station_id,time,true_temp,pred_temp
5935,2008-04-06 08:00:00+00:00,10.300000190734863,10.965340614318848
5935,2008-01-26 15:00:00+00:00,8.300000190734863,4.80536413192749
5935,2008-05-20 08:00:00+00:00,8.300000190734863,17.42366600036621
5935,2008-04-04 11:00:00+00:00,10.5,13.318441390991211
5935,2008-04-06 04:00:00+00:00,0.39999961853027344,8.439303398132324
5935,2008-04-29 21:00:00+00:00,11.199999809265137,11.805450439453125
5935,2008-01-12 17:00:00+00:00,4.0,4.000794887542725
5935,2008-01-10 18:00:00+00:00,-0.6000003814697266,3.1363301277160645
5935,2008-01-12 06:00:00+00:00,1.5,2.8294734954833984
5935,2008-04-06 07:00:00+00:00,7.0,10.06017780303955
5935,2008-01-30 10:00:00+00:00,5.400000095367432,3.886160373687744
5935,2008-03-15 14:00:00+00:00,13.5,10.420767784118652
5935,2008-01-21 18:00:00+00:00,9.199999809265137,4.379290580749512
5935,2008-03-04 02:00:00+00:00,5.800000190734863,4.872072219848633
5935,2008-01-18 13:00:00+00:00,10.600000381469727,4.062819957733154
5935,2008-03-30 16:00:00+00:00,16.200000762939453,11.636504173278809
5935,2008-05-18 21:00:00+00:00,14.5,16.01102638244629
5935,2008-03-14 01:00:00+00:00,6.300000190734863,5.691819190979004
5935,2008-05-22 01:00:00+00:00,11.100000381469727,14.022982597351074
5935,2008-05-09 15:00:00+00:00,21.600000381469727,19.685821533203125
5935,2008-02-05 23:00:00+00:00,4.0,3.5483474731445312
5935,2008-06-19 07:00:00+00:00,20.200000762939453,19.761444091796875
5935,2008-01-05 20:00:00+00:00,-3.6000003814697266,3.2175116539001465
5935,2008-03-30 10:00:00+00:00,14.100000381469727,10.441598892211914
5935,2008-03-11 09:00:00+00:00,9.399999618530273,7.403200626373291
5935,2008-06-10 10:00:00+00:00,24.700000762939453,22.127742767333984
5935,2008-02-12 09:00:00+00:00,-2.1999998092651367,4.645573616027832
5935,2008-05-15 06:00:00+00:00,15.699999809265137,14.820109367370605
5935,2008-05-27 01:00:00+00:00,15.300000190734863,13.606687545776367
5935,2008-03-03 17:00:00+00:00,14.600000381469727,8.338859558105469
5935,2008-06-12 14:00:00+00:00,21.299999237060547,23.310853958129883
5935,2008-06-09 12:00:00+00:00,25.0,23.412227630615234
5935,2008-06-16 19:00:00+00:00,20.600000381469727,20.967147827148438
5935,2008-01-31 08:00:00+00:00,3.9000000953674316,3.1959800720214844
5935,2008-02-03 08:00:00+00:00,0.6000003814697266,4.511713027954102
5935,2008-03-10 17:00:00+00:00,13.399999618530273,8.764034271240234
5935,2008-02-27 10:00:00+00:00,15.199999809265137,5.430140972137451
5935,2008-02-16 09:00:00+00:00,-1.1000003814697266,5.141168117523193
5935,2008-04-20 22:00:00+00:00,9.300000190734863,10.702499389648438
5935,2008-02-26 18:00:00+00:00,13.199999809265137,5.6708903312683105
5935,2008-05-11 11:00:00+00:00,19.600000381469727,19.72370147705078
5935,2008-05-27 14:00:00+00:00,27.099998474121094,21.074872970581055
5935,2008-03-22 07:00:00+00:00,5.300000190734863,7.651932716369629
5935,2008-05-12 08:00:00+00:00,18.700000762939453,16.89446449279785
5935,2008-04-05 06:00:00+00:00,6.5,9.465014457702637
5935,2008-01-05 09:00:00+00:00,-6.100000381469727,3.3664779663085938
5935,2008-01-04 12:00:00+00:00,-2.8000001907348633,3.63234281539917
5935,2008-06-06 19:00:00+00:00,18.399999618530273,20.39377212524414
5935,2008-05-01 11:00:00+00:00,15.100000381469727,18.16962432861328
5935,2008-05-22 08:00:00+00:00,14.600000381469727,17.35531997680664
5935,2008-01-07 05:00:00+00:00,-3.5,2.9062681198120117
5935,2008-01-06 14:00:00+00:00,1.1000003814697266,4.715312957763672
5935,2008-06-04 18:00:00+00:00,17.899999618530273,20.86111068725586
5935,2008-02-06 10:00:00+00:00,5.800000190734863,4.263050079345703
5935,2008-06-22 00:00:00+00:00,20.0,17.43054962158203
5935,2008-01-03 19:00:00+00:00,-2.8999996185302734,2.870349884033203
5935,2008-06-24 16:00:00+00:00,20.600000381469727,23.179365158081055
5935,2008-02-20 08:00:00+00:00,2.0,4.275546073913574
5935,2008-01-04 07:00:00+00:00,-3.1999998092651367,2.4728164672851562
5935,2008-02-19 07:00:00+00:00,5.900000095367432,4.316081523895264
5935,2008-03-22 05:00:00+00:00,4.300000190734863,6.699093341827393
5935,2008-02-06 19:00:00+00:00,9.0,4.1207756996154785
5935,2008-04-13 20:00:00+00:00,10.0,11.969735145568848
5935,2008-05-03 00:00:00+00:00,11.5,12.925007820129395
5935,2008-04-12 18:00:00+00:00,10.800000190734863,13.983765602111816
5935,2008-03-29 07:00:00+00:00,9.600000381469727,8.117856979370117
5935,2008-02-06 15:00:00+00:00,9.100000381469727,5.113776206970215
5935,2008-03-07 08:00:00+00:00,2.8000001907348633,6.620741367340088
5935,2008-04-09 09:00:00+00:00,11.0,11.433483123779297
5935,2008-03-04 22:00:00+00:00,3.0999999046325684,5.615563869476318
5935,2008-06-10 16:00:00+00:00,26.700000762939453,22.57567596435547
5935,2008-03-20 14:00:00+00:00,3.1999998092651367,9.530843734741211
5935,2008-01-07 03:00:00+00:00,-2.5,2.6721267700195312
5935,2008-06-13 02:00:00+00:00,13.0,16.6707706451416
5935,2008-06-09 11:00:00+00:00,23.899999618530273,23.00225257873535
5935,2008-03-01 19:00:00+00:00,9.399999618530273,7.329785346984863
5935,2008-01-16 08:00:00+00:00,6.5,2.977426528930664
5935,2008-05-16 21:00:00+00:00,18.799999237060547,15.913305282592773
5935,2008-06-02 22:00:00+00:00,19.899999618530273,17.581138610839844
5935,2008-05-03 07:00:00+00:00,12.399999618530273,14.52226734161377
5935,2008-06-22 02:00:00+00:00,18.5,16.892837524414062
5935,2008-06-25 00:00:00+00:00,18.299999237060547,17.468097686767578
5935,2008-03-11 00:00:00+00:00,8.300000190734863,5.457662582397461
5935,2008-03-06 11:00:00+00:00,4.5,7.732219696044922
5935,2008-04-04 07:00:00+00:00,7.099999904632568,9.878931045532227
5935,2008-04-19 10:00:00+00:00,16.5,14.404531478881836
5935,2008-03-03 05:00:00+00:00,11.699999809265137,5.4508867263793945
5935,2008-03-01 16:00:00+00:00,7.599999904632568,8.646897315979004
5935,2008-04-01 12:00:00+00:00,17.0,13.01796817779541
5935,2008-02-25 21:00:00+00:00,7.099999904632568,5.079663276672363
5935,2008-03-06 01:00:00+00:00,-0.8000001907348633,4.885196208953857
5935,2008-02-22 13:00:00+00:00,14.100000381469727,6.524322032928467
5935,2008-03-02 21:00:00+00:00,8.600000381469727,6.7795305252075195
5935,2008-01-22 09:00:00+00:00,10.199999809265137,3.8469972610473633
5935,2008-03-03 11:00:00+00:00,14.100000381469727,8.640119552612305
5935,2008-02-17 16:00:00+00:00,0.3000001907348633,6.652146816253662
5935,2008-02-20 10:00:00+00:00,5.199999809265137,5.009016036987305
5935,2008-06-09 14:00:00+00:00,24.600000381469727,23.556488037109375
5935,2008-03-31 14:00:00+00:00,17.799999237060547,11.398107528686523
5935,2008-05-21 15:00:00+00:00,13.399999618530273,20.09408187866211
5935,2008-03-22 15:00:00+00:00,8.800000190734863,11.132569313049316
5935,2008-01-23 06:00:00+00:00,2.6999998092651367,2.706465244293213
5935,2008-01-20 16:00:00+00:00,12.600000381469727,4.826045513153076
5935,2008-03-14 21:00:00+00:00,9.399999618530273,6.796724319458008
5935,2008-06-28 06:00:00+00:00,19.299999237060547,19.400360107421875
5935,2008-05-30 04:00:00+00:00,16.100000381469727,14.679107666015625
5935,2008-05-23 13:00:00+00:00,19.0,20.974817276000977
5935,2008-02-25 10:00:00+00:00,17.299999237060547,6.2788405418396
5935,2008-06-16 04:00:00+00:00,11.300000190734863,17.41897201538086
5935,2008-02-11 17:00:00+00:00,2.6999998092651367,5.798287868499756
5935,2008-03-07 15:00:00+00:00,7.699999809265137,8.730050086975098
5935,2008-02-02 13:00:00+00:00,5.699999809265137,5.668948173522949
5935,2008-04-02 00:00:00+00:00,11.699999809265137,7.8261542320251465
5935,2008-02-06 11:00:00+00:00,6.699999809265137,4.6394734382629395
5935,2008-01-27 16:00:00+00:00,6.599999904632568,5.100555896759033
5935,2008-03-20 15:00:00+00:00,1.3000001907348633,9.452360153198242
5935,2008-02-06 17:00:00+00:00,9.100000381469727,4.606624126434326
5935,2008-01-15 05:00:00+00:00,3.4000000953674316,2.699822425842285
5935,2008-04-23 08:00:00+00:00,10.699999809265137,11.988592147827148
5935,2008-05-04 07:00:00+00:00,13.300000190734863,14.577920913696289
5935,2008-02-15 14:00:00+00:00,2.0,6.013240814208984
5935,2008-04-02 02:00:00+00:00,11.600000381469727,7.375644207000732
5935,2008-01-02 16:00:00+00:00,-0.8000001907348633,3.6135478019714355
5935,2008-01-10 03:00:00+00:00,0.10000038146972656,1.8445539474487305
5935,2008-02-17 10:00:00+00:00,-2.1000003814697266,5.982513904571533
5935,2008-05-02 02:00:00+00:00,11.300000190734863,12.430477142333984
5935,2008-02-13 13:00:00+00:00,-0.8999996185302734,5.4494733810424805
5935,2008-03-10 11:00:00+00:00,10.5,9.151223182678223
5935,2008-01-12 07:00:00+00:00,1.1999998092651367,3.040058135986328
5935,2008-02-25 18:00:00+00:00,11.800000190734863,6.184715747833252
5935,2008-04-12 05:00:00+00:00,9.699999809265137,9.359536170959473
5935,2008-06-23 21:00:00+00:00,27.0,19.637290954589844
5935,2008-05-30 18:00:00+00:00,26.5,19.463836669921875
5935,2008-05-20 01:00:00+00:00,10.199999809265137,13.095016479492188
5935,2008-06-10 17:00:00+00:00,26.799999237060547,21.96661376953125
5935,2008-05-12 21:00:00+00:00,14.199999809265137,15.03303050994873
5935,2008-03-20 02:00:00+00:00,1.6000003814697266,5.571810722351074
5935,2008-03-07 22:00:00+00:00,6.300000190734863,6.005611419677734
5935,2008-02-16 10:00:00+00:00,-0.8000001907348633,5.612548351287842
5935,2008-01-26 12:00:00+00:00,7.099999904632568,4.781124591827393
5935,2008-04-17 04:00:00+00:00,2.6999998092651367,8.952460289001465
5935,2008-05-11 06:00:00+00:00,14.600000381469727,14.176725387573242
5935,2008-01-19 15:00:00+00:00,12.300000190734863,4.5082502365112305
5935,2008-03-06 14:00:00+00:00,6.699999809265137,8.304549217224121
5935,2008-05-11 09:00:00+00:00,18.600000381469727,18.072265625
5935,2008-01-09 11:00:00+00:00,0.6999998092651367,3.6135458946228027
5935,2008-04-23 17:00:00+00:00,12.899999618530273,14.034111022949219
5935,2008-06-08 11:00:00+00:00,20.200000762939453,23.06298065185547
5935,2008-01-23 15:00:00+00:00,4.400000095367432,4.174981117248535
5935,2008-04-16 08:00:00+00:00,7.599999904632568,11.069489479064941
5935,2008-06-13 14:00:00+00:00,14.800000190734863,23.59591293334961
5935,2008-04-03 20:00:00+00:00,7.599999904632568,10.265563011169434
5935,2008-02-23 10:00:00+00:00,13.800000190734863,6.150590419769287
5935,2008-05-31 08:00:00+00:00,24.399999618530273,18.353219985961914
5935,2008-02-25 11:00:00+00:00,17.399999618530273,6.753752708435059
5935,2008-04-08 15:00:00+00:00,11.0,13.607410430908203
5935,2008-01-23 07:00:00+00:00,2.5,2.912032127380371
5935,2008-03-28 02:00:00+00:00,5.599999904632568,6.367282390594482
5935,2008-03-23 07:00:00+00:00,2.0,7.646177291870117
5935,2008-03-12 12:00:00+00:00,11.800000190734863,8.452896118164062
5935,2008-01-09 08:00:00+00:00,0.3000001907348633,2.8574767112731934
5935,2008-01-04 17:00:00+00:00,-3.6000003814697266,3.4976558685302734
5935,2008-06-06 03:00:00+00:00,16.200000762939453,16.407489776611328
5935,2008-03-19 09:00:00+00:00,5.099999904632568,7.689630508422852
5935,2008-03-28 15:00:00+00:00,12.199999809265137,10.926750183105469
5935,2008-02-29 16:00:00+00:00,8.0,6.661252975463867
5935,2008-01-25 14:00:00+00:00,7.900000095367432,4.368257999420166
5935,2008-02-22 18:00:00+00:00,13.5,5.504856586456299
5935,2008-02-04 20:00:00+00:00,5.099999904632568,4.592645645141602
5935,2008-06-19 19:00:00+00:00,23.600000381469727,20.930889129638672
5935,2008-06-18 08:00:00+00:00,19.399999618530273,20.652551651000977
5935,2008-06-15 14:00:00+00:00,18.399999618530273,23.94715690612793
5935,2008-04-24 08:00:00+00:00,12.899999618530273,12.301887512207031
5935,2008-02-13 00:00:00+00:00,-2.8999996185302734,3.3676066398620605
5935,2008-04-25 22:00:00+00:00,8.899999618530273,11.718541145324707
5935,2008-02-08 04:00:00+00:00,3.9000000953674316,3.1722240447998047
5935,2008-05-19 16:00:00+00:00,13.199999809265137,20.06346321105957
5935,2008-06-21 23:00:00+00:00,20.600000381469727,18.015398025512695
5935,2008-05-05 16:00:00+00:00,13.0,19.011123657226562
5935,2008-05-19 09:00:00+00:00,13.5,18.695331573486328
5935,2008-06-24 01:00:00+00:00,22.200000762939453,16.968402862548828
5935,2008-05-12 22:00:00+00:00,13.0,14.138873100280762
5935,2008-04-01 17:00:00+00:00,16.200000762939453,12.05447769165039
5935,2008-06-23 23:00:00+00:00,23.799999237060547,18.0615234375
5935,2008-02-07 08:00:00+00:00,5.5,3.6255602836608887
5935,2008-04-20 10:00:00+00:00,16.799999237060547,14.55150032043457
5935,2008-01-31 01:00:00+00:00,4.400000095367432,2.421992301940918
5935,2008-06-25 09:00:00+00:00,23.5,21.75228500366211
5935,2008-03-01 09:00:00+00:00,13.100000381469727,7.313952445983887
5935,2008-05-21 00:00:00+00:00,9.800000190734863,13.7908935546875
5935,2008-05-20 13:00:00+00:00,9.399999618530273,20.678556442260742
5935,2008-05-18 08:00:00+00:00,21.299999237060547,17.463579177856445
5935,2008-06-12 01:00:00+00:00,16.5,16.703662872314453
5935,2008-04-05 17:00:00+00:00,11.100000381469727,13.97614574432373
5935,2008-05-11 18:00:00+00:00,19.100000381469727,18.126399993896484
5935,2008-02-27 16:00:00+00:00,11.600000381469727,6.021361827850342
5935,2008-04-07 07:00:00+00:00,6.099999904632568,10.000383377075195
5935,2008-05-27 23:00:00+00:00,19.600000381469727,14.415304183959961
5935,2008-06-24 00:00:00+00:00,23.0,17.278234481811523
5935,2008-04-01 07:00:00+00:00,11.899999618530273,9.440641403198242
5935,2008-05-28 20:00:00+00:00,20.600000381469727,16.96009063720703
5935,2008-03-04 21:00:00+00:00,3.0999999046325684,5.974968910217285
5935,2008-06-20 23:00:00+00:00,19.200000762939453,17.87646484375
5935,2008-03-25 15:00:00+00:00,2.0,9.847982406616211
5935,2008-04-19 18:00:00+00:00,14.0,14.619455337524414
5935,2008-06-23 11:00:00+00:00,30.600000381469727,23.592185974121094
5935,2008-06-13 17:00:00+00:00,14.600000381469727,22.313674926757812
5935,2008-04-15 13:00:00+00:00,12.0,14.554055213928223
5935,2008-03-30 14:00:00+00:00,17.5,12.445868492126465
5935,2008-05-17 01:00:00+00:00,14.199999809265137,13.486579895019531
5935,2008-04-13 14:00:00+00:00,16.299999237060547,15.966156959533691
5935,2008-06-11 21:00:00+00:00,17.399999618530273,18.739585876464844
5935,2008-03-23 22:00:00+00:00,3.9000000953674316,7.554431915283203
5935,2008-03-17 17:00:00+00:00,7.199999809265137,9.23597240447998
5935,2008-02-09 04:00:00+00:00,-0.10000038146972656,3.6619186401367188
5935,2008-04-06 13:00:00+00:00,13.800000190734863,15.205848693847656
5935,2008-04-02 05:00:00+00:00,9.899999618530273,8.153286933898926
5935,2008-05-02 03:00:00+00:00,10.600000381469727,12.381016731262207
5935,2008-03-15 11:00:00+00:00,11.699999809265137,9.756062507629395
5935,2008-05-22 09:00:00+00:00,14.600000381469727,18.460155487060547
5935,2008-06-24 03:00:00+00:00,21.100000381469727,17.209457397460938
5935,2008-03-05 13:00:00+00:00,4.400000095367432,8.119897842407227
5935,2008-04-09 18:00:00+00:00,17.399999618530273,11.983768463134766
5935,2008-05-01 18:00:00+00:00,14.399999618530273,16.637935638427734
5935,2008-02-09 05:00:00+00:00,-0.19999980926513672,3.7790942192077637
5935,2008-01-11 13:00:00+00:00,0.39999961853027344,3.881974220275879
5935,2008-05-29 19:00:00+00:00,21.399999618530273,18.180614471435547
5935,2008-02-14 13:00:00+00:00,2.3999996185302734,5.487933158874512
5935,2008-06-26 11:00:00+00:00,26.5,23.279382705688477
5935,2008-01-29 00:00:00+00:00,5.5,2.9929065704345703
5935,2008-06-27 15:00:00+00:00,26.100000381469727,23.8942813873291
5935,2008-05-28 19:00:00+00:00,22.0,17.96221160888672
5935,2008-05-08 08:00:00+00:00,16.5,15.99575424194336
5935,2008-03-31 03:00:00+00:00,8.5,6.404998302459717
5935,2008-04-01 00:00:00+00:00,5.699999809265137,7.801789283752441
5935,2008-02-03 00:00:00+00:00,0.3000001907348633,3.809267520904541
5935,2008-03-31 23:00:00+00:00,7.300000190734863,7.098445415496826
5935,2008-01-29 14:00:00+00:00,8.199999809265137,4.783796787261963
5935,2008-02-23 20:00:00+00:00,9.0,5.4145660400390625
5935,2008-01-28 23:00:00+00:00,5.599999904632568,3.4436864852905273
5935,2008-01-08 19:00:00+00:00,-0.19999980926513672,3.527426242828369
5935,2008-06-04 22:00:00+00:00,17.299999237060547,17.46732521057129
5935,2008-03-26 21:00:00+00:00,3.4000000953674316,7.031207084655762
5935,2008-03-16 09:00:00+00:00,10.399999618530273,8.488472938537598
5935,2008-02-17 12:00:00+00:00,-0.19999980926513672,6.635761260986328
5935,2008-01-26 04:00:00+00:00,3.6999998092651367,2.852572441101074
5935,2008-04-28 04:00:00+00:00,4.300000190734863,9.26811408996582
5935,2008-01-03 23:00:00+00:00,-3.6000003814697266,2.0211076736450195
5935,2008-06-01 03:00:00+00:00,19.899999618530273,15.907214164733887
5935,2008-05-11 10:00:00+00:00,19.100000381469727,19.055192947387695
5935,2008-02-15 20:00:00+00:00,-1.0,4.508909702301025
5935,2008-02-19 09:00:00+00:00,6.400000095367432,4.9631547927856445
5935,2008-02-08 11:00:00+00:00,6.199999809265137,4.948440074920654
5935,2008-05-09 22:00:00+00:00,12.199999809265137,14.794968605041504
5935,2008-04-01 08:00:00+00:00,12.899999618530273,10.233175277709961
5935,2008-02-12 12:00:00+00:00,0.3000001907348633,5.646716594696045
5935,2008-05-29 18:00:00+00:00,22.799999237060547,18.97028350830078
5935,2008-05-12 16:00:00+00:00,23.200000762939453,19.54906463623047
5935,2008-02-28 05:00:00+00:00,6.800000190734863,3.888322353363037
5935,2008-03-25 12:00:00+00:00,1.1999998092651367,9.699782371520996
5935,2008-02-19 00:00:00+00:00,6.400000095367432,3.8090744018554688
5935,2008-04-16 16:00:00+00:00,10.0,13.806781768798828
5935,2008-04-25 17:00:00+00:00,10.300000190734863,15.583133697509766
5935,2008-02-12 19:00:00+00:00,-0.3000001907348633,4.702558517456055
5935,2008-06-14 11:00:00+00:00,18.200000762939453,23.306949615478516
5935,2008-04-21 19:00:00+00:00,12.399999618530273,13.03007698059082
5935,2008-02-11 05:00:00+00:00,-2.0,3.914280891418457
5935,2008-02-21 23:00:00+00:00,8.100000381469727,3.779254913330078
5935,2008-05-05 03:00:00+00:00,8.199999809265137,11.782492637634277
5935,2008-05-23 20:00:00+00:00,13.199999809265137,17.213871002197266
5935,2008-04-01 16:00:00+00:00,16.899999618530273,12.550623893737793
5935,2008-03-16 21:00:00+00:00,10.199999809265137,7.5590362548828125
5935,2008-04-06 12:00:00+00:00,14.399999618530273,14.729305267333984
5935,2008-01-17 11:00:00+00:00,4.999999523162842,3.633068561553955
5935,2008-01-05 23:00:00+00:00,-3.3000001907348633,2.589137077331543
5935,2008-03-19 16:00:00+00:00,5.699999809265137,8.938236236572266
5935,2008-04-25 15:00:00+00:00,11.0,16.42531394958496
5935,2008-04-13 05:00:00+00:00,7.900000095367432,9.243208885192871
5935,2008-06-26 07:00:00+00:00,23.700000762939453,20.00687026977539
5935,2008-03-11 19:00:00+00:00,8.399999618530273,7.165534973144531
5935,2008-05-07 16:00:00+00:00,18.799999237060547,18.453838348388672
5935,2008-01-23 08:00:00+00:00,2.6000003814697266,3.1374454498291016
5935,2008-04-17 07:00:00+00:00,5.800000190734863,10.552112579345703
5935,2008-06-12 23:00:00+00:00,13.800000190734863,17.413908004760742
5935,2008-03-07 12:00:00+00:00,7.699999809265137,8.633760452270508
5935,2008-02-24 03:00:00+00:00,7.099999904632568,4.302434921264648
5935,2008-01-28 12:00:00+00:00,7.300000190734863,5.249360084533691
5935,2008-04-19 03:00:00+00:00,11.800000190734863,9.127103805541992
5935,2008-05-16 12:00:00+00:00,23.799999237060547,20.252344131469727
5935,2008-06-22 05:00:00+00:00,19.799999237060547,18.387454986572266
5935,2008-02-28 23:00:00+00:00,2.8000001907348633,4.127211570739746
5935,2008-01-07 12:00:00+00:00,2.8999996185302734,4.69933557510376
5935,2008-01-13 12:00:00+00:00,6.099999904632568,4.717569828033447
5935,2008-04-02 07:00:00+00:00,10.300000190734863,9.275052070617676
5935,2008-02-08 00:00:00+00:00,4.800000190734863,3.289134979248047
5935,2008-01-02 06:00:00+00:00,-1.5,2.3451099395751953
5935,2008-04-12 23:00:00+00:00,9.199999809265137,9.772761344909668
5935,2008-01-24 12:00:00+00:00,7.5,4.056573390960693
5935,2008-06-11 07:00:00+00:00,23.0,19.496591567993164
5935,2008-05-16 10:00:00+00:00,20.700000762939453,18.982467651367188
5935,2008-01-22 08:00:00+00:00,10.5,3.5524911880493164
5935,2008-04-11 22:00:00+00:00,16.299999237060547,10.218338012695312
5935,2008-01-08 23:00:00+00:00,-0.8000001907348633,2.6688265800476074
5935,2008-04-13 16:00:00+00:00,15.800000190734863,15.258283615112305
5935,2008-02-14 11:00:00+00:00,1.5,5.054000377655029
5935,2008-06-18 02:00:00+00:00,15.5,16.859094619750977
5935,2008-02-08 16:00:00+00:00,5.900000095367432,5.229969501495361
5935,2008-03-10 01:00:00+00:00,2.5,5.61780309677124
5935,2008-06-04 17:00:00+00:00,18.299999237060547,21.535350799560547
5935,2008-03-25 00:00:00+00:00,0.3000001907348633,6.190788745880127
5935,2008-03-26 19:00:00+00:00,3.6999998092651367,8.10069751739502
5935,2008-03-15 12:00:00+00:00,12.100000381469727,10.113065719604492
5935,2008-03-25 06:00:00+00:00,1.1999998092651367,6.4791951179504395
5935,2008-02-04 14:00:00+00:00,9.100000381469727,6.04011344909668
5935,2008-01-12 10:00:00+00:00,3.0,3.7161178588867188
5935,2008-06-23 09:00:00+00:00,26.100000381469727,22.24110221862793
5935,2008-05-10 01:00:00+00:00,9.100000381469727,12.942312240600586
5935,2008-06-13 16:00:00+00:00,14.5,22.910083770751953
5935,2008-01-29 10:00:00+00:00,6.199999809265137,4.273658752441406
5935,2008-06-14 04:00:00+00:00,10.800000190734863,17.162799835205078
5935,2008-02-19 12:00:00+00:00,8.600000381469727,6.057051181793213
5935,2008-03-25 22:00:00+00:00,0.39999961853027344,6.750072479248047
5935,2008-04-27 03:00:00+00:00,7.800000190734863,9.2333345413208
5935,2008-05-16 02:00:00+00:00,14.5,13.622163772583008
5935,2008-05-03 18:00:00+00:00,12.300000190734863,17.703760147094727
5935,2008-04-22 02:00:00+00:00,11.0,8.6591157913208
5935,2008-01-20 18:00:00+00:00,12.5,4.3824381828308105
5935,2008-01-22 01:00:00+00:00,9.600000381469727,2.667201042175293
5935,2008-04-06 22:00:00+00:00,6.099999904632568,9.677587509155273
5935,2008-02-04 08:00:00+00:00,4.900000095367432,4.440573692321777
5935,2008-01-24 20:00:00+00:00,0.6000003814697266,3.095684051513672
5935,2008-02-26 10:00:00+00:00,11.800000190734863,5.792923450469971
5935,2008-01-10 07:00:00+00:00,0.10000038146972656,2.455746650695801
5935,2008-05-07 07:00:00+00:00,13.0,14.96761703491211
5935,2008-06-22 16:00:00+00:00,32.20000076293945,23.475048065185547
5935,2008-05-19 21:00:00+00:00,11.100000381469727,15.6495361328125
5935,2008-03-05 19:00:00+00:00,0.8999996185302734,6.559577941894531
5935,2008-05-06 04:00:00+00:00,9.899999618530273,12.376663208007812
5935,2008-04-28 00:00:00+00:00,6.599999904632568,9.59659481048584
5935,2008-01-12 21:00:00+00:00,4.099999904632568,3.100412368774414
5935,2008-02-11 21:00:00+00:00,-2.1000003814697266,4.578139305114746
5935,2008-06-21 07:00:00+00:00,21.899999618530273,20.184818267822266
5935,2008-04-16 05:00:00+00:00,6.400000095367432,8.984517097473145
5935,2008-03-13 16:00:00+00:00,8.199999809265137,8.563594818115234
5935,2008-02-15 18:00:00+00:00,-0.19999980926513672,5.10767936706543
5935,2008-05-30 07:00:00+00:00,21.0,16.87761116027832
5935,2008-01-29 17:00:00+00:00,6.800000190734863,4.393585205078125
5935,2008-01-06 10:00:00+00:00,-0.3000001907348633,4.063960075378418
5935,2008-03-05 21:00:00+00:00,0.10000038146972656,5.732369422912598
5935,2008-04-07 12:00:00+00:00,9.0,14.210932731628418
5935,2008-05-26 23:00:00+00:00,17.200000762939453,14.46656608581543
5935,2008-06-20 05:00:00+00:00,21.100000381469727,18.028024673461914
5935,2008-05-16 23:00:00+00:00,17.600000381469727,14.581622123718262
5935,2008-05-11 15:00:00+00:00,20.899999618530273,20.156566619873047
5935,2008-06-18 06:00:00+00:00,17.299999237060547,18.96015739440918
5935,2008-05-15 17:00:00+00:00,24.600000381469727,18.658565521240234
5935,2008-03-18 20:00:00+00:00,3.9000000953674316,7.148584365844727
5935,2008-02-27 15:00:00+00:00,12.699999809265137,6.171401500701904
5935,2008-06-27 03:00:00+00:00,19.100000381469727,17.382448196411133
5935,2008-02-12 21:00:00+00:00,-2.0,4.165392875671387
5935,2008-04-30 19:00:00+00:00,16.100000381469727,13.522547721862793
5935,2008-02-29 21:00:00+00:00,11.600000381469727,4.991110801696777
5935,2008-03-18 03:00:00+00:00,4.599999904632568,5.52589225769043
5935,2008-06-28 11:00:00+00:00,25.399999618530273,23.830364227294922
5935,2008-03-07 18:00:00+00:00,6.400000095367432,7.577359676361084
5935,2008-06-19 15:00:00+00:00,28.100000381469727,23.412193298339844
5935,2008-01-20 15:00:00+00:00,12.600000381469727,5.013194561004639
5935,2008-03-27 02:00:00+00:00,2.8000001907348633,5.969443321228027
5935,2008-03-30 20:00:00+00:00,11.300000190734863,8.961991310119629
5935,2008-02-16 23:00:00+00:00,-6.0,4.258779048919678
5935,2008-05-17 03:00:00+00:00,12.899999618530273,13.126676559448242
5935,2008-02-07 06:00:00+00:00,5.5,3.1976094245910645
5935,2008-01-17 15:00:00+00:00,4.999999523162842,3.8395204544067383
5935,2008-04-16 00:00:00+00:00,7.900000095367432,8.754655838012695
5935,2008-02-10 13:00:00+00:00,5.099999904632568,6.434441089630127
5935,2008-06-23 02:00:00+00:00,21.100000381469727,16.977455139160156
5935,2008-02-11 15:00:00+00:00,5.199999809265137,6.256125450134277
5935,2008-05-16 09:00:00+00:00,20.700000762939453,18.001949310302734
5935,2008-02-27 14:00:00+00:00,12.699999809265137,6.255885124206543
5935,2008-05-06 19:00:00+00:00,13.699999809265137,16.097490310668945
5935,2008-01-12 20:00:00+00:00,2.6000003814697266,3.340973377227783
5935,2008-05-28 00:00:00+00:00,19.100000381469727,14.261758804321289
5935,2008-02-11 14:00:00+00:00,6.300000190734863,6.357382774353027
5935,2008-03-14 18:00:00+00:00,9.5,8.15913200378418
5935,2008-01-29 04:00:00+00:00,3.5,2.884735584259033
5935,2008-05-09 19:00:00+00:00,16.299999237060547,17.042272567749023
5935,2008-01-01 09:00:00+00:00,1.3999996185302734,3.4603962898254395
5935,2008-06-21 05:00:00+00:00,20.100000381469727,18.2117919921875
5935,2008-03-26 06:00:00+00:00,1.8999996185302734,6.495235919952393
5935,2008-06-04 04:00:00+00:00,17.600000381469727,16.733322143554688
5935,2008-05-15 18:00:00+00:00,23.0,17.893789291381836
5935,2008-03-01 05:00:00+00:00,13.100000381469727,5.673619270324707
5935,2008-01-23 21:00:00+00:00,-0.5,3.0018410682678223
5935,2008-01-31 22:00:00+00:00,3.1999998092651367,2.9274911880493164
5935,2008-03-31 19:00:00+00:00,12.199999809265137,9.150985717773438
5935,2008-01-17 03:00:00+00:00,2.3999996185302734,1.9863109588623047
5935,2008-02-07 10:00:00+00:00,6.5,4.274333477020264
5935,2008-01-10 05:00:00+00:00,0.10000038146972656,2.0714826583862305
5935,2008-04-23 16:00:00+00:00,13.699999809265137,14.484373092651367
5935,2008-04-18 05:00:00+00:00,5.300000190734863,9.80333137512207
5935,2008-03-02 19:00:00+00:00,9.300000190734863,7.727559566497803
5935,2008-04-10 09:00:00+00:00,18.0,11.657759666442871
5935,2008-05-31 19:00:00+00:00,25.5,18.746936798095703
5935,2008-02-21 18:00:00+00:00,8.5,5.042750358581543
5935,2008-02-29 15:00:00+00:00,8.199999809265137,6.964583396911621
5935,2008-01-28 01:00:00+00:00,4.599999904632568,3.1270933151245117
5935,2008-03-26 23:00:00+00:00,3.0,6.341611862182617
5935,2008-01-15 10:00:00+00:00,3.8000001907348633,3.9063191413879395
5935,2008-06-12 10:00:00+00:00,19.600000381469727,22.089740753173828
5935,2008-03-07 00:00:00+00:00,-0.6999998092651367,5.432579517364502
5935,2008-06-27 23:00:00+00:00,19.600000381469727,18.149139404296875
5935,2008-01-29 01:00:00+00:00,5.099999904632568,2.859964370727539
5935,2008-04-06 02:00:00+00:00,1.5,8.239494323730469
5935,2008-05-21 06:00:00+00:00,9.800000190734863,15.300545692443848
5935,2008-01-15 00:00:00+00:00,3.8000001907348633,2.625356674194336
5935,2008-06-17 22:00:00+00:00,16.200000762939453,18.27809715270996
5935,2008-04-08 21:00:00+00:00,6.900000095367432,9.802355766296387
5935,2008-06-02 12:00:00+00:00,25.899999618530273,23.032943725585938
5935,2008-05-09 11:00:00+00:00,20.600000381469727,19.1319522857666
5935,2008-05-31 06:00:00+00:00,21.100000381469727,15.905021667480469
5935,2008-01-31 16:00:00+00:00,4.199999809265137,4.126564025878906
5935,2008-06-01 21:00:00+00:00,18.899999618530273,18.44070053100586
5935,2008-06-25 23:00:00+00:00,19.0,17.94068717956543
5935,2008-05-22 13:00:00+00:00,16.0,20.63389015197754
5935,2008-02-20 01:00:00+00:00,-0.6999998092651367,3.53411865234375
5935,2008-01-24 23:00:00+00:00,-1.1000003814697266,2.473271369934082
5935,2008-05-07 05:00:00+00:00,9.800000190734863,13.323014259338379
5935,2008-06-05 04:00:00+00:00,16.5,16.696372985839844
5935,2008-01-20 05:00:00+00:00,12.199999809265137,3.1442461013793945
5935,2008-04-14 03:00:00+00:00,3.5999999046325684,8.241561889648438
5935,2008-05-02 14:00:00+00:00,20.5,19.37859344482422
5935,2008-02-13 23:00:00+00:00,-2.6000003814697266,3.529763698577881
5935,2008-02-18 01:00:00+00:00,1.8000011444091797,3.9788527488708496
5935,2008-05-09 07:00:00+00:00,16.299999237060547,15.086071968078613
5935,2008-04-18 23:00:00+00:00,12.399999618530273,10.279644966125488
5935,2008-01-12 11:00:00+00:00,5.199999809265137,4.011849880218506
5935,2008-01-18 19:00:00+00:00,7.900000095367432,3.3690080642700195
5935,2008-01-02 17:00:00+00:00,-0.8999996185302734,3.4393110275268555
5935,2008-01-03 10:00:00+00:00,-1.1999998092651367,3.0322089195251465
5935,2008-06-24 12:00:00+00:00,29.299999237060547,23.754318237304688
5935,2008-02-29 05:00:00+00:00,2.8000001907348633,4.280106544494629
5935,2008-05-15 00:00:00+00:00,12.899999618530273,13.920047760009766
5935,2008-06-22 17:00:00+00:00,31.799999237060547,22.81218147277832
5935,2008-02-08 01:00:00+00:00,4.699999809265137,3.1488614082336426
5935,2008-06-27 20:00:00+00:00,22.299999237060547,20.484577178955078
5935,2008-02-16 13:00:00+00:00,-0.8999996185302734,6.6099724769592285
5935,2008-03-03 01:00:00+00:00,12.0,5.311950206756592
5935,2008-04-09 03:00:00+00:00,3.3000001907348633,7.878580093383789
5935,2008-06-19 02:00:00+00:00,15.600000381469727,16.974021911621094
5935,2008-01-27 23:00:00+00:00,5.199999809265137,3.3969311714172363
5935,2008-01-07 18:00:00+00:00,4.699999809265137,4.170881271362305
5935,2008-01-08 15:00:00+00:00,6.900000095367432,4.204376220703125
5935,2008-01-24 03:00:00+00:00,0.5,2.1616601943969727
5935,2008-02-19 22:00:00+00:00,1.6000003814697266,4.199101448059082
5935,2008-04-10 13:00:00+00:00,20.700000762939453,14.073585510253906
5935,2008-04-21 18:00:00+00:00,19.200000762939453,13.856764793395996
5935,2008-02-23 23:00:00+00:00,8.800000190734863,4.5925774574279785
5935,2008-03-09 21:00:00+00:00,8.199999809265137,7.139130115509033
5935,2008-02-13 09:00:00+00:00,-2.1999998092651367,4.240569591522217
5935,2008-02-21 08:00:00+00:00,3.3000001907348633,4.2670722007751465
5935,2008-01-10 10:00:00+00:00,0.8999996185302734,3.154271125793457
5935,2008-04-21 02:00:00+00:00,7.400000095367432,8.567115783691406
5935,2008-04-11 12:00:00+00:00,23.299999237060547,14.562175750732422
5935,2008-04-04 17:00:00+00:00,10.600000381469727,13.255290985107422
5935,2008-03-16 18:00:00+00:00,11.0,9.155818939208984
5935,2008-02-10 11:00:00+00:00,3.5999999046325684,6.006823539733887
5935,2008-02-09 02:00:00+00:00,-0.3000001907348633,3.5863499641418457
5935,2008-06-17 01:00:00+00:00,14.899999618530273,16.649059295654297
5935,2008-04-27 20:00:00+00:00,10.5,13.388973236083984
5935,2008-04-04 04:00:00+00:00,6.0,8.399608612060547
5935,2008-03-05 07:00:00+00:00,2.8999996185302734,5.642547130584717
5935,2008-03-15 19:00:00+00:00,8.300000190734863,8.35142993927002
5935,2008-04-06 18:00:00+00:00,10.399999618530273,13.202449798583984
5935,2008-03-02 02:00:00+00:00,8.300000190734863,5.4094133377075195
5935,2008-03-08 22:00:00+00:00,5.5,6.480057716369629
5935,2008-03-28 20:00:00+00:00,9.699999809265137,8.337562561035156
5935,2008-04-02 13:00:00+00:00,11.399999618530273,12.87772274017334
5935,2008-03-08 14:00:00+00:00,9.300000190734863,9.757326126098633
5935,2008-01-16 04:00:00+00:00,5.199999809265137,2.2049694061279297
5935,2008-04-12 17:00:00+00:00,12.699999809265137,14.631759643554688
5935,2008-06-21 20:00:00+00:00,24.600000381469727,20.338258743286133
5935,2008-01-24 05:00:00+00:00,0.6000003814697266,2.388151168823242
5935,2008-03-08 13:00:00+00:00,8.600000381469727,9.725056648254395
5935,2008-06-01 09:00:00+00:00,25.600000381469727,21.262893676757812
5935,2008-03-19 19:00:00+00:00,3.3000001907348633,7.502312660217285
5935,2008-01-14 17:00:00+00:00,4.099999904632568,4.423064708709717
5935,2008-01-09 07:00:00+00:00,0.39999961853027344,2.6331586837768555
5935,2008-02-23 09:00:00+00:00,12.5,5.574402809143066
5935,2008-01-14 16:00:00+00:00,4.400000095367432,4.630932807922363
5935,2008-03-14 02:00:00+00:00,6.400000095367432,5.601135730743408
5935,2008-03-15 02:00:00+00:00,7.0,6.037479877471924
5935,2008-03-26 05:00:00+00:00,1.0,6.142649173736572
5935,2008-03-16 22:00:00+00:00,10.100000381469727,7.140731334686279
5935,2008-04-13 07:00:00+00:00,11.0,10.529497146606445
5935,2008-02-20 20:00:00+00:00,0.8999996185302734,4.438401222229004
5935,2008-05-08 05:00:00+00:00,11.0,13.56674575805664
5935,2008-02-18 05:00:00+00:00,2.8999996185302734,4.1476335525512695
5935,2008-04-21 22:00:00+00:00,11.399999618530273,10.385295867919922
5935,2008-01-01 15:00:00+00:00,1.1999998092651367,4.160680770874023
5935,2008-05-28 04:00:00+00:00,17.899999618530273,14.434703826904297
5935,2008-03-16 23:00:00+00:00,10.199999809265137,6.767277717590332
5935,2008-02-01 19:00:00+00:00,3.1999998092651367,4.141708850860596
5935,2008-04-30 18:00:00+00:00,17.299999237060547,14.0961275100708
5935,2008-04-23 21:00:00+00:00,9.0,11.182618141174316
5935,2008-06-13 15:00:00+00:00,14.300000190734863,23.331932067871094
5935,2008-02-23 19:00:00+00:00,9.399999618530273,5.8196892738342285
5935,2008-01-04 13:00:00+00:00,-3.0,3.7684688568115234
5935,2008-03-08 07:00:00+00:00,5.800000190734863,6.714892387390137
5935,2008-02-25 20:00:00+00:00,8.5,5.4065680503845215
5935,2008-01-06 18:00:00+00:00,3.0,4.0933709144592285
5935,2008-01-25 17:00:00+00:00,4.900000095367432,3.995863914489746
5935,2008-03-21 23:00:00+00:00,6.300000190734863,6.541565895080566
5935,2008-01-08 01:00:00+00:00,3.9000000953674316,2.3659496307373047
5935,2008-02-24 02:00:00+00:00,8.199999809265137,4.295073509216309
5935,2008-03-19 11:00:00+00:00,5.599999904632568,8.700830459594727
5935,2008-03-23 04:00:00+00:00,-1.1999998092651367,6.448502540588379
5935,2008-03-18 07:00:00+00:00,4.900000095367432,6.536255836486816
5935,2008-06-27 09:00:00+00:00,25.200000762939453,22.16485595703125
5935,2008-02-24 14:00:00+00:00,18.200000762939453,7.362417697906494
5935,2008-04-18 01:00:00+00:00,6.099999904632568,9.44454288482666
5935,2008-01-22 22:00:00+00:00,2.8000001907348633,3.126689910888672
5935,2008-05-28 23:00:00+00:00,18.200000762939453,14.719256401062012
5935,2008-01-26 08:00:00+00:00,3.6999998092651367,3.659071445465088
5935,2008-02-12 04:00:00+00:00,-4.499999046325684,3.4283785820007324
5935,2008-06-17 07:00:00+00:00,15.899999618530273,19.915224075317383
5935,2008-01-29 12:00:00+00:00,8.0,4.711551666259766
5935,2008-04-27 19:00:00+00:00,12.899999618530273,14.272834777832031
5935,2008-04-27 09:00:00+00:00,15.300000190734863,14.144558906555176
5935,2008-04-16 21:00:00+00:00,5.199999809265137,10.420248031616211
5935,2008-02-12 17:00:00+00:00,1.1999998092651367,5.2438483238220215
5935,2008-04-09 10:00:00+00:00,13.199999809265137,12.460771560668945
5935,2008-06-19 11:00:00+00:00,25.0,23.02816390991211
5935,2008-05-28 11:00:00+00:00,26.899999618530273,20.353084564208984
5935,2008-03-27 14:00:00+00:00,11.699999809265137,10.225258827209473
5935,2008-05-10 19:00:00+00:00,14.600000381469727,17.359729766845703
5935,2008-04-11 15:00:00+00:00,24.399999618530273,14.870165824890137
5935,2008-01-04 03:00:00+00:00,-3.1999998092651367,1.8656730651855469
5935,2008-05-23 17:00:00+00:00,18.399999618530273,19.725505828857422
5935,2008-04-23 06:00:00+00:00,9.699999809265137,10.064767837524414
5935,2008-03-31 04:00:00+00:00,7.300000190734863,6.502079486846924
5935,2008-04-27 22:00:00+00:00,8.300000190734863,11.378342628479004
5935,2008-02-26 08:00:00+00:00,7.099999904632568,4.95740270614624
5935,2008-05-12 00:00:00+00:00,10.100000381469727,12.915243148803711
5935,2008-03-09 01:00:00+00:00,4.199999809265137,5.884289741516113
5935,2008-01-25 20:00:00+00:00,4.400000095367432,3.3733153343200684
5935,2008-02-29 18:00:00+00:00,11.5,5.966904163360596
5935,2008-02-23 11:00:00+00:00,14.300000190734863,6.6094584465026855
5935,2008-05-03 06:00:00+00:00,11.399999618530273,13.551578521728516
5935,2008-06-13 13:00:00+00:00,15.0,23.638444900512695
5935,2008-03-14 10:00:00+00:00,7.699999809265137,8.349180221557617
5935,2008-04-21 00:00:00+00:00,8.100000381469727,9.113273620605469
5935,2008-03-18 01:00:00+00:00,4.800000190734863,5.644797325134277
5935,2008-02-28 15:00:00+00:00,13.199999809265137,6.344381809234619
5935,2008-02-12 08:00:00+00:00,-2.40000057220459,4.349477291107178
5935,2008-06-01 19:00:00+00:00,19.399999618530273,20.163928985595703
5935,2008-01-02 12:00:00+00:00,-0.8000001907348633,3.750311851501465
5935,2008-06-10 03:00:00+00:00,15.600000381469727,16.4635009765625
5935,2008-04-07 05:00:00+00:00,5.300000190734863,8.60830307006836
5935,2008-01-13 07:00:00+00:00,3.8000001907348633,3.3737192153930664
5935,2008-06-21 04:00:00+00:00,18.799999237060547,17.514616012573242
5935,2008-06-18 07:00:00+00:00,18.100000381469727,19.797489166259766
5935,2008-01-17 16:00:00+00:00,4.900000095367432,3.656106472015381
5935,2008-01-08 17:00:00+00:00,1.3000001907348633,3.9806947708129883
5935,2008-03-27 10:00:00+00:00,7.400000095367432,9.060075759887695
5935,2008-02-25 12:00:00+00:00,17.299999237060547,7.036264419555664
5935,2008-01-01 23:00:00+00:00,-0.8999996185302734,2.5836477279663086
5935,2008-05-17 07:00:00+00:00,17.200000762939453,15.841581344604492
5935,2008-04-28 03:00:00+00:00,4.800000190734863,8.997709274291992
5935,2008-01-27 07:00:00+00:00,5.099999904632568,3.7388086318969727
5935,2008-03-07 16:00:00+00:00,7.099999904632568,8.426166534423828
5935,2008-05-07 03:00:00+00:00,9.300000190734863,12.275829315185547
5935,2008-04-25 14:00:00+00:00,10.300000190734863,16.539794921875
5935,2008-06-01 15:00:00+00:00,29.100000381469727,22.967243194580078
5935,2008-03-05 22:00:00+00:00,0.0,5.412049770355225
5935,2008-05-02 11:00:00+00:00,18.799999237060547,18.478599548339844
5935,2008-02-28 07:00:00+00:00,7.699999809265137,4.319833278656006
5935,2008-04-24 10:00:00+00:00,15.0,14.196784973144531
5935,2008-01-09 15:00:00+00:00,1.5,3.848681926727295
5935,2008-05-04 23:00:00+00:00,8.699999809265137,13.222420692443848
5935,2008-01-25 13:00:00+00:00,7.599999904632568,4.33224630355835
5935,2008-01-26 06:00:00+00:00,3.3000001907348633,3.2042407989501953
5935,2008-04-01 05:00:00+00:00,8.399999618530273,8.193572044372559
5935,2008-06-07 18:00:00+00:00,20.399999618530273,21.35611343383789
5935,2008-03-15 18:00:00+00:00,9.399999618530273,8.932726860046387
5935,2008-01-21 11:00:00+00:00,10.699999809265137,4.754779815673828
5935,2008-01-20 00:00:00+00:00,12.800000190734863,3.0360631942749023
5935,2008-05-13 19:00:00+00:00,19.600000381469727,16.8024845123291
5935,2008-06-07 12:00:00+00:00,20.899999618530273,23.376300811767578
5935,2008-05-02 23:00:00+00:00,13.100000381469727,13.712509155273438
5935,2008-02-08 03:00:00+00:00,4.199999809265137,3.0962624549865723
5935,2008-04-29 22:00:00+00:00,11.100000381469727,10.80501937866211
5935,2008-02-17 07:00:00+00:00,-8.0,4.7576069831848145
5935,2008-02-16 01:00:00+00:00,-1.6000003814697266,3.9414496421813965
5935,2008-03-21 06:00:00+00:00,3.4000000953674316,6.68173885345459
5935,2008-05-16 11:00:00+00:00,22.600000381469727,19.729907989501953
5935,2008-03-24 07:00:00+00:00,1.1000003814697266,7.282261848449707
5935,2008-02-19 16:00:00+00:00,9.300000190734863,5.845211982727051
5935,2008-06-23 20:00:00+00:00,27.600000381469727,20.46405029296875
5935,2008-01-30 21:00:00+00:00,4.999999523162842,3.2038779258728027
5935,2008-05-01 19:00:00+00:00,13.300000190734863,15.821553230285645
5935,2008-05-02 07:00:00+00:00,14.5,14.430083274841309
5935,2008-05-17 23:00:00+00:00,17.299999237060547,14.559289932250977
5935,2008-03-11 01:00:00+00:00,6.599999904632568,5.294112682342529
5935,2008-01-12 01:00:00+00:00,1.6999998092651367,2.4384708404541016
5935,2008-04-13 09:00:00+00:00,14.899999618530273,12.782833099365234
5935,2008-04-23 14:00:00+00:00,12.300000190734863,15.06883430480957
5935,2008-04-12 16:00:00+00:00,13.399999618530273,15.217916488647461
5935,2008-04-02 15:00:00+00:00,9.699999809265137,12.660767555236816
5935,2008-05-22 20:00:00+00:00,13.399999618530273,16.745189666748047
5935,2008-01-15 06:00:00+00:00,3.4000000953674316,2.888427734375
5935,2008-04-26 06:00:00+00:00,9.800000190734863,10.76948356628418
5935,2008-04-17 19:00:00+00:00,7.300000190734863,12.643758773803711
5935,2008-02-18 07:00:00+00:00,3.6999998092651367,4.660624027252197
5935,2008-01-17 20:00:00+00:00,4.400000095367432,2.8993401527404785
5935,2008-05-25 19:00:00+00:00,18.799999237060547,18.282434463500977
5935,2008-06-02 20:00:00+00:00,22.299999237060547,19.3829345703125
5935,2008-01-16 09:00:00+00:00,6.5,3.2193145751953125
5935,2008-02-05 22:00:00+00:00,2.5,3.745572090148926
5935,2008-04-29 01:00:00+00:00,10.899999618530273,9.30673599243164
5935,2008-01-15 12:00:00+00:00,3.5999999046325684,4.336268424987793
5935,2008-06-22 03:00:00+00:00,18.100000381469727,17.05883026123047
5935,2008-03-08 17:00:00+00:00,6.300000190734863,8.868914604187012
5935,2008-02-04 18:00:00+00:00,8.5,5.21536111831665
5935,2008-03-12 13:00:00+00:00,12.0,8.647163391113281
5935,2008-02-04 22:00:00+00:00,3.0999999046325684,4.112971305847168
5935,2008-05-04 11:00:00+00:00,18.100000381469727,19.195640563964844
5935,2008-06-20 10:00:00+00:00,27.299999237060547,22.72405242919922
5935,2008-01-05 13:00:00+00:00,-4.499999046325684,4.224471092224121
5935,2008-02-14 20:00:00+00:00,1.8999996185302734,4.131598472595215
5935,2008-02-15 03:00:00+00:00,1.6000003814697266,3.3666892051696777
5935,2008-04-25 08:00:00+00:00,14.0,12.6778564453125
5935,2008-02-18 23:00:00+00:00,7.0,4.303318500518799
5935,2008-02-22 07:00:00+00:00,10.0,4.415019989013672
5935,2008-02-06 18:00:00+00:00,9.399999618530273,4.321613788604736
5935,2008-06-03 15:00:00+00:00,21.299999237060547,22.687118530273438
5935,2008-02-21 20:00:00+00:00,8.0,4.507242202758789
5935,2008-04-02 19:00:00+00:00,7.900000095367432,10.516189575195312
5935,2008-01-13 09:00:00+00:00,4.199999809265137,3.916569232940674
5935,2008-05-13 11:00:00+00:00,23.5,19.464677810668945
5935,2008-03-19 10:00:00+00:00,5.300000190734863,8.270219802856445
5935,2008-02-21 15:00:00+00:00,10.399999618530273,5.83015251159668
5935,2008-05-04 03:00:00+00:00,9.600000381469727,11.79231071472168
5935,2008-03-02 14:00:00+00:00,14.199999809265137,9.470392227172852
5935,2008-01-27 18:00:00+00:00,6.400000095367432,4.620853900909424
5935,2008-06-02 19:00:00+00:00,23.600000381469727,20.240692138671875
5935,2008-01-27 14:00:00+00:00,6.400000095367432,5.357316493988037
5935,2008-03-17 07:00:00+00:00,9.600000381469727,6.895486354827881
5935,2008-03-02 07:00:00+00:00,8.399999618530273,6.4343109130859375
5935,2008-05-11 00:00:00+00:00,10.0,13.088043212890625
5935,2008-01-18 18:00:00+00:00,8.399999618530273,3.5627832412719727
5935,2008-01-14 05:00:00+00:00,1.3999996185302734,3.027547836303711
5935,2008-02-26 07:00:00+00:00,3.0999999046325684,4.613273620605469
5935,2008-01-30 15:00:00+00:00,6.699999809265137,4.398963928222656
5935,2008-05-06 05:00:00+00:00,10.699999809265137,13.068402290344238
5935,2008-06-26 17:00:00+00:00,21.100000381469727,22.66885757446289
5935,2008-04-27 14:00:00+00:00,19.5,17.386287689208984
5935,2008-02-13 18:00:00+00:00,-1.1000003814697266,4.606616497039795
5935,2008-03-06 06:00:00+00:00,-1.6000003814697266,5.361956596374512
5935,2008-05-16 22:00:00+00:00,18.200000762939453,15.226766586303711
5935,2008-03-24 20:00:00+00:00,1.8000011444091797,8.058830261230469
5935,2008-01-29 08:00:00+00:00,4.199999809265137,3.75314998626709
5935,2008-01-26 00:00:00+00:00,4.5,2.936734199523926
5935,2008-02-03 16:00:00+00:00,5.599999904632568,5.902429103851318
5935,2008-05-19 14:00:00+00:00,13.899999618530273,20.84130859375
5935,2008-03-17 13:00:00+00:00,8.899999618530273,10.087080001831055
5935,2008-03-04 01:00:00+00:00,6.699999809265137,4.971214294433594
5935,2008-06-18 17:00:00+00:00,23.799999237060547,22.26633071899414
5935,2008-01-25 15:00:00+00:00,7.0,4.303603649139404
5935,2008-04-21 20:00:00+00:00,11.300000190734863,12.222295761108398
5935,2008-01-07 04:00:00+00:00,-3.1999998092651367,2.7627296447753906
5935,2008-03-06 17:00:00+00:00,4.699999809265137,7.4740800857543945
5935,2008-05-03 05:00:00+00:00,10.899999618530273,12.768793106079102
5935,2008-04-20 21:00:00+00:00,10.100000381469727,11.639288902282715
5935,2008-02-05 06:00:00+00:00,4.400000095367432,3.5433740615844727
5935,2008-03-12 23:00:00+00:00,8.699999809265137,5.519461631774902
5935,2008-04-05 16:00:00+00:00,12.5,14.47031307220459
5935,2008-02-25 09:00:00+00:00,15.699999809265137,5.794776916503906
5935,2008-02-04 04:00:00+00:00,4.400000095367432,3.572378635406494
5935,2008-03-21 10:00:00+00:00,6.300000190734863,8.995582580566406
5935,2008-05-18 11:00:00+00:00,22.299999237060547,20.26496124267578
5935,2008-05-28 09:00:00+00:00,24.700000762939453,18.90739631652832
5935,2008-03-15 10:00:00+00:00,10.699999809265137,9.220391273498535
5935,2008-06-28 02:00:00+00:00,17.299999237060547,17.231346130371094
5935,2008-05-18 22:00:00+00:00,14.5,15.010049819946289
5935,2008-04-08 09:00:00+00:00,9.100000381469727,11.887232780456543
5935,2008-05-29 00:00:00+00:00,17.5,14.749942779541016
5935,2008-05-11 08:00:00+00:00,17.0,16.693553924560547
5935,2008-05-05 22:00:00+00:00,11.600000381469727,13.608694076538086
5935,2008-01-06 17:00:00+00:00,-0.10000038146972656,4.296165466308594
5935,2008-01-26 03:00:00+00:00,3.5,2.774176597595215
5935,2008-05-27 03:00:00+00:00,15.199999809265137,13.735950469970703
5935,2008-02-05 09:00:00+00:00,6.800000190734863,4.372462749481201
5935,2008-01-06 04:00:00+00:00,-2.5,2.722698211669922
5935,2008-01-26 05:00:00+00:00,1.8999996185302734,3.0008177757263184
5935,2008-03-30 05:00:00+00:00,0.6999998092651367,7.026514053344727
5935,2008-04-20 06:00:00+00:00,11.199999809265137,10.167593955993652
5935,2008-02-02 17:00:00+00:00,5.699999809265137,5.24603271484375
5935,2008-03-10 12:00:00+00:00,11.5,9.495433807373047
5935,2008-02-14 15:00:00+00:00,2.3000001907348633,5.361069202423096
5935,2008-02-03 07:00:00+00:00,-2.6000003814697266,4.2188496589660645
5935,2008-02-24 19:00:00+00:00,9.5,6.137399673461914
5935,2008-05-23 05:00:00+00:00,12.5,14.63638687133789
5935,2008-02-19 21:00:00+00:00,3.0,4.421751976013184
5935,2008-05-12 23:00:00+00:00,12.399999618530273,13.453088760375977
5935,2008-03-14 04:00:00+00:00,6.199999809265137,5.721435070037842
5935,2008-01-31 00:00:00+00:00,4.599999904632568,2.5372848510742188
5935,2008-02-10 01:00:00+00:00,-0.6000003814697266,3.8992090225219727
5935,2008-01-30 06:00:00+00:00,1.8000011444091797,2.8998360633850098
5935,2008-01-19 13:00:00+00:00,12.199999809265137,4.606818199157715
5935,2008-01-25 18:00:00+00:00,4.599999904632568,3.792308807373047
5935,2008-03-02 08:00:00+00:00,8.699999809265137,7.0439558029174805
5935,2008-02-07 00:00:00+00:00,7.900000095367432,2.996048927307129
5935,2008-05-12 19:00:00+00:00,17.600000381469727,17.094444274902344
5935,2008-05-21 09:00:00+00:00,11.100000381469727,18.372360229492188
5935,2008-04-08 08:00:00+00:00,7.099999904632568,10.872823715209961
5935,2008-02-18 02:00:00+00:00,2.0,3.9187374114990234
5935,2008-04-22 04:00:00+00:00,10.5,8.922487258911133
5935,2008-02-22 19:00:00+00:00,13.800000190734863,5.204430103302002
5935,2008-06-18 20:00:00+00:00,19.299999237060547,19.99606704711914
5935,2008-05-24 19:00:00+00:00,18.899999618530273,18.331546783447266
5935,2008-04-11 21:00:00+00:00,17.0,10.986451148986816
5935,2008-01-09 22:00:00+00:00,0.39999961853027344,2.492131233215332
5935,2008-06-28 18:00:00+00:00,24.799999237060547,22.253164291381836
5935,2008-03-12 14:00:00+00:00,12.199999809265137,8.710265159606934
5935,2008-03-13 10:00:00+00:00,9.800000190734863,7.8426713943481445
5935,2008-02-16 07:00:00+00:00,-3.3999996185302734,4.532149314880371
5935,2008-05-07 14:00:00+00:00,20.0,19.236616134643555
5935,2008-02-07 17:00:00+00:00,5.599999904632568,4.512631416320801
5935,2008-02-17 00:00:00+00:00,-6.399999618530273,4.238470077514648
5935,2008-01-08 08:00:00+00:00,6.900000095367432,3.2679262161254883
5935,2008-06-27 10:00:00+00:00,25.399999618530273,22.966726303100586
5935,2008-06-22 23:00:00+00:00,24.5,18.042865753173828
5935,2008-01-17 13:00:00+00:00,5.599999904632568,3.9642395973205566
5935,2008-05-12 01:00:00+00:00,9.5,12.479446411132812
5935,2008-03-27 20:00:00+00:00,8.600000381469727,7.710730075836182
5935,2008-02-09 11:00:00+00:00,5.099999904632568,5.588595390319824
5935,2008-06-14 15:00:00+00:00,19.200000762939453,23.576923370361328
5935,2008-02-09 20:00:00+00:00,3.5,4.6561102867126465
5935,2008-03-20 18:00:00+00:00,1.5,8.21428394317627
5935,2008-04-09 04:00:00+00:00,2.5,8.129804611206055
5935,2008-05-13 09:00:00+00:00,21.299999237060547,17.891069412231445
5935,2008-06-06 10:00:00+00:00,19.0,22.023714065551758
5935,2008-04-22 00:00:00+00:00,10.699999809265137,9.15544605255127
5935,2008-01-05 14:00:00+00:00,-4.399999618530273,4.225414276123047
5935,2008-03-24 22:00:00+00:00,1.3999996185302734,7.074247360229492
5935,2008-03-23 09:00:00+00:00,5.599999904632568,8.993794441223145
5935,2008-04-03 07:00:00+00:00,8.199999809265137,9.433581352233887
5935,2008-03-04 18:00:00+00:00,4.400000095367432,7.164125442504883
5935,2008-04-13 21:00:00+00:00,9.899999618530273,10.971694946289062
5935,2008-04-15 14:00:00+00:00,12.199999809265137,14.505999565124512
5935,2008-04-18 10:00:00+00:00,11.199999809265137,13.967835426330566
5935,2008-01-09 21:00:00+00:00,0.6000003814697266,2.7075252532958984
5935,2008-04-02 12:00:00+00:00,10.300000190734863,12.736921310424805
5935,2008-05-03 09:00:00+00:00,15.5,16.900136947631836
5935,2008-01-01 16:00:00+00:00,0.8999996185302734,4.0511274337768555
5935,2008-02-25 22:00:00+00:00,6.099999904632568,4.800965785980225
5935,2008-02-01 04:00:00+00:00,-1.1000003814697266,2.927513599395752
5935,2008-03-13 12:00:00+00:00,8.100000381469727,8.58242416381836
5935,2008-01-13 15:00:00+00:00,4.900000095367432,4.789172172546387
5935,2008-04-02 10:00:00+00:00,10.5,11.692269325256348
5935,2008-05-24 00:00:00+00:00,11.0,14.391678810119629
5935,2008-01-06 15:00:00+00:00,0.6000003814697266,4.630858898162842
5935,2008-06-18 18:00:00+00:00,21.600000381469727,21.6030216217041
5935,2008-05-15 20:00:00+00:00,19.399999618530273,16.179107666015625
5935,2008-02-01 10:00:00+00:00,2.1999998092651367,4.250670909881592
5935,2008-03-17 15:00:00+00:00,7.699999809265137,9.859880447387695
5935,2008-06-17 03:00:00+00:00,14.199999809265137,16.869935989379883
5935,2008-02-19 01:00:00+00:00,6.800000190734863,3.6854166984558105
5935,2008-02-18 10:00:00+00:00,5.300000190734863,5.875215530395508
5935,2008-02-25 16:00:00+00:00,15.600000381469727,6.791736602783203
5935,2008-04-20 20:00:00+00:00,11.699999809265137,12.74513053894043
5935,2008-04-15 17:00:00+00:00,10.699999809265137,13.479937553405762
5935,2008-04-19 07:00:00+00:00,15.199999809265137,11.274578094482422
5935,2008-05-03 10:00:00+00:00,15.800000190734863,18.051151275634766
5935,2008-02-19 08:00:00+00:00,6.0,4.636713981628418
5935,2008-03-17 22:00:00+00:00,5.800000190734863,6.692989349365234
5935,2008-04-21 09:00:00+00:00,16.399999618530273,13.473121643066406
5935,2008-03-03 18:00:00+00:00,14.0,7.860526084899902
5935,2008-04-09 17:00:00+00:00,18.200000762939453,12.597103118896484
5935,2008-03-23 06:00:00+00:00,0.3000001907348633,7.061646461486816
5935,2008-05-24 01:00:00+00:00,10.600000381469727,13.97636890411377
5935,2008-06-09 00:00:00+00:00,15.699999809265137,16.63622283935547
5935,2008-04-09 22:00:00+00:00,13.899999618530273,9.164350509643555
5935,2008-01-11 12:00:00+00:00,0.3000001907348633,3.7497291564941406
5935,2008-03-19 15:00:00+00:00,4.999999523162842,9.222722053527832
5935,2008-01-04 05:00:00+00:00,-3.1999998092651367,2.0868759155273438
5935,2008-01-05 16:00:00+00:00,-4.199999809265137,4.047340393066406
5935,2008-06-11 19:00:00+00:00,17.600000381469727,20.460819244384766
5935,2008-03-22 23:00:00+00:00,-0.10000038146972656,6.925660133361816
5935,2008-05-05 09:00:00+00:00,11.899999618530273,17.328649520874023
5935,2008-02-05 12:00:00+00:00,8.899999618530273,5.292548179626465
5935,2008-01-11 10:00:00+00:00,0.19999980926513672,3.2626852989196777
5935,2008-05-20 06:00:00+00:00,9.300000190734863,15.212163925170898
5935,2008-02-16 22:00:00+00:00,-6.500001907348633,4.475061893463135
5935,2008-02-08 18:00:00+00:00,5.5,4.7275896072387695
5935,2008-04-20 17:00:00+00:00,16.200000762939453,15.262938499450684
5935,2008-05-03 03:00:00+00:00,10.100000381469727,11.93173599243164
5935,2008-05-20 04:00:00+00:00,9.699999809265137,13.628803253173828
5935,2008-05-06 09:00:00+00:00,15.800000190734863,17.186899185180664
5935,2008-03-06 10:00:00+00:00,3.5,7.213460922241211
5935,2008-03-11 06:00:00+00:00,6.300000190734863,5.768518924713135
5935,2008-02-29 01:00:00+00:00,3.0,4.133830547332764
5935,2008-02-03 05:00:00+00:00,-2.6999998092651367,3.8058829307556152
5935,2008-01-05 12:00:00+00:00,-4.499999046325684,4.117428779602051
5935,2008-02-15 02:00:00+00:00,1.6000003814697266,3.3687400817871094
5935,2008-05-30 22:00:00+00:00,22.399999618530273,16.02723503112793
5935,2008-04-20 19:00:00+00:00,12.800000190734863,13.68111515045166
5935,2008-06-05 01:00:00+00:00,17.200000762939453,16.360027313232422
5935,2008-06-01 20:00:00+00:00,18.700000762939453,19.267139434814453
5935,2008-01-31 23:00:00+00:00,3.0,2.711057186126709
5935,2008-06-12 16:00:00+00:00,21.399999618530273,22.668678283691406
5935,2008-01-31 15:00:00+00:00,5.599999904632568,4.309344291687012
5935,2008-04-20 16:00:00+00:00,17.600000381469727,15.941238403320312
5935,2008-06-12 15:00:00+00:00,21.0,23.09695816040039
5935,2008-06-15 06:00:00+00:00,13.399999618530273,18.998727798461914
5935,2008-05-09 04:00:00+00:00,10.100000381469727,13.183694839477539
5935,2008-05-13 18:00:00+00:00,21.399999618530273,17.825572967529297
5935,2008-05-01 02:00:00+00:00,13.0,12.172917366027832
5935,2008-01-11 11:00:00+00:00,0.19999980926513672,3.521880626678467
5935,2008-01-31 10:00:00+00:00,4.900000095367432,3.7741894721984863
5935,2008-05-03 14:00:00+00:00,16.700000762939453,19.77065658569336
5935,2008-05-01 04:00:00+00:00,12.0,12.492132186889648
5935,2008-01-08 12:00:00+00:00,8.5,4.231683731079102
5935,2008-04-19 15:00:00+00:00,17.799999237060547,16.328340530395508
5935,2008-03-30 23:00:00+00:00,10.600000381469727,7.559290885925293
5935,2008-06-16 01:00:00+00:00,12.199999809265137,16.708131790161133
5935,2008-05-15 09:00:00+00:00,20.799999237060547,17.827037811279297
5935,2008-03-02 11:00:00+00:00,11.100000381469727,8.757230758666992
5935,2008-04-08 04:00:00+00:00,3.9000000953674316,8.198537826538086
5935,2008-04-17 05:00:00+00:00,3.0,9.397832870483398
5935,2008-03-11 07:00:00+00:00,7.400000095367432,6.174412250518799
5935,2008-02-20 02:00:00+00:00,-1.5,3.446901321411133
5935,2008-01-21 07:00:00+00:00,9.199999809265137,3.604440689086914
5935,2008-02-17 14:00:00+00:00,1.1000003814697266,6.8565449714660645
5935,2008-05-31 03:00:00+00:00,17.399999618530273,14.147326469421387
5935,2008-01-26 21:00:00+00:00,10.100000381469727,3.502711296081543
5935,2008-04-18 16:00:00+00:00,17.399999618530273,15.330636978149414
5935,2008-03-11 23:00:00+00:00,6.099999904632568,5.6756720542907715
5935,2008-05-13 01:00:00+00:00,11.100000381469727,12.485498428344727
5935,2008-04-07 01:00:00+00:00,4.400000095367432,8.016050338745117
5935,2008-06-15 08:00:00+00:00,16.799999237060547,21.13308334350586
5935,2008-03-13 20:00:00+00:00,6.0,6.691481590270996
5935,2008-02-02 06:00:00+00:00,1.8999996185302734,3.7078795433044434
5935,2008-03-18 08:00:00+00:00,2.3000001907348633,7.167880058288574
5935,2008-02-15 15:00:00+00:00,1.8000011444091797,5.893335342407227
5935,2008-06-20 21:00:00+00:00,21.200000762939453,19.32883071899414
5935,2008-04-26 20:00:00+00:00,11.600000381469727,13.748153686523438
5935,2008-03-17 16:00:00+00:00,7.400000095367432,9.55949878692627
5935,2008-06-06 14:00:00+00:00,23.700000762939453,23.251380920410156
5935,2008-01-09 10:00:00+00:00,0.8000001907348633,3.3540115356445312
5935,2008-04-26 01:00:00+00:00,9.0,9.753646850585938
5935,2008-06-25 13:00:00+00:00,28.600000381469727,23.795818328857422
5935,2008-04-08 07:00:00+00:00,5.900000095367432,9.944287300109863
5935,2008-03-16 04:00:00+00:00,4.400000095367432,6.101347923278809
5935,2008-02-22 06:00:00+00:00,9.399999618530273,4.134425163269043
5935,2008-03-29 02:00:00+00:00,8.199999809265137,6.764645576477051
5935,2008-06-01 18:00:00+00:00,18.600000381469727,21.030319213867188
5935,2008-03-09 10:00:00+00:00,9.899999618530273,8.742609977722168
5935,2008-03-23 05:00:00+00:00,-1.0,6.651749610900879
5935,2008-06-23 04:00:00+00:00,21.200000762939453,17.771060943603516
5935,2008-04-30 09:00:00+00:00,15.5,13.770780563354492
5935,2008-04-10 15:00:00+00:00,21.399999618530273,13.95962905883789
5935,2008-02-18 18:00:00+00:00,7.199999809265137,5.829014301300049
5935,2008-04-11 03:00:00+00:00,9.100000381469727,8.74770736694336
5935,2008-06-03 01:00:00+00:00,18.200000762939453,15.851476669311523
5935,2008-06-02 15:00:00+00:00,27.099998474121094,22.902944564819336
5935,2008-01-05 21:00:00+00:00,-3.5,2.973963737487793
5935,2008-01-29 13:00:00+00:00,8.199999809265137,4.813558578491211
5935,2008-06-20 17:00:00+00:00,28.100000381469727,22.622142791748047
5935,2008-01-11 05:00:00+00:00,-0.39999961853027344,2.2050037384033203
5935,2008-02-04 00:00:00+00:00,4.800000190734863,3.6957907676696777
5935,2008-02-26 01:00:00+00:00,3.6999998092651367,3.950270652770996
5935,2008-02-01 18:00:00+00:00,3.9000000953674316,4.407268047332764
5935,2008-05-10 14:00:00+00:00,20.0,20.29707908630371
5935,2008-06-10 13:00:00+00:00,27.5,23.373193740844727
5935,2008-06-24 05:00:00+00:00,23.0,18.46735191345215
5935,2008-06-08 10:00:00+00:00,20.0,22.451374053955078
5935,2008-06-14 22:00:00+00:00,15.0,18.37907600402832
5935,2008-06-23 14:00:00+00:00,32.599998474121094,24.144020080566406
5935,2008-02-04 01:00:00+00:00,4.699999809265137,3.5700998306274414
5935,2008-03-14 12:00:00+00:00,7.199999809265137,9.297510147094727
5935,2008-03-20 00:00:00+00:00,1.8999996185302734,5.860119342803955
5935,2008-06-17 18:00:00+00:00,20.0,21.643959045410156
5935,2008-04-16 18:00:00+00:00,7.300000190734863,12.781696319580078
5935,2008-05-18 20:00:00+00:00,14.100000381469727,16.886573791503906
5935,2008-04-07 11:00:00+00:00,8.100000381469727,13.764822959899902
5935,2008-04-03 03:00:00+00:00,6.300000190734863,7.753307819366455
5935,2008-01-20 06:00:00+00:00,12.100000381469727,3.318441867828369
5935,2008-04-03 12:00:00+00:00,9.699999809265137,13.050949096679688
5935,2008-01-18 11:00:00+00:00,8.699999809265137,3.701904296875
5935,2008-06-16 18:00:00+00:00,22.100000381469727,21.7364559173584
5935,2008-01-13 16:00:00+00:00,3.5,4.623046398162842
5935,2008-02-27 03:00:00+00:00,3.6999998092651367,3.729121685028076
5935,2008-02-10 21:00:00+00:00,-0.6999998092651367,4.7247748374938965
5935,2008-01-02 20:00:00+00:00,-1.3000001907348633,2.826472282409668
5935,2008-02-14 19:00:00+00:00,2.1999998092651367,4.380704402923584
5935,2008-04-12 11:00:00+00:00,13.100000381469727,14.676385879516602
5935,2008-05-07 10:00:00+00:00,16.700000762939453,17.912670135498047
5935,2008-05-01 17:00:00+00:00,15.100000381469727,17.39163589477539
5935,2008-03-08 20:00:00+00:00,6.400000095367432,7.332203388214111
5935,2008-02-14 06:00:00+00:00,-0.5,3.4619359970092773
5935,2008-01-29 21:00:00+00:00,4.400000095367432,3.5049209594726562
5935,2008-02-12 14:00:00+00:00,3.5,5.763544082641602
5935,2008-03-01 04:00:00+00:00,13.100000381469727,5.49530029296875
5935,2008-02-13 08:00:00+00:00,-2.5,3.973938465118408
5935,2008-01-18 08:00:00+00:00,4.599999904632568,3.0186214447021484
5935,2008-06-07 17:00:00+00:00,20.100000381469727,22.09979820251465
5935,2008-03-25 23:00:00+00:00,0.5,6.4449028968811035
5935,2008-04-26 09:00:00+00:00,13.600000381469727,13.996103286743164
5935,2008-03-21 22:00:00+00:00,6.0,6.894653797149658
5935,2008-03-01 11:00:00+00:00,15.699999809265137,8.489835739135742
5935,2008-03-24 13:00:00+00:00,6.400000095367432,10.628198623657227
5935,2008-02-08 02:00:00+00:00,4.5,3.085742473602295
5935,2008-03-09 02:00:00+00:00,4.300000190734863,5.740063667297363
5935,2008-03-20 04:00:00+00:00,0.8000001907348633,5.650842666625977
5935,2008-05-30 05:00:00+00:00,17.399999618530273,15.177123069763184
5935,2008-05-29 12:00:00+00:00,23.299999237060547,20.9471435546875
5935,2008-04-20 04:00:00+00:00,6.099999904632568,9.143214225769043
5935,2008-04-06 05:00:00+00:00,0.19999980926513672,8.85217571258545
5935,2008-02-05 05:00:00+00:00,3.1999998092651367,3.344125747680664
5935,2008-06-01 04:00:00+00:00,20.799999237060547,16.324039459228516
5935,2008-06-06 01:00:00+00:00,15.800000190734863,16.473833084106445
5935,2008-01-01 20:00:00+00:00,-0.10000038146972656,3.2290287017822266
5935,2008-03-02 22:00:00+00:00,8.699999809265137,6.413595676422119
5935,2008-05-17 04:00:00+00:00,12.899999618530273,13.383817672729492
5935,2008-03-30 09:00:00+00:00,12.399999618530273,9.564947128295898
5935,2008-03-26 11:00:00+00:00,4.999999523162842,9.265838623046875
5935,2008-01-27 02:00:00+00:00,7.0,3.051793098449707
5935,2008-02-23 17:00:00+00:00,12.100000381469727,6.5014119148254395
5935,2008-01-01 13:00:00+00:00,1.6999998092651367,4.2567524909973145
5935,2008-04-25 09:00:00+00:00,13.0,13.738759994506836
5935,2008-04-19 21:00:00+00:00,11.800000190734863,12.221505165100098
5935,2008-03-04 15:00:00+00:00,6.0,8.239093780517578
5935,2008-02-10 20:00:00+00:00,0.8000001907348633,5.029139995574951
5935,2008-05-01 05:00:00+00:00,12.300000190734863,12.957630157470703
5935,2008-02-20 05:00:00+00:00,-2.1999998092651367,3.5906381607055664
5935,2008-05-28 07:00:00+00:00,21.600000381469727,16.877408981323242
5935,2008-03-08 06:00:00+00:00,4.999999523162842,6.330723762512207
5935,2008-02-14 16:00:00+00:00,2.3000001907348633,5.173035621643066
5935,2008-05-26 21:00:00+00:00,18.700000762939453,16.209056854248047
5935,2008-03-12 22:00:00+00:00,9.199999809265137,5.830038547515869
5935,2008-06-13 23:00:00+00:00,11.399999618530273,17.534961700439453
5935,2008-01-20 14:00:00+00:00,12.699999809265137,5.090827941894531
5935,2008-05-22 06:00:00+00:00,11.800000190734863,15.445720672607422
5935,2008-03-10 23:00:00+00:00,9.0,6.043623924255371
5935,2008-04-28 02:00:00+00:00,5.199999809265137,8.984617233276367
5935,2008-04-10 07:00:00+00:00,13.199999809265137,9.985007286071777
5935,2008-03-26 22:00:00+00:00,3.5,6.627137660980225
5935,2008-05-04 17:00:00+00:00,15.699999809265137,18.426387786865234
5935,2008-05-09 18:00:00+00:00,18.299999237060547,17.94825553894043
5935,2008-02-24 11:00:00+00:00,14.300000190734863,6.790886878967285
5935,2008-03-21 16:00:00+00:00,8.800000190734863,9.825839042663574
5935,2008-03-11 18:00:00+00:00,9.5,7.6169962882995605
5935,2008-01-22 16:00:00+00:00,5.199999809265137,4.349367618560791
5935,2008-01-13 21:00:00+00:00,3.1999998092651367,3.5001649856567383
5935,2008-02-01 13:00:00+00:00,4.300000190734863,5.036265850067139
5935,2008-03-14 20:00:00+00:00,9.899999618530273,7.185479640960693
5935,2008-04-20 05:00:00+00:00,7.900000095367432,9.607110023498535
5935,2008-02-01 03:00:00+00:00,-0.8000001907348633,2.8540143966674805
5935,2008-06-28 23:00:00+00:00,19.5,18.282915115356445
5935,2008-01-11 07:00:00+00:00,-0.19999980926513672,2.6033668518066406
5935,2008-05-25 15:00:00+00:00,22.5,21.086017608642578
5935,2008-02-22 11:00:00+00:00,12.300000190734863,5.951816558837891
5935,2008-01-27 10:00:00+00:00,5.900000095367432,4.5782599449157715
5935,2008-05-18 04:00:00+00:00,14.399999618530273,13.391357421875
5935,2008-05-06 18:00:00+00:00,15.199999809265137,17.070436477661133
5935,2008-04-30 08:00:00+00:00,14.300000190734863,12.840391159057617
5935,2008-01-11 19:00:00+00:00,1.5,3.1896567344665527
5935,2008-03-11 02:00:00+00:00,4.0,5.194962501525879
5935,2008-03-05 17:00:00+00:00,2.6999998092651367,7.358202934265137
5935,2008-05-24 07:00:00+00:00,16.299999237060547,16.449853897094727
5935,2008-04-12 14:00:00+00:00,14.300000190734863,15.8118896484375
5935,2008-05-03 19:00:00+00:00,11.699999809265137,16.84075164794922
5935,2008-04-30 00:00:00+00:00,10.899999618530273,9.775432586669922
5935,2008-04-21 06:00:00+00:00,8.600000381469727,9.98318862915039
5935,2008-01-05 11:00:00+00:00,-4.199999809265137,3.8902626037597656
5935,2008-04-14 19:00:00+00:00,13.600000381469727,12.414724349975586
5935,2008-04-18 07:00:00+00:00,6.400000095367432,10.96690559387207
5935,2008-01-12 09:00:00+00:00,1.8000011444091797,3.5100274085998535
5935,2008-03-30 02:00:00+00:00,1.8000011444091797,6.790233135223389
5935,2008-06-20 16:00:00+00:00,28.200000762939453,23.21818733215332
5935,2008-02-04 19:00:00+00:00,7.800000190734863,4.906215667724609
5935,2008-02-03 02:00:00+00:00,0.0,3.6174564361572266
5935,2008-01-21 13:00:00+00:00,10.800000190734863,5.145944118499756
5935,2008-05-12 20:00:00+00:00,15.5,16.04792594909668
5935,2008-02-24 04:00:00+00:00,6.800000190734863,4.362241268157959
5935,2008-04-28 01:00:00+00:00,5.699999809265137,9.186731338500977
5935,2008-03-06 03:00:00+00:00,-0.8999996185302734,4.863606929779053
5935,2008-04-27 04:00:00+00:00,7.400000095367432,9.527929306030273
5935,2008-03-12 03:00:00+00:00,6.400000095367432,5.072830677032471
5935,2008-06-12 09:00:00+00:00,18.600000381469727,21.31715965270996
5935,2008-05-21 02:00:00+00:00,9.600000381469727,13.406953811645508
5935,2008-06-28 14:00:00+00:00,25.399999618530273,24.372177124023438
5935,2008-02-07 01:00:00+00:00,8.399999618530273,2.875614643096924
5935,2008-02-17 17:00:00+00:00,-0.3000001907348633,6.404262065887451
5935,2008-05-09 17:00:00+00:00,19.899999618530273,18.70709991455078
5935,2008-01-31 04:00:00+00:00,4.999999523162842,2.461695671081543
5935,2008-05-29 09:00:00+00:00,20.600000381469727,18.972885131835938
5935,2008-01-17 05:00:00+00:00,3.0999999046325684,2.2089805603027344
5935,2008-06-12 13:00:00+00:00,21.299999237060547,23.34345245361328
107,2024-01-25 06:00:00+00:00,8.899999618530273,2.6188974380493164
107,2019-01-20 18:00:00+00:00,-0.8000001907348633,5.023496627807617
107,2011-08-04 14:00:00+00:00,21.600000381469727,24.45905303955078
107,2022-05-31 09:00:00+00:00,19.100000381469727,18.92147445678711
107,2016-07-15 03:00:00+00:00,13.100000381469727,18.353639602661133
107,2024-08-07 16:00:00+00:00,29.200000762939453,23.994503021240234
107,2020-03-17 02:00:00+00:00,3.8000001907348633,5.103701114654541
107,2015-10-28 12:00:00+00:00,9.800000190734863,12.234052658081055
107,2012-09-03 09:00:00+00:00,21.299999237060547,20.613502502441406
107,2008-02-06 23:00:00+00:00,7.900000095367432,3.278594970703125
107,2023-11-06 17:00:00+00:00,12.100000381469727,9.572144508361816
107,2015-03-24 01:00:00+00:00,6.099999904632568,5.438563346862793
107,2024-11-13 05:00:00+00:00,2.1000003814697266,5.132840633392334
107,2022-03-08 08:00:00+00:00,3.3000001907348633,5.82647705078125
107,2013-08-13 05:00:00+00:00,18.600000381469727,18.96639633178711
107,2020-04-30 02:00:00+00:00,13.399999618530273,8.159111022949219
107,2010-05-03 14:00:00+00:00,14.0,18.939598083496094
107,2010-02-14 22:00:00+00:00,-1.8000001907348633,4.7794904708862305
107,2024-09-10 05:00:00+00:00,16.100000381469727,15.780654907226562
107,2014-05-01 08:00:00+00:00,16.200000762939453,13.72392463684082
107,2011-07-22 15:00:00+00:00,17.5,24.58848762512207
107,2008-12-27 10:00:00+00:00,-0.39999961853027344,4.550631523132324
107,2013-08-29 21:00:00+00:00,16.200000762939453,19.304962158203125
107,2015-01-19 23:00:00+00:00,2.5999999046325684,3.3216490745544434
107,2010-04-05 11:00:00+00:00,8.199999809265137,12.88958740234375
107,2016-01-22 22:00:00+00:00,-6.5,2.8910131454467773
107,2023-02-27 11:00:00+00:00,1.8000001907348633,6.8785929679870605
107,2016-05-22 23:00:00+00:00,18.200000762939453,13.666243553161621
107,2024-10-12 15:00:00+00:00,14.100000381469727,14.998571395874023
107,2015-01-21 15:00:00+00:00,4.699999809265137,4.372056484222412
107,2009-01-16 03:00:00+00:00,-1.6999998092651367,2.1245851516723633
107,2022-12-26 08:00:00+00:00,4.300000190734863,4.070234775543213
107,2017-12-06 23:00:00+00:00,2.3999996185302734,2.840871810913086
107,2014-04-10 15:00:00+00:00,9.699999809265137,12.742459297180176
107,2023-12-31 17:00:00+00:00,2.9000000953674316,5.337996006011963
107,2021-12-26 23:00:00+00:00,-2.0,3.245060920715332
107,2019-10-24 06:00:00+00:00,11.399999618530273,9.321409225463867
107,2018-08-13 16:00:00+00:00,31.5,24.131393432617188
107,2011-06-02 18:00:00+00:00,17.899999618530273,20.232404708862305
107,2014-12-03 08:00:00+00:00,3.5999999046325684,3.7084383964538574
107,2018-01-02 17:00:00+00:00,5.099999904632568,4.357609748840332
107,2021-12-07 05:00:00+00:00,1.1000003814697266,2.9526009559631348
107,2011-03-21 04:00:00+00:00,1.1000003814697266,5.600841522216797
107,2025-04-18 13:00:00+00:00,10.100000381469727,14.33355712890625
107,2024-02-17 09:00:00+00:00,6.0,5.310208320617676
107,2012-02-24 05:00:00+00:00,8.100000381469727,3.903817653656006
107,2017-11-06 18:00:00+00:00,7.400000095367432,9.131689071655273
107,2018-07-17 11:00:00+00:00,26.100000381469727,24.43891143798828
107,2010-08-26 13:00:00+00:00,27.700000762939453,23.679752349853516
107,2019-09-24 21:00:00+00:00,16.200000762939453,16.495773315429688
107,2020-10-18 21:00:00+00:00,7.199999809265137,11.187371253967285
107,2008-11-24 01:00:00+00:00,-2.8000001907348633,4.437956809997559
107,2015-03-11 07:00:00+00:00,7.5,5.316702365875244
107,2019-05-27 21:00:00+00:00,14.399999618530273,15.904531478881836
107,2018-01-13 16:00:00+00:00,1.5,4.771012783050537
107,2010-11-16 14:00:00+00:00,11.0,9.010563850402832
107,2013-02-01 07:00:00+00:00,7.900000095367432,3.643021583557129
107,2013-04-14 21:00:00+00:00,10.899999618530273,9.916534423828125
107,2008-04-16 19:00:00+00:00,6.699999809265137,10.399923324584961
107,2013-01-05 15:00:00+00:00,8.800000190734863,4.786519527435303
107,2019-11-04 06:00:00+00:00,12.699999809265137,6.49775505065918
107,2017-06-13 17:00:00+00:00,27.100000381469727,22.12723159790039
107,2014-09-19 09:00:00+00:00,15.600000381469727,17.967567443847656
107,2014-10-29 08:00:00+00:00,4.099999904632568,9.949522972106934
107,2010-04-30 22:00:00+00:00,18.399999618530273,9.888668060302734
107,2022-02-25 02:00:00+00:00,2.6999998092651367,3.6674132347106934
107,2022-04-27 23:00:00+00:00,10.0,8.860921859741211
107,2012-04-05 06:00:00+00:00,10.199999809265137,7.136011123657227
107,2012-01-21 14:00:00+00:00,4.400000095367432,5.230462551116943
107,2018-05-08 16:00:00+00:00,20.899999618530273,18.36740493774414
107,2013-03-27 21:00:00+00:00,-2.1000003814697266,6.3507843017578125
107,2017-05-13 04:00:00+00:00,14.300000190734863,12.09879207611084
107,2024-12-24 09:00:00+00:00,4.0,4.222452640533447
107,2021-04-25 10:00:00+00:00,13.800000190734863,14.68033218383789
107,2010-08-15 05:00:00+00:00,20.399999618530273,19.435150146484375
107,2012-07-20 23:00:00+00:00,15.800000190734863,19.145431518554688
107,2024-02-29 10:00:00+00:00,11.0,5.30949592590332
107,2008-06-01 14:00:00+00:00,28.200000762939453,22.545185089111328
107,2013-11-30 05:00:00+00:00,2.9000000953674316,4.1933794021606445
107,2016-11-16 11:00:00+00:00,2.6999998092651367,7.933492183685303
107,2025-08-10 10:00:00+00:00,31.799999237060547,23.652389526367188
107,2023-05-05 17:00:00+00:00,21.5,17.03704071044922
107,2016-02-28 23:00:00+00:00,6.900000095367432,5.131624698638916
107,2009-02-14 11:00:00+00:00,0.8999996185302734,6.069460391998291
107,2011-12-31 12:00:00+00:00,6.400000095367432,5.089872360229492
107,2025-01-15 17:00:00+00:00,1.6999998092651367,3.989976406097412
107,2011-07-01 08:00:00+00:00,17.600000381469727,21.70370101928711
107,2014-02-17 05:00:00+00:00,3.5,3.9306159019470215
107,2013-01-19 14:00:00+00:00,-4.300000190734863,5.173316955566406
107,2020-05-24 03:00:00+00:00,11.399999618530273,12.954596519470215
107,2012-09-24 19:00:00+00:00,19.200000762939453,18.317527770996094
107,2025-03-07 11:00:00+00:00,16.299999237060547,7.467044830322266
107,2008-01-19 09:00:00+00:00,10.399999618530273,4.189388751983643
107,2020-11-09 07:00:00+00:00,4.599999904632568,6.6149749755859375
107,2014-07-11 07:00:00+00:00,13.899999618530273,21.043088912963867
107,2019-11-17 23:00:00+00:00,10.800000190734863,5.271584987640381
107,2009-09-22 02:00:00+00:00,14.300000190734863,14.152289390563965
107,2023-08-16 21:00:00+00:00,19.5,20.104900360107422
107,2010-06-16 10:00:00+00:00,15.0,21.949649810791016
107,2012-01-04 05:00:00+00:00,3.9000000953674316,2.1205406188964844
107,2021-08-29 02:00:00+00:00,13.699999809265137,17.448963165283203
107,2013-05-17 14:00:00+00:00,21.5,19.54677963256836
107,2023-05-19 19:00:00+00:00,15.800000190734863,16.457599639892578
107,2016-08-13 19:00:00+00:00,19.700000762939453,21.862987518310547
107,2012-11-06 14:00:00+00:00,7.400000095367432,9.658590316772461
107,2024-12-29 05:00:00+00:00,-1.8000001907348633,3.0579566955566406
107,2020-11-26 16:00:00+00:00,1.1000003814697266,6.63787841796875
107,2020-02-24 05:00:00+00:00,6.900000095367432,4.204923629760742
107,2014-03-31 05:00:00+00:00,5.699999809265137,6.153475284576416
107,2012-09-23 14:00:00+00:00,16.5,20.70818328857422
107,2011-02-01 17:00:00+00:00,-3.3999996185302734,5.092946529388428
107,2025-06-12 12:00:00+00:00,21.700000762939453,22.534061431884766
107,2013-01-08 01:00:00+00:00,-0.8999996185302734,2.3120880126953125
107,2015-06-24 22:00:00+00:00,12.800000190734863,18.414417266845703
107,2020-03-18 18:00:00+00:00,13.600000381469727,7.044645309448242
107,2018-04-05 02:00:00+00:00,13.100000381469727,6.763327598571777
107,2016-07-16 22:00:00+00:00,14.100000381469727,19.887086868286133
107,2019-01-06 06:00:00+00:00,2.5999999046325684,3.006335735321045
107,2024-08-13 21:00:00+00:00,27.200000762939453,20.526187896728516
107,2018-12-11 23:00:00+00:00,2.1999998092651367,2.997537612915039
107,2008-12-14 22:00:00+00:00,4.5,3.457099437713623
107,2010-04-20 04:00:00+00:00,7.300000190734863,7.654655456542969
107,2021-09-22 08:00:00+00:00,10.199999809265137,16.67770767211914
107,2016-04-25 10:00:00+00:00,6.400000095367432,14.410455703735352
107,2012-05-14 12:00:00+00:00,11.899999618530273,19.773296356201172
107,2012-01-08 17:00:00+00:00,4.599999904632568,5.007150173187256
107,2025-09-17 19:00:00+00:00,15.100000381469727,17.83067512512207
107,2015-03-07 12:00:00+00:00,8.800000190734863,8.826663970947266
107,2008-08-14 11:00:00+00:00,25.399999618530273,23.391338348388672
107,2011-01-17 05:00:00+00:00,-0.19999980926513672,2.920335292816162
107,2024-10-24 18:00:00+00:00,13.399999618530273,11.115800857543945
107,2010-09-01 17:00:00+00:00,15.5,20.61787986755371
107,2017-06-23 23:00:00+00:00,21.399999618530273,17.51761245727539
107,2020-06-24 21:00:00+00:00,15.5,19.145240783691406
107,2012-02-16 20:00:00+00:00,0.19999980926513672,4.312989234924316
107,2015-07-01 04:00:00+00:00,16.5,18.196392059326172
107,2009-02-05 01:00:00+00:00,2.0,2.7634310722351074
107,2022-11-14 07:00:00+00:00,5.699999809265137,6.322877883911133
107,2022-03-04 08:00:00+00:00,0.19999980926513672,5.835679054260254
107,2008-05-10 17:00:00+00:00,19.200000762939453,17.957195281982422
107,2025-10-26 02:00:00+00:00,8.699999809265137,8.644952774047852
107,2024-02-10 13:00:00+00:00,13.899999618530273,6.3421454429626465
107,2018-02-03 08:00:00+00:00,3.0,4.292651653289795
107,2022-03-29 07:00:00+00:00,13.5,6.278898239135742
107,2020-10-23 10:00:00+00:00,9.399999618530273,11.981952667236328
107,2020-06-26 05:00:00+00:00,15.899999618530273,17.901315689086914
107,2015-03-09 11:00:00+00:00,12.800000190734863,8.394742965698242
107,2023-05-02 12:00:00+00:00,16.299999237060547,18.344257354736328
107,2022-01-24 22:00:00+00:00,-0.6999998092651367,3.7224559783935547
107,2014-06-23 10:00:00+00:00,22.600000381469727,22.714902877807617
107,2012-10-07 19:00:00+00:00,9.800000190734863,13.919388771057129
107,2016-10-16 11:00:00+00:00,18.5,14.475111961364746
107,2024-10-16 05:00:00+00:00,9.5,9.567073822021484
107,2019-11-21 17:00:00+00:00,9.899999618530273,6.737972736358643
107,2021-04-24 07:00:00+00:00,8.5,10.443340301513672
107,2025-10-13 20:00:00+00:00,11.199999809265137,12.708590507507324
107,2024-12-16 04:00:00+00:00,7.199999809265137,2.902644634246826
107,2009-04-18 10:00:00+00:00,16.899999618530273,13.594255447387695
107,2022-06-21 14:00:00+00:00,24.5,23.735637664794922
107,2008-06-30 04:00:00+00:00,19.100000381469727,17.94554328918457
107,2010-12-16 02:00:00+00:00,-6.5,1.9807538986206055
107,2012-11-28 04:00:00+00:00,6.0,4.052524089813232
107,2024-06-01 15:00:00+00:00,18.299999237060547,21.90123748779297
107,2016-01-10 02:00:00+00:00,0.39999961853027344,2.629666328430176
107,2014-07-12 02:00:00+00:00,16.100000381469727,18.315753936767578
107,2008-11-07 23:00:00+00:00,12.5,5.502392292022705
107,2013-12-11 03:00:00+00:00,2.3000001907348633,2.275094985961914
107,2022-10-07 12:00:00+00:00,20.200000762939453,14.986072540283203
107,2019-02-27 08:00:00+00:00,8.600000381469727,4.6712541580200195
107,2009-07-14 03:00:00+00:00,17.600000381469727,18.298553466796875
107,2008-03-15 12:00:00+00:00,12.199999809265137,9.408570289611816
107,2019-10-09 04:00:00+00:00,10.100000381469727,9.943076133728027
107,2022-01-10 17:00:00+00:00,2.9000000953674316,4.980134963989258
107,2016-07-24 22:00:00+00:00,22.5,19.971513748168945
107,2019-05-04 01:00:00+00:00,9.600000381469727,10.858960151672363
107,2010-12-26 09:00:00+00:00,-4.300000190734863,4.456057548522949
107,2019-10-04 00:00:00+00:00,9.800000190734863,10.778312683105469
107,2015-04-19 20:00:00+00:00,8.100000381469727,11.389776229858398
107,2015-12-05 16:00:00+00:00,5.699999809265137,5.198065280914307
107,2017-06-18 11:00:00+00:00,22.600000381469727,23.008888244628906
107,2024-09-08 14:00:00+00:00,30.0,22.08165740966797
107,2011-02-15 07:00:00+00:00,-0.8000001907348633,4.2351460456848145
107,2012-07-31 00:00:00+00:00,19.700000762939453,18.82207679748535
107,2019-10-04 01:00:00+00:00,9.699999809265137,10.59044075012207
107,2010-08-20 04:00:00+00:00,13.800000190734863,17.792987823486328
107,2009-03-28 01:00:00+00:00,6.099999904632568,6.120620250701904
107,2024-05-29 22:00:00+00:00,15.300000190734863,14.839024543762207
107,2018-09-25 07:00:00+00:00,9.100000381469727,15.845316886901855
107,2018-08-20 15:00:00+00:00,34.20000076293945,24.376110076904297
107,2020-11-09 06:00:00+00:00,4.5,6.068902015686035
107,2020-01-05 19:00:00+00:00,0.10000038146972656,4.2801289558410645
107,2014-08-15 07:00:00+00:00,19.100000381469727,20.36747169494629
107,2012-01-28 15:00:00+00:00,1.3000001907348633,5.361222267150879
107,2017-06-25 14:00:00+00:00,19.5,23.821552276611328
107,2023-12-05 00:00:00+00:00,-1.3999996185302734,2.904724597930908
107,2024-08-22 14:00:00+00:00,24.600000381469727,23.897384643554688
107,2022-08-28 07:00:00+00:00,20.799999237060547,20.52936553955078
107,2009-12-02 17:00:00+00:00,3.8000001907348633,4.63252592086792
107,2019-02-01 04:00:00+00:00,-1.1999998092651367,2.9160680770874023
107,2023-09-28 13:00:00+00:00,27.5,18.64885711669922
107,2015-05-30 13:00:00+00:00,23.799999237060547,20.805564880371094
107,2016-12-07 22:00:00+00:00,-2.6999998092651367,3.0251569747924805
107,2017-02-14 09:00:00+00:00,-0.10000038146972656,4.897611141204834
107,2023-07-08 01:00:00+00:00,15.699999809265137,18.36121368408203
107,2021-08-03 10:00:00+00:00,23.299999237060547,23.731576919555664
107,2024-02-08 09:00:00+00:00,12.100000381469727,4.351099014282227
107,2010-04-07 21:00:00+00:00,7.800000190734863,8.39979362487793
107,2016-04-04 03:00:00+00:00,9.699999809265137,7.078545570373535
107,2024-12-23 09:00:00+00:00,3.6999998092651367,4.520462512969971
107,2023-01-07 22:00:00+00:00,4.199999809265137,3.027099132537842
107,2023-03-28 08:00:00+00:00,4.400000095367432,6.887517929077148
107,2020-08-16 16:00:00+00:00,24.399999618530273,24.114795684814453
107,2018-09-27 17:00:00+00:00,17.200000762939453,17.49610137939453
107,2021-03-08 23:00:00+00:00,1.6000003814697266,5.7297515869140625
107,2011-07-04 14:00:00+00:00,20.799999237060547,24.79444122314453
107,2014-03-10 11:00:00+00:00,11.100000381469727,8.46403694152832
107,2022-04-30 15:00:00+00:00,19.799999237060547,16.104093551635742
107,2008-12-01 13:00:00+00:00,10.5,6.746912002563477
107,2013-06-11 03:00:00+00:00,14.0,16.09552574157715
107,2024-08-16 01:00:00+00:00,22.899999618530273,17.892139434814453
107,2008-04-13 16:00:00+00:00,14.600000381469727,14.16358757019043
107,2016-07-30 06:00:00+00:00,21.0,20.49109649658203
107,2011-03-24 19:00:00+00:00,14.199999809265137,6.990019798278809
107,2009-10-07 14:00:00+00:00,27.299999237060547,14.604736328125
107,2017-11-15 04:00:00+00:00,0.3000001907348633,4.836767673492432
107,2010-11-18 03:00:00+00:00,7.300000190734863,4.324899673461914
107,2011-12-16 03:00:00+00:00,3.6999998092651367,2.0920286178588867
107,2011-05-20 22:00:00+00:00,16.700000762939453,13.689952850341797
107,2010-02-20 21:00:00+00:00,2.3999996185302734,5.059237003326416
107,2017-05-30 17:00:00+00:00,28.200000762939453,19.754444122314453
107,2020-08-08 19:00:00+00:00,27.100000381469727,22.016847610473633
107,2025-03-04 13:00:00+00:00,12.100000381469727,7.91973876953125
107,2010-05-13 16:00:00+00:00,14.0,18.67425537109375
107,2024-04-14 06:00:00+00:00,12.800000190734863,9.071977615356445
107,2021-07-30 15:00:00+00:00,27.100000381469727,24.62997055053711
107,2023-08-24 04:00:00+00:00,21.0,17.961978912353516
107,2010-02-17 18:00:00+00:00,2.3999996185302734,4.899031639099121
107,2009-10-17 01:00:00+00:00,6.5,9.460488319396973
107,2013-03-11 12:00:00+00:00,12.0,8.935773849487305
107,2009-02-13 18:00:00+00:00,-0.5,5.05055570602417
107,2020-02-29 07:00:00+00:00,3.1999998092651367,4.935192584991455
107,2016-03-06 12:00:00+00:00,10.399999618530273,9.162073135375977
107,2022-12-15 23:00:00+00:00,-0.10000038146972656,2.4202370643615723
107,2017-03-30 17:00:00+00:00,17.700000762939453,8.133011817932129
107,2025-06-08 21:00:00+00:00,16.100000381469727,18.331729888916016
107,2023-12-10 19:00:00+00:00,6.300000190734863,4.597751617431641
107,2011-06-03 16:00:00+00:00,19.600000381469727,21.40367317199707
107,2016-12-14 22:00:00+00:00,0.8999996185302734,2.883951187133789
107,2024-10-17 12:00:00+00:00,11.899999618530273,12.96778392791748
107,2022-03-30 05:00:00+00:00,9.199999809265137,5.448106288909912
107,2018-04-10 01:00:00+00:00,12.600000381469727,7.2246928215026855
107,2008-09-04 19:00:00+00:00,23.5,18.528398513793945
107,2019-11-04 01:00:00+00:00,13.800000190734863,5.722245216369629
107,2008-11-09 13:00:00+00:00,9.5,10.096907615661621
107,2021-09-16 13:00:00+00:00,26.299999237060547,19.964378356933594
107,2018-02-24 13:00:00+00:00,-0.8000001907348633,7.062406539916992
107,2013-10-21 06:00:00+00:00,9.600000381469727,9.985886573791504
107,2013-10-11 11:00:00+00:00,10.899999618530273,14.10667610168457
107,2014-04-22 02:00:00+00:00,11.899999618530273,7.751443862915039
107,2012-04-02 02:00:00+00:00,2.3999996185302734,7.040065765380859
107,2013-08-02 04:00:00+00:00,17.200000762939453,18.429283142089844
107,2020-01-17 12:00:00+00:00,-0.8000001907348633,4.3579792976379395
107,2024-11-24 18:00:00+00:00,3.4000000953674316,7.614114284515381
107,2025-10-01 03:00:00+00:00,8.0,10.598721504211426
107,2014-09-05 13:00:00+00:00,24.799999237060547,21.603164672851562
107,2010-12-14 17:00:00+00:00,-4.0,4.947659015655518
107,2010-12-09 16:00:00+00:00,0.5,4.179797172546387
107,2008-06-29 22:00:00+00:00,21.399999618530273,18.487396240234375
107,2009-01-23 14:00:00+00:00,4.199999809265137,4.525075435638428
107,2011-03-01 07:00:00+00:00,-0.39999961853027344,5.2643938064575195
107,2020-05-06 23:00:00+00:00,10.5,11.856311798095703
107,2017-03-30 20:00:00+00:00,12.800000190734863,7.003184795379639
107,2011-11-19 23:00:00+00:00,2.1000003814697266,4.864898681640625
107,2017-08-30 06:00:00+00:00,17.399999618530273,18.761974334716797
107,2013-10-24 02:00:00+00:00,14.600000381469727,8.448843002319336
107,2021-12-23 18:00:00+00:00,-2.6999998092651367,3.669215679168701
107,2011-07-31 20:00:00+00:00,16.600000381469727,21.434703826904297
107,2018-07-27 03:00:00+00:00,18.899999618530273,18.403940200805664
107,2024-08-10 07:00:00+00:00,26.399999618530273,20.870716094970703
107,2012-12-24 21:00:00+00:00,0.0,3.7605881690979004
107,2017-11-02 15:00:00+00:00,14.699999809265137,9.14736557006836
107,2014-11-13 06:00:00+00:00,8.899999618530273,5.356712818145752
107,2016-11-27 12:00:00+00:00,8.600000381469727,8.633476257324219
107,2008-03-11 21:00:00+00:00,6.699999809265137,5.919305324554443
107,2015-07-05 06:00:00+00:00,23.799999237060547,20.481552124023438
107,2016-07-03 23:00:00+00:00,15.800000190734863,19.091060638427734
107,2009-02-24 06:00:00+00:00,1.0,4.20255708694458
107,2012-08-05 05:00:00+00:00,18.899999618530273,19.689289093017578
107,2018-07-04 13:00:00+00:00,29.299999237060547,24.524921417236328
107,2023-08-29 09:00:00+00:00,15.899999618530273,22.229358673095703
107,2014-02-17 20:00:00+00:00,5.099999904632568,5.329521656036377
107,2022-06-30 15:00:00+00:00,33.099998474121094,23.414318084716797
107,2016-09-06 14:00:00+00:00,16.799999237060547,21.89067840576172
107,2012-01-04 18:00:00+00:00,5.699999809265137,3.6502599716186523
107,2018-06-11 11:00:00+00:00,28.600000381469727,22.598731994628906
107,2014-09-22 17:00:00+00:00,11.100000381469727,19.796443939208984
107,2020-03-15 02:00:00+00:00,0.39999961853027344,5.606310844421387
107,2025-06-16 00:00:00+00:00,23.799999237060547,16.955371856689453
107,2011-02-15 16:00:00+00:00,-1.1000003814697266,5.916871070861816
107,2015-06-01 12:00:00+00:00,25.200000762939453,22.374366760253906
107,2010-10-22 21:00:00+00:00,5.800000190734863,10.09361743927002
107,2009-07-11 11:00:00+00:00,19.5,24.226383209228516
107,2023-07-03 07:00:00+00:00,23.200000762939453,21.187063217163086
107,2014-03-20 17:00:00+00:00,17.0,7.393660545349121
107,2008-11-06 13:00:00+00:00,18.200000762939453,8.914192199707031
107,2018-12-07 17:00:00+00:00,4.199999809265137,4.210313320159912
107,2010-10-15 02:00:00+00:00,8.199999809265137,9.559247016906738
107,2019-12-21 14:00:00+00:00,9.5,5.245021343231201
107,2024-04-30 05:00:00+00:00,13.100000381469727,8.804895401000977
107,2011-01-12 15:00:00+00:00,6.300000190734863,4.193854808807373
107,2016-08-23 12:00:00+00:00,24.200000762939453,24.163103103637695
107,2022-07-05 13:00:00+00:00,21.5,24.700748443603516
107,2012-06-10 23:00:00+00:00,13.600000381469727,16.931488037109375
107,2022-03-19 05:00:00+00:00,1.6000003814697266,5.624947547912598
107,2018-01-27 19:00:00+00:00,3.3000001907348633,4.506030082702637
107,2018-11-26 22:00:00+00:00,3.3000001907348633,5.13029670715332
107,2012-11-02 02:00:00+00:00,4.0,5.326761722564697
107,2018-02-08 19:00:00+00:00,1.3999996185302734,4.278506755828857
107,2022-01-18 10:00:00+00:00,4.400000095367432,4.457206726074219
107,2015-04-28 12:00:00+00:00,15.5,15.352090835571289
107,2025-07-15 08:00:00+00:00,25.0,22.362194061279297
107,2017-11-20 01:00:00+00:00,4.800000190734863,4.663661479949951
107,2020-03-21 03:00:00+00:00,10.300000190734863,5.5811614990234375
107,2009-05-22 23:00:00+00:00,15.800000190734863,13.32086181640625
107,2010-10-31 17:00:00+00:00,13.899999618530273,12.514958381652832
107,2023-02-26 00:00:00+00:00,2.1999998092651367,4.765817642211914
107,2018-03-16 11:00:00+00:00,7.699999809265137,8.029633522033691
107,2022-09-01 10:00:00+00:00,21.5,20.067188262939453
107,2018-09-12 00:00:00+00:00,19.0,15.566706657409668
107,2008-12-11 08:00:00+00:00,2.6999998092651367,3.233018398284912
107,2020-03-08 07:00:00+00:00,6.199999809265137,6.0666584968566895
107,2019-11-28 02:00:00+00:00,6.199999809265137,3.7944235801696777
107,2019-07-19 19:00:00+00:00,23.700000762939453,22.09749412536621
107,2015-08-29 02:00:00+00:00,20.200000762939453,16.9863224029541
107,2024-10-19 18:00:00+00:00,11.600000381469727,12.580957412719727
107,2012-02-13 21:00:00+00:00,-4.699999809265137,4.874789237976074
107,2017-05-16 17:00:00+00:00,22.200000762939453,18.518909454345703
107,2013-10-14 19:00:00+00:00,10.5,13.236446380615234
107,2021-03-31 20:00:00+00:00,15.5,6.979217052459717
107,2010-07-26 05:00:00+00:00,14.100000381469727,19.810256958007812
107,2010-06-25 06:00:00+00:00,18.399999618530273,18.802433013916016
107,2022-09-14 15:00:00+00:00,24.700000762939453,20.303550720214844
107,2025-01-11 22:00:00+00:00,1.6000003814697266,3.100529670715332
107,2012-03-26 03:00:00+00:00,9.899999618530273,5.841104984283447
107,2025-08-29 20:00:00+00:00,20.700000762939453,19.93230438232422
107,2012-12-19 05:00:00+00:00,3.5999999046325684,2.510499954223633
107,2017-10-06 13:00:00+00:00,12.0,15.24625015258789
107,2024-06-07 00:00:00+00:00,16.5,16.072410583496094
107,2012-01-16 16:00:00+00:00,-0.6999998092651367,5.418604373931885
107,2017-10-09 15:00:00+00:00,12.100000381469727,15.851913452148438
107,2016-12-13 10:00:00+00:00,0.0,4.749137878417969
107,2009-06-03 22:00:00+00:00,12.5,17.120635986328125
107,2023-05-26 20:00:00+00:00,19.200000762939453,16.023855209350586
107,2013-12-13 10:00:00+00:00,1.6999998092651367,4.1775922775268555
107,2025-06-13 13:00:00+00:00,23.799999237060547,22.693593978881836
107,2015-01-04 07:00:00+00:00,2.1999998092651367,3.328019142150879
107,2015-09-09 02:00:00+00:00,10.100000381469727,15.288748741149902
107,2013-12-23 21:00:00+00:00,1.5,3.748854637145996
107,2017-07-18 02:00:00+00:00,16.600000381469727,18.32443618774414
107,2020-03-24 08:00:00+00:00,0.0,6.697495460510254
107,2023-11-25 12:00:00+00:00,1.8999996185302734,8.33871841430664
107,2019-06-21 03:00:00+00:00,17.100000381469727,16.344985961914062
107,2019-06-03 11:00:00+00:00,25.600000381469727,22.09508514404297
107,2015-03-07 22:00:00+00:00,0.8000001907348633,6.185142517089844
107,2013-09-14 22:00:00+00:00,15.199999809265137,16.056779861450195
107,2019-07-03 04:00:00+00:00,17.200000762939453,18.267715454101562
107,2023-06-27 22:00:00+00:00,16.100000381469727,18.787160873413086
107,2011-06-01 14:00:00+00:00,22.5,22.413036346435547
107,2022-07-25 14:00:00+00:00,33.5,25.19175148010254
107,2017-02-28 06:00:00+00:00,1.5,4.367110252380371
107,2024-10-05 08:00:00+00:00,11.199999809265137,12.706453323364258
107,2022-10-11 01:00:00+00:00,11.100000381469727,10.016044616699219
107,2008-11-23 06:00:00+00:00,-0.6999998092651367,5.042030334472656
107,2023-08-11 19:00:00+00:00,20.399999618530273,21.710933685302734
107,2016-08-14 13:00:00+00:00,29.0,24.874021530151367
107,2009-12-10 03:00:00+00:00,5.300000190734863,2.042782783508301
107,2017-05-08 20:00:00+00:00,11.899999618530273,14.9439697265625
107,2025-07-13 12:00:00+00:00,27.899999618530273,24.918804168701172
107,2022-08-12 02:00:00+00:00,16.299999237060547,17.886064529418945
107,2017-03-24 21:00:00+00:00,6.699999809265137,6.856667995452881
107,2010-07-03 06:00:00+00:00,22.899999618530273,20.242080688476562
107,2015-04-18 22:00:00+00:00,5.099999904632568,9.511442184448242
107,2018-01-26 15:00:00+00:00,2.3000001907348633,4.513060569763184
107,2010-12-31 10:00:00+00:00,-4.899999618530273,4.017976760864258
107,2008-04-29 12:00:00+00:00,17.799999237060547,15.56944465637207
107,2023-08-08 23:00:00+00:00,15.0,19.32524871826172
107,2011-11-13 15:00:00+00:00,6.199999809265137,9.721318244934082
107,2017-04-17 18:00:00+00:00,7.199999809265137,12.462310791015625
107,2008-05-03 11:00:00+00:00,16.100000381469727,18.312061309814453
107,2010-12-15 22:00:00+00:00,-5.0,2.883951187133789
107,2019-02-01 20:00:00+00:00,4.599999904632568,4.069243431091309
107,2022-10-23 21:00:00+00:00,11.899999618530273,10.669107437133789
107,2020-01-04 07:00:00+00:00,7.800000190734863,3.052522659301758
107,2018-03-08 16:00:00+00:00,9.699999809265137,6.914027214050293
107,2018-04-30 20:00:00+00:00,18.0,12.090324401855469
107,2012-01-27 21:00:00+00:00,-3.3999996185302734,3.28361177444458
107,2012-04-16 20:00:00+00:00,4.599999904632568,10.726736068725586
107,2020-07-23 10:00:00+00:00,25.899999618530273,23.521503448486328
107,2010-06-10 22:00:00+00:00,21.100000381469727,17.52796173095703
107,2012-08-26 15:00:00+00:00,18.0,24.1507625579834
107,2020-05-01 22:00:00+00:00,11.0,12.223836898803711
107,2025-09-16 08:00:00+00:00,17.299999237060547,17.959239959716797
107,2014-01-22 03:00:00+00:00,2.1000003814697266,2.1368227005004883
107,2010-03-10 23:00:00+00:00,0.0,5.037919044494629
107,2014-10-24 16:00:00+00:00,9.199999809265137,12.462697982788086
107,2010-08-30 20:00:00+00:00,11.300000190734863,20.738616943359375
107,2009-07-19 13:00:00+00:00,22.299999237060547,25.189687728881836
107,2025-09-03 11:00:00+00:00,23.700000762939453,20.947458267211914
107,2020-05-03 18:00:00+00:00,13.199999809265137,16.64278793334961
107,2024-02-10 00:00:00+00:00,8.300000190734863,3.8180365562438965
107,2019-08-23 04:00:00+00:00,17.299999237060547,17.60989761352539
107,2008-01-25 05:00:00+00:00,5.599999904632568,2.613279342651367
107,2016-12-25 19:00:00+00:00,8.699999809265137,4.523349285125732
107,2014-02-26 03:00:00+00:00,2.6999998092651367,3.433988094329834
107,2021-02-09 07:00:00+00:00,0.8000001907348633,4.030726432800293
107,2021-05-12 18:00:00+00:00,13.600000381469727,16.955778121948242
107,2024-01-30 18:00:00+00:00,2.9000000953674316,4.607369422912598
107,2010-05-29 06:00:00+00:00,17.0,15.315165519714355
107,2025-02-22 06:00:00+00:00,-1.1999998092651367,4.36907434463501
107,2011-08-03 18:00:00+00:00,25.200000762939453,22.728618621826172
107,2014-06-03 06:00:00+00:00,14.199999809265137,17.658103942871094
107,2012-08-15 23:00:00+00:00,17.0,19.046428680419922
107,2011-07-09 04:00:00+00:00,17.5,18.871978759765625
107,2022-04-11 21:00:00+00:00,5.599999904632568,9.494466781616211
107,2016-07-17 15:00:00+00:00,20.100000381469727,24.920814514160156
107,2017-07-16 13:00:00+00:00,22.0,25.14910125732422
107,2015-05-29 04:00:00+00:00,7.5,13.056295394897461
107,2011-03-02 10:00:00+00:00,2.5,6.098535060882568
107,2013-01-16 23:00:00+00:00,-1.0,2.5222887992858887
107,2020-06-23 09:00:00+00:00,21.5,21.94182586669922
107,2016-05-24 09:00:00+00:00,11.0,18.362831115722656
107,2011-10-23 16:00:00+00:00,6.900000095367432,14.029296875
107,2023-04-02 05:00:00+00:00,9.5,7.488738536834717
107,2008-06-04 11:00:00+00:00,21.700000762939453,21.903156280517578
107,2010-01-11 20:00:00+00:00,-1.5,3.9212708473205566
107,2012-07-17 06:00:00+00:00,15.899999618530273,20.352706909179688
107,2022-12-15 18:00:00+00:00,0.10000038146972656,3.757242202758789
107,2014-07-15 05:00:00+00:00,20.200000762939453,19.427021026611328
107,2019-06-26 00:00:00+00:00,22.299999237060547,17.264211654663086
107,2010-12-28 01:00:00+00:00,-4.399999618530273,2.613023281097412
107,2012-12-02 02:00:00+00:00,2.1000003814697266,2.8806915283203125
107,2024-02-24 15:00:00+00:00,9.699999809265137,6.907633304595947
107,2012-08-15 05:00:00+00:00,13.600000381469727,18.70428466796875
107,2018-01-03 14:00:00+00:00,8.100000381469727,4.183091640472412
107,2019-05-24 11:00:00+00:00,19.799999237060547,19.45166778564453
107,2017-09-18 13:00:00+00:00,17.200000762939453,21.36176872253418
107,2017-04-26 03:00:00+00:00,9.800000190734863,7.807194709777832
107,2023-01-08 11:00:00+00:00,3.6999998092651367,4.896700382232666
107,2023-11-05 15:00:00+00:00,13.699999809265137,10.316302299499512
107,2025-07-26 03:00:00+00:00,19.200000762939453,18.624332427978516
107,2008-07-06 10:00:00+00:00,25.899999618530273,23.838327407836914
107,2013-07-26 07:00:00+00:00,24.299999237060547,21.15115737915039
107,2008-11-22 04:00:00+00:00,0.19999980926513672,4.2939581871032715
107,2023-06-14 18:00:00+00:00,19.600000381469727,21.274036407470703
107,2014-02-02 22:00:00+00:00,-0.19999980926513672,4.263227462768555
107,2013-10-12 19:00:00+00:00,13.100000381469727,12.745555877685547
107,2014-03-20 02:00:00+00:00,11.399999618530273,5.0064897537231445
107,2008-12-01 01:00:00+00:00,6.300000190734863,3.0533175468444824
107,2013-07-29 18:00:00+00:00,28.399999618530273,23.183944702148438
107,2018-01-30 18:00:00+00:00,5.5,4.607369422912598
107,2011-05-23 12:00:00+00:00,24.399999618530273,20.363601684570312
107,2025-05-18 15:00:00+00:00,10.899999618530273,19.937355041503906
107,2022-01-20 20:00:00+00:00,0.8999996185302734,3.1753807067871094
107,2019-05-21 23:00:00+00:00,13.399999618530273,13.621469497680664
107,2022-12-09 21:00:00+00:00,4.0,3.0850491523742676
107,2008-06-26 19:00:00+00:00,20.399999618530273,20.83051872253418
107,2020-01-22 14:00:00+00:00,3.5,4.463108539581299
107,2023-08-12 14:00:00+00:00,28.5,24.781898498535156
107,2010-08-05 05:00:00+00:00,14.300000190734863,18.980384826660156
107,2009-03-14 05:00:00+00:00,5.0,5.423171043395996
107,2008-09-09 16:00:00+00:00,24.899999618530273,20.898460388183594
107,2008-05-15 20:00:00+00:00,17.899999618530273,14.866558074951172
107,2021-12-16 00:00:00+00:00,5.800000190734863,2.2141599655151367
107,2014-04-28 04:00:00+00:00,11.300000190734863,8.69635009765625
107,2009-03-21 16:00:00+00:00,4.300000190734863,9.515796661376953
107,2014-10-12 01:00:00+00:00,11.5,10.153909683227539
107,2012-10-16 02:00:00+00:00,7.800000190734863,9.360551834106445
107,2013-11-17 16:00:00+00:00,5.199999809265137,9.198943138122559
107,2013-11-05 02:00:00+00:00,9.199999809265137,5.509637832641602
107,2017-05-02 15:00:00+00:00,16.799999237060547,18.286205291748047
107,2021-12-17 18:00:00+00:00,5.400000095367432,3.8342604637145996
107,2024-12-12 19:00:00+00:00,2.0,3.530606269836426
107,2017-01-22 18:00:00+00:00,-2.1999998092651367,5.092877388000488
107,2013-09-12 12:00:00+00:00,18.299999237060547,20.172351837158203
107,2012-03-23 00:00:00+00:00,9.199999809265137,5.897966384887695
107,2017-05-12 20:00:00+00:00,15.699999809265137,14.681575775146484
107,2012-04-18 14:00:00+00:00,14.300000190734863,14.063152313232422
107,2020-08-28 13:00:00+00:00,29.700000762939453,23.661575317382812
107,2015-08-14 01:00:00+00:00,23.5,18.020936965942383
107,2010-03-16 03:00:00+00:00,5.0,5.010187149047852
107,2023-08-29 22:00:00+00:00,14.699999809265137,19.02278709411621
107,2022-09-08 21:00:00+00:00,16.299999237060547,17.059995651245117
107,2016-02-11 09:00:00+00:00,4.699999809265137,4.459732532501221
107,2025-05-26 22:00:00+00:00,14.399999618530273,14.951744079589844
107,2008-09-20 06:00:00+00:00,9.600000381469727,15.215892791748047
107,2022-06-05 05:00:00+00:00,19.200000762939453,17.077646255493164
107,2020-01-12 06:00:00+00:00,-3.5,3.130032539367676
107,2017-09-29 01:00:00+00:00,10.5,13.286419868469238
107,2024-04-16 00:00:00+00:00,13.0,7.882748126983643
107,2021-03-23 19:00:00+00:00,5.900000095367432,7.407739639282227
107,2009-01-22 04:00:00+00:00,1.8999996185302734,2.175217628479004
107,2012-10-07 12:00:00+00:00,17.100000381469727,16.017284393310547
107,2023-01-27 10:00:00+00:00,0.39999961853027344,4.260675430297852
107,2013-08-02 10:00:00+00:00,29.799999237060547,23.299760818481445
107,2008-06-19 08:00:00+00:00,22.0,20.260982513427734
107,2013-07-31 20:00:00+00:00,22.399999618530273,21.321475982666016
107,2019-08-02 05:00:00+00:00,19.899999618530273,19.029102325439453
107,2009-07-30 18:00:00+00:00,26.100000381469727,23.009227752685547
107,2023-03-10 16:00:00+00:00,15.0,7.82525634765625
107,2019-08-12 08:00:00+00:00,27.399999618530273,22.166114807128906
107,2014-10-09 02:00:00+00:00,13.300000190734863,9.879579544067383
107,2023-10-28 06:00:00+00:00,10.399999618530273,9.194329261779785
107,2018-07-26 18:00:00+00:00,19.399999618530273,23.03234100341797
107,2015-10-30 09:00:00+00:00,10.5,10.569354057312012
107,2022-09-22 00:00:00+00:00,9.199999809265137,14.393067359924316
107,2008-03-02 21:00:00+00:00,12.0,6.579231262207031
107,2020-10-03 04:00:00+00:00,16.100000381469727,10.737798690795898
107,2014-09-07 18:00:00+00:00,19.399999618530273,20.545320510864258
107,2008-07-14 17:00:00+00:00,17.399999618530273,23.880844116210938
107,2012-08-02 01:00:00+00:00,18.700000762939453,18.530773162841797
107,2023-05-02 16:00:00+00:00,14.600000381469727,17.671937942504883
107,2022-09-27 11:00:00+00:00,13.800000190734863,19.19232177734375
107,2023-10-26 05:00:00+00:00,13.899999618530273,8.803121566772461
107,2024-08-07 17:00:00+00:00,28.0,23.34255599975586
107,2016-10-23 14:00:00+00:00,12.199999809265137,14.379022598266602
107,2012-07-20 02:00:00+00:00,18.799999237060547,18.316267013549805
107,2022-05-17 11:00:00+00:00,19.200000762939453,19.214473724365234
107,2012-03-23 06:00:00+00:00,6.5,5.832109451293945
107,2021-07-14 22:00:00+00:00,18.399999618530273,19.82378387451172
107,2008-08-16 00:00:00+00:00,13.600000381469727,18.240516662597656
107,2021-07-21 23:00:00+00:00,16.899999618530273,19.33574676513672
107,2023-10-26 06:00:00+00:00,14.300000190734863,9.1575927734375
107,2013-10-06 08:00:00+00:00,8.5,13.183942794799805
107,2021-12-07 10:00:00+00:00,3.5,4.936582565307617
107,2008-10-27 17:00:00+00:00,8.300000190734863,12.879475593566895
107,2017-06-09 07:00:00+00:00,19.299999237060547,18.98052978515625
107,2010-08-05 09:00:00+00:00,21.799999237060547,22.334625244140625
107,2020-09-04 02:00:00+00:00,11.5,15.12890625
107,2021-02-25 00:00:00+00:00,4.800000190734863,3.678821086883545
107,2011-05-09 00:00:00+00:00,6.199999809265137,12.01498031616211
107,2025-02-20 01:00:00+00:00,-3.3999996185302734,3.285717010498047
107,2022-12-26 19:00:00+00:00,6.699999809265137,4.531041145324707
107,2009-01-22 00:00:00+00:00,2.0,2.267573356628418
107,2021-02-11 21:00:00+00:00,-4.699999809265137,3.930262565612793
107,2013-05-24 17:00:00+00:00,12.199999809265137,18.78795623779297
107,2012-04-11 05:00:00+00:00,5.5,7.133742809295654
107,2012-07-11 15:00:00+00:00,25.399999618530273,24.570262908935547
107,2016-05-16 12:00:00+00:00,12.899999618530273,19.921302795410156
107,2017-01-21 03:00:00+00:00,-9.399999618530273,2.5802721977233887
107,2023-04-02 03:00:00+00:00,9.5,7.1571044921875
107,2024-07-21 13:00:00+00:00,30.0,25.219486236572266
107,2010-03-22 02:00:00+00:00,12.699999809265137,5.700691223144531
107,2012-03-06 10:00:00+00:00,3.5,6.8782758712768555
107,2013-01-27 19:00:00+00:00,-5.899999618530273,4.899364948272705
107,2013-03-09 06:00:00+00:00,6.400000095367432,5.469376087188721
107,2018-07-17 02:00:00+00:00,18.799999237060547,18.318134307861328
107,2017-05-13 13:00:00+00:00,21.399999618530273,19.632129669189453
107,2023-07-28 12:00:00+00:00,28.799999237060547,24.534603118896484
107,2013-05-04 21:00:00+00:00,15.600000381469727,13.612089157104492
107,2017-06-28 21:00:00+00:00,22.899999618530273,19.24115562438965
107,2014-08-24 06:00:00+00:00,14.699999809265137,19.8414306640625
107,2018-11-12 03:00:00+00:00,5.400000095367432,5.0600266456604
107,2013-10-17 12:00:00+00:00,12.699999809265137,13.078572273254395
107,2015-07-20 01:00:00+00:00,22.399999618530273,18.710451126098633
107,2012-05-16 13:00:00+00:00,10.300000190734863,20.011194229125977
107,2010-12-12 10:00:00+00:00,4.099999904632568,4.989687919616699
107,2011-08-26 09:00:00+00:00,31.299999237060547,21.62506866455078
107,2021-05-31 22:00:00+00:00,13.0,15.366250991821289
107,2012-12-09 12:00:00+00:00,-0.8000001907348633,5.931500434875488
107,2024-02-05 22:00:00+00:00,11.699999809265137,4.262575626373291
107,2015-04-26 19:00:00+00:00,14.600000381469727,12.954168319702148
107,2020-01-31 12:00:00+00:00,14.600000381469727,4.749650001525879
107,2024-01-02 02:00:00+00:00,4.599999904632568,2.160048484802246
107,2017-12-06 15:00:00+00:00,4.199999809265137,4.820320129394531
107,2009-04-18 02:00:00+00:00,6.300000190734863,8.066266059875488
107,2009-10-21 06:00:00+00:00,3.0999999046325684,9.598448753356934
107,2016-08-28 18:00:00+00:00,24.899999618530273,22.274520874023438
107,2017-01-16 16:00:00+00:00,-1.3000001907348633,5.418604373931885
107,2021-04-04 15:00:00+00:00,8.399999618530273,13.76053524017334
107,2019-11-08 10:00:00+00:00,9.699999809265137,8.070045471191406
107,2009-09-03 13:00:00+00:00,27.600000381469727,21.273399353027344
107,2017-09-28 08:00:00+00:00,16.0,15.992128372192383
107,2013-12-14 12:00:00+00:00,2.0,5.190365791320801
107,2009-04-27 18:00:00+00:00,16.200000762939453,13.463879585266113
107,2019-08-17 17:00:00+00:00,25.799999237060547,23.36903953552246
107,2013-08-15 16:00:00+00:00,23.200000762939453,23.654937744140625
107,2024-08-25 02:00:00+00:00,20.899999618530273,17.650894165039062
107,2009-04-16 16:00:00+00:00,22.200000762939453,12.99890422821045
107,2013-05-24 13:00:00+00:00,13.800000190734863,20.07364273071289
107,2019-03-07 15:00:00+00:00,17.5,7.062166213989258
107,2015-08-31 09:00:00+00:00,29.299999237060547,22.251232147216797
107,2022-01-02 20:00:00+00:00,6.400000095367432,3.8540024757385254
107,2018-02-05 05:00:00+00:00,-3.1999998092651367,3.515523910522461
107,2024-01-19 16:00:00+00:00,0.3000001907348633,4.189497947692871
107,2015-11-17 04:00:00+00:00,13.399999618530273,4.790390491485596
107,2018-09-15 00:00:00+00:00,16.399999618530273,14.744973182678223
107,2020-01-24 11:00:00+00:00,-1.6999998092651367,4.3966498374938965
107,2024-04-29 09:00:00+00:00,22.899999618530273,13.798788070678711
107,2014-07-22 11:00:00+00:00,22.600000381469727,24.522785186767578
107,2020-10-14 18:00:00+00:00,9.0,12.224050521850586
107,2013-01-20 12:00:00+00:00,-1.8999996185302734,5.5206193923950195
107,2008-01-27 05:00:00+00:00,8.0,3.309704303741455
107,2010-11-02 16:00:00+00:00,11.800000190734863,9.647780418395996
107,2021-01-10 21:00:00+00:00,-3.5,3.6698455810546875
107,2010-06-29 10:00:00+00:00,25.899999618530273,22.82493782043457
107,2013-05-26 09:00:00+00:00,12.800000190734863,18.856319427490234
107,2010-11-24 22:00:00+00:00,3.9000000953674316,4.908088207244873
107,2008-06-28 08:00:00+00:00,21.799999237060547,21.257797241210938
107,2011-01-25 21:00:00+00:00,-0.3000001907348633,3.602306842803955
107,2020-01-23 04:00:00+00:00,1.1000003814697266,2.200617790222168
107,2017-10-09 04:00:00+00:00,7.5,10.397522926330566
107,2024-11-30 19:00:00+00:00,1.6999998092651367,6.000958442687988
107,2013-05-18 22:00:00+00:00,14.300000190734863,13.950045585632324
107,2025-02-15 17:00:00+00:00,-0.19999980926513672,6.023701190948486
107,2016-06-29 06:00:00+00:00,18.899999618530273,18.920177459716797
107,2020-06-19 01:00:00+00:00,17.200000762939453,16.38762092590332
107,2024-02-16 21:00:00+00:00,7.599999904632568,4.316931247711182
107,2012-12-23 21:00:00+00:00,0.19999980926513672,3.797788143157959
107,2022-06-03 16:00:00+00:00,27.100000381469727,21.40367317199707
107,2022-10-06 20:00:00+00:00,16.100000381469727,11.907194137573242
107,2024-04-25 04:00:00+00:00,4.599999904632568,7.877021789550781
107,2023-09-12 23:00:00+00:00,20.799999237060547,16.42608642578125
107,2012-12-30 20:00:00+00:00,-0.10000038146972656,4.234470844268799
107,2020-12-24 06:00:00+00:00,6.099999904632568,2.4322080612182617
107,2017-09-07 01:00:00+00:00,17.299999237060547,15.573749542236328
107,2023-01-16 01:00:00+00:00,5.099999904632568,2.8092498779296875
107,2009-11-16 06:00:00+00:00,7.300000190734863,5.6316704750061035
107,2024-04-21 03:00:00+00:00,3.0,8.229183197021484
107,2022-04-19 04:00:00+00:00,7.099999904632568,7.598942756652832
107,2025-03-14 03:00:00+00:00,5.099999904632568,5.021167278289795
107,2019-12-06 21:00:00+00:00,-1.1000003814697266,3.146918773651123
107,2008-02-28 17:00:00+00:00,10.300000190734863,5.401279926300049
107,2023-04-23 03:00:00+00:00,10.899999618530273,8.28931713104248
107,2008-09-14 11:00:00+00:00,12.199999809265137,20.89666748046875
107,2025-06-02 10:00:00+00:00,24.0,21.45688819885254
107,2013-07-24 12:00:00+00:00,30.700000762939453,24.734939575195312
107,2010-06-06 12:00:00+00:00,25.200000762939453,22.673973083496094
107,2020-05-02 18:00:00+00:00,14.199999809265137,16.327463150024414
107,2019-10-10 14:00:00+00:00,15.300000190734863,14.033787727355957
107,2020-12-06 05:00:00+00:00,5.800000190734863,3.0932936668395996
107,2011-07-23 15:00:00+00:00,19.600000381469727,24.870803833007812
107,2009-03-19 03:00:00+00:00,1.1000003814697266,4.919859409332275
107,2013-10-21 18:00:00+00:00,17.200000762939453,13.053257942199707
107,2012-09-10 00:00:00+00:00,16.799999237060547,16.24274444580078
107,2011-05-20 13:00:00+00:00,24.700000762939453,19.772865295410156
107,2008-02-05 02:00:00+00:00,6.699999809265137,2.9878649711608887
107,2023-09-01 22:00:00+00:00,18.100000381469727,17.064891815185547
107,2008-04-05 08:00:00+00:00,8.5,9.818474769592285
107,2009-03-26 13:00:00+00:00,6.699999809265137,8.561589241027832
107,2011-02-17 06:00:00+00:00,-0.19999980926513672,3.6012487411499023
107,2009-12-29 15:00:00+00:00,2.0,5.282016277313232
107,2018-11-08 03:00:00+00:00,7.5,4.972684860229492
107,2018-01-23 09:00:00+00:00,4.5,4.173306941986084
107,2014-06-05 06:00:00+00:00,16.399999618530273,17.150815963745117
107,2012-03-24 11:00:00+00:00,17.299999237060547,9.537054061889648
107,2025-04-16 21:00:00+00:00,16.700000762939453,9.049285888671875
107,2023-07-06 17:00:00+00:00,25.899999618530273,23.361404418945312
107,2010-05-16 02:00:00+00:00,6.900000095367432,11.996575355529785
107,2010-12-19 21:00:00+00:00,-9.80000114440918,3.786062240600586
107,2022-01-01 23:00:00+00:00,8.199999809265137,2.683513641357422
107,2010-06-17 22:00:00+00:00,17.700000762939453,17.957805633544922
107,2019-06-13 11:00:00+00:00,27.100000381469727,22.162458419799805
107,2009-02-27 23:00:00+00:00,4.599999904632568,4.264926910400391
107,2010-12-19 14:00:00+00:00,-8.5,6.023505687713623
107,2019-03-24 03:00:00+00:00,6.099999904632568,5.799452304840088
107,2025-05-04 20:00:00+00:00,13.800000190734863,14.669254302978516
107,2008-04-23 11:00:00+00:00,11.899999618530273,13.599498748779297
107,2022-04-26 07:00:00+00:00,9.5,9.955504417419434
107,2025-10-24 11:00:00+00:00,12.899999618530273,12.574621200561523
107,2008-05-11 23:00:00+00:00,11.399999618530273,12.749242782592773
107,2022-10-10 20:00:00+00:00,12.199999809265137,13.081541061401367
107,2017-06-20 03:00:00+00:00,13.899999618530273,16.631019592285156
107,2018-03-19 19:00:00+00:00,-3.6000003814697266,8.005767822265625
107,2016-12-14 19:00:00+00:00,1.1999998092651367,3.8331007957458496
107,2008-04-05 05:00:00+00:00,5.900000095367432,7.571727752685547
107,2016-04-30 23:00:00+00:00,8.699999809265137,9.66794490814209
107,2015-08-15 17:00:00+00:00,30.0,23.4482421875
107,2023-05-05 10:00:00+00:00,18.100000381469727,17.031082153320312
107,2010-08-18 09:00:00+00:00,21.100000381469727,22.280338287353516
107,2021-12-29 06:00:00+00:00,0.8999996185302734,2.781102180480957
107,2024-10-27 07:00:00+00:00,12.399999618530273,9.949735641479492
107,2021-06-06 16:00:00+00:00,21.600000381469727,22.09907341003418
107,2012-02-17 16:00:00+00:00,4.699999809265137,5.526219844818115
107,2025-07-10 01:00:00+00:00,15.800000190734863,18.482999801635742
107,2014-05-31 05:00:00+00:00,11.399999618530273,14.327898025512695
107,2025-02-09 18:00:00+00:00,1.8000001907348633,6.029748916625977
107,2017-06-24 01:00:00+00:00,19.600000381469727,16.706012725830078
107,2022-07-09 15:00:00+00:00,22.200000762939453,24.598236083984375
107,2009-02-03 21:00:00+00:00,1.6999998092651367,4.052778720855713
107,2021-02-04 14:00:00+00:00,12.100000381469727,4.813187599182129
107,2022-06-28 04:00:00+00:00,20.399999618530273,17.490615844726562
107,2013-07-29 00:00:00+00:00,27.100000381469727,18.989830017089844
107,2014-08-18 04:00:00+00:00,11.300000190734863,18.600496292114258
107,2018-05-29 02:00:00+00:00,18.700000762939453,13.25035285949707
107,2019-03-10 18:00:00+00:00,15.100000381469727,8.316572189331055
107,2009-05-08 19:00:00+00:00,18.700000762939453,15.326719284057617
107,2023-01-27 00:00:00+00:00,0.19999980926513672,2.6054258346557617
107,2009-09-26 15:00:00+00:00,20.200000762939453,20.153583526611328
107,2025-10-18 14:00:00+00:00,11.5,14.554550170898438
107,2024-11-01 01:00:00+00:00,8.699999809265137,5.507863998413086
107,2019-07-05 11:00:00+00:00,27.399999618530273,23.822650909423828
107,2022-01-01 18:00:00+00:00,11.199999809265137,4.112492084503174
107,2016-06-09 01:00:00+00:00,16.600000381469727,15.765661239624023
107,2015-12-21 14:00:00+00:00,3.5,6.099052429199219
107,2009-05-31 14:00:00+00:00,15.100000381469727,21.090835571289062
107,2023-11-04 12:00:00+00:00,12.300000190734863,9.839152336120605
107,2020-08-06 13:00:00+00:00,24.700000762939453,24.378284454345703
107,2023-08-17 20:00:00+00:00,22.799999237060547,20.600080490112305
107,2015-07-19 01:00:00+00:00,22.299999237060547,18.650482177734375
107,2017-04-08 02:00:00+00:00,9.800000190734863,7.459814071655273
107,2025-05-21 14:00:00+00:00,21.0,20.39874267578125
107,2013-12-18 16:00:00+00:00,-2.1000003814697266,4.407585620880127
107,2022-03-17 02:00:00+00:00,3.1999998092651367,4.870655059814453
107,2017-12-03 13:00:00+00:00,1.3000001907348633,6.521435260772705
107,2021-07-26 15:00:00+00:00,31.0,24.96700668334961
107,2011-09-29 18:00:00+00:00,18.399999618530273,16.671356201171875
107,2012-06-02 09:00:00+00:00,13.699999809265137,20.659393310546875
107,2012-07-19 16:00:00+00:00,21.399999618530273,24.195030212402344
107,2011-06-19 05:00:00+00:00,12.300000190734863,18.074649810791016
107,2008-04-07 14:00:00+00:00,6.599999904632568,14.005253791809082
107,2014-01-30 22:00:00+00:00,-0.39999961853027344,2.9718174934387207
107,2023-06-14 09:00:00+00:00,18.5,20.997716903686523
107,2008-05-08 07:00:00+00:00,14.699999809265137,13.375781059265137
107,2014-05-30 19:00:00+00:00,12.199999809265137,17.478134155273438
107,2019-10-24 18:00:00+00:00,18.700000762939453,11.221370697021484
107,2024-12-04 07:00:00+00:00,1.1000003814697266,3.3009033203125
107,2022-04-16 12:00:00+00:00,8.600000381469727,14.842105865478516
107,2016-12-07 20:00:00+00:00,-1.5,3.6913533210754395
107,2013-05-13 13:00:00+00:00,16.100000381469727,19.79674530029297
107,2014-05-02 14:00:00+00:00,21.600000381469727,18.314111709594727
107,2012-07-27 23:00:00+00:00,21.600000381469727,19.099822998046875
107,2011-02-19 23:00:00+00:00,0.6000003814697266,4.498197078704834
107,2018-04-12 23:00:00+00:00,14.899999618530273,8.072064399719238
107,2019-08-09 17:00:00+00:00,30.0,23.319583892822266
107,2008-01-10 07:00:00+00:00,-0.5,2.5459837913513184
107,2019-03-03 16:00:00+00:00,13.600000381469727,8.744386672973633
107,2020-04-28 07:00:00+00:00,14.699999809265137,10.309248924255371
107,2020-11-05 23:00:00+00:00,4.400000095367432,5.624054908752441
107,2014-04-24 03:00:00+00:00,12.300000190734863,7.659686088562012
107,2024-11-29 15:00:00+00:00,5.800000190734863,6.946059226989746
107,2014-02-10 11:00:00+00:00,5.800000190734863,6.094822883605957
107,2023-03-11 22:00:00+00:00,1.8000001907348633,6.390530109405518
107,2014-03-24 19:00:00+00:00,4.400000095367432,8.323385238647461
107,2021-11-14 20:00:00+00:00,5.099999904632568,7.03377628326416
107,2021-12-16 23:00:00+00:00,6.099999904632568,2.4119467735290527
107,2019-12-09 15:00:00+00:00,2.8000001907348633,6.317716121673584
107,2019-04-18 11:00:00+00:00,16.100000381469727,12.759109497070312
107,2023-02-16 19:00:00+00:00,1.0,4.547543048858643
107,2019-06-08 16:00:00+00:00,23.700000762939453,21.845481872558594
107,2018-08-09 05:00:00+00:00,21.100000381469727,18.88095474243164
107,2010-10-04 22:00:00+00:00,12.100000381469727,12.615372657775879
107,2019-11-05 03:00:00+00:00,4.900000095367432,5.506227493286133
107,2014-12-28 02:00:00+00:00,-1.1999998092651367,2.808012008666992
107,2011-01-17 02:00:00+00:00,1.3999996185302734,2.7179737091064453
107,2017-01-31 04:00:00+00:00,-7.600000381469727,2.7750682830810547
107,2017-07-24 05:00:00+00:00,18.799999237060547,19.808055877685547
107,2024-02-25 03:00:00+00:00,3.0999999046325684,4.241741180419922
107,2025-10-07 23:00:00+00:00,11.899999618530273,11.513998031616211
107,2020-01-15 08:00:00+00:00,-1.1000003814697266,3.2351136207580566
107,2011-02-25 00:00:00+00:00,-6.0,3.9343347549438477
107,2024-06-09 15:00:00+00:00,25.600000381469727,22.779264450073242
107,2012-06-27 13:00:00+00:00,24.0,23.775066375732422
107,2015-02-24 09:00:00+00:00,5.300000190734863,5.208736896514893
107,2025-09-13 04:00:00+00:00,14.600000381469727,14.775976181030273
107,2014-05-23 08:00:00+00:00,22.600000381469727,16.744430541992188
107,2008-07-15 15:00:00+00:00,21.200000762939453,24.795780181884766
107,2025-08-21 09:00:00+00:00,18.5,21.775136947631836
107,2008-11-18 12:00:00+00:00,6.0,8.668294906616211
107,2018-04-16 20:00:00+00:00,15.0,10.627989768981934
107,2020-09-13 10:00:00+00:00,26.100000381469727,20.390735626220703
107,2017-05-27 01:00:00+00:00,14.800000190734863,12.825525283813477
107,2024-05-16 01:00:00+00:00,14.100000381469727,11.597085952758789
107,2015-10-29 16:00:00+00:00,10.100000381469727,11.61146068572998
107,2016-04-01 03:00:00+00:00,13.399999618530273,6.826417922973633
107,2014-06-19 14:00:00+00:00,23.200000762939453,23.139999389648438
107,2015-07-31 12:00:00+00:00,23.200000762939453,24.528291702270508
107,2019-11-02 01:00:00+00:00,6.300000190734863,5.651801586151123
107,2017-03-21 19:00:00+00:00,13.699999809265137,7.277276992797852
107,2015-03-15 19:00:00+00:00,6.599999904632568,8.066744804382324
107,2018-04-04 00:00:00+00:00,9.800000190734863,6.9850263595581055
107,2012-02-09 09:00:00+00:00,-7.0,4.386653900146484
107,2014-06-07 00:00:00+00:00,15.300000190734863,16.10523796081543
107,2011-10-02 14:00:00+00:00,24.100000381469727,17.04386329650879
107,2024-09-09 06:00:00+00:00,19.799999237060547,17.174161911010742
107,2011-01-12 19:00:00+00:00,5.099999904632568,3.4817543029785156
107,2018-10-28 22:00:00+00:00,12.5,9.635283470153809
107,2011-06-12 14:00:00+00:00,20.600000381469727,23.160541534423828
107,2020-03-20 04:00:00+00:00,7.599999904632568,5.333018779754639
107,2011-11-01 22:00:00+00:00,6.199999809265137,6.902914047241211
107,2009-09-18 17:00:00+00:00,20.600000381469727,19.112009048461914
107,2008-11-21 02:00:00+00:00,4.900000095367432,4.045806407928467
107,2015-09-07 03:00:00+00:00,12.300000190734863,15.8350830078125
107,2015-10-05 17:00:00+00:00,17.5,15.651901245117188
107,2009-04-03 04:00:00+00:00,5.0,6.874438285827637
107,2018-03-10 13:00:00+00:00,13.300000190734863,9.251497268676758
107,2010-11-20 04:00:00+00:00,1.8000001907348633,4.456564903259277
107,2024-03-16 03:00:00+00:00,10.199999809265137,5.381582736968994
107,2010-08-04 08:00:00+00:00,19.0,21.801639556884766
107,2011-04-14 20:00:00+00:00,6.699999809265137,9.549108505249023
107,2021-03-16 17:00:00+00:00,4.699999809265137,8.033329010009766
107,2020-04-21 17:00:00+00:00,15.800000190734863,12.986708641052246
107,2009-11-09 00:00:00+00:00,7.199999809265137,5.531300067901611
107,2015-12-30 14:00:00+00:00,2.1999998092651367,4.57885217666626
107,2012-05-10 04:00:00+00:00,15.100000381469727,11.13001823425293
107,2024-02-04 20:00:00+00:00,11.300000190734863,5.028718948364258
107,2013-09-18 12:00:00+00:00,13.699999809265137,19.812206268310547
107,2013-01-10 23:00:00+00:00,4.699999809265137,2.178744316101074
107,2020-03-26 20:00:00+00:00,4.800000190734863,6.841586112976074
107,2019-11-22 22:00:00+00:00,8.600000381469727,4.7997050285339355
107,2018-01-14 09:00:00+00:00,-0.3000001907348633,4.344965934753418
107,2011-12-16 01:00:00+00:00,4.400000095367432,2.1895217895507812
107,2017-08-19 12:00:00+00:00,18.5,24.340511322021484
107,2017-09-10 02:00:00+00:00,15.5,15.1871337890625
107,2012-01-23 18:00:00+00:00,5.400000095367432,4.913619041442871
107,2024-10-06 03:00:00+00:00,9.800000190734863,10.338968276977539
107,2018-04-07 21:00:00+00:00,7.300000190734863,9.50882625579834
107,2023-02-02 01:00:00+00:00,0.6999998092651367,2.665128231048584
107,2017-12-09 12:00:00+00:00,1.8000001907348633,5.3429789543151855
107,2016-06-07 13:00:00+00:00,22.10000228881836,22.961397171020508
107,2025-10-03 02:00:00+00:00,3.4000000953674316,10.579888343811035
107,2024-02-14 14:00:00+00:00,11.699999809265137,5.4047698974609375
107,2010-03-09 09:00:00+00:00,-3.1000003814697266,6.393803596496582
107,2014-06-17 03:00:00+00:00,14.0,16.46900177001953
107,2019-10-21 20:00:00+00:00,13.800000190734863,11.786165237426758
107,2012-02-01 18:00:00+00:00,-9.19999885559082,4.381028175354004
107,2008-12-04 16:00:00+00:00,1.8000001907348633,4.303796768188477
107,2024-03-29 10:00:00+00:00,16.100000381469727,8.282779693603516
107,2024-10-25 08:00:00+00:00,13.5,10.148507118225098
107,2016-11-02 16:00:00+00:00,7.0,9.050127029418945
107,2013-03-05 00:00:00+00:00,2.5999999046325684,4.885397911071777
107,2022-09-25 16:00:00+00:00,14.0,19.97889518737793
107,2017-12-14 07:00:00+00:00,1.3000001907348633,2.8333897590637207
107,2013-08-29 15:00:00+00:00,21.299999237060547,23.349502563476562
107,2023-02-04 19:00:00+00:00,1.5,5.0760345458984375
107,2009-08-02 00:00:00+00:00,19.899999618530273,19.063682556152344
107,2010-02-21 22:00:00+00:00,-1.1000003814697266,5.09810733795166
107,2018-03-27 10:00:00+00:00,8.0,8.256318092346191
107,2016-07-19 22:00:00+00:00,21.200000762939453,20.063945770263672
107,2024-01-25 12:00:00+00:00,9.699999809265137,4.267355918884277
107,2018-09-02 02:00:00+00:00,15.600000381469727,15.858166694641113
107,2014-11-27 15:00:00+00:00,2.5,6.907528877258301
107,2021-06-29 17:00:00+00:00,31.100000381469727,22.856260299682617
107,2013-03-01 05:00:00+00:00,2.6999998092651367,4.719123363494873
107,2013-08-03 08:00:00+00:00,28.200000762939453,21.952726364135742
107,2021-04-17 10:00:00+00:00,9.0,13.492046356201172
107,2022-10-08 21:00:00+00:00,16.0,11.787531852722168
107,2008-07-09 21:00:00+00:00,18.0,20.49639892578125
107,2009-02-05 05:00:00+00:00,1.5,2.956181049346924
107,2011-06-15 17:00:00+00:00,25.600000381469727,22.146514892578125
107,2020-06-18 16:00:00+00:00,21.0,22.563762664794922
107,2021-11-15 23:00:00+00:00,6.400000095367432,5.400671005249023
107,2008-02-18 22:00:00+00:00,7.0,4.757027626037598
107,2017-11-03 17:00:00+00:00,9.600000381469727,8.645203590393066
107,2018-12-24 05:00:00+00:00,5.800000190734863,3.0765323638916016
107,2025-05-10 23:00:00+00:00,8.0,12.451953887939453
107,2013-08-16 22:00:00+00:00,17.200000762939453,19.095985412597656
107,2018-04-27 09:00:00+00:00,14.300000190734863,12.283026695251465
107,2015-05-08 18:00:00+00:00,19.899999618530273,16.410572052001953
107,2016-05-26 04:00:00+00:00,14.0,12.671966552734375
107,2018-10-29 15:00:00+00:00,20.399999618530273,13.657129287719727
107,2015-11-25 16:00:00+00:00,1.1999998092651367,7.157194137573242
107,2023-02-21 22:00:00+00:00,10.0,4.357105731964111
107,2020-10-05 01:00:00+00:00,14.899999618530273,10.926925659179688
107,2008-02-14 11:00:00+00:00,1.3000001907348633,5.000408172607422
107,2015-08-23 08:00:00+00:00,17.700000762939453,21.676345825195312
107,2009-10-28 01:00:00+00:00,11.399999618530273,8.242842674255371
107,2021-08-24 01:00:00+00:00,15.800000190734863,17.71468162536621
107,2016-07-17 18:00:00+00:00,20.200000762939453,23.13943862915039
107,2012-05-28 09:00:00+00:00,21.0,19.065982818603516
107,2019-09-24 22:00:00+00:00,15.300000190734863,15.940628051757812
107,2010-10-26 02:00:00+00:00,5.199999809265137,8.430688858032227
107,2023-05-15 21:00:00+00:00,13.199999809265137,14.79698371887207
107,2020-05-19 04:00:00+00:00,13.399999618530273,12.860870361328125
107,2022-11-20 10:00:00+00:00,1.3000001907348633,8.181787490844727
107,2016-07-30 05:00:00+00:00,18.200000762939453,19.719484329223633
107,2017-11-12 20:00:00+00:00,6.400000095367432,7.211193561553955
107,2008-07-14 09:00:00+00:00,16.700000762939453,23.385509490966797
107,2022-07-04 03:00:00+00:00,17.899999618530273,18.444629669189453
107,2022-01-27 01:00:00+00:00,2.3000001907348633,2.265148162841797
107,2024-05-29 21:00:00+00:00,16.299999237060547,15.642595291137695
107,2011-05-11 07:00:00+00:00,18.799999237060547,14.026256561279297
107,2014-02-18 04:00:00+00:00,-0.5,3.503589153289795
107,2009-06-17 12:00:00+00:00,22.700000762939453,23.05560302734375
107,2009-01-07 02:00:00+00:00,-6.19999885559082,1.8500127792358398
107,2023-01-17 18:00:00+00:00,4.300000190734863,4.27632999420166
107,2014-06-14 13:00:00+00:00,20.799999237060547,22.94379425048828
107,2010-02-04 20:00:00+00:00,-0.6000003814697266,3.915973663330078
107,2014-12-19 10:00:00+00:00,14.300000190734863,4.078303813934326
107,2024-03-25 04:00:00+00:00,5.300000190734863,5.807562351226807
107,2012-05-30 15:00:00+00:00,21.899999618530273,20.941497802734375
107,2022-08-27 19:00:00+00:00,24.700000762939453,21.222137451171875
107,2014-10-26 10:00:00+00:00,7.300000190734863,12.5799560546875
107,2012-08-20 20:00:00+00:00,26.899999618530273,21.144882202148438
107,2015-07-16 11:00:00+00:00,28.799999237060547,24.0140380859375
107,2020-03-19 11:00:00+00:00,15.800000190734863,7.361510753631592
107,2010-12-04 05:00:00+00:00,-4.5,2.8697972297668457
107,2017-01-29 03:00:00+00:00,-5.899999618530273,3.1164135932922363
107,2021-06-19 14:00:00+00:00,31.799999237060547,23.176654815673828
107,2009-12-05 12:00:00+00:00,6.599999904632568,5.52567195892334
107,2018-10-12 20:00:00+00:00,13.600000381469727,11.654550552368164
107,2015-08-01 13:00:00+00:00,27.100000381469727,24.939807891845703
107,2010-11-28 14:00:00+00:00,1.5,8.933615684509277
107,2020-07-27 18:00:00+00:00,26.299999237060547,23.18999671936035
107,2017-03-12 11:00:00+00:00,6.300000190734863,9.06320571899414
107,2024-06-25 23:00:00+00:00,21.0,18.085186004638672
107,2018-06-13 09:00:00+00:00,21.600000381469727,20.93207550048828
107,2013-03-20 02:00:00+00:00,1.1999998092651367,4.917898654937744
107,2009-06-18 01:00:00+00:00,15.0,16.337970733642578
107,2015-06-07 05:00:00+00:00,19.299999237060547,17.242530822753906
107,2010-06-24 01:00:00+00:00,14.699999809265137,16.692481994628906
107,2013-05-13 22:00:00+00:00,9.199999809265137,13.81368637084961
107,2021-09-01 18:00:00+00:00,18.700000762939453,19.94179916381836
107,2017-11-03 13:00:00+00:00,12.699999809265137,9.44958209991455
107,2024-05-05 22:00:00+00:00,17.600000381469727,13.061503410339355
107,2025-03-09 09:00:00+00:00,13.300000190734863,7.4864702224731445
107,2024-07-20 10:00:00+00:00,25.5,23.86450958251953
107,2012-05-20 23:00:00+00:00,18.700000762939453,13.515599250793457
107,2018-05-14 02:00:00+00:00,14.199999809265137,12.027586936950684
107,2019-08-09 20:00:00+00:00,25.0,20.888126373291016
107,2009-01-20 19:00:00+00:00,2.5,4.031090259552002
107,2017-10-19 12:00:00+00:00,15.5,12.859664916992188
107,2018-04-09 07:00:00+00:00,16.5,9.101795196533203
107,2013-06-05 13:00:00+00:00,15.0,22.618610382080078
107,2017-02-15 13:00:00+00:00,9.300000190734863,5.4035563468933105
107,2013-07-22 18:00:00+00:00,27.899999618530273,23.199630737304688
107,2014-06-14 11:00:00+00:00,19.399999618530273,22.472476959228516
107,2014-08-24 07:00:00+00:00,15.899999618530273,20.715160369873047
107,2019-09-30 17:00:00+00:00,19.299999237060547,19.021074295043945
107,2014-09-17 04:00:00+00:00,12.399999618530273,14.64600658416748
107,2022-05-13 13:00:00+00:00,23.600000381469727,19.2481689453125
107,2016-05-22 15:00:00+00:00,25.100000381469727,20.28896713256836
107,2018-12-16 14:00:00+00:00,-0.8999996185302734,6.090904235839844
107,2025-04-17 09:00:00+00:00,21.600000381469727,10.183258056640625
107,2022-08-08 08:00:00+00:00,19.100000381469727,22.25841522216797
107,2021-11-28 07:00:00+00:00,0.39999961853027344,5.322526454925537
107,2024-12-20 01:00:00+00:00,6.900000095367432,2.1740760803222656
107,2012-01-23 06:00:00+00:00,5.699999809265137,3.35122013092041
107,2024-05-12 05:00:00+00:00,13.0,13.128265380859375
107,2010-08-15 11:00:00+00:00,26.5,24.199939727783203
107,2021-03-19 05:00:00+00:00,-0.8000001907348633,5.3955888748168945
107,2015-03-30 21:00:00+00:00,6.400000095367432,7.463382720947266
107,2017-07-29 03:00:00+00:00,15.800000190734863,18.610992431640625
107,2015-06-28 23:00:00+00:00,15.399999618530273,17.754817962646484
107,2016-08-06 19:00:00+00:00,19.399999618530273,22.065494537353516
107,2015-10-31 06:00:00+00:00,2.3999996185302734,8.925810813903809
107,2014-08-03 12:00:00+00:00,29.100000381469727,24.8618106842041
107,2008-06-18 20:00:00+00:00,18.299999237060547,19.73733139038086
107,2012-05-19 01:00:00+00:00,9.399999618530273,12.352234840393066
107,2015-12-04 07:00:00+00:00,2.5,3.286026954650879
107,2010-06-06 14:00:00+00:00,25.399999618530273,22.803028106689453
107,2012-07-15 16:00:00+00:00,19.0,24.480648040771484
107,2014-02-08 15:00:00+00:00,7.5,6.152459621429443
107,2022-10-06 13:00:00+00:00,23.399999618530273,14.54522705078125
107,2012-07-09 03:00:00+00:00,19.899999618530273,18.598976135253906
107,2025-05-22 21:00:00+00:00,10.699999809265137,14.575057983398438
107,2021-01-15 16:00:00+00:00,0.19999980926513672,4.098912239074707
107,2017-05-12 00:00:00+00:00,12.899999618530273,11.826086044311523
107,2022-03-12 02:00:00+00:00,-3.0,5.283302307128906
107,2025-08-21 23:00:00+00:00,16.899999618530273,18.724933624267578
107,2015-02-15 15:00:00+00:00,7.699999809265137,7.013160705566406
107,2014-12-03 11:00:00+00:00,4.0,4.771996021270752
107,2013-11-10 13:00:00+00:00,11.5,10.096907615661621
107,2024-08-13 13:00:00+00:00,32.400001525878906,24.621959686279297
107,2017-11-22 22:00:00+00:00,5.099999904632568,5.016636371612549
107,2018-11-06 08:00:00+00:00,12.100000381469727,7.5288825035095215
107,2017-07-18 00:00:00+00:00,18.399999618530273,18.956867218017578
107,2012-12-07 03:00:00+00:00,-2.8999996185302734,2.1760482788085938
107,2015-04-26 05:00:00+00:00,13.300000190734863,9.288932800292969
107,2017-12-27 14:00:00+00:00,9.199999809265137,4.585067272186279
107,2010-08-13 15:00:00+00:00,27.700000762939453,24.16175079345703
107,2015-09-02 21:00:00+00:00,16.200000762939453,18.017160415649414
107,2020-02-27 19:00:00+00:00,5.5,4.983927249908447
107,2020-10-24 06:00:00+00:00,9.199999809265137,9.449918746948242
107,2013-08-21 09:00:00+00:00,19.100000381469727,22.148481369018555
107,2017-11-28 07:00:00+00:00,0.10000038146972656,5.128225803375244
107,2022-05-27 03:00:00+00:00,15.699999809265137,12.530595779418945
107,2010-04-28 01:00:00+00:00,10.699999809265137,8.249153137207031
107,2019-04-14 22:00:00+00:00,7.599999904632568,9.327277183532715
107,2008-08-17 19:00:00+00:00,18.0,21.935222625732422
107,2020-06-09 11:00:00+00:00,19.5,22.372631072998047
107,2010-06-18 20:00:00+00:00,17.100000381469727,19.467140197753906
107,2025-06-10 16:00:00+00:00,24.399999618530273,22.561050415039062
107,2022-07-27 10:00:00+00:00,24.899999618530273,23.796550750732422
107,2015-07-12 21:00:00+00:00,24.600000381469727,20.560068130493164
107,2020-07-20 22:00:00+00:00,20.200000762939453,20.152408599853516
107,2010-08-02 02:00:00+00:00,16.799999237060547,18.54467010498047
107,2017-05-22 03:00:00+00:00,11.800000190734863,12.806132316589355
107,2013-10-13 15:00:00+00:00,15.100000381469727,15.505851745605469
107,2023-09-08 03:00:00+00:00,13.699999809265137,14.864799499511719
107,2014-09-11 12:00:00+00:00,14.5,20.27466583251953
107,2022-07-02 00:00:00+00:00,15.0,18.56656265258789
107,2024-09-26 20:00:00+00:00,20.200000762939453,15.560672760009766
107,2025-06-10 12:00:00+00:00,24.200000762939453,22.817142486572266
107,2015-10-25 19:00:00+00:00,11.199999809265137,11.843965530395508
107,2011-06-21 21:00:00+00:00,21.0,19.340023040771484
107,2014-02-21 22:00:00+00:00,6.0,4.279281139373779
107,2011-07-18 13:00:00+00:00,19.299999237060547,25.159332275390625
107,2013-08-26 01:00:00+00:00,14.800000190734863,17.812654495239258
107,2015-07-07 02:00:00+00:00,22.600000381469727,18.183778762817383
107,2015-10-07 23:00:00+00:00,14.100000381469727,10.930027961730957
106,2014-09-15 14:00:00+00:00,20.700000762939453,19.25965118408203
106,2020-10-07 21:00:00+00:00,12.100000381469727,8.905508995056152
106,2019-07-24 02:00:00+00:00,15.800000190734863,17.966533660888672
106,2019-04-11 14:00:00+00:00,9.0,12.332952499389648
106,2015-06-10 00:00:00+00:00,14.699999809265137,15.770467758178711
106,2023-01-17 20:00:00+00:00,3.8000001907348633,3.2954626083374023
106,2013-09-09 03:00:00+00:00,17.100000381469727,13.072726249694824
106,2019-05-15 01:00:00+00:00,5.599999904632568,10.253961563110352
106,2022-11-25 15:00:00+00:00,7.099999904632568,5.344353675842285
106,2016-10-21 19:00:00+00:00,4.099999904632568,8.407659530639648
106,2013-11-25 14:00:00+00:00,2.5,6.346755027770996
106,2008-01-03 17:00:00+00:00,-2.6000003814697266,3.006918430328369
106,2008-12-30 01:00:00+00:00,-5.600000381469727,1.9114465713500977
106,2018-03-03 06:00:00+00:00,-5.100000381469727,4.888319492340088
106,2012-06-12 19:00:00+00:00,16.299999237060547,19.690994262695312
106,2017-05-30 22:00:00+00:00,23.600000381469727,13.51524543762207
106,2019-10-19 20:00:00+00:00,11.199999809265137,8.708215713500977
106,2008-11-06 23:00:00+00:00,12.800000190734863,4.163465976715088
106,2008-07-29 04:00:00+00:00,13.600000381469727,17.9398136138916
106,2009-04-11 18:00:00+00:00,17.5,10.883061408996582
106,2020-09-01 08:00:00+00:00,13.399999618530273,17.26708221435547
106,2016-01-28 15:00:00+00:00,14.600000381469727,3.838690757751465
106,2017-07-16 07:00:00+00:00,17.200000762939453,20.75432586669922
106,2012-08-15 06:00:00+00:00,14.399999618530273,18.36147689819336
106,2016-06-23 21:00:00+00:00,18.899999618530273,18.635704040527344
106,2010-04-01 17:00:00+00:00,8.899999618530273,9.211743354797363
106,2008-05-31 00:00:00+00:00,16.899999618530273,12.347146987915039
106,2018-09-09 22:00:00+00:00,13.399999618530273,14.760336875915527
106,2024-12-09 22:00:00+00:00,1.8000001907348633,2.938720226287842
106,2020-12-21 12:00:00+00:00,3.8000001907348633,4.202186584472656
106,2017-01-17 11:00:00+00:00,-1.8999996185302734,3.742793560028076
106,2016-05-03 21:00:00+00:00,10.0,11.406686782836914
106,2008-10-05 16:00:00+00:00,11.100000381469727,12.95928955078125
106,2021-11-05 06:00:00+00:00,6.0,4.667226791381836
106,2017-10-10 23:00:00+00:00,12.600000381469727,8.321578979492188
106,2025-02-12 00:00:00+00:00,3.3000001907348633,3.117954730987549
106,2008-06-02 15:00:00+00:00,25.899999618530273,21.982009887695312
106,2020-09-27 05:00:00+00:00,3.8000001907348633,11.224128723144531
106,2023-08-09 21:00:00+00:00,15.0,19.347808837890625
106,2011-02-03 02:00:00+00:00,-5.600000381469727,2.3371829986572266
106,2023-01-27 07:00:00+00:00,-0.39999961853027344,2.454840660095215
106,2010-04-22 19:00:00+00:00,9.199999809265137,9.746946334838867
106,2008-01-21 17:00:00+00:00,9.0,4.269123554229736
106,2014-10-29 04:00:00+00:00,0.10000038146972656,6.1969475746154785
106,2023-12-27 03:00:00+00:00,9.399999618530273,1.5026750564575195
106,2020-03-03 07:00:00+00:00,6.5,5.295985221862793
106,2014-02-28 18:00:00+00:00,5.800000190734863,5.407529354095459
106,2014-07-06 23:00:00+00:00,17.600000381469727,18.355485916137695
106,2020-09-09 03:00:00+00:00,9.0,12.301254272460938
106,2019-08-21 14:00:00+00:00,19.899999618530273,23.64655303955078
106,2012-10-08 04:00:00+00:00,6.0,8.245124816894531
106,2018-06-08 12:00:00+00:00,26.700000762939453,22.109601974487305
106,2017-07-08 04:00:00+00:00,22.299999237060547,17.92371368408203
106,2016-10-05 03:00:00+00:00,5.300000190734863,7.77301025390625
106,2023-09-02 04:00:00+00:00,13.199999809265137,13.811071395874023
106,2022-02-20 23:00:00+00:00,9.100000381469727,4.415502071380615
106,2023-07-14 16:00:00+00:00,27.5,23.9349365234375
106,2025-05-19 02:00:00+00:00,6.699999809265137,9.889005661010742
106,2021-06-30 03:00:00+00:00,17.200000762939453,16.842470169067383
106,2015-03-18 16:00:00+00:00,11.300000190734863,6.821102142333984
106,2014-11-01 18:00:00+00:00,7.900000095367432,6.743372440338135
106,2014-11-30 01:00:00+00:00,2.1000003814697266,3.3431243896484375
106,2010-11-01 02:00:00+00:00,9.199999809265137,4.592296123504639
106,2025-01-10 02:00:00+00:00,3.999999523162842,1.386601448059082
106,2019-05-14 07:00:00+00:00,6.800000190734863,13.782800674438477
106,2022-01-13 02:00:00+00:00,-1.3999996185302734,1.3957719802856445
106,2009-04-08 16:00:00+00:00,21.399999618530273,10.35232162475586
106,2011-10-21 21:00:00+00:00,1.3999996185302734,7.844038963317871
106,2011-01-16 05:00:00+00:00,6.599999904632568,2.3596420288085938
106,2021-05-17 15:00:00+00:00,10.600000381469727,19.197132110595703
106,2010-01-20 08:00:00+00:00,0.6000003814697266,2.608142852783203
106,2013-10-14 05:00:00+00:00,2.8000001907348633,8.132131576538086
106,2009-06-18 05:00:00+00:00,15.5,17.082780838012695
106,2013-07-16 07:00:00+00:00,19.700000762939453,20.495891571044922
106,2009-09-17 22:00:00+00:00,16.700000762939453,12.663531303405762
106,2009-11-18 21:00:00+00:00,3.1999998092651367,3.968235969543457
106,2023-01-14 15:00:00+00:00,8.100000381469727,3.9258065223693848
106,2023-01-09 12:00:00+00:00,7.099999904632568,4.111079692840576
106,2016-11-04 02:00:00+00:00,-2.1000003814697266,4.081431865692139
106,2011-12-13 13:00:00+00:00,7.099999904632568,3.861088752746582
106,2010-07-17 15:00:00+00:00,27.799999237060547,24.514875411987305
106,2009-10-11 17:00:00+00:00,13.0,11.742780685424805
106,2019-04-19 02:00:00+00:00,3.5999999046325684,6.849967002868652
106,2008-10-02 21:00:00+00:00,12.100000381469727,9.205292701721191
106,2012-02-12 02:00:00+00:00,-14.30000114440918,3.4831085205078125
106,2025-06-08 18:00:00+00:00,16.299999237060547,20.42735481262207
106,2019-01-30 15:00:00+00:00,0.39999961853027344,4.116732120513916
106,2012-06-05 20:00:00+00:00,11.600000381469727,18.258886337280273
106,2010-08-11 18:00:00+00:00,21.299999237060547,22.190265655517578
106,2014-01-15 12:00:00+00:00,8.100000381469727,3.4555130004882812
106,2021-04-29 21:00:00+00:00,14.100000381469727,8.877288818359375
106,2011-03-09 05:00:00+00:00,-7.19999885559082,4.724991321563721
106,2009-12-30 04:00:00+00:00,-0.39999961853027344,1.5796594619750977
106,2018-04-08 13:00:00+00:00,18.700000762939453,13.79722785949707
106,2015-01-15 12:00:00+00:00,5.5,3.2344603538513184
106,2009-05-21 18:00:00+00:00,23.899999618530273,17.50957489013672
106,2022-12-01 12:00:00+00:00,3.6999998092651367,3.255763053894043
106,2013-07-09 17:00:00+00:00,27.299999237060547,23.23663330078125
106,2019-05-15 03:00:00+00:00,5.5,10.057317733764648
106,2011-06-01 11:00:00+00:00,20.0,21.156204223632812
106,2023-04-21 03:00:00+00:00,3.8000001907348633,6.917026519775391
106,2009-12-04 11:00:00+00:00,2.9000000953674316,3.28519344329834
106,2008-09-12 08:00:00+00:00,18.600000381469727,15.671761512756348
106,2019-06-18 22:00:00+00:00,16.600000381469727,17.172691345214844
106,2008-01-13 22:00:00+00:00,3.5,3.0335497856140137
106,2008-09-02 15:00:00+00:00,26.200000762939453,20.541040420532227
106,2023-07-14 01:00:00+00:00,19.799999237060547,17.669633865356445
106,2016-02-26 04:00:00+00:00,-1.5,3.409346103668213
106,2022-01-14 12:00:00+00:00,9.5,3.4354496002197266
106,2020-04-09 00:00:00+00:00,2.9000000953674316,6.571794033050537
106,2008-04-12 02:00:00+00:00,11.100000381469727,6.989307403564453
106,2009-05-31 03:00:00+00:00,5.0,11.371709823608398
106,2023-11-17 01:00:00+00:00,6.699999809265137,3.4525694847106934
106,2018-11-27 13:00:00+00:00,0.6999998092651367,5.926043510437012
106,2017-12-27 01:00:00+00:00,-0.6000003814697266,1.6276731491088867
106,2018-12-22 04:00:00+00:00,5.699999809265137,1.8000974655151367
106,2015-08-18 18:00:00+00:00,17.399999618530273,21.612804412841797
106,2025-01-20 16:00:00+00:00,-2.3000001907348633,4.353507995605469
106,2025-01-08 07:00:00+00:00,3.3000001907348633,1.9968576431274414
106,2019-10-29 03:00:00+00:00,6.400000095367432,6.362926483154297
106,2017-09-27 15:00:00+00:00,17.600000381469727,17.36333465576172
106,2019-08-09 14:00:00+00:00,30.5,24.361696243286133
106,2017-04-29 00:00:00+00:00,4.900000095367432,7.933631896972656
106,2011-07-29 16:00:00+00:00,21.200000762939453,23.905725479125977
106,2024-10-17 04:00:00+00:00,9.899999618530273,6.865362167358398
106,2020-09-07 10:00:00+00:00,18.399999618530273,18.578826904296875
106,2011-08-11 19:00:00+00:00,16.200000762939453,21.286693572998047
106,2017-01-12 21:00:00+00:00,2.8000001907348633,2.4312782287597656
106,2015-01-25 12:00:00+00:00,1.0,4.575523376464844
106,2011-01-25 07:00:00+00:00,0.5,2.769761562347412
106,2022-04-15 06:00:00+00:00,14.0,7.291321754455566
106,2012-07-22 03:00:00+00:00,14.0,17.619964599609375
106,2019-03-14 17:00:00+00:00,7.900000095367432,6.486595630645752
106,2016-09-20 07:00:00+00:00,13.300000190734863,13.474940299987793
106,2012-02-21 11:00:00+00:00,3.5,5.369700908660889
106,2011-09-27 05:00:00+00:00,8.0,11.442984580993652
106,2020-07-27 01:00:00+00:00,15.399999618530273,17.477907180786133
106,2012-10-26 18:00:00+00:00,8.600000381469727,8.391307830810547
106,2014-12-23 00:00:00+00:00,9.699999809265137,2.0909252166748047
106,2023-09-10 10:00:00+00:00,26.299999237060547,18.44621467590332
106,2025-03-23 07:00:00+00:00,9.300000190734863,6.095047950744629
106,2024-03-30 20:00:00+00:00,18.5,7.184391975402832
106,2010-11-30 06:00:00+00:00,-2.1999998092651367,3.393887519836426
106,2016-02-22 21:00:00+00:00,15.399999618530273,4.843194484710693
106,2013-02-15 02:00:00+00:00,-0.39999961853027344,2.9309844970703125
106,2008-07-25 02:00:00+00:00,15.600000381469727,17.547767639160156
106,2025-09-22 22:00:00+00:00,16.200000762939453,12.901430130004883
106,2012-01-27 09:00:00+00:00,-2.5,3.1075305938720703
106,2019-08-23 15:00:00+00:00,27.5,23.192214965820312
106,2010-01-20 07:00:00+00:00,0.10000038146972656,2.305917739868164
106,2013-03-26 12:00:00+00:00,-3.0,7.925207138061523
106,2021-01-17 04:00:00+00:00,-2.5,2.2779741287231445
106,2009-08-22 08:00:00+00:00,21.299999237060547,20.071691513061523
106,2021-01-01 05:00:00+00:00,-2.3999996185302734,1.3554019927978516
106,2019-08-17 08:00:00+00:00,20.200000762939453,20.467300415039062
106,2013-01-12 19:00:00+00:00,-3.1999998092651367,3.3662123680114746
106,2015-12-08 20:00:00+00:00,2.0,3.0077438354492188
106,2014-01-03 00:00:00+00:00,2.0,1.5528831481933594
106,2021-11-01 18:00:00+00:00,7.599999904632568,7.009809494018555
106,2011-10-31 11:00:00+00:00,11.899999618530273,9.560476303100586
106,2010-03-31 17:00:00+00:00,8.899999618530273,7.120201110839844
106,2021-03-29 13:00:00+00:00,19.399999618530273,9.315315246582031
106,2011-03-08 02:00:00+00:00,-9.19999885559082,4.804950714111328
106,2016-12-16 05:00:00+00:00,1.0999994277954102,1.5025386810302734
106,2014-01-06 15:00:00+00:00,7.800000190734863,4.131015300750732
106,2011-12-03 05:00:00+00:00,-1.1999998092651367,2.1004819869995117
106,2008-07-15 10:00:00+00:00,19.0,23.509078979492188
106,2018-12-26 15:00:00+00:00,4.199999809265137,3.3820395469665527
106,2012-03-12 17:00:00+00:00,8.399999618530273,7.231677532196045
106,2015-01-10 08:00:00+00:00,13.300000190734863,2.664128303527832
106,2008-07-12 01:00:00+00:00,21.600000381469727,17.659894943237305
106,2017-05-11 22:00:00+00:00,11.100000381469727,11.73668098449707
106,2008-11-18 17:00:00+00:00,1.5,5.815669059753418
106,2021-02-05 17:00:00+00:00,6.800000190734863,4.515049934387207
106,2017-12-10 14:00:00+00:00,2.6000003814697266,4.472810745239258
106,2024-07-16 07:00:00+00:00,26.100000381469727,20.49646759033203
106,2014-08-31 16:00:00+00:00,16.399999618530273,21.939573287963867
106,2015-02-05 11:00:00+00:00,-0.5,4.171178340911865
106,2018-03-26 16:00:00+00:00,8.100000381469727,8.159577369689941
106,2020-11-30 19:00:00+00:00,-2.8000001907348633,4.831288814544678
106,2016-08-27 21:00:00+00:00,18.799999237060547,18.29330825805664
106,2021-06-09 02:00:00+00:00,13.699999809265137,15.294048309326172
106,2019-03-27 09:00:00+00:00,5.5,6.404917240142822
106,2012-01-29 06:00:00+00:00,-3.3000001907348633,2.8505024909973145
106,2010-07-13 09:00:00+00:00,27.600000381469727,22.61145782470703
106,2013-07-16 06:00:00+00:00,17.600000381469727,19.483501434326172
106,2008-06-22 18:00:00+00:00,28.100000381469727,21.26572036743164
106,2008-07-26 06:00:00+00:00,18.100000381469727,19.41748046875
106,2020-03-29 23:00:00+00:00,5.699999809265137,6.314572334289551
106,2009-05-27 03:00:00+00:00,16.899999618530273,11.521480560302734
106,2019-03-13 10:00:00+00:00,9.0,6.215414047241211
106,2011-01-17 22:00:00+00:00,1.1999998092651367,3.0793232917785645
106,2015-12-12 06:00:00+00:00,9.0,2.111456871032715
106,2021-11-16 07:00:00+00:00,6.0,4.681060791015625
106,2019-11-25 20:00:00+00:00,4.900000095367432,4.831558704376221
106,2015-05-10 21:00:00+00:00,10.800000190734863,12.92085075378418
106,2022-02-24 13:00:00+00:00,14.0,5.327521324157715
106,2010-04-17 03:00:00+00:00,4.699999809265137,7.102526664733887
106,2008-01-09 06:00:00+00:00,-0.19999980926513672,1.7791986465454102
106,2019-08-05 12:00:00+00:00,29.299999237060547,24.48366355895996
106,2018-11-06 13:00:00+00:00,15.899999618530273,7.297453880310059
106,2018-05-21 08:00:00+00:00,18.399999618530273,16.464750289916992
106,2019-09-09 04:00:00+00:00,11.100000381469727,13.248220443725586
106,2017-10-27 15:00:00+00:00,8.800000190734863,9.276310920715332
106,2021-07-06 00:00:00+00:00,14.699999809265137,17.78342628479004
106,2022-10-29 13:00:00+00:00,12.800000190734863,9.740293502807617
106,2017-12-04 16:00:00+00:00,2.3999996185302734,4.25871467590332
106,2017-08-20 22:00:00+00:00,14.0,18.03406524658203
106,2017-08-18 05:00:00+00:00,16.700000762939453,17.39015007019043
106,2016-03-06 04:00:00+00:00,6.800000190734863,5.018549919128418
106,2019-02-04 10:00:00+00:00,2.3999996185302734,4.7885613441467285
106,2014-11-14 02:00:00+00:00,6.800000190734863,3.472384452819824
106,2024-08-11 11:00:00+00:00,31.799999237060547,23.749755859375
106,2016-03-21 02:00:00+00:00,4.300000190734863,5.4184250831604
106,2016-04-06 03:00:00+00:00,15.300000190734863,6.1708984375
106,2008-05-29 18:00:00+00:00,22.700000762939453,18.212282180786133
106,2008-05-25 04:00:00+00:00,13.100000381469727,11.52912425994873
106,2022-09-18 01:00:00+00:00,9.100000381469727,12.107151985168457
106,2019-01-04 14:00:00+00:00,-1.5,3.2532706260681152
106,2014-09-28 09:00:00+00:00,16.600000381469727,15.034120559692383
106,2016-01-29 04:00:00+00:00,5.599999904632568,1.9382638931274414
106,2021-06-10 01:00:00+00:00,16.799999237060547,15.664960861206055
106,2015-05-06 02:00:00+00:00,17.600000381469727,8.896631240844727
106,2013-07-20 15:00:00+00:00,27.5,24.52484130859375
106,2020-05-05 07:00:00+00:00,10.800000190734863,12.467967987060547
106,2018-09-15 12:00:00+00:00,21.600000381469727,19.237937927246094
106,2012-11-15 16:00:00+00:00,7.0,5.624338626861572
106,2012-01-09 08:00:00+00:00,4.199999809265137,3.0547637939453125
106,2018-04-02 02:00:00+00:00,4.599999904632568,6.453280925750732
106,2021-12-31 06:00:00+00:00,12.699999809265137,1.7545852661132812
106,2012-10-24 16:00:00+00:00,10.0,9.45971965789795
106,2016-08-21 07:00:00+00:00,18.399999618530273,19.18083953857422
106,2009-08-30 11:00:00+00:00,19.5,22.380300521850586
106,2016-08-05 20:00:00+00:00,16.299999237060547,20.564693450927734
106,2018-01-06 08:00:00+00:00,1.6000003814697266,2.579151153564453
106,2011-02-28 20:00:00+00:00,-2.6000003814697266,5.284264087677002
106,2009-11-24 01:00:00+00:00,7.599999904632568,3.043583393096924
106,2018-05-05 04:00:00+00:00,12.5,9.68080997467041
106,2016-06-20 23:00:00+00:00,13.300000190734863,16.683406829833984
106,2013-01-12 12:00:00+00:00,-0.10000038146972656,3.7829675674438477
106,2013-07-20 23:00:00+00:00,15.0,18.585994720458984
106,2012-12-20 05:00:00+00:00,3.0,1.421722412109375
106,2015-09-07 10:00:00+00:00,15.800000190734863,18.707927703857422
106,2022-10-19 00:00:00+00:00,15.700000762939453,6.981942176818848
106,2010-01-21 07:00:00+00:00,-6.30000114440918,2.1118974685668945
106,2013-11-10 10:00:00+00:00,9.899999618530273,6.693814277648926
106,2013-04-23 18:00:00+00:00,17.399999618530273,10.642169952392578
106,2011-05-29 21:00:00+00:00,11.899999618530273,14.89531135559082
106,2024-09-16 17:00:00+00:00,11.0,17.6807861328125
106,2015-05-27 23:00:00+00:00,9.300000190734863,12.858683586120605
106,2014-02-02 20:00:00+00:00,-0.5,4.512234687805176
106,2022-03-26 07:00:00+00:00,7.800000190734863,6.158247470855713
106,2016-02-29 11:00:00+00:00,7.400000095367432,6.017054080963135
106,2019-07-08 16:00:00+00:00,22.100000381469727,23.966388702392578
106,2021-07-20 10:00:00+00:00,21.100000381469727,23.526065826416016
106,2008-06-13 03:00:00+00:00,9.899999618530273,15.648775100708008
106,2015-05-19 05:00:00+00:00,12.600000381469727,11.345221519470215
106,2020-03-06 07:00:00+00:00,5.099999904632568,4.964329719543457
106,2019-01-04 20:00:00+00:00,-0.19999980926513672,2.6468324661254883
106,2013-12-02 14:00:00+00:00,7.199999809265137,4.565389633178711
106,2016-06-18 23:00:00+00:00,12.600000381469727,16.8934326171875
106,2015-11-23 23:00:00+00:00,-2.6000003814697266,4.000682353973389
106,2009-09-28 03:00:00+00:00,9.199999809265137,11.060586929321289
106,2017-02-14 05:00:00+00:00,-3.0,3.372753143310547
106,2024-08-19 13:00:00+00:00,24.299999237060547,23.824865341186523
106,2012-06-14 05:00:00+00:00,14.899999618530273,16.93524932861328
106,2018-03-01 17:00:00+00:00,-6.600000381469727,6.000960826873779
106,2015-07-27 05:00:00+00:00,16.200000762939453,18.54155158996582
106,2018-01-11 06:00:00+00:00,2.8000001907348633,1.610661506652832
106,2020-08-21 17:00:00+00:00,28.600000381469727,22.09292984008789
106,2018-06-10 03:00:00+00:00,14.800000190734863,14.856029510498047
106,2022-02-13 19:00:00+00:00,3.1999998092651367,5.153104305267334
106,2010-11-17 01:00:00+00:00,6.300000190734863,3.1368374824523926
106,2010-12-12 21:00:00+00:00,1.6999998092651367,3.231024742126465
106,2025-03-19 23:00:00+00:00,-1.1999998092651367,5.36288595199585
106,2015-11-27 06:00:00+00:00,3.0,3.2210536003112793
106,2020-01-18 11:00:00+00:00,-0.6000003814697266,3.8074235916137695
106,2010-11-25 23:00:00+00:00,-0.10000038146972656,3.0778422355651855
106,2019-05-16 11:00:00+00:00,10.199999809265137,18.374011993408203
106,2008-05-18 17:00:00+00:00,14.399999618530273,18.285781860351562
106,2019-07-02 12:00:00+00:00,22.0,24.259937286376953
106,2015-11-25 23:00:00+00:00,0.0,3.0751748085021973
106,2008-08-13 03:00:00+00:00,20.299999237060547,16.979167938232422
106,2021-12-19 12:00:00+00:00,5.400000095367432,4.308327674865723
106,2008-01-31 01:00:00+00:00,3.999999523162842,2.034564971923828
106,2014-06-07 02:00:00+00:00,10.0,14.682333946228027
106,2016-07-27 01:00:00+00:00,19.600000381469727,18.054821014404297
106,2019-09-18 10:00:00+00:00,15.700000762939453,17.041786193847656
106,2009-02-14 23:00:00+00:00,-1.3999996185302734,3.8674535751342773
106,2008-05-01 15:00:00+00:00,14.800000190734863,17.4663028717041
106,2008-06-13 14:00:00+00:00,13.399999618530273,22.638381958007812
106,2018-10-04 15:00:00+00:00,17.600000381469727,12.473051071166992
106,2018-03-24 15:00:00+00:00,8.600000381469727,8.934267044067383
106,2020-01-02 01:00:00+00:00,-5.100000381469727,1.3288240432739258
106,2018-09-07 08:00:00+00:00,20.200000762939453,16.49709701538086
106,2012-08-24 09:00:00+00:00,28.5,20.682302474975586
106,2020-10-03 17:00:00+00:00,21.5,12.126700401306152
106,2016-04-03 05:00:00+00:00,6.699999809265137,6.688138008117676
106,2014-03-21 18:00:00+00:00,13.899999618530273,6.954813003540039
106,2017-02-08 17:00:00+00:00,-2.1999998092651367,4.718996524810791
106,2019-07-14 20:00:00+00:00,14.199999809265137,20.654741287231445
106,2015-10-02 05:00:00+00:00,5.099999904632568,8.368104934692383
106,2021-01-04 18:00:00+00:00,1.8000001907348633,3.80322265625
106,2012-07-29 06:00:00+00:00,19.899999618530273,19.491172790527344
106,2022-05-13 04:00:00+00:00,15.199999809265137,10.540419578552246
106,2015-10-30 11:00:00+00:00,11.5,8.615609169006348
106,2009-10-27 01:00:00+00:00,10.399999618530273,6.510688781738281
106,2019-11-24 22:00:00+00:00,5.599999904632568,4.308640956878662
106,2009-02-16 07:00:00+00:00,-1.3999996185302734,4.19010591506958
106,2008-12-06 09:00:00+00:00,2.6999998092651367,3.1080946922302246
106,2025-07-19 10:00:00+00:00,26.700000762939453,23.756961822509766
106,2017-04-28 12:00:00+00:00,5.699999809265137,15.18220329284668
106,2010-12-06 19:00:00+00:00,-2.1999998092651367,3.731985569000244
106,2025-05-14 04:00:00+00:00,2.3999996185302734,10.350582122802734
106,2022-07-15 21:00:00+00:00,14.800000190734863,19.994075775146484
106,2023-04-17 21:00:00+00:00,10.699999809265137,8.470571517944336
106,2024-05-18 05:00:00+00:00,11.600000381469727,11.798521041870117
106,2015-11-04 15:00:00+00:00,9.5,7.001716613769531
106,2019-11-08 14:00:00+00:00,11.0,6.532540798187256
106,2008-05-18 06:00:00+00:00,15.800000190734863,13.152807235717773
106,2023-01-29 13:00:00+00:00,0.0,4.871380805969238
106,2015-12-23 23:00:00+00:00,5.900000095367432,1.977884292602539
106,2021-12-05 01:00:00+00:00,0.5,2.4200544357299805
106,2023-06-11 19:00:00+00:00,18.5,19.627214431762695
106,2018-03-07 21:00:00+00:00,2.0,5.4653778076171875
106,2020-04-25 05:00:00+00:00,14.5,7.888301372528076
106,2010-04-13 16:00:00+00:00,9.600000381469727,11.323930740356445
106,2011-09-03 19:00:00+00:00,19.799999237060547,17.962915420532227
106,2020-05-26 06:00:00+00:00,11.300000190734863,13.81112003326416
106,2024-03-03 03:00:00+00:00,7.199999809265137,4.8905415534973145
106,2011-06-28 09:00:00+00:00,22.100000381469727,21.52851104736328
106,2016-03-09 23:00:00+00:00,-1.5,5.048430919647217
106,2012-01-25 00:00:00+00:00,1.0,2.128816604614258
106,2022-01-24 09:00:00+00:00,0.39999961853027344,3.7128167152404785
106,2025-09-06 03:00:00+00:00,13.0,12.94649887084961
106,2017-07-11 05:00:00+00:00,19.200000762939453,18.622100830078125
106,2011-06-26 21:00:00+00:00,14.899999618530273,18.485122680664062
106,2018-11-19 05:00:00+00:00,-0.6999998092651367,3.845797538757324
106,2019-01-15 02:00:00+00:00,1.1999998092651367,1.8565740585327148
106,2012-01-05 00:00:00+00:00,3.6999998092651367,1.5489568710327148
106,2017-01-31 01:00:00+00:00,-7.899999618530273,2.370088577270508
106,2016-02-23 21:00:00+00:00,3.4000000953674316,4.57815408706665
106,2011-09-24 01:00:00+00:00,11.199999809265137,11.282081604003906
106,2017-11-14 16:00:00+00:00,5.0,6.4118170738220215
106,2024-03-16 22:00:00+00:00,11.5,6.114252090454102
106,2016-12-24 08:00:00+00:00,0.10000038146972656,2.636326789855957
106,2014-08-26 10:00:00+00:00,16.200000762939453,21.622112274169922
106,2018-01-28 07:00:00+00:00,3.6999998092651367,3.1005873680114746
106,2023-08-04 09:00:00+00:00,20.299999237060547,22.036800384521484
106,2010-11-18 15:00:00+00:00,9.300000190734863,5.681041717529297
106,2021-01-14 00:00:00+00:00,2.0,1.7345561981201172
106,2011-04-21 21:00:00+00:00,10.100000381469727,8.24705696105957
106,2022-01-15 22:00:00+00:00,-4.399999618530273,2.6630725860595703
106,2012-10-12 22:00:00+00:00,10.800000190734863,8.115438461303711
106,2013-10-16 14:00:00+00:00,11.800000190734863,11.205231666564941
106,2018-02-14 00:00:00+00:00,0.3000001907348633,3.191296100616455
106,2011-04-06 05:00:00+00:00,8.100000381469727,6.273895740509033
106,2021-06-10 23:00:00+00:00,17.299999237060547,16.57925796508789
106,2014-11-27 08:00:00+00:00,1.8999996185302734,3.6759209632873535
106,2018-09-20 21:00:00+00:00,15.100000381469727,13.130138397216797
106,2010-03-09 20:00:00+00:00,-2.6000003814697266,6.075371265411377
106,2019-09-15 06:00:00+00:00,9.399999618530273,13.777759552001953
106,2014-05-24 05:00:00+00:00,16.899999618530273,12.366272926330566
106,2016-12-24 18:00:00+00:00,6.599999904632568,3.4411301612854004
106,2018-05-27 09:00:00+00:00,24.5,18.221267700195312
106,2010-03-24 20:00:00+00:00,12.600000381469727,6.1965460777282715
106,2011-10-01 08:00:00+00:00,16.600000381469727,10.670733451843262
106,2017-06-22 01:00:00+00:00,16.899999618530273,16.490543365478516
106,2021-11-28 01:00:00+00:00,0.6999998092651367,3.4120492935180664
106,2021-12-01 10:00:00+00:00,7.400000095367432,3.074519157409668
106,2025-03-13 07:00:00+00:00,8.600000381469727,5.026324272155762
106,2021-01-11 13:00:00+00:00,1.0999994277954102,4.240345001220703
106,2009-01-11 09:00:00+00:00,-8.600000381469727,3.41433048248291
106,2020-10-26 09:00:00+00:00,11.5,8.962479591369629
106,2022-02-08 00:00:00+00:00,4.199999809265137,3.2614002227783203
106,2008-12-17 14:00:00+00:00,5.400000095367432,3.329296112060547
106,2021-05-27 14:00:00+00:00,15.0,19.789608001708984
106,2015-03-16 17:00:00+00:00,11.100000381469727,7.347781181335449
106,2012-11-18 21:00:00+00:00,4.099999904632568,4.9054341316223145
106,2022-07-27 06:00:00+00:00,21.0,19.49969482421875
106,2021-12-23 16:00:00+00:00,-2.3000001907348633,3.0118937492370605
106,2018-04-22 22:00:00+00:00,13.100000381469727,8.439596176147461
106,2013-04-01 23:00:00+00:00,2.1000003814697266,6.923633575439453
106,2021-10-19 05:00:00+00:00,0.8000001907348633,7.5962677001953125
106,2019-12-11 08:00:00+00:00,-3.6000003814697266,2.398408889770508
106,2020-07-08 03:00:00+00:00,8.0,17.848609924316406
106,2012-12-12 16:00:00+00:00,-4.0,3.249297618865967
106,2024-03-02 15:00:00+00:00,11.199999809265137,7.501450061798096
106,2020-10-01 16:00:00+00:00,17.5,12.361411094665527
106,2023-04-28 18:00:00+00:00,11.800000190734863,12.52734088897705
106,2010-04-04 18:00:00+00:00,13.800000190734863,10.238036155700684
106,2021-08-30 04:00:00+00:00,10.699999809265137,16.160961151123047
106,2011-08-20 04:00:00+00:00,17.100000381469727,16.834823608398438
106,2025-09-28 18:00:00+00:00,11.699999809265137,15.804285049438477
106,2019-05-12 07:00:00+00:00,11.0,13.978473663330078
106,2020-06-27 20:00:00+00:00,20.100000381469727,19.587749481201172
106,2018-03-20 09:00:00+00:00,-1.8000001907348633,6.47002649307251
106,2025-10-04 09:00:00+00:00,10.300000190734863,11.071907043457031
106,2025-07-29 22:00:00+00:00,14.899999618530273,19.034374237060547
106,2010-12-13 16:00:00+00:00,-3.3000001907348633,4.083025932312012
106,2015-07-01 10:00:00+00:00,26.799999237060547,23.04311180114746
106,2012-11-27 01:00:00+00:00,6.900000095367432,2.9071741104125977
106,2020-06-14 06:00:00+00:00,20.600000381469727,17.759841918945312
106,2017-11-25 01:00:00+00:00,3.8000001907348633,3.2844581604003906
106,2008-08-13 22:00:00+00:00,15.800000190734863,18.28343391418457
106,2013-10-27 03:00:00+00:00,9.800000190734863,6.613178730010986
106,2022-05-03 23:00:00+00:00,8.800000190734863,9.87430191040039
106,2014-11-14 11:00:00+00:00,12.5,5.839193820953369
106,2008-05-08 02:00:00+00:00,4.900000095367432,9.377341270446777
106,2021-03-15 10:00:00+00:00,8.0,6.973289489746094
106,2012-02-09 21:00:00+00:00,-7.600000381469727,3.732692241668701
106,2010-10-02 18:00:00+00:00,11.100000381469727,11.816327095031738
106,2020-12-17 02:00:00+00:00,2.3000001907348633,1.345189094543457
106,2017-06-16 20:00:00+00:00,18.799999237060547,19.089550018310547
106,2016-03-13 02:00:00+00:00,4.699999809265137,5.291774749755859
106,2013-02-22 08:00:00+00:00,-4.5,4.090096473693848
106,2017-04-04 15:00:00+00:00,16.299999237060547,10.961949348449707
106,2011-10-20 07:00:00+00:00,5.900000095367432,7.561956405639648
106,2017-05-04 08:00:00+00:00,12.5,14.255552291870117
106,2023-01-02 07:00:00+00:00,4.5,2.658564567565918
106,2015-06-30 22:00:00+00:00,15.899999618530273,17.77462387084961
106,2018-08-09 23:00:00+00:00,26.100000381469727,18.049137115478516
106,2018-08-30 21:00:00+00:00,15.899999618530273,17.90624237060547
106,2024-10-17 06:00:00+00:00,9.800000190734863,7.347369194030762
106,2022-10-18 17:00:00+00:00,15.600000381469727,10.266066551208496
106,2011-01-05 07:00:00+00:00,-4.799999237060547,1.9395780563354492
106,2021-08-17 20:00:00+00:00,13.100000381469727,19.7435302734375
106,2019-07-25 17:00:00+00:00,32.20000076293945,23.4144287109375
106,2014-07-04 14:00:00+00:00,27.200000762939453,24.387638092041016
106,2010-11-17 17:00:00+00:00,7.099999904632568,5.628169536590576
106,2022-05-04 22:00:00+00:00,9.399999618530273,10.493370056152344
106,2021-02-05 14:00:00+00:00,9.600000381469727,4.831242084503174
106,2023-04-18 21:00:00+00:00,9.699999809265137,7.82542610168457
106,2025-07-23 03:00:00+00:00,14.399999618530273,17.98293685913086
106,2017-03-22 05:00:00+00:00,10.899999618530273,5.182174205780029
106,2021-03-24 22:00:00+00:00,-0.8999996185302734,5.759715557098389
106,2025-01-29 07:00:00+00:00,1.0999994277954102,2.60079288482666
106,2025-05-24 23:00:00+00:00,6.199999809265137,12.534053802490234
106,2012-11-26 14:00:00+00:00,7.0,6.242636680603027
106,2017-09-12 09:00:00+00:00,16.100000381469727,17.036407470703125
106,2016-02-25 02:00:00+00:00,-2.8999996185302734,3.22989559173584
106,2015-06-29 01:00:00+00:00,10.5,15.996044158935547
106,2018-09-16 10:00:00+00:00,19.700000762939453,17.6541748046875
106,2008-09-25 21:00:00+00:00,10.100000381469727,12.241730690002441
106,2023-11-10 03:00:00+00:00,3.3000001907348633,3.7283058166503906
106,2025-10-18 14:00:00+00:00,11.300000190734863,11.199122428894043
106,2020-03-15 05:00:00+00:00,-4.0,5.449410438537598
106,2019-08-14 07:00:00+00:00,17.100000381469727,19.481388092041016
106,2022-09-24 09:00:00+00:00,13.199999809265137,15.507721900939941
106,2008-10-15 01:00:00+00:00,12.300000190734863,7.049777507781982
106,2023-03-20 22:00:00+00:00,11.0,6.134828567504883
106,2023-03-18 05:00:00+00:00,2.8000001907348633,5.257794380187988
106,2021-11-15 00:00:00+00:00,4.900000095367432,4.123445987701416
106,2022-10-14 03:00:00+00:00,10.300000190734863,7.159397602081299
106,2020-02-25 15:00:00+00:00,14.800000190734863,5.823347568511963
106,2011-01-19 22:00:00+00:00,2.5,2.512587547302246
106,2014-07-28 22:00:00+00:00,18.299999237060547,18.847816467285156
106,2021-03-30 03:00:00+00:00,12.699999809265137,5.38113260269165
106,2020-05-26 18:00:00+00:00,11.0,17.81654930114746
106,2023-04-03 18:00:00+00:00,3.6999998092651367,9.515984535217285
106,2018-10-08 22:00:00+00:00,8.899999618530273,9.049285888671875
106,2020-02-03 07:00:00+00:00,7.099999904632568,3.78275203704834
106,2017-11-26 00:00:00+00:00,6.599999904632568,3.67451810836792
106,2017-11-08 01:00:00+00:00,8.199999809265137,3.6898818016052246
106,2023-07-28 14:00:00+00:00,27.200000762939453,24.635353088378906
106,2019-11-26 06:00:00+00:00,4.800000190734863,3.5782642364501953
106,2017-08-06 02:00:00+00:00,21.799999237060547,17.18846321105957
106,2012-03-07 22:00:00+00:00,0.5,5.231914520263672
106,2013-11-29 05:00:00+00:00,1.8999996185302734,2.8651700019836426
106,2017-08-10 04:00:00+00:00,20.100000381469727,17.37833023071289
106,2025-03-01 01:00:00+00:00,-1.1999998092651367,4.785218715667725
106,2025-04-30 05:00:00+00:00,8.899999618530273,7.377012729644775
106,2020-07-17 02:00:00+00:00,13.199999809265137,17.55363655090332
106,2013-03-14 19:00:00+00:00,-1.0,6.080924034118652
106,2016-07-16 22:00:00+00:00,13.300000190734863,19.14542007446289
106,2019-03-18 08:00:00+00:00,6.199999809265137,6.2334160804748535
106,2009-12-24 14:00:00+00:00,10.399999618530273,3.0710363388061523
106,2015-01-24 21:00:00+00:00,1.0,3.2203946113586426
106,2018-01-31 17:00:00+00:00,4.199999809265137,3.9794821739196777
106,2016-07-15 20:00:00+00:00,14.899999618530273,20.86306381225586
106,2014-11-04 09:00:00+00:00,9.800000190734863,6.454820156097412
106,2022-12-06 18:00:00+00:00,4.300000190734863,3.4526610374450684
106,2011-09-21 12:00:00+00:00,17.399999618530273,17.93433380126953
106,2023-10-19 20:00:00+00:00,9.800000190734863,8.336736679077148
106,2018-05-07 06:00:00+00:00,14.0,11.480875968933105
106,2020-01-14 15:00:00+00:00,-1.1000003814697266,3.9767322540283203
106,2024-12-21 14:00:00+00:00,5.800000190734863,3.9002695083618164
106,2009-12-15 00:00:00+00:00,-8.30000114440918,2.126864433288574
106,2021-07-15 11:00:00+00:00,25.600000381469727,23.857444763183594
106,2011-07-13 06:00:00+00:00,22.5,19.521373748779297
106,2023-03-27 22:00:00+00:00,2.1000003814697266,6.289475917816162
106,2009-10-18 14:00:00+00:00,6.5,11.650529861450195
106,2013-02-07 21:00:00+00:00,0.6999998092651367,3.658407211303711
106,2022-01-14 16:00:00+00:00,6.800000190734863,3.4169082641601562
106,2010-02-22 11:00:00+00:00,4.300000190734863,5.75037956237793
106,2015-05-21 09:00:00+00:00,10.0,17.513399124145508
106,2015-05-23 05:00:00+00:00,10.5,12.24742603302002
106,2014-03-19 17:00:00+00:00,12.199999809265137,6.672259330749512
106,2024-11-30 15:00:00+00:00,4.5,5.633942604064941
106,2023-06-20 13:00:00+00:00,30.799999237060547,23.11318588256836
106,2025-07-04 10:00:00+00:00,23.899999618530273,23.139610290527344
106,2014-09-30 11:00:00+00:00,17.100000381469727,16.252578735351562
106,2009-12-03 18:00:00+00:00,2.5,2.9348039627075195
106,2010-11-03 17:00:00+00:00,10.5,6.64703893661499
106,2014-05-21 08:00:00+00:00,19.799999237060547,16.294780731201172
106,2020-09-07 23:00:00+00:00,11.199999809265137,14.083271026611328
106,2017-03-09 02:00:00+00:00,2.6000003814697266,4.481847763061523
106,2008-09-16 04:00:00+00:00,7.199999809265137,12.169135093688965
106,2014-10-12 02:00:00+00:00,12.0,7.75710391998291
106,2009-12-04 01:00:00+00:00,2.1000003814697266,1.7261381149291992
106,2021-01-12 07:00:00+00:00,-6.100000381469727,2.460634231567383
106,2017-07-02 12:00:00+00:00,19.700000762939453,24.440044403076172
106,2019-01-09 18:00:00+00:00,0.8999996185302734,3.2142367362976074
106,2019-04-05 17:00:00+00:00,9.600000381469727,10.475846290588379
106,2016-07-25 21:00:00+00:00,22.200000762939453,19.728219985961914
106,2023-05-01 20:00:00+00:00,14.5,12.618703842163086
106,2019-11-21 00:00:00+00:00,8.300000190734863,3.1310653686523438
106,2012-06-09 18:00:00+00:00,15.300000190734863,20.533538818359375
106,2014-01-02 03:00:00+00:00,2.6000003814697266,1.1501007080078125
106,2009-12-04 22:00:00+00:00,2.8000001907348633,2.400210380554199
106,2008-02-12 23:00:00+00:00,-4.899999618530273,3.633310317993164
106,2018-04-05 16:00:00+00:00,14.699999809265137,10.551209449768066
106,2021-06-26 06:00:00+00:00,20.100000381469727,18.20111846923828
106,2020-09-14 17:00:00+00:00,22.299999237060547,17.91400146484375
106,2012-02-05 09:00:00+00:00,-9.30000114440918,4.481746196746826
106,2022-05-15 16:00:00+00:00,24.799999237060547,18.645244598388672
106,2023-08-28 13:00:00+00:00,23.100000381469727,23.104324340820312
106,2008-02-19 05:00:00+00:00,5.199999809265137,3.545100212097168
106,2010-03-14 19:00:00+00:00,3.8000001907348633,6.945016384124756
106,2015-10-26 05:00:00+00:00,7.400000095367432,7.196651458740234
106,2017-03-21 16:00:00+00:00,16.100000381469727,7.190413951873779
106,2025-06-16 00:00:00+00:00,22.899999618530273,15.742578506469727
106,2008-09-27 20:00:00+00:00,9.699999809265137,13.862239837646484
106,2023-11-03 20:00:00+00:00,6.900000095367432,5.525616645812988
106,2013-04-29 00:00:00+00:00,9.0,7.611963748931885
106,2023-09-22 04:00:00+00:00,13.600000381469727,10.991655349731445
106,2011-11-16 05:00:00+00:00,-2.1999998092651367,3.558434009552002
106,2021-07-11 11:00:00+00:00,22.0,24.34170913696289
106,2024-01-18 19:00:00+00:00,9.0,3.050412178039551
106,2025-06-05 21:00:00+00:00,18.200000762939453,17.722257614135742
106,2015-10-02 08:00:00+00:00,11.0,9.84123706817627
106,2023-11-11 06:00:00+00:00,5.699999809265137,4.462211608886719
106,2010-10-10 02:00:00+00:00,0.6000003814697266,7.916562080383301
106,2019-09-08 06:00:00+00:00,12.800000190734863,14.817590713500977
106,2021-05-26 01:00:00+00:00,2.6000003814697266,11.600540161132812
106,2010-06-24 04:00:00+00:00,14.5,16.71822738647461
106,2015-10-04 08:00:00+00:00,11.300000190734863,10.72133731842041
106,2018-10-17 07:00:00+00:00,8.0,7.980230331420898
106,2024-03-15 13:00:00+00:00,15.700000762939453,7.91136360168457
106,2013-04-15 22:00:00+00:00,11.100000381469727,7.762922286987305
106,2016-06-15 23:00:00+00:00,11.899999618530273,16.663394927978516
106,2022-02-01 02:00:00+00:00,2.9000000953674316,2.7409210205078125
106,2023-04-16 05:00:00+00:00,4.300000190734863,7.260495185852051
106,2018-11-26 01:00:00+00:00,5.199999809265137,3.359736442565918
106,2011-04-08 14:00:00+00:00,17.100000381469727,12.84756088256836
106,2015-10-25 13:00:00+00:00,17.600000381469727,10.840003967285156
106,2024-03-27 05:00:00+00:00,8.199999809265137,5.356497287750244
106,2011-12-02 14:00:00+00:00,-0.6999998092651367,3.5123400688171387
106,2021-10-09 07:00:00+00:00,5.900000095367432,8.999346733093262
106,2009-09-11 06:00:00+00:00,16.700000762939453,13.544672012329102
106,2014-06-22 18:00:00+00:00,22.200000762939453,21.218521118164062
106,2022-04-17 04:00:00+00:00,-0.10000038146972656,7.04951810836792
106,2016-08-24 04:00:00+00:00,13.699999809265137,16.604705810546875
106,2020-05-30 07:00:00+00:00,10.300000190734863,16.11091423034668
106,2020-05-06 05:00:00+00:00,5.699999809265137,10.202718734741211
106,2015-10-13 21:00:00+00:00,7.5,8.750330924987793
106,2013-12-11 22:00:00+00:00,2.3999996185302734,2.223011016845703
106,2010-04-22 00:00:00+00:00,6.800000190734863,7.055697441101074
106,2025-08-30 07:00:00+00:00,20.200000762939453,18.2012939453125
106,2013-06-14 10:00:00+00:00,22.100000381469727,21.412906646728516
106,2008-06-05 17:00:00+00:00,18.100000381469727,20.866497039794922
106,2012-09-18 06:00:00+00:00,10.399999618530273,12.953977584838867
106,2015-02-09 04:00:00+00:00,-1.1999998092651367,3.3347787857055664
106,2023-11-29 10:00:00+00:00,1.0,4.514972686767578
106,2018-02-18 06:00:00+00:00,0.3000001907348633,3.9741368293762207
106,2010-03-28 21:00:00+00:00,7.300000190734863,6.721696853637695
106,2009-04-18 04:00:00+00:00,5.699999809265137,7.22335147857666
106,2021-10-30 20:00:00+00:00,9.0,7.859243392944336
106,2008-01-05 02:00:00+00:00,-6.0,1.705636978149414
106,2021-05-08 11:00:00+00:00,14.699999809265137,18.309017181396484
106,2019-10-22 23:00:00+00:00,12.0,7.360281944274902
106,2009-04-19 19:00:00+00:00,15.399999618530273,10.544241905212402
106,2019-03-28 04:00:00+00:00,5.800000190734863,5.153592586517334
106,2022-02-23 05:00:00+00:00,7.599999904632568,3.482283115386963
106,2020-09-24 10:00:00+00:00,24.0,15.902063369750977
106,2023-02-09 01:00:00+00:00,-7.399999618530273,2.695549488067627
106,2009-10-14 05:00:00+00:00,4.099999904632568,7.486371040344238
106,2022-07-08 02:00:00+00:00,16.100000381469727,17.416500091552734
106,2011-10-03 22:00:00+00:00,9.800000190734863,9.530945777893066
106,2010-09-26 05:00:00+00:00,10.0,11.417749404907227
106,2009-10-30 07:00:00+00:00,1.6999998092651367,7.021790027618408
106,2025-07-05 10:00:00+00:00,25.600000381469727,23.489044189453125
106,2017-12-15 16:00:00+00:00,5.400000095367432,3.1358699798583984
106,2010-02-23 17:00:00+00:00,2.1999998092651367,5.50648832321167
106,2024-12-02 12:00:00+00:00,3.0999999046325684,4.51267147064209
106,2022-12-07 12:00:00+00:00,5.699999809265137,3.300413131713867
106,2015-09-07 09:00:00+00:00,14.699999809265137,17.785030364990234
106,2023-01-30 22:00:00+00:00,3.3000001907348633,3.422964096069336
106,2010-07-30 14:00:00+00:00,18.399999618530273,24.6104736328125
106,2025-06-12 13:00:00+00:00,23.0,22.388233184814453
106,2014-12-11 15:00:00+00:00,5.099999904632568,3.050896167755127
106,2024-07-08 08:00:00+00:00,21.299999237060547,21.714801788330078
106,2010-10-17 21:00:00+00:00,5.900000095367432,8.821168899536133
106,2016-03-10 20:00:00+00:00,6.800000190734863,5.778203964233398
106,2023-07-03 20:00:00+00:00,18.600000381469727,20.399953842163086
106,2013-03-31 23:00:00+00:00,-0.19999980926513672,6.340807914733887
106,2017-10-16 15:00:00+00:00,20.899999618530273,11.746654510498047
106,2022-06-20 06:00:00+00:00,21.899999618530273,17.89664649963379
106,2023-06-24 01:00:00+00:00,17.100000381469727,16.109024047851562
106,2010-10-09 03:00:00+00:00,3.9000000953674316,7.73085880279541
106,2016-12-03 20:00:00+00:00,-4.600000381469727,3.2084035873413086
106,2018-12-19 19:00:00+00:00,0.19999980926513672,2.7529191970825195
106,2015-10-25 19:00:00+00:00,12.300000190734863,9.004015922546387
106,2013-03-12 07:00:00+00:00,1.5,5.537906646728516
106,2008-05-29 01:00:00+00:00,18.799999237060547,12.243423461914062
106,2010-06-30 09:00:00+00:00,25.899999618530273,21.344409942626953
106,2025-05-27 21:00:00+00:00,15.5,14.344578742980957
106,2024-12-25 15:00:00+00:00,3.1999998092651367,3.3820395469665527
106,2016-08-08 14:00:00+00:00,28.0,24.408767700195312
106,2021-01-24 17:00:00+00:00,3.1999998092651367,4.414605617523193
106,2008-09-13 19:00:00+00:00,11.300000190734863,16.8438720703125
106,2013-11-03 22:00:00+00:00,9.0,5.605945110321045
106,2015-04-19 00:00:00+00:00,0.0,7.339850425720215
106,2025-04-20 22:00:00+00:00,10.800000190734863,8.333598136901855
106,2015-02-24 10:00:00+00:00,6.300000190734863,5.195677280426025
106,2016-03-09 22:00:00+00:00,-1.0,5.305258274078369
106,2019-01-13 09:00:00+00:00,4.400000095367432,3.4531588554382324
106,2025-07-12 19:00:00+00:00,15.899999618530273,21.600040435791016
106,2008-02-14 04:00:00+00:00,-1.0,2.777798652648926
106,2020-06-10 14:00:00+00:00,17.299999237060547,22.454837799072266
106,2008-12-20 01:00:00+00:00,2.9000000953674316,1.9567365646362305
106,2025-05-02 18:00:00+00:00,19.600000381469727,16.09941291809082
106,2021-06-28 14:00:00+00:00,32.099998474121094,23.557891845703125
106,2009-08-31 00:00:00+00:00,9.399999618530273,16.084413528442383
106,2023-03-09 03:00:00+00:00,2.8000001907348633,4.4283223152160645
106,2008-05-08 10:00:00+00:00,17.799999237060547,17.206289291381836
106,2017-07-25 01:00:00+00:00,15.399999618530273,17.642839431762695
106,2022-03-25 21:00:00+00:00,3.4000000953674316,6.2907891273498535
106,2014-02-23 23:00:00+00:00,-1.3000001907348633,4.518905162811279
106,2010-05-29 11:00:00+00:00,20.700000762939453,19.869285583496094
106,2017-03-17 20:00:00+00:00,9.600000381469727,6.324097633361816
106,2010-01-31 04:00:00+00:00,-1.5,2.6158289909362793
106,2020-03-08 01:00:00+00:00,4.5,5.287005424499512
106,2023-09-11 14:00:00+00:00,30.30000114440918,19.821748733520508
106,2010-01-17 23:00:00+00:00,-0.6999998092651367,2.8933706283569336
106,2017-06-10 15:00:00+00:00,23.399999618530273,22.380619049072266
106,2024-09-22 18:00:00+00:00,16.100000381469727,16.428680419921875
106,2014-07-03 21:00:00+00:00,13.699999809265137,19.76476287841797
106,2009-03-29 04:00:00+00:00,7.900000095367432,5.73773717880249
106,2010-01-25 18:00:00+00:00,-4.300000190734863,4.23198127746582
106,2010-11-09 23:00:00+00:00,6.5,4.3722333908081055
106,2017-09-19 08:00:00+00:00,10.399999618530273,14.8941650390625
106,2008-05-13 23:00:00+00:00,9.5,10.965251922607422
106,2014-09-04 08:00:00+00:00,17.899999618530273,16.822729110717773
106,2023-03-31 09:00:00+00:00,13.600000381469727,7.19533634185791
106,2025-05-03 03:00:00+00:00,9.399999618530273,9.177163124084473
106,2011-06-11 17:00:00+00:00,23.5,21.389968872070312
106,2011-05-15 03:00:00+00:00,12.399999618530273,10.047821044921875
106,2023-07-15 10:00:00+00:00,29.5,23.714221954345703
106,2016-04-24 07:00:00+00:00,5.699999809265137,9.166779518127441
106,2023-02-09 11:00:00+00:00,2.3999996185302734,4.335886001586914
106,2016-05-05 03:00:00+00:00,7.5,9.09565258026123
106,2013-08-19 08:00:00+00:00,25.299999237060547,20.29938507080078
106,2011-06-23 20:00:00+00:00,16.799999237060547,19.4122314453125
106,2023-09-27 10:00:00+00:00,22.200000762939453,15.649492263793945
106,2022-05-28 01:00:00+00:00,13.199999809265137,11.345953941345215
106,2015-12-06 05:00:00+00:00,2.5,2.347270965576172
106,2024-03-24 06:00:00+00:00,5.5,5.905677318572998
106,2020-03-09 16:00:00+00:00,8.899999618530273,7.346217155456543
106,2020-04-28 22:00:00+00:00,16.700000762939453,8.039388656616211
106,2012-05-07 06:00:00+00:00,12.699999809265137,11.59172534942627
106,2018-05-16 04:00:00+00:00,10.600000381469727,10.615978240966797
106,2025-07-11 04:00:00+00:00,14.5,17.937883377075195
106,2015-08-31 12:00:00+00:00,34.099998474121094,22.585880279541016
106,2019-03-28 09:00:00+00:00,10.0,6.51174259185791
106,2017-02-24 16:00:00+00:00,8.399999618530273,5.541597366333008
106,2023-05-01 18:00:00+00:00,16.5,15.296470642089844
106,2012-09-01 20:00:00+00:00,14.399999618530273,17.240259170532227
106,2013-09-01 08:00:00+00:00,19.299999237060547,17.75697135925293
106,2014-02-01 10:00:00+00:00,-3.3000001907348633,4.337727069854736
106,2008-09-07 11:00:00+00:00,24.299999237060547,19.58096694946289
106,2013-11-19 18:00:00+00:00,6.800000190734863,5.526264190673828
106,2021-04-29 00:00:00+00:00,8.899999618530273,7.392496585845947
106,2012-02-12 15:00:00+00:00,-5.899999618530273,5.737433910369873
106,2016-01-21 03:00:00+00:00,-1.3999996185302734,1.5521783828735352
106,2017-05-20 16:00:00+00:00,15.700000762939453,19.043994903564453
106,2014-02-04 16:00:00+00:00,-1.0,5.021417617797852
106,2013-12-17 18:00:00+00:00,-1.8000001907348633,3.284780979156494
106,2013-12-17 04:00:00+00:00,-2.6000003814697266,1.814840316772461
106,2016-02-07 20:00:00+00:00,4.699999809265137,4.688229560852051
106,2015-08-15 22:00:00+00:00,21.899999618530273,18.414052963256836
106,2019-04-09 01:00:00+00:00,10.0,6.4854512214660645
106,2012-12-24 10:00:00+00:00,0.3000001907348633,3.777238368988037
106,2011-06-16 04:00:00+00:00,13.199999809265137,16.355018615722656
106,2018-08-01 02:00:00+00:00,19.100000381469727,17.386871337890625
106,2008-08-21 05:00:00+00:00,14.300000190734863,17.095378875732422
106,2020-02-20 16:00:00+00:00,7.699999809265137,5.106322288513184
106,2021-09-12 21:00:00+00:00,15.5,15.225127220153809
106,2024-12-28 01:00:00+00:00,-0.5,1.9828968048095703
106,2023-10-25 09:00:00+00:00,15.100000381469727,8.295215606689453
106,2019-09-12 08:00:00+00:00,20.5,15.628289222717285
106,2021-01-19 21:00:00+00:00,4.099999904632568,3.070744037628174
106,2023-07-04 06:00:00+00:00,20.5,19.30588150024414
106,2010-04-11 21:00:00+00:00,5.599999904632568,8.535846710205078
106,2016-09-20 22:00:00+00:00,11.0,12.486250877380371
106,2009-02-20 02:00:00+00:00,-2.6000003814697266,3.1496739387512207
106,2010-10-20 02:00:00+00:00,7.599999904632568,6.683917999267578
106,2011-04-08 21:00:00+00:00,16.100000381469727,7.991008758544922
106,2023-10-20 16:00:00+00:00,23.399999618530273,9.881233215332031
106,2020-04-29 23:00:00+00:00,12.600000381469727,7.583189010620117
106,2025-02-25 04:00:00+00:00,0.5,3.5992236137390137
106,2017-11-14 13:00:00+00:00,7.400000095367432,6.68897819519043
106,2009-08-22 06:00:00+00:00,20.399999618530273,17.95357894897461
106,2008-08-10 00:00:00+00:00,10.5,17.50962257385254
106,2025-03-01 00:00:00+00:00,-1.1999998092651367,4.999745845794678
106,2011-01-21 18:00:00+00:00,-0.39999961853027344,3.3808608055114746
106,2018-02-26 21:00:00+00:00,-9.399999618530273,4.968012809753418
106,2016-06-28 09:00:00+00:00,21.600000381469727,21.56334114074707
106,2017-04-30 09:00:00+00:00,12.600000381469727,12.682088851928711
106,2017-09-12 17:00:00+00:00,13.899999618530273,18.116039276123047
106,2021-01-16 06:00:00+00:00,-1.3000001907348633,2.2589988708496094
106,2014-03-13 23:00:00+00:00,1.6999998092651367,5.095177173614502
106,2024-03-13 06:00:00+00:00,7.400000095367432,5.082906246185303
106,2023-02-18 16:00:00+00:00,15.300000190734863,5.673349380493164
106,2009-07-01 06:00:00+00:00,20.399999618530273,19.273990631103516
106,2022-04-25 13:00:00+00:00,13.399999618530273,15.715084075927734
106,2019-11-29 22:00:00+00:00,5.0,3.571277618408203
106,2013-01-14 12:00:00+00:00,-1.8999996185302734,4.216650485992432
106,2016-01-10 09:00:00+00:00,2.0,3.3954782485961914
106,2013-04-25 08:00:00+00:00,21.299999237060547,9.699461936950684
106,2025-09-25 06:00:00+00:00,11.0,11.195619583129883
106,2012-08-29 04:00:00+00:00,19.5,16.18058967590332
106,2011-01-10 00:00:00+00:00,0.10000038146972656,2.43387508392334
106,2010-06-26 13:00:00+00:00,24.200000762939453,23.439952850341797
106,2013-12-05 01:00:00+00:00,3.6999998092651367,1.5864524841308594
106,2020-04-22 23:00:00+00:00,2.9000000953674316,7.16450834274292
106,2017-06-30 18:00:00+00:00,20.299999237060547,21.381393432617188
106,2015-10-22 03:00:00+00:00,6.199999809265137,6.497105121612549
106,2025-06-21 10:00:00+00:00,22.700000762939453,22.103164672851562
106,2020-03-26 11:00:00+00:00,6.199999809265137,7.5029215812683105
106,2018-04-24 02:00:00+00:00,14.300000190734863,6.817074775695801
106,2010-05-21 21:00:00+00:00,13.5,14.904281616210938
106,2016-01-31 04:00:00+00:00,8.300000190734863,2.6158289909362793
106,2023-08-10 07:00:00+00:00,17.899999618530273,19.66273307800293
106,2018-05-17 22:00:00+00:00,14.0,12.566447257995605
106,2015-04-03 23:00:00+00:00,-0.10000038146972656,6.958996295928955
106,2024-02-13 11:00:00+00:00,8.699999809265137,5.075903415679932
106,2016-03-28 10:00:00+00:00,11.0,7.835073947906494
106,2008-05-08 17:00:00+00:00,19.700000762939453,17.10738754272461
106,2024-01-27 19:00:00+00:00,4.300000190734863,3.8138413429260254
106,2018-02-22 12:00:00+00:00,0.39999961853027344,5.1365556716918945
106,2022-02-12 04:00:00+00:00,3.1999998092651367,3.1331863403320312
106,2014-11-17 23:00:00+00:00,8.100000381469727,4.321591377258301
106,2019-11-01 22:00:00+00:00,6.599999904632568,5.20919132232666
106,2020-02-26 08:00:00+00:00,7.300000190734863,4.337167739868164
106,2017-05-14 19:00:00+00:00,17.799999237060547,15.949200630187988
106,2019-08-15 20:00:00+00:00,19.899999618530273,20.143556594848633
106,2018-01-02 01:00:00+00:00,-1.3000001907348633,1.7336692810058594
106,2008-08-12 20:00:00+00:00,20.700000762939453,19.994081497192383
106,2015-05-19 00:00:00+00:00,10.800000190734863,10.974676132202148
106,2012-02-09 03:00:00+00:00,-11.399999618530273,2.523564338684082
106,2019-10-23 10:00:00+00:00,13.600000381469727,8.909525871276855
106,2023-05-09 04:00:00+00:00,3.999999523162842,9.344308853149414
106,2011-05-23 03:00:00+00:00,19.0,10.458634376525879
106,2012-06-03 10:00:00+00:00,23.5,21.39675521850586
106,2021-09-28 04:00:00+00:00,15.899999618530273,11.066496849060059
106,2023-07-30 15:00:00+00:00,19.700000762939453,24.561330795288086
106,2023-09-08 23:00:00+00:00,13.100000381469727,13.428627967834473
106,2013-06-08 21:00:00+00:00,15.5,17.756553649902344
106,2016-06-30 09:00:00+00:00,28.399999618530273,21.22930145263672
106,2012-12-02 22:00:00+00:00,1.1999998092651367,3.044297218322754
106,2019-02-22 16:00:00+00:00,3.1999998092651367,5.44451379776001
106,2010-11-26 23:00:00+00:00,0.3000001907348633,3.494675636291504
106,2022-02-02 13:00:00+00:00,5.400000095367432,4.531369686126709
106,2018-11-15 18:00:00+00:00,2.1000003814697266,5.1061930656433105
106,2014-08-11 08:00:00+00:00,25.899999618530273,20.785123825073242
106,2010-07-17 06:00:00+00:00,26.5,19.51219940185547
106,2011-11-19 12:00:00+00:00,4.5,6.209663391113281
106,2019-06-18 20:00:00+00:00,18.700000762939453,18.99492645263672
106,2025-03-13 16:00:00+00:00,10.300000190734863,6.656110763549805
106,2009-01-04 14:00:00+00:00,-0.6000003814697266,4.167597770690918
106,2024-12-12 19:00:00+00:00,1.8000001907348633,2.619241237640381
106,2010-12-06 02:00:00+00:00,-8.0,2.2813291549682617
106,2022-03-01 11:00:00+00:00,3.1999998092651367,6.444784164428711
106,2023-03-31 23:00:00+00:00,10.800000190734863,5.959722518920898
106,2015-11-02 04:00:00+00:00,2.3999996185302734,4.63881778717041
106,2023-11-10 20:00:00+00:00,7.599999904632568,5.072168827056885
106,2019-08-05 03:00:00+00:00,12.600000381469727,17.13140296936035
106,2021-10-30 23:00:00+00:00,4.400000095367432,6.919058799743652
106,2021-02-07 14:00:00+00:00,2.1000003814697266,5.556360244750977
106,2012-11-12 15:00:00+00:00,10.0,6.956936836242676
106,2014-02-27 11:00:00+00:00,7.199999809265137,5.178764343261719
106,2016-01-28 00:00:00+00:00,6.0,2.126810073852539
106,2021-03-24 20:00:00+00:00,1.3999996185302734,6.1965460777282715
106,2011-06-12 13:00:00+00:00,19.799999237060547,22.88795280456543
106,2021-01-07 00:00:00+00:00,1.3000001907348633,1.5875978469848633
106,2009-09-19 04:00:00+00:00,11.0,11.546141624450684
106,2012-12-01 18:00:00+00:00,2.3000001907348633,3.6877999305725098
106,2019-11-23 01:00:00+00:00,7.900000095367432,3.367755889892578
106,2021-11-11 13:00:00+00:00,5.099999904632568,6.232642650604248
106,2014-09-20 17:00:00+00:00,20.200000762939453,17.546194076538086
106,2020-03-24 15:00:00+00:00,6.900000095367432,7.5623626708984375
106,2013-10-11 10:00:00+00:00,9.399999618530273,10.24109935760498
106,2008-09-25 17:00:00+00:00,11.5,16.361135482788086
106,2017-09-10 16:00:00+00:00,18.0,19.37655258178711
106,2013-01-23 04:00:00+00:00,-2.8999996185302734,1.8371477127075195
106,2019-07-27 21:00:00+00:00,18.100000381469727,19.870487213134766
106,2024-04-03 07:00:00+00:00,14.0,6.836203575134277
106,2015-12-22 05:00:00+00:00,10.100000381469727,1.9032373428344727
106,2020-03-04 09:00:00+00:00,6.599999904632568,5.599538803100586
106,2024-06-06 20:00:00+00:00,15.700000762939453,18.599367141723633
106,2021-07-24 08:00:00+00:00,24.0,21.751598358154297
106,2012-09-07 10:00:00+00:00,21.299999237060547,18.58367919921875
106,2015-07-01 05:00:00+00:00,16.299999237060547,18.505929946899414
106,2018-03-11 10:00:00+00:00,10.800000190734863,7.125237941741943
106,2024-04-14 16:00:00+00:00,24.700000762939453,13.285213470458984
106,2015-09-03 08:00:00+00:00,16.899999618530273,16.95250701904297
106,2024-02-29 20:00:00+00:00,11.600000381469727,4.77692985534668
106,2017-01-20 05:00:00+00:00,-13.0,1.7840824127197266
106,2018-04-29 14:00:00+00:00,28.600000381469727,16.16468048095703
106,2023-07-14 05:00:00+00:00,20.100000381469727,18.543994903564453
106,2025-05-07 05:00:00+00:00,6.5,10.202718734741211
106,2024-11-30 16:00:00+00:00,4.300000190734863,5.51872444152832
106,2020-06-10 19:00:00+00:00,14.800000190734863,19.682964324951172
106,2008-08-16 10:00:00+00:00,13.399999618530273,22.556129455566406
106,2017-06-24 05:00:00+00:00,17.299999237060547,17.284631729125977
106,2010-09-05 05:00:00+00:00,7.699999809265137,14.33680534362793
106,2022-03-10 22:00:00+00:00,-4.0,5.227245807647705
106,2019-09-25 19:00:00+00:00,15.600000381469727,14.362531661987305
106,2018-10-06 06:00:00+00:00,10.699999809265137,8.695808410644531
106,2008-09-24 19:00:00+00:00,10.399999618530273,14.362531661987305
106,2018-04-25 17:00:00+00:00,24.0,11.589410781860352
106,2021-09-03 23:00:00+00:00,9.800000190734863,14.122589111328125
106,2025-09-20 10:00:00+00:00,22.799999237060547,17.087970733642578
106,2008-06-16 09:00:00+00:00,18.799999237060547,21.265792846679688
106,2010-05-28 20:00:00+00:00,17.5,16.67307472229004
106,2020-01-07 20:00:00+00:00,3.0999999046325684,3.084744930267334
106,2018-12-27 10:00:00+00:00,6.099999904632568,2.5941200256347656
106,2018-07-02 02:00:00+00:00,6.099999904632568,17.016563415527344
106,2014-04-28 22:00:00+00:00,11.0,8.445621490478516
106,2025-08-24 11:00:00+00:00,19.200000762939453,22.938926696777344
106,2021-12-05 19:00:00+00:00,2.6999998092651367,3.8167476654052734
106,2016-04-05 02:00:00+00:00,6.599999904632568,6.316037654876709
106,2009-04-20 18:00:00+00:00,16.899999618530273,10.957951545715332
106,2020-10-04 10:00:00+00:00,18.899999618530273,11.954303741455078
106,2010-09-25 09:00:00+00:00,15.0,15.320404052734375
106,2008-03-09 12:00:00+00:00,12.199999809265137,7.945903778076172
106,2020-11-24 21:00:00+00:00,1.6999998092651367,4.051424026489258
106,2008-05-23 07:00:00+00:00,13.300000190734863,15.354843139648438
106,2017-11-04 04:00:00+00:00,4.400000095367432,4.426498889923096
106,2012-01-02 14:00:00+00:00,1.1999998092651367,4.079300403594971
106,2017-09-08 00:00:00+00:00,9.399999618530273,12.860854148864746
106,2017-01-04 18:00:00+00:00,2.6000003814697266,3.1079187393188477
106,2020-04-01 09:00:00+00:00,4.900000095367432,8.191276550292969
106,2024-01-03 12:00:00+00:00,13.199999809265137,3.193288803100586
106,2025-10-16 01:00:00+00:00,8.100000381469727,6.952112197875977
106,2014-10-28 19:00:00+00:00,3.9000000953674316,8.400866508483887
106,2019-07-08 10:00:00+00:00,21.0,23.600830078125
106,2010-02-11 00:00:00+00:00,-3.6999998092651367,2.970736503601074
106,2017-01-28 19:00:00+00:00,-5.600000381469727,3.846771240234375
106,2021-08-10 18:00:00+00:00,23.700000762939453,22.07815933227539
106,2022-10-14 01:00:00+00:00,9.0,7.251033782958984
106,2021-08-27 06:00:00+00:00,13.300000190734863,17.34127426147461
106,2012-12-14 21:00:00+00:00,-3.8000001907348633,2.4525632858276367
106,2025-03-21 06:00:00+00:00,0.0,5.214394569396973
106,2011-11-23 14:00:00+00:00,-1.1000003814697266,5.681058883666992
106,2024-11-23 20:00:00+00:00,2.5,4.646390914916992
106,2015-09-22 14:00:00+00:00,22.100000381469727,18.273765563964844
106,2014-12-29 08:00:00+00:00,-6.30000114440918,3.0805749893188477
106,2011-12-23 09:00:00+00:00,3.3000001907348633,2.505481719970703
106,2025-06-28 22:00:00+00:00,19.5,17.97779655456543
106,2015-12-10 23:00:00+00:00,-1.6999998092651367,1.895742416381836
106,2017-05-28 06:00:00+00:00,16.700000762939453,14.195219993591309
106,2017-08-24 05:00:00+00:00,8.800000190734863,16.913869857788086
106,2011-05-07 23:00:00+00:00,6.199999809265137,10.96339225769043
106,2013-01-06 05:00:00+00:00,6.199999809265137,2.218576431274414
106,2012-09-06 15:00:00+00:00,19.899999618530273,20.13678741455078
106,2015-04-16 12:00:00+00:00,24.600000381469727,12.79317855834961
106,2020-05-03 03:00:00+00:00,7.800000190734863,9.126754760742188
106,2013-01-07 13:00:00+00:00,1.3000001907348633,4.156042575836182
106,2022-10-09 01:00:00+00:00,14.399999618530273,8.159913063049316
106,2015-01-19 19:00:00+00:00,2.1000003814697266,3.9112305641174316
106,2011-05-14 14:00:00+00:00,15.0,19.258886337280273
106,2021-10-03 18:00:00+00:00,19.0,12.2066011428833
106,2020-09-15 18:00:00+00:00,20.0,16.791648864746094
106,2011-11-02 17:00:00+00:00,7.099999904632568,6.725698471069336
106,2017-05-14 21:00:00+00:00,15.899999618530273,13.320388793945312
106,2009-01-28 23:00:00+00:00,0.0,2.4620676040649414
106,2013-09-19 06:00:00+00:00,10.699999809265137,11.968362808227539
106,2016-10-14 19:00:00+00:00,11.899999618530273,8.976737976074219
106,2016-11-15 04:00:00+00:00,-6.69999885559082,3.4627280235290527
106,2023-03-18 10:00:00+00:00,10.199999809265137,7.542701721191406
106,2021-10-20 04:00:00+00:00,10.300000190734863,6.817164421081543
106,2014-01-08 09:00:00+00:00,3.3000001907348633,2.633312225341797
106,2011-06-04 07:00:00+00:00,21.299999237060547,18.23946189880371
106,2013-02-26 07:00:00+00:00,1.8999996185302734,4.302321910858154
106,2011-05-24 13:00:00+00:00,27.700000762939453,19.927520751953125
106,2017-12-17 20:00:00+00:00,1.5,3.450545310974121
106,2013-08-30 15:00:00+00:00,23.399999618530273,22.543262481689453
106,2024-07-15 14:00:00+00:00,31.600000381469727,24.84872055053711
106,2021-06-20 02:00:00+00:00,16.700000762939453,15.32388687133789
106,2024-01-09 19:00:00+00:00,-9.69999885559082,3.3426270484924316
106,2008-07-21 08:00:00+00:00,17.399999618530273,21.742895126342773
106,2021-01-21 00:00:00+00:00,-2.8999996185302734,1.9165935516357422
106,2025-04-18 05:00:00+00:00,13.199999809265137,7.113988399505615
106,2020-08-10 16:00:00+00:00,30.899999618530273,23.393098831176758
106,2023-07-21 10:00:00+00:00,22.5,23.402111053466797
106,2010-01-26 16:00:00+00:00,-7.100000381469727,4.187829971313477
106,2019-05-30 14:00:00+00:00,17.100000381469727,20.01907730102539
106,2020-05-13 22:00:00+00:00,10.100000381469727,11.791402816772461
106,2009-05-28 17:00:00+00:00,16.399999618530273,18.768573760986328
106,2025-04-09 01:00:00+00:00,-1.1999998092651367,6.3282999992370605
106,2020-07-14 03:00:00+00:00,7.599999904632568,17.63076400756836
106,2011-02-19 18:00:00+00:00,2.0,5.3189239501953125
106,2016-12-11 14:00:00+00:00,7.099999904632568,4.43868350982666
106,2016-10-05 22:00:00+00:00,6.5,8.672971725463867
106,2020-04-16 16:00:00+00:00,22.299999237060547,12.184989929199219
106,2021-05-18 08:00:00+00:00,15.700000762939453,16.006576538085938
106,2008-01-02 08:00:00+00:00,-1.5,2.1934938430786133
106,2014-08-04 18:00:00+00:00,22.299999237060547,22.0582275390625
106,2015-06-04 20:00:00+00:00,20.600000381469727,18.415481567382812
106,2018-08-14 19:00:00+00:00,22.200000762939453,20.949951171875
106,2025-08-23 11:00:00+00:00,18.0,22.881072998046875
106,2024-08-30 17:00:00+00:00,30.100000381469727,21.342845916748047
106,2008-04-03 20:00:00+00:00,6.400000095367432,7.592192649841309
106,2012-11-05 21:00:00+00:00,4.800000190734863,5.733624458312988
106,2013-06-08 10:00:00+00:00,23.100000381469727,21.398834228515625
106,2019-12-08 15:00:00+00:00,6.0,4.415136814117432
106,2020-06-12 14:00:00+00:00,27.0,22.583984375
106,2009-07-23 04:00:00+00:00,17.299999237060547,18.117929458618164
106,2009-01-01 01:00:00+00:00,-4.899999618530273,1.3154935836791992
106,2018-08-23 21:00:00+00:00,20.200000762939453,18.57498550415039
106,2008-12-23 05:00:00+00:00,6.400000095367432,1.8992071151733398
106,2014-07-28 06:00:00+00:00,19.399999618530273,19.429039001464844
106,2014-04-10 13:00:00+00:00,7.5,12.164752960205078
106,2015-02-22 10:00:00+00:00,5.699999809265137,5.436230182647705
106,2017-03-20 17:00:00+00:00,13.800000190734863,7.502882480621338
106,2025-07-27 13:00:00+00:00,20.700000762939453,24.97603988647461
106,2025-06-22 19:00:00+00:00,21.200000762939453,20.217819213867188
106,2009-04-21 20:00:00+00:00,8.699999809265137,8.539329528808594
106,2012-03-23 01:00:00+00:00,3.0999999046325684,5.342980861663818
106,2024-09-10 16:00:00+00:00,20.200000762939453,18.976722717285156
106,2023-09-24 22:00:00+00:00,15.300000190734863,12.915060997009277
106,2023-09-25 09:00:00+00:00,16.200000762939453,15.32427978515625
106,2023-02-12 00:00:00+00:00,5.300000190734863,3.8636364936828613
106,2025-09-06 16:00:00+00:00,19.799999237060547,20.02005386352539
106,2013-06-08 07:00:00+00:00,19.399999618530273,18.4566650390625
106,2013-11-06 01:00:00+00:00,1.0999994277954102,3.833179473876953
106,2013-02-09 09:00:00+00:00,-1.1000003814697266,4.304612636566162
106,2020-10-18 19:00:00+00:00,4.5,9.646882057189941
106,2009-04-21 07:00:00+00:00,13.800000190734863,8.00617790222168
106,2012-01-13 07:00:00+00:00,3.9000000953674316,2.029205322265625
106,2013-03-31 01:00:00+00:00,0.5,5.973338603973389
106,2024-03-02 03:00:00+00:00,5.099999904632568,4.633831024169922
106,2019-10-05 12:00:00+00:00,14.800000190734863,12.942529678344727
106,2021-12-13 18:00:00+00:00,5.099999904632568,3.7734017372131348
106,2019-12-12 02:00:00+00:00,-7.5,1.3919239044189453
106,2021-01-01 13:00:00+00:00,-0.6000003814697266,3.186995029449463
106,2017-05-07 15:00:00+00:00,15.100000381469727,18.464031219482422
106,2024-08-30 01:00:00+00:00,18.899999618530273,15.782316207885742
106,2013-02-20 19:00:00+00:00,-0.8000001907348633,4.711710453033447
106,2021-02-23 15:00:00+00:00,15.399999618530273,5.7475457191467285
106,2021-04-30 08:00:00+00:00,16.399999618530273,10.777928352355957
106,2023-03-22 00:00:00+00:00,8.199999809265137,5.251413345336914
106,2022-06-08 04:00:00+00:00,15.0,15.556293487548828
106,2011-06-13 03:00:00+00:00,12.300000190734863,14.736881256103516
106,2008-07-20 07:00:00+00:00,19.899999618530273,20.746070861816406
106,2014-12-13 05:00:00+00:00,2.0,1.9340248107910156
106,2009-05-07 13:00:00+00:00,19.5,18.205890655517578
106,2016-01-16 01:00:00+00:00,1.3999996185302734,2.0636825561523438
106,2023-12-14 03:00:00+00:00,4.699999809265137,1.3277502059936523
106,2011-07-06 05:00:00+00:00,15.899999618530273,18.629833221435547
106,2010-08-11 15:00:00+00:00,25.299999237060547,24.046417236328125
106,2024-12-02 02:00:00+00:00,0.6000003814697266,2.3299179077148438
106,2021-08-02 10:00:00+00:00,21.600000381469727,23.29187774658203
106,2021-08-14 02:00:00+00:00,18.700000762939453,16.960926055908203
106,2014-04-02 12:00:00+00:00,17.600000381469727,10.56201457977295
106,2009-10-22 23:00:00+00:00,10.199999809265137,6.940935134887695
106,2015-05-02 14:00:00+00:00,13.600000381469727,18.365827560424805
106,2020-02-20 12:00:00+00:00,8.800000190734863,5.040600299835205
106,2013-11-14 22:00:00+00:00,4.300000190734863,3.912741184234619
106,2009-06-07 01:00:00+00:00,13.699999809265137,14.663434028625488
106,2024-06-20 22:00:00+00:00,19.700000762939453,17.816524505615234
106,2017-12-16 16:00:00+00:00,3.1999998092651367,3.7547879219055176
106,2015-01-22 13:00:00+00:00,6.599999904632568,3.5538058280944824
106,2024-12-17 19:00:00+00:00,7.400000095367432,3.1322226524353027
106,2016-12-23 15:00:00+00:00,1.8999996185302734,3.194115161895752
106,2008-12-16 21:00:00+00:00,5.400000095367432,2.7488155364990234
106,2013-01-23 13:00:00+00:00,-1.5,3.8051047325134277
106,2018-07-31 03:00:00+00:00,17.299999237060547,17.617488861083984
106,2008-03-20 20:00:00+00:00,0.6999998092651367,6.1027913093566895
106,2016-06-03 10:00:00+00:00,20.299999237060547,20.785921096801758
106,2017-06-13 13:00:00+00:00,27.700000762939453,22.771148681640625
106,2016-01-21 10:00:00+00:00,-1.8000001907348633,3.0393033027648926
106,2020-12-19 19:00:00+00:00,2.0,3.252537250518799
106,2021-03-07 11:00:00+00:00,7.199999809265137,7.355257987976074
106,2011-01-07 18:00:00+00:00,1.3000001907348633,3.04049015045166
106,2025-09-12 17:00:00+00:00,16.600000381469727,18.370052337646484
106,2025-07-09 14:00:00+00:00,21.600000381469727,24.464908599853516
106,2025-06-27 04:00:00+00:00,20.799999237060547,16.747310638427734
5802,2014-07-04 01:00:00+00:00,17.0,9.249563217163086
5802,2017-01-06 04:00:00+00:00,-8.100000381469727,-2.679780960083008
5802,2019-06-08 01:00:00+00:00,16.899999618530273,7.637951374053955
5802,2010-01-14 21:00:00+00:00,-2.6999998092651367,-2.1371660232543945
5802,2011-11-18 19:00:00+00:00,3.3000001907348633,1.530238151550293
5802,2010-04-12 12:00:00+00:00,3.9000000953674316,6.802210807800293
5802,2015-12-23 06:00:00+00:00,4.699999809265137,-1.6435480117797852
5802,2024-12-12 06:00:00+00:00,-0.5,-1.440861701965332
5802,2019-03-29 11:00:00+00:00,10.5,5.066127777099609
5802,2018-02-18 23:00:00+00:00,-3.3000001907348633,-1.3193635940551758
5802,2012-01-10 23:00:00+00:00,1.5,-2.8294191360473633
5802,2025-03-18 03:00:00+00:00,-3.8999996185302734,-0.0857706069946289
5802,2016-10-29 01:00:00+00:00,8.300000190734863,1.6118535995483398
5802,2018-12-25 14:00:00+00:00,0.8999996185302734,1.386941909790039
5802,2010-03-21 02:00:00+00:00,12.600000381469727,0.3867168426513672
5802,2012-07-02 03:00:00+00:00,17.600000381469727,8.686912536621094
5802,2019-03-06 10:00:00+00:00,8.5,2.5059871673583984
5802,2022-11-25 22:00:00+00:00,4.599999904632568,-0.4224395751953125
5802,2023-07-12 11:00:00+00:00,30.700000762939453,14.244256973266602
5802,2025-06-30 00:00:00+00:00,22.700000762939453,7.916538238525391
5802,2010-01-02 11:00:00+00:00,-1.1000003814697266,1.0042724609375
5802,2024-06-01 05:00:00+00:00,12.100000381469727,8.47226619720459
5802,2017-12-03 22:00:00+00:00,-2.1000003814697266,-1.3024511337280273
5802,2011-11-09 00:00:00+00:00,6.300000190734863,-0.4544715881347656
5802,2020-11-05 07:00:00+00:00,5.0,1.7034215927124023
5802,2014-01-09 05:00:00+00:00,0.19999980926513672,-2.505685806274414
5802,2019-09-17 19:00:00+00:00,14.199999809265137,8.628482818603516
5802,2017-05-30 12:00:00+00:00,28.500001907348633,11.312384605407715
5802,2016-07-27 01:00:00+00:00,19.0,8.610162734985352
5802,2013-08-20 04:00:00+00:00,15.0,8.30282211303711
5802,2022-01-22 02:00:00+00:00,-1.3000001907348633,-2.7296953201293945
5802,2022-05-04 02:00:00+00:00,11.899999618530273,3.823183059692383
5802,2017-04-25 14:00:00+00:00,20.0,7.6112871170043945
5802,2021-05-18 12:00:00+00:00,11.300000190734863,10.569491386413574
5802,2021-11-05 09:00:00+00:00,5.900000095367432,3.0423660278320312
5802,2021-06-11 01:00:00+00:00,15.399999618530273,7.760860443115234
5802,2017-05-11 17:00:00+00:00,18.600000381469727,9.833295822143555
5802,2017-02-17 02:00:00+00:00,-2.6000003814697266,-2.0324440002441406
5802,2017-07-09 09:00:00+00:00,26.899999618530273,14.092246055603027
5802,2025-03-03 14:00:00+00:00,9.800000190734863,3.5705089569091797
5802,2020-11-09 07:00:00+00:00,3.4000000953674316,1.5735559463500977
5802,2024-09-21 22:00:00+00:00,14.800000190734863,6.924098968505859
5802,2011-12-01 13:00:00+00:00,-0.8000001907348633,1.7876873016357422
5802,2015-03-02 05:00:00+00:00,6.5,0.17095947265625
5802,2024-10-07 15:00:00+00:00,12.600000381469727,8.163912773132324
5802,2014-12-06 02:00:00+00:00,3.4000000953674316,-2.1811771392822266
5802,2013-09-10 02:00:00+00:00,14.199999809265137,5.587865829467773
5802,2011-11-30 16:00:00+00:00,0.3000001907348633,2.4018030166625977
5802,2024-04-18 06:00:00+00:00,3.6999998092651367,3.815152168273926
5802,2020-07-04 04:00:00+00:00,14.300000190734863,10.068245887756348
5802,2015-05-29 10:00:00+00:00,19.899999618530273,11.453784942626953
5802,2012-06-19 08:00:00+00:00,24.5,11.155895233154297
5802,2021-01-01 15:00:00+00:00,-2.1000003814697266,0.8085212707519531
5802,2011-03-01 01:00:00+00:00,-2.8999996185302734,-0.9921979904174805
5802,2013-10-24 06:00:00+00:00,12.199999809265137,3.255929470062256
5802,2015-08-17 05:00:00+00:00,16.100000381469727,9.513309478759766
5802,2013-09-07 22:00:00+00:00,17.0,8.011530876159668
5802,2020-09-28 21:00:00+00:00,8.300000190734863,6.1911773681640625
5802,2019-08-20 08:00:00+00:00,21.399999618530273,11.775050163269043
5802,2024-03-14 06:00:00+00:00,5.099999904632568,0.7808942794799805
5802,2011-12-12 09:00:00+00:00,1.8999996185302734,0.5803356170654297
5802,2012-07-30 08:00:00+00:00,17.0,12.952526092529297
5802,2011-05-29 10:00:00+00:00,18.299999237060547,11.44082260131836
5802,2022-12-15 00:00:00+00:00,-2.3000001907348633,-2.6773500442504883
5802,2020-05-20 22:00:00+00:00,12.899999618530273,5.889110088348389
5802,2011-09-04 12:00:00+00:00,29.100000381469727,13.0277681350708
5802,2020-01-07 05:00:00+00:00,-3.3000001907348633,-2.3822708129882812
5802,2023-02-12 23:00:00+00:00,2.9000000953674316,-1.5290603637695312
5802,2021-10-07 18:00:00+00:00,9.100000381469727,6.408133029937744
5802,2023-10-19 02:00:00+00:00,7.0,2.0383081436157227
5802,2017-02-01 08:00:00+00:00,-4.199999809265137,-0.4992847442626953
5802,2019-03-26 05:00:00+00:00,1.6999998092651367,0.9879856109619141
5802,2017-11-12 06:00:00+00:00,4.099999904632568,1.0768213272094727
5802,2022-08-04 02:00:00+00:00,22.0,8.903583526611328
5802,2011-03-03 12:00:00+00:00,-2.0,3.2025203704833984
5802,2014-01-22 18:00:00+00:00,-0.19999980926513672,-0.4585542678833008
5802,2013-08-18 05:00:00+00:00,20.0,10.123028755187988
5802,2011-03-02 19:00:00+00:00,-0.6000003814697266,1.0491065979003906
5802,2010-01-24 09:00:00+00:00,-8.69999885559082,0.3333778381347656
5802,2019-02-11 22:00:00+00:00,1.3999996185302734,-1.4547882080078125
5802,2015-11-21 21:00:00+00:00,1.5,0.4260749816894531
5802,2022-10-21 21:00:00+00:00,8.300000190734863,3.6860222816467285
5802,2010-12-04 23:00:00+00:00,-7.5,-1.8284034729003906
5802,2022-10-11 16:00:00+00:00,14.699999809265137,7.010706424713135
5802,2019-07-19 21:00:00+00:00,21.299999237060547,11.746245384216309
5802,2023-07-26 18:00:00+00:00,13.699999809265137,12.894515991210938
5802,2017-07-10 07:00:00+00:00,18.100000381469727,12.051910400390625
5802,2011-03-13 19:00:00+00:00,10.300000190734863,2.2056808471679688
5802,2010-05-19 13:00:00+00:00,9.800000190734863,11.019725799560547
5802,2012-12-02 21:00:00+00:00,-1.1000003814697266,-0.8452978134155273
5802,2022-10-25 06:00:00+00:00,11.699999809265137,3.1532440185546875
5802,2025-06-22 07:00:00+00:00,20.200000762939453,11.365548133850098
5802,2021-05-12 01:00:00+00:00,15.300000190734863,4.264834403991699
5802,2024-11-05 01:00:00+00:00,4.199999809265137,-0.41710472106933594
5802,2020-01-22 04:00:00+00:00,-3.3999996185302734,-2.751767158508301
5802,2011-05-25 08:00:00+00:00,15.699999809265137,8.305747032165527
5802,2009-12-22 09:00:00+00:00,0.8999996185302734,0.20102214813232422
5802,2012-03-26 00:00:00+00:00,9.199999809265137,0.4567222595214844
5802,2024-03-22 14:00:00+00:00,15.600000381469727,5.110894680023193
5802,2021-07-28 09:00:00+00:00,26.0,13.140366554260254
5802,2021-02-27 03:00:00+00:00,2.1000003814697266,-1.140254020690918
5802,2011-04-28 01:00:00+00:00,12.0,2.885287284851074
5802,2023-08-22 18:00:00+00:00,29.5,12.180923461914062
5802,2018-08-08 08:00:00+00:00,25.100000381469727,12.048898696899414
5802,2011-09-21 09:00:00+00:00,13.300000190734863,9.122145652770996
5802,2023-01-02 00:00:00+00:00,4.599999904632568,-2.7662429809570312
5802,2020-09-29 20:00:00+00:00,10.0,6.7055158615112305
5802,2016-09-20 22:00:00+00:00,10.300000190734863,6.043079853057861
5802,2015-12-25 03:00:00+00:00,1.6999998092651367,-2.654438018798828
5802,2021-06-03 20:00:00+00:00,19.0,10.121150970458984
5802,2013-09-06 19:00:00+00:00,19.200000762939453,10.526521682739258
5802,2023-06-02 02:00:00+00:00,16.100000381469727,7.25240421295166
5802,2018-07-02 12:00:00+00:00,20.799999237060547,15.035470008850098
5802,2019-05-20 10:00:00+00:00,13.699999809265137,10.102741241455078
5802,2016-11-13 03:00:00+00:00,-2.1000003814697266,-0.29851531982421875
5802,2015-08-08 20:00:00+00:00,27.600000381469727,12.064201354980469
5802,2015-01-19 23:00:00+00:00,0.6999998092651367,-2.5173425674438477
5802,2017-03-07 12:00:00+00:00,6.300000190734863,3.3864526748657227
5802,2020-09-28 03:00:00+00:00,7.699999809265137,4.873810291290283
5802,2009-12-19 14:00:00+00:00,-8.399999618530273,1.7331266403198242
5802,2012-09-29 06:00:00+00:00,11.100000381469727,7.312283039093018
5802,2010-04-09 09:00:00+00:00,14.300000190734863,5.708523273468018
5802,2011-01-06 01:00:00+00:00,-6.100000381469727,-3.2511425018310547
5802,2018-06-21 18:00:00+00:00,27.0,12.32348346710205
5802,2015-02-22 00:00:00+00:00,3.5999999046325684,-1.3790559768676758
5802,2021-09-04 05:00:00+00:00,15.899999618530273,8.325175285339355
5802,2025-09-12 14:00:00+00:00,16.700000762939453,12.579472541809082
5802,2020-10-23 11:00:00+00:00,9.199999809265137,6.461652755737305
5802,2013-05-10 19:00:00+00:00,11.600000381469727,8.550901412963867
5802,2025-03-25 10:00:00+00:00,10.600000381469727,3.7493844032287598
5802,2012-03-08 17:00:00+00:00,2.5,2.6847872734069824
5802,2022-01-27 20:00:00+00:00,0.39999961853027344,-1.4700183868408203
5802,2023-04-08 04:00:00+00:00,0.19999980926513672,2.748816967010498
5802,2011-04-14 17:00:00+00:00,4.599999904632568,6.193734169006348
5802,2011-01-16 09:00:00+00:00,8.300000190734863,0.21839618682861328
5802,2016-12-15 14:00:00+00:00,1.3999996185302734,1.351212501525879
5802,2023-01-09 09:00:00+00:00,3.0999999046325684,-0.027449607849121094
5802,2019-09-07 16:00:00+00:00,12.699999809265137,12.240684509277344
5802,2025-06-24 04:00:00+00:00,16.700000762939453,7.859914779663086
5802,2012-01-26 07:00:00+00:00,-4.199999809265137,-1.3626127243041992
5802,2017-12-12 18:00:00+00:00,2.6999998092651367,0.16036319732666016
5802,2024-02-19 20:00:00+00:00,5.900000095367432,-0.18209362030029297
5802,2013-02-22 18:00:00+00:00,-5.399999618530273,1.1594409942626953
5802,2020-02-24 15:00:00+00:00,6.300000190734863,2.4090986251831055
5802,2020-09-12 22:00:00+00:00,18.600000381469727,7.64768123626709
5802,2014-09-22 02:00:00+00:00,11.699999809265137,5.091211795806885
5802,2017-04-11 08:00:00+00:00,8.899999618530273,4.542797088623047
5802,2019-04-23 04:00:00+00:00,8.100000381469727,2.8864970207214355
5802,2022-02-28 19:00:00+00:00,-1.0,0.6700019836425781
5802,2018-03-16 15:00:00+00:00,7.800000190734863,4.467202663421631
5802,2020-11-06 02:00:00+00:00,1.6000003814697266,-0.21241474151611328
5802,2013-08-02 02:00:00+00:00,21.299999237060547,9.254681587219238
5802,2010-07-21 23:00:00+00:00,23.0,9.250789642333984
5802,2018-08-06 16:00:00+00:00,27.5,13.96020221710205
5802,2024-03-25 09:00:00+00:00,7.0,3.53184175491333
5802,2025-10-24 23:00:00+00:00,4.800000190734863,2.436783790588379
5802,2016-06-12 06:00:00+00:00,13.0,9.75169563293457
5802,2021-11-03 00:00:00+00:00,6.300000190734863,-0.1440420150756836
5802,2022-04-24 23:00:00+00:00,8.199999809265137,3.235274314880371
5802,2013-02-07 13:00:00+00:00,1.3999996185302734,1.6163311004638672
5802,2013-12-17 13:00:00+00:00,-3.3000001907348633,1.5582876205444336
5802,2011-01-02 20:00:00+00:00,-1.3999996185302734,-1.179978370666504
5802,2018-01-23 09:00:00+00:00,1.3000001907348633,-0.12349605560302734
5802,2017-03-13 14:00:00+00:00,8.300000190734863,4.057082176208496
5802,2011-11-28 14:00:00+00:00,7.0,3.283879280090332
5802,2013-08-29 21:00:00+00:00,14.199999809265137,10.220080375671387
5802,2021-06-15 05:00:00+00:00,15.699999809265137,8.100046157836914
5802,2015-01-29 06:00:00+00:00,-0.8999996185302734,-1.8442392349243164
5802,2010-07-19 12:00:00+00:00,18.700000762939453,15.202329635620117
5802,2013-05-01 04:00:00+00:00,11.399999618530273,4.219074249267578
5802,2023-01-02 21:00:00+00:00,3.3000001907348633,-1.8732414245605469
5802,2020-10-24 04:00:00+00:00,9.899999618530273,2.5363521575927734
5802,2021-11-08 15:00:00+00:00,7.400000095367432,4.089519023895264
5802,2022-01-16 15:00:00+00:00,1.3999996185302734,1.3184394836425781
5802,2023-11-12 22:00:00+00:00,2.3000001907348633,0.3879518508911133
5802,2012-09-15 07:00:00+00:00,12.600000381469727,9.309234619140625
5802,2012-12-21 04:00:00+00:00,-2.0,-2.3575315475463867
5802,2024-10-16 23:00:00+00:00,9.300000190734863,2.4154319763183594
5802,2015-11-28 12:00:00+00:00,1.8999996185302734,3.2506203651428223
5802,2017-07-17 22:00:00+00:00,21.200000762939453,10.134613990783691
5802,2010-12-16 17:00:00+00:00,-8.0,0.457916259765625
5802,2021-03-29 17:00:00+00:00,14.300000190734863,3.8191161155700684
5802,2011-12-03 14:00:00+00:00,-0.10000038146972656,2.209547996520996
5802,2018-06-09 17:00:00+00:00,23.799999237060547,13.262116432189941
5802,2013-04-05 16:00:00+00:00,4.599999904632568,6.619442462921143
5802,2013-02-19 13:00:00+00:00,0.39999961853027344,2.1063718795776367
5802,2011-02-24 04:00:00+00:00,-11.69999885559082,-1.6518001556396484
5802,2015-08-17 22:00:00+00:00,14.699999809265137,9.325234413146973
5802,2012-04-10 22:00:00+00:00,6.900000095367432,2.4565725326538086
5802,2011-08-06 13:00:00+00:00,23.700000762939453,15.448917388916016
5802,2011-06-11 10:00:00+00:00,20.600000381469727,13.450033187866211
5802,2021-05-24 06:00:00+00:00,9.100000381469727,6.862275123596191
5802,2024-08-28 20:00:00+00:00,25.600000381469727,10.520549774169922
5802,2009-10-05 13:00:00+00:00,18.5,8.79572582244873
5802,2022-11-07 13:00:00+00:00,14.300000190734863,4.352533340454102
5802,2016-06-30 08:00:00+00:00,25.100000381469727,12.050497055053711
5802,2025-04-11 02:00:00+00:00,6.099999904632568,2.322268486022949
5802,2012-11-12 11:00:00+00:00,8.0,3.5737900733947754
5802,2018-02-06 02:00:00+00:00,-2.8000001907348633,-2.4361038208007812
5802,2024-07-29 07:00:00+00:00,21.399999618530273,12.117358207702637
5802,2010-12-19 11:00:00+00:00,-5.80000114440918,1.547347068786621
5802,2015-09-25 18:00:00+00:00,10.699999809265137,9.65286636352539
5802,2023-03-07 14:00:00+00:00,7.400000095367432,3.4769535064697266
5802,2024-05-04 04:00:00+00:00,8.5,5.029265880584717
5802,2025-02-07 11:00:00+00:00,2.3000001907348633,1.5237197875976562
5802,2014-11-27 16:00:00+00:00,0.10000038146972656,2.528927803039551
5802,2020-05-24 23:00:00+00:00,7.800000190734863,5.913924217224121
5802,2011-08-11 21:00:00+00:00,19.700000762939453,10.87155818939209
5802,2018-02-14 10:00:00+00:00,-0.8999996185302734,0.9415006637573242
5802,2018-07-11 07:00:00+00:00,16.200000762939453,11.607834815979004
5802,2022-11-15 20:00:00+00:00,6.199999809265137,0.9169015884399414
5802,2021-09-26 19:00:00+00:00,16.399999618530273,8.569550514221191
5802,2025-10-23 03:00:00+00:00,9.5,1.9418601989746094
5802,2020-02-19 09:00:00+00:00,6.199999809265137,0.6543188095092773
5802,2024-03-10 21:00:00+00:00,10.800000190734863,1.052210807800293
5802,2013-12-07 22:00:00+00:00,0.8000001907348633,-1.5747346878051758
5802,2011-09-10 18:00:00+00:00,21.899999618530273,10.860095977783203
5802,2013-04-12 08:00:00+00:00,11.0,5.184053897857666
5802,2021-03-04 02:00:00+00:00,7.800000190734863,-1.0967998504638672
5802,2024-01-05 20:00:00+00:00,3.9000000953674316,-1.5158109664916992
5802,2010-11-28 06:00:00+00:00,-2.5,0.3099861145019531
5802,2011-06-21 08:00:00+00:00,20.5,11.196937561035156
5802,2023-12-03 13:00:00+00:00,-4.5,2.3403940200805664
5802,2023-12-24 03:00:00+00:00,7.099999904632568,-2.285757064819336
5802,2023-09-17 08:00:00+00:00,18.700000762939453,10.206903457641602
5802,2024-05-16 06:00:00+00:00,11.5,6.541932582855225
5802,2010-08-06 01:00:00+00:00,16.100000381469727,9.203566551208496
5802,2025-10-02 04:00:00+00:00,4.699999809265137,3.691498279571533
5802,2015-01-28 02:00:00+00:00,-0.8999996185302734,-3.0279159545898438
5802,2017-01-29 00:00:00+00:00,-7.600000381469727,-2.3961381912231445
5802,2011-04-02 22:00:00+00:00,12.600000381469727,2.72628116607666
5802,2012-03-15 20:00:00+00:00,6.400000095367432,1.4383602142333984
5802,2018-04-21 06:00:00+00:00,14.899999618530273,4.4161601066589355
5802,2019-06-16 20:00:00+00:00,18.299999237060547,11.006471633911133
5802,2017-07-06 23:00:00+00:00,20.899999618530273,9.61395263671875
5802,2019-09-26 12:00:00+00:00,17.5,10.791341781616211
5802,2015-02-04 03:00:00+00:00,-2.8999996185302734,-2.5495643615722656
5802,2019-12-27 18:00:00+00:00,2.1000003814697266,-0.14012718200683594
5802,2012-05-10 09:00:00+00:00,20.799999237060547,8.776405334472656
5802,2023-07-18 21:00:00+00:00,22.899999618530273,10.608966827392578
5802,2025-01-18 10:00:00+00:00,-3.3000001907348633,0.6685113906860352
5802,2015-06-29 12:00:00+00:00,19.700000762939453,14.400372505187988
5802,2021-03-08 16:00:00+00:00,2.0,3.225456714630127
5802,2019-04-26 23:00:00+00:00,7.5,3.5150279998779297
5802,2016-12-14 17:00:00+00:00,3.0999999046325684,0.4710197448730469
5802,2010-06-20 21:00:00+00:00,10.399999618530273,10.19576358795166
5802,2014-11-17 07:00:00+00:00,6.699999809265137,1.1852283477783203
5802,2021-07-21 23:00:00+00:00,15.5,9.250789642333984
5802,2023-08-22 13:00:00+00:00,33.70000076293945,13.91396427154541
5802,2024-02-14 10:00:00+00:00,8.0,0.9415006637573242
5802,2010-01-22 00:00:00+00:00,-9.100000381469727,-2.8907337188720703
5802,2011-09-09 14:00:00+00:00,16.899999618530273,12.766768455505371
5802,2023-01-10 13:00:00+00:00,6.099999904632568,1.0042381286621094
5802,2015-07-10 19:00:00+00:00,16.899999618530273,13.023866653442383
5802,2024-08-24 06:00:00+00:00,24.100000381469727,11.0084867477417
5802,2015-04-13 13:00:00+00:00,16.100000381469727,6.996272087097168
5802,2015-11-09 22:00:00+00:00,13.899999618530273,0.32749176025390625
5802,2009-11-06 00:00:00+00:00,3.4000000953674316,-0.0076885223388671875
5802,2020-08-31 21:00:00+00:00,12.899999618530273,9.443208694458008
5802,2015-03-29 10:00:00+00:00,9.5,4.522375583648682
5802,2019-02-06 19:00:00+00:00,-2.5,-0.4761486053466797
5802,2010-05-30 16:00:00+00:00,13.600000381469727,11.880086898803711
5802,2021-02-20 05:00:00+00:00,2.3000001907348633,-0.7726325988769531
5802,2016-04-29 03:00:00+00:00,3.1999998092651367,3.495269775390625
5802,2022-07-02 04:00:00+00:00,11.600000381469727,9.953441619873047
5802,2025-01-28 22:00:00+00:00,4.199999809265137,-2.283357620239258
5802,2014-09-01 02:00:00+00:00,10.600000381469727,6.355423450469971
5802,2015-05-05 19:00:00+00:00,20.5,6.812524795532227
5802,2011-09-15 22:00:00+00:00,14.399999618530273,7.192032337188721
5802,2015-05-25 04:00:00+00:00,9.5,5.58266544342041
5802,2010-06-28 11:00:00+00:00,22.799999237060547,14.072564125061035
5802,2020-04-26 16:00:00+00:00,14.899999618530273,7.8398590087890625
5802,2011-10-20 12:00:00+00:00,5.599999904632568,6.69117546081543
5802,2019-03-31 12:00:00+00:00,17.399999618530273,5.318116188049316
5802,2018-06-14 05:00:00+00:00,12.399999618530273,8.54278564453125
5802,2023-07-29 07:00:00+00:00,21.600000381469727,12.658185005187988
5802,2014-01-04 15:00:00+00:00,1.1999998092651367,1.1570253372192383
5802,2017-07-01 11:00:00+00:00,21.799999237060547,15.210277557373047
5802,2023-04-20 16:00:00+00:00,13.300000190734863,7.282347679138184
5802,2010-11-30 05:00:00+00:00,-2.8999996185302734,-0.6787996292114258
5802,2018-12-10 17:00:00+00:00,1.8000001907348633,0.9616355895996094
5802,2022-08-31 23:00:00+00:00,13.899999618530273,8.13221549987793
5802,2017-11-04 15:00:00+00:00,10.300000190734863,4.649722576141357
5802,2011-02-11 10:00:00+00:00,7.699999809265137,1.2545099258422852
5802,2016-07-06 09:00:00+00:00,20.399999618530273,13.01208782196045
5802,2018-11-06 20:00:00+00:00,9.600000381469727,1.3935441970825195
5802,2021-02-11 22:00:00+00:00,-7.30000114440918,-1.7513675689697266
5802,2023-05-22 17:00:00+00:00,22.100000381469727,9.944090843200684
5802,2021-11-19 00:00:00+00:00,6.400000095367432,-0.7578229904174805
5802,2022-01-30 07:00:00+00:00,4.599999904632568,-0.7283115386962891
5802,2020-11-14 22:00:00+00:00,4.199999809265137,0.26270389556884766
5802,2012-11-15 21:00:00+00:00,2.6999998092651367,0.5059661865234375
5802,2018-04-30 13:00:00+00:00,24.0,8.216509819030762
5802,2010-06-27 10:00:00+00:00,20.700000762939453,13.912766456604004
5802,2022-04-03 07:00:00+00:00,-1.3000001907348633,3.912843704223633
5802,2023-06-12 16:00:00+00:00,18.0,13.060356140136719
5802,2017-04-26 10:00:00+00:00,12.199999809265137,6.755002975463867
5802,2014-09-14 19:00:00+00:00,15.100000381469727,9.42794132232666
5802,2019-07-13 18:00:00+00:00,14.699999809265137,13.977400779724121
5802,2010-05-23 03:00:00+00:00,10.899999618530273,5.394601821899414
5802,2019-05-14 11:00:00+00:00,8.699999809265137,9.783989906311035
5802,2018-11-03 05:00:00+00:00,9.0,1.084625244140625
5802,2017-09-25 04:00:00+00:00,9.5,5.580223560333252
5802,2024-11-18 12:00:00+00:00,7.599999904632568,3.5604796409606934
5802,2021-10-15 08:00:00+00:00,10.300000190734863,5.535107135772705
5802,2014-01-06 11:00:00+00:00,7.099999904632568,0.8507652282714844
5802,2012-12-01 19:00:00+00:00,0.8000001907348633,0.2606010437011719
5802,2019-10-18 05:00:00+00:00,9.199999809265137,3.318453788757324
5802,2023-06-02 08:00:00+00:00,20.299999237060547,11.18407917022705
5802,2014-04-12 04:00:00+00:00,6.900000095367432,2.946713924407959
5802,2012-10-30 06:00:00+00:00,-2.3000001907348633,2.70200252532959
5802,2013-09-28 02:00:00+00:00,7.800000190734863,5.359290599822998
5802,2022-08-03 10:00:00+00:00,27.399999618530273,13.456202507019043
5802,2016-03-12 19:00:00+00:00,3.8000001907348633,2.490664482116699
5802,2020-11-29 23:00:00+00:00,0.6000003814697266,-0.7588005065917969
5802,2021-02-20 07:00:00+00:00,2.0,0.2705678939819336
5802,2023-08-30 20:00:00+00:00,13.399999618530273,10.465782165527344
5802,2009-11-11 19:00:00+00:00,4.400000095367432,1.703200340270996
5802,2010-09-25 13:00:00+00:00,15.199999809265137,11.989425659179688
5802,2021-05-02 08:00:00+00:00,8.300000190734863,7.4946370124816895
5802,2016-05-06 14:00:00+00:00,19.700000762939453,11.384212493896484
5802,2011-04-10 18:00:00+00:00,13.0,5.303250312805176
5802,2013-09-04 14:00:00+00:00,21.200000762939453,12.183313369750977
5802,2010-09-16 16:00:00+00:00,16.299999237060547,11.217988967895508
5802,2019-03-25 10:00:00+00:00,7.0,3.9886770248413086
5802,2014-01-20 05:00:00+00:00,6.400000095367432,-2.068775177001953
5802,2015-09-22 10:00:00+00:00,17.299999237060547,10.23515796661377
5802,2023-12-29 03:00:00+00:00,9.600000381469727,-2.697357177734375
5802,2019-12-21 09:00:00+00:00,8.300000190734863,0.5391530990600586
5802,2011-04-22 21:00:00+00:00,14.699999809265137,4.367726802825928
5802,2018-10-12 09:00:00+00:00,17.200000762939453,6.498818874359131
5802,2020-02-06 20:00:00+00:00,0.6999998092651367,-0.9341506958007812
5802,2018-07-19 06:00:00+00:00,17.899999618530273,11.367987632751465
5802,2015-10-04 18:00:00+00:00,12.600000381469727,7.052005767822266
5802,2025-04-09 23:00:00+00:00,6.0,1.9666166305541992
5802,2012-11-06 13:00:00+00:00,4.699999809265137,4.121124744415283
5802,2024-04-14 05:00:00+00:00,14.399999618530273,3.362672805786133
5802,2018-01-21 12:00:00+00:00,-0.5,1.4951419830322266
5802,2010-04-17 22:00:00+00:00,7.300000190734863,3.5346555709838867
5802,2015-10-31 04:00:00+00:00,4.699999809265137,2.116159439086914
5802,2023-04-06 19:00:00+00:00,5.300000190734863,4.334356784820557
5802,2012-07-11 05:00:00+00:00,18.200000762939453,9.767658233642578
5802,2021-10-04 07:00:00+00:00,14.199999809265137,5.606771945953369
5802,2024-09-18 15:00:00+00:00,21.700000762939453,11.06771469116211
5802,2025-10-19 18:00:00+00:00,6.699999809265137,5.890523910522461
5802,2014-06-12 07:00:00+00:00,20.799999237060547,10.352126121520996
5802,2022-08-05 15:00:00+00:00,33.79999923706055,14.954032897949219
5802,2014-03-12 23:00:00+00:00,6.0,-0.4054384231567383
5802,2015-10-29 05:00:00+00:00,6.699999809265137,2.33756160736084
5802,2012-04-09 21:00:00+00:00,3.0999999046325684,3.063758373260498
5802,2019-12-05 12:00:00+00:00,-1.3999996185302734,1.574568748474121
5802,2010-05-06 04:00:00+00:00,10.899999618530273,4.724781513214111
5802,2025-08-14 00:00:00+00:00,24.0,8.943620681762695
5802,2010-12-25 05:00:00+00:00,-0.6999998092651367,-1.853611946105957
5802,2015-07-27 12:00:00+00:00,17.600000381469727,15.140663146972656
5802,2015-09-28 04:00:00+00:00,9.199999809265137,5.374814510345459
5802,2020-10-03 11:00:00+00:00,21.200000762939453,8.956655502319336
5802,2019-10-15 01:00:00+00:00,12.0,2.035092353820801
5802,2009-12-19 11:00:00+00:00,-8.5,1.4181489944458008
5802,2018-11-20 07:00:00+00:00,0.19999980926513672,0.8522052764892578
5802,2015-05-28 05:00:00+00:00,7.800000190734863,6.501816272735596
5802,2014-03-08 22:00:00+00:00,5.599999904632568,0.6804924011230469
5802,2018-01-12 06:00:00+00:00,2.8000001907348633,-1.8141489028930664
5802,2011-11-06 21:00:00+00:00,7.699999809265137,1.2326393127441406
5802,2018-05-09 10:00:00+00:00,20.0,8.88671875
5802,2019-03-22 21:00:00+00:00,12.100000381469727,1.655592918395996
5802,2025-03-10 12:00:00+00:00,17.200000762939453,3.8551998138427734
5802,2015-08-06 05:00:00+00:00,20.600000381469727,10.281523704528809
5802,2016-02-06 16:00:00+00:00,5.5,1.7383594512939453
5802,2019-10-04 14:00:00+00:00,11.800000190734863,8.61201286315918
5802,2018-08-03 16:00:00+00:00,29.799999237060547,14.574053764343262
5802,2022-09-16 04:00:00+00:00,12.0,6.658138751983643
5802,2021-03-24 06:00:00+00:00,2.8000001907348633,1.1811609268188477
5802,2016-05-27 21:00:00+00:00,16.799999237060547,8.097972869873047
5802,2024-02-13 19:00:00+00:00,4.599999904632568,-0.04939079284667969
5802,2011-12-27 18:00:00+00:00,4.699999809265137,-0.06818103790283203
5802,2012-03-02 14:00:00+00:00,13.100000381469727,3.8597464561462402
5802,2017-11-30 17:00:00+00:00,-0.8999996185302734,1.9675426483154297
5802,2013-11-28 06:00:00+00:00,-3.5,-0.07763671875
5802,2012-02-24 20:00:00+00:00,6.199999809265137,0.1527996063232422
5802,2012-05-12 09:00:00+00:00,19.200000762939453,9.511679649353027
5802,2014-04-19 22:00:00+00:00,8.199999809265137,3.650106430053711
5802,2011-12-21 13:00:00+00:00,1.6000003814697266,1.3920679092407227
5802,2024-05-24 03:00:00+00:00,13.199999809265137,5.771265983581543
5802,2010-02-02 23:00:00+00:00,-3.1999998092651367,-2.2540740966796875
5802,2021-01-14 00:00:00+00:00,-0.19999980926513672,-3.124795913696289
5802,2016-10-20 16:00:00+00:00,6.0,6.259883880615234
5802,2021-10-21 10:00:00+00:00,14.600000381469727,5.926684379577637
5802,2023-06-07 21:00:00+00:00,15.899999618530273,8.697396278381348
5802,2023-06-05 23:00:00+00:00,14.100000381469727,7.249754905700684
5802,2024-02-26 20:00:00+00:00,8.0,0.06130409240722656
5802,2016-01-31 06:00:00+00:00,3.6999998092651367,-1.2372989654541016
5802,2020-07-14 10:00:00+00:00,19.700000762939453,13.868741035461426
5802,2016-07-14 01:00:00+00:00,11.899999618530273,9.037108421325684
5802,2025-07-18 07:00:00+00:00,14.600000381469727,12.511350631713867
5802,2018-05-03 20:00:00+00:00,17.399999618530273,6.779731750488281
5802,2012-04-08 05:00:00+00:00,-0.5,3.070077419281006
5802,2014-03-16 15:00:00+00:00,10.100000381469727,4.326707363128662
5802,2023-05-31 14:00:00+00:00,22.200000762939453,11.7583646774292
5802,2012-06-22 23:00:00+00:00,18.200000762939453,8.948463439941406
5802,2021-04-05 22:00:00+00:00,0.3000001907348633,2.3415298461914062
5802,2022-08-14 23:00:00+00:00,20.200000762939453,9.158767700195312
5802,2017-12-29 21:00:00+00:00,-3.0,-1.8515596389770508
5802,2014-05-17 03:00:00+00:00,6.300000190734863,5.308655738830566
5802,2010-06-08 05:00:00+00:00,18.399999618530273,7.79472541809082
5802,2024-06-11 11:00:00+00:00,17.399999618530273,12.825504302978516
5802,2014-12-02 00:00:00+00:00,0.0,-2.185342788696289
5802,2024-07-05 15:00:00+00:00,25.700000762939453,15.324132919311523
5802,2013-11-28 03:00:00+00:00,-3.5,-1.367177963256836
5802,2011-05-23 15:00:00+00:00,22.299999237060547,11.26534652709961
5802,2021-12-27 16:00:00+00:00,-1.3999996185302734,1.0613155364990234
5802,2014-01-27 00:00:00+00:00,-7.399999618530273,-2.585050582885742
5802,2018-07-08 13:00:00+00:00,23.899999618530273,15.75623607635498
5802,2023-04-25 03:00:00+00:00,6.5,2.663419723510742
5802,2015-06-26 17:00:00+00:00,22.0,13.652193069458008
5802,2020-02-09 16:00:00+00:00,3.0999999046325684,1.7767705917358398
5802,2012-06-11 09:00:00+00:00,13.199999809265137,12.195301055908203
5802,2024-08-23 01:00:00+00:00,16.200000762939453,8.67673110961914
5802,2022-08-20 14:00:00+00:00,21.600000381469727,14.83038330078125
5802,2021-01-16 14:00:00+00:00,-4.100000381469727,1.408064842224121
5802,2014-05-04 01:00:00+00:00,3.8000001907348633,4.3050761222839355
5802,2009-12-18 08:00:00+00:00,-7.100000381469727,-0.1865091323852539
5802,2018-02-16 08:00:00+00:00,-0.6999998092651367,0.36067676544189453
5802,2010-08-20 02:00:00+00:00,16.200000762939453,8.828225135803223
5802,2011-03-10 03:00:00+00:00,1.1999998092651367,-0.6622581481933594
5802,2023-12-12 13:00:00+00:00,8.600000381469727,1.6740245819091797
5802,2023-07-13 21:00:00+00:00,19.200000762939453,11.245719909667969
5802,2014-03-27 14:00:00+00:00,13.5,4.8184919357299805
5802,2014-05-10 13:00:00+00:00,18.899999618530273,11.741049766540527
5802,2010-08-21 06:00:00+00:00,18.399999618530273,11.175007820129395
5802,2013-12-20 01:00:00+00:00,-3.5,-2.7444162368774414
5802,2020-04-12 19:00:00+00:00,16.299999237060547,4.816083908081055
5802,2015-05-31 13:00:00+00:00,20.200000762939453,12.65849494934082
5802,2021-01-07 07:00:00+00:00,-1.1999998092651367,-1.539616584777832
5802,2019-01-04 16:00:00+00:00,-2.5,0.5123577117919922
5802,2011-02-20 08:00:00+00:00,-3.6999998092651367,0.8854484558105469
5802,2023-03-28 07:00:00+00:00,1.3000001907348633,2.2309436798095703
5802,2014-12-15 22:00:00+00:00,2.6000003814697266,-1.7876358032226562
5802,2011-12-19 05:00:00+00:00,-0.6999998092651367,-1.7397165298461914
5802,2010-04-11 16:00:00+00:00,6.800000190734863,6.626611232757568
5802,2012-10-06 21:00:00+00:00,18.5,4.760053634643555
5802,2011-09-06 05:00:00+00:00,13.0,7.1418046951293945
5802,2024-11-21 07:00:00+00:00,-0.8000001907348633,0.8507423400878906
5802,2021-11-26 20:00:00+00:00,-0.8999996185302734,0.5510492324829102
5802,2019-07-02 00:00:00+00:00,19.399999618530273,8.355527877807617
5802,2019-07-24 20:00:00+00:00,25.100000381469727,11.533614158630371
5802,2021-05-30 14:00:00+00:00,11.100000381469727,12.534719467163086
5802,2018-04-17 20:00:00+00:00,14.399999618530273,3.835604190826416
5802,2018-05-28 05:00:00+00:00,18.100000381469727,6.349742889404297
5802,2014-11-30 23:00:00+00:00,0.10000038146972656,-0.7588005065917969
5802,2015-03-02 02:00:00+00:00,6.199999809265137,-0.6468019485473633
5802,2014-05-19 08:00:00+00:00,9.800000190734863,8.28292465209961
5802,2018-07-20 04:00:00+00:00,16.299999237060547,10.324942588806152
5802,2025-01-22 05:00:00+00:00,-3.6999998092651367,-2.412032127380371
5802,2021-10-19 10:00:00+00:00,10.300000190734863,6.16791296005249
5802,2012-01-30 10:00:00+00:00,-3.0,0.750335693359375
5802,2009-12-24 15:00:00+00:00,9.399999618530273,1.0707931518554688
5802,2013-12-11 04:00:00+00:00,0.8999996185302734,-2.2414016723632812
5802,2017-09-21 01:00:00+00:00,7.400000095367432,5.467983722686768
5802,2012-01-10 06:00:00+00:00,3.5999999046325684,-1.9313850402832031
5802,2021-10-09 02:00:00+00:00,5.300000190734863,3.16560697555542
5802,2018-09-29 15:00:00+00:00,11.399999618530273,11.187151908874512
5802,2020-03-08 22:00:00+00:00,3.1999998092651367,0.5038385391235352
5802,2014-09-26 03:00:00+00:00,9.600000381469727,5.526782035827637
5802,2012-12-11 23:00:00+00:00,-4.300000190734863,-2.2361841201782227
5802,2014-10-03 10:00:00+00:00,15.199999809265137,7.956515312194824
5802,2022-07-15 03:00:00+00:00,15.100000381469727,9.629030227661133
5802,2025-01-01 12:00:00+00:00,-4.800000190734863,0.7167749404907227
5802,2024-11-08 17:00:00+00:00,6.300000190734863,3.1405797004699707
5802,2017-03-11 01:00:00+00:00,2.3999996185302734,0.06762313842773438
5802,2015-04-26 02:00:00+00:00,13.600000381469727,3.0139803886413574
5802,2015-10-16 14:00:00+00:00,6.599999904632568,7.560061454772949
5802,2025-05-22 13:00:00+00:00,13.0,11.882291793823242
5802,2012-10-24 20:00:00+00:00,7.199999809265137,3.510955810546875
5802,2020-07-23 12:00:00+00:00,24.600000381469727,14.916938781738281
5802,2010-06-05 06:00:00+00:00,13.699999809265137,9.467462539672852
5802,2012-08-02 23:00:00+00:00,23.0,9.611266136169434
5802,2018-08-28 04:00:00+00:00,15.699999809265137,7.937274932861328
5802,2024-01-15 04:00:00+00:00,-2.0,-2.4475364685058594
5802,2021-10-09 05:00:00+00:00,5.300000190734863,4.245853424072266
5802,2023-09-20 01:00:00+00:00,15.399999618530273,5.222224235534668
5802,2010-04-05 05:00:00+00:00,5.099999904632568,2.6879677772521973
5802,2019-08-15 13:00:00+00:00,23.700000762939453,14.452390670776367
5802,2017-01-29 14:00:00+00:00,-7.0,1.7462291717529297
5802,2024-07-11 18:00:00+00:00,23.5,13.29916000366211
5802,2014-01-16 04:00:00+00:00,0.19999980926513672,-2.8490428924560547
5802,2019-06-29 05:00:00+00:00,18.399999618530273,9.754783630371094
5802,2016-12-13 01:00:00+00:00,-3.8999996185302734,-2.632587432861328
5802,2011-03-26 19:00:00+00:00,7.599999904632568,3.1418190002441406
5802,2010-09-21 11:00:00+00:00,17.899999618530273,10.843009948730469
5802,2024-04-02 22:00:00+00:00,8.600000381469727,2.0684900283813477
5802,2021-08-28 16:00:00+00:00,15.300000190734863,13.816246032714844
5802,2017-06-04 17:00:00+00:00,15.0,12.607646942138672
5802,2017-09-24 12:00:00+00:00,12.899999618530273,11.885092735290527
5802,2012-03-17 16:00:00+00:00,15.899999618530273,4.44575309753418
5802,2022-08-24 15:00:00+00:00,23.0,13.525952339172363
5802,2009-10-06 16:00:00+00:00,21.899999618530273,7.440053939819336
5802,2010-05-12 17:00:00+00:00,14.800000190734863,9.199947357177734
5802,2018-01-24 02:00:00+00:00,3.5,-3.0953989028930664
5802,2011-11-08 15:00:00+00:00,9.199999809265137,3.868375778198242
5802,2010-09-20 06:00:00+00:00,10.399999618530273,7.3874921798706055
5802,2017-10-20 12:00:00+00:00,10.300000190734863,7.1203484535217285
5802,2017-11-13 14:00:00+00:00,3.0999999046325684,3.985687255859375
5802,2025-10-14 14:00:00+00:00,11.300000190734863,7.470454216003418
5802,2019-08-10 13:00:00+00:00,29.399999618530273,15.322237014770508
5802,2009-11-26 16:00:00+00:00,9.600000381469727,2.573497772216797
5802,2019-09-06 01:00:00+00:00,13.899999618530273,6.880219459533691
5802,2015-05-24 05:00:00+00:00,9.100000381469727,6.432845592498779
5802,2020-01-28 04:00:00+00:00,-1.5,-2.5020580291748047
5802,2012-02-23 11:00:00+00:00,7.199999809265137,1.8733367919921875
5802,2022-09-19 18:00:00+00:00,8.699999809265137,9.648802757263184
5802,2023-11-28 06:00:00+00:00,0.39999961853027344,-0.08097267150878906
5802,2023-02-20 15:00:00+00:00,10.600000381469727,2.2585058212280273
5802,2025-03-01 01:00:00+00:00,1.6999998092651367,-0.44281959533691406
5802,2021-01-10 03:00:00+00:00,-3.1000003814697266,-2.545574188232422
5802,2016-06-10 10:00:00+00:00,18.799999237060547,13.19030475616455
5802,2024-05-08 09:00:00+00:00,10.5,8.168061256408691
5802,2011-08-31 17:00:00+00:00,19.5,12.467483520507812
5802,2016-07-01 17:00:00+00:00,25.5,14.237380981445312
5802,2014-02-14 04:00:00+00:00,5.199999809265137,-1.7471637725830078
5802,2010-09-30 21:00:00+00:00,6.5,6.603346347808838
5802,2024-09-12 05:00:00+00:00,9.300000190734863,7.034019470214844
5802,2017-08-13 19:00:00+00:00,17.600000381469727,12.337736129760742
5802,2021-03-30 10:00:00+00:00,19.399999618530273,4.032829761505127
5802,2015-08-21 03:00:00+00:00,14.199999809265137,9.011820793151855
5802,2017-05-02 01:00:00+00:00,5.699999809265137,3.6587624549865723
5802,2024-09-27 10:00:00+00:00,14.600000381469727,10.300851821899414
5802,2023-12-17 04:00:00+00:00,2.6000003814697266,-1.9198970794677734
5802,2010-08-11 21:00:00+00:00,20.700000762939453,10.430831909179688
5802,2014-11-21 01:00:00+00:00,4.099999904632568,-1.0065135955810547
5802,2020-11-17 18:00:00+00:00,6.800000190734863,1.986536979675293
5802,2021-05-02 21:00:00+00:00,6.099999904632568,5.7585368156433105
5802,2011-03-16 03:00:00+00:00,7.699999809265137,-0.4233074188232422
5802,2009-12-05 23:00:00+00:00,1.3000001907348633,-1.8613367080688477
5802,2022-10-10 22:00:00+00:00,11.5,3.34732723236084
5802,2013-03-14 15:00:00+00:00,-3.6000003814697266,3.7875070571899414
5802,2015-11-28 00:00:00+00:00,-0.10000038146972656,-1.0066051483154297
5802,2015-05-10 15:00:00+00:00,17.5,11.08311939239502
5802,2017-11-21 10:00:00+00:00,4.900000095367432,2.572268486022949
5802,2017-04-05 19:00:00+00:00,10.0,3.9081573486328125
5802,2013-11-23 15:00:00+00:00,6.099999904632568,3.4091267585754395
5802,2017-07-18 05:00:00+00:00,19.700000762939453,9.72187614440918
5802,2015-09-25 06:00:00+00:00,10.800000190734863,7.367395877838135
5802,2018-12-20 13:00:00+00:00,-2.6999998092651367,1.3439607620239258
5802,2014-02-12 09:00:00+00:00,0.10000038146972656,0.3808460235595703
5802,2014-12-28 16:00:00+00:00,-7.600000381469727,1.2674551010131836
5802,2013-03-27 08:00:00+00:00,-5.600000381469727,2.545607566833496
5802,2011-01-25 02:00:00+00:00,-2.0,-2.9362592697143555
5802,2016-06-19 20:00:00+00:00,16.5,11.20797061920166
5802,2017-04-03 02:00:00+00:00,13.0,1.5831670761108398
5802,2009-09-22 20:00:00+00:00,18.799999237060547,7.410597324371338
5802,2017-04-13 07:00:00+00:00,10.0,4.09166955947876
5802,2019-07-24 18:00:00+00:00,27.600000381469727,12.894049644470215
5802,2017-04-05 17:00:00+00:00,10.100000381469727,5.171317100524902
5802,2009-10-02 01:00:00+00:00,11.5,3.406160354614258
5802,2015-02-01 22:00:00+00:00,-0.3000001907348633,-1.5401134490966797
5802,2022-06-14 16:00:00+00:00,20.100000381469727,12.708036422729492
5802,2013-12-11 17:00:00+00:00,0.19999980926513672,0.5665092468261719
5802,2012-08-08 03:00:00+00:00,16.799999237060547,8.459230422973633
5802,2012-07-08 12:00:00+00:00,28.399999618530273,15.642101287841797
5802,2016-12-31 03:00:00+00:00,-2.3000001907348633,-2.5024518966674805
5802,2017-04-14 19:00:00+00:00,9.899999618530273,5.223501205444336
5802,2012-06-10 20:00:00+00:00,11.899999618530273,10.713380813598633
5802,2016-10-21 23:00:00+00:00,5.599999904632568,2.5695343017578125
5802,2024-01-04 08:00:00+00:00,7.800000190734863,-1.0015487670898438
5802,2020-04-15 08:00:00+00:00,7.900000095367432,4.772617816925049
5802,2012-06-20 19:00:00+00:00,25.200000762939453,11.191484451293945
5802,2022-12-03 19:00:00+00:00,2.0,0.2195596694946289
5802,2024-01-04 09:00:00+00:00,7.599999904632568,-0.4429817199707031
5802,2014-07-09 07:00:00+00:00,13.600000381469727,11.574135780334473
5802,2022-12-16 10:00:00+00:00,-0.6999998092651367,0.8783731460571289
5802,2025-06-28 21:00:00+00:00,21.0,10.94849967956543
5802,2013-05-15 13:00:00+00:00,20.299999237060547,10.722368240356445
5802,2021-11-17 17:00:00+00:00,4.800000190734863,2.528982162475586
5802,2024-11-25 14:00:00+00:00,5.900000095367432,3.366520881652832
5802,2018-08-18 16:00:00+00:00,28.600000381469727,14.246031761169434
5802,2010-07-04 19:00:00+00:00,22.5,12.796586990356445
5802,2014-10-25 11:00:00+00:00,6.0,6.9160356521606445
5802,2020-06-18 14:00:00+00:00,18.299999237060547,13.994942665100098
5802,2011-09-20 03:00:00+00:00,7.599999904632568,5.224634647369385
5802,2025-07-19 19:00:00+00:00,22.5,13.275778770446777
5802,2019-01-11 21:00:00+00:00,-2.6000003814697266,-2.0148868560791016
5802,2022-06-07 20:00:00+00:00,14.5,9.223443984985352
5802,2018-12-07 10:00:00+00:00,8.899999618530273,1.0992202758789062
5802,2010-01-31 23:00:00+00:00,-5.100000381469727,-2.166653633117676
5802,2010-03-15 19:00:00+00:00,1.3000001907348633,2.005521774291992
5802,2012-12-17 08:00:00+00:00,0.5,-0.11885738372802734
5802,2017-12-13 09:00:00+00:00,1.3000001907348633,0.31499767303466797
5802,2019-07-01 23:00:00+00:00,19.600000381469727,8.958586692810059
5802,2024-07-30 00:00:00+00:00,16.799999237060547,8.589593887329102
5802,2021-05-31 10:00:00+00:00,15.600000381469727,11.013228416442871
5802,2021-03-14 04:00:00+00:00,5.300000190734863,0.5303020477294922
5802,2016-01-30 12:00:00+00:00,6.5,1.5615806579589844
5802,2011-02-23 21:00:00+00:00,-8.899999618530273,-0.9454622268676758
5802,2016-01-28 22:00:00+00:00,6.099999904632568,-2.3881120681762695
5802,2019-07-22 21:00:00+00:00,21.299999237060547,11.063191413879395
5802,2020-07-14 11:00:00+00:00,20.5,14.360143661499023
5802,2016-12-01 17:00:00+00:00,2.5,0.8560714721679688
5802,2011-10-09 23:00:00+00:00,4.400000095367432,3.299551010131836
5802,2011-03-20 14:00:00+00:00,4.699999809265137,4.755665302276611
5802,2013-11-25 09:00:00+00:00,-0.8999996185302734,2.0301265716552734
5802,2023-07-03 19:00:00+00:00,20.100000381469727,12.326478004455566
5802,2019-09-13 07:00:00+00:00,18.299999237060547,9.091785430908203
5802,2020-11-28 05:00:00+00:00,-0.8999996185302734,-0.28722476959228516
5802,2022-02-14 23:00:00+00:00,1.6000003814697266,-1.664565086364746
5802,2024-03-24 04:00:00+00:00,2.8000001907348633,1.0813493728637695
5802,2020-02-11 08:00:00+00:00,3.6999998092651367,0.014460563659667969
5802,2012-09-09 21:00:00+00:00,18.899999618530273,8.119328498840332
5802,2017-03-20 10:00:00+00:00,13.199999809265137,3.712195873260498
5802,2012-10-05 04:00:00+00:00,9.199999809265137,3.7096400260925293
5802,2024-08-19 18:00:00+00:00,17.299999237060547,12.466005325317383
5802,2018-06-19 12:00:00+00:00,25.399999618530273,13.567252159118652
5802,2017-12-21 06:00:00+00:00,0.6999998092651367,-1.6280651092529297
5802,2017-03-25 16:00:00+00:00,10.5,4.829712390899658
5802,2013-08-28 17:00:00+00:00,14.199999809265137,12.583883285522461
5802,2021-12-10 18:00:00+00:00,-2.1999998092651367,0.2628202438354492
5802,2022-04-22 03:00:00+00:00,6.5,3.110530376434326
5802,2019-08-15 22:00:00+00:00,17.100000381469727,10.044744491577148
5802,2011-07-30 07:00:00+00:00,15.0,12.649332046508789
5802,2018-02-07 07:00:00+00:00,-3.1999998092651367,-0.871368408203125
5802,2019-02-12 12:00:00+00:00,0.39999961853027344,1.7263927459716797
5802,2020-06-23 07:00:00+00:00,18.600000381469727,10.332330703735352
5802,2021-06-03 18:00:00+00:00,20.100000381469727,11.795599937438965
5802,2010-07-06 14:00:00+00:00,17.0,14.676411628723145
5802,2020-03-25 05:00:00+00:00,-2.5,0.7634305953979492
5802,2017-07-08 03:00:00+00:00,19.899999618530273,9.498038291931152
5802,2014-09-20 01:00:00+00:00,14.699999809265137,5.847818374633789
5802,2024-10-13 08:00:00+00:00,8.300000190734863,6.064399242401123
5802,2014-03-21 18:00:00+00:00,16.100000381469727,3.348147392272949
5802,2014-11-13 09:00:00+00:00,9.300000190734863,2.414438247680664
5802,2023-05-20 10:00:00+00:00,17.899999618530273,11.020322799682617
5802,2012-12-31 01:00:00+00:00,2.9000000953674316,-2.627117156982422
5802,2012-06-09 06:00:00+00:00,14.600000381469727,9.794841766357422
5802,2022-04-23 07:00:00+00:00,6.099999904632568,5.221190452575684
5802,2022-11-27 06:00:00+00:00,2.3999996185302734,0.3504610061645508
5802,2019-06-30 10:00:00+00:00,29.899999618530273,13.977054595947266
5802,2015-01-27 01:00:00+00:00,-2.6999998092651367,-2.9245786666870117
5802,2011-06-09 12:00:00+00:00,15.699999809265137,13.517196655273438
5802,2025-05-05 06:00:00+00:00,7.099999904632568,5.663491725921631
5802,2023-09-11 16:00:00+00:00,26.600000381469727,11.570765495300293
5802,2019-11-01 21:00:00+00:00,4.400000095367432,1.480447769165039
5802,2011-03-26 23:00:00+00:00,4.199999809265137,1.2225866317749023
5802,2012-12-11 17:00:00+00:00,-3.8999996185302734,0.6614913940429688
5802,2019-08-14 01:00:00+00:00,14.100000381469727,8.174914360046387
5802,2014-04-01 14:00:00+00:00,16.5,5.8962507247924805
5802,2025-09-09 06:00:00+00:00,15.800000190734863,7.749929428100586
5802,2017-08-15 11:00:00+00:00,25.899999618530273,13.729385375976562
5802,2010-06-30 13:00:00+00:00,27.0,13.967924118041992
5802,2018-12-01 05:00:00+00:00,-5.0,-1.2213993072509766
5802,2011-07-19 08:00:00+00:00,19.100000381469727,12.40073299407959
5802,2016-12-28 17:00:00+00:00,0.8000001907348633,0.2920236587524414
5802,2024-11-29 11:00:00+00:00,3.8000001907348633,2.647944927215576
5802,2011-11-07 15:00:00+00:00,7.900000095367432,4.14980936050415
5802,2025-09-09 01:00:00+00:00,13.699999809265137,5.623146057128906
5802,2016-07-10 17:00:00+00:00,26.5,14.385536193847656
5802,2013-06-16 12:00:00+00:00,23.700000762939453,14.456629753112793
5802,2009-10-26 08:00:00+00:00,8.800000190734863,4.739045143127441
5802,2015-11-04 07:00:00+00:00,1.1000003814697266,1.7078571319580078
5802,2021-03-15 22:00:00+00:00,2.1000003814697266,0.45164966583251953
5802,2013-07-21 12:00:00+00:00,25.200000762939453,15.685354232788086
5802,2025-05-12 05:00:00+00:00,7.900000095367432,5.426116943359375
5802,2013-12-21 22:00:00+00:00,-0.10000038146972656,-1.9533262252807617
5802,2016-10-30 20:00:00+00:00,5.699999809265137,3.453768730163574
5802,2018-11-16 11:00:00+00:00,6.699999809265137,3.3064651489257812
5802,2022-04-11 01:00:00+00:00,1.1000003814697266,1.917398452758789
5802,2022-08-05 11:00:00+00:00,32.400001525878906,14.695738792419434
5802,2013-12-06 21:00:00+00:00,-0.6000003814697266,-1.2969093322753906
5802,2022-08-11 11:00:00+00:00,25.600000381469727,14.107885360717773
5802,2018-02-21 11:00:00+00:00,-2.6000003814697266,1.6216516494750977
5802,2025-09-23 06:00:00+00:00,11.899999618530273,6.7878570556640625
5802,2018-04-07 15:00:00+00:00,13.0,7.25347900390625
5802,2020-12-27 00:00:00+00:00,-3.1999998092651367,-2.3984594345092773
5802,2019-10-23 05:00:00+00:00,12.699999809265137,2.5286989212036133
5802,2018-11-30 23:00:00+00:00,-5.100000381469727,-1.0493993759155273
5802,2022-08-25 06:00:00+00:00,18.600000381469727,10.317155838012695
5802,2012-06-13 18:00:00+00:00,13.699999809265137,11.701432228088379
5802,2024-01-08 07:00:00+00:00,-5.899999618530273,-1.1773738861083984
5802,2015-02-23 19:00:00+00:00,3.5,0.4880390167236328
5802,2011-06-07 01:00:00+00:00,15.600000381469727,6.457095623016357
5802,2011-11-07 12:00:00+00:00,8.399999618530273,4.190134048461914
5802,2015-12-27 08:00:00+00:00,7.099999904632568,-0.08588695526123047
5802,2015-04-15 11:00:00+00:00,20.5,6.555352687835693
5802,2012-10-21 02:00:00+00:00,8.699999809265137,2.1253509521484375
5802,2021-11-29 14:00:00+00:00,-0.39999961853027344,3.2439279556274414
5802,2015-02-18 03:00:00+00:00,-1.5,-2.155402183532715
5802,2022-07-06 20:00:00+00:00,16.700000762939453,11.338996887207031
5802,2019-12-27 09:00:00+00:00,1.8000001907348633,0.2237558364868164
5802,2012-12-10 03:00:00+00:00,-0.19999980926513672,-2.161990165710449
5802,2022-08-28 02:00:00+00:00,16.899999618530273,7.934025764465332
5802,2012-08-24 16:00:00+00:00,28.899999618530273,13.934996604919434
5802,2010-08-21 12:00:00+00:00,23.799999237060547,14.752291679382324
5802,2025-09-19 22:00:00+00:00,20.200000762939453,7.25223445892334
5802,2020-09-07 07:00:00+00:00,13.399999618530273,9.217280387878418
5802,2015-05-02 08:00:00+00:00,10.300000190734863,7.891742706298828
5802,2015-10-03 02:00:00+00:00,10.100000381469727,3.6047563552856445
5802,2011-07-28 01:00:00+00:00,16.299999237060547,9.102028846740723
5802,2017-09-12 18:00:00+00:00,10.800000190734863,9.89450740814209
5802,2017-06-19 19:00:00+00:00,22.700000762939453,11.448609352111816
5802,2023-10-23 01:00:00+00:00,12.600000381469727,1.713186264038086
5802,2013-03-18 22:00:00+00:00,0.39999961853027344,0.5894432067871094
5802,2015-01-27 00:00:00+00:00,-2.5,-2.833597183227539
5802,2014-07-17 11:00:00+00:00,27.299999237060547,14.594736099243164
5802,2023-11-09 17:00:00+00:00,5.900000095367432,3.042207717895508
5802,2016-07-20 17:00:00+00:00,23.799999237060547,13.583174705505371
5802,2014-09-12 09:00:00+00:00,12.199999809265137,10.942809104919434
5802,2012-07-02 04:00:00+00:00,17.299999237060547,9.170995712280273
5802,2019-06-05 01:00:00+00:00,19.0,6.525304794311523
5802,2017-01-24 15:00:00+00:00,-7.30000114440918,0.9435710906982422
5802,2017-09-13 21:00:00+00:00,17.399999618530273,7.641667366027832
5802,2019-05-21 14:00:00+00:00,14.699999809265137,10.887715339660645
5802,2011-07-19 16:00:00+00:00,23.899999618530273,14.160050392150879
5802,2016-12-27 01:00:00+00:00,3.1999998092651367,-2.8545045852661133
5802,2018-05-03 13:00:00+00:00,24.100000381469727,10.532377243041992
5802,2011-08-24 11:00:00+00:00,29.600000381469727,13.248090744018555
5802,2024-10-28 05:00:00+00:00,9.600000381469727,2.5228843688964844
5802,2016-12-10 17:00:00+00:00,9.0,1.0131778717041016
5802,2016-01-24 16:00:00+00:00,2.9000000953674316,1.096181869506836
5802,2010-05-05 18:00:00+00:00,8.899999618530273,7.992742538452148
5802,2016-06-28 18:00:00+00:00,20.0,12.097692489624023
5802,2021-07-20 19:00:00+00:00,16.799999237060547,12.227607727050781
5802,2020-01-29 18:00:00+00:00,1.6000003814697266,-0.2936582565307617
5802,2013-04-17 20:00:00+00:00,16.700000762939453,3.927168846130371
5802,2022-01-19 02:00:00+00:00,-1.8000001907348633,-3.161667823791504
5802,2018-05-10 13:00:00+00:00,21.899999618530273,11.099883079528809
5802,2010-03-19 19:00:00+00:00,11.399999618530273,2.6310768127441406
5802,2021-08-05 03:00:00+00:00,15.100000381469727,9.093276977539062
5802,2010-03-27 22:00:00+00:00,8.600000381469727,1.6191434860229492
5802,2016-11-20 04:00:00+00:00,4.800000190734863,-0.33696556091308594
5802,2011-04-04 11:00:00+00:00,20.5,5.936900615692139
5802,2019-06-30 06:00:00+00:00,20.200000762939453,10.699089050292969
5802,2013-05-25 16:00:00+00:00,10.100000381469727,11.98275375366211
5802,2014-05-28 17:00:00+00:00,11.5,10.459264755249023
5802,2017-12-23 14:00:00+00:00,6.400000095367432,1.6657867431640625
5802,2011-08-08 10:00:00+00:00,15.399999618530273,13.965457916259766
5802,2021-05-07 19:00:00+00:00,5.400000095367432,8.329984664916992
5802,2016-08-17 07:00:00+00:00,15.699999809265137,10.949408531188965
5802,2022-04-06 04:00:00+00:00,8.600000381469727,1.9275197982788086
5802,2020-12-14 17:00:00+00:00,2.6999998092651367,0.8202180862426758
5802,2025-05-16 21:00:00+00:00,7.099999904632568,7.338141441345215
5802,2022-02-28 14:00:00+00:00,1.6999998092651367,2.7821574211120605
5802,2010-08-06 04:00:00+00:00,14.899999618530273,10.038930892944336
5802,2010-05-13 08:00:00+00:00,15.0,8.074766159057617
5802,2011-02-20 02:00:00+00:00,-2.1000003814697266,-1.5290489196777344
5802,2020-08-22 03:00:00+00:00,19.600000381469727,8.684328079223633
5802,2022-04-25 19:00:00+00:00,8.600000381469727,5.116120338439941
5802,2024-04-28 15:00:00+00:00,21.399999618530273,8.421048164367676
5802,2015-03-20 12:00:00+00:00,8.100000381469727,4.763615608215332
5802,2015-10-06 23:00:00+00:00,13.300000190734863,3.0508131980895996
5802,2020-10-30 12:00:00+00:00,10.199999809265137,6.209596633911133
5802,2013-07-29 19:00:00+00:00,21.600000381469727,12.505155563354492
5802,2023-02-16 16:00:00+00:00,8.5,1.4463071823120117
5802,2017-03-10 10:00:00+00:00,4.900000095367432,3.3566455841064453
5802,2021-11-28 17:00:00+00:00,-0.19999980926513672,2.538787841796875
5802,2014-09-06 02:00:00+00:00,16.799999237060547,6.754634380340576
5802,2023-11-23 09:00:00+00:00,2.8000001907348633,1.920363426208496
5802,2010-09-23 06:00:00+00:00,12.100000381469727,6.943354606628418
5802,2011-03-19 05:00:00+00:00,1.8000001907348633,1.2768363952636719
5802,2012-11-28 17:00:00+00:00,9.0,1.9769773483276367
5802,2025-08-05 09:00:00+00:00,20.799999237060547,12.903993606567383
5802,2020-02-21 06:00:00+00:00,4.300000190734863,-0.5714263916015625
5802,2013-01-01 20:00:00+00:00,-2.0,-1.5551748275756836
5802,2015-04-18 06:00:00+00:00,4.0,4.270744323730469
5802,2024-02-21 16:00:00+00:00,9.399999618530273,1.4625225067138672
5802,2025-06-16 21:00:00+00:00,14.800000190734863,9.163365364074707
5802,2014-03-11 01:00:00+00:00,6.400000095367432,-0.5623407363891602
5802,2025-09-16 17:00:00+00:00,14.699999809265137,10.296935081481934
5802,2011-09-17 04:00:00+00:00,13.300000190734863,6.772331714630127
5802,2012-01-01 16:00:00+00:00,7.099999904632568,0.9387521743774414
5802,2017-01-18 19:00:00+00:00,-7.30000114440918,-1.074026107788086
5802,2020-01-30 08:00:00+00:00,2.5,-0.7452259063720703
5802,2015-07-08 12:00:00+00:00,19.5,14.517104148864746
5802,2017-10-08 21:00:00+00:00,9.0,4.401972770690918
5802,2025-08-26 05:00:00+00:00,14.300000190734863,8.625442504882812
5802,2025-03-06 19:00:00+00:00,12.399999618530273,1.4776763916015625
5802,2017-10-12 06:00:00+00:00,10.699999809265137,4.07352352142334
5802,2014-02-10 15:00:00+00:00,4.400000095367432,1.8797998428344727
5802,2012-08-12 19:00:00+00:00,17.0,12.337736129760742
5802,2020-12-30 15:00:00+00:00,2.3000001907348633,1.0466270446777344
5802,2016-11-06 02:00:00+00:00,5.099999904632568,-0.10410022735595703
5802,2020-08-17 03:00:00+00:00,18.299999237060547,8.230840682983398
5802,2025-01-25 19:00:00+00:00,3.5999999046325684,-0.4575376510620117
5802,2018-06-19 19:00:00+00:00,20.700000762939453,10.932750701904297
5802,2012-11-11 12:00:00+00:00,7.5,4.132423400878906
5802,2011-10-07 21:00:00+00:00,5.0,4.7480340003967285
5802,2021-06-14 20:00:00+00:00,17.200000762939453,10.16838550567627
5802,2015-09-13 13:00:00+00:00,20.899999618530273,12.603228569030762
5802,2024-06-18 12:00:00+00:00,26.899999618530273,13.567252159118652
5802,2019-01-16 14:00:00+00:00,4.300000190734863,0.8249492645263672
5802,2018-01-13 09:00:00+00:00,-1.1000003814697266,0.11777400970458984
5802,2010-01-21 23:00:00+00:00,-9.30000114440918,-2.838827133178711
5802,2018-10-14 01:00:00+00:00,11.600000381469727,2.588719367980957
5802,2011-09-26 01:00:00+00:00,14.5,4.800674915313721
5802,2018-01-18 21:00:00+00:00,5.599999904632568,-2.1019763946533203
5802,2022-07-12 16:00:00+00:00,21.700000762939453,14.106027603149414
5802,2019-08-05 14:00:00+00:00,29.5,14.662864685058594
5802,2012-12-28 23:00:00+00:00,-1.7000007629394531,-2.582900047302246
5802,2019-07-24 01:00:00+00:00,20.0,8.61253833770752
5802,2011-07-15 06:00:00+00:00,14.899999618530273,11.773794174194336
5802,2018-12-26 12:00:00+00:00,2.6000003814697266,1.2263765335083008
5802,2019-03-14 08:00:00+00:00,5.099999904632568,1.9790534973144531
5802,2012-09-10 10:00:00+00:00,24.299999237060547,11.626330375671387
5802,2016-04-27 11:00:00+00:00,3.0999999046325684,7.464835166931152
5802,2022-06-28 20:00:00+00:00,24.600000381469727,10.357497215270996
5802,2025-10-27 18:00:00+00:00,6.800000190734863,4.837123870849609
5802,2022-11-15 03:00:00+00:00,4.800000190734863,-0.7043523788452148
5802,2021-06-25 21:00:00+00:00,15.5,10.643022537231445
5802,2023-09-16 03:00:00+00:00,14.300000190734863,6.363251209259033
5802,2020-07-23 17:00:00+00:00,22.899999618530273,13.900814056396484
5802,2017-11-17 17:00:00+00:00,2.1999998092651367,2.659505844116211
5802,2009-10-10 22:00:00+00:00,12.600000381469727,3.952643394470215
5802,2010-10-28 21:00:00+00:00,5.699999809265137,3.011653423309326
5802,2015-06-28 02:00:00+00:00,13.699999809265137,8.055635452270508
5802,2010-04-01 12:00:00+00:00,14.5,6.1522088050842285
5802,2010-06-03 02:00:00+00:00,9.899999618530273,6.899630069732666
5802,2021-08-19 22:00:00+00:00,16.200000762939453,9.882328033447266
5802,2023-07-02 17:00:00+00:00,20.299999237060547,14.22833251953125
5802,2013-03-13 09:00:00+00:00,5.0,2.3516807556152344
5802,2015-02-21 21:00:00+00:00,4.300000190734863,-0.2561168670654297
5802,2023-01-14 15:00:00+00:00,7.199999809265137,1.2089433670043945
5802,2024-05-08 02:00:00+00:00,10.399999618530273,4.088227272033691
5802,2024-06-10 08:00:00+00:00,17.100000381469727,11.310195922851562
5802,2025-03-05 13:00:00+00:00,11.899999618530273,3.219864845275879
5802,2016-03-19 12:00:00+00:00,6.5,5.000854015350342
5802,2024-06-16 03:00:00+00:00,13.399999618530273,7.913694381713867
5802,2009-09-21 06:00:00+00:00,14.600000381469727,7.313276767730713
5802,2012-01-01 10:00:00+00:00,0.3000001907348633,0.6867198944091797
5802,2013-06-27 08:00:00+00:00,12.800000190734863,11.944770812988281
5802,2020-12-14 18:00:00+00:00,1.6999998092651367,0.29172801971435547
5802,2015-06-29 20:00:00+00:00,17.899999618530273,10.895981788635254
5802,2010-02-06 00:00:00+00:00,-1.6000003814697266,-1.9692468643188477
5802,2019-12-28 08:00:00+00:00,-0.5,-0.13946533203125
5802,2012-01-13 14:00:00+00:00,-1.1999998092651367,1.0364971160888672
5802,2010-11-12 00:00:00+00:00,5.300000190734863,-0.36304759979248047
5802,2017-03-14 00:00:00+00:00,2.9000000953674316,-0.3355674743652344
5802,2019-11-04 18:00:00+00:00,9.699999809265137,2.986205577850342
5802,2017-02-25 22:00:00+00:00,2.1000003814697266,-0.5840654373168945
5802,2015-02-20 21:00:00+00:00,1.6000003814697266,-0.5957775115966797
5802,2016-07-10 22:00:00+00:00,22.0,10.629070281982422
5802,2010-04-10 06:00:00+00:00,6.400000095367432,3.825338363647461
5802,2011-07-15 01:00:00+00:00,13.699999809265137,9.460640907287598
5802,2013-04-07 05:00:00+00:00,0.6999998092651367,2.973931312561035
5802,2022-05-03 23:00:00+00:00,11.899999618530273,4.106734275817871
5802,2011-03-10 04:00:00+00:00,1.0,-0.3749971389770508
5802,2020-10-19 10:00:00+00:00,8.600000381469727,6.507867336273193
5802,2016-03-08 19:00:00+00:00,1.1000003814697266,1.5237808227539062
5802,2012-05-15 17:00:00+00:00,15.100000381469727,9.128050804138184
5802,2015-01-24 00:00:00+00:00,0.8999996185302734,-2.6368885040283203
5802,2023-03-31 21:00:00+00:00,9.199999809265137,2.1446971893310547
5802,2011-05-25 15:00:00+00:00,19.5,11.245339393615723
5802,2010-03-20 10:00:00+00:00,10.699999809265137,4.234358310699463
5802,2016-08-21 07:00:00+00:00,17.0,11.89215087890625
5802,2023-01-14 04:00:00+00:00,4.199999809265137,-2.431277275085449
5802,2022-08-21 22:00:00+00:00,15.199999809265137,9.601850509643555
5802,2025-09-24 15:00:00+00:00,10.800000190734863,10.634723663330078
5802,2010-01-15 23:00:00+00:00,-2.1000003814697266,-2.745333671569824
5802,2014-12-30 09:00:00+00:00,-6.69999885559082,0.10685539245605469
5802,2021-04-01 12:00:00+00:00,20.899999618530273,6.1522088050842285
5802,2014-07-06 04:00:00+00:00,17.799999237060547,9.740860939025879
5802,2021-08-16 18:00:00+00:00,18.600000381469727,12.601709365844727
5802,2019-01-08 15:00:00+00:00,2.0,0.7574863433837891
5802,2016-02-22 05:00:00+00:00,11.399999618530273,-0.8757715225219727
5802,2011-06-25 15:00:00+00:00,16.299999237060547,14.770931243896484
5802,2019-05-31 08:00:00+00:00,13.399999618530273,9.667829513549805
5802,2019-05-15 03:00:00+00:00,3.8000001907348633,4.548220157623291
5802,2013-06-16 04:00:00+00:00,17.399999618530273,8.286858558654785
5802,2011-09-02 21:00:00+00:00,18.200000762939453,9.080467224121094
5802,2017-06-13 04:00:00+00:00,15.800000190734863,7.402743339538574
5802,2016-09-30 20:00:00+00:00,17.899999618530273,7.667541027069092
5802,2013-03-29 02:00:00+00:00,0.10000038146972656,0.6608829498291016
5802,2017-09-04 21:00:00+00:00,12.300000190734863,8.128963470458984
5802,2025-03-29 07:00:00+00:00,6.5,2.9501681327819824
5802,2023-11-18 07:00:00+00:00,2.3999996185302734,1.386754035949707
5802,2023-12-01 08:00:00+00:00,-0.8999996185302734,0.3159923553466797
5802,2018-06-08 07:00:00+00:00,17.700000762939453,10.601327896118164
5802,2011-04-28 23:00:00+00:00,12.899999618530273,3.3397603034973145
5802,2024-12-20 03:00:00+00:00,3.9000000953674316,-2.596292495727539
5802,2020-11-07 14:00:00+00:00,10.399999618530273,4.547005653381348
5802,2022-01-13 02:00:00+00:00,-3.3000001907348633,-3.224968910217285
5802,2023-11-02 14:00:00+00:00,13.699999809265137,4.366987228393555
5802,2019-03-09 18:00:00+00:00,9.600000381469727,2.875232696533203
5802,2025-04-05 05:00:00+00:00,8.5,3.024174690246582
5802,2011-06-04 21:00:00+00:00,15.600000381469727,9.539617538452148
5802,2018-10-11 05:00:00+00:00,11.0,3.5642027854919434
5802,2012-10-18 08:00:00+00:00,8.5,4.813443660736084
5802,2025-07-14 02:00:00+00:00,18.5,8.610726356506348
5802,2018-08-20 15:00:00+00:00,32.29999923706055,13.919513702392578
5802,2016-06-28 05:00:00+00:00,13.399999618530273,8.593232154846191
5802,2011-02-15 10:00:00+00:00,-3.0,1.1688146591186523
5802,2010-07-28 23:00:00+00:00,15.800000190734863,9.261043548583984
5802,2018-06-15 20:00:00+00:00,17.299999237060547,11.15280818939209
5802,2020-02-09 02:00:00+00:00,-1.3999996185302734,-1.8969449996948242
5802,2024-11-16 22:00:00+00:00,2.3000001907348633,0.15295791625976562
5802,2013-11-03 10:00:00+00:00,11.0,3.9761929512023926
5802,2022-11-17 03:00:00+00:00,5.5,-0.8121309280395508
5802,2016-11-22 12:00:00+00:00,15.899999618530273,3.1776394844055176
5802,2017-05-21 05:00:00+00:00,10.199999809265137,6.235934734344482
5802,2017-01-17 12:00:00+00:00,-3.6999998092651367,0.9356803894042969
5802,2020-03-03 23:00:00+00:00,3.0,-0.5477619171142578
5802,2017-05-14 12:00:00+00:00,22.200000762939453,11.490466117858887
5802,2022-11-15 18:00:00+00:00,6.5,2.1426496505737305
5802,2014-04-17 03:00:00+00:00,0.8000001907348633,2.407907485961914
5802,2016-08-29 22:00:00+00:00,18.100000381469727,8.743664741516113
5802,2024-05-05 06:00:00+00:00,16.299999237060547,5.96320915222168
5802,2018-12-01 06:00:00+00:00,-4.899999618530273,-0.6600675582885742
5802,2023-10-19 20:00:00+00:00,11.100000381469727,4.322506427764893
5802,2010-11-16 10:00:00+00:00,8.699999809265137,2.832477569580078
5802,2015-03-09 19:00:00+00:00,4.699999809265137,1.7182950973510742
5802,2018-12-05 12:00:00+00:00,4.599999904632568,1.598276138305664
5802,2018-10-31 09:00:00+00:00,9.5,4.512550354003906
5802,2017-02-16 23:00:00+00:00,-2.1000003814697266,-1.9468460083007812
5802,2011-05-16 22:00:00+00:00,10.199999809265137,5.502255916595459
5802,2021-06-03 00:00:00+00:00,14.199999809265137,7.255847930908203
5802,2013-10-11 17:00:00+00:00,8.899999618530273,6.8375372886657715
5802,2018-07-24 13:00:00+00:00,27.200000762939453,14.81851577758789
5802,2010-11-03 01:00:00+00:00,8.100000381469727,-0.280548095703125
5802,2011-09-11 01:00:00+00:00,18.299999237060547,6.137508869171143
5802,2020-12-19 18:00:00+00:00,0.3000001907348633,0.2600393295288086
5802,2013-04-01 02:00:00+00:00,-3.1999998092651367,1.4876689910888672
5802,2011-03-25 06:00:00+00:00,8.699999809265137,1.8099193572998047
5802,2025-02-11 21:00:00+00:00,1.6000003814697266,-1.2343320846557617
5802,2014-10-14 15:00:00+00:00,16.5,7.199695587158203
5802,2014-02-12 02:00:00+00:00,3.3000001907348633,-2.4651641845703125
5802,2015-11-17 00:00:00+00:00,13.600000381469727,-0.8210248947143555
5802,2020-01-21 15:00:00+00:00,-1.6000003814697266,0.8916873931884766
5802,2012-06-17 00:00:00+00:00,19.700000762939453,7.977725028991699
5802,2014-03-28 16:00:00+00:00,14.0,4.846917152404785
5802,2019-03-20 21:00:00+00:00,3.3000001907348633,0.8866100311279297
5802,2017-10-16 23:00:00+00:00,16.0,2.52040958404541
5802,2023-01-13 19:00:00+00:00,5.900000095367432,-0.9300041198730469
5802,2020-12-14 11:00:00+00:00,4.800000190734863,1.427846908569336
5802,2013-01-10 18:00:00+00:00,2.6000003814697266,-0.6297826766967773
5802,2014-02-27 01:00:00+00:00,1.3000001907348633,-1.9393501281738281
5802,2011-06-25 18:00:00+00:00,14.800000190734863,13.195751190185547
5802,2011-06-07 19:00:00+00:00,19.700000762939453,10.28123950958252
5802,2021-05-06 08:00:00+00:00,8.600000381469727,7.612927436828613
5802,2011-01-24 20:00:00+00:00,-4.199999809265137,-1.1917333602905273
5802,2013-11-03 08:00:00+00:00,9.300000190734863,2.873408794403076
5802,2010-02-22 06:00:00+00:00,-2.8999996185302734,-0.3679084777832031
5802,2015-03-18 16:00:00+00:00,9.0,3.394646644592285
5802,2012-09-13 11:00:00+00:00,8.5,11.325669288635254
5802,2015-07-29 20:00:00+00:00,15.5,11.517121315002441
5802,2010-03-27 14:00:00+00:00,13.100000381469727,5.53996467590332
5802,2010-10-26 09:00:00+00:00,3.5999999046325684,5.109319686889648
5802,2022-05-06 01:00:00+00:00,13.800000190734863,4.651271820068359
5802,2019-03-30 15:00:00+00:00,16.5,5.4977521896362305
5802,2015-06-24 22:00:00+00:00,11.5,8.591140747070312
5802,2019-04-06 15:00:00+00:00,12.199999809265137,7.177210330963135
5802,2025-02-01 03:00:00+00:00,-0.5,-2.061081886291504
5802,2013-05-13 13:00:00+00:00,14.5,10.902399063110352
5802,2018-10-16 11:00:00+00:00,17.200000762939453,6.8334197998046875
5802,2017-07-23 19:00:00+00:00,22.700000762939453,12.982175827026367
5802,2017-10-02 13:00:00+00:00,16.700000762939453,9.065186500549316
5802,2013-03-12 23:00:00+00:00,1.3999996185302734,-0.19127368927001953
5802,2020-12-28 14:00:00+00:00,1.5,1.5672883987426758
5802,2018-07-13 02:00:00+00:00,15.0,9.372590065002441
5802,2023-03-15 03:00:00+00:00,2.8000001907348633,-0.47435665130615234
5802,2021-11-14 09:00:00+00:00,3.5999999046325684,2.7811784744262695
5802,2013-08-13 05:00:00+00:00,16.399999618530273,9.179716110229492
5802,2011-08-29 09:00:00+00:00,20.899999618530273,12.674261093139648
5802,2019-07-15 18:00:00+00:00,18.700000762939453,13.281399726867676
5802,2020-09-17 03:00:00+00:00,18.299999237060547,5.788001537322998
5802,2013-04-08 17:00:00+00:00,5.599999904632568,5.355355739593506
5802,2020-03-08 05:00:00+00:00,2.3000001907348633,0.7110557556152344
5802,2024-03-17 21:00:00+00:00,5.800000190734863,1.3597545623779297
5802,2025-10-21 23:00:00+00:00,9.800000190734863,2.0113487243652344
5802,2024-04-02 16:00:00+00:00,10.800000190734863,5.374740123748779
5802,2010-06-21 03:00:00+00:00,9.600000381469727,7.689380168914795
5802,2011-10-03 08:00:00+00:00,16.200000762939453,6.45280122756958
5802,2023-07-13 19:00:00+00:00,20.100000381469727,12.582794189453125
5802,2010-03-31 00:00:00+00:00,12.0,0.3104534149169922
5802,2022-06-27 14:00:00+00:00,31.100000381469727,14.362089157104492
5802,2014-07-14 16:00:00+00:00,23.799999237060547,14.494871139526367
5802,2022-11-04 13:00:00+00:00,8.399999618530273,4.4927659034729
5802,2019-11-05 04:00:00+00:00,8.199999809265137,0.0646047592163086
5802,2022-08-22 12:00:00+00:00,14.199999809265137,14.154534339904785
5802,2014-11-21 02:00:00+00:00,3.9000000953674316,-1.0126981735229492
5802,2023-10-08 15:00:00+00:00,9.0,8.486862182617188
5802,2011-11-19 21:00:00+00:00,0.6999998092651367,0.5298480987548828
5802,2010-11-25 11:00:00+00:00,2.5,2.6935367584228516
5802,2024-01-31 20:00:00+00:00,2.3999996185302734,-1.3460912704467773
5802,2014-08-10 09:00:00+00:00,24.200000762939453,13.748136520385742
5802,2021-02-04 00:00:00+00:00,9.399999618530273,-2.528355598449707
5802,2010-12-19 05:00:00+00:00,-8.5,-1.6046152114868164
5802,2021-04-11 20:00:00+00:00,10.5,4.030202865600586
5802,2018-03-06 02:00:00+00:00,-2.3999996185302734,-0.7794828414916992
5802,2016-04-17 19:00:00+00:00,11.300000190734863,5.126184463500977
5802,2013-12-02 01:00:00+00:00,1.3000001907348633,-2.0681629180908203
5802,2012-08-26 08:00:00+00:00,14.5,12.445415496826172
5802,2020-10-13 12:00:00+00:00,5.099999904632568,7.375024795532227
5802,2014-04-04 06:00:00+00:00,10.399999618530273,3.3372364044189453
5802,2025-08-20 06:00:00+00:00,17.700000762939453,9.8631010055542
5802,2021-05-28 19:00:00+00:00,10.100000381469727,9.862473487854004
5802,2021-10-06 09:00:00+00:00,11.0,6.281925678253174
5802,2016-02-20 11:00:00+00:00,5.099999904632568,2.3649158477783203
5802,2012-07-28 23:00:00+00:00,18.600000381469727,10.362288475036621
5802,2023-01-22 17:00:00+00:00,-1.6000003814697266,0.6010417938232422
5802,2017-09-26 04:00:00+00:00,10.100000381469727,5.257779598236084
5802,2017-10-18 22:00:00+00:00,10.899999618530273,2.818185329437256
5802,2016-08-30 17:00:00+00:00,19.600000381469727,12.382080078125
5802,2024-08-13 02:00:00+00:00,20.700000762939453,7.954922199249268
5904,2008-03-04 12:00:00+00:00,6.0,7.782711029052734
5904,2008-04-05 04:00:00+00:00,5.599999904632568,7.879026412963867
5904,2008-03-19 08:00:00+00:00,5.300000190734863,6.506772994995117
5904,2008-03-04 20:00:00+00:00,3.8000001907348633,6.032779693603516
5904,2008-03-21 05:00:00+00:00,1.8000001907348633,5.81534481048584
5904,2008-03-23 23:00:00+00:00,3.1999998092651367,6.354355812072754
5904,2008-06-16 23:00:00+00:00,14.300000190734863,18.750720977783203
5904,2008-02-14 02:00:00+00:00,-1.0,2.7469429969787598
5904,2008-01-24 22:00:00+00:00,-0.19999980926513672,2.4572601318359375
5904,2008-02-27 13:00:00+00:00,13.5,6.4454193115234375
5904,2008-05-04 22:00:00+00:00,10.399999618530273,13.890875816345215
5904,2008-01-03 14:00:00+00:00,-1.1999998092651367,3.8654112815856934
5904,2008-06-08 16:00:00+00:00,20.299999237060547,24.109355926513672
5904,2008-01-27 14:00:00+00:00,5.900000095367432,4.696589946746826
5904,2008-06-28 07:00:00+00:00,22.0,21.734703063964844
5904,2008-06-26 02:00:00+00:00,19.5,17.92298126220703
5904,2008-05-02 21:00:00+00:00,13.800000190734863,15.308671951293945
5904,2008-04-11 13:00:00+00:00,23.399999618530273,16.579790115356445
5904,2008-06-21 10:00:00+00:00,26.700000762939453,24.05919647216797
5904,2008-02-14 16:00:00+00:00,2.3000001907348633,5.475780010223389
5904,2008-02-21 06:00:00+00:00,2.0,3.561984062194824
5904,2008-06-12 05:00:00+00:00,14.699999809265137,18.52260398864746
5904,2008-01-20 13:00:00+00:00,12.300000190734863,4.444774627685547
5904,2008-03-27 05:00:00+00:00,2.0,5.93376350402832
5904,2008-06-10 21:00:00+00:00,19.399999618530273,19.938621520996094
5904,2008-02-03 06:00:00+00:00,-1.1000003814697266,3.5782151222229004
5904,2008-05-07 14:00:00+00:00,19.0,20.922569274902344
5904,2008-06-06 20:00:00+00:00,16.799999237060547,20.632522583007812
5904,2008-04-26 05:00:00+00:00,9.100000381469727,10.313071250915527
5904,2008-03-29 00:00:00+00:00,9.0,6.294801235198975
5904,2008-03-11 14:00:00+00:00,11.699999809265137,9.596344947814941
5904,2008-05-08 09:00:00+00:00,18.5,18.71727752685547
5904,2008-04-02 16:00:00+00:00,9.0,13.827999114990234
5904,2008-02-14 05:00:00+00:00,-0.6000003814697266,3.086996078491211
5904,2008-02-14 17:00:00+00:00,2.3000001907348633,5.146942138671875
5904,2008-04-22 17:00:00+00:00,10.300000190734863,15.878555297851562
5904,2008-01-29 02:00:00+00:00,5.099999904632568,2.017928123474121
5904,2008-05-15 16:00:00+00:00,24.5,20.695255279541016
5904,2008-04-16 21:00:00+00:00,5.0,10.650320053100586
5904,2008-02-10 01:00:00+00:00,-0.6000003814697266,3.1777777671813965
5904,2008-03-27 15:00:00+00:00,10.300000190734863,11.313236236572266
5904,2008-03-02 16:00:00+00:00,12.5,9.20291805267334
5904,2008-03-31 22:00:00+00:00,9.100000381469727,7.222475051879883
5904,2008-02-11 14:00:00+00:00,5.500000476837158,5.965120792388916
5904,2008-01-24 19:00:00+00:00,1.8999996185302734,3.2375688552856445
5904,2008-03-23 02:00:00+00:00,0.10000038146972656,5.956475257873535
5904,2008-02-13 07:00:00+00:00,-2.8000001907348633,3.5337772369384766
5904,2008-03-02 20:00:00+00:00,8.899999618530273,6.4715166091918945
5904,2008-02-07 20:00:00+00:00,5.500000476837158,3.8472447395324707
5904,2008-02-13 04:00:00+00:00,-2.40000057220459,2.835329532623291
5904,2008-06-19 09:00:00+00:00,24.0,23.19395637512207
5904,2008-03-05 14:00:00+00:00,4.5,8.509451866149902
5904,2008-05-02 03:00:00+00:00,10.800000190734863,12.268390655517578
5904,2008-05-04 21:00:00+00:00,10.800000190734863,14.97280216217041
5904,2008-04-04 11:00:00+00:00,10.100000381469727,15.139488220214844
5904,2008-01-13 04:00:00+00:00,4.900000095367432,2.3034706115722656
5904,2008-03-15 22:00:00+00:00,7.900000095367432,6.124372482299805
5904,2008-02-15 13:00:00+00:00,2.0,6.139193058013916
5904,2008-02-10 12:00:00+00:00,3.4000000953674316,5.740802764892578
5904,2008-03-23 14:00:00+00:00,5.300000190734863,12.832304000854492
5904,2008-04-15 00:00:00+00:00,9.699999809265137,8.859559059143066
5904,2008-04-04 22:00:00+00:00,8.100000381469727,9.188459396362305
5904,2008-05-13 03:00:00+00:00,9.899999618530273,13.336223602294922
5904,2008-04-16 05:00:00+00:00,5.800000190734863,8.963732719421387
5904,2008-05-04 00:00:00+00:00,11.399999618530273,12.544069290161133
5904,2008-02-18 22:00:00+00:00,6.699999809265137,3.8542213439941406
5904,2008-05-27 09:00:00+00:00,22.700000762939453,20.26171875
5904,2008-03-29 17:00:00+00:00,12.100000381469727,12.044939041137695
5904,2008-05-06 02:00:00+00:00,10.199999809265137,12.70981502532959
5904,2008-04-13 17:00:00+00:00,14.399999618530273,15.611125946044922
5904,2008-05-19 00:00:00+00:00,14.100000381469727,13.796576499938965
5904,2008-06-27 21:00:00+00:00,22.200000762939453,20.850719451904297
5904,2008-01-20 08:00:00+00:00,11.699999809265137,3.446709156036377
5904,2008-05-23 22:00:00+00:00,11.600000381469727,16.188337326049805
5904,2008-03-26 19:00:00+00:00,3.3000001907348633,7.91932487487793
5904,2008-03-07 16:00:00+00:00,6.300000190734863,8.953011512756348
5904,2008-02-26 21:00:00+00:00,7.800000190734863,4.149019718170166
5904,2008-06-26 03:00:00+00:00,19.100000381469727,18.008350372314453
5904,2008-05-17 02:00:00+00:00,13.300000190734863,13.553484916687012
5904,2008-05-02 00:00:00+00:00,11.800000190734863,12.867927551269531
5904,2008-04-24 04:00:00+00:00,5.800000190734863,9.270306587219238
5904,2008-01-26 12:00:00+00:00,7.0,4.327503204345703
5904,2008-01-04 18:00:00+00:00,-4.300000190734863,3.290034294128418
5904,2008-01-20 19:00:00+00:00,12.300000190734863,3.7278528213500977
5904,2008-01-28 20:00:00+00:00,5.599999904632568,3.4764466285705566
5904,2008-02-24 15:00:00+00:00,16.399999618530273,6.939243316650391
5904,2008-01-29 20:00:00+00:00,5.400000095367432,3.2448787689208984
5904,2008-02-27 18:00:00+00:00,8.699999809265137,5.438276290893555
5904,2008-03-19 05:00:00+00:00,1.3000001907348633,5.271953105926514
5904,2008-01-13 02:00:00+00:00,4.699999809265137,2.1315526962280273
5904,2008-02-21 00:00:00+00:00,0.0,3.2125511169433594
5904,2008-03-02 12:00:00+00:00,11.399999618530273,9.323283195495605
5904,2008-06-07 21:00:00+00:00,16.399999618530273,19.49575424194336
5904,2008-04-08 00:00:00+00:00,4.0,8.2280912399292
5904,2008-03-13 01:00:00+00:00,7.0,4.763388633728027
5904,2008-01-21 08:00:00+00:00,9.899999618530273,3.4376468658447266
5904,2008-02-07 04:00:00+00:00,5.599999904632568,2.6716408729553223
5904,2008-06-08 06:00:00+00:00,17.600000381469727,19.34279441833496
5904,2008-03-18 18:00:00+00:00,4.800000190734863,8.273882865905762
5904,2008-01-09 16:00:00+00:00,1.0,3.776702880859375
5904,2008-05-22 05:00:00+00:00,10.800000190734863,15.241307258605957
5904,2008-05-29 22:00:00+00:00,19.799999237060547,16.485050201416016
5904,2008-04-27 18:00:00+00:00,14.5,16.125518798828125
5904,2008-04-10 23:00:00+00:00,13.100000381469727,8.395654678344727
5904,2008-05-01 14:00:00+00:00,16.0,20.19198989868164
5904,2008-02-05 18:00:00+00:00,4.5,4.517286777496338
5904,2008-04-26 04:00:00+00:00,9.399999618530273,9.512897491455078
5904,2008-04-09 17:00:00+00:00,17.5,13.89134693145752
5904,2008-06-04 01:00:00+00:00,17.200000762939453,16.71721076965332
5904,2008-06-05 17:00:00+00:00,18.200000762939453,23.307329177856445
5904,2008-01-06 09:00:00+00:00,-0.6999998092651367,3.575749397277832
5904,2008-05-15 14:00:00+00:00,25.899999618530273,21.467838287353516
5904,2008-01-27 05:00:00+00:00,6.800000190734863,2.7215428352355957
5904,2008-04-04 21:00:00+00:00,8.699999809265137,10.13399887084961
5904,2008-05-29 20:00:00+00:00,20.600000381469727,18.54624366760254
5904,2008-03-05 20:00:00+00:00,0.6999998092651367,5.800002574920654
5904,2008-01-17 18:00:00+00:00,4.5,3.3761091232299805
5904,2008-06-18 15:00:00+00:00,24.600000381469727,25.022621154785156
5904,2008-04-13 08:00:00+00:00,14.399999618530273,12.444012641906738
5904,2008-05-12 07:00:00+00:00,16.100000381469727,16.044618606567383
5904,2008-06-24 12:00:00+00:00,28.39999771118164,25.22937774658203
5904,2008-04-25 06:00:00+00:00,13.600000381469727,11.599477767944336
5904,2008-03-01 17:00:00+00:00,7.5,8.502143859863281
5904,2008-04-04 04:00:00+00:00,5.900000095367432,7.739001274108887
5904,2008-02-22 12:00:00+00:00,12.800000190734863,6.5086469650268555
5904,2008-06-11 17:00:00+00:00,17.799999237060547,23.810874938964844
5904,2008-02-21 04:00:00+00:00,1.6000003814697266,3.1437134742736816
5904,2008-01-01 00:00:00+00:00,1.6999998092651367,1.8916015625
5904,2008-06-10 06:00:00+00:00,20.100000381469727,19.831619262695312
5904,2008-01-01 13:00:00+00:00,1.3999996185302734,4.05790376663208
5904,2008-05-19 12:00:00+00:00,13.699999809265137,21.73162841796875
5904,2008-05-14 18:00:00+00:00,20.299999237060547,19.59872817993164
5904,2008-06-08 02:00:00+00:00,14.5,16.731107711791992
5904,2008-06-15 05:00:00+00:00,12.300000190734863,18.852567672729492
5904,2008-06-28 17:00:00+00:00,24.200000762939453,24.658451080322266
5904,2008-01-08 23:00:00+00:00,-0.6000003814697266,2.097553253173828
5904,2008-03-10 06:00:00+00:00,2.09999942779541,5.637372016906738
5904,2008-02-23 23:00:00+00:00,7.199999809265137,3.8035435676574707
5904,2008-03-08 16:00:00+00:00,6.0,9.948625564575195
5904,2008-05-22 21:00:00+00:00,12.300000190734863,16.880355834960938
5904,2008-05-17 13:00:00+00:00,24.200000762939453,21.764598846435547
5904,2008-04-13 06:00:00+00:00,9.100000381469727,9.667025566101074
5904,2008-04-29 20:00:00+00:00,10.800000190734863,13.470511436462402
5904,2008-04-09 10:00:00+00:00,12.800000190734863,13.839448928833008
5904,2008-06-04 19:00:00+00:00,17.5,21.85474395751953
5904,2008-03-29 02:00:00+00:00,8.0,6.113902568817139
5904,2008-04-08 01:00:00+00:00,3.9000000953674316,7.889482498168945
5904,2008-03-25 20:00:00+00:00,-0.3000001907348633,7.533222198486328
5904,2008-04-21 05:00:00+00:00,7.599999904632568,9.673060417175293
5904,2008-02-21 12:00:00+00:00,10.5,6.054625034332275
5904,2008-03-20 07:00:00+00:00,2.09999942779541,6.402743816375732
5904,2008-02-28 06:00:00+00:00,6.699999809265137,3.821704387664795
5904,2008-05-16 21:00:00+00:00,18.399999618530273,16.395999908447266
5904,2008-06-25 02:00:00+00:00,17.600000381469727,18.408267974853516
5904,2008-01-18 01:00:00+00:00,4.0,1.8284988403320312
5904,2008-01-08 14:00:00+00:00,7.300000190734863,4.139936447143555
5904,2008-02-08 10:00:00+00:00,5.500000476837158,4.6736884117126465
5904,2008-04-06 06:00:00+00:00,3.0999999046325684,9.028928756713867
5904,2008-01-24 01:00:00+00:00,0.19999980926513672,1.7877216339111328
5904,2008-02-29 09:00:00+00:00,6.800000190734863,5.322704792022705
5904,2008-04-24 17:00:00+00:00,14.100000381469727,15.978273391723633
5904,2008-03-24 04:00:00+00:00,1.3000001907348633,5.873098850250244
5904,2008-06-21 05:00:00+00:00,19.600000381469727,19.351167678833008
5904,2008-01-05 15:00:00+00:00,-4.09999942779541,4.15034818649292
5904,2008-04-17 21:00:00+00:00,7.099999904632568,11.008025169372559
5904,2008-02-06 05:00:00+00:00,3.4000000953674316,2.819591999053955
5904,2008-05-18 12:00:00+00:00,21.200000762939453,21.71824836730957
5904,2008-02-04 10:00:00+00:00,5.699999809265137,4.692268371582031
5904,2008-05-31 17:00:00+00:00,26.599998474121094,21.59319305419922
5904,2008-06-20 01:00:00+00:00,16.899999618530273,17.78980255126953
5904,2008-04-03 20:00:00+00:00,6.599999904632568,10.059226989746094
5904,2008-06-08 11:00:00+00:00,20.899999618530273,23.973419189453125
5904,2008-03-10 11:00:00+00:00,9.699999809265137,8.512197494506836
5904,2008-02-11 05:00:00+00:00,-1.8999996185302734,3.404102325439453
5904,2008-06-12 18:00:00+00:00,18.100000381469727,23.06006622314453
5904,2008-06-05 08:00:00+00:00,16.399999618530273,21.54694938659668
5904,2008-02-15 22:00:00+00:00,-1.3999996185302734,3.601297378540039
5904,2008-03-02 22:00:00+00:00,10.199999809265137,5.5304741859436035
5904,2008-02-17 16:00:00+00:00,-0.6000003814697266,6.225875377655029
5904,2008-03-28 01:00:00+00:00,6.5,5.792705059051514
5904,2008-04-17 04:00:00+00:00,2.5999999046325684,8.526187896728516
5904,2008-05-31 02:00:00+00:00,17.299999237060547,14.922027587890625
5904,2008-06-17 00:00:00+00:00,15.699999809265137,18.32312774658203
5904,2008-04-07 06:00:00+00:00,5.300000190734863,8.857612609863281
5904,2008-06-11 11:00:00+00:00,24.0,24.127952575683594
5904,2008-03-03 22:00:00+00:00,6.800000190734863,5.45501708984375
5904,2008-01-14 14:00:00+00:00,4.5,4.520653247833252
5904,2008-02-15 18:00:00+00:00,0.0,5.02353572845459
5904,2008-03-20 23:00:00+00:00,1.3999996185302734,5.415111064910889
5904,2008-02-27 00:00:00+00:00,6.5,3.387722969055176
5904,2008-06-09 17:00:00+00:00,23.399999618530273,23.633968353271484
5904,2008-03-15 19:00:00+00:00,8.5,8.238905906677246
5904,2008-05-23 03:00:00+00:00,11.899999618530273,14.221203804016113
5904,2008-04-07 15:00:00+00:00,6.199999809265137,16.17268943786621
5904,2008-06-09 19:00:00+00:00,19.899999618530273,22.160587310791016
5904,2008-05-21 18:00:00+00:00,12.399999618530273,20.23514175415039
5904,2008-03-27 06:00:00+00:00,2.5,6.398599624633789
5904,2008-01-24 02:00:00+00:00,0.5,1.7137422561645508
5904,2008-06-12 11:00:00+00:00,19.899999618530273,24.184402465820312
5904,2008-02-22 02:00:00+00:00,9.100000381469727,3.228121280670166
5904,2008-05-03 03:00:00+00:00,10.600000381469727,12.179247856140137
5904,2008-01-09 05:00:00+00:00,-0.10000038146972656,1.9202022552490234
5904,2008-05-16 01:00:00+00:00,13.300000190734863,13.67888355255127
5904,2008-05-06 04:00:00+00:00,9.399999618530273,12.96015739440918
5904,2008-06-04 13:00:00+00:00,22.299999237060547,24.23757553100586
5904,2008-01-02 20:00:00+00:00,-1.5,2.830179214477539
5904,2008-02-10 22:00:00+00:00,0.19999980926513672,3.7271347045898438
5904,2008-05-24 13:00:00+00:00,21.5,22.321481704711914
5904,2008-04-28 19:00:00+00:00,15.800000190734863,14.666658401489258
5904,2008-05-16 22:00:00+00:00,16.399999618530273,15.694581985473633
5904,2008-02-18 05:00:00+00:00,2.40000057220459,3.62623929977417
5904,2008-05-07 01:00:00+00:00,11.699999809265137,12.699468612670898
5904,2008-02-15 11:00:00+00:00,2.8000001907348633,5.601137638092041
5904,2008-05-01 17:00:00+00:00,14.699999809265137,18.76373291015625
5904,2008-05-14 07:00:00+00:00,17.5,16.608829498291016
5904,2008-02-26 03:00:00+00:00,4.199999809265137,3.3466362953186035
5904,2008-04-05 18:00:00+00:00,9.399999618530273,14.12485408782959
5904,2008-05-30 18:00:00+00:00,25.799999237060547,20.533245086669922
5904,2008-01-05 13:00:00+00:00,-4.59999942779541,4.170281887054443
5904,2008-01-14 00:00:00+00:00,2.3000001907348633,2.1867713928222656
5904,2008-06-29 00:00:00+00:00,19.299999237060547,18.678543090820312
5904,2008-06-03 12:00:00+00:00,24.700000762939453,23.970176696777344
5904,2008-04-11 22:00:00+00:00,15.399999618530273,10.027255058288574
5904,2008-02-07 01:00:00+00:00,7.599999904632568,2.6048474311828613
5904,2008-06-22 23:00:00+00:00,22.399999618530273,18.768037796020508
5904,2008-05-03 18:00:00+00:00,13.0,18.253520965576172
5904,2008-01-11 09:00:00+00:00,-0.39999961853027344,2.925535202026367
5904,2008-06-06 14:00:00+00:00,23.600000381469727,24.580707550048828
5904,2008-05-21 04:00:00+00:00,9.5,14.32284927368164
5904,2008-04-06 17:00:00+00:00,11.899999618530273,14.889092445373535
5904,2008-03-02 14:00:00+00:00,12.800000190734863,9.893784523010254
5904,2008-03-02 15:00:00+00:00,13.100000381469727,9.691041946411133
5904,2008-06-15 16:00:00+00:00,18.399999618530273,24.55126953125
5904,2008-04-06 15:00:00+00:00,12.800000190734863,16.301776885986328
5904,2008-01-08 15:00:00+00:00,5.500000476837158,4.10462760925293
5904,2008-06-20 12:00:00+00:00,27.700000762939453,25.118080139160156
5904,2008-05-11 14:00:00+00:00,20.600000381469727,21.404560089111328
5904,2008-05-14 21:00:00+00:00,15.699999809265137,15.894218444824219
5904,2008-02-19 21:00:00+00:00,4.0,3.91097354888916
5904,2008-06-22 22:00:00+00:00,23.5,19.66228485107422
5904,2008-06-13 00:00:00+00:00,14.300000190734863,17.716266632080078
5904,2008-06-20 14:00:00+00:00,28.0,25.44875717163086
5904,2008-05-11 18:00:00+00:00,17.200000762939453,19.084611892700195
5904,2008-05-07 06:00:00+00:00,11.699999809265137,14.494638442993164
5904,2008-05-23 02:00:00+00:00,11.699999809265137,14.098552703857422
5904,2008-06-06 03:00:00+00:00,15.899999618530273,17.055601119995117
5904,2008-06-26 14:00:00+00:00,26.100000381469727,25.659807205200195
5904,2008-01-06 13:00:00+00:00,0.39999961853027344,4.291334629058838
5904,2008-06-18 11:00:00+00:00,23.100000381469727,24.522499084472656
5904,2008-05-13 07:00:00+00:00,17.5,16.069602966308594
5904,2008-05-03 12:00:00+00:00,17.700000762939453,20.147724151611328
5904,2008-01-05 01:00:00+00:00,-5.499999046325684,1.968562126159668
5904,2008-04-26 09:00:00+00:00,13.899999618530273,15.640731811523438
5904,2008-03-09 18:00:00+00:00,9.800000190734863,8.410140991210938
5904,2008-02-14 19:00:00+00:00,1.8000001907348633,4.437464237213135
5904,2008-04-10 08:00:00+00:00,16.0,11.789945602416992
5904,2008-05-20 03:00:00+00:00,9.800000190734863,13.899541854858398
5904,2008-05-20 13:00:00+00:00,9.199999809265137,22.01692008972168
5904,2008-06-14 16:00:00+00:00,18.100000381469727,24.551883697509766
5904,2008-05-17 19:00:00+00:00,21.600000381469727,18.490154266357422
5904,2008-02-12 04:00:00+00:00,-3.09999942779541,2.985020160675049
5904,2008-03-24 10:00:00+00:00,4.0,9.262465476989746
5904,2008-03-19 00:00:00+00:00,2.40000057220459,5.195712566375732
5904,2008-04-05 01:00:00+00:00,6.300000190734863,7.838191986083984
5904,2008-02-14 07:00:00+00:00,0.0,3.5854430198669434
5904,2008-05-31 23:00:00+00:00,19.200000762939453,16.134784698486328
5904,2008-03-16 09:00:00+00:00,13.0,7.930593967437744
5904,2008-04-15 16:00:00+00:00,11.300000190734863,15.933221817016602
5904,2008-06-17 18:00:00+00:00,19.299999237060547,23.559173583984375
5904,2008-05-29 11:00:00+00:00,22.100000381469727,21.848587036132812
5904,2008-02-29 18:00:00+00:00,11.0,5.792838096618652
5904,2008-04-06 21:00:00+00:00,6.699999809265137,10.641706466674805
5904,2008-06-06 00:00:00+00:00,16.399999618530273,17.28097915649414
5904,2008-04-25 11:00:00+00:00,15.5,17.212282180786133
5904,2008-03-31 01:00:00+00:00,8.600000381469727,6.245818614959717
5904,2008-03-28 17:00:00+00:00,10.800000190734863,10.839701652526855
5904,2008-02-26 23:00:00+00:00,6.699999809265137,3.6362805366516113
5904,2008-01-05 03:00:00+00:00,-6.59999942779541,1.9188947677612305
5904,2008-05-05 08:00:00+00:00,10.199999809265137,16.590866088867188
5904,2008-02-19 14:00:00+00:00,9.199999809265137,6.058113098144531
5904,2008-04-26 22:00:00+00:00,11.199999809265137,12.366704940795898
5904,2008-06-08 10:00:00+00:00,19.799999237060547,23.326316833496094
5904,2008-01-27 16:00:00+00:00,6.0,4.500067710876465
5904,2008-01-18 18:00:00+00:00,7.699999809265137,3.489530563354492
5904,2008-01-19 22:00:00+00:00,12.300000190734863,2.6218485832214355
5904,2008-05-24 20:00:00+00:00,17.700000762939453,18.101573944091797
5904,2008-05-20 00:00:00+00:00,10.300000190734863,14.249083518981934
5904,2008-04-18 20:00:00+00:00,14.0,13.110353469848633
5904,2008-03-21 12:00:00+00:00,7.800000190734863,11.300008773803711
5904,2008-03-16 15:00:00+00:00,11.800000190734863,11.67565631866455
5904,2008-03-03 09:00:00+00:00,12.5,6.492597579956055
5904,2008-03-10 16:00:00+00:00,13.0,9.484642028808594
5904,2008-02-20 20:00:00+00:00,2.0,4.1788787841796875
5904,2008-06-26 05:00:00+00:00,20.799999237060547,19.182165145874023
5904,2008-06-02 11:00:00+00:00,25.100000381469727,23.58041000366211
5904,2008-05-16 12:00:00+00:00,23.5,21.104143142700195
5904,2008-03-06 11:00:00+00:00,4.5,7.984777927398682
5904,2008-04-21 20:00:00+00:00,11.600000381469727,12.924569129943848
5904,2008-02-16 11:00:00+00:00,-1.3999996185302734,5.778174877166748
5904,2008-01-27 21:00:00+00:00,6.0,3.247316360473633
5904,2008-01-17 03:00:00+00:00,2.0,1.637160301208496
5904,2008-06-06 19:00:00+00:00,18.299999237060547,21.665027618408203
5904,2008-02-05 21:00:00+00:00,3.8000001907348633,3.5278453826904297
5904,2008-05-19 04:00:00+00:00,13.5,13.857572555541992
5904,2008-04-08 17:00:00+00:00,8.899999618530273,13.943962097167969
5904,2008-05-09 03:00:00+00:00,10.600000381469727,12.876259803771973
5904,2008-03-06 08:00:00+00:00,2.5999999046325684,5.900611400604248
5904,2008-04-28 06:00:00+00:00,9.600000381469727,11.196525573730469
5904,2008-04-03 13:00:00+00:00,9.300000190734863,14.807575225830078
5904,2008-04-07 21:00:00+00:00,4.400000095367432,10.340002059936523
5904,2008-05-14 14:00:00+00:00,23.799999237060547,21.54273796081543
5904,2008-05-08 11:00:00+00:00,19.399999618530273,20.174884796142578
5904,2008-04-23 09:00:00+00:00,10.699999809265137,14.613153457641602
5904,2008-04-17 06:00:00+00:00,4.5,9.960317611694336
5904,2008-06-24 15:00:00+00:00,19.5,25.384990692138672
5904,2008-01-16 11:00:00+00:00,8.199999809265137,3.611055850982666
5904,2008-03-07 15:00:00+00:00,7.0,9.531343460083008
5904,2008-01-23 18:00:00+00:00,1.6999998092651367,3.5505666732788086
5904,2008-05-21 12:00:00+00:00,11.600000381469727,21.816808700561523
5904,2008-01-13 06:00:00+00:00,4.300000190734863,2.75540828704834
5904,2008-02-10 23:00:00+00:00,-0.8000001907348633,3.506814479827881
5904,2008-06-13 01:00:00+00:00,13.800000190734863,17.39612579345703
5904,2008-03-07 18:00:00+00:00,5.0,7.537764072418213
5904,2008-04-14 05:00:00+00:00,4.900000095367432,8.947670936584473
5904,2008-01-04 20:00:00+00:00,-4.5,2.716806411743164
5904,2008-02-01 10:00:00+00:00,2.09999942779541,4.390858173370361
5904,2008-06-27 01:00:00+00:00,18.700000762939453,18.156139373779297
5904,2008-05-22 14:00:00+00:00,15.399999618530273,22.010770797729492
5904,2008-02-07 07:00:00+00:00,5.0,3.3835840225219727
5904,2008-02-04 19:00:00+00:00,6.599999904632568,4.373326301574707
5904,2008-02-28 00:00:00+00:00,7.800000190734863,3.4629592895507812
5904,2008-01-04 12:00:00+00:00,-2.90000057220459,3.8101725578308105
5904,2008-01-08 10:00:00+00:00,8.0,3.611426830291748
5904,2008-04-28 23:00:00+00:00,13.300000190734863,10.68818473815918
5904,2008-06-14 17:00:00+00:00,17.799999237060547,23.91358757019043
5904,2008-02-28 04:00:00+00:00,7.400000095367432,3.4293503761291504
5904,2008-02-24 18:00:00+00:00,10.899999618530273,5.813880920410156
5904,2008-01-22 09:00:00+00:00,9.899999618530273,3.4882593154907227
5904,2008-05-30 20:00:00+00:00,23.399999618530273,18.513137817382812
5904,2008-05-28 17:00:00+00:00,24.799999237060547,21.505287170410156
5904,2008-02-05 19:00:00+00:00,3.9000000953674316,4.184820652008057
5904,2008-02-24 17:00:00+00:00,12.899999618530273,6.329344272613525
5904,2008-05-13 09:00:00+00:00,21.700000762939453,18.957870483398438
5904,2008-01-16 00:00:00+00:00,3.8000001907348633,1.830270767211914
5904,2008-03-20 19:00:00+00:00,0.8999996185302734,7.472929954528809
5904,2008-04-28 21:00:00+00:00,14.5,12.563187599182129
5904,2008-02-20 03:00:00+00:00,-0.3000001907348633,2.9593586921691895
5904,2008-04-13 10:00:00+00:00,15.399999618530273,14.815207481384277
5904,2008-06-17 14:00:00+00:00,20.299999237060547,25.144718170166016
5904,2008-05-24 14:00:00+00:00,21.600000381469727,22.385238647460938
5904,2008-01-14 17:00:00+00:00,3.8000001907348633,4.1505513191223145
5904,2008-01-18 12:00:00+00:00,10.0,3.9947452545166016
5904,2008-06-18 06:00:00+00:00,18.399999618530273,20.17091178894043
5904,2008-03-04 16:00:00+00:00,5.400000095367432,8.18714427947998
5904,2008-04-22 10:00:00+00:00,15.199999809265137,15.687399864196777
5904,2008-06-17 01:00:00+00:00,15.100000381469727,18.047718048095703
5904,2008-06-23 22:00:00+00:00,24.799999237060547,20.143293380737305
5904,2008-03-13 16:00:00+00:00,7.800000190734863,8.849995613098145
5904,2008-04-07 22:00:00+00:00,4.400000095367432,9.519972801208496
5904,2008-03-14 16:00:00+00:00,7.900000095367432,9.79852294921875
5904,2008-05-08 01:00:00+00:00,9.300000190734863,12.628366470336914
5904,2008-01-21 01:00:00+00:00,10.199999809265137,2.1580543518066406
5904,2008-02-08 17:00:00+00:00,4.5,5.0069122314453125
5904,2008-02-11 00:00:00+00:00,-0.5,3.1786012649536133
5904,2008-01-30 02:00:00+00:00,3.6999998092651367,1.8709135055541992
5904,2008-01-12 21:00:00+00:00,5.699999809265137,2.773837089538574
5904,2008-02-06 15:00:00+00:00,9.699999809265137,5.189370632171631
5904,2008-03-11 16:00:00+00:00,11.0,9.018070220947266
5904,2008-03-10 22:00:00+00:00,8.899999618530273,5.875352382659912
5904,2008-01-23 23:00:00+00:00,0.3000001907348633,2.137141227722168
5904,2008-04-16 17:00:00+00:00,8.300000190734863,14.792980194091797
5904,2008-05-27 16:00:00+00:00,26.39999771118164,22.213468551635742
5904,2008-04-21 23:00:00+00:00,11.5,10.042724609375
5904,2008-05-20 17:00:00+00:00,9.300000190734863,21.147491455078125
5904,2008-04-26 21:00:00+00:00,11.5,13.290108680725098
5904,2008-05-13 22:00:00+00:00,14.600000381469727,14.662692070007324
5904,2008-03-03 03:00:00+00:00,11.0,4.649270057678223
5904,2008-04-01 02:00:00+00:00,6.0,7.22703218460083
5904,2008-01-25 19:00:00+00:00,3.5,3.3536181449890137
5904,2008-02-07 15:00:00+00:00,5.900000095367432,5.306338310241699
5904,2008-06-06 05:00:00+00:00,15.5,18.2713623046875
5904,2008-04-15 03:00:00+00:00,8.399999618530273,8.407224655151367
5904,2008-01-31 23:00:00+00:00,2.09999942779541,2.318638801574707
5904,2008-05-19 17:00:00+00:00,12.199999809265137,20.883893966674805
5904,2008-02-21 03:00:00+00:00,1.1999998092651367,3.0232653617858887
5904,2008-03-12 11:00:00+00:00,10.600000381469727,8.008323669433594
5904,2008-05-07 00:00:00+00:00,12.100000381469727,12.916397094726562
5904,2008-04-03 18:00:00+00:00,6.599999904632568,12.591712951660156
5904,2008-01-19 04:00:00+00:00,6.800000190734863,2.136007308959961
5904,2008-04-12 05:00:00+00:00,9.199999809265137,8.81836223602295
5904,2008-05-16 16:00:00+00:00,22.899999618530273,20.838638305664062
5904,2008-05-19 09:00:00+00:00,13.199999809265137,19.544132232666016
5904,2008-01-25 21:00:00+00:00,3.4000000953674316,2.7128167152404785
5904,2008-04-01 16:00:00+00:00,15.5,13.946503639221191
5904,2008-04-25 05:00:00+00:00,11.5,10.438103675842285
5904,2008-01-18 17:00:00+00:00,7.800000190734863,3.755253791809082
5904,2008-06-17 19:00:00+00:00,19.200000762939453,22.7525634765625
5904,2008-02-19 08:00:00+00:00,6.0,4.17534065246582
5904,2008-01-15 11:00:00+00:00,3.5,3.8816514015197754
5904,2008-05-10 18:00:00+00:00,16.399999618530273,18.91008758544922
5904,2008-01-01 01:00:00+00:00,1.3000001907348633,1.7609481811523438
5904,2008-06-25 10:00:00+00:00,25.799999237060547,24.282962799072266
5904,2008-06-07 11:00:00+00:00,20.700000762939453,23.889846801757812
5904,2008-05-08 20:00:00+00:00,17.799999237060547,16.725727081298828
5904,2008-05-20 07:00:00+00:00,8.199999809265137,16.922218322753906
5904,2008-03-15 02:00:00+00:00,7.5,5.306727409362793
5904,2008-03-26 16:00:00+00:00,5.199999809265137,10.80060863494873
5904,2008-04-22 16:00:00+00:00,10.0,16.895294189453125
5904,2008-03-27 12:00:00+00:00,10.300000190734863,11.162233352661133
5904,2008-03-22 20:00:00+00:00,2.5999999046325684,8.028270721435547
5904,2008-06-16 00:00:00+00:00,11.899999618530273,18.122909545898438
5904,2008-01-05 06:00:00+00:00,-7.09999942779541,2.424220085144043
5904,2008-03-19 02:00:00+00:00,2.5999999046325684,4.923410892486572
5904,2008-05-22 08:00:00+00:00,13.699999809265137,18.88774871826172
5904,2008-04-22 23:00:00+00:00,8.699999809265137,9.982766151428223
5904,2008-04-04 10:00:00+00:00,10.199999809265137,14.229129791259766
5904,2008-06-23 14:00:00+00:00,31.39999771118164,25.563308715820312
5904,2008-03-08 10:00:00+00:00,7.099999904632568,8.683685302734375
5904,2008-03-25 19:00:00+00:00,0.0,8.217548370361328
5904,2008-05-06 08:00:00+00:00,14.899999618530273,16.62114143371582
5904,2008-06-20 06:00:00+00:00,23.600000381469727,19.999042510986328
5904,2008-06-14 08:00:00+00:00,16.299999237060547,21.948009490966797
5904,2008-06-03 19:00:00+00:00,19.399999618530273,21.89859390258789
5904,2008-05-02 17:00:00+00:00,17.5,18.78752899169922
5904,2008-06-22 14:00:00+00:00,31.799999237060547,25.596107482910156
5904,2008-01-16 10:00:00+00:00,6.900000095367432,3.3872809410095215
5904,2008-06-20 15:00:00+00:00,27.5,25.265750885009766
5904,2008-01-13 19:00:00+00:00,2.8000001907348633,3.6300668716430664
5904,2008-02-17 09:00:00+00:00,-2.90000057220459,5.0120415687561035
5904,2008-03-30 09:00:00+00:00,11.600000381469727,9.47750473022461
5904,2008-02-06 09:00:00+00:00,5.300000190734863,3.9778146743774414
5904,2008-01-28 10:00:00+00:00,6.699999809265137,4.149518966674805
5904,2008-05-05 13:00:00+00:00,14.800000190734863,20.73115348815918
5904,2008-05-22 07:00:00+00:00,12.100000381469727,17.56299591064453
5904,2008-06-15 03:00:00+00:00,13.0,17.571636199951172
5904,2008-01-16 05:00:00+00:00,5.099999904632568,1.9699773788452148
5904,2008-02-21 05:00:00+00:00,1.1999998092651367,3.3363852500915527
5904,2008-03-02 07:00:00+00:00,7.400000095367432,5.815755844116211
5904,2008-06-16 13:00:00+00:00,21.0,25.166105270385742
5904,2008-01-05 04:00:00+00:00,-6.999999046325684,2.0213680267333984
5904,2008-01-02 05:00:00+00:00,-1.3000001907348633,1.9170951843261719
5904,2008-03-28 06:00:00+00:00,6.300000190734863,6.7385358810424805
5904,2008-03-25 16:00:00+00:00,0.6000003814697266,11.00159740447998
5904,2008-01-27 13:00:00+00:00,6.099999904632568,4.624558925628662
5904,2008-05-12 17:00:00+00:00,20.799999237060547,20.282451629638672
5904,2008-02-15 08:00:00+00:00,0.8999996185302734,4.10488224029541
5904,2008-02-24 12:00:00+00:00,15.399999618530273,6.712175369262695
5904,2008-06-03 23:00:00+00:00,16.799999237060547,17.570987701416016
5904,2008-04-01 17:00:00+00:00,14.399999618530273,13.141374588012695
5904,2008-01-03 15:00:00+00:00,-1.6000003814697266,3.832888126373291
5904,2008-03-07 07:00:00+00:00,1.3000001907348633,5.842085838317871
5904,2008-01-21 03:00:00+00:00,10.300000190734863,2.1675615310668945
5904,2008-02-16 16:00:00+00:00,-2.09999942779541,6.0233635902404785
5904,2008-04-05 07:00:00+00:00,7.0,10.468888282775879
5904,2008-05-25 01:00:00+00:00,13.899999618530273,14.105951309204102
5904,2008-05-31 09:00:00+00:00,26.799999237060547,20.45370101928711
5904,2008-06-15 18:00:00+00:00,17.200000762939453,23.201852798461914
5904,2008-06-02 21:00:00+00:00,20.700000762939453,19.382923126220703
5904,2008-01-31 15:00:00+00:00,3.6999998092651367,4.408438205718994
5904,2008-05-01 22:00:00+00:00,12.800000190734863,13.820903778076172
5904,2008-01-04 11:00:00+00:00,-2.6999998092651367,3.4919209480285645
5904,2008-04-06 18:00:00+00:00,9.699999809265137,13.924909591674805
5904,2008-05-06 13:00:00+00:00,16.299999237060547,20.850732803344727
5904,2008-04-15 13:00:00+00:00,10.800000190734863,17.06918716430664
5904,2008-03-14 07:00:00+00:00,7.199999809265137,6.3560357093811035
5904,2008-05-16 20:00:00+00:00,18.700000762939453,17.312366485595703
5904,2008-02-04 16:00:00+00:00,8.5,5.350306034088135
5904,2008-03-09 10:00:00+00:00,9.800000190734863,8.28773307800293
5904,2008-05-30 07:00:00+00:00,21.100000381469727,18.27496337890625
5904,2008-03-17 06:00:00+00:00,8.800000190734863,6.016897678375244
5904,2008-03-31 04:00:00+00:00,7.400000095367432,6.297738552093506
5904,2008-06-14 10:00:00+00:00,17.299999237060547,23.6547908782959
5904,2008-04-20 17:00:00+00:00,15.800000190734863,16.346111297607422
5904,2008-02-19 07:00:00+00:00,5.699999809265137,3.8759098052978516
5904,2008-01-23 22:00:00+00:00,-0.3000001907348633,2.4132308959960938
5904,2008-01-22 10:00:00+00:00,10.100000381469727,3.776883602142334
5904,2008-01-04 14:00:00+00:00,-3.6999998092651367,4.038917064666748
5904,2008-05-23 23:00:00+00:00,11.300000190734863,15.497185707092285
5904,2008-04-29 04:00:00+00:00,10.0,10.099014282226562
5904,2008-04-05 17:00:00+00:00,11.0,14.958793640136719
5904,2008-03-05 16:00:00+00:00,3.4000000953674316,8.101179122924805
5904,2008-01-18 22:00:00+00:00,7.400000095367432,2.352579116821289
5904,2008-04-02 08:00:00+00:00,12.199999809265137,10.030622482299805
5904,2008-03-29 16:00:00+00:00,13.199999809265137,12.789522171020508
5904,2008-02-29 02:00:00+00:00,2.09999942779541,3.503528594970703
5904,2008-03-17 03:00:00+00:00,9.100000381469727,5.36264181137085
5904,2008-04-19 03:00:00+00:00,11.100000381469727,8.609333038330078
5904,2008-04-29 02:00:00+00:00,11.399999618530273,9.805337905883789
5904,2008-03-14 04:00:00+00:00,5.800000190734863,5.145504474639893
5904,2008-05-08 15:00:00+00:00,21.200000762939453,20.5476131439209
5904,2008-04-21 11:00:00+00:00,17.700000762939453,16.653404235839844
5904,2008-05-23 06:00:00+00:00,13.0,16.45453643798828
5904,2008-06-09 05:00:00+00:00,15.5,18.50022315979004
5904,2008-06-03 02:00:00+00:00,18.0,16.6878719329834
5904,2008-01-31 13:00:00+00:00,5.199999809265137,4.409565448760986
5904,2008-05-05 19:00:00+00:00,11.699999809265137,17.45581817626953
5904,2008-01-23 12:00:00+00:00,5.0,3.9774694442749023
5904,2008-06-23 11:00:00+00:00,29.099998474121094,24.822742462158203
5904,2008-01-08 16:00:00+00:00,3.5,4.001190662384033
5904,2008-05-09 14:00:00+00:00,21.0,20.860300064086914
5904,2008-03-21 15:00:00+00:00,8.100000381469727,11.392983436584473
5904,2008-01-15 12:00:00+00:00,3.5,4.059113025665283
5904,2008-04-27 06:00:00+00:00,10.199999809265137,11.309693336486816
5904,2008-04-15 05:00:00+00:00,7.599999904632568,9.036255836486816
5904,2008-04-02 18:00:00+00:00,7.099999904632568,12.193015098571777
5904,2008-02-19 19:00:00+00:00,3.9000000953674316,4.593555927276611
5904,2008-03-28 07:00:00+00:00,7.5,7.44655179977417
5904,2008-06-06 10:00:00+00:00,19.299999237060547,23.077640533447266
5904,2008-05-27 18:00:00+00:00,24.399999618530273,20.98202133178711
5904,2008-02-25 01:00:00+00:00,5.099999904632568,3.5248818397521973
5904,2008-02-24 16:00:00+00:00,14.899999618530273,6.6914167404174805
5904,2008-05-07 09:00:00+00:00,15.699999809265137,18.426023483276367
5904,2008-02-11 16:00:00+00:00,3.5,5.661406993865967
5904,2008-03-14 20:00:00+00:00,8.899999618530273,6.934049606323242
5904,2008-05-19 16:00:00+00:00,12.399999618530273,21.47075653076172
5904,2008-02-18 07:00:00+00:00,3.0,4.1617584228515625
5904,2008-04-01 07:00:00+00:00,12.699999809265137,9.055427551269531
5904,2008-06-23 19:00:00+00:00,27.599998474121094,22.984939575195312
5904,2008-02-15 14:00:00+00:00,1.5,6.148841857910156
5904,2008-02-21 02:00:00+00:00,1.1000003814697266,2.999162197113037
5904,2008-03-27 23:00:00+00:00,7.300000190734863,5.864223003387451
5904,2008-02-04 20:00:00+00:00,5.0,4.0411458015441895
5904,2008-02-01 15:00:00+00:00,5.300000190734863,5.188016891479492
5904,2008-06-23 23:00:00+00:00,23.399999618530273,19.36067008972168
5904,2008-04-01 01:00:00+00:00,6.699999809265137,7.3540358543396
5904,2008-01-23 10:00:00+00:00,4.099999904632568,3.510429859161377
5904,2008-05-02 02:00:00+00:00,11.300000190734863,12.115257263183594
5904,2008-04-03 09:00:00+00:00,9.0,12.257407188415527
5904,2008-05-27 06:00:00+00:00,18.399999618530273,16.4710636138916
5904,2008-02-20 04:00:00+00:00,-0.19999980926513672,3.0714564323425293
5904,2008-03-07 03:00:00+00:00,-1.3000001907348633,4.6973090171813965
5904,2008-02-13 11:00:00+00:00,-1.3000001907348633,4.8571391105651855
5904,2008-02-01 20:00:00+00:00,2.3000001907348633,3.820899486541748
5904,2008-04-04 18:00:00+00:00,9.699999809265137,13.406641006469727
5904,2008-04-12 13:00:00+00:00,13.899999618530273,16.955623626708984
5904,2008-03-30 06:00:00+00:00,3.9000000953674316,6.936225414276123
5904,2008-02-05 04:00:00+00:00,5.0,2.7974720001220703
5904,2008-04-02 15:00:00+00:00,9.199999809265137,14.324344635009766
5904,2008-03-01 13:00:00+00:00,8.0,9.735065460205078
5904,2008-06-04 22:00:00+00:00,17.0,18.312299728393555
5904,2008-02-09 08:00:00+00:00,2.3000001907348633,4.1888556480407715
5904,2008-06-20 23:00:00+00:00,18.899999618530273,18.628238677978516
5904,2008-05-09 09:00:00+00:00,18.5,18.7125244140625
5904,2008-06-27 00:00:00+00:00,19.100000381469727,18.468433380126953
5904,2008-05-12 22:00:00+00:00,13.5,14.522564888000488
5904,2008-05-11 06:00:00+00:00,13.800000190734863,15.017385482788086
5904,2008-02-23 01:00:00+00:00,11.399999618530273,3.5093584060668945
5904,2008-06-18 10:00:00+00:00,22.100000381469727,23.948808670043945
5904,2008-02-26 09:00:00+00:00,10.600000381469727,4.720605373382568
5904,2008-06-25 00:00:00+00:00,17.200000762939453,18.74199676513672
5904,2008-02-26 13:00:00+00:00,16.5,6.425764083862305
5904,2008-05-01 06:00:00+00:00,12.5,14.135294914245605
5904,2008-04-07 04:00:00+00:00,3.4000000953674316,8.156763076782227
5904,2008-04-06 07:00:00+00:00,7.099999904632568,10.02469253540039
5904,2008-04-23 02:00:00+00:00,8.800000190734863,8.945627212524414
5904,2008-03-06 15:00:00+00:00,5.800000190734863,8.611930847167969
5904,2008-03-15 03:00:00+00:00,7.199999809265137,5.364426136016846
5904,2008-03-20 12:00:00+00:00,5.099999904632568,10.183536529541016
5904,2008-03-14 08:00:00+00:00,8.100000381469727,7.103330612182617
5904,2008-05-22 10:00:00+00:00,14.300000190734863,20.705326080322266
5904,2008-05-12 11:00:00+00:00,21.399999618530273,20.546960830688477
5904,2008-06-21 12:00:00+00:00,28.39999771118164,25.258760452270508
5904,2008-03-08 03:00:00+00:00,5.300000190734863,4.970091342926025
5904,2008-05-08 22:00:00+00:00,16.100000381469727,14.611315727233887
5904,2008-03-29 14:00:00+00:00,12.800000190734863,13.447371482849121
5904,2008-01-05 20:00:00+00:00,-3.90000057220459,2.94553804397583
5904,2008-02-03 20:00:00+00:00,3.6999998092651367,4.100958824157715
5904,2008-06-16 11:00:00+00:00,20.600000381469727,24.453323364257812
5904,2008-03-16 10:00:00+00:00,11.699999809265137,9.128968238830566
5904,2008-06-18 14:00:00+00:00,24.299999237060547,25.14919662475586
5904,2008-06-05 01:00:00+00:00,16.899999618530273,16.533016204833984
5904,2008-01-31 10:00:00+00:00,4.900000095367432,3.5522561073303223
5904,2008-01-15 19:00:00+00:00,3.6999998092651367,3.3535447120666504
5904,2008-04-17 19:00:00+00:00,7.800000190734863,13.236185073852539
5904,2008-05-21 01:00:00+00:00,9.300000190734863,13.877522468566895
5904,2008-05-01 00:00:00+00:00,12.899999618530273,12.467966079711914
5904,2008-04-17 11:00:00+00:00,8.5,15.760236740112305
5904,2008-05-16 05:00:00+00:00,16.299999237060547,14.839208602905273
5904,2008-05-29 08:00:00+00:00,19.299999237060547,19.479963302612305
5904,2008-05-06 19:00:00+00:00,14.300000190734863,17.42365264892578
5904,2008-05-20 05:00:00+00:00,9.600000381469727,14.803386688232422
5904,2008-03-18 13:00:00+00:00,8.0,10.362390518188477
5904,2008-05-01 02:00:00+00:00,12.600000381469727,11.705317497253418
5904,2008-03-25 08:00:00+00:00,4.5,6.986482620239258
5904,2008-02-28 11:00:00+00:00,11.699999809265137,6.1292877197265625
5904,2008-03-21 21:00:00+00:00,4.300000190734863,6.808349132537842
5904,2008-02-23 14:00:00+00:00,13.899999618530273,6.958646774291992
5904,2008-03-31 02:00:00+00:00,8.100000381469727,6.122480392456055
5904,2008-05-02 15:00:00+00:00,19.299999237060547,20.014278411865234
5904,2008-04-25 23:00:00+00:00,8.899999618530273,10.831603050231934
5904,2008-04-02 02:00:00+00:00,11.199999809265137,7.10059928894043
5904,2008-03-22 17:00:00+00:00,6.0,11.091632843017578
5904,2008-01-22 00:00:00+00:00,9.5,2.0424652099609375
5904,2008-04-18 00:00:00+00:00,7.0,9.143688201904297
5904,2008-05-25 17:00:00+00:00,20.700000762939453,21.265419006347656
5904,2008-06-12 07:00:00+00:00,16.200000762939453,20.786890029907227
5904,2008-05-21 07:00:00+00:00,10.0,17.402244567871094
5904,2008-06-25 14:00:00+00:00,29.39999771118164,25.503419876098633
5904,2008-02-05 17:00:00+00:00,5.599999904632568,4.806033611297607
5904,2008-03-06 17:00:00+00:00,3.6999998092651367,7.60263729095459
5904,2008-01-30 01:00:00+00:00,3.3000001907348633,1.9219741821289062
5904,2008-06-12 04:00:00+00:00,15.0,17.740968704223633
5904,2008-04-27 10:00:00+00:00,16.600000381469727,16.44738006591797
5904,2008-05-09 07:00:00+00:00,17.200000762939453,16.368940353393555
5904,2008-01-04 19:00:00+00:00,-4.199999809265137,3.013096332550049
5904,2008-06-27 12:00:00+00:00,23.799999237060547,25.477294921875
5904,2008-06-08 04:00:00+00:00,14.300000190734863,17.480674743652344
5904,2008-02-02 18:00:00+00:00,5.199999809265137,4.638988494873047
5904,2008-01-03 12:00:00+00:00,-1.0,3.5587191581726074
5904,2008-03-01 05:00:00+00:00,12.600000381469727,4.994345664978027
5904,2008-04-08 12:00:00+00:00,11.199999809265137,15.856367111206055
5904,2008-05-23 19:00:00+00:00,14.5,18.95077133178711
5904,2008-05-26 08:00:00+00:00,18.299999237060547,19.035764694213867
5904,2008-02-28 05:00:00+00:00,6.699999809265137,3.599724292755127
5904,2008-03-16 07:00:00+00:00,6.800000190734863,6.581089973449707
5904,2008-04-04 15:00:00+00:00,11.600000381469727,15.48572063446045
5904,2008-04-19 08:00:00+00:00,14.800000190734863,13.582082748413086
5904,2008-06-21 15:00:00+00:00,30.299999237060547,25.38893699645996
5904,2008-05-26 13:00:00+00:00,22.600000381469727,22.570289611816406
5904,2008-01-18 00:00:00+00:00,3.8000001907348633,1.9585437774658203
5904,2008-03-05 12:00:00+00:00,4.5,7.938753604888916
5904,2008-05-13 05:00:00+00:00,11.0,14.052461624145508
5904,2008-05-15 13:00:00+00:00,25.100000381469727,21.46634864807129
5904,2008-02-08 02:00:00+00:00,4.300000190734863,2.7669496536254883
5904,2008-04-04 14:00:00+00:00,11.100000381469727,15.789997100830078
5904,2008-01-16 03:00:00+00:00,3.5,1.6511611938476562
5904,2008-05-25 21:00:00+00:00,15.199999809265137,17.110734939575195
5904,2008-01-01 22:00:00+00:00,-0.3000001907348633,2.3508834838867188
5904,2008-01-27 10:00:00+00:00,4.900000095367432,4.108219146728516
5904,2008-06-22 12:00:00+00:00,29.599998474121094,25.26603126525879
5904,2008-05-15 09:00:00+00:00,20.399999618530273,19.350475311279297
5904,2008-01-19 14:00:00+00:00,12.0,4.363757133483887
5904,2008-04-10 20:00:00+00:00,15.800000190734863,11.092201232910156
5904,2008-04-04 12:00:00+00:00,10.100000381469727,15.62282943725586
5904,2008-04-30 10:00:00+00:00,16.799999237060547,16.662874221801758
5904,2008-01-08 04:00:00+00:00,2.09999942779541,1.9222545623779297
5904,2008-03-19 09:00:00+00:00,4.900000095367432,7.16151237487793
5904,2008-01-11 06:00:00+00:00,-0.6999998092651367,2.1109962463378906
5904,2008-03-03 17:00:00+00:00,13.800000190734863,8.094999313354492
5904,2008-05-22 12:00:00+00:00,15.5,21.760616302490234
5904,2008-01-06 12:00:00+00:00,0.10000038146972656,4.187253475189209
5904,2008-06-14 03:00:00+00:00,10.899999618530273,17.768104553222656
5904,2008-04-01 22:00:00+00:00,11.5,8.573945999145508
5904,2008-02-05 12:00:00+00:00,8.899999618530273,5.0460638999938965
5904,2008-06-05 20:00:00+00:00,18.299999237060547,20.68926239013672
5904,2008-05-15 11:00:00+00:00,22.899999618530273,20.749881744384766
5904,2008-01-08 18:00:00+00:00,1.0,3.5895934104919434
5904,2008-02-09 00:00:00+00:00,-0.39999961853027344,3.172366142272949
5904,2008-03-15 21:00:00+00:00,8.300000190734863,6.648492813110352
5904,2008-03-26 10:00:00+00:00,4.099999904632568,8.852704048156738
5904,2008-01-25 09:00:00+00:00,5.300000190734863,3.138090133666992
5904,2008-02-14 15:00:00+00:00,2.3000001907348633,5.715151786804199
5904,2008-06-11 22:00:00+00:00,16.5,18.8751163482666
5904,2008-03-30 03:00:00+00:00,3.1999998092651367,6.360574245452881
5904,2008-01-12 00:00:00+00:00,1.3999996185302734,2.1281137466430664
5904,2008-05-01 19:00:00+00:00,12.600000381469727,17.11727523803711
5904,2008-05-11 09:00:00+00:00,18.799999237060547,18.780012130737305
5904,2008-02-23 18:00:00+00:00,10.5,5.696361541748047
5904,2008-05-21 16:00:00+00:00,13.100000381469727,21.518096923828125
5904,2008-01-04 17:00:00+00:00,-4.199999809265137,3.556858539581299
5904,2008-02-09 14:00:00+00:00,6.400000095367432,5.958115577697754
5904,2008-03-23 11:00:00+00:00,6.199999809265137,11.251407623291016
5904,2008-02-05 20:00:00+00:00,3.5999999046325684,3.841249942779541
5904,2008-06-10 12:00:00+00:00,26.200000762939453,24.436080932617188
5904,2008-06-28 16:00:00+00:00,24.200000762939453,25.301353454589844
5904,2008-02-10 05:00:00+00:00,-1.6000003814697266,3.493734836578369
5904,2008-02-02 09:00:00+00:00,6.099999904632568,4.295990943908691
5904,2008-01-26 11:00:00+00:00,5.800000190734863,4.056602954864502
5904,2008-04-17 08:00:00+00:00,5.599999904632568,12.73926067352295
5904,2008-06-02 16:00:00+00:00,26.200000762939453,23.71444320678711
5904,2008-04-28 10:00:00+00:00,19.200000762939453,16.379131317138672
5904,2008-04-08 06:00:00+00:00,4.699999809265137,8.898626327514648
5904,2008-03-28 23:00:00+00:00,8.800000190734863,6.255594730377197
5904,2008-03-22 12:00:00+00:00,9.0,12.28957748413086
5904,2008-01-23 17:00:00+00:00,2.3000001907348633,3.8304262161254883
5904,2008-05-11 01:00:00+00:00,10.100000381469727,12.869996070861816
5904,2008-03-18 02:00:00+00:00,4.599999904632568,5.016110420227051
5904,2008-02-18 21:00:00+00:00,6.599999904632568,4.154246807098389
5904,2008-01-30 00:00:00+00:00,2.9000000953674316,2.059051513671875
5904,2008-06-17 15:00:00+00:00,20.5,25.008535385131836
5904,2008-03-19 16:00:00+00:00,4.900000095367432,9.745600700378418
5904,2008-03-06 01:00:00+00:00,-0.3000001907348633,4.470622539520264
5904,2008-06-07 16:00:00+00:00,19.399999618530273,24.10100555419922
5904,2008-03-16 00:00:00+00:00,7.5,5.712805271148682
5904,2008-06-05 05:00:00+00:00,16.200000762939453,18.09612274169922
5904,2008-02-06 17:00:00+00:00,7.699999809265137,4.764978408813477
5904,2008-05-20 09:00:00+00:00,8.100000381469727,19.664382934570312
5904,2008-01-22 01:00:00+00:00,9.399999618530273,1.9157838821411133
5904,2008-01-07 08:00:00+00:00,-0.39999961853027344,3.312957763671875
5904,2008-04-26 16:00:00+00:00,15.5,17.523540496826172
5904,2008-01-20 17:00:00+00:00,12.100000381469727,4.169519901275635
5904,2008-04-30 09:00:00+00:00,16.200000762939453,15.581777572631836
5904,2008-04-01 10:00:00+00:00,15.0,13.032111167907715
5904,2008-02-25 23:00:00+00:00,6.699999809265137,3.8623557090759277
5904,2008-02-11 12:00:00+00:00,5.099999904632568,5.603539943695068
5904,2008-01-10 07:00:00+00:00,0.19999980926513672,2.285128593444824
5904,2008-05-31 19:00:00+00:00,24.200000762939453,19.666635513305664
5904,2008-01-25 13:00:00+00:00,6.900000095367432,4.3756608963012695
5904,2008-05-06 14:00:00+00:00,16.299999237060547,20.96322250366211
5904,2008-01-16 18:00:00+00:00,2.40000057220459,3.4391207695007324
5904,2008-04-29 22:00:00+00:00,10.600000381469727,11.63751220703125
5904,2008-04-16 20:00:00+00:00,5.800000190734863,11.720993041992188
5904,2008-01-30 08:00:00+00:00,3.8000001907348633,3.1116323471069336
5904,2008-02-06 20:00:00+00:00,9.199999809265137,3.768329620361328
5904,2008-04-02 13:00:00+00:00,10.600000381469727,14.783878326416016
5904,2008-04-03 05:00:00+00:00,6.099999904632568,7.766979217529297
5904,2008-04-09 06:00:00+00:00,5.400000095367432,8.854926109313965
5904,2008-01-16 15:00:00+00:00,4.5,4.001899242401123
5904,2008-03-20 17:00:00+00:00,1.1000003814697266,8.956347465515137
5904,2008-02-05 01:00:00+00:00,5.599999904632568,2.6792712211608887
5904,2008-03-03 02:00:00+00:00,11.199999809265137,4.630159854888916
5904,2008-06-07 19:00:00+00:00,18.700000762939453,21.659595489501953
5904,2008-01-28 03:00:00+00:00,5.300000190734863,2.290194511413574
5904,2008-06-02 18:00:00+00:00,24.399999618530273,22.514522552490234
5904,2008-05-03 02:00:00+00:00,10.899999618530273,12.098602294921875
5904,2008-02-20 23:00:00+00:00,0.0,3.338156223297119
5904,2008-04-04 00:00:00+00:00,6.800000190734863,7.796093463897705
5904,2008-05-30 13:00:00+00:00,28.0,22.53411865234375
5904,2008-01-16 16:00:00+00:00,3.4000000953674316,3.8804244995117188
5904,2008-03-25 14:00:00+00:00,1.8999996185302734,11.87911605834961
5904,2008-02-25 19:00:00+00:00,10.199999809265137,5.1608147621154785
5904,2008-06-28 10:00:00+00:00,23.899999618530273,24.415943145751953
5904,2008-01-20 04:00:00+00:00,11.800000190734863,2.386445999145508
5904,2008-03-31 18:00:00+00:00,13.5,10.488296508789062
5904,2008-06-25 19:00:00+00:00,26.799999237060547,23.164466857910156
5904,2008-01-02 07:00:00+00:00,-1.3999996185302734,2.4719467163085938
5904,2008-06-13 13:00:00+00:00,14.199999809265137,24.98600959777832
5904,2008-05-19 01:00:00+00:00,13.899999618530273,13.498291969299316
5904,2008-01-13 16:00:00+00:00,3.1999998092651367,4.244073390960693
5904,2008-03-01 23:00:00+00:00,8.699999809265137,5.0244598388671875
5904,2008-01-04 04:00:00+00:00,-3.3000001907348633,1.7338218688964844
5904,2008-06-09 03:00:00+00:00,14.5,17.152175903320312
5904,2008-06-11 13:00:00+00:00,24.200000762939453,24.693437576293945
5904,2008-03-05 22:00:00+00:00,0.10000038146972656,4.944501876831055
5904,2008-04-29 07:00:00+00:00,13.600000381469727,12.571290969848633
5904,2008-06-11 09:00:00+00:00,22.899999618530273,22.83368682861328
5904,2008-01-29 13:00:00+00:00,8.100000381469727,4.502181053161621
5904,2008-01-04 16:00:00+00:00,-4.09999942779541,3.798827648162842
5904,2008-05-29 14:00:00+00:00,24.600000381469727,22.500446319580078
5904,2008-05-13 06:00:00+00:00,14.100000381469727,14.849664688110352
5904,2008-06-09 21:00:00+00:00,17.899999618530273,19.997697830200195
5904,2008-06-14 20:00:00+00:00,15.800000190734863,21.11770248413086
5904,2008-06-03 17:00:00+00:00,20.799999237060547,23.349395751953125
5904,2008-04-01 08:00:00+00:00,12.899999618530273,10.160675048828125
5904,2008-04-07 13:00:00+00:00,7.099999904632568,16.406463623046875
5904,2008-06-23 02:00:00+00:00,20.399999618530273,18.287281036376953
5904,2008-02-15 09:00:00+00:00,0.5,4.524652481079102
5904,2008-04-09 12:00:00+00:00,16.0,15.448497772216797
5904,2008-01-22 22:00:00+00:00,2.9000000953674316,2.50173282623291
5904,2008-01-13 01:00:00+00:00,4.599999904632568,2.1762866973876953
5904,2008-01-06 15:00:00+00:00,0.6000003814697266,4.309182167053223
5904,2008-02-20 01:00:00+00:00,0.6999998092651367,3.0051698684692383
5904,2008-03-12 08:00:00+00:00,7.599999904632568,5.97904634475708
5904,2008-02-23 08:00:00+00:00,11.899999618530273,4.705112934112549
5904,2008-06-13 04:00:00+00:00,12.600000381469727,17.99350929260254
5904,2008-03-16 06:00:00+00:00,5.400000095367432,6.195005893707275
5904,2008-06-17 12:00:00+00:00,20.399999618530273,24.857627868652344
5904,2008-03-28 08:00:00+00:00,8.5,8.54359245300293
5904,2008-03-28 00:00:00+00:00,7.199999809265137,5.954352378845215
5904,2008-03-11 17:00:00+00:00,10.300000190734863,8.322643280029297
5904,2008-05-30 23:00:00+00:00,21.0,15.994281768798828
5904,2008-05-09 18:00:00+00:00,17.5,18.600940704345703
5904,2008-06-27 20:00:00+00:00,21.700000762939453,21.971817016601562
5904,2008-05-23 15:00:00+00:00,17.899999618530273,21.889793395996094
5904,2008-06-09 11:00:00+00:00,23.200000762939453,24.033950805664062
5904,2008-06-05 00:00:00+00:00,16.700000762939453,16.915302276611328
5904,2008-03-31 03:00:00+00:00,7.699999809265137,6.150393962860107
5904,2008-04-23 18:00:00+00:00,11.100000381469727,14.691349029541016
5904,2008-06-16 07:00:00+00:00,17.700000762939453,21.330533981323242
5904,2008-06-18 21:00:00+00:00,18.700000762939453,20.504688262939453
5904,2008-03-13 05:00:00+00:00,6.099999904632568,5.073577880859375
5904,2008-06-28 03:00:00+00:00,17.200000762939453,18.461380004882812
5904,2008-01-02 09:00:00+00:00,-1.3999996185302734,3.0045199394226074
5904,2008-06-05 13:00:00+00:00,17.100000381469727,24.410888671875
5904,2008-01-14 03:00:00+00:00,1.8000001907348633,2.0863609313964844
5904,2008-02-13 03:00:00+00:00,-2.40000057220459,2.718400001525879
5904,2008-02-06 08:00:00+00:00,4.699999809265137,3.665771961212158
5904,2008-01-04 05:00:00+00:00,-3.1999998092651367,1.8708267211914062
5904,2008-02-03 08:00:00+00:00,2.5,4.228988170623779
5904,2008-01-26 20:00:00+00:00,8.300000190734863,3.257340431213379
5904,2008-03-13 06:00:00+00:00,6.300000190734863,5.354979515075684
5904,2008-03-31 23:00:00+00:00,8.5,6.846499919891357
5904,2008-03-30 04:00:00+00:00,2.09999942779541,6.484011650085449
5904,2008-05-29 03:00:00+00:00,18.100000381469727,14.560535430908203
5904,2008-06-02 07:00:00+00:00,21.200000762939453,20.177005767822266
5904,2008-03-27 03:00:00+00:00,2.40000057220459,5.5312347412109375
5904,2008-03-01 08:00:00+00:00,11.300000190734863,6.313008785247803
5904,2008-04-19 07:00:00+00:00,14.800000190734863,12.274524688720703
5904,2008-02-26 15:00:00+00:00,15.699999809265137,6.4944329261779785
5904,2008-05-09 20:00:00+00:00,14.0,16.717418670654297
5904,2008-04-08 19:00:00+00:00,7.800000190734863,12.096951484680176
5904,2008-06-17 05:00:00+00:00,15.300000190734863,19.37552261352539
5904,2008-06-24 01:00:00+00:00,21.100000381469727,18.607391357421875
5904,2008-02-11 09:00:00+00:00,1.8000001907348633,4.575967788696289
5904,2008-04-26 15:00:00+00:00,17.200000762939453,17.984254837036133
5904,2008-01-23 14:00:00+00:00,4.5,4.201383590698242
5904,2008-04-01 23:00:00+00:00,11.5,8.086404800415039
5904,2008-03-20 01:00:00+00:00,0.8999996185302734,5.115954875946045
5904,2008-05-13 20:00:00+00:00,16.299999237060547,16.820154190063477
5904,2008-01-14 16:00:00+00:00,3.9000000953674316,4.356705665588379
5904,2008-03-23 09:00:00+00:00,5.099999904632568,8.655777931213379
5904,2008-01-04 13:00:00+00:00,-3.3000001907348633,3.998940944671631
5904,2008-06-11 01:00:00+00:00,16.200000762939453,17.458377838134766
5904,2008-03-09 15:00:00+00:00,12.300000190734863,10.646974563598633
5904,2008-04-20 16:00:00+00:00,17.0,17.108652114868164
5904,2008-02-25 20:00:00+00:00,9.399999618530273,4.75275182723999
5904,2008-06-26 19:00:00+00:00,19.799999237060547,23.042884826660156
5904,2008-06-03 03:00:00+00:00,17.0,16.85576057434082
5904,2008-01-02 02:00:00+00:00,-0.9000005722045898,1.5821619033813477
5904,2008-06-18 05:00:00+00:00,15.199999809265137,19.193958282470703
5904,2008-01-14 11:00:00+00:00,3.0999999046325684,4.160046100616455
5904,2008-04-03 15:00:00+00:00,7.400000095367432,14.546913146972656
5904,2008-06-14 02:00:00+00:00,10.699999809265137,17.499662399291992
5904,2008-04-05 02:00:00+00:00,6.199999809265137,7.656102180480957
5904,2008-06-26 21:00:00+00:00,19.5,21.026947021484375
5904,2008-05-18 01:00:00+00:00,15.100000381469727,13.477946281433105
5904,2008-06-22 05:00:00+00:00,19.299999237060547,19.346248626708984
5904,2008-02-28 19:00:00+00:00,7.199999809265137,5.075131893157959
5904,2008-01-24 06:00:00+00:00,1.6999998092651367,2.272665023803711
5904,2008-06-27 18:00:00+00:00,23.0,23.860435485839844
5904,2008-03-19 15:00:00+00:00,4.900000095367432,10.318129539489746
5904,2008-01-24 14:00:00+00:00,6.900000095367432,4.232950687408447
5904,2008-01-28 16:00:00+00:00,6.599999904632568,4.5717034339904785
5904,2008-02-23 12:00:00+00:00,14.899999618530273,6.691008567810059
5904,2008-05-11 16:00:00+00:00,19.899999618530273,20.72188949584961
5904,2008-04-25 09:00:00+00:00,13.5,15.454031944274902
5904,2008-02-19 11:00:00+00:00,7.800000190734863,5.267360687255859
5904,2008-03-18 22:00:00+00:00,2.1999998092651367,5.934141159057617
5904,2008-04-03 08:00:00+00:00,8.600000381469727,10.801968574523926
5904,2008-02-26 04:00:00+00:00,3.4000000953674316,3.463815689086914
5904,2008-04-10 07:00:00+00:00,13.399999618530273,10.311071395874023
5904,2008-04-25 17:00:00+00:00,9.600000381469727,16.447376251220703
5904,2008-04-10 18:00:00+00:00,18.299999237060547,13.34882926940918
5904,2008-01-28 19:00:00+00:00,5.800000190734863,3.79276704788208
5904,2008-02-11 01:00:00+00:00,-0.9000005722045898,3.0477294921875
5904,2008-06-16 22:00:00+00:00,14.899999618530273,19.628049850463867
5904,2008-04-10 15:00:00+00:00,21.0,15.449594497680664
5904,2008-01-15 09:00:00+00:00,3.5,3.405559539794922
5904,2008-04-06 09:00:00+00:00,11.399999618530273,12.973562240600586
5904,2008-05-17 20:00:00+00:00,20.200000762939453,17.53325080871582
5904,2008-02-10 03:00:00+00:00,-1.3000001907348633,3.173884391784668
5904,2008-05-16 00:00:00+00:00,13.199999809265137,14.225287437438965
5904,2008-01-30 04:00:00+00:00,3.0999999046325684,2.0036773681640625
5904,2008-05-06 05:00:00+00:00,10.399999618530273,13.439693450927734
5904,2008-06-24 10:00:00+00:00,27.099998474121094,24.216045379638672
5904,2008-02-26 02:00:00+00:00,5.199999809265137,3.3111352920532227
5904,2008-04-04 16:00:00+00:00,10.899999618530273,15.006771087646484
5904,2008-05-20 08:00:00+00:00,8.0,18.39912223815918
5904,2008-03-30 19:00:00+00:00,12.0,9.976922988891602
5904,2008-01-05 08:00:00+00:00,-6.699999809265137,2.9620280265808105
5904,2008-06-12 14:00:00+00:00,20.700000762939453,24.887969970703125
5904,2008-05-28 11:00:00+00:00,26.100000381469727,21.929126739501953
5904,2008-03-01 10:00:00+00:00,15.100000381469727,7.9617815017700195
5904,2008-04-27 23:00:00+00:00,8.0,11.06067943572998
5904,2008-03-20 18:00:00+00:00,0.7999992370605469,8.138429641723633
5904,2008-01-31 20:00:00+00:00,3.1999998092651367,3.1186652183532715
5904,2008-02-10 14:00:00+00:00,4.699999809265137,6.0521745681762695
5904,2008-02-09 13:00:00+00:00,6.5,5.917357444763184
5904,2008-06-13 07:00:00+00:00,15.0,20.749553680419922
5904,2008-04-07 02:00:00+00:00,3.5,8.071861267089844
5904,2008-03-09 20:00:00+00:00,8.300000190734863,6.967282295227051
5904,2008-03-04 00:00:00+00:00,6.099999904632568,4.541195869445801
5904,2008-06-22 07:00:00+00:00,23.5,21.542491912841797
5904,2008-06-19 04:00:00+00:00,14.399999618530273,18.116180419921875
5904,2008-06-16 16:00:00+00:00,21.299999237060547,24.607179641723633
5904,2008-03-26 21:00:00+00:00,2.9000000953674316,6.66058874130249
5904,2008-04-17 16:00:00+00:00,11.199999809265137,15.810137748718262
5904,2008-02-27 07:00:00+00:00,11.199999809265137,3.9743428230285645
5904,2008-02-23 16:00:00+00:00,12.600000381469727,6.541901588439941
5904,2008-01-03 21:00:00+00:00,-3.59999942779541,2.4460620880126953
5904,2008-01-30 12:00:00+00:00,5.800000190734863,4.1590166091918945
5904,2008-06-13 18:00:00+00:00,13.199999809265137,23.03915786743164
5904,2008-06-04 12:00:00+00:00,22.0,24.0613956451416
5904,2008-02-24 05:00:00+00:00,5.800000190734863,3.954862117767334
5904,2008-05-18 06:00:00+00:00,17.200000762939453,15.806142807006836
5904,2008-06-19 14:00:00+00:00,27.299999237060547,25.29732894897461
5904,2008-06-21 16:00:00+00:00,29.0,24.955734252929688
5904,2008-05-30 22:00:00+00:00,21.799999237060547,16.644268035888672
5904,2008-02-14 14:00:00+00:00,2.5,5.83791446685791
5904,2008-06-22 02:00:00+00:00,18.299999237060547,17.913379669189453
5904,2008-03-04 01:00:00+00:00,6.199999809265137,4.446624279022217
5904,2008-06-02 19:00:00+00:00,23.100000381469727,21.62148666381836
5904,2008-06-07 03:00:00+00:00,16.200000762939453,17.276260375976562
5904,2008-04-30 13:00:00+00:00,17.200000762939453,18.169509887695312
5904,2008-04-30 19:00:00+00:00,15.600000381469727,14.492410659790039
5904,2008-06-12 02:00:00+00:00,15.100000381469727,16.9930362701416
5904,2008-03-08 18:00:00+00:00,5.400000095367432,8.422120094299316
5904,2008-01-30 11:00:00+00:00,5.699999809265137,3.924473762512207
5904,2008-01-02 03:00:00+00:00,-1.0,1.5978422164916992
5904,2008-03-25 12:00:00+00:00,1.3000001907348633,10.910597801208496
5904,2008-01-31 05:00:00+00:00,3.6999998092651367,2.191840171813965
5904,2008-01-30 05:00:00+00:00,2.5999999046325684,2.19588565826416
5904,2008-03-08 00:00:00+00:00,5.599999904632568,5.110268592834473
5904,2008-04-18 10:00:00+00:00,10.699999809265137,15.832822799682617
5904,2008-04-27 09:00:00+00:00,15.300000190734863,15.297969818115234
5904,2008-03-14 21:00:00+00:00,9.300000190734863,6.3166937828063965
5904,2008-01-17 09:00:00+00:00,4.199999809265137,2.898958206176758
5904,2008-02-18 01:00:00+00:00,1.6000003814697266,3.270294666290283
5904,2008-06-02 13:00:00+00:00,26.100000381469727,24.272327423095703
5904,2008-03-10 14:00:00+00:00,11.899999618530273,10.286100387573242
5904,2008-03-15 15:00:00+00:00,12.800000190734863,11.545944213867188
5904,2008-05-18 02:00:00+00:00,14.699999809265137,13.447774887084961
5904,2008-02-21 20:00:00+00:00,7.599999904632568,4.320413589477539
5904,2008-06-16 19:00:00+00:00,19.100000381469727,22.61765480041504
5904,2008-05-03 14:00:00+00:00,16.299999237060547,20.602951049804688
5904,2008-01-17 01:00:00+00:00,1.6000003814697266,1.6860408782958984
5904,2008-01-05 02:00:00+00:00,-6.300000190734863,1.9009456634521484
5904,2008-03-11 23:00:00+00:00,3.8000001907348633,5.083254814147949
5904,2008-03-30 20:00:00+00:00,11.600000381469727,8.908533096313477
5904,2008-05-03 06:00:00+00:00,11.600000381469727,14.59170150756836
5904,2008-02-04 11:00:00+00:00,7.400000095367432,5.028164386749268
5904,2008-03-25 09:00:00+00:00,4.900000095367432,7.663847923278809
5904,2008-06-02 20:00:00+00:00,21.399999618530273,20.522098541259766
5904,2008-04-27 05:00:00+00:00,7.699999809265137,10.298436164855957
5904,2008-06-13 12:00:00+00:00,14.699999809265137,24.699390411376953
5904,2008-03-07 00:00:00+00:00,-0.10000038146972656,4.767521381378174
5904,2008-01-02 23:00:00+00:00,-1.0,1.996596336364746
5904,2008-03-02 02:00:00+00:00,8.199999809265137,4.7578630447387695
5904,2008-02-02 07:00:00+00:00,5.099999904632568,3.6862239837646484
5904,2008-01-22 08:00:00+00:00,10.199999809265137,3.1716065406799316
5904,2008-02-17 15:00:00+00:00,0.5,6.4184370040893555
5904,2008-04-28 12:00:00+00:00,20.899999618530273,18.02063751220703
5904,2008-01-09 08:00:00+00:00,0.39999961853027344,2.779798984527588
5904,2008-02-11 06:00:00+00:00,-1.8000001907348633,3.6742677688598633
5904,2008-03-09 05:00:00+00:00,3.4000000953674316,5.4943695068359375
5904,2008-02-25 22:00:00+00:00,7.199999809265137,4.111583232879639
5904,2008-04-20 23:00:00+00:00,9.100000381469727,10.422147750854492
5904,2008-02-24 14:00:00+00:00,17.0,7.042814254760742
5904,2008-05-14 20:00:00+00:00,18.299999237060547,17.15077781677246
5904,2008-06-17 22:00:00+00:00,15.600000381469727,19.559728622436523
5904,2008-06-14 19:00:00+00:00,16.299999237060547,22.151382446289062
5904,2008-03-22 14:00:00+00:00,9.199999809265137,12.725362777709961
5904,2008-06-17 11:00:00+00:00,19.600000381469727,24.44973373413086
5904,2008-04-27 00:00:00+00:00,9.899999618530273,10.457782745361328
5904,2008-03-07 14:00:00+00:00,7.699999809265137,9.866701126098633
5904,2008-05-17 23:00:00+00:00,16.799999237060547,14.958606719970703
5904,2008-05-25 06:00:00+00:00,14.899999618530273,16.492443084716797
5904,2008-02-26 18:00:00+00:00,12.300000190734863,5.354708194732666
5904,2008-04-22 07:00:00+00:00,10.5,11.727357864379883
5904,2008-01-07 07:00:00+00:00,-2.0,2.9767465591430664
5904,2008-06-15 10:00:00+00:00,18.600000381469727,23.755199432373047
5904,2008-03-30 12:00:00+00:00,17.200000762939453,13.00760269165039
5904,2008-04-10 22:00:00+00:00,13.800000190734863,9.128560066223145
5904,2008-02-20 02:00:00+00:00,0.0,2.934805393218994
5904,2008-04-07 14:00:00+00:00,7.0,16.473957061767578
5904,2008-02-13 14:00:00+00:00,-0.6999998092651367,5.591789245605469
5904,2008-01-04 08:00:00+00:00,-3.1999998092651367,2.5909228324890137
5904,2008-01-05 09:00:00+00:00,-6.300000190734863,3.242250442504883
5904,2008-06-21 18:00:00+00:00,26.100000381469727,23.5151424407959
5904,2008-04-06 12:00:00+00:00,14.600000381469727,15.963467597961426
5904,2008-02-22 21:00:00+00:00,13.0,4.204466819763184
5904,2008-05-12 05:00:00+00:00,10.5,13.647113800048828
5904,2008-01-01 08:00:00+00:00,1.1000003814697266,3.0448951721191406
5904,2008-01-28 13:00:00+00:00,7.800000190734863,4.704020023345947
5904,2008-02-29 07:00:00+00:00,4.099999904632568,4.3418989181518555
5904,2008-06-08 15:00:00+00:00,22.100000381469727,24.54888153076172
5904,2008-06-02 14:00:00+00:00,26.5,24.28207015991211
5904,2008-01-03 18:00:00+00:00,-3.0,3.206301212310791
5904,2008-06-14 06:00:00+00:00,14.5,20.004440307617188
5904,2008-01-12 18:00:00+00:00,4.800000190734863,3.55509090423584
5904,2008-05-12 13:00:00+00:00,22.700000762939453,21.3559627532959
5904,2008-03-21 22:00:00+00:00,5.800000190734863,6.208657264709473
5904,2008-04-08 22:00:00+00:00,5.800000190734863,9.1689453125
5904,2008-05-23 00:00:00+00:00,10.600000381469727,14.859273910522461
5904,2008-04-13 01:00:00+00:00,8.199999809265137,8.711201667785645
5904,2008-03-09 08:00:00+00:00,7.699999809265137,6.636150360107422
5904,2008-01-09 06:00:00+00:00,0.3000001907348633,2.187588691711426
5904,2008-01-24 15:00:00+00:00,6.099999904632568,4.190762042999268
5904,2008-04-08 02:00:00+00:00,3.9000000953674316,7.716114521026611
5904,2008-03-10 19:00:00+00:00,10.800000190734863,7.308672904968262
5904,2008-01-26 10:00:00+00:00,5.099999904632568,3.738312244415283
5904,2008-05-13 23:00:00+00:00,13.199999809265137,13.981903076171875
5904,2008-05-19 22:00:00+00:00,10.600000381469727,15.384818077087402
5904,2008-01-12 09:00:00+00:00,2.1999998092651367,3.2729239463806152
5904,2008-05-24 15:00:00+00:00,22.0,22.19827651977539
5904,2008-02-12 19:00:00+00:00,-0.5,4.366045951843262
5904,2008-05-01 01:00:00+00:00,12.899999618530273,11.955819129943848
5904,2008-02-23 21:00:00+00:00,9.100000381469727,4.386478424072266
5904,2008-06-11 20:00:00+00:00,16.899999618530273,21.194011688232422
5904,2008-04-18 08:00:00+00:00,7.099999904632568,13.368162155151367
5904,2008-04-16 01:00:00+00:00,7.099999904632568,8.370429992675781
5904,2008-03-03 13:00:00+00:00,14.699999809265137,9.155587196350098
5904,2008-03-15 13:00:00+00:00,13.100000381469727,11.758814811706543
5904,2008-01-21 13:00:00+00:00,10.600000381469727,4.566322326660156
5904,2008-06-08 17:00:00+00:00,19.700000762939453,23.507633209228516
5904,2008-04-05 05:00:00+00:00,5.800000190734863,8.258371353149414
5904,2008-03-22 21:00:00+00:00,2.5999999046325684,7.164031982421875
5904,2008-06-03 22:00:00+00:00,16.899999618530273,18.304710388183594
5904,2008-02-28 23:00:00+00:00,4.400000095367432,3.632798671722412
5904,2008-01-01 02:00:00+00:00,0.8999996185302734,1.7254486083984375
5904,2008-01-15 17:00:00+00:00,4.0,3.9082531929016113
5904,2008-02-22 04:00:00+00:00,9.100000381469727,3.3833107948303223
5904,2008-01-19 13:00:00+00:00,12.0,4.314480304718018
5904,2008-05-23 09:00:00+00:00,15.199999809265137,19.82105827331543
5904,2008-02-13 17:00:00+00:00,-1.8999996185302734,5.0663838386535645
5904,2008-06-02 17:00:00+00:00,25.100000381469727,23.166404724121094
5904,2008-02-01 06:00:00+00:00,-1.3000001907348633,3.07789945602417
5904,2008-01-03 22:00:00+00:00,-3.6999998092651367,2.202320098876953
5904,2008-01-05 14:00:00+00:00,-4.40000057220459,4.21620512008667
5904,2008-01-11 00:00:00+00:00,-1.3000001907348633,1.894118309020996
105,2009-07-26 23:00:00+00:00,17.299999237060547,19.275373458862305
105,2014-07-23 05:00:00+00:00,19.5,19.699125289916992
105,2009-07-27 03:00:00+00:00,13.800000190734863,18.541362762451172
105,2010-07-18 05:00:00+00:00,17.100000381469727,19.810091018676758
105,2009-12-26 13:00:00+00:00,7.099999904632568,5.7776384353637695
105,2015-11-04 06:00:00+00:00,3.9000000953674316,6.143078327178955
105,2015-05-19 05:00:00+00:00,14.699999809265137,13.472198486328125
105,2023-01-20 09:00:00+00:00,0.10000038146972656,4.53635835647583
105,2014-04-23 11:00:00+00:00,19.899999618530273,15.17429256439209
105,2009-12-19 10:00:00+00:00,-6.500000953674316,5.113729476928711
105,2014-05-06 22:00:00+00:00,14.399999618530273,12.992826461791992
105,2020-03-01 21:00:00+00:00,8.5,7.545201778411865
105,2009-10-09 12:00:00+00:00,12.600000381469727,15.668853759765625
105,2020-07-30 23:00:00+00:00,19.799999237060547,19.320953369140625
105,2018-09-14 02:00:00+00:00,18.799999237060547,14.399680137634277
105,2009-11-01 19:00:00+00:00,3.3000001907348633,8.601908683776855
105,2011-08-19 00:00:00+00:00,20.799999237060547,18.36688995361328
105,2013-09-21 11:00:00+00:00,14.800000190734863,20.253326416015625
105,2021-06-11 09:00:00+00:00,23.700000762939453,21.46277618408203
105,2022-03-14 23:00:00+00:00,3.8000001907348633,6.888731002807617
105,2024-06-21 04:00:00+00:00,18.799999237060547,17.102909088134766
105,2023-12-22 15:00:00+00:00,5.699999809265137,5.506779670715332
105,2016-10-29 06:00:00+00:00,10.300000190734863,8.768613815307617
105,2024-04-08 19:00:00+00:00,21.899999618530273,11.963045120239258
105,2013-12-15 07:00:00+00:00,5.400000095367432,4.62813138961792
105,2013-03-02 15:00:00+00:00,5.599999904632568,9.410676956176758
105,2008-02-04 17:00:00+00:00,8.5,6.496970176696777
105,2013-07-23 20:00:00+00:00,24.600000381469727,21.604145050048828
105,2015-05-17 12:00:00+00:00,16.5,20.067134857177734
105,2011-10-27 08:00:00+00:00,8.600000381469727,10.061286926269531
105,2009-03-26 14:00:00+00:00,7.5,10.4666748046875
105,2012-08-12 23:00:00+00:00,14.800000190734863,18.51848602294922
105,2017-02-15 08:00:00+00:00,1.0,5.397481918334961
105,2014-05-02 04:00:00+00:00,9.300000190734863,11.501331329345703
105,2022-09-17 05:00:00+00:00,11.899999618530273,15.051787376403809
105,2012-01-26 20:00:00+00:00,-1.0,4.58283805847168
105,2012-03-01 12:00:00+00:00,13.600000381469727,8.383249282836914
105,2012-10-11 18:00:00+00:00,10.5,13.122565269470215
105,2022-01-21 19:00:00+00:00,0.0,4.891263961791992
105,2013-08-02 05:00:00+00:00,19.0,19.61046600341797
105,2022-03-13 21:00:00+00:00,6.099999904632568,8.131473541259766
105,2024-01-05 06:00:00+00:00,3.9000000953674316,3.6990485191345215
105,2009-03-21 04:00:00+00:00,0.6999998092651367,6.858819007873535
105,2018-03-12 23:00:00+00:00,9.600000381469727,6.817543029785156
105,2022-05-18 10:00:00+00:00,18.899999618530273,19.048690795898438
105,2019-08-12 10:00:00+00:00,28.200000762939453,24.468605041503906
105,2020-10-14 16:00:00+00:00,7.800000190734863,14.640546798706055
105,2019-03-01 03:00:00+00:00,11.399999618530273,5.518039226531982
105,2018-02-16 14:00:00+00:00,5.099999904632568,6.892597198486328
105,2010-01-18 07:00:00+00:00,2.1999998092651367,4.757952690124512
105,2015-10-20 15:00:00+00:00,9.5,14.723341941833496
105,2010-07-15 13:00:00+00:00,32.29999923706055,25.451698303222656
105,2025-03-14 23:00:00+00:00,4.800000190734863,6.740625381469727
105,2016-08-17 05:00:00+00:00,15.800000190734863,18.9634952545166
105,2011-04-29 22:00:00+00:00,12.300000190734863,11.449703216552734
105,2025-01-19 04:00:00+00:00,-2.5999984741210938,4.19860315322876
105,2019-03-15 16:00:00+00:00,9.100000381469727,9.3526611328125
105,2016-01-16 18:00:00+00:00,0.6000003814697266,5.35967493057251
105,2024-07-23 11:00:00+00:00,27.700000762939453,25.062641143798828
105,2023-05-21 20:00:00+00:00,19.299999237060547,16.830656051635742
105,2016-12-30 10:00:00+00:00,-1.3000001907348633,4.767373085021973
105,2018-03-28 18:00:00+00:00,8.100000381469727,9.180768966674805
105,2013-05-17 08:00:00+00:00,19.5,17.131397247314453
105,2020-09-04 18:00:00+00:00,20.399999618530273,20.02276039123535
105,2018-08-07 06:00:00+00:00,21.700000762939453,20.163623809814453
105,2022-01-11 21:00:00+00:00,-2.3000001907348633,4.5760626792907715
105,2021-06-05 08:00:00+00:00,19.5,20.096126556396484
105,2020-10-24 02:00:00+00:00,9.699999809265137,7.926349639892578
105,2025-02-25 10:00:00+00:00,3.0,6.874309539794922
105,2015-12-14 05:00:00+00:00,3.8000001907348633,4.4066033363342285
105,2016-08-07 18:00:00+00:00,23.0,23.091121673583984
105,2025-08-10 22:00:00+00:00,23.299999237060547,19.214406967163086
105,2013-09-13 09:00:00+00:00,12.600000381469727,19.51949691772461
105,2022-06-03 03:00:00+00:00,13.600000381469727,15.360939025878906
105,2012-09-15 22:00:00+00:00,14.199999809265137,15.163427352905273
105,2008-05-20 08:00:00+00:00,8.0,17.14093017578125
105,2019-12-04 20:00:00+00:00,-1.1999998092651367,4.776605606079102
105,2023-07-11 05:00:00+00:00,23.0,19.545001983642578
105,2010-07-19 17:00:00+00:00,21.600000381469727,24.224899291992188
105,2017-01-19 20:00:00+00:00,-7.199999809265137,4.485001087188721
105,2024-01-29 21:00:00+00:00,2.8000001907348633,4.97921085357666
105,2021-10-20 14:00:00+00:00,18.299999237060547,14.712066650390625
105,2015-10-05 21:00:00+00:00,12.300000190734863,11.359100341796875
105,2024-04-22 23:00:00+00:00,4.599999904632568,9.656791687011719
105,2013-09-21 03:00:00+00:00,12.699999809265137,13.63851261138916
105,2011-09-14 14:00:00+00:00,17.100000381469727,22.570083618164062
105,2025-07-05 01:00:00+00:00,16.200000762939453,17.95171356201172
105,2024-07-10 17:00:00+00:00,32.70000076293945,24.066997528076172
105,2023-04-22 17:00:00+00:00,18.700000762939453,15.167679786682129
105,2013-10-04 16:00:00+00:00,10.100000381469727,15.835865020751953
105,2023-01-14 07:00:00+00:00,6.199999809265137,4.257791042327881
105,2018-07-18 22:00:00+00:00,22.200000762939453,19.725635528564453
105,2024-04-26 22:00:00+00:00,8.300000190734863,11.253271102905273
105,2017-06-01 12:00:00+00:00,25.5,22.566783905029297
105,2022-06-09 07:00:00+00:00,16.799999237060547,19.306541442871094
105,2015-09-27 14:00:00+00:00,15.899999618530273,20.558252334594727
105,2021-02-08 23:00:00+00:00,-0.6999998092651367,5.285081386566162
105,2011-12-22 01:00:00+00:00,2.40000057220459,3.4918556213378906
105,2009-11-19 21:00:00+00:00,6.400000095367432,5.781623363494873
105,2012-02-16 11:00:00+00:00,2.0,6.225264549255371
105,2010-08-16 04:00:00+00:00,16.200000762939453,18.075525283813477
105,2013-09-06 22:00:00+00:00,17.700000762939453,16.283065795898438
105,2011-03-23 01:00:00+00:00,8.100000381469727,6.32648229598999
105,2017-04-04 06:00:00+00:00,11.0,8.529172897338867
105,2018-12-09 06:00:00+00:00,4.199999809265137,4.5414042472839355
105,2019-08-29 20:00:00+00:00,22.399999618530273,20.353622436523438
105,2012-11-29 06:00:00+00:00,9.699999809265137,4.658391952514648
105,2022-12-25 03:00:00+00:00,9.199999809265137,4.062695503234863
105,2020-10-27 03:00:00+00:00,9.899999618530273,7.481592655181885
105,2022-01-19 17:00:00+00:00,0.8000001907348633,5.053864002227783
105,2020-06-14 14:00:00+00:00,17.100000381469727,23.438907623291016
105,2025-01-03 16:00:00+00:00,2.3000001907348633,5.319166660308838
105,2014-07-10 20:00:00+00:00,18.100000381469727,21.457096099853516
105,2023-05-27 10:00:00+00:00,19.899999618530273,19.742265701293945
105,2020-01-27 08:00:00+00:00,-0.19999980926513672,5.109287738800049
105,2011-05-05 12:00:00+00:00,13.0,19.14772605895996
105,2012-10-08 05:00:00+00:00,8.899999618530273,9.721193313598633
105,2011-11-01 16:00:00+00:00,8.300000190734863,9.426302909851074
105,2009-01-03 00:00:00+00:00,-2.1999998092651367,4.039086818695068
105,2015-05-30 23:00:00+00:00,13.800000190734863,15.079710006713867
105,2014-10-01 21:00:00+00:00,14.300000190734863,12.201741218566895
105,2009-06-15 15:00:00+00:00,27.10000228881836,23.249099731445312
105,2011-09-06 20:00:00+00:00,15.899999618530273,17.525564193725586
105,2025-09-10 19:00:00+00:00,18.5,18.664392471313477
105,2012-02-07 18:00:00+00:00,-8.300000190734863,6.033663272857666
105,2016-08-08 00:00:00+00:00,18.0,17.892322540283203
105,2022-10-21 15:00:00+00:00,12.0,14.072107315063477
105,2015-02-18 01:00:00+00:00,-0.19999980926513672,4.640483379364014
105,2016-03-04 08:00:00+00:00,3.5,6.946902275085449
105,2019-12-15 09:00:00+00:00,3.5999999046325684,5.10922908782959
105,2017-01-04 06:00:00+00:00,3.3000001907348633,3.856800079345703
105,2009-02-21 11:00:00+00:00,0.5,7.127406120300293
105,2016-06-20 11:00:00+00:00,16.600000381469727,23.2569580078125
105,2011-08-12 21:00:00+00:00,18.899999618530273,20.309555053710938
105,2013-06-01 11:00:00+00:00,16.700000762939453,22.222763061523438
105,2017-07-09 22:00:00+00:00,21.0,19.648162841796875
105,2020-03-30 00:00:00+00:00,4.699999809265137,7.388747215270996
105,2022-05-17 05:00:00+00:00,16.100000381469727,13.24342155456543
105,2009-12-14 10:00:00+00:00,-2.5999984741210938,5.515772342681885
105,2023-05-06 03:00:00+00:00,16.100000381469727,11.807052612304688
105,2019-10-26 13:00:00+00:00,17.5,13.929153442382812
105,2017-04-27 06:00:00+00:00,5.800000190734863,10.085453987121582
105,2018-05-14 21:00:00+00:00,16.100000381469727,15.151036262512207
105,2008-08-13 13:00:00+00:00,20.799999237060547,25.489599227905273
105,2020-09-12 05:00:00+00:00,14.5,15.431581497192383
105,2020-11-04 13:00:00+00:00,12.199999809265137,9.358073234558105
105,2009-07-05 06:00:00+00:00,22.600000381469727,20.49028778076172
105,2016-10-07 12:00:00+00:00,9.5,15.800891876220703
105,2012-09-05 05:00:00+00:00,16.299999237060547,15.607016563415527
105,2014-10-17 01:00:00+00:00,15.399999618530273,8.744588851928711
105,2015-06-26 16:00:00+00:00,25.299999237060547,23.303367614746094
105,2022-07-25 22:00:00+00:00,25.0,19.991092681884766
105,2022-08-26 08:00:00+00:00,24.399999618530273,21.71090316772461
105,2020-11-15 04:00:00+00:00,5.499999523162842,5.33900785446167
105,2018-12-02 14:00:00+00:00,0.5,6.883822917938232
105,2023-11-26 09:00:00+00:00,1.5,6.774529457092285
105,2010-06-18 07:00:00+00:00,19.600000381469727,19.797542572021484
105,2008-05-31 08:00:00+00:00,24.700000762939453,18.27521514892578
105,2009-08-05 11:00:00+00:00,22.700000762939453,25.015302658081055
105,2011-12-04 18:00:00+00:00,10.300000190734863,5.829051971435547
105,2025-09-11 02:00:00+00:00,16.100000381469727,14.775006294250488
105,2021-05-11 05:00:00+00:00,15.300000190734863,12.63272762298584
105,2012-07-31 23:00:00+00:00,18.5,19.03697395324707
105,2025-05-28 13:00:00+00:00,19.299999237060547,20.878145217895508
105,2019-04-05 01:00:00+00:00,10.300000190734863,8.386451721191406
105,2014-09-24 15:00:00+00:00,17.399999618530273,20.991283416748047
105,2009-06-30 21:00:00+00:00,21.299999237060547,19.6665096282959
105,2009-02-14 20:00:00+00:00,-0.39999961853027344,6.050011157989502
105,2021-04-12 21:00:00+00:00,3.3000001907348633,10.149361610412598
105,2021-02-16 06:00:00+00:00,-2.3000001907348633,5.2703986167907715
105,2025-04-15 03:00:00+00:00,13.699999809265137,8.252175331115723
105,2022-10-15 02:00:00+00:00,10.600000381469727,8.887090682983398
105,2015-10-13 02:00:00+00:00,2.09999942779541,8.653053283691406
105,2012-04-16 22:00:00+00:00,4.300000190734863,9.818106651306152
105,2024-08-21 01:00:00+00:00,20.100000381469727,17.32989501953125
105,2024-04-10 20:00:00+00:00,11.899999618530273,10.220088958740234
105,2020-02-08 19:00:00+00:00,3.3000001907348633,6.1893205642700195
105,2009-06-04 04:00:00+00:00,12.100000381469727,15.974411010742188
105,2023-05-07 07:00:00+00:00,14.600000381469727,15.163576126098633
105,2013-02-15 20:00:00+00:00,-0.3000001907348633,5.753715991973877
105,2019-10-21 10:00:00+00:00,16.399999618530273,13.198318481445312
105,2023-01-24 22:00:00+00:00,3.1999998092651367,4.533467769622803
105,2015-10-14 00:00:00+00:00,8.300000190734863,9.07809066772461
105,2012-08-28 10:00:00+00:00,23.100000381469727,23.688426971435547
105,2015-10-02 05:00:00+00:00,5.199999809265137,10.959003448486328
105,2017-08-31 21:00:00+00:00,22.899999618530273,19.306364059448242
105,2019-03-05 04:00:00+00:00,7.199999809265137,5.9072113037109375
105,2012-07-08 12:00:00+00:00,30.900001525878906,25.162982940673828
105,2008-03-24 11:00:00+00:00,4.199999809265137,10.948707580566406
105,2008-10-12 02:00:00+00:00,10.800000190734863,8.879300117492676
105,2011-07-03 19:00:00+00:00,13.899999618530273,22.18270492553711
105,2009-10-10 10:00:00+00:00,13.199999809265137,14.578374862670898
105,2015-12-01 05:00:00+00:00,10.399999618530273,4.421347618103027
105,2014-10-12 18:00:00+00:00,17.200000762939453,13.506875991821289
105,2013-01-02 09:00:00+00:00,0.0,4.618807792663574
105,2008-02-03 18:00:00+00:00,4.0,6.415537357330322
105,2017-07-04 20:00:00+00:00,20.899999618530273,21.28235626220703
105,2009-04-27 07:00:00+00:00,13.100000381469727,11.924237251281738
105,2014-04-13 08:00:00+00:00,11.899999618530273,12.18377685546875
105,2021-04-21 03:00:00+00:00,8.199999809265137,8.345854759216309
105,2019-09-23 11:00:00+00:00,20.5,20.935104370117188
105,2020-01-09 22:00:00+00:00,0.39999961853027344,4.05866813659668
105,2018-04-26 09:00:00+00:00,13.600000381469727,13.995471954345703
105,2019-04-20 16:00:00+00:00,20.599998474121094,15.595599174499512
105,2022-09-02 01:00:00+00:00,14.600000381469727,15.43722915649414
105,2008-05-13 22:00:00+00:00,14.600000381469727,13.828447341918945
105,2016-09-13 14:00:00+00:00,29.299999237060547,22.627643585205078
105,2011-08-08 19:00:00+00:00,16.200000762939453,22.383752822875977
105,2016-12-08 07:00:00+00:00,-1.5,4.121264934539795
105,2008-03-08 03:00:00+00:00,5.300000190734863,6.2695112228393555
105,2015-08-18 10:00:00+00:00,17.899999618530273,24.177230834960938
105,2024-12-08 18:00:00+00:00,3.1999998092651367,5.613339424133301
105,2012-03-10 10:00:00+00:00,9.600000381469727,9.16612434387207
105,2021-07-28 01:00:00+00:00,20.599998474121094,18.42293357849121
105,2018-12-09 23:00:00+00:00,8.0,4.633482933044434
105,2017-02-24 14:00:00+00:00,10.0,7.319849967956543
105,2021-06-17 12:00:00+00:00,30.0,23.40277671813965
105,2012-03-04 21:00:00+00:00,3.8000001907348633,7.692265510559082
105,2019-01-16 15:00:00+00:00,6.699999809265137,5.2760844230651855
105,2008-06-03 08:00:00+00:00,22.799999237060547,20.01053810119629
105,2012-01-30 10:00:00+00:00,-2.09999942779541,5.732956409454346
105,2025-07-17 04:00:00+00:00,15.600000381469727,18.825368881225586
105,2011-08-03 07:00:00+00:00,19.799999237060547,21.589004516601562
105,2017-11-04 14:00:00+00:00,13.300000190734863,10.269573211669922
105,2025-10-04 14:00:00+00:00,14.300000190734863,16.605173110961914
105,2024-08-12 02:00:00+00:00,21.700000762939453,17.316497802734375
105,2011-05-24 16:00:00+00:00,28.299999237060547,20.04193878173828
105,2023-02-07 23:00:00+00:00,-3.8000001907348633,4.984862327575684
105,2009-05-21 08:00:00+00:00,21.100000381469727,17.454042434692383
105,2012-06-03 10:00:00+00:00,23.600000381469727,21.880096435546875
105,2020-10-01 15:00:00+00:00,17.399999618530273,17.102523803710938
105,2011-04-24 00:00:00+00:00,11.899999618530273,9.927610397338867
105,2015-10-29 17:00:00+00:00,10.5,11.654541015625
105,2022-01-06 11:00:00+00:00,5.599999904632568,4.87354040145874
105,2020-12-13 23:00:00+00:00,5.400000095367432,4.538274765014648
105,2023-03-14 19:00:00+00:00,11.199999809265137,8.200288772583008
105,2021-06-29 01:00:00+00:00,21.600000381469727,16.965152740478516
105,2023-03-15 22:00:00+00:00,3.8000001907348633,6.752531051635742
105,2022-07-17 07:00:00+00:00,21.299999237060547,21.86017608642578
105,2015-05-15 04:00:00+00:00,12.300000190734863,12.764784812927246
105,2014-07-04 05:00:00+00:00,15.399999618530273,19.149478912353516
105,2013-02-18 14:00:00+00:00,3.1999998092651367,7.731523513793945
105,2019-03-22 09:00:00+00:00,11.899999618530273,8.665386199951172
105,2008-10-15 21:00:00+00:00,13.0,10.091602325439453
105,2010-12-21 13:00:00+00:00,-1.0,5.697426795959473
105,2008-06-22 23:00:00+00:00,22.399999618530273,17.734018325805664
105,2024-09-06 17:00:00+00:00,25.0,20.727190017700195
105,2009-10-25 00:00:00+00:00,7.400000095367432,8.29187297821045
105,2019-01-07 08:00:00+00:00,-0.8000001907348633,4.91909122467041
105,2010-10-07 14:00:00+00:00,16.799999237060547,16.644987106323242
105,2023-12-24 02:00:00+00:00,9.199999809265137,4.0930070877075195
105,2024-01-24 09:00:00+00:00,10.5,4.751147747039795
105,2021-12-10 17:00:00+00:00,-0.10000038146972656,5.5300798416137695
105,2013-04-27 14:00:00+00:00,24.0,16.896743774414062
105,2022-10-10 21:00:00+00:00,12.100000381469727,10.717070579528809
105,2020-08-12 02:00:00+00:00,18.5,17.569189071655273
105,2008-12-04 11:00:00+00:00,1.5,5.5168867111206055
105,2018-06-27 21:00:00+00:00,15.100000381469727,19.429519653320312
105,2016-11-10 05:00:00+00:00,1.1000003814697266,5.286365985870361
105,2012-07-28 03:00:00+00:00,19.100000381469727,18.682674407958984
105,2017-05-15 11:00:00+00:00,20.299999237060547,19.508663177490234
105,2020-05-02 14:00:00+00:00,18.299999237060547,19.204723358154297
105,2014-05-19 23:00:00+00:00,14.800000190734863,13.91564655303955
105,2013-02-08 23:00:00+00:00,-0.6000003814697266,4.729368686676025
105,2022-07-03 18:00:00+00:00,27.0,23.04395866394043
105,2013-03-09 18:00:00+00:00,8.899999618530273,8.912664413452148
105,2015-10-22 05:00:00+00:00,8.199999809265137,8.551109313964844
105,2016-10-27 02:00:00+00:00,8.5,7.403236389160156
105,2011-08-11 01:00:00+00:00,9.5,18.320104598999023
105,2014-07-04 18:00:00+00:00,24.600000381469727,23.10359764099121
105,2018-04-04 08:00:00+00:00,11.199999809265137,9.595078468322754
105,2017-02-11 07:00:00+00:00,-0.39999961853027344,5.209449291229248
105,2025-05-18 04:00:00+00:00,10.600000381469727,13.12536907196045
105,2008-11-03 11:00:00+00:00,16.5,9.476706504821777
105,2017-03-01 08:00:00+00:00,6.400000095367432,6.754382133483887
105,2013-01-03 22:00:00+00:00,6.099999904632568,4.047075271606445
105,2025-08-16 23:00:00+00:00,23.5,18.628944396972656
105,2015-08-14 03:00:00+00:00,22.0,18.282024383544922
105,2015-07-20 05:00:00+00:00,22.600000381469727,19.858566284179688
105,2010-03-08 07:00:00+00:00,-3.90000057220459,7.244599342346191
105,2025-05-11 20:00:00+00:00,10.600000381469727,15.939741134643555
105,2008-10-07 19:00:00+00:00,14.699999809265137,12.83462905883789
105,2018-06-24 14:00:00+00:00,18.899999618530273,23.841285705566406
105,2025-03-22 17:00:00+00:00,12.300000190734863,10.073065757751465
105,2021-10-14 15:00:00+00:00,10.0,15.195416450500488
105,2017-05-14 00:00:00+00:00,14.199999809265137,12.766709327697754
105,2018-12-26 08:00:00+00:00,2.9000000953674316,4.307180404663086
105,2019-12-04 22:00:00+00:00,-1.3999996185302734,4.480340480804443
105,2009-10-02 17:00:00+00:00,11.800000190734863,15.482294082641602
105,2016-05-02 09:00:00+00:00,15.399999618530273,16.854225158691406
105,2012-06-10 16:00:00+00:00,15.800000190734863,22.582504272460938
105,2011-02-20 11:00:00+00:00,-0.6000003814697266,7.401537895202637
105,2014-10-07 19:00:00+00:00,14.800000190734863,12.946562767028809
105,2022-09-27 22:00:00+00:00,10.600000381469727,13.48344898223877
105,2008-04-04 19:00:00+00:00,9.199999809265137,11.164597511291504
105,2015-08-04 17:00:00+00:00,30.200000762939453,24.13833236694336
105,2015-05-03 18:00:00+00:00,12.600000381469727,17.141618728637695
105,2018-08-20 20:00:00+00:00,27.299999237060547,20.70551300048828
105,2016-04-17 12:00:00+00:00,21.600000381469727,16.297941207885742
105,2011-09-06 16:00:00+00:00,21.899999618530273,22.296913146972656
105,2009-05-31 14:00:00+00:00,15.0,21.08535385131836
105,2020-04-07 10:00:00+00:00,16.600000381469727,12.399805068969727
105,2010-07-17 19:00:00+00:00,25.700000762939453,22.269134521484375
105,2020-08-28 06:00:00+00:00,17.100000381469727,19.358728408813477
105,2016-03-08 02:00:00+00:00,2.6000003814697266,5.966437339782715
105,2024-01-21 09:00:00+00:00,-0.5,5.152454853057861
105,2023-07-03 17:00:00+00:00,24.899999618530273,23.864456176757812
105,2017-06-21 15:00:00+00:00,30.200000762939453,23.478958129882812
105,2009-04-13 23:00:00+00:00,11.300000190734863,9.079248428344727
105,2015-03-25 07:00:00+00:00,8.0,7.248475074768066
105,2016-01-11 14:00:00+00:00,3.8000001907348633,5.923160552978516
105,2020-01-05 02:00:00+00:00,3.4000000953674316,4.100970268249512
105,2019-07-11 14:00:00+00:00,24.799999237060547,25.33685302734375
105,2015-01-21 12:00:00+00:00,3.3000001907348633,5.298083305358887
105,2012-04-18 01:00:00+00:00,0.8000001907348633,8.35446548461914
105,2023-05-04 12:00:00+00:00,17.799999237060547,19.06537628173828
105,2021-01-05 07:00:00+00:00,3.0,4.4531402587890625
105,2014-01-14 21:00:00+00:00,4.699999809265137,4.594948768615723
105,2020-07-20 00:00:00+00:00,18.5,18.778932571411133
105,2022-06-21 10:00:00+00:00,21.700000762939453,22.66919708251953
105,2018-07-10 11:00:00+00:00,25.700000762939453,24.796390533447266
105,2014-05-21 05:00:00+00:00,14.5,13.899446487426758
105,2009-02-28 23:00:00+00:00,5.699999809265137,5.620025634765625
105,2021-10-26 21:00:00+00:00,5.499999523162842,9.12032413482666
105,2025-05-22 03:00:00+00:00,12.199999809265137,12.944822311401367
105,2015-01-29 18:00:00+00:00,1.5,4.993356704711914
105,2009-09-01 00:00:00+00:00,16.100000381469727,14.782127380371094
105,2009-12-05 07:00:00+00:00,4.599999904632568,4.621407508850098
105,2022-10-21 06:00:00+00:00,7.599999904632568,9.400299072265625
105,2025-06-27 00:00:00+00:00,21.399999618530273,17.409584045410156
105,2012-06-11 05:00:00+00:00,13.199999809265137,17.508190155029297
105,2025-09-23 13:00:00+00:00,16.5,21.75625228881836
105,2012-04-27 23:00:00+00:00,13.800000190734863,10.629148483276367
105,2010-08-06 04:00:00+00:00,17.100000381469727,18.943954467773438
105,2014-08-29 00:00:00+00:00,12.0,17.796754837036133
105,2012-03-15 14:00:00+00:00,11.5,9.52992057800293
105,2020-11-05 18:00:00+00:00,7.599999904632568,7.925558090209961
105,2019-02-05 10:00:00+00:00,2.3000001907348633,6.27332067489624
105,2021-09-26 11:00:00+00:00,21.100000381469727,20.04904556274414
105,2014-03-25 03:00:00+00:00,4.199999809265137,6.523678779602051
105,2020-11-17 18:00:00+00:00,7.800000190734863,7.012918949127197
105,2023-03-26 06:00:00+00:00,9.300000190734863,7.8227338790893555
105,2008-07-27 06:00:00+00:00,21.399999618530273,20.858312606811523
105,2015-09-09 18:00:00+00:00,12.0,19.95380401611328
105,2016-01-28 02:00:00+00:00,4.599999904632568,3.510409355163574
105,2018-04-01 16:00:00+00:00,9.899999618530273,14.01826000213623
105,2024-10-12 12:00:00+00:00,14.0,15.337459564208984
105,2011-12-26 20:00:00+00:00,7.900000095367432,4.716885566711426
105,2025-10-06 23:00:00+00:00,10.100000381469727,9.933056831359863
105,2021-11-20 13:00:00+00:00,11.5,8.91011905670166
105,2008-08-28 09:00:00+00:00,24.100000381469727,22.790752410888672
105,2008-09-29 22:00:00+00:00,12.100000381469727,13.311808586120605
105,2013-11-04 18:00:00+00:00,9.0,8.520750045776367
105,2009-06-25 17:00:00+00:00,20.0,22.75824737548828
105,2022-04-10 21:00:00+00:00,5.099999904632568,10.785080909729004
105,2025-09-07 04:00:00+00:00,11.399999618530273,15.238759994506836
105,2022-01-07 09:00:00+00:00,-0.10000038146972656,4.476245880126953
105,2018-05-16 21:00:00+00:00,13.899999618530273,14.979998588562012
105,2008-10-19 19:00:00+00:00,8.399999618530273,11.851444244384766
105,2015-11-23 20:00:00+00:00,0.19999980926513672,6.245756149291992
105,2021-06-18 19:00:00+00:00,26.900001525878906,20.838520050048828
105,2016-04-14 00:00:00+00:00,10.699999809265137,8.729276657104492
105,2011-06-05 19:00:00+00:00,23.899999618530273,20.129430770874023
105,2017-02-12 21:00:00+00:00,1.3999996185302734,5.9031500816345215
105,2016-03-31 17:00:00+00:00,20.5,9.955575942993164
105,2008-12-21 11:00:00+00:00,6.099999904632568,5.509352207183838
105,2021-07-20 06:00:00+00:00,16.600000381469727,20.6903018951416
105,2021-11-04 00:00:00+00:00,9.899999618530273,5.765193462371826
105,2013-03-14 17:00:00+00:00,-1.8000001907348633,8.568062782287598
105,2021-07-12 22:00:00+00:00,21.899999618530273,19.925823211669922
105,2019-11-03 20:00:00+00:00,17.200000762939453,7.791826248168945
105,2023-11-18 14:00:00+00:00,6.099999904632568,9.066996574401855
105,2025-10-04 09:00:00+00:00,9.699999809265137,14.469490051269531
105,2020-09-26 12:00:00+00:00,13.399999618530273,20.071144104003906
105,2008-01-12 15:00:00+00:00,5.699999809265137,5.769907474517822
105,2023-05-01 17:00:00+00:00,17.899999618530273,17.84009552001953
105,2014-12-13 03:00:00+00:00,3.5999999046325684,3.907496452331543
105,2012-08-08 10:00:00+00:00,23.0,24.33313751220703
105,2016-07-01 18:00:00+00:00,26.400001525878906,23.052576065063477
105,2010-02-05 22:00:00+00:00,0.6999998092651367,4.9373650550842285
105,2023-01-18 01:00:00+00:00,2.3000001907348633,3.6710638999938965
105,2021-12-14 02:00:00+00:00,6.800000190734863,4.034176826477051
105,2015-05-10 08:00:00+00:00,18.600000381469727,16.70685577392578
105,2014-11-28 16:00:00+00:00,1.3999996185302734,7.471399307250977
105,2009-06-19 22:00:00+00:00,14.899999618530273,18.254032135009766
105,2023-01-31 07:00:00+00:00,4.400000095367432,4.6960530281066895
105,2013-06-13 00:00:00+00:00,15.300000190734863,16.451448440551758
105,2024-07-03 20:00:00+00:00,16.299999237060547,21.226608276367188
105,2017-12-22 02:00:00+00:00,4.300000190734863,3.502322196960449
105,2008-10-25 12:00:00+00:00,9.199999809265137,13.834388732910156
105,2014-09-28 11:00:00+00:00,17.5,19.81716537475586
105,2020-09-10 02:00:00+00:00,18.299999237060547,14.775006294250488
105,2020-02-11 07:00:00+00:00,4.699999809265137,5.438486099243164
105,2010-04-11 08:00:00+00:00,6.699999809265137,11.961967468261719
105,2009-04-09 23:00:00+00:00,12.600000381469727,8.733409881591797
105,2015-08-24 12:00:00+00:00,28.10000228881836,25.04570770263672
105,2016-01-22 18:00:00+00:00,-4.199999809265137,5.101009368896484
105,2011-06-18 12:00:00+00:00,21.200000762939453,23.434165954589844
105,2025-01-03 01:00:00+00:00,1.6000003814697266,3.551534652709961
105,2013-12-01 20:00:00+00:00,3.0999999046325684,5.3234944343566895
105,2013-10-31 22:00:00+00:00,5.800000190734863,8.270663261413574
105,2015-03-06 23:00:00+00:00,4.300000190734863,6.357906341552734
105,2021-08-21 00:00:00+00:00,16.600000381469727,17.9547119140625
105,2016-03-13 17:00:00+00:00,5.599999904632568,10.026615142822266
105,2021-09-25 21:00:00+00:00,14.5,14.967037200927734
105,2013-04-27 07:00:00+00:00,19.600000381469727,12.322084426879883
105,2019-08-11 19:00:00+00:00,25.600000381469727,21.930145263671875
105,2014-04-26 09:00:00+00:00,14.300000190734863,14.66602611541748
105,2010-06-20 02:00:00+00:00,13.199999809265137,16.49736785888672
105,2022-02-10 12:00:00+00:00,12.399999618530273,6.213520050048828
105,2017-06-16 08:00:00+00:00,21.799999237060547,20.757930755615234
105,2014-12-13 20:00:00+00:00,3.0999999046325684,4.991308689117432
105,2009-05-02 02:00:00+00:00,10.899999618530273,11.310848236083984
105,2018-02-20 18:00:00+00:00,-0.3000001907348633,6.465152740478516
105,2018-02-12 12:00:00+00:00,5.300000190734863,7.178721904754639
105,2021-02-08 16:00:00+00:00,0.10000038146972656,6.917232513427734
105,2013-12-18 10:00:00+00:00,-1.8000001907348633,4.912238597869873
105,2022-03-13 07:00:00+00:00,1.8000001907348633,7.647624969482422
105,2023-12-03 01:00:00+00:00,-1.6999998092651367,4.523434162139893
105,2024-03-15 08:00:00+00:00,10.100000381469727,7.5689897537231445
105,2024-09-23 19:00:00+00:00,18.200000762939453,17.001834869384766
105,2017-10-13 22:00:00+00:00,13.399999618530273,10.139141082763672
105,2008-10-09 17:00:00+00:00,13.899999618530273,14.36772346496582
105,2008-02-13 12:00:00+00:00,-1.1999998092651367,6.522514343261719
105,2020-01-01 23:00:00+00:00,-0.8999996185302734,3.9300479888916016
105,2024-01-23 09:00:00+00:00,7.099999904632568,5.109041213989258
105,2021-01-31 01:00:00+00:00,-0.5,4.446887016296387
105,2025-08-29 17:00:00+00:00,22.700000762939453,22.966983795166016
105,2022-07-11 13:00:00+00:00,22.799999237060547,25.374591827392578
105,2022-12-13 12:00:00+00:00,-1.1999998092651367,5.8216986656188965
105,2016-12-01 02:00:00+00:00,2.40000057220459,3.8125462532043457
105,2022-07-27 16:00:00+00:00,22.299999237060547,24.95941162109375
105,2013-07-23 05:00:00+00:00,17.600000381469727,19.7122859954834
105,2023-04-21 15:00:00+00:00,19.5,15.833566665649414
105,2017-05-18 16:00:00+00:00,26.100000381469727,19.756908416748047
105,2008-07-18 08:00:00+00:00,18.5,22.838443756103516
105,2008-08-05 22:00:00+00:00,18.600000381469727,19.059661865234375
105,2022-03-29 08:00:00+00:00,17.600000381469727,8.237951278686523
105,2024-08-16 02:00:00+00:00,21.899999618530273,18.036663055419922
105,2008-06-08 20:00:00+00:00,18.5,19.49167251586914
105,2014-01-25 19:00:00+00:00,-7.000000953674316,5.255006313323975
105,2022-01-16 07:00:00+00:00,-3.5,4.627608776092529
105,2023-06-10 06:00:00+00:00,17.5,18.14864730834961
105,2012-01-16 18:00:00+00:00,-0.6000003814697266,5.212255477905273
105,2023-08-29 09:00:00+00:00,15.899999618530273,22.694547653198242
105,2016-12-25 22:00:00+00:00,9.0,4.553772926330566
105,2017-10-24 11:00:00+00:00,12.5,13.27927017211914
105,2013-06-09 12:00:00+00:00,26.0,23.037307739257812
105,2022-12-10 22:00:00+00:00,2.6000003814697266,4.625382423400879
105,2020-10-13 07:00:00+00:00,6.900000095367432,10.615935325622559
105,2023-02-07 00:00:00+00:00,-4.699999809265137,4.781728267669678
105,2024-09-12 12:00:00+00:00,11.5,22.30418586730957
105,2013-05-12 14:00:00+00:00,15.300000190734863,19.97580909729004
105,2017-01-28 01:00:00+00:00,-4.40000057220459,4.0520477294921875
105,2011-01-27 07:00:00+00:00,-0.8000001907348633,4.036808013916016
105,2009-05-21 12:00:00+00:00,26.700000762939453,20.325069427490234
105,2018-01-08 07:00:00+00:00,5.400000095367432,4.697251319885254
105,2012-07-26 09:00:00+00:00,23.600000381469727,23.80391502380371
105,2013-03-23 04:00:00+00:00,-2.1999998092651367,6.9515461921691895
105,2018-02-06 13:00:00+00:00,0.5,6.7336015701293945
105,2020-07-02 00:00:00+00:00,18.0,18.246334075927734
105,2014-03-08 17:00:00+00:00,11.100000381469727,9.15345573425293
105,2008-01-10 10:00:00+00:00,1.1999998092651367,4.68424129486084
105,2017-09-26 22:00:00+00:00,13.0,13.5930814743042
105,2016-11-13 16:00:00+00:00,1.5,8.948537826538086
105,2018-03-06 14:00:00+00:00,1.6000003814697266,9.298433303833008
105,2019-02-12 11:00:00+00:00,4.599999904632568,6.654033660888672
105,2022-03-15 22:00:00+00:00,8.199999809265137,6.9284892082214355
105,2012-04-11 03:00:00+00:00,6.599999904632568,7.900046348571777
105,2011-04-02 07:00:00+00:00,13.399999618530273,9.894911766052246
105,2014-01-12 23:00:00+00:00,-0.5,4.512546539306641
105,2018-05-01 07:00:00+00:00,17.100000381469727,13.469586372375488
105,2025-02-21 17:00:00+00:00,1.8999996185302734,6.677573204040527
105,2011-12-15 16:00:00+00:00,5.499999523162842,5.258820056915283
105,2017-05-22 22:00:00+00:00,16.299999237060547,15.01409912109375
105,2023-07-12 07:00:00+00:00,25.5,21.612152099609375
105,2014-05-13 18:00:00+00:00,12.300000190734863,17.923995971679688
105,2025-01-28 04:00:00+00:00,6.900000095367432,4.136420726776123
105,2012-05-07 23:00:00+00:00,10.199999809265137,12.741650581359863
105,2018-06-17 05:00:00+00:00,20.799999237060547,17.819686889648438
105,2017-04-19 17:00:00+00:00,1.3999996185302734,13.938753128051758
105,2023-05-22 07:00:00+00:00,20.399999618530273,16.23836326599121
105,2016-10-29 09:00:00+00:00,11.800000190734863,11.360570907592773
105,2015-05-21 03:00:00+00:00,9.899999618530273,12.844165802001953
105,2025-02-25 01:00:00+00:00,2.9000000953674316,5.0271077156066895
105,2013-08-21 09:00:00+00:00,18.899999618530273,23.187210083007812
105,2017-07-29 18:00:00+00:00,26.400001525878906,23.268749237060547
105,2014-05-28 16:00:00+00:00,15.5,20.28489875793457
105,2020-09-05 02:00:00+00:00,14.899999618530273,14.764463424682617
105,2013-07-05 23:00:00+00:00,20.799999237060547,18.978328704833984
105,2024-08-24 09:00:00+00:00,26.299999237060547,22.69191551208496
105,2008-02-05 17:00:00+00:00,5.599999904632568,6.237174034118652
105,2016-03-29 13:00:00+00:00,17.0,11.064730644226074
105,2015-03-24 19:00:00+00:00,11.300000190734863,8.749611854553223
105,2008-04-13 11:00:00+00:00,15.399999618530273,15.590314865112305
105,2025-03-21 16:00:00+00:00,13.800000190734863,9.81692886352539
105,2014-10-30 20:00:00+00:00,6.599999904632568,9.185428619384766
105,2024-11-17 00:00:00+00:00,-0.3000001907348633,5.5388994216918945
105,2011-06-08 14:00:00+00:00,24.600000381469727,23.023250579833984
105,2011-01-06 05:00:00+00:00,-3.40000057220459,3.465247631072998
105,2012-04-01 21:00:00+00:00,3.0999999046325684,10.078848838806152
105,2021-06-29 11:00:00+00:00,28.700000762939453,23.54943084716797
105,2010-12-02 11:00:00+00:00,2.09999942779541,5.66695499420166
105,2013-02-16 01:00:00+00:00,0.6999998092651367,4.884145259857178
105,2009-05-05 03:00:00+00:00,8.300000190734863,10.800419807434082
105,2025-06-08 16:00:00+00:00,18.899999618530273,22.440309524536133
105,2021-10-06 22:00:00+00:00,10.5,10.76098346710205
105,2008-04-25 05:00:00+00:00,11.5,9.965198516845703
105,2020-09-12 17:00:00+00:00,23.5,19.898509979248047
105,2018-08-04 00:00:00+00:00,22.399999618530273,18.610889434814453
105,2008-03-11 08:00:00+00:00,9.699999809265137,7.436254978179932
105,2017-11-30 01:00:00+00:00,0.39999961853027344,4.293368816375732
105,2008-02-19 21:00:00+00:00,4.0,5.753448963165283
105,2020-05-13 11:00:00+00:00,15.899999618530273,19.284231185913086
105,2015-07-31 00:00:00+00:00,18.600000381469727,19.10517120361328
105,2017-03-27 05:00:00+00:00,0.8999996185302734,7.328981399536133
105,2022-02-09 05:00:00+00:00,8.0,4.5675435066223145
105,2014-05-17 09:00:00+00:00,9.800000190734863,18.30731201171875
105,2022-12-19 09:00:00+00:00,-1.8000001907348633,5.153175354003906
105,2010-11-17 00:00:00+00:00,7.5,5.109896659851074
105,2023-01-01 20:00:00+00:00,6.800000190734863,4.972682952880859
105,2024-12-14 00:00:00+00:00,1.3000001907348633,4.168600082397461
105,2012-07-12 10:00:00+00:00,20.0,24.367246627807617
105,2008-08-05 21:00:00+00:00,19.0,20.084007263183594
105,2023-01-12 12:00:00+00:00,11.600000381469727,5.052140235900879
105,2010-08-16 13:00:00+00:00,19.299999237060547,25.454330444335938
105,2019-01-05 13:00:00+00:00,2.0,5.6033549308776855
105,2014-05-27 16:00:00+00:00,17.700000762939453,20.249755859375
105,2025-01-04 05:00:00+00:00,0.0,3.8510985374450684
105,2017-09-12 11:00:00+00:00,16.100000381469727,21.960546493530273
105,2018-01-25 17:00:00+00:00,3.3000001907348633,5.082552909851074
105,2010-09-28 07:00:00+00:00,12.300000190734863,15.268699645996094
105,2018-02-25 00:00:00+00:00,-7.09999942779541,5.59492301940918
105,2022-09-19 16:00:00+00:00,12.300000190734863,20.923198699951172
105,2022-10-15 19:00:00+00:00,14.0,12.344182014465332
105,2010-11-08 08:00:00+00:00,7.300000190734863,7.276576042175293
105,2017-11-26 08:00:00+00:00,5.099999904632568,6.149896144866943
105,2025-06-03 02:00:00+00:00,16.600000381469727,14.843216896057129
105,2016-08-14 04:00:00+00:00,14.699999809265137,18.386852264404297
105,2015-02-25 19:00:00+00:00,6.699999809265137,6.109438419342041
105,2012-09-24 06:00:00+00:00,12.100000381469727,14.662654876708984
105,2012-07-28 01:00:00+00:00,20.100000381469727,18.607948303222656
105,2011-07-26 02:00:00+00:00,15.5,18.256637573242188
105,2021-01-26 11:00:00+00:00,3.3000001907348633,5.599025249481201
105,2015-12-26 06:00:00+00:00,0.6999998092651367,4.022806167602539
105,2013-07-26 04:00:00+00:00,18.600000381469727,19.045194625854492
105,2015-01-15 14:00:00+00:00,6.0,5.195234298706055
105,2021-05-24 12:00:00+00:00,12.899999618530273,20.50206756591797
105,2012-03-08 00:00:00+00:00,1.0,6.026334285736084
105,2023-01-03 02:00:00+00:00,3.6999998092651367,3.886960029602051
105,2012-09-13 01:00:00+00:00,9.5,14.588752746582031
105,2023-01-26 23:00:00+00:00,0.19999980926513672,3.9845519065856934
105,2021-08-15 20:00:00+00:00,24.5,20.677114486694336
105,2013-11-22 20:00:00+00:00,7.199999809265137,6.167755126953125
105,2011-09-19 22:00:00+00:00,9.399999618530273,14.556081771850586
105,2017-07-17 08:00:00+00:00,24.200000762939453,22.990116119384766
105,2008-12-08 23:00:00+00:00,1.1000003814697266,4.6333136558532715
105,2009-10-28 12:00:00+00:00,13.300000190734863,12.989819526672363
105,2009-03-30 23:00:00+00:00,4.5,7.663384437561035
105,2024-01-11 16:00:00+00:00,-0.6999998092651367,5.055572509765625
105,2011-06-23 18:00:00+00:00,16.700000762939453,22.00066375732422
105,2016-01-31 16:00:00+00:00,5.699999809265137,6.169879913330078
105,2013-06-07 00:00:00+00:00,14.0,16.164079666137695
105,2016-04-08 22:00:00+00:00,8.199999809265137,9.633091926574707
105,2019-08-21 07:00:00+00:00,17.899999618530273,21.035655975341797
105,2021-04-13 16:00:00+00:00,2.5,14.106598854064941
105,2008-04-15 20:00:00+00:00,9.300000190734863,11.032115936279297
105,2012-12-25 12:00:00+00:00,1.0,5.505666732788086
105,2016-12-23 12:00:00+00:00,1.6000003814697266,5.247710704803467
105,2008-03-29 09:00:00+00:00,11.899999618530273,9.867870330810547
105,2011-05-15 14:00:00+00:00,12.5,20.169994354248047
105,2013-04-12 12:00:00+00:00,15.399999618530273,15.16092586517334
105,2023-12-28 01:00:00+00:00,3.1999998092651367,3.4295077323913574
105,2017-12-28 20:00:00+00:00,1.8000001907348633,4.357275485992432
105,2016-09-03 10:00:00+00:00,25.399999618530273,21.277217864990234
105,2016-06-17 11:00:00+00:00,20.399999618530273,23.082286834716797
105,2014-01-08 09:00:00+00:00,4.0,4.617087364196777
105,2013-11-27 09:00:00+00:00,1.0,6.206881999969482
105,2017-07-10 16:00:00+00:00,23.399999618530273,24.64729881286621
105,2015-02-10 13:00:00+00:00,4.900000095367432,6.854610919952393
105,2014-02-01 12:00:00+00:00,-2.6999998092651367,6.5908918380737305
105,2014-01-11 23:00:00+00:00,8.300000190734863,4.260128974914551
105,2018-05-13 02:00:00+00:00,14.699999809265137,12.183076858520508
105,2018-12-27 00:00:00+00:00,4.300000190734863,3.591907501220703
105,2014-03-21 12:00:00+00:00,19.899999618530273,10.24252700805664
105,2008-03-08 07:00:00+00:00,5.099999904632568,7.157883644104004
105,2017-02-23 05:00:00+00:00,11.0,4.747095584869385
105,2019-07-03 23:00:00+00:00,18.899999618530273,18.586719512939453
105,2014-06-11 00:00:00+00:00,19.600000381469727,16.173620223999023
105,2016-11-25 02:00:00+00:00,6.400000095367432,4.53930139541626
105,2008-01-14 14:00:00+00:00,4.5,5.958230495452881
105,2019-10-06 14:00:00+00:00,11.800000190734863,16.769716262817383
105,2009-09-14 18:00:00+00:00,17.100000381469727,19.460046768188477
105,2021-04-04 14:00:00+00:00,9.699999809265137,15.110013961791992
105,2015-05-05 15:00:00+00:00,25.399999618530273,18.971561431884766
105,2010-03-19 05:00:00+00:00,2.40000057220459,6.608929634094238
105,2010-03-01 23:00:00+00:00,4.800000190734863,6.470730304718018
105,2009-01-12 00:00:00+00:00,-7.40000057220459,4.33040189743042
105,2019-12-06 17:00:00+00:00,-0.5,5.711722373962402
105,2010-03-12 01:00:00+00:00,-0.6999998092651367,6.147895336151123
105,2010-08-06 07:00:00+00:00,15.5,21.445810317993164
105,2018-11-05 04:00:00+00:00,11.100000381469727,5.925502300262451
105,2009-01-03 23:00:00+00:00,-7.300000190734863,4.251086711883545
105,2016-04-01 22:00:00+00:00,6.5,9.228017807006836
105,2018-04-30 06:00:00+00:00,19.799999237060547,11.067647933959961
105,2024-10-19 08:00:00+00:00,11.5,11.651165008544922
105,2023-03-18 22:00:00+00:00,8.100000381469727,7.897158145904541
105,2022-04-03 06:00:00+00:00,1.0,9.110383033752441
105,2023-05-30 11:00:00+00:00,22.299999237060547,20.422412872314453
105,2020-04-05 16:00:00+00:00,15.899999618530273,14.532244682312012
105,2023-09-24 16:00:00+00:00,17.200000762939453,19.87082290649414
105,2013-01-24 13:00:00+00:00,-1.3999996185302734,5.289599418640137
105,2012-05-08 12:00:00+00:00,19.200000762939453,19.20111846923828
105,2024-01-18 19:00:00+00:00,9.699999809265137,4.654321193695068
105,2023-09-14 05:00:00+00:00,18.299999237060547,15.50892162322998
105,2019-04-11 04:00:00+00:00,6.300000190734863,8.0031099319458
105,2018-05-02 21:00:00+00:00,15.399999618530273,13.385869979858398
105,2008-01-11 04:00:00+00:00,-0.8999996185302734,3.430671215057373
105,2023-02-03 08:00:00+00:00,4.400000095367432,4.965104103088379
105,2017-03-04 13:00:00+00:00,20.100000381469727,9.752266883850098
105,2008-06-01 13:00:00+00:00,28.0,22.809598922729492
105,2018-06-05 06:00:00+00:00,22.799999237060547,17.662580490112305
105,2019-04-27 05:00:00+00:00,10.0,10.766457557678223
105,2024-01-05 00:00:00+00:00,6.900000095367432,3.7059545516967773
105,2024-08-22 05:00:00+00:00,15.5,19.00311279296875
105,2016-10-03 06:00:00+00:00,12.300000190734863,11.133140563964844
105,2015-06-25 06:00:00+00:00,16.700000762939453,19.0872802734375
105,2015-09-26 10:00:00+00:00,15.699999809265137,18.929641723632812
105,2010-06-07 04:00:00+00:00,17.399999618530273,16.30399513244629
105,2012-08-31 13:00:00+00:00,14.899999618530273,24.552654266357422
105,2009-12-05 01:00:00+00:00,4.300000190734863,4.231736660003662
105,2016-05-11 19:00:00+00:00,16.5,16.887374877929688
105,2015-09-04 18:00:00+00:00,19.5,20.09805679321289
105,2017-11-21 16:00:00+00:00,9.0,7.771161079406738
105,2022-03-25 22:00:00+00:00,7.5,7.824462413787842
105,2024-08-31 04:00:00+00:00,20.599998474121094,17.511184692382812
105,2008-01-10 06:00:00+00:00,0.0,3.6401925086975098
105,2008-11-12 01:00:00+00:00,6.599999904632568,5.141254901885986
105,2020-08-09 09:00:00+00:00,27.400001525878906,23.595796585083008
105,2012-08-13 17:00:00+00:00,21.600000381469727,24.084352493286133
105,2022-06-28 10:00:00+00:00,27.0,22.97714614868164
105,2023-05-12 15:00:00+00:00,11.0,19.665630340576172
105,2008-12-15 11:00:00+00:00,4.0,5.722097396850586
105,2010-06-30 20:00:00+00:00,24.100000381469727,20.403480529785156
105,2020-03-10 08:00:00+00:00,9.100000381469727,7.3974199295043945
105,2015-09-25 06:00:00+00:00,14.100000381469727,15.140900611877441
105,2024-07-07 11:00:00+00:00,22.899999618530273,24.786975860595703
105,2017-07-29 22:00:00+00:00,21.0,19.770780563354492
105,2012-05-03 14:00:00+00:00,20.799999237060547,19.281902313232422
105,2018-11-19 00:00:00+00:00,0.0,5.4761962890625
105,2015-09-02 09:00:00+00:00,20.299999237060547,20.862085342407227
105,2018-05-27 12:00:00+00:00,26.60000228881836,20.671550750732422
105,2019-12-01 17:00:00+00:00,3.9000000953674316,6.308330535888672
105,2012-06-15 16:00:00+00:00,25.200000762939453,22.92188262939453
105,2017-01-20 10:00:00+00:00,-6.199999809265137,4.850905895233154
105,2011-06-12 12:00:00+00:00,18.5,23.19095230102539
105,2016-08-27 00:00:00+00:00,17.5,17.505157470703125
105,2015-09-08 23:00:00+00:00,12.100000381469727,14.696073532104492
105,2018-11-30 06:00:00+00:00,-2.40000057220459,4.824385643005371
105,2013-07-24 03:00:00+00:00,18.600000381469727,18.4449405670166
105,2022-07-24 08:00:00+00:00,25.799999237060547,22.911808013916016
105,2010-11-09 06:00:00+00:00,4.199999809265137,6.031254768371582
105,2023-02-22 02:00:00+00:00,11.199999809265137,4.680062770843506
105,2015-06-29 12:00:00+00:00,21.5,23.933818817138672
105,2019-06-13 21:00:00+00:00,25.399999618530273,18.675243377685547
105,2016-07-28 03:00:00+00:00,18.399999618530273,18.730207443237305
105,2017-04-17 09:00:00+00:00,9.899999618530273,13.253412246704102
105,2015-12-09 02:00:00+00:00,2.40000057220459,3.775566577911377
105,2011-06-28 09:00:00+00:00,22.0,22.254241943359375
105,2013-09-25 06:00:00+00:00,11.100000381469727,14.6729736328125
105,2021-08-15 14:00:00+00:00,31.60000228881836,25.338321685791016
105,2016-01-20 10:00:00+00:00,-1.0,4.980034351348877
105,2019-02-02 18:00:00+00:00,8.699999809265137,6.344189167022705
105,2021-06-15 18:00:00+00:00,23.5,21.459501266479492
105,2012-04-09 20:00:00+00:00,6.599999904632568,11.024988174438477
105,2022-11-22 08:00:00+00:00,4.400000095367432,6.230659484863281
105,2024-11-20 05:00:00+00:00,5.400000095367432,4.881155490875244
105,2009-02-09 19:00:00+00:00,-1.1999998092651367,6.122442722320557
105,2018-06-10 09:00:00+00:00,27.599998474121094,21.5323486328125
105,2023-08-01 05:00:00+00:00,19.0,19.24825096130371
105,2019-08-21 00:00:00+00:00,21.600000381469727,17.518146514892578
105,2012-04-20 07:00:00+00:00,10.199999809265137,11.129496574401855
105,2019-04-10 01:00:00+00:00,9.899999618530273,7.856522560119629
105,2010-12-29 19:00:00+00:00,-8.000000953674316,4.602792263031006
105,2013-06-02 17:00:00+00:00,11.300000190734863,21.526845932006836
105,2023-03-22 23:00:00+00:00,9.399999618530273,6.720268249511719
105,2024-08-02 15:00:00+00:00,28.299999237060547,25.23312759399414
105,2021-11-01 14:00:00+00:00,14.699999809265137,10.672800064086914
105,2010-03-09 10:00:00+00:00,-0.39999961853027344,8.395156860351562
105,2011-11-04 09:00:00+00:00,7.5,8.422159194946289
105,2015-10-09 02:00:00+00:00,12.899999618530273,9.244290351867676
105,2012-09-08 12:00:00+00:00,25.700000762939453,22.06479263305664
105,2024-06-07 10:00:00+00:00,25.899999618530273,22.045761108398438
105,2019-10-18 04:00:00+00:00,10.800000190734863,8.703740119934082
105,2025-02-19 15:00:00+00:00,2.0,6.752836227416992
105,2012-10-20 12:00:00+00:00,14.300000190734863,14.402612686157227
105,2013-12-16 22:00:00+00:00,-1.3999996185302734,4.600955963134766
105,2022-04-29 15:00:00+00:00,18.399999618530273,16.586544036865234
105,2019-07-11 00:00:00+00:00,15.100000381469727,18.57269859313965
105,2021-05-16 03:00:00+00:00,11.5,12.56468391418457
105,2009-07-27 11:00:00+00:00,25.100000381469727,25.107261657714844
105,2012-06-21 14:00:00+00:00,28.10000228881836,23.75669288635254
105,2022-08-30 02:00:00+00:00,16.700000762939453,16.218040466308594
105,2021-02-25 04:00:00+00:00,2.5,4.7009406089782715
105,2009-05-24 19:00:00+00:00,21.200000762939453,17.971343994140625
105,2013-12-28 17:00:00+00:00,6.199999809265137,5.427188873291016
105,2020-09-22 04:00:00+00:00,13.199999809265137,13.075416564941406
105,2011-08-06 04:00:00+00:00,19.399999618530273,18.871170043945312
105,2012-11-09 08:00:00+00:00,8.199999809265137,7.047106742858887
105,2020-03-18 07:00:00+00:00,10.5,6.96719217300415
105,2023-02-23 23:00:00+00:00,9.600000381469727,5.020791530609131
105,2015-01-17 21:00:00+00:00,3.6999998092651367,4.756363391876221
105,2018-09-14 04:00:00+00:00,18.399999618530273,14.915581703186035
105,2025-08-20 19:00:00+00:00,22.600000381469727,21.716524124145508
105,2023-12-30 05:00:00+00:00,11.0,3.838798999786377
105,2020-01-20 10:00:00+00:00,3.5,5.538394451141357
105,2014-08-12 23:00:00+00:00,15.800000190734863,17.99928092956543
105,2025-08-05 15:00:00+00:00,28.0,25.331228256225586
105,2016-03-09 18:00:00+00:00,4.400000095367432,8.130894660949707
105,2020-05-01 21:00:00+00:00,14.199999809265137,13.841381072998047
105,2008-05-09 08:00:00+00:00,17.600000381469727,16.49741554260254
105,2015-03-02 15:00:00+00:00,7.099999904632568,9.683636665344238
105,2012-10-02 23:00:00+00:00,13.0,10.149787902832031
105,2019-12-02 16:00:00+00:00,3.3000001907348633,6.391034126281738
105,2019-07-25 22:00:00+00:00,23.399999618530273,19.896560668945312
105,2011-02-17 08:00:00+00:00,0.39999961853027344,5.2381978034973145
105,2016-10-22 11:00:00+00:00,11.199999809265137,13.770297050476074
105,2018-02-08 07:00:00+00:00,1.3000001907348633,4.745728492736816
105,2012-06-01 23:00:00+00:00,14.300000190734863,16.440711975097656
105,2020-03-05 12:00:00+00:00,11.699999809265137,8.623283386230469
105,2008-05-23 03:00:00+00:00,11.899999618530273,13.257939338684082
105,2012-10-23 02:00:00+00:00,5.699999809265137,7.757083892822266
105,2011-07-31 18:00:00+00:00,17.200000762939453,23.41940689086914
105,2020-03-13 23:00:00+00:00,4.800000190734863,6.740625381469727
105,2008-05-21 12:00:00+00:00,11.600000381469727,20.2667179107666
105,2012-01-14 09:00:00+00:00,3.4000000953674316,4.806105613708496
105,2012-07-17 11:00:00+00:00,20.200000762939453,24.97759437561035
105,2022-11-09 12:00:00+00:00,9.100000381469727,8.8505220413208
105,2022-01-06 19:00:00+00:00,1.1999998092651367,4.573090076446533
105,2024-07-22 06:00:00+00:00,24.0,20.813480377197266
105,2019-05-17 09:00:00+00:00,14.399999618530273,18.28224754333496
105,2008-05-18 16:00:00+00:00,15.199999809265137,19.796823501586914
105,2023-08-25 17:00:00+00:00,31.60000228881836,23.214391708374023
105,2024-12-13 13:00:00+00:00,1.3000001907348633,5.797685623168945
105,2010-07-04 11:00:00+00:00,26.5,24.680221557617188
105,2011-10-18 01:00:00+00:00,2.09999942779541,8.370031356811523
105,2014-12-17 00:00:00+00:00,5.499999523162842,3.8534131050109863
105,2019-07-31 03:00:00+00:00,23.0,18.538644790649414
105,2008-08-19 12:00:00+00:00,25.799999237060547,25.181934356689453
105,2019-11-02 07:00:00+00:00,6.300000190734863,7.346167087554932
105,2022-05-06 00:00:00+00:00,13.199999809265137,12.071465492248535
105,2022-09-09 03:00:00+00:00,13.899999618530273,14.987337112426758
105,2016-07-29 21:00:00+00:00,21.799999237060547,20.678531646728516
105,2021-08-08 06:00:00+00:00,18.399999618530273,20.404186248779297
105,2022-08-30 23:00:00+00:00,18.5,16.984661102294922
105,2021-09-15 10:00:00+00:00,22.399999618530273,20.863510131835938
105,2025-01-06 00:00:00+00:00,0.6000003814697266,4.320288181304932
105,2015-11-07 08:00:00+00:00,14.199999809265137,7.63083553314209
105,2022-01-07 21:00:00+00:00,-2.09999942779541,4.363724231719971
105,2019-09-17 07:00:00+00:00,19.100000381469727,16.655244827270508
105,2010-10-05 14:00:00+00:00,10.800000190734863,17.375337600708008
105,2015-11-02 00:00:00+00:00,3.0,6.453669548034668
105,2015-04-16 02:00:00+00:00,11.199999809265137,8.281668663024902
105,2020-04-26 14:00:00+00:00,17.200000762939453,17.073759078979492
105,2009-12-26 20:00:00+00:00,2.1999998092651367,4.8165154457092285
105,2025-04-24 09:00:00+00:00,14.100000381469727,13.667760848999023
105,2008-07-02 12:00:00+00:00,27.400001525878906,24.93421173095703
105,2025-02-07 11:00:00+00:00,3.8000001907348633,6.072173118591309
105,2019-09-19 03:00:00+00:00,10.800000190734863,14.145020484924316
105,2015-11-10 03:00:00+00:00,15.899999618530273,5.378725051879883
105,2021-12-23 05:00:00+00:00,-3.6999998092651367,3.5044240951538086
105,2020-10-06 18:00:00+00:00,14.300000190734863,14.120583534240723
105,2012-01-08 21:00:00+00:00,4.099999904632568,4.813398361206055
105,2024-02-15 07:00:00+00:00,7.800000190734863,4.916927337646484
105,2015-02-18 10:00:00+00:00,1.6999998092651367,6.235960483551025
105,2023-12-05 01:00:00+00:00,-1.1999998092651367,4.30177116394043
105,2013-01-09 06:00:00+00:00,4.400000095367432,3.859614372253418
105,2010-01-28 12:00:00+00:00,1.3000001907348633,5.262826919555664
105,2012-02-10 03:00:00+00:00,-10.09999942779541,4.262130260467529
105,2009-02-27 02:00:00+00:00,3.9000000953674316,4.795262813568115
105,2025-10-01 07:00:00+00:00,9.199999809265137,12.356494903564453
105,2014-05-16 05:00:00+00:00,9.100000381469727,13.53170108795166
105,2014-05-21 08:00:00+00:00,20.700000762939453,17.298051834106445
105,2025-08-25 04:00:00+00:00,12.800000190734863,17.521570205688477
105,2016-09-02 00:00:00+00:00,18.700000762939453,15.57063102722168
105,2024-04-15 02:00:00+00:00,14.699999809265137,8.607385635375977
105,2017-09-11 01:00:00+00:00,14.600000381469727,13.955772399902344
105,2016-07-28 08:00:00+00:00,22.0,22.931665420532227
105,2017-02-09 06:00:00+00:00,-3.5,4.532476902008057
105,2022-02-18 19:00:00+00:00,9.800000190734863,6.167475700378418
105,2023-04-07 21:00:00+00:00,6.5,9.968366622924805
105,2008-04-03 06:00:00+00:00,6.800000190734863,8.265596389770508
105,2022-10-24 12:00:00+00:00,17.299999237060547,14.309120178222656
105,2011-02-03 11:00:00+00:00,1.0,5.768681049346924
105,2012-07-05 06:00:00+00:00,24.399999618530273,20.257858276367188
105,2011-12-10 00:00:00+00:00,11.399999618530273,4.261221885681152
105,2008-11-06 14:00:00+00:00,17.799999237060547,9.288286209106445
105,2024-10-26 02:00:00+00:00,13.300000190734863,7.74356746673584
105,2009-12-31 10:00:00+00:00,6.199999809265137,4.688223361968994
105,2023-02-22 13:00:00+00:00,14.399999618530273,6.904851913452148
105,2015-05-29 20:00:00+00:00,18.799999237060547,17.407777786254883
105,2013-06-05 03:00:00+00:00,12.899999618530273,15.45811653137207
105,2010-07-11 10:00:00+00:00,29.10000228881836,24.326932907104492
105,2017-02-16 01:00:00+00:00,-0.6000003814697266,4.469860553741455
105,2023-09-09 12:00:00+00:00,28.700000762939453,22.06479263305664
105,2012-12-29 04:00:00+00:00,-2.6999998092651367,3.730410099029541
105,2011-12-13 05:00:00+00:00,4.400000095367432,4.166390895843506
105,2014-06-08 23:00:00+00:00,18.299999237060547,16.78057289123535
105,2008-06-01 06:00:00+00:00,22.399999618530273,17.81896209716797
105,2012-08-09 01:00:00+00:00,18.600000381469727,18.333221435546875
105,2023-04-17 17:00:00+00:00,14.399999618530273,14.506712913513184
105,2019-09-30 03:00:00+00:00,22.600000381469727,12.094221115112305
105,2013-01-14 01:00:00+00:00,-2.8000001907348633,4.2424635887146
105,2024-09-08 08:00:00+00:00,24.200000762939453,19.261585235595703
105,2024-04-12 17:00:00+00:00,19.100000381469727,13.702491760253906
105,2018-02-26 23:00:00+00:00,-9.500000953674316,5.789741039276123
105,2020-08-25 21:00:00+00:00,17.5,19.131752014160156
105,2023-10-10 22:00:00+00:00,14.5,10.016282081604004
105,2016-04-27 10:00:00+00:00,5.699999809265137,14.974967956542969
105,2019-08-01 05:00:00+00:00,19.100000381469727,19.460224151611328
105,2015-04-26 23:00:00+00:00,13.199999809265137,10.68541145324707
105,2010-11-26 10:00:00+00:00,3.6999998092651367,7.0731353759765625
105,2023-11-06 19:00:00+00:00,8.300000190734863,7.783617973327637
105,2015-07-13 14:00:00+00:00,23.600000381469727,25.376073837280273
105,2011-10-29 16:00:00+00:00,10.100000381469727,12.748083114624023
105,2013-08-31 20:00:00+00:00,18.600000381469727,19.8570499420166
105,2008-09-07 15:00:00+00:00,23.799999237060547,22.283607482910156
105,2019-03-21 05:00:00+00:00,-0.8000001907348633,6.476284980773926
105,2014-10-12 11:00:00+00:00,20.299999237060547,15.252164840698242
105,2016-04-05 02:00:00+00:00,11.5,7.786172389984131
105,2024-02-09 08:00:00+00:00,7.300000190734863,5.110246658325195
105,2009-11-05 06:00:00+00:00,3.6999998092651367,6.052004337310791
105,2009-03-23 06:00:00+00:00,5.800000190734863,7.4368896484375
105,2021-09-02 21:00:00+00:00,13.899999618530273,17.565120697021484
105,2022-11-06 02:00:00+00:00,7.5,5.8749470710754395
105,2012-03-06 05:00:00+00:00,1.0,6.189478874206543
105,2014-09-08 08:00:00+00:00,17.399999618530273,19.264694213867188
105,2017-10-10 16:00:00+00:00,15.5,15.605263710021973
105,2017-04-21 14:00:00+00:00,12.800000190734863,16.0666446685791
105,2021-05-15 12:00:00+00:00,17.899999618530273,19.93982696533203
105,2013-03-18 18:00:00+00:00,1.3999996185302734,9.36706829071045
105,2022-11-13 02:00:00+00:00,4.800000190734863,5.478522777557373
105,2010-06-13 03:00:00+00:00,20.700000762939453,16.16954803466797
105,2021-08-07 14:00:00+00:00,28.0,25.41958236694336
105,2015-02-03 22:00:00+00:00,-1.0,5.131305694580078
105,2016-04-17 19:00:00+00:00,14.300000190734863,13.151350975036621
105,2023-08-24 23:00:00+00:00,24.600000381469727,18.342254638671875
105,2015-08-07 01:00:00+00:00,22.700000762939453,18.490371704101562
105,2016-11-07 08:00:00+00:00,5.699999809265137,7.276576042175293
105,2018-03-25 09:00:00+00:00,5.300000190734863,9.81047248840332
105,2011-02-13 14:00:00+00:00,-0.8999996185302734,7.708410263061523
105,2022-12-12 03:00:00+00:00,-2.0,4.308236598968506
105,2015-03-26 21:00:00+00:00,10.5,7.8121185302734375
105,2022-08-16 13:00:00+00:00,30.700000762939453,25.462570190429688
105,2013-02-07 14:00:00+00:00,3.8000001907348633,6.276397705078125
105,2017-10-03 21:00:00+00:00,12.300000190734863,11.57223892211914
105,2010-12-24 03:00:00+00:00,5.699999809265137,3.434894561767578
105,2018-06-24 19:00:00+00:00,17.700000762939453,20.989234924316406
105,2023-07-29 01:00:00+00:00,21.899999618530273,18.607948303222656
105,2018-01-26 00:00:00+00:00,0.6999998092651367,3.8620481491088867
105,2009-03-06 06:00:00+00:00,4.599999904632568,6.227818012237549
105,2010-05-20 18:00:00+00:00,12.100000381469727,18.587047576904297
105,2015-02-10 14:00:00+00:00,4.800000190734863,6.860180377960205
105,2021-09-07 11:00:00+00:00,19.399999618530273,22.447040557861328
105,2021-03-11 03:00:00+00:00,-0.8999996185302734,5.8496503829956055
105,2011-04-18 09:00:00+00:00,13.699999809265137,13.391319274902344
105,2010-04-20 00:00:00+00:00,8.899999618530273,8.80645751953125
105,2010-08-01 12:00:00+00:00,25.799999237060547,25.42438507080078
105,2009-07-21 09:00:00+00:00,23.799999237060547,23.72563934326172
105,2012-02-04 10:00:00+00:00,-10.399998664855957,6.082626819610596
105,2017-11-12 16:00:00+00:00,6.099999904632568,9.093299865722656
105,2021-11-26 14:00:00+00:00,0.6000003814697266,8.245566368103027
105,2015-10-05 19:00:00+00:00,13.300000190734863,13.27205753326416
105,2022-04-04 03:00:00+00:00,0.10000038146972656,8.048555374145508
105,2008-04-05 18:00:00+00:00,9.399999618530273,12.710779190063477
105,2022-03-11 07:00:00+00:00,-1.3000001907348633,6.819976806640625
105,2017-11-21 14:00:00+00:00,8.699999809265137,8.32962417602539
105,2008-03-15 09:00:00+00:00,10.300000190734863,8.860054969787598
105,2017-07-09 23:00:00+00:00,19.600000381469727,19.007110595703125
105,2018-02-19 06:00:00+00:00,-4.699999809265137,5.694672107696533
105,2022-09-27 10:00:00+00:00,12.300000190734863,19.233020782470703
105,2010-02-10 20:00:00+00:00,-1.8999996185302734,5.337287425994873
105,2012-07-10 06:00:00+00:00,22.299999237060547,20.533458709716797
105,2021-04-16 14:00:00+00:00,7.800000190734863,15.577049255371094
105,2017-10-10 00:00:00+00:00,11.0,9.192296981811523
105,2024-06-11 02:00:00+00:00,17.799999237060547,15.603099822998047
105,2022-04-12 00:00:00+00:00,4.199999809265137,8.3797607421875
105,2018-05-30 14:00:00+00:00,27.0,21.01171875
105,2014-11-13 08:00:00+00:00,11.0,6.567643165588379
105,2011-08-04 11:00:00+00:00,20.799999237060547,25.087387084960938
105,2024-03-19 00:00:00+00:00,0.8000001907348633,6.594420433044434
105,2011-05-26 00:00:00+00:00,11.899999618530273,13.963906288146973
105,2014-09-19 12:00:00+00:00,19.600000381469727,21.245525360107422
105,2016-03-26 06:00:00+00:00,6.099999904632568,7.759974479675293
105,2025-03-29 05:00:00+00:00,8.5,7.516202449798584
105,2018-03-10 23:00:00+00:00,8.0,6.87747859954834
105,2014-08-28 12:00:00+00:00,21.100000381469727,24.770904541015625
105,2011-03-29 08:00:00+00:00,11.100000381469727,8.237951278686523
105,2021-01-26 08:00:00+00:00,0.6999998092651367,4.878958702087402
105,2022-03-27 16:00:00+00:00,15.399999618530273,11.795676231384277
105,2017-10-31 08:00:00+00:00,6.599999904632568,9.54333782196045
105,2009-01-12 21:00:00+00:00,-6.500000953674316,4.77029275894165
105,2010-11-09 03:00:00+00:00,6.099999904632568,5.4269938468933105
105,2020-05-12 05:00:00+00:00,4.199999809265137,12.839689254760742
105,2010-04-07 20:00:00+00:00,9.899999618530273,9.895050048828125
105,2008-02-29 18:00:00+00:00,11.0,6.75739860534668
105,2009-12-11 21:00:00+00:00,3.3000001907348633,4.518003940582275
105,2024-05-26 12:00:00+00:00,22.399999618530273,20.671550750732422
105,2021-06-21 02:00:00+00:00,23.299999237060547,16.622203826904297
105,2009-09-08 04:00:00+00:00,9.800000190734863,14.498286247253418
105,2013-06-11 07:00:00+00:00,13.899999618530273,19.340702056884766
105,2012-02-22 20:00:00+00:00,2.8000001907348633,5.747080326080322
105,2015-04-05 00:00:00+00:00,3.3000001907348633,8.828788757324219
105,2008-09-25 08:00:00+00:00,11.5,17.11539077758789
105,2013-05-01 05:00:00+00:00,13.5,11.430527687072754
105,2013-10-14 13:00:00+00:00,11.699999809265137,16.14564323425293
105,2012-04-28 00:00:00+00:00,14.300000190734863,10.70784854888916
105,2020-05-07 05:00:00+00:00,11.399999618530273,12.569642066955566
105,2018-07-29 08:00:00+00:00,27.10000228881836,22.903759002685547
105,2020-06-03 14:00:00+00:00,22.0,22.792470932006836
105,2014-04-01 04:00:00+00:00,10.300000190734863,7.735753059387207
105,2010-06-09 18:00:00+00:00,27.0,21.108699798583984
105,2021-09-29 05:00:00+00:00,11.5,13.347412109375
105,2017-01-05 18:00:00+00:00,-3.1999998092651367,4.7562079429626465
105,2025-06-22 15:00:00+00:00,29.900001525878906,23.503921508789062
105,2012-02-11 10:00:00+00:00,-9.500000953674316,6.318119525909424
105,2013-06-01 14:00:00+00:00,17.5,22.768404006958008
105,2016-12-24 01:00:00+00:00,0.3000001907348633,3.8675169944763184
105,2013-05-27 15:00:00+00:00,11.199999809265137,20.679929733276367
105,2022-10-28 22:00:00+00:00,12.300000190734863,8.800764083862305
105,2019-10-22 16:00:00+00:00,16.100000381469727,13.826169967651367
105,2025-08-09 00:00:00+00:00,20.100000381469727,18.47681427001953
105,2021-06-16 18:00:00+00:00,26.5,21.510047912597656
105,2025-02-01 09:00:00+00:00,3.4000000953674316,5.562902927398682
105,2021-10-29 04:00:00+00:00,6.599999904632568,7.62876033782959
105,2011-11-13 09:00:00+00:00,1.8999996185302734,7.746103286743164
105,2014-02-12 07:00:00+00:00,1.1999998092651367,5.04766321182251
105,2009-02-18 06:00:00+00:00,-4.800000190734863,4.984762191772461
105,2021-08-05 05:00:00+00:00,15.600000381469727,19.417678833007812
105,2021-01-23 14:00:00+00:00,6.0,5.965418338775635
105,2018-12-14 21:00:00+00:00,-1.1999998092651367,4.457789897918701
105,2014-11-07 16:00:00+00:00,10.800000190734863,9.172694206237793
105,2024-06-24 01:00:00+00:00,19.899999618530273,17.004423141479492
105,2019-08-05 21:00:00+00:00,21.600000381469727,20.258373260498047
105,2019-02-06 08:00:00+00:00,-0.10000038146972656,5.1567535400390625
105,2012-03-08 04:00:00+00:00,0.19999980926513672,5.848385334014893
105,2011-02-17 07:00:00+00:00,0.3000001907348633,4.971644878387451
105,2020-12-31 21:00:00+00:00,-2.5,4.1759843826293945
105,2018-11-25 05:00:00+00:00,4.800000190734863,5.078164100646973
105,2021-01-25 19:00:00+00:00,1.3999996185302734,5.1722283363342285
105,2011-08-11 17:00:00+00:00,23.600000381469727,24.03963279724121
105,2020-05-06 15:00:00+00:00,15.899999618530273,19.05815315246582
105,2019-05-22 12:00:00+00:00,16.100000381469727,20.2667179107666
105,2012-11-05 19:00:00+00:00,7.5,7.783617973327637
105,2011-08-24 18:00:00+00:00,28.299999237060547,22.590967178344727
105,2018-10-02 01:00:00+00:00,10.399999618530273,9.593196868896484
105,2022-05-09 09:00:00+00:00,19.399999618530273,17.44091796875
105,2013-01-25 21:00:00+00:00,-4.800000190734863,4.548472881317139
105,2012-06-29 18:00:00+00:00,28.200000762939453,22.101818084716797
105,2023-10-19 20:00:00+00:00,11.199999809265137,10.39169692993164
105,2010-11-16 04:00:00+00:00,9.399999618530273,5.153542995452881
105,2008-04-20 02:00:00+00:00,8.399999618530273,9.253240585327148
105,2025-05-23 16:00:00+00:00,16.0,19.97591781616211
105,2019-04-02 13:00:00+00:00,18.200000762939453,13.454307556152344
105,2021-08-21 21:00:00+00:00,18.200000762939453,19.66811752319336
105,2009-06-02 17:00:00+00:00,19.299999237060547,21.392940521240234
105,2018-12-21 07:00:00+00:00,-1.1000003814697266,3.9948601722717285
105,2014-10-17 23:00:00+00:00,14.600000381469727,9.341184616088867
105,2022-01-15 03:00:00+00:00,5.199999809265137,3.7390947341918945
105,2024-07-08 21:00:00+00:00,24.399999618530273,20.72740936279297
105,2009-06-19 15:00:00+00:00,21.100000381469727,23.466777801513672
105,2012-08-19 03:00:00+00:00,15.800000190734863,17.63759994506836
105,2011-09-07 07:00:00+00:00,16.600000381469727,17.84091567993164
105,2015-09-26 13:00:00+00:00,16.0,20.363006591796875
105,2022-11-25 13:00:00+00:00,9.5,8.337844848632812
105,2021-12-01 01:00:00+00:00,5.900000095367432,4.056506633758545
105,2010-05-12 19:00:00+00:00,14.0,16.887374877929688
105,2017-11-09 09:00:00+00:00,7.300000190734863,7.40730094909668
105,2019-05-31 18:00:00+00:00,19.700000762939453,19.22991180419922
105,2010-04-09 21:00:00+00:00,11.699999809265137,10.13005542755127
105,2018-12-12 12:00:00+00:00,3.1999998092651367,5.4885640144348145
105,2014-09-19 20:00:00+00:00,17.600000381469727,16.82238006591797
105,2009-02-20 22:00:00+00:00,0.3000001907348633,5.302272319793701
105,2020-01-12 21:00:00+00:00,-0.6999998092651367,4.832998752593994
105,2010-08-16 07:00:00+00:00,20.700000762939453,21.247577667236328
105,2010-03-17 03:00:00+00:00,3.0999999046325684,6.0029520988464355
105,2012-08-12 19:00:00+00:00,15.100000381469727,21.84994888305664
105,2021-11-16 12:00:00+00:00,9.899999618530273,8.458110809326172
105,2025-06-24 16:00:00+00:00,29.700000762939453,23.18476104736328
105,2023-02-27 09:00:00+00:00,1.3000001907348633,6.957466125488281
105,2019-05-15 11:00:00+00:00,7.800000190734863,19.36466407775879
105,2022-07-30 09:00:00+00:00,19.0,23.659334182739258
105,2013-04-02 05:00:00+00:00,1.3999996185302734,8.06108283996582
105,2024-06-29 02:00:00+00:00,20.100000381469727,16.875118255615234
105,2018-03-06 20:00:00+00:00,0.6999998092651367,7.277824401855469
105,2023-09-04 13:00:00+00:00,23.399999618530273,23.57097816467285
105,2023-07-07 21:00:00+00:00,19.299999237060547,20.4539794921875
105,2018-01-02 23:00:00+00:00,4.0,4.220893859863281
105,2018-04-28 14:00:00+00:00,24.799999237060547,16.97480010986328
105,2021-08-17 13:00:00+00:00,20.299999237060547,25.44220733642578
5925,2008-05-27 21:00:00+00:00,23.799999237060547,14.781784057617188
5925,2008-02-27 07:00:00+00:00,12.0,3.4341092109680176
5925,2008-02-26 02:00:00+00:00,6.800000190734863,3.2803688049316406
5925,2008-06-05 00:00:00+00:00,18.299999237060547,14.972955703735352
5925,2008-01-22 05:00:00+00:00,9.600000381469727,2.167403221130371
5925,2008-06-05 13:00:00+00:00,18.299999237060547,22.220657348632812
5925,2008-02-16 12:00:00+00:00,-1.1999998092651367,5.723127841949463
5925,2008-02-23 14:00:00+00:00,14.5,6.2251811027526855
5925,2008-01-06 09:00:00+00:00,-0.10000038146972656,3.0763912200927734
5925,2008-06-03 08:00:00+00:00,22.700000762939453,18.75592803955078
5925,2008-06-07 04:00:00+00:00,16.700000762939453,15.654382705688477
5925,2008-05-14 06:00:00+00:00,16.200000762939453,12.751663208007812
5925,2008-03-05 22:00:00+00:00,1.1999998092651367,4.360990047454834
5925,2008-04-14 16:00:00+00:00,17.100000381469727,13.131394386291504
5925,2008-02-21 16:00:00+00:00,9.699999809265137,4.672668933868408
5925,2008-03-04 23:00:00+00:00,4.699999809265137,4.466354846954346
5925,2008-05-25 21:00:00+00:00,17.299999237060547,15.234638214111328
5925,2008-05-11 12:00:00+00:00,19.899999618530273,18.38615608215332
5925,2008-02-05 12:00:00+00:00,9.100000381469727,5.059443950653076
5925,2008-03-28 21:00:00+00:00,10.100000381469727,6.42291259765625
5925,2008-04-29 00:00:00+00:00,14.199999809265137,7.824355125427246
5925,2008-01-11 00:00:00+00:00,-0.8000001907348633,1.7520723342895508
5925,2008-05-27 20:00:00+00:00,24.5,15.876736640930176
5925,2008-05-11 09:00:00+00:00,18.299999237060547,16.73581314086914
5925,2008-03-24 06:00:00+00:00,1.5,5.126755237579346
5925,2008-05-23 05:00:00+00:00,13.0,13.376583099365234
5925,2008-03-02 10:00:00+00:00,10.300000190734863,7.325626850128174
5925,2008-02-14 17:00:00+00:00,3.0999999046325684,4.229671955108643
5925,2008-01-30 10:00:00+00:00,5.0,3.3485264778137207
5925,2008-03-21 11:00:00+00:00,8.100000381469727,9.223402976989746
5925,2008-04-23 22:00:00+00:00,10.5,8.362311363220215
5925,2008-06-26 05:00:00+00:00,22.200000762939453,17.012544631958008
5925,2008-06-25 18:00:00+00:00,29.299999237060547,21.179141998291016
5925,2008-04-19 21:00:00+00:00,12.899999618530273,9.500428199768066
5925,2008-03-09 10:00:00+00:00,9.600000381469727,7.79461669921875
5925,2008-02-01 10:00:00+00:00,3.0999999046325684,4.111504077911377
5925,2008-05-25 01:00:00+00:00,16.100000381469727,11.55707836151123
5925,2008-01-28 14:00:00+00:00,7.699999809265137,4.559178829193115
5925,2008-06-13 06:00:00+00:00,16.299999237060547,17.620752334594727
5925,2008-01-07 12:00:00+00:00,4.0,4.079988479614258
5925,2008-01-25 10:00:00+00:00,5.800000190734863,3.1661133766174316
5925,2008-05-11 11:00:00+00:00,19.100000381469727,17.99460220336914
5925,2008-01-19 01:00:00+00:00,8.600000381469727,2.121182441711426
5925,2008-01-29 05:00:00+00:00,6.5,2.265042304992676
5925,2008-02-12 01:00:00+00:00,0.8000001907348633,3.1031460762023926
5925,2008-01-26 22:00:00+00:00,10.100000381469727,2.934598445892334
5925,2008-01-24 07:00:00+00:00,3.5999999046325684,1.9970836639404297
5925,2008-01-16 05:00:00+00:00,6.599999904632568,1.7483043670654297
5925,2008-05-05 00:00:00+00:00,11.600000381469727,9.415627479553223
5925,2008-04-27 19:00:00+00:00,16.799999237060547,12.761043548583984
5925,2008-02-22 17:00:00+00:00,14.5,4.996281623840332
5925,2008-06-14 01:00:00+00:00,12.399999618530273,15.514707565307617
5925,2008-06-27 10:00:00+00:00,25.600000381469727,22.189069747924805
5925,2008-02-24 06:00:00+00:00,7.900000095367432,3.7671327590942383
5925,2008-03-14 06:00:00+00:00,6.800000190734863,4.498074531555176
5925,2008-06-22 08:00:00+00:00,24.899999618530273,19.955242156982422
5925,2008-04-01 22:00:00+00:00,12.5,6.907861709594727
5925,2008-05-19 06:00:00+00:00,14.5,13.464130401611328
5925,2008-04-26 16:00:00+00:00,16.200000762939453,15.429923057556152
5925,2008-04-25 10:00:00+00:00,15.100000381469727,14.258499145507812
5925,2008-04-20 02:00:00+00:00,11.300000190734863,6.837883949279785
5925,2008-05-06 07:00:00+00:00,14.399999618530273,12.926061630249023
5925,2008-03-17 01:00:00+00:00,10.300000190734863,4.596057891845703
5925,2008-03-17 00:00:00+00:00,10.300000190734863,4.834837913513184
5925,2008-05-26 18:00:00+00:00,22.399999618530273,17.88229751586914
5925,2008-06-22 21:00:00+00:00,26.799999237060547,18.22539710998535
5925,2008-05-23 19:00:00+00:00,17.299999237060547,16.711036682128906
5925,2008-06-28 13:00:00+00:00,25.600000381469727,23.501522064208984
5925,2008-06-19 23:00:00+00:00,21.399999618530273,16.563770294189453
5925,2008-04-13 20:00:00+00:00,13.699999809265137,9.888971328735352
5925,2008-05-01 02:00:00+00:00,13.300000190734863,9.02357006072998
5925,2008-04-09 10:00:00+00:00,12.100000381469727,11.01610279083252
5925,2008-04-27 14:00:00+00:00,18.799999237060547,16.086441040039062
5925,2008-03-25 23:00:00+00:00,0.8999996185302734,5.0773606300354
5925,2008-02-07 00:00:00+00:00,8.600000381469727,2.581468105316162
5925,2008-05-31 07:00:00+00:00,24.399999618530273,16.492265701293945
5925,2008-04-23 05:00:00+00:00,10.100000381469727,7.52347469329834
5925,2008-06-07 16:00:00+00:00,18.89999771118164,21.549394607543945
5925,2008-05-27 18:00:00+00:00,26.100000381469727,17.788732528686523
5925,2008-01-07 18:00:00+00:00,6.800000190734863,3.4647765159606934
5925,2008-02-27 02:00:00+00:00,8.600000381469727,3.1263623237609863
5925,2008-06-09 09:00:00+00:00,21.5,20.13422203063965
5925,2008-04-05 11:00:00+00:00,11.100000381469727,13.39239501953125
5925,2008-04-16 09:00:00+00:00,8.5,10.756301879882812
5925,2008-04-02 19:00:00+00:00,8.300000190734863,8.570807456970215
5925,2008-02-01 00:00:00+00:00,3.0,2.6677322387695312
5925,2008-05-27 07:00:00+00:00,20.5,15.601995468139648
5925,2008-02-11 02:00:00+00:00,0.8999996185302734,3.4200210571289062
5925,2008-04-14 11:00:00+00:00,17.0,13.503049850463867
5925,2008-04-28 01:00:00+00:00,9.699999809265137,7.269134521484375
5925,2008-01-11 01:00:00+00:00,-0.6000003814697266,1.5973711013793945
5925,2008-01-31 15:00:00+00:00,5.699999809265137,3.3584766387939453
5925,2008-04-07 03:00:00+00:00,5.599999904632568,5.890467643737793
5925,2008-01-23 09:00:00+00:00,3.9000000953674316,2.782072067260742
5925,2008-06-12 22:00:00+00:00,17.5,16.854658126831055
5925,2008-03-26 15:00:00+00:00,5.599999904632568,8.453304290771484
5925,2008-02-26 15:00:00+00:00,16.700000762939453,5.76798677444458
5925,2008-05-30 13:00:00+00:00,28.400001525878906,20.48626708984375
5925,2008-02-27 00:00:00+00:00,8.800000190734863,3.174262523651123
5925,2008-03-19 20:00:00+00:00,4.0,5.599593639373779
5925,2008-03-19 21:00:00+00:00,3.0,5.203543186187744
5925,2008-03-23 18:00:00+00:00,6.099999904632568,8.276551246643066
5925,2008-04-13 21:00:00+00:00,12.100000381469727,9.0062837600708
5925,2008-02-23 05:00:00+00:00,11.899999618530273,3.150308132171631
5925,2008-03-25 08:00:00+00:00,3.4000000953674316,6.511989116668701
5925,2008-03-08 19:00:00+00:00,6.400000095367432,6.874057769775391
5925,2008-02-23 23:00:00+00:00,10.5,3.8304786682128906
5925,2008-03-12 03:00:00+00:00,6.900000095367432,3.8386974334716797
5925,2008-01-14 21:00:00+00:00,4.300000190734863,2.981013774871826
5925,2008-01-06 22:00:00+00:00,4.0,2.845982074737549
5925,2008-05-23 13:00:00+00:00,18.89999771118164,19.89984130859375
5925,2008-06-13 02:00:00+00:00,15.700000762939453,15.29477596282959
5925,2008-02-25 05:00:00+00:00,6.5,3.625523090362549
5925,2008-03-09 04:00:00+00:00,5.300000190734863,4.434519290924072
5925,2008-04-23 16:00:00+00:00,13.699999809265137,13.770879745483398
5925,2008-01-15 02:00:00+00:00,4.0,2.1017045974731445
5925,2008-04-30 00:00:00+00:00,11.100000381469727,7.655261993408203
5925,2008-02-11 00:00:00+00:00,1.3000001907348633,3.483686923980713
5925,2008-05-03 02:00:00+00:00,11.600000381469727,9.607006072998047
5925,2008-03-29 02:00:00+00:00,8.699999809265137,4.749821186065674
5925,2008-01-11 11:00:00+00:00,0.3000001907348633,3.075371742248535
5925,2008-06-26 16:00:00+00:00,22.600000381469727,22.815706253051758
5925,2008-01-06 13:00:00+00:00,1.3999996185302734,4.080603122711182
5925,2008-06-07 08:00:00+00:00,18.600000381469727,19.200780868530273
5925,2008-04-13 07:00:00+00:00,11.399999618530273,8.89818286895752
5925,2008-03-03 06:00:00+00:00,11.100000381469727,4.459517478942871
5925,2008-05-16 09:00:00+00:00,19.5,16.972671508789062
5925,2008-04-30 22:00:00+00:00,14.199999809265137,8.924399375915527
5925,2008-03-31 22:00:00+00:00,11.699999809265137,5.941636085510254
5925,2008-01-14 14:00:00+00:00,5.599999904632568,4.210394859313965
5925,2008-01-16 03:00:00+00:00,5.900000095367432,1.6101446151733398
5925,2008-03-17 22:00:00+00:00,6.300000190734863,5.39044189453125
5925,2008-06-11 23:00:00+00:00,17.799999237060547,16.03592300415039
5925,2008-05-16 02:00:00+00:00,16.899999618530273,10.875226020812988
5925,2008-03-07 03:00:00+00:00,1.3000001907348633,3.7802186012268066
5925,2008-01-07 02:00:00+00:00,3.5,2.375886917114258
5925,2008-02-23 17:00:00+00:00,12.600000381469727,5.561478137969971
5925,2008-05-09 08:00:00+00:00,17.600000381469727,15.270906448364258
5925,2008-03-07 09:00:00+00:00,4.699999809265137,6.53415584564209
5925,2008-05-01 11:00:00+00:00,14.199999809265137,16.838314056396484
5925,2008-02-11 10:00:00+00:00,3.8000001907348633,4.80870246887207
5925,2008-05-07 16:00:00+00:00,18.799999237060547,17.36083221435547
5925,2008-03-16 02:00:00+00:00,7.699999809265137,4.67411470413208
5925,2008-05-21 15:00:00+00:00,13.600000381469727,19.32453727722168
5925,2008-06-03 23:00:00+00:00,18.89999771118164,15.165250778198242
5925,2008-04-12 06:00:00+00:00,9.800000190734863,8.073863983154297
5925,2008-01-15 16:00:00+00:00,5.400000095367432,3.6303091049194336
5925,2008-05-01 14:00:00+00:00,16.600000381469727,17.769268035888672
5925,2008-03-02 08:00:00+00:00,9.300000190734863,5.440560817718506
5925,2008-02-20 02:00:00+00:00,3.700000286102295,2.9326181411743164
5925,2008-06-24 13:00:00+00:00,29.200000762939453,23.197912216186523
5925,2008-06-09 00:00:00+00:00,17.0,14.963678359985352
5925,2008-01-27 17:00:00+00:00,5.900000095367432,4.051497936248779
5925,2008-05-14 21:00:00+00:00,19.200000762939453,13.385842323303223
5925,2008-03-18 11:00:00+00:00,5.199999809265137,7.983376979827881
5925,2008-02-29 22:00:00+00:00,12.100000381469727,3.9582529067993164
5925,2008-03-07 22:00:00+00:00,6.900000095367432,5.089049339294434
5925,2008-03-26 18:00:00+00:00,5.400000095367432,6.996642112731934
5925,2008-01-06 12:00:00+00:00,0.6999998092651367,3.899672508239746
5925,2008-05-21 21:00:00+00:00,13.100000381469727,14.25399112701416
5925,2008-04-06 18:00:00+00:00,10.399999618530273,11.360044479370117
5925,2008-04-19 16:00:00+00:00,15.899999618530273,14.807106018066406
5925,2008-06-27 16:00:00+00:00,25.799999237060547,22.713035583496094
5925,2008-06-08 02:00:00+00:00,16.899999618530273,14.767457962036133
5925,2008-05-18 22:00:00+00:00,15.5,13.459423065185547
5925,2008-04-18 06:00:00+00:00,7.400000095367432,8.367491722106934
5925,2008-06-03 09:00:00+00:00,23.5,19.71027374267578
5925,2008-03-09 20:00:00+00:00,9.0,6.156310558319092
5925,2008-04-22 12:00:00+00:00,17.299999237060547,14.42573070526123
5925,2008-06-27 15:00:00+00:00,26.299999237060547,23.198169708251953
5925,2008-04-10 08:00:00+00:00,17.0,9.269872665405273
5925,2008-01-14 20:00:00+00:00,4.599999904632568,3.1117424964904785
5925,2008-06-17 11:00:00+00:00,19.799999237060547,22.20075225830078
5925,2008-01-31 09:00:00+00:00,4.699999809265137,2.8195176124572754
5925,2008-04-30 14:00:00+00:00,19.5,15.602025985717773
5925,2008-05-27 06:00:00+00:00,18.799999237060547,14.341269493103027
5925,2008-01-28 09:00:00+00:00,6.699999809265137,3.5045437812805176
5925,2008-03-12 18:00:00+00:00,12.0,6.135876178741455
5925,2008-05-12 21:00:00+00:00,17.700000762939453,13.439953804016113
5925,2008-01-26 23:00:00+00:00,9.5,2.6927618980407715
5925,2008-01-11 19:00:00+00:00,1.6999998092651367,2.6441445350646973
5925,2008-03-29 04:00:00+00:00,8.5,4.730194568634033
5925,2008-01-13 02:00:00+00:00,5.900000095367432,2.3365354537963867
5925,2008-06-16 20:00:00+00:00,20.100000381469727,18.738903045654297
5925,2008-02-03 07:00:00+00:00,0.8999996185302734,3.548582077026367
5925,2008-05-28 17:00:00+00:00,25.799999237060547,18.843017578125
5925,2008-01-30 09:00:00+00:00,4.400000095367432,2.9520492553710938
5925,2008-04-20 05:00:00+00:00,10.600000381469727,7.513973236083984
5925,2008-01-17 22:00:00+00:00,4.400000095367432,1.8941612243652344
5925,2008-01-15 10:00:00+00:00,4.199999809265137,3.461106300354004
5925,2008-06-23 23:00:00+00:00,24.899999618530273,16.47381019592285
5925,2008-05-25 04:00:00+00:00,14.899999618530273,12.509321212768555
5925,2008-03-15 12:00:00+00:00,12.100000381469727,9.643924713134766
5925,2008-01-19 09:00:00+00:00,10.600000381469727,2.8959693908691406
5925,2008-05-29 21:00:00+00:00,21.0,15.224590301513672
5925,2008-04-30 18:00:00+00:00,17.700000762939453,12.821840286254883
5925,2008-03-01 05:00:00+00:00,13.300000190734863,4.083701133728027
5925,2008-04-24 18:00:00+00:00,16.200000762939453,12.489798545837402
5925,2008-06-04 14:00:00+00:00,22.799999237060547,22.044471740722656
5925,2008-05-12 09:00:00+00:00,19.700000762939453,16.529956817626953
5925,2008-01-04 01:00:00+00:00,-2.6999998092651367,1.5100021362304688
5925,2008-06-15 00:00:00+00:00,15.5,15.761106491088867
5925,2008-03-29 16:00:00+00:00,13.800000190734863,10.147354125976562
5925,2008-03-29 11:00:00+00:00,13.300000190734863,10.392800331115723
5925,2008-02-08 11:00:00+00:00,6.099999904632568,4.751388072967529
5925,2008-05-11 16:00:00+00:00,20.399999618530273,18.027103424072266
5925,2008-05-17 17:00:00+00:00,24.600000381469727,17.96207046508789
5925,2008-05-16 10:00:00+00:00,19.799999237060547,17.84441566467285
5925,2008-05-06 09:00:00+00:00,15.600000381469727,15.707136154174805
5925,2008-05-15 19:00:00+00:00,22.100000381469727,15.906400680541992
5925,2008-01-05 23:00:00+00:00,-3.40000057220459,2.319342613220215
5925,2008-03-24 21:00:00+00:00,2.5999999046325684,6.040680408477783
5925,2008-03-22 05:00:00+00:00,4.699999809265137,4.706343650817871
5925,2008-06-16 13:00:00+00:00,22.5,22.766292572021484
5925,2008-04-12 05:00:00+00:00,9.699999809265137,7.34615421295166
5925,2008-01-20 08:00:00+00:00,12.5,3.069723129272461
5925,2008-04-29 06:00:00+00:00,13.300000190734863,8.919374465942383
5925,2008-01-13 01:00:00+00:00,6.0,2.4541473388671875
5925,2008-05-04 18:00:00+00:00,15.5,16.08546257019043
5925,2008-05-27 22:00:00+00:00,23.100000381469727,13.652437210083008
5925,2008-03-29 08:00:00+00:00,11.399999618530273,7.387325763702393
5925,2008-05-22 12:00:00+00:00,16.100000381469727,19.557085037231445
5925,2008-03-28 17:00:00+00:00,11.600000381469727,8.750328063964844
5925,2008-06-06 04:00:00+00:00,16.5,15.52827262878418
5925,2008-03-19 05:00:00+00:00,2.1999998092651367,4.108646869659424
5925,2008-05-13 12:00:00+00:00,24.100000381469727,18.51964569091797
5925,2008-04-16 20:00:00+00:00,7.099999904632568,9.139518737792969
5925,2008-04-25 00:00:00+00:00,11.100000381469727,7.735368728637695
5925,2008-06-02 11:00:00+00:00,24.899999618530273,21.05310821533203
5925,2008-02-26 19:00:00+00:00,13.399999618530273,4.315729141235352
5925,2008-03-12 16:00:00+00:00,13.300000190734863,7.0680975914001465
5925,2008-06-08 11:00:00+00:00,20.799999237060547,21.48943328857422
5925,2008-06-07 00:00:00+00:00,17.600000381469727,15.341498374938965
5925,2008-03-19 16:00:00+00:00,5.5,7.4886393547058105
5925,2008-03-10 09:00:00+00:00,6.400000095367432,6.4933576583862305
5925,2008-05-31 19:00:00+00:00,26.0,17.515586853027344
5925,2008-04-03 10:00:00+00:00,9.600000381469727,10.762845993041992
5925,2008-03-07 07:00:00+00:00,2.09999942779541,4.783151149749756
5925,2008-03-19 23:00:00+00:00,2.8000006675720215,4.5807719230651855
5925,2008-01-16 08:00:00+00:00,7.300000190734863,2.321812629699707
5925,2008-05-05 13:00:00+00:00,15.100000381469727,18.052734375
5925,2008-04-07 17:00:00+00:00,6.400000095367432,11.257773399353027
5925,2008-06-14 08:00:00+00:00,16.700000762939453,19.696109771728516
5925,2008-03-21 10:00:00+00:00,6.699999809265137,8.568225860595703
5925,2008-01-19 17:00:00+00:00,13.300000190734863,3.529608726501465
5925,2008-04-07 00:00:00+00:00,6.5,6.447151184082031
5925,2008-02-29 10:00:00+00:00,7.900000095367432,5.3306097984313965
5925,2008-01-02 01:00:00+00:00,-0.10000038146972656,1.4835548400878906
5925,2008-04-01 15:00:00+00:00,16.399999618530273,11.161422729492188
5925,2008-02-25 00:00:00+00:00,9.399999618530273,3.768381118774414
5925,2008-06-12 21:00:00+00:00,18.299999237060547,17.64932632446289
5925,2008-03-02 09:00:00+00:00,10.300000190734863,6.266983985900879
5925,2008-04-16 01:00:00+00:00,8.0,6.419025421142578
5925,2008-03-07 01:00:00+00:00,2.3000001907348633,4.10141658782959
5925,2008-04-13 18:00:00+00:00,15.100000381469727,12.205336570739746
5925,2008-05-10 11:00:00+00:00,18.399999618530273,18.03933334350586
5925,2008-05-22 18:00:00+00:00,14.80000114440918,17.597379684448242
5925,2008-01-16 00:00:00+00:00,4.699999809265137,1.7804479598999023
5925,2008-01-18 06:00:00+00:00,5.400000095367432,1.7627782821655273
5925,2008-05-06 03:00:00+00:00,11.5,9.293212890625
5925,2008-06-08 17:00:00+00:00,20.600000381469727,20.92141342163086
5925,2008-02-15 22:00:00+00:00,-0.3000001907348633,3.593723773956299
5925,2008-02-13 21:00:00+00:00,-0.6999998092651367,3.1678781509399414
5925,2008-01-03 02:00:00+00:00,-1.3999996185302734,1.2140512466430664
5925,2008-06-22 12:00:00+00:00,29.700000762939453,22.900903701782227
5925,2008-01-01 19:00:00+00:00,1.5,2.8245930671691895
5925,2008-02-27 13:00:00+00:00,13.0,5.78434419631958
5925,2008-03-03 01:00:00+00:00,12.399999618530273,4.398358345031738
5925,2008-06-02 09:00:00+00:00,23.399999618530273,19.589962005615234
5925,2008-05-19 14:00:00+00:00,14.5,19.321563720703125
5925,2008-04-02 10:00:00+00:00,9.399999618530273,10.23678970336914
5925,2008-06-19 20:00:00+00:00,24.299999237060547,19.037260055541992
5925,2008-05-22 07:00:00+00:00,14.0,14.939041137695312
5925,2008-01-11 15:00:00+00:00,1.0,3.1383438110351562
5925,2008-06-13 13:00:00+00:00,14.899999618530273,22.711326599121094
5925,2008-03-06 17:00:00+00:00,5.099999904632568,6.420004367828369
5925,2008-02-13 16:00:00+00:00,-0.10000038146972656,4.375616550445557
5925,2008-06-06 19:00:00+00:00,19.5,19.014986038208008
5925,2008-04-17 00:00:00+00:00,6.0,6.637295246124268
5925,2008-05-08 16:00:00+00:00,21.5,17.757957458496094
5925,2008-02-23 02:00:00+00:00,12.0,3.137442111968994
5925,2008-01-10 14:00:00+00:00,0.8999996185302734,2.941227436065674
5925,2008-06-22 13:00:00+00:00,31.900001525878906,23.164339065551758
5925,2008-05-08 04:00:00+00:00,10.699999809265137,10.042694091796875
5925,2008-03-04 02:00:00+00:00,6.0,3.9554381370544434
5925,2008-04-28 12:00:00+00:00,21.100000381469727,15.695167541503906
5925,2008-05-27 09:00:00+00:00,22.600000381469727,17.88812255859375
5925,2008-06-14 04:00:00+00:00,11.899999618530273,16.15839385986328
5925,2008-06-23 08:00:00+00:00,26.200000762939453,20.04300880432129
5925,2008-01-14 03:00:00+00:00,3.0,2.4098119735717773
5925,2008-06-26 00:00:00+00:00,21.399999618530273,16.23479461669922
5925,2008-01-07 05:00:00+00:00,1.3000001907348633,2.4145469665527344
5925,2008-04-09 11:00:00+00:00,14.399999618530273,11.8334379196167
5925,2008-03-26 04:00:00+00:00,1.6000003814697266,4.131115913391113
5925,2008-05-15 21:00:00+00:00,20.100000381469727,13.882623672485352
5925,2008-06-16 14:00:00+00:00,23.399999618530273,22.799924850463867
5925,2008-01-03 07:00:00+00:00,-0.6999998092651367,1.6916942596435547
5925,2008-02-19 14:00:00+00:00,9.699999809265137,5.692409515380859
5925,2008-02-17 06:00:00+00:00,-6.59999942779541,3.6326045989990234
5925,2008-03-25 18:00:00+00:00,1.3000001907348633,7.2707953453063965
5925,2008-04-04 14:00:00+00:00,11.899999618530273,13.660345077514648
5925,2008-05-20 16:00:00+00:00,10.100000381469727,18.5998592376709
5925,2008-03-30 10:00:00+00:00,14.699999809265137,9.405869483947754
5925,2008-03-06 12:00:00+00:00,4.900000095367432,7.707918167114258
5925,2008-04-25 05:00:00+00:00,12.199999809265137,7.989292621612549
5925,2008-05-03 13:00:00+00:00,18.299999237060547,18.050567626953125
5925,2008-05-03 05:00:00+00:00,11.199999809265137,10.895624160766602
5925,2008-04-09 08:00:00+00:00,9.0,9.045438766479492
5925,2008-06-10 19:00:00+00:00,24.600000381469727,19.203943252563477
5925,2008-05-23 08:00:00+00:00,15.100000381469727,16.646190643310547
5925,2008-01-25 15:00:00+00:00,6.900000095367432,3.4161648750305176
5925,2008-04-12 21:00:00+00:00,11.0,8.98926067352295
5925,2008-04-01 23:00:00+00:00,12.600000381469727,6.474705696105957
5925,2008-05-09 00:00:00+00:00,15.700000762939453,10.76920223236084
5925,2008-03-17 07:00:00+00:00,10.0,5.3871612548828125
5925,2008-05-25 19:00:00+00:00,19.899999618530273,17.10194206237793
5925,2008-04-23 03:00:00+00:00,10.0,6.689777851104736
5925,2008-02-17 18:00:00+00:00,0.6999998092651367,4.952503204345703
5925,2008-03-31 06:00:00+00:00,8.5,5.499845027923584
5925,2008-05-26 01:00:00+00:00,14.399999618530273,11.193821907043457
5925,2008-05-01 15:00:00+00:00,16.100000381469727,17.497352600097656
5925,2008-04-04 10:00:00+00:00,10.399999618530273,11.791024208068848
5925,2008-04-21 20:00:00+00:00,12.0,10.18116569519043
5925,2008-04-24 23:00:00+00:00,9.699999809265137,7.688291549682617
5925,2008-05-28 11:00:00+00:00,26.299999237060547,19.554466247558594
5925,2008-03-02 19:00:00+00:00,11.300000190734863,6.230750560760498
5925,2008-05-05 03:00:00+00:00,9.300000190734863,8.975485801696777
5925,2008-03-02 04:00:00+00:00,8.300000190734863,4.339759349822998
5925,2008-06-21 01:00:00+00:00,20.0,15.950870513916016
5925,2008-02-24 23:00:00+00:00,9.600000381469727,3.9951748847961426
5925,2008-01-09 11:00:00+00:00,0.8999996185302734,3.1553473472595215
5925,2008-03-16 05:00:00+00:00,6.5,4.635966777801514
5925,2008-05-23 09:00:00+00:00,16.5,17.592731475830078
5925,2008-04-28 08:00:00+00:00,16.5,11.522433280944824
5925,2008-01-02 11:00:00+00:00,-0.5,3.062485694885254
5925,2008-03-05 06:00:00+00:00,3.5999999046325684,3.9893898963928223
5925,2008-05-28 16:00:00+00:00,27.799999237060547,19.506227493286133
5925,2008-04-16 23:00:00+00:00,6.5,7.257643699645996
5925,2008-02-23 04:00:00+00:00,12.0,3.057415008544922
5925,2008-01-01 14:00:00+00:00,1.8999996185302734,3.7889480590820312
5925,2008-01-05 02:00:00+00:00,-5.199999809265137,1.7749834060668945
5925,2008-04-18 11:00:00+00:00,11.300000190734863,14.302875518798828
5925,2008-03-25 06:00:00+00:00,2.09999942779541,5.10370397567749
5925,2008-06-19 03:00:00+00:00,17.0,15.569332122802734
5925,2008-02-22 19:00:00+00:00,14.5,4.581243991851807
5925,2008-03-19 09:00:00+00:00,5.199999809265137,6.591983795166016
5925,2008-06-07 18:00:00+00:00,20.200000762939453,20.047260284423828
5925,2008-04-14 17:00:00+00:00,16.600000381469727,12.2201566696167
5925,2008-02-14 00:00:00+00:00,0.3000001907348633,2.7741737365722656
5925,2008-02-02 10:00:00+00:00,4.900000095367432,4.23793888092041
5925,2008-01-19 20:00:00+00:00,13.399999618530273,3.0501585006713867
5925,2008-03-04 18:00:00+00:00,5.699999809265137,6.087020397186279
5925,2008-04-29 19:00:00+00:00,11.800000190734863,11.444395065307617
5925,2008-01-22 18:00:00+00:00,4.800000190734863,3.3041396141052246
5925,2008-01-01 03:00:00+00:00,1.6000003814697266,1.9314146041870117
5925,2008-05-28 07:00:00+00:00,22.5,15.437917709350586
5925,2008-01-01 02:00:00+00:00,1.5,1.96612548828125
5925,2008-01-13 18:00:00+00:00,4.5,3.590634822845459
5925,2008-05-23 04:00:00+00:00,12.600000381469727,12.430559158325195
5925,2008-04-12 15:00:00+00:00,14.100000381469727,14.636486053466797
5925,2008-06-24 21:00:00+00:00,21.5,18.224123001098633
5925,2008-06-09 01:00:00+00:00,16.899999618530273,14.598381042480469
5925,2008-05-31 13:00:00+00:00,29.900001525878906,20.465103149414062
5925,2008-04-18 15:00:00+00:00,17.0,14.83604621887207
5925,2008-01-23 05:00:00+00:00,3.4000000953674316,1.873178482055664
5925,2008-01-03 21:00:00+00:00,-3.0,1.8527460098266602
5925,2008-04-11 00:00:00+00:00,13.800000190734863,6.9335222244262695
5925,2008-01-28 08:00:00+00:00,6.199999809265137,3.20491886138916
5925,2008-01-06 08:00:00+00:00,-0.6999998092651367,2.83065128326416
5925,2008-03-29 15:00:00+00:00,13.100000381469727,10.786887168884277
5925,2008-02-19 15:00:00+00:00,9.899999618530273,5.418550491333008
5925,2008-02-05 08:00:00+00:00,6.5,3.4245285987854004
5925,2008-02-01 06:00:00+00:00,1.6999998092651367,2.4278564453125
5925,2008-01-05 21:00:00+00:00,-3.5,2.722659111022949
5925,2008-01-07 03:00:00+00:00,3.1999998092651367,2.3264007568359375
5925,2008-01-21 23:00:00+00:00,10.100000381469727,2.8012003898620605
5925,2008-06-17 17:00:00+00:00,20.799999237060547,21.401748657226562
5925,2008-03-10 15:00:00+00:00,13.800000190734863,8.53824520111084
5925,2008-04-07 23:00:00+00:00,5.400000095367432,6.877669334411621
5925,2008-03-03 02:00:00+00:00,12.199999809265137,4.2693095207214355
5925,2008-03-23 22:00:00+00:00,4.900000095367432,5.774013996124268
5925,2008-05-31 06:00:00+00:00,22.200000762939453,15.394933700561523
5925,2008-06-20 23:00:00+00:00,22.100000381469727,16.444860458374023
5925,2008-02-05 18:00:00+00:00,7.599999904632568,3.9729275703430176
5925,2008-01-13 14:00:00+00:00,6.5,4.157527923583984
5925,2008-03-08 16:00:00+00:00,6.900000095367432,8.555533409118652
5925,2008-01-14 18:00:00+00:00,4.400000095367432,3.5425477027893066
5925,2008-06-15 09:00:00+00:00,17.399999618530273,20.456783294677734
5925,2008-04-05 15:00:00+00:00,13.399999618530273,13.9185791015625
5925,2008-06-21 03:00:00+00:00,19.299999237060547,16.077119827270508
5925,2008-01-13 22:00:00+00:00,4.699999809265137,2.9285383224487305
5925,2008-02-02 09:00:00+00:00,6.800000190734863,3.7704648971557617
5925,2008-02-06 07:00:00+00:00,4.699999809265137,2.860257148742676
5925,2008-03-31 04:00:00+00:00,8.199999809265137,4.779944896697998
5925,2008-04-19 00:00:00+00:00,12.0,7.692882537841797
5925,2008-03-16 12:00:00+00:00,12.800000190734863,9.750528335571289
5925,2008-04-19 17:00:00+00:00,15.399999618530273,14.02391242980957
5925,2008-05-30 18:00:00+00:00,27.0,18.176910400390625
5925,2008-04-07 22:00:00+00:00,5.5,7.481111526489258
5925,2008-04-01 03:00:00+00:00,9.300000190734863,5.630672454833984
5925,2008-03-26 14:00:00+00:00,6.199999809265137,8.73923110961914
5925,2008-06-06 10:00:00+00:00,19.899999618530273,20.92064666748047
5925,2008-02-05 05:00:00+00:00,6.199999809265137,2.807497024536133
5925,2008-03-05 09:00:00+00:00,3.5,5.728731632232666
5925,2008-03-01 10:00:00+00:00,15.399999618530273,7.284712791442871
5925,2008-04-18 03:00:00+00:00,7.400000095367432,6.531246662139893
5925,2008-03-07 13:00:00+00:00,7.800000190734863,8.542648315429688
5925,2008-01-17 09:00:00+00:00,5.099999904632568,2.4522104263305664
5925,2008-03-29 07:00:00+00:00,10.300000190734863,6.387845039367676
5925,2008-06-10 04:00:00+00:00,16.700000762939453,15.348301887512207
5925,2008-03-08 06:00:00+00:00,5.5,4.573066234588623
5925,2008-02-16 21:00:00+00:00,-3.3000001907348633,4.252321720123291
5925,2008-01-11 07:00:00+00:00,0.10000038146972656,1.8856639862060547
5925,2008-06-07 11:00:00+00:00,20.799999237060547,21.512537002563477
5925,2008-01-12 09:00:00+00:00,3.3000001907348633,2.7433719635009766
5925,2008-06-16 18:00:00+00:00,22.100000381469727,20.60883140563965
5925,2008-02-23 08:00:00+00:00,12.300000190734863,3.95626163482666
5925,2008-06-04 06:00:00+00:00,18.399999618530273,16.635263442993164
5925,2008-06-23 10:00:00+00:00,29.60000228881836,21.822174072265625
5925,2008-01-06 05:00:00+00:00,-2.09999942779541,2.2890806198120117
5925,2008-03-27 22:00:00+00:00,8.699999809265137,5.323452949523926
5925,2008-02-12 08:00:00+00:00,-1.6000003814697266,3.642160415649414
5925,2008-01-09 07:00:00+00:00,0.8000001907348633,1.9731559753417969
5925,2008-05-27 04:00:00+00:00,16.600000381469727,12.084040641784668
5925,2008-01-12 04:00:00+00:00,1.3999996185302734,1.8214731216430664
5925,2008-05-09 20:00:00+00:00,17.700000762939453,14.407066345214844
5925,2008-02-04 05:00:00+00:00,5.0,3.2136120796203613
5925,2008-03-31 20:00:00+00:00,13.300000190734863,6.973508358001709
5925,2008-01-26 17:00:00+00:00,9.5,3.702186107635498
5925,2008-01-09 17:00:00+00:00,2.0,2.91660213470459
5925,2008-05-15 05:00:00+00:00,14.5,11.725035667419434
5925,2008-04-10 10:00:00+00:00,19.100000381469727,11.621899604797363
5925,2008-05-19 13:00:00+00:00,14.699999809265137,19.351993560791016
5925,2008-04-14 01:00:00+00:00,8.600000381469727,6.466651916503906
5925,2008-05-10 09:00:00+00:00,16.100000381469727,16.59109878540039
5925,2008-02-07 21:00:00+00:00,6.199999809265137,3.0786890983581543
5925,2008-01-17 13:00:00+00:00,6.199999809265137,3.115107536315918
5925,2008-02-06 14:00:00+00:00,14.0,4.629457950592041
5925,2008-04-29 23:00:00+00:00,11.199999809265137,8.349444389343262
5925,2008-04-17 13:00:00+00:00,10.800000190734863,14.464488983154297
5925,2008-02-04 08:00:00+00:00,4.699999809265137,3.7543230056762695
5925,2008-03-02 22:00:00+00:00,12.199999809265137,5.147694110870361
5925,2008-04-17 18:00:00+00:00,9.899999618530273,11.469053268432617
5925,2008-03-13 23:00:00+00:00,6.800000190734863,4.512928485870361
5925,2008-01-08 12:00:00+00:00,8.199999809265137,3.863278388977051
5925,2008-03-06 14:00:00+00:00,7.300000190734863,7.5644612312316895
5925,2008-04-12 17:00:00+00:00,13.0,13.15315055847168
5925,2008-04-17 20:00:00+00:00,8.100000381469727,9.571066856384277
5925,2008-04-11 16:00:00+00:00,22.899999618530273,13.361151695251465
5925,2008-02-05 22:00:00+00:00,5.0,3.208594799041748
5925,2008-03-26 21:00:00+00:00,4.099999904632568,5.526419639587402
5925,2008-05-27 03:00:00+00:00,16.899999618530273,11.46247386932373
5925,2008-04-28 02:00:00+00:00,9.699999809265137,7.069601535797119
5925,2008-05-07 00:00:00+00:00,13.5,9.824678421020508
5925,2008-06-14 06:00:00+00:00,14.399999618530273,17.76667594909668
5925,2008-05-30 16:00:00+00:00,28.200000762939453,19.660324096679688
5925,2008-01-30 12:00:00+00:00,6.400000095367432,3.858059883117676
5925,2008-05-28 10:00:00+00:00,24.700000762939453,18.80469512939453
5925,2008-05-27 23:00:00+00:00,22.399999618530273,12.642712593078613
5925,2008-06-17 08:00:00+00:00,18.0,19.767902374267578
5925,2008-02-12 15:00:00+00:00,4.099999904632568,5.108890533447266
5925,2008-03-29 00:00:00+00:00,9.100000381469727,5.264864444732666
5925,2008-01-11 20:00:00+00:00,1.5,2.499690532684326
5925,2008-01-03 03:00:00+00:00,-1.5,1.1691913604736328
5925,2008-04-03 04:00:00+00:00,6.699999809265137,5.591653823852539
5925,2008-05-05 05:00:00+00:00,10.699999809265137,10.179397583007812
5925,2008-04-05 00:00:00+00:00,8.100000381469727,6.815853118896484
5925,2008-02-28 06:00:00+00:00,8.0,3.0913071632385254
5925,2008-05-09 15:00:00+00:00,21.0,18.332651138305664
5925,2008-06-20 15:00:00+00:00,28.299999237060547,22.833477020263672
5925,2008-03-27 08:00:00+00:00,4.400000095367432,6.587089538574219
5925,2008-04-03 11:00:00+00:00,9.5,11.84882640838623
5925,2008-03-09 09:00:00+00:00,8.899999618530273,6.696551322937012
5925,2008-03-29 17:00:00+00:00,13.600000381469727,9.41671085357666
5925,2008-06-05 10:00:00+00:00,17.899999618530273,20.819278717041016
5925,2008-05-04 01:00:00+00:00,11.300000190734863,9.413077354431152
5925,2008-04-23 21:00:00+00:00,10.800000190734863,9.046749114990234
5925,2008-06-04 23:00:00+00:00,18.100000381469727,15.500753402709961
5925,2008-03-05 10:00:00+00:00,3.5999999046325684,6.295429229736328
5925,2008-02-27 08:00:00+00:00,12.699999809265137,3.9357986450195312
5925,2008-01-05 09:00:00+00:00,-5.40000057220459,2.634706974029541
5925,2008-05-27 02:00:00+00:00,17.399999618530273,11.22605037689209
5925,2008-05-22 02:00:00+00:00,11.600000381469727,11.06181812286377
5925,2008-05-31 23:00:00+00:00,21.200000762939453,13.917623519897461
5925,2008-02-21 06:00:00+00:00,6.5,2.8753809928894043
5925,2008-03-02 00:00:00+00:00,9.399999618530273,4.626687049865723
5925,2008-02-22 20:00:00+00:00,14.399999618530273,4.349515438079834
5925,2008-04-23 06:00:00+00:00,10.100000381469727,8.262895584106445
5925,2008-02-13 15:00:00+00:00,0.3000001907348633,4.664185523986816
5925,2008-06-27 09:00:00+00:00,25.200000762939453,21.321420669555664
5925,2008-06-17 13:00:00+00:00,20.5,22.800159454345703
5925,2008-02-29 21:00:00+00:00,12.199999809265137,4.323812484741211
5925,2008-02-05 01:00:00+00:00,8.0,2.9601612091064453
5925,2008-02-27 04:00:00+00:00,12.399999618530273,2.9517741203308105
5925,2008-05-22 17:00:00+00:00,15.399999618530273,18.439268112182617
5925,2008-05-08 12:00:00+00:00,19.899999618530273,18.14659881591797
5925,2008-05-17 03:00:00+00:00,15.700000762939453,11.098167419433594
5925,2008-04-09 14:00:00+00:00,19.0,12.709667205810547
5925,2008-04-21 03:00:00+00:00,8.899999618530273,6.63454532623291
5925,2008-04-18 20:00:00+00:00,14.5,9.91464900970459
5925,2008-03-18 22:00:00+00:00,3.0,5.106258869171143
5925,2008-06-26 07:00:00+00:00,23.799999237060547,19.0997314453125
5925,2008-02-15 04:00:00+00:00,2.1999998092651367,2.499561309814453
5925,2008-03-22 04:00:00+00:00,5.0,4.4914093017578125
5925,2008-06-17 03:00:00+00:00,15.700000762939453,15.303096771240234
5925,2008-04-19 13:00:00+00:00,18.299999237060547,15.627463340759277
5925,2008-03-03 16:00:00+00:00,15.800000190734863,7.649338245391846
5925,2008-02-24 09:00:00+00:00,10.699999809265137,4.871398448944092
5925,2008-06-22 18:00:00+00:00,30.60000228881836,21.011808395385742
5925,2008-02-04 03:00:00+00:00,4.300000190734863,3.254023551940918
5925,2008-03-02 21:00:00+00:00,11.5,5.5462327003479
5925,2008-03-01 21:00:00+00:00,10.0,5.5836567878723145
5925,2008-05-23 20:00:00+00:00,16.600000381469727,15.71940803527832
5925,2008-03-17 10:00:00+00:00,11.600000381469727,7.72232723236084
5925,2008-01-29 22:00:00+00:00,5.099999904632568,2.6558399200439453
5925,2008-01-18 18:00:00+00:00,8.800000190734863,2.9467101097106934
5925,2008-06-19 02:00:00+00:00,17.200000762939453,15.377740859985352
5925,2008-05-14 16:00:00+00:00,23.600000381469727,18.12118911743164
5925,2008-01-02 17:00:00+00:00,-0.5,2.811157703399658
5925,2008-04-12 12:00:00+00:00,12.399999618530273,14.639928817749023
5925,2008-03-23 00:00:00+00:00,3.3000001907348633,5.078499794006348
5925,2008-06-20 12:00:00+00:00,27.60000228881836,22.93258285522461
5925,2008-02-20 17:00:00+00:00,8.300000190734863,4.307422637939453
5925,2008-03-01 13:00:00+00:00,8.800000190734863,8.843287467956543
5925,2008-02-06 22:00:00+00:00,8.899999618530273,2.8347582817077637
5925,2008-06-15 05:00:00+00:00,13.699999809265137,16.730764389038086
5925,2008-06-10 00:00:00+00:00,17.899999618530273,15.06423568725586
5925,2008-04-18 22:00:00+00:00,12.899999618530273,8.469294548034668
5925,2008-06-02 13:00:00+00:00,26.399999618530273,21.762216567993164
5925,2008-03-10 13:00:00+00:00,12.100000381469727,8.791625022888184
5925,2008-06-26 21:00:00+00:00,20.700000762939453,18.431673049926758
5925,2008-03-10 04:00:00+00:00,4.5,4.3189496994018555
5925,2008-04-22 10:00:00+00:00,16.100000381469727,13.006977081298828
5925,2008-03-28 10:00:00+00:00,9.600000381469727,9.160372734069824
5925,2008-01-02 02:00:00+00:00,0.0,1.4127817153930664
5925,2008-01-07 10:00:00+00:00,2.5999999046325684,3.550597667694092
5925,2008-05-20 05:00:00+00:00,10.199999809265137,12.118424415588379
5925,2008-06-15 16:00:00+00:00,19.299999237060547,22.05999755859375
5925,2008-05-14 11:00:00+00:00,21.899999618530273,18.23012924194336
5925,2008-03-16 13:00:00+00:00,12.699999809265137,9.949810981750488
5925,2008-03-22 10:00:00+00:00,7.5,8.959705352783203
5925,2008-02-01 19:00:00+00:00,4.900000095367432,3.890718460083008
5925,2008-03-19 11:00:00+00:00,6.199999809265137,7.733407020568848
5925,2008-06-25 00:00:00+00:00,19.700000762939453,16.216617584228516
5925,2008-02-21 07:00:00+00:00,7.800000190734863,3.2164902687072754
5925,2008-02-16 10:00:00+00:00,-1.6000003814697266,4.892362594604492
5925,2008-05-15 13:00:00+00:00,24.5,19.20700454711914
5925,2008-03-31 18:00:00+00:00,15.0,8.448464393615723
5925,2008-03-27 00:00:00+00:00,4.400000095367432,4.577218055725098
5925,2008-03-29 14:00:00+00:00,13.199999809265137,11.20957088470459
5925,2008-05-10 23:00:00+00:00,14.899999618530273,11.45361614227295
5925,2008-03-03 11:00:00+00:00,15.199999809265137,7.538049697875977
5925,2008-01-09 03:00:00+00:00,0.6999998092651367,1.4873676300048828
5925,2008-03-03 19:00:00+00:00,14.899999618530273,6.030412673950195
5925,2008-04-05 06:00:00+00:00,7.099999904632568,7.502295970916748
5925,2008-03-16 20:00:00+00:00,10.800000190734863,6.451379299163818
5925,2008-06-16 08:00:00+00:00,19.399999618530273,19.632104873657227
5925,2008-06-28 10:00:00+00:00,24.100000381469727,22.0592041015625
5925,2008-02-08 00:00:00+00:00,5.400000095367432,2.8360118865966797
5925,2008-03-27 09:00:00+00:00,5.5,7.46207857131958
5925,2008-06-24 11:00:00+00:00,28.10000228881836,22.588804244995117
5925,2008-04-13 09:00:00+00:00,13.899999618530273,11.637256622314453
5925,2008-01-02 09:00:00+00:00,-0.8999996185302734,2.46329927444458
5925,2008-03-31 08:00:00+00:00,11.199999809265137,7.0782670974731445
5925,2008-06-26 18:00:00+00:00,22.700000762939453,21.305421829223633
5925,2008-02-07 22:00:00+00:00,5.900000095367432,2.8964004516601562
5925,2008-02-21 18:00:00+00:00,9.100000381469727,4.28549337387085
5925,2008-02-11 07:00:00+00:00,0.6000003814697266,3.6164751052856445
5925,2008-03-31 02:00:00+00:00,8.399999618530273,4.790377140045166
5925,2008-02-20 13:00:00+00:00,8.199999809265137,5.425121784210205
5925,2008-06-09 18:00:00+00:00,24.200000762939453,20.148616790771484
5925,2008-05-22 14:00:00+00:00,16.100000381469727,19.855440139770508
5925,2008-04-29 12:00:00+00:00,18.600000381469727,15.336542129516602
5925,2008-06-25 08:00:00+00:00,24.0,20.211326599121094
5925,2008-01-02 23:00:00+00:00,-0.5,1.7086076736450195
5925,2008-04-05 22:00:00+00:00,7.800000190734863,7.820995330810547
5925,2008-01-20 07:00:00+00:00,12.5,2.846958637237549
5925,2008-05-06 15:00:00+00:00,17.799999237060547,17.61757469177246
5925,2008-01-27 21:00:00+00:00,6.300000190734863,3.29849910736084
5925,2008-04-08 11:00:00+00:00,11.0,11.82310962677002
5925,2008-05-15 06:00:00+00:00,16.200000762939453,12.94503402709961
5925,2008-06-16 12:00:00+00:00,22.5,22.4986515045166
5925,2008-01-06 21:00:00+00:00,4.300000190734863,3.008005142211914
5925,2008-06-05 21:00:00+00:00,18.600000381469727,17.16339874267578
5925,2008-05-01 17:00:00+00:00,15.5,16.286911010742188
5925,2008-03-01 04:00:00+00:00,13.199999809265137,3.960874557495117
5925,2008-01-26 15:00:00+00:00,8.300000190734863,4.0417561531066895
5925,2008-04-26 08:00:00+00:00,11.800000190734863,12.164731979370117
5925,2008-05-03 03:00:00+00:00,11.300000190734863,9.722658157348633
5925,2008-06-11 11:00:00+00:00,24.399999618530273,21.927967071533203
5925,2008-04-03 09:00:00+00:00,9.600000381469727,9.769561767578125
5925,2008-06-06 09:00:00+00:00,18.200000762939453,20.03729248046875
5925,2008-05-29 22:00:00+00:00,20.200000762939453,14.31525993347168
5925,2008-01-22 01:00:00+00:00,10.5,2.224820137023926
5925,2008-02-11 18:00:00+00:00,4.199999809265137,4.555060863494873
5925,2008-06-19 19:00:00+00:00,25.600000381469727,20.00695037841797
5925,2008-04-06 14:00:00+00:00,13.300000190734863,14.111923217773438
5925,2008-02-15 10:00:00+00:00,1.3000001907348633,4.604981422424316
5925,2008-06-01 16:00:00+00:00,28.5,21.048398971557617
5925,2008-04-26 01:00:00+00:00,9.899999618530273,7.726780891418457
5925,2008-05-03 09:00:00+00:00,15.100000381469727,15.946784973144531
5925,2008-01-14 16:00:00+00:00,4.599999904632568,4.001898765563965
5925,2008-04-28 05:00:00+00:00,9.199999809265137,8.083489418029785
5925,2008-02-04 12:00:00+00:00,8.899999618530273,5.332602500915527
5925,2008-05-20 23:00:00+00:00,10.399999618530273,11.86339282989502
5925,2008-04-01 18:00:00+00:00,14.399999618530273,9.104318618774414
5925,2008-04-15 18:00:00+00:00,10.5,10.559900283813477
5925,2008-03-12 01:00:00+00:00,6.800000190734863,4.08329963684082
5925,2008-03-06 16:00:00+00:00,5.800000190734863,6.858496189117432
5925,2008-02-15 21:00:00+00:00,-0.3000001907348633,3.8657946586608887
5925,2008-02-11 14:00:00+00:00,6.199999809265137,5.85367488861084
5925,2008-05-13 16:00:00+00:00,23.700000762939453,17.88309669494629
5925,2008-05-15 02:00:00+00:00,16.200000762939453,10.289030075073242
5925,2008-05-05 21:00:00+00:00,12.699999809265137,12.608647346496582
5925,2008-01-01 22:00:00+00:00,0.8000001907348633,2.3021841049194336
5925,2008-03-05 02:00:00+00:00,4.400000095367432,3.8223371505737305
5925,2008-05-24 09:00:00+00:00,18.299999237060547,17.918811798095703
5925,2008-05-02 09:00:00+00:00,16.600000381469727,15.633525848388672
5925,2008-01-09 08:00:00+00:00,0.8000001907348633,2.21213436126709
5925,2008-01-05 08:00:00+00:00,-6.199999809265137,2.3480491638183594
5925,2008-03-11 05:00:00+00:00,5.300000190734863,4.2085113525390625
5925,2008-04-18 14:00:00+00:00,15.0,15.105768203735352
5925,2008-04-05 20:00:00+00:00,9.800000190734863,9.260165214538574
5925,2008-04-19 11:00:00+00:00,18.600000381469727,14.823507308959961
5925,2008-03-05 14:00:00+00:00,4.300000190734863,7.291463851928711
5925,2008-01-28 02:00:00+00:00,5.099999904632568,2.6805806159973145
5925,2008-04-16 04:00:00+00:00,6.900000095367432,6.442444801330566
5925,2008-06-13 04:00:00+00:00,15.0,15.964982986450195
5925,2008-04-08 17:00:00+00:00,9.699999809265137,10.577898979187012
5925,2008-01-23 10:00:00+00:00,4.300000190734863,3.1417150497436523
5925,2008-03-05 01:00:00+00:00,4.599999904632568,3.9235501289367676
5925,2008-05-04 21:00:00+00:00,13.199999809265137,13.045058250427246
5925,2008-06-24 20:00:00+00:00,21.799999237060547,19.17154884338379
5925,2008-06-02 15:00:00+00:00,27.299999237060547,21.545269012451172
5925,2008-03-25 05:00:00+00:00,1.3000001907348633,4.633666515350342
5925,2008-01-05 16:00:00+00:00,-3.59999942779541,3.5199227333068848
5925,2008-02-19 09:00:00+00:00,7.099999904632568,4.386775016784668
5925,2008-04-24 20:00:00+00:00,13.0,10.243365287780762
5925,2008-01-26 18:00:00+00:00,9.800000190734863,3.4981789588928223
5925,2008-01-10 10:00:00+00:00,1.3999996185302734,2.621072292327881
5925,2008-03-17 14:00:00+00:00,8.300000190734863,9.200422286987305
5925,2008-01-24 20:00:00+00:00,3.9000000953674316,2.467226505279541
5925,2008-05-27 15:00:00+00:00,26.900001525878906,19.762683868408203
5925,2008-02-09 19:00:00+00:00,5.5,4.498438358306885
5925,2008-06-06 21:00:00+00:00,17.5,17.10120391845703
5925,2008-01-30 00:00:00+00:00,3.700000286102295,2.0493993759155273
5925,2008-02-02 12:00:00+00:00,5.400000095367432,5.059243202209473
5925,2008-02-24 20:00:00+00:00,12.699999809265137,4.623950004577637
5925,2008-01-22 20:00:00+00:00,4.0,2.861374855041504
5925,2008-01-16 21:00:00+00:00,5.300000190734863,2.1830215454101562
5925,2008-06-17 14:00:00+00:00,20.5,22.788022994995117
5925,2008-06-08 07:00:00+00:00,18.0,18.129480361938477
5925,2008-04-24 04:00:00+00:00,8.399999618530273,6.86667537689209
5925,2008-01-20 01:00:00+00:00,13.399999618530273,2.554370880126953
5925,2008-02-24 21:00:00+00:00,10.800000190734863,4.419229030609131
5925,2008-03-15 06:00:00+00:00,7.300000190734863,4.848622798919678
5925,2008-06-22 05:00:00+00:00,20.700000762939453,17.13324737548828
5925,2008-05-25 23:00:00+00:00,15.300000190734863,13.121114730834961
5925,2008-01-16 22:00:00+00:00,5.300000190734863,2.013284683227539
5925,2008-06-11 19:00:00+00:00,18.700000762939453,19.39926528930664
5925,2008-03-03 03:00:00+00:00,11.800000190734863,4.196599960327148
5925,2008-01-21 12:00:00+00:00,11.199999809265137,4.255589962005615
5925,2008-03-21 13:00:00+00:00,8.5,9.677164077758789
5925,2008-05-29 13:00:00+00:00,24.600000381469727,20.448041915893555
5925,2008-01-01 06:00:00+00:00,2.0,2.089463233947754
5925,2008-01-24 00:00:00+00:00,1.6999998092651367,1.7457027435302734
5925,2008-06-05 14:00:00+00:00,19.0,22.205013275146484
5925,2008-06-04 09:00:00+00:00,21.0,19.79692268371582
5925,2008-01-27 14:00:00+00:00,6.300000190734863,4.405056476593018
5925,2008-05-24 01:00:00+00:00,12.899999618530273,11.843209266662598
5925,2008-04-19 15:00:00+00:00,17.200000762939453,15.315542221069336
5925,2008-04-25 12:00:00+00:00,11.5,15.526556015014648
5925,2008-03-20 16:00:00+00:00,2.3000001907348633,7.947342395782471
5925,2008-02-20 15:00:00+00:00,8.899999618530273,4.962987899780273
5925,2008-04-04 01:00:00+00:00,7.199999809265137,6.181525230407715
5925,2008-01-22 22:00:00+00:00,3.5999999046325684,2.5340795516967773
5925,2008-02-05 07:00:00+00:00,5.900000095367432,3.110335350036621
5925,2008-03-28 05:00:00+00:00,6.800000190734863,4.690138816833496
5925,2008-02-05 13:00:00+00:00,8.899999618530273,5.159159183502197
5925,2008-02-07 02:00:00+00:00,7.099999904632568,2.3145084381103516
5925,2008-04-27 00:00:00+00:00,11.0,7.738071441650391
5925,2008-03-23 14:00:00+00:00,5.5,10.4332857131958
5925,2008-03-14 21:00:00+00:00,10.0,5.8017120361328125
5925,2008-02-01 16:00:00+00:00,6.400000095367432,4.358783721923828
5925,2008-01-18 02:00:00+00:00,4.900000095367432,1.574488639831543
5925,2008-03-18 21:00:00+00:00,5.0,5.413191795349121
5925,2008-01-18 15:00:00+00:00,9.699999809265137,3.253445625305176
5925,2008-03-25 22:00:00+00:00,0.8999996185302734,5.375238418579102
5925,2008-06-07 14:00:00+00:00,22.0,22.258411407470703
5925,2008-01-24 14:00:00+00:00,7.5,3.229532241821289
5925,2008-03-10 18:00:00+00:00,12.399999618530273,6.888319969177246
5925,2008-06-16 16:00:00+00:00,22.799999237060547,22.109272003173828
5925,2008-06-05 07:00:00+00:00,16.600000381469727,17.736774444580078
5925,2008-03-10 16:00:00+00:00,14.80000114440918,8.097845077514648
5925,2008-02-26 07:00:00+00:00,6.5,3.701462745666504
5925,2008-04-21 19:00:00+00:00,13.300000190734863,11.171405792236328
5925,2008-05-13 03:00:00+00:00,12.399999618530273,9.86233139038086
5925,2008-02-10 09:00:00+00:00,2.0,4.314420223236084
5925,2008-04-01 10:00:00+00:00,14.600000381469727,10.145112991333008
5925,2008-01-12 01:00:00+00:00,1.8000001907348633,2.0068464279174805
5925,2008-06-06 06:00:00+00:00,16.299999237060547,17.16352081298828
5925,2008-05-07 11:00:00+00:00,17.100000381469727,17.49239730834961
5925,2008-01-07 13:00:00+00:00,4.300000190734863,4.1461100578308105
5925,2008-01-07 09:00:00+00:00,1.6999998092651367,3.1717381477355957
5925,2008-02-18 07:00:00+00:00,3.8000001907348633,3.7543091773986816
5925,2008-05-31 04:00:00+00:00,19.200000762939453,13.446234703063965
5925,2008-02-18 00:00:00+00:00,3.1999998092651367,3.6260719299316406
5925,2008-04-29 15:00:00+00:00,14.199999809265137,15.047184944152832
5925,2008-03-20 12:00:00+00:00,6.0,8.749896049499512
5925,2008-04-24 09:00:00+00:00,13.899999618530273,12.05053424835205
5925,2008-02-08 02:00:00+00:00,5.0,2.4309816360473633
5925,2008-04-08 21:00:00+00:00,8.100000381469727,7.901725769042969
5925,2008-04-08 22:00:00+00:00,7.699999809265137,7.390151500701904
5925,2008-05-13 19:00:00+00:00,20.600000381469727,15.453422546386719
5925,2008-03-22 18:00:00+00:00,7.800000190734863,8.300366401672363
5925,2008-06-17 00:00:00+00:00,16.799999237060547,15.594880104064941
5925,2008-05-06 01:00:00+00:00,11.600000381469727,9.318541526794434
5925,2008-04-02 11:00:00+00:00,11.600000381469727,10.929378509521484
5925,2008-03-31 23:00:00+00:00,10.600000381469727,5.5725202560424805
5925,2008-04-02 12:00:00+00:00,9.199999809265137,11.439845085144043
5925,2008-06-18 00:00:00+00:00,17.0,15.836963653564453
5925,2008-02-05 02:00:00+00:00,7.5,2.9178853034973145
5925,2008-03-21 05:00:00+00:00,2.8000006675720215,4.380697727203369
5925,2008-05-04 00:00:00+00:00,11.199999809265137,9.835517883300781
5925,2008-06-22 14:00:00+00:00,33.400001525878906,23.17315673828125
5925,2008-05-06 17:00:00+00:00,17.5,16.47039031982422
5925,2008-01-14 01:00:00+00:00,3.3000001907348633,2.528533935546875
5925,2008-05-04 04:00:00+00:00,10.899999618530273,9.826454162597656
5925,2008-05-11 21:00:00+00:00,15.700000762939453,13.883498191833496
5925,2008-02-21 20:00:00+00:00,9.600000381469727,3.750499725341797
5925,2008-02-16 18:00:00+00:00,-2.3000001907348633,5.000894069671631
5925,2008-02-28 00:00:00+00:00,8.899999618530273,3.1698179244995117
5925,2008-04-25 23:00:00+00:00,9.699999809265137,8.283884048461914
5925,2008-05-30 11:00:00+00:00,26.60000228881836,19.787639617919922
5925,2008-02-19 03:00:00+00:00,7.400000095367432,3.1066808700561523
5925,2008-01-25 16:00:00+00:00,6.0,3.329664707183838
5925,2008-03-06 18:00:00+00:00,4.599999904632568,6.022696495056152
5925,2008-03-06 10:00:00+00:00,3.0999999046325684,6.950015068054199
5925,2008-04-06 12:00:00+00:00,14.300000190734863,13.989723205566406
5925,2008-03-13 20:00:00+00:00,7.099999904632568,5.535471439361572
5925,2008-05-12 10:00:00+00:00,20.5,17.479717254638672
5925,2008-06-06 23:00:00+00:00,17.899999618530273,15.68478775024414
5925,2008-04-04 05:00:00+00:00,6.400000095367432,6.447559833526611
5925,2008-05-28 06:00:00+00:00,20.799999237060547,14.369373321533203
5925,2008-02-29 16:00:00+00:00,9.399999618530273,5.473593235015869
5925,2008-03-07 20:00:00+00:00,6.800000190734863,5.975558757781982
5925,2008-06-28 12:00:00+00:00,25.200000762939453,23.234180450439453
5925,2008-02-22 10:00:00+00:00,12.199999809265137,4.931109428405762
5925,2008-04-12 03:00:00+00:00,10.199999809265137,6.615582466125488
5925,2008-02-07 19:00:00+00:00,6.199999809265137,3.5806546211242676
5925,2008-01-25 18:00:00+00:00,5.300000190734863,3.1363635063171387
5925,2008-06-14 18:00:00+00:00,18.600000381469727,20.52740478515625
5925,2008-04-07 11:00:00+00:00,8.300000190734863,12.584064483642578
5925,2008-06-07 02:00:00+00:00,17.100000381469727,14.930253982543945
5925,2008-01-28 12:00:00+00:00,7.599999904632568,4.415878772735596
5925,2008-02-09 04:00:00+00:00,2.5,2.7584104537963867
5925,2008-06-12 06:00:00+00:00,16.100000381469727,17.236427307128906
5925,2008-06-07 06:00:00+00:00,17.700000762939453,17.290103912353516
5925,2008-06-10 23:00:00+00:00,20.100000381469727,15.745733261108398
5925,2008-02-29 04:00:00+00:00,5.599999904632568,2.8444833755493164
5925,2008-02-01 20:00:00+00:00,4.099999904632568,3.653677463531494
5925,2008-04-05 12:00:00+00:00,12.0,13.990001678466797
5925,2008-05-28 13:00:00+00:00,28.0,20.273893356323242
5925,2008-06-19 17:00:00+00:00,27.400001525878906,21.757671356201172
5925,2008-02-12 23:00:00+00:00,-0.8000001907348633,3.2481675148010254
5925,2008-02-10 17:00:00+00:00,5.0,5.081459045410156
5925,2008-01-28 21:00:00+00:00,5.800000190734863,3.169170379638672
5925,2008-01-04 06:00:00+00:00,-2.6999998092651367,1.5958709716796875
5925,2008-01-28 00:00:00+00:00,5.300000190734863,2.79127836227417
5925,2008-03-24 00:00:00+00:00,2.40000057220459,5.0100884437561035
5925,2008-02-15 17:00:00+00:00,0.8999996185302734,4.713718414306641
5925,2008-05-26 08:00:00+00:00,18.299999237060547,16.78535270690918
5925,2008-04-23 04:00:00+00:00,9.899999618530273,6.997251033782959
5925,2008-03-02 13:00:00+00:00,12.600000381469727,9.030527114868164
5925,2008-04-17 23:00:00+00:00,7.699999809265137,7.183579444885254
5925,2008-03-13 22:00:00+00:00,6.699999809265137,4.7991743087768555
5925,2008-01-09 10:00:00+00:00,0.8000001907348633,2.8783273696899414
5925,2008-01-23 13:00:00+00:00,5.099999904632568,3.6433277130126953
5925,2008-01-05 07:00:00+00:00,-6.500000953674316,2.112506866455078
5925,2008-04-06 01:00:00+00:00,5.199999809265137,6.19610595703125
5925,2008-02-22 18:00:00+00:00,14.300000190734863,4.831815719604492
5925,2008-05-25 22:00:00+00:00,16.200000762939453,14.243361473083496
5925,2008-04-12 18:00:00+00:00,12.5,11.997190475463867
5925,2008-03-17 15:00:00+00:00,7.900000095367432,8.964323043823242
5925,2008-02-17 12:00:00+00:00,-0.3000001907348633,6.045680522918701
5925,2008-01-01 07:00:00+00:00,1.8999996185302734,2.2622060775756836
5925,2008-05-18 01:00:00+00:00,17.700000762939453,10.668461799621582
5925,2008-01-16 14:00:00+00:00,10.800000190734863,3.4059367179870605
5925,2008-02-19 18:00:00+00:00,9.399999618530273,4.360637187957764
5925,2008-04-19 05:00:00+00:00,13.0,7.787317752838135
5925,2008-05-15 07:00:00+00:00,19.100000381469727,14.264062881469727
5925,2008-02-17 21:00:00+00:00,2.5999999046325684,4.249750137329102
5925,2008-06-10 02:00:00+00:00,17.299999237060547,14.542884826660156
5925,2008-04-21 11:00:00+00:00,18.600000381469727,14.382291793823242
5925,2008-03-19 19:00:00+00:00,4.300000190734863,6.089098930358887
5925,2008-03-19 13:00:00+00:00,7.099999904632568,8.25163459777832
5925,2008-03-10 07:00:00+00:00,5.0,5.051783084869385
5925,2008-02-29 12:00:00+00:00,9.0,6.077381610870361
5925,2008-02-19 19:00:00+00:00,7.5,4.118312835693359
5925,2008-06-23 09:00:00+00:00,27.700000762939453,21.02779769897461
5925,2008-04-11 21:00:00+00:00,17.299999237060547,8.706995010375977
5925,2008-04-09 01:00:00+00:00,6.699999809265137,6.062439441680908
5925,2008-05-25 06:00:00+00:00,15.199999809265137,14.677667617797852
5925,2008-03-31 17:00:00+00:00,16.299999237060547,9.044270515441895
5925,2008-01-07 22:00:00+00:00,6.599999904632568,2.7716779708862305
5925,2008-03-17 09:00:00+00:00,11.399999618530273,6.924562454223633
5925,2008-01-28 04:00:00+00:00,5.900000095367432,2.596806526184082
5925,2008-05-07 14:00:00+00:00,19.100000381469727,18.112131118774414
5925,2008-03-25 15:00:00+00:00,1.1000003814697266,8.756813049316406
5925,2008-06-14 00:00:00+00:00,12.600000381469727,15.824193954467773
5925,2008-01-30 19:00:00+00:00,5.699999809265137,2.9425177574157715
5925,2008-03-09 19:00:00+00:00,9.800000190734863,6.5915985107421875
5925,2008-01-22 08:00:00+00:00,10.800000190734863,2.7077808380126953
5925,2008-03-18 04:00:00+00:00,5.0,4.203271389007568
5925,2008-04-03 16:00:00+00:00,8.899999618530273,11.44698429107666
5925,2008-04-10 18:00:00+00:00,19.299999237060547,10.55961799621582
5925,2008-04-13 00:00:00+00:00,10.0,6.891965866088867
5925,2008-03-16 09:00:00+00:00,13.699999809265137,7.19870662689209
5925,2008-02-03 06:00:00+00:00,2.0,3.3405585289001465
5925,2008-04-03 02:00:00+00:00,6.800000190734863,5.424535274505615
5925,2008-01-05 19:00:00+00:00,-3.40000057220459,2.949746608734131
5925,2008-05-15 08:00:00+00:00,19.700000762939453,15.409395217895508
5925,2008-03-30 13:00:00+00:00,18.200000762939453,11.265578269958496
5925,2008-02-03 10:00:00+00:00,5.099999904632568,4.465153217315674
5925,2008-06-22 07:00:00+00:00,24.5,18.984317779541016
5925,2008-04-01 00:00:00+00:00,10.0,6.129157066345215
5925,2008-04-11 07:00:00+00:00,15.700000762939453,8.871908187866211
5925,2008-01-02 03:00:00+00:00,-0.3000001907348633,1.4033584594726562
5925,2008-04-09 06:00:00+00:00,7.599999904632568,7.029977321624756
5925,2008-05-06 10:00:00+00:00,17.299999237060547,16.732742309570312
5925,2008-06-21 14:00:00+00:00,30.799999237060547,23.164657592773438
5925,2008-05-13 20:00:00+00:00,19.700000762939453,14.378872871398926
5925,2008-06-13 09:00:00+00:00,15.800000190734863,20.539562225341797
5925,2008-05-27 13:00:00+00:00,26.200000762939453,20.041778564453125
5925,2008-06-09 16:00:00+00:00,24.600000381469727,21.623924255371094
5925,2008-05-23 07:00:00+00:00,14.199999809265137,15.501571655273438
5925,2008-06-05 23:00:00+00:00,17.399999618530273,15.619498252868652
5925,2008-02-07 11:00:00+00:00,6.5,4.285214900970459
5925,2008-04-09 15:00:00+00:00,19.899999618530273,12.229729652404785
5925,2008-06-20 16:00:00+00:00,27.700000762939453,22.349937438964844
5925,2008-05-10 07:00:00+00:00,15.700000762939453,14.488494873046875
5925,2008-04-30 16:00:00+00:00,19.5,14.742269515991211
5925,2008-01-31 01:00:00+00:00,5.0,1.8171300888061523
5925,2008-01-17 08:00:00+00:00,4.599999904632568,2.130476951599121
5925,2008-01-23 11:00:00+00:00,4.900000095367432,3.469820976257324
5925,2008-05-24 03:00:00+00:00,11.800000190734863,11.884895324707031
5925,2008-06-03 10:00:00+00:00,25.100000381469727,20.580093383789062
5925,2008-02-18 14:00:00+00:00,7.400000095367432,6.138254165649414
5925,2008-04-18 04:00:00+00:00,7.300000190734863,6.836899280548096
5925,2008-05-18 09:00:00+00:00,23.100000381469727,17.337141036987305
5925,2008-02-20 19:00:00+00:00,7.400000095367432,3.7831406593322754
5925,2008-05-09 10:00:00+00:00,18.89999771118164,17.2032470703125
5925,2008-02-25 06:00:00+00:00,6.5,3.72086238861084
5925,2008-04-06 15:00:00+00:00,13.300000190734863,13.710331916809082
5925,2008-06-18 21:00:00+00:00,20.0,18.002010345458984
5925,2008-01-14 04:00:00+00:00,3.0,2.4250221252441406
5925,2008-05-26 16:00:00+00:00,23.799999237060547,19.28506851196289
5925,2008-06-26 23:00:00+00:00,19.899999618530273,16.876522064208984
5925,2008-01-29 17:00:00+00:00,8.100000381469727,3.6656994819641113
5925,2008-05-20 02:00:00+00:00,10.699999809265137,10.451196670532227
5925,2008-04-20 22:00:00+00:00,11.0,8.731576919555664
5925,2008-01-11 18:00:00+00:00,1.5,2.795912265777588
5925,2008-06-17 20:00:00+00:00,19.700000762939453,18.75053596496582
5925,2008-03-09 22:00:00+00:00,7.900000095367432,5.305267810821533
5925,2008-03-15 05:00:00+00:00,7.300000190734863,4.468599319458008
5925,2008-06-02 21:00:00+00:00,23.200000762939453,16.74856948852539
5925,2008-05-01 03:00:00+00:00,12.699999809265137,9.089665412902832
5925,2008-05-29 23:00:00+00:00,19.700000762939453,13.385305404663086
5925,2008-01-21 06:00:00+00:00,10.0,2.6586828231811523
5925,2008-01-15 15:00:00+00:00,5.300000190734863,3.8064560890197754
5925,2008-04-28 15:00:00+00:00,21.299999237060547,15.421340942382812
5925,2008-06-19 08:00:00+00:00,23.200000762939453,19.827274322509766
5925,2008-06-12 16:00:00+00:00,20.899999618530273,21.994739532470703
5925,2008-04-04 17:00:00+00:00,11.0,11.341070175170898
5925,2008-01-11 03:00:00+00:00,-0.5,1.4132194519042969
5925,2008-02-13 20:00:00+00:00,0.10000038146972656,3.3848729133605957
5925,2008-04-15 04:00:00+00:00,8.5,6.537850379943848
5925,2008-05-25 07:00:00+00:00,15.0,15.88161849975586
5925,2008-05-01 18:00:00+00:00,14.899999618530273,15.338237762451172
5925,2008-05-26 03:00:00+00:00,13.399999618530273,11.311630249023438
5925,2008-06-08 08:00:00+00:00,18.89999771118164,19.097719192504883
5925,2008-02-24 04:00:00+00:00,9.399999618530273,3.5666394233703613
5925,2008-05-24 14:00:00+00:00,21.399999618530273,19.871456146240234
5925,2008-03-23 12:00:00+00:00,5.800000190734863,10.293845176696777
5925,2008-03-12 10:00:00+00:00,9.600000381469727,6.701753616333008
5925,2008-01-03 06:00:00+00:00,-1.1000003814697266,1.4760780334472656
5925,2008-03-16 01:00:00+00:00,8.199999809265137,4.746954441070557
5925,2008-02-18 16:00:00+00:00,7.699999809265137,5.436186790466309
5925,2008-02-26 08:00:00+00:00,8.5,4.162904262542725
5925,2008-01-24 21:00:00+00:00,3.5,2.2287492752075195
5925,2008-03-02 02:00:00+00:00,9.0,4.410545825958252
5925,2008-01-22 21:00:00+00:00,3.5,2.688781261444092
5925,2008-02-13 18:00:00+00:00,-0.5,3.820803642272949
5925,2008-05-22 21:00:00+00:00,13.300000190734863,14.61212158203125
5925,2008-01-24 11:00:00+00:00,5.699999809265137,3.119966506958008
5925,2008-04-25 20:00:00+00:00,9.800000190734863,10.593376159667969
5925,2008-03-18 17:00:00+00:00,6.5,7.351772308349609
5925,2008-03-09 11:00:00+00:00,10.600000381469727,8.735817909240723
5925,2008-03-13 02:00:00+00:00,7.599999904632568,3.9212965965270996
5925,2008-05-07 15:00:00+00:00,19.399999618530273,17.845813751220703
5925,2008-02-04 23:00:00+00:00,6.900000095367432,3.4353127479553223
5925,2008-03-01 06:00:00+00:00,12.800000190734863,4.347776412963867
5925,2008-02-26 10:00:00+00:00,11.800000190734863,5.214334964752197
5925,2008-01-04 17:00:00+00:00,-3.5,2.868433952331543
5925,2008-02-27 14:00:00+00:00,12.600000381469727,5.666001319885254
5925,2008-03-15 21:00:00+00:00,9.100000381469727,6.027833461761475
5925,2008-05-23 16:00:00+00:00,18.200000762939453,19.0753231048584
5925,2008-03-25 10:00:00+00:00,4.900000095367432,7.926028251647949
5925,2008-03-20 21:00:00+00:00,2.5,5.434592247009277
5925,2008-01-29 20:00:00+00:00,6.599999904632568,2.9939627647399902
5925,2008-02-27 11:00:00+00:00,13.5,5.390679836273193
5925,2008-01-18 09:00:00+00:00,6.900000095367432,2.6133012771606445
5925,2008-05-12 05:00:00+00:00,11.600000381469727,11.089252471923828
5925,2008-02-19 23:00:00+00:00,4.800000190734863,3.3975300788879395
5925,2008-05-01 09:00:00+00:00,14.399999618530273,15.023635864257812
5925,2008-01-21 15:00:00+00:00,11.100000381469727,4.279569149017334
5925,2008-04-02 14:00:00+00:00,9.199999809265137,11.568329811096191
5925,2008-01-01 12:00:00+00:00,2.3000001907348633,3.8078293800354004
5925,2008-04-19 20:00:00+00:00,13.300000190734863,10.334162712097168
5925,2008-03-30 16:00:00+00:00,16.5,10.243510246276855
5925,2008-06-07 05:00:00+00:00,17.399999618530273,16.410634994506836
5925,2008-05-15 16:00:00+00:00,25.899999618530273,18.47323989868164
5925,2008-05-15 20:00:00+00:00,21.0,14.89920425415039
5925,2008-02-08 15:00:00+00:00,7.400000095367432,4.709338665008545
5925,2008-03-25 16:00:00+00:00,0.5,8.337441444396973
5925,2008-04-18 07:00:00+00:00,7.5,9.437413215637207
5925,2008-05-18 00:00:00+00:00,19.0,11.28408432006836
5925,2008-03-23 15:00:00+00:00,6.099999904632568,10.158920288085938
5925,2008-06-09 06:00:00+00:00,17.299999237060547,17.12045669555664
5925,2008-04-21 04:00:00+00:00,8.600000381469727,6.957589149475098
5925,2008-06-08 05:00:00+00:00,16.899999618530273,16.25977325439453
5925,2008-06-25 14:00:00+00:00,29.799999237060547,23.410276412963867
5925,2008-01-05 04:00:00+00:00,-6.300000190734863,1.715733528137207
5925,2008-05-24 18:00:00+00:00,20.5,17.812395095825195
5925,2008-01-17 07:00:00+00:00,4.900000095367432,1.8521699905395508
5925,2008-03-04 10:00:00+00:00,6.199999809265137,6.539671421051025
5925,2008-04-28 07:00:00+00:00,14.699999809265137,10.050553321838379
5925,2008-03-30 21:00:00+00:00,11.399999618530273,6.642645359039307
5925,2008-02-14 22:00:00+00:00,2.1999998092651367,3.1069746017456055
5925,2008-01-08 21:00:00+00:00,3.4000000953674316,2.510125160217285
5925,2008-05-30 20:00:00+00:00,24.5,16.315759658813477
5925,2008-03-22 12:00:00+00:00,9.0,10.268769264221191
5925,2008-04-05 08:00:00+00:00,8.600000381469727,9.74351692199707
5925,2008-02-03 01:00:00+00:00,3.700000286102295,3.2504096031188965
5925,2008-02-08 10:00:00+00:00,5.599999904632568,4.317658424377441
5925,2008-04-07 07:00:00+00:00,6.400000095367432,7.934966087341309
5925,2008-02-08 17:00:00+00:00,6.599999904632568,4.459163665771484
5925,2008-05-22 13:00:00+00:00,16.200000762939453,19.846607208251953
5925,2008-03-06 06:00:00+00:00,0.0,4.105494976043701
5925,2008-02-09 08:00:00+00:00,3.8000001907348633,3.565290927886963
5925,2008-06-06 03:00:00+00:00,16.600000381469727,15.049049377441406
5925,2008-05-14 02:00:00+00:00,14.80000114440918,9.947954177856445
5925,2008-01-26 19:00:00+00:00,9.5,3.3471007347106934
5925,2008-02-23 10:00:00+00:00,13.300000190734863,5.258697986602783
5925,2008-04-14 23:00:00+00:00,12.100000381469727,7.296551704406738
5925,2008-01-13 00:00:00+00:00,6.0,2.6017708778381348
5925,2008-06-11 16:00:00+00:00,22.0,21.814977645874023
5925,2008-03-06 22:00:00+00:00,3.0999999046325684,4.5384321212768555
5925,2008-05-13 05:00:00+00:00,12.899999618530273,11.088534355163574
5925,2008-02-01 17:00:00+00:00,5.800000190734863,4.224505424499512
5925,2008-02-05 09:00:00+00:00,7.199999809265137,3.882258892059326
5925,2008-04-06 16:00:00+00:00,13.399999618530273,13.109609603881836
5925,2008-03-27 01:00:00+00:00,4.300000190734863,4.347938060760498
5925,2008-02-29 19:00:00+00:00,12.5,4.875554084777832
5925,2008-02-22 16:00:00+00:00,15.0,5.147472381591797
5925,2008-06-24 09:00:00+00:00,26.5,21.13510513305664
5925,2008-03-29 09:00:00+00:00,12.5,8.537020683288574
5925,2008-04-30 02:00:00+00:00,10.899999618530273,7.115656852722168
5925,2008-05-29 10:00:00+00:00,21.799999237060547,18.77493667602539
5925,2008-01-13 08:00:00+00:00,6.300000190734863,2.9380202293395996
5925,2008-06-23 20:00:00+00:00,28.700000762939453,19.124073028564453
5925,2008-01-05 12:00:00+00:00,-4.0,3.637873649597168
5925,2008-01-22 11:00:00+00:00,10.5,3.9177942276000977
5925,2008-03-05 16:00:00+00:00,4.199999809265137,6.687865257263184
5925,2008-03-06 15:00:00+00:00,6.099999904632568,7.288332939147949
5925,2008-01-09 01:00:00+00:00,1.3000001907348633,1.5744800567626953
5925,2008-04-17 01:00:00+00:00,5.400000095367432,6.277866363525391
5925,2008-04-14 06:00:00+00:00,8.5,7.646319389343262
5925,2008-05-08 22:00:00+00:00,17.700000762939453,11.973583221435547
5925,2008-02-22 22:00:00+00:00,14.0,3.779700756072998
5925,2008-05-29 20:00:00+00:00,21.899999618530273,16.20150375366211
5925,2008-06-09 05:00:00+00:00,17.100000381469727,16.140239715576172
5925,2008-04-26 17:00:00+00:00,15.700000762939453,14.740960121154785
5925,2008-01-19 11:00:00+00:00,12.100000381469727,3.5484724044799805
5925,2008-03-03 15:00:00+00:00,16.100000381469727,8.068214416503906
5925,2008-04-23 11:00:00+00:00,12.899999618530273,13.974343299865723
5925,2008-01-26 12:00:00+00:00,7.300000190734863,3.9629406929016113
5925,2008-05-08 08:00:00+00:00,17.0,14.700166702270508
5925,2008-02-25 23:00:00+00:00,9.699999809265137,3.833040237426758
5925,2008-05-15 03:00:00+00:00,14.399999618530273,10.405699729919434
5925,2008-05-17 21:00:00+00:00,20.899999618530273,14.548019409179688
5925,2008-01-18 03:00:00+00:00,4.800000190734863,1.5109806060791016
5925,2008-01-05 20:00:00+00:00,-3.40000057220459,2.8445773124694824
5925,2008-01-03 14:00:00+00:00,-0.5,2.8659920692443848
5925,2008-05-11 05:00:00+00:00,13.300000190734863,11.698570251464844
5925,2008-01-27 15:00:00+00:00,6.699999809265137,4.358983039855957
5925,2008-02-28 14:00:00+00:00,13.5,5.455433368682861
5925,2008-06-08 03:00:00+00:00,16.5,14.999658584594727
5925,2008-03-30 18:00:00+00:00,14.300000190734863,8.844520568847656
5925,2008-05-31 20:00:00+00:00,25.399999618530273,16.68482208251953
4115,2009-01-24 00:00:00+00:00,5.699999809265137,2.8435726165771484
4115,2024-08-29 03:00:00+00:00,19.799999237060547,16.725778579711914
4115,2019-03-15 05:00:00+00:00,6.5,5.376621246337891
4115,2010-04-22 20:00:00+00:00,8.399999618530273,11.603423118591309
4115,2015-11-28 17:00:00+00:00,3.8000001907348633,6.639392852783203
4115,2021-07-05 17:00:00+00:00,27.0,23.870140075683594
4115,2020-03-28 00:00:00+00:00,5.0,6.919227123260498
4115,2009-07-08 00:00:00+00:00,15.399999618530273,18.452192306518555
4115,2014-08-31 08:00:00+00:00,16.899999618530273,20.297164916992188
4115,2024-11-19 10:00:00+00:00,3.4000000953674316,6.580278396606445
4115,2010-01-19 19:00:00+00:00,0.8999996185302734,3.7119979858398438
4115,2023-05-21 12:00:00+00:00,24.899999618530273,20.45070457458496
4115,2023-08-19 11:00:00+00:00,30.200000762939453,23.48663330078125
4115,2011-11-24 18:00:00+00:00,-1.1000003814697266,5.904167652130127
4115,2021-01-17 22:00:00+00:00,-4.399999618530273,3.5762791633605957
4115,2020-10-23 01:00:00+00:00,5.5,8.285664558410645
4115,2013-06-27 02:00:00+00:00,8.699999809265137,17.19392967224121
4115,2024-07-12 21:00:00+00:00,19.5,20.805328369140625
4115,2024-07-26 00:00:00+00:00,15.100000381469727,19.136646270751953
4115,2017-09-25 18:00:00+00:00,13.0,18.10252571105957
4115,2009-10-06 07:00:00+00:00,15.699999809265137,12.009658813476562
4115,2011-07-07 15:00:00+00:00,31.200000762939453,24.235105514526367
4115,2023-05-08 01:00:00+00:00,6.900000095367432,12.066238403320312
4115,2018-05-08 05:00:00+00:00,14.300000190734863,12.277253150939941
4115,2009-10-13 20:00:00+00:00,4.300000190734863,12.25687313079834
4115,2014-09-07 04:00:00+00:00,13.899999618530273,15.12428092956543
4115,2018-02-10 12:00:00+00:00,0.0,5.70602560043335
4115,2010-07-24 06:00:00+00:00,17.5,20.18360137939453
4115,2012-08-04 17:00:00+00:00,27.799999237060547,23.51763153076172
4115,2012-03-02 17:00:00+00:00,8.300000190734863,7.7419023513793945
4115,2011-11-05 23:00:00+00:00,11.5,5.997191905975342
4115,2016-11-08 20:00:00+00:00,2.5,6.996193885803223
4115,2022-01-23 00:00:00+00:00,-0.6000003814697266,3.139726161956787
4115,2011-02-07 06:00:00+00:00,9.100000381469727,3.7262892723083496
4115,2020-07-31 11:00:00+00:00,30.100000381469727,24.371368408203125
4115,2010-12-17 04:00:00+00:00,-12.19999885559082,1.836380958557129
4115,2020-04-10 04:00:00+00:00,11.399999618530273,8.082268714904785
4115,2013-11-23 13:00:00+00:00,8.5,7.519099712371826
4115,2012-04-16 01:00:00+00:00,8.0,8.48598861694336
4115,2024-01-30 15:00:00+00:00,6.5,4.821903228759766
4115,2024-05-05 22:00:00+00:00,17.700000762939453,13.695241928100586
4115,2025-03-25 21:00:00+00:00,10.100000381469727,7.024470806121826
4115,2015-09-04 15:00:00+00:00,22.700000762939453,21.060020446777344
4115,2016-10-15 05:00:00+00:00,8.5,9.560820579528809
4115,2021-06-04 03:00:00+00:00,11.600000381469727,15.865511894226074
4115,2014-11-27 15:00:00+00:00,2.5,6.528358459472656
4115,2008-12-22 04:00:00+00:00,6.800000190734863,2.84028959274292
4115,2023-08-04 17:00:00+00:00,17.899999618530273,23.50804901123047
4115,2025-09-19 00:00:00+00:00,17.299999237060547,14.326461791992188
4115,2019-05-18 04:00:00+00:00,7.599999904632568,13.234122276306152
4115,2020-08-17 07:00:00+00:00,20.200000762939453,19.87172508239746
4115,2015-12-17 22:00:00+00:00,2.8000001907348633,2.11783504486084
4115,2009-01-15 14:00:00+00:00,1.5,4.011316299438477
4115,2025-06-17 09:00:00+00:00,22.200000762939453,21.05657196044922
4115,2025-09-27 04:00:00+00:00,11.199999809265137,13.249075889587402
4115,2014-03-24 17:00:00+00:00,6.400000095367432,9.798480987548828
4115,2016-10-31 12:00:00+00:00,11.5,12.616155624389648
4115,2015-07-28 19:00:00+00:00,20.700000762939453,22.140987396240234
4115,2009-09-18 09:00:00+00:00,18.600000381469727,17.388202667236328
4115,2016-09-28 12:00:00+00:00,21.299999237060547,18.06843376159668
4115,2017-11-04 09:00:00+00:00,10.100000381469727,7.326079368591309
4115,2019-06-30 19:00:00+00:00,27.399999618530273,21.626829147338867
4115,2025-03-06 18:00:00+00:00,15.300000190734863,6.526099681854248
4115,2013-02-04 14:00:00+00:00,3.1999998092651367,6.164641857147217
4115,2021-01-25 13:00:00+00:00,4.099999904632568,5.261865139007568
4115,2021-02-24 11:00:00+00:00,10.800000190734863,5.412924289703369
4115,2015-01-27 01:00:00+00:00,-2.6000003814697266,2.4287405014038086
4115,2011-05-04 14:00:00+00:00,12.600000381469727,18.233671188354492
4115,2019-07-25 03:00:00+00:00,18.0,18.440021514892578
4115,2018-08-12 12:00:00+00:00,28.700000762939453,24.607311248779297
4115,2009-12-15 07:00:00+00:00,-6.30000114440918,2.8505215644836426
4115,2016-12-14 01:00:00+00:00,-3.1000003814697266,1.703282356262207
4115,2011-02-12 03:00:00+00:00,3.8000001907348633,3.484750270843506
4115,2017-07-06 11:00:00+00:00,27.799999237060547,23.759105682373047
4115,2013-09-15 11:00:00+00:00,19.5,19.96068572998047
4115,2012-12-27 16:00:00+00:00,3.3000001907348633,3.957718849182129
4115,2015-07-05 08:00:00+00:00,26.899999618530273,21.959781646728516
4115,2021-11-29 14:00:00+00:00,2.5999999046325684,7.671627044677734
4115,2018-09-09 23:00:00+00:00,14.300000190734863,15.87364387512207
4115,2016-05-25 07:00:00+00:00,14.199999809265137,15.797014236450195
4115,2025-08-18 10:00:00+00:00,23.399999618530273,22.98080825805664
4115,2009-12-01 16:00:00+00:00,4.699999809265137,5.004139423370361
4115,2020-03-15 21:00:00+00:00,5.300000190734863,7.6107258796691895
4115,2023-08-17 23:00:00+00:00,19.200000762939453,18.588165283203125
4115,2020-12-05 14:00:00+00:00,6.900000095367432,4.949647903442383
4115,2022-04-07 03:00:00+00:00,11.100000381469727,6.971493721008301
4115,2016-04-18 06:00:00+00:00,9.199999809265137,9.509977340698242
4115,2021-04-19 17:00:00+00:00,8.699999809265137,14.535343170166016
4115,2009-07-01 17:00:00+00:00,19.200000762939453,23.365219116210938
4115,2022-10-03 05:00:00+00:00,11.399999618530273,11.57839584350586
4115,2011-11-07 08:00:00+00:00,8.0,7.012561798095703
4115,2018-03-05 20:00:00+00:00,-0.8000001907348633,7.114295959472656
4115,2017-06-22 04:00:00+00:00,19.100000381469727,17.273239135742188
4115,2019-12-25 11:00:00+00:00,9.699999809265137,3.5965576171875
4115,2010-01-20 20:00:00+00:00,-4.5,2.806149482727051
4115,2014-11-02 12:00:00+00:00,6.699999809265137,9.626128196716309
4115,2010-11-09 15:00:00+00:00,11.800000190734863,8.551079750061035
4115,2023-07-16 20:00:00+00:00,24.600000381469727,21.838523864746094
4115,2010-10-27 14:00:00+00:00,9.100000381469727,12.364669799804688
4115,2018-06-24 11:00:00+00:00,18.299999237060547,23.313037872314453
4115,2024-04-30 14:00:00+00:00,24.600000381469727,16.346426010131836
4115,2025-02-27 15:00:00+00:00,8.300000190734863,5.828779697418213
4115,2020-04-06 04:00:00+00:00,3.0999999046325684,7.530644416809082
4115,2021-04-10 08:00:00+00:00,11.0,10.878185272216797
4115,2015-02-02 10:00:00+00:00,2.5,5.026226997375488
4115,2024-02-21 12:00:00+00:00,11.199999809265137,5.5019755363464355
4115,2016-04-18 11:00:00+00:00,10.5,14.649296760559082
4115,2008-12-21 23:00:00+00:00,4.900000095367432,3.21466064453125
4115,2022-08-24 23:00:00+00:00,21.700000762939453,17.832942962646484
4115,2015-03-16 18:00:00+00:00,10.699999809265137,8.87874984741211
4115,2021-09-22 00:00:00+00:00,11.600000381469727,14.036680221557617
4115,2009-12-29 16:00:00+00:00,1.3999996185302734,4.418916702270508
4115,2012-03-30 03:00:00+00:00,6.5,5.947409152984619
4115,2009-07-30 13:00:00+00:00,28.899999618530273,24.734664916992188
4115,2013-07-01 07:00:00+00:00,17.5,20.547725677490234
4115,2016-06-19 05:00:00+00:00,16.200000762939453,17.80023193359375
4115,2009-01-23 15:00:00+00:00,3.3000001907348633,4.409081935882568
4115,2019-01-11 14:00:00+00:00,-0.39999961853027344,4.062719345092773
4115,2013-01-23 18:00:00+00:00,-2.6000003814697266,3.528764247894287
4115,2018-09-14 15:00:00+00:00,19.399999618530273,20.16913414001465
4115,2020-04-07 01:00:00+00:00,10.0,7.568215847015381
4115,2013-03-27 22:00:00+00:00,-2.1000003814697266,6.090084075927734
4115,2016-08-14 15:00:00+00:00,28.100000381469727,24.627220153808594
4115,2019-11-26 18:00:00+00:00,4.900000095367432,6.392953395843506
4115,2015-12-20 23:00:00+00:00,3.3000001907348633,3.2260055541992188
4115,2025-10-23 23:00:00+00:00,9.0,8.912529945373535
4115,2021-03-05 10:00:00+00:00,2.5,7.046019554138184
4115,2019-12-10 06:00:00+00:00,5.599999904632568,2.733152389526367
4115,2018-01-08 09:00:00+00:00,5.300000190734863,3.711238384246826
4115,2022-03-28 19:00:00+00:00,11.5,9.028785705566406
4115,2019-05-19 03:00:00+00:00,10.5,13.008256912231445
4115,2022-07-09 08:00:00+00:00,20.0,21.870086669921875
4115,2011-11-13 22:00:00+00:00,-0.10000038146972656,6.137633800506592
4115,2013-01-09 20:00:00+00:00,1.1000003814697266,2.656148910522461
4115,2020-05-13 04:00:00+00:00,5.900000095367432,12.526480674743652
4115,2013-03-29 20:00:00+00:00,3.1999998092651367,8.307485580444336
4115,2021-04-26 05:00:00+00:00,2.6999998092651367,9.469269752502441
4115,2019-10-17 23:00:00+00:00,10.100000381469727,9.557976722717285
4115,2018-06-07 01:00:00+00:00,16.299999237060547,16.371742248535156
4115,2019-09-14 21:00:00+00:00,11.899999618530273,16.817312240600586
4115,2013-12-22 06:00:00+00:00,1.6999998092651367,2.9579825401306152
4115,2013-06-05 18:00:00+00:00,14.699999809265137,20.66144561767578
4115,2020-04-05 09:00:00+00:00,12.0,11.590719223022461
4115,2019-07-21 09:00:00+00:00,25.399999618530273,23.243791580200195
4115,2017-07-19 13:00:00+00:00,32.79999923706055,24.70956802368164
4115,2022-11-13 18:00:00+00:00,5.5,7.82119083404541
4115,2016-03-12 11:00:00+00:00,6.800000190734863,9.219057083129883
4115,2013-09-13 21:00:00+00:00,12.5,16.924165725708008
4115,2016-02-12 19:00:00+00:00,3.1999998092651367,4.721369743347168
4115,2011-01-16 23:00:00+00:00,2.5,3.2881264686584473
4115,2011-08-05 12:00:00+00:00,25.399999618530273,24.327632904052734
4115,2016-07-25 12:00:00+00:00,28.0,25.139991760253906
4115,2019-07-08 10:00:00+00:00,21.200000762939453,23.834903717041016
4115,2019-12-23 06:00:00+00:00,6.699999809265137,3.07895565032959
4115,2015-10-27 09:00:00+00:00,10.5,11.033934593200684
4115,2009-10-30 02:00:00+00:00,3.9000000953674316,7.509984970092773
4115,2009-11-26 13:00:00+00:00,10.800000190734863,6.406117916107178
4115,2011-01-24 15:00:00+00:00,-1.3999996185302734,5.1478166580200195
4115,2012-04-12 21:00:00+00:00,5.199999809265137,10.009267807006836
4115,2022-02-02 21:00:00+00:00,3.9000000953674316,3.2140121459960938
4115,2014-01-11 12:00:00+00:00,5.699999809265137,4.126365661621094
4115,2009-09-18 08:00:00+00:00,17.899999618530273,16.581058502197266
4115,2015-01-11 12:00:00+00:00,5.900000095367432,4.536980628967285
4115,2014-05-29 03:00:00+00:00,13.100000381469727,14.059880256652832
4115,2024-03-29 00:00:00+00:00,8.699999809265137,6.418701648712158
4115,2024-06-28 20:00:00+00:00,20.600000381469727,20.550697326660156
4115,2012-07-10 16:00:00+00:00,24.200000762939453,24.416194915771484
4115,2018-06-01 05:00:00+00:00,20.399999618530273,16.639568328857422
4115,2009-01-31 23:00:00+00:00,-1.6999998092651367,3.230210781097412
4115,2009-02-24 16:00:00+00:00,1.5,6.0714430809021
4115,2012-10-03 09:00:00+00:00,16.899999618530273,12.970773696899414
4115,2018-08-18 02:00:00+00:00,16.200000762939453,17.42281150817871
4115,2011-05-20 23:00:00+00:00,15.0,14.697816848754883
4115,2016-03-04 13:00:00+00:00,8.100000381469727,8.284635543823242
4115,2011-03-03 22:00:00+00:00,-2.6000003814697266,4.863638401031494
4115,2009-08-03 13:00:00+00:00,25.399999618530273,25.039955139160156
4115,2018-08-18 07:00:00+00:00,23.799999237060547,19.978527069091797
4115,2014-04-18 22:00:00+00:00,9.5,10.339072227478027
4115,2016-08-18 23:00:00+00:00,14.399999618530273,18.501873016357422
4115,2011-03-31 22:00:00+00:00,11.699999809265137,6.507259368896484
4115,2025-10-28 10:00:00+00:00,12.399999618530273,11.513489723205566
4115,2017-06-16 06:00:00+00:00,17.799999237060547,18.40286636352539
4115,2014-05-08 20:00:00+00:00,13.5,15.507137298583984
4115,2011-01-03 07:00:00+00:00,-0.8000001907348633,3.0677413940429688
4115,2024-12-06 23:00:00+00:00,5.099999904632568,2.377566337585449
4115,2025-08-09 06:00:00+00:00,22.299999237060547,19.467754364013672
4115,2020-11-19 00:00:00+00:00,5.599999904632568,3.86954402923584
4115,2012-10-11 17:00:00+00:00,9.699999809265137,13.26749324798584
4115,2011-12-03 08:00:00+00:00,-0.39999961853027344,3.331819534301758
4115,2019-06-08 07:00:00+00:00,19.700000762939453,18.9387264251709
4115,2017-05-03 03:00:00+00:00,7.099999904632568,11.224211692810059
4115,2021-09-24 01:00:00+00:00,15.300000190734863,13.47011947631836
4115,2025-04-08 23:00:00+00:00,5.0,8.589383125305176
4115,2009-01-24 13:00:00+00:00,8.199999809265137,4.696848392486572
4115,2019-05-28 19:00:00+00:00,14.899999618530273,18.236934661865234
4115,2012-01-25 01:00:00+00:00,0.0,1.8391990661621094
4115,2016-03-11 16:00:00+00:00,7.199999809265137,8.656283378601074
4115,2015-07-11 04:00:00+00:00,11.300000190734863,18.706863403320312
4115,2024-02-12 18:00:00+00:00,8.300000190734863,5.830902099609375
4115,2025-05-31 22:00:00+00:00,18.600000381469727,16.059585571289062
4115,2012-08-03 17:00:00+00:00,26.0,23.50804901123047
4115,2023-03-21 11:00:00+00:00,15.399999618530273,8.977729797363281
4115,2016-06-25 21:00:00+00:00,24.799999237060547,19.656131744384766
4115,2015-01-09 01:00:00+00:00,7.699999809265137,1.780898094177246
4115,2013-11-03 11:00:00+00:00,12.100000381469727,9.18513298034668
4115,2012-09-03 16:00:00+00:00,23.899999618530273,21.505611419677734
4115,2017-01-23 12:00:00+00:00,-5.100000381469727,5.014807224273682
4115,2024-08-02 10:00:00+00:00,26.899999618530273,23.088111877441406
4115,2021-08-21 04:00:00+00:00,16.200000762939453,17.643871307373047
4115,2021-08-17 18:00:00+00:00,14.800000190734863,22.106914520263672
4115,2020-07-03 05:00:00+00:00,18.600000381469727,19.08782196044922
4115,2018-04-07 18:00:00+00:00,10.600000381469727,12.921380996704102
4115,2015-12-21 00:00:00+00:00,3.1999998092651367,3.0103278160095215
4115,2024-10-31 22:00:00+00:00,11.199999809265137,8.471604347229004
4115,2011-04-28 05:00:00+00:00,10.699999809265137,9.43221664428711
4115,2009-05-22 08:00:00+00:00,22.100000381469727,17.060497283935547
4115,2016-01-20 16:00:00+00:00,-0.19999980926513672,3.9636011123657227
4115,2017-07-01 16:00:00+00:00,25.299999237060547,23.920867919921875
4115,2024-10-28 02:00:00+00:00,12.100000381469727,8.489169120788574
4115,2024-06-08 17:00:00+00:00,24.299999237060547,21.737079620361328
4115,2014-03-20 00:00:00+00:00,10.899999618530273,5.151675224304199
4115,2009-12-09 00:00:00+00:00,5.900000095367432,1.9122676849365234
4115,2022-11-27 17:00:00+00:00,3.4000000953674316,7.089920997619629
4115,2015-10-18 16:00:00+00:00,8.699999809265137,14.041642189025879
4115,2014-05-05 03:00:00+00:00,3.6999998092651367,11.399186134338379
4115,2023-09-19 08:00:00+00:00,18.200000762939453,16.612916946411133
4115,2010-12-21 15:00:00+00:00,-1.3999996185302734,4.593576431274414
4115,2015-05-28 19:00:00+00:00,13.199999809265137,17.985063552856445
4115,2012-03-02 06:00:00+00:00,7.900000095367432,5.048299312591553
4115,2020-04-06 10:00:00+00:00,16.700000762939453,12.271018028259277
4115,2024-10-15 23:00:00+00:00,4.699999809265137,10.669130325317383
4115,2015-01-30 06:00:00+00:00,2.5,2.5305027961730957
4115,2018-02-17 13:00:00+00:00,-0.3000001907348633,6.347588539123535
4115,2015-02-20 02:00:00+00:00,-2.3000001907348633,3.3349146842956543
4115,2017-07-02 16:00:00+00:00,20.399999618530273,24.156587600708008
4115,2018-06-01 10:00:00+00:00,26.399999618530273,20.974260330200195
4115,2011-11-10 19:00:00+00:00,4.5,6.535841941833496
4115,2019-02-04 20:00:00+00:00,1.0,4.942607402801514
4115,2021-08-23 10:00:00+00:00,21.200000762939453,22.71862030029297
4115,2022-12-02 08:00:00+00:00,-0.6000003814697266,3.0329723358154297
4115,2015-09-30 01:00:00+00:00,8.300000190734863,13.01010799407959
4115,2018-04-20 05:00:00+00:00,15.699999809265137,9.15478515625
4115,2021-03-16 01:00:00+00:00,4.099999904632568,5.121095657348633
4115,2021-03-05 07:00:00+00:00,4.599999904632568,5.520841121673584
4115,2023-06-09 18:00:00+00:00,18.399999618530273,21.005903244018555
4115,2024-02-24 23:00:00+00:00,4.699999809265137,4.525864124298096
4115,2009-12-15 16:00:00+00:00,-1.3999996185302734,4.56088924407959
4115,2018-04-25 04:00:00+00:00,10.800000190734863,8.553963661193848
4115,2022-03-22 17:00:00+00:00,12.699999809265137,8.89295768737793
4115,2024-10-30 03:00:00+00:00,12.199999809265137,7.327136039733887
4115,2021-05-15 15:00:00+00:00,18.399999618530273,19.693588256835938
4115,2010-10-25 10:00:00+00:00,7.099999904632568,12.525577545166016
4115,2025-10-29 10:00:00+00:00,16.600000381469727,10.971911430358887
4115,2015-04-30 15:00:00+00:00,16.899999618530273,15.40505599975586
4115,2014-06-01 16:00:00+00:00,18.799999237060547,22.01323127746582
4115,2018-10-06 20:00:00+00:00,17.200000762939453,12.945768356323242
4115,2014-11-11 22:00:00+00:00,11.100000381469727,5.968793869018555
4115,2023-01-16 12:00:00+00:00,4.599999904632568,4.81421422958374
4115,2014-04-22 21:00:00+00:00,12.199999809265137,10.893706321716309
4115,2016-02-24 22:00:00+00:00,0.8000001907348633,3.624044895172119
4115,2010-05-06 05:00:00+00:00,11.800000190734863,12.40256404876709
4115,2011-09-10 11:00:00+00:00,25.5,19.988414764404297
4115,2024-06-15 11:00:00+00:00,25.299999237060547,22.743789672851562
4115,2021-04-04 22:00:00+00:00,1.1000003814697266,9.42863655090332
4115,2016-05-26 06:00:00+00:00,16.299999237060547,15.158028602600098
4115,2023-08-24 11:00:00+00:00,30.399999618530273,22.876327514648438
4115,2017-05-17 06:00:00+00:00,16.899999618530273,13.969728469848633
4115,2019-12-17 07:00:00+00:00,3.6999998092651367,2.8333539962768555
4115,2017-12-26 13:00:00+00:00,2.1999998092651367,4.598360538482666
4115,2024-09-15 04:00:00+00:00,9.699999809265137,14.440617561340332
4115,2023-02-01 22:00:00+00:00,5.599999904632568,2.9152097702026367
4115,2021-04-26 06:00:00+00:00,5.0,10.094542503356934
4115,2017-10-20 22:00:00+00:00,10.899999618530273,9.892440795898438
4115,2024-05-20 21:00:00+00:00,18.100000381469727,16.163185119628906
4115,2017-04-24 01:00:00+00:00,4.199999809265137,8.99355697631836
4115,2025-02-26 17:00:00+00:00,9.399999618530273,5.377931118011475
4115,2019-09-02 09:00:00+00:00,18.0,19.474987030029297
4115,2016-08-25 14:00:00+00:00,26.5,23.653484344482422
4115,2015-07-13 16:00:00+00:00,21.899999618530273,24.6053466796875
4115,2010-11-23 11:00:00+00:00,6.900000095367432,6.872172832489014
4115,2020-06-14 16:00:00+00:00,16.600000381469727,22.763538360595703
4115,2011-08-26 17:00:00+00:00,33.0,22.6572265625
4115,2022-05-31 17:00:00+00:00,23.899999618530273,19.809741973876953
4115,2016-05-25 19:00:00+00:00,16.899999618530273,17.71200180053711
4115,2020-05-15 21:00:00+00:00,9.300000190734863,15.764217376708984
4115,2021-02-25 20:00:00+00:00,9.0,4.446414947509766
4115,2019-08-16 20:00:00+00:00,15.899999618530273,20.876619338989258
4115,2016-02-27 15:00:00+00:00,7.399999618530273,7.276654243469238
4115,2025-04-29 08:00:00+00:00,16.899999618530273,12.155534744262695
4115,2021-12-10 23:00:00+00:00,0.19999980926513672,2.3018503189086914
4115,2023-12-13 06:00:00+00:00,3.1999998092651367,2.0600481033325195
4115,2015-11-16 22:00:00+00:00,14.0,5.959961414337158
4115,2021-04-12 07:00:00+00:00,12.100000381469727,9.654400825500488
4115,2016-06-20 15:00:00+00:00,17.299999237060547,23.517663955688477
4115,2020-12-24 13:00:00+00:00,8.699999809265137,3.999549388885498
4115,2010-09-30 01:00:00+00:00,9.0,12.901427268981934
4115,2024-01-14 05:00:00+00:00,-1.5,2.765799045562744
4115,2016-10-04 08:00:00+00:00,10.399999618530273,12.672032356262207
4115,2019-06-19 14:00:00+00:00,29.799999237060547,23.04714584350586
4115,2010-10-20 13:00:00+00:00,8.800000190734863,13.022786140441895
4115,2016-04-19 01:00:00+00:00,8.199999809265137,8.579710006713867
4115,2019-10-27 07:00:00+00:00,7.900000095367432,9.99765396118164
4115,2014-07-05 16:00:00+00:00,20.899999618530273,24.07111358642578
4115,2010-02-13 21:00:00+00:00,-1.6000003814697266,4.817738056182861
4115,2020-09-03 00:00:00+00:00,14.699999809265137,15.596696853637695
4115,2009-09-21 21:00:00+00:00,14.300000190734863,16.086870193481445
4115,2017-03-23 16:00:00+00:00,9.0,8.664131164550781
4115,2021-12-03 11:00:00+00:00,4.0,4.156042098999023
4115,2013-10-11 17:00:00+00:00,7.900000095367432,13.715864181518555
4115,2021-12-29 03:00:00+00:00,0.8000001907348633,1.607748031616211
4115,2019-09-20 06:00:00+00:00,9.300000190734863,14.713069915771484
4115,2024-06-12 01:00:00+00:00,13.800000190734863,16.706878662109375
4115,2022-06-08 02:00:00+00:00,15.199999809265137,16.091272354125977
4115,2011-03-13 23:00:00+00:00,11.399999618530273,6.383747100830078
4115,2009-03-17 20:00:00+00:00,8.300000190734863,7.0637617111206055
4115,2023-11-14 03:00:00+00:00,14.100000381469727,4.749330997467041
4115,2009-12-05 13:00:00+00:00,7.099999904632568,4.835685729980469
4115,2023-04-10 06:00:00+00:00,5.800000190734863,8.752737045288086
4115,2018-06-15 06:00:00+00:00,16.100000381469727,18.34172821044922
4115,2017-09-02 22:00:00+00:00,14.199999809265137,17.093637466430664
4115,2021-01-18 10:00:00+00:00,-2.6000003814697266,4.2560601234436035
4115,2025-03-13 07:00:00+00:00,10.399999618530273,5.512495040893555
4115,2018-10-24 22:00:00+00:00,8.5,9.756816864013672
4115,2015-07-18 09:00:00+00:00,29.399999618530273,22.99746322631836
4115,2019-09-12 09:00:00+00:00,21.299999237060547,17.74690818786621
4115,2023-02-20 09:00:00+00:00,10.199999809265137,5.3272905349731445
4115,2024-01-17 23:00:00+00:00,0.8000001907348633,1.9949750900268555
4115,2011-01-28 21:00:00+00:00,-6.899999618530273,3.0352630615234375
4115,2020-03-08 04:00:00+00:00,3.6999998092651367,5.400652885437012
4115,2021-03-12 18:00:00+00:00,6.800000190734863,7.972003936767578
4115,2023-06-13 05:00:00+00:00,12.699999809265137,17.096235275268555
4115,2013-12-08 01:00:00+00:00,3.0999999046325684,3.090000629425049
4115,2009-05-11 10:00:00+00:00,24.0,18.055814743041992
4115,2011-10-27 05:00:00+00:00,8.300000190734863,7.691595077514648
4115,2013-04-23 22:00:00+00:00,15.199999809265137,10.284296989440918
4115,2019-05-13 14:00:00+00:00,12.100000381469727,20.057727813720703
4115,2017-06-28 08:00:00+00:00,27.0,20.343177795410156
4115,2025-06-16 07:00:00+00:00,21.0,19.280250549316406
4115,2018-05-03 14:00:00+00:00,25.899999618530273,18.32978630065918
4115,2011-01-28 19:00:00+00:00,-6.600000381469727,3.713639736175537
4115,2018-06-02 02:00:00+00:00,19.100000381469727,15.355897903442383
4115,2024-09-11 17:00:00+00:00,21.0,19.557933807373047
4115,2014-07-13 01:00:00+00:00,18.200000762939453,18.544952392578125
4115,2021-11-11 20:00:00+00:00,5.800000190734863,6.03521728515625
4115,2018-09-20 07:00:00+00:00,19.799999237060547,15.357501983642578
4115,2020-10-03 03:00:00+00:00,16.200000762939453,10.263599395751953
4115,2018-02-26 16:00:00+00:00,-7.0,7.127434253692627
4115,2012-09-09 05:00:00+00:00,12.600000381469727,15.410340309143066
4115,2015-11-19 21:00:00+00:00,15.100000381469727,4.962763786315918
4115,2015-01-03 21:00:00+00:00,0.3000001907348633,3.1028971672058105
4115,2025-02-24 19:00:00+00:00,5.800000190734863,6.014915466308594
4115,2021-01-23 10:00:00+00:00,5.900000095367432,3.842881202697754
4115,2023-09-03 13:00:00+00:00,23.299999237060547,21.988737106323242
4115,2014-02-03 15:00:00+00:00,0.19999980926513672,6.002758026123047
4115,2017-11-27 22:00:00+00:00,0.6999998092651367,5.272746562957764
4115,2016-06-30 14:00:00+00:00,29.100000381469727,23.565385818481445
4115,2025-07-19 11:00:00+00:00,26.299999237060547,24.468448638916016
4115,2021-04-24 17:00:00+00:00,15.699999809265137,15.138798713684082
4115,2010-10-18 03:00:00+00:00,5.699999809265137,9.614847183227539
4115,2016-07-10 04:00:00+00:00,15.699999809265137,18.623046875
4115,2018-09-06 02:00:00+00:00,16.299999237060547,14.784852027893066
4115,2015-11-04 11:00:00+00:00,3.6999998092651367,7.886557102203369
4115,2019-02-09 11:00:00+00:00,3.8000001907348633,5.340553283691406
4115,2018-07-09 22:00:00+00:00,21.5,19.986860275268555
4115,2017-01-23 10:00:00+00:00,-5.300000190734863,4.383579730987549
4115,2019-12-31 18:00:00+00:00,4.900000095367432,3.9628262519836426
4115,2021-02-22 12:00:00+00:00,4.800000190734863,6.83384895324707
4115,2024-02-12 23:00:00+00:00,8.399999618530273,4.240488052368164
4115,2018-09-24 03:00:00+00:00,11.199999809265137,13.65411376953125
4115,2009-10-29 09:00:00+00:00,9.399999618530273,10.29379653930664
4115,2010-04-03 19:00:00+00:00,12.100000381469727,11.88619613647461
4115,2022-06-28 18:00:00+00:00,27.0,22.04909896850586
4115,2017-10-05 19:00:00+00:00,16.600000381469727,12.975817680358887
4115,2017-02-18 08:00:00+00:00,4.400000095367432,4.510136127471924
4115,2020-07-15 13:00:00+00:00,26.5,24.66040802001953
4115,2016-07-22 03:00:00+00:00,18.5,18.634723663330078
4115,2022-03-28 20:00:00+00:00,15.699999809265137,8.509660720825195
4115,2014-11-21 11:00:00+00:00,7.399999618530273,6.464658737182617
4115,2022-08-29 23:00:00+00:00,17.0,17.88326644897461
4115,2011-02-22 07:00:00+00:00,-8.5,4.140941619873047
4115,2014-06-06 03:00:00+00:00,11.899999618530273,16.030160903930664
4115,2022-07-23 18:00:00+00:00,28.899999618530273,23.279844284057617
4115,2010-03-03 09:00:00+00:00,5.400000095367432,5.753912925720215
4115,2009-06-26 09:00:00+00:00,21.100000381469727,21.66448211669922
4115,2023-04-17 18:00:00+00:00,12.699999809265137,13.428862571716309
4115,2014-08-02 02:00:00+00:00,16.799999237060547,17.96986198425293
4115,2014-12-13 11:00:00+00:00,5.400000095367432,4.144586086273193
4115,2019-08-10 17:00:00+00:00,22.700000762939453,23.42083740234375
4115,2020-03-26 09:00:00+00:00,4.5,7.605954170227051
4115,2024-09-04 16:00:00+00:00,32.70000076293945,20.700651168823242
4115,2012-06-23 10:00:00+00:00,18.0,22.580339431762695
4115,2020-03-08 09:00:00+00:00,7.0,7.754655838012695
4115,2010-07-17 15:00:00+00:00,29.100000381469727,24.802608489990234
4115,2009-10-18 05:00:00+00:00,3.6999998092651367,9.763347625732422
4115,2014-10-29 05:00:00+00:00,0.5,7.789125442504883
4115,2016-01-11 11:00:00+00:00,1.6999998092651367,4.437136173248291
4115,2022-08-02 10:00:00+00:00,25.899999618530273,23.096267700195312
4115,2020-10-24 22:00:00+00:00,11.600000381469727,9.553916931152344
4115,2013-08-23 01:00:00+00:00,12.800000190734863,17.62395668029785
4115,2009-02-02 02:00:00+00:00,0.19999980926513672,3.3545241355895996
4115,2018-10-21 00:00:00+00:00,8.100000381469727,9.54296875
4115,2020-11-10 06:00:00+00:00,5.800000190734863,5.499344825744629
4115,2018-11-07 02:00:00+00:00,8.399999618530273,4.717267036437988
4115,2010-07-11 21:00:00+00:00,21.0,20.894668579101562
4115,2009-08-17 04:00:00+00:00,17.399999618530273,17.797069549560547
4115,2018-09-19 06:00:00+00:00,14.699999809265137,14.706262588500977
4115,2019-10-14 03:00:00+00:00,10.199999809265137,10.028438568115234
4115,2009-08-15 06:00:00+00:00,18.299999237060547,19.242902755737305
4115,2012-04-19 21:00:00+00:00,9.399999618530273,10.698805809020996
4115,2012-02-11 13:00:00+00:00,-8.399999618530273,5.969994068145752
4115,2010-07-06 21:00:00+00:00,15.199999809265137,20.369552612304688
4115,2018-03-07 15:00:00+00:00,11.199999809265137,7.411105155944824
4115,2017-07-24 00:00:00+00:00,19.700000762939453,18.942626953125
4115,2017-09-25 10:00:00+00:00,16.200000762939453,18.266834259033203
4115,2016-11-29 22:00:00+00:00,-0.8999996185302734,4.665027618408203
4115,2013-02-13 05:00:00+00:00,-1.1999998092651367,2.8123326301574707
4115,2022-04-15 13:00:00+00:00,17.299999237060547,14.645483016967773
4115,2011-12-19 18:00:00+00:00,0.39999961853027344,4.4899983406066895
4115,2021-01-31 22:00:00+00:00,-2.6000003814697266,3.8175086975097656
4115,2015-07-29 17:00:00+00:00,19.299999237060547,23.589733123779297
4115,2020-03-17 14:00:00+00:00,12.600000381469727,9.34675121307373
4115,2020-01-22 05:00:00+00:00,-1.6999998092651367,1.888606071472168
4115,2015-05-04 14:00:00+00:00,22.600000381469727,19.352441787719727
4115,2024-12-31 20:00:00+00:00,-3.1000003814697266,3.333456039428711
4115,2013-02-06 19:00:00+00:00,0.8999996185302734,3.9477763175964355
4115,2025-09-25 08:00:00+00:00,11.199999809265137,15.566062927246094
4115,2019-12-22 07:00:00+00:00,1.3000001907348633,3.115478515625
4115,2011-12-04 08:00:00+00:00,2.9000000953674316,3.6035380363464355
4115,2024-08-23 07:00:00+00:00,19.399999618530273,19.500320434570312
4115,2013-12-20 01:00:00+00:00,-2.1999998092651367,1.8674278259277344
4115,2020-04-13 18:00:00+00:00,12.100000381469727,13.03792667388916
4115,2011-03-21 19:00:00+00:00,5.199999809265137,8.664651870727539
4115,2016-06-26 21:00:00+00:00,18.799999237060547,19.932659149169922
4115,2025-08-19 02:00:00+00:00,13.199999809265137,17.015975952148438
4115,2020-03-16 03:00:00+00:00,2.8000001907348633,5.429294109344482
4115,2015-02-12 14:00:00+00:00,7.399999618530273,5.188802242279053
4115,2019-11-04 03:00:00+00:00,13.199999809265137,5.801002025604248
4115,2014-12-19 10:00:00+00:00,13.899999618530273,3.4635000228881836
4115,2020-11-12 09:00:00+00:00,6.099999904632568,5.828017234802246
4115,2023-03-22 02:00:00+00:00,9.199999809265137,4.778286457061768
4115,2015-05-23 18:00:00+00:00,11.600000381469727,18.699363708496094
4115,2013-09-15 22:00:00+00:00,13.899999618530273,16.106830596923828
4115,2015-08-09 11:00:00+00:00,35.70000076293945,24.18224334716797
4115,2021-03-14 09:00:00+00:00,7.399999618530273,8.216404914855957
4115,2009-12-27 21:00:00+00:00,0.8000001907348633,3.644637107849121
4115,2021-10-01 12:00:00+00:00,18.899999618530273,14.936750411987305
4115,2018-09-26 01:00:00+00:00,3.5999999046325684,13.331557273864746
4115,2011-09-24 02:00:00+00:00,11.600000381469727,13.429171562194824
4115,2011-02-11 10:00:00+00:00,9.899999618530273,4.816479206085205
4115,2010-12-16 10:00:00+00:00,-8.600000381469727,3.27327299118042
4115,2012-05-15 13:00:00+00:00,18.100000381469727,19.683040618896484
4115,2024-09-17 16:00:00+00:00,17.200000762939453,19.917461395263672
4115,2019-10-10 01:00:00+00:00,11.899999618530273,9.554608345031738
4115,2017-06-10 04:00:00+00:00,15.899999618530273,16.601999282836914
4115,2021-11-11 16:00:00+00:00,5.5,7.803360939025879
4115,2024-09-22 23:00:00+00:00,11.399999618530273,14.728769302368164
4115,2020-05-25 02:00:00+00:00,11.5,13.534252166748047
4115,2021-02-24 18:00:00+00:00,8.199999809265137,4.9712982177734375
4115,2024-12-10 02:00:00+00:00,2.9000000953674316,2.343470573425293
4115,2011-11-01 17:00:00+00:00,7.199999809265137,8.746587753295898
4115,2020-04-03 00:00:00+00:00,-0.3000001907348633,8.256346702575684
4115,2019-08-06 01:00:00+00:00,16.399999618530273,17.733715057373047
4115,2015-12-15 17:00:00+00:00,3.1999998092651367,4.340040683746338
4115,2016-03-13 04:00:00+00:00,4.800000190734863,5.574570655822754
4115,2009-12-30 14:00:00+00:00,3.0999999046325684,4.213277339935303
4115,2013-02-02 13:00:00+00:00,6.400000095367432,5.537895202636719
4115,2022-12-26 04:00:00+00:00,4.199999809265137,2.8274741172790527
4115,2009-12-20 20:00:00+00:00,-14.399999618530273,3.980048656463623
4115,2015-04-17 02:00:00+00:00,13.300000190734863,8.538902282714844
4115,2016-11-08 21:00:00+00:00,1.8999996185302734,6.502033710479736
4115,2013-12-04 09:00:00+00:00,-2.1000003814697266,3.1058835983276367
4115,2025-02-27 10:00:00+00:00,6.800000190734863,5.195418357849121
4115,2019-08-25 18:00:00+00:00,22.100000381469727,22.297443389892578
4115,2022-10-20 11:00:00+00:00,13.699999809265137,12.272096633911133
4115,2020-02-01 10:00:00+00:00,17.0,4.551013946533203
4115,2014-11-25 18:00:00+00:00,4.0,6.4475884437561035
4115,2019-04-09 16:00:00+00:00,18.299999237060547,13.126178741455078
4115,2012-09-27 08:00:00+00:00,14.800000190734863,15.231435775756836
4115,2009-03-07 04:00:00+00:00,2.3999996185302734,5.196409225463867
4115,2013-04-15 00:00:00+00:00,7.0,8.795333862304688
4115,2013-05-31 21:00:00+00:00,9.0,16.9906005859375
4115,2019-12-05 17:00:00+00:00,-0.39999961853027344,4.0115556716918945
4115,2016-03-28 00:00:00+00:00,5.0,6.401553153991699
4115,2020-03-22 03:00:00+00:00,-0.6999998092651367,5.926037788391113
4115,2010-11-18 05:00:00+00:00,7.0,3.8980445861816406
4115,2021-10-12 15:00:00+00:00,11.600000381469727,14.49155044555664
4115,2021-06-12 18:00:00+00:00,20.600000381469727,21.27475357055664
4115,2016-07-06 21:00:00+00:00,16.600000381469727,20.214874267578125
4115,2017-10-23 05:00:00+00:00,8.899999618530273,9.607915878295898
4115,2014-05-12 15:00:00+00:00,17.100000381469727,19.841482162475586
4115,2022-11-20 05:00:00+00:00,-0.3000001907348633,4.896829605102539
4115,2020-02-27 22:00:00+00:00,5.599999904632568,3.845123291015625
4115,2021-12-31 01:00:00+00:00,11.800000190734863,1.823404312133789
4115,2009-11-18 06:00:00+00:00,11.800000190734863,4.357523441314697
4115,2019-06-26 09:00:00+00:00,30.200000762939453,21.174407958984375
4115,2024-06-26 00:00:00+00:00,18.600000381469727,17.6815128326416
4115,2016-12-24 15:00:00+00:00,1.8999996185302734,4.498978137969971
4115,2017-12-30 14:00:00+00:00,1.8999996185302734,4.541763782501221
4115,2020-02-13 01:00:00+00:00,3.3000001907348633,2.694167137145996
4115,2018-04-17 01:00:00+00:00,13.800000190734863,8.329216003417969
4115,2021-03-30 19:00:00+00:00,19.0,8.624011039733887
4115,2017-06-10 12:00:00+00:00,24.600000381469727,22.740943908691406
4115,2017-04-28 21:00:00+00:00,4.900000095367432,12.089176177978516
4115,2015-03-07 04:00:00+00:00,4.199999809265137,5.196408748626709
4115,2014-07-08 09:00:00+00:00,29.100000381469727,22.517696380615234
4115,2011-03-16 14:00:00+00:00,11.800000190734863,8.266213417053223
4115,2011-07-31 22:00:00+00:00,15.899999618530273,20.238327026367188
4115,2021-11-09 17:00:00+00:00,7.300000190734863,7.960335731506348
4115,2009-10-19 03:00:00+00:00,3.5999999046325684,9.512045860290527
4115,2009-03-09 20:00:00+00:00,3.8000001907348633,7.351600646972656
4115,2011-05-18 00:00:00+00:00,10.300000190734863,13.64523696899414
4115,2020-12-10 00:00:00+00:00,2.8000001907348633,1.8019514083862305
4115,2023-06-25 07:00:00+00:00,19.600000381469727,19.961275100708008
4115,2019-12-16 00:00:00+00:00,1.8000001907348633,3.047335624694824
4115,2021-05-05 23:00:00+00:00,7.099999904632568,12.859454154968262
4115,2011-05-25 13:00:00+00:00,22.200000762939453,19.98554039001465
4115,2012-10-24 06:00:00+00:00,9.100000381469727,8.62733268737793
4115,2009-02-06 07:00:00+00:00,2.1000003814697266,3.5012760162353516
4115,2010-12-10 12:00:00+00:00,0.0,4.223450183868408
4115,2025-04-06 08:00:00+00:00,2.5999999046325684,10.600942611694336
4115,2017-02-13 17:00:00+00:00,0.6999998092651367,6.1171875
4115,2015-12-14 04:00:00+00:00,3.1999998092651367,2.907938003540039
4115,2020-01-14 20:00:00+00:00,-1.1999998092651367,3.3443527221679688
4115,2012-03-04 05:00:00+00:00,-1.5,5.349471092224121
4115,2016-10-02 08:00:00+00:00,17.799999237060547,13.242258071899414
4115,2022-10-14 02:00:00+00:00,8.300000190734863,9.169377326965332
4115,2021-03-17 08:00:00+00:00,5.300000190734863,6.1372222900390625
4115,2014-12-30 02:00:00+00:00,-5.80000114440918,2.2073631286621094
4115,2023-09-10 10:00:00+00:00,25.899999618530273,19.660924911499023
4115,2024-02-14 12:00:00+00:00,11.100000381469727,5.153102874755859
4115,2013-01-19 11:00:00+00:00,-4.5,4.0321502685546875
4115,2022-06-09 22:00:00+00:00,15.100000381469727,18.188709259033203
4115,2018-03-09 08:00:00+00:00,2.8000001907348633,6.147626876831055
4115,2020-05-23 18:00:00+00:00,17.200000762939453,18.7707462310791
4115,2014-01-25 16:00:00+00:00,-3.3999996185302734,4.80124568939209
4115,2016-01-15 18:00:00+00:00,1.8999996185302734,3.621866226196289
4115,2009-04-20 15:00:00+00:00,21.0,15.712682723999023
4115,2020-08-27 01:00:00+00:00,19.600000381469727,17.115550994873047
4115,2012-03-20 00:00:00+00:00,5.599999904632568,5.553386211395264
4115,2021-07-12 10:00:00+00:00,25.399999618530273,23.93097496032715
4115,2018-04-03 21:00:00+00:00,10.300000190734863,9.335905075073242
4115,2024-08-09 01:00:00+00:00,18.799999237060547,18.162067413330078
4115,2014-09-13 13:00:00+00:00,15.399999618530273,20.504863739013672
4115,2017-10-06 21:00:00+00:00,9.399999618530273,12.09455394744873
4115,2013-08-21 07:00:00+00:00,15.199999809265137,19.245651245117188
4115,2009-09-15 08:00:00+00:00,17.600000381469727,17.02383041381836
4115,2011-04-29 11:00:00+00:00,18.299999237060547,15.366641998291016
4115,2010-03-13 01:00:00+00:00,2.1999998092651367,5.71769380569458
4115,2025-04-19 11:00:00+00:00,15.300000190734863,14.740598678588867
4115,2020-12-09 16:00:00+00:00,5.300000190734863,4.252377510070801
4115,2017-03-04 13:00:00+00:00,19.899999618530273,9.225055694580078
4115,2017-10-15 00:00:00+00:00,11.600000381469727,10.183486938476562
4115,2016-05-11 00:00:00+00:00,11.100000381469727,13.033340454101562
4115,2011-09-24 12:00:00+00:00,20.299999237060547,19.06653594970703
4115,2020-01-06 21:00:00+00:00,-4.0,3.6207985877990723
4115,2016-01-27 18:00:00+00:00,7.199999809265137,3.6180853843688965
4115,2021-01-07 05:00:00+00:00,1.0,1.4760026931762695
4115,2019-03-10 22:00:00+00:00,12.100000381469727,6.6847686767578125
4115,2018-02-21 00:00:00+00:00,-1.1999998092651367,3.085693359375
4115,2015-04-22 05:00:00+00:00,11.5,8.696887016296387
4115,2009-11-20 21:00:00+00:00,6.199999809265137,5.098149299621582
4115,2024-04-17 09:00:00+00:00,9.699999809265137,11.776129722595215
4115,2013-03-06 09:00:00+00:00,11.399999618530273,5.928016662597656
4115,2009-05-14 06:00:00+00:00,9.5,13.953996658325195
4115,2018-01-23 04:00:00+00:00,0.8999996185302734,2.2901363372802734
4115,2012-11-28 19:00:00+00:00,9.5,5.449099063873291
4115,2019-02-18 09:00:00+00:00,4.5,5.24129056930542
4115,2018-05-18 07:00:00+00:00,16.299999237060547,15.633245468139648
4115,2022-02-22 16:00:00+00:00,7.0,5.97763204574585
4115,2011-07-22 23:00:00+00:00,15.899999618530273,19.669471740722656
4115,2012-05-01 07:00:00+00:00,19.799999237060547,13.398524284362793
4115,2012-06-24 10:00:00+00:00,27.200000762939453,22.822059631347656
4115,2024-08-31 03:00:00+00:00,19.700000762939453,16.718544006347656
4115,2022-11-10 16:00:00+00:00,10.699999809265137,7.912005424499512
4115,2012-02-19 14:00:00+00:00,6.099999904632568,7.287542343139648
4115,2008-12-30 13:00:00+00:00,-4.5,4.61044454574585
4115,2009-06-03 16:00:00+00:00,20.399999618530273,21.728242874145508
4115,2012-06-20 12:00:00+00:00,33.099998474121094,22.850181579589844
4115,2019-10-01 03:00:00+00:00,8.300000190734863,11.207502365112305
4115,2015-11-25 00:00:00+00:00,-3.3000001907348633,3.664121150970459
4115,2010-01-09 19:00:00+00:00,0.3000001907348633,3.751291275024414
4115,2019-02-12 15:00:00+00:00,2.9000000953674316,5.694540977478027
4115,2022-03-22 12:00:00+00:00,14.699999809265137,9.446454048156738
4115,2012-08-30 06:00:00+00:00,18.600000381469727,18.09969139099121
4115,2017-03-31 03:00:00+00:00,7.099999904632568,5.947409152984619
4115,2025-10-28 11:00:00+00:00,12.600000381469727,12.043798446655273
4115,2012-03-12 23:00:00+00:00,8.100000381469727,6.083306789398193
4115,2025-08-31 17:00:00+00:00,20.799999237060547,22.768024444580078
4115,2022-06-04 14:00:00+00:00,25.899999618530273,22.505537033081055
4115,2018-05-28 10:00:00+00:00,26.600000381469727,19.59537124633789
4115,2011-12-21 07:00:00+00:00,2.6999998092651367,2.178363800048828
4115,2025-03-06 10:00:00+00:00,13.0,6.378434181213379
4115,2022-09-05 21:00:00+00:00,18.0,17.413644790649414
4115,2009-04-09 06:00:00+00:00,14.5,8.318859100341797
4115,2014-06-14 09:00:00+00:00,15.899999618530273,21.303325653076172
4115,2020-05-09 10:00:00+00:00,23.0,18.14417839050293
4115,2024-03-06 03:00:00+00:00,4.400000095367432,4.173734664916992
4115,2017-03-25 06:00:00+00:00,4.800000190734863,6.360340118408203
4115,2023-11-12 12:00:00+00:00,10.100000381469727,8.654685020446777
4115,2012-09-26 04:00:00+00:00,12.300000190734863,12.997457504272461
4115,2013-04-18 05:00:00+00:00,11.199999809265137,8.529675483703613
4115,2020-11-24 20:00:00+00:00,1.6999998092651367,5.78883171081543
4115,2024-09-12 23:00:00+00:00,8.0,15.209244728088379
4115,2019-01-21 17:00:00+00:00,-4.399999618530273,4.804082870483398
4115,2024-06-02 14:00:00+00:00,22.399999618530273,22.67763900756836
4115,2021-02-04 03:00:00+00:00,11.699999809265137,2.3369340896606445
4115,2018-04-07 13:00:00+00:00,16.100000381469727,14.583731651306152
4115,2013-05-17 13:00:00+00:00,21.899999618530273,19.75503921508789
4115,2017-12-07 21:00:00+00:00,-1.1000003814697266,2.6586031913757324
4115,2024-01-11 09:00:00+00:00,-5.100000381469727,2.7034850120544434
4115,2021-09-12 21:00:00+00:00,16.299999237060547,17.039962768554688
4115,2020-10-05 23:00:00+00:00,9.100000381469727,11.778539657592773
4115,2009-06-20 17:00:00+00:00,16.0,22.386215209960938
4115,2011-11-01 20:00:00+00:00,7.199999809265137,7.736464500427246
4115,2018-04-24 06:00:00+00:00,16.299999237060547,9.675883293151855
4115,2023-04-14 01:00:00+00:00,6.099999904632568,8.59707260131836
4115,2022-12-26 23:00:00+00:00,11.800000190734863,3.1717305183410645
4115,2012-05-12 07:00:00+00:00,21.299999237060547,15.132448196411133
4115,2012-07-06 10:00:00+00:00,30.299999237060547,23.37587547302246
4115,2015-02-16 09:00:00+00:00,5.0,5.157759666442871
4115,2010-12-21 06:00:00+00:00,-3.3000001907348633,2.6247811317443848
4115,2018-05-30 22:00:00+00:00,16.399999618530273,15.993942260742188
4115,2023-06-12 20:00:00+00:00,15.5,19.97062110900879
4115,2018-01-13 18:00:00+00:00,1.3000001907348633,4.068180084228516
4115,2019-04-01 13:00:00+00:00,15.300000190734863,13.751424789428711
4115,2016-07-03 10:00:00+00:00,18.0,23.682680130004883
4115,2020-09-17 15:00:00+00:00,20.600000381469727,19.667888641357422
4115,2012-04-25 07:00:00+00:00,11.399999618530273,10.653675079345703
4115,2019-12-03 10:00:00+00:00,3.6999998092651367,4.165468692779541
4115,2011-02-21 03:00:00+00:00,-7.600000381469727,3.8139114379882812
4115,2014-08-20 03:00:00+00:00,15.899999618530273,17.00782012939453
4115,2024-07-21 09:00:00+00:00,27.600000381469727,23.248870849609375
4115,2020-02-12 03:00:00+00:00,2.5,2.576601982116699
4115,2025-08-04 12:00:00+00:00,22.600000381469727,24.747581481933594
4115,2025-07-10 04:00:00+00:00,15.699999809265137,18.621112823486328
4115,2014-01-23 16:00:00+00:00,-1.1000003814697266,4.028557777404785
4115,2015-12-20 17:00:00+00:00,4.300000190734863,4.755491733551025
4115,2015-06-09 01:00:00+00:00,16.899999618530273,16.195945739746094
4115,2015-04-08 13:00:00+00:00,9.5,12.815808296203613
4115,2021-03-30 21:00:00+00:00,15.5,7.3509721755981445
4115,2022-03-01 17:00:00+00:00,3.8000001907348633,7.342290878295898
4115,2015-12-21 15:00:00+00:00,4.199999809265137,5.052433490753174
4115,2013-04-28 12:00:00+00:00,19.100000381469727,16.74413299560547
4115,2022-03-20 18:00:00+00:00,5.400000095367432,9.571374893188477
4115,2021-08-28 21:00:00+00:00,14.5,19.565448760986328
4115,2010-11-29 23:00:00+00:00,-0.10000038146972656,4.828797817230225
4115,2010-06-01 11:00:00+00:00,13.199999809265137,21.465702056884766
4115,2024-07-15 02:00:00+00:00,22.5,18.331804275512695
4115,2010-08-14 20:00:00+00:00,22.200000762939453,20.964889526367188
4115,2022-11-28 01:00:00+00:00,3.5,4.440628528594971
4115,2018-11-27 23:00:00+00:00,-0.6999998092651367,4.442957401275635
4115,2015-04-27 15:00:00+00:00,24.899999618530273,16.5155086517334
4115,2025-08-08 15:00:00+00:00,32.599998474121094,24.31907844543457
4115,2015-11-03 11:00:00+00:00,9.399999618530273,8.6992826461792
4115,2019-09-30 11:00:00+00:00,22.399999618530273,18.493059158325195
4115,2014-01-14 14:00:00+00:00,6.099999904632568,4.474128246307373
4115,2016-01-02 10:00:00+00:00,-2.6000003814697266,3.3766398429870605
4115,2025-07-26 17:00:00+00:00,21.799999237060547,24.046245574951172
4115,2015-11-04 12:00:00+00:00,4.699999809265137,8.285560607910156
4115,2017-11-01 02:00:00+00:00,5.300000190734863,5.219769477844238
4115,2021-11-04 11:00:00+00:00,9.899999618530273,7.836541175842285
4115,2021-01-26 13:00:00+00:00,3.3000001907348633,4.7775492668151855
4115,2009-01-13 12:00:00+00:00,-5.80000114440918,4.284853458404541
4115,2014-12-29 20:00:00+00:00,-5.300000190734863,3.882157325744629
4115,2020-10-21 21:00:00+00:00,8.399999618530273,10.536258697509766
4115,2019-11-16 09:00:00+00:00,12.0,6.194395542144775
4115,2014-01-14 11:00:00+00:00,2.5999999046325684,4.086384296417236
4115,2017-11-21 03:00:00+00:00,3.3000001907348633,4.255518913269043
4115,2024-12-10 22:00:00+00:00,2.1000003814697266,2.9592185020446777
4115,2015-09-29 13:00:00+00:00,16.200000762939453,18.965866088867188
4115,2020-10-02 02:00:00+00:00,8.300000190734863,10.312080383300781
4115,2012-02-21 06:00:00+00:00,-4.600000381469727,3.791421413421631
4115,2011-05-23 18:00:00+00:00,22.100000381469727,19.133638381958008
4115,2021-12-22 21:00:00+00:00,-5.0,2.432462692260742
4115,2024-08-01 07:00:00+00:00,25.5,20.275230407714844
4115,2022-08-27 16:00:00+00:00,26.600000381469727,23.372150421142578
4115,2012-06-11 08:00:00+00:00,13.800000190734863,20.057186126708984
4115,2011-06-05 20:00:00+00:00,21.600000381469727,19.506296157836914
4115,2021-08-12 22:00:00+00:00,18.700000762939453,19.367431640625
4115,2014-02-07 09:00:00+00:00,1.3999996185302734,4.262454032897949
4115,2010-02-28 02:00:00+00:00,3.6999998092651367,4.213771343231201
4115,2017-11-02 20:00:00+00:00,13.0,6.8240509033203125
4115,2011-04-29 07:00:00+00:00,13.899999618530273,11.645254135131836
4115,2010-10-07 07:00:00+00:00,11.399999618530273,11.461886405944824
4115,2017-01-12 14:00:00+00:00,6.0,3.9402613639831543
4115,2009-08-04 05:00:00+00:00,18.100000381469727,18.23580551147461
4115,2023-01-02 21:00:00+00:00,4.300000190734863,3.5639843940734863
4115,2020-03-05 07:00:00+00:00,0.8000001907348633,5.132879734039307
4115,2012-09-07 10:00:00+00:00,20.200000762939453,19.185623168945312
4115,2016-11-30 23:00:00+00:00,1.8000001907348633,3.5786232948303223
4115,2017-08-04 03:00:00+00:00,21.899999618530273,18.167285919189453
4115,2011-11-23 11:00:00+00:00,-1.3000001907348633,6.127501964569092
4115,2024-11-05 12:00:00+00:00,10.800000190734863,8.741689682006836
4115,2012-09-21 02:00:00+00:00,3.9000000953674316,13.45268726348877
4115,2023-03-26 13:00:00+00:00,16.0,11.443836212158203
4115,2010-08-20 01:00:00+00:00,12.699999809265137,17.770877838134766
4115,2011-03-02 21:00:00+00:00,0.8000001907348633,5.094952583312988
4115,2016-05-01 07:00:00+00:00,11.300000190734863,13.8318452835083
4115,2021-01-01 12:00:00+00:00,-0.6999998092651367,3.6567649841308594
4115,2014-04-06 01:00:00+00:00,11.300000190734863,8.199769973754883
4115,2018-11-25 01:00:00+00:00,5.400000095367432,4.642065525054932
4115,2025-07-23 05:00:00+00:00,19.200000762939453,19.013181686401367
4115,2015-09-17 11:00:00+00:00,30.0,18.76650619506836
4115,2015-12-07 18:00:00+00:00,1.6999998092651367,4.828891754150391
4115,2024-07-09 21:00:00+00:00,24.799999237060547,20.411535263061523
4115,2016-01-02 17:00:00+00:00,-3.8999996185302734,4.067848205566406
4115,2024-04-10 02:00:00+00:00,11.199999809265137,7.291237831115723
4115,2020-10-14 03:00:00+00:00,6.0,9.121973037719727
4115,2023-08-10 16:00:00+00:00,20.799999237060547,23.85257911682129
4115,2021-05-10 05:00:00+00:00,14.199999809265137,12.620843887329102
4115,2010-12-26 10:00:00+00:00,-4.5,4.02744197845459
4115,2011-06-14 18:00:00+00:00,20.600000381469727,21.412437438964844
4115,2014-11-16 14:00:00+00:00,8.800000190734863,8.58010482788086
4115,2010-05-02 03:00:00+00:00,14.199999809265137,11.24316692352295
4115,2024-06-02 21:00:00+00:00,18.0,18.59894371032715
4115,2017-12-25 10:00:00+00:00,6.5,4.194337368011475
4115,2009-12-30 05:00:00+00:00,0.8999996185302734,1.8040542602539062
4115,2019-06-28 15:00:00+00:00,26.600000381469727,23.403257369995117
4115,2010-09-10 15:00:00+00:00,19.700000762939453,20.54487419128418
4115,2019-11-30 19:00:00+00:00,1.1000003814697266,5.758605480194092
4115,2022-05-03 06:00:00+00:00,12.300000190734863,12.501443862915039
4115,2022-05-16 22:00:00+00:00,17.899999618530273,14.802154541015625
4115,2013-12-09 19:00:00+00:00,6.400000095367432,4.487212181091309
4115,2024-01-30 03:00:00+00:00,0.5,2.365382194519043
4115,2015-06-17 05:00:00+00:00,14.100000381469727,17.38018798828125
4115,2019-01-29 14:00:00+00:00,3.5,4.893440246582031
4115,2024-05-20 03:00:00+00:00,13.300000190734863,13.029865264892578
4115,2025-04-24 00:00:00+00:00,14.300000190734863,9.268074989318848
4115,2011-04-12 17:00:00+00:00,11.399999618530273,12.775622367858887
4115,2023-10-09 00:00:00+00:00,9.600000381469727,11.096253395080566
4115,2016-05-03 11:00:00+00:00,14.0,17.76488494873047
4115,2019-01-13 04:00:00+00:00,3.3000001907348633,2.7095680236816406
4115,2022-08-26 11:00:00+00:00,29.600000381469727,22.775474548339844
4115,2016-09-29 14:00:00+00:00,27.0,18.331819534301758
4115,2020-03-08 19:00:00+00:00,3.5,8.486540794372559
4115,2020-07-22 15:00:00+00:00,26.899999618530273,24.606889724731445
4115,2012-12-22 22:00:00+00:00,-0.6000003814697266,3.0057711601257324
4115,2020-02-12 08:00:00+00:00,3.9000000953674316,3.638139247894287
4115,2024-12-18 15:00:00+00:00,6.099999904632568,4.238249778747559
4115,2017-04-04 23:00:00+00:00,11.199999809265137,8.25174331665039
4115,2010-11-30 14:00:00+00:00,-2.0,7.067817687988281
4115,2025-10-16 12:00:00+00:00,14.600000381469727,13.021851539611816
4115,2014-10-07 13:00:00+00:00,14.5,15.05744743347168
4115,2013-03-20 22:00:00+00:00,6.800000190734863,5.654178142547607
4115,2015-11-22 09:00:00+00:00,3.9000000953674316,6.174422740936279
4115,2019-07-14 10:00:00+00:00,22.299999237060547,23.961746215820312
4115,2025-04-25 13:00:00+00:00,10.800000190734863,15.760639190673828
4115,2024-07-26 19:00:00+00:00,22.600000381469727,22.505834579467773
4115,2018-06-04 13:00:00+00:00,27.899999618530273,22.789257049560547
4115,2023-03-28 15:00:00+00:00,7.099999904632568,10.08941650390625
4115,2017-04-27 13:00:00+00:00,7.399999618530273,15.238856315612793
4115,2010-05-02 12:00:00+00:00,16.700000762939453,18.969785690307617
4115,2011-11-09 15:00:00+00:00,8.5,8.096709251403809
4115,2014-09-25 02:00:00+00:00,9.5,13.121850967407227
4115,2023-08-23 14:00:00+00:00,31.0,23.762760162353516
4115,2025-05-26 06:00:00+00:00,15.100000381469727,15.025266647338867
4115,2009-09-08 10:00:00+00:00,19.600000381469727,19.59522247314453
4115,2015-06-26 00:00:00+00:00,13.899999618530273,17.845195770263672
4115,2012-09-12 23:00:00+00:00,11.100000381469727,15.325133323669434
4115,2019-09-15 17:00:00+00:00,20.799999237060547,19.770408630371094
4115,2015-01-23 13:00:00+00:00,4.0,4.3598785400390625
4115,2024-04-09 22:00:00+00:00,14.300000190734863,9.271645545959473
4115,2021-04-04 23:00:00+00:00,2.3000001907348633,8.879547119140625
4115,2023-04-17 09:00:00+00:00,12.5,12.254326820373535
4115,2024-11-04 21:00:00+00:00,3.4000000953674316,7.215086936950684
4115,2013-09-30 03:00:00+00:00,9.100000381469727,13.12980842590332
4115,2021-08-21 18:00:00+00:00,19.700000762939453,22.329578399658203
4115,2016-12-14 21:00:00+00:00,3.5,2.524829864501953
4115,2009-04-15 10:00:00+00:00,18.399999618530273,12.258954048156738
4115,2013-10-10 05:00:00+00:00,11.0,9.706620216369629
4115,2023-01-06 03:00:00+00:00,8.5,1.672194480895996
4115,2024-04-07 16:00:00+00:00,26.5,14.559091567993164
4115,2010-05-10 03:00:00+00:00,11.699999809265137,11.92529296875
4115,2023-04-24 21:00:00+00:00,10.600000381469727,11.39222526550293
4115,2025-07-27 11:00:00+00:00,21.5,24.724624633789062
4115,2017-01-10 16:00:00+00:00,-7.600000381469727,4.210954666137695
4115,2011-01-04 23:00:00+00:00,-4.0,2.4727067947387695
4115,2012-09-02 00:00:00+00:00,15.199999809265137,15.76057243347168
4115,2014-04-17 08:00:00+00:00,8.100000381469727,10.642497062683105
4115,2011-04-16 22:00:00+00:00,8.600000381469727,10.37597942352295
4115,2014-02-09 10:00:00+00:00,5.300000190734863,5.297708034515381
4115,2024-02-17 06:00:00+00:00,3.8000001907348633,3.9277920722961426
4115,2025-08-17 20:00:00+00:00,19.899999618530273,20.836688995361328
4115,2017-07-27 12:00:00+00:00,17.799999237060547,24.552989959716797
4115,2022-07-17 04:00:00+00:00,14.699999809265137,18.770423889160156
4115,2023-12-18 07:00:00+00:00,0.8000001907348633,3.3307414054870605
4115,2025-03-08 15:00:00+00:00,18.799999237060547,9.557222366333008
4115,2019-08-23 10:00:00+00:00,23.0,22.24508285522461
4115,2024-08-02 09:00:00+00:00,23.5,22.19516372680664
4115,2011-06-12 22:00:00+00:00,14.199999809265137,18.368833541870117
4115,2011-03-05 05:00:00+00:00,-4.199999809265137,5.260556697845459
4115,2010-10-22 07:00:00+00:00,1.1000003814697266,9.845939636230469
4115,2022-11-15 06:00:00+00:00,5.699999809265137,5.190526008605957
4115,2016-06-02 04:00:00+00:00,13.800000190734863,16.047792434692383
4115,2015-02-24 02:00:00+00:00,2.6999998092651367,3.503840446472168
4115,2015-05-09 06:00:00+00:00,15.100000381469727,13.725951194763184
4115,2012-11-07 10:00:00+00:00,8.5,6.978625297546387
4115,2015-07-08 04:00:00+00:00,26.899999618530273,18.28864288330078
4115,2020-09-02 14:00:00+00:00,20.600000381469727,21.30987548828125
4115,2011-07-25 13:00:00+00:00,18.399999618530273,25.292524337768555
4115,2009-10-01 18:00:00+00:00,16.899999618530273,13.951654434204102
4115,2012-09-09 09:00:00+00:00,23.600000381469727,18.834949493408203
4115,2009-09-18 02:00:00+00:00,17.0,13.80912971496582
4115,2015-05-31 01:00:00+00:00,13.699999809265137,14.22214126586914
4115,2018-01-22 15:00:00+00:00,0.6000003814697266,5.084427356719971
4115,2014-09-07 16:00:00+00:00,20.5,21.0570011138916
4115,2021-12-17 10:00:00+00:00,6.0,3.4928135871887207
4115,2009-10-12 19:00:00+00:00,9.0,13.016399383544922
4115,2024-01-13 03:00:00+00:00,-2.3000001907348633,2.3532934188842773
4115,2017-07-14 05:00:00+00:00,14.5,19.361936569213867
4115,2010-03-08 15:00:00+00:00,-0.8999996185302734,9.559950828552246
4115,2017-10-15 08:00:00+00:00,13.699999809265137,12.134153366088867
4115,2014-10-23 00:00:00+00:00,6.0,8.438179969787598
4115,2013-05-07 16:00:00+00:00,18.299999237060547,18.456836700439453
4115,2021-06-16 01:00:00+00:00,16.799999237060547,16.88726806640625
4115,2009-08-07 15:00:00+00:00,27.700000762939453,24.343107223510742
4115,2022-01-14 03:00:00+00:00,4.0,1.794856071472168
4115,2020-11-24 13:00:00+00:00,2.0,7.322980880737305
4115,2016-05-02 10:00:00+00:00,16.100000381469727,17.285234451293945
4115,2015-10-24 20:00:00+00:00,6.900000095367432,11.009265899658203
4115,2020-06-02 04:00:00+00:00,13.5,15.762533187866211
4115,2018-03-02 00:00:00+00:00,-7.0,4.890076160430908
4115,2010-08-05 01:00:00+00:00,12.5,18.037601470947266
4115,2023-05-05 18:00:00+00:00,18.700000762939453,16.99068832397461
4115,2010-12-13 20:00:00+00:00,-4.199999809265137,4.028964519500732
4115,2014-08-24 11:00:00+00:00,14.0,23.59318733215332
4115,2017-07-11 15:00:00+00:00,28.200000762939453,24.782123565673828
4115,2014-06-04 01:00:00+00:00,10.800000190734863,16.058469772338867
4115,2009-08-23 21:00:00+00:00,13.399999618530273,19.771503448486328
4115,2020-06-18 04:00:00+00:00,16.399999618530273,17.118133544921875
4115,2024-12-31 09:00:00+00:00,-3.8000001907348633,3.4355616569519043
4115,2015-11-09 13:00:00+00:00,16.5,9.145634651184082
4115,2012-08-27 15:00:00+00:00,21.700000762939453,24.09164047241211
4115,2012-03-26 21:00:00+00:00,7.0,7.826665878295898
4115,2016-01-24 08:00:00+00:00,3.8000001907348633,3.5478391647338867
4115,2016-12-21 07:00:00+00:00,-3.5,2.1732053756713867
4115,2016-10-31 19:00:00+00:00,4.199999809265137,11.112586975097656
4115,2014-09-11 01:00:00+00:00,13.699999809265137,14.594169616699219
4115,2015-06-13 20:00:00+00:00,20.399999618530273,19.886940002441406
4115,2017-07-25 14:00:00+00:00,21.899999618530273,25.163267135620117
4115,2015-04-10 05:00:00+00:00,3.4000000953674316,8.393754959106445
4115,2019-10-30 20:00:00+00:00,1.3999996185302734,10.143473625183105
4115,2022-01-02 07:00:00+00:00,1.8000001907348633,2.9160752296447754
4115,2009-02-06 06:00:00+00:00,2.1000003814697266,3.1872353553771973
4115,2012-02-24 19:00:00+00:00,8.399999618530273,5.358669281005859
4115,2025-07-07 09:00:00+00:00,16.600000381469727,22.878604888916016
4115,2021-12-22 09:00:00+00:00,-1.3000001907348633,2.8505239486694336
4115,2015-04-17 15:00:00+00:00,12.399999618530273,14.684270858764648
4115,2018-04-29 04:00:00+00:00,13.0,9.554963111877441
4115,2018-12-16 22:00:00+00:00,-1.3999996185302734,3.4766411781311035
4115,2012-01-08 14:00:00+00:00,5.099999904632568,4.813200950622559
4115,2011-04-21 22:00:00+00:00,12.699999809265137,10.08272933959961
4115,2015-04-08 04:00:00+00:00,7.300000190734863,7.022655487060547
4115,2015-07-26 17:00:00+00:00,24.5,24.239187240600586
4115,2024-02-19 10:00:00+00:00,11.899999618530273,5.767897129058838
4115,2017-05-11 16:00:00+00:00,21.600000381469727,18.528640747070312
4115,2009-04-04 07:00:00+00:00,13.399999618530273,9.479325294494629
4115,2011-09-25 07:00:00+00:00,13.399999618530273,15.62774658203125
4115,2010-04-07 14:00:00+00:00,14.699999809265137,12.728913307189941
4115,2019-10-13 22:00:00+00:00,11.0,11.251178741455078
4115,2015-10-21 05:00:00+00:00,8.199999809265137,8.71819019317627
4115,2009-11-29 02:00:00+00:00,1.6999998092651367,4.348511695861816
4115,2018-10-06 22:00:00+00:00,16.899999618530273,11.641671180725098
4115,2023-01-30 03:00:00+00:00,-0.10000038146972656,2.8632898330688477
4115,2010-05-28 22:00:00+00:00,15.699999809265137,16.086956024169922
4115,2018-11-09 03:00:00+00:00,8.300000190734863,4.543361186981201
4115,2009-12-17 10:00:00+00:00,-5.100000381469727,3.261249542236328
4115,2022-06-05 04:00:00+00:00,17.600000381469727,15.994465827941895
4115,2016-08-29 06:00:00+00:00,19.5,18.35742950439453
4115,2021-04-19 05:00:00+00:00,6.300000190734863,8.857458114624023
4115,2011-10-04 06:00:00+00:00,17.0,11.764193534851074
4115,2012-05-24 02:00:00+00:00,19.399999618530273,13.75860595703125
4115,2017-12-05 12:00:00+00:00,4.199999809265137,4.806142807006836
4115,2009-06-05 21:00:00+00:00,14.0,18.7481689453125
4115,2019-12-16 22:00:00+00:00,3.8000001907348633,3.4397850036621094
4115,2022-01-11 14:00:00+00:00,0.6000003814697266,4.429311275482178
4115,2012-04-10 11:00:00+00:00,12.699999809265137,13.059391975402832
4115,2015-06-13 19:00:00+00:00,21.100000381469727,20.62767791748047
4115,2025-06-05 21:00:00+00:00,18.5,18.62236785888672
4115,2010-05-15 13:00:00+00:00,12.399999618530273,19.893192291259766
4115,2014-05-15 12:00:00+00:00,9.300000190734863,19.044273376464844
4115,2015-10-27 15:00:00+00:00,12.899999618530273,12.798828125
4115,2022-07-11 12:00:00+00:00,20.600000381469727,24.827348709106445
4115,2014-05-17 03:00:00+00:00,8.5,12.652191162109375
4115,2017-01-24 18:00:00+00:00,-4.600000381469727,4.076180458068848
4115,2024-06-15 20:00:00+00:00,17.799999237060547,20.044464111328125
4115,2016-12-18 00:00:00+00:00,-0.5,3.0685110092163086
4115,2021-08-06 20:00:00+00:00,16.0,21.17935562133789
4115,2021-11-13 16:00:00+00:00,4.699999809265137,8.447887420654297
4115,2023-06-13 12:00:00+00:00,21.0,22.77198600769043
4115,2012-12-24 21:00:00+00:00,0.0,3.632272720336914
4115,2014-07-04 23:00:00+00:00,20.5,19.32973289489746
4115,2018-11-26 07:00:00+00:00,5.5,5.198757648468018
4115,2022-05-25 19:00:00+00:00,15.5,17.641803741455078
4115,2014-02-17 19:00:00+00:00,6.5,5.727512359619141
4115,2011-04-27 00:00:00+00:00,9.399999618530273,9.577662467956543
4115,2019-08-29 15:00:00+00:00,29.700000762939453,23.280902862548828
4115,2011-07-26 18:00:00+00:00,17.299999237060547,23.111042022705078
4115,2022-06-21 04:00:00+00:00,14.800000190734863,17.100025177001953
4115,2019-09-02 00:00:00+00:00,21.799999237060547,15.814239501953125
4115,2023-11-11 02:00:00+00:00,7.300000190734863,4.928746223449707
4115,2012-04-16 03:00:00+00:00,8.0,8.114095687866211
4115,2018-03-30 20:00:00+00:00,9.800000190734863,8.392067909240723
4115,2019-12-21 14:00:00+00:00,8.5,4.5212225914001465
4115,2023-05-31 02:00:00+00:00,12.100000381469727,14.08648681640625
4115,2014-05-07 23:00:00+00:00,12.399999618530273,13.086498260498047
4115,2021-03-29 03:00:00+00:00,3.8000001907348633,5.92072868347168
4115,2022-04-12 02:00:00+00:00,2.3000001907348633,7.622751235961914
4115,2019-11-19 15:00:00+00:00,10.899999618530273,7.635910511016846
4115,2013-03-08 08:00:00+00:00,8.899999618530273,6.089967250823975
4115,2024-10-01 18:00:00+00:00,13.300000190734863,14.339591979980469
4115,2025-04-05 17:00:00+00:00,10.699999809265137,13.341480255126953
4115,2011-12-12 09:00:00+00:00,3.5,3.9755330085754395
4115,2023-03-20 23:00:00+00:00,10.5,6.382043838500977
4115,2019-03-31 20:00:00+00:00,14.300000190734863,9.17147445678711
4115,2019-03-23 19:00:00+00:00,12.899999618530273,9.221598625183105
4115,2014-08-27 11:00:00+00:00,16.799999237060547,22.60593605041504
4115,2017-12-02 00:00:00+00:00,-4.699999809265137,2.9545130729675293
4115,2011-12-02 16:00:00+00:00,-0.5,4.692526817321777
4115,2015-09-22 05:00:00+00:00,6.0,14.148669242858887
4115,2016-08-19 23:00:00+00:00,15.800000190734863,18.7249698638916
4115,2011-12-30 12:00:00+00:00,6.099999904632568,4.074439525604248
4115,2017-01-12 00:00:00+00:00,-4.899999618530273,1.5636510848999023
4115,2013-02-01 14:00:00+00:00,8.5,5.242354393005371
4115,2017-03-09 02:00:00+00:00,4.900000095367432,4.378585338592529
4115,2015-01-22 10:00:00+00:00,6.0,3.353668689727783
4115,2017-02-14 21:00:00+00:00,0.19999980926513672,4.217470169067383
4115,2016-08-15 08:00:00+00:00,21.600000381469727,20.956270217895508
4115,2020-06-14 18:00:00+00:00,17.200000762939453,21.678194046020508
4115,2024-11-19 19:00:00+00:00,4.400000095367432,6.472339630126953
4115,2023-08-04 14:00:00+00:00,18.0,24.588144302368164
4115,2009-02-16 06:00:00+00:00,-2.1999998092651367,3.968825340270996
4115,2025-01-04 04:00:00+00:00,0.3000001907348633,2.1983413696289062
4115,2016-11-17 19:00:00+00:00,4.900000095367432,5.932493686676025
4115,2009-09-10 21:00:00+00:00,18.799999237060547,16.743724822998047
4115,2016-12-17 23:00:00+00:00,-0.3000001907348633,2.814702033996582
4115,2015-01-28 16:00:00+00:00,2.9000000953674316,4.163045406341553
4115,2018-06-26 02:00:00+00:00,15.5,17.022680282592773
4115,2022-08-06 21:00:00+00:00,18.600000381469727,20.407272338867188
4115,2019-11-02 12:00:00+00:00,10.5,9.25960922241211
4115,2022-05-10 10:00:00+00:00,20.899999618530273,17.53154754638672
4115,2010-01-23 14:00:00+00:00,-7.0,4.777623653411865
4115,2011-10-07 06:00:00+00:00,11.100000381469727,10.939567565917969
4115,2013-01-09 23:00:00+00:00,1.1999998092651367,1.875326156616211
4115,2015-05-17 06:00:00+00:00,14.399999618530273,14.482890129089355
4115,2017-03-15 21:00:00+00:00,8.800000190734863,5.811365127563477
4115,2011-11-19 01:00:00+00:00,2.5999999046325684,4.578924655914307
4115,2017-05-06 01:00:00+00:00,11.899999618530273,11.815201759338379
4115,2025-03-31 01:00:00+00:00,6.900000095367432,6.200161457061768
4115,2020-05-15 11:00:00+00:00,8.300000190734863,18.985279083251953
4115,2021-05-14 08:00:00+00:00,11.699999809265137,16.169757843017578
4115,2016-08-11 04:00:00+00:00,10.800000190734863,17.977197647094727
4115,2021-12-17 02:00:00+00:00,5.5,1.8500967025756836
4115,2023-05-01 01:00:00+00:00,8.300000190734863,11.399852752685547
4115,2014-11-23 04:00:00+00:00,2.3000001907348633,4.6446733474731445
4115,2014-10-12 05:00:00+00:00,14.0,10.433419227600098
4115,2019-10-25 10:00:00+00:00,18.899999618530273,11.52619743347168
4115,2019-12-30 12:00:00+00:00,1.8000001907348633,4.847080707550049
4115,2012-05-06 19:00:00+00:00,13.699999809265137,16.84246253967285
4115,2009-03-30 04:00:00+00:00,2.5999999046325684,6.017215251922607
4115,2024-10-22 15:00:00+00:00,13.199999809265137,13.227514266967773
4115,2015-06-19 20:00:00+00:00,13.100000381469727,20.17235565185547
4115,2018-04-13 16:00:00+00:00,21.200000762939453,13.794539451599121
4115,2023-03-10 08:00:00+00:00,9.100000381469727,6.205966949462891
4115,2022-12-02 10:00:00+00:00,0.5,3.8503708839416504
4115,2023-07-04 09:00:00+00:00,26.100000381469727,22.382827758789062
4115,2015-01-21 00:00:00+00:00,1.1999998092651367,1.8897905349731445
4115,2024-02-29 18:00:00+00:00,11.899999618530273,5.251582145690918
4115,2018-09-10 10:00:00+00:00,23.200000762939453,19.68011474609375
4115,2019-02-26 10:00:00+00:00,12.5,5.71552848815918
4115,2009-08-06 20:00:00+00:00,21.899999618530273,20.983983993530273
4115,2014-06-13 20:00:00+00:00,20.600000381469727,19.891189575195312
4115,2014-08-27 22:00:00+00:00,13.199999809265137,18.263965606689453
4115,2013-07-10 10:00:00+00:00,26.0,23.19198226928711
4115,2022-05-25 08:00:00+00:00,15.699999809265137,16.669723510742188
4115,2009-11-29 21:00:00+00:00,2.8000001907348633,5.548527717590332
4115,2023-11-28 14:00:00+00:00,5.099999904632568,7.204239845275879
4115,2015-06-21 02:00:00+00:00,11.100000381469727,16.842121124267578
4115,2015-05-19 04:00:00+00:00,11.800000190734863,12.938085556030273
4115,2011-11-29 05:00:00+00:00,0.19999980926513672,4.035476207733154
4115,2011-01-10 09:00:00+00:00,1.8000001907348633,3.7400031089782715
4115,2014-07-31 20:00:00+00:00,19.399999618530273,21.411212921142578
4115,2017-10-28 17:00:00+00:00,10.399999618530273,12.38341999053955
4115,2010-02-15 06:00:00+00:00,-3.0,3.9412741661071777
4115,2018-10-04 02:00:00+00:00,11.199999809265137,9.97757625579834
4115,2009-11-13 13:00:00+00:00,12.5,7.954038619995117
4115,2015-01-20 19:00:00+00:00,3.0999999046325684,3.7337183952331543
4115,2012-07-22 09:00:00+00:00,13.899999618530273,23.252504348754883
4115,2023-02-26 09:00:00+00:00,1.8999996185302734,5.732322692871094
4115,2016-01-11 17:00:00+00:00,2.3999996185302734,4.590357780456543
4115,2014-05-31 06:00:00+00:00,12.600000381469727,15.971220016479492
4115,2020-09-10 22:00:00+00:00,16.100000381469727,15.962736129760742
4115,2021-04-25 09:00:00+00:00,12.800000190734863,13.434700012207031
4115,2014-11-19 10:00:00+00:00,9.899999618530273,6.022171497344971
4115,2009-11-30 12:00:00+00:00,13.899999618530273,7.091489315032959
4115,2015-10-12 15:00:00+00:00,6.900000095367432,15.003565788269043
4115,2018-06-10 21:00:00+00:00,20.799999237060547,19.04670524597168
4115,2018-06-07 21:00:00+00:00,20.5,18.74633026123047
4115,2021-03-01 17:00:00+00:00,5.099999904632568,8.4552001953125
4115,2016-02-26 17:00:00+00:00,1.3000001907348633,6.069366931915283
5805,2008-05-09 15:00:00+00:00,20.899999618530273,18.140775680541992
5805,2008-04-04 11:00:00+00:00,10.0,12.555817604064941
5805,2008-03-03 02:00:00+00:00,11.0,3.9458718299865723
5805,2008-05-12 18:00:00+00:00,18.399999618530273,16.702646255493164
5805,2008-01-18 12:00:00+00:00,9.699999809265137,3.182002067565918
5805,2008-05-16 15:00:00+00:00,22.799999237060547,18.73174476623535
5805,2008-06-15 22:00:00+00:00,10.5,16.289047241210938
5805,2008-03-14 02:00:00+00:00,5.699999809265137,3.9640841484069824
5805,2008-06-27 08:00:00+00:00,23.100000381469727,19.43791389465332
5805,2008-01-08 18:00:00+00:00,-1.0000009536743164,2.408827781677246
5805,2008-01-24 22:00:00+00:00,-1.6999998092651367,1.376664161682129
5805,2008-01-31 08:00:00+00:00,2.9000000953674316,2.100405693054199
5805,2008-01-29 01:00:00+00:00,4.199999809265137,1.0843677520751953
5805,2008-04-24 21:00:00+00:00,6.099999904632568,10.682936668395996
5805,2008-06-22 23:00:00+00:00,19.399999618530273,15.949914932250977
5805,2008-02-13 18:00:00+00:00,-1.6000003814697266,3.6027112007141113
5805,2008-02-07 20:00:00+00:00,4.899999618530273,2.7774038314819336
5805,2008-04-19 14:00:00+00:00,16.799999237060547,15.524648666381836
5805,2008-06-28 05:00:00+00:00,15.899999618530273,16.807031631469727
5805,2008-03-10 08:00:00+00:00,2.3000001907348633,5.916175365447998
5805,2008-02-03 06:00:00+00:00,-3.4999990463256836,2.614530563354492
5805,2008-06-22 08:00:00+00:00,25.0,19.52704620361328
5805,2008-01-31 07:00:00+00:00,3.0,1.7505340576171875
5805,2008-04-13 20:00:00+00:00,6.400000095367432,10.354290962219238
5805,2008-01-17 21:00:00+00:00,4.300000190734863,1.537114143371582
5805,2008-06-09 01:00:00+00:00,15.699999809265137,14.216987609863281
5805,2008-04-07 23:00:00+00:00,2.1999998092651367,8.003417015075684
5805,2008-02-09 12:00:00+00:00,5.900000095367432,4.646177291870117
5805,2008-05-07 20:00:00+00:00,9.399999618530273,13.729862213134766
5805,2008-04-25 23:00:00+00:00,8.300000190734863,9.405677795410156
5805,2008-02-09 14:00:00+00:00,7.0,4.871859550476074
5805,2008-05-20 12:00:00+00:00,8.600000381469727,19.719511032104492
5805,2008-03-01 18:00:00+00:00,8.199999809265137,6.557521343231201
5805,2008-06-26 13:00:00+00:00,26.600000381469727,22.39824676513672
5805,2008-05-27 23:00:00+00:00,17.0,13.174381256103516
5805,2008-06-02 14:00:00+00:00,25.399999618530273,21.585845947265625
5805,2008-06-04 05:00:00+00:00,17.299999237060547,15.467586517333984
5805,2008-05-30 03:00:00+00:00,15.0,12.813261032104492
5805,2008-05-19 03:00:00+00:00,12.899999618530273,11.931156158447266
5805,2008-04-27 01:00:00+00:00,4.899999618530273,8.767879486083984
5805,2008-04-21 23:00:00+00:00,11.399999618530273,8.918472290039062
5805,2008-05-01 14:00:00+00:00,15.699999809265137,17.46984100341797
5805,2008-04-09 01:00:00+00:00,2.1999998092651367,6.783677101135254
5805,2008-02-11 12:00:00+00:00,6.400000095367432,4.938516139984131
5805,2008-05-12 17:00:00+00:00,21.399999618530273,17.696748733520508
5805,2008-04-01 16:00:00+00:00,14.5,11.573455810546875
5805,2008-02-12 16:00:00+00:00,1.1999998092651367,4.541075229644775
5805,2008-06-12 05:00:00+00:00,14.800000190734863,15.955718994140625
5805,2008-05-18 09:00:00+00:00,20.899999618530273,16.998682022094727
5805,2008-02-11 21:00:00+00:00,-3.0,3.153413772583008
5805,2008-06-03 07:00:00+00:00,20.700000762939453,17.77060317993164
5805,2008-02-23 09:00:00+00:00,11.899999618530273,4.207554340362549
5805,2008-05-07 09:00:00+00:00,14.800000190734863,15.277021408081055
5805,2008-02-01 09:00:00+00:00,1.1000003814697266,3.1591873168945312
5805,2008-04-07 10:00:00+00:00,6.699999809265137,11.95307731628418
5805,2008-04-05 08:00:00+00:00,7.400000095367432,10.387093544006348
5805,2008-05-05 15:00:00+00:00,14.100000381469727,18.282665252685547
5805,2008-02-18 15:00:00+00:00,6.300000190734863,5.561874866485596
5805,2008-01-22 10:00:00+00:00,9.399999618530273,2.580967903137207
5805,2008-05-13 11:00:00+00:00,22.799999237060547,18.567716598510742
5805,2008-03-20 09:00:00+00:00,4.300000190734863,7.035717010498047
5805,2008-05-04 14:00:00+00:00,12.899999618530273,18.242034912109375
5805,2008-06-28 23:00:00+00:00,16.200000762939453,16.623783111572266
5805,2008-04-17 23:00:00+00:00,5.599999904632568,8.421289443969727
5805,2008-05-24 01:00:00+00:00,8.699999809265137,12.341390609741211
5805,2008-01-07 05:00:00+00:00,-3.90000057220459,1.230238914489746
5805,2008-04-28 04:00:00+00:00,1.8000001907348633,8.983927726745605
5805,2008-02-23 07:00:00+00:00,11.0,3.3092517852783203
5805,2008-02-19 12:00:00+00:00,8.800000190734863,4.974357604980469
5805,2008-03-14 05:00:00+00:00,5.199999809265137,4.400608062744141
5805,2008-04-02 06:00:00+00:00,9.300000190734863,6.979874134063721
5805,2008-06-01 03:00:00+00:00,14.5,13.61149787902832
5805,2008-02-21 14:00:00+00:00,8.800000190734863,5.169724941253662
5805,2008-06-01 14:00:00+00:00,28.700000762939453,21.157276153564453
5805,2008-04-22 05:00:00+00:00,9.600000381469727,8.273533821105957
5805,2008-02-23 17:00:00+00:00,11.0,4.93303108215332
5805,2008-01-01 10:00:00+00:00,1.0,2.422983169555664
5805,2008-01-10 02:00:00+00:00,-0.19999980926513672,0.590458869934082
5805,2008-05-21 22:00:00+00:00,11.199999809265137,13.26289176940918
5805,2008-04-03 12:00:00+00:00,6.699999809265137,12.412896156311035
5805,2008-01-22 13:00:00+00:00,10.399999618530273,3.3876938819885254
5805,2008-04-01 23:00:00+00:00,11.5,7.125164985656738
5805,2008-04-15 05:00:00+00:00,7.099999904632568,7.667377471923828
5805,2008-01-01 02:00:00+00:00,0.5,0.6907625198364258
5805,2008-04-13 01:00:00+00:00,7.0,7.931985378265381
5805,2008-01-10 08:00:00+00:00,-0.3000001907348633,1.761199951171875
5805,2008-06-28 03:00:00+00:00,13.399999618530273,15.779828071594238
5805,2008-04-26 20:00:00+00:00,9.300000190734863,11.69356918334961
5805,2008-02-19 14:00:00+00:00,9.899999618530273,5.348491668701172
5805,2008-03-23 16:00:00+00:00,5.300000190734863,9.957270622253418
5805,2008-03-07 20:00:00+00:00,4.0,5.496006011962891
5805,2008-04-03 11:00:00+00:00,8.600000381469727,11.855599403381348
5805,2008-05-12 06:00:00+00:00,11.600000381469727,13.202571868896484
5805,2008-04-17 16:00:00+00:00,11.600000381469727,13.673255920410156
5805,2008-05-05 19:00:00+00:00,11.600000381469727,14.686717987060547
5805,2008-05-15 19:00:00+00:00,16.5,15.879548072814941
5805,2008-02-27 10:00:00+00:00,13.800000190734863,4.36965799331665
5805,2008-06-11 09:00:00+00:00,22.799999237060547,19.853065490722656
5805,2008-02-05 16:00:00+00:00,6.400000095367432,4.241836071014404
5805,2008-04-04 22:00:00+00:00,7.199999809265137,8.112899780273438
5805,2008-05-24 07:00:00+00:00,15.600000381469727,15.338712692260742
5805,2008-02-16 03:00:00+00:00,-1.6000003814697266,2.2333498001098633
5805,2008-05-27 03:00:00+00:00,12.5,12.542322158813477
5805,2008-02-01 01:00:00+00:00,-1.8000001907348633,1.7210521697998047
5805,2008-05-14 11:00:00+00:00,22.899999618530273,17.894880294799805
5805,2008-04-01 13:00:00+00:00,15.5,11.999232292175293
5805,2008-06-22 06:00:00+00:00,21.600000381469727,17.4997615814209
5805,2008-02-26 19:00:00+00:00,6.800000190734863,4.049642562866211
5805,2008-06-22 00:00:00+00:00,16.700000762939453,15.372404098510742
5805,2008-02-08 20:00:00+00:00,-1.0000009536743164,3.0207228660583496
5805,2008-06-28 18:00:00+00:00,22.700000762939453,20.903156280517578
5805,2008-01-21 01:00:00+00:00,10.199999809265137,1.2187919616699219
5805,2008-05-26 19:00:00+00:00,20.5,16.96033477783203
5805,2008-03-19 06:00:00+00:00,1.6999998092651367,4.6589460372924805
5805,2008-02-08 11:00:00+00:00,5.800000190734863,4.051630020141602
5805,2008-06-19 19:00:00+00:00,20.299999237060547,19.60964012145996
5805,2008-05-18 10:00:00+00:00,20.10000228881836,17.918046951293945
5805,2008-04-15 16:00:00+00:00,10.300000190734863,13.082382202148438
5805,2008-04-15 06:00:00+00:00,7.5,8.249847412109375
5805,2008-06-27 22:00:00+00:00,18.399999618530273,17.678693771362305
5805,2008-05-29 01:00:00+00:00,18.799999237060547,12.516632080078125
5805,2008-06-17 05:00:00+00:00,15.0,16.92003631591797
5805,2008-02-24 11:00:00+00:00,14.199999809265137,5.444519519805908
5805,2008-03-24 02:00:00+00:00,0.6999998092651367,5.014959812164307
5805,2008-05-31 12:00:00+00:00,28.60000228881836,19.875511169433594
5805,2008-03-21 13:00:00+00:00,7.400000095367432,10.013187408447266
5805,2008-03-30 17:00:00+00:00,14.899999618530273,9.92257022857666
5805,2008-02-13 13:00:00+00:00,-1.3999996185302734,4.697719097137451
5805,2008-05-30 17:00:00+00:00,26.700000762939453,18.964258193969727
5805,2008-01-01 09:00:00+00:00,0.6999998092651367,2.0317745208740234
5805,2008-06-06 12:00:00+00:00,21.700000762939453,20.953857421875
5805,2008-04-26 16:00:00+00:00,15.199999809265137,15.335891723632812
5805,2008-05-12 15:00:00+00:00,22.700000762939453,18.89157485961914
5805,2008-05-09 06:00:00+00:00,13.0,12.849069595336914
5805,2008-01-04 14:00:00+00:00,-4.0,3.177250385284424
5805,2008-04-20 19:00:00+00:00,12.600000381469727,11.726597785949707
5805,2008-04-19 13:00:00+00:00,17.200000762939453,15.501066207885742
5805,2008-06-13 18:00:00+00:00,13.0,20.047897338867188
5805,2008-01-28 10:00:00+00:00,6.099999904632568,3.011972427368164
5805,2008-01-11 12:00:00+00:00,-0.6000003814697266,3.094877243041992
5805,2008-02-20 07:00:00+00:00,-3.3000001907348633,2.793671131134033
5805,2008-02-14 05:00:00+00:00,-0.8999996185302734,2.1045217514038086
5805,2008-03-28 05:00:00+00:00,4.300000190734863,5.3292107582092285
5805,2008-01-29 22:00:00+00:00,4.0,1.6010313034057617
5805,2008-01-05 12:00:00+00:00,-4.800000190734863,3.221292495727539
5805,2008-06-13 14:00:00+00:00,13.399999618530273,21.83519744873047
5805,2008-01-12 22:00:00+00:00,5.5,1.553816795349121
5805,2008-05-03 05:00:00+00:00,8.800000190734863,11.749619483947754
5805,2008-02-19 21:00:00+00:00,-1.1000003814697266,3.1384568214416504
5805,2008-06-18 15:00:00+00:00,24.299999237060547,22.03597640991211
5805,2008-01-21 09:00:00+00:00,9.600000381469727,2.509836196899414
5805,2008-04-22 07:00:00+00:00,10.600000381469727,9.763751029968262
5805,2008-01-07 08:00:00+00:00,-2.6999998092651367,1.9992961883544922
5805,2008-01-13 02:00:00+00:00,3.8000001907348633,1.2088308334350586
5805,2008-06-23 23:00:00+00:00,20.200000762939453,16.362472534179688
5805,2008-01-19 06:00:00+00:00,8.600000381469727,1.6264667510986328
5805,2008-06-28 04:00:00+00:00,14.100000381469727,16.2052059173584
5805,2008-02-25 17:00:00+00:00,13.300000190734863,5.270532608032227
5805,2008-04-17 06:00:00+00:00,2.0,8.834009170532227
5805,2008-06-01 22:00:00+00:00,17.0,15.361566543579102
5805,2008-04-13 06:00:00+00:00,7.199999809265137,9.173685073852539
5805,2008-02-14 18:00:00+00:00,1.8000001907348633,3.6491518020629883
5805,2008-03-05 20:00:00+00:00,0.19999980926513672,4.950629711151123
5805,2008-03-02 20:00:00+00:00,11.5,5.844057083129883
5805,2008-06-05 21:00:00+00:00,16.399999618530273,17.06500244140625
5805,2008-01-13 10:00:00+00:00,5.300000190734863,2.8460845947265625
5805,2008-02-25 15:00:00+00:00,17.0,6.052748203277588
5805,2008-06-15 03:00:00+00:00,11.899999618530273,14.820634841918945
5805,2008-04-20 20:00:00+00:00,11.300000190734863,10.910378456115723
5805,2008-06-01 07:00:00+00:00,22.700000762939453,17.01844024658203
5805,2008-04-05 20:00:00+00:00,4.0,9.887487411499023
5805,2008-04-12 02:00:00+00:00,11.100000381469727,7.556211471557617
5805,2008-01-08 11:00:00+00:00,6.699999809265137,2.8002138137817383
5805,2008-03-06 15:00:00+00:00,6.099999904632568,7.787483215332031
5805,2008-01-09 18:00:00+00:00,0.6000003814697266,2.2193918228149414
5805,2008-05-17 04:00:00+00:00,10.5,12.199750900268555
5805,2008-03-12 22:00:00+00:00,8.199999809265137,4.530094623565674
5805,2008-01-13 04:00:00+00:00,3.1999998092651367,1.2973461151123047
5805,2008-01-27 21:00:00+00:00,5.400000095367432,2.204141616821289
5805,2008-05-28 17:00:00+00:00,25.200000762939453,18.636789321899414
5805,2008-04-18 17:00:00+00:00,16.700000762939453,13.461674690246582
5805,2008-06-06 16:00:00+00:00,23.299999237060547,20.809391021728516
5805,2008-06-10 07:00:00+00:00,21.0,18.402111053466797
5805,2008-06-10 22:00:00+00:00,16.299999237060547,16.401508331298828
5805,2008-01-29 14:00:00+00:00,7.599999904632568,3.597963333129883
5805,2008-03-04 23:00:00+00:00,1.5,4.112163066864014
5805,2008-05-29 15:00:00+00:00,24.200000762939453,19.596529006958008
5805,2008-05-12 19:00:00+00:00,14.399999618530273,15.521955490112305
5805,2008-05-13 15:00:00+00:00,23.299999237060547,19.026569366455078
5805,2008-06-07 20:00:00+00:00,16.399999618530273,17.79875946044922
5805,2008-05-04 15:00:00+00:00,15.800000190734863,18.066959381103516
5805,2008-01-27 08:00:00+00:00,9.0,2.4308624267578125
5805,2008-06-22 13:00:00+00:00,30.5,22.534576416015625
5805,2008-05-07 00:00:00+00:00,7.300000190734863,10.908270835876465
5805,2008-05-08 10:00:00+00:00,17.799999237060547,16.591293334960938
5805,2008-01-06 16:00:00+00:00,3.0999999046325684,3.1294469833374023
5805,2008-05-18 07:00:00+00:00,18.89999771118164,14.619074821472168
5805,2008-04-21 21:00:00+00:00,11.300000190734863,10.235602378845215
5805,2008-05-15 06:00:00+00:00,13.5,12.917858123779297
5805,2008-05-08 04:00:00+00:00,4.599999904632568,11.001275062561035
5805,2008-04-25 16:00:00+00:00,10.199999809265137,15.266852378845215
5805,2008-02-16 04:00:00+00:00,-2.1999998092651367,2.3148279190063477
5805,2008-02-09 10:00:00+00:00,5.199999809265137,3.977871894836426
5805,2008-04-09 20:00:00+00:00,15.100000381469727,9.877359390258789
5805,2008-03-28 14:00:00+00:00,11.699999809265137,10.832441329956055
5805,2008-04-24 22:00:00+00:00,5.0,9.858535766601562
5805,2008-04-22 14:00:00+00:00,9.899999618530273,14.888813018798828
5805,2008-02-24 00:00:00+00:00,5.300000190734863,2.96673583984375
5805,2008-02-12 08:00:00+00:00,-2.5,2.8992605209350586
5805,2008-03-08 22:00:00+00:00,5.5,4.732430458068848
5805,2008-04-25 10:00:00+00:00,14.600000381469727,13.90263557434082
5805,2008-05-09 03:00:00+00:00,7.900000095367432,11.334247589111328
5805,2008-02-27 11:00:00+00:00,13.5,4.892702102661133
5805,2008-03-08 01:00:00+00:00,4.099999904632568,3.8671045303344727
5805,2008-06-14 22:00:00+00:00,13.0,16.651817321777344
5805,2008-06-17 01:00:00+00:00,13.300000190734863,15.492841720581055
5805,2008-03-16 11:00:00+00:00,12.0,9.366912841796875
5805,2008-03-24 15:00:00+00:00,3.6999998092651367,10.16938591003418
5805,2008-01-16 21:00:00+00:00,0.39999961853027344,1.473952293395996
5805,2008-02-29 21:00:00+00:00,11.300000190734863,3.4900622367858887
5805,2008-04-04 14:00:00+00:00,11.0,13.483256340026855
5805,2008-04-21 00:00:00+00:00,6.300000190734863,8.521480560302734
5805,2008-04-16 21:00:00+00:00,4.400000095367432,9.60569953918457
5805,2008-05-19 15:00:00+00:00,13.600000381469727,19.474498748779297
5805,2008-06-15 21:00:00+00:00,11.899999618530273,17.186437606811523
5805,2008-04-02 21:00:00+00:00,6.300000190734863,8.317419052124023
5805,2008-03-29 14:00:00+00:00,12.300000190734863,11.272189140319824
5805,2008-05-06 05:00:00+00:00,9.699999809265137,11.603889465332031
5805,2008-05-28 01:00:00+00:00,15.600000381469727,12.304376602172852
5805,2008-02-25 07:00:00+00:00,11.5,3.4539928436279297
5805,2008-04-24 17:00:00+00:00,15.800000190734863,13.810403823852539
5805,2008-05-27 00:00:00+00:00,14.0,12.702256202697754
5805,2008-05-29 22:00:00+00:00,18.5,14.287765502929688
5805,2008-06-18 00:00:00+00:00,15.199999809265137,15.829975128173828
5805,2008-01-19 12:00:00+00:00,11.100000381469727,3.3647193908691406
5805,2008-04-19 18:00:00+00:00,12.800000190734863,12.688562393188477
5805,2008-03-25 13:00:00+00:00,2.09999942779541,9.390515327453613
5805,2008-02-03 13:00:00+00:00,6.900000095367432,4.731662750244141
5805,2008-05-17 14:00:00+00:00,23.799999237060547,19.180980682373047
5805,2008-05-06 02:00:00+00:00,9.5,10.66187572479248
5805,2008-05-16 03:00:00+00:00,13.600000381469727,11.871696472167969
5805,2008-05-06 14:00:00+00:00,14.899999618530273,18.671951293945312
5805,2008-05-17 07:00:00+00:00,17.399999618530273,14.753617286682129
5805,2008-06-11 18:00:00+00:00,16.899999618530273,19.891326904296875
5805,2008-01-15 11:00:00+00:00,2.9000000953674316,2.8482704162597656
5805,2008-01-02 06:00:00+00:00,-1.6000003814697266,0.9875020980834961
5805,2008-06-20 22:00:00+00:00,16.600000381469727,17.313093185424805
5805,2008-05-17 02:00:00+00:00,10.199999809265137,11.718026161193848
5805,2008-03-09 02:00:00+00:00,1.6999998092651367,4.2312726974487305
5805,2008-05-19 11:00:00+00:00,13.899999618530273,19.032817840576172
5805,2008-01-30 12:00:00+00:00,5.400000095367432,3.277276039123535
5805,2008-06-10 18:00:00+00:00,23.600000381469727,20.083860397338867
5805,2008-03-22 09:00:00+00:00,6.0,8.032003402709961
5805,2008-03-10 03:00:00+00:00,-0.5,4.197732448577881
5805,2008-06-20 09:00:00+00:00,24.799999237060547,19.902742385864258
5805,2008-04-13 17:00:00+00:00,14.800000190734863,12.771976470947266
5805,2008-03-16 19:00:00+00:00,10.0,7.268401145935059
5805,2008-06-28 12:00:00+00:00,25.5,22.421611785888672
5805,2008-02-26 09:00:00+00:00,9.899999618530273,3.8992462158203125
5805,2008-04-14 11:00:00+00:00,16.100000381469727,13.356654167175293
5805,2008-03-19 21:00:00+00:00,1.6000003814697266,5.452422142028809
5805,2008-03-30 19:00:00+00:00,12.0,8.365827560424805
5805,2008-05-23 03:00:00+00:00,8.5,12.355213165283203
5805,2008-03-03 16:00:00+00:00,14.899999618530273,7.817694664001465
5805,2008-06-25 21:00:00+00:00,18.89999771118164,18.223920822143555
5805,2008-06-08 03:00:00+00:00,14.600000381469727,14.21436882019043
5805,2008-02-04 22:00:00+00:00,1.8000001907348633,2.6746578216552734
5805,2008-04-03 17:00:00+00:00,7.599999904632568,11.782998085021973
5805,2008-05-01 12:00:00+00:00,15.600000381469727,17.172435760498047
5805,2008-05-10 20:00:00+00:00,10.899999618530273,14.693323135375977
5805,2008-02-11 15:00:00+00:00,6.199999809265137,5.115170001983643
5805,2008-06-08 09:00:00+00:00,19.5,19.588239669799805
5805,2008-03-28 10:00:00+00:00,9.199999809265137,9.209571838378906
5805,2008-06-27 18:00:00+00:00,22.700000762939453,20.862648010253906
5805,2008-01-13 23:00:00+00:00,3.0,1.5145044326782227
5805,2008-05-06 16:00:00+00:00,17.0,17.646080017089844
5805,2008-03-12 11:00:00+00:00,12.0,7.162210941314697
5805,2008-05-18 02:00:00+00:00,11.600000381469727,11.612762451171875
5805,2008-01-11 11:00:00+00:00,-0.5,2.893383026123047
5805,2008-04-12 15:00:00+00:00,13.100000381469727,14.275103569030762
5805,2008-03-02 15:00:00+00:00,12.399999618530273,8.519271850585938
5805,2008-04-04 07:00:00+00:00,6.599999904632568,8.926019668579102
5805,2008-05-15 11:00:00+00:00,24.0,17.898611068725586
5805,2008-03-20 16:00:00+00:00,0.5,8.82423210144043
5805,2008-05-31 13:00:00+00:00,29.0,20.099721908569336
5805,2008-06-26 14:00:00+00:00,26.0,22.474315643310547
5805,2008-01-03 07:00:00+00:00,-1.8999996185302734,1.4228696823120117
5805,2008-06-19 09:00:00+00:00,23.700000762939453,19.84952163696289
5805,2008-06-13 05:00:00+00:00,12.699999809265137,16.175365447998047
5805,2008-05-02 09:00:00+00:00,16.5,15.374929428100586
5805,2008-01-09 23:00:00+00:00,-0.10000038146972656,0.9421014785766602
5805,2008-03-07 22:00:00+00:00,4.300000190734863,4.535552978515625
5805,2008-01-02 05:00:00+00:00,-1.5,0.7583589553833008
5805,2008-05-12 04:00:00+00:00,5.0,11.888962745666504
5805,2008-05-07 11:00:00+00:00,16.399999618530273,17.06692886352539
5805,2008-05-03 23:00:00+00:00,6.699999809265137,11.793549537658691
5805,2008-02-06 03:00:00+00:00,0.39999961853027344,1.538869857788086
5805,2008-02-19 18:00:00+00:00,3.3000001907348633,4.115363597869873
5805,2008-04-06 04:00:00+00:00,-1.5,7.653502941131592
5805,2008-02-21 20:00:00+00:00,5.699999809265137,3.278073787689209
5805,2008-05-09 14:00:00+00:00,20.200000762939453,18.283348083496094
5805,2008-01-26 01:00:00+00:00,4.199999809265137,1.2703304290771484
5805,2008-06-10 20:00:00+00:00,18.200000762939453,18.08835792541504
5805,2008-04-19 20:00:00+00:00,11.600000381469727,11.081562042236328
5805,2008-01-21 04:00:00+00:00,9.600000381469727,1.2742586135864258
5805,2008-01-21 00:00:00+00:00,10.600000381469727,1.3240957260131836
5805,2008-01-24 15:00:00+00:00,6.599999904632568,3.2111072540283203
5805,2008-05-10 12:00:00+00:00,19.0,18.275667190551758
5805,2008-03-06 10:00:00+00:00,2.8000001907348633,6.532229900360107
5805,2008-01-22 07:00:00+00:00,9.5,1.5303897857666016
5805,2008-02-26 17:00:00+00:00,12.899999618530273,4.859155654907227
5805,2008-06-14 10:00:00+00:00,16.5,20.502586364746094
5805,2008-06-19 14:00:00+00:00,27.400001525878906,22.066600799560547
5805,2008-05-04 18:00:00+00:00,12.300000190734863,16.00975799560547
5805,2008-06-09 22:00:00+00:00,15.800000190734863,16.135515213012695
5805,2008-01-07 02:00:00+00:00,-1.5,1.0063610076904297
5805,2008-04-01 14:00:00+00:00,16.200000762939453,12.050179481506348
5805,2008-03-22 12:00:00+00:00,8.699999809265137,10.396821975708008
5805,2008-03-16 17:00:00+00:00,10.5,8.650897026062012
5805,2008-03-30 16:00:00+00:00,16.299999237060547,10.638266563415527
5805,2008-03-06 06:00:00+00:00,-3.40000057220459,4.2204718589782715
5805,2008-01-07 22:00:00+00:00,5.099999904632568,1.528304100036621
5805,2008-05-19 01:00:00+00:00,13.300000190734863,11.789031028747559
5805,2008-05-03 08:00:00+00:00,14.0,14.525541305541992
5805,2008-02-07 01:00:00+00:00,7.300000190734863,1.6841163635253906
5805,2008-02-08 09:00:00+00:00,3.6999998092651367,3.3705945014953613
5805,2008-06-23 16:00:00+00:00,31.0,22.264616012573242
5805,2008-02-27 20:00:00+00:00,7.900000095367432,3.475094795227051
5805,2008-01-27 14:00:00+00:00,5.400000095367432,3.697587013244629
5805,2008-03-15 04:00:00+00:00,6.099999904632568,4.256840229034424
5805,2008-06-12 23:00:00+00:00,11.399999618530273,16.102197647094727
5805,2008-05-25 12:00:00+00:00,20.700000762939453,19.558443069458008
5805,2008-05-04 03:00:00+00:00,5.699999809265137,10.853696823120117
5805,2008-03-14 18:00:00+00:00,8.199999809265137,7.389979362487793
5805,2008-05-21 20:00:00+00:00,11.399999618530273,15.186511993408203
5805,2008-04-02 22:00:00+00:00,6.400000095367432,7.60331392288208
5805,2008-06-03 13:00:00+00:00,20.399999618530273,21.825191497802734
5805,2008-05-23 05:00:00+00:00,10.699999809265137,13.237286567687988
5805,2008-02-16 20:00:00+00:00,-6.699999809265137,3.454467296600342
5805,2008-05-10 03:00:00+00:00,4.800000190734863,11.308963775634766
5805,2008-01-31 21:00:00+00:00,1.5,1.809926986694336
5805,2008-01-26 17:00:00+00:00,8.399999618530273,3.1582746505737305
5805,2008-06-28 11:00:00+00:00,24.299999237060547,21.902587890625
5805,2008-06-16 06:00:00+00:00,15.800000190734863,17.439634323120117
5805,2008-01-23 12:00:00+00:00,3.9000000953674316,3.103915214538574
5805,2008-04-29 11:00:00+00:00,16.600000381469727,14.420241355895996
5805,2008-04-30 22:00:00+00:00,9.0,10.151902198791504
5805,2008-04-23 05:00:00+00:00,8.5,8.245870590209961
5805,2008-05-30 13:00:00+00:00,27.10000228881836,19.93628692626953
5805,2008-03-16 08:00:00+00:00,10.5,6.77822208404541
5805,2008-03-18 15:00:00+00:00,6.800000190734863,8.717170715332031
5805,2008-02-13 16:00:00+00:00,-1.5,4.332775115966797
5805,2008-01-06 08:00:00+00:00,-1.6000003814697266,2.1465816497802734
5805,2008-05-10 18:00:00+00:00,17.299999237060547,16.5963134765625
5805,2008-04-01 07:00:00+00:00,11.300000190734863,7.725856781005859
5805,2008-02-10 02:00:00+00:00,-2.6999998092651367,2.296034812927246
5805,2008-02-17 11:00:00+00:00,-1.1000003814697266,4.939319133758545
5805,2008-01-01 01:00:00+00:00,0.6999998092651367,0.7467985153198242
5805,2008-04-18 01:00:00+00:00,5.099999904632568,8.00727653503418
5805,2008-05-20 14:00:00+00:00,8.699999809265137,19.91717529296875
5805,2008-01-08 10:00:00+00:00,7.300000190734863,2.4129114151000977
5805,2008-05-13 03:00:00+00:00,6.300000190734863,11.251338005065918
5805,2008-02-05 09:00:00+00:00,6.400000095367432,3.0761570930480957
5805,2008-06-26 12:00:00+00:00,25.899999618530273,22.11316680908203
5805,2008-01-02 09:00:00+00:00,-1.3999996185302734,1.9447345733642578
5805,2008-05-16 01:00:00+00:00,11.899999618530273,11.923145294189453
5805,2008-04-13 02:00:00+00:00,5.599999904632568,7.827082633972168
5805,2008-02-16 07:00:00+00:00,-4.09999942779541,3.06973934173584
5805,2008-05-24 02:00:00+00:00,7.900000095367432,12.228099822998047
5805,2008-01-12 17:00:00+00:00,4.599999904632568,2.915403366088867
5805,2008-06-18 01:00:00+00:00,15.100000381469727,15.470157623291016
5805,2008-02-10 01:00:00+00:00,-2.40000057220459,2.3789539337158203
5805,2008-04-24 09:00:00+00:00,13.0,12.26668930053711
5805,2008-06-09 16:00:00+00:00,24.700000762939453,21.426376342773438
5805,2008-03-31 12:00:00+00:00,16.0,10.829179763793945
5805,2008-02-08 15:00:00+00:00,7.099999904632568,4.398787975311279
5805,2008-05-09 19:00:00+00:00,13.699999809265137,15.779544830322266
5805,2008-04-04 06:00:00+00:00,5.800000190734863,8.134746551513672
5805,2008-03-20 13:00:00+00:00,0.8999996185302734,9.226174354553223
5805,2008-06-21 04:00:00+00:00,15.399999618530273,15.844286918640137
5805,2008-02-21 04:00:00+00:00,0.10000038146972656,2.1839895248413086
5805,2008-06-14 07:00:00+00:00,14.800000190734863,17.76175880432129
5805,2008-01-01 07:00:00+00:00,0.39999961853027344,1.374420166015625
5805,2008-04-11 08:00:00+00:00,17.299999237060547,10.629794120788574
5805,2008-06-13 20:00:00+00:00,12.0,18.406694412231445
5805,2008-06-23 05:00:00+00:00,21.5,16.943523406982422
5805,2008-03-14 15:00:00+00:00,7.199999809265137,9.013298988342285
5805,2008-06-27 14:00:00+00:00,24.399999618530273,22.6734561920166
5805,2008-05-05 20:00:00+00:00,11.5,13.523630142211914
5805,2008-02-06 19:00:00+00:00,8.899999618530273,3.0174646377563477
5805,2008-05-03 02:00:00+00:00,8.899999618530273,10.838637351989746
5805,2008-01-15 13:00:00+00:00,3.1999998092651367,3.283386707305908
5805,2008-04-27 17:00:00+00:00,17.399999618530273,14.377384185791016
5805,2008-01-11 00:00:00+00:00,-1.6999998092651367,1.0171337127685547
5805,2008-01-17 20:00:00+00:00,4.099999904632568,1.822321891784668
5805,2008-04-18 03:00:00+00:00,3.9000000953674316,8.035547256469727
5805,2008-03-21 19:00:00+00:00,2.8000001907348633,7.307095050811768
5805,2008-06-20 02:00:00+00:00,13.0,15.512299537658691
5805,2008-03-12 20:00:00+00:00,9.699999809265137,5.443267345428467
5805,2008-06-03 14:00:00+00:00,19.0,21.787090301513672
5805,2008-01-06 22:00:00+00:00,3.0999999046325684,1.651498794555664
5805,2008-06-12 09:00:00+00:00,18.5,19.433549880981445
5805,2008-04-27 00:00:00+00:00,5.5,9.026363372802734
5805,2008-06-14 11:00:00+00:00,17.799999237060547,21.129549026489258
5805,2008-05-09 12:00:00+00:00,19.899999618530273,17.97593116760254
5805,2008-02-16 11:00:00+00:00,-2.09999942779541,4.669763565063477
5805,2008-06-16 01:00:00+00:00,9.5,14.864044189453125
5805,2008-04-25 02:00:00+00:00,4.099999904632568,8.497880935668945
5805,2008-05-13 23:00:00+00:00,9.5,12.211858749389648
5805,2008-02-11 01:00:00+00:00,-4.09999942779541,2.3970584869384766
5805,2008-06-22 14:00:00+00:00,31.299999237060547,22.568843841552734
5805,2008-01-02 15:00:00+00:00,-0.8999996185302734,2.989351749420166
5805,2008-04-22 13:00:00+00:00,14.699999809265137,14.711756706237793
5805,2008-02-19 00:00:00+00:00,6.800000190734863,2.4525861740112305
5805,2008-05-17 05:00:00+00:00,12.0,12.762696266174316
5805,2008-05-17 11:00:00+00:00,21.5,18.26020622253418
5805,2008-04-24 05:00:00+00:00,2.6999998092651367,8.826635360717773
5805,2008-06-11 05:00:00+00:00,19.899999618530273,16.125192642211914
5805,2008-05-01 13:00:00+00:00,15.5,17.422061920166016
5805,2008-03-19 23:00:00+00:00,1.5,4.638073921203613
5805,2008-05-31 02:00:00+00:00,15.0,12.671886444091797
5805,2008-05-26 14:00:00+00:00,23.100000381469727,20.275360107421875
5805,2008-01-04 02:00:00+00:00,-3.40000057220459,0.7994890213012695
5805,2008-02-17 17:00:00+00:00,-1.8999996185302734,4.824830055236816
5805,2008-01-18 19:00:00+00:00,7.400000095367432,2.313426971435547
5805,2008-01-26 05:00:00+00:00,3.4000000953674316,1.5317907333374023
5805,2008-02-15 05:00:00+00:00,0.5,2.2741928100585938
5805,2008-03-15 08:00:00+00:00,8.699999809265137,6.530471324920654
5805,2008-06-06 03:00:00+00:00,14.800000190734863,14.667961120605469
5805,2008-02-26 05:00:00+00:00,-0.19999980926513672,2.638437271118164
5805,2008-02-07 04:00:00+00:00,5.300000190734863,1.6969623565673828
5805,2008-03-14 03:00:00+00:00,5.599999904632568,3.9858803749084473
5805,2008-06-22 21:00:00+00:00,21.200000762939453,17.685321807861328
5805,2008-06-13 21:00:00+00:00,11.600000381469727,17.589038848876953
5805,2008-06-11 01:00:00+00:00,14.899999618530273,14.932363510131836
5805,2008-03-05 10:00:00+00:00,2.6999998092651367,6.008875846862793
5805,2008-03-04 18:00:00+00:00,3.1999998092651367,6.253900051116943
5805,2008-04-18 23:00:00+00:00,11.100000381469727,8.773200988769531
5805,2008-05-08 11:00:00+00:00,18.299999237060547,17.284381866455078
5805,2008-04-21 22:00:00+00:00,11.300000190734863,9.547548294067383
5805,2008-06-04 00:00:00+00:00,16.399999618530273,14.694618225097656
5805,2008-06-26 20:00:00+00:00,19.799999237060547,19.19826889038086
5805,2008-01-15 14:00:00+00:00,2.9000000953674316,3.3164210319519043
5805,2008-06-23 00:00:00+00:00,19.200000762939453,15.754143714904785
5805,2008-01-24 06:00:00+00:00,0.0,1.2790813446044922
5805,2008-03-20 19:00:00+00:00,0.5,6.971885681152344
5805,2008-02-09 17:00:00+00:00,3.0,4.178903102874756
5805,2008-04-16 08:00:00+00:00,6.699999809265137,10.073287963867188
5805,2008-01-19 08:00:00+00:00,8.899999618530273,2.1949071884155273
5805,2008-01-30 08:00:00+00:00,2.6999998092651367,1.9357538223266602
5805,2008-05-23 21:00:00+00:00,10.800000190734863,15.254408836364746
5805,2008-01-10 07:00:00+00:00,-0.3000001907348633,1.4350109100341797
5805,2008-01-08 06:00:00+00:00,5.699999809265137,1.104440689086914
5805,2008-01-07 00:00:00+00:00,3.4000000953674316,1.1527690887451172
5805,2008-01-01 00:00:00+00:00,0.8999996185302734,0.8684816360473633
5805,2008-03-10 04:00:00+00:00,-1.0000009536743164,4.242894649505615
5805,2008-05-20 01:00:00+00:00,9.800000190734863,11.936779022216797
5805,2008-02-18 18:00:00+00:00,6.5,4.4461669921875
5805,2008-01-31 22:00:00+00:00,1.3000001907348633,1.5318832397460938
5805,2008-04-28 01:00:00+00:00,2.9000000953674316,8.718647003173828
5805,2008-03-08 17:00:00+00:00,5.400000095367432,7.812848091125488
5805,2008-04-30 21:00:00+00:00,10.699999809265137,10.985599517822266
5805,2008-06-01 00:00:00+00:00,14.899999618530273,13.8275785446167
5805,2008-04-16 15:00:00+00:00,8.800000190734863,13.433693885803223
5805,2008-04-25 20:00:00+00:00,8.199999809265137,11.764250755310059
5805,2008-06-04 08:00:00+00:00,18.200000762939453,18.431350708007812
5805,2008-02-28 16:00:00+00:00,11.5,5.246145248413086
5805,2008-02-23 16:00:00+00:00,12.199999809265137,5.364930629730225
5805,2008-03-10 18:00:00+00:00,10.899999618530273,7.2512617111206055
5805,2008-05-15 21:00:00+00:00,12.899999618530273,13.9357328414917
5805,2008-03-05 17:00:00+00:00,2.09999942779541,6.6646270751953125
5805,2008-01-13 09:00:00+00:00,3.8000001907348633,2.502558708190918
5805,2008-06-08 01:00:00+00:00,13.800000190734863,13.98643684387207
5805,2008-03-14 09:00:00+00:00,7.400000095367432,6.899428367614746
5805,2008-01-10 06:00:00+00:00,-0.3000001907348633,1.1174077987670898
5805,2008-05-23 09:00:00+00:00,15.199999809265137,17.053956985473633
5805,2008-02-15 10:00:00+00:00,1.6999998092651367,4.000129222869873
5805,2008-02-04 11:00:00+00:00,6.599999904632568,4.213242530822754
5805,2008-06-26 06:00:00+00:00,22.5,17.56682777404785
5805,2008-05-13 04:00:00+00:00,6.300000190734863,11.653725624084473
5805,2008-04-04 15:00:00+00:00,10.199999809265137,13.260900497436523
5805,2008-01-01 14:00:00+00:00,0.8000001907348633,3.2790751457214355
5805,2008-01-28 03:00:00+00:00,4.800000190734863,1.3504133224487305
5805,2008-03-31 09:00:00+00:00,13.199999809265137,8.424755096435547
5805,2008-05-05 12:00:00+00:00,14.5,18.193395614624023
5805,2008-01-29 13:00:00+00:00,7.800000190734863,3.555662155151367
5805,2008-05-22 06:00:00+00:00,11.199999809265137,13.516929626464844
5805,2008-03-16 00:00:00+00:00,6.099999904632568,4.86917781829834
5805,2008-04-04 12:00:00+00:00,9.600000381469727,13.095327377319336
5805,2008-02-23 21:00:00+00:00,8.199999809265137,3.3904247283935547
5805,2008-03-30 06:00:00+00:00,0.6000003814697266,6.391908645629883
5805,2008-03-11 06:00:00+00:00,1.3999996185302734,4.3279571533203125
5805,2008-01-02 13:00:00+00:00,-0.6000003814697266,3.082386016845703
5805,2008-04-16 09:00:00+00:00,7.599999904632568,11.041242599487305
5805,2008-02-09 05:00:00+00:00,-1.8999996185302734,2.28627872467041
5805,2008-01-27 06:00:00+00:00,8.0,1.8762102127075195
5805,2008-04-02 09:00:00+00:00,11.899999618530273,9.479900360107422
5805,2008-02-01 04:00:00+00:00,-2.8000001907348633,1.7143011093139648
5805,2008-02-02 07:00:00+00:00,3.1999998092651367,2.6778793334960938
5805,2008-05-25 03:00:00+00:00,12.899999618530273,12.250062942504883
5805,2008-03-17 08:00:00+00:00,10.5,6.385384559631348
5805,2008-03-14 16:00:00+00:00,7.900000095367432,8.67813491821289
5805,2008-04-29 04:00:00+00:00,7.900000095367432,8.497662544250488
5805,2008-03-19 20:00:00+00:00,2.09999942779541,5.9970550537109375
5805,2008-03-16 01:00:00+00:00,5.0,4.657741069793701
5805,2008-05-20 17:00:00+00:00,9.0,18.24108123779297
5805,2008-02-20 13:00:00+00:00,8.800000190734863,5.084136486053467
5805,2008-01-14 07:00:00+00:00,1.3999996185302734,1.749197006225586
5805,2008-06-20 14:00:00+00:00,27.299999237060547,22.28141975402832
5805,2008-04-11 09:00:00+00:00,19.700000762939453,11.53455924987793
5805,2008-01-24 19:00:00+00:00,-0.5,2.2358322143554688
5805,2008-05-03 07:00:00+00:00,12.899999618530273,13.31636905670166
5805,2008-02-22 16:00:00+00:00,14.100000381469727,4.974189758300781
5805,2008-06-26 10:00:00+00:00,25.399999618530273,20.989028930664062
5805,2008-05-20 09:00:00+00:00,7.900000095367432,17.29674530029297
5805,2008-03-19 12:00:00+00:00,4.800000190734863,8.348867416381836
5805,2008-06-12 11:00:00+00:00,20.399999618530273,20.816513061523438
5805,2008-04-13 12:00:00+00:00,16.5,14.276616096496582
5805,2008-03-19 08:00:00+00:00,4.0,5.714450359344482
5805,2008-02-14 23:00:00+00:00,0.8000001907348633,2.2075767517089844
5805,2008-02-14 02:00:00+00:00,-1.8000001907348633,1.833308219909668
5805,2008-01-05 16:00:00+00:00,-4.199999809265137,3.0556092262268066
5805,2008-05-02 22:00:00+00:00,12.600000381469727,12.478948593139648
5805,2008-03-05 19:00:00+00:00,0.6000003814697266,5.480168342590332
5805,2008-01-11 23:00:00+00:00,0.39999961853027344,1.1926307678222656
5805,2008-06-10 09:00:00+00:00,24.200000762939453,20.392040252685547
5805,2008-03-19 02:00:00+00:00,2.59999942779541,4.136702537536621
5805,2008-06-24 05:00:00+00:00,21.100000381469727,17.419174194335938
5805,2008-04-15 18:00:00+00:00,8.699999809265137,11.81497859954834
5805,2008-03-27 18:00:00+00:00,8.899999618530273,8.461462020874023
5805,2008-06-11 19:00:00+00:00,16.600000381469727,19.049400329589844
5805,2008-03-25 11:00:00+00:00,4.099999904632568,8.51408576965332
5805,2008-04-07 17:00:00+00:00,5.5,12.212732315063477
5805,2008-02-22 05:00:00+00:00,9.0,2.511138916015625
5805,2008-01-17 16:00:00+00:00,4.699999809265137,2.8978238105773926
5805,2008-01-08 00:00:00+00:00,4.599999904632568,0.881622314453125
5805,2008-01-11 01:00:00+00:00,-1.6000003814697266,0.8873691558837891
5805,2008-01-01 19:00:00+00:00,-1.1000003814697266,2.088892936706543
5805,2008-06-26 07:00:00+00:00,23.299999237060547,18.448802947998047
5805,2008-02-04 16:00:00+00:00,8.300000190734863,4.50797176361084
5805,2008-05-17 09:00:00+00:00,19.200000762939453,16.55084800720215
5805,2008-06-24 02:00:00+00:00,17.600000381469727,15.942024230957031
5805,2008-02-18 12:00:00+00:00,5.5,5.377836227416992
5805,2008-04-13 23:00:00+00:00,3.1999998092651367,8.47981071472168
5805,2008-05-15 08:00:00+00:00,19.299999237060547,15.176671981811523
5805,2008-06-05 19:00:00+00:00,16.700000762939453,18.72606658935547
5805,2008-05-27 12:00:00+00:00,27.200000762939453,20.312557220458984
5805,2008-03-26 14:00:00+00:00,5.400000095367432,9.613443374633789
5805,2008-01-15 19:00:00+00:00,3.4000000953674316,2.1816930770874023
5805,2008-01-27 19:00:00+00:00,5.199999809265137,2.75423002243042
5805,2008-01-26 22:00:00+00:00,8.800000190734863,1.7634429931640625
5805,2008-03-23 19:00:00+00:00,3.0999999046325684,7.784047603607178
5805,2008-06-23 17:00:00+00:00,30.200000762939453,21.676258087158203
5805,2008-03-06 05:00:00+00:00,-3.6999998092651367,3.8842849731445312
5805,2008-06-20 08:00:00+00:00,24.0,19.06307601928711
5805,2008-01-22 05:00:00+00:00,7.900000095367432,1.0569047927856445
5805,2008-01-08 16:00:00+00:00,3.3000001907348633,2.959156036376953
5805,2008-02-25 02:00:00+00:00,1.1000003814697266,2.8289308547973633
5805,2008-04-18 00:00:00+00:00,5.699999809265137,8.264232635498047
5805,2008-03-14 21:00:00+00:00,8.399999618530273,5.423389434814453
5805,2008-03-29 21:00:00+00:00,2.40000057220459,6.67347526550293
5805,2008-05-15 07:00:00+00:00,16.799999237060547,13.870195388793945
5805,2008-06-26 23:00:00+00:00,18.799999237060547,16.95037269592285
5805,2008-02-28 20:00:00+00:00,2.8000001907348633,3.57004451751709
5805,2008-03-19 16:00:00+00:00,4.400000095367432,8.386859893798828
5805,2008-04-09 19:00:00+00:00,16.0,10.728928565979004
5805,2008-02-05 06:00:00+00:00,4.899999618530273,2.0992918014526367
5805,2008-01-24 12:00:00+00:00,7.5,3.147536277770996
5805,2008-03-28 16:00:00+00:00,11.0,10.148066520690918
5805,2008-01-25 02:00:00+00:00,7.300000190734863,1.0045785903930664
5805,2008-02-20 15:00:00+00:00,8.899999618530273,4.988302707672119
5805,2008-03-03 19:00:00+00:00,13.199999809265137,6.258688449859619
5805,2008-01-24 18:00:00+00:00,0.5,2.5174150466918945
5805,2008-02-07 12:00:00+00:00,5.699999809265137,4.209826946258545
5805,2008-03-08 08:00:00+00:00,5.599999904632568,5.997836589813232
5805,2008-01-22 18:00:00+00:00,3.5,2.589137077331543
5805,2008-01-26 11:00:00+00:00,5.099999904632568,3.3060059547424316
5805,2008-05-31 05:00:00+00:00,16.799999237060547,13.766002655029297
5805,2008-01-28 22:00:00+00:00,4.699999809265137,1.8526487350463867
5805,2008-01-29 00:00:00+00:00,4.400000095367432,1.209747314453125
5805,2008-01-03 08:00:00+00:00,-1.5,1.7490596771240234
5805,2008-01-24 17:00:00+00:00,2.1999998092651367,2.777754306793213
5805,2008-01-11 10:00:00+00:00,-0.8000001907348633,2.6059494018554688
5805,2008-01-26 21:00:00+00:00,8.0,2.031052589416504
5805,2008-01-12 21:00:00+00:00,5.300000190734863,1.817352294921875
5805,2008-01-11 21:00:00+00:00,0.19999980926513672,1.669708251953125
5805,2008-01-05 10:00:00+00:00,-5.699999809265137,2.753584861755371
5805,2008-01-09 22:00:00+00:00,0.0,1.1599273681640625
5805,2008-06-08 12:00:00+00:00,20.5,21.39395523071289
5805,2008-01-04 08:00:00+00:00,-3.4999990463256836,1.953272819519043
5805,2008-04-09 13:00:00+00:00,16.5,12.766131401062012
5805,2008-05-01 16:00:00+00:00,14.5,16.882904052734375
5805,2008-01-28 05:00:00+00:00,5.099999904632568,1.5512771606445312
5805,2008-04-26 07:00:00+00:00,10.399999618530273,11.347532272338867
5805,2008-02-04 17:00:00+00:00,7.900000095367432,4.1792893409729
5805,2008-03-30 10:00:00+00:00,13.5,9.942923545837402
5805,2008-03-01 16:00:00+00:00,6.800000190734863,7.880126476287842
5805,2008-03-15 15:00:00+00:00,13.0,9.576449394226074
5805,2008-04-19 00:00:00+00:00,10.5,8.466729164123535
5805,2008-04-17 04:00:00+00:00,0.5,7.744006156921387
5805,2008-01-08 08:00:00+00:00,6.400000095367432,1.688553810119629
5805,2008-03-30 22:00:00+00:00,9.199999809265137,6.486762523651123
5805,2008-01-25 04:00:00+00:00,6.599999904632568,1.0812091827392578
5805,2008-04-11 05:00:00+00:00,6.5,8.068573951721191
5805,2008-06-22 05:00:00+00:00,18.600000381469727,16.68292999267578
5805,2008-05-21 21:00:00+00:00,11.199999809265137,14.181174278259277
5805,2008-06-09 11:00:00+00:00,22.799999237060547,21.496044158935547
5805,2008-02-04 15:00:00+00:00,8.399999618530273,4.733077049255371
5805,2008-06-19 22:00:00+00:00,15.300000190734863,17.250465393066406
5805,2008-04-18 04:00:00+00:00,3.5999999046325684,8.216378211975098
5805,2008-03-25 06:00:00+00:00,1.0,5.125728607177734
5805,2008-05-22 19:00:00+00:00,11.800000190734863,16.50763511657715
5805,2008-06-15 02:00:00+00:00,12.100000381469727,14.468594551086426
5805,2008-04-28 12:00:00+00:00,20.299999237060547,15.787666320800781
5805,2008-01-14 23:00:00+00:00,3.5999999046325684,1.3790483474731445
5805,2008-02-28 12:00:00+00:00,11.600000381469727,5.410617351531982
5805,2008-02-02 23:00:00+00:00,2.8000001907348633,2.2194595336914062
5805,2008-03-01 17:00:00+00:00,7.400000095367432,7.2232842445373535
5805,2008-02-14 03:00:00+00:00,-1.1999998092651367,1.8354740142822266
5805,2008-01-29 12:00:00+00:00,7.400000095367432,3.388597011566162
5805,2008-03-18 01:00:00+00:00,4.300000190734863,4.33229923248291
5805,2008-06-27 06:00:00+00:00,19.899999618530273,17.71875762939453
5805,2008-03-09 05:00:00+00:00,-0.8000001907348633,4.628337383270264
5805,2008-04-23 21:00:00+00:00,6.099999904632568,10.32888126373291
5805,2008-06-26 03:00:00+00:00,19.299999237060547,15.883146286010742
5805,2008-02-24 03:00:00+00:00,4.5,2.7441306114196777
5805,2008-05-12 01:00:00+00:00,5.900000095367432,11.327895164489746
5805,2008-01-12 03:00:00+00:00,-0.39999961853027344,1.0813465118408203
5805,2008-03-02 14:00:00+00:00,12.399999618530273,8.763224601745605
5805,2008-06-02 15:00:00+00:00,25.899999618530273,21.358205795288086
5805,2008-01-08 15:00:00+00:00,6.199999809265137,3.1644725799560547
5805,2008-02-05 07:00:00+00:00,4.899999618530273,2.3584280014038086
5805,2008-06-22 11:00:00+00:00,28.10000228881836,21.76006317138672
5805,2008-01-23 19:00:00+00:00,-1.1999998092651367,2.1332626342773438
5805,2008-06-22 17:00:00+00:00,30.60000228881836,21.33392333984375
5805,2008-01-30 22:00:00+00:00,4.800000190734863,1.4636421203613281
5805,2008-01-07 19:00:00+00:00,5.900000095367432,2.3306350708007812
5805,2008-05-20 06:00:00+00:00,8.699999809265137,13.648353576660156
5805,2008-02-02 19:00:00+00:00,4.599999904632568,3.336155414581299
5805,2008-04-13 15:00:00+00:00,15.100000381469727,14.317949295043945
5805,2008-02-24 15:00:00+00:00,17.600000381469727,6.048600196838379
5805,2008-01-22 06:00:00+00:00,8.699999809265137,1.2698631286621094
5805,2008-05-22 20:00:00+00:00,10.100000381469727,15.599373817443848
5805,2008-04-25 17:00:00+00:00,9.600000381469727,14.36134147644043
5805,2008-06-04 04:00:00+00:00,16.600000381469727,14.765405654907227
5805,2008-01-31 11:00:00+00:00,3.9000000953674316,3.078449249267578
5805,2008-05-13 20:00:00+00:00,13.199999809265137,14.532711029052734
5805,2008-03-13 07:00:00+00:00,7.199999809265137,5.04539155960083
5805,2008-05-28 22:00:00+00:00,17.799999237060547,13.864023208618164
5805,2008-05-24 16:00:00+00:00,20.600000381469727,19.140609741210938
5805,2008-06-15 20:00:00+00:00,13.399999618530273,18.25657081604004
5805,2008-03-01 00:00:00+00:00,9.699999809265137,3.76352596282959
5805,2008-05-12 09:00:00+00:00,20.0,16.58232879638672
5805,2008-06-16 08:00:00+00:00,17.899999618530273,19.642728805541992
5805,2008-05-11 01:00:00+00:00,6.300000190734863,11.24133014678955
5805,2008-06-18 22:00:00+00:00,16.299999237060547,16.947856903076172
5805,2008-05-14 19:00:00+00:00,16.0,15.45311164855957
5805,2008-02-07 06:00:00+00:00,5.400000095367432,2.1402931213378906
5805,2008-05-04 12:00:00+00:00,14.199999809265137,17.912160873413086
5805,2008-02-23 14:00:00+00:00,14.0,5.830163955688477
5805,2008-04-06 13:00:00+00:00,12.600000381469727,13.756599426269531
5805,2008-01-07 18:00:00+00:00,5.5,2.6093196868896484
5805,2008-04-15 14:00:00+00:00,11.5,13.715765953063965
5805,2008-03-26 22:00:00+00:00,1.8999996185302734,5.48851203918457
5805,2008-01-02 03:00:00+00:00,-1.3000001907348633,0.5584831237792969
5805,2008-05-09 17:00:00+00:00,19.200000762939453,17.22412872314453
5805,2008-05-09 00:00:00+00:00,10.199999809265137,11.83957290649414
5805,2008-06-21 10:00:00+00:00,26.5,20.869998931884766
5805,2008-04-29 08:00:00+00:00,12.5,11.419279098510742
5805,2008-04-23 20:00:00+00:00,7.099999904632568,11.216801643371582
5805,2008-01-21 20:00:00+00:00,4.5,2.225231170654297
5805,2008-04-27 14:00:00+00:00,18.399999618530273,16.359577178955078
5805,2008-05-01 04:00:00+00:00,11.199999809265137,10.420626640319824
5805,2008-03-06 04:00:00+00:00,-3.09999942779541,3.670718193054199
5805,2008-05-12 08:00:00+00:00,19.0,15.43917465209961
5805,2008-01-18 09:00:00+00:00,5.400000095367432,2.366602897644043
5805,2008-01-02 12:00:00+00:00,-0.6999998092651367,2.95522403717041
5805,2008-06-09 09:00:00+00:00,21.0,20.15057945251465
5805,2008-06-15 07:00:00+00:00,15.699999809265137,18.074390411376953
5805,2008-06-28 22:00:00+00:00,16.5,17.318012237548828
5805,2008-06-28 21:00:00+00:00,17.399999618530273,18.187665939331055
5805,2008-06-25 17:00:00+00:00,29.10000228881836,21.423070907592773
5805,2008-02-25 10:00:00+00:00,16.299999237060547,4.799136638641357
5805,2008-06-07 13:00:00+00:00,21.600000381469727,21.41323471069336
5805,2008-06-25 01:00:00+00:00,16.5,15.895074844360352
5805,2008-06-20 07:00:00+00:00,24.100000381469727,18.214174270629883
5805,2008-06-12 10:00:00+00:00,19.299999237060547,20.19677734375
5805,2008-03-07 10:00:00+00:00,6.0,7.0852556228637695
5805,2008-04-20 14:00:00+00:00,18.100000381469727,15.546934127807617
5805,2008-03-30 07:00:00+00:00,5.900000095367432,7.062047958374023
5805,2008-06-10 10:00:00+00:00,24.799999237060547,21.170438766479492
5805,2008-01-06 20:00:00+00:00,3.6999998092651367,2.1439409255981445
5805,2008-02-17 08:00:00+00:00,-7.699999809265137,3.7268686294555664
5805,2008-03-25 12:00:00+00:00,2.09999942779541,9.04649543762207
5805,2008-05-25 01:00:00+00:00,12.5,12.159355163574219
5805,2008-03-26 02:00:00+00:00,0.39999961853027344,4.491763114929199
5805,2008-02-04 03:00:00+00:00,3.5999999046325684,2.0958213806152344
5805,2008-03-11 18:00:00+00:00,6.699999809265137,6.736806869506836
5805,2008-03-13 10:00:00+00:00,7.699999809265137,7.1907453536987305
5805,2008-01-04 21:00:00+00:00,-5.09999942779541,1.6139774322509766
5805,2008-05-25 15:00:00+00:00,21.700000762939453,19.5965576171875
5805,2008-02-05 03:00:00+00:00,5.800000190734863,1.756993293762207
5805,2008-01-31 04:00:00+00:00,3.8000001907348633,1.0330419540405273
5805,2008-03-18 19:00:00+00:00,3.6999998092651367,6.664791107177734
5805,2008-02-26 16:00:00+00:00,15.300000190734863,5.266468048095703
5805,2008-04-04 04:00:00+00:00,5.199999809265137,7.167052268981934
5805,2008-06-25 18:00:00+00:00,28.10000228881836,20.719263076782227
5805,2008-04-01 17:00:00+00:00,13.600000381469727,11.12366008758545
5805,2008-01-10 00:00:00+00:00,-0.3000001907348633,0.7795448303222656
5805,2008-01-25 23:00:00+00:00,4.599999904632568,1.4099435806274414
5805,2008-04-05 07:00:00+00:00,7.099999904632568,9.27547550201416
5805,2008-04-16 13:00:00+00:00,8.800000190734863,13.538045883178711
5805,2008-04-20 10:00:00+00:00,16.799999237060547,13.494182586669922
5805,2008-04-17 07:00:00+00:00,3.6999998092651367,9.773294448852539
5805,2008-06-13 03:00:00+00:00,9.899999618530273,15.223430633544922
5805,2008-01-28 12:00:00+00:00,6.099999904632568,3.570460319519043
5805,2008-04-11 00:00:00+00:00,10.300000190734863,7.693782806396484
5805,2008-03-12 04:00:00+00:00,2.5,3.8528404235839844
5805,2008-06-10 21:00:00+00:00,17.200000762939453,17.144512176513672
5805,2008-01-05 13:00:00+00:00,-4.699999809265137,3.3059468269348145
5805,2008-04-10 14:00:00+00:00,20.5,13.53570556640625
5805,2008-02-12 04:00:00+00:00,-6.09999942779541,2.0267724990844727
5805,2008-06-12 19:00:00+00:00,16.299999237060547,19.179576873779297
5805,2008-04-26 12:00:00+00:00,15.300000190734863,15.884719848632812
5805,2008-05-17 06:00:00+00:00,15.0,13.543057441711426
5805,2008-04-18 11:00:00+00:00,10.899999618530273,14.002399444580078
5805,2008-06-11 04:00:00+00:00,14.5,15.40412425994873
5805,2008-02-11 16:00:00+00:00,4.400000095367432,4.842651844024658
5805,2008-03-22 23:00:00+00:00,-1.6999998092651367,5.086397647857666
5805,2008-04-26 06:00:00+00:00,10.0,10.399862289428711
5805,2008-04-04 21:00:00+00:00,7.599999904632568,8.878170013427734
5805,2008-04-23 00:00:00+00:00,7.900000095367432,8.175103187561035
5805,2008-02-03 09:00:00+00:00,2.1999998092651367,3.5661864280700684
5805,2008-03-22 11:00:00+00:00,7.800000190734863,9.863041877746582
5805,2008-01-02 19:00:00+00:00,-1.3999996185302734,1.920766830444336
5805,2008-02-25 21:00:00+00:00,5.199999809265137,3.6860175132751465
5805,2008-05-10 04:00:00+00:00,4.5,11.673001289367676
5805,2008-01-24 07:00:00+00:00,0.19999980926513672,1.5972881317138672
5805,2008-04-08 06:00:00+00:00,2.59999942779541,7.647329807281494
5805,2008-04-22 02:00:00+00:00,10.300000190734863,7.712409973144531
5805,2008-06-16 20:00:00+00:00,15.100000381469727,18.660137176513672
5805,2008-06-02 11:00:00+00:00,24.399999618530273,20.998210906982422
5805,2008-03-10 01:00:00+00:00,0.10000038146972656,4.4133524894714355
5805,2008-04-11 19:00:00+00:00,18.299999237060547,11.310548782348633
5805,2008-01-16 07:00:00+00:00,-0.8999996185302734,1.3328256607055664
5805,2008-06-08 20:00:00+00:00,17.0,17.732595443725586
5805,2008-03-24 23:00:00+00:00,0.6000003814697266,5.841311931610107
5805,2008-02-11 20:00:00+00:00,-2.5,3.4732723236083984
5805,2008-04-23 08:00:00+00:00,9.100000381469727,10.859076499938965
5805,2008-06-07 17:00:00+00:00,19.799999237060547,20.297393798828125
5805,2008-06-02 19:00:00+00:00,22.399999618530273,18.640411376953125
5805,2008-03-04 11:00:00+00:00,5.400000095367432,6.6447248458862305
5805,2008-04-08 23:00:00+00:00,3.1999998092651367,7.578061103820801
5805,2008-03-09 04:00:00+00:00,-0.6000003814697266,4.3600029945373535
5805,2008-06-03 22:00:00+00:00,16.600000381469727,15.865398406982422
5805,2008-01-23 05:00:00+00:00,2.09999942779541,0.9567394256591797
5805,2008-03-10 02:00:00+00:00,-0.10000038146972656,4.2857537269592285
5805,2008-04-17 17:00:00+00:00,10.0,13.115856170654297
5805,2008-02-29 00:00:00+00:00,0.10000038146972656,2.7899551391601562
5805,2008-01-01 03:00:00+00:00,0.39999961853027344,0.6700563430786133
5805,2008-06-01 06:00:00+00:00,21.5,16.095123291015625
5805,2008-03-28 20:00:00+00:00,8.899999618530273,7.177473068237305
5805,2008-04-13 22:00:00+00:00,4.099999904632568,8.946046829223633
5805,2008-01-17 04:00:00+00:00,1.8000001907348633,0.7759208679199219
5805,2008-01-04 16:00:00+00:00,-4.5,2.925729751586914
5805,2008-02-21 02:00:00+00:00,-0.6999998092651367,2.09051513671875
5805,2008-02-27 21:00:00+00:00,7.900000095367432,3.1843676567077637
5805,2008-04-15 08:00:00+00:00,8.5,10.010212898254395
5805,2008-02-19 06:00:00+00:00,5.300000190734863,2.5657310485839844
5805,2008-01-21 18:00:00+00:00,7.099999904632568,2.799616813659668
5805,2008-04-18 05:00:00+00:00,4.400000095367432,8.607797622680664
5805,2008-06-08 15:00:00+00:00,22.200000762939453,21.46929931640625
5805,2008-06-12 13:00:00+00:00,20.10000228881836,21.537275314331055
5805,2008-05-15 16:00:00+00:00,24.700000762939453,18.103565216064453
5805,2008-03-01 23:00:00+00:00,8.5,4.019952297210693
5805,2008-04-20 22:00:00+00:00,8.600000381469727,9.490545272827148
5805,2008-01-13 18:00:00+00:00,0.6999998092651367,2.77290678024292
5805,2008-03-23 22:00:00+00:00,3.4000000953674316,6.101067066192627
5805,2008-03-26 11:00:00+00:00,4.0,8.501935005187988
5805,2008-03-08 05:00:00+00:00,4.5,4.185120582580566
5805,2008-03-22 01:00:00+00:00,4.599999904632568,4.4888596534729
5805,2008-03-24 16:00:00+00:00,3.5999999046325684,9.701866149902344
5805,2008-01-27 15:00:00+00:00,5.699999809265137,3.6163482666015625
5805,2008-02-07 09:00:00+00:00,5.5,3.189840793609619
5805,2008-02-15 15:00:00+00:00,1.0,4.769931793212891
5805,2008-02-10 21:00:00+00:00,-2.59999942779541,3.152050495147705
5805,2008-06-08 14:00:00+00:00,20.899999618530273,21.685638427734375
5805,2008-04-11 12:00:00+00:00,21.700000762939453,13.877761840820312
5805,2008-01-30 13:00:00+00:00,5.800000190734863,3.4490466117858887
5805,2008-04-23 15:00:00+00:00,11.899999618530273,14.399648666381836
5805,2008-04-02 05:00:00+00:00,9.100000381469727,6.483217239379883
5805,2008-06-06 06:00:00+00:00,15.0,16.46858787536621
5805,2008-05-31 11:00:00+00:00,28.400001525878906,19.376739501953125
5805,2008-06-25 03:00:00+00:00,16.399999618530273,15.978540420532227
5805,2008-02-20 16:00:00+00:00,7.800000190734863,4.702144622802734
5805,2008-02-09 00:00:00+00:00,-2.6999998092651367,2.2196483612060547
5805,2008-06-15 18:00:00+00:00,17.0,20.087902069091797
5805,2008-06-24 01:00:00+00:00,18.600000381469727,15.941812515258789
5805,2008-06-09 02:00:00+00:00,15.800000190734863,14.230055809020996
5805,2008-01-17 09:00:00+00:00,3.5999999046325684,2.15474796295166
5805,2008-01-24 11:00:00+00:00,6.0,2.8958864212036133
5805,2008-05-19 10:00:00+00:00,12.699999809265137,18.3118953704834
5805,2008-02-27 07:00:00+00:00,10.899999618530273,3.0690064430236816
5805,2008-05-29 19:00:00+00:00,21.899999618530273,17.127540588378906
5805,2008-03-27 02:00:00+00:00,1.6000003814697266,4.678169250488281
5805,2008-01-16 16:00:00+00:00,2.59999942779541,2.8680148124694824
5805,2008-03-14 14:00:00+00:00,7.0,9.167779922485352
5805,2008-02-15 23:00:00+00:00,-1.8000001907348633,2.4955501556396484
5805,2008-01-26 00:00:00+00:00,4.0,1.3786516189575195
5805,2008-05-21 03:00:00+00:00,9.100000381469727,11.750795364379883
5805,2008-01-09 17:00:00+00:00,0.6000003814697266,2.5315475463867188
5805,2008-05-05 05:00:00+00:00,6.300000190734863,12.035131454467773
5805,2008-03-13 14:00:00+00:00,7.699999809265137,8.603650093078613
5805,2008-03-02 06:00:00+00:00,8.100000381469727,4.656211853027344
5805,2008-06-27 01:00:00+00:00,18.399999618530273,16.03997039794922
5805,2008-06-07 11:00:00+00:00,21.799999237060547,20.728729248046875
5805,2008-04-08 21:00:00+00:00,6.199999809265137,8.878876686096191
5805,2008-05-02 17:00:00+00:00,17.299999237060547,16.660091400146484
5805,2008-05-29 06:00:00+00:00,17.299999237060547,14.25359058380127
5805,2008-04-09 05:00:00+00:00,0.6999998092651367,7.034494400024414
5805,2008-01-02 20:00:00+00:00,-1.3999996185302734,1.6568403244018555
5805,2008-03-23 20:00:00+00:00,3.0,7.120021820068359
5805,2008-05-14 20:00:00+00:00,13.600000381469727,14.467941284179688
5805,2008-06-05 14:00:00+00:00,17.700000762939453,21.105850219726562
5805,2008-03-23 11:00:00+00:00,4.899999618530273,10.16190242767334
5805,2008-01-28 19:00:00+00:00,5.199999809265137,2.6793932914733887
5805,2008-05-21 13:00:00+00:00,11.699999809265137,19.381126403808594
5805,2008-05-24 05:00:00+00:00,8.899999618530273,13.24978256225586
5805,2008-02-20 02:00:00+00:00,-3.1999998092651367,2.0250778198242188
5805,2008-02-11 19:00:00+00:00,-2.0,3.7884721755981445
5805,2008-04-14 00:00:00+00:00,2.5,8.062211990356445
5805,2008-04-20 18:00:00+00:00,14.100000381469727,12.581524848937988
5805,2008-02-05 17:00:00+00:00,4.099999904632568,3.913358688354492
5805,2008-06-21 02:00:00+00:00,14.300000190734863,15.223479270935059
5805,2008-05-28 12:00:00+00:00,28.900001525878906,19.69634246826172
5805,2008-03-21 10:00:00+00:00,5.900000095367432,8.504111289978027
5805,2008-04-14 13:00:00+00:00,17.399999618530273,14.429506301879883
5805,2008-03-17 13:00:00+00:00,7.699999809265137,9.749690055847168
5805,2008-05-07 12:00:00+00:00,16.700000762939453,17.667007446289062
5805,2008-06-04 01:00:00+00:00,16.399999618530273,14.222808837890625
5805,2008-03-03 09:00:00+00:00,13.399999618530273,6.172852993011475
5805,2008-04-07 06:00:00+00:00,4.599999904632568,8.346537590026855
5805,2008-05-20 13:00:00+00:00,8.800000190734863,19.94664764404297
5805,2008-02-21 16:00:00+00:00,8.399999618530273,4.7424163818359375
5805,2008-01-08 23:00:00+00:00,-2.6999998092651367,1.0629549026489258
5805,2008-05-09 09:00:00+00:00,17.899999618530273,16.02104949951172
5805,2008-05-18 12:00:00+00:00,20.399999618530273,19.015283584594727
5805,2008-04-06 18:00:00+00:00,8.600000381469727,11.300549507141113
5805,2008-03-27 11:00:00+00:00,8.899999618530273,9.23874282836914
5805,2008-06-13 16:00:00+00:00,13.399999618530273,21.29998779296875
5805,2008-05-07 01:00:00+00:00,6.800000190734863,10.559950828552246
5805,2008-02-15 09:00:00+00:00,-0.10000038146972656,3.631690502166748
5805,2008-02-24 22:00:00+00:00,4.5,3.39461088180542
5805,2008-05-29 08:00:00+00:00,18.700000762939453,16.48494529724121
5805,2008-06-02 18:00:00+00:00,24.200000762939453,19.54269790649414
5805,2008-06-06 09:00:00+00:00,16.700000762939453,19.02366065979004
5805,2008-03-24 13:00:00+00:00,4.599999904632568,10.40531063079834
5805,2008-03-29 16:00:00+00:00,13.100000381469727,10.372758865356445
5805,2008-05-01 15:00:00+00:00,14.800000190734863,17.290857315063477
5805,2008-02-16 13:00:00+00:00,-0.6000003814697266,5.2489519119262695
5805,2008-06-03 23:00:00+00:00,16.600000381469727,15.179939270019531
5805,2008-02-04 10:00:00+00:00,4.899999618530273,3.7891879081726074
5805,2008-05-12 22:00:00+00:00,9.5,12.592909812927246
5805,2008-01-31 15:00:00+00:00,5.400000095367432,3.410660743713379
5805,2008-05-22 10:00:00+00:00,14.0,17.813432693481445
5805,2008-05-28 08:00:00+00:00,25.0,16.612319946289062
5805,2008-06-21 23:00:00+00:00,17.200000762939453,16.315988540649414
5805,2008-06-12 22:00:00+00:00,12.100000381469727,16.795156478881836
5805,2008-02-06 11:00:00+00:00,11.600000381469727,3.8549036979675293
5805,2008-05-04 19:00:00+00:00,10.600000381469727,14.877862930297852
5805,2008-03-02 03:00:00+00:00,7.5,3.9417691230773926
5805,2008-06-25 05:00:00+00:00,18.0,17.086402893066406
5805,2008-06-14 23:00:00+00:00,12.800000190734863,15.926961898803711
5805,2008-06-04 15:00:00+00:00,17.600000381469727,21.14850616455078
5805,2008-02-03 08:00:00+00:00,-0.39999961853027344,3.220167636871338
5805,2008-06-09 17:00:00+00:00,22.200000762939453,20.830408096313477
5805,2008-06-14 13:00:00+00:00,18.0,21.902833938598633
5805,2008-04-16 19:00:00+00:00,5.599999904632568,11.404884338378906
5805,2008-04-08 19:00:00+00:00,7.699999809265137,10.579401016235352
5805,2008-04-04 18:00:00+00:00,8.600000381469727,11.479816436767578
5805,2008-03-25 15:00:00+00:00,-0.3000001907348633,9.33381175994873
5805,2008-03-03 01:00:00+00:00,11.5,4.0676655769348145
5805,2008-06-03 17:00:00+00:00,20.899999618530273,20.414310455322266
5805,2008-03-23 09:00:00+00:00,5.900000095367432,8.215038299560547
5805,2008-02-05 19:00:00+00:00,1.1999998092651367,3.2985029220581055
5805,2008-05-22 03:00:00+00:00,8.899999618530273,11.852392196655273
5805,2008-01-16 11:00:00+00:00,4.099999904632568,2.731381893157959
5805,2008-05-18 13:00:00+00:00,20.600000381469727,19.23079490661621
5805,2008-01-30 15:00:00+00:00,6.099999904632568,3.384901523590088
5805,2008-03-28 22:00:00+00:00,9.0,5.838339805603027
5805,2008-06-08 21:00:00+00:00,16.200000762939453,16.684696197509766
5805,2008-06-05 08:00:00+00:00,16.299999237060547,18.127857208251953
5805,2008-01-16 10:00:00+00:00,1.3000001907348633,2.3838930130004883
5805,2008-01-03 11:00:00+00:00,-1.3000001907348633,2.692106246948242
5805,2008-04-25 04:00:00+00:00,4.699999809265137,8.749449729919434
5805,2008-03-28 06:00:00+00:00,5.199999809265137,5.869558334350586
5805,2008-02-15 08:00:00+00:00,0.6999998092651367,3.2630701065063477
5805,2008-01-18 13:00:00+00:00,9.800000190734863,3.29378080368042
5805,2008-01-15 00:00:00+00:00,3.3000001907348633,0.9422569274902344
5805,2008-05-28 20:00:00+00:00,20.10000228881836,15.845983505249023
5805,2008-06-24 17:00:00+00:00,22.0,21.778478622436523
5805,2008-01-01 12:00:00+00:00,1.5,3.127976417541504
5805,2008-06-19 05:00:00+00:00,15.899999618530273,16.403011322021484
5805,2008-03-18 20:00:00+00:00,3.0999999046325684,6.106129169464111
5805,2008-02-19 16:00:00+00:00,8.699999809265137,4.869779586791992
5805,2008-06-26 00:00:00+00:00,18.600000381469727,16.398784637451172
5805,2008-02-06 21:00:00+00:00,8.100000381469727,2.411731719970703
5805,2008-01-02 04:00:00+00:00,-1.3000001907348633,0.6126899719238281
5805,2008-06-11 22:00:00+00:00,16.0,16.503740310668945
5805,2008-06-12 12:00:00+00:00,19.5,21.265758514404297
5805,2008-03-01 03:00:00+00:00,12.5,3.5648488998413086
5805,2008-06-16 19:00:00+00:00,16.700000762939453,19.61760711669922
5805,2008-01-05 18:00:00+00:00,-4.0,2.6117420196533203
5805,2008-06-05 10:00:00+00:00,17.700000762939453,19.71902084350586
5805,2008-03-04 02:00:00+00:00,4.199999809265137,3.600369930267334
5805,2008-01-15 09:00:00+00:00,3.0999999046325684,2.081353187561035
5805,2008-03-30 03:00:00+00:00,-1.1000003814697266,5.308194160461426
5805,2008-04-05 05:00:00+00:00,5.099999904632568,7.852058410644531
5805,2008-03-14 01:00:00+00:00,5.900000095367432,4.068652629852295
5805,2008-04-16 20:00:00+00:00,5.099999904632568,10.59229850769043
5805,2008-02-10 00:00:00+00:00,-2.09999942779541,2.5100040435791016
5805,2008-02-20 18:00:00+00:00,1.3999996185302734,3.900214195251465
5805,2008-06-05 15:00:00+00:00,18.0,20.980043411254883
5805,2008-04-18 10:00:00+00:00,11.0,13.129648208618164
5805,2008-05-24 04:00:00+00:00,7.400000095367432,12.676836013793945
5805,2008-04-09 12:00:00+00:00,14.899999618530273,12.483433723449707
5805,2008-04-27 06:00:00+00:00,8.100000381469727,10.431753158569336
5805,2008-03-24 18:00:00+00:00,2.1999998092651367,8.346986770629883
5805,2008-03-11 15:00:00+00:00,11.100000381469727,8.123703956604004
5805,2008-03-09 17:00:00+00:00,10.300000190734863,8.076353073120117
5805,2008-05-29 10:00:00+00:00,20.799999237060547,18.389362335205078
5805,2008-04-17 11:00:00+00:00,8.0,13.1365966796875
5805,2008-01-29 09:00:00+00:00,5.699999809265137,2.3339242935180664
5805,2008-06-18 16:00:00+00:00,22.599998474121094,21.61962890625
5805,2008-05-07 19:00:00+00:00,11.699999809265137,14.716062545776367
5805,2008-06-22 02:00:00+00:00,15.5,14.991512298583984
5805,2008-06-23 15:00:00+00:00,31.5,22.687538146972656
5805,2008-06-22 07:00:00+00:00,23.200000762939453,18.525039672851562
5805,2008-04-11 04:00:00+00:00,7.0,7.680919647216797
5805,2008-06-26 09:00:00+00:00,25.5,20.22376251220703
5805,2008-05-25 08:00:00+00:00,14.600000381469727,16.54969596862793
5805,2008-02-26 03:00:00+00:00,0.5,2.4947566986083984
5805,2008-03-07 11:00:00+00:00,6.599999904632568,7.766426086425781
5805,2008-05-04 21:00:00+00:00,8.100000381469727,12.890411376953125
5805,2008-06-22 12:00:00+00:00,29.299999237060547,22.25292205810547
5805,2008-03-18 08:00:00+00:00,1.6999998092651367,5.821648120880127
5805,2008-03-27 10:00:00+00:00,7.400000095367432,8.543036460876465
5805,2008-04-02 10:00:00+00:00,7.800000190734863,10.514142036437988
5805,2008-05-05 21:00:00+00:00,11.0,12.775352478027344
5805,2008-03-15 12:00:00+00:00,12.600000381469727,9.702643394470215
5805,2008-06-23 12:00:00+00:00,29.10000228881836,22.714609146118164
5805,2008-05-23 16:00:00+00:00,17.600000381469727,18.94327163696289
5805,2008-04-05 16:00:00+00:00,11.199999809265137,12.854238510131836
5805,2008-03-15 01:00:00+00:00,8.0,4.156973361968994
5805,2008-02-13 03:00:00+00:00,-1.8999996185302734,1.757242202758789
5805,2008-03-29 02:00:00+00:00,7.800000190734863,4.779621124267578
5805,2008-05-13 09:00:00+00:00,21.5,16.443649291992188
5805,2008-06-23 10:00:00+00:00,28.0,21.728233337402344
5805,2008-02-05 18:00:00+00:00,2.59999942779541,3.5905280113220215
5805,2008-01-24 02:00:00+00:00,-1.8999996185302734,0.7610225677490234
5805,2008-01-16 19:00:00+00:00,1.0,2.0109596252441406
5805,2008-06-06 23:00:00+00:00,15.399999618530273,15.641876220703125
5805,2008-05-20 21:00:00+00:00,9.0,14.186643600463867
5805,2008-05-29 20:00:00+00:00,20.600000381469727,16.226993560791016
5805,2008-02-11 10:00:00+00:00,3.3000001907348633,4.051513195037842
5805,2008-06-19 10:00:00+00:00,24.399999618530273,20.61193084716797
5805,2008-03-25 05:00:00+00:00,0.10000038146972656,4.765490531921387
5805,2008-03-05 21:00:00+00:00,-0.6000003814697266,4.4875946044921875
5805,2008-03-03 18:00:00+00:00,13.600000381469727,6.751339435577393
5805,2008-05-24 17:00:00+00:00,20.600000381469727,18.57757568359375
5805,2008-04-26 04:00:00+00:00,8.300000190734863,9.028635025024414
5805,2008-04-06 03:00:00+00:00,-1.3000001907348633,7.455825328826904
5805,2008-05-11 18:00:00+00:00,17.299999237060547,16.698787689208984
5805,2008-05-14 17:00:00+00:00,21.899999618530273,17.24227523803711
5805,2008-04-11 02:00:00+00:00,7.800000190734863,7.397467613220215
5805,2008-03-20 02:00:00+00:00,0.8999996185302734,4.261154651641846
5805,2008-06-13 06:00:00+00:00,14.800000190734863,16.922515869140625
5805,2008-03-04 13:00:00+00:00,5.699999809265137,7.494996070861816
5805,2008-01-20 15:00:00+00:00,12.100000381469727,3.450654983520508
5805,2008-02-14 22:00:00+00:00,0.8999996185302734,2.443389892578125
5805,2008-02-24 01:00:00+00:00,5.599999904632568,2.812985897064209
5805,2008-01-24 23:00:00+00:00,-2.09999942779541,1.1376886367797852
5805,2008-03-19 11:00:00+00:00,5.0,7.801543712615967
5805,2008-01-20 11:00:00+00:00,12.0,3.231041431427002
5805,2008-05-22 15:00:00+00:00,15.399999618530273,19.068130493164062
5805,2008-04-29 09:00:00+00:00,13.800000190734863,12.38534164428711
5805,2008-05-08 07:00:00+00:00,14.199999809265137,13.175100326538086
5805,2008-03-11 22:00:00+00:00,0.19999980926513672,4.819598197937012
5805,2008-03-15 10:00:00+00:00,10.899999618530273,8.33128547668457
5805,2008-05-09 08:00:00+00:00,17.299999237060547,15.025059700012207
5805,2008-01-18 00:00:00+00:00,3.6999998092651367,1.099832534790039
5805,2008-03-09 07:00:00+00:00,2.5,5.622772216796875
5805,2008-01-20 03:00:00+00:00,11.300000190734863,1.3022022247314453
5805,2008-04-27 15:00:00+00:00,18.799999237060547,16.059865951538086
5805,2008-01-30 14:00:00+00:00,6.0,3.488694667816162
5805,2008-01-02 00:00:00+00:00,-1.8000001907348633,0.7457008361816406
5805,2008-01-05 11:00:00+00:00,-5.09999942779541,3.0436158180236816
5805,2008-05-14 07:00:00+00:00,17.299999237060547,13.723958015441895
5805,2008-06-21 17:00:00+00:00,28.299999237060547,21.27216911315918
5805,2008-03-12 03:00:00+00:00,2.1999998092651367,3.7815704345703125
5917,2008-04-26 14:00:00+00:00,16.600000381469727,15.840941429138184
5917,2008-05-13 00:00:00+00:00,11.600000381469727,12.626882553100586
5917,2008-01-21 23:00:00+00:00,10.399999618530273,2.260470390319824
5917,2008-01-13 21:00:00+00:00,3.5,2.2168140411376953
5917,2008-02-10 16:00:00+00:00,4.0,5.192368984222412
5917,2008-04-25 23:00:00+00:00,8.899999618530273,11.277847290039062
5917,2008-05-03 07:00:00+00:00,13.199999809265137,13.985528945922852
5917,2008-05-21 03:00:00+00:00,9.5,12.819068908691406
5917,2008-03-17 06:00:00+00:00,9.199999809265137,5.366878509521484
5917,2008-04-21 01:00:00+00:00,7.5,9.286584854125977
5917,2008-04-28 00:00:00+00:00,7.400000095367432,10.186868667602539
5917,2008-02-10 08:00:00+00:00,0.5,3.6509132385253906
5917,2008-06-22 13:00:00+00:00,31.0,22.546951293945312
5917,2008-06-04 03:00:00+00:00,17.100000381469727,15.382852554321289
5917,2008-02-21 14:00:00+00:00,10.100000381469727,5.974764347076416
5917,2008-05-02 04:00:00+00:00,10.399999618530273,12.279775619506836
5917,2008-01-21 17:00:00+00:00,8.899999618530273,3.098804473876953
5917,2008-03-24 08:00:00+00:00,1.6000003814697266,7.5277557373046875
5917,2008-04-18 03:00:00+00:00,5.699999809265137,9.818056106567383
5917,2008-05-23 09:00:00+00:00,15.399999618530273,17.337900161743164
5917,2008-02-23 20:00:00+00:00,9.699999809265137,4.573841571807861
5917,2008-01-16 22:00:00+00:00,2.6999998092651367,1.4751396179199219
5917,2008-03-11 17:00:00+00:00,10.899999618530273,8.045167922973633
5917,2008-05-07 22:00:00+00:00,10.899999618530273,13.49251937866211
5917,2008-03-23 16:00:00+00:00,5.400000095367432,10.406922340393066
5917,2008-06-03 18:00:00+00:00,18.700000762939453,19.765405654907227
5917,2008-02-18 05:00:00+00:00,3.5,2.9469151496887207
5917,2008-02-05 11:00:00+00:00,7.900000095367432,3.9966135025024414
5917,2008-03-12 06:00:00+00:00,6.599999904632568,4.466040134429932
5917,2008-02-17 14:00:00+00:00,1.0,6.168656826019287
5917,2008-02-27 05:00:00+00:00,11.600000381469727,3.0462541580200195
5917,2008-04-25 12:00:00+00:00,11.5,15.34855842590332
5917,2008-02-02 14:00:00+00:00,5.5,5.2758259773254395
5917,2008-05-25 20:00:00+00:00,17.100000381469727,16.03664779663086
5917,2008-02-19 07:00:00+00:00,5.900000095367432,3.386418342590332
5917,2008-02-18 10:00:00+00:00,6.199999809265137,4.784531116485596
5917,2008-01-16 10:00:00+00:00,7.900000095367432,2.5832080841064453
5917,2008-03-19 07:00:00+00:00,3.3000001907348633,5.927230358123779
5917,2008-05-26 06:00:00+00:00,15.100000381469727,14.805191993713379
5917,2008-06-13 00:00:00+00:00,14.100000381469727,16.47112464904785
5917,2008-06-11 03:00:00+00:00,15.199999809265137,15.751384735107422
5917,2008-05-21 18:00:00+00:00,12.5,17.426414489746094
5917,2008-04-22 21:00:00+00:00,9.600000381469727,11.396631240844727
5917,2008-03-06 12:00:00+00:00,4.900000095367432,9.316496849060059
5917,2008-03-30 17:00:00+00:00,14.399999618530273,10.534289360046387
5917,2008-03-27 17:00:00+00:00,9.300000190734863,10.505454063415527
5917,2008-03-24 11:00:00+00:00,4.0,10.1777925491333
5917,2008-02-05 17:00:00+00:00,6.800000190734863,3.4466028213500977
5917,2008-01-22 14:00:00+00:00,5.400000095367432,3.118405818939209
5917,2008-02-28 17:00:00+00:00,10.300000190734863,5.204931259155273
5917,2008-04-13 10:00:00+00:00,14.5,12.77905559539795
5917,2008-05-27 03:00:00+00:00,14.300000190734863,13.019380569458008
5917,2008-04-12 11:00:00+00:00,12.199999809265137,13.576814651489258
5917,2008-01-11 10:00:00+00:00,-0.3000001907348633,2.8649487495422363
5917,2008-05-01 16:00:00+00:00,14.300000190734863,17.171180725097656
5917,2008-02-24 08:00:00+00:00,8.399999618530273,4.4053449630737305
5917,2008-05-13 04:00:00+00:00,8.899999618530273,12.457494735717773
5917,2008-03-14 00:00:00+00:00,6.300000190734863,4.763625144958496
5917,2008-01-21 11:00:00+00:00,10.899999618530273,3.409268856048584
5917,2008-04-03 03:00:00+00:00,6.099999904632568,7.973605155944824
5917,2008-06-20 09:00:00+00:00,24.100000381469727,20.165481567382812
5917,2008-05-20 14:00:00+00:00,9.300000190734863,18.76990509033203
5917,2008-02-27 19:00:00+00:00,8.399999618530273,3.9067587852478027
5917,2008-01-30 17:00:00+00:00,4.900000095367432,2.6500658988952637
5917,2008-03-30 03:00:00+00:00,1.8999996185302734,5.414283275604248
5917,2008-05-21 10:00:00+00:00,10.800000190734863,17.375179290771484
5917,2008-03-18 08:00:00+00:00,2.5,6.8437910079956055
5917,2008-05-13 11:00:00+00:00,23.299999237060547,17.51345443725586
5917,2008-03-15 12:00:00+00:00,12.199999809265137,10.557680130004883
5917,2008-04-26 17:00:00+00:00,14.800000190734863,14.72872257232666
5917,2008-06-28 05:00:00+00:00,18.700000762939453,17.42153549194336
5917,2008-02-03 09:00:00+00:00,3.6999998092651367,3.870169162750244
5917,2008-01-05 22:00:00+00:00,-4.100000381469727,1.712824821472168
5917,2008-04-29 12:00:00+00:00,17.799999237060547,15.030696868896484
5917,2008-06-22 07:00:00+00:00,22.799999237060547,18.777925491333008
5917,2008-06-11 18:00:00+00:00,18.399999618530273,20.202238082885742
5917,2008-02-05 12:00:00+00:00,8.600000381469727,4.131479740142822
5917,2008-04-18 21:00:00+00:00,12.199999809265137,11.797772407531738
5917,2008-04-01 22:00:00+00:00,12.0,9.425032615661621
5917,2008-01-29 21:00:00+00:00,2.9000000953674316,2.3888044357299805
5917,2008-05-10 03:00:00+00:00,8.399999618530273,12.261411666870117
5917,2008-06-26 06:00:00+00:00,22.799999237060547,17.728713989257812
5917,2008-05-12 11:00:00+00:00,21.0,17.806228637695312
5917,2008-05-21 04:00:00+00:00,9.5,13.084644317626953
5917,2008-02-15 14:00:00+00:00,1.8999996185302734,6.0787763595581055
5917,2008-01-10 13:00:00+00:00,0.3000001907348633,3.1894097328186035
5917,2008-01-22 09:00:00+00:00,10.300000190734863,2.8598690032958984
5917,2008-04-30 05:00:00+00:00,10.0,10.872432708740234
5917,2008-01-14 02:00:00+00:00,1.0999994277954102,1.8010053634643555
5917,2008-06-14 01:00:00+00:00,9.899999618530273,15.819107055664062
5917,2008-03-20 06:00:00+00:00,1.5,5.313652992248535
5917,2008-03-11 09:00:00+00:00,8.699999809265137,7.092259407043457
5917,2008-03-01 17:00:00+00:00,8.100000381469727,8.506128311157227
5917,2008-01-30 08:00:00+00:00,2.8000001907348633,2.71705961227417
5917,2008-05-11 00:00:00+00:00,9.199999809265137,12.19831657409668
5917,2008-02-01 22:00:00+00:00,1.1999998092651367,2.2854442596435547
5917,2008-02-15 03:00:00+00:00,1.3000001907348633,2.2276687622070312
5917,2008-02-18 17:00:00+00:00,7.599999904632568,4.772637367248535
5917,2008-06-05 22:00:00+00:00,16.399999618530273,17.1578426361084
5917,2008-01-06 04:00:00+00:00,-2.8999996185302734,1.486593246459961
5917,2008-02-24 22:00:00+00:00,7.5,4.063153266906738
5917,2008-06-10 07:00:00+00:00,21.299999237060547,17.831127166748047
5917,2008-02-21 00:00:00+00:00,0.39999961853027344,2.5365371704101562
5917,2008-01-05 16:00:00+00:00,-4.300000190734863,3.3430848121643066
5917,2008-01-02 03:00:00+00:00,-1.0,1.039520263671875
5917,2008-01-16 04:00:00+00:00,5.599999904632568,1.3791627883911133
5917,2008-03-16 06:00:00+00:00,5.0,5.282069683074951
5917,2008-03-07 03:00:00+00:00,-2.1000003814697266,3.863189697265625
5917,2008-02-26 06:00:00+00:00,2.3999996185302734,3.4464292526245117
5917,2008-04-23 23:00:00+00:00,8.199999809265137,10.713337898254395
5917,2008-04-18 15:00:00+00:00,17.299999237060547,14.918891906738281
5917,2008-04-20 01:00:00+00:00,10.699999809265137,9.345748901367188
5917,2008-04-15 07:00:00+00:00,8.600000381469727,10.793760299682617
5917,2008-01-24 08:00:00+00:00,0.8000001907348633,2.1531124114990234
5917,2008-03-02 12:00:00+00:00,11.800000190734863,8.868081092834473
5917,2008-01-13 01:00:00+00:00,4.599999904632568,1.7359447479248047
5917,2008-02-29 12:00:00+00:00,8.0,7.538400650024414
5917,2008-04-24 20:00:00+00:00,11.300000190734863,12.472513198852539
5917,2008-04-16 08:00:00+00:00,7.5,11.581117630004883
5917,2008-04-04 08:00:00+00:00,7.699999809265137,11.061820983886719
5917,2008-05-29 02:00:00+00:00,18.0,13.502473831176758
5917,2008-01-24 22:00:00+00:00,0.6999998092651367,1.6517534255981445
5917,2008-04-30 23:00:00+00:00,10.699999809265137,11.127273559570312
5917,2008-02-01 20:00:00+00:00,1.0,2.912989616394043
5917,2008-06-14 18:00:00+00:00,16.899999618530273,20.10120391845703
5917,2008-03-10 09:00:00+00:00,6.599999904632568,6.972644805908203
5917,2008-06-16 07:00:00+00:00,16.600000381469727,18.21686553955078
5917,2008-03-09 05:00:00+00:00,3.4000000953674316,4.496174335479736
5917,2008-05-19 21:00:00+00:00,11.100000381469727,14.572977066040039
5917,2008-05-14 10:00:00+00:00,21.299999237060547,16.853347778320312
5917,2008-02-11 22:00:00+00:00,-1.8000001907348633,3.417782783508301
5917,2008-01-18 20:00:00+00:00,7.699999809265137,1.9681148529052734
5917,2008-06-10 19:00:00+00:00,21.299999237060547,19.390914916992188
5917,2008-04-26 02:00:00+00:00,9.0,10.063811302185059
5917,2008-01-03 07:00:00+00:00,-1.3999996185302734,1.4012937545776367
5917,2008-03-05 09:00:00+00:00,3.0999999046325684,6.463449478149414
5917,2008-03-12 19:00:00+00:00,10.800000190734863,6.788026809692383
5917,2008-04-06 03:00:00+00:00,1.3999996185302734,7.687142372131348
5917,2008-01-14 22:00:00+00:00,3.1999998092651367,2.2039194107055664
5917,2008-06-12 12:00:00+00:00,19.100000381469727,21.471973419189453
5917,2008-01-29 19:00:00+00:00,5.300000190734863,2.5540781021118164
5917,2008-04-01 16:00:00+00:00,15.199999809265137,12.405630111694336
5917,2008-02-12 08:00:00+00:00,-4.100000381469727,3.40346622467041
5917,2008-03-16 12:00:00+00:00,12.800000190734863,10.138567924499512
5917,2008-06-26 17:00:00+00:00,22.399999618530273,21.3179988861084
5917,2008-01-07 21:00:00+00:00,6.0,2.1462364196777344
5917,2008-06-07 21:00:00+00:00,15.5,17.640893936157227
5917,2008-01-10 00:00:00+00:00,-0.39999961853027344,0.9969120025634766
5917,2008-04-12 12:00:00+00:00,12.100000381469727,14.10959529876709
5917,2008-05-24 05:00:00+00:00,13.399999618530273,14.098947525024414
5917,2008-03-21 15:00:00+00:00,8.5,11.105027198791504
5917,2008-01-29 07:00:00+00:00,3.9000000953674316,2.563887596130371
5917,2008-05-03 06:00:00+00:00,11.5,13.02199935913086
5917,2008-02-19 18:00:00+00:00,7.400000095367432,4.03411340713501
5917,2008-02-04 03:00:00+00:00,3.1999998092651367,2.397427558898926
5917,2008-04-20 07:00:00+00:00,12.399999618530273,11.156968116760254
5917,2008-01-09 21:00:00+00:00,0.0,1.3974342346191406
5917,2008-04-21 23:00:00+00:00,11.100000381469727,10.121609687805176
5917,2008-02-02 07:00:00+00:00,4.599999904632568,2.9438743591308594
5917,2008-02-13 12:00:00+00:00,-1.1999998092651367,4.763306617736816
5917,2008-05-11 07:00:00+00:00,15.300000190734863,14.62414836883545
5917,2008-03-08 01:00:00+00:00,5.300000190734863,4.4994916915893555
5917,2008-03-20 05:00:00+00:00,0.6000003814697266,4.741465091705322
5917,2008-04-21 13:00:00+00:00,21.100000381469727,14.922151565551758
5917,2008-05-01 18:00:00+00:00,12.199999809265137,16.144893646240234
5917,2008-03-20 19:00:00+00:00,0.39999961853027344,8.779722213745117
5917,2008-04-27 02:00:00+00:00,8.5,9.664559364318848
5917,2008-06-06 04:00:00+00:00,15.600000381469727,15.945789337158203
5917,2008-03-16 05:00:00+00:00,4.900000095367432,4.893244743347168
5917,2008-05-01 05:00:00+00:00,11.899999618530273,12.357874870300293
5917,2008-01-17 22:00:00+00:00,3.4000000953674316,1.4354419708251953
5917,2008-06-21 09:00:00+00:00,25.399999618530273,20.481910705566406
5917,2008-05-08 04:00:00+00:00,8.800000190734863,12.482315063476562
5917,2008-04-07 17:00:00+00:00,5.800000190734863,12.309904098510742
5917,2008-04-18 23:00:00+00:00,11.100000381469727,10.856898307800293
5917,2008-06-11 06:00:00+00:00,20.799999237060547,17.039798736572266
5917,2008-06-13 17:00:00+00:00,13.699999809265137,20.69403839111328
5917,2008-01-09 19:00:00+00:00,0.39999961853027344,1.5800323486328125
5917,2008-02-25 16:00:00+00:00,16.600000381469727,5.584714412689209
5917,2008-06-27 11:00:00+00:00,25.5,21.837677001953125
5917,2008-03-23 17:00:00+00:00,4.900000095367432,9.963983535766602
5917,2008-06-01 02:00:00+00:00,18.100000381469727,14.471216201782227
5917,2008-03-29 16:00:00+00:00,13.5,11.466324806213379
5917,2008-04-01 19:00:00+00:00,12.699999809265137,11.060818672180176
5917,2008-06-12 01:00:00+00:00,16.5,16.116500854492188
5917,2008-02-21 09:00:00+00:00,5.300000190734863,4.57745885848999
5917,2008-01-01 03:00:00+00:00,0.5,1.4566516876220703
5917,2008-01-10 10:00:00+00:00,0.3000001907348633,2.5428409576416016
5917,2008-01-18 16:00:00+00:00,8.399999618530273,3.222383499145508
5917,2008-05-19 04:00:00+00:00,13.399999618530273,12.753911972045898
5917,2008-05-28 15:00:00+00:00,28.600000381469727,19.084980010986328
5917,2008-01-16 14:00:00+00:00,9.300000190734863,2.7326741218566895
5917,2008-06-16 10:00:00+00:00,19.399999618530273,20.860107421875
5917,2008-05-02 08:00:00+00:00,15.300000190734863,14.704292297363281
5917,2008-06-10 18:00:00+00:00,23.299999237060547,20.151885986328125
5917,2008-05-15 14:00:00+00:00,25.0,18.461820602416992
5917,2008-04-09 12:00:00+00:00,16.0,13.049345016479492
5917,2008-05-26 00:00:00+00:00,13.100000381469727,13.094189643859863
5917,2008-02-14 16:00:00+00:00,2.1000003814697266,4.470905303955078
5917,2008-02-05 13:00:00+00:00,8.800000190734863,4.197190761566162
5917,2008-03-31 22:00:00+00:00,9.5,7.047204971313477
5917,2008-05-09 13:00:00+00:00,20.100000381469727,18.112159729003906
5917,2008-06-09 22:00:00+00:00,17.799999237060547,17.00327491760254
5917,2008-06-19 08:00:00+00:00,22.0,19.050933837890625
5917,2008-06-25 14:00:00+00:00,29.399999618530273,22.379831314086914
5917,2008-01-09 16:00:00+00:00,0.6000003814697266,2.2114381790161133
5917,2008-02-20 04:00:00+00:00,0.0,2.620868682861328
5917,2008-05-18 05:00:00+00:00,15.600000381469727,13.308626174926758
5917,2008-03-13 05:00:00+00:00,6.199999809265137,4.209055423736572
5917,2008-04-07 07:00:00+00:00,5.699999809265137,10.138699531555176
5917,2008-05-12 10:00:00+00:00,20.399999618530273,17.212080001831055
5917,2008-01-06 09:00:00+00:00,-0.6999998092651367,2.566122055053711
5917,2008-01-10 20:00:00+00:00,-1.0,1.6191339492797852
5917,2008-06-08 23:00:00+00:00,15.699999809265137,16.23031997680664
5917,2008-03-21 01:00:00+00:00,2.0,4.951729774475098
5917,2008-01-16 21:00:00+00:00,2.5999999046325684,1.573287010192871
5917,2008-04-20 16:00:00+00:00,17.899999618530273,14.135004043579102
5917,2008-04-16 04:00:00+00:00,6.300000190734863,9.408651351928711
5917,2008-06-14 20:00:00+00:00,15.399999618530273,18.58503532409668
5917,2008-05-10 02:00:00+00:00,9.100000381469727,12.251921653747559
5917,2008-03-25 01:00:00+00:00,0.0,5.166925430297852
5917,2008-01-17 05:00:00+00:00,2.3000001907348633,1.441401481628418
5917,2008-04-18 11:00:00+00:00,11.800000190734863,14.064976692199707
5917,2008-06-23 07:00:00+00:00,26.5,18.49919891357422
5917,2008-06-25 19:00:00+00:00,26.0,19.973094940185547
5917,2008-04-13 22:00:00+00:00,8.199999809265137,10.239884376525879
5917,2008-01-13 22:00:00+00:00,3.0999999046325684,2.080183982849121
5917,2008-05-28 10:00:00+00:00,24.899999618530273,17.8792724609375
5917,2008-03-23 19:00:00+00:00,4.0,8.663748741149902
5917,2008-05-12 18:00:00+00:00,19.299999237060547,16.696372985839844
5917,2008-01-17 11:00:00+00:00,4.699999809265137,3.2114243507385254
5917,2008-01-23 22:00:00+00:00,-0.5,1.6780204772949219
5917,2008-05-17 18:00:00+00:00,21.700000762939453,17.18416976928711
5917,2008-05-11 16:00:00+00:00,20.200000762939453,17.94730567932129
5917,2008-05-23 23:00:00+00:00,11.800000190734863,14.48522663116455
5917,2008-03-16 18:00:00+00:00,10.600000381469727,8.769103050231934
5917,2008-05-31 15:00:00+00:00,28.399999618530273,19.611125946044922
5917,2008-03-17 20:00:00+00:00,6.099999904632568,6.986325263977051
5917,2008-03-30 21:00:00+00:00,10.199999809265137,7.9134321212768555
5917,2008-01-15 22:00:00+00:00,3.6999998092651367,1.8731756210327148
5917,2008-04-06 13:00:00+00:00,14.0,13.501615524291992
5917,2008-06-12 06:00:00+00:00,15.699999809265137,17.130516052246094
5917,2008-02-03 16:00:00+00:00,4.5,4.805044651031494
5917,2008-03-15 03:00:00+00:00,7.599999904632568,4.505274772644043
5917,2008-02-07 20:00:00+00:00,5.400000095367432,2.6982226371765137
5917,2008-05-27 02:00:00+00:00,15.5,12.940266609191895
5917,2008-03-23 05:00:00+00:00,-1.3999996185302734,5.322990894317627
5917,2008-02-20 07:00:00+00:00,-0.10000038146972656,3.3165946006774902
5917,2008-01-25 22:00:00+00:00,2.8000001907348633,1.7951011657714844
5917,2008-04-28 05:00:00+00:00,8.199999809265137,10.237818717956543
5917,2008-01-24 14:00:00+00:00,7.0,3.571117401123047
5917,2008-01-12 04:00:00+00:00,-0.10000038146972656,1.5505247116088867
5917,2008-05-24 00:00:00+00:00,11.5,13.61466121673584
5917,2008-03-05 20:00:00+00:00,0.8999996185302734,5.347133636474609
5917,2008-03-07 20:00:00+00:00,5.0,6.672359943389893
5917,2008-04-02 03:00:00+00:00,11.600000381469727,7.319411277770996
5917,2008-02-21 19:00:00+00:00,7.400000095367432,3.731102466583252
5917,2008-05-06 13:00:00+00:00,16.299999237060547,17.728525161743164
5917,2008-04-26 16:00:00+00:00,15.800000190734863,15.288347244262695
5917,2008-05-27 20:00:00+00:00,23.200000762939453,16.252838134765625
5917,2008-06-23 06:00:00+00:00,23.799999237060547,17.69548797607422
5917,2008-04-14 22:00:00+00:00,9.699999809265137,10.12771224975586
5917,2008-01-05 19:00:00+00:00,-4.199999809265137,2.4126291275024414
5917,2008-04-30 03:00:00+00:00,9.800000190734863,10.283400535583496
5917,2008-01-09 15:00:00+00:00,0.8000001907348633,2.3957347869873047
5917,2008-02-20 03:00:00+00:00,-0.5,2.5344810485839844
5917,2008-04-05 16:00:00+00:00,11.899999618530273,13.309267044067383
5917,2008-05-21 23:00:00+00:00,11.800000190734863,13.9210786819458
5917,2008-01-02 08:00:00+00:00,-1.6000003814697266,1.8365240097045898
5917,2008-05-18 16:00:00+00:00,15.5,18.434768676757812
5917,2008-04-22 13:00:00+00:00,17.899999618530273,14.587301254272461
5917,2008-04-05 05:00:00+00:00,5.900000095367432,8.277642250061035
5917,2008-04-30 14:00:00+00:00,17.700000762939453,15.450374603271484
5917,2008-06-20 02:00:00+00:00,17.399999618530273,16.20270538330078
5917,2008-03-02 17:00:00+00:00,12.5,8.020035743713379
5917,2008-05-04 08:00:00+00:00,14.300000190734863,15.053850173950195
5917,2008-05-15 22:00:00+00:00,16.0,14.30476188659668
5917,2008-03-28 17:00:00+00:00,10.600000381469727,11.034076690673828
5917,2008-02-01 08:00:00+00:00,0.5,2.9082818031311035
5917,2008-06-05 16:00:00+00:00,18.700000762939453,20.902029037475586
5917,2008-05-10 14:00:00+00:00,20.100000381469727,18.470077514648438
5917,2008-04-18 08:00:00+00:00,8.100000381469727,12.03576946258545
5917,2008-01-27 13:00:00+00:00,6.099999904632568,4.497849941253662
5917,2008-02-14 17:00:00+00:00,2.1000003814697266,3.979207992553711
5917,2008-04-14 20:00:00+00:00,11.600000381469727,11.198269844055176
5917,2008-01-07 13:00:00+00:00,3.0999999046325684,3.191197395324707
5917,2008-05-24 16:00:00+00:00,21.5,18.737258911132812
5917,2008-01-18 21:00:00+00:00,7.300000190734863,1.7508821487426758
5917,2008-03-18 09:00:00+00:00,2.5,7.990399360656738
5917,2008-03-21 02:00:00+00:00,2.0,4.693583965301514
5917,2008-06-27 10:00:00+00:00,24.799999237060547,21.21658706665039
5917,2008-06-15 22:00:00+00:00,12.699999809265137,17.23992919921875
5917,2008-01-06 03:00:00+00:00,-3.1999998092651367,1.4874582290649414
5917,2008-06-24 16:00:00+00:00,20.700000762939453,21.763412475585938
5917,2008-05-16 22:00:00+00:00,16.200000762939453,14.601187705993652
5917,2008-03-05 05:00:00+00:00,3.3000001907348633,3.7542314529418945
5917,2008-02-27 14:00:00+00:00,11.699999809265137,6.148981094360352
5917,2008-04-08 09:00:00+00:00,9.5,11.58462905883789
5917,2008-04-29 09:00:00+00:00,14.600000381469727,13.173961639404297
5917,2008-05-14 06:00:00+00:00,14.899999618530273,13.637738227844238
5917,2008-05-07 07:00:00+00:00,13.5,13.840795516967773
5917,2008-01-29 06:00:00+00:00,4.199999809265137,2.346693992614746
5917,2008-02-24 14:00:00+00:00,17.899999618530273,6.775465488433838
5917,2008-04-13 06:00:00+00:00,9.300000190734863,9.824150085449219
5917,2008-02-24 05:00:00+00:00,5.400000095367432,3.1753973960876465
5917,2008-04-03 12:00:00+00:00,9.100000381469727,12.76301097869873
5917,2008-01-26 18:00:00+00:00,10.0,3.3646955490112305
5917,2008-04-08 04:00:00+00:00,4.0,7.876492500305176
5917,2008-04-22 10:00:00+00:00,16.5,13.279099464416504
5917,2008-04-05 21:00:00+00:00,6.699999809265137,10.769770622253418
5917,2008-02-11 11:00:00+00:00,4.5,4.746717929840088
5917,2008-04-19 19:00:00+00:00,13.0,12.779694557189941
5917,2008-05-14 03:00:00+00:00,10.300000190734863,12.450255393981934
5917,2008-05-31 00:00:00+00:00,18.899999618530273,14.043612480163574
5917,2008-06-19 18:00:00+00:00,25.0,20.48577308654785
5917,2008-04-12 23:00:00+00:00,9.0,10.158658981323242
5917,2008-04-19 08:00:00+00:00,13.800000190734863,11.935354232788086
5917,2008-01-09 00:00:00+00:00,-0.39999961853027344,1.1478233337402344
5917,2008-02-11 00:00:00+00:00,-0.6999998092651367,2.9662699699401855
5917,2008-02-20 02:00:00+00:00,0.39999961853027344,2.5220470428466797
5917,2008-01-24 04:00:00+00:00,-0.5,1.4713001251220703
5917,2008-06-05 18:00:00+00:00,18.299999237060547,19.90471649169922
5917,2008-03-25 04:00:00+00:00,-0.10000038146972656,5.051843166351318
5917,2008-04-18 17:00:00+00:00,16.399999618530273,14.060068130493164
5917,2008-05-05 05:00:00+00:00,9.0,12.309636116027832
5917,2008-02-21 17:00:00+00:00,7.800000190734863,4.551550388336182
5917,2008-06-03 10:00:00+00:00,23.899999618530273,19.934926986694336
5917,2008-04-25 22:00:00+00:00,8.899999618530273,11.714807510375977
5917,2008-05-25 07:00:00+00:00,13.800000190734863,15.884700775146484
5917,2008-05-12 05:00:00+00:00,9.100000381469727,12.790392875671387
5917,2008-05-01 14:00:00+00:00,15.5,17.44658660888672
5917,2008-03-15 11:00:00+00:00,11.199999809265137,10.094095230102539
5917,2008-05-03 10:00:00+00:00,16.0,16.828651428222656
5917,2008-06-02 00:00:00+00:00,17.5,15.339117050170898
5917,2008-03-11 04:00:00+00:00,3.0,4.346262454986572
5917,2008-03-16 15:00:00+00:00,11.100000381469727,10.139633178710938
5917,2008-03-29 23:00:00+00:00,5.0,6.852049827575684
5917,2008-05-16 06:00:00+00:00,17.299999237060547,14.206088066101074
5917,2008-04-09 15:00:00+00:00,19.399999618530273,13.368792533874512
5917,2008-04-06 00:00:00+00:00,2.1999998092651367,8.339396476745605
5917,2008-05-02 20:00:00+00:00,14.199999809265137,14.987632751464844
5917,2008-01-27 06:00:00+00:00,8.300000190734863,2.1406145095825195
5917,2008-06-19 14:00:00+00:00,27.100000381469727,22.083232879638672
5917,2008-01-10 19:00:00+00:00,-0.8999996185302734,1.7556085586547852
5917,2008-05-30 03:00:00+00:00,15.0,13.939356803894043
5917,2008-01-27 05:00:00+00:00,8.0,2.0093812942504883
5917,2008-01-28 03:00:00+00:00,5.400000095367432,2.034499168395996
5917,2008-05-01 02:00:00+00:00,13.0,11.900495529174805
5917,2008-05-18 22:00:00+00:00,14.399999618530273,13.603014945983887
5917,2008-04-25 14:00:00+00:00,9.800000190734863,15.671854972839355
5917,2008-06-12 16:00:00+00:00,20.799999237060547,21.24417495727539
5917,2008-04-06 07:00:00+00:00,6.699999809265137,10.049666404724121
5917,2008-02-21 04:00:00+00:00,0.0,2.4446592330932617
5917,2008-02-27 17:00:00+00:00,9.5,4.670924186706543
5917,2008-01-09 10:00:00+00:00,0.0,2.340212821960449
5917,2008-05-15 09:00:00+00:00,20.5,16.38925552368164
5917,2008-02-04 18:00:00+00:00,7.0,3.801504611968994
5917,2008-05-17 12:00:00+00:00,23.100000381469727,18.883543014526367
5917,2008-04-11 23:00:00+00:00,14.100000381469727,10.352618217468262
5917,2008-06-08 22:00:00+00:00,15.800000190734863,16.9055118560791
5917,2008-06-13 04:00:00+00:00,12.600000381469727,16.29207992553711
5917,2008-01-01 17:00:00+00:00,1.0,2.240628242492676
5917,2008-03-24 17:00:00+00:00,2.9000000953674316,9.755878448486328
5917,2008-04-24 22:00:00+00:00,9.399999618530273,11.53519344329834
5917,2008-05-04 02:00:00+00:00,8.600000381469727,11.472626686096191
5917,2008-04-24 23:00:00+00:00,7.800000190734863,11.115418434143066
5917,2008-01-24 02:00:00+00:00,-1.6000003814697266,1.3000154495239258
5917,2008-06-09 03:00:00+00:00,15.300000190734863,15.345146179199219
5917,2008-04-10 20:00:00+00:00,14.699999809265137,11.647717475891113
5917,2008-02-28 05:00:00+00:00,7.199999809265137,2.915226459503174
5917,2008-01-11 14:00:00+00:00,0.19999980926513672,3.5497965812683105
5917,2008-03-27 04:00:00+00:00,1.5,5.013939380645752
5917,2008-06-10 10:00:00+00:00,24.5,20.353107452392578
5917,2008-04-22 03:00:00+00:00,9.899999618530273,9.267485618591309
5917,2008-01-11 06:00:00+00:00,-0.8000001907348633,1.5212020874023438
5917,2008-01-15 01:00:00+00:00,3.0999999046325684,1.6623125076293945
5917,2008-06-27 00:00:00+00:00,18.5,16.902481079101562
5917,2008-04-19 01:00:00+00:00,11.100000381469727,9.805543899536133
5917,2008-05-16 02:00:00+00:00,14.800000190734863,13.03587532043457
5917,2008-04-01 17:00:00+00:00,14.100000381469727,11.989108085632324
5917,2008-04-12 03:00:00+00:00,9.899999618530273,8.507950782775879
5917,2008-04-02 13:00:00+00:00,10.899999618530273,12.743576049804688
5917,2008-05-06 07:00:00+00:00,13.199999809265137,13.894693374633789
5917,2008-02-11 17:00:00+00:00,2.3999996185302734,4.362579345703125
5917,2008-04-09 11:00:00+00:00,14.600000381469727,12.657047271728516
5917,2008-04-08 19:00:00+00:00,7.400000095367432,11.504149436950684
5917,2008-02-06 07:00:00+00:00,1.7999992370605469,2.710449695587158
5917,2008-01-09 06:00:00+00:00,-0.5,1.6028289794921875
5917,2008-01-05 03:00:00+00:00,-6.80000114440918,1.3600521087646484
5917,2008-03-18 03:00:00+00:00,4.199999809265137,4.617209434509277
5917,2008-04-12 17:00:00+00:00,11.800000190734863,13.426609992980957
5917,2008-03-14 09:00:00+00:00,7.0,8.355325698852539
5917,2008-06-25 17:00:00+00:00,28.899999618530273,21.293869018554688
5917,2008-05-18 18:00:00+00:00,14.300000190734863,17.167573928833008
5917,2008-05-24 13:00:00+00:00,20.700000762939453,19.52642059326172
5917,2008-05-13 05:00:00+00:00,11.199999809265137,12.925579071044922
5917,2008-01-09 12:00:00+00:00,0.6999998092651367,2.5493040084838867
5917,2008-03-13 20:00:00+00:00,6.5,6.929008483886719
5917,2008-02-28 00:00:00+00:00,8.300000190734863,2.888288974761963
5917,2008-05-03 14:00:00+00:00,17.700000762939453,17.945175170898438
5917,2008-03-31 15:00:00+00:00,16.899999618530273,11.007307052612305
5917,2008-04-30 17:00:00+00:00,17.700000762939453,14.56886100769043
5917,2008-05-22 04:00:00+00:00,10.0,13.3277587890625
5917,2008-01-30 00:00:00+00:00,2.6999998092651367,1.646571159362793
5917,2008-02-02 21:00:00+00:00,4.300000190734863,3.102569580078125
5917,2008-02-28 09:00:00+00:00,10.0,5.062173366546631
5917,2008-02-20 22:00:00+00:00,0.0,2.9579992294311523
5917,2008-05-24 17:00:00+00:00,21.100000381469727,18.18970489501953
5917,2008-01-13 07:00:00+00:00,4.699999809265137,1.9920101165771484
5917,2008-06-07 20:00:00+00:00,15.699999809265137,18.30489730834961
5917,2008-04-29 07:00:00+00:00,12.699999809265137,11.73012924194336
5917,2008-01-07 01:00:00+00:00,2.9000000953674316,1.7402639389038086
5917,2008-04-24 00:00:00+00:00,7.800000190734863,10.748762130737305
5917,2008-06-28 19:00:00+00:00,22.700000762939453,19.839385986328125
5917,2008-02-07 11:00:00+00:00,6.099999904632568,4.485583305358887
5917,2008-01-11 01:00:00+00:00,-1.3999996185302734,1.1411943435668945
5917,2008-03-12 23:00:00+00:00,8.199999809265137,4.655337810516357
5917,2008-04-03 00:00:00+00:00,6.199999809265137,9.008248329162598
5917,2008-03-02 22:00:00+00:00,12.5,5.2855706214904785
5917,2008-02-12 23:00:00+00:00,-3.0,2.866107940673828
5917,2008-01-31 06:00:00+00:00,3.5999999046325684,2.0070810317993164
5917,2008-03-02 16:00:00+00:00,12.600000381469727,8.513551712036133
5917,2008-03-23 21:00:00+00:00,4.400000095367432,7.316088676452637
5917,2008-03-17 19:00:00+00:00,6.40000057220459,7.5318403244018555
5917,2008-06-16 21:00:00+00:00,16.200000762939453,18.106611251831055
5917,2008-06-03 11:00:00+00:00,25.399999618530273,20.588844299316406
5917,2008-05-21 00:00:00+00:00,9.600000381469727,13.359869956970215
5917,2008-02-17 16:00:00+00:00,-0.8999996185302734,5.631406784057617
5917,2008-01-30 16:00:00+00:00,5.0,2.9390602111816406
5917,2008-04-10 01:00:00+00:00,11.600000381469727,9.32390308380127
5917,2008-04-28 16:00:00+00:00,19.0,14.745241165161133
5917,2008-01-29 05:00:00+00:00,3.9000000953674316,2.1913061141967773
5917,2008-06-28 01:00:00+00:00,17.700000762939453,16.3322696685791
5917,2008-05-06 03:00:00+00:00,10.5,11.810029029846191
5917,2008-06-24 08:00:00+00:00,25.399999618530273,19.30860137939453
5917,2008-01-15 20:00:00+00:00,4.0,2.0608720779418945
5917,2008-01-28 14:00:00+00:00,6.800000190734863,3.8853745460510254
5917,2008-01-25 23:00:00+00:00,2.5999999046325684,1.650156021118164
5917,2008-06-26 11:00:00+00:00,25.899999618530273,21.703128814697266
5917,2008-06-10 12:00:00+00:00,25.899999618530273,21.45168113708496
5917,2008-04-01 09:00:00+00:00,14.300000190734863,11.147506713867188
5917,2008-03-21 18:00:00+00:00,5.800000190734863,10.043241500854492
5917,2008-05-15 01:00:00+00:00,12.600000381469727,12.874340057373047
5917,2008-06-23 03:00:00+00:00,20.5,16.073816299438477
5917,2008-02-15 10:00:00+00:00,1.1999998092651367,4.985213279724121
5917,2008-02-20 10:00:00+00:00,5.0,4.629098415374756
5917,2008-01-21 22:00:00+00:00,8.699999809265137,2.4024600982666016
5917,2008-02-10 09:00:00+00:00,1.6999998092651367,4.238027572631836
5917,2008-05-10 20:00:00+00:00,15.0,15.38248348236084
5917,2008-02-27 09:00:00+00:00,13.399999618530273,4.699146747589111
5917,2008-06-28 22:00:00+00:00,20.100000381469727,17.689353942871094
5917,2008-05-29 20:00:00+00:00,19.100000381469727,16.64423179626465
5917,2008-02-08 20:00:00+00:00,2.1000003814697266,3.2769007682800293
5917,2008-05-05 20:00:00+00:00,11.800000190734863,14.282247543334961
5917,2008-03-31 01:00:00+00:00,8.100000381469727,5.737087726593018
5917,2008-01-25 10:00:00+00:00,5.300000190734863,3.4078378677368164
5917,2008-04-07 21:00:00+00:00,4.800000190734863,10.176847457885742
5917,2008-02-14 06:00:00+00:00,-0.5,2.5762929916381836
5917,2008-06-15 18:00:00+00:00,16.5,20.317577362060547
5917,2008-04-16 21:00:00+00:00,5.300000190734863,11.184199333190918
5917,2008-05-15 18:00:00+00:00,20.600000381469727,17.151840209960938
5917,2008-01-20 07:00:00+00:00,11.800000190734863,2.1944408416748047
5917,2008-04-01 05:00:00+00:00,8.899999618530273,7.7309489250183105
5917,2008-01-31 18:00:00+00:00,2.5999999046325684,2.5860395431518555
5917,2008-04-02 06:00:00+00:00,10.199999809265137,9.174166679382324
5917,2008-03-16 11:00:00+00:00,12.899999618530273,9.794623374938965
5917,2008-02-05 16:00:00+00:00,7.5,3.666740894317627
5917,2008-02-18 14:00:00+00:00,7.5,5.571669101715088
5917,2008-04-26 11:00:00+00:00,13.899999618530273,15.14904499053955
5917,2008-06-29 00:00:00+00:00,17.600000381469727,16.49176788330078
5917,2008-06-15 03:00:00+00:00,12.899999618530273,15.551435470581055
5917,2008-02-21 16:00:00+00:00,8.800000190734863,5.048868656158447
5917,2008-05-17 04:00:00+00:00,12.699999809265137,12.900548934936523
5917,2008-04-24 21:00:00+00:00,9.899999618530273,11.997843742370605
5917,2008-05-31 18:00:00+00:00,24.39999771118164,17.95587158203125
5917,2008-04-27 13:00:00+00:00,18.600000381469727,15.876289367675781
5917,2008-06-12 11:00:00+00:00,20.100000381469727,21.03167724609375
5917,2008-06-09 18:00:00+00:00,23.100000381469727,20.141624450683594
5917,2008-05-30 22:00:00+00:00,19.5,15.508026123046875
5917,2008-05-04 01:00:00+00:00,9.0,11.579415321350098
5917,2008-03-05 10:00:00+00:00,2.5999999046325684,7.250999450683594
5917,2008-06-06 19:00:00+00:00,18.0,19.12316131591797
5917,2008-05-10 01:00:00+00:00,9.800000190734863,12.412145614624023
5917,2008-05-18 15:00:00+00:00,16.200000762939453,18.874073028564453
5917,2008-03-02 06:00:00+00:00,8.199999809265137,4.476540565490723
5917,2008-03-01 10:00:00+00:00,15.5,7.7086076736450195
5917,2008-05-26 13:00:00+00:00,23.0,19.39412498474121
5917,2008-05-05 16:00:00+00:00,10.800000190734863,17.42252540588379
5917,2008-03-15 21:00:00+00:00,8.600000381469727,6.893832206726074
5917,2008-04-14 01:00:00+00:00,5.0,8.578977584838867
5917,2008-04-28 17:00:00+00:00,17.5,14.008637428283691
5917,2008-01-03 15:00:00+00:00,-1.8999996185302734,2.599081516265869
5917,2008-03-27 22:00:00+00:00,7.300000190734863,7.128347396850586
5917,2008-01-19 19:00:00+00:00,13.100000381469727,2.7476844787597656
5917,2008-01-17 06:00:00+00:00,3.0999999046325684,1.578049659729004
5917,2008-04-10 19:00:00+00:00,16.100000381469727,12.078710556030273
5917,2008-03-24 20:00:00+00:00,1.7999992370605469,7.575899600982666
5917,2008-02-23 09:00:00+00:00,12.600000381469727,5.04374361038208
5917,2008-04-17 15:00:00+00:00,13.600000381469727,14.351377487182617
5917,2008-04-17 09:00:00+00:00,7.5,12.379955291748047
5917,2008-02-21 21:00:00+00:00,7.5,3.2902188301086426
5917,2008-03-25 13:00:00+00:00,2.5999999046325684,10.750064849853516
5917,2008-06-25 07:00:00+00:00,20.900001525878906,18.468502044677734
5917,2008-03-16 23:00:00+00:00,9.199999809265137,5.604743003845215
5917,2008-04-27 11:00:00+00:00,17.799999237060547,15.08491325378418
5917,2008-05-10 12:00:00+00:00,18.799999237060547,18.36370849609375
5917,2008-06-13 02:00:00+00:00,13.300000190734863,15.931100845336914
5917,2008-02-20 06:00:00+00:00,-0.8000001907348633,3.00044584274292
5917,2008-05-14 08:00:00+00:00,18.799999237060547,15.29743766784668
5917,2008-04-13 12:00:00+00:00,15.699999809265137,14.018607139587402
5917,2008-02-13 20:00:00+00:00,-2.3999996185302734,2.9450550079345703
5917,2008-06-26 19:00:00+00:00,20.399999618530273,19.988021850585938
5917,2008-01-16 15:00:00+00:00,8.899999618530273,2.570699691772461
5917,2008-03-07 13:00:00+00:00,7.400000095367432,10.124813079833984
5917,2008-04-15 11:00:00+00:00,10.199999809265137,13.22193717956543
5917,2008-03-04 22:00:00+00:00,3.4000000953674316,4.846199989318848
5917,2008-06-01 22:00:00+00:00,17.700000762939453,16.527462005615234
5917,2008-04-27 23:00:00+00:00,8.5,10.698180198669434
5917,2008-04-02 22:00:00+00:00,6.599999904632568,9.741868019104004
5917,2008-02-03 21:00:00+00:00,3.3000001907348633,3.37318754196167
5917,2008-02-28 10:00:00+00:00,10.100000381469727,5.798414707183838
5917,2008-06-28 04:00:00+00:00,17.399999618530273,16.86200714111328
5917,2008-06-25 05:00:00+00:00,18.399999618530273,17.078903198242188
5917,2008-05-13 17:00:00+00:00,22.5,17.382518768310547
5917,2008-01-18 14:00:00+00:00,9.699999809265137,3.827263832092285
5917,2008-06-02 21:00:00+00:00,19.0,17.39621353149414
5917,2008-03-01 14:00:00+00:00,8.5,9.677275657653809
5917,2008-04-22 12:00:00+00:00,18.100000381469727,14.344879150390625
5917,2008-05-14 20:00:00+00:00,16.299999237060547,15.628726959228516
5917,2008-04-15 17:00:00+00:00,10.199999809265137,13.037751197814941
5917,2008-04-08 17:00:00+00:00,8.699999809265137,12.508230209350586
5917,2008-02-11 09:00:00+00:00,2.1999998092651367,3.9302420616149902
5917,2008-01-15 08:00:00+00:00,1.3000001907348633,2.496964454650879
5917,2008-02-27 21:00:00+00:00,8.5,3.5148262977600098
5917,2008-03-21 12:00:00+00:00,7.900000095367432,11.004045486450195
5917,2008-01-08 09:00:00+00:00,7.0,2.543355941772461
5917,2008-04-29 22:00:00+00:00,10.800000190734863,11.326555252075195
5917,2008-03-10 20:00:00+00:00,9.5,6.434553623199463
5917,2008-01-01 04:00:00+00:00,0.39999961853027344,1.5121850967407227
5917,2008-04-21 17:00:00+00:00,19.299999237060547,13.381357192993164
5917,2008-03-17 00:00:00+00:00,9.399999618530273,5.243497371673584
5917,2008-02-20 20:00:00+00:00,3.6999998092651367,3.2938475608825684
5917,2008-02-15 08:00:00+00:00,0.8999996185302734,3.630636215209961
5917,2008-04-02 18:00:00+00:00,7.900000095367432,11.760648727416992
5917,2008-02-04 23:00:00+00:00,4.5,2.9168801307678223
5917,2008-03-28 06:00:00+00:00,5.599999904632568,6.475422382354736
5917,2008-01-23 17:00:00+00:00,2.5,2.369983673095703
5917,2008-04-07 05:00:00+00:00,3.5,8.149221420288086
5917,2008-02-04 06:00:00+00:00,3.9000000953674316,2.5952348709106445
5917,2008-03-26 05:00:00+00:00,0.8999996185302734,5.090333461761475
5917,2008-01-13 18:00:00+00:00,3.5,2.9060239791870117
5917,2008-03-21 14:00:00+00:00,8.0,11.20496654510498
5917,2008-01-27 19:00:00+00:00,5.5,3.1116786003112793
5917,2008-04-20 08:00:00+00:00,14.699999809265137,11.895210266113281
5917,2008-01-12 23:00:00+00:00,5.699999809265137,1.716176986694336
5917,2008-05-27 00:00:00+00:00,16.100000381469727,13.528364181518555
5917,2008-06-25 21:00:00+00:00,20.399999618530273,18.498397827148438
5917,2008-06-23 08:00:00+00:00,25.799999237060547,19.431121826171875
5917,2008-03-26 03:00:00+00:00,1.3000001907348633,4.7436981201171875
5917,2008-03-30 10:00:00+00:00,15.800000190734863,10.316134452819824
5917,2008-02-09 22:00:00+00:00,1.8999996185302734,3.1698036193847656
5917,2008-01-25 16:00:00+00:00,4.800000190734863,3.530087471008301
5917,2008-02-11 06:00:00+00:00,-1.8000001907348633,2.8508524894714355
5917,2008-06-25 20:00:00+00:00,23.799999237060547,19.199874877929688
5917,2008-05-05 17:00:00+00:00,11.100000381469727,16.874706268310547
5917,2008-01-15 03:00:00+00:00,2.9000000953674316,1.6765556335449219
5917,2008-06-24 10:00:00+00:00,27.799999237060547,21.009506225585938
5917,2008-02-01 18:00:00+00:00,2.5999999046325684,3.6937475204467773
5917,2008-06-24 20:00:00+00:00,19.799999237060547,19.171981811523438
5917,2008-03-18 15:00:00+00:00,6.800000190734863,10.054804801940918
5917,2008-02-29 02:00:00+00:00,4.099999904632568,2.7660036087036133
5917,2008-05-11 12:00:00+00:00,19.700000762939453,18.4375057220459
5917,2008-02-02 13:00:00+00:00,5.5,5.256786346435547
5917,2008-05-15 11:00:00+00:00,23.200000762939453,17.604965209960938
5917,2008-04-25 10:00:00+00:00,14.5,14.098468780517578
5917,2008-02-16 01:00:00+00:00,-1.5,2.9188284873962402
5917,2008-03-20 00:00:00+00:00,1.3999996185302734,5.124843597412109
5917,2008-03-04 17:00:00+00:00,4.599999904632568,7.200102806091309
5917,2008-06-11 08:00:00+00:00,22.799999237060547,18.621891021728516
5917,2008-06-01 01:00:00+00:00,17.799999237060547,14.630056381225586
5917,2008-01-29 17:00:00+00:00,6.199999809265137,2.8798274993896484
5917,2008-05-07 13:00:00+00:00,18.600000381469727,17.678163528442383
5917,2008-06-07 04:00:00+00:00,15.699999809265137,15.978527069091797
5917,2008-06-17 00:00:00+00:00,15.100000381469727,16.380477905273438
5917,2008-01-19 02:00:00+00:00,5.599999904632568,1.6871719360351562
5917,2008-01-15 23:00:00+00:00,4.199999809265137,1.7892045974731445
5917,2008-04-06 17:00:00+00:00,11.800000190734863,12.442731857299805
5917,2008-04-06 08:00:00+00:00,9.699999809265137,10.859050750732422
5917,2008-01-31 13:00:00+00:00,4.599999904632568,4.155893325805664
5917,2008-05-02 18:00:00+00:00,16.100000381469727,16.37723159790039
5917,2008-04-03 20:00:00+00:00,6.800000190734863,11.230620384216309
5917,2008-06-19 09:00:00+00:00,23.399999618530273,19.92112159729004
5917,2008-04-04 03:00:00+00:00,6.0,8.07138442993164
5917,2008-02-26 02:00:00+00:00,4.900000095367432,3.1507177352905273
5917,2008-01-16 23:00:00+00:00,2.5999999046325684,1.3754997253417969
5917,2008-04-07 12:00:00+00:00,9.5,13.199197769165039
5917,2008-03-21 19:00:00+00:00,7.400000095367432,9.406665802001953
5917,2008-04-20 06:00:00+00:00,9.699999809265137,10.466065406799316
5917,2008-03-06 11:00:00+00:00,4.400000095367432,8.770783424377441
5917,2008-01-04 22:00:00+00:00,-5.100000381469727,1.3245048522949219
5917,2008-02-07 05:00:00+00:00,5.400000095367432,2.1060523986816406
5917,2008-04-15 12:00:00+00:00,10.399999618530273,13.646106719970703
5917,2008-06-02 16:00:00+00:00,25.899999618530273,20.871822357177734
5917,2008-06-07 22:00:00+00:00,15.0,17.003437042236328
5917,2008-05-21 21:00:00+00:00,11.899999618530273,15.394404411315918
5917,2008-03-15 07:00:00+00:00,7.400000095367432,5.997459411621094
5917,2008-02-15 22:00:00+00:00,-1.0,2.928610324859619
5917,2008-06-03 14:00:00+00:00,19.700000762939453,21.224903106689453
5917,2008-05-18 06:00:00+00:00,18.200000762939453,14.207905769348145
5917,2008-03-11 20:00:00+00:00,7.300000190734863,6.178257942199707
5917,2008-01-18 00:00:00+00:00,4.0,1.352518081665039
5917,2008-02-09 12:00:00+00:00,6.40000057220459,5.5556745529174805
5917,2008-01-10 21:00:00+00:00,-1.1999998092651367,1.4341259002685547
5917,2008-05-10 15:00:00+00:00,19.299999237060547,18.238067626953125
5917,2008-01-16 07:00:00+00:00,5.699999809265137,1.9848337173461914
5917,2008-06-10 15:00:00+00:00,26.200000762939453,21.46607208251953
5917,2008-01-28 09:00:00+00:00,6.40000057220459,2.9976401329040527
5917,2008-05-26 18:00:00+00:00,20.900001525878906,17.61777114868164
5917,2008-05-06 14:00:00+00:00,17.100000381469727,17.827295303344727
5917,2008-03-23 00:00:00+00:00,1.1999998092651367,5.584697246551514
5917,2008-03-11 13:00:00+00:00,11.600000381469727,9.673957824707031
5917,2008-04-06 20:00:00+00:00,7.199999809265137,10.882132530212402
5917,2008-03-26 11:00:00+00:00,4.099999904632568,10.352983474731445
5917,2008-01-08 11:00:00+00:00,7.5,2.8380651473999023
5917,2008-04-02 20:00:00+00:00,6.900000095367432,10.76904010772705
5917,2008-04-06 21:00:00+00:00,6.5,10.318296432495117
5917,2008-04-04 15:00:00+00:00,11.100000381469727,13.543449401855469
5917,2008-02-17 08:00:00+00:00,-6.600000381469727,3.994673252105713
5917,2008-04-11 22:00:00+00:00,13.5,10.89101505279541
5917,2008-05-04 23:00:00+00:00,9.100000381469727,12.189720153808594
5917,2008-01-31 19:00:00+00:00,1.8999996185302734,2.3032054901123047
5917,2008-02-10 05:00:00+00:00,-2.1000003814697266,2.6662497520446777
5917,2008-02-06 21:00:00+00:00,8.600000381469727,2.5112342834472656
5917,2008-06-14 11:00:00+00:00,18.200000762939453,21.521223068237305
5917,2008-06-23 05:00:00+00:00,22.200000762939453,16.963638305664062
5917,2008-05-22 07:00:00+00:00,12.300000190734863,15.375743865966797
5917,2008-03-09 00:00:00+00:00,5.099999904632568,4.900424480438232
5917,2008-01-05 06:00:00+00:00,-7.30000114440918,1.5739974975585938
5917,2008-04-09 01:00:00+00:00,4.099999904632568,8.594953536987305
5917,2008-05-25 01:00:00+00:00,14.300000190734863,12.706780433654785
5917,2008-01-01 05:00:00+00:00,0.6000003814697266,1.625931739807129
5917,2008-04-17 11:00:00+00:00,8.800000190734863,13.550509452819824
5917,2008-01-22 08:00:00+00:00,10.699999809265137,2.655460834503174
5917,2008-04-19 03:00:00+00:00,11.0,9.40152359008789
5917,2008-03-09 16:00:00+00:00,11.399999618530273,9.225183486938477
5917,2008-01-01 22:00:00+00:00,-0.5,1.5889768600463867
5917,2008-06-21 07:00:00+00:00,22.399999618530273,18.775421142578125
5917,2008-05-08 13:00:00+00:00,20.5,17.84165382385254
5917,2008-05-16 15:00:00+00:00,22.600000381469727,18.417072296142578
5917,2008-05-04 04:00:00+00:00,8.699999809265137,11.788690567016602
5917,2008-02-02 05:00:00+00:00,2.1000003814697266,2.412539482116699
5917,2008-03-26 06:00:00+00:00,1.3999996185302734,5.757343769073486
5917,2008-02-20 09:00:00+00:00,3.5999999046325684,4.25105094909668
5917,2008-04-19 02:00:00+00:00,11.100000381469727,9.530538558959961
5917,2008-03-19 03:00:00+00:00,2.1999998092651367,4.314266204833984
5917,2008-02-27 20:00:00+00:00,8.199999809265137,3.7069239616394043
5917,2008-03-11 14:00:00+00:00,12.199999809265137,9.631531715393066
5917,2008-01-20 14:00:00+00:00,12.600000381469727,4.128989219665527
5917,2008-01-11 15:00:00+00:00,0.19999980926513672,3.302542209625244
5917,2008-02-23 01:00:00+00:00,12.399999618530273,3.1768321990966797
5917,2008-03-29 11:00:00+00:00,13.199999809265137,11.214284896850586
5917,2008-01-16 16:00:00+00:00,6.699999809265137,2.3736696243286133
5917,2008-05-18 11:00:00+00:00,21.399999618530273,18.58197593688965
5917,2008-05-01 06:00:00+00:00,13.399999618530273,12.796619415283203
5917,2008-06-17 19:00:00+00:00,18.799999237060547,19.72067642211914
5917,2008-05-31 19:00:00+00:00,22.5,17.329761505126953
5917,2008-06-02 23:00:00+00:00,18.799999237060547,15.899262428283691
5917,2008-03-01 01:00:00+00:00,9.199999809265137,4.165461540222168
5917,2008-04-16 23:00:00+00:00,4.599999904632568,10.201815605163574
5917,2008-02-03 12:00:00+00:00,6.5,5.1610236167907715
5917,2008-02-11 02:00:00+00:00,-1.3000001907348633,2.6970176696777344
5917,2008-04-30 22:00:00+00:00,11.899999618530273,11.538008689880371
5917,2008-06-12 10:00:00+00:00,19.0,20.373502731323242
5917,2008-05-26 23:00:00+00:00,16.399999618530273,13.63644790649414
5917,2008-02-29 21:00:00+00:00,12.0,4.133418560028076
5917,2008-04-04 22:00:00+00:00,7.699999809265137,10.378973960876465
5917,2008-05-06 18:00:00+00:00,15.300000190734863,16.366058349609375
5917,2008-01-11 11:00:00+00:00,-0.19999980926513672,3.2708210945129395
5917,2008-01-03 22:00:00+00:00,-3.8999996185302734,1.177642822265625
5917,2008-02-04 08:00:00+00:00,3.8000001907348633,3.184375762939453
5917,2008-03-25 15:00:00+00:00,0.0,10.653188705444336
5917,2008-04-13 14:00:00+00:00,15.800000190734863,14.238811492919922
5917,2008-03-24 18:00:00+00:00,2.5999999046325684,9.021591186523438
5917,2008-06-27 08:00:00+00:00,23.5,19.583778381347656
5917,2008-03-31 18:00:00+00:00,12.699999809265137,9.784513473510742
5917,2008-03-27 14:00:00+00:00,11.0,11.140069961547852
5917,2008-04-22 02:00:00+00:00,10.199999809265137,9.292311668395996
5917,2008-03-27 03:00:00+00:00,1.7999992370605469,4.888669490814209
5917,2008-02-15 12:00:00+00:00,2.3999996185302734,6.007498741149902
5917,2008-05-13 09:00:00+00:00,20.799999237060547,16.247831344604492
5917,2008-06-09 05:00:00+00:00,16.100000381469727,16.31525421142578
5917,2008-03-27 13:00:00+00:00,10.5,11.103582382202148
5917,2008-04-14 00:00:00+00:00,6.5,9.07315444946289
5917,2008-06-03 17:00:00+00:00,21.799999237060547,20.39929962158203
5917,2008-06-07 10:00:00+00:00,19.700000762939453,20.532814025878906
5917,2008-06-21 06:00:00+00:00,19.399999618530273,17.97417640686035
5917,2008-02-22 00:00:00+00:00,9.399999618530273,2.754472255706787
5917,2008-04-20 00:00:00+00:00,10.100000381469727,9.755709648132324
5917,2008-01-28 07:00:00+00:00,5.0,2.430567741394043
5917,2008-06-06 21:00:00+00:00,16.899999618530273,17.822437286376953
5917,2008-06-16 15:00:00+00:00,21.799999237060547,21.924217224121094
5917,2008-01-02 07:00:00+00:00,-1.6000003814697266,1.6885433197021484
5917,2008-06-12 20:00:00+00:00,17.799999237060547,18.76105499267578
5917,2008-02-20 08:00:00+00:00,1.7999992370605469,3.742544651031494
5917,2008-04-30 12:00:00+00:00,17.5,15.045562744140625
5917,2008-06-08 03:00:00+00:00,14.5,15.162520408630371
5917,2008-03-23 14:00:00+00:00,5.099999904632568,10.884765625
5917,2008-01-24 17:00:00+00:00,4.0,2.610386848449707
5917,2008-06-12 19:00:00+00:00,18.0,19.521583557128906
5917,2008-02-15 18:00:00+00:00,0.0,4.527466297149658
5917,2008-05-16 18:00:00+00:00,18.600000381469727,17.26136589050293
5917,2008-04-24 16:00:00+00:00,15.899999618530273,14.747247695922852
5917,2008-05-27 21:00:00+00:00,22.299999237060547,15.523726463317871
5917,2008-05-28 23:00:00+00:00,18.100000381469727,14.435837745666504
5917,2008-06-14 07:00:00+00:00,14.699999809265137,18.496414184570312
5917,2008-04-16 13:00:00+00:00,9.399999618530273,14.045129776000977
5917,2008-02-14 11:00:00+00:00,1.3000001907348633,5.000934600830078
5917,2008-04-06 06:00:00+00:00,2.6999998092651367,9.074088096618652
5917,2008-03-16 01:00:00+00:00,6.699999809265137,4.934025764465332
5917,2008-04-17 01:00:00+00:00,3.5999999046325684,9.930008888244629
5917,2008-04-16 19:00:00+00:00,6.699999809265137,12.276217460632324
5917,2008-02-28 11:00:00+00:00,10.899999618530273,6.475216388702393
5917,2008-04-22 05:00:00+00:00,9.5,9.991008758544922
5917,2008-01-08 19:00:00+00:00,1.6999998092651367,2.0517311096191406
5917,2008-05-14 12:00:00+00:00,23.5,17.9287109375
5917,2008-01-30 19:00:00+00:00,5.199999809265137,2.1861658096313477
5917,2008-03-26 04:00:00+00:00,1.0999994277954102,4.743576526641846
5917,2008-06-27 06:00:00+00:00,20.399999618530273,17.959224700927734
5917,2008-06-07 03:00:00+00:00,15.5,15.50973892211914
5917,2008-06-10 16:00:00+00:00,26.200000762939453,21.21871566772461
5917,2008-05-14 07:00:00+00:00,17.200000762939453,14.441715240478516
5917,2008-06-28 20:00:00+00:00,21.5,19.06532096862793
5917,2008-06-21 19:00:00+00:00,24.299999237060547,19.63018035888672
5917,2008-06-16 16:00:00+00:00,21.700000762939453,21.570270538330078
5917,2008-06-02 04:00:00+00:00,15.5,15.233369827270508
5917,2008-04-25 18:00:00+00:00,10.199999809265137,14.084019660949707
5917,2008-03-26 02:00:00+00:00,1.0999994277954102,4.814307689666748
5917,2008-04-20 13:00:00+00:00,19.0,15.123335838317871
5917,2008-02-27 08:00:00+00:00,12.899999618530273,4.159316539764404
5917,2008-04-01 10:00:00+00:00,14.899999618530273,11.626236915588379
5917,2008-03-02 13:00:00+00:00,12.100000381469727,9.04829216003418
5917,2008-02-27 10:00:00+00:00,14.0,5.1732096672058105
5917,2008-03-11 02:00:00+00:00,4.400000095367432,4.346162796020508
5917,2008-02-04 21:00:00+00:00,6.0,3.3289356231689453
5917,2008-05-23 00:00:00+00:00,10.0,13.988890647888184
5917,2008-01-05 13:00:00+00:00,-4.5,3.7621078491210938
5917,2008-05-14 05:00:00+00:00,13.300000190734863,13.05784797668457
5917,2008-05-03 09:00:00+00:00,15.199999809265137,16.107664108276367
5917,2008-04-05 01:00:00+00:00,6.900000095367432,8.450361251831055
5917,2008-06-09 06:00:00+00:00,17.200000762939453,17.039941787719727
5917,2008-03-31 05:00:00+00:00,5.599999904632568,6.012258052825928
5917,2008-04-09 16:00:00+00:00,18.200000762939453,13.10995101928711
5917,2008-03-11 12:00:00+00:00,9.899999618530273,9.454253196716309
5917,2008-01-03 04:00:00+00:00,-2.1999998092651367,1.0118999481201172
5917,2008-05-27 11:00:00+00:00,24.200000762939453,18.517139434814453
5917,2008-06-16 12:00:00+00:00,21.100000381469727,21.919811248779297
5917,2008-05-02 22:00:00+00:00,13.600000381469727,13.547021865844727
5917,2008-02-06 01:00:00+00:00,1.7999992370605469,2.028919219970703
5917,2008-01-20 22:00:00+00:00,11.5,2.247084617614746
5917,2008-01-16 06:00:00+00:00,5.900000095367432,1.749441146850586
5917,2008-02-25 09:00:00+00:00,16.200000762939453,4.6800456047058105
5917,2008-04-25 21:00:00+00:00,8.699999809265137,12.271995544433594
5917,2008-03-13 07:00:00+00:00,7.199999809265137,5.4289326667785645
5917,2008-03-10 11:00:00+00:00,10.100000381469727,8.766034126281738
5917,2008-03-30 08:00:00+00:00,9.600000381469727,8.436635971069336
5917,2008-04-14 23:00:00+00:00,10.300000190734863,9.617197036743164
5917,2008-03-07 18:00:00+00:00,4.699999809265137,8.410317420959473
5917,2008-03-12 04:00:00+00:00,6.0,3.96431303024292
5917,2008-05-01 13:00:00+00:00,15.699999809265137,17.318126678466797
5917,2008-04-03 04:00:00+00:00,6.099999904632568,8.184720993041992
5917,2008-03-04 13:00:00+00:00,5.800000190734863,8.798168182373047
5917,2008-05-06 11:00:00+00:00,18.399999618530273,17.006309509277344
5917,2008-03-13 18:00:00+00:00,6.5,8.513860702514648
5917,2008-04-04 00:00:00+00:00,6.40000057220459,9.198740005493164
5917,2008-02-24 02:00:00+00:00,8.199999809265137,3.236034870147705
5917,2008-06-10 23:00:00+00:00,17.899999618530273,16.526634216308594
5917,2008-03-19 12:00:00+00:00,4.300000190734863,10.127401351928711
5917,2008-01-07 05:00:00+00:00,-0.6000003814697266,1.657343864440918
5917,2008-03-19 08:00:00+00:00,4.199999809265137,7.0640764236450195
5917,2008-06-08 17:00:00+00:00,19.5,20.682445526123047
5917,2008-02-24 21:00:00+00:00,8.600000381469727,4.334747791290283
5917,2008-02-23 23:00:00+00:00,8.300000190734863,3.5901689529418945
5917,2008-01-17 07:00:00+00:00,3.5,1.7112150192260742
5917,2008-01-07 08:00:00+00:00,-1.1999998092651367,2.178800582885742
5917,2008-04-16 10:00:00+00:00,8.199999809265137,12.692486763000488
5917,2008-04-27 09:00:00+00:00,15.399999618530273,13.308781623840332
5917,2008-02-12 16:00:00+00:00,1.0,4.106635093688965
5917,2008-02-28 14:00:00+00:00,13.100000381469727,6.733149528503418
5917,2008-02-27 02:00:00+00:00,5.800000190734863,2.785947799682617
5917,2008-06-03 08:00:00+00:00,21.5,18.26044464111328
5917,2008-05-09 01:00:00+00:00,12.600000381469727,12.729780197143555
5917,2008-06-18 23:00:00+00:00,17.399999618530273,17.0220947265625
5917,2008-01-09 18:00:00+00:00,0.6000003814697266,1.7331304550170898
5917,2008-05-09 12:00:00+00:00,19.5,17.921749114990234
5917,2008-06-20 10:00:00+00:00,26.0,20.9386043548584
5917,2008-05-22 08:00:00+00:00,13.199999809265137,16.190641403198242
5917,2008-05-29 16:00:00+00:00,23.700000762939453,18.930419921875
5917,2008-05-30 21:00:00+00:00,20.600000381469727,16.11524200439453
5917,2008-04-15 19:00:00+00:00,9.100000381469727,11.987086296081543
5917,2008-05-21 06:00:00+00:00,9.600000381469727,14.167518615722656
5917,2008-06-17 11:00:00+00:00,20.0,21.37154197692871
5917,2008-01-25 03:00:00+00:00,7.699999809265137,1.4938287734985352
5917,2008-04-17 23:00:00+00:00,5.599999904632568,10.703298568725586
5917,2008-01-17 08:00:00+00:00,3.8000001907348633,1.90521240234375
5917,2008-03-23 20:00:00+00:00,4.199999809265137,7.999889373779297
5917,2008-05-21 09:00:00+00:00,10.699999809265137,16.649309158325195
5917,2008-01-24 01:00:00+00:00,-1.6000003814697266,1.3025922775268555
5917,2008-05-07 18:00:00+00:00,16.600000381469727,16.49726676940918
5917,2008-01-13 03:00:00+00:00,4.400000095367432,1.6350421905517578
5917,2008-06-15 21:00:00+00:00,13.399999618530273,18.026004791259766
5917,2008-05-26 15:00:00+00:00,22.600000381469727,19.18338394165039
5917,2008-02-25 02:00:00+00:00,4.400000095367432,3.259380340576172
5917,2008-04-29 06:00:00+00:00,11.899999618530273,11.102555274963379
5917,2008-03-04 05:00:00+00:00,4.699999809265137,4.1591973304748535
5917,2008-01-14 17:00:00+00:00,3.1999998092651367,2.9014511108398438
5917,2008-02-19 02:00:00+00:00,7.199999809265137,2.8626561164855957
5917,2008-03-25 05:00:00+00:00,0.6999998092651367,5.268473148345947
5917,2008-01-29 03:00:00+00:00,3.6999998092651367,2.0013599395751953
5917,2008-02-09 19:00:00+00:00,3.0999999046325684,4.231659889221191
5917,2008-02-16 15:00:00+00:00,-1.3999996185302734,6.114917278289795
5917,2008-01-28 22:00:00+00:00,4.300000190734863,2.6205453872680664
5917,2008-01-09 05:00:00+00:00,-0.39999961853027344,1.3972043991088867
5917,2008-03-23 09:00:00+00:00,3.9000000953674316,8.826130867004395
5917,2008-04-16 05:00:00+00:00,6.40000057220459,9.872674942016602
5917,2008-01-22 19:00:00+00:00,3.5,2.3405513763427734
5917,2008-04-21 03:00:00+00:00,6.800000190734863,8.94890022277832
5917,2008-02-29 18:00:00+00:00,9.5,5.682875156402588
5917,2008-01-24 07:00:00+00:00,-0.10000038146972656,1.917196273803711
5917,2008-03-08 12:00:00+00:00,7.5,9.960201263427734
5917,2008-04-22 16:00:00+00:00,11.5,14.189499855041504
5917,2008-05-23 14:00:00+00:00,18.5,19.020503997802734
5917,2008-05-01 09:00:00+00:00,13.600000381469727,15.2481689453125
5917,2008-02-08 09:00:00+00:00,4.800000190734863,3.8622589111328125
5917,2008-04-28 06:00:00+00:00,11.100000381469727,10.982718467712402
5917,2008-04-21 20:00:00+00:00,11.399999618530273,11.605086326599121
5917,2008-05-15 05:00:00+00:00,13.600000381469727,13.253355026245117
5917,2008-02-14 18:00:00+00:00,2.1000003814697266,3.5946640968322754
5917,2008-01-30 03:00:00+00:00,3.0,1.6403141021728516
5917,2008-06-02 06:00:00+00:00,19.600000381469727,16.647823333740234
5917,2008-02-03 04:00:00+00:00,0.8000001907348633,2.3544273376464844
5917,2008-03-17 16:00:00+00:00,7.099999904632568,9.612045288085938
5917,2008-03-25 20:00:00+00:00,0.0,7.60499382019043
5917,2008-06-21 10:00:00+00:00,26.600000381469727,21.22916030883789
5917,2008-04-22 11:00:00+00:00,17.299999237060547,13.902596473693848
5917,2008-03-10 17:00:00+00:00,12.0,8.1708402633667
5917,2008-02-18 21:00:00+00:00,6.900000095367432,3.963503837585449
5917,2008-05-24 15:00:00+00:00,21.5,19.157215118408203
5917,2008-01-23 08:00:00+00:00,2.6999998092651367,2.4411802291870117
5917,2008-02-29 17:00:00+00:00,7.800000190734863,6.258484840393066
5917,2008-02-23 08:00:00+00:00,12.0,4.400239944458008
5917,2008-05-04 11:00:00+00:00,15.899999618530273,17.510570526123047
5917,2008-05-06 21:00:00+00:00,12.899999618530273,13.961893081665039
5917,2008-03-12 14:00:00+00:00,11.800000190734863,9.738046646118164
5917,2008-01-13 11:00:00+00:00,5.300000190734863,3.520322322845459
5917,2008-01-11 09:00:00+00:00,-0.5,2.441643714904785
5917,2008-03-15 16:00:00+00:00,12.199999809265137,10.391633987426758
5917,2008-04-24 11:00:00+00:00,15.199999809265137,14.24367618560791
5917,2008-06-05 01:00:00+00:00,16.600000381469727,15.742755889892578
5917,2008-04-05 03:00:00+00:00,5.699999809265137,7.816335678100586
5917,2008-04-28 12:00:00+00:00,20.5,15.423060417175293
5917,2008-06-02 20:00:00+00:00,20.5,18.204116821289062
5917,2008-06-04 13:00:00+00:00,22.200000762939453,21.252155303955078
5917,2008-02-27 16:00:00+00:00,10.5,5.175775527954102
5917,2008-06-18 14:00:00+00:00,24.5,22.077346801757812
5917,2008-05-13 13:00:00+00:00,24.100000381469727,18.227556228637695
5917,2008-04-12 20:00:00+00:00,9.600000381469727,11.697275161743164
5917,2008-06-18 22:00:00+00:00,17.700000762939453,17.579208374023438
5917,2008-03-08 21:00:00+00:00,6.199999809265137,6.2482805252075195
5917,2008-02-10 06:00:00+00:00,-2.6999998092651367,2.875194549560547
5917,2008-03-22 19:00:00+00:00,4.900000095367432,9.336034774780273
5917,2008-05-17 22:00:00+00:00,18.299999237060547,14.299818992614746
5917,2008-06-10 05:00:00+00:00,17.299999237060547,16.429101943969727
5917,2008-04-23 10:00:00+00:00,11.199999809265137,13.235981941223145
5917,2008-02-19 08:00:00+00:00,5.900000095367432,3.6511263847351074
5917,2008-05-27 15:00:00+00:00,26.799999237060547,19.086788177490234
5917,2008-04-05 10:00:00+00:00,9.699999809265137,12.225629806518555
5917,2008-06-13 12:00:00+00:00,14.399999618530273,21.652111053466797
5917,2008-01-02 17:00:00+00:00,-1.6000003814697266,1.9048347473144531
5917,2008-03-12 20:00:00+00:00,10.399999618530273,6.166001319885254
5917,2008-01-21 02:00:00+00:00,10.699999809265137,1.9310951232910156
5917,2008-06-05 21:00:00+00:00,17.399999618530273,17.765060424804688
5917,2008-02-04 10:00:00+00:00,5.699999809265137,4.046920299530029
5917,2008-06-28 12:00:00+00:00,25.100000381469727,22.496170043945312
5917,2008-01-03 17:00:00+00:00,-2.8999996185302734,2.075425148010254
5917,2008-02-05 15:00:00+00:00,9.100000381469727,3.9148788452148438
5917,2008-02-29 11:00:00+00:00,7.699999809265137,7.067662715911865
5917,2008-01-07 23:00:00+00:00,4.900000095367432,1.9103775024414062
5917,2008-03-14 16:00:00+00:00,7.400000095367432,10.366414070129395
5917,2008-01-15 05:00:00+00:00,2.3000001907348633,1.8842802047729492
5917,2008-06-26 21:00:00+00:00,19.5,18.465620040893555
5917,2008-04-25 20:00:00+00:00,9.100000381469727,12.813292503356934
5917,2008-03-18 23:00:00+00:00,1.3999996185302734,5.451864242553711
5917,2008-04-08 18:00:00+00:00,8.0,12.033214569091797
5917,2008-05-03 12:00:00+00:00,17.100000381469727,17.804737091064453
5917,2008-04-05 12:00:00+00:00,11.5,13.422033309936523
5917,2008-06-13 19:00:00+00:00,13.199999809265137,19.39638900756836
5917,2008-03-19 19:00:00+00:00,3.6999998092651367,7.808419227600098
5917,2008-06-28 00:00:00+00:00,18.299999237060547,16.630752563476562
5917,2008-01-24 23:00:00+00:00,0.0,1.4808530807495117
5917,2008-04-21 07:00:00+00:00,10.699999809265137,11.19547176361084
5917,2008-05-25 00:00:00+00:00,15.0,12.973289489746094
5917,2008-01-18 06:00:00+00:00,4.099999904632568,1.692448616027832
5917,2008-02-24 10:00:00+00:00,12.600000381469727,5.7367424964904785
5917,2008-05-21 14:00:00+00:00,13.199999809265137,18.74490737915039
5917,2008-01-08 05:00:00+00:00,3.1999998092651367,1.7563352584838867
5917,2008-06-13 13:00:00+00:00,14.100000381469727,21.857177734375
5917,2008-06-22 15:00:00+00:00,31.700000762939453,22.26321792602539
5917,2008-02-11 18:00:00+00:00,1.3000001907348633,4.138854026794434
5917,2008-01-06 05:00:00+00:00,-2.6000003814697266,1.5361719131469727
5917,2008-06-20 21:00:00+00:00,21.5,18.26985740661621
5917,2008-03-17 05:00:00+00:00,9.300000190734863,4.947112083435059
5917,2008-05-07 23:00:00+00:00,9.699999809265137,12.856534957885742
5917,2008-03-14 01:00:00+00:00,6.5,4.457127571105957
5917,2008-06-01 07:00:00+00:00,23.100000381469727,17.69574737548828
5917,2008-05-07 14:00:00+00:00,18.600000381469727,17.840335845947266
5917,2008-01-12 08:00:00+00:00,-0.3000001907348633,2.2746028900146484
5917,2008-03-06 01:00:00+00:00,-1.0,3.789297580718994
5917,2008-04-15 15:00:00+00:00,11.600000381469727,13.860298156738281
5917,2008-02-22 18:00:00+00:00,13.0,5.057885646820068
5917,2008-04-02 15:00:00+00:00,9.0,12.792125701904297
5917,2008-01-06 08:00:00+00:00,-0.8000001907348633,2.1152191162109375
5917,2008-01-31 14:00:00+00:00,4.900000095367432,3.9941930770874023
5917,2008-03-07 23:00:00+00:00,5.0,4.686194896697998
5917,2008-04-03 19:00:00+00:00,7.0,11.63247299194336
5917,2008-03-13 03:00:00+00:00,6.599999904632568,3.936844825744629
5917,2008-05-24 12:00:00+00:00,20.399999618530273,19.368633270263672
5917,2008-05-20 16:00:00+00:00,8.899999618530273,18.34244155883789
5917,2008-02-05 09:00:00+00:00,6.699999809265137,3.459658622741699
5917,2008-03-28 16:00:00+00:00,11.100000381469727,11.353795051574707
5917,2008-04-27 07:00:00+00:00,12.5,11.67927074432373
5917,2008-02-17 22:00:00+00:00,-1.1000003814697266,3.7161049842834473
5917,2008-04-23 11:00:00+00:00,11.899999618530273,13.842363357543945
5917,2008-04-14 12:00:00+00:00,17.100000381469727,13.921028137207031
5917,2008-02-26 13:00:00+00:00,16.399999618530273,5.999966621398926
5917,2008-02-26 03:00:00+00:00,3.5,3.1345906257629395
5917,2008-02-13 18:00:00+00:00,-1.6000003814697266,3.2001986503601074
5917,2008-05-13 01:00:00+00:00,10.899999618530273,12.322689056396484
5917,2008-02-06 05:00:00+00:00,1.6999998092651367,2.2321767807006836
5917,2008-03-04 04:00:00+00:00,4.800000190734863,4.051822662353516
5917,2008-02-09 10:00:00+00:00,5.0,4.787373065948486
5917,2008-06-05 05:00:00+00:00,15.699999809265137,16.159326553344727
5917,2008-06-21 18:00:00+00:00,25.899999618530273,20.368818283081055
5917,2008-01-29 09:00:00+00:00,4.699999809265137,3.088195323944092
5917,2008-05-31 12:00:00+00:00,28.100000381469727,19.79755973815918
5917,2008-01-12 03:00:00+00:00,-0.8000001907348633,1.5272655487060547
5917,2008-06-26 12:00:00+00:00,26.600000381469727,22.144615173339844
5917,2008-01-27 18:00:00+00:00,6.0,3.382655143737793
5917,2008-05-30 13:00:00+00:00,27.0,19.507110595703125
5917,2008-01-01 00:00:00+00:00,1.3000001907348633,1.461263656616211
5917,2008-06-25 01:00:00+00:00,18.299999237060547,16.452251434326172
5917,2008-06-01 21:00:00+00:00,18.0,17.297168731689453
5917,2008-03-29 06:00:00+00:00,6.699999809265137,6.322509288787842
5917,2008-01-23 02:00:00+00:00,2.8000001907348633,1.3910627365112305
5917,2008-05-26 16:00:00+00:00,22.0,18.789791107177734
5917,2008-05-29 03:00:00+00:00,17.100000381469727,13.550952911376953
5917,2008-03-27 10:00:00+00:00,7.0,10.183069229125977
5917,2008-05-28 09:00:00+00:00,24.100000381469727,17.14873695373535
5917,2008-04-04 14:00:00+00:00,11.300000190734863,13.65351676940918
5917,2008-03-04 19:00:00+00:00,4.099999904632568,6.0472636222839355
5917,2008-03-24 05:00:00+00:00,1.0,5.439603805541992
5917,2008-05-05 21:00:00+00:00,11.5,13.44661808013916
5917,2008-03-04 15:00:00+00:00,5.599999904632568,8.490303039550781
5917,2008-02-12 17:00:00+00:00,-0.6000003814697266,3.821990966796875
5917,2008-06-15 23:00:00+00:00,12.600000381469727,16.56585693359375
5917,2008-04-24 17:00:00+00:00,15.399999618530273,14.227405548095703
5917,2008-05-09 06:00:00+00:00,13.800000190734863,13.623756408691406
5917,2008-01-21 03:00:00+00:00,10.800000190734863,1.875967025756836
5917,2008-06-07 23:00:00+00:00,14.399999618530273,16.403356552124023
5917,2008-01-17 19:00:00+00:00,3.5,1.8985471725463867
5917,2008-01-16 17:00:00+00:00,4.599999904632568,2.1397104263305664
5917,2008-01-26 11:00:00+00:00,5.800000190734863,4.087917327880859
5917,2008-06-04 12:00:00+00:00,23.200000762939453,20.99955177307129
5917,2008-04-14 17:00:00+00:00,14.800000190734863,12.816280364990234
5917,2008-06-24 07:00:00+00:00,24.600000381469727,18.486915588378906
5917,2008-01-27 22:00:00+00:00,5.699999809265137,2.457301139831543
5917,2008-06-14 04:00:00+00:00,10.399999618530273,16.3596248626709
5917,2008-06-09 15:00:00+00:00,25.5,21.617074966430664
5917,2008-03-31 08:00:00+00:00,11.300000190734863,8.402010917663574
5917,2008-02-01 16:00:00+00:00,5.199999809265137,4.366670608520508
5917,2008-04-25 05:00:00+00:00,8.199999809265137,10.869694709777832
5917,2008-06-12 18:00:00+00:00,19.299999237060547,20.22254180908203
5917,2008-01-31 00:00:00+00:00,4.5,1.6212224960327148
5917,2008-02-14 01:00:00+00:00,-2.8000001907348633,2.1517066955566406
5917,2008-05-25 13:00:00+00:00,21.5,19.619577407836914
5917,2008-06-25 03:00:00+00:00,17.600000381469727,16.27216911315918
5917,2008-02-13 10:00:00+00:00,-1.8999996185302734,4.192300319671631
5917,2008-06-10 04:00:00+00:00,14.899999618530273,15.991097450256348
5917,2008-01-06 18:00:00+00:00,4.5,2.7121033668518066
5917,2008-03-02 02:00:00+00:00,8.300000190734863,4.145585536956787
5917,2008-01-24 21:00:00+00:00,0.8999996185302734,1.8273696899414062
5917,2008-02-27 00:00:00+00:00,4.699999809265137,2.963747978210449
5917,2008-05-31 04:00:00+00:00,16.399999618530273,13.969036102294922
5917,2008-02-27 22:00:00+00:00,8.399999618530273,3.2973265647888184
5917,2008-02-25 07:00:00+00:00,3.3000001907348633,3.7150983810424805
5917,2008-05-31 09:00:00+00:00,26.0,18.132387161254883
5917,2008-01-31 23:00:00+00:00,1.6000003814697266,1.742624282836914
5917,2008-05-29 07:00:00+00:00,17.600000381469727,15.889215469360352
5917,2008-01-06 07:00:00+00:00,-1.5,1.7978906631469727
5917,2008-06-12 17:00:00+00:00,20.5,20.7995548248291
5917,2008-02-19 04:00:00+00:00,6.5,2.872653007507324
