id,Synopstationsnummer,Stationsname,Länge [°E],Breite [°N],Höhe [m],Startdatum,Enddatum,Bundesland,Sonnenschein,Globalstrahlung,Synop,Verknüpfungsnummer,Startdatum Teilzeitreihe,Enddatum Teilzeitreihe,zusammengesetzt
1,,Aflenz,15.24069,47.54594,783.2,1983-05-01 00:00:00+00:00,2100-12-31 00:00:00+00:00,Steiermark,True,True,,,,,ja
2,,Aigen im Ennstal,14.13826,47.53278,641.0,1939-03-01 00:00:00+00:00,2100-12-31 00:00:00+00:00,Steiermark,True,True,,,,,ja
3,,Allentsteig,15.36694,48.69083,598.8,1983-10-01 00:00:00+00:00,2100-12-31 00:00:00+00:00,Niederösterreich,True,True,,,,,ja
4,,Amstetten,14.895,48.10889,266.0,1936-01-01 00:00:00+00:00,2100-12-31 00:00:00+00:00,Niederösterreich,True,True,,,,,ja
5,,Bad Aussee,13.75844,47.6105,743.1,1983-09-01 00:00:00+00:00,2100-12-31 00:00:00+00:00,Steiermark,True,False,,,,,ja
6,,Bad Bleiberg,13.68444,46.62528,908.7,1896-01-01 00:00:00+00:00,2100-12-31 00:00:00+00:00,Kärnten,True,True,,,,,ja
7,,Bad Gastein,13.13336,47.11056,1092.0,1926-04-21 00:00:00+00:00,2100-12-31 00:00:00+00:00,Salzburg,True,True,,,,,ja
8,,Bad Gleichenberg,15.90361,46.87222,269.0,1895-07-01 00:00:00+00:00,2100-12-31 00:00:00+00:00,Steiermark,True,True,,,,,ja
9,,Bad Goisern,13.64472,47.62194,538.0,1936-01-01 00:00:00+00:00,2100-12-31 00:00:00+00:00,Oberösterreich,True,True,,,,,ja
10,,Bad Mitterndorf,13.93472,47.55333,814.0,1970-01-01 00:00:00+00:00,2100-12-31 00:00:00+00:00,Steiermark,True,True,,,,,ja
11,,Bad Radkersburg,15.99333,46.69222,207.0,1972-04-01 00:00:00+00:00,2100-12-31 00:00:00+00:00,Steiermark,True,True,,,,,ja
12,,Baden,16.235556,48.011391,244.8,1954-04-01 00:00:00+00:00,2012-05-31 23:59:59+00:00,Niederösterreich,True,False,,,,,ja
13,,Bernstein,16.26139,47.40833,630.8,1949-11-01 00:00:00+00:00,2100-12-31 00:00:00+00:00,Burgenland,True,True,,,,,ja
14,,Bischofshofen,13.22111,47.40667,549.9,1936-01-01 00:00:00+00:00,2100-12-31 00:00:00+00:00,Salzburg,True,True,,,,,ja
15,,Bregenz,9.74611,47.49917,424.0,1936-01-01 00:00:00+00:00,2100-12-31 00:00:00+00:00,Vorarlberg,True,True,,,,,ja
16,,Brenner,11.51083,47.00722,1412.0,1948-01-01 00:00:00+00:00,2100-12-31 00:00:00+00:00,Tirol,True,True,,,,,ja
17,,Bruck an der Mur,15.233611,47.403056,489.0,1895-01-01 00:00:00+00:00,2100-12-31 00:00:00+00:00,Steiermark,True,True,,,,,ja
18,,Bruckneudorf,16.845,48.01278,165.6,1939-01-01 00:00:00+00:00,2100-12-31 00:00:00+00:00,Burgenland,True,True,,,,,ja
19,,Dellach,13.08286,46.74189,628.2,1962-05-01 00:00:00+00:00,2100-12-31 00:00:00+00:00,Kärnten,True,False,,,,,ja
20,,Ehrwald,10.92,47.40417,982.0,1972-08-01 00:00:00+00:00,2100-12-31 00:00:00+00:00,Tirol,True,True,,,,,ja
21,,Bad Eisenkappel,14.59333,46.49056,623.0,1967-03-01 00:00:00+00:00,2100-12-31 00:00:00+00:00,Kärnten,True,True,,,,,ja
22,,Eisenstadt Nordost,16.53833,47.85417,184.0,1936-01-01 00:00:00+00:00,2100-12-31 00:00:00+00:00,Burgenland,True,True,,,,,ja
23,,Enns,14.45028,48.19583,317.0,1948-01-01 00:00:00+00:00,2100-12-31 00:00:00+00:00,Oberösterreich,True,True,,,,,ja
24,,Feldkirch,9.60972,47.27111,438.4,1895-07-01 00:00:00+00:00,2100-12-31 00:00:00+00:00,Vorarlberg,True,True,,,,,ja
25,,Fischbach,15.64389,47.44417,1034.4,1981-01-01 00:00:00+00:00,2100-12-31 00:00:00+00:00,Steiermark,True,True,,,,,ja
26,,Freistadt,14.50639,48.49472,539.0,1895-07-01 00:00:00+00:00,2100-12-31 00:00:00+00:00,Oberösterreich,True,True,,,,,ja
27,,Gallspach,13.825,48.20422,425.9,1966-11-01 00:00:00+00:00,2100-12-31 00:00:00+00:00,Oberösterreich,True,False,,,,,ja
28,,Galtür,10.18556,46.96806,1587.0,1901-01-01 00:00:00+00:00,2100-12-31 00:00:00+00:00,Tirol,True,True,,,,,ja
29,,Gmunden,13.8075,47.91472,424.4,1930-01-01 00:00:00+00:00,2016-04-26 23:59:59+00:00,Oberösterreich,True,True,,,,,ja
30,,Graz Universität/Heinrichstraße,15.448056,47.08,366.0,1894-01-01 00:00:00+00:00,2100-12-31 00:00:00+00:00,Steiermark,True,True,,,,,ja
31,,Groß-Enzersdorf,16.55917,48.19975,154.3,1936-01-01 00:00:00+00:00,2100-12-31 00:00:00+00:00,Niederösterreich,True,True,,,,,ja
32,,Gumpoldskirchen,16.28083,48.03583,212.0,1948-05-01 00:00:00+00:00,2100-12-31 00:00:00+00:00,Niederösterreich,True,True,,,,,ja
33,,Martinsberg,15.156111,48.37611,810.0,1948-01-01 00:00:00+00:00,2001-05-31 23:59:59+00:00,Niederösterreich,True,False,,,,,ja
34,,Heiligenblut,12.8525,47.036388,1315.0,1977-10-01 00:00:00+00:00,1999-12-31 23:59:59+00:00,Kärnten,True,False,,,,,ja
35,,Hieflau,14.738055,47.594444,779.0,1936-01-01 00:00:00+00:00,2007-12-31 23:59:59+00:00,Steiermark,False,False,,,,,ja
36,,Hohe Wand/Hochkogelhaus,16.035,47.82222,936.9,1991-05-01 00:00:00+00:00,2100-12-31 00:00:00+00:00,Niederösterreich,True,True,,,,,ja
37,,Schöngrabern,16.06167,48.60333,253.0,1936-01-01 00:00:00+00:00,2100-12-31 00:00:00+00:00,Niederösterreich,True,True,,,,,ja
38,,Imst,10.74222,47.23694,773.0,1936-01-01 00:00:00+00:00,2100-12-31 00:00:00+00:00,Tirol,True,True,,,,,ja
39,,Innsbruck Universität,11.38425,47.25986,578.0,1877-01-01 00:00:00+00:00,2100-12-31 00:00:00+00:00,Tirol,True,True,,,,,ja
40,,Irdning-Gumpenstein,14.09967,47.495,697.1,1953-12-01 00:00:00+00:00,2100-12-31 00:00:00+00:00,Steiermark,True,True,,,,,ja
42,,Jenbach,11.75814,47.38878,529.0,1955-04-01 00:00:00+00:00,2100-12-31 00:00:00+00:00,Tirol,True,True,,,,,ja
43,,Kals,12.6465,47.00478,1352.4,1951-05-01 00:00:00+00:00,2100-12-31 00:00:00+00:00,Tirol,True,True,,,,,ja
44,,Kalwang,14.75961,47.42126,743.6,1966-12-01 00:00:00+00:00,2100-12-31 00:00:00+00:00,Steiermark,True,True,,,,,ja
45,,Königswiesen,14.84,48.412498,600.0,1966-12-01 00:00:00+00:00,2006-06-16 23:59:59+00:00,Oberösterreich,False,False,,,,,ja
46,,Krems,15.62222,48.41861,202.0,1936-01-01 00:00:00+00:00,2100-12-31 00:00:00+00:00,Niederösterreich,True,True,,,,,ja
47,,Krimml,12.18197,47.22911,1008.8,1953-06-15 00:00:00+00:00,2100-12-31 00:00:00+00:00,Salzburg,True,True,,,,,ja
48,,Klagenfurt Flughafen,14.31833,46.64833,450.0,1952-07-01 00:00:00+00:00,2100-12-31 00:00:00+00:00,Kärnten,True,True,,,,,ja
49,,Kleinzicken,16.326667,47.2075,263.0,1978-01-01 00:00:00+00:00,2100-12-31 00:00:00+00:00,Burgenland,True,True,,,,,ja
50,,Landeck,10.56364,47.14025,795.6,1946-02-01 00:00:00+00:00,2100-12-31 00:00:00+00:00,Tirol,True,True,,,,,ja
51,,Langenlebarn,16.11806,48.32389,175.3,1963-01-01 00:00:00+00:00,2100-12-31 00:00:00+00:00,Niederösterreich,True,True,,,,,ja
52,,Langenlois,15.69722,48.4725,207.0,1965-01-01 00:00:00+00:00,2100-12-31 00:00:00+00:00,Niederösterreich,True,True,,,,,ja
53,,Laßnitzhöhe,15.59222,47.07361,530.0,1990-02-01 00:00:00+00:00,2100-12-31 00:00:00+00:00,Steiermark,True,True,,,,,ja
54,,Leibnitz-Wagna,15.55289,46.76739,267.9,2003-11-01 00:00:00+00:00,2100-12-31 00:00:00+00:00,Steiermark,True,True,,,,,ja
55,,Lienz,12.80639,46.82555,661.0,1880-01-01 00:00:00+00:00,2100-12-31 00:00:00+00:00,Tirol,True,True,,,,,ja
56,,Linz Stadt,14.28528,48.29639,262.0,1895-07-01 00:00:00+00:00,2100-12-31 00:00:00+00:00,Oberösterreich,True,True,,,,,ja
57,,Litschau,15.03831,48.95464,557.6,1954-07-01 00:00:00+00:00,2100-12-31 00:00:00+00:00,Niederösterreich,True,True,,,,,ja
58,,Lutzmannsburg,16.64556,47.46528,200.8,1995-01-01 00:00:00+00:00,2100-12-31 00:00:00+00:00,Burgenland,True,True,,,,,ja
59,,Mariazell/St.Sebastian Flugfeld,15.30222,47.78917,864.0,1948-01-01 00:00:00+00:00,2100-12-31 00:00:00+00:00,Steiermark,True,True,,,,,ja
60,,Mattsee,13.10556,47.97722,502.0,1949-06-17 00:00:00+00:00,2100-12-31 00:00:00+00:00,Salzburg,True,True,,,,,ja
61,,Mayrhofen,11.85139,47.1625,640.0,1936-01-01 00:00:00+00:00,2100-12-31 00:00:00+00:00,Tirol,True,True,,,,,ja
62,,Millstatt,13.57278,46.80806,721.0,1972-11-01 00:00:00+00:00,2100-12-31 00:00:00+00:00,Kärnten,True,True,,,,,ja
63,,Mönichkirchen,16.03333,47.51111,991.0,1954-08-01 00:00:00+00:00,2100-12-31 00:00:00+00:00,Niederösterreich,True,True,,,,,ja
64,,Neumarkt,14.42472,47.06972,869.0,1936-01-01 00:00:00+00:00,2100-12-31 00:00:00+00:00,Steiermark,True,True,,,,,ja
65,,Neusiedl am See,16.82889,47.94917,117.0,1936-01-01 00:00:00+00:00,2100-12-31 00:00:00+00:00,Burgenland,True,True,,,,,ja
66,,Obergurgl,11.02444,46.86694,1941.0,1953-01-01 00:00:00+00:00,2100-12-31 00:00:00+00:00,Tirol,True,True,,,,,ja
67,,Leiser Berge,16.37167,48.55889,456.5,1948-01-01 00:00:00+00:00,2100-12-31 00:00:00+00:00,Niederösterreich,True,True,,,,,ja
68,,Obertauern,13.55972,47.24889,1772.0,1971-06-01 00:00:00+00:00,2100-12-31 00:00:00+00:00,Salzburg,True,True,,,,,ja
69,,Obervellach,13.19444,46.93528,688.0,1970-09-01 00:00:00+00:00,2100-12-31 00:00:00+00:00,Kärnten,True,True,,,,,ja
70,,Poysdorf-Ost,16.6375,48.66917,198.0,1965-11-01 00:00:00+00:00,2100-12-31 00:00:00+00:00,Niederösterreich,True,True,,,,,ja
71,,Preitenegg,14.920278,46.938333,1059.0,1950-07-01 00:00:00+00:00,2100-12-31 00:00:00+00:00,Kärnten,True,True,,,,,ja
72,,Puchberg am Schneeberg,15.90694,47.79028,582.8,1949-06-04 00:00:00+00:00,2100-12-31 00:00:00+00:00,Niederösterreich,True,True,,,,,ja
73,,Radstadt-Tandalier,13.44083,47.38,835.0,1936-01-01 00:00:00+00:00,2100-12-31 00:00:00+00:00,Salzburg,True,True,,,,,ja
74,,Randegg,14.983334,48.008888,363.0,1977-05-05 00:00:00+00:00,2007-12-31 23:59:59+00:00,Niederösterreich,False,False,,,,,ja
75,,Ranshofen Braunau,13.02833,48.22417,382.0,1961-01-01 00:00:00+00:00,2100-12-31 00:00:00+00:00,Oberösterreich,True,True,,,,,ja
76,,Reutte,10.71528,47.49444,841.8,1936-01-01 00:00:00+00:00,2100-12-31 00:00:00+00:00,Tirol,True,True,,,,,ja
77,,Rohrbach,14.00444,48.56722,613.0,1948-05-23 00:00:00+00:00,2100-12-31 00:00:00+00:00,Oberösterreich,True,True,,,,,ja
78,,Rauris,12.99262,47.22353,933.8,1875-09-01 00:00:00+00:00,2100-12-31 00:00:00+00:00,Salzburg,True,True,,,,,ja
79,,Ravelsbach,15.848056,48.550835,259.0,1983-10-01 00:00:00+00:00,1995-06-30 23:59:59+00:00,Niederösterreich,False,False,,,,,ja
80,,Reichenau an der Rax,15.83694,47.69972,488.0,1895-01-01 00:00:00+00:00,2100-12-31 00:00:00+00:00,Niederösterreich,True,True,,,,,ja
81,,Retz Windmühle,15.94167,48.76111,320.0,1946-01-01 00:00:00+00:00,2100-12-31 00:00:00+00:00,Niederösterreich,True,True,,,,,ja
82,,Rudolfshütte,12.62594,47.13492,2317.0,1961-08-01 00:00:00+00:00,2100-12-31 00:00:00+00:00,Salzburg,True,True,,,,,ja
83,,Saalbach,12.64844,47.38789,974.6,1975-11-01 00:00:00+00:00,2100-12-31 00:00:00+00:00,Salzburg,True,True,,,,,ja
84,,Saalfelden,12.833333,47.416668,735.0,1968-06-01 00:00:00+00:00,1992-04-30 23:59:59+00:00,Salzburg,True,False,,,,,ja
85,,Schmittenhöhe,12.73794,47.32872,1955.6,1895-07-01 00:00:00+00:00,2100-12-31 00:00:00+00:00,Salzburg,True,True,,,,,ja
86,,Schöckl,15.46639,47.19861,1443.0,1928-01-01 00:00:00+00:00,2100-12-31 00:00:00+00:00,Steiermark,True,True,,,,,ja
87,,Seefeld,11.17542,47.32478,1181.9,1948-05-01 00:00:00+00:00,2100-12-31 00:00:00+00:00,Tirol,True,True,,,,,ja
88,,Semmering,15.82839,47.63325,987.6,1936-01-01 00:00:00+00:00,2100-12-31 00:00:00+00:00,Niederösterreich,True,True,,,,,ja
89,,Stift Zwettl,15.20361,48.61778,502.4,1931-01-01 00:00:00+00:00,2100-12-31 00:00:00+00:00,Niederösterreich,True,True,,,,,ja
90,,St.Andrä im Lavanttal,14.82806,46.76417,403.0,1961-01-01 00:00:00+00:00,2100-12-31 00:00:00+00:00,Kärnten,True,True,,,,,ja
91,,Feistritz ob Bleiburg,14.765,46.561389,523.0,1961-01-01 00:00:00+00:00,2100-12-31 00:00:00+00:00,Kärnten,True,True,,,,,ja
92,,St.Michael im Lungau,13.62269,47.09447,1051.9,1968-12-01 00:00:00+00:00,2100-12-31 00:00:00+00:00,Salzburg,True,True,,,,,ja
93,,St.Pölten Landhaus,15.63111,48.19972,273.6,1947-01-01 00:00:00+00:00,2100-12-31 00:00:00+00:00,Niederösterreich,True,True,,,,,ja
94,,St.Radegund,15.48978,47.18211,726.3,1986-04-01 00:00:00+00:00,2100-12-31 00:00:00+00:00,Steiermark,True,True,,,,,ja
95,,St.Veit an der Glan,14.38556,46.73917,462.6,1968-05-01 00:00:00+00:00,2100-12-31 00:00:00+00:00,Kärnten,True,True,,,,,ja
97,,Stolzalpe,14.18822,47.12303,1291.0,1938-01-01 00:00:00+00:00,2100-12-31 00:00:00+00:00,Steiermark,True,True,,,,,ja
98,,Tamsweg,13.80833,47.13306,1025.0,1895-10-01 00:00:00+00:00,2100-12-31 00:00:00+00:00,Salzburg,True,True,,,,,ja
99,,Unken,12.723333,47.645,582.0,1948-01-01 00:00:00+00:00,1990-06-30 23:59:59+00:00,Salzburg,False,False,,,,,ja
100,,Villach Stadt,13.87389,46.61806,493.0,1930-01-01 00:00:00+00:00,2100-12-31 00:00:00+00:00,Kärnten,True,True,,,,,ja
101,,Waidhofen an der Ybbs,14.80972,47.94556,384.0,1924-12-01 00:00:00+00:00,2100-12-31 00:00:00+00:00,Niederösterreich,True,True,,,,,ja
102,,Weißensee-Gatschach,13.28583,46.71861,949.0,1982-11-01 00:00:00+00:00,2100-12-31 00:00:00+00:00,Kärnten,True,True,,,,,ja
103,,Weitensfeld,14.19083,46.84917,704.0,1953-01-01 00:00:00+00:00,2100-12-31 00:00:00+00:00,Kärnten,True,True,,,,,ja
104,,Weyer,14.66572,47.85719,426.1,1968-06-01 00:00:00+00:00,2100-12-31 00:00:00+00:00,Oberösterreich,True,True,,,,,ja
105,,Wien Hohe Warte,16.35639,48.24861,198.0,1775-01-01 00:00:00+00:00,2100-12-31 00:00:00+00:00,Wien,True,True,,,,,ja
106,,Wien Mariabrunn,16.22944,48.20694,225.0,1936-01-01 00:00:00+00:00,2100-12-31 00:00:00+00:00,Wien,True,True,,,,,ja
107,,Wien Unterlaa,16.41944,48.125,200.0,1963-10-01 00:00:00+00:00,2100-12-31 00:00:00+00:00,Wien,True,True,,,,,ja
108,,Windischgarsten,14.32611,47.72028,599.9,1983-10-07 00:00:00+00:00,2100-12-31 00:00:00+00:00,Oberösterreich,True,False,,,,,ja
109,,St.Wolfgang,13.44194,47.74028,544.0,1936-01-01 00:00:00+00:00,2100-12-31 00:00:00+00:00,Oberösterreich,True,False,,,,,ja
110,,Wolfsberg,14.85,46.833332,442.0,1953-01-01 00:00:00+00:00,1987-10-31 23:59:59+00:00,Kärnten,True,False,,,,,ja
111,,Wolfsegg,13.67092,48.10542,635.1,1951-11-11 00:00:00+00:00,2100-12-31 00:00:00+00:00,Oberösterreich,True,True,,,,,ja
112,,Wiener Neustadt Flugplatz,16.23147,47.83233,275.0,1948-09-01 00:00:00+00:00,2100-12-31 00:00:00+00:00,Niederösterreich,True,True,,,,,ja
113,,Zell am See,12.78639,47.29,754.0,1984-07-12 00:00:00+00:00,2100-12-31 00:00:00+00:00,Salzburg,True,False,,,,,ja
114,,Zell am Ziller/Rohrberg,11.904722,47.255001,595.0,1955-09-01 00:00:00+00:00,1993-01-31 23:59:59+00:00,Tirol,True,False,,,,,ja
115,,Zeltweg,14.74689,47.19983,677.6,1962-10-01 00:00:00+00:00,2100-12-31 00:00:00+00:00,Steiermark,True,True,,,,,ja
116,,Deutschlandsberg,15.22694,46.82167,354.0,1895-08-01 00:00:00+00:00,2100-12-31 00:00:00+00:00,Steiermark,True,True,,,,,ja
118,,Kitzbühel,12.38917,47.44389,772.0,1936-01-01 00:00:00+00:00,2100-12-31 00:00:00+00:00,Tirol,True,True,,,,,ja
119,,St.Anton am Arlberg,10.26667,47.13139,1304.1,1938-02-01 00:00:00+00:00,2100-12-31 00:00:00+00:00,Tirol,True,True,,,,,ja
120,,Ferlach,14.31417,46.53111,459.1,1953-05-01 00:00:00+00:00,2100-12-31 00:00:00+00:00,Kärnten,True,True,,,,,ja
121,,Nauders,10.49694,46.89111,1330.2,1958-06-01 00:00:00+00:00,2100-12-31 00:00:00+00:00,Tirol,True,True,,,,,ja
122,,Kanzelhöhe,13.90194,46.67722,1520.0,1938-01-01 00:00:00+00:00,2100-12-31 00:00:00+00:00,Kärnten,True,True,,,,,ja
123,,Schwarzenau,15.257778,48.742779,499.0,1974-08-01 00:00:00+00:00,2004-03-31 23:59:59+00:00,Niederösterreich,True,False,,,,,ja
124,,Seckau,14.77861,47.27083,872.0,1895-01-01 00:00:00+00:00,2100-12-31 00:00:00+00:00,Steiermark,True,True,,,,,ja
125,,Kohlreithberg,15.935278,48.175835,490.0,1986-01-01 00:00:00+00:00,2010-06-17 23:59:59+00:00,Niederösterreich,True,True,,,,,ja
126,,Haiming,10.88944,47.25972,659.0,1947-11-01 00:00:00+00:00,2100-12-31 00:00:00+00:00,Tirol,True,True,,,,,ja
127,,Rinn,11.50389,47.24917,924.1,1957-01-01 00:00:00+00:00,2100-12-31 00:00:00+00:00,Tirol,True,True,,,,,ja
128,,Radenthein,13.698334,46.800278,688.0,1958-11-01 00:00:00+00:00,2002-08-31 23:59:59+00:00,Kärnten,True,False,,,,,ja
129,,Lofer Ort,12.69528,47.58444,622.0,1990-06-01 00:00:00+00:00,2100-12-31 00:00:00+00:00,Salzburg,True,True,,,,,ja
130,,Sillian,12.42358,46.74644,1081.4,1948-01-01 00:00:00+00:00,2100-12-31 00:00:00+00:00,Tirol,True,True,,,,,ja
131,,Salzburg Flughafen,13.00861,47.78944,430.0,1874-01-01 00:00:00+00:00,2100-12-31 00:00:00+00:00,Salzburg,True,True,,,,,ja
132,,Bad Ischl,13.64714,47.70619,506.7,1936-01-01 00:00:00+00:00,2100-12-31 00:00:00+00:00,Oberösterreich,True,True,,,,,ja
133,,Fraxern,9.67444,47.31417,807.0,1984-12-01 00:00:00+00:00,2100-12-31 00:00:00+00:00,Vorarlberg,True,True,,,,,ja
134,,Gänserndorf Stadt,16.71361,48.33778,163.0,1989-01-01 00:00:00+00:00,2100-12-31 00:00:00+00:00,Niederösterreich,True,True,,,,,ja
136,,Umhausen,10.92889,47.13917,1035.0,1936-01-01 00:00:00+00:00,2100-12-31 00:00:00+00:00,Tirol,True,True,,,,,ja
137,,Döllach,12.9025,46.95806,1071.0,1926-08-01 00:00:00+00:00,2100-12-31 00:00:00+00:00,Kärnten,True,True,,,,,ja
138,,Prutz,10.66472,47.06861,871.0,1967-07-01 00:00:00+00:00,2100-12-31 00:00:00+00:00,Tirol,True,True,,,,,ja
139,,Steinach am Brenner,11.46611,47.09833,1036.0,2008-01-01 00:00:00+00:00,2100-12-31 00:00:00+00:00,Tirol,True,True,,,,,ja
140,,Bad Tatzmannsdorf,16.228056,47.328056,332.0,2004-09-17 00:00:00+00:00,2100-12-31 00:00:00+00:00,Burgenland,True,False,,,,,ja
141,,Ried im Innkreis,13.475,48.21722,427.0,1936-01-01 00:00:00+00:00,2100-12-31 00:00:00+00:00,Oberösterreich,True,True,,,,,ja
142,,Kufstein,12.16278,47.57528,490.0,1905-01-01 00:00:00+00:00,2100-12-31 00:00:00+00:00,Tirol,True,True,,,,,ja
144,,Micheldorf,14.117222,47.88388,443.0,1978-11-01 00:00:00+00:00,2100-12-31 00:00:00+00:00,Oberösterreich,True,True,,,,,ja
145,,Salzburg Freisaal,13.05417,47.79111,419.0,1987-01-01 00:00:00+00:00,2100-12-31 00:00:00+00:00,Salzburg,True,True,,,,,ja
146,,Holzgau,10.33867,47.25758,1092.0,1936-01-01 00:00:00+00:00,2100-12-31 00:00:00+00:00,Tirol,True,True,,,,,ja
147,,Gröbming,13.90422,47.44678,765.5,1981-08-01 00:00:00+00:00,2100-12-31 00:00:00+00:00,Steiermark,True,True,,,,,ja
148,,Weitra,14.89861,48.70222,571.9,1936-01-01 00:00:00+00:00,2100-12-31 00:00:00+00:00,Niederösterreich,True,True,,,,,ja
149,,Mallnitz,13.16667,46.99194,1197.0,2002-08-01 00:00:00+00:00,2100-12-31 00:00:00+00:00,Kärnten,True,True,,,,,ja
150,,Spittal an der Drau,13.48725,46.7905,541.7,1977-04-01 00:00:00+00:00,2100-12-31 00:00:00+00:00,Kärnten,True,True,,,,,ja
151,,Achenkirch,11.70667,47.49944,931.0,1987-08-01 00:00:00+00:00,2100-12-31 00:00:00+00:00,Tirol,True,True,,,,,ja
152,,Laa an der Thaya Kläranlage,16.38972,48.73139,184.0,1952-01-01 00:00:00+00:00,2100-12-31 00:00:00+00:00,Niederösterreich,True,True,,,,,ja
153,,Präbichl,14.95416,47.52158,1215.2,1936-01-01 00:00:00+00:00,2100-12-31 00:00:00+00:00,Steiermark,True,True,,,,,ja
154,,Fürstenfeld,16.08083,47.03083,271.0,1936-01-01 00:00:00+00:00,2100-12-31 00:00:00+00:00,Steiermark,True,True,,,,,ja
155,,Oberndorf an der Melk,15.21381,48.06239,295.1,1977-11-01 00:00:00+00:00,2100-12-31 00:00:00+00:00,Niederösterreich,True,True,,,,,ja
156,,St.Johann im Pongau,13.18672,47.31981,634.2,1985-01-01 00:00:00+00:00,2100-12-31 00:00:00+00:00,Salzburg,True,False,,,,,ja
157,,Kollerschlag,13.83917,48.60278,714.0,1895-07-01 00:00:00+00:00,2100-12-31 00:00:00+00:00,Oberösterreich,True,True,,,,,ja
158,,Hohenau,16.913055,48.605835,150.0,1948-01-01 00:00:00+00:00,2100-12-31 00:00:00+00:00,Niederösterreich,True,True,,,,,ja
159,,Reichersberg,13.37611,48.33111,351.0,1936-01-01 00:00:00+00:00,2100-12-31 00:00:00+00:00,Oberösterreich,True,True,,,,,ja
160,,Waizenkirchen,13.86458,48.32656,400.2,1948-01-01 00:00:00+00:00,2025-07-22 09:00:00+00:00,Oberösterreich,True,True,,,,,ja
161,,Reichenau am Mühlkreis,14.34556,48.45917,689.1,1972-10-01 00:00:00+00:00,2100-12-31 00:00:00+00:00,Oberösterreich,True,True,,,,,ja
162,,Aspach,13.3,48.18306,427.0,1969-09-01 00:00:00+00:00,2100-12-31 00:00:00+00:00,Oberösterreich,True,True,,,,,ja
163,,Mondsee,13.34722,47.85083,480.5,1936-01-01 00:00:00+00:00,2100-12-31 00:00:00+00:00,Oberösterreich,True,True,,,,,ja
164,,Berndorf,16.10111,47.93917,337.0,1992-11-01 00:00:00+00:00,2100-12-31 00:00:00+00:00,Niederösterreich,True,True,,,,,ja
165,,Abtenau,13.34333,47.56667,709.0,1963-08-01 00:00:00+00:00,2100-12-31 00:00:00+00:00,Salzburg,True,True,,,,,ja
166,,Hall bei Admont,14.49083,47.59444,637.0,1895-07-01 00:00:00+00:00,2100-12-31 00:00:00+00:00,Steiermark,True,True,,,,,ja
167,,Mürzzuschlag,15.67278,47.60222,705.2,1948-01-01 00:00:00+00:00,2100-12-31 00:00:00+00:00,Steiermark,True,True,,,,,ja
169,,Pottschach,16.00806,47.70083,416.4,1961-04-01 00:00:00+00:00,2100-12-31 00:00:00+00:00,Niederösterreich,True,True,,,,,ja
170,,Aspang,16.10139,47.575,454.0,1948-04-23 00:00:00+00:00,2100-12-31 00:00:00+00:00,Niederösterreich,True,True,,,,,ja
171,,Dornbirn,9.72556,47.4325,407.3,1992-04-01 00:00:00+00:00,2100-12-31 00:00:00+00:00,Vorarlberg,True,True,,,,,ja
172,,Schoppernau,10.01778,47.31139,839.0,1948-01-01 00:00:00+00:00,2100-12-31 00:00:00+00:00,Vorarlberg,True,True,,,,,ja
173,,Schröcken,10.08611,47.26167,1244.0,1895-10-01 00:00:00+00:00,2100-12-31 00:00:00+00:00,Vorarlberg,True,True,,,,,ja
174,,Mittelberg,10.1525,47.32333,1204.0,1994-06-01 00:00:00+00:00,2100-12-31 00:00:00+00:00,Vorarlberg,True,True,,,,,ja
175,,Innsbruck Flughafen,11.35667,47.25999,578.0,1951-06-01 00:00:00+00:00,2100-12-31 00:00:00+00:00,Tirol,True,True,,,,,ja
176,,Hahnenkamm-Ehrenbachhöhe,12.35928,47.41831,1793.8,1938-01-01 00:00:00+00:00,2100-12-31 00:00:00+00:00,Tirol,True,True,,,,,ja
177,,Uttendorf,12.567778,47.263054,798.7,1961-09-01 00:00:00+00:00,2008-10-31 23:59:59+00:00,Salzburg,True,True,,,,,ja
178,,Hochfilzen,12.62111,47.47028,961.9,2001-09-01 00:00:00+00:00,2100-12-31 00:00:00+00:00,Tirol,True,True,,,,,ja
179,,Ramsau am Dachstein,13.63428,47.42514,1206.8,1991-01-01 00:00:00+00:00,2100-12-31 00:00:00+00:00,Steiermark,True,True,,,,,ja
180,,Rechnitz,16.45417,47.30139,308.0,2006-12-01 00:00:00+00:00,2100-12-31 00:00:00+00:00,Burgenland,True,False,,,,,ja
181,,Bludenz,9.82944,47.14778,571.0,1936-01-01 00:00:00+00:00,2100-12-31 00:00:00+00:00,Vorarlberg,True,True,,,,,ja
182,,Oberwölz,14.28669,47.20206,842.1,1936-01-01 00:00:00+00:00,2100-12-31 00:00:00+00:00,Steiermark,True,True,,,,,ja
183,,Güssing,16.32186,47.0625,215.3,1948-01-01 00:00:00+00:00,2100-12-31 00:00:00+00:00,Burgenland,True,True,,,,,ja
184,,Pitztaler Gletscher,10.87914,46.92706,2863.9,1989-03-01 00:00:00+00:00,2100-12-31 00:00:00+00:00,Tirol,True,True,,,,,ja
185,,St.Jakob im Defereggental,12.35389,46.91694,1383.0,1938-01-01 00:00:00+00:00,2100-12-31 00:00:00+00:00,Tirol,True,True,,,,,ja
186,,Flattnitz,14.03611,46.94083,1437.2,1970-09-01 00:00:00+00:00,2025-04-01 06:00:00+00:00,Kärnten,True,True,,,,,ja
187,,Friesach,14.40583,46.95861,640.0,1958-05-01 00:00:00+00:00,2100-12-31 00:00:00+00:00,Kärnten,True,True,,,,,ja
188,,Völkermarkt-Goldbrunnhof,14.639167,46.670834,466.0,1950-12-01 00:00:00+00:00,2100-12-31 00:00:00+00:00,Kärnten,True,True,,,,,ja
189,,Melk,15.33139,48.20972,307.0,1974-08-01 00:00:00+00:00,2100-12-31 00:00:00+00:00,Niederösterreich,True,True,,,,,ja
190,,Frankenmarkt,13.42306,47.99139,565.0,2004-03-01 00:00:00+00:00,2017-03-25 23:59:59+00:00,Oberösterreich,False,False,,,,,ja
191,,Japons,15.571389,48.791943,520.0,1953-09-16 00:00:00+00:00,2007-12-31 23:59:59+00:00,Niederösterreich,False,False,,,,,ja
192,,Wachtberg bei Steyr,14.46111,48.0475,384.0,1985-04-01 00:00:00+00:00,2100-12-31 00:00:00+00:00,Niederösterreich,True,True,,,,,ja
193,,Jauerling,15.33911,48.33447,955.0,1935-01-01 00:00:00+00:00,2100-12-31 00:00:00+00:00,Niederösterreich,True,True,,,,,ja
195,,Mittersill,12.495833,47.279167,783.0,2017-12-01 00:00:00+00:00,2100-12-31 00:00:00+00:00,Salzburg,True,True,,,,,ja
196,,Patscherkofel,11.46222,47.20889,2251.0,1940-08-01 00:00:00+00:00,2100-12-31 00:00:00+00:00,Tirol,True,True,,,,,ja
197,,Seibersdorf,16.504444,47.975,185.0,1961-06-01 00:00:00+00:00,2100-12-31 00:00:00+00:00,Niederösterreich,True,True,,,,,ja
198,,Pörtschach,14.16528,46.63083,450.0,1978-05-01 00:00:00+00:00,2100-12-31 00:00:00+00:00,Kärnten,True,True,,,,,ja
199,,Horn Wasserwerk,15.643888,48.674999,308.0,1936-01-01 00:00:00+00:00,2100-12-31 00:00:00+00:00,Niederösterreich,True,True,,,,,ja
200,,Gleisdorf,15.70806,47.11556,377.3,1961-01-01 00:00:00+00:00,2100-12-31 00:00:00+00:00,Steiermark,True,True,,,,,ja
201,,Weiz,15.634444,47.218334,465.7,1944-01-01 00:00:00+00:00,2013-05-31 23:59:59+00:00,Steiermark,True,True,,,,,ja
202,,Wörterberg,16.09678,47.22619,403.6,1929-07-01 00:00:00+00:00,2100-12-31 00:00:00+00:00,Burgenland,True,True,,,,,ja
203,,Fresach,13.68528,46.71528,683.0,1973-10-01 00:00:00+00:00,2100-12-31 00:00:00+00:00,Kärnten,True,True,,,,,ja
204,,Kremsmünster,14.13111,48.055,382.0,1874-01-01 00:00:00+00:00,2100-12-31 00:00:00+00:00,Oberösterreich,True,True,,,,,ja
205,,Feuerkogel,13.71778,47.81667,1618.0,1928-01-01 00:00:00+00:00,2100-12-31 00:00:00+00:00,Oberösterreich,True,True,,,,,ja
206,,Loibl Tunnel,14.24917,46.44389,1096.9,1959-01-01 00:00:00+00:00,2100-12-31 00:00:00+00:00,Kärnten,True,True,,,,,ja
207,,Reisseck,13.366667,46.933334,2252.0,1953-06-01 00:00:00+00:00,1976-05-31 23:59:59+00:00,Kärnten,True,False,,,,,ja
208,,Laas,12.983334,46.683334,800.0,1944-05-01 00:00:00+00:00,1978-05-31 23:59:59+00:00,Kärnten,True,False,,,,,ja
209,,St.Paul im Lavanttal,14.866667,46.700001,384.0,1936-01-01 00:00:00+00:00,1981-12-31 23:59:59+00:00,Kärnten,False,False,,,,,ja
210,,St.Leonhard im Pitztal,10.86556,47.02722,1454.4,1967-01-01 00:00:00+00:00,2100-12-31 00:00:00+00:00,Tirol,True,True,,,,,ja
211,,Rattenberg-Radfeld,11.9,47.444721,514.0,1977-06-01 00:00:00+00:00,1995-12-31 23:59:59+00:00,Tirol,False,False,,,,,ja
212,,Kirchbichl,12.086667,47.515556,498.0,1936-01-01 00:00:00+00:00,2001-05-31 23:59:59+00:00,Tirol,True,False,,,,,ja
213,,Sonnblick,12.9575,47.05417,3109.0,1886-10-01 00:00:00+00:00,2100-12-31 00:00:00+00:00,Salzburg,True,True,,,,,ja
214,,Söll,12.20028,47.50306,697.0,2015-07-01 00:00:00+00:00,2100-12-31 00:00:00+00:00,Tirol,True,True,,,,,ja
215,,Gars am Kamp,15.7,48.59194,273.0,1999-03-10 00:00:00+00:00,2100-12-31 00:00:00+00:00,Niederösterreich,True,True,,,,,ja
216,,Hittisau,9.953333,47.463055,792.0,1984-12-01 00:00:00+00:00,2008-12-31 23:59:59+00:00,Vorarlberg,False,False,,,,,ja
217,,Kapfenberg Flugfeld,15.33556,47.45833,515.0,1997-03-01 00:00:00+00:00,2100-12-31 00:00:00+00:00,Steiermark,True,True,,,,,ja
218,,Andau,17.03556,47.77,117.0,1995-08-01 00:00:00+00:00,2100-12-31 00:00:00+00:00,Burgenland,True,True,,,,,ja
219,,Karlstift/Stadlberg,14.720555,48.598331,946.0,1971-01-01 00:00:00+00:00,1991-03-31 23:59:59+00:00,Niederösterreich,False,False,,,,,ja
220,,Gaschurn,10.031667,46.980278,985.0,2007-08-01 00:00:00+00:00,2100-12-31 00:00:00+00:00,Vorarlberg,True,True,,,,,ja
221,,Stockerau,16.190861,48.409833,210.0,1997-06-01 00:00:00+00:00,2100-12-31 00:00:00+00:00,Niederösterreich,True,True,,,,,ja
222,,Wolkersdorf,16.508889,48.388056,174.0,2008-07-23 00:00:00+00:00,2100-12-31 00:00:00+00:00,Niederösterreich,True,True,,,,,ja
500,11021,Litschau,15.03831,48.95464,557.6,1983-11-01 00:00:00+00:00,2100-12-31 00:00:00+00:00,Niederösterreich,True,True,,57,1983-11-01 00:00:00+00:00,,nein
501,,Litschau,15.03333,48.96667,570.0,1962-07-01 00:00:00+00:00,1983-10-31 00:00:00+00:00,Niederösterreich,True,False,,57,1962-07-01 00:00:00+00:00,1983-10-31 23:59:59+00:00,nein
504,,Litschau,15.05,48.950001,570.0,1954-07-01 00:00:00+00:00,1961-08-31 00:00:00+00:00,Niederösterreich,False,False,,57,1954-07-01 00:00:00+00:00,1961-08-31 23:59:59+00:00,nein
600,,Pfaffenschlag,15.283334,48.900002,573.0,1951-06-01 00:00:00+00:00,1979-12-31 00:00:00+00:00,Niederösterreich,False,False,,,,,nein
610,,Meires,15.283334,48.783333,495.0,1971-01-01 00:00:00+00:00,1974-07-31 00:00:00+00:00,Niederösterreich,False,False,,,,,nein
700,,Japons,15.571389,48.791943,520.0,1953-09-01 00:00:00+00:00,1982-10-31 00:00:00+00:00,Niederösterreich,False,False,,191,1953-09-16 00:00:00+00:00,1982-10-31 23:59:59+00:00,nein
701,,Japons,15.571389,48.791943,520.0,1982-11-01 00:00:00+00:00,2007-12-31 00:00:00+00:00,Niederösterreich,False,False,,191,1982-11-01 00:00:00+00:00,2007-12-31 23:59:59+00:00,nein
710,,Schönfeld,15.416667,48.783333,585.0,1956-01-01 00:00:00+00:00,1981-12-31 00:00:00+00:00,Niederösterreich,True,False,,,,,nein
726,11047,Raabs an der Thaya,15.50194,48.84806,458.5,2008-06-25 00:00:00+00:00,2100-12-31 00:00:00+00:00,Niederösterreich,True,True,,,,,nein
900,,Retz,15.95,48.76667,242.0,1946-01-01 00:00:00+00:00,1983-10-31 00:00:00+00:00,Niederösterreich,True,True,,81,1946-01-01 00:00:00+00:00,1983-10-31 23:59:59+00:00,nein
901,,Retz,15.95,48.75361,256.0,1983-11-01 00:00:00+00:00,2100-12-31 00:00:00+00:00,Niederösterreich,True,True,,81,1983-11-01 00:00:00+00:00,1993-12-31 23:59:59+00:00,nein
905,11022,Retz,15.94167,48.76111,320.0,1994-01-01 00:00:00+00:00,2100-12-31 00:00:00+00:00,Niederösterreich,True,True,,81,1994-01-01 00:00:00+00:00,,nein
910,,Unterretzbach,15.998611,48.768333,243.0,1994-01-01 00:00:00+00:00,2007-12-31 00:00:00+00:00,Niederösterreich,False,False,,,,,nein
1000,,Alt-Prerau,16.466667,48.799999,184.0,1935-07-08 00:00:00+00:00,1938-10-25 00:00:00+00:00,Niederösterreich,True,False,,,,,nein
1210,,Passau-Oberhaus,13.483334,48.583332,409.0,1961-01-01 00:00:00+00:00,1991-11-30 00:00:00+00:00,Oberösterreich,True,False,,,,,nein
1400,,Kollerschlag,13.84,48.60639,725.0,1895-07-01 00:00:00+00:00,2008-06-30 00:00:00+00:00,Oberösterreich,False,False,,157,1895-07-01 00:00:00+00:00,2008-06-16 23:59:59+00:00,nein
1401,11007,Kollerschlag,13.83917,48.60278,714.0,2008-06-17 00:00:00+00:00,2100-12-31 00:00:00+00:00,Oberösterreich,True,True,,157,2008-06-17 00:00:00+00:00,,nein
1410,,Rohrbach,14.0,48.56667,602.0,1948-05-23 00:00:00+00:00,1994-11-30 00:00:00+00:00,Oberösterreich,True,False,,77,1948-05-23 00:00:00+00:00,1994-07-31 23:59:59+00:00,nein
1415,11008,Rohrbach,13.99406,48.56961,596.9,1994-07-01 00:00:00+00:00,2021-10-31 00:00:00+00:00,Oberösterreich,True,True,,77,1994-08-01 00:00:00+00:00,2021-10-14 23:59:59+00:00,nein
1416,11008,Rohrbach,14.00444,48.56722,613.0,2021-10-13 00:00:00+00:00,2100-12-31 00:00:00+00:00,Oberösterreich,True,True,,77,2021-10-15 00:00:00+00:00,,nein
1420,,Schlägel,13.968889,48.636391,543.0,1969-12-16 00:00:00+00:00,1979-12-31 00:00:00+00:00,Oberösterreich,True,False,,,,,nein
1600,,Freistadt,14.5,48.516666,548.0,1895-07-01 00:00:00+00:00,1991-12-31 00:00:00+00:00,Oberösterreich,True,False,,26,1895-07-01 00:00:00+00:00,1991-12-31 23:59:59+00:00,nein
1601,11015,Freistadt,14.506111,48.506111,549.0,1991-12-01 00:00:00+00:00,2014-08-04 00:00:00+00:00,Oberösterreich,True,True,,26,1992-01-01 00:00:00+00:00,2014-06-30 23:59:59+00:00,nein
1602,11068,Freistadt,14.50639,48.49472,539.0,2014-03-31 00:00:00+00:00,2100-12-31 00:00:00+00:00,Oberösterreich,True,True,,26,2014-07-01 00:00:00+00:00,,nein
1700,,Karlstift,14.75,48.599998,934.0,1971-01-01 00:00:00+00:00,1990-05-31 00:00:00+00:00,Niederösterreich,False,False,,219,1971-01-01 00:00:00+00:00,1990-05-31 23:59:59+00:00,nein
1701,,Karlstift/Stadlberg,14.720555,48.598331,946.0,1990-08-01 00:00:00+00:00,1991-03-31 00:00:00+00:00,Niederösterreich,False,False,,219,1990-08-01 00:00:00+00:00,1991-03-31 23:59:59+00:00,nein
1710,11065,Liebenau,14.805278,48.532776,998.0,1992-10-01 00:00:00+00:00,1994-04-30 00:00:00+00:00,Oberösterreich,True,True,,,,,nein
1711,8989106,Liebenau-Gugu,14.732778,48.5522,846.0,2023-03-31 00:00:00+00:00,2100-12-31 00:00:00+00:00,Oberösterreich,False,False,,,,,nein
1730,8989083,Schwarzau im Freiwald,14.739445,48.668056,788.0,2022-10-07 00:00:00+00:00,2100-12-31 00:00:00+00:00,Niederösterreich,False,False,,,,,nein
1800,,Weitra,14.89889,48.69806,580.0,1936-01-01 00:00:00+00:00,2006-03-31 00:00:00+00:00,Niederösterreich,True,False,,148,1936-01-01 00:00:00+00:00,2004-12-31 23:59:59+00:00,nein
1802,11025,Weitra,14.89861,48.70222,571.9,2003-08-01 00:00:00+00:00,2100-12-31 00:00:00+00:00,Niederösterreich,True,True,,148,2005-01-01 00:00:00+00:00,,nein
1900,,Schwarzenau,15.266389,48.746666,500.0,1974-08-01 00:00:00+00:00,1999-08-31 00:00:00+00:00,Niederösterreich,True,False,,123,1974-08-01 00:00:00+00:00,1999-08-31 23:59:59+00:00,nein
1901,,Schwarzenau,15.258611,48.74361,504.0,1999-09-01 00:00:00+00:00,2002-03-31 00:00:00+00:00,Niederösterreich,False,False,,123,1999-09-01 00:00:00+00:00,2002-03-31 23:59:59+00:00,nein
1903,,Schwarzenau,15.257778,48.742779,499.0,2002-08-01 00:00:00+00:00,2004-03-31 00:00:00+00:00,Niederösterreich,False,False,,123,2002-08-01 00:00:00+00:00,2004-03-31 23:59:59+00:00,nein
1905,,Allentsteig Kaufholz,15.366667,48.683334,596.0,1983-10-01 00:00:00+00:00,1992-09-30 00:00:00+00:00,Niederösterreich,False,False,,3,1983-10-01 00:00:00+00:00,1992-09-30 23:59:59+00:00,nein
1906,11019,Allentsteig,15.36694,48.69083,598.8,1992-08-01 00:00:00+00:00,2100-12-31 00:00:00+00:00,Niederösterreich,True,True,,3,1992-10-01 00:00:00+00:00,,nein
1910,,Stift Zwettl,15.19999,48.61667,506.0,1931-01-01 00:00:00+00:00,1994-07-31 00:00:00+00:00,Niederösterreich,True,False,,89,1931-01-01 00:00:00+00:00,1994-07-31 23:59:59+00:00,nein
1920,11020,Stift Zwettl,15.20361,48.61778,502.4,1994-08-01 00:00:00+00:00,2100-12-31 00:00:00+00:00,Niederösterreich,True,True,,89,1994-08-01 00:00:00+00:00,,nein
2100,,Altenburg,15.6,48.650002,387.0,1981-01-01 00:00:00+00:00,1982-12-31 00:00:00+00:00,Niederösterreich,False,False,,,,,nein
2110,,Horn,15.65,48.666668,315.0,1936-01-01 00:00:00+00:00,1983-08-01 00:00:00+00:00,Niederösterreich,False,False,,199,1936-01-01 00:00:00+00:00,1983-07-31 23:59:59+00:00,nein
2112,,Mörtersdorf,15.716666,48.616665,320.0,1983-10-01 00:00:00+00:00,1989-11-30 00:00:00+00:00,Niederösterreich,False,False,,,,,nein
2113,,Horn,15.662778,48.669445,305.0,1990-01-01 00:00:00+00:00,1994-02-28 00:00:00+00:00,Niederösterreich,False,False,,199,1990-01-01 00:00:00+00:00,1994-02-28 23:59:59+00:00,nein
2114,11388,Horn,15.65361,48.67056,318.4,2007-07-01 00:00:00+00:00,2020-10-05 00:00:00+00:00,Niederösterreich,True,True,,199,2007-07-01 00:00:00+00:00,2019-12-31 23:59:59+00:00,nein
2115,11023,Gars am Kamp,15.66778,48.59556,267.0,1999-03-10 00:00:00+00:00,2016-05-18 00:00:00+00:00,Niederösterreich,True,True,,215,1999-03-10 00:00:00+00:00,2016-05-18 23:59:59+00:00,nein
2116,11064,Gars am Kamp,15.7,48.59194,273.0,2016-05-20 00:00:00+00:00,2100-12-31 00:00:00+00:00,Niederösterreich,True,True,,215,2016-05-20 00:00:00+00:00,,nein
2117,11297,Horn Wasserwerk,15.643888,48.674999,308.0,2019-04-15 00:00:00+00:00,2100-12-31 00:00:00+00:00,Niederösterreich,True,True,,199,2020-01-01 00:00:00+00:00,,nein
2200,,Hollabrunn/Schöngrabern,16.049999,48.616665,245.0,1976-05-01 00:00:00+00:00,1986-11-30 00:00:00+00:00,Niederösterreich,False,False,,37,1976-05-13 00:00:00+00:00,1986-11-30 23:59:59+00:00,nein
2201,,Hollabrunn/Schöngrabern,16.061945,48.604443,253.0,1989-04-01 00:00:00+00:00,2007-12-31 00:00:00+00:00,Niederösterreich,False,False,,37,1989-04-01 00:00:00+00:00,2007-12-31 23:59:59+00:00,nein
2203,,Hollabrunn,16.083334,48.566666,245.0,1973-04-01 00:00:00+00:00,1975-12-31 00:00:00+00:00,Niederösterreich,False,False,,37,1973-04-14 00:00:00+00:00,1975-12-31 23:59:59+00:00,nein
2206,,Hollabrunn,16.066668,48.566666,252.0,1936-01-01 00:00:00+00:00,1947-12-01 00:00:00+00:00,Niederösterreich,False,False,,37,1936-01-01 00:00:00+00:00,1947-11-30 23:59:59+00:00,nein
2207,11334,Schöngrabern,16.06167,48.60333,253.0,2007-04-01 00:00:00+00:00,2100-12-31 00:00:00+00:00,Niederösterreich,True,True,,37,2008-01-01 00:00:00+00:00,,nein
2210,,Ravelsbach,15.85,48.549999,265.0,1983-10-01 00:00:00+00:00,1988-07-31 00:00:00+00:00,Niederösterreich,False,False,,79,1983-10-01 00:00:00+00:00,1988-07-31 23:59:59+00:00,nein
2211,,Ravelsbach,15.848056,48.550835,259.0,1988-08-01 00:00:00+00:00,1995-06-30 00:00:00+00:00,Niederösterreich,False,False,,79,1988-08-01 00:00:00+00:00,1995-06-30 23:59:59+00:00,nein
2230,,Pillersdorf Öhlberg,15.933333,48.716667,315.0,1992-04-01 00:00:00+00:00,1993-11-30 00:00:00+00:00,Niederösterreich,True,False,,,,,nein
2300,,Bergau,16.166666,48.516666,239.0,1981-01-01 00:00:00+00:00,1981-12-31 00:00:00+00:00,Niederösterreich,False,False,,,,,nein
2310,,Wulzeshofen,16.299999,48.716667,184.0,1983-10-01 00:00:00+00:00,1984-12-31 00:00:00+00:00,Niederösterreich,False,False,,,,,nein
2400,,Laa an der Thaya,16.385279,48.726112,187.0,1952-01-01 00:00:00+00:00,2007-12-31 00:00:00+00:00,Niederösterreich,False,False,,152,1952-01-01 00:00:00+00:00,2007-12-31 23:59:59+00:00,nein
2401,11335,Laa an der Thaya Kläranlage,16.38972,48.73139,184.0,2006-12-18 00:00:00+00:00,2100-12-31 00:00:00+00:00,Niederösterreich,True,True,,152,2008-01-01 00:00:00+00:00,,nein
2410,,Oberleis,16.370001,48.559444,420.0,1948-01-01 00:00:00+00:00,1997-08-31 00:00:00+00:00,Niederösterreich,False,False,,67,1948-01-01 00:00:00+00:00,1997-08-31 23:59:59+00:00,nein
2415,11083,Leiser Berge,16.37167,48.55889,456.5,1998-04-01 00:00:00+00:00,2100-12-31 00:00:00+00:00,Niederösterreich,True,True,,67,1998-04-01 00:00:00+00:00,,nein
2422,,Mistelbach an der Zaya,16.583334,48.583332,230.0,1984-01-01 00:00:00+00:00,1993-12-31 00:00:00+00:00,Niederösterreich,False,False,,,,,nein
2430,11332,Mistelbach,16.60944,48.57083,191.0,2004-07-01 00:00:00+00:00,2100-12-31 00:00:00+00:00,Niederösterreich,True,False,,,,,nein
2500,,Poysdorf,16.63333,48.66667,208.0,1965-11-01 00:00:00+00:00,1988-12-31 00:00:00+00:00,Niederösterreich,True,False,,70,1965-11-01 00:00:00+00:00,1988-12-31 23:59:59+00:00,nein
2502,,Poysdorf,16.63333,48.66667,209.0,1989-01-01 00:00:00+00:00,1991-12-31 00:00:00+00:00,Niederösterreich,True,False,,70,1989-01-01 00:00:00+00:00,1991-12-31 23:59:59+00:00,nein
2503,11032,Poysdorf Ost,16.6375,48.66917,198.0,1991-12-01 00:00:00+00:00,2100-12-31 00:00:00+00:00,Niederösterreich,True,True,,70,1992-01-01 00:00:00+00:00,,nein
2510,,Wilfersdorf,16.65,48.583332,192.0,1936-01-01 00:00:00+00:00,1983-11-30 00:00:00+00:00,Niederösterreich,False,False,,,,,nein
2600,,Hohenau an der March,16.904444,48.617222,155.0,1948-01-01 00:00:00+00:00,2007-12-31 00:00:00+00:00,Niederösterreich,True,False,,158,1948-01-01 00:00:00+00:00,2007-06-30 23:59:59+00:00,nein
2601,11333,Hohenau,16.90444,48.61639,153.8,2007-04-01 00:00:00+00:00,2022-03-01 00:00:00+00:00,Niederösterreich,True,True,,158,2007-07-01 00:00:00+00:00,2022-02-28 08:20:59+00:00,nein
2602,11333,Hohenau,16.913055,48.605835,150.0,2022-03-01 00:00:00+00:00,2100-12-31 00:00:00+00:00,Niederösterreich,True,True,,158,2022-03-02 00:00:00+00:00,,nein
2900,,Reichersberg,13.37,48.336113,350.0,1948-10-01 00:00:00+00:00,2008-09-30 00:00:00+00:00,Oberösterreich,True,False,,159,1948-10-01 00:00:00+00:00,2008-06-30 23:59:59+00:00,nein
2901,,Reichersberg,13.366667,48.333332,335.0,1936-01-01 00:00:00+00:00,1949-06-30 00:00:00+00:00,Oberösterreich,False,False,,159,1936-01-01 00:00:00+00:00,1948-09-30 23:59:59+00:00,nein
2902,11004,Reichersberg,13.37611,48.33111,351.0,2008-06-25 00:00:00+00:00,2100-12-31 00:00:00+00:00,Oberösterreich,True,True,,159,2008-07-01 00:00:00+00:00,,nein
2910,11055,Schärding,13.43453,48.46428,306.7,1992-12-01 00:00:00+00:00,2100-12-31 00:00:00+00:00,Oberösterreich,True,True,,,,,nein
3110,,Waizenkirchen,13.864722,48.326668,400.0,1948-01-01 00:00:00+00:00,2008-09-30 00:00:00+00:00,Oberösterreich,False,False,,160,1948-01-01 00:00:00+00:00,2008-06-30 23:59:59+00:00,nein
3111,11058,Waizenkirchen,13.86458,48.32656,400.2,2008-06-25 00:00:00+00:00,2025-07-22 00:00:00+00:00,Oberösterreich,True,True,,160,2008-07-01 00:00:00+00:00,2025-07-22 09:00:00+00:00,nein
3120,,Aschach,14.016666,48.383335,282.0,1960-01-01 00:00:00+00:00,1994-12-31 00:00:00+00:00,Oberösterreich,False,True,,,,,nein
3200,,Linz Stadt,14.283334,48.299999,263.0,1974-12-10 00:00:00+00:00,1992-06-30 00:00:00+00:00,Oberösterreich,False,False,,56,1974-12-10 00:00:00+00:00,1992-06-30 23:59:59+00:00,nein
3202,11060,Linz Stadt,14.28528,48.29639,262.0,1992-07-01 00:00:00+00:00,2100-12-31 00:00:00+00:00,Oberösterreich,True,True,,56,1992-07-01 00:00:00+00:00,,nein
3210,,Reichenau (Oberösterreich),14.3475,48.457222,685.0,1972-10-01 00:00:00+00:00,2008-12-31 00:00:00+00:00,Oberösterreich,True,False,,161,1972-10-01 00:00:00+00:00,2008-07-31 23:59:59+00:00,nein
3215,,Oberneukirchen,14.25,48.466667,800.0,1961-01-01 00:00:00+00:00,1972-12-31 00:00:00+00:00,Oberösterreich,False,False,,,,,nein
3251,,Linz Freinberg,14.266666,48.283333,380.0,1940-07-01 00:00:00+00:00,1945-02-28 00:00:00+00:00,Oberösterreich,False,False,,56,1940-07-01 00:00:00+00:00,1945-02-28 23:59:59+00:00,nein
3252,,Linz Museumstraße,14.316667,48.316666,260.0,1948-05-01 00:00:00+00:00,1971-03-31 00:00:00+00:00,Oberösterreich,False,False,,56,1948-05-21 00:00:00+00:00,1971-03-31 23:59:59+00:00,nein
3253,,Linz Urfahr,14.266666,48.299999,270.0,1947-07-01 00:00:00+00:00,1948-05-22 00:00:00+00:00,Oberösterreich,False,False,,,,,nein
3257,,Linz Weingarsthof,14.3,48.299999,258.0,1952-05-09 00:00:00+00:00,1956-03-31 00:00:00+00:00,Oberösterreich,True,False,,,,,nein
3266,,Linz Petrinum,14.266666,48.299999,304.0,1895-07-01 00:00:00+00:00,1939-02-28 00:00:00+00:00,Oberösterreich,True,False,,56,1895-07-01 00:00:00+00:00,1939-02-28 23:59:59+00:00,nein
3267,,Linz Flugplatz,14.331667,48.306667,257.0,1939-03-01 00:00:00+00:00,1940-06-30 00:00:00+00:00,Oberösterreich,False,False,,56,1939-03-01 00:00:00+00:00,1940-06-30 23:59:59+00:00,nein
3269,,Linz Wirtschaftshof,14.266666,48.299999,304.0,1971-05-01 00:00:00+00:00,1973-11-30 00:00:00+00:00,Oberösterreich,False,False,,56,1971-05-01 00:00:00+00:00,1973-11-30 23:59:59+00:00,nein
3315,11050,Reichenau im Mühlkreis,14.34556,48.45917,689.1,2008-08-01 00:00:00+00:00,2100-12-31 00:00:00+00:00,Oberösterreich,True,True,,161,2008-08-01 00:00:00+00:00,,nein
3400,,Allerheiligen,14.639722,48.304722,542.0,1974-08-01 00:00:00+00:00,2007-12-31 00:00:00+00:00,Oberösterreich,True,False,,,,,nein
3410,,Pabneukirchen,14.819445,48.31889,595.0,1946-07-01 00:00:00+00:00,2006-12-31 00:00:00+00:00,Oberösterreich,True,False,,,,,nein
3411,8989113,Pabneukirchen,14.8525,48.340833,621.0,2023-10-16 00:00:00+00:00,2100-12-31 00:00:00+00:00,Oberösterreich,True,False,,,,,nein
3425,11057,Bad Zell,14.66361,48.355,554.4,2008-11-09 00:00:00+00:00,2100-12-31 00:00:00+00:00,Oberösterreich,True,True,,,,,nein
3500,,Königswiesen,14.838611,48.408611,608.0,1966-12-01 00:00:00+00:00,1997-09-30 00:00:00+00:00,Oberösterreich,False,False,,45,1966-12-01 00:00:00+00:00,1997-09-30 23:59:59+00:00,nein
3501,,Königswiesen,14.84,48.412498,600.0,1998-01-01 00:00:00+00:00,2006-06-16 00:00:00+00:00,Oberösterreich,False,False,,45,1998-01-01 00:00:00+00:00,2006-06-16 23:59:59+00:00,nein
3510,,Zilleck,14.983334,48.400002,880.0,1971-01-01 00:00:00+00:00,1991-01-31 00:00:00+00:00,Niederösterreich,False,False,,,,,nein
3520,11367,Bärnkopf,15.00278,48.39111,969.0,2003-11-01 00:00:00+00:00,2100-12-31 00:00:00+00:00,Niederösterreich,True,True,,,,,nein
3600,,Gutenbrunn Martinsberg,15.15,48.383335,810.0,1973-10-04 00:00:00+00:00,1994-12-31 00:00:00+00:00,Niederösterreich,True,False,,33,1973-10-04 00:00:00+00:00,1994-12-31 23:59:59+00:00,nein
3601,,Gutenbrunn,15.123611,48.364166,828.0,1936-01-01 00:00:00+00:00,1964-12-31 00:00:00+00:00,Niederösterreich,False,False,,33,1948-01-01 00:00:00+00:00,1964-12-31 23:59:59+00:00,nein
3605,,Martinsberg,15.156111,48.37611,810.0,1995-06-01 00:00:00+00:00,2001-05-31 00:00:00+00:00,Niederösterreich,True,False,,33,1995-06-01 00:00:00+00:00,2001-05-31 23:59:59+00:00,nein
3700,,Jauerling,15.348056,48.337222,860.0,1965-11-01 00:00:00+00:00,2023-03-31 00:00:00+00:00,Niederösterreich,False,False,,193,1965-11-01 00:00:00+00:00,1995-06-30 23:59:59+00:00,nein
3701,,Jauerling Rasocher-Haus,15.333333,48.333332,959.0,1935-01-01 00:00:00+00:00,1950-01-01 00:00:00+00:00,Niederösterreich,False,False,,193,1935-01-01 00:00:00+00:00,1941-12-01 23:59:59+00:00,nein
3702,11024,Jauerling Gipfel,15.33911,48.33447,955.0,1994-01-01 00:00:00+00:00,2100-12-31 00:00:00+00:00,Niederösterreich,True,True,,193,1995-07-01 00:00:00+00:00,,nein
3703,,Jauerling/Oberndorf,15.35,48.333332,860.0,1950-01-01 00:00:00+00:00,1962-05-01 00:00:00+00:00,Niederösterreich,False,False,,193,1950-01-01 00:00:00+00:00,1962-04-30 23:59:59+00:00,nein
3710,,Joching,15.459444,48.386112,212.0,1974-02-01 00:00:00+00:00,1996-12-31 00:00:00+00:00,Niederösterreich,False,False,,,,,nein
3720,,Unterloiben,15.55,48.383335,201.0,1983-11-01 00:00:00+00:00,1984-12-31 00:00:00+00:00,Niederösterreich,False,False,,,,,nein
3800,,Krems/Landersdorf,15.616667,48.416668,200.0,1977-06-01 00:00:00+00:00,1982-09-30 00:00:00+00:00,Niederösterreich,True,False,,46,1977-06-01 00:00:00+00:00,1982-09-30 23:59:59+00:00,nein
3801,,Krems,15.622222,48.41861,207.0,1982-10-01 00:00:00+00:00,1996-03-31 00:00:00+00:00,Niederösterreich,True,False,,46,1982-10-01 00:00:00+00:00,1996-03-31 23:59:59+00:00,nein
3805,11070,Krems,15.62222,48.41861,202.0,1996-02-01 00:00:00+00:00,2100-12-31 00:00:00+00:00,Niederösterreich,True,True,,46,1996-04-01 00:00:00+00:00,,nein
3807,,Krems,15.6,48.416668,223.0,1936-01-01 00:00:00+00:00,1977-05-31 00:00:00+00:00,Niederösterreich,False,False,,46,1936-01-01 00:00:00+00:00,1977-05-31 23:59:59+00:00,nein
3810,,Langenlois,15.7,48.466667,210.0,1965-01-01 00:00:00+00:00,1989-10-31 00:00:00+00:00,Niederösterreich,True,False,,52,1965-01-01 00:00:00+00:00,1989-10-31 23:59:59+00:00,nein
3811,11075,Langenlois,15.69722,48.4725,207.0,1989-11-01 00:00:00+00:00,2100-12-31 00:00:00+00:00,Niederösterreich,True,True,,52,1989-11-01 00:00:00+00:00,,nein
3930,,Heiligeneich,15.9,48.299999,199.0,1971-01-01 00:00:00+00:00,1977-12-31 00:00:00+00:00,Niederösterreich,False,False,,,,,nein
4026,11027,Stockerau Flugplatz,16.190861,48.409833,210.0,2023-05-11 00:00:00+00:00,2100-12-31 00:00:00+00:00,Niederösterreich,True,True,,221,2023-05-11 00:00:00+00:00,,nein
4030,8989109,Stockerau,16.19261,48.39689,203.3,1997-06-01 00:00:00+00:00,2024-06-11 00:00:00+00:00,Niederösterreich,True,True,,221,1997-06-01 00:00:00+00:00,2023-05-10 23:59:59+00:00,nein
4065,,Korneuburg Dabschkaserne,16.330555,48.359444,169.0,1994-09-01 00:00:00+00:00,1995-11-30 00:00:00+00:00,Niederösterreich,False,False,,,,,nein
4071,,Korneuburg,16.316668,48.349998,170.0,1988-07-01 00:00:00+00:00,1989-01-31 00:00:00+00:00,Niederösterreich,True,False,,,,,nein
4080,,Langenlebarn,16.11917,48.32444,175.0,1963-01-01 00:00:00+00:00,1992-09-30 00:00:00+00:00,Niederösterreich,True,False,,51,1963-01-01 00:00:00+00:00,1992-09-30 23:59:59+00:00,nein
4081,11030,Langenlebarn,16.11806,48.32389,175.3,1992-08-01 00:00:00+00:00,2100-12-31 00:00:00+00:00,Niederösterreich,True,True,,51,1992-10-01 00:00:00+00:00,,nein
4102,,Wien Kahlenberg,16.333334,48.266666,481.0,1936-01-01 00:00:00+00:00,1973-02-28 00:00:00+00:00,Wien,False,False,,,,,nein
4115,11042,Wien Stammersdorf,16.40556,48.30581,190.7,2008-12-09 00:00:00+00:00,2100-12-31 00:00:00+00:00,Wien,True,True,,,,,nein
4120,,Wien Strebersdorf,16.383333,48.299999,169.0,1936-01-01 00:00:00+00:00,1969-07-31 00:00:00+00:00,Wien,False,False,,,,,nein
4125,8989105,Wolkersdorf,16.5075,48.38028,184.9,2008-07-23 00:00:00+00:00,2024-10-08 00:00:00+00:00,Niederösterreich,True,True,,222,2008-07-23 00:00:00+00:00,2023-06-19 08:59:59+00:00,nein
4126,11045,Wolkersdorf,16.508889,48.388056,174.0,2023-06-19 00:00:00+00:00,2100-12-31 00:00:00+00:00,Niederösterreich,True,True,,222,2023-06-19 09:00:00+00:00,,nein
4170,,Schleinbach,16.433332,48.583332,199.0,1958-01-01 00:00:00+00:00,1982-04-30 00:00:00+00:00,Niederösterreich,True,False,,,,,nein
4200,,Groß-Schweinbarth,16.65,48.416668,180.0,1981-01-01 00:00:00+00:00,1985-10-31 00:00:00+00:00,Niederösterreich,True,False,,,,,nein
4220,,Obersiebenbrunn,16.700001,48.266666,150.0,1965-07-01 00:00:00+00:00,1988-11-30 00:00:00+00:00,Niederösterreich,True,True,,,,,nein
4221,,Gänserndorf,16.687222,48.31139,163.0,1989-01-01 00:00:00+00:00,2000-08-31 00:00:00+00:00,Niederösterreich,True,False,,134,1989-01-01 00:00:00+00:00,2000-08-31 23:59:59+00:00,nein
4223,,Gänserndorf,16.715,48.338612,167.0,2001-08-01 00:00:00+00:00,2003-12-31 00:00:00+00:00,Niederösterreich,False,False,,134,2001-08-01 00:00:00+00:00,2003-12-31 23:59:59+00:00,nein
4224,11048,Gänserndorf Stadt,16.71361,48.33778,163.0,2002-11-12 00:00:00+00:00,2100-12-31 00:00:00+00:00,Niederösterreich,True,True,,134,2004-01-01 00:00:00+00:00,,nein
4305,11085,Zwerndorf,16.83139,48.33806,143.5,1996-12-01 00:00:00+00:00,2100-12-31 00:00:00+00:00,Niederösterreich,True,True,,,,,nein
4500,,Ranshofen,13.033334,48.216667,382.0,1961-01-01 00:00:00+00:00,1989-12-31 00:00:00+00:00,Oberösterreich,False,False,,75,1961-01-01 00:00:00+00:00,1989-12-31 23:59:59+00:00,nein
4501,11051,Ranshofen Braunau,13.02833,48.22417,382.0,1994-07-01 00:00:00+00:00,2100-12-31 00:00:00+00:00,Oberösterreich,True,True,,75,1994-07-01 00:00:00+00:00,,nein
4510,,Feldkirchen bei Mattighofen,13.05,48.083332,528.0,1977-06-01 00:00:00+00:00,1997-12-31 00:00:00+00:00,Oberösterreich,False,False,,,,,nein
4515,11061,Ostermiething,12.83167,48.05306,412.0,2008-06-25 00:00:00+00:00,2100-12-31 00:00:00+00:00,Oberösterreich,True,True,,,,,nein
4600,,Aspach,13.297222,48.183887,440.0,1969-09-01 00:00:00+00:00,2007-03-31 00:00:00+00:00,Oberösterreich,True,False,,162,1969-09-01 00:00:00+00:00,2007-03-31 23:59:59+00:00,nein
4601,11062,Aspach,13.3,48.18306,427.0,2009-07-08 00:00:00+00:00,2100-12-31 00:00:00+00:00,Oberösterreich,True,True,,162,2009-07-08 00:00:00+00:00,,nein
4610,,Mattighofen,13.15,48.116665,451.0,1936-01-01 00:00:00+00:00,1951-10-31 00:00:00+00:00,Oberösterreich,False,False,,,,,nein
4611,11049,Mattighofen,13.15111,48.09722,459.8,2008-07-01 00:00:00+00:00,2100-12-31 00:00:00+00:00,Oberösterreich,True,True,,,,,nein
4700,,Ried im Innkreis,13.483334,48.216667,435.0,1936-01-01 00:00:00+00:00,1997-12-31 00:00:00+00:00,Oberösterreich,False,False,,141,1936-01-01 00:00:00+00:00,1997-12-31 23:59:59+00:00,nein
4705,11053,Ried im Innkreis,13.475,48.21722,427.0,1997-07-01 00:00:00+00:00,2100-12-31 00:00:00+00:00,Oberösterreich,True,True,,141,1998-01-01 00:00:00+00:00,,nein
4800,,Gallspach,13.816667,48.200001,400.0,1966-11-01 00:00:00+00:00,1990-04-30 00:00:00+00:00,Oberösterreich,True,False,,27,1966-11-01 00:00:00+00:00,1990-04-30 23:59:59+00:00,nein
4801,,Gallspach,13.811666,48.209999,368.0,1990-06-01 00:00:00+00:00,2008-06-30 00:00:00+00:00,Oberösterreich,True,False,,27,1990-06-01 00:00:00+00:00,2008-06-30 23:59:59+00:00,nein
4802,11067,Gallspach,13.825,48.20422,425.9,2012-04-13 00:00:00+00:00,2100-12-31 00:00:00+00:00,Oberösterreich,True,False,,27,2012-04-16 00:00:00+00:00,,nein
4810,,Wolfsegg,13.67583,48.10583,634.0,1951-11-11 00:00:00+00:00,1995-05-31 00:00:00+00:00,Oberösterreich,True,False,,111,1951-11-11 00:00:00+00:00,1995-05-31 23:59:59+00:00,nein
4815,11001,Wolfsegg,13.67092,48.10542,635.1,1995-06-01 00:00:00+00:00,2100-12-31 00:00:00+00:00,Oberösterreich,True,True,,111,1995-06-01 00:00:00+00:00,,nein
4821,11056,Vöcklabruck,13.645833,48.0075,434.0,2008-09-25 00:00:00+00:00,2100-12-31 00:00:00+00:00,Oberösterreich,True,True,,,,,nein
4900,,Lambach,13.867222,48.09639,360.0,1952-03-01 00:00:00+00:00,2006-12-31 00:00:00+00:00,Oberösterreich,False,False,,,,,nein
4905,11059,Wels-Schleißheim,14.07139,48.16278,309.0,1983-10-01 00:00:00+00:00,2100-12-31 00:00:00+00:00,Oberösterreich,True,True,,,,,nein
5000,11010,Linz Hörsching Flughafen,14.18806,48.23528,298.0,1942-05-15 00:00:00+00:00,2100-12-31 00:00:00+00:00,Oberösterreich,True,False,,,,,nein
5010,,Kremsmünster,14.13222,48.05527,383.0,1874-01-01 00:00:00+00:00,2008-12-31 00:00:00+00:00,Oberösterreich,True,False,,204,1874-01-01 00:00:00+00:00,2008-12-31 23:59:59+00:00,nein
5012,11012,Kremsmünster,14.13111,48.055,382.0,1988-01-01 00:00:00+00:00,2100-12-31 00:00:00+00:00,Oberösterreich,True,True,,204,2009-01-01 00:00:00+00:00,,nein
5101,,Enns,14.483334,48.216667,317.0,1948-01-01 00:00:00+00:00,1988-07-31 00:00:00+00:00,Oberösterreich,True,False,,23,1948-01-01 00:00:00+00:00,1988-07-31 23:59:59+00:00,nein
5103,,Enns Stadt,14.483334,48.216667,317.0,1988-08-01 00:00:00+00:00,1993-10-31 00:00:00+00:00,Oberösterreich,True,False,,23,1988-08-01 00:00:00+00:00,1993-10-31 23:59:59+00:00,nein
5110,,Steyr,14.433333,48.033333,336.0,1948-01-01 00:00:00+00:00,1980-12-31 00:00:00+00:00,Oberösterreich,False,True,,,,,nein
5111,,Steyr Stadtgut,14.433333,48.066666,309.0,1956-01-01 00:00:00+00:00,1984-10-31 00:00:00+00:00,Oberösterreich,True,True,,,,,nein
5112,,Wachtberg bei Steyr,14.461945,48.048054,392.0,1985-04-01 00:00:00+00:00,2008-07-31 00:00:00+00:00,Niederösterreich,True,False,,192,1985-04-01 00:00:00+00:00,2008-07-31 23:59:59+00:00,nein
5116,11374,Wachtberg bei Steyr,14.46111,48.0475,384.0,2008-06-01 00:00:00+00:00,2100-12-31 00:00:00+00:00,Niederösterreich,True,True,,192,2008-08-01 00:00:00+00:00,,nein
5130,11002,Enns,14.45028,48.19583,317.0,2008-07-01 00:00:00+00:00,2100-12-31 00:00:00+00:00,Oberösterreich,True,True,,23,2008-07-01 00:00:00+00:00,,nein
5200,,Haag,14.616667,48.116665,408.0,1983-10-01 00:00:00+00:00,1986-04-30 00:00:00+00:00,Oberösterreich,False,False,,,,,nein
5300,,Amstetten Gießhübl,14.9,48.1,318.0,1970-10-01 00:00:00+00:00,1986-09-30 00:00:00+00:00,Niederösterreich,True,False,,4,1977-01-01 00:00:00+00:00,1986-09-30 23:59:59+00:00,nein
5301,,Amstetten,14.86667,48.11667,328.0,1936-01-01 00:00:00+00:00,1977-11-21 00:00:00+00:00,Niederösterreich,True,False,,4,1936-01-01 00:00:00+00:00,1976-12-31 23:59:59+00:00,nein
5302,,Amstetten Allersdorf,14.86667,48.11667,275.0,1986-08-01 00:00:00+00:00,1988-12-31 00:00:00+00:00,Niederösterreich,True,False,,4,1986-10-01 00:00:00+00:00,1988-12-31 23:59:59+00:00,nein
5304,,Amstetten Greinsfurth,14.85,48.1,282.0,1989-08-01 00:00:00+00:00,1989-09-30 00:00:00+00:00,Niederösterreich,True,False,,4,1989-08-01 00:00:00+00:00,1989-09-30 23:59:59+00:00,nein
5310,,Randegg,14.966666,48.016666,360.0,1977-05-01 00:00:00+00:00,1985-02-28 00:00:00+00:00,Niederösterreich,False,False,,74,1977-05-05 00:00:00+00:00,1985-02-28 23:59:59+00:00,nein
5311,,Randegg,14.966666,48.0,362.0,1985-03-01 00:00:00+00:00,1986-09-30 00:00:00+00:00,Niederösterreich,False,False,,74,1985-03-01 00:00:00+00:00,1986-09-30 23:59:59+00:00,nein
5312,,Randegg,14.983334,48.008888,363.0,1986-10-01 00:00:00+00:00,2007-12-31 00:00:00+00:00,Niederösterreich,False,False,,74,1986-10-01 00:00:00+00:00,2007-12-31 23:59:59+00:00,nein
5315,11018,Amstetten Kläranlage,14.89861,48.10806,265.0,1993-02-01 00:00:00+00:00,2000-06-30 00:00:00+00:00,Niederösterreich,True,True,,4,1993-02-01 00:00:00+00:00,2000-06-30 23:59:59+00:00,nein
5316,11018,Amstetten,14.895,48.10889,266.0,2000-07-01 00:00:00+00:00,2100-12-31 00:00:00+00:00,Niederösterreich,True,True,,4,2000-07-01 00:00:00+00:00,,nein
5320,,Ybbs Persenbeug,15.066667,48.183334,231.0,1956-04-01 00:00:00+00:00,1994-12-31 00:00:00+00:00,Niederösterreich,False,True,,,,,nein
5400,,Melk,15.354167,48.209167,240.0,1974-08-01 00:00:00+00:00,1995-02-28 00:00:00+00:00,Niederösterreich,True,False,,189,1974-08-01 00:00:00+00:00,1995-02-28 23:59:59+00:00,nein
5410,,Oberndorf an der Melk,15.215278,48.063889,297.0,1977-11-01 00:00:00+00:00,2007-12-31 00:00:00+00:00,Niederösterreich,True,False,,155,1977-11-01 00:00:00+00:00,2007-12-31 23:59:59+00:00,nein
5412,11376,Oberndorf an der Melk,15.21381,48.06239,295.1,2007-07-01 00:00:00+00:00,2100-12-31 00:00:00+00:00,Niederösterreich,True,True,,155,2008-01-01 00:00:00+00:00,,nein
5413,11054,Melk,15.33139,48.20972,307.0,2008-09-25 00:00:00+00:00,2100-12-31 00:00:00+00:00,Niederösterreich,True,True,,189,2008-09-25 00:00:00+00:00,,nein
5421,11379,Wieselburg,15.14672,48.12731,258.7,2007-07-01 00:00:00+00:00,2100-12-31 00:00:00+00:00,Niederösterreich,True,True,,,,,nein
5430,,Petzenkirchen,15.15,48.150002,252.0,1946-05-01 00:00:00+00:00,1978-04-30 00:00:00+00:00,Niederösterreich,False,True,,,,,nein
5600,,St. Pölten Hesserkaserne,15.616667,48.200001,272.0,1979-04-01 00:00:00+00:00,1993-12-31 00:00:00+00:00,Niederösterreich,True,False,,93,1979-04-01 00:00:00+00:00,1993-12-31 23:59:59+00:00,nein
5601,,St. Pölten Viehofen,15.616667,48.216667,274.0,1947-01-01 00:00:00+00:00,1955-08-31 00:00:00+00:00,Niederösterreich,False,False,,93,1947-01-01 00:00:00+00:00,1955-08-31 23:59:59+00:00,nein
5604,,St. Pölten Kopalkaserne,15.611111,48.180279,285.0,1994-01-01 00:00:00+00:00,2005-06-13 00:00:00+00:00,Niederösterreich,True,True,,93,1994-01-01 00:00:00+00:00,2003-06-30 23:59:59+00:00,nein
5606,,St. Pölten Kopalkaserne,15.611111,48.180279,282.0,1994-01-01 00:00:00+00:00,1994-12-31 00:00:00+00:00,Niederösterreich,True,False,,,,,nein
5607,,St. Pölten Wallseer Straße,15.622222,48.194168,277.0,1955-09-01 00:00:00+00:00,1979-03-31 00:00:00+00:00,Niederösterreich,True,False,,93,1955-09-01 00:00:00+00:00,1979-03-31 23:59:59+00:00,nein
5609,11389,St. Pölten Landhaus,15.63111,48.19972,273.6,2003-07-01 00:00:00+00:00,2100-12-31 00:00:00+00:00,Niederösterreich,True,True,,93,2003-07-01 00:00:00+00:00,,nein
5610,,Traisen,15.616667,48.033333,340.0,1955-10-01 00:00:00+00:00,1982-10-31 00:00:00+00:00,Niederösterreich,False,False,,,,,nein
5611,,Eschenau an der Traisen,15.583333,48.049999,520.0,1982-11-01 00:00:00+00:00,1994-06-30 00:00:00+00:00,Niederösterreich,False,False,,,,,nein
5620,,Lilienfeld,15.583333,48.016666,582.0,1936-01-01 00:00:00+00:00,1958-09-01 00:00:00+00:00,Niederösterreich,False,False,,,,,nein
5625,11078,Lilienfeld-Tarschberg,15.5875,48.02806,696.0,1992-08-01 00:00:00+00:00,2100-12-31 00:00:00+00:00,Niederösterreich,True,True,,,,,nein
5650,,Hainfeld Kasberg,15.806111,48.067501,600.0,1993-12-01 00:00:00+00:00,2007-12-31 00:00:00+00:00,Niederösterreich,False,False,,,,,nein
5700,,Altenmarkt an der Triesting,16.0,48.016666,397.0,1955-09-09 00:00:00+00:00,1992-06-30 00:00:00+00:00,Niederösterreich,False,False,,,,,nein
5701,11391,Klausen Leopoldsdorf,16.00161,48.08864,389.0,2007-12-01 00:00:00+00:00,2100-12-31 00:00:00+00:00,Niederösterreich,True,True,,,,,nein
5710,,St. Christophen,15.883333,48.183334,247.0,1983-10-01 00:00:00+00:00,1984-12-31 00:00:00+00:00,Niederösterreich,False,False,,,,,nein
5720,,Kohlreith,15.933611,48.170555,501.0,1986-01-01 00:00:00+00:00,2001-06-30 00:00:00+00:00,Niederösterreich,False,False,,125,1986-01-01 00:00:00+00:00,2001-06-30 23:59:59+00:00,nein
5725,11031,Kohlreithberg,15.935278,48.175835,490.0,2001-06-01 00:00:00+00:00,2010-06-22 00:00:00+00:00,Niederösterreich,True,True,,125,2001-07-01 00:00:00+00:00,2010-06-17 23:59:59+00:00,nein
5735,11066,Buchberg,15.94495,48.21362,460.3,2009-11-01 00:00:00+00:00,2100-12-31 00:00:00+00:00,Niederösterreich,True,True,,,,,nein
5740,,Gerichtsberg/Araburg,15.883333,48.016666,618.0,1987-08-01 00:00:00+00:00,1989-01-31 00:00:00+00:00,Niederösterreich,False,False,,,,,nein
5802,11044,Wien Jubliäumswarte,16.26528,48.22111,450.0,2009-09-01 00:00:00+00:00,2100-12-31 00:00:00+00:00,Wien,True,True,,,,,nein
5804,,Wien Mariabrunn,16.233334,48.200001,226.0,1936-01-01 00:00:00+00:00,1994-09-30 00:00:00+00:00,Wien,False,False,,106,1936-01-01 00:00:00+00:00,1994-09-30 23:59:59+00:00,nein
5805,11080,Wien Mariabrunn,16.22944,48.20694,225.0,1997-01-01 00:00:00+00:00,2100-12-31 00:00:00+00:00,Wien,True,True,,106,1997-01-16 00:00:00+00:00,,nein
5808,,Wien Schönbrunn,16.316668,48.166668,232.0,1951-10-01 00:00:00+00:00,1965-12-31 00:00:00+00:00,Wien,False,False,,,,,nein
5820,11077,Brunn am Gebirge,16.27,48.10694,290.6,2008-09-25 00:00:00+00:00,2100-12-31 00:00:00+00:00,Niederösterreich,True,True,,,,,nein
5855,,Wiener Neudorf,16.311111,48.075554,203.0,1966-12-01 00:00:00+00:00,1968-05-01 00:00:00+00:00,Niederösterreich,False,False,,,,,nein
5870,11081,Baden,16.235556,48.011391,244.8,1982-12-01 00:00:00+00:00,2012-05-31 00:00:00+00:00,Niederösterreich,True,False,,12,1982-12-01 00:00:00+00:00,2012-05-31 23:59:59+00:00,nein
5871,,Baden,16.233334,48.016666,260.0,1954-04-01 00:00:00+00:00,1982-11-30 00:00:00+00:00,Niederösterreich,True,False,,12,1954-04-01 00:00:00+00:00,1982-11-30 23:59:59+00:00,nein
5880,,Gumpoldskirchen,16.283333,48.033333,222.0,1948-05-01 00:00:00+00:00,1987-12-31 00:00:00+00:00,Niederösterreich,False,False,,32,1948-05-01 00:00:00+00:00,1987-12-31 23:59:59+00:00,nein
5881,11082,Gumpoldskirchen,16.28222,48.04028,219.0,1990-11-01 00:00:00+00:00,2018-04-01 00:00:00+00:00,Niederösterreich,True,True,,32,1990-11-01 00:00:00+00:00,2018-03-28 23:59:59+00:00,nein
5882,11082,Gumpoldskirchen,16.28083,48.03583,212.0,2018-03-28 00:00:00+00:00,2100-12-31 00:00:00+00:00,Niederösterreich,True,True,,32,2018-03-29 00:00:00+00:00,,nein
5890,,Breitenfurt,16.133333,48.150002,437.0,1981-01-01 00:00:00+00:00,1986-03-31 00:00:00+00:00,Niederösterreich,True,False,,,,,nein
5901,,Wien Hohe Warte,16.35639,48.24861,203.0,1872-05-01 00:00:00+00:00,1992-12-31 00:00:00+00:00,Wien,True,True,,105,1872-05-01 00:00:00+00:00,1992-12-31 23:59:59+00:00,nein
5902,,Wien Favoriten,16.370832,48.193611,177.0,1852-09-01 00:00:00+00:00,1872-04-30 00:00:00+00:00,Wien,False,False,,105,1852-09-01 00:00:00+00:00,1872-04-30 23:59:59+00:00,nein
5904,11033,Wien Hohe Warte,16.35639,48.24861,198.0,1934-07-01 00:00:00+00:00,2100-12-31 00:00:00+00:00,Wien,True,True,,105,1993-01-01 00:00:00+00:00,,nein
5905,,Wien alte Universität,16.366667,48.216667,175.0,1775-01-01 00:00:00+00:00,1873-12-31 00:00:00+00:00,Wien,False,False,,105,1775-01-01 00:00:00+00:00,1852-08-31 23:59:59+00:00,nein
5916,,Wien Unterlaa,16.422777,48.127499,200.0,1963-10-01 00:00:00+00:00,1995-12-31 00:00:00+00:00,Wien,False,False,,107,1963-10-01 00:00:00+00:00,1995-12-31 23:59:59+00:00,nein
5917,11040,Wien Unterlaa,16.41944,48.125,200.0,1996-01-01 00:00:00+00:00,2100-12-31 00:00:00+00:00,Wien,True,True,,107,1996-01-01 00:00:00+00:00,,nein
5925,11034,Wien Innere Stadt,16.36694,48.19833,177.0,1985-01-01 00:00:00+00:00,2100-12-31 00:00:00+00:00,Wien,True,True,,,,,nein
5935,11090,Wien Donaufeld,16.43139,48.25722,160.0,1996-07-01 00:00:00+00:00,2100-12-31 00:00:00+00:00,Wien,True,True,,,,,nein
5950,,Hennersdorf,16.366667,48.116665,183.0,1968-06-01 00:00:00+00:00,1971-02-28 00:00:00+00:00,Niederösterreich,False,False,,,,,nein
5963,,Wien Hohe Warte Hannhütte,16.355833,48.248611,198.0,1951-01-01 00:00:00+00:00,1987-12-31 00:00:00+00:00,Wien,False,False,,,,,nein
5965,,Wien Hohe Warte (21 Uhr Termine),16.351944,48.235832,202.0,1971-01-01 00:00:00+00:00,1987-12-31 00:00:00+00:00,Wien,True,False,,,,,nein
5970,,Groß-Enzersdorf,16.566668,48.200001,153.0,1936-01-01 00:00:00+00:00,1991-02-28 00:00:00+00:00,Niederösterreich,True,False,,31,1936-01-01 00:00:00+00:00,1990-12-31 23:59:59+00:00,nein
5972,11037,Groß-Enzersdorf,16.55917,48.19975,154.3,1989-06-01 00:00:00+00:00,2100-12-31 00:00:00+00:00,Niederösterreich,True,True,,31,1991-01-01 00:00:00+00:00,,nein
5980,,Münchendorf,16.4,48.033333,184.0,1961-06-08 00:00:00+00:00,1986-04-30 00:00:00+00:00,Niederösterreich,False,False,,,,,nein
5990,11036,Schwechat Flughafen,16.58139,48.1175,183.0,1948-01-01 00:00:00+00:00,2100-12-31 00:00:00+00:00,Niederösterreich,True,False,,,,,nein
6010,,Franzensdorf,16.65,48.200001,153.0,1979-04-13 00:00:00+00:00,1986-06-30 00:00:00+00:00,Niederösterreich,False,False,,,,,nein
6020,,Fuchsenbigl,16.748056,48.191944,149.0,1946-04-14 00:00:00+00:00,2007-11-30 00:00:00+00:00,Niederösterreich,True,False,,,,,nein
6050,,Fischamend,16.613611,48.09861,159.0,1984-08-01 00:00:00+00:00,2004-06-09 00:00:00+00:00,Niederösterreich,False,True,,,,,nein
6100,,Prellenkirchen,16.950001,48.066666,178.0,1981-01-01 00:00:00+00:00,1981-02-28 00:00:00+00:00,Niederösterreich,False,False,,,,,nein
6101,,Bruckneudorf Heidehof,16.846666,48.014721,167.0,1939-01-01 00:00:00+00:00,2007-12-31 00:00:00+00:00,Burgenland,False,False,,18,1939-01-01 00:00:00+00:00,2007-12-31 23:59:59+00:00,nein
6102,11394,Bruckneudorf,16.845,48.01278,165.6,2007-11-28 00:00:00+00:00,2100-12-31 00:00:00+00:00,Burgenland,True,True,,18,2008-01-01 00:00:00+00:00,,nein
6110,,Bad Deutsch-Altenburg,16.916666,48.099998,182.0,1936-01-01 00:00:00+00:00,1971-10-31 00:00:00+00:00,Niederösterreich,False,False,,,,,nein
6111,11046,Bad Deutsch-Altenburg,16.90675,48.13647,168.6,2010-05-27 00:00:00+00:00,2100-12-31 00:00:00+00:00,Niederösterreich,True,False,,,,,nein
6300,11150,Salzburg Flughafen,13.00861,47.78944,430.0,1939-03-01 00:00:00+00:00,2100-12-31 00:00:00+00:00,Salzburg,True,True,,131,1939-03-01 00:00:00+00:00,,nein
6304,,Salzburg Freisaal,13.0525,47.79083,420.0,1987-01-01 00:00:00+00:00,2005-12-31 00:00:00+00:00,Salzburg,True,True,,145,1987-01-01 00:00:00+00:00,2005-12-31 23:59:59+00:00,nein
6305,11350,Salzburg Freisaal,13.05417,47.79111,419.0,1992-02-01 00:00:00+00:00,2100-12-31 00:00:00+00:00,Salzburg,True,True,,145,2006-01-01 00:00:00+00:00,,nein
6306,,Salzburg,13.04722,47.79861,424.0,1874-01-01 00:00:00+00:00,1903-07-31 00:00:00+00:00,Salzburg,False,False,,131,1874-01-01 00:00:00+00:00,1903-07-31 23:59:59+00:00,nein
6308,,Salzburg Festung,13.05,47.799999,542.0,1930-12-01 00:00:00+00:00,1931-12-24 00:00:00+00:00,Salzburg,True,False,,,,,nein
6315,,Salzburg Lehrerseminar,13.033334,47.783333,419.0,1903-08-01 00:00:00+00:00,1941-02-28 00:00:00+00:00,Salzburg,False,False,,131,1903-08-01 00:00:00+00:00,1939-02-28 23:59:59+00:00,nein
6400,,Irrsdorf,13.273334,47.973888,570.0,1974-06-01 00:00:00+00:00,2000-12-31 00:00:00+00:00,Salzburg,True,False,,,,,nein
6409,,Mattsee,13.1,47.966667,525.0,1949-06-17 00:00:00+00:00,1971-07-31 00:00:00+00:00,Salzburg,False,False,,60,1949-06-17 00:00:00+00:00,1971-07-31 23:59:59+00:00,nein
6410,,Mattsee,13.1,47.96667,508.0,1971-08-01 00:00:00+00:00,1985-11-30 00:00:00+00:00,Salzburg,False,False,,60,1971-08-01 00:00:00+00:00,1985-11-30 23:59:59+00:00,nein
6411,11152,Mattsee,13.1,47.97,504.0,1985-12-01 00:00:00+00:00,1998-10-31 00:00:00+00:00,Salzburg,True,False,,60,1985-12-01 00:00:00+00:00,1998-10-31 23:59:59+00:00,nein
6412,11152,Mattsee,13.10694,47.97778,508.0,1998-11-01 00:00:00+00:00,1999-01-31 00:00:00+00:00,Salzburg,True,False,,60,1998-11-01 00:00:00+00:00,1999-01-31 23:59:59+00:00,nein
6413,,Mattsee,13.1,47.96667,508.0,1999-02-01 00:00:00+00:00,1999-10-31 00:00:00+00:00,Salzburg,False,False,,60,1999-02-01 00:00:00+00:00,1999-10-31 23:59:59+00:00,nein
6415,11152,Mattsee,13.10556,47.97722,502.0,1999-10-01 00:00:00+00:00,2100-12-31 00:00:00+00:00,Salzburg,True,True,,60,1999-11-01 00:00:00+00:00,,nein
6430,11373,Kolomansberg,13.27519,47.87772,1113.1,2008-06-25 00:00:00+00:00,2100-12-31 00:00:00+00:00,Salzburg,True,False,,,,,nein
6501,11352,Frankenmarkt,13.42306,47.99139,565.0,2004-03-01 00:00:00+00:00,2017-03-25 00:00:00+00:00,Oberösterreich,False,False,,190,2004-03-01 00:00:00+00:00,2017-03-25 23:59:59+00:00,nein
6505,,Seewalchen,13.6,47.950001,493.0,1983-05-01 00:00:00+00:00,1989-06-30 00:00:00+00:00,Oberösterreich,False,False,,,,,nein
6506,,Seewalchen,13.566667,47.950001,501.0,1993-05-01 00:00:00+00:00,2000-11-16 00:00:00+00:00,Oberösterreich,False,False,,,,,nein
6507,,Mondsee,13.35,47.866665,480.0,1942-05-01 00:00:00+00:00,1945-02-28 00:00:00+00:00,Oberösterreich,False,False,,163,1942-05-01 00:00:00+00:00,1945-02-28 23:59:59+00:00,nein
6508,,Mondsee,13.35,47.866665,482.0,1936-01-01 00:00:00+00:00,1943-07-31 00:00:00+00:00,Oberösterreich,False,False,,163,1936-01-01 00:00:00+00:00,1942-04-30 23:59:59+00:00,nein
6509,,Mondsee Plomberg,13.35,47.849998,488.0,1946-10-01 00:00:00+00:00,1949-09-30 00:00:00+00:00,Oberösterreich,False,False,,163,1946-10-01 00:00:00+00:00,1949-09-30 23:59:59+00:00,nein
6510,,Mondsee,13.36889,47.84778,491.0,1964-11-01 00:00:00+00:00,2008-12-31 00:00:00+00:00,Oberösterreich,True,False,,163,1964-11-01 00:00:00+00:00,2008-12-31 23:59:59+00:00,nein
6512,11153,Mondsee,13.34722,47.85083,480.5,2009-01-01 00:00:00+00:00,2100-12-31 00:00:00+00:00,Oberösterreich,True,True,,163,2009-01-01 00:00:00+00:00,,nein
6515,,Mondsee,13.35,47.866665,488.0,1950-03-16 00:00:00+00:00,1964-10-31 00:00:00+00:00,Oberösterreich,True,False,,163,1950-03-16 00:00:00+00:00,1964-10-31 23:59:59+00:00,nein
6520,,Talham,13.483334,47.933334,539.0,1953-06-24 00:00:00+00:00,1982-11-30 00:00:00+00:00,Oberösterreich,False,False,,,,,nein
6530,,Weyregg,13.5675,47.906387,469.0,1974-06-01 00:00:00+00:00,1997-08-31 00:00:00+00:00,Oberösterreich,True,False,,,,,nein
6540,11087,Unterach am Attersee,13.483611,47.802776,470.0,2019-05-27 00:00:00+00:00,2100-12-31 00:00:00+00:00,Oberösterreich,True,False,,,,,nein
6550,,Weißenkirchen,13.416667,47.950001,650.0,1948-01-01 00:00:00+00:00,1964-07-31 00:00:00+00:00,Oberösterreich,False,False,,,,,nein
6600,,Ebensee,13.790833,47.810276,424.0,1936-02-01 00:00:00+00:00,1983-12-31 00:00:00+00:00,Oberösterreich,False,False,,,,,nein
6610,,Feuerkogel,13.71833,47.81777,1618.0,1928-01-01 00:00:00+00:00,2008-12-31 00:00:00+00:00,Oberösterreich,True,True,,205,1928-01-01 00:00:00+00:00,2008-12-31 23:59:59+00:00,nein
6611,11155,Feuerkogel,13.71778,47.81667,1618.0,1989-10-01 00:00:00+00:00,2100-12-31 00:00:00+00:00,Oberösterreich,True,True,,205,2009-01-01 00:00:00+00:00,,nein
6619,,Gmunden,13.78333,47.91667,424.0,1929-09-27 00:00:00+00:00,1981-03-31 00:00:00+00:00,Oberösterreich,True,True,,29,1930-01-01 00:00:00+00:00,1981-03-31 23:59:59+00:00,nein
6620,11154,Gmunden,13.8075,47.91472,424.4,1982-08-12 00:00:00+00:00,2016-04-26 00:00:00+00:00,Oberösterreich,True,True,,29,1982-08-13 00:00:00+00:00,2016-04-26 23:59:59+00:00,nein
6621,11254,Altmünster,13.77333,47.87917,438.0,2014-11-24 00:00:00+00:00,2100-12-31 00:00:00+00:00,Oberösterreich,True,True,,,,,nein
6630,,Lenzing,13.616667,47.983334,466.0,1954-03-01 00:00:00+00:00,1964-12-31 00:00:00+00:00,Oberösterreich,True,False,,,,,nein
6700,,Grünau,13.951111,47.864166,540.0,1972-05-01 00:00:00+00:00,1998-12-31 00:00:00+00:00,Oberösterreich,False,False,,,,,nein
6800,,Kirchdorf,14.130834,47.899445,445.0,1971-01-01 00:00:00+00:00,2004-06-30 00:00:00+00:00,Oberösterreich,False,False,,144,1978-11-01 00:00:00+00:00,2004-06-30 23:59:59+00:00,nein
6802,,Micheldorf,14.135,47.882778,459.0,2005-08-01 00:00:00+00:00,2008-07-16 00:00:00+00:00,Oberösterreich,False,False,,144,2005-08-10 00:00:00+00:00,2008-07-16 23:59:59+00:00,nein
6803,11347,Micheldorf,14.13444,47.88306,459.0,2008-07-31 00:00:00+00:00,2022-09-12 00:00:00+00:00,Oberösterreich,True,True,,144,2008-08-01 00:00:00+00:00,2022-09-12 16:59:59+00:00,nein
6804,11347,Micheldorf,14.117222,47.88388,443.0,2022-09-13 00:00:00+00:00,2100-12-31 00:00:00+00:00,Oberösterreich,True,True,,144,2022-09-13 00:00:00+00:00,,nein
6900,,Ternberg,14.353889,47.954445,350.0,1961-01-01 00:00:00+00:00,2003-12-31 00:00:00+00:00,Oberösterreich,False,False,,,,,nein
6905,,Reichraming,14.483334,47.883335,380.0,1941-10-01 00:00:00+00:00,1952-05-31 00:00:00+00:00,Oberösterreich,False,False,,,,,nein
6910,,Großraming Kraftwerk,14.517777,47.893333,379.0,1952-06-01 00:00:00+00:00,2000-12-31 00:00:00+00:00,Oberösterreich,True,False,,,,,nein
7000,,Weyer,14.666667,47.866665,410.0,1968-06-01 00:00:00+00:00,1989-06-30 00:00:00+00:00,Oberösterreich,True,False,,104,1968-06-01 00:00:00+00:00,1989-06-30 23:59:59+00:00,nein
7001,,Weyer,14.667222,47.857777,428.0,1989-07-01 00:00:00+00:00,2007-08-31 00:00:00+00:00,Oberösterreich,True,False,,104,1989-07-01 00:00:00+00:00,2007-08-31 23:59:59+00:00,nein
7002,11341,Weyer,14.66572,47.85719,426.1,2007-07-05 00:00:00+00:00,2100-12-31 00:00:00+00:00,Oberösterreich,True,True,,104,2007-09-01 00:00:00+00:00,,nein
7010,,Waidhofen an der Ybbs,14.766666,47.966667,365.0,1924-12-01 00:00:00+00:00,1988-10-31 00:00:00+00:00,Niederösterreich,False,False,,101,1924-12-01 00:00:00+00:00,1988-10-31 23:59:59+00:00,nein
7011,,Waidhofen an der Ybbs,14.755,47.95417,421.0,1989-08-01 00:00:00+00:00,2004-12-16 00:00:00+00:00,Niederösterreich,False,False,,101,1989-08-01 00:00:00+00:00,2004-11-30 23:59:59+00:00,nein
7012,11368,Waidhofen an der Ybbs/Zentrum,14.78444,47.95778,365.1,2002-10-10 00:00:00+00:00,2019-06-04 00:00:00+00:00,Niederösterreich,True,True,,101,2004-12-01 00:00:00+00:00,2017-12-31 23:59:59+00:00,nein
7013,11071,Waidhofen an der Ybbs,14.80972,47.94556,384.0,2017-03-30 00:00:00+00:00,2100-12-31 00:00:00+00:00,Niederösterreich,True,True,,101,2018-01-01 00:00:00+00:00,,nein
7020,,Lunz,15.0,47.849998,612.0,1927-01-01 00:00:00+00:00,1977-09-30 00:00:00+00:00,Niederösterreich,True,False,,,,,nein
7101,,Göstling an der Ybbs,14.931389,47.810555,527.0,1981-05-01 00:00:00+00:00,1995-06-30 00:00:00+00:00,Niederösterreich,False,False,,,,,nein
7110,11170,Lunz am See,15.06758,47.85436,611.9,1994-09-01 00:00:00+00:00,2100-12-31 00:00:00+00:00,Niederösterreich,True,True,,,,,nein
7125,,Lassing,14.9,47.75,686.0,1985-11-01 00:00:00+00:00,1988-06-30 00:00:00+00:00,Niederösterreich,False,False,,,,,nein
7200,,Mariazell,15.316667,47.766666,875.0,1970-11-01 00:00:00+00:00,1987-12-31 00:00:00+00:00,Steiermark,True,False,,59,1970-11-01 00:00:00+00:00,1987-12-31 23:59:59+00:00,nein
7202,,Mariazell,15.316667,47.766666,865.0,1948-01-01 00:00:00+00:00,1970-10-31 00:00:00+00:00,Steiermark,False,False,,59,1948-01-01 00:00:00+00:00,1970-10-31 23:59:59+00:00,nein
7220,,St. Sebastian bei Mariazell,15.303056,47.793335,872.0,1987-01-01 00:00:00+00:00,2000-12-31 00:00:00+00:00,Steiermark,True,False,,59,1988-01-01 00:00:00+00:00,2000-12-31 23:59:59+00:00,nein
7221,11171,Mariazell/St. Sebastian,15.30222,47.78917,864.0,2000-08-01 00:00:00+00:00,2100-12-31 00:00:00+00:00,Steiermark,True,True,,59,2001-01-01 00:00:00+00:00,,nein
7300,,Annaberg,15.4,47.883335,840.0,1981-01-01 00:00:00+00:00,1989-12-31 00:00:00+00:00,Niederösterreich,True,False,,,,,nein
7301,8989084,Kernhof-St. Aegyd am Neuwalde,15.547972,47.819333,679.0,2022-05-06 00:00:00+00:00,2100-12-31 00:00:00+00:00,Niederösterreich,False,False,,,,,nein
7305,11386,Krumbach,16.18667,47.52806,545.2,2006-12-01 00:00:00+00:00,2100-12-31 00:00:00+00:00,Niederösterreich,True,False,,,,,nein
7400,,Schwarzau im Gebirge,15.703055,47.803333,612.0,1936-01-01 00:00:00+00:00,2000-12-31 00:00:00+00:00,Niederösterreich,False,False,,,,,nein
7500,11382,Puchberg am Schneeberg,15.90944,47.79028,580.0,1982-12-01 00:00:00+00:00,1998-03-31 00:00:00+00:00,Niederösterreich,True,True,,72,1983-01-01 00:00:00+00:00,1998-03-31 23:59:59+00:00,nein
7502,,Puchberg,15.916667,47.783333,590.0,1949-06-01 00:00:00+00:00,1982-12-31 00:00:00+00:00,Niederösterreich,True,False,,72,1949-06-04 00:00:00+00:00,1982-12-31 23:59:59+00:00,nein
7505,11382,Puchberg am Schneeberg,15.90694,47.79028,582.8,1998-04-01 00:00:00+00:00,2100-12-31 00:00:00+00:00,Niederösterreich,True,True,,72,1998-04-01 00:00:00+00:00,,nein
7530,,Hohe Wand Hochkogelhaus,16.033333,47.816666,932.0,1991-05-01 00:00:00+00:00,1993-07-31 00:00:00+00:00,Niederösterreich,False,False,,36,1991-05-01 00:00:00+00:00,1993-07-31 23:59:59+00:00,nein
7531,11385,Hohe Wand Hochkogelhaus,16.035,47.82222,936.9,1993-05-01 00:00:00+00:00,2100-12-31 00:00:00+00:00,Niederösterreich,True,True,,36,1993-08-01 00:00:00+00:00,,nein
7601,,Wiener Neustadt Fohlenhof,16.26667,47.8,270.0,1971-01-01 00:00:00+00:00,1980-03-31 00:00:00+00:00,Niederösterreich,True,False,,112,1971-01-01 00:00:00+00:00,1980-03-31 23:59:59+00:00,nein
7603,,Wiener Neustadt Flugplatz,16.22139,47.84028,285.0,1982-01-01 00:00:00+00:00,1993-02-28 00:00:00+00:00,Niederösterreich,True,False,,112,1982-01-01 00:00:00+00:00,1993-01-31 23:59:59+00:00,nein
7604,11182,Wiener Neustadt Flugplatz,16.23147,47.83233,275.0,1992-09-01 00:00:00+00:00,2100-12-31 00:00:00+00:00,Niederösterreich,True,True,,112,1993-02-01 00:00:00+00:00,,nein
7606,,Wiener Neustadt Rebanlage,16.266666,47.796665,272.0,1948-09-01 00:00:00+00:00,1970-12-31 00:00:00+00:00,Niederösterreich,True,False,,112,1948-09-01 00:00:00+00:00,1970-12-31 23:59:59+00:00,nein
7609,,Wiener Neustadt Flugplatz,16.266666,47.783333,272.0,1943-01-01 00:00:00+00:00,1944-09-30 00:00:00+00:00,Niederösterreich,False,False,,,,,nein
7610,11378,Gutenstein Mariahilfberg,15.87611,47.87139,708.9,1996-07-01 00:00:00+00:00,2100-12-31 00:00:00+00:00,Niederösterreich,True,False,,,,,nein
7640,,Berndorf,16.10528,47.94111,339.0,1992-11-01 00:00:00+00:00,2007-12-31 00:00:00+00:00,Niederösterreich,False,False,,164,1992-11-01 00:00:00+00:00,2007-12-31 23:59:59+00:00,nein
7641,11079,Berndorf,16.10111,47.93917,337.0,2007-07-01 00:00:00+00:00,2100-12-31 00:00:00+00:00,Niederösterreich,True,True,,164,2008-01-01 00:00:00+00:00,,nein
7653,8989081,Bad Vöslau,16.209444,47.961111,266.0,2021-09-30 00:00:00+00:00,2100-12-31 00:00:00+00:00,Niederösterreich,False,False,,,,,nein
7700,,Eisenstadt,16.54583,47.84444,159.0,1975-06-01 00:00:00+00:00,1988-12-31 00:00:00+00:00,Burgenland,True,False,,22,1975-10-01 00:00:00+00:00,1988-12-31 23:59:59+00:00,nein
7701,,Eisenstadt,16.51667,47.85,195.0,1936-01-01 00:00:00+00:00,1975-09-30 00:00:00+00:00,Burgenland,False,False,,22,1936-01-01 00:00:00+00:00,1975-09-30 23:59:59+00:00,nein
7704,11190,Eisenstadt Nordost,16.53833,47.85417,184.0,1989-01-01 00:00:00+00:00,2100-12-31 00:00:00+00:00,Burgenland,True,True,,22,1989-01-01 00:00:00+00:00,,nein
7710,11387,Seibersdorf,16.504444,47.975,185.0,1982-06-21 00:00:00+00:00,2100-12-31 00:00:00+00:00,Niederösterreich,True,True,,197,1982-06-21 00:00:00+00:00,,nein
7711,,Seibersdorf,16.516666,47.983334,183.0,1961-06-01 00:00:00+00:00,1979-10-31 00:00:00+00:00,Niederösterreich,False,False,,197,1961-06-01 00:00:00+00:00,1979-10-31 23:59:59+00:00,nein
7712,,Seibersdorf,16.533333,47.950001,182.0,1936-01-01 00:00:00+00:00,1937-12-31 00:00:00+00:00,Niederösterreich,False,False,,,,,nein
7714,8989114,Hornstein,16.452103,47.877606,312.0,2024-03-06 00:00:00+00:00,2100-12-31 00:00:00+00:00,Burgenland,True,False,,,,,nein
7715,,Ebenfurth,16.366667,47.866665,234.0,1936-01-01 00:00:00+00:00,1938-01-01 00:00:00+00:00,Niederösterreich,False,False,,,,,nein
7818,,Illmitz,16.768888,47.771111,117.0,1990-12-01 00:00:00+00:00,2004-02-29 00:00:00+00:00,Burgenland,True,True,,,,,nein
7821,,Rust am See,16.674999,47.799999,122.0,1936-01-01 00:00:00+00:00,1938-01-01 00:00:00+00:00,Burgenland,False,False,,,,,nein
7890,11072,Neusiedl am See,16.82889,47.94917,117.0,2017-01-20 00:00:00+00:00,2100-12-31 00:00:00+00:00,Burgenland,True,True,,65,2017-01-20 00:00:00+00:00,,nein
7900,,Neusiedl am See,16.866667,47.950001,133.0,1925-10-21 00:00:00+00:00,1984-07-31 00:00:00+00:00,Burgenland,True,False,,65,1948-01-01 00:00:00+00:00,1984-07-31 23:59:59+00:00,nein
7901,,Neusiedl am See,16.85,47.950001,140.0,1936-01-01 00:00:00+00:00,1945-02-28 00:00:00+00:00,Burgenland,True,False,,65,1936-01-01 00:00:00+00:00,1945-02-28 23:59:59+00:00,nein
7904,,Frauenkirchen,16.916666,47.833332,124.0,1982-06-01 00:00:00+00:00,1988-09-30 00:00:00+00:00,Burgenland,False,False,,,,,nein
7905,11194,Neusiedl am See,16.85778,47.9425,135.0,1984-07-01 00:00:00+00:00,2004-07-31 00:00:00+00:00,Burgenland,True,True,,65,1984-08-01 00:00:00+00:00,2004-07-31 23:59:59+00:00,nein
7906,11194,Neusiedl am See,16.84167,47.95083,148.0,2004-08-01 00:00:00+00:00,2100-12-31 00:00:00+00:00,Burgenland,True,True,,65,2004-08-01 00:00:00+00:00,2017-01-19 23:59:59+00:00,nein
7912,11084,Podersdorf Strandbad,16.83444,47.86611,116.0,2014-07-22 00:00:00+00:00,2100-12-31 00:00:00+00:00,Burgenland,True,False,,,,,nein
7950,,Andau,17.033333,47.783333,118.0,1933-01-23 00:00:00+00:00,1960-06-30 00:00:00+00:00,Burgenland,True,False,,,,,nein
7955,8989072,Andau,17.03333,47.7725,117.5,1995-08-01 00:00:00+00:00,2022-06-21 00:00:00+00:00,Burgenland,True,True,,218,1995-08-01 00:00:00+00:00,2021-06-30 23:59:59+00:00,nein
7956,11395,Andau,17.03556,47.77,117.0,2021-06-17 00:00:00+00:00,2100-12-31 00:00:00+00:00,Burgenland,True,True,,218,2021-07-01 00:00:00+00:00,,nein
8205,,Bregenz/Mehrerau,9.75,47.5,427.0,1936-01-01 00:00:00+00:00,1944-09-30 00:00:00+00:00,Vorarlberg,False,False,,,,,nein
8301,11100,Sulzberg,9.91416,47.52194,1014.0,2008-09-01 00:00:00+00:00,2100-12-31 00:00:00+00:00,Vorarlberg,True,True,,,,,nein
8302,,Sulzberg,9.914722,47.522222,1015.0,2009-01-01 00:00:00+00:00,2022-06-30 00:00:00+00:00,Vorarlberg,False,False,,,,,nein
8501,,Vils,10.595493,47.558625,836.0,1947-09-01 00:00:00+00:00,1977-12-31 00:00:00+00:00,Tirol,False,False,,,,,nein
8800,,Achenkirch,11.7,47.53333,905.0,1987-08-01 00:00:00+00:00,1998-06-30 00:00:00+00:00,Tirol,False,False,,151,1987-08-01 00:00:00+00:00,1998-06-30 23:59:59+00:00,nein
8805,11328,Achenkirch,11.70528,47.53222,904.0,1998-07-01 00:00:00+00:00,2020-05-31 00:00:00+00:00,Tirol,True,True,,151,1998-07-01 00:00:00+00:00,2016-10-31 23:59:59+00:00,nein
8806,11266,Achenkirch,11.70667,47.49944,931.0,2016-10-06 00:00:00+00:00,2100-12-31 00:00:00+00:00,Tirol,True,True,,151,2016-11-01 00:00:00+00:00,,nein
8807,,Achenkirch,11.700833,47.5075,937.0,2020-06-01 00:00:00+00:00,2100-12-31 00:00:00+00:00,Tirol,False,False,,,,,nein
8900,,Kreit,12.075556,47.541111,625.0,1988-10-01 00:00:00+00:00,1996-12-31 00:00:00+00:00,Tirol,False,False,,,,,nein
9000,,Kirchbichl,12.086667,47.515556,498.0,1966-08-01 00:00:00+00:00,2001-05-31 00:00:00+00:00,Tirol,True,False,,212,1966-08-01 00:00:00+00:00,2001-05-31 23:59:59+00:00,nein
9001,,Kirchbichl,12.083333,47.5,514.0,1936-01-01 00:00:00+00:00,1941-03-31 00:00:00+00:00,Tirol,False,False,,212,1936-01-01 00:00:00+00:00,1941-03-31 23:59:59+00:00,nein
9010,,Kufstein,12.163889,47.574165,492.0,1905-01-01 00:00:00+00:00,2002-12-31 00:00:00+00:00,Tirol,False,False,,142,1905-01-01 00:00:00+00:00,2002-12-31 23:59:59+00:00,nein
9011,,Oberndorf/Ebbs,12.2,47.616665,474.0,1984-01-01 00:00:00+00:00,1996-12-31 00:00:00+00:00,Tirol,True,False,,,,,nein
9016,11130,Kufstein,12.16278,47.57528,490.0,1992-06-01 00:00:00+00:00,2100-12-31 00:00:00+00:00,Tirol,True,True,,142,2003-01-01 00:00:00+00:00,,nein
9019,11069,Söll,12.20028,47.50306,697.0,2015-06-30 00:00:00+00:00,2100-12-31 00:00:00+00:00,Tirol,True,True,,214,2015-07-01 00:00:00+00:00,,nein
9105,11327,Kirchdorf in Tirol,12.46306,47.56611,636.6,2006-06-15 00:00:00+00:00,2100-12-31 00:00:00+00:00,Tirol,True,True,,,,,nein
9110,11131,Kössen,12.39381,47.66289,588.2,2008-09-01 00:00:00+00:00,2100-12-31 00:00:00+00:00,Tirol,True,True,,,,,nein
9111,,Kössen,12.393888,47.663055,589.0,2009-01-01 00:00:00+00:00,2023-11-30 00:00:00+00:00,Tirol,False,False,,,,,nein
9200,,Unken,12.743055,47.663055,545.0,1948-01-01 00:00:00+00:00,1989-06-30 00:00:00+00:00,Salzburg,False,False,,99,1948-01-01 00:00:00+00:00,1989-06-30 23:59:59+00:00,nein
9201,,Unken,12.723333,47.645,582.0,1989-07-06 00:00:00+00:00,1990-06-30 00:00:00+00:00,Salzburg,False,False,,99,1989-07-06 00:00:00+00:00,1990-06-30 23:59:59+00:00,nein
9210,,Lofer,12.69167,47.58111,629.0,1990-06-12 00:00:00+00:00,2000-10-31 00:00:00+00:00,Salzburg,False,False,,129,1990-06-01 00:00:00+00:00,2000-10-31 23:59:59+00:00,nein
9211,11140,Lofer Ort,12.69528,47.58444,622.0,1999-04-01 00:00:00+00:00,2100-12-31 00:00:00+00:00,Salzburg,True,True,,129,2000-11-01 00:00:00+00:00,,nein
9215,11337,Loferer Alm,12.64611,47.59778,1619.0,1994-11-10 00:00:00+00:00,2100-12-31 00:00:00+00:00,Salzburg,True,True,,,,,nein
9400,,Dürrnberg,13.083333,47.666668,801.0,1966-09-01 00:00:00+00:00,1982-06-30 00:00:00+00:00,Salzburg,False,False,,,,,nein
9406,11371,Golling,13.18178,47.59114,489.9,2008-10-01 00:00:00+00:00,2100-12-31 00:00:00+00:00,Salzburg,True,True,,,,,nein
9410,,Hallein,13.1,47.683334,450.0,1947-05-01 00:00:00+00:00,1995-06-30 00:00:00+00:00,Salzburg,False,False,,,,,nein
9450,,St. Koloman,13.2325,47.651669,1000.0,1990-08-01 00:00:00+00:00,2008-08-31 00:00:00+00:00,Salzburg,True,False,,,,,nein
9500,,Abtenau,13.348333,47.564445,714.0,1963-08-01 00:00:00+00:00,2001-04-30 00:00:00+00:00,Salzburg,True,False,,165,1963-08-01 00:00:00+00:00,2001-04-30 23:59:59+00:00,nein
9501,11369,Abtenau,13.34333,47.56667,709.0,2008-06-25 00:00:00+00:00,2100-12-31 00:00:00+00:00,Salzburg,True,True,,165,2008-06-25 00:00:00+00:00,,nein
9509,,St. Wolfgang,13.416667,47.75,568.0,1936-01-01 00:00:00+00:00,1944-09-30 00:00:00+00:00,Oberösterreich,False,False,,109,1936-01-01 00:00:00+00:00,1944-09-30 23:59:59+00:00,nein
9510,,St. Wolfgang,13.45,47.733334,575.0,1964-11-01 00:00:00+00:00,1987-07-31 00:00:00+00:00,Oberösterreich,False,False,,109,1964-11-01 00:00:00+00:00,1987-07-31 23:59:59+00:00,nein
9511,11357,St. Wolfgang,13.45,47.73694,539.0,1990-02-01 00:00:00+00:00,2013-09-30 00:00:00+00:00,Oberösterreich,True,False,,109,1990-02-01 00:00:00+00:00,2013-09-30 23:59:59+00:00,nein
9512,11357,St. Wolfgang,13.44194,47.74028,544.0,2013-10-01 00:00:00+00:00,2100-12-31 00:00:00+00:00,Oberösterreich,True,False,,109,2013-10-01 00:00:00+00:00,,nein
9600,,Bad Goisern,13.616667,47.633335,496.0,1986-10-01 00:00:00+00:00,1991-06-30 00:00:00+00:00,Oberösterreich,True,False,,9,1986-10-01 00:00:00+00:00,1991-06-30 23:59:59+00:00,nein
9602,,Bad Goisern,13.616667,47.633335,506.0,1967-01-01 00:00:00+00:00,1986-09-30 00:00:00+00:00,Oberösterreich,True,False,,9,1967-01-01 00:00:00+00:00,1986-09-30 23:59:59+00:00,nein
9603,,Bad Goisern,13.616667,47.633335,510.0,1991-11-01 00:00:00+00:00,1994-12-31 00:00:00+00:00,Oberösterreich,True,False,,9,1991-11-01 00:00:00+00:00,1994-12-31 23:59:59+00:00,nein
9605,11354,Bad Goisern,13.61667,47.63333,510.0,1994-09-01 00:00:00+00:00,1997-12-31 00:00:00+00:00,Oberösterreich,True,False,,9,1995-01-01 00:00:00+00:00,1997-12-31 23:59:59+00:00,nein
9606,11354,Bad Goisern,13.61803,47.64256,502.1,1998-01-01 00:00:00+00:00,2016-02-14 00:00:00+00:00,Oberösterreich,True,True,,9,1998-01-01 00:00:00+00:00,2014-12-31 23:59:59+00:00,nein
9608,,Bad Goisern,13.616667,47.650002,500.0,1928-08-08 00:00:00+00:00,1948-05-10 00:00:00+00:00,Oberösterreich,True,False,,9,1936-01-01 00:00:00+00:00,1948-05-10 23:59:59+00:00,nein
9609,11256,Bad Goisern,13.64472,47.62194,538.0,2014-11-18 00:00:00+00:00,2100-12-31 00:00:00+00:00,Oberösterreich,True,True,,9,2015-01-01 00:00:00+00:00,,nein
9610,,Bad Ischl,13.631667,47.716667,469.0,1968-11-01 00:00:00+00:00,2003-10-31 00:00:00+00:00,Oberösterreich,True,False,,132,1968-11-01 00:00:00+00:00,2003-10-31 23:59:59+00:00,nein
9611,,Bad Ischl,13.65,47.706665,512.0,2003-11-01 00:00:00+00:00,2007-12-31 00:00:00+00:00,Oberösterreich,True,False,,132,2003-11-01 00:00:00+00:00,2007-06-30 23:59:59+00:00,nein
9613,,Bad Ischl,13.616111,47.715,480.0,1942-04-18 00:00:00+00:00,1962-06-30 00:00:00+00:00,Oberösterreich,True,False,,132,1942-05-01 00:00:00+00:00,1962-06-30 23:59:59+00:00,nein
9616,,Bad Ischl,13.616667,47.716667,469.0,1930-11-07 00:00:00+00:00,1942-04-30 00:00:00+00:00,Oberösterreich,True,False,,132,1936-01-01 00:00:00+00:00,1942-04-30 23:59:59+00:00,nein
9617,,Bad Ischl,13.616111,47.715,508.0,1962-07-01 00:00:00+00:00,1967-12-31 00:00:00+00:00,Oberösterreich,True,False,,132,1962-07-01 00:00:00+00:00,1967-12-31 23:59:59+00:00,nein
9618,11361,Bad Ischl,13.64714,47.70619,506.7,2007-07-01 00:00:00+00:00,2100-12-31 00:00:00+00:00,Oberösterreich,True,True,,132,2007-07-01 00:00:00+00:00,,nein
9620,,Krippenstein,13.7,47.516666,2050.0,1956-03-21 00:00:00+00:00,2008-06-30 00:00:00+00:00,Oberösterreich,True,True,,,,,nein
9630,,Schönbergalm,13.716666,47.533333,1350.0,1957-01-01 00:00:00+00:00,1980-12-31 00:00:00+00:00,Salzburg,True,False,,,,,nein
9640,11356,Bad Aussee,13.78278,47.61111,667.0,1983-09-01 00:00:00+00:00,2013-01-31 00:00:00+00:00,Steiermark,True,False,,5,1983-09-01 00:00:00+00:00,2013-01-31 23:59:59+00:00,nein
9643,11356,Bad Aussee,13.75844,47.6105,743.1,2013-02-01 00:00:00+00:00,2100-12-31 00:00:00+00:00,Steiermark,True,False,,5,2013-02-01 00:00:00+00:00,,nein
9650,,Hallstatt,13.65,47.549999,525.0,1938-01-01 00:00:00+00:00,1968-12-31 00:00:00+00:00,Oberösterreich,False,False,,,,,nein
9700,11358,Bad Mitterndorf,13.93472,47.55333,814.0,1983-11-01 00:00:00+00:00,2100-12-31 00:00:00+00:00,Steiermark,True,True,,10,1983-11-01 00:00:00+00:00,,nein
9701,,Bad Mitterndorf,13.95,47.549999,803.0,1970-01-01 00:00:00+00:00,1983-10-31 00:00:00+00:00,Steiermark,True,True,,10,1970-01-01 00:00:00+00:00,1983-10-31 23:59:59+00:00,nein
9800,,Aigen im Ennstal,14.13333,47.53333,640.0,1939-03-01 00:00:00+00:00,1993-01-31 00:00:00+00:00,Steiermark,False,False,,2,1939-03-01 00:00:00+00:00,1993-01-31 23:59:59+00:00,nein
9801,11157,Aigen im Ennstal,14.13826,47.53278,641.0,1992-08-01 00:00:00+00:00,2100-12-31 00:00:00+00:00,Steiermark,True,True,,2,1993-02-01 00:00:00+00:00,,nein
9810,,Irdning-Gumpenstein,14.1,47.5,710.0,1953-12-01 00:00:00+00:00,1993-01-31 00:00:00+00:00,Steiermark,True,False,,40,1953-12-01 00:00:00+00:00,1993-01-31 23:59:59+00:00,nein
9811,11360,Irdning-Gumpenstein,14.09967,47.495,697.1,1990-01-01 00:00:00+00:00,2100-12-31 00:00:00+00:00,Steiermark,True,True,,40,1993-02-01 00:00:00+00:00,,nein
9820,,Rading,14.316667,47.733334,640.0,1950-06-01 00:00:00+00:00,1951-05-31 00:00:00+00:00,Oberösterreich,False,False,,,,,nein
9900,,Admont,14.456944,47.573055,648.0,1959-12-01 00:00:00+00:00,2007-12-31 00:00:00+00:00,Steiermark,False,False,,166,1959-12-01 00:00:00+00:00,2007-12-31 23:59:59+00:00,nein
9901,,Admont Moorwirtschaft,14.45,47.583332,620.0,1934-03-01 00:00:00+00:00,1955-07-31 00:00:00+00:00,Steiermark,True,False,,166,1936-01-01 00:00:00+00:00,1955-07-31 23:59:59+00:00,nein
9902,,Admont Kaiserau,14.466666,47.549999,1120.0,1940-09-01 00:00:00+00:00,1955-10-31 00:00:00+00:00,Steiermark,False,False,,,,,nein
9904,,Admont Lager,14.45,47.566666,646.0,1955-08-01 00:00:00+00:00,1959-11-30 00:00:00+00:00,Steiermark,False,False,,166,1955-08-01 00:00:00+00:00,1959-11-30 23:59:59+00:00,nein
9905,,Admont Grabnerhof,14.466666,47.599998,670.0,1948-01-01 00:00:00+00:00,1953-10-31 00:00:00+00:00,Steiermark,True,False,,,,,nein
9906,,Admont Stift,14.45,47.583332,648.0,1895-07-01 00:00:00+00:00,1938-08-31 00:00:00+00:00,Steiermark,False,False,,166,1895-07-01 00:00:00+00:00,1935-12-31 23:59:59+00:00,nein
9910,,Hall bei Admont,14.466666,47.599998,640.0,1973-07-01 00:00:00+00:00,1977-08-01 00:00:00+00:00,Steiermark,False,False,,,,,nein
9911,11167,Hall bei Admont,14.49083,47.59444,637.0,2007-07-01 00:00:00+00:00,2100-12-31 00:00:00+00:00,Steiermark,True,True,,166,2008-01-01 00:00:00+00:00,,nein
9919,11355,Windischgarsten,14.32611,47.72028,599.9,1983-10-01 00:00:00+00:00,2100-12-31 00:00:00+00:00,Oberösterreich,True,False,,108,1983-10-07 00:00:00+00:00,,nein
9925,11063,Rottenmann,14.43028,47.50767,707.2,2009-08-31 00:00:00+00:00,2100-12-31 00:00:00+00:00,Steiermark,True,True,,,,,nein
10000,,Hieflau,14.75,47.599998,492.0,1936-01-01 00:00:00+00:00,1997-04-30 00:00:00+00:00,Steiermark,False,False,,35,1936-01-01 00:00:00+00:00,1997-04-30 23:59:59+00:00,nein
10002,,Hieflau,14.738055,47.594444,779.0,1998-01-01 00:00:00+00:00,2007-12-31 00:00:00+00:00,Steiermark,False,False,,35,1998-01-01 00:00:00+00:00,2007-12-31 23:59:59+00:00,nein
10005,11199,Mooslandl,14.76167,47.64753,529.9,2005-09-16 00:00:00+00:00,2100-12-31 00:00:00+00:00,Steiermark,True,True,,,,,nein
10010,,Johnsbach,14.6,47.533333,840.0,1983-07-01 00:00:00+00:00,1983-09-30 00:00:00+00:00,Steiermark,False,False,,,,,nein
10100,,Eisenerz,14.9,47.549999,792.0,1981-01-01 00:00:00+00:00,1981-12-31 00:00:00+00:00,Steiermark,False,False,,,,,nein
10101,,Eisenerz,14.883333,47.549999,737.0,1971-01-01 00:00:00+00:00,1976-12-31 00:00:00+00:00,Steiermark,False,False,,,,,nein
10110,,Präbichl,14.95,47.51667,1215.0,1936-01-01 00:00:00+00:00,1980-09-30 00:00:00+00:00,Steiermark,False,False,,153,1936-01-01 00:00:00+00:00,1980-09-30 23:59:59+00:00,nein
10111,11161,Präbichl,14.95416,47.52158,1215.2,2000-09-13 00:00:00+00:00,2100-12-31 00:00:00+00:00,Steiermark,True,True,,153,2000-09-13 00:00:00+00:00,,nein
10200,11375,Aflenz,15.24069,47.54594,783.2,1983-05-01 00:00:00+00:00,2100-12-31 00:00:00+00:00,Steiermark,True,True,,1,1983-05-01 00:00:00+00:00,,nein
10300,,Kindberg,15.448055,47.504166,567.0,1980-05-01 00:00:00+00:00,2000-12-31 00:00:00+00:00,Steiermark,False,False,,,,,nein
10400,,Mürzzuschlag,15.685833,47.603054,700.0,1948-01-01 00:00:00+00:00,2009-03-31 00:00:00+00:00,Steiermark,False,False,,167,1948-01-01 00:00:00+00:00,2008-12-31 23:59:59+00:00,nein
10401,11177,Mürzzuschlag,15.67278,47.60222,705.2,2008-09-08 00:00:00+00:00,2100-12-31 00:00:00+00:00,Steiermark,True,True,,167,2009-01-01 00:00:00+00:00,,nein
10410,,Semmering,15.82778,47.63111,1000.0,1983-11-01 00:00:00+00:00,1998-10-31 00:00:00+00:00,Niederösterreich,True,True,,88,1983-11-01 00:00:00+00:00,1998-10-31 23:59:59+00:00,nein
10412,11180,Rax Seilbahnbergstation,15.77861,47.7175,1547.2,1995-05-01 00:00:00+00:00,2100-12-31 00:00:00+00:00,Niederösterreich,True,True,,,,,nein
10415,11383,Semmering,15.82839,47.63325,987.6,1998-11-01 00:00:00+00:00,2100-12-31 00:00:00+00:00,Niederösterreich,True,True,,88,1998-11-01 00:00:00+00:00,,nein
10416,,Semmering Südbahn-Hotel,15.833333,47.633335,1000.0,1936-01-01 00:00:00+00:00,1978-03-31 00:00:00+00:00,Niederösterreich,True,False,,88,1936-01-01 00:00:00+00:00,1978-03-31 23:59:59+00:00,nein
10417,,Semmering Panhans,15.816667,47.633335,1035.0,1941-12-01 00:00:00+00:00,1945-02-01 00:00:00+00:00,Niederösterreich,False,False,,,,,nein
10500,11185,Mönichkirchen,16.03333,47.51111,991.0,1983-07-01 00:00:00+00:00,2100-12-31 00:00:00+00:00,Niederösterreich,True,True,,63,1983-07-01 00:00:00+00:00,,nein
10502,,Mönichkirchen,16.05,47.5,980.0,1954-08-01 00:00:00+00:00,1983-06-30 00:00:00+00:00,Niederösterreich,True,True,,63,1954-08-01 00:00:00+00:00,1983-06-30 23:59:59+00:00,nein
10505,,Semmering Maria Schutz,15.85,47.633335,855.0,1981-09-01 00:00:00+00:00,1984-12-31 00:00:00+00:00,Niederösterreich,False,False,,,,,nein
10508,,Breitenstein,15.836111,47.663612,825.0,1988-01-01 00:00:00+00:00,2007-02-28 00:00:00+00:00,Niederösterreich,True,False,,,,,nein
10510,11380,Reichenau an der Rax,15.83694,47.69972,488.0,1982-09-16 00:00:00+00:00,2100-12-31 00:00:00+00:00,Niederösterreich,True,True,,80,1983-01-01 00:00:00+00:00,,nein
10511,,Reichenau an der Rax,15.85,47.700001,485.0,1895-01-01 00:00:00+00:00,1982-12-31 00:00:00+00:00,Niederösterreich,False,False,,80,1895-01-01 00:00:00+00:00,1982-12-31 23:59:59+00:00,nein
10530,,Pottschach,16.008333,47.701389,415.0,1961-04-01 00:00:00+00:00,2007-12-31 00:00:00+00:00,Niederösterreich,False,False,,169,1961-04-01 00:00:00+00:00,2007-12-31 23:59:59+00:00,nein
10531,11381,Pottschach,16.00806,47.70083,416.4,2007-07-01 00:00:00+00:00,2100-12-31 00:00:00+00:00,Niederösterreich,True,True,,169,2008-01-01 00:00:00+00:00,,nein
10550,11384,Hirschenkogel,15.83333,47.62333,1318.1,1994-08-01 00:00:00+00:00,2025-05-21 00:00:00+00:00,Niederösterreich,True,True,,,,,nein
10600,,Aspang,16.092777,47.551945,498.0,1970-08-01 00:00:00+00:00,2007-12-31 00:00:00+00:00,Niederösterreich,False,False,,170,1970-08-01 00:00:00+00:00,2007-12-31 23:59:59+00:00,nein
10601,,Wiesmath,16.287222,47.598057,700.0,1982-07-01 00:00:00+00:00,2007-12-31 00:00:00+00:00,Niederösterreich,False,False,,,,,nein
10603,,Aspang,16.1,47.549999,498.0,1948-04-17 00:00:00+00:00,1970-07-31 00:00:00+00:00,Niederösterreich,False,False,,170,1948-04-23 00:00:00+00:00,1970-07-31 23:59:59+00:00,nein
10607,11188,Aspang,16.10139,47.575,454.0,2007-11-27 00:00:00+00:00,2100-12-31 00:00:00+00:00,Niederösterreich,True,True,,170,2008-01-01 00:00:00+00:00,,nein
10610,,Pitten,16.133333,47.700001,338.0,1968-01-01 00:00:00+00:00,1982-09-30 00:00:00+00:00,Niederösterreich,False,False,,,,,nein
10701,,Oberpullendorf,16.5,47.5,240.0,1948-01-01 00:00:00+00:00,1988-12-31 00:00:00+00:00,Burgenland,False,False,,,,,nein
10710,11189,Mattersburg,16.38917,47.745,283.9,2007-11-27 00:00:00+00:00,2100-12-31 00:00:00+00:00,Burgenland,True,True,,,,,nein
10720,11258,Neudorf bei Landsee,16.38139,47.56278,429.0,2015-11-18 00:00:00+00:00,2100-12-31 00:00:00+00:00,Burgenland,True,True,,,,,nein
10800,,Deutschkreutz,16.633055,47.610279,192.0,1948-01-01 00:00:00+00:00,1996-12-31 00:00:00+00:00,Burgenland,False,False,,,,,nein
10900,,Apetlon,16.9,47.75,118.0,1961-10-07 00:00:00+00:00,1962-11-21 00:00:00+00:00,Burgenland,True,False,,,,,nein
11100,,Bregenz,9.75,47.5,436.0,1936-01-01 00:00:00+00:00,1985-12-31 00:00:00+00:00,Vorarlberg,False,False,,15,1936-01-01 00:00:00+00:00,1985-11-30 23:59:59+00:00,nein
11102,,Bregenz,9.74611,47.49917,424.0,1984-04-01 00:00:00+00:00,2100-12-31 00:00:00+00:00,Vorarlberg,True,False,,15,1985-12-01 00:00:00+00:00,2007-12-31 23:59:59+00:00,nein
11104,11101,Bregenz,9.74611,47.49917,424.0,1993-01-01 00:00:00+00:00,2100-12-31 00:00:00+00:00,Vorarlberg,True,True,,15,2008-01-01 00:00:00+00:00,,nein
11105,,Fraxern,9.673333,47.315277,809.0,1984-12-01 00:00:00+00:00,2003-12-31 00:00:00+00:00,Vorarlberg,False,False,,133,1984-12-01 00:00:00+00:00,2003-12-31 23:59:59+00:00,nein
11106,11104,Fraxern,9.67444,47.31417,807.0,2003-07-01 00:00:00+00:00,2100-12-31 00:00:00+00:00,Vorarlberg,True,True,,133,2004-01-01 00:00:00+00:00,,nein
11108,,Fussach,9.666667,47.483334,400.0,1956-04-01 00:00:00+00:00,1967-12-31 00:00:00+00:00,Vorarlberg,True,False,,,,,nein
11110,,Feldkirch,9.6,47.26667,439.0,1895-07-01 00:00:00+00:00,1994-12-31 00:00:00+00:00,Vorarlberg,True,True,,24,1895-07-01 00:00:00+00:00,1994-12-31 23:59:59+00:00,nein
11112,11302,Dornbirn,9.72556,47.4325,407.3,1992-04-01 00:00:00+00:00,2022-09-01 00:00:00+00:00,Vorarlberg,True,True,,171,1992-04-01 00:00:00+00:00,2022-08-31 23:59:59+00:00,nein
11113,,Dornbirn,9.725555,47.432499,407.0,2016-12-01 00:00:00+00:00,2022-09-01 00:00:00+00:00,Vorarlberg,False,False,,,,,nein
11114,11302,Dornbirn,9.72556,47.4325,407.3,2022-09-01 00:00:00+00:00,2100-12-31 00:00:00+00:00,Vorarlberg,True,True,,171,2022-09-01 00:00:00+00:00,,nein
11115,11105,Feldkirch,9.60972,47.27111,438.4,1993-10-01 00:00:00+00:00,2100-12-31 00:00:00+00:00,Vorarlberg,True,True,,24,1995-01-01 00:00:00+00:00,,nein
11116,11251,Laterns-Gapfohl,9.75992,47.27503,1558.7,2013-01-23 00:00:00+00:00,2100-12-31 00:00:00+00:00,Vorarlberg,True,False,,,,,nein
11120,,Hohenems,9.7,47.366665,411.0,1978-06-06 00:00:00+00:00,1983-07-31 00:00:00+00:00,Vorarlberg,False,False,,,,,nein
11130,,Viktorsberg,9.683333,47.299999,820.0,1950-04-01 00:00:00+00:00,1955-12-31 00:00:00+00:00,Vorarlberg,False,False,,,,,nein
11135,11301,Alberschwende,9.84861,47.4575,715.3,1995-11-01 00:00:00+00:00,2100-12-31 00:00:00+00:00,Vorarlberg,True,True,,,,,nein
11146,11299,Rohrspitz,9.63,47.49722,395.1,2008-07-23 00:00:00+00:00,2100-12-31 00:00:00+00:00,Vorarlberg,True,True,,,,,nein
11200,,Schoppernau,10.018611,47.311111,835.0,1948-01-01 00:00:00+00:00,2100-12-31 00:00:00+00:00,Vorarlberg,False,False,,172,1948-01-01 00:00:00+00:00,2007-12-31 23:59:59+00:00,nein
11201,,Hittisau,9.95,47.450001,790.0,1984-12-01 00:00:00+00:00,1998-12-31 00:00:00+00:00,Vorarlberg,False,False,,216,1984-12-01 00:00:00+00:00,1998-12-31 23:59:59+00:00,nein
11203,11303,Schoppernau,10.01778,47.31139,839.0,2007-08-01 00:00:00+00:00,2100-12-31 00:00:00+00:00,Vorarlberg,True,True,,172,2008-01-01 00:00:00+00:00,,nein
11205,,Hittisau,9.953333,47.463055,792.0,1999-01-01 00:00:00+00:00,2008-12-31 00:00:00+00:00,Vorarlberg,False,False,,216,1999-01-01 00:00:00+00:00,2008-12-31 23:59:59+00:00,nein
11300,,Schröcken,10.08528,47.26306,1263.0,1895-10-01 00:00:00+00:00,2021-09-01 00:00:00+00:00,Vorarlberg,False,False,,173,1895-10-01 00:00:00+00:00,2007-11-30 23:59:59+00:00,nein
11301,11306,Schröcken,10.08611,47.26167,1244.0,2007-11-27 00:00:00+00:00,2100-12-31 00:00:00+00:00,Vorarlberg,True,True,,173,2007-12-01 00:00:00+00:00,,nein
11305,11308,Warth,10.18611,47.25583,1478.0,1984-12-01 00:00:00+00:00,2100-12-31 00:00:00+00:00,Vorarlberg,True,True,,,,,nein
11306,,Warth,10.185555,47.256943,1475.0,2008-09-01 00:00:00+00:00,2100-12-31 00:00:00+00:00,Vorarlberg,False,False,,,,,nein
11310,,Mittelberg im Walsertal,10.162778,47.334721,1195.0,1994-06-01 00:00:00+00:00,1995-12-31 00:00:00+00:00,Vorarlberg,False,False,,174,1994-06-01 00:00:00+00:00,1995-12-31 23:59:59+00:00,nein
11311,11187,Mittelberg,10.1525,47.32333,1204.0,2009-06-01 00:00:00+00:00,2100-12-31 00:00:00+00:00,Vorarlberg,True,True,,174,2009-06-01 00:00:00+00:00,,nein
11400,,Holzgau,10.349167,47.262501,1100.0,1936-01-01 00:00:00+00:00,2005-09-30 00:00:00+00:00,Tirol,False,False,,146,1936-01-01 00:00:00+00:00,2005-09-30 23:59:59+00:00,nein
11401,,Holzgau,10.342222,47.262501,1080.0,2005-09-17 00:00:00+00:00,2100-12-31 00:00:00+00:00,Tirol,False,False,,146,2005-10-01 00:00:00+00:00,2007-12-31 23:59:59+00:00,nein
11402,11315,Holzgau,10.33867,47.25758,1092.0,2007-08-01 00:00:00+00:00,2100-12-31 00:00:00+00:00,Tirol,True,True,,146,2008-01-01 00:00:00+00:00,,nein
11410,11111,Tannheim,10.50583,47.50028,1100.0,2008-09-01 00:00:00+00:00,2100-12-31 00:00:00+00:00,Tirol,True,True,,,,,nein
11500,,Reutte,10.75,47.5,870.0,1936-01-01 00:00:00+00:00,1994-07-31 00:00:00+00:00,Tirol,False,False,,76,1936-01-01 00:00:00+00:00,1994-07-31 23:59:59+00:00,nein
11505,11314,Reutte,10.71528,47.49444,841.8,1994-07-01 00:00:00+00:00,2100-12-31 00:00:00+00:00,Tirol,True,True,,76,1994-08-01 00:00:00+00:00,,nein
11506,,Reutte,10.715278,47.494999,850.0,2008-09-01 00:00:00+00:00,2100-12-31 00:00:00+00:00,Tirol,False,False,,,,,nein
11600,,Ehrwald,10.916667,47.400002,998.0,1972-08-01 00:00:00+00:00,1987-10-31 00:00:00+00:00,Tirol,False,False,,20,1972-08-01 00:00:00+00:00,1987-10-31 23:59:59+00:00,nein
11601,,Ehrwald,10.928333,47.406944,1030.0,1987-11-01 00:00:00+00:00,2001-03-31 00:00:00+00:00,Tirol,False,False,,20,1987-11-01 00:00:00+00:00,2001-03-31 23:59:59+00:00,nein
11602,,Ehrwald,10.920278,47.404724,960.0,2001-04-01 00:00:00+00:00,2100-12-31 00:00:00+00:00,Tirol,False,False,,20,2001-04-01 00:00:00+00:00,2007-12-31 23:59:59+00:00,nein
11603,11118,Ehrwald,10.92,47.40417,982.0,2007-10-18 00:00:00+00:00,2100-12-31 00:00:00+00:00,Tirol,True,True,,20,2008-01-01 00:00:00+00:00,,nein
11700,,Seefeld,11.16667,47.33333,1200.0,1948-05-01 00:00:00+00:00,1994-04-30 00:00:00+00:00,Tirol,False,False,,87,1948-05-01 00:00:00+00:00,1994-04-30 23:59:59+00:00,nein
11705,,Seefeld,11.16667,47.33333,1200.0,1994-05-01 00:00:00+00:00,1997-05-31 00:00:00+00:00,Tirol,False,False,,87,1994-05-01 00:00:00+00:00,1997-05-31 23:59:59+00:00,nein
11706,11119,Seefeld,11.17542,47.32478,1181.9,1997-05-15 00:00:00+00:00,2100-12-31 00:00:00+00:00,Tirol,True,True,,87,1997-06-01 00:00:00+00:00,,nein
11707,,Seefeld,11.178333,47.327778,1198.0,2014-12-01 00:00:00+00:00,2025-05-13 00:00:00+00:00,Tirol,False,False,,,,,nein
11800,,Innsbruck Flughafen,11.35528,47.25888,579.0,1951-06-01 00:00:00+00:00,2100-12-31 00:00:00+00:00,Tirol,False,True,,175,1951-06-01 00:00:00+00:00,2007-12-31 23:59:59+00:00,nein
11801,,Innsbruck Universität,11.385,47.260555,577.0,1877-01-01 00:00:00+00:00,1986-12-31 00:00:00+00:00,Tirol,True,True,,39,1877-01-01 00:00:00+00:00,1986-12-31 23:59:59+00:00,nein
11803,11320,Innsbruck Universität,11.38425,47.25986,578.0,1986-09-01 00:00:00+00:00,2100-12-31 00:00:00+00:00,Tirol,True,True,,39,1987-01-01 00:00:00+00:00,,nein
11804,11121,Innsbruck Flughafen,11.35667,47.25999,578.0,1992-07-01 00:00:00+00:00,2100-12-31 00:00:00+00:00,Tirol,True,True,,175,2008-01-01 00:00:00+00:00,,nein
11810,,Hafelekar,11.383333,47.316666,2261.0,1938-01-01 00:00:00+00:00,1951-09-30 00:00:00+00:00,Tirol,False,False,,,,,nein
11900,,Jenbach,11.75,47.383335,530.0,1955-04-01 00:00:00+00:00,1994-06-30 00:00:00+00:00,Tirol,True,False,,42,1955-04-01 00:00:00+00:00,1994-06-30 23:59:59+00:00,nein
11901,11325,Jenbach,11.75814,47.38878,529.0,1994-07-01 00:00:00+00:00,2100-12-31 00:00:00+00:00,Tirol,True,True,,42,1994-07-01 00:00:00+00:00,,nein
11902,,Rotholz,11.8,47.388611,543.0,1936-01-01 00:00:00+00:00,1954-04-30 00:00:00+00:00,Tirol,False,False,,,,,nein
11903,,Jenbach,11.755278,47.389999,530.0,2009-01-01 00:00:00+00:00,2024-04-30 00:00:00+00:00,Tirol,False,False,,,,,nein
11910,,Pertisau,11.701111,47.443611,936.0,1951-05-01 00:00:00+00:00,1987-12-31 00:00:00+00:00,Tirol,False,False,,,,,nein
12000,,Rattenberg-Radfeld,11.9,47.433334,525.0,1977-06-01 00:00:00+00:00,1981-06-30 00:00:00+00:00,Tirol,False,False,,211,1977-06-01 00:00:00+00:00,1981-06-30 23:59:59+00:00,nein
12010,,Rattenberg-Radfeld,11.9,47.444721,514.0,1986-05-01 00:00:00+00:00,1995-12-31 00:00:00+00:00,Tirol,False,False,,211,1986-07-01 00:00:00+00:00,1995-12-31 23:59:59+00:00,nein
12015,11125,Alpbach,11.93944,47.39667,929.0,2007-11-27 00:00:00+00:00,2100-12-31 00:00:00+00:00,Tirol,True,True,,,,,nein
12016,,Alpbach,11.94055,47.39639,930.0,2009-01-01 00:00:00+00:00,2100-12-31 00:00:00+00:00,Tirol,False,False,,,,,nein
12020,,Kaltenbach,11.875556,47.298332,560.0,1993-05-17 00:00:00+00:00,1995-12-31 00:00:00+00:00,Tirol,False,False,,,,,nein
12200,,Kitzbühel,12.394444,47.441666,763.0,1978-08-01 00:00:00+00:00,2001-06-30 00:00:00+00:00,Tirol,False,False,,118,1978-08-01 00:00:00+00:00,2001-06-30 23:59:59+00:00,nein
12201,,Kitzbühel,12.358333,47.459722,791.0,2001-07-01 00:00:00+00:00,2016-06-13 00:00:00+00:00,Tirol,False,False,,118,2001-07-01 00:00:00+00:00,2007-01-31 23:59:59+00:00,nein
12202,11336,Kitzbühel,12.39417,47.44722,746.1,2007-01-01 00:00:00+00:00,2014-03-21 00:00:00+00:00,Tirol,True,True,,118,2007-02-01 00:00:00+00:00,2014-03-21 23:59:59+00:00,nein
12203,11279,Kitzbühel,12.38917,47.44389,772.0,2014-11-18 00:00:00+00:00,2100-12-31 00:00:00+00:00,Tirol,True,True,,118,2014-11-18 00:00:00+00:00,,nein
12205,,Kitzbühler Horn,12.433333,47.483334,1970.0,1957-06-07 00:00:00+00:00,1966-07-31 00:00:00+00:00,Tirol,False,False,,,,,nein
12206,,Kitzbühel,12.383333,47.450001,790.0,1936-01-01 00:00:00+00:00,1951-10-31 00:00:00+00:00,Tirol,False,False,,118,1936-01-01 00:00:00+00:00,1951-10-31 23:59:59+00:00,nein
12207,,Kitzbühel,12.366667,47.466667,783.0,1957-06-07 00:00:00+00:00,1974-10-31 00:00:00+00:00,Tirol,True,False,,118,1957-06-07 00:00:00+00:00,1974-10-31 23:59:59+00:00,nein
12208,,Kitzbühel,12.39639,47.4425,757.0,2016-06-07 00:00:00+00:00,2019-12-01 00:00:00+00:00,Tirol,False,False,,,,,nein
12210,,Hahnenkamm,12.36667,47.43333,1665.0,1938-01-01 00:00:00+00:00,1967-04-30 00:00:00+00:00,Tirol,True,False,,176,1938-01-01 00:00:00+00:00,1967-04-30 23:59:59+00:00,nein
12212,,Hahnenkamm-Ehrenbachhöhe,12.36667,47.41667,1760.0,1968-08-01 00:00:00+00:00,1975-05-31 00:00:00+00:00,Tirol,True,False,,176,1968-08-01 00:00:00+00:00,1975-05-31 23:59:59+00:00,nein
12215,11135,Hahnenkamm-Ehrenbachhöhe,12.35928,47.41831,1793.8,1992-11-12 00:00:00+00:00,2100-12-31 00:00:00+00:00,Tirol,True,True,,176,1992-11-13 00:00:00+00:00,,nein
12216,8989044,Hahnenkamm-Sonnenrast,12.359445,47.409168,1667.0,2016-10-20 00:00:00+00:00,2100-12-31 00:00:00+00:00,Tirol,False,False,,,,,nein
12220,,Uttendorf,12.569167,47.262779,803.0,1961-09-01 00:00:00+00:00,2008-10-31 00:00:00+00:00,Salzburg,False,False,,177,1961-09-01 00:00:00+00:00,2008-10-31 23:59:59+00:00,nein
12231,11073,Mittersill,12.495833,47.279167,783.0,2017-12-01 00:00:00+00:00,2100-12-31 00:00:00+00:00,Salzburg,True,True,,195,2017-12-01 00:00:00+00:00,,nein
12300,,Saalbach,12.643056,47.392223,1022.0,1975-11-01 00:00:00+00:00,1992-05-31 00:00:00+00:00,Salzburg,True,False,,83,1975-11-01 00:00:00+00:00,1992-05-31 23:59:59+00:00,nein
12301,,Saalbach,12.68917,47.37833,1022.0,1992-06-01 00:00:00+00:00,2008-12-31 00:00:00+00:00,Salzburg,True,False,,83,1992-06-01 00:00:00+00:00,2008-12-31 23:59:59+00:00,nein
12302,11366,Saalbach,12.64844,47.38789,974.6,2008-09-30 00:00:00+00:00,2100-12-31 00:00:00+00:00,Salzburg,True,True,,83,2009-01-01 00:00:00+00:00,,nein
12310,,Schmittenhöhe,12.733334,47.333332,1964.0,1895-07-01 00:00:00+00:00,1982-03-31 00:00:00+00:00,Salzburg,True,False,,85,1895-07-01 00:00:00+00:00,1982-03-31 23:59:59+00:00,nein
12311,11340,Schmittenhöhe,12.73794,47.32872,1955.6,1983-10-01 00:00:00+00:00,2100-12-31 00:00:00+00:00,Salzburg,True,True,,85,1983-10-01 00:00:00+00:00,,nein
12321,,Sonnenalm,12.766666,47.333332,1386.0,1958-10-01 00:00:00+00:00,1964-02-29 00:00:00+00:00,Salzburg,False,False,,,,,nein
12322,11144,Zell am See,12.79528,47.32667,766.0,1984-07-12 00:00:00+00:00,2019-07-15 00:00:00+00:00,Salzburg,True,False,,113,1984-07-12 00:00:00+00:00,2019-07-15 23:59:59+00:00,nein
12323,11144,Zell am See,12.78639,47.29,754.0,2019-07-16 00:00:00+00:00,2100-12-31 00:00:00+00:00,Salzburg,True,False,,113,2019-07-16 00:00:00+00:00,,nein
12350,,Hochfilzen,12.63222,47.47306,1000.0,2001-09-01 00:00:00+00:00,2004-12-31 00:00:00+00:00,Tirol,False,False,,178,2001-09-01 00:00:00+00:00,2004-12-31 23:59:59+00:00,nein
12351,11339,Hochfilzen,12.62111,47.47028,961.9,2007-11-27 00:00:00+00:00,2100-12-31 00:00:00+00:00,Tirol,True,True,,178,2007-11-27 00:00:00+00:00,,nein
12352,,Hochflizen,12.621111,47.470276,960.0,2008-03-01 00:00:00+00:00,2100-12-31 00:00:00+00:00,Tirol,False,False,,,,,nein
12410,,Saalfelden,12.85,47.433334,818.0,1968-06-01 00:00:00+00:00,1978-10-31 00:00:00+00:00,Salzburg,False,False,,84,1968-06-01 00:00:00+00:00,1978-10-31 23:59:59+00:00,nein
12411,,Saalfelden,12.833333,47.416668,735.0,1984-05-01 00:00:00+00:00,1992-04-30 00:00:00+00:00,Salzburg,True,False,,84,1984-05-01 00:00:00+00:00,1992-04-30 23:59:59+00:00,nein
12500,,Bischofshofen,13.21667,47.4,550.0,1980-06-01 00:00:00+00:00,1990-03-31 00:00:00+00:00,Salzburg,True,False,,14,1980-06-01 00:00:00+00:00,1990-03-31 23:59:59+00:00,nein
12501,,Bischofshofen,13.216666,47.416668,556.0,1936-01-01 00:00:00+00:00,1962-12-31 00:00:00+00:00,Salzburg,False,False,,14,1936-01-01 00:00:00+00:00,1962-12-31 23:59:59+00:00,nein
12503,11141,Bischofshofen,13.22389,47.40806,550.0,1990-02-01 00:00:00+00:00,1996-08-31 00:00:00+00:00,Salzburg,True,False,,14,1990-04-01 00:00:00+00:00,1996-08-31 23:59:59+00:00,nein
12504,11141,Bischofshofen,13.22111,47.40667,549.9,1996-09-01 00:00:00+00:00,2100-12-31 00:00:00+00:00,Salzburg,True,True,,14,1996-09-01 00:00:00+00:00,,nein
12505,,St. Johann im Pongau,13.18361,47.31528,634.0,1985-01-01 00:00:00+00:00,2008-02-29 00:00:00+00:00,Salzburg,True,False,,156,1985-01-01 00:00:00+00:00,2008-02-29 23:59:59+00:00,nein
12506,,Bischofshofen-Buchberg,13.216666,47.400002,733.0,2001-01-01 00:00:00+00:00,2100-12-31 00:00:00+00:00,Salzburg,False,False,,,,,nein
12510,,Schwarzach,13.133333,47.316666,600.0,1963-04-01 00:00:00+00:00,1989-06-30 00:00:00+00:00,Salzburg,False,False,,,,,nein
12513,11345,St. Veit im Pongau,13.155,47.32917,749.0,1984-11-01 00:00:00+00:00,2100-12-31 00:00:00+00:00,Salzburg,True,True,,,,,nein
12520,,Mitterberg,13.133333,47.416668,1503.0,1948-01-01 00:00:00+00:00,1975-12-31 00:00:00+00:00,Salzburg,False,False,,,,,nein
12530,11364,St. Johann im Pongau,13.18672,47.31981,634.2,2008-03-01 00:00:00+00:00,2100-12-31 00:00:00+00:00,Salzburg,False,False,,156,2008-03-01 00:00:00+00:00,,nein
12607,,Radstadt-Löbenau,13.45,47.383335,846.0,1961-06-01 00:00:00+00:00,1963-03-31 00:00:00+00:00,Salzburg,False,False,,73,1961-06-01 00:00:00+00:00,1963-03-31 23:59:59+00:00,nein
12608,,Radstadt,13.45,47.383335,846.0,1936-01-01 00:00:00+00:00,1945-01-31 00:00:00+00:00,Salzburg,False,False,,73,1936-01-01 00:00:00+00:00,1945-01-31 23:59:59+00:00,nein
12609,,Radstadt,13.466666,47.383335,880.0,1948-01-01 00:00:00+00:00,1961-05-31 00:00:00+00:00,Salzburg,False,False,,73,1948-01-01 00:00:00+00:00,1961-05-31 23:59:59+00:00,nein
12610,,Radstadt,13.45,47.38333,845.0,1964-11-01 00:00:00+00:00,1994-12-31 00:00:00+00:00,Salzburg,True,False,,73,1964-11-01 00:00:00+00:00,1994-12-31 23:59:59+00:00,nein
12615,11147,Radstadt,13.45611,47.38528,858.0,1994-07-01 00:00:00+00:00,2017-11-08 00:00:00+00:00,Salzburg,True,True,,73,1995-01-01 00:00:00+00:00,2016-08-31 23:59:59+00:00,nein
12616,11208,Radstadt-Tandalier,13.44083,47.38,835.0,2016-08-08 00:00:00+00:00,2100-12-31 00:00:00+00:00,Salzburg,True,True,,73,2016-09-01 00:00:00+00:00,,nein
12620,,Wagrain,13.305,47.333611,880.0,1988-12-01 00:00:00+00:00,1999-11-30 00:00:00+00:00,Salzburg,False,False,,,,,nein
12700,,Rohrmoos,13.659166,47.378334,1075.0,1981-01-01 00:00:00+00:00,2007-12-31 00:00:00+00:00,Steiermark,True,False,,,,,nein
12711,11351,Ramsau am Dachstein,13.63428,47.42514,1206.8,1991-01-01 00:00:00+00:00,2100-12-31 00:00:00+00:00,Steiermark,True,True,,179,1991-01-01 00:00:00+00:00,,nein
12720,11267,Dachstein-Hunerkogel,13.62639,47.46778,2700.0,2017-05-29 00:00:00+00:00,2100-12-31 00:00:00+00:00,Oberösterreich,True,True,,,,,nein
12721,11268,Dachstein-Schladminger Gletscher,13.6325,47.474445,2520.0,2017-11-13 00:00:00+00:00,2100-12-31 00:00:00+00:00,Oberösterreich,False,False,,,,,nein
12800,,Kleinsölk,13.933333,47.400002,1005.0,1971-01-01 00:00:00+00:00,1995-09-30 00:00:00+00:00,Steiermark,False,False,,,,,nein
12805,,St. Nikolai,14.05,47.316666,1110.0,1966-11-01 00:00:00+00:00,1969-04-30 00:00:00+00:00,Steiermark,False,False,,,,,nein
12810,11359,Gröbming,13.90361,47.44556,766.0,1981-08-01 00:00:00+00:00,1999-07-31 00:00:00+00:00,Steiermark,True,True,,147,1981-08-01 00:00:00+00:00,1999-07-31 23:59:59+00:00,nein
12811,11359,Gröbming,13.90422,47.44678,765.5,2001-10-01 00:00:00+00:00,2100-12-31 00:00:00+00:00,Steiermark,True,True,,147,2001-10-01 00:00:00+00:00,,nein
13000,,Oberzeiring,14.496111,47.254723,933.0,1971-01-01 00:00:00+00:00,2007-12-31 00:00:00+00:00,Steiermark,True,False,,,,,nein
13010,,Pusterwald,14.375278,47.308056,1070.0,1978-01-01 00:00:00+00:00,2007-12-31 00:00:00+00:00,Steiermark,False,False,,,,,nein
13020,,Trieben,14.5,47.483334,708.0,1936-01-01 00:00:00+00:00,1985-12-31 00:00:00+00:00,Steiermark,False,False,,,,,nein
13100,,Kalwang,14.733334,47.416668,753.0,1966-12-01 00:00:00+00:00,1989-02-28 00:00:00+00:00,Steiermark,False,False,,44,1966-12-01 00:00:00+00:00,1989-02-28 23:59:59+00:00,nein
13110,,Seckau,14.783334,47.283333,874.0,1895-01-01 00:00:00+00:00,1996-06-30 00:00:00+00:00,Steiermark,False,False,,124,1895-01-01 00:00:00+00:00,1996-06-30 23:59:59+00:00,nein
13115,,Seckau,14.778611,47.270557,855.0,1999-06-01 00:00:00+00:00,2002-01-31 00:00:00+00:00,Steiermark,False,False,,124,1999-06-01 00:00:00+00:00,2002-01-31 23:59:59+00:00,nein
13116,11166,Seckau,14.77861,47.27083,872.0,2002-02-01 00:00:00+00:00,2100-12-31 00:00:00+00:00,Steiermark,True,True,,124,2002-02-01 00:00:00+00:00,,nein
13120,11362,Kalwang,14.75961,47.42126,743.6,1994-04-01 00:00:00+00:00,2100-12-31 00:00:00+00:00,Steiermark,True,True,,44,1994-04-01 00:00:00+00:00,,nein
13250,11174,St. Michael bei Leoben,15.005,47.335556,570.0,1984-09-01 00:00:00+00:00,2013-05-14 00:00:00+00:00,Steiermark,True,True,,,,,nein
13300,,Bruck an der Mur,15.26667,47.41667,489.0,1895-01-01 00:00:00+00:00,1984-12-31 00:00:00+00:00,Steiermark,True,False,,17,1895-01-01 00:00:00+00:00,1984-12-31 23:59:59+00:00,nein
13301,,Bruck an der Mur,15.25111,47.40583,480.0,1985-01-01 00:00:00+00:00,2004-12-31 00:00:00+00:00,Steiermark,False,False,,17,1985-01-01 00:00:00+00:00,2004-12-31 23:59:59+00:00,nein
13302,11175,Bruck an der Mur,15.24972,47.40556,482.0,2004-12-01 00:00:00+00:00,2025-11-11 00:00:00+00:00,Steiermark,True,True,,17,2005-01-01 00:00:00+00:00,2025-10-20 05:45:59+00:00,nein
13303,11175,Bruck an der Mur / Oberdorf,15.233611,47.403056,489.0,2025-11-01 00:00:00+00:00,2100-12-31 00:00:00+00:00,Steiermark,True,True,,17,2025-11-20 07:00:00+00:00,,nein
13305,11370,Kapfenberg,15.29828,47.44592,504.7,1997-03-01 00:00:00+00:00,2018-05-22 00:00:00+00:00,Steiermark,True,True,,217,1997-03-01 00:00:00+00:00,2018-05-22 23:59:59+00:00,nein
13308,11249,Frohnleiten,15.315,47.25556,421.0,2008-09-01 00:00:00+00:00,2100-12-31 00:00:00+00:00,Steiermark,True,True,,,,,nein
13312,11274,Leoben,15.08667,47.37833,544.0,2012-12-01 00:00:00+00:00,2100-12-31 00:00:00+00:00,Steiermark,True,True,,,,,nein
13400,,Rechberg,15.416389,47.262779,926.0,1968-04-17 00:00:00+00:00,2007-12-31 00:00:00+00:00,Steiermark,True,False,,,,,nein
13401,11176,Kapfenberg Flugfeld,15.33556,47.45833,515.0,2018-05-23 00:00:00+00:00,2100-12-31 00:00:00+00:00,Steiermark,True,True,,217,2018-05-23 00:00:00+00:00,,nein
13500,,Birkfeld,15.683333,47.366665,623.0,1941-10-01 00:00:00+00:00,1991-12-31 00:00:00+00:00,Steiermark,True,False,,,,,nein
13510,,Fischbach,15.6725,47.447224,1020.0,1980-10-01 00:00:00+00:00,1995-12-31 00:00:00+00:00,Steiermark,False,False,,25,1981-01-01 00:00:00+00:00,1995-12-31 23:59:59+00:00,nein
13515,11173,Fischbach,15.64389,47.44417,1034.4,1995-01-01 00:00:00+00:00,2100-12-31 00:00:00+00:00,Steiermark,True,True,,25,1996-01-01 00:00:00+00:00,,nein
13600,,Altenberg/Hartberg,16.031389,47.256668,429.0,1980-04-01 00:00:00+00:00,2007-12-31 00:00:00+00:00,Steiermark,False,False,,,,,nein
13605,11390,Hartberg,15.97861,47.28056,329.6,1994-08-01 00:00:00+00:00,2100-12-31 00:00:00+00:00,Steiermark,True,True,,,,,nein
13606,11398,Rohrbach an der Lafnitz/Eichberg,15.93694,47.4,692.0,2009-01-01 00:00:00+00:00,2100-12-31 00:00:00+00:00,Steiermark,True,True,,,,,nein
13640,8989042,Kroisegg,16.042223,47.378613,444.0,2016-06-07 00:00:00+00:00,2100-12-31 00:00:00+00:00,Burgenland,True,True,,,,,nein
13700,,Bernstein,16.25,47.400002,615.0,1949-11-01 00:00:00+00:00,1990-02-28 00:00:00+00:00,Burgenland,False,False,,13,1949-11-01 00:00:00+00:00,1990-02-28 23:59:59+00:00,nein
13701,,Bernstein,16.260555,47.405277,600.0,1990-03-01 00:00:00+00:00,2007-12-31 00:00:00+00:00,Burgenland,False,False,,13,1990-03-01 00:00:00+00:00,2007-12-31 23:59:59+00:00,nein
13702,11197,Bernstein,16.26139,47.40833,630.8,2007-07-01 00:00:00+00:00,2100-12-31 00:00:00+00:00,Burgenland,True,True,,13,2008-01-01 00:00:00+00:00,,nein
13706,11193,Bad Tatzmannsdorf,16.225,47.33797,347.2,2004-09-17 00:00:00+00:00,2024-01-31 00:00:00+00:00,Burgenland,True,False,,140,2004-09-17 00:00:00+00:00,2024-01-24 23:59:59+00:00,nein
13707,11193,Bad Tatzmannsdorf,16.228056,47.328056,332.0,2024-01-24 00:00:00+00:00,2100-12-31 00:00:00+00:00,Burgenland,True,False,,140,2024-01-25 00:00:00+00:00,,nein
13800,,Glashütten,16.383888,47.382221,421.0,1973-07-01 00:00:00+00:00,1995-12-31 00:00:00+00:00,Burgenland,True,False,,,,,nein
13805,11397,Hirschenstein,16.379168,47.345276,858.9,2007-02-14 00:00:00+00:00,2014-09-16 00:00:00+00:00,Burgenland,True,True,,,,,nein
13811,11396,Rechnitz,16.45417,47.30139,308.0,2006-12-01 00:00:00+00:00,2100-12-31 00:00:00+00:00,Burgenland,True,False,,180,2006-12-01 00:00:00+00:00,,nein
13905,,Lutzmannsburg,16.661388,47.465,198.0,1995-01-01 00:00:00+00:00,1996-01-31 00:00:00+00:00,Burgenland,False,False,,58,1995-01-01 00:00:00+00:00,1995-10-31 23:59:59+00:00,nein
13906,11393,Lutzmannsburg,16.66056,47.46417,201.0,1995-10-08 00:00:00+00:00,2000-05-31 00:00:00+00:00,Burgenland,True,False,,58,1995-11-01 00:00:00+00:00,2000-05-31 23:59:59+00:00,nein
13907,11393,Lutzmannsburg,16.64556,47.46528,200.8,2000-06-01 00:00:00+00:00,2100-12-31 00:00:00+00:00,Burgenland,True,True,,58,2000-06-01 00:00:00+00:00,,nein
14100,,Bürs,9.833333,47.145832,567.0,1965-05-01 00:00:00+00:00,2001-10-31 00:00:00+00:00,Vorarlberg,False,False,,,,,nein
14103,11099,Bludenz,9.82944,47.14778,571.0,2015-09-15 00:00:00+00:00,2100-12-31 00:00:00+00:00,Vorarlberg,True,True,,181,2015-09-15 00:00:00+00:00,,nein
14104,11102,Bludenz,9.823611,47.154167,564.8,2007-08-01 00:00:00+00:00,2015-09-09 00:00:00+00:00,Vorarlberg,True,True,,181,2007-08-01 00:00:00+00:00,2015-09-09 13:00:00+00:00,nein
14105,,Bludenz,9.835834,47.142222,575.0,2001-08-17 00:00:00+00:00,2100-12-31 00:00:00+00:00,Vorarlberg,False,False,,181,2001-09-01 00:00:00+00:00,2007-07-31 23:59:59+00:00,nein
14106,,Bludenz,9.833333,47.150002,570.0,1936-01-01 00:00:00+00:00,1940-03-31 00:00:00+00:00,Vorarlberg,False,False,,181,1936-01-01 00:00:00+00:00,1940-03-31 23:59:59+00:00,nein
14107,,Bludenz,9.816667,47.166668,598.0,1943-01-01 00:00:00+00:00,1945-02-28 00:00:00+00:00,Vorarlberg,False,False,,181,1943-01-01 00:00:00+00:00,1945-02-28 23:59:59+00:00,nein
14108,,Bludenz,9.816667,47.166668,599.0,1947-09-01 00:00:00+00:00,1950-06-30 00:00:00+00:00,Vorarlberg,False,False,,181,1947-09-01 00:00:00+00:00,1950-06-30 23:59:59+00:00,nein
14109,,Bludenz,9.816667,47.166668,567.0,1950-07-01 00:00:00+00:00,1964-07-31 00:00:00+00:00,Vorarlberg,False,False,,181,1950-07-01 00:00:00+00:00,1964-07-31 23:59:59+00:00,nein
14110,,Laz,9.816667,47.183334,900.0,1976-07-01 00:00:00+00:00,1990-03-31 00:00:00+00:00,Vorarlberg,False,False,,,,,nein
14111,,Muttersberg/Madeisa,9.825277,47.180557,1384.0,1990-04-01 00:00:00+00:00,1992-08-31 00:00:00+00:00,Vorarlberg,False,False,,,,,nein
14115,11304,Brand,9.73833,47.10306,1029.0,2001-06-01 00:00:00+00:00,2100-12-31 00:00:00+00:00,Vorarlberg,True,True,,,,,nein
14130,,Muttersberg,9.825277,47.180557,1384.0,1959-10-01 00:00:00+00:00,1972-03-31 00:00:00+00:00,Vorarlberg,False,False,,,,,nein
14135,,Schlins,9.7,47.200001,519.0,1963-02-19 00:00:00+00:00,1974-06-30 00:00:00+00:00,Vorarlberg,False,False,,,,,nein
14150,,Bludenz Bleiche,9.8,47.166668,580.0,1995-01-01 00:00:00+00:00,1996-12-31 00:00:00+00:00,Vorarlberg,False,False,,,,,nein
14200,,Vandans,9.864445,47.089443,670.0,1977-07-01 00:00:00+00:00,2008-05-31 00:00:00+00:00,Vorarlberg,True,True,,,,,nein
14300,,St. Anton am Arlberg,10.27028,47.13611,1298.0,1957-01-01 00:00:00+00:00,2002-03-31 00:00:00+00:00,Tirol,False,False,,119,1957-01-01 00:00:00+00:00,2002-03-31 23:59:59+00:00,nein
14301,,St. Anton am Arlberg,10.27,47.13167,1289.0,2002-04-01 00:00:00+00:00,2025-05-31 00:00:00+00:00,Tirol,False,False,,119,2002-04-01 00:00:00+00:00,2007-12-31 23:59:59+00:00,nein
14302,11311,St. Anton am Arlberg,10.26667,47.13139,1304.1,2007-08-03 00:00:00+00:00,2100-12-31 00:00:00+00:00,Tirol,True,True,,119,2008-01-01 00:00:00+00:00,,nein
14303,,St. Anton am Arlberg,10.266666,47.133335,1305.0,1938-02-01 00:00:00+00:00,1943-02-28 00:00:00+00:00,Tirol,False,False,,119,1938-02-01 00:00:00+00:00,1943-02-28 23:59:59+00:00,nein
14304,,St. Anton am Arlberg,10.266666,47.133335,1350.0,1946-01-15 00:00:00+00:00,1950-12-31 00:00:00+00:00,Tirol,False,False,,119,1946-01-01 00:00:00+00:00,1950-12-31 23:59:59+00:00,nein
14305,11110,Galzig,10.23028,47.12972,2079.0,1993-09-01 00:00:00+00:00,2100-12-31 00:00:00+00:00,Tirol,True,True,,,,,nein
14308,11124,Valluga,10.21278,47.1575,2805.0,2011-02-14 00:00:00+00:00,2100-12-31 00:00:00+00:00,Tirol,False,False,,,,,nein
14310,,Langen am Arlberg,10.124722,47.134998,1270.0,1895-07-01 00:00:00+00:00,2100-12-31 00:00:00+00:00,Vorarlberg,False,False,,,,,nein
14311,11307,Langen am Arlberg,10.12333,47.13167,1221.0,2007-08-06 00:00:00+00:00,2100-12-31 00:00:00+00:00,Vorarlberg,True,True,,,,,nein
14400,,Landeck,10.56667,47.13333,818.0,1946-02-01 00:00:00+00:00,1986-04-30 00:00:00+00:00,Tirol,False,False,,50,1946-02-01 00:00:00+00:00,1986-03-31 23:59:59+00:00,nein
14401,,Landeck,10.56667,47.13333,785.0,1986-01-01 00:00:00+00:00,1993-06-30 00:00:00+00:00,Tirol,True,True,,50,1986-04-01 00:00:00+00:00,1993-06-30 23:59:59+00:00,nein
14403,11112,Landeck,10.56364,47.14025,795.6,1993-07-01 00:00:00+00:00,2100-12-31 00:00:00+00:00,Tirol,True,True,,50,1993-07-01 00:00:00+00:00,,nein
14500,,Hochserfaus,10.6,47.033333,1815.0,1935-01-01 00:00:00+00:00,1988-12-31 00:00:00+00:00,Tirol,True,True,,,,,nein
14510,,Imst,10.741667,47.236111,785.0,1936-01-01 00:00:00+00:00,1983-05-31 00:00:00+00:00,Tirol,True,False,,38,1936-01-01 00:00:00+00:00,1983-05-31 23:59:59+00:00,nein
14511,,Imst,10.729722,47.23111,910.0,1984-01-01 00:00:00+00:00,1987-05-16 00:00:00+00:00,Tirol,False,False,,38,1984-01-01 00:00:00+00:00,1987-05-16 23:59:59+00:00,nein
14512,,Imst,10.741111,47.24889,860.0,1987-12-17 00:00:00+00:00,2024-10-08 00:00:00+00:00,Tirol,False,False,,38,1987-12-17 00:00:00+00:00,2007-12-31 23:59:59+00:00,nein
14513,11115,Imst,10.74222,47.23694,773.0,2007-08-17 00:00:00+00:00,2100-12-31 00:00:00+00:00,Tirol,True,True,,38,2008-01-01 00:00:00+00:00,,nein
14515,,Ried in Tirol,10.65,47.049999,826.0,1933-10-01 00:00:00+00:00,1945-02-28 00:00:00+00:00,Tirol,False,False,,,,,nein
14520,,Prutz,10.666667,47.066666,870.0,1967-07-01 00:00:00+00:00,2005-02-28 00:00:00+00:00,Tirol,True,False,,138,1967-07-01 00:00:00+00:00,2004-11-30 23:59:59+00:00,nein
14521,11313,Prutz,10.66472,47.06861,871.0,2004-12-01 00:00:00+00:00,2100-12-31 00:00:00+00:00,Tirol,True,True,,138,2004-12-01 00:00:00+00:00,,nein
14600,,Haiming,10.85,47.25,695.0,1965-09-01 00:00:00+00:00,2000-05-31 00:00:00+00:00,Tirol,False,False,,126,1965-09-01 00:00:00+00:00,2000-05-31 23:59:59+00:00,nein
14602,,Haiming,10.879167,47.25861,663.0,2000-06-01 00:00:00+00:00,2100-12-31 00:00:00+00:00,Tirol,False,False,,126,2000-06-01 00:00:00+00:00,2007-07-31 23:59:59+00:00,nein
14603,11309,Haiming,10.88944,47.25972,659.0,2007-08-19 00:00:00+00:00,2100-12-31 00:00:00+00:00,Tirol,True,True,,126,2007-08-20 00:00:00+00:00,,nein
14605,,Haiming,10.866667,47.266666,660.0,1947-11-01 00:00:00+00:00,1957-04-30 00:00:00+00:00,Tirol,False,False,,126,1947-11-01 00:00:00+00:00,1957-04-30 23:59:59+00:00,nein
14610,,Kühtai,11.013333,47.208332,1970.0,1976-06-01 00:00:00+00:00,1999-12-31 00:00:00+00:00,Tirol,False,False,,,,,nein
14620,,Pioesmes,10.866667,47.049999,1410.0,1967-01-01 00:00:00+00:00,1982-12-31 00:00:00+00:00,Tirol,True,False,,210,1967-01-01 00:00:00+00:00,1982-12-31 23:59:59+00:00,nein
14621,,St. Leonhard-Neurur,10.864445,47.022221,1462.0,1983-01-01 00:00:00+00:00,2100-12-31 00:00:00+00:00,Tirol,False,False,,210,1983-01-01 00:00:00+00:00,2007-12-31 23:59:59+00:00,nein
14622,11317,St. Leonhard im Pitztal,10.86556,47.02722,1454.4,2007-11-27 00:00:00+00:00,2100-12-31 00:00:00+00:00,Tirol,True,True,,210,2008-01-01 00:00:00+00:00,,nein
14630,,Umhausen,10.933888,47.137501,1041.0,1936-01-01 00:00:00+00:00,2003-09-30 00:00:00+00:00,Tirol,True,False,,136,1936-01-01 00:00:00+00:00,2003-09-30 23:59:59+00:00,nein
14631,11117,Umhausen,10.92889,47.13917,1035.0,2003-07-01 00:00:00+00:00,2100-12-31 00:00:00+00:00,Tirol,True,True,,136,2003-10-01 00:00:00+00:00,,nein
14701,11324,Neustift/Milders,11.29194,47.10278,1006.6,2004-11-06 00:00:00+00:00,2100-12-31 00:00:00+00:00,Tirol,True,True,,,,,nein
14800,,Brenner,11.516666,47.0,1450.0,1948-01-01 00:00:00+00:00,1992-12-31 00:00:00+00:00,Tirol,False,False,,16,1948-01-01 00:00:00+00:00,1992-12-31 23:59:59+00:00,nein
14801,11128,Brenner,11.513333,47.005554,1445.0,1992-10-01 00:00:00+00:00,2015-01-31 00:00:00+00:00,Tirol,True,True,,16,1993-01-01 00:00:00+00:00,2007-11-30 23:59:59+00:00,nein
14802,11129,Brenner,11.51083,47.00722,1412.0,2007-11-27 00:00:00+00:00,2100-12-31 00:00:00+00:00,Tirol,True,True,,16,2007-12-01 00:00:00+00:00,,nein
14806,,Patscherkofel,11.45,47.216667,1970.0,1940-08-01 00:00:00+00:00,1946-05-31 00:00:00+00:00,Tirol,True,False,,196,1940-08-01 00:00:00+00:00,1946-05-31 23:59:59+00:00,nein
14807,,Patscherkofel,11.459444,47.216667,2050.0,1946-06-01 00:00:00+00:00,1954-12-31 00:00:00+00:00,Tirol,True,False,,196,1946-06-01 00:00:00+00:00,1954-12-31 23:59:59+00:00,nein
14808,,Patscherkofel,11.45,47.200001,1905.0,1955-01-01 00:00:00+00:00,1958-01-16 00:00:00+00:00,Tirol,True,False,,196,1955-01-01 00:00:00+00:00,1958-01-16 23:59:59+00:00,nein
14809,,Patscherkofel,11.45,47.200001,2045.0,1958-01-17 00:00:00+00:00,1966-12-15 00:00:00+00:00,Tirol,True,False,,196,1958-01-17 00:00:00+00:00,1966-12-15 23:59:59+00:00,nein
14810,,Patscherkofel,11.462222,47.209446,2247.0,1966-12-16 00:00:00+00:00,2010-09-30 00:00:00+00:00,Tirol,True,False,,196,1966-12-16 00:00:00+00:00,2007-12-31 23:59:59+00:00,nein
14812,11126,Patscherkofel,11.46222,47.20889,2251.0,1993-08-01 00:00:00+00:00,2100-12-31 00:00:00+00:00,Tirol,True,True,,196,2008-01-01 00:00:00+00:00,,nein
14820,,Rinn,11.484445,47.24889,900.0,1957-01-01 00:00:00+00:00,2000-03-31 00:00:00+00:00,Tirol,True,True,,127,1957-01-01 00:00:00+00:00,2000-03-31 23:59:59+00:00,nein
14821,,Rinn,11.501667,47.25,895.0,2000-04-01 00:00:00+00:00,2025-09-01 00:00:00+00:00,Tirol,False,False,,127,2000-04-01 00:00:00+00:00,2007-12-31 23:59:59+00:00,nein
14822,11123,Rinn,11.50389,47.24917,924.1,2007-11-27 00:00:00+00:00,2100-12-31 00:00:00+00:00,Tirol,True,True,,127,2008-01-01 00:00:00+00:00,,nein
14825,11326,Schmirn,11.58028,47.08722,1464.0,2004-11-06 00:00:00+00:00,2100-12-31 00:00:00+00:00,Tirol,True,True,,,,,nein
14833,11329,Steinach am Brenner,11.46611,47.09833,1036.0,2007-11-27 00:00:00+00:00,2100-12-31 00:00:00+00:00,Tirol,True,True,,139,2008-01-01 00:00:00+00:00,,nein
14834,,Steinach in Tirol,11.466666,47.083332,1025.0,2009-01-01 00:00:00+00:00,2100-12-31 00:00:00+00:00,Tirol,False,False,,,,,nein
14912,11250,Hintertux,11.675,47.10694,1505.0,2013-02-22 00:00:00+00:00,2100-12-31 00:00:00+00:00,Tirol,True,False,,,,,nein
15000,,Mayrhofen,11.85,47.150002,643.0,1936-01-01 00:00:00+00:00,1992-09-30 00:00:00+00:00,Tirol,False,False,,61,1936-01-01 00:00:00+00:00,1992-08-31 23:59:59+00:00,nein
15001,11322,Mayrhofen,11.850555,47.159443,643.0,1992-09-01 00:00:00+00:00,2100-12-31 00:00:00+00:00,Tirol,True,True,,61,1992-09-01 00:00:00+00:00,2007-08-31 23:59:59+00:00,nein
15002,11330,Mayrhofen,11.85139,47.1625,640.0,2007-09-01 00:00:00+00:00,2100-12-31 00:00:00+00:00,Tirol,True,True,,61,2007-09-01 00:00:00+00:00,,nein
15010,,Zell am Ziller,11.897778,47.233334,585.0,1955-09-01 00:00:00+00:00,1985-12-31 00:00:00+00:00,Tirol,True,False,,114,1955-09-01 00:00:00+00:00,1985-12-31 23:59:59+00:00,nein
15011,,Zell am Ziller/Rohrberg,11.904722,47.255001,595.0,1986-02-01 00:00:00+00:00,1993-01-31 00:00:00+00:00,Tirol,False,False,,114,1986-02-01 00:00:00+00:00,1993-01-31 23:59:59+00:00,nein
15100,,Krimml,12.18333,47.23333,1062.0,1953-06-15 00:00:00+00:00,1979-09-30 00:00:00+00:00,Salzburg,False,False,,47,1953-06-15 00:00:00+00:00,1979-09-30 23:59:59+00:00,nein
15101,,Krimml,12.18333,47.23,1000.0,1983-11-17 00:00:00+00:00,1997-08-31 00:00:00+00:00,Salzburg,True,False,,47,1983-11-17 00:00:00+00:00,1997-08-31 23:59:59+00:00,nein
15105,11136,Krimml,12.18197,47.22911,1008.8,1997-09-01 00:00:00+00:00,2100-12-31 00:00:00+00:00,Salzburg,True,True,,47,1997-09-01 00:00:00+00:00,,nein
15210,11252,Virgen,12.45592,47.00278,1211.9,1992-09-01 00:00:00+00:00,2100-12-31 00:00:00+00:00,Tirol,True,True,,,,,nein
15300,,Enzingerboden,12.633333,47.166667,1480.0,1962-03-01 00:00:00+00:00,2100-12-31 00:00:00+00:00,Salzburg,False,False,,,,,nein
15310,,Mooserboden,12.716666,47.150002,2036.0,1944-09-01 00:00:00+00:00,2008-06-30 00:00:00+00:00,Salzburg,True,False,,,,,nein
15320,,Rudolfshütte,12.61667,47.13333,2304.0,1980-06-01 00:00:00+00:00,1992-11-30 00:00:00+00:00,Salzburg,True,False,,82,1980-06-01 00:00:00+00:00,1992-11-30 23:59:59+00:00,nein
15321,11138,Rudolfshütte,12.62594,47.13492,2317.0,1992-12-01 00:00:00+00:00,2100-12-31 00:00:00+00:00,Salzburg,True,True,,82,1992-12-01 00:00:00+00:00,,nein
15322,,Rudolfshütte Weißsee,12.633333,47.133335,2315.0,1961-08-01 00:00:00+00:00,1978-04-30 00:00:00+00:00,Salzburg,False,False,,82,1961-08-01 00:00:00+00:00,1978-04-30 23:59:59+00:00,nein
15330,,Schneiderau,12.6,47.200001,1041.0,1961-06-01 00:00:00+00:00,1980-12-31 00:00:00+00:00,Salzburg,False,False,,,,,nein
15340,,Kals,12.65,47.0,1347.0,1951-05-01 00:00:00+00:00,1984-06-30 00:00:00+00:00,Tirol,False,False,,43,1951-05-01 00:00:00+00:00,1984-06-30 23:59:59+00:00,nein
15341,,Kals/Großdorf,12.633333,47.0,1350.0,1984-07-01 00:00:00+00:00,1993-04-30 00:00:00+00:00,Tirol,False,False,,43,1984-07-01 00:00:00+00:00,1993-04-30 23:59:59+00:00,nein
15343,,Kals,12.646111,47.003334,1338.0,1993-04-30 00:00:00+00:00,2007-12-31 00:00:00+00:00,Tirol,False,False,,43,1993-05-01 00:00:00+00:00,2007-07-31 23:59:59+00:00,nein
15344,11200,Kals,12.6465,47.00478,1352.4,2007-08-01 00:00:00+00:00,2100-12-31 00:00:00+00:00,Tirol,True,True,,43,2007-08-01 00:00:00+00:00,,nein
15400,,Rauris,13.0,47.216667,945.0,1946-04-01 00:00:00+00:00,1989-06-30 00:00:00+00:00,Salzburg,True,False,,78,1946-12-01 00:00:00+00:00,1989-06-30 23:59:59+00:00,nein
15401,,Rauris,12.983334,47.25,916.0,1989-07-01 00:00:00+00:00,1993-12-31 00:00:00+00:00,Salzburg,True,False,,78,1989-07-01 00:00:00+00:00,1993-05-31 23:59:59+00:00,nein
15402,11346,Rauris,12.99262,47.22353,933.8,1992-12-01 00:00:00+00:00,2100-12-31 00:00:00+00:00,Salzburg,True,True,,78,1993-06-01 00:00:00+00:00,,nein
15403,,Rauris,13.0,47.233334,943.0,1875-09-01 00:00:00+00:00,1946-11-30 00:00:00+00:00,Salzburg,False,False,,78,1875-09-01 00:00:00+00:00,1946-11-30 23:59:59+00:00,nein
15410,,Sonnblick,12.9575,47.05417,3109.0,1886-10-01 00:00:00+00:00,2008-12-31 00:00:00+00:00,Salzburg,True,True,,213,1886-10-01 00:00:00+00:00,2008-12-31 23:59:59+00:00,nein
15411,11343,Sonnblick,12.9575,47.05417,3109.0,1986-09-01 00:00:00+00:00,2100-12-31 00:00:00+00:00,Salzburg,True,True,,213,2009-01-01 00:00:00+00:00,,nein
15412,,Sonnblick Fensterhütte,12.958055,47.055,3105.0,1996-10-01 00:00:00+00:00,2001-10-31 00:00:00+00:00,Salzburg,True,False,,,,,nein
15420,,Heiligenblut,12.847222,47.033333,1242.0,1977-10-01 00:00:00+00:00,1997-03-31 00:00:00+00:00,Kärnten,True,False,,34,1977-10-01 00:00:00+00:00,1997-03-31 23:59:59+00:00,nein
15421,,Heiligenblut,12.8525,47.036388,1315.0,1997-07-01 00:00:00+00:00,1999-12-31 00:00:00+00:00,Kärnten,False,False,,34,1997-07-01 00:00:00+00:00,1999-12-31 23:59:59+00:00,nein
15430,11344,Kolm-Saigurn,12.98472,47.06944,1626.2,1995-11-01 00:00:00+00:00,2100-12-31 00:00:00+00:00,Salzburg,True,True,,,,,nein
15500,,Bad Gastein,13.133333,47.116665,1100.0,1976-07-01 00:00:00+00:00,1995-10-31 00:00:00+00:00,Salzburg,True,False,,7,1976-07-01 00:00:00+00:00,1995-10-31 23:59:59+00:00,nein
15501,11372,Bad Gastein,13.13336,47.11056,1092.0,2009-09-01 00:00:00+00:00,2100-12-31 00:00:00+00:00,Salzburg,True,True,,7,2010-01-01 00:00:00+00:00,,nein
15504,,Bad Gastein,13.133333,47.116665,1082.0,1926-04-21 00:00:00+00:00,1975-12-31 00:00:00+00:00,Salzburg,True,False,,7,1926-04-21 00:00:00+00:00,1975-12-31 23:59:59+00:00,nein
15505,,Bad Hofgastein,13.105556,47.171944,850.0,1984-05-01 00:00:00+00:00,1995-08-16 00:00:00+00:00,Salzburg,True,False,,,,,nein
15506,,Bad Hofgastein,13.108056,47.161944,842.0,2013-09-01 00:00:00+00:00,2100-12-31 00:00:00+00:00,Salzburg,False,False,,,,,nein
15509,11179,Großarltal,13.19478,47.24144,882.3,2011-02-14 00:00:00+00:00,2100-12-31 00:00:00+00:00,Salzburg,True,False,,,,,nein
15515,,Bad Gastein/Böckstein,13.120833,47.092777,1100.0,1995-11-01 00:00:00+00:00,2009-12-31 00:00:00+00:00,Salzburg,True,False,,7,1995-11-01 00:00:00+00:00,2009-12-31 23:59:59+00:00,nein
15600,11149,Obertauern,13.56667,47.26667,1742.0,1984-09-01 00:00:00+00:00,1994-03-31 00:00:00+00:00,Salzburg,True,True,,68,1984-09-01 00:00:00+00:00,1994-03-31 23:59:59+00:00,nein
15610,11149,Obertauern,13.55972,47.24889,1772.0,1995-01-01 00:00:00+00:00,2100-12-31 00:00:00+00:00,Salzburg,True,True,,68,1995-01-01 00:00:00+00:00,,nein
15623,,Obertauern,13.55,47.25,1775.0,1971-06-01 00:00:00+00:00,1973-09-30 00:00:00+00:00,Salzburg,True,False,,68,1971-06-01 00:00:00+00:00,1973-09-30 23:59:59+00:00,nein
15624,,Obertauern,13.56667,47.25,1755.0,1980-03-01 00:00:00+00:00,1981-12-31 00:00:00+00:00,Salzburg,True,False,,68,1980-03-01 00:00:00+00:00,1981-12-31 23:59:59+00:00,nein
15640,8989078,Kölnbreinsperre,13.346111,47.08305,1916.0,2021-11-23 00:00:00+00:00,2100-12-31 00:00:00+00:00,Kärnten,True,True,,,,,nein
15700,,St. Michael im Lungau,13.65,47.1,1094.0,1968-12-01 00:00:00+00:00,1988-06-30 00:00:00+00:00,Salzburg,True,False,,92,1968-12-01 00:00:00+00:00,1988-06-30 23:59:59+00:00,nein
15701,,St. Michael im Lungau,13.63167,47.095,1049.0,1988-07-01 00:00:00+00:00,2008-10-31 00:00:00+00:00,Salzburg,True,False,,92,1988-07-01 00:00:00+00:00,2008-10-31 23:59:59+00:00,nein
15702,11148,St. Michael im Lungau,13.62269,47.09447,1051.9,2008-06-25 00:00:00+00:00,2100-12-31 00:00:00+00:00,Salzburg,True,True,,92,2008-11-01 00:00:00+00:00,,nein
15706,,Tamsweg,13.833333,47.116665,1024.0,1895-10-01 00:00:00+00:00,1939-01-31 00:00:00+00:00,Salzburg,False,False,,98,1895-10-01 00:00:00+00:00,1939-01-31 23:59:59+00:00,nein
15707,,Tamsweg,13.8,47.116665,1019.0,1943-01-01 00:00:00+00:00,1956-10-20 00:00:00+00:00,Salzburg,False,False,,98,1943-01-01 00:00:00+00:00,1956-10-20 23:59:59+00:00,nein
15708,,Tamsweg,13.833333,47.133335,1019.0,1956-12-02 00:00:00+00:00,1960-10-31 00:00:00+00:00,Salzburg,False,False,,98,1956-12-02 00:00:00+00:00,1960-10-31 23:59:59+00:00,nein
15709,,Tamsweg,13.8,47.116665,1012.0,1960-12-01 00:00:00+00:00,1983-02-28 00:00:00+00:00,Salzburg,False,False,,98,1960-12-01 00:00:00+00:00,1983-02-28 23:59:59+00:00,nein
15710,,Tamsweg,13.81,47.124722,1012.0,1983-03-01 00:00:00+00:00,1998-05-31 00:00:00+00:00,Salzburg,False,False,,98,1983-03-01 00:00:00+00:00,1998-05-31 23:59:59+00:00,nein
15711,,Tamsweg,13.81,47.124722,1025.0,1998-06-01 00:00:00+00:00,2008-09-30 00:00:00+00:00,Salzburg,False,False,,98,1998-06-01 00:00:00+00:00,2008-09-30 23:59:59+00:00,nein
15712,11399,Tamsweg,13.80833,47.13306,1025.0,2008-06-25 00:00:00+00:00,2100-12-31 00:00:00+00:00,Salzburg,True,True,,98,2008-10-01 00:00:00+00:00,,nein
15715,11349,Katschberg,13.61472,47.06056,1635.0,1998-10-01 00:00:00+00:00,2100-12-31 00:00:00+00:00,Kärnten,True,True,,,,,nein
15721,11348,Mariapfarr,13.745,47.15222,1151.0,1991-01-01 00:00:00+00:00,2100-12-31 00:00:00+00:00,Salzburg,True,True,,,,,nein
15800,,Flattnitz,14.035277,46.944721,1438.0,1970-09-01 00:00:00+00:00,2007-09-30 00:00:00+00:00,Kärnten,True,False,,186,1970-09-01 00:00:00+00:00,2007-06-30 23:59:59+00:00,nein
15900,,Oberwölz,14.283055,47.201111,810.0,1936-01-01 00:00:00+00:00,2001-04-30 00:00:00+00:00,Steiermark,True,False,,182,1936-01-01 00:00:00+00:00,2001-04-30 23:59:59+00:00,nein
15901,11377,Oberwölz,14.28669,47.20206,842.1,2007-08-01 00:00:00+00:00,2100-12-31 00:00:00+00:00,Steiermark,True,True,,182,2007-08-01 00:00:00+00:00,,nein
15905,,Krakauebene,13.952778,47.188057,1312.0,1990-10-01 00:00:00+00:00,2007-12-31 00:00:00+00:00,Steiermark,True,False,,,,,nein
15906,,Krakauebene Terrasse,13.952222,47.187222,1310.0,2000-07-01 00:00:00+00:00,2001-12-01 00:00:00+00:00,Steiermark,False,True,,,,,nein
15910,,Stolzalpe,14.2,47.116665,1305.0,1938-01-01 00:00:00+00:00,1999-10-31 00:00:00+00:00,Steiermark,True,False,,97,1938-01-01 00:00:00+00:00,1999-10-31 23:59:59+00:00,nein
15911,,Stolzalpe,14.185833,47.121666,1215.0,2000-05-01 00:00:00+00:00,2004-06-30 00:00:00+00:00,Steiermark,True,False,,97,2000-05-01 00:00:00+00:00,2004-06-30 23:59:59+00:00,nein
15912,11363,Stolzalpe,14.18822,47.12303,1291.0,2007-07-24 00:00:00+00:00,2100-12-31 00:00:00+00:00,Steiermark,True,True,,97,2007-07-24 00:00:00+00:00,,nein
15920,11280,Murau,14.17694,47.11111,816.0,1989-01-01 00:00:00+00:00,2100-12-31 00:00:00+00:00,Steiermark,True,True,,,,,nein
16000,,Neumarkt,14.43333,47.08333,842.0,1972-01-01 00:00:00+00:00,1986-10-31 00:00:00+00:00,Steiermark,True,False,,64,1972-01-01 00:00:00+00:00,1986-10-31 23:59:59+00:00,nein
16001,,Neumarkt,14.416667,47.083332,881.0,1936-01-01 00:00:00+00:00,1971-12-31 00:00:00+00:00,Steiermark,False,False,,64,1936-01-01 00:00:00+00:00,1971-12-31 23:59:59+00:00,nein
16003,,Neumarkter Sattel,14.425555,47.070557,1125.0,1987-01-01 00:00:00+00:00,1998-02-28 00:00:00+00:00,Steiermark,False,False,,,,,nein
16009,,Zirbitzkogel,14.566667,47.066666,2386.0,1950-09-01 00:00:00+00:00,1956-02-29 00:00:00+00:00,Steiermark,True,False,,,,,nein
16015,11220,Neumarkt,14.42472,47.06972,869.0,1993-08-01 00:00:00+00:00,2100-12-31 00:00:00+00:00,Steiermark,True,True,,64,1993-08-01 00:00:00+00:00,,nein
16100,,Zeltweg,14.78333,47.2,669.0,1962-10-01 00:00:00+00:00,1992-05-31 00:00:00+00:00,Steiermark,True,False,,115,1962-10-01 00:00:00+00:00,1992-05-31 23:59:59+00:00,nein
16101,11365,Zeltweg,14.74689,47.19983,677.6,1992-04-01 00:00:00+00:00,2100-12-31 00:00:00+00:00,Steiermark,True,True,,115,1992-06-01 00:00:00+00:00,,nein
16300,,Lobming,15.178333,47.043056,414.0,1961-01-01 00:00:00+00:00,2007-12-31 00:00:00+00:00,Steiermark,False,False,,,,,nein
16308,11221,Köflach,15.087222,47.070277,465.0,2004-11-01 00:00:00+00:00,2100-12-31 00:00:00+00:00,Steiermark,True,True,,,,,nein
16400,11240,Graz Thalerhof Flughafen,15.44,46.98056,340.0,1950-01-01 00:00:00+00:00,2100-12-31 00:00:00+00:00,Steiermark,True,True,,,,,nein
16401,,Graz Messendorfberg,15.489722,47.046944,435.0,1972-12-01 00:00:00+00:00,2001-08-16 00:00:00+00:00,Steiermark,True,False,,,,,nein
16402,,Graz Universität,15.447778,47.079723,366.0,1894-01-01 00:00:00+00:00,1988-05-31 00:00:00+00:00,Steiermark,True,False,,30,1894-01-01 00:00:00+00:00,1988-05-31 23:59:59+00:00,nein
16411,11242,St. Radegund,15.48978,47.18211,726.3,1986-04-01 00:00:00+00:00,2100-12-31 00:00:00+00:00,Steiermark,True,True,,94,1986-04-01 00:00:00+00:00,,nein
16412,11290,Graz Universität,15.44892,47.07767,366.7,1988-06-01 00:00:00+00:00,2100-12-31 00:00:00+00:00,Steiermark,True,True,,30,1988-06-01 00:00:00+00:00,2022-08-31 23:59:59+00:00,nein
16413,11238,Graz Straßgang,15.41028,47.04611,356.5,2007-11-27 00:00:00+00:00,2100-12-31 00:00:00+00:00,Steiermark,True,True,,,,,nein
16414,11291,Graz Universität/Heinrichstraße,15.448056,47.08,366.0,2022-09-01 00:00:00+00:00,2100-12-31 00:00:00+00:00,Steiermark,False,False,,30,2022-09-01 00:00:00+00:00,,nein
16420,,Schöckl,15.46806,47.19861,1436.0,1928-01-01 00:00:00+00:00,1992-12-31 00:00:00+00:00,Steiermark,True,False,,86,1928-01-01 00:00:00+00:00,1992-12-31 23:59:59+00:00,nein
16421,11241,Schöckl,15.46639,47.19861,1443.0,1992-12-01 00:00:00+00:00,2100-12-31 00:00:00+00:00,Steiermark,True,True,,86,1993-01-01 00:00:00+00:00,,nein
16430,8989103,Graz Lendplatz,15.4289,47.07556,351.0,2022-11-17 00:00:00+00:00,2100-12-31 00:00:00+00:00,Steiermark,False,False,,,,,nein
16431,8989104,Graz Lendplatz Feuerwehrturm,15.4294,47.07528,351.0,2022-11-17 00:00:00+00:00,2100-12-31 00:00:00+00:00,Steiermark,True,True,,,,,nein
16440,,Semriach,15.4,47.216667,720.0,1971-01-01 00:00:00+00:00,1976-12-31 00:00:00+00:00,Steiermark,False,False,,,,,nein
16500,,Gleisdorf,15.710834,47.113335,375.0,1961-01-01 00:00:00+00:00,2007-12-31 00:00:00+00:00,Steiermark,False,False,,200,1961-01-01 00:00:00+00:00,2007-12-31 23:59:59+00:00,nein
16501,11247,Gleisdorf,15.70806,47.11556,377.3,2007-06-01 00:00:00+00:00,2100-12-31 00:00:00+00:00,Steiermark,True,True,,200,2008-01-01 00:00:00+00:00,,nein
16511,11292,Laßnitzhöhe,15.59222,47.07361,530.0,1990-02-01 00:00:00+00:00,2100-12-31 00:00:00+00:00,Steiermark,True,True,,53,1990-02-01 00:00:00+00:00,,nein
16520,,Weiz,15.635555,47.218613,465.0,1940-05-01 00:00:00+00:00,2007-12-31 00:00:00+00:00,Steiermark,False,False,,201,1944-01-01 00:00:00+00:00,2007-11-30 23:59:59+00:00,nein
16521,11243,Weiz,15.634444,47.218334,465.7,2007-06-01 00:00:00+00:00,2014-04-08 00:00:00+00:00,Steiermark,True,True,,201,2007-12-01 00:00:00+00:00,2013-05-31 23:59:59+00:00,nein
16522,8989117,Weiz,15.635,47.2022,450.0,2024-05-01 00:00:00+00:00,2100-12-31 00:00:00+00:00,Steiermark,False,False,,,,,nein
16600,,Fürstenfeld,16.081667,47.031113,271.0,1936-01-01 00:00:00+00:00,2007-06-30 00:00:00+00:00,Steiermark,False,False,,154,1936-01-01 00:00:00+00:00,2007-06-30 23:59:59+00:00,nein
16601,11246,Fürstenfeld,16.08083,47.03083,271.0,2007-07-01 00:00:00+00:00,2100-12-31 00:00:00+00:00,Steiermark,True,True,,154,2007-07-01 00:00:00+00:00,,nein
16700,,Güssing,16.333334,47.066666,240.0,1948-01-01 00:00:00+00:00,1982-10-31 00:00:00+00:00,Burgenland,False,False,,183,1948-01-01 00:00:00+00:00,1982-10-31 23:59:59+00:00,nein
16701,,Gerersdorf bei Güssing,16.237223,47.071667,280.0,1983-07-01 00:00:00+00:00,1995-12-31 00:00:00+00:00,Burgenland,False,False,,,,,nein
16702,11198,Güssing,16.32186,47.0625,215.3,2008-07-01 00:00:00+00:00,2100-12-31 00:00:00+00:00,Burgenland,True,True,,183,2008-07-01 00:00:00+00:00,,nein
16710,,Wörterberg,16.09833,47.22722,400.0,1929-07-02 00:00:00+00:00,2007-12-31 00:00:00+00:00,Burgenland,False,False,,202,1929-07-01 00:00:00+00:00,2007-12-31 23:59:59+00:00,nein
16711,11392,Wörterberg,16.09678,47.22619,403.6,2007-07-01 00:00:00+00:00,2100-12-31 00:00:00+00:00,Burgenland,True,True,,202,2008-01-01 00:00:00+00:00,,nein
16800,11192,Kleinzicken,16.326667,47.2075,263.0,1993-01-01 00:00:00+00:00,2100-12-31 00:00:00+00:00,Burgenland,True,True,,49,1993-05-01 00:00:00+00:00,,nein
16802,,Kleinzicken,16.33333,47.21667,267.0,1978-01-01 00:00:00+00:00,1993-04-30 00:00:00+00:00,Burgenland,True,False,,49,1978-01-01 00:00:00+00:00,1993-04-30 23:59:59+00:00,nein
16900,,Obervermunt,10.083333,46.916668,2040.0,1963-10-01 00:00:00+00:00,1996-08-31 00:00:00+00:00,Vorarlberg,False,False,,,,,nein
16905,8989071,Gaschurn,10.02861,46.98583,976.3,2007-08-01 00:00:00+00:00,2021-10-06 00:00:00+00:00,Vorarlberg,True,True,,220,2007-08-01 00:00:00+00:00,2020-12-31 23:59:59+00:00,nein
16906,11108,Gaschurn,10.031667,46.980278,985.0,2020-09-01 00:00:00+00:00,2100-12-31 00:00:00+00:00,Vorarlberg,True,True,,220,2021-01-01 00:00:00+00:00,,nein
16910,,Partenen,10.05,46.966667,1028.0,1963-10-01 00:00:00+00:00,2021-04-01 00:00:00+00:00,Vorarlberg,False,False,,,,,nein
16920,,Gargellen,9.916667,46.966667,1474.0,1935-01-01 00:00:00+00:00,1962-09-30 00:00:00+00:00,Vorarlberg,False,False,,,,,nein
17000,,Galtür,10.183333,46.966667,1583.0,1901-01-01 00:00:00+00:00,1989-03-31 00:00:00+00:00,Tirol,False,False,,28,1901-01-01 00:00:00+00:00,1989-03-31 23:59:59+00:00,nein
17001,,Galtür,10.193611,46.964443,1648.0,1989-04-01 00:00:00+00:00,1996-11-30 00:00:00+00:00,Tirol,False,False,,28,1989-04-01 00:00:00+00:00,1996-11-30 23:59:59+00:00,nein
17002,11312,Galtür,10.18556,46.96806,1587.0,1996-11-01 00:00:00+00:00,2100-12-31 00:00:00+00:00,Tirol,True,True,,28,1996-12-01 00:00:00+00:00,,nein
17003,,Galtür,10.189167,46.964443,1615.0,2012-06-01 00:00:00+00:00,2100-12-31 00:00:00+00:00,Tirol,False,False,,,,,nein
17004,,Galtür,10.185833,46.972778,1648.0,2008-09-01 00:00:00+00:00,2012-05-31 00:00:00+00:00,Tirol,False,False,,,,,nein
17005,11310,Ischgl-Idalpe,10.31722,46.9825,2327.0,1984-09-01 00:00:00+00:00,2100-12-31 00:00:00+00:00,Tirol,True,True,,,,,nein
17006,,Ischgl-Idalpe,10.317223,46.981945,2323.0,2009-01-01 00:00:00+00:00,2022-06-30 00:00:00+00:00,Tirol,False,False,,,,,nein
17100,,Nauders,10.5,46.900002,1360.0,1958-06-01 00:00:00+00:00,2002-05-31 00:00:00+00:00,Tirol,True,False,,121,1958-06-01 00:00:00+00:00,2001-05-31 23:59:59+00:00,nein
17101,,Nauders,10.5,46.900002,1360.0,2002-06-01 00:00:00+00:00,2004-07-31 00:00:00+00:00,Tirol,False,False,,121,2002-06-01 00:00:00+00:00,2004-07-31 23:59:59+00:00,nein
17102,11113,Nauders,10.49694,46.89111,1330.2,2004-06-01 00:00:00+00:00,2100-12-31 00:00:00+00:00,Tirol,True,True,,121,2004-08-01 00:00:00+00:00,,nein
17300,,Obergurgl,11.02722,46.8675,1938.0,1953-01-01 00:00:00+00:00,1998-12-31 00:00:00+00:00,Tirol,True,False,,66,1953-01-01 00:00:00+00:00,1998-12-31 23:59:59+00:00,nein
17301,11127,Obergurgl,11.02444,46.86694,1941.0,1999-01-01 00:00:00+00:00,2100-12-31 00:00:00+00:00,Tirol,True,True,,66,1999-01-01 00:00:00+00:00,,nein
17305,,Vent,10.933333,46.866665,1908.0,1940-01-01 00:00:00+00:00,1977-12-31 00:00:00+00:00,Tirol,True,False,,,,,nein
17310,,Pitztaler Gletscher,10.883333,46.933334,2850.0,1989-03-01 00:00:00+00:00,1994-04-16 00:00:00+00:00,Tirol,False,False,,184,1989-03-01 00:00:00+00:00,1993-12-31 23:59:59+00:00,nein
17315,11316,Pitztaler Gletscher,10.87914,46.92706,2863.9,1994-01-01 00:00:00+00:00,2100-12-31 00:00:00+00:00,Tirol,True,True,,184,1994-01-01 00:00:00+00:00,,nein
17320,11318,Brunnenkogel,10.86167,46.91278,3437.0,2003-07-01 00:00:00+00:00,2100-12-31 00:00:00+00:00,Tirol,True,True,,,,,nein
17700,,St. Jakob im Defereggental,12.354445,46.917221,1385.0,1938-01-01 00:00:00+00:00,2007-10-31 00:00:00+00:00,Tirol,False,False,,185,1938-01-01 00:00:00+00:00,2007-08-31 23:59:59+00:00,nein
17701,11300,St. Jakob im Defereggental,12.35389,46.91694,1383.0,2007-07-06 00:00:00+00:00,2100-12-31 00:00:00+00:00,Tirol,True,True,,185,2007-09-01 00:00:00+00:00,,nein
17900,,Lienz,12.78333,46.81667,663.0,1880-01-01 00:00:00+00:00,1985-11-30 00:00:00+00:00,Tirol,True,True,,55,1880-01-01 00:00:00+00:00,1985-11-30 23:59:59+00:00,nein
17901,11204,Lienz,12.80639,46.82555,661.0,1985-12-01 00:00:00+00:00,2100-12-31 00:00:00+00:00,Tirol,True,True,,55,1985-12-01 00:00:00+00:00,,nein
18000,,Döllach-Sagritz,12.903611,46.958611,1071.0,1977-06-01 00:00:00+00:00,2004-05-31 00:00:00+00:00,Kärnten,False,False,,137,1977-06-01 00:00:00+00:00,2004-05-31 23:59:59+00:00,nein
18001,11206,Döllach,12.9025,46.95806,1071.0,2004-05-01 00:00:00+00:00,2100-12-31 00:00:00+00:00,Kärnten,True,True,,137,2004-06-01 00:00:00+00:00,,nein
18002,,Döllach im Mölltal,12.9,46.966667,1024.0,1926-08-01 00:00:00+00:00,1976-08-31 00:00:00+00:00,Kärnten,False,False,,137,1926-08-01 00:00:00+00:00,1976-08-31 23:59:59+00:00,nein
18010,,Iselsberg,12.858055,46.855556,1190.0,1979-09-01 00:00:00+00:00,2007-12-31 00:00:00+00:00,Kärnten,False,False,,,,,nein
18100,,Kolbnitz,13.312222,46.873055,603.0,1953-05-01 00:00:00+00:00,2001-12-31 00:00:00+00:00,Kärnten,False,False,,,,,nein
18111,11260,Mallnitz,13.16667,46.99194,1197.0,1987-03-01 00:00:00+00:00,2100-12-31 00:00:00+00:00,Kärnten,True,True,,149,2002-08-01 00:00:00+00:00,,nein
18120,,Obervellach,13.233334,46.933334,778.0,1970-09-01 00:00:00+00:00,1981-12-31 00:00:00+00:00,Kärnten,True,False,,69,1970-09-01 00:00:00+00:00,1981-12-31 23:59:59+00:00,nein
18121,11261,Obervellach,13.22333,46.92889,809.0,1986-12-01 00:00:00+00:00,2015-02-01 00:00:00+00:00,Kärnten,True,False,,69,1986-12-01 00:00:00+00:00,2014-12-31 23:59:59+00:00,nein
18122,11262,Obervellach,13.19444,46.93528,688.0,2014-07-09 00:00:00+00:00,2100-12-31 00:00:00+00:00,Kärnten,True,True,,69,2015-01-01 00:00:00+00:00,,nein
18200,,Litzlhof,13.433333,46.833332,580.0,1961-01-01 00:00:00+00:00,1992-10-31 00:00:00+00:00,Kärnten,True,False,,,,,nein
18210,11215,Millstatt,13.57278,46.80806,721.0,1982-06-24 00:00:00+00:00,2100-12-31 00:00:00+00:00,Kärnten,True,True,,62,1982-06-24 00:00:00+00:00,,nein
18211,,Millstatt/Kleindombra,13.583333,46.799999,754.0,1972-11-01 00:00:00+00:00,1982-06-30 00:00:00+00:00,Kärnten,False,False,,62,1972-11-01 00:00:00+00:00,1982-05-31 23:59:59+00:00,nein
18220,,Spittal an der Drau,13.53611,46.77472,524.0,1977-04-01 00:00:00+00:00,2004-10-31 00:00:00+00:00,Kärnten,False,False,,150,1977-04-01 00:00:00+00:00,2004-10-31 23:59:59+00:00,nein
18225,11272,Spittal an der Drau,13.48725,46.7905,541.7,1993-06-08 00:00:00+00:00,2100-12-31 00:00:00+00:00,Kärnten,True,True,,150,2004-11-01 00:00:00+00:00,,nein
18231,11273,Gmünd,13.53417,46.90278,738.4,2008-07-23 00:00:00+00:00,2100-12-31 00:00:00+00:00,Kärnten,True,True,,,,,nein
18240,,Reisseck,13.366667,46.933334,2252.0,1960-11-01 00:00:00+00:00,1976-05-31 00:00:00+00:00,Kärnten,True,False,,207,1960-11-01 00:00:00+00:00,1976-05-31 23:59:59+00:00,nein
18241,,Reisseckhütte,13.366667,46.916668,2290.0,1953-06-01 00:00:00+00:00,1960-10-31 00:00:00+00:00,Kärnten,False,False,,207,1953-06-01 00:00:00+00:00,1960-10-31 23:59:59+00:00,nein
18300,,Radenthein,13.7,46.783333,685.0,1958-11-01 00:00:00+00:00,1998-07-31 00:00:00+00:00,Kärnten,True,False,,128,1958-11-01 00:00:00+00:00,1998-07-31 23:59:59+00:00,nein
18305,,Radenthein,13.698055,46.798054,685.0,1998-08-01 00:00:00+00:00,2000-11-30 00:00:00+00:00,Kärnten,False,False,,128,1998-08-01 00:00:00+00:00,2000-11-30 23:59:59+00:00,nein
18306,,Radenthein,13.698334,46.800278,688.0,2000-12-01 00:00:00+00:00,2002-08-31 00:00:00+00:00,Kärnten,False,False,,128,2000-12-01 00:00:00+00:00,2002-08-31 23:59:59+00:00,nein
18402,11222,Flattnitz,14.03611,46.94083,1437.2,2007-07-01 00:00:00+00:00,2100-12-31 00:00:00+00:00,Kärnten,True,True,,186,2007-07-01 00:00:00+00:00,2025-04-01 06:00:00+00:00,nein
18500,,Weitensfeld,14.19639,46.84444,705.0,1985-09-01 00:00:00+00:00,2007-12-31 00:00:00+00:00,Kärnten,False,True,,103,1985-09-01 00:00:00+00:00,2007-12-31 23:59:59+00:00,nein
18501,,Weitensfeld,14.2,46.85,715.0,1953-01-01 00:00:00+00:00,1985-08-31 00:00:00+00:00,Kärnten,False,False,,103,1953-01-01 00:00:00+00:00,1985-08-31 23:59:59+00:00,nein
18502,11225,Weitensfeld,14.19083,46.84917,704.0,2007-07-01 00:00:00+00:00,2100-12-31 00:00:00+00:00,Kärnten,True,True,,103,2008-01-01 00:00:00+00:00,,nein
18600,,Friesach,14.42,46.955276,634.0,1958-05-01 00:00:00+00:00,2007-12-31 00:00:00+00:00,Kärnten,True,False,,187,1958-05-01 00:00:00+00:00,2007-12-31 23:59:59+00:00,nein
18601,11228,Friesach,14.40583,46.95861,640.0,2007-07-01 00:00:00+00:00,2100-12-31 00:00:00+00:00,Kärnten,True,True,,187,2008-01-01 00:00:00+00:00,,nein
18610,,Silberegg,14.5,46.849998,598.0,1971-01-01 00:00:00+00:00,1981-12-31 00:00:00+00:00,Kärnten,False,False,,,,,nein
18615,,Althofen,14.483334,46.866665,728.0,1942-05-11 00:00:00+00:00,1979-12-30 00:00:00+00:00,Kärnten,True,False,,,,,nein
18617,8989053,Treibach-Althofen,14.460556,46.863056,612.0,2024-01-10 00:00:00+00:00,2100-12-31 00:00:00+00:00,Kärnten,True,True,,,,,nein
18620,,St. Veit an der Glan,14.360556,46.764721,475.0,1968-05-01 00:00:00+00:00,1997-02-28 00:00:00+00:00,Kärnten,False,False,,95,1968-05-01 00:00:00+00:00,1997-02-28 23:59:59+00:00,nein
18621,,St. Veit an der Glan,14.345834,46.759724,475.0,1997-03-01 00:00:00+00:00,2007-12-31 00:00:00+00:00,Kärnten,False,False,,95,1997-03-01 00:00:00+00:00,2007-12-31 23:59:59+00:00,nein
18622,11237,St. Veit an der Glan,14.38556,46.73917,462.6,2007-08-01 00:00:00+00:00,2100-12-31 00:00:00+00:00,Kärnten,True,True,,95,2008-01-01 00:00:00+00:00,,nein
18700,,St. Andrä-Winkling,14.8,46.78333,468.0,1976-09-01 00:00:00+00:00,1992-12-31 00:00:00+00:00,Kärnten,False,False,,90,1976-09-01 00:00:00+00:00,1992-12-31 23:59:59+00:00,nein
18704,,St. Andrä im Lavanttal,14.816667,46.766666,430.0,1961-01-01 00:00:00+00:00,1975-06-30 00:00:00+00:00,Kärnten,False,False,,90,1961-01-01 00:00:00+00:00,1975-06-30 23:59:59+00:00,nein
18705,11229,St. Andrä im Lavanttal,14.82806,46.76417,403.0,1993-03-11 00:00:00+00:00,2100-12-31 00:00:00+00:00,Kärnten,True,True,,90,1993-03-11 00:00:00+00:00,,nein
18800,,Preitenegg,14.91667,46.93333,1055.0,1950-07-01 00:00:00+00:00,1993-12-31 00:00:00+00:00,Kärnten,True,False,,71,1950-07-01 00:00:00+00:00,1993-12-31 23:59:59+00:00,nein
18805,11214,Preitenegg,14.920278,46.938333,1059.0,1993-06-01 00:00:00+00:00,2100-12-31 00:00:00+00:00,Kärnten,True,True,,71,1994-01-01 00:00:00+00:00,,nein
18810,,Wolfsberg Reding,14.85,46.833333,440.0,1956-01-01 00:00:00+00:00,1985-10-31 00:00:00+00:00,Kärnten,True,False,,110,1956-01-07 00:00:00+00:00,1985-10-31 23:59:59+00:00,nein
18811,,Wolfsberg,14.85,46.833332,442.0,1985-11-01 00:00:00+00:00,1987-10-31 00:00:00+00:00,Kärnten,False,False,,110,1985-11-01 00:00:00+00:00,1987-10-31 23:59:59+00:00,nein
18813,,Wolfsberg Reding,14.85,46.816666,435.0,1953-01-01 00:00:00+00:00,1955-12-31 00:00:00+00:00,Kärnten,False,False,,110,1953-01-01 00:00:00+00:00,1955-12-31 23:59:59+00:00,nein
18900,,Deutschlandsberg,15.216666,46.816666,380.0,1895-08-01 00:00:00+00:00,1996-01-31 00:00:00+00:00,Steiermark,False,False,,116,1895-08-01 00:00:00+00:00,1995-07-31 23:59:59+00:00,nein
18905,11285,Deutschlandsberg,15.22889,46.82167,354.0,1994-07-01 00:00:00+00:00,2001-04-30 00:00:00+00:00,Steiermark,True,False,,116,1995-08-01 00:00:00+00:00,2001-04-30 23:59:59+00:00,nein
18906,11285,Deutschlandsberg,15.22694,46.82167,354.0,2001-05-01 00:00:00+00:00,2100-12-31 00:00:00+00:00,Steiermark,True,True,,116,2001-05-01 00:00:00+00:00,,nein
19021,11296,Leibnitz-Wagna,15.55289,46.76739,267.9,2003-11-01 00:00:00+00:00,2100-12-31 00:00:00+00:00,Steiermark,True,True,,54,2003-11-01 00:00:00+00:00,,nein
19200,,Bad Gleichenberg,15.89999,46.86666,303.0,1895-07-01 00:00:00+00:00,1985-03-31 00:00:00+00:00,Steiermark,True,False,,8,1895-07-01 00:00:00+00:00,1985-03-31 23:59:59+00:00,nein
19201,,Bad Gleichenberg,15.90194,46.86666,303.0,1985-04-01 00:00:00+00:00,2000-01-31 00:00:00+00:00,Steiermark,True,False,,8,1985-04-01 00:00:00+00:00,2000-01-31 23:59:59+00:00,nein
19204,11244,Bad Gleichenberg,15.90361,46.87222,269.0,2003-04-17 00:00:00+00:00,2100-12-31 00:00:00+00:00,Steiermark,True,True,,8,2003-04-17 00:00:00+00:00,,nein
19205,11298,Feldbach,15.87972,46.94889,323.0,1998-11-01 00:00:00+00:00,2100-12-31 00:00:00+00:00,Steiermark,True,True,,,,,nein
19500,,Sillian,12.416667,46.75,1100.0,1964-12-01 00:00:00+00:00,1999-09-30 00:00:00+00:00,Tirol,False,False,,130,1964-12-01 00:00:00+00:00,1999-09-30 23:59:59+00:00,nein
19501,,Sillian,12.416667,46.75,1080.0,1948-01-01 00:00:00+00:00,1964-04-30 00:00:00+00:00,Tirol,False,False,,130,1948-01-01 00:00:00+00:00,1964-04-30 23:59:59+00:00,nein
19505,11201,Sillian,12.42358,46.74644,1081.4,1996-09-19 00:00:00+00:00,2100-12-31 00:00:00+00:00,Tirol,True,True,,130,1999-10-01 00:00:00+00:00,,nein
19700,11270,Dellach,13.08286,46.74189,628.2,1983-05-05 00:00:00+00:00,2100-12-31 00:00:00+00:00,Kärnten,True,False,,19,1983-05-05 00:00:00+00:00,,nein
19701,,Dellach,13.083333,46.733334,620.0,1962-05-01 00:00:00+00:00,1983-04-30 00:00:00+00:00,Kärnten,True,False,,19,1962-05-01 00:00:00+00:00,1983-04-30 23:59:59+00:00,nein
19710,,Kornat,12.889444,46.688057,1047.0,1948-01-01 00:00:00+00:00,2007-12-31 00:00:00+00:00,Kärnten,False,False,,,,,nein
19711,11086,Kornat,12.888889,46.685001,990.0,2017-05-22 00:00:00+00:00,2100-12-31 00:00:00+00:00,Kärnten,True,True,,,,,nein
19715,,Vorhegg,12.972222,46.677776,1020.0,1990-12-01 00:00:00+00:00,2010-04-30 00:00:00+00:00,Kärnten,True,True,,,,,nein
19720,11255,Kötschach-Mauthen,12.99833,46.67638,705.0,1987-03-01 00:00:00+00:00,2100-12-31 00:00:00+00:00,Kärnten,True,True,,,,,nein
19730,,Laas,12.983334,46.683334,800.0,1969-07-01 00:00:00+00:00,1978-05-31 00:00:00+00:00,Kärnten,True,False,,208,1969-07-01 00:00:00+00:00,1978-05-31 23:59:59+00:00,nein
19731,,Laas,12.983334,46.683334,891.0,1944-05-01 00:00:00+00:00,1968-09-30 00:00:00+00:00,Kärnten,True,False,,208,1944-05-01 00:00:00+00:00,1968-09-30 23:59:59+00:00,nein
19800,,Reisach,13.154166,46.648335,646.0,1961-01-01 00:00:00+00:00,2007-12-31 00:00:00+00:00,Kärnten,False,False,,,,,nein
19810,,Weißbriach,13.25,46.683334,817.0,1966-09-08 00:00:00+00:00,1981-01-01 00:00:00+00:00,Kärnten,False,False,,,,,nein
19821,11263,Weißensee-Gatschach,13.28583,46.71861,949.0,1982-10-14 00:00:00+00:00,2100-12-31 00:00:00+00:00,Kärnten,True,True,,102,1982-11-01 00:00:00+00:00,,nein
19830,,Nassfeld,13.283334,46.566666,1525.0,1970-01-01 00:00:00+00:00,1978-12-31 00:00:00+00:00,Kärnten,False,False,,,,,nein
19911,11259,Hermagor,13.49222,46.60972,561.6,2008-07-23 00:00:00+00:00,2100-12-31 00:00:00+00:00,Kärnten,True,True,,,,,nein
20000,,Bad Bleiberg,13.683333,46.616665,904.0,1896-01-01 00:00:00+00:00,1985-04-30 00:00:00+00:00,Kärnten,False,False,,6,1896-01-01 00:00:00+00:00,1985-04-30 23:59:59+00:00,nein
20001,,Bad Bleiburg,13.688889,46.625,907.0,1985-05-01 00:00:00+00:00,2007-09-30 00:00:00+00:00,Kärnten,False,False,,6,1985-05-01 00:00:00+00:00,2007-09-30 23:59:59+00:00,nein
20002,11218,Bad Bleiberg,13.68444,46.62528,908.7,2007-08-01 00:00:00+00:00,2100-12-31 00:00:00+00:00,Kärnten,True,True,,6,2007-10-01 00:00:00+00:00,,nein
20005,,Kreuth,13.666667,46.616665,835.0,1981-05-01 00:00:00+00:00,1985-04-30 00:00:00+00:00,Kärnten,False,False,,,,,nein
20010,,Fresach,13.695,46.71444,748.0,1973-10-01 00:00:00+00:00,2008-09-30 00:00:00+00:00,Kärnten,True,False,,203,1973-10-01 00:00:00+00:00,2008-09-30 23:59:59+00:00,nein
20011,11226,Fresach,13.68528,46.71528,683.0,2008-09-01 00:00:00+00:00,2100-12-31 00:00:00+00:00,Kärnten,True,True,,203,2008-10-01 00:00:00+00:00,,nein
20020,11212,Villacher Alpe,13.67333,46.60361,2140.0,1921-11-01 00:00:00+00:00,2100-12-31 00:00:00+00:00,Kärnten,True,False,,,,,nein
20021,11265,Villacher Alpe,13.67278,46.60361,2117.0,1994-08-01 00:00:00+00:00,2100-12-31 00:00:00+00:00,Kärnten,True,True,,,,,nein
20100,,Kanzelhöhe,13.906667,46.678055,1526.0,1953-04-01 00:00:00+00:00,2001-12-31 00:00:00+00:00,Kärnten,True,False,,122,1953-04-01 00:00:00+00:00,2001-12-31 23:59:59+00:00,nein
20101,11216,Kanzelhöhe,13.90194,46.67722,1520.0,2002-01-01 00:00:00+00:00,2100-12-31 00:00:00+00:00,Kärnten,True,True,,122,2002-01-01 00:00:00+00:00,,nein
20102,,Kanzelhöhe,13.9,46.666668,1477.0,1938-01-01 00:00:00+00:00,1952-12-31 00:00:00+00:00,Kärnten,True,False,,122,1938-01-01 00:00:00+00:00,1952-12-31 23:59:59+00:00,nein
20105,11275,Arriach,13.85244,46.72769,890.2,1990-06-21 00:00:00+00:00,2100-12-31 00:00:00+00:00,Kärnten,True,True,,,,,nein
20106,,Arriach,13.85,46.733334,896.0,1947-08-07 00:00:00+00:00,1952-06-30 00:00:00+00:00,Kärnten,True,False,,,,,nein
20110,,Velden,14.033334,46.616665,535.0,1961-01-01 00:00:00+00:00,1982-12-31 00:00:00+00:00,Kärnten,True,False,,,,,nein
20116,,Villach Vassach,13.85,46.633335,533.0,1930-01-01 00:00:00+00:00,1947-08-31 00:00:00+00:00,Kärnten,False,False,,100,1930-01-01 00:00:00+00:00,1947-08-31 23:59:59+00:00,nein
20117,,Villach Perau,13.85,46.599998,493.0,1951-07-01 00:00:00+00:00,1954-12-31 00:00:00+00:00,Kärnten,False,False,,100,1951-07-01 00:00:00+00:00,1954-12-31 23:59:59+00:00,nein
20118,,Villach Seebach,13.8775,46.61694,492.0,1969-04-01 00:00:00+00:00,1981-12-31 00:00:00+00:00,Kärnten,True,False,,100,1969-04-01 00:00:00+00:00,1981-12-31 23:59:59+00:00,nein
20119,,Villach Maria Gail,13.883333,46.599998,504.0,1955-05-01 00:00:00+00:00,1968-12-31 00:00:00+00:00,Kärnten,False,False,,100,1955-05-01 00:00:00+00:00,1968-12-31 23:59:59+00:00,nein
20121,,Villach Seebach,13.85,46.633335,495.0,1948-02-01 00:00:00+00:00,1951-06-30 00:00:00+00:00,Kärnten,False,False,,100,1948-02-01 00:00:00+00:00,1951-06-30 23:59:59+00:00,nein
20122,,Villach,13.86667,46.61667,495.0,1982-06-01 00:00:00+00:00,1993-11-30 00:00:00+00:00,Kärnten,True,False,,100,1982-06-01 00:00:00+00:00,1993-11-30 23:59:59+00:00,nein
20123,11213,Villach Stadt,13.87389,46.61806,493.0,1993-12-01 00:00:00+00:00,2100-12-31 00:00:00+00:00,Kärnten,True,True,,100,1993-12-01 00:00:00+00:00,,nein
20200,,Ferlach,14.303333,46.532501,474.0,1953-05-01 00:00:00+00:00,2002-03-31 00:00:00+00:00,Kärnten,True,False,,120,1953-05-01 00:00:00+00:00,2002-03-31 23:59:59+00:00,nein
20201,,Ferlach,14.295278,46.530277,460.0,2002-05-01 00:00:00+00:00,2007-12-31 00:00:00+00:00,Kärnten,False,False,,120,2002-05-01 00:00:00+00:00,2007-12-31 23:59:59+00:00,nein
20202,11235,Ferlach,14.31417,46.53111,459.1,2007-08-01 00:00:00+00:00,2100-12-31 00:00:00+00:00,Kärnten,True,True,,120,2008-01-01 00:00:00+00:00,,nein
20203,,Klagenfurt Stadtpfarramt,14.307222,46.625832,446.0,1923-09-01 00:00:00+00:00,1940-12-31 00:00:00+00:00,Kärnten,False,False,,,,,nein
20204,,Klagenfurt Fliegerhorst,14.326944,46.645832,448.0,1939-03-01 00:00:00+00:00,1945-01-31 00:00:00+00:00,Kärnten,True,False,,,,,nein
20205,,Klagenfurt St. Martin,14.283334,46.633335,454.0,1944-06-01 00:00:00+00:00,1950-04-19 00:00:00+00:00,Kärnten,True,False,,,,,nein
20209,8989076,Klagenfurt/HTL1-Lastenstraße,14.316667,46.61944,441.0,2021-04-21 00:00:00+00:00,2100-12-31 00:00:00+00:00,Kärnten,True,True,,,,,nein
20210,,Klagenfurt Flughafen,14.33333,46.65001,447.0,1885-09-02 00:00:00+00:00,1991-03-31 00:00:00+00:00,Kärnten,True,True,,48,1952-07-01 00:00:00+00:00,1991-03-31 23:59:59+00:00,nein
20211,11231,Klagenfurt Flughafen,14.33333,46.65001,447.0,1991-04-01 00:00:00+00:00,1996-08-31 00:00:00+00:00,Kärnten,True,True,,48,1991-04-01 00:00:00+00:00,1996-08-31 23:59:59+00:00,nein
20212,11331,Klagenfurt Flughafen,14.31833,46.64833,450.0,1996-09-01 00:00:00+00:00,2100-12-31 00:00:00+00:00,Kärnten,True,True,,48,1996-09-01 00:00:00+00:00,,nein
20213,,Klagenfurt,14.333333,46.650002,447.0,1996-11-01 00:00:00+00:00,2008-03-31 00:00:00+00:00,Kärnten,True,False,,,,,nein
20214,,Klagenfurt Landesmuseum,14.312222,46.620833,449.0,1831-04-01 00:00:00+00:00,1952-07-15 00:00:00+00:00,Kärnten,True,False,,,,,nein
20219,,Pörtschach,14.166667,46.633335,441.0,1978-05-01 00:00:00+00:00,1982-09-30 00:00:00+00:00,Kärnten,False,False,,198,1978-05-01 00:00:00+00:00,1982-09-30 23:59:59+00:00,nein
20220,11278,Pörtschach,14.16528,46.63083,450.0,1982-10-01 00:00:00+00:00,2100-12-31 00:00:00+00:00,Kärnten,True,True,,198,1982-10-01 00:00:00+00:00,,nein
20230,,Rupertiberg,14.1,46.566666,715.0,1964-04-01 00:00:00+00:00,1993-12-31 00:00:00+00:00,Kärnten,False,False,,,,,nein
20240,,Feistritz im Rosental,14.14555,46.52833,466.0,1962-12-01 00:00:00+00:00,1980-06-30 00:00:00+00:00,Kärnten,False,False,,,,,nein
20270,11227,Feldkirchen,14.09694,46.72194,546.4,1995-07-01 00:00:00+00:00,2100-12-31 00:00:00+00:00,Kärnten,True,True,,,,,nein
20300,,Höhenbergen bei Tainach,14.55,46.638054,437.0,1978-05-01 00:00:00+00:00,2006-12-31 00:00:00+00:00,Kärnten,False,False,,,,,nein
20305,,Hörzendorf/St.Veit,14.346389,46.732224,492.0,1961-01-01 00:00:00+00:00,1968-04-30 00:00:00+00:00,Kärnten,False,False,,,,,nein
20330,,Hochobir,14.483334,46.5,2041.0,1880-08-01 00:00:00+00:00,1944-06-30 00:00:00+00:00,Kärnten,True,False,,,,,nein
20400,,St. Michael ob Bleiburg,14.75,46.583332,500.0,1961-01-01 00:00:00+00:00,1991-03-31 00:00:00+00:00,Kärnten,False,False,,91,1961-01-01 00:00:00+00:00,1991-03-31 23:59:59+00:00,nein
20401,,Feistritz ob Bleiburg,14.76583,46.55833,527.0,1991-10-01 00:00:00+00:00,1999-08-31 00:00:00+00:00,Kärnten,False,False,,91,1991-10-01 00:00:00+00:00,1999-08-31 23:59:59+00:00,nein
20402,,St. Michael ob Bleiburg,14.765833,46.579166,490.0,1999-09-01 00:00:00+00:00,2000-09-30 00:00:00+00:00,Kärnten,False,False,,91,1999-09-01 00:00:00+00:00,2000-09-01 23:59:59+00:00,nein
20403,,St. Michael ob Bleiburg,14.749444,46.578335,500.0,2000-10-01 00:00:00+00:00,2002-12-31 00:00:00+00:00,Kärnten,False,False,,91,2000-10-01 00:00:00+00:00,2002-12-31 23:59:59+00:00,nein
20404,,Feistritz ob Bleiburg,14.7675,46.55917,530.0,2003-08-01 00:00:00+00:00,2007-12-31 00:00:00+00:00,Kärnten,False,False,,91,2003-08-01 00:00:00+00:00,2007-08-31 23:59:59+00:00,nein
20405,,Völkermarkt,14.633333,46.666668,465.0,1950-12-01 00:00:00+00:00,1977-12-31 00:00:00+00:00,Kärnten,False,False,,188,1950-12-01 00:00:00+00:00,1977-12-31 23:59:59+00:00,nein
20406,,Völkermarkt Goldbrunnhof,14.633333,46.666668,465.0,1978-01-01 00:00:00+00:00,1978-03-31 00:00:00+00:00,Kärnten,False,False,,188,1978-01-01 00:00:00+00:00,1978-03-31 23:59:59+00:00,nein
20408,11224,Völkermarkt,14.618611,46.661388,473.1,2008-07-23 00:00:00+00:00,2015-10-13 00:00:00+00:00,Kärnten,True,True,,188,2008-07-23 00:00:00+00:00,2015-10-13 23:59:59+00:00,nein
20411,11257,Völkermarkt Goldbrunnhof,14.639167,46.670834,466.0,2015-10-20 00:00:00+00:00,2100-12-31 00:00:00+00:00,Kärnten,True,True,,188,2015-10-20 00:00:00+00:00,,nein
20412,11232,Feistritz ob Bleiburg,14.765,46.561389,523.0,2007-08-01 00:00:00+00:00,2100-12-31 00:00:00+00:00,Kärnten,True,True,,91,2007-09-01 00:00:00+00:00,,nein
20500,,St. Paul im Lavanttal,14.866667,46.700001,384.0,1962-01-01 00:00:00+00:00,1981-12-31 00:00:00+00:00,Kärnten,False,False,,209,1962-01-01 00:00:00+00:00,1981-12-31 23:59:59+00:00,nein
20501,,St. Paul im Lavanttal,14.866667,46.700001,409.0,1936-01-01 00:00:00+00:00,1961-09-30 00:00:00+00:00,Kärnten,False,False,,209,1936-01-01 00:00:00+00:00,1961-09-30 23:59:59+00:00,nein
20600,,Wiel,15.129444,46.746113,928.0,1965-04-01 00:00:00+00:00,2007-12-31 00:00:00+00:00,Steiermark,False,False,,,,,nein
20900,,Bad Radkersburg,15.983334,46.700001,208.0,1972-04-01 00:00:00+00:00,1992-12-31 00:00:00+00:00,Steiermark,False,False,,11,1972-04-01 00:00:00+00:00,1992-07-31 23:59:59+00:00,nein
20901,11248,Bad Radkersburg,15.97861,46.68667,208.0,1992-11-01 00:00:00+00:00,2000-12-31 00:00:00+00:00,Steiermark,True,True,,11,1992-08-01 00:00:00+00:00,2000-12-31 23:59:59+00:00,nein
20902,11248,Bad Radkersburg,15.97944,46.68583,209.8,2001-02-01 00:00:00+00:00,2016-04-06 00:00:00+00:00,Steiermark,True,True,,11,2001-02-01 00:00:00+00:00,2016-03-31 23:59:59+00:00,nein
20903,11264,Bad Radkersburg,15.99333,46.69222,207.0,2016-04-01 00:00:00+00:00,2100-12-31 00:00:00+00:00,Steiermark,True,True,,11,2016-04-01 00:00:00+00:00,,nein
21100,,Loibl Tunnel,14.25,46.444443,1098.0,1959-01-01 00:00:00+00:00,2007-12-31 00:00:00+00:00,Kärnten,False,False,,206,1959-01-01 00:00:00+00:00,2007-12-31 23:59:59+00:00,nein
21101,11217,Loibl Tunnel,14.24917,46.44389,1096.9,2007-08-01 00:00:00+00:00,2100-12-31 00:00:00+00:00,Kärnten,True,True,,206,2008-01-01 00:00:00+00:00,,nein
21300,11234,Bad Eisenkappel,14.59333,46.49056,623.0,1982-11-18 00:00:00+00:00,2100-12-31 00:00:00+00:00,Kärnten,True,True,,21,1983-01-01 00:00:00+00:00,,nein
21302,,Eisenkappel,14.6,46.483334,605.0,1967-03-01 00:00:00+00:00,1982-12-31 00:00:00+00:00,Kärnten,True,False,,21,1967-03-01 00:00:00+00:00,1982-12-31 23:59:59+00:00,nein
