time,station,cglo,cglo_flag,dd,dd_flag,ddx,ddx_flag,ff,ff_flag,ffx,ffx_flag,p,p_flag,pred,pred_flag,rf,rf_flag,rr,rr_flag,rrm,rrm_flag,sh,sh_flag,so_h,so_h_flag,tb10,tb100,tb100_flag,tb10_flag,tb20,tb200,tb200_flag,tb20_flag,tb50,tb50_flag,tl,tl_flag,tsmin,tsmin_flag,zeitx,zeitx_flag
2008-01-01T00:00+00:00,5805,,,331.0,10.0,326.0,10.0,2.2,10.0,3.8,10.0,997.8,10.0,,,89,10,0.0,10,8.0,10,,,0.0,10,0.0,,,10.0,0.6,,,10.0,2.4,10.0,0.9,10,-0.1,10.0,23.0,10.0
2008-01-01T01:00+00:00,5805,,,322.0,10.0,311.0,10.0,2.6,10.0,4.9,10.0,997.8,10.0,,,90,10,0.2,10,52.0,10,,,0.0,10,0.0,,,10.0,0.7,,,10.0,2.4,10.0,0.7,10,0.0,10.0,144.0,10.0
2008-01-01T02:00+00:00,5805,,,328.0,10.0,310.0,10.0,1.8,10.0,4.8,10.0,997.6,10.0,,,92,10,0.4,10,58.0,10,,,0.0,10,0.0,,,10.0,0.7,,,10.0,2.4,10.0,0.5,10,0.0,10.0,212.0,10.0
2008-01-01T03:00+00:00,5805,,,347.0,10.0,340.0,10.0,1.2,10.0,4.3,10.0,997.3,10.0,,,92,10,0.8,10,59.0,10,,,0.0,10,0.0,,,10.0,0.7,,,10.0,2.4,10.0,0.4,10,0.0,10.0,358.0,10.0
2008-01-01T04:00+00:00,5805,,,332.0,10.0,346.0,10.0,1.6,10.0,4.0,10.0,997.0,10.0,,,92,10,0.2,10,47.0,10,,,0.0,10,0.0,,,10.0,0.7,,,10.0,2.4,10.0,0.3,10,0.0,10.0,500.0,10.0
2008-01-01T05:00+00:00,5805,,,327.0,10.0,338.0,10.0,1.1,10.0,3.8,10.0,996.9,10.0,,,92,10,0.2,10,43.0,10,,,0.0,10,0.0,,,10.0,0.7,,,10.0,2.4,10.0,0.3,10,0.0,10.0,540.0,10.0
2008-01-01T06:00+00:00,5805,,,329.0,10.0,325.0,10.0,1.6,10.0,4.6,10.0,997.0,10.0,,,92,10,0.0,10,26.0,10,,,0.0,10,0.0,,,10.0,0.7,,,10.0,2.4,10.0,0.4,10,0.0,10.0,617.0,10.0
2008-01-01T07:00+00:00,5805,,,323.0,10.0,331.0,10.0,1.6,10.0,4.2,10.0,997.0,10.0,,,92,10,0.0,10,27.0,10,,,0.0,10,0.0,,,10.0,0.7,,,10.0,2.4,10.0,0.4,10,0.0,10.0,707.0,10.0
2008-01-01T08:00+00:00,5805,,,342.0,10.0,331.0,10.0,1.2,10.0,3.8,10.0,997.1,10.0,,,92,10,0.0,10,22.0,10,,,0.0,10,0.0,,,10.0,0.7,,,10.0,2.4,10.0,0.4,10,0.0,10.0,827.0,10.0
2008-01-01T09:00+00:00,5805,,,335.0,10.0,3.0,10.0,1.3,10.0,3.7,10.0,997.5,10.0,,,92,10,0.0,10,3.0,10,,,0.0,10,0.0,,,10.0,0.7,,,10.0,2.4,10.0,0.7,10,0.0,10.0,904.0,10.0
2008-01-01T10:00+00:00,5805,,,325.0,10.0,305.0,10.0,2.6,10.0,5.5,10.0,997.2,10.0,,,87,10,0.0,10,6.0,10,,,0.0,10,0.0,,,10.0,0.7,,,10.0,2.4,10.0,1.0,10,0.1,10.0,1059.0,10.0
2008-01-01T11:00+00:00,5805,,,326.0,10.0,331.0,10.0,2.5,10.0,5.6,10.0,997.0,10.0,,,87,10,0.0,10,12.0,10,,,0.1,10,0.0,,,10.0,0.7,,,10.0,2.4,10.0,1.2,10,0.5,10.0,1117.0,10.0
2008-01-01T12:00+00:00,5805,,,330.0,10.0,312.0,10.0,2.4,10.0,4.6,10.0,996.8,10.0,,,82,10,0.0,10,0.0,10,,,0.0,10,0.0,,,10.0,0.7,,,10.0,2.4,10.0,1.5,10,1.1,10.0,1205.0,10.0
2008-01-01T13:00+00:00,5805,,,340.0,10.0,326.0,10.0,2.0,10.0,4.1,10.0,996.8,10.0,,,81,10,0.0,10,0.0,10,,,0.0,10,0.0,,,10.0,0.7,,,10.0,2.4,10.0,1.1,10,0.5,10.0,1342.0,10.0
2008-01-01T14:00+00:00,5805,,,328.0,10.0,310.0,10.0,2.1,10.0,5.2,10.0,996.8,10.0,,,81,10,0.0,10,0.0,10,,,0.0,10,0.0,,,10.0,0.7,,,10.0,2.4,10.0,0.8,10,-0.1,10.0,1403.0,10.0
2008-01-01T15:00+00:00,5805,,,326.0,10.0,333.0,10.0,1.6,10.0,4.0,10.0,997.0,10.0,,,84,10,0.0,10,0.0,10,,,0.0,10,0.0,,,10.0,0.7,,,10.0,2.4,10.0,0.6,10,-0.7,10.0,1525.0,10.0
2008-01-01T16:00+00:00,5805,,,316.0,10.0,333.0,10.0,1.8,10.0,4.2,10.0,997.1,10.0,,,84,10,0.0,10,1.0,10,,,0.0,10,0.0,,,10.0,0.7,,,10.0,2.4,10.0,0.5,10,-0.6,10.0,1637.0,10.0
2008-01-01T17:00+00:00,5805,,,317.0,10.0,327.0,10.0,2.1,10.0,4.6,10.0,997.3,10.0,,,86,10,0.0,10,19.0,10,,,0.0,10,0.0,,,10.0,0.7,,,10.0,2.4,10.0,0.4,10,-0.6,10.0,1738.0,10.0
2008-01-01T18:00+00:00,5805,,,315.0,10.0,329.0,10.0,1.5,10.0,3.9,10.0,997.2,10.0,,,89,10,0.0,10,18.0,10,,,0.0,10,0.0,,,10.0,0.7,,,10.0,2.4,10.0,-0.1,10,-1.9,10.0,1804.0,10.0
2008-01-01T19:00+00:00,5805,,,314.0,10.0,328.0,10.0,1.3,10.0,3.3,10.0,997.4,10.0,,,91,10,0.0,10,0.0,10,,,0.0,10,0.0,,,10.0,0.7,,,10.0,2.4,10.0,-1.1,10,-4.9,10.0,1911.0,10.0
2008-01-01T20:00+00:00,5805,,,318.0,10.0,313.0,10.0,1.1,10.0,3.2,10.0,997.5,10.0,,,92,10,0.0,10,0.0,10,,,0.0,10,0.0,,,10.0,0.7,,,10.0,2.4,10.0,-1.0,10,-4.6,10.0,2024.0,10.0
2008-01-01T21:00+00:00,5805,,,347.0,10.0,301.0,10.0,0.5,10.0,2.4,10.0,997.4,10.0,,,92,10,0.0,10,0.0,10,,,0.0,10,0.0,,,10.0,0.7,,,10.0,2.4,10.0,-0.8,10,-2.7,10.0,2200.0,10.0
2008-01-01T22:00+00:00,5805,,,325.0,10.0,304.0,10.0,0.7,10.0,2.5,10.0,997.2,10.0,,,90,10,0.0,10,0.0,10,,,0.0,10,0.0,,,10.0,0.7,,,10.0,2.4,10.0,-1.2,10,-5.9,10.0,2249.0,10.0
2008-01-01T23:00+00:00,5805,,,329.0,10.0,311.0,10.0,1.0,10.0,3.1,10.0,997.3,10.0,,,92,10,0.0,10,0.0,10,,,0.0,10,0.0,,,10.0,0.7,,,10.0,2.4,10.0,-2.2,10,-7.7,10.0,2353.0,10.0
2008-01-02T00:00+00:00,5805,,,340.0,10.0,321.0,10.0,0.8,10.0,2.6,10.0,997.3,10.0,,,92,10,0.0,10,1.0,10,,,0.0,10,0.0,,,10.0,0.7,,,10.0,2.4,10.0,-1.8,10,-4.0,10.0,7.0,10.0
2008-01-02T01:00+00:00,5805,,,323.0,10.0,323.0,10.0,1.4,10.0,2.8,10.0,997.3,10.0,,,92,10,0.0,10,40.0,10,,,0.0,10,0.0,,,10.0,0.7,,,10.0,2.4,10.0,-1.4,10,-3.2,10.0,158.0,10.0
2008-01-02T02:00+00:00,5805,,,322.0,10.0,300.0,10.0,1.5,10.0,3.5,10.0,997.3,10.0,,,87,10,0.0,10,6.0,10,,,0.0,10,0.0,,,10.0,0.7,,,10.0,2.4,10.0,-1.2,10,-2.1,10.0,230.0,10.0
2008-01-02T03:00+00:00,5805,,,322.0,10.0,310.0,10.0,1.9,10.0,4.1,10.0,997.2,10.0,,,87,10,0.0,10,3.0,10,,,0.0,10,0.0,,,10.0,0.7,,,10.0,2.4,10.0,-1.3,10,-1.8,10.0,321.0,10.0
2008-01-02T04:00+00:00,5805,,,325.0,10.0,310.0,10.0,1.7,10.0,3.8,10.0,997.3,10.0,,,86,10,0.0,10,12.0,10,,,0.0,10,0.0,,,10.0,0.7,,,10.0,2.4,10.0,-1.3,10,-1.8,10.0,403.0,10.0
2008-01-02T05:00+00:00,5805,,,327.0,10.0,322.0,10.0,1.7,10.0,3.3,10.0,997.3,10.0,,,88,10,0.1,10,53.0,10,,,0.0,10,0.0,,,10.0,0.7,,,10.0,2.4,10.0,-1.5,10,-1.9,10.0,538.0,10.0
2008-01-02T06:00+00:00,5805,,,331.0,10.0,325.0,10.0,1.5,10.0,3.0,10.0,997.3,10.0,,,88,10,0.0,10,44.0,10,,,0.0,10,0.0,,,10.0,0.7,,,10.0,2.4,10.0,-1.6,10,-2.0,10.0,613.0,10.0
2008-01-02T07:00+00:00,5805,,,330.0,10.0,318.0,10.0,1.7,10.0,3.6,10.0,997.1,10.0,,,88,10,0.1,10,34.0,10,,,0.0,10,0.0,,,10.0,0.7,,,10.0,2.4,10.0,-1.5,10,-2.0,10.0,721.0,10.0
2008-01-02T08:00+00:00,5805,,,347.0,10.0,328.0,10.0,1.2,10.0,2.9,10.0,997.1,10.0,,,87,10,0.0,10,16.0,10,,,0.0,10,0.0,,,10.0,0.7,,,10.0,2.4,10.0,-1.5,10,-1.9,10.0,813.0,10.0
2008-01-02T09:00+00:00,5805,,,1.0,10.0,332.0,10.0,0.9,10.0,2.4,10.0,997.2,10.0,,,88,10,0.2,10,53.0,10,,,0.0,10,0.0,,,10.0,0.7,,,10.0,2.4,10.0,-1.4,10,-1.7,10.0,910.0,10.0
2008-01-02T10:00+00:00,5805,,,350.0,10.0,347.0,10.0,0.7,10.0,2.1,10.0,996.9,10.0,,,86,10,0.0,10,23.0,10,,,0.0,10,0.0,,,10.0,0.7,,,10.0,2.4,10.0,-1.1,10,-1.1,10.0,1001.0,10.0
2008-01-02T11:00+00:00,5805,,,3.0,10.0,359.0,10.0,0.8,10.0,2.4,10.0,996.4,10.0,,,82,10,0.0,10,7.0,10,,,0.0,10,0.0,,,10.0,0.7,,,10.0,2.4,10.0,-0.8,10,-0.3,10.0,1112.0,10.0
2008-01-02T12:00+00:00,5805,,,16.0,10.0,344.0,10.0,0.4,10.0,2.0,10.0,996.0,10.0,,,82,10,0.0,10,0.0,10,,,0.0,10,0.0,,,10.0,0.7,,,10.0,2.4,10.0,-0.7,10,-0.4,10.0,1222.0,10.0
2008-01-02T13:00+00:00,5805,,,67.0,10.0,114.0,10.0,0.8,10.0,2.7,10.0,995.6,10.0,,,83,10,0.0,10,1.0,10,,,0.0,10,0.0,,,10.0,0.7,,,10.0,2.4,10.0,-0.6,10,-0.6,10.0,1356.0,10.0
2008-01-02T14:00+00:00,5805,,,47.0,10.0,52.0,10.0,1.3,10.0,3.1,10.0,995.6,10.0,,,85,10,0.0,10,0.0,10,,,0.0,10,0.1,,,10.0,0.7,,,10.0,2.4,10.0,-0.6,10,-0.6,10.0,1456.0,10.0
2008-01-02T15:00+00:00,5805,,,39.0,10.0,43.0,10.0,1.8,10.0,3.5,10.0,995.5,10.0,,,87,10,0.0,10,0.0,10,,,0.0,10,0.1,,,10.0,0.7,,,10.0,2.4,10.0,-0.9,10,-1.2,10.0,1557.0,10.0
2008-01-02T16:00+00:00,5805,,,38.0,10.0,54.0,10.0,1.8,10.0,3.7,10.0,995.4,10.0,,,88,10,0.0,10,0.0,10,,,0.0,10,0.1,,,10.0,0.7,,,10.0,2.4,10.0,-1.1,10,-1.8,10.0,1700.0,10.0
2008-01-02T17:00+00:00,5805,,,89.0,10.0,135.0,10.0,1.3,10.0,3.1,10.0,995.0,10.0,,,88,10,0.0,10,0.0,10,,,0.0,10,0.1,,,10.0,0.7,,,10.0,2.4,10.0,-1.2,10,-1.7,10.0,1726.0,10.0
2008-01-02T18:00+00:00,5805,,,108.0,10.0,94.0,10.0,1.7,10.0,4.3,10.0,994.8,10.0,,,89,10,0.0,10,0.0,10,,,0.0,10,0.1,,,10.0,0.8,,,10.0,2.4,10.0,-1.1,10,-1.7,10.0,1855.0,10.0
2008-01-02T19:00+00:00,5805,,,112.0,10.0,128.0,10.0,1.6,10.0,3.8,10.0,994.5,10.0,,,90,10,0.0,10,0.0,10,,,0.0,10,0.1,,,10.0,0.8,,,10.0,2.4,10.0,-1.4,10,-1.6,10.0,2000.0,10.0
2008-01-02T20:00+00:00,5805,,,113.0,10.0,144.0,10.0,1.6,10.0,4.5,10.0,994.1,10.0,,,90,10,0.0,10,0.0,10,,,0.0,10,0.1,,,10.0,0.8,,,10.0,2.4,10.0,-1.4,10,-1.7,10.0,2059.0,10.0
2008-01-02T21:00+00:00,5805,,,115.0,10.0,128.0,10.0,2.3,10.0,5.6,10.0,993.7,10.0,,,90,10,0.0,10,0.0,10,,,0.0,10,0.1,,,10.0,0.8,,,10.0,2.4,10.0,-1.5,10,-2.0,10.0,2127.0,10.0
2008-01-02T22:00+00:00,5805,,,113.0,10.0,119.0,10.0,2.6,10.0,6.2,10.0,993.4,10.0,,,90,10,0.0,10,0.0,10,,,0.0,10,0.1,,,10.0,0.8,,,10.0,2.4,10.0,-1.6,10,-2.3,10.0,2232.0,10.0
2008-01-02T23:00+00:00,5805,,,101.0,10.0,121.0,10.0,3.1,10.0,6.2,10.0,993.1,10.0,,,90,10,0.0,10,0.0,10,,,0.0,10,0.1,,,10.0,0.8,,,10.0,2.4,10.0,-1.6,10,-2.2,10.0,2324.0,10.0
2008-01-03T00:00+00:00,5805,,,106.0,10.0,131.0,10.0,3.0,10.0,6.3,10.0,992.5,10.0,,,86,10,0.0,10,0.0,10,,,0.0,10,0.1,,,10.0,0.8,,,10.0,2.4,10.0,-1.3,10,-2.3,10.0,20.0,10.0
2008-01-03T01:00+00:00,5805,,,114.0,10.0,117.0,10.0,3.5,10.0,8.0,10.0,992.5,10.0,,,87,10,0.0,10,0.0,10,,,0.0,10,0.1,,,10.0,0.8,,,10.0,2.4,10.0,-1.6,10,-2.4,10.0,123.0,10.0
2008-01-03T02:00+00:00,5805,,,112.0,10.0,136.0,10.0,4.1,10.0,8.3,10.0,992.0,10.0,,,82,10,0.0,10,0.0,10,,,0.0,10,0.1,,,10.0,0.8,,,10.0,2.4,10.0,-1.6,10,-2.9,10.0,256.0,10.0
2008-01-03T03:00+00:00,5805,,,121.0,10.0,123.0,10.0,4.4,10.0,9.4,10.0,991.6,10.0,,,80,10,0.0,10,0.0,10,,,0.0,10,0.0,,,10.0,0.8,,,10.0,2.4,10.0,-1.9,10,-3.0,10.0,339.0,10.0
2008-01-03T04:00+00:00,5805,,,122.0,10.0,131.0,10.0,4.6,10.0,9.7,10.0,991.6,10.0,,,84,10,0.0,10,0.0,10,,,0.0,10,0.0,,,10.0,0.8,,,10.0,2.4,10.0,-2.6,10,-3.6,10.0,408.0,10.0
2008-01-03T05:00+00:00,5805,,,113.0,10.0,122.0,10.0,3.8,10.0,9.1,10.0,991.8,10.0,,,79,10,0.0,10,0.0,10,,,0.0,10,0.0,,,10.0,0.8,,,10.0,2.4,10.0,-2.0,10,-3.7,10.0,553.0,10.0
2008-01-03T06:00+00:00,5805,,,118.0,10.0,123.0,10.0,5.0,10.0,10.7,10.0,992.1,10.0,,,77,10,0.0,10,0.0,10,,,0.0,10,0.0,,,10.0,0.8,,,10.0,2.4,10.0,-1.8,10,-3.1,10.0,635.0,10.0
2008-01-03T07:00+00:00,5805,,,115.0,10.0,117.0,10.0,4.6,10.0,9.6,10.0,992.4,10.0,,,80,10,0.0,10,0.0,10,,,0.0,10,0.0,,,10.0,0.8,,,10.0,2.4,10.0,-1.9,10,-2.9,10.0,729.0,10.0
2008-01-03T08:00+00:00,5805,,,117.0,10.0,131.0,10.0,4.8,10.0,10.6,10.0,992.9,10.0,,,84,10,0.0,10,0.0,10,,,0.0,10,0.0,,,10.0,0.8,,,10.0,2.4,10.0,-1.5,10,-2.7,10.0,829.0,10.0
2008-01-03T09:00+00:00,5805,,,127.0,10.0,118.0,10.0,4.4,10.0,10.6,10.0,993.4,10.0,,,85,10,0.0,10,0.0,10,,,0.0,10,0.0,,,10.0,0.8,,,10.0,2.4,10.0,-1.2,10,-2.0,10.0,940.0,10.0
2008-01-03T10:00+00:00,5805,,,122.0,10.0,134.0,10.0,4.8,10.0,11.9,10.0,993.4,10.0,,,85,10,0.0,10,0.0,10,,,0.0,10,0.0,,,10.0,0.8,,,10.0,2.4,10.0,-1.2,10,-1.1,10.0,1042.0,10.0
2008-01-03T11:00+00:00,5805,,,123.0,10.0,125.0,10.0,4.7,10.0,13.3,10.0,993.1,10.0,,,87,10,0.0,10,0.0,10,,,0.0,10,0.1,,,10.0,0.8,,,10.0,2.4,10.0,-1.3,10,-1.2,10.0,1145.0,10.0
2008-01-03T12:00+00:00,5805,,,118.0,10.0,111.0,10.0,5.2,10.0,12.6,10.0,992.7,10.0,,,88,10,0.0,10,0.0,10,,,0.0,10,0.0,,,10.0,0.8,,,10.0,2.4,10.0,-1.5,10,-1.4,10.0,1242.0,10.0
2008-01-03T13:00+00:00,5805,,,121.0,10.0,146.0,10.0,5.6,10.0,13.8,10.0,992.5,10.0,,,84,10,0.0,10,0.0,10,,,0.0,10,0.1,,,10.0,0.8,,,10.0,2.4,10.0,-1.3,10,-1.3,10.0,1349.0,10.0
2008-01-03T14:00+00:00,5805,,,125.0,10.0,129.0,10.0,4.9,10.0,11.9,10.0,992.6,10.0,,,81,10,0.0,10,0.0,10,,,0.0,10,0.0,,,10.0,0.8,,,10.0,2.4,10.0,-1.4,10,-1.5,10.0,1415.0,10.0
2008-01-03T15:00+00:00,5805,,,128.0,10.0,114.0,10.0,4.9,10.0,13.6,10.0,992.3,10.0,,,82,10,0.0,10,0.0,10,,,0.0,10,0.0,,,10.0,0.8,,,10.0,2.4,10.0,-1.8,10,-1.9,10.0,1537.0,10.0
2008-01-03T16:00+00:00,5805,,,121.0,10.0,141.0,10.0,5.9,10.0,13.0,10.0,992.3,10.0,,,84,10,0.0,10,0.0,10,,,0.0,10,0.0,,,10.0,0.8,,,10.0,2.4,10.0,-2.2,10,-2.3,10.0,1623.0,10.0
2008-01-03T17:00+00:00,5805,,,122.0,10.0,135.0,10.0,5.2,10.0,12.4,10.0,992.8,10.0,,,84,10,0.0,10,0.0,10,,,0.0,10,0.0,,,10.0,0.8,,,10.0,2.4,10.0,-2.6,10,-2.6,10.0,1709.0,10.0
2008-01-03T18:00+00:00,5805,,,116.0,10.0,147.0,10.0,5.7,10.0,13.3,10.0,992.8,10.0,,,86,10,0.0,10,0.0,10,,,0.0,10,0.0,,,10.0,0.8,,,10.0,2.4,10.0,-3.1,10,-3.1,10.0,1829.0,10.0
2008-01-03T19:00+00:00,5805,,,115.0,10.0,123.0,10.0,6.4,10.0,14.0,10.0,992.8,10.0,,,87,10,0.0,10,0.0,10,,,0.0,10,0.0,,,10.0,0.8,,,10.0,2.4,10.0,-3.4,10,-3.3,10.0,1953.0,10.0
2008-01-03T20:00+00:00,5805,,,117.0,10.0,112.0,10.0,6.8,10.0,14.9,10.0,993.1,10.0,,,88,10,0.0,10,0.0,10,,,0.0,10,0.0,,,10.0,0.8,,,10.0,2.4,10.0,-3.5,10,-3.5,10.0,2039.0,10.0
2008-01-03T21:00+00:00,5805,,,116.0,10.0,130.0,10.0,6.6,10.0,14.0,10.0,992.8,10.0,,,90,10,0.0,10,0.0,10,,,0.0,10,0.0,,,10.0,0.8,,,10.0,2.4,10.0,-3.8,10,-3.8,10.0,2101.0,10.0
2008-01-03T22:00+00:00,5805,,,119.0,10.0,122.0,10.0,6.4,10.0,14.0,10.0,992.7,10.0,,,91,10,0.0,10,0.0,10,,,0.0,10,0.0,,,10.0,0.8,,,10.0,2.4,10.0,-3.9,10,-3.9,10.0,2223.0,10.0
2008-01-03T23:00+00:00,5805,,,120.0,10.0,119.0,10.0,5.6,10.0,12.7,10.0,992.8,10.0,,,91,10,0.0,10,0.0,10,,,0.0,10,0.0,,,10.0,0.8,,,10.0,2.4,10.0,-3.8,10,-3.8,10.0,2329.0,10.0
2008-01-04T00:00+00:00,5805,,,116.0,10.0,114.0,10.0,5.8,10.0,13.9,10.0,992.8,10.0,,,92,10,0.0,10,0.0,10,,,0.0,10,0.0,,,10.0,0.8,,,10.0,2.4,10.0,-3.7,10,-3.7,10.0,49.0,10.0
2008-01-04T01:00+00:00,5805,,,116.0,10.0,103.0,10.0,5.4,10.0,13.1,10.0,992.9,10.0,,,91,10,0.0,10,0.0,10,,,0.0,10,0.0,,,10.0,0.8,,,10.0,2.4,10.0,-3.6,10,-3.6,10.0,145.0,10.0
2008-01-04T02:00+00:00,5805,,,118.0,10.0,142.0,10.0,5.9,10.0,12.3,10.0,993.0,10.0,,,91,10,0.0,10,0.0,10,,,0.0,10,0.0,,,10.0,0.8,,,10.0,2.4,10.0,-3.4,10,-3.5,10.0,219.0,10.0
2008-01-04T03:00+00:00,5805,,,118.0,10.0,135.0,10.0,5.4,10.0,12.3,10.0,993.0,10.0,,,90,10,0.0,10,0.0,10,,,0.0,10,0.0,,,10.0,0.8,,,10.0,2.4,10.0,-3.2,10,-3.3,10.0,324.0,10.0
2008-01-04T04:00+00:00,5805,,,119.0,10.0,153.0,10.0,4.9,10.0,12.1,10.0,993.2,10.0,,,89,10,0.0,10,0.0,10,,,0.0,10,0.0,,,10.0,0.8,,,10.0,2.4,10.0,-3.2,10,-3.2,10.0,458.0,10.0
2008-01-04T05:00+00:00,5805,,,113.0,10.0,107.0,10.0,5.9,10.0,12.1,10.0,993.7,10.0,,,88,10,0.0,10,0.0,10,,,0.0,10,0.0,,,10.0,0.8,,,10.0,2.4,10.0,-3.2,10,-3.2,10.0,522.0,10.0
2008-01-04T06:00+00:00,5805,,,114.0,10.0,126.0,10.0,5.6,10.0,12.9,10.0,994.2,10.0,,,88,10,0.0,10,0.0,10,,,0.0,10,0.0,,,10.0,0.8,,,10.0,2.4,10.0,-3.3,10,-3.3,10.0,619.0,10.0
2008-01-04T07:00+00:00,5805,,,111.0,10.0,119.0,10.0,5.5,10.0,12.4,10.0,994.5,10.0,,,88,10,0.0,10,0.0,10,,,0.0,10,0.0,,,10.0,0.8,,,10.0,2.4,10.0,-3.5,10,-3.4,10.0,716.0,10.0
2008-01-04T08:00+00:00,5805,,,110.0,10.0,104.0,10.0,5.8,10.0,12.1,10.0,994.9,10.0,,,87,10,0.0,10,0.0,10,,,0.0,10,0.0,,,10.0,0.8,,,10.0,2.4,10.0,-3.5,10,-3.4,10.0,831.0,10.0
2008-01-04T09:00+00:00,5805,,,111.0,10.0,99.0,10.0,4.9,10.0,10.8,10.0,995.2,10.0,,,86,10,0.0,10,0.0,10,,,0.0,10,0.0,,,10.0,0.8,,,10.0,2.4,10.0,-3.3,10,-3.4,10.0,949.0,10.0
2008-01-04T10:00+00:00,5805,,,122.0,10.0,143.0,10.0,4.6,10.0,13.2,10.0,995.3,10.0,,,85,10,0.0,10,0.0,10,,,0.0,10,0.0,,,10.0,0.8,,,10.0,2.4,10.0,-3.3,10,-3.0,10.0,1056.0,10.0
2008-01-04T11:00+00:00,5805,,,118.0,10.0,115.0,10.0,5.0,10.0,14.3,10.0,995.3,10.0,,,83,10,0.0,10,0.0,10,,,0.0,10,0.0,,,10.0,0.8,,,10.0,2.4,10.0,-3.2,10,-2.9,10.0,1149.0,10.0
2008-01-04T12:00+00:00,5805,,,108.0,10.0,89.0,10.0,5.3,10.0,12.0,10.0,995.1,10.0,,,84,10,0.0,10,0.0,10,,,0.0,10,0.0,,,10.0,0.8,,,10.0,2.4,10.0,-3.3,10,-3.0,10.0,1227.0,10.0
2008-01-04T13:00+00:00,5805,,,109.0,10.0,107.0,10.0,5.1,10.0,11.7,10.0,995.0,10.0,,,86,10,0.0,10,0.0,10,,,0.0,10,0.0,,,10.0,0.8,,,10.0,2.4,10.0,-3.6,10,-3.4,10.0,1331.0,10.0
2008-01-04T14:00+00:00,5805,,,113.0,10.0,130.0,10.0,5.6,10.0,13.7,10.0,995.4,10.0,,,87,10,0.0,10,0.0,10,,,0.0,10,0.0,,,10.0,0.8,,,10.0,2.4,10.0,-4.0,10,-3.8,10.0,1404.0,10.0
2008-01-04T15:00+00:00,5805,,,106.0,10.0,109.0,10.0,5.0,10.0,11.9,10.0,995.9,10.0,,,87,10,0.0,10,0.0,10,,,0.0,10,0.0,,,10.0,0.8,,,10.0,2.4,10.0,-4.4,10,-4.2,10.0,1501.0,10.0
2008-01-04T16:00+00:00,5805,,,107.0,10.0,124.0,10.0,5.4,10.0,12.2,10.0,995.9,10.0,,,87,10,0.0,10,0.0,10,,,0.0,10,0.0,,,10.0,0.8,,,10.0,2.4,10.0,-4.5,10,-4.4,10.0,1649.0,10.0
2008-01-04T17:00+00:00,5805,,,107.0,10.0,107.0,10.0,4.8,10.0,11.3,10.0,996.4,10.0,,,87,10,0.0,10,0.0,10,,,0.0,10,0.0,,,10.0,0.8,,,10.0,2.4,10.0,-4.7,10,-4.5,10.0,1745.0,10.0
2008-01-04T18:00+00:00,5805,,,108.0,10.0,102.0,10.0,5.4,10.0,13.6,10.0,996.7,10.0,,,87,10,0.0,10,0.0,10,,,0.0,10,-0.1,,,10.0,0.8,,,10.0,2.4,10.0,-4.9,10,-4.8,10.0,1851.0,10.0
2008-01-04T19:00+00:00,5805,,,106.0,10.0,131.0,10.0,4.9,10.0,11.7,10.0,996.9,10.0,,,87,10,0.0,10,0.0,10,,,0.0,10,-0.1,,,10.0,0.8,,,10.0,2.4,10.0,-4.9,10,-4.8,10.0,1938.0,10.0
2008-01-04T20:00+00:00,5805,,,106.0,10.0,138.0,10.0,4.2,10.0,10.2,10.0,997.0,10.0,,,85,10,0.0,10,0.0,10,,,0.0,10,-0.1,,,10.0,0.8,,,10.0,2.4,10.0,-4.9,10,-4.8,10.0,2059.0,10.0
2008-01-04T21:00+00:00,5805,,,106.0,10.0,101.0,10.0,4.4,10.0,10.8,10.0,997.0,10.0,,,85,10,0.0,10,0.0,10,,,0.0,10,-0.1,,,10.0,0.7,,,10.0,2.4,10.0,-5.1,10,-5.0,10.0,2159.0,10.0
2008-01-04T22:00+00:00,5805,,,109.0,10.0,115.0,10.0,4.5,10.0,11.1,10.0,996.9,10.0,,,85,10,0.0,10,0.0,10,,,0.0,10,-0.1,,,10.0,0.7,,,10.0,2.4,10.0,-5.3,10,-5.2,10.0,2228.0,10.0
2008-01-04T23:00+00:00,5805,,,105.0,10.0,125.0,10.0,4.6,10.0,13.7,10.0,996.6,10.0,,,84,10,0.0,10,0.0,10,,,0.0,10,-0.1,,,10.0,0.7,,,10.0,2.4,10.0,-5.3,10,-5.2,10.0,2338.0,10.0
2008-01-05T00:00+00:00,5805,,,107.0,10.0,110.0,10.0,5.5,10.0,13.1,10.0,996.2,10.0,,,85,10,0.0,10,0.0,10,,,0.0,10,-0.1,,,10.0,0.7,,,10.0,2.4,10.0,-5.5,10,-5.4,10.0,41.0,10.0
2008-01-05T01:00+00:00,5805,,,105.0,10.0,102.0,10.0,5.6,10.0,14.5,10.0,996.0,10.0,,,86,10,0.0,10,0.0,10,,,0.0,10,-0.1,,,10.0,0.7,,,10.0,2.4,10.0,-5.9,10,-5.8,10.0,117.0,10.0
2008-01-05T02:00+00:00,5805,,,103.0,10.0,102.0,10.0,5.0,10.0,12.0,10.0,996.0,10.0,,,86,10,0.0,10,0.0,10,,,0.0,10,-0.1,,,10.0,0.7,,,10.0,2.4,10.0,-6.0,10,-5.9,10.0,229.0,10.0
2008-01-05T03:00+00:00,5805,,,109.0,10.0,105.0,10.0,4.8,10.0,10.8,10.0,995.8,10.0,,,88,10,0.0,10,0.0,10,,,0.0,10,-0.2,,,10.0,0.7,,,10.0,2.4,10.0,-6.5,10,-6.3,10.0,307.0,10.0
2008-01-05T04:00+00:00,5805,,,107.0,10.0,112.0,10.0,4.8,10.0,12.0,10.0,995.3,10.0,,,88,10,0.0,10,0.0,10,,,0.0,10,-0.2,,,10.0,0.7,,,10.0,2.4,10.0,-6.7,10,-6.5,10.0,402.0,10.0
2008-01-05T05:00+00:00,5805,,,119.0,10.0,131.0,10.0,4.0,10.0,9.2,10.0,995.4,10.0,,,88,10,0.0,10,0.0,10,,,0.0,10,-0.2,,,10.0,0.7,,,10.0,2.4,10.0,-6.2,10,-6.4,10.0,509.0,10.0
2008-01-05T06:00+00:00,5805,,,115.0,10.0,106.0,10.0,4.0,10.0,10.2,10.0,995.8,10.0,,,87,10,0.0,10,0.0,10,,,0.0,10,-0.2,,,10.0,0.7,,,10.0,2.4,10.0,-6.7,10,-6.5,10.0,607.0,10.0
2008-01-05T07:00+00:00,5805,,,109.0,10.0,115.0,10.0,4.4,10.0,9.0,10.0,996.1,10.0,,,87,10,0.0,10,0.0,10,,,0.0,10,-0.2,,,10.0,0.7,,,10.0,2.4,10.0,-7.2,10,-7.0,10.0,709.0,10.0
2008-01-05T08:00+00:00,5805,,,108.0,10.0,97.0,10.0,3.6,10.0,7.7,10.0,995.9,10.0,,,87,10,0.0,10,0.0,10,,,0.0,10,-0.3,,,10.0,0.7,,,10.0,2.4,10.0,-6.9,10,-6.9,10.0,847.0,10.0
2008-01-05T09:00+00:00,5805,,,112.0,10.0,120.0,10.0,3.8,10.0,10.1,10.0,995.7,10.0,,,86,10,0.0,10,0.0,10,,,0.0,10,-0.3,,,10.0,0.7,,,10.0,2.4,10.0,-6.4,10,-6.6,10.0,944.0,10.0
2008-01-05T10:00+00:00,5805,,,117.0,10.0,100.0,10.0,3.9,10.0,9.1,10.0,995.2,10.0,,,84,10,0.0,10,0.0,10,,,0.0,10,-0.3,,,10.0,0.7,,,10.0,2.4,10.0,-5.7,10,-5.8,10.0,1009.0,10.0
2008-01-05T11:00+00:00,5805,,,112.0,10.0,121.0,10.0,3.7,10.0,8.4,10.0,994.1,10.0,,,82,10,0.0,10,0.0,10,,,0.0,10,-0.3,,,10.0,0.7,,,10.0,2.4,10.0,-5.1,10,-5.3,10.0,1159.0,10.0
2008-01-05T12:00+00:00,5805,,,109.0,10.0,121.0,10.0,3.9,10.0,9.0,10.0,993.2,10.0,,,82,10,0.0,10,0.0,10,,,0.0,10,-0.3,,,10.0,0.6,,,10.0,2.3,10.0,-4.8,10,-4.6,10.0,1238.0,10.0
2008-01-05T13:00+00:00,5805,,,108.0,10.0,104.0,10.0,4.0,10.0,8.5,10.0,992.5,10.0,,,82,10,0.0,10,0.0,10,,,0.0,10,-0.3,,,10.0,0.6,,,10.0,2.3,10.0,-4.7,10,-4.5,10.0,1308.0,10.0
2008-01-05T14:00+00:00,5805,,,110.0,10.0,108.0,10.0,3.6,10.0,8.1,10.0,992.7,10.0,,,83,10,0.0,10,0.0,10,,,0.0,10,-0.3,,,10.0,0.6,,,10.0,2.3,10.0,-4.4,10,-4.4,10.0,1404.0,10.0
2008-01-05T15:00+00:00,5805,,,111.0,10.0,125.0,10.0,3.2,10.0,8.3,10.0,992.3,10.0,,,84,10,0.0,10,0.0,10,,,0.0,10,-0.3,,,10.0,0.6,,,10.0,2.3,10.0,-4.3,10,-4.3,10.0,1504.0,10.0
2008-01-05T16:00+00:00,5805,,,104.0,10.0,106.0,10.0,3.1,10.0,7.2,10.0,992.0,10.0,,,83,10,0.0,10,0.0,10,,,0.0,10,-0.3,,,10.0,0.6,,,10.0,2.3,10.0,-4.2,10,-4.2,10.0,1612.0,10.0
2008-01-05T17:00+00:00,5805,,,118.0,10.0,119.0,10.0,3.5,10.0,8.7,10.0,991.9,10.0,,,85,10,0.0,10,0.0,10,,,0.0,10,-0.3,,,10.0,0.6,,,10.0,2.3,10.0,-4.1,10,-4.1,10.0,1729.0,10.0
2008-01-05T18:00+00:00,5805,,,113.0,10.0,108.0,10.0,3.5,10.0,9.3,10.0,991.1,10.0,,,85,10,0.0,10,0.0,10,,,0.0,10,-0.3,,,10.0,0.6,,,10.0,2.3,10.0,-4.0,10,-4.1,10.0,1849.0,10.0
2008-01-05T19:00+00:00,5805,,,103.0,10.0,123.0,10.0,3.0,10.0,6.5,10.0,991.0,10.0,,,86,10,0.0,10,0.0,10,,,0.0,10,-0.3,,,10.0,0.6,,,10.0,2.3,10.0,-4.1,10,-4.1,10.0,1942.0,10.0
2008-01-05T20:00+00:00,5805,,,112.0,10.0,113.0,10.0,3.4,10.0,8.1,10.0,990.7,10.0,,,86,10,0.0,10,0.0,10,,,0.0,10,-0.3,,,10.0,0.6,,,10.0,2.3,10.0,-4.1,10,-4.1,10.0,2035.0,10.0
2008-01-05T21:00+00:00,5805,,,102.0,10.0,125.0,10.0,3.0,10.0,7.1,10.0,990.3,10.0,,,87,10,0.0,10,0.0,10,,,0.0,10,-0.3,,,10.0,0.6,,,10.0,2.3,10.0,-4.1,10,-4.1,10.0,2107.0,10.0
2008-01-05T22:00+00:00,5805,,,100.0,10.0,116.0,10.0,2.6,10.0,6.9,10.0,990.1,10.0,,,89,10,0.0,10,0.0,10,,,0.0,10,-0.3,,,10.0,0.6,,,10.0,2.3,10.0,-4.1,10,-4.0,10.0,2205.0,10.0
2008-01-05T23:00+00:00,5805,,,101.0,10.0,129.0,10.0,2.1,10.0,5.8,10.0,989.5,10.0,,,90,10,0.0,10,0.0,10,,,0.0,10,-0.3,,,10.0,0.6,,,10.0,2.3,10.0,-4.0,10,-4.0,10.0,2305.0,10.0
2008-01-06T00:00+00:00,5805,,,106.0,10.0,127.0,10.0,2.5,10.0,5.7,10.0,989.0,10.0,,,91,10,0.0,10,0.0,10,,,0.0,10,-0.3,,,10.0,0.6,,,10.0,2.3,10.0,-3.9,10,-3.9,10.0,35.0,10.0
2008-01-06T01:00+00:00,5805,,,104.0,10.0,118.0,10.0,2.5,10.0,7.1,10.0,987.9,10.0,,,93,10,0.0,10,0.0,10,,,0.0,10,-0.2,,,10.0,0.6,,,10.0,2.3,10.0,-3.9,10,-3.8,10.0,139.0,10.0
2008-01-06T02:00+00:00,5805,,,108.0,10.0,111.0,10.0,2.8,10.0,6.4,10.0,986.9,10.0,,,93,10,0.0,10,0.0,10,,,0.0,10,-0.2,,,10.0,0.6,,,10.0,2.3,10.0,-3.7,10,-3.8,10.0,243.0,10.0
2008-01-06T03:00+00:00,5805,,,102.0,10.0,120.0,10.0,2.8,10.0,6.9,10.0,985.3,10.0,,,93,10,0.0,10,0.0,10,,,0.0,10,-0.2,,,10.0,0.6,,,10.0,2.3,10.0,-3.5,10,-3.5,10.0,303.0,10.0
2008-01-06T04:00+00:00,5805,,,111.0,10.0,118.0,10.0,3.5,10.0,7.9,10.0,984.2,10.0,,,93,10,0.0,10,0.0,10,,,0.0,10,-0.2,,,10.0,0.6,,,10.0,2.3,10.0,-3.2,10,-3.3,10.0,435.0,10.0
2008-01-06T05:00+00:00,5805,,,109.0,10.0,96.0,10.0,3.3,10.0,7.2,10.0,983.8,10.0,,,93,10,0.0,10,0.0,10,,,0.0,10,-0.2,,,10.0,0.6,,,10.0,2.3,10.0,-2.9,10,-3.1,10.0,546.0,10.0
2008-01-06T06:00+00:00,5805,,,107.0,10.0,145.0,10.0,2.8,10.0,5.9,10.0,983.2,10.0,,,93,10,0.0,10,0.0,10,,,0.0,10,-0.2,,,10.0,0.6,,,10.0,2.3,10.0,-2.6,10,-2.8,10.0,605.0,10.0
2008-01-06T07:00+00:00,5805,,,93.0,10.0,109.0,10.0,2.2,10.0,5.2,10.0,983.3,10.0,,,93,10,0.1,10,32.0,10,,,0.0,10,-0.2,,,10.0,0.6,,,10.0,2.3,10.0,-2.1,10,-2.5,10.0,705.0,10.0
2008-01-06T08:00+00:00,5805,,,95.0,10.0,125.0,10.0,2.1,10.0,5.2,10.0,983.6,10.0,,,93,10,0.0,10,3.0,10,,,0.0,10,-0.2,,,10.0,0.6,,,10.0,2.3,10.0,-1.6,10,-1.9,10.0,821.0,10.0
2008-01-06T09:00+00:00,5805,,,310.0,10.0,296.0,10.0,1.3,10.0,4.9,10.0,984.5,10.0,,,93,10,0.0,10,4.0,10,,,0.0,10,-0.2,,,10.0,0.6,,,10.0,2.3,10.0,-1.5,10,-1.5,10.0,946.0,10.0
2008-01-06T10:00+00:00,5805,,,305.0,10.0,279.0,10.0,2.8,10.0,7.1,10.0,985.7,10.0,,,93,10,0.0,10,3.0,10,,,0.0,10,-0.1,,,10.0,0.6,,,10.0,2.3,10.0,-1.8,10,-1.5,10.0,1044.0,10.0
2008-01-06T11:00+00:00,5805,,,305.0,10.0,307.0,10.0,2.0,10.0,4.7,10.0,985.0,10.0,,,93,10,0.0,10,18.0,10,,,0.0,10,-0.1,,,10.0,0.6,,,10.0,2.3,10.0,-1.2,10,-1.4,10.0,1102.0,10.0
2008-01-06T12:00+00:00,5805,,,337.0,10.0,306.0,10.0,0.5,10.0,2.9,10.0,985.5,10.0,,,89,10,0.0,10,0.0,10,,,0.1,10,-0.1,,,10.0,0.6,,,10.0,2.3,10.0,-0.5,10,-0.1,10.0,1210.0,10.0
2008-01-06T13:00+00:00,5805,,,54.0,10.0,10.0,10.0,0.6,10.0,3.1,10.0,986.2,10.0,,,90,10,0.0,10,2.0,10,,,0.0,10,-0.1,,,10.0,0.6,,,10.0,2.3,10.0,0.3,10,0.1,10.0,1350.0,10.0
2008-01-06T14:00+00:00,5805,,,10.0,10.0,289.0,10.0,0.3,10.0,3.6,10.0,986.8,10.0,,,89,10,0.0,10,0.0,10,,,0.0,10,-0.1,,,10.0,0.6,,,10.0,2.3,10.0,2.2,10,0.5,10.0,1457.0,10.0
2008-01-06T15:00+00:00,5805,,,300.0,10.0,333.0,10.0,2.7,10.0,8.4,10.0,987.6,10.0,,,82,10,0.0,10,0.0,10,,,0.0,10,-0.1,,,10.0,0.6,,,10.0,2.3,10.0,4.0,10,1.4,10.0,1547.0,10.0
2008-01-06T16:00+00:00,5805,,,292.0,10.0,315.0,10.0,3.4,10.0,7.6,10.0,988.6,10.0,,,83,10,0.0,10,1.0,10,,,0.0,10,-0.1,,,10.0,0.6,,,10.0,2.3,10.0,3.1,10,1.4,10.0,1636.0,10.0
2008-01-06T17:00+00:00,5805,,,293.0,10.0,299.0,10.0,3.8,10.0,7.4,10.0,989.6,10.0,,,80,10,0.0,10,1.0,10,,,0.0,10,-0.1,,,10.0,0.6,,,10.0,2.3,10.0,4.0,10,1.4,10.0,1731.0,10.0
2008-01-06T18:00+00:00,5805,,,292.0,10.0,308.0,10.0,2.9,10.0,7.9,10.0,990.4,10.0,,,82,10,0.0,10,3.0,10,,,0.0,10,0.0,,,10.0,0.6,,,10.0,2.3,10.0,3.2,10,1.9,10.0,1830.0,10.0
2008-01-06T19:00+00:00,5805,,,296.0,10.0,299.0,10.0,2.4,10.0,6.3,10.0,990.9,10.0,,,81,10,0.0,10,0.0,10,,,0.0,10,0.0,,,10.0,0.6,,,10.0,2.3,10.0,3.6,10,1.5,10.0,1916.0,10.0
2008-01-06T20:00+00:00,5805,,,294.0,10.0,296.0,10.0,3.3,10.0,7.8,10.0,991.4,10.0,,,80,10,0.0,10,0.0,10,,,0.0,10,0.0,,,10.0,0.6,,,10.0,2.3,10.0,3.7,10,0.7,10.0,2039.0,10.0
2008-01-06T21:00+00:00,5805,,,290.0,10.0,300.0,10.0,4.8,10.0,10.2,10.0,992.1,10.0,,,82,10,0.0,10,0.0,10,,,0.0,10,0.0,,,10.0,0.6,,,10.0,2.3,10.0,3.3,10,1.7,10.0,2122.0,10.0
2008-01-06T22:00+00:00,5805,,,287.0,10.0,275.0,10.0,4.5,10.0,8.3,10.0,992.7,10.0,,,82,10,0.0,10,0.0,10,,,0.0,10,0.0,,,10.0,0.6,,,10.0,2.3,10.0,3.1,10,0.8,10.0,2204.0,10.0
2008-01-06T23:00+00:00,5805,,,293.0,10.0,296.0,10.0,3.8,10.0,7.8,10.0,993.1,10.0,,,76,10,0.0,10,0.0,10,,,0.0,10,0.0,,,10.0,0.6,,,10.0,2.2,10.0,3.5,10,1.1,10.0,2326.0,10.0
2008-01-07T00:00+00:00,5805,,,291.0,10.0,277.0,10.0,3.3,10.0,7.2,10.0,993.5,10.0,,,76,10,0.0,10,0.0,10,,,0.0,10,0.0,,,10.0,0.6,,,10.0,2.3,10.0,3.4,10,0.9,10.0,37.0,10.0
2008-01-07T01:00+00:00,5805,,,302.0,10.0,289.0,10.0,2.2,10.0,6.7,10.0,993.9,10.0,,,83,10,0.0,10,0.0,10,,,0.0,10,0.0,,,10.0,0.6,,,10.0,2.3,10.0,1.4,10,-2.1,10.0,111.0,10.0
2008-01-07T02:00+00:00,5805,,,355.0,10.0,3.0,10.0,1.4,10.0,3.5,10.0,994.1,10.0,,,90,10,0.0,10,0.0,10,,,0.0,10,0.0,,,10.0,0.6,,,10.0,2.3,10.0,-1.5,10,-5.0,10.0,223.0,10.0
2008-01-07T03:00+00:00,5805,,,5.0,10.0,6.0,10.0,0.8,10.0,2.7,10.0,994.1,10.0,,,92,10,0.0,10,0.0,10,,,0.0,10,0.0,,,10.0,0.6,,,10.0,2.3,10.0,-2.4,10,-6.0,10.0,310.0,10.0
2008-01-07T04:00+00:00,5805,,,350.0,10.0,1.0,10.0,1.0,10.0,2.5,10.0,993.9,10.0,,,92,10,0.0,10,0.0,10,,,0.0,10,0.0,,,10.0,0.6,,,10.0,2.3,10.0,-3.1,10,-6.6,10.0,438.0,10.0
2008-01-07T05:00+00:00,5805,,,349.0,10.0,359.0,10.0,0.9,10.0,2.4,10.0,993.6,10.0,,,92,10,0.0,10,0.0,10,,,0.0,10,0.0,,,10.0,0.6,,,10.0,2.3,10.0,-3.9,10,-6.8,10.0,503.0,10.0
2008-01-07T06:00+00:00,5805,,,358.0,10.0,1.0,10.0,0.9,10.0,2.4,10.0,993.2,10.0,,,92,10,0.0,10,0.0,10,,,0.0,10,0.0,,,10.0,0.6,,,10.0,2.3,10.0,-4.3,10,-7.3,10.0,633.0,10.0
2008-01-07T07:00+00:00,5805,,,12.0,10.0,352.0,10.0,0.5,10.0,2.6,10.0,992.6,10.0,,,92,10,0.0,10,0.0,10,,,0.0,10,0.0,,,10.0,0.6,,,10.0,2.3,10.0,-4.2,10,-7.1,10.0,718.0,10.0
2008-01-07T08:00+00:00,5805,,,4.0,10.0,10.0,10.0,0.8,10.0,2.3,10.0,992.0,10.0,,,92,10,0.0,10,0.0,10,,,0.6,10,-0.1,,,10.0,0.6,,,10.0,2.2,10.0,-2.7,10,-6.9,10.0,805.0,10.0
2008-01-07T09:00+00:00,5805,,,32.0,10.0,110.0,10.0,0.4,10.0,3.6,10.0,990.9,10.0,,,88,10,0.0,10,0.0,10,,,1.0,10,0.0,,,10.0,0.6,,,10.0,2.3,10.0,0.8,10,-2.0,10.0,959.0,10.0
2008-01-07T10:00+00:00,5805,,,107.0,10.0,144.0,10.0,1.9,10.0,4.9,10.0,989.6,10.0,,,80,10,0.0,10,0.0,10,,,0.9,10,0.0,,,10.0,0.6,,,10.0,2.2,10.0,3.1,10,1.7,10.0,1051.0,10.0
2008-01-07T11:00+00:00,5805,,,100.0,10.0,133.0,10.0,2.2,10.0,4.5,10.0,988.6,10.0,,,80,10,0.0,10,0.0,10,,,0.0,10,0.0,,,10.0,0.6,,,10.0,2.2,10.0,3.3,10,3.0,10.0,1141.0,10.0
2008-01-07T12:00+00:00,5805,,,90.0,10.0,109.0,10.0,1.3,10.0,3.9,10.0,988.5,10.0,,,79,10,0.0,10,0.0,10,,,0.0,10,0.0,,,10.0,0.6,,,10.0,2.2,10.0,3.6,10,3.2,10.0,1201.0,10.0
2008-01-07T13:00+00:00,5805,,,22.0,10.0,111.0,10.0,0.3,10.0,2.2,10.0,988.4,10.0,,,90,10,0.3,10,50.0,10,,,0.0,10,0.0,,,10.0,0.6,,,10.0,2.2,10.0,2.8,10,2.0,10.0,1303.0,10.0
2008-01-07T14:00+00:00,5805,,,354.0,10.0,359.0,10.0,0.6,10.0,2.3,10.0,988.2,10.0,,,92,10,0.9,10,60.0,10,,,0.0,10,0.0,,,10.0,0.6,,,10.0,2.2,10.0,2.7,10,2.0,10.0,1413.0,10.0
2008-01-07T15:00+00:00,5805,,,333.0,10.0,302.0,10.0,0.8,10.0,3.0,10.0,988.7,10.0,,,92,10,0.6,10,24.0,10,,,0.0,10,0.0,,,10.0,0.6,,,10.0,2.2,10.0,2.3,10,1.7,10.0,1551.0,10.0
2008-01-07T16:00+00:00,5805,,,330.0,10.0,324.0,10.0,1.2,10.0,8.0,10.0,989.8,10.0,,,91,10,0.0,10,13.0,10,,,0.0,10,0.0,,,10.0,0.6,,,10.0,2.2,10.0,4.8,10,0.7,10.0,1649.0,10.0
2008-01-07T17:00+00:00,5805,,,296.0,10.0,309.0,10.0,3.8,10.0,10.2,10.0,991.5,10.0,,,78,10,0.0,10,0.0,10,,,0.0,10,0.0,,,10.0,0.6,,,10.0,2.2,10.0,6.0,10,3.2,10.0,1722.0,10.0
2008-01-07T18:00+00:00,5805,,,290.0,10.0,307.0,10.0,3.2,10.0,7.7,10.0,992.0,10.0,,,80,10,0.0,10,0.0,10,,,0.0,10,0.0,,,10.0,0.6,,,10.0,2.2,10.0,5.5,10,2.9,10.0,1815.0,10.0
2008-01-07T19:00+00:00,5805,,,302.0,10.0,324.0,10.0,3.0,10.0,8.0,10.0,992.9,10.0,,,79,10,0.0,10,0.0,10,,,0.0,10,0.0,,,10.0,0.6,,,10.0,2.2,10.0,5.9,10,2.7,10.0,1945.0,10.0
2008-01-07T20:00+00:00,5805,,,294.0,10.0,311.0,10.0,3.0,10.0,8.2,10.0,993.8,10.0,,,78,10,0.0,10,0.0,10,,,0.0,10,0.0,,,10.0,0.6,,,10.0,2.2,10.0,6.2,10,3.8,10.0,2042.0,10.0
2008-01-07T21:00+00:00,5805,,,296.0,10.0,302.0,10.0,3.0,10.0,8.4,10.0,994.0,10.0,,,77,10,0.0,10,0.0,10,,,0.0,10,0.0,,,10.0,0.6,,,10.0,2.2,10.0,5.6,10,2.4,10.0,2114.0,10.0
2008-01-07T22:00+00:00,5805,,,286.0,10.0,293.0,10.0,2.6,10.0,6.8,10.0,994.7,10.0,,,77,10,0.0,10,0.0,10,,,0.0,10,0.0,,,10.0,0.6,,,10.0,2.2,10.0,5.1,10,1.4,10.0,2251.0,10.0
2008-01-07T23:00+00:00,5805,,,294.0,10.0,320.0,10.0,3.3,10.0,7.7,10.0,995.4,10.0,,,81,10,0.0,10,0.0,10,,,0.0,10,0.0,,,10.0,0.6,,,10.0,2.2,10.0,4.6,10,2.1,10.0,2331.0,10.0
2008-01-08T00:00+00:00,5805,,,289.0,10.0,295.0,10.0,2.9,10.0,7.9,10.0,995.3,10.0,,,79,10,0.0,10,0.0,10,,,0.0,10,0.0,,,10.0,0.6,,,10.0,2.2,10.0,4.6,10,1.8,10.0,100.0,10.0
2008-01-08T01:00+00:00,5805,,,300.0,10.0,293.0,10.0,1.4,10.0,5.6,10.0,995.5,10.0,,,83,10,0.0,10,0.0,10,,,0.0,10,0.0,,,10.0,0.6,,,10.0,2.2,10.0,3.1,10,-0.5,10.0,112.0,10.0
2008-01-08T02:00+00:00,5805,,,301.0,10.0,310.0,10.0,1.4,10.0,5.0,10.0,995.8,10.0,,,88,10,0.0,10,0.0,10,,,0.0,10,0.0,,,10.0,0.6,,,10.0,2.2,10.0,1.8,10,-1.5,10.0,237.0,10.0
2008-01-08T03:00+00:00,5805,,,341.0,10.0,351.0,10.0,1.0,10.0,3.0,10.0,995.8,10.0,,,91,10,0.0,10,0.0,10,,,0.0,10,0.0,,,10.0,0.6,,,10.0,2.2,10.0,0.4,10,-2.8,10.0,353.0,10.0
2008-01-08T04:00+00:00,5805,,,345.0,10.0,1.0,10.0,1.0,10.0,2.7,10.0,996.2,10.0,,,92,10,0.0,10,0.0,10,,,0.0,10,0.0,,,10.0,0.6,,,10.0,2.2,10.0,-1.1,10,-3.6,10.0,417.0,10.0
2008-01-08T05:00+00:00,5805,,,322.0,10.0,274.0,10.0,1.3,10.0,8.4,10.0,996.4,10.0,,,81,10,0.0,10,0.0,10,,,0.0,10,0.0,,,10.0,0.6,,,10.0,2.2,10.0,3.6,10,-3.4,10.0,553.0,10.0
2008-01-08T06:00+00:00,5805,,,292.0,10.0,284.0,10.0,3.8,10.0,9.2,10.0,996.9,10.0,,,64,10,0.0,10,0.0,10,,,0.0,10,0.0,,,10.0,0.6,,,10.0,2.2,10.0,5.7,10,-0.1,10.0,625.0,10.0
2008-01-08T07:00+00:00,5805,,,294.0,10.0,306.0,10.0,3.2,10.0,7.6,10.0,997.3,10.0,,,62,10,0.0,10,0.0,10,,,0.0,10,0.0,,,10.0,0.7,,,10.0,2.2,10.0,5.7,10,3.0,10.0,704.0,10.0
2008-01-08T08:00+00:00,5805,,,293.0,10.0,322.0,10.0,2.6,10.0,6.9,10.0,998.0,10.0,,,59,10,0.0,10,0.0,10,,,0.0,10,0.1,,,10.0,0.7,,,10.0,2.2,10.0,6.4,10,3.0,10.0,856.0,10.0
2008-01-08T09:00+00:00,5805,,,289.0,10.0,306.0,10.0,3.9,10.0,9.0,10.0,998.3,10.0,,,56,10,0.0,10,0.0,10,,,0.2,10,0.1,,,10.0,0.7,,,10.0,2.2,10.0,7.0,10,5.0,10.0,959.0,10.0
2008-01-08T10:00+00:00,5805,,,295.0,10.0,300.0,10.0,4.1,10.0,9.4,10.0,998.5,10.0,,,54,10,0.0,10,0.0,10,,,0.6,10,0.2,,,10.0,0.7,,,10.0,2.2,10.0,7.3,10,6.5,10.0,1050.0,10.0
2008-01-08T11:00+00:00,5805,,,288.0,10.0,295.0,10.0,4.3,10.0,10.0,10.0,998.7,10.0,,,57,10,0.0,10,0.0,10,,,0.0,10,0.1,,,10.0,0.7,,,10.0,2.2,10.0,6.7,10,5.9,10.0,1125.0,10.0
2008-01-08T12:00+00:00,5805,,,289.0,10.0,302.0,10.0,3.9,10.0,9.5,10.0,998.7,10.0,,,54,10,0.0,10,0.0,10,,,0.7,10,0.3,,,10.0,0.7,,,10.0,2.2,10.0,8.2,10,5.8,10.0,1215.0,10.0
2008-01-08T13:00+00:00,5805,,,284.0,10.0,299.0,10.0,4.5,10.0,10.6,10.0,998.6,10.0,,,54,10,0.0,10,0.0,10,,,0.9,10,0.3,,,10.0,0.7,,,10.0,2.2,10.0,8.0,10,9.0,10.0,1348.0,10.0
2008-01-08T14:00+00:00,5805,,,290.0,10.0,277.0,10.0,3.7,10.0,10.1,10.0,998.4,10.0,,,53,10,0.0,10,0.0,10,,,1.0,10,0.3,,,10.0,0.7,,,10.0,2.2,10.0,7.6,10,7.6,10.0,1424.0,10.0
2008-01-08T15:00+00:00,5805,,,286.0,10.0,275.0,10.0,2.9,10.0,6.2,10.0,998.5,10.0,,,58,10,0.0,10,0.0,10,,,1.0,10,0.2,,,10.0,0.7,,,10.0,2.2,10.0,6.2,10,4.0,10.0,1509.0,10.0
2008-01-08T16:00+00:00,5805,,,311.0,10.0,319.0,10.0,1.6,10.0,4.9,10.0,998.6,10.0,,,71,10,0.0,10,0.0,10,,,0.0,10,0.1,,,10.0,0.7,,,10.0,2.2,10.0,3.3,10,0.4,10.0,1602.0,10.0
2008-01-08T17:00+00:00,5805,,,4.0,10.0,9.0,10.0,1.1,10.0,3.2,10.0,998.8,10.0,,,86,10,0.0,10,0.0,10,,,0.0,10,0.1,,,10.0,0.7,,,10.0,2.2,10.0,0.4,10,-2.5,10.0,1743.0,10.0
2008-01-08T18:00+00:00,5805,,,7.0,10.0,4.0,10.0,0.8,10.0,3.2,10.0,999.2,10.0,,,90,10,0.0,10,0.0,10,,,0.0,10,0.1,,,10.0,0.7,,,10.0,2.2,10.0,-1.0,10,-3.9,10.0,1831.0,10.0
2008-01-08T19:00+00:00,5805,,,354.0,10.0,341.0,10.0,0.9,10.0,2.3,10.0,999.2,10.0,,,91,10,0.0,10,0.0,10,,,0.0,10,0.1,,,10.0,0.7,,,10.0,2.2,10.0,-1.6,10,-4.1,10.0,1912.0,10.0
2008-01-08T20:00+00:00,5805,,,1.0,10.0,6.0,10.0,0.8,10.0,2.2,10.0,998.9,10.0,,,92,10,0.0,10,0.0,10,,,0.0,10,0.1,,,10.0,0.7,,,10.0,2.2,10.0,-2.3,10,-4.4,10.0,2035.0,10.0
2008-01-08T21:00+00:00,5805,,,2.0,10.0,359.0,10.0,0.8,10.0,2.1,10.0,998.6,10.0,,,92,10,0.0,10,0.0,10,,,0.0,10,0.0,,,10.0,0.7,,,10.0,2.2,10.0,-2.8,10,-5.0,10.0,2102.0,10.0
2008-01-08T22:00+00:00,5805,,,356.0,10.0,345.0,10.0,0.8,10.0,2.1,10.0,998.1,10.0,,,92,10,0.0,10,0.0,10,,,0.0,10,0.0,,,10.0,0.7,,,10.0,2.2,10.0,-3.3,10,-5.1,10.0,2245.0,10.0
2008-01-08T23:00+00:00,5805,,,6.0,10.0,48.0,10.0,0.7,10.0,2.5,10.0,997.5,10.0,,,92,10,0.0,10,0.0,10,,,0.0,10,0.1,,,10.0,0.7,,,10.0,2.2,10.0,-2.7,10,-5.2,10.0,2357.0,10.0
2008-01-09T00:00+00:00,5805,,,16.0,10.0,10.0,10.0,1.4,10.0,3.6,10.0,996.9,10.0,,,90,10,0.0,10,0.0,10,,,0.0,10,0.1,,,10.0,0.7,,,10.0,2.2,10.0,0.1,10,-5.0,10.0,43.0,10.0
2008-01-09T01:00+00:00,5805,,,39.0,10.0,18.0,10.0,1.6,10.0,3.7,10.0,996.3,10.0,,,90,10,0.0,10,0.0,10,,,0.0,10,0.1,,,10.0,0.7,,,10.0,2.2,10.0,-0.1,10,-2.7,10.0,116.0,10.0
2008-01-09T02:00+00:00,5805,,,60.0,10.0,70.0,10.0,1.9,10.0,3.9,10.0,996.0,10.0,,,91,10,0.0,10,0.0,10,,,0.0,10,0.1,,,10.0,0.7,,,10.0,2.2,10.0,-0.4,10,-2.2,10.0,222.0,10.0
2008-01-09T03:00+00:00,5805,,,104.0,10.0,124.0,10.0,1.7,10.0,4.8,10.0,995.5,10.0,,,93,10,0.0,10,0.0,10,,,0.0,10,0.1,,,10.0,0.7,,,10.0,2.2,10.0,-0.9,10,-1.5,10.0,325.0,10.0
2008-01-09T04:00+00:00,5805,,,84.0,10.0,70.0,10.0,1.4,10.0,3.7,10.0,994.9,10.0,,,93,10,0.0,10,0.0,10,,,0.0,10,0.1,,,10.0,0.7,,,10.0,2.2,10.0,-0.5,10,-0.9,10.0,447.0,10.0
2008-01-09T05:00+00:00,5805,,,93.0,10.0,108.0,10.0,1.4,10.0,4.1,10.0,994.9,10.0,,,93,10,0.0,10,0.0,10,,,0.0,10,0.1,,,10.0,0.7,,,10.0,2.2,10.0,-0.3,10,-0.5,10.0,556.0,10.0
2008-01-09T06:00+00:00,5805,,,81.0,10.0,100.0,10.0,1.7,10.0,5.3,10.0,994.6,10.0,,,93,10,0.0,10,0.0,10,,,0.0,10,0.1,,,10.0,0.7,,,10.0,2.2,10.0,-0.2,10,-0.4,10.0,613.0,10.0
2008-01-09T07:00+00:00,5805,,,72.0,10.0,69.0,10.0,1.6,10.0,4.9,10.0,994.6,10.0,,,93,10,0.0,10,0.0,10,,,0.0,10,0.1,,,10.0,0.7,,,10.0,2.2,10.0,-0.1,10,-0.3,10.0,758.0,10.0
2008-01-09T08:00+00:00,5805,,,78.0,10.0,102.0,10.0,1.6,10.0,5.2,10.0,995.0,10.0,,,93,10,0.0,10,0.0,10,,,0.0,10,0.1,,,10.0,0.7,,,10.0,2.2,10.0,-0.2,10,-0.2,10.0,844.0,10.0
2008-01-09T09:00+00:00,5805,,,90.0,10.0,134.0,10.0,1.9,10.0,4.7,10.0,995.3,10.0,,,92,10,0.0,10,0.0,10,,,0.0,10,0.1,,,10.0,0.7,,,10.0,2.2,10.0,-0.1,10,-0.2,10.0,933.0,10.0
2008-01-09T10:00+00:00,5805,,,98.0,10.0,115.0,10.0,1.8,10.0,5.2,10.0,995.9,10.0,,,92,10,0.0,10,0.0,10,,,0.0,10,0.1,,,10.0,0.7,,,10.0,2.2,10.0,0.0,10,-0.1,10.0,1033.0,10.0
2008-01-09T11:00+00:00,5805,,,116.0,10.0,138.0,10.0,1.1,10.0,4.0,10.0,996.1,10.0,,,92,10,0.0,10,0.0,10,,,0.0,10,0.1,,,10.0,0.7,,,10.0,2.2,10.0,0.2,10,0.0,10.0,1119.0,10.0
2008-01-09T12:00+00:00,5805,,,98.0,10.0,109.0,10.0,1.5,10.0,4.3,10.0,995.4,10.0,,,92,10,0.0,10,0.0,10,,,0.0,10,0.1,,,10.0,0.7,,,10.0,2.2,10.0,0.3,10,0.5,10.0,1259.0,10.0
2008-01-09T13:00+00:00,5805,,,101.0,10.0,128.0,10.0,1.5,10.0,3.9,10.0,995.4,10.0,,,92,10,0.0,10,0.0,10,,,0.0,10,0.1,,,10.0,0.7,,,10.0,2.2,10.0,0.5,10,0.6,10.0,1325.0,10.0
2008-01-09T14:00+00:00,5805,,,92.0,10.0,90.0,10.0,1.7,10.0,3.9,10.0,995.6,10.0,,,91,10,0.0,10,0.0,10,,,0.0,10,0.1,,,10.0,0.7,,,10.0,2.2,10.0,0.6,10,0.6,10.0,1421.0,10.0
2008-01-09T15:00+00:00,5805,,,91.0,10.0,106.0,10.0,1.9,10.0,4.3,10.0,995.6,10.0,,,91,10,0.0,10,0.0,10,,,0.0,10,0.1,,,10.0,0.7,,,10.0,2.2,10.0,0.5,10,0.4,10.0,1528.0,10.0
2008-01-09T16:00+00:00,5805,,,91.0,10.0,80.0,10.0,1.9,10.0,4.8,10.0,995.7,10.0,,,91,10,0.0,10,0.0,10,,,0.0,10,0.1,,,10.0,0.7,,,10.0,2.2,10.0,0.6,10,0.4,10.0,1658.0,10.0
2008-01-09T17:00+00:00,5805,,,98.0,10.0,103.0,10.0,2.3,10.0,5.1,10.0,995.7,10.0,,,92,10,0.0,10,0.0,10,,,0.0,10,0.1,,,10.0,0.7,,,10.0,2.2,10.0,0.6,10,0.4,10.0,1727.0,10.0
2008-01-09T18:00+00:00,5805,,,97.0,10.0,102.0,10.0,2.3,10.0,6.3,10.0,995.7,10.0,,,91,10,0.0,10,0.0,10,,,0.0,10,0.1,,,10.0,0.7,,,10.0,2.2,10.0,0.6,10,0.4,10.0,1844.0,10.0
2008-01-09T19:00+00:00,5805,,,93.0,10.0,140.0,10.0,2.0,10.0,5.2,10.0,995.6,10.0,,,91,10,0.0,10,0.0,10,,,0.0,10,0.1,,,10.0,0.7,,,10.0,2.2,10.0,0.5,10,0.4,10.0,1912.0,10.0
2008-01-09T20:00+00:00,5805,,,99.0,10.0,105.0,10.0,2.3,10.0,6.5,10.0,996.1,10.0,,,91,10,0.0,10,0.0,10,,,0.0,10,0.1,,,10.0,0.7,,,10.0,2.2,10.0,0.4,10,0.3,10.0,2030.0,10.0
2008-01-09T21:00+00:00,5805,,,91.0,10.0,86.0,10.0,2.1,10.0,4.9,10.0,996.5,10.0,,,92,10,0.0,10,0.0,10,,,0.0,10,0.1,,,10.0,0.7,,,10.0,2.2,10.0,0.3,10,0.2,10.0,2111.0,10.0
2008-01-09T22:00+00:00,5805,,,94.0,10.0,104.0,10.0,2.2,10.0,4.8,10.0,996.4,10.0,,,92,10,0.0,10,12.0,10,,,0.0,10,0.1,,,10.0,0.7,,,10.0,2.2,10.0,0.0,10,-0.1,10.0,2256.0,10.0
2008-01-09T23:00+00:00,5805,,,94.0,10.0,138.0,10.0,2.1,10.0,4.9,10.0,996.4,10.0,,,92,10,0.0,10,3.0,10,,,0.0,10,0.1,,,10.0,0.7,,,10.0,2.2,10.0,-0.1,10,-0.2,10.0,2326.0,10.0
2008-01-10T00:00+00:00,5805,,,85.0,10.0,99.0,10.0,2.0,10.0,5.0,10.0,996.4,10.0,,,92,10,0.0,10,0.0,10,,,0.0,10,0.1,,,10.0,0.7,,,10.0,2.2,10.0,-0.3,10,-0.2,10.0,34.0,10.0
2008-01-10T01:00+00:00,5805,,,92.0,10.0,89.0,10.0,1.9,10.0,4.6,10.0,996.7,10.0,,,92,10,0.0,10,2.0,10,,,0.0,10,0.1,,,10.0,0.7,,,10.0,2.2,10.0,-0.3,10,-0.3,10.0,139.0,10.0
2008-01-10T02:00+00:00,5805,,,62.0,10.0,104.0,10.0,0.9,10.0,3.5,10.0,996.8,10.0,,,92,10,0.0,10,18.0,10,,,0.0,10,0.1,,,10.0,0.7,,,10.0,2.2,10.0,-0.2,10,-0.3,10.0,259.0,10.0
2008-01-10T03:00+00:00,5805,,,81.0,10.0,111.0,10.0,1.6,10.0,3.3,10.0,996.7,10.0,,,92,10,0.0,10,5.0,10,,,0.0,10,0.1,,,10.0,0.7,,,10.0,2.2,10.0,-0.2,10,-0.3,10.0,329.0,10.0
2008-01-10T04:00+00:00,5805,,,75.0,10.0,113.0,10.0,1.6,10.0,3.6,10.0,996.6,10.0,,,92,10,0.0,10,1.0,10,,,0.0,10,0.2,,,10.0,0.7,,,10.0,2.2,10.0,-0.3,10,-0.4,10.0,442.0,10.0
2008-01-10T05:00+00:00,5805,,,65.0,10.0,103.0,10.0,1.7,10.0,3.3,10.0,996.9,10.0,,,92,10,0.0,10,0.0,10,,,0.0,10,0.2,,,10.0,0.7,,,10.0,2.2,10.0,-0.3,10,-0.4,10.0,528.0,10.0
2008-01-10T06:00+00:00,5805,,,75.0,10.0,107.0,10.0,1.5,10.0,3.4,10.0,996.9,10.0,,,92,10,0.0,10,0.0,10,,,0.0,10,0.2,,,10.0,0.7,,,10.0,2.2,10.0,-0.3,10,-0.3,10.0,656.0,10.0
2008-01-10T07:00+00:00,5805,,,97.0,10.0,101.0,10.0,2.2,10.0,5.2,10.0,997.2,10.0,,,92,10,0.0,10,0.0,10,,,0.0,10,0.2,,,10.0,0.7,,,10.0,2.2,10.0,-0.3,10,-0.3,10.0,759.0,10.0
2008-01-10T08:00+00:00,5805,,,94.0,10.0,125.0,10.0,2.2,10.0,4.4,10.0,997.7,10.0,,,92,10,0.0,10,0.0,10,,,0.0,10,0.2,,,10.0,0.7,,,10.0,2.2,10.0,-0.3,10,-0.2,10.0,858.0,10.0
2008-01-10T09:00+00:00,5805,,,88.0,10.0,105.0,10.0,2.0,10.0,4.6,10.0,997.8,10.0,,,92,10,0.0,10,0.0,10,,,0.0,10,0.2,,,10.0,0.7,,,10.0,2.2,10.0,0.0,10,-0.1,10.0,907.0,10.0
2008-01-10T10:00+00:00,5805,,,92.0,10.0,145.0,10.0,1.8,10.0,4.6,10.0,997.8,10.0,,,90,10,0.0,10,0.0,10,,,0.0,10,0.2,,,10.0,0.8,,,10.0,2.2,10.0,0.6,10,0.5,10.0,1043.0,10.0
2008-01-10T11:00+00:00,5805,,,97.0,10.0,114.0,10.0,2.1,10.0,4.4,10.0,997.5,10.0,,,89,10,0.0,10,0.0,10,,,0.0,10,0.2,,,10.0,0.8,,,10.0,2.2,10.0,0.6,10,1.2,10.0,1158.0,10.0
2008-01-10T12:00+00:00,5805,,,105.0,10.0,116.0,10.0,2.0,10.0,4.8,10.0,996.8,10.0,,,90,10,0.0,10,0.0,10,,,0.0,10,0.2,,,10.0,0.8,,,10.0,2.2,10.0,0.4,10,1.1,10.0,1229.0,10.0
2008-01-10T13:00+00:00,5805,,,100.0,10.0,124.0,10.0,2.5,10.0,5.7,10.0,996.5,10.0,,,91,10,0.0,10,0.0,10,,,0.0,10,0.2,,,10.0,0.8,,,10.0,2.2,10.0,0.2,10,0.8,10.0,1341.0,10.0
2008-01-10T14:00+00:00,5805,,,109.0,10.0,97.0,10.0,2.6,10.0,6.0,10.0,996.4,10.0,,,92,10,0.0,10,0.0,10,,,0.0,10,0.2,,,10.0,0.8,,,10.0,2.2,10.0,-0.4,10,-0.1,10.0,1438.0,10.0
2008-01-10T15:00+00:00,5805,,,102.0,10.0,98.0,10.0,2.4,10.0,5.7,10.0,996.2,10.0,,,92,10,0.0,10,0.0,10,,,0.0,10,0.2,,,10.0,0.8,,,10.0,2.2,10.0,-0.5,10,-0.4,10.0,1501.0,10.0
2008-01-10T16:00+00:00,5805,,,103.0,10.0,129.0,10.0,2.6,10.0,5.5,10.0,996.5,10.0,,,92,10,0.0,10,0.0,10,,,0.0,10,0.2,,,10.0,0.8,,,10.0,2.2,10.0,-0.8,10,-0.7,10.0,1626.0,10.0
2008-01-10T17:00+00:00,5805,,,105.0,10.0,127.0,10.0,2.6,10.0,5.7,10.0,996.5,10.0,,,92,10,0.0,10,0.0,10,,,0.0,10,0.2,,,10.0,0.8,,,10.0,2.2,10.0,-1.0,10,-0.9,10.0,1710.0,10.0
2008-01-10T18:00+00:00,5805,,,104.0,10.0,105.0,10.0,2.9,10.0,6.5,10.0,996.4,10.0,,,92,10,0.0,10,0.0,10,,,0.0,10,0.2,,,10.0,0.8,,,10.0,2.2,10.0,-1.3,10,-1.1,10.0,1815.0,10.0
2008-01-10T19:00+00:00,5805,,,108.0,10.0,91.0,10.0,1.8,10.0,5.5,10.0,996.4,10.0,,,92,10,0.0,10,0.0,10,,,0.0,10,0.2,,,10.0,0.8,,,10.0,2.2,10.0,-1.2,10,-1.1,10.0,1916.0,10.0
2008-01-10T20:00+00:00,5805,,,112.0,10.0,101.0,10.0,2.0,10.0,5.3,10.0,996.4,10.0,,,92,10,0.0,10,0.0,10,,,0.0,10,0.2,,,10.0,0.8,,,10.0,2.2,10.0,-1.3,10,-1.1,10.0,2015.0,10.0
2008-01-10T21:00+00:00,5805,,,139.0,10.0,152.0,10.0,1.1,10.0,4.0,10.0,996.3,10.0,,,92,10,0.0,10,0.0,10,,,0.0,10,0.2,,,10.0,0.8,,,10.0,2.2,10.0,-1.3,10,-1.2,10.0,2159.0,10.0
2008-01-10T22:00+00:00,5805,,,111.0,10.0,98.0,10.0,2.1,10.0,5.3,10.0,996.4,10.0,,,92,10,0.0,10,0.0,10,,,0.0,10,0.2,,,10.0,0.8,,,10.0,2.2,10.0,-1.5,10,-1.3,10.0,2241.0,10.0
2008-01-10T23:00+00:00,5805,,,103.0,10.0,120.0,10.0,2.9,10.0,6.5,10.0,996.0,10.0,,,92,10,0.0,10,0.0,10,,,0.0,10,0.2,,,10.0,0.8,,,10.0,2.2,10.0,-1.7,10,-1.5,10.0,2355.0,10.0
2008-01-11T00:00+00:00,5805,,,107.0,10.0,124.0,10.0,2.3,10.0,5.6,10.0,995.6,10.0,,,92,10,0.0,10,0.0,10,,,0.0,10,0.2,,,10.0,0.8,,,10.0,2.2,10.0,-1.7,10,-1.5,10.0,22.0,10.0
2008-01-11T01:00+00:00,5805,,,106.0,10.0,117.0,10.0,2.0,10.0,5.6,10.0,995.4,10.0,,,92,10,0.0,10,0.0,10,,,0.0,10,0.2,,,10.0,0.8,,,10.0,2.2,10.0,-1.6,10,-1.5,10.0,133.0,10.0
2008-01-11T02:00+00:00,5805,,,113.0,10.0,118.0,10.0,2.3,10.0,6.0,10.0,995.1,10.0,,,92,10,0.0,10,0.0,10,,,0.0,10,0.2,,,10.0,0.8,,,10.0,2.2,10.0,-1.6,10,-1.5,10.0,220.0,10.0
2008-01-11T03:00+00:00,5805,,,122.0,10.0,112.0,10.0,2.1,10.0,6.8,10.0,994.7,10.0,,,92,10,0.0,10,0.0,10,,,0.0,10,0.2,,,10.0,0.8,,,10.0,2.2,10.0,-1.6,10,-1.5,10.0,342.0,10.0
2008-01-11T04:00+00:00,5805,,,116.0,10.0,100.0,10.0,1.9,10.0,6.2,10.0,994.3,10.0,,,92,10,0.0,10,0.0,10,,,0.0,10,0.2,,,10.0,0.8,,,10.0,2.2,10.0,-1.5,10,-1.5,10.0,401.0,10.0
2008-01-11T05:00+00:00,5805,,,117.0,10.0,92.0,10.0,2.3,10.0,7.5,10.0,994.0,10.0,,,92,10,0.0,10,0.0,10,,,0.0,10,0.2,,,10.0,0.8,,,10.0,2.2,10.0,-1.2,10,-1.3,10.0,519.0,10.0
2008-01-11T06:00+00:00,5805,,,116.0,10.0,93.0,10.0,1.9,10.0,6.1,10.0,993.7,10.0,,,92,10,0.0,10,2.0,10,,,0.0,10,0.2,,,10.0,0.8,,,10.0,2.2,10.0,-1.1,10,-1.0,10.0,654.0,10.0
2008-01-11T07:00+00:00,5805,,,126.0,10.0,133.0,10.0,2.7,10.0,8.1,10.0,993.5,10.0,,,92,10,0.0,10,0.0,10,,,0.0,10,0.2,,,10.0,0.8,,,10.0,2.2,10.0,-1.1,10,-1.0,10.0,720.0,10.0
2008-01-11T08:00+00:00,5805,,,124.0,10.0,123.0,10.0,3.1,10.0,7.8,10.0,993.4,10.0,,,92,10,0.0,10,0.0,10,,,0.0,10,0.2,,,10.0,0.8,,,10.0,2.2,10.0,-1.2,10,-1.1,10.0,819.0,10.0
2008-01-11T09:00+00:00,5805,,,109.0,10.0,119.0,10.0,3.2,10.0,7.5,10.0,993.2,10.0,,,92,10,0.0,10,0.0,10,,,0.0,10,0.2,,,10.0,0.8,,,10.0,2.2,10.0,-1.0,10,-1.0,10.0,946.0,10.0
2008-01-11T10:00+00:00,5805,,,109.0,10.0,117.0,10.0,3.1,10.0,7.4,10.0,992.6,10.0,,,92,10,0.0,10,0.0,10,,,0.0,10,0.2,,,10.0,0.8,,,10.0,2.2,10.0,-0.8,10,-0.8,10.0,1027.0,10.0
2008-01-11T11:00+00:00,5805,,,108.0,10.0,102.0,10.0,2.1,10.0,6.4,10.0,991.9,10.0,,,92,10,0.0,10,2.0,10,,,0.0,10,0.2,,,10.0,0.8,,,10.0,2.2,10.0,-0.5,10,-0.6,10.0,1105.0,10.0
2008-01-11T12:00+00:00,5805,,,128.0,10.0,141.0,10.0,1.5,10.0,5.6,10.0,991.1,10.0,,,92,10,0.0,10,0.0,10,,,0.0,10,0.2,,,10.0,0.8,,,10.0,2.2,10.0,-0.6,10,-0.3,10.0,1257.0,10.0
2008-01-11T13:00+00:00,5805,,,116.0,10.0,113.0,10.0,1.6,10.0,5.5,10.0,990.5,10.0,,,92,10,0.0,10,0.0,10,,,0.0,10,0.2,,,10.0,0.8,,,10.0,2.2,10.0,-0.5,10,-0.3,10.0,1400.0,10.0
2008-01-11T14:00+00:00,5805,,,106.0,10.0,108.0,10.0,1.4,10.0,3.8,10.0,990.1,10.0,,,92,10,0.0,10,0.0,10,,,0.0,10,0.2,,,10.0,0.8,,,10.0,2.2,10.0,-0.4,10,-0.3,10.0,1446.0,10.0
2008-01-11T15:00+00:00,5805,,,98.0,10.0,117.0,10.0,1.1,10.0,3.5,10.0,989.6,10.0,,,92,10,0.0,10,1.0,10,,,0.0,10,0.2,,,10.0,0.8,,,10.0,2.2,10.0,-0.2,10,-0.3,10.0,1508.0,10.0
2008-01-11T16:00+00:00,5805,,,97.0,10.0,114.0,10.0,1.3,10.0,3.2,10.0,988.9,10.0,,,92,10,0.0,10,0.0,10,,,0.0,10,0.2,,,10.0,0.8,,,10.0,2.2,10.0,-0.1,10,-0.2,10.0,1603.0,10.0
2008-01-11T17:00+00:00,5805,,,80.0,10.0,134.0,10.0,1.0,10.0,3.5,10.0,988.2,10.0,,,92,10,0.0,10,0.0,10,,,0.0,10,0.2,,,10.0,0.8,,,10.0,2.2,10.0,0.1,10,-0.1,10.0,1749.0,10.0
2008-01-11T18:00+00:00,5805,,,74.0,10.0,71.0,10.0,0.6,10.0,2.3,10.0,987.7,10.0,,,92,10,0.0,10,2.0,10,,,0.0,10,0.2,,,10.0,0.8,,,10.0,2.2,10.0,0.2,10,0.0,10.0,1857.0,10.0
2008-01-11T19:00+00:00,5805,,,87.0,10.0,130.0,10.0,0.9,10.0,3.4,10.0,987.0,10.0,,,92,10,0.0,10,0.0,10,,,0.0,10,0.2,,,10.0,0.8,,,10.0,2.2,10.0,0.1,10,0.0,10.0,1945.0,10.0
2008-01-11T20:00+00:00,5805,,,57.0,10.0,113.0,10.0,0.8,10.0,3.6,10.0,986.5,10.0,,,92,10,0.0,10,0.0,10,,,0.0,10,0.3,,,10.0,0.8,,,10.0,2.2,10.0,0.2,10,0.0,10.0,2017.0,10.0
2008-01-11T21:00+00:00,5805,,,35.0,10.0,43.0,10.0,0.7,10.0,2.5,10.0,985.8,10.0,,,92,10,0.0,10,0.0,10,,,0.0,10,0.3,,,10.0,0.8,,,10.0,2.2,10.0,0.2,10,0.0,10.0,2200.0,10.0
2008-01-11T22:00+00:00,5805,,,353.0,10.0,359.0,10.0,0.7,10.0,2.4,10.0,985.0,10.0,,,92,10,0.0,10,0.0,10,,,0.0,10,0.3,,,10.0,0.8,,,10.0,2.2,10.0,0.2,10,0.0,10.0,2209.0,10.0
2008-01-11T23:00+00:00,5805,,,2.0,10.0,347.0,10.0,0.4,10.0,2.5,10.0,984.4,10.0,,,92,10,0.0,10,0.0,10,,,0.0,10,0.3,,,10.0,0.8,,,10.0,2.3,10.0,0.4,10,0.1,10.0,2309.0,10.0
2008-01-12T00:00+00:00,5805,,,340.0,10.0,349.0,10.0,0.9,10.0,2.4,10.0,983.7,10.0,,,92,10,0.0,10,0.0,10,,,0.0,10,0.3,,,10.0,0.8,,,10.0,2.3,10.0,0.2,10,0.2,10.0,32.0,10.0
2008-01-12T01:00+00:00,5805,,,338.0,10.0,334.0,10.0,1.1,10.0,2.4,10.0,983.1,10.0,,,92,10,0.0,10,0.0,10,,,0.0,10,0.3,,,10.0,0.8,,,10.0,2.2,10.0,0.2,10,0.2,10.0,106.0,10.0
2008-01-12T02:00+00:00,5805,,,331.0,10.0,331.0,10.0,1.3,10.0,3.4,10.0,982.6,10.0,,,92,10,0.0,10,0.0,10,,,0.0,10,0.3,,,10.0,0.8,,,10.0,2.3,10.0,0.1,10,0.2,10.0,201.0,10.0
2008-01-12T03:00+00:00,5805,,,297.0,10.0,337.0,10.0,1.1,10.0,2.9,10.0,982.1,10.0,,,92,10,0.0,10,0.0,10,,,0.0,10,0.3,,,10.0,0.8,,,10.0,2.3,10.0,-0.4,10,-0.3,10.0,336.0,10.0
2008-01-12T04:00+00:00,5805,,,291.0,10.0,237.0,10.0,1.2,10.0,2.7,10.0,981.9,10.0,,,92,10,0.0,10,0.0,10,,,0.0,10,0.3,,,10.0,0.8,,,10.0,2.3,10.0,-0.6,10,-0.5,10.0,500.0,10.0
2008-01-12T05:00+00:00,5805,,,292.0,10.0,302.0,10.0,1.2,10.0,2.5,10.0,981.7,10.0,,,92,10,0.0,10,0.0,10,,,0.0,10,0.3,,,10.0,0.8,,,10.0,2.3,10.0,-1.0,10,-0.9,10.0,510.0,10.0
2008-01-12T06:00+00:00,5805,,,307.0,10.0,255.0,10.0,1.2,10.0,2.7,10.0,981.9,10.0,,,92,10,0.0,10,0.0,10,,,0.0,10,0.3,,,10.0,0.8,,,10.0,2.3,10.0,-0.9,10,-1.0,10.0,648.0,10.0
2008-01-12T07:00+00:00,5805,,,303.0,10.0,311.0,10.0,1.1,10.0,2.7,10.0,981.7,10.0,,,92,10,0.0,10,0.0,10,,,0.0,10,0.3,,,10.0,0.8,,,10.0,2.3,10.0,-1.1,10,-1.1,10.0,702.0,10.0
2008-01-12T08:00+00:00,5805,,,314.0,10.0,325.0,10.0,0.9,10.0,2.3,10.0,981.8,10.0,,,92,10,0.0,10,0.0,10,,,0.0,10,0.3,,,10.0,0.8,,,10.0,2.3,10.0,-0.8,10,-0.9,10.0,803.0,10.0
2008-01-12T09:00+00:00,5805,,,310.0,10.0,304.0,10.0,1.3,10.0,2.6,10.0,981.9,10.0,,,92,10,0.0,10,0.0,10,,,0.0,10,0.3,,,10.0,0.8,,,10.0,2.3,10.0,-0.6,10,-0.3,10.0,952.0,10.0
2008-01-12T10:00+00:00,5805,,,315.0,10.0,322.0,10.0,1.0,10.0,2.1,10.0,981.8,10.0,,,92,10,0.0,10,0.0,10,,,0.0,10,0.4,,,10.0,0.8,,,10.0,2.3,10.0,0.0,10,0.1,10.0,1007.0,10.0
2008-01-12T11:00+00:00,5805,,,324.0,10.0,334.0,10.0,1.1,10.0,2.3,10.0,981.6,10.0,,,92,10,0.0,10,0.0,10,,,0.0,10,0.4,,,10.0,0.8,,,10.0,2.3,10.0,1.3,10,2.1,10.0,1109.0,10.0
2008-01-12T12:00+00:00,5805,,,329.0,10.0,335.0,10.0,0.7,10.0,2.0,10.0,981.5,10.0,,,92,10,0.0,10,0.0,10,,,0.0,10,0.5,,,10.0,0.9,,,10.0,2.3,10.0,2.6,10,3.1,10.0,1208.0,10.0
2008-01-12T13:00+00:00,5805,,,304.0,10.0,287.0,10.0,1.9,10.0,11.5,10.0,983.4,10.0,,,92,10,0.0,10,0.0,10,,,0.0,10,0.5,,,10.0,0.9,,,10.0,2.3,10.0,1.6,10,2.9,10.0,1357.0,10.0
2008-01-12T14:00+00:00,5805,,,305.0,10.0,285.0,10.0,2.4,10.0,9.5,10.0,983.8,10.0,,,92,10,0.0,10,0.0,10,,,0.0,10,0.4,,,10.0,0.9,,,10.0,2.3,10.0,2.5,10,1.8,10.0,1500.0,10.0
2008-01-12T15:00+00:00,5805,,,287.0,10.0,300.0,10.0,1.4,10.0,4.8,10.0,985.2,10.0,,,78,10,0.0,10,0.0,10,,,0.0,10,0.5,,,10.0,0.9,,,10.0,2.3,10.0,4.8,10,2.5,10.0,1519.0,10.0
2008-01-12T16:00+00:00,5805,,,297.0,10.0,304.0,10.0,3.9,10.0,10.0,10.0,986.4,10.0,,,75,10,0.0,10,0.0,10,,,0.0,10,0.5,,,10.0,0.9,,,10.0,2.3,10.0,4.4,10,3.1,10.0,1627.0,10.0
2008-01-12T17:00+00:00,5805,,,285.0,10.0,294.0,10.0,3.6,10.0,8.6,10.0,987.3,10.0,,,76,10,0.0,10,0.0,10,,,0.0,10,0.5,,,10.0,0.9,,,10.0,2.3,10.0,4.6,10,2.8,10.0,1703.0,10.0
2008-01-12T18:00+00:00,5805,,,286.0,10.0,287.0,10.0,3.0,10.0,7.9,10.0,988.3,10.0,,,79,10,0.0,10,0.0,10,,,0.0,10,0.5,,,10.0,0.9,,,10.0,2.3,10.0,4.2,10,2.7,10.0,1821.0,10.0
2008-01-12T19:00+00:00,5805,,,349.0,10.0,355.0,10.0,1.0,10.0,3.0,10.0,989.4,10.0,,,83,10,0.0,10,0.0,10,,,0.0,10,0.4,,,10.0,0.9,,,10.0,2.3,10.0,3.1,10,0.3,10.0,1934.0,10.0
2008-01-12T20:00+00:00,5805,,,322.0,10.0,317.0,10.0,1.0,10.0,3.6,10.0,990.2,10.0,,,79,10,0.0,10,0.0,10,,,0.0,10,0.4,,,10.0,0.9,,,10.0,2.3,10.0,4.8,10,0.0,10.0,2036.0,10.0
2008-01-12T21:00+00:00,5805,,,305.0,10.0,332.0,10.0,2.5,10.0,6.8,10.0,990.7,10.0,,,77,10,0.0,10,0.0,10,,,0.0,10,0.6,,,10.0,0.9,,,10.0,2.3,10.0,5.3,10,3.5,10.0,2133.0,10.0
2008-01-12T22:00+00:00,5805,,,306.0,10.0,314.0,10.0,2.7,10.0,8.3,10.0,991.5,10.0,,,78,10,0.0,10,0.0,10,,,0.0,10,0.6,,,10.0,0.9,,,10.0,2.3,10.0,5.5,10,4.6,10.0,2249.0,10.0
2008-01-12T23:00+00:00,5805,,,302.0,10.0,287.0,10.0,3.6,10.0,9.0,10.0,992.1,10.0,,,79,10,0.0,10,7.0,10,,,0.0,10,0.7,,,10.0,0.9,,,10.0,2.3,10.0,5.4,10,4.8,10.0,2304.0,10.0
2008-01-13T00:00+00:00,5805,,,288.0,10.0,302.0,10.0,2.8,10.0,6.4,10.0,992.6,10.0,,,87,10,0.3,10,55.0,10,,,0.0,10,0.6,,,10.0,0.9,,,10.0,2.3,10.0,4.6,10,3.5,10.0,5.0,10.0
2008-01-13T01:00+00:00,5805,,,322.0,10.0,277.0,10.0,1.3,10.0,4.7,10.0,993.1,10.0,,,89,10,0.1,10,30.0,10,,,0.0,10,0.6,,,10.0,0.9,,,10.0,2.3,10.0,4.0,10,3.0,10.0,116.0,10.0
2008-01-13T02:00+00:00,5805,,,333.0,10.0,349.0,10.0,0.9,10.0,2.5,10.0,993.6,10.0,,,91,10,0.0,10,19.0,10,,,0.0,10,0.5,,,10.0,0.9,,,10.0,2.3,10.0,3.8,10,2.3,10.0,217.0,10.0
2008-01-13T03:00+00:00,5805,,,333.0,10.0,309.0,10.0,1.1,10.0,2.7,10.0,993.6,10.0,,,91,10,0.0,10,20.0,10,,,0.0,10,0.5,,,10.0,0.9,,,10.0,2.3,10.0,3.4,10,2.3,10.0,341.0,10.0
2008-01-13T04:00+00:00,5805,,,332.0,10.0,341.0,10.0,1.1,10.0,2.5,10.0,993.8,10.0,,,92,10,0.0,10,0.0,10,,,0.0,10,0.5,,,10.0,0.9,,,10.0,2.3,10.0,3.2,10,2.0,10.0,447.0,10.0
2008-01-13T05:00+00:00,5805,,,360.0,10.0,8.0,10.0,0.6,10.0,2.4,10.0,994.3,10.0,,,92,10,0.0,10,0.0,10,,,0.0,10,0.5,,,10.0,0.9,,,10.0,2.3,10.0,3.0,10,1.6,10.0,503.0,10.0
2008-01-13T06:00+00:00,5805,,,316.0,10.0,320.0,10.0,1.0,10.0,2.8,10.0,994.7,10.0,,,92,10,0.0,10,0.0,10,,,0.0,10,0.5,,,10.0,0.9,,,10.0,2.3,10.0,3.0,10,1.7,10.0,647.0,10.0
2008-01-13T07:00+00:00,5805,,,332.0,10.0,329.0,10.0,1.1,10.0,2.7,10.0,995.1,10.0,,,92,10,0.0,10,0.0,10,,,0.0,10,0.5,,,10.0,0.9,,,10.0,2.3,10.0,3.1,10,1.8,10.0,739.0,10.0
2008-01-13T08:00+00:00,5805,,,337.0,10.0,330.0,10.0,0.7,10.0,2.5,10.0,995.5,10.0,,,92,10,0.0,10,0.0,10,,,0.0,10,0.6,,,10.0,1.0,,,10.0,2.3,10.0,3.0,10,2.0,10.0,804.0,10.0
2008-01-13T09:00+00:00,5805,,,339.0,10.0,6.0,10.0,0.8,10.0,2.5,10.0,995.8,10.0,,,92,10,0.0,10,0.0,10,,,0.0,10,0.6,,,10.0,1.0,,,10.0,2.3,10.0,3.8,10,2.6,10.0,904.0,10.0
2008-01-13T10:00+00:00,5805,,,314.0,10.0,327.0,10.0,0.9,10.0,2.7,10.0,995.7,10.0,,,85,10,0.0,10,0.0,10,,,0.0,10,0.8,,,10.0,1.0,,,10.0,2.3,10.0,5.3,10,3.8,10.0,1037.0,10.0
2008-01-13T11:00+00:00,5805,,,283.0,10.0,311.0,10.0,1.0,10.0,2.3,10.0,995.2,10.0,,,78,10,0.0,10,0.0,10,,,0.0,10,0.9,,,10.0,1.0,,,10.0,2.3,10.0,5.9,10,6.5,10.0,1109.0,10.0
2008-01-13T12:00+00:00,5805,,,20.0,10.0,3.0,10.0,0.2,10.0,2.0,10.0,994.2,10.0,,,73,10,0.0,10,0.0,10,,,0.0,10,1.0,,,10.0,1.0,,,10.0,2.3,10.0,6.2,10,6.9,10.0,1232.0,10.0
2008-01-13T13:00+00:00,5805,,,144.0,10.0,124.0,10.0,0.7,10.0,3.4,10.0,993.6,10.0,,,71,10,0.0,10,0.0,10,,,0.2,10,1.0,,,10.0,1.0,,,10.0,2.3,10.0,6.8,10,6.5,10.0,1357.0,10.0
2008-01-13T14:00+00:00,5805,,,101.0,10.0,107.0,10.0,1.9,10.0,4.2,10.0,993.4,10.0,,,73,10,0.0,10,0.0,10,,,0.5,10,1.1,,,10.0,1.1,,,10.0,2.3,10.0,6.2,10,5.7,10.0,1415.0,10.0
2008-01-13T15:00+00:00,5805,,,125.0,10.0,144.0,10.0,1.3,10.0,3.9,10.0,993.4,10.0,,,81,10,0.0,10,0.0,10,,,0.0,10,0.9,,,10.0,1.1,,,10.0,2.3,10.0,5.4,10,3.5,10.0,1518.0,10.0
2008-01-13T16:00+00:00,5805,,,71.0,10.0,129.0,10.0,0.8,10.0,2.7,10.0,993.6,10.0,,,88,10,0.0,10,0.0,10,,,0.0,10,0.7,,,10.0,1.1,,,10.0,2.4,10.0,3.2,10,-0.7,10.0,1607.0,10.0
2008-01-13T17:00+00:00,5805,,,24.0,10.0,7.0,10.0,0.9,10.0,2.6,10.0,993.6,10.0,,,91,10,0.0,10,0.0,10,,,0.0,10,0.6,,,10.0,1.1,,,10.0,2.4,10.0,1.7,10,-1.1,10.0,1719.0,10.0
2008-01-13T18:00+00:00,5805,,,7.0,10.0,359.0,10.0,1.2,10.0,2.4,10.0,993.6,10.0,,,92,10,0.0,10,0.0,10,,,0.0,10,0.5,,,10.0,1.1,,,10.0,2.4,10.0,0.7,10,-1.9,10.0,1855.0,10.0
2008-01-13T19:00+00:00,5805,,,358.0,10.0,357.0,10.0,1.3,10.0,2.7,10.0,993.7,10.0,,,92,10,0.0,10,0.0,10,,,0.0,10,0.5,,,10.0,1.1,,,10.0,2.4,10.0,1.5,10,-1.1,10.0,1930.0,10.0
2008-01-13T20:00+00:00,5805,,,353.0,10.0,2.0,10.0,1.0,10.0,3.0,10.0,993.7,10.0,,,92,10,0.0,10,0.0,10,,,0.0,10,0.6,,,10.0,1.1,,,10.0,2.4,10.0,2.4,10,0.5,10.0,2026.0,10.0
2008-01-13T21:00+00:00,5805,,,15.0,10.0,2.0,10.0,0.7,10.0,2.9,10.0,993.7,10.0,,,91,10,0.0,10,0.0,10,,,0.0,10,0.7,,,10.0,1.1,,,10.0,2.4,10.0,3.1,10,0.9,10.0,2113.0,10.0
2008-01-13T22:00+00:00,5805,,,68.0,10.0,95.0,10.0,0.9,10.0,4.3,10.0,993.2,10.0,,,88,10,0.0,10,2.0,10,,,0.0,10,0.7,,,10.0,1.1,,,10.0,2.4,10.0,3.5,10,1.6,10.0,2256.0,10.0
2008-01-13T23:00+00:00,5805,,,73.0,10.0,78.0,10.0,0.8,10.0,2.8,10.0,993.1,10.0,,,89,10,0.0,10,0.0,10,,,0.0,10,0.7,,,10.0,1.1,,,10.0,2.4,10.0,3.0,10,1.3,10.0,2359.0,10.0
2008-01-14T00:00+00:00,5805,,,86.0,10.0,115.0,10.0,1.7,10.0,4.6,10.0,992.8,10.0,,,89,10,0.0,10,0.0,10,,,0.0,10,0.8,,,10.0,1.1,,,10.0,2.4,10.0,2.8,10,2.1,10.0,50.0,10.0
2008-01-14T01:00+00:00,5805,,,61.0,10.0,106.0,10.0,1.8,10.0,4.5,10.0,992.5,10.0,,,89,10,0.0,10,0.0,10,,,0.0,10,0.8,,,10.0,1.1,,,10.0,2.4,10.0,2.5,10,2.1,10.0,109.0,10.0
2008-01-14T02:00+00:00,5805,,,77.0,10.0,123.0,10.0,1.7,10.0,4.8,10.0,992.3,10.0,,,90,10,0.0,10,0.0,10,,,0.0,10,0.8,,,10.0,1.2,,,10.0,2.4,10.0,2.2,10,1.8,10.0,256.0,10.0
2008-01-14T03:00+00:00,5805,,,78.0,10.0,119.0,10.0,1.5,10.0,5.1,10.0,991.9,10.0,,,90,10,0.0,10,0.0,10,,,0.0,10,0.8,,,10.0,1.2,,,10.0,2.4,10.0,1.9,10,1.3,10.0,400.0,10.0
2008-01-14T04:00+00:00,5805,,,33.0,10.0,132.0,10.0,1.5,10.0,3.8,10.0,991.7,10.0,,,91,10,0.0,10,0.0,10,,,0.0,10,0.8,,,10.0,1.2,,,10.0,2.5,10.0,1.6,10,0.4,10.0,412.0,10.0
2008-01-14T05:00+00:00,5805,,,6.0,10.0,37.0,10.0,1.6,10.0,3.3,10.0,991.5,10.0,,,91,10,0.0,10,0.0,10,,,0.0,10,0.8,,,10.0,1.2,,,10.0,2.5,10.0,1.2,10,-0.4,10.0,536.0,10.0
2008-01-14T06:00+00:00,5805,,,13.0,10.0,5.0,10.0,1.0,10.0,3.5,10.0,991.5,10.0,,,91,10,0.0,10,0.0,10,,,0.0,10,0.7,,,10.0,1.2,,,10.0,2.5,10.0,1.1,10,-0.6,10.0,643.0,10.0
2008-01-14T07:00+00:00,5805,,,6.0,10.0,345.0,10.0,1.6,10.0,3.3,10.0,991.3,10.0,,,91,10,0.0,10,0.0,10,,,0.0,10,0.8,,,10.0,1.2,,,10.0,2.5,10.0,1.4,10,0.6,10.0,800.0,10.0
2008-01-14T08:00+00:00,5805,,,69.0,10.0,126.0,10.0,1.4,10.0,5.2,10.0,991.1,10.0,,,89,10,0.0,10,0.0,10,,,0.0,10,0.9,,,10.0,1.2,,,10.0,2.5,10.0,1.8,10,1.0,10.0,859.0,10.0
2008-01-14T09:00+00:00,5805,,,88.0,10.0,126.0,10.0,1.7,10.0,5.3,10.0,991.4,10.0,,,89,10,0.0,10,0.0,10,,,0.0,10,0.9,,,10.0,1.2,,,10.0,2.5,10.0,1.9,10,1.8,10.0,939.0,10.0
2008-01-14T10:00+00:00,5805,,,109.0,10.0,124.0,10.0,2.4,10.0,7.2,10.0,991.0,10.0,,,91,10,0.0,10,0.0,10,,,0.0,10,1.0,,,10.0,1.3,,,10.0,2.5,10.0,2.1,10,1.8,10.0,1053.0,10.0
2008-01-14T11:00+00:00,5805,,,90.0,10.0,100.0,10.0,2.2,10.0,6.1,10.0,990.4,10.0,,,91,10,0.0,10,0.0,10,,,0.0,10,1.1,,,10.0,1.3,,,10.0,2.5,10.0,3.0,10,2.3,10.0,1126.0,10.0
2008-01-14T12:00+00:00,5805,,,91.0,10.0,103.0,10.0,2.2,10.0,6.5,10.0,989.5,10.0,,,88,10,0.0,10,0.0,10,,,0.0,10,1.3,,,10.0,1.3,,,10.0,2.5,10.0,4.1,10,3.4,10.0,1251.0,10.0
2008-01-14T13:00+00:00,5805,,,93.0,10.0,113.0,10.0,2.1,10.0,6.4,10.0,989.2,10.0,,,84,10,0.0,10,0.0,10,,,0.0,10,1.5,,,10.0,1.4,,,10.0,2.5,10.0,5.0,10,4.4,10.0,1356.0,10.0
2008-01-14T14:00+00:00,5805,,,106.0,10.0,125.0,10.0,3.9,10.0,8.9,10.0,989.1,10.0,,,83,10,0.0,10,0.0,10,,,0.0,10,1.7,,,10.0,1.4,,,10.0,2.5,10.0,5.1,10,4.8,10.0,1411.0,10.0
2008-01-14T15:00+00:00,5805,,,91.0,10.0,114.0,10.0,3.0,10.0,7.1,10.0,988.8,10.0,,,82,10,0.0,10,0.0,10,,,0.4,10,1.7,,,10.0,1.5,,,10.0,2.5,10.0,5.1,10,4.0,10.0,1512.0,10.0
2008-01-14T16:00+00:00,5805,,,99.0,10.0,98.0,10.0,2.5,10.0,6.3,10.0,989.0,10.0,,,83,10,0.0,10,0.0,10,,,0.1,10,1.7,,,10.0,1.5,,,10.0,2.5,10.0,4.1,10,2.0,10.0,1700.0,10.0
2008-01-14T17:00+00:00,5805,,,75.0,10.0,84.0,10.0,2.2,10.0,6.0,10.0,989.4,10.0,,,90,10,0.0,10,0.0,10,,,0.0,10,1.6,,,10.0,1.6,,,10.0,2.5,10.0,3.3,10,1.6,10.0,1724.0,10.0
2008-01-14T18:00+00:00,5805,,,73.0,10.0,84.0,10.0,2.4,10.0,5.4,10.0,989.8,10.0,,,91,10,0.0,10,0.0,10,,,0.0,10,1.6,,,10.0,1.6,,,10.0,2.6,10.0,3.2,10,2.3,10.0,1846.0,10.0
2008-01-14T19:00+00:00,5805,,,87.0,10.0,114.0,10.0,2.3,10.0,6.3,10.0,989.6,10.0,,,92,10,0.0,10,0.0,10,,,0.0,10,1.7,,,10.0,1.6,,,10.0,2.6,10.0,3.2,10,2.7,10.0,1945.0,10.0
2008-01-14T20:00+00:00,5805,,,85.0,10.0,119.0,10.0,2.2,10.0,6.0,10.0,989.9,10.0,,,92,10,0.0,10,0.0,10,,,0.0,10,1.8,,,10.0,1.7,,,10.0,2.6,10.0,3.4,10,2.9,10.0,2005.0,10.0
2008-01-14T21:00+00:00,5805,,,84.0,10.0,88.0,10.0,2.1,10.0,5.1,10.0,989.7,10.0,,,92,10,0.0,10,0.0,10,,,0.0,10,1.9,,,10.0,1.7,,,10.0,2.6,10.0,3.6,10,3.1,10.0,2104.0,10.0
2008-01-14T22:00+00:00,5805,,,88.0,10.0,110.0,10.0,2.7,10.0,5.3,10.0,989.8,10.0,,,92,10,0.0,10,0.0,10,,,0.0,10,1.9,,,10.0,1.8,,,10.0,2.6,10.0,3.5,10,3.2,10.0,2227.0,10.0
2008-01-14T23:00+00:00,5805,,,86.0,10.0,111.0,10.0,2.5,10.0,5.8,10.0,989.7,10.0,,,91,10,0.0,10,0.0,10,,,0.0,10,2.0,,,10.0,1.8,,,10.0,2.6,10.0,3.6,10,3.2,10.0,2317.0,10.0
2008-01-15T00:00+00:00,5805,,,92.0,10.0,118.0,10.0,2.5,10.0,5.7,10.0,989.6,10.0,,,91,10,0.0,10,0.0,10,,,0.0,10,2.1,,,10.0,1.9,,,10.0,2.6,10.0,3.3,10,3.0,10.0,7.0,10.0
2008-01-15T01:00+00:00,5805,,,79.0,10.0,127.0,10.0,2.0,10.0,4.5,10.0,989.6,10.0,,,91,10,0.0,10,0.0,10,,,0.0,10,2.1,,,10.0,1.9,,,10.0,2.6,10.0,3.1,10,2.8,10.0,116.0,10.0
2008-01-15T02:00+00:00,5805,,,83.0,10.0,93.0,10.0,1.8,10.0,4.5,10.0,989.5,10.0,,,91,10,0.0,10,0.0,10,,,0.0,10,2.1,,,10.0,1.9,,,10.0,2.6,10.0,3.1,10,2.8,10.0,203.0,10.0
2008-01-15T03:00+00:00,5805,,,81.0,10.0,130.0,10.0,1.7,10.0,4.8,10.0,989.3,10.0,,,91,10,0.0,10,0.0,10,,,0.0,10,2.1,,,10.0,2.0,,,10.0,2.7,10.0,3.0,10,2.7,10.0,336.0,10.0
2008-01-15T04:00+00:00,5805,,,77.0,10.0,125.0,10.0,1.6,10.0,3.9,10.0,989.6,10.0,,,91,10,0.0,10,0.0,10,,,0.0,10,2.1,,,10.0,2.0,,,10.0,2.7,10.0,3.0,10,2.6,10.0,413.0,10.0
2008-01-15T05:00+00:00,5805,,,67.0,10.0,104.0,10.0,1.3,10.0,3.8,10.0,989.3,10.0,,,91,10,0.0,10,0.0,10,,,0.0,10,2.1,,,10.0,2.0,,,10.0,2.7,10.0,2.8,10,2.5,10.0,544.0,10.0
2008-01-15T06:00+00:00,5805,,,54.0,10.0,113.0,10.0,1.2,10.0,2.8,10.0,990.0,10.0,,,91,10,0.0,10,0.0,10,,,0.0,10,2.1,,,10.0,2.1,,,10.0,2.7,10.0,2.7,10,2.1,10.0,608.0,10.0
2008-01-15T07:00+00:00,5805,,,14.0,10.0,29.0,10.0,0.9,10.0,3.6,10.0,990.6,10.0,,,91,10,0.0,10,0.0,10,,,0.0,10,2.2,,,10.0,2.1,,,10.0,2.7,10.0,2.7,10,2.2,10.0,703.0,10.0
2008-01-15T08:00+00:00,5805,,,353.0,10.0,342.0,10.0,0.9,10.0,2.4,10.0,990.9,10.0,,,90,10,0.0,10,0.0,10,,,0.0,10,2.2,,,10.0,2.1,,,10.0,2.7,10.0,2.7,10,2.3,10.0,825.0,10.0
2008-01-15T09:00+00:00,5805,,,75.0,10.0,142.0,10.0,0.8,10.0,3.5,10.0,990.6,10.0,,,89,10,0.0,10,0.0,10,,,0.0,10,2.3,,,10.0,2.1,,,10.0,2.7,10.0,3.1,10,2.8,10.0,922.0,10.0
2008-01-15T10:00+00:00,5805,,,81.0,10.0,122.0,10.0,1.6,10.0,4.6,10.0,990.9,10.0,,,87,10,0.0,10,0.0,10,,,0.0,10,2.4,,,10.0,2.2,,,10.0,2.8,10.0,3.2,10,3.4,10.0,1053.0,10.0
2008-01-15T11:00+00:00,5805,,,117.0,10.0,112.0,10.0,1.6,10.0,4.5,10.0,989.9,10.0,,,89,10,0.0,10,0.0,10,,,0.0,10,2.5,,,10.0,2.2,,,10.0,2.8,10.0,2.9,10,3.5,10.0,1130.0,10.0
2008-01-15T12:00+00:00,5805,,,126.0,10.0,124.0,10.0,1.5,10.0,5.3,10.0,989.5,10.0,,,89,10,0.0,10,0.0,10,,,0.0,10,2.6,,,10.0,2.3,,,10.0,2.8,10.0,2.8,10,3.2,10.0,1215.0,10.0
2008-01-15T13:00+00:00,5805,,,114.0,10.0,123.0,10.0,1.7,10.0,6.8,10.0,988.8,10.0,,,89,10,0.0,10,0.0,10,,,0.0,10,2.6,,,10.0,2.3,,,10.0,2.8,10.0,3.2,10,3.3,10.0,1353.0,10.0
2008-01-15T14:00+00:00,5805,,,108.0,10.0,124.0,10.0,3.1,10.0,7.0,10.0,988.1,10.0,,,88,10,0.0,10,0.0,10,,,0.0,10,2.6,,,10.0,2.4,,,10.0,2.8,10.0,2.9,10,3.1,10.0,1421.0,10.0
2008-01-15T15:00+00:00,5805,,,108.0,10.0,125.0,10.0,2.3,10.0,5.9,10.0,987.7,10.0,,,88,10,0.0,10,0.0,10,,,0.0,10,2.7,,,10.0,2.4,,,10.0,2.8,10.0,3.3,10,3.1,10.0,1507.0,10.0
2008-01-15T16:00+00:00,5805,,,95.0,10.0,124.0,10.0,2.0,10.0,5.0,10.0,986.7,10.0,,,87,10,0.0,10,0.0,10,,,0.0,10,2.7,,,10.0,2.5,,,10.0,2.8,10.0,4.0,10,3.2,10.0,1654.0,10.0
2008-01-15T17:00+00:00,5805,,,100.0,10.0,124.0,10.0,2.2,10.0,5.9,10.0,985.8,10.0,,,89,10,0.0,10,0.0,10,,,0.0,10,2.7,,,10.0,2.5,,,10.0,2.9,10.0,3.9,10,2.5,10.0,1754.0,10.0
2008-01-15T18:00+00:00,5805,,,100.0,10.0,92.0,10.0,2.4,10.0,6.7,10.0,985.1,10.0,,,89,10,0.0,10,0.0,10,,,0.0,10,2.6,,,10.0,2.5,,,10.0,2.9,10.0,3.6,10,2.5,10.0,1858.0,10.0
2008-01-15T19:00+00:00,5805,,,96.0,10.0,140.0,10.0,2.2,10.0,6.1,10.0,983.9,10.0,,,90,10,0.0,10,0.0,10,,,0.0,10,2.6,,,10.0,2.5,,,10.0,2.9,10.0,3.4,10,2.6,10.0,1904.0,10.0
2008-01-15T20:00+00:00,5805,,,84.0,10.0,128.0,10.0,1.4,10.0,5.8,10.0,983.4,10.0,,,91,10,0.0,10,0.0,10,,,0.0,10,2.5,,,10.0,2.5,,,10.0,2.9,10.0,2.4,10,0.4,10.0,2007.0,10.0
2008-01-15T21:00+00:00,5805,,,4.0,10.0,358.0,10.0,1.6,10.0,2.9,10.0,982.8,10.0,,,91,10,0.0,10,0.0,10,,,0.0,10,2.3,,,10.0,2.5,,,10.0,2.9,10.0,2.0,10,-0.8,10.0,2118.0,10.0
2008-01-15T22:00+00:00,5805,,,13.0,10.0,13.0,10.0,1.5,10.0,3.5,10.0,982.1,10.0,,,90,10,0.0,10,0.0,10,,,0.0,10,2.1,,,10.0,2.5,,,10.0,2.9,10.0,1.9,10,-0.9,10.0,2226.0,10.0
2008-01-15T23:00+00:00,5805,,,352.0,10.0,358.0,10.0,1.3,10.0,2.9,10.0,981.2,10.0,,,92,10,0.0,10,0.0,10,,,0.0,10,1.9,,,10.0,2.5,,,10.0,3.0,10.0,1.2,10,-2.4,10.0,2335.0,10.0
2008-01-16T00:00+00:00,5805,,,13.0,10.0,359.0,10.0,0.7,10.0,2.9,10.0,980.3,10.0,,,92,10,0.0,10,0.0,10,,,0.0,10,1.7,,,10.0,2.4,,,10.0,3.0,10.0,-0.4,10,-2.6,10.0,31.0,10.0
2008-01-16T01:00+00:00,5805,,,335.0,10.0,340.0,10.0,0.8,10.0,2.7,10.0,979.6,10.0,,,92,10,0.0,10,0.0,10,,,0.0,10,1.6,,,10.0,2.3,,,10.0,3.0,10.0,-1.1,10,-3.4,10.0,136.0,10.0
2008-01-16T02:00+00:00,5805,,,14.0,10.0,1.0,10.0,0.6,10.0,2.5,10.0,979.0,10.0,,,91,10,0.0,10,0.0,10,,,0.0,10,1.5,,,10.0,2.3,,,10.0,3.0,10.0,0.8,10,-3.5,10.0,232.0,10.0
2008-01-16T03:00+00:00,5805,,,36.0,10.0,355.0,10.0,0.5,10.0,2.7,10.0,978.1,10.0,,,91,10,0.0,10,0.0,10,,,0.0,10,1.4,,,10.0,2.2,,,10.0,3.0,10.0,1.2,10,-2.8,10.0,348.0,10.0
2008-01-16T04:00+00:00,5805,,,70.0,10.0,62.0,10.0,1.6,10.0,4.1,10.0,977.8,10.0,,,87,10,0.0,10,0.0,10,,,0.0,10,1.3,,,10.0,2.1,,,10.0,3.0,10.0,2.6,10,-3.1,10.0,450.0,10.0
2008-01-16T05:00+00:00,5805,,,357.0,10.0,60.0,10.0,0.8,10.0,3.5,10.0,977.4,10.0,,,91,10,0.0,10,0.0,10,,,0.0,10,1.2,,,10.0,2.1,,,10.0,3.0,10.0,-0.9,10,-3.1,10.0,506.0,10.0
2008-01-16T06:00+00:00,5805,,,324.0,10.0,352.0,10.0,1.1,10.0,3.3,10.0,977.4,10.0,,,91,10,0.0,10,0.0,10,,,0.0,10,1.2,,,10.0,2.0,,,10.0,3.0,10.0,-0.5,10,-2.9,10.0,644.0,10.0
2008-01-16T07:00+00:00,5805,,,307.0,10.0,317.0,10.0,1.5,10.0,2.9,10.0,977.5,10.0,,,92,10,0.0,10,0.0,10,,,0.0,10,1.1,,,10.0,2.0,,,10.0,3.0,10.0,-0.9,10,-2.4,10.0,718.0,10.0
2008-01-16T08:00+00:00,5805,,,310.0,10.0,317.0,10.0,1.3,10.0,2.4,10.0,977.8,10.0,,,91,10,0.0,10,0.0,10,,,0.0,10,1.1,,,10.0,1.9,,,10.0,3.0,10.0,-0.6,10,-2.3,10.0,831.0,10.0
2008-01-16T09:00+00:00,5805,,,319.0,10.0,342.0,10.0,1.0,10.0,2.4,10.0,978.0,10.0,,,91,10,0.0,10,0.0,10,,,0.0,10,1.2,,,10.0,1.9,,,10.0,3.0,10.0,0.5,10,-1.3,10.0,956.0,10.0
2008-01-16T10:00+00:00,5805,,,331.0,10.0,328.0,10.0,1.2,10.0,2.7,10.0,978.0,10.0,,,90,10,0.0,10,0.0,10,,,0.0,10,1.3,,,10.0,1.9,,,10.0,3.0,10.0,1.3,10,0.0,10.0,1021.0,10.0
2008-01-16T11:00+00:00,5805,,,306.0,10.0,333.0,10.0,0.9,10.0,2.2,10.0,977.4,10.0,,,83,10,0.0,10,0.0,10,,,0.5,10,1.6,,,10.0,1.9,,,10.0,3.0,10.0,4.1,10,1.2,10.0,1151.0,10.0
2008-01-16T12:00+00:00,5805,,,293.0,10.0,300.0,10.0,0.8,10.0,2.1,10.0,977.2,10.0,,,78,10,0.0,10,0.0,10,,,0.3,10,2.0,,,10.0,1.9,,,10.0,3.0,10.0,5.8,10,5.7,10.0,1237.0,10.0
2008-01-16T13:00+00:00,5805,,,295.0,10.0,294.0,10.0,1.7,10.0,4.5,10.0,977.3,10.0,,,76,10,0.0,10,0.0,10,,,0.0,10,2.3,,,10.0,1.9,,,10.0,3.0,10.0,5.6,10,5.9,10.0,1356.0,10.0
2008-01-16T14:00+00:00,5805,,,292.0,10.0,296.0,10.0,2.8,10.0,5.9,10.0,978.1,10.0,,,79,10,0.0,10,0.0,10,,,0.0,10,2.4,,,10.0,2.0,,,10.0,3.0,10.0,4.3,10,4.0,10.0,1443.0,10.0
2008-01-16T15:00+00:00,5805,,,290.0,10.0,300.0,10.0,2.4,10.0,5.9,10.0,978.7,10.0,,,82,10,0.0,10,0.0,10,,,0.0,10,2.4,,,10.0,2.1,,,10.0,3.0,10.0,3.5,10,2.5,10.0,1533.0,10.0
2008-01-16T16:00+00:00,5805,,,292.0,10.0,287.0,10.0,2.5,10.0,4.6,10.0,979.2,10.0,,,87,10,0.0,10,0.0,10,,,0.0,10,2.3,,,10.0,2.2,,,10.0,3.0,10.0,2.6,10,1.2,10.0,1634.0,10.0
2008-01-16T17:00+00:00,5805,,,304.0,10.0,293.0,10.0,1.7,10.0,3.7,10.0,979.3,10.0,,,90,10,0.0,10,0.0,10,,,0.0,10,2.1,,,10.0,2.2,,,10.0,3.0,10.0,2.0,10,-0.1,10.0,1711.0,10.0
2008-01-16T18:00+00:00,5805,,,314.0,10.0,318.0,10.0,1.2,10.0,2.8,10.0,979.9,10.0,,,92,10,0.0,10,0.0,10,,,0.0,10,2.0,,,10.0,2.2,,,10.0,3.0,10.0,1.3,10,-1.0,10.0,1802.0,10.0
2008-01-16T19:00+00:00,5805,,,317.0,10.0,325.0,10.0,1.4,10.0,3.4,10.0,980.1,10.0,,,91,10,0.0,10,0.0,10,,,0.0,10,1.8,,,10.0,2.2,,,10.0,3.0,10.0,1.0,10,-1.2,10.0,1905.0,10.0
2008-01-16T20:00+00:00,5805,,,335.0,10.0,340.0,10.0,1.1,10.0,3.1,10.0,981.0,10.0,,,92,10,0.0,10,0.0,10,,,0.0,10,1.7,,,10.0,2.2,,,10.0,3.0,10.0,0.3,10,-1.4,10.0,2045.0,10.0
2008-01-16T21:00+00:00,5805,,,311.0,10.0,333.0,10.0,1.3,10.0,3.8,10.0,981.6,10.0,,,92,10,0.0,10,0.0,10,,,0.0,10,1.6,,,10.0,2.1,,,10.0,3.0,10.0,0.4,10,-1.1,10.0,2140.0,10.0
2008-01-16T22:00+00:00,5805,,,347.0,10.0,354.0,10.0,1.3,10.0,3.2,10.0,981.9,10.0,,,92,10,0.0,10,0.0,10,,,0.0,10,1.6,,,10.0,2.1,,,10.0,3.0,10.0,0.9,10,-0.7,10.0,2255.0,10.0
2008-01-16T23:00+00:00,5805,,,333.0,10.0,355.0,10.0,1.1,10.0,3.1,10.0,982.3,10.0,,,92,10,0.0,10,0.0,10,,,0.0,10,1.6,,,10.0,2.1,,,10.0,3.0,10.0,0.8,10,-0.2,10.0,2340.0,10.0
2008-01-17T00:00+00:00,5805,,,322.0,10.0,332.0,10.0,1.2,10.0,3.3,10.0,982.6,10.0,,,92,10,0.0,10,0.0,10,,,0.0,10,1.6,,,10.0,2.1,,,10.0,3.0,10.0,1.4,10,-0.1,10.0,49.0,10.0
2008-01-17T01:00+00:00,5805,,,319.0,10.0,341.0,10.0,1.0,10.0,3.0,10.0,983.2,10.0,,,92,10,0.0,10,0.0,10,,,0.0,10,1.6,,,10.0,2.0,,,10.0,3.0,10.0,1.1,10,0.4,10.0,200.0,10.0
2008-01-17T02:00+00:00,5805,,,329.0,10.0,345.0,10.0,0.9,10.0,2.6,10.0,983.3,10.0,,,92,10,0.0,10,3.0,10,,,0.0,10,1.6,,,10.0,2.0,,,10.0,3.0,10.0,1.2,10,0.4,10.0,244.0,10.0
2008-01-17T03:00+00:00,5805,,,326.0,10.0,359.0,10.0,0.8,10.0,2.8,10.0,984.0,10.0,,,92,10,0.0,10,0.0,10,,,0.0,10,1.6,,,10.0,2.0,,,10.0,3.0,10.0,1.6,10,0.6,10.0,341.0,10.0
2008-01-17T04:00+00:00,5805,,,318.0,10.0,342.0,10.0,0.8,10.0,2.4,10.0,984.4,10.0,,,92,10,0.0,10,0.0,10,,,0.0,10,1.7,,,10.0,2.0,,,10.0,3.0,10.0,1.8,10,1.1,10.0,457.0,10.0
2008-01-17T05:00+00:00,5805,,,322.0,10.0,330.0,10.0,1.0,10.0,3.1,10.0,985.5,10.0,,,92,10,0.0,10,0.0,10,,,0.0,10,1.8,,,10.0,2.0,,,10.0,3.0,10.0,2.1,10,1.4,10.0,515.0,10.0
2008-01-17T06:00+00:00,5805,,,319.0,10.0,355.0,10.0,0.7,10.0,2.7,10.0,986.4,10.0,,,92,10,0.0,10,0.0,10,,,0.0,10,1.8,,,10.0,2.0,,,10.0,3.0,10.0,2.5,10,1.4,10.0,647.0,10.0
2008-01-17T07:00+00:00,5805,,,335.0,10.0,336.0,10.0,1.0,10.0,2.6,10.0,987.4,10.0,,,92,10,0.0,10,0.0,10,,,0.0,10,1.9,,,10.0,2.1,,,10.0,3.0,10.0,2.7,10,1.7,10.0,726.0,10.0
2008-01-17T08:00+00:00,5805,,,308.0,10.0,288.0,10.0,1.5,10.0,4.4,10.0,988.0,10.0,,,92,10,0.0,10,0.0,10,,,0.0,10,2.0,,,10.0,2.1,,,10.0,3.0,10.0,3.3,10,2.2,10.0,840.0,10.0
2008-01-17T09:00+00:00,5805,,,13.0,10.0,6.0,10.0,0.7,10.0,2.3,10.0,988.9,10.0,,,90,10,0.0,10,0.0,10,,,0.3,10,2.2,,,10.0,2.1,,,10.0,3.0,10.0,3.6,10,2.6,10.0,911.0,10.0
2008-01-17T10:00+00:00,5805,,,277.0,10.0,290.0,10.0,1.2,10.0,3.4,10.0,989.5,10.0,,,80,10,0.0,10,0.0,10,,,1.0,10,2.6,,,10.0,2.2,,,10.0,3.0,10.0,5.2,10,4.3,10.0,1026.0,10.0
2008-01-17T11:00+00:00,5805,,,283.0,10.0,285.0,10.0,1.6,10.0,3.6,10.0,989.6,10.0,,,76,10,0.0,10,0.0,10,,,0.3,10,3.0,,,10.0,2.3,,,10.0,3.0,10.0,6.3,10,7.1,10.0,1129.0,10.0
2008-01-17T12:00+00:00,5805,,,319.0,10.0,316.0,10.0,0.8,10.0,3.6,10.0,989.6,10.0,,,76,10,0.0,10,0.0,10,,,0.0,10,3.2,,,10.0,2.4,,,10.0,3.0,10.0,6.3,10,6.8,10.0,1218.0,10.0
2008-01-17T13:00+00:00,5805,,,78.0,10.0,65.0,10.0,0.9,10.0,2.6,10.0,990.0,10.0,,,83,10,0.0,10,27.0,10,,,0.0,10,3.3,,,10.0,2.5,,,10.0,3.0,10.0,5.7,10,5.6,10.0,1301.0,10.0
2008-01-17T14:00+00:00,5805,,,102.0,10.0,109.0,10.0,1.0,10.0,2.8,10.0,990.5,10.0,,,89,10,0.3,10,57.0,10,,,0.0,10,3.3,,,10.0,2.6,,,10.0,3.0,10.0,5.2,10,4.9,10.0,1403.0,10.0
2008-01-17T15:00+00:00,5805,,,53.0,10.0,89.0,10.0,0.4,10.0,2.2,10.0,990.7,10.0,,,91,10,0.1,10,41.0,10,,,0.0,10,3.3,,,10.0,2.7,,,10.0,3.0,10.0,4.8,10,4.2,10.0,1527.0,10.0
2008-01-17T16:00+00:00,5805,,,58.0,10.0,110.0,10.0,0.5,10.0,2.0,10.0,991.0,10.0,,,91,10,0.1,10,50.0,10,,,0.0,10,3.3,,,10.0,2.8,,,10.0,3.0,10.0,4.7,10,3.8,10.0,1616.0,10.0
2008-01-17T17:00+00:00,5805,,,88.0,10.0,82.0,10.0,1.3,10.0,3.9,10.0,991.0,10.0,,,91,10,0.0,10,15.0,10,,,0.0,10,3.2,,,10.0,2.8,,,10.0,3.0,10.0,4.3,10,3.6,10.0,1749.0,10.0
2008-01-17T18:00+00:00,5805,,,85.0,10.0,80.0,10.0,1.7,10.0,3.9,10.0,991.1,10.0,,,92,10,0.0,10,0.0,10,,,0.0,10,3.2,,,10.0,2.8,,,10.0,3.1,10.0,4.2,10,3.6,10.0,1834.0,10.0
2008-01-17T19:00+00:00,5805,,,85.0,10.0,108.0,10.0,1.9,10.0,4.7,10.0,991.3,10.0,,,92,10,0.0,10,0.0,10,,,0.0,10,3.2,,,10.0,2.9,,,10.0,3.1,10.0,4.0,10,3.6,10.0,1938.0,10.0
2008-01-17T20:00+00:00,5805,,,79.0,10.0,87.0,10.0,1.5,10.0,3.6,10.0,990.8,10.0,,,92,10,0.0,10,2.0,10,,,0.0,10,3.2,,,10.0,2.9,,,10.0,3.1,10.0,4.1,10,3.6,10.0,2043.0,10.0
2008-01-17T21:00+00:00,5805,,,90.0,10.0,112.0,10.0,1.7,10.0,4.9,10.0,990.6,10.0,,,92,10,0.0,10,0.0,10,,,0.0,10,3.2,,,10.0,2.9,,,10.0,3.1,10.0,4.3,10,3.7,10.0,2157.0,10.0
2008-01-17T22:00+00:00,5805,,,97.0,10.0,122.0,10.0,2.6,10.0,6.2,10.0,989.8,10.0,,,92,10,0.0,10,3.0,10,,,0.0,10,3.2,,,10.0,2.9,,,10.0,3.1,10.0,3.7,10,3.4,10.0,2252.0,10.0
2008-01-17T23:00+00:00,5805,,,94.0,10.0,112.0,10.0,2.4,10.0,6.9,10.0,989.2,10.0,,,92,10,0.0,10,0.0,10,,,0.0,10,3.1,,,10.0,3.0,,,10.0,3.1,10.0,3.4,10,3.2,10.0,2353.0,10.0
2008-01-18T00:00+00:00,5805,,,68.0,10.0,144.0,10.0,1.7,10.0,6.5,10.0,988.3,10.0,,,92,10,0.0,10,0.0,10,,,0.0,10,3.1,,,10.0,3.0,,,10.0,3.2,10.0,3.7,10,3.2,10.0,2.0,10.0
2008-01-18T01:00+00:00,5805,,,64.0,10.0,46.0,10.0,1.8,10.0,5.6,10.0,988.1,10.0,,,92,10,0.0,10,0.0,10,,,0.0,10,3.2,,,10.0,3.0,,,10.0,3.2,10.0,4.0,10,3.5,10.0,142.0,10.0
2008-01-18T02:00+00:00,5805,,,86.0,10.0,90.0,10.0,2.1,10.0,5.7,10.0,987.5,10.0,,,92,10,0.0,10,0.0,10,,,0.0,10,3.2,,,10.0,3.0,,,10.0,3.2,10.0,4.2,10,3.7,10.0,229.0,10.0
2008-01-18T03:00+00:00,5805,,,88.0,10.0,53.0,10.0,1.7,10.0,5.5,10.0,986.9,10.0,,,91,10,0.0,10,0.0,10,,,0.0,10,3.2,,,10.0,3.0,,,10.0,3.2,10.0,4.4,10,3.8,10.0,347.0,10.0
2008-01-18T04:00+00:00,5805,,,94.0,10.0,95.0,10.0,1.8,10.0,4.4,10.0,987.0,10.0,,,91,10,0.0,10,0.0,10,,,0.0,10,3.2,,,10.0,3.0,,,10.0,3.2,10.0,4.4,10,3.5,10.0,444.0,10.0
2008-01-18T05:00+00:00,5805,,,93.0,10.0,152.0,10.0,1.5,10.0,4.7,10.0,987.5,10.0,,,92,10,0.0,10,0.0,10,,,0.0,10,3.2,,,10.0,3.1,,,10.0,3.2,10.0,4.1,10,3.2,10.0,504.0,10.0
2008-01-18T06:00+00:00,5805,,,310.0,10.0,296.0,10.0,0.9,10.0,3.3,10.0,988.9,10.0,,,92,10,0.0,10,0.0,10,,,0.0,10,3.2,,,10.0,3.1,,,10.0,3.3,10.0,4.2,10,2.6,10.0,657.0,10.0
2008-01-18T07:00+00:00,5805,,,295.0,10.0,304.0,10.0,2.7,10.0,8.5,10.0,990.5,10.0,,,89,10,0.0,10,0.0,10,,,0.0,10,3.1,,,10.0,3.1,,,10.0,3.3,10.0,4.1,10,2.2,10.0,716.0,10.0
2008-01-18T08:00+00:00,5805,,,301.0,10.0,290.0,10.0,3.0,10.0,8.0,10.0,990.8,10.0,,,80,10,0.0,10,9.0,10,,,0.0,10,3.2,,,10.0,3.1,,,10.0,3.3,10.0,5.0,10,2.9,10.0,835.0,10.0
2008-01-18T09:00+00:00,5805,,,307.0,10.0,316.0,10.0,1.8,10.0,5.2,10.0,991.3,10.0,,,80,10,0.0,10,7.0,10,,,0.0,10,3.3,,,10.0,3.1,,,10.0,3.3,10.0,5.4,10,4.5,10.0,904.0,10.0
2008-01-18T10:00+00:00,5805,,,317.0,10.0,324.0,10.0,2.0,10.0,7.1,10.0,992.0,10.0,,,70,10,0.0,10,0.0,10,,,0.2,10,3.7,,,10.0,3.1,,,10.0,3.3,10.0,8.4,10,5.4,10.0,1039.0,10.0
2008-01-18T11:00+00:00,5805,,,302.0,10.0,307.0,10.0,4.3,10.0,10.8,10.0,992.6,10.0,,,65,10,0.0,10,0.0,10,,,0.4,10,4.2,,,10.0,3.2,,,10.0,3.3,10.0,9.2,10,9.8,10.0,1125.0,10.0
2008-01-18T12:00+00:00,5805,,,286.0,10.0,279.0,10.0,4.1,10.0,9.0,10.0,992.8,10.0,,,63,10,0.0,10,0.0,10,,,0.5,10,4.6,,,10.0,3.3,,,10.0,3.3,10.0,9.7,10,9.7,10.0,1202.0,10.0
2008-01-18T13:00+00:00,5805,,,287.0,10.0,297.0,10.0,4.1,10.0,8.7,10.0,992.8,10.0,,,63,10,0.0,10,0.0,10,,,0.7,10,5.1,,,10.0,3.5,,,10.0,3.4,10.0,9.8,10,8.9,10.0,1326.0,10.0
2008-01-18T14:00+00:00,5805,,,289.0,10.0,302.0,10.0,4.7,10.0,12.1,10.0,993.9,10.0,,,66,10,0.0,10,8.0,10,,,0.7,10,5.4,,,10.0,3.6,,,10.0,3.4,10.0,9.3,10,8.9,10.0,1445.0,10.0
2008-01-18T15:00+00:00,5805,,,288.0,10.0,282.0,10.0,4.6,10.0,11.1,10.0,994.8,10.0,,,68,10,0.0,10,2.0,10,,,0.0,10,5.2,,,10.0,3.8,,,10.0,3.4,10.0,8.5,10,7.8,10.0,1509.0,10.0
2008-01-18T16:00+00:00,5805,,,286.0,10.0,266.0,10.0,3.9,10.0,8.3,10.0,995.5,10.0,,,72,10,0.0,10,2.0,10,,,0.0,10,5.0,,,10.0,3.9,,,10.0,3.4,10.0,7.6,10,6.8,10.0,1601.0,10.0
2008-01-18T17:00+00:00,5805,,,278.0,10.0,314.0,10.0,2.9,10.0,6.4,10.0,996.0,10.0,,,71,10,0.0,10,2.0,10,,,0.0,10,4.9,,,10.0,3.9,,,10.0,3.4,10.0,7.6,10,6.6,10.0,1702.0,10.0
2008-01-18T18:00+00:00,5805,,,286.0,10.0,280.0,10.0,2.8,10.0,5.7,10.0,996.5,10.0,,,74,10,0.0,10,4.0,10,,,0.0,10,4.7,,,10.0,4.0,,,10.0,3.5,10.0,7.2,10,6.1,10.0,1807.0,10.0
2008-01-18T19:00+00:00,5805,,,290.0,10.0,328.0,10.0,3.1,10.0,6.5,10.0,997.1,10.0,,,73,10,0.0,10,0.0,10,,,0.0,10,4.6,,,10.0,4.0,,,10.0,3.5,10.0,7.4,10,5.6,10.0,1933.0,10.0
2008-01-18T20:00+00:00,5805,,,306.0,10.0,309.0,10.0,2.1,10.0,6.4,10.0,997.5,10.0,,,73,10,0.0,10,0.0,10,,,0.0,10,4.6,,,10.0,4.0,,,10.0,3.5,10.0,7.6,10,6.2,10.0,2011.0,10.0
2008-01-18T21:00+00:00,5805,,,302.0,10.0,322.0,10.0,1.7,10.0,4.1,10.0,997.7,10.0,,,79,10,0.0,10,14.0,10,,,0.0,10,4.5,,,10.0,4.0,,,10.0,3.6,10.0,7.1,10,5.3,10.0,2104.0,10.0
2008-01-18T22:00+00:00,5805,,,302.0,10.0,320.0,10.0,0.2,10.0,3.0,10.0,997.5,10.0,,,85,10,0.0,10,4.0,10,,,0.0,10,4.4,,,10.0,4.0,,,10.0,3.6,10.0,6.1,10,4.3,10.0,2219.0,10.0
2008-01-18T23:00+00:00,5805,,,360.0,10.0,14.0,10.0,0.2,10.0,1.5,10.0,997.3,10.0,,,90,10,0.0,10,0.0,10,,,0.0,10,4.2,,,10.0,4.0,,,10.0,3.6,10.0,4.8,10,2.0,10.0,2357.0,10.0
2008-01-19T00:00+00:00,5805,,,346.0,10.0,351.0,10.0,0.5,10.0,1.9,10.0,997.0,10.0,,,91,10,0.0,10,3.0,10,,,0.0,10,4.0,,,10.0,4.0,,,10.0,3.6,10.0,4.0,10,2.1,10.0,53.0,10.0
2008-01-19T01:00+00:00,5805,,,22.0,10.0,22.0,10.0,0.5,10.0,2.2,10.0,996.9,10.0,,,91,10,0.0,10,51.0,10,,,0.0,10,4.0,,,10.0,3.9,,,10.0,3.7,10.0,4.3,10,3.0,10.0,117.0,10.0
2008-01-19T02:00+00:00,5805,,,350.0,10.0,344.0,10.0,0.5,10.0,2.0,10.0,996.9,10.0,,,91,10,0.7,10,60.0,10,,,0.0,10,4.0,,,10.0,3.9,,,10.0,3.7,10.0,4.6,10,3.8,10.0,222.0,10.0
2008-01-19T03:00+00:00,5805,,,7.0,10.0,312.0,10.0,0.3,10.0,2.1,10.0,996.2,10.0,,,91,10,1.4,10,60.0,10,,,0.0,10,4.0,,,10.0,3.9,,,10.0,3.7,10.0,4.8,10,4.1,10.0,355.0,10.0
2008-01-19T04:00+00:00,5805,,,332.0,10.0,9.0,10.0,0.4,10.0,1.5,10.0,995.8,10.0,,,91,10,1.2,10,60.0,10,,,0.0,10,4.0,,,10.0,3.9,,,10.0,3.7,10.0,4.9,10,4.3,10.0,427.0,10.0
2008-01-19T05:00+00:00,5805,,,42.0,10.0,10.0,10.0,0.2,10.0,2.1,10.0,994.9,10.0,,,91,10,1.5,10,60.0,10,,,0.0,10,4.0,,,10.0,3.9,,,10.0,3.7,10.0,5.3,10,4.3,10.0,529.0,10.0
2008-01-19T06:00+00:00,5805,,,304.0,10.0,296.0,10.0,2.1,10.0,8.6,10.0,994.9,10.0,,,91,10,3.4,10,59.0,10,,,0.0,10,4.3,,,10.0,3.9,,,10.0,3.8,10.0,8.6,10,4.9,10.0,650.0,10.0
2008-01-19T07:00+00:00,5805,,,299.0,10.0,293.0,10.0,3.7,10.0,9.7,10.0,995.3,10.0,,,85,10,0.2,10,20.0,10,,,0.0,10,4.5,,,10.0,3.9,,,10.0,3.8,10.0,9.2,10,7.6,10.0,746.0,10.0
2008-01-19T08:00+00:00,5805,,,296.0,10.0,301.0,10.0,3.5,10.0,8.4,10.0,995.2,10.0,,,89,10,1.9,10,57.0,10,,,0.0,10,4.7,,,10.0,4.0,,,10.0,3.8,10.0,8.9,10,7.8,10.0,830.0,10.0
2008-01-19T09:00+00:00,5805,,,301.0,10.0,312.0,10.0,4.5,10.0,10.8,10.0,995.4,10.0,,,86,10,1.7,10,43.0,10,,,0.0,10,5.0,,,10.0,4.0,,,10.0,3.8,10.0,9.6,10,8.2,10.0,927.0,10.0
2008-01-19T10:00+00:00,5805,,,297.0,10.0,283.0,10.0,5.5,10.0,14.1,10.0,995.8,10.0,,,80,10,0.1,10,6.0,10,,,0.0,10,5.3,,,10.0,4.1,,,10.0,3.8,10.0,10.5,10,8.7,10.0,1050.0,10.0
2008-01-19T11:00+00:00,5805,,,293.0,10.0,265.0,10.0,6.0,10.0,13.9,10.0,995.8,10.0,,,77,10,0.0,10,0.0,10,,,0.0,10,5.5,,,10.0,4.3,,,10.0,3.8,10.0,10.9,10,9.6,10.0,1135.0,10.0
2008-01-19T12:00+00:00,5805,,,286.0,10.0,307.0,10.0,5.8,10.0,13.8,10.0,995.7,10.0,,,74,10,0.0,10,0.0,10,,,0.0,10,5.8,,,10.0,4.4,,,10.0,3.9,10.0,11.1,10,9.9,10.0,1212.0,10.0
2008-01-19T13:00+00:00,5805,,,284.0,10.0,294.0,10.0,6.3,10.0,12.9,10.0,995.7,10.0,,,71,10,0.0,10,0.0,10,,,0.0,10,6.0,,,10.0,4.5,,,10.0,3.9,10.0,11.5,10,10.6,10.0,1311.0,10.0
2008-01-19T14:00+00:00,5805,,,289.0,10.0,294.0,10.0,6.3,10.0,13.4,10.0,996.2,10.0,,,68,10,0.0,10,0.0,10,,,0.0,10,6.2,,,10.0,4.6,,,10.0,3.9,10.0,11.8,10,11.5,10.0,1500.0,10.0
2008-01-19T15:00+00:00,5805,,,289.0,10.0,266.0,10.0,6.4,10.0,15.2,10.0,996.3,10.0,,,68,10,0.0,10,0.0,10,,,0.0,10,6.3,,,10.0,4.8,,,10.0,3.9,10.0,11.8,10,11.0,10.0,1501.0,10.0
2008-01-19T16:00+00:00,5805,,,289.0,10.0,321.0,10.0,6.7,10.0,13.5,10.0,996.5,10.0,,,62,10,0.0,10,0.0,10,,,0.0,10,6.3,,,10.0,4.9,,,10.0,3.9,10.0,12.3,10,11.0,10.0,1602.0,10.0
2008-01-19T17:00+00:00,5805,,,290.0,10.0,291.0,10.0,6.1,10.0,14.7,10.0,996.9,10.0,,,62,10,0.0,10,0.0,10,,,0.0,10,6.4,,,10.0,5.0,,,10.0,4.0,10.0,12.3,10,11.1,10.0,1701.0,10.0
2008-01-19T18:00+00:00,5805,,,300.0,10.0,316.0,10.0,5.2,10.0,12.4,10.0,997.0,10.0,,,60,10,0.0,10,0.0,10,,,0.0,10,6.4,,,10.0,5.1,,,10.0,4.0,10.0,12.5,10,10.7,10.0,1837.0,10.0
2008-01-19T19:00+00:00,5805,,,298.0,10.0,295.0,10.0,6.0,10.0,13.4,10.0,997.4,10.0,,,60,10,0.0,10,0.0,10,,,0.0,10,6.4,,,10.0,5.1,,,10.0,4.0,10.0,12.5,10,11.3,10.0,1932.0,10.0
2008-01-19T20:00+00:00,5805,,,293.0,10.0,287.0,10.0,5.6,10.0,12.8,10.0,997.1,10.0,,,59,10,0.0,10,0.0,10,,,0.0,10,6.4,,,10.0,5.2,,,10.0,4.1,10.0,12.2,10,10.9,10.0,2032.0,10.0
2008-01-19T21:00+00:00,5805,,,293.0,10.0,268.0,10.0,5.9,10.0,13.6,10.0,997.1,10.0,,,56,10,0.0,10,0.0,10,,,0.0,10,6.5,,,10.0,5.2,,,10.0,4.1,10.0,12.5,10,11.3,10.0,2156.0,10.0
2008-01-19T22:00+00:00,5805,,,293.0,10.0,298.0,10.0,6.0,10.0,15.6,10.0,997.4,10.0,,,55,10,0.0,10,2.0,10,,,0.0,10,6.5,,,10.0,5.3,,,10.0,4.1,10.0,12.2,10,11.0,10.0,2253.0,10.0
2008-01-19T23:00+00:00,5805,,,294.0,10.0,306.0,10.0,5.9,10.0,15.2,10.0,997.7,10.0,,,55,10,0.0,10,0.0,10,,,0.0,10,6.5,,,10.0,5.3,,,10.0,4.2,10.0,12.0,10,11.0,10.0,2337.0,10.0
2008-01-20T00:00+00:00,5805,,,287.0,10.0,283.0,10.0,6.2,10.0,15.4,10.0,997.5,10.0,,,53,10,0.0,10,0.0,10,,,0.0,10,6.5,,,10.0,5.4,,,10.0,4.2,10.0,12.5,10,11.2,10.0,5.0,10.0
2008-01-20T01:00+00:00,5805,,,287.0,10.0,286.0,10.0,7.0,10.0,16.3,10.0,997.9,10.0,,,53,10,0.0,10,0.0,10,,,0.0,10,6.5,,,10.0,5.4,,,10.0,4.3,10.0,12.3,10,11.5,10.0,103.0,10.0
2008-01-20T02:00+00:00,5805,,,288.0,10.0,270.0,10.0,6.5,10.0,13.5,10.0,998.3,10.0,,,61,10,0.0,10,7.0,10,,,0.0,10,6.5,,,10.0,5.4,,,10.0,4.3,10.0,11.3,10,9.3,10.0,231.0,10.0
2008-01-20T03:00+00:00,5805,,,287.0,10.0,283.0,10.0,5.5,10.0,12.2,10.0,998.3,10.0,,,60,10,0.2,10,10.0,10,,,0.0,10,6.5,,,10.0,5.5,,,10.0,4.3,10.0,11.3,10,8.1,10.0,327.0,10.0
2008-01-20T04:00+00:00,5805,,,287.0,10.0,287.0,10.0,5.9,10.0,13.9,10.0,998.2,10.0,,,59,10,0.0,10,0.0,10,,,0.0,10,6.5,,,10.0,5.5,,,10.0,4.4,10.0,11.4,10,9.5,10.0,449.0,10.0
2008-01-20T05:00+00:00,5805,,,287.0,10.0,287.0,10.0,6.2,10.0,13.3,10.0,997.6,10.0,,,58,10,0.0,10,0.0,10,,,0.0,10,6.5,,,10.0,5.5,,,10.0,4.4,10.0,11.7,10,10.4,10.0,540.0,10.0
2008-01-20T06:00+00:00,5805,,,288.0,10.0,282.0,10.0,6.5,10.0,14.6,10.0,997.7,10.0,,,59,10,0.0,10,0.0,10,,,0.0,10,6.5,,,10.0,5.5,,,10.0,4.4,10.0,11.5,10,10.1,10.0,618.0,10.0
2008-01-20T07:00+00:00,5805,,,293.0,10.0,299.0,10.0,5.0,10.0,13.7,10.0,997.9,10.0,,,59,10,0.0,10,0.0,10,,,0.0,10,6.5,,,10.0,5.5,,,10.0,4.5,10.0,11.4,10,10.1,10.0,701.0,10.0
2008-01-20T08:00+00:00,5805,,,297.0,10.0,289.0,10.0,5.1,10.0,13.1,10.0,997.9,10.0,,,59,10,0.0,10,0.0,10,,,0.0,10,6.5,,,10.0,5.6,,,10.0,4.5,10.0,11.5,10,9.9,10.0,830.0,10.0
2008-01-20T09:00+00:00,5805,,,289.0,10.0,267.0,10.0,4.9,10.0,12.6,10.0,998.1,10.0,,,59,10,0.0,10,0.0,10,,,0.0,10,6.5,,,10.0,5.6,,,10.0,4.5,10.0,11.3,10,10.3,10.0,955.0,10.0
2008-01-20T10:00+00:00,5805,,,282.0,10.0,288.0,10.0,5.4,10.0,12.4,10.0,998.0,10.0,,,57,10,0.0,10,0.0,10,,,0.0,10,6.6,,,10.0,5.6,,,10.0,4.5,10.0,11.7,10,10.8,10.0,1010.0,10.0
2008-01-20T11:00+00:00,5805,,,287.0,10.0,282.0,10.0,6.0,10.0,14.0,10.0,997.8,10.0,,,55,10,0.0,10,0.0,10,,,0.9,10,6.9,,,10.0,5.6,,,10.0,4.6,10.0,12.0,10,11.7,10.0,1124.0,10.0
2008-01-20T12:00+00:00,5805,,,288.0,10.0,296.0,10.0,5.8,10.0,13.8,10.0,996.9,10.0,,,53,10,0.0,10,0.0,10,,,1.0,10,7.2,,,10.0,5.7,,,10.0,4.6,10.0,12.7,10,12.7,10.0,1252.0,10.0
2008-01-20T13:00+00:00,5805,,,297.0,10.0,294.0,10.0,5.9,10.0,13.0,10.0,996.6,10.0,,,54,10,0.0,10,0.0,10,,,0.9,10,7.3,,,10.0,5.8,,,10.0,4.6,10.0,12.5,10,12.8,10.0,1341.0,10.0
2008-01-20T14:00+00:00,5805,,,296.0,10.0,324.0,10.0,5.5,10.0,12.8,10.0,996.2,10.0,,,54,10,0.0,10,0.0,10,,,0.1,10,7.2,,,10.0,5.9,,,10.0,4.6,10.0,12.4,10,11.9,10.0,1423.0,10.0
2008-01-20T15:00+00:00,5805,,,295.0,10.0,283.0,10.0,5.6,10.0,12.5,10.0,995.9,10.0,,,54,10,0.0,10,0.0,10,,,0.0,10,7.2,,,10.0,5.9,,,10.0,4.7,10.0,12.1,10,10.8,10.0,1506.0,10.0
2008-01-20T16:00+00:00,5805,,,292.0,10.0,321.0,10.0,6.1,10.0,12.1,10.0,995.6,10.0,,,53,10,0.0,10,0.0,10,,,0.0,10,7.0,,,10.0,6.0,,,10.0,4.7,10.0,12.1,10,10.5,10.0,1631.0,10.0
2008-01-20T17:00+00:00,5805,,,293.0,10.0,292.0,10.0,5.7,10.0,11.2,10.0,995.7,10.0,,,53,10,0.0,10,0.0,10,,,0.0,10,6.9,,,10.0,6.0,,,10.0,4.7,10.0,11.8,10,10.0,10.0,1710.0,10.0
2008-01-20T18:00+00:00,5805,,,292.0,10.0,290.0,10.0,5.6,10.0,11.4,10.0,995.5,10.0,,,54,10,0.0,10,0.0,10,,,0.0,10,6.8,,,10.0,6.0,,,10.0,4.8,10.0,11.7,10,10.2,10.0,1826.0,10.0
2008-01-20T19:00+00:00,5805,,,303.0,10.0,291.0,10.0,3.6,10.0,8.3,10.0,995.1,10.0,,,54,10,0.0,10,0.0,10,,,0.0,10,6.7,,,10.0,6.0,,,10.0,4.8,10.0,11.6,10,9.4,10.0,1912.0,10.0
2008-01-20T20:00+00:00,5805,,,292.0,10.0,289.0,10.0,5.6,10.0,11.9,10.0,994.7,10.0,,,53,10,0.0,10,0.0,10,,,0.0,10,6.7,,,10.0,6.0,,,10.0,4.8,10.0,11.9,10,9.7,10.0,2020.0,10.0
2008-01-20T21:00+00:00,5805,,,292.0,10.0,284.0,10.0,5.5,10.0,12.2,10.0,995.0,10.0,,,55,10,0.0,10,0.0,10,,,0.0,10,6.6,,,10.0,5.9,,,10.0,4.8,10.0,11.4,10,9.5,10.0,2117.0,10.0
2008-01-20T22:00+00:00,5805,,,293.0,10.0,285.0,10.0,5.9,10.0,12.0,10.0,994.7,10.0,,,58,10,0.0,10,0.0,10,,,0.0,10,6.6,,,10.0,5.9,,,10.0,4.9,10.0,11.0,10,9.1,10.0,2208.0,10.0
2008-01-20T23:00+00:00,5805,,,292.0,10.0,284.0,10.0,5.7,10.0,13.2,10.0,994.3,10.0,,,57,10,0.0,10,0.0,10,,,0.0,10,6.5,,,10.0,5.9,,,10.0,4.9,10.0,11.1,10,9.0,10.0,2323.0,10.0
2008-01-21T00:00+00:00,5805,,,298.0,10.0,288.0,10.0,4.7,10.0,11.5,10.0,994.3,10.0,,,58,10,0.0,10,0.0,10,,,0.0,10,6.4,,,10.0,5.9,,,10.0,4.9,10.0,10.6,10,8.5,10.0,59.0,10.0
2008-01-21T01:00+00:00,5805,,,302.0,10.0,294.0,10.0,4.7,10.0,10.7,10.0,994.1,10.0,,,60,10,0.0,10,0.0,10,,,0.0,10,6.3,,,10.0,5.8,,,10.0,4.9,10.0,10.2,10,8.2,10.0,119.0,10.0
2008-01-21T02:00+00:00,5805,,,296.0,10.0,294.0,10.0,5.2,10.0,12.0,10.0,993.7,10.0,,,60,10,0.0,10,0.0,10,,,0.0,10,6.2,,,10.0,5.8,,,10.0,5.0,10.0,10.0,10,7.9,10.0,257.0,10.0
2008-01-21T03:00+00:00,5805,,,298.0,10.0,288.0,10.0,5.1,10.0,11.3,10.0,993.2,10.0,,,60,10,0.0,10,0.0,10,,,0.0,10,6.2,,,10.0,5.8,,,10.0,5.0,10.0,9.9,10,8.0,10.0,305.0,10.0
2008-01-21T04:00+00:00,5805,,,308.0,10.0,311.0,10.0,4.6,10.0,9.9,10.0,993.3,10.0,,,61,10,0.0,10,0.0,10,,,0.0,10,6.1,,,10.0,5.7,,,10.0,5.0,10.0,9.6,10,8.0,10.0,409.0,10.0
2008-01-21T05:00+00:00,5805,,,308.0,10.0,319.0,10.0,5.0,10.0,11.9,10.0,993.2,10.0,,,63,10,0.0,10,0.0,10,,,0.0,10,6.0,,,10.0,5.7,,,10.0,5.0,10.0,9.1,10,7.6,10.0,525.0,10.0
2008-01-21T06:00+00:00,5805,,,308.0,10.0,310.0,10.0,4.7,10.0,9.7,10.0,993.2,10.0,,,63,10,0.0,10,0.0,10,,,0.0,10,6.0,,,10.0,5.7,,,10.0,5.0,10.0,8.9,10,7.5,10.0,651.0,10.0
2008-01-21T07:00+00:00,5805,,,307.0,10.0,309.0,10.0,4.4,10.0,10.2,10.0,993.3,10.0,,,65,10,0.0,10,0.0,10,,,0.0,10,5.9,,,10.0,5.6,,,10.0,5.0,10.0,8.6,10,6.8,10.0,715.0,10.0
2008-01-21T08:00+00:00,5805,,,297.0,10.0,300.0,10.0,4.5,10.0,11.7,10.0,993.6,10.0,,,64,10,0.0,10,0.0,10,,,0.9,10,5.9,,,10.0,5.6,,,10.0,5.1,10.0,9.4,10,7.2,10.0,851.0,10.0
2008-01-21T09:00+00:00,5805,,,285.0,10.0,274.0,10.0,5.9,10.0,12.4,10.0,993.1,10.0,,,62,10,0.0,10,0.0,10,,,1.0,10,6.2,,,10.0,5.6,,,10.0,5.1,10.0,9.6,10,10.3,10.0,924.0,10.0
2008-01-21T10:00+00:00,5805,,,286.0,10.0,292.0,10.0,6.1,10.0,14.2,10.0,993.0,10.0,,,60,10,0.0,10,0.0,10,,,0.0,10,6.1,,,10.0,5.6,,,10.0,5.1,10.0,9.8,10,8.7,10.0,1031.0,10.0
2008-01-21T11:00+00:00,5805,,,293.0,10.0,289.0,10.0,6.5,10.0,13.3,10.0,992.5,10.0,,,60,10,0.0,10,0.0,10,,,0.4,10,6.2,,,10.0,5.6,,,10.0,5.1,10.0,10.5,10,9.0,10.0,1134.0,10.0
2008-01-21T12:00+00:00,5805,,,297.0,10.0,295.0,10.0,6.6,10.0,15.0,10.0,991.2,10.0,,,57,10,0.0,10,0.0,10,,,0.9,10,6.5,,,10.0,5.6,,,10.0,5.1,10.0,11.0,10,11.0,10.0,1221.0,10.0
2008-01-21T13:00+00:00,5805,,,299.0,10.0,274.0,10.0,6.6,10.0,14.9,10.0,990.1,10.0,,,56,10,0.0,10,0.0,10,,,1.0,10,6.9,,,10.0,5.7,,,10.0,5.1,10.0,11.1,10,12.1,10.0,1325.0,10.0
2008-01-21T14:00+00:00,5805,,,299.0,10.0,320.0,10.0,6.2,10.0,15.0,10.0,989.4,10.0,,,56,10,0.0,10,0.0,10,,,1.0,10,7.0,,,10.0,5.8,,,10.0,5.1,10.0,11.2,10,12.9,10.0,1414.0,10.0
2008-01-21T15:00+00:00,5805,,,301.0,10.0,308.0,10.0,5.3,10.0,12.3,10.0,988.8,10.0,,,58,10,0.0,10,0.0,10,,,0.7,10,7.0,,,10.0,5.9,,,10.0,5.1,10.0,10.3,10,9.7,10.0,1501.0,10.0
2008-01-21T16:00+00:00,5805,,,299.0,10.0,298.0,10.0,4.8,10.0,11.2,10.0,988.3,10.0,,,59,10,0.0,10,0.0,10,,,0.2,10,6.8,,,10.0,5.9,,,10.0,5.1,10.0,9.7,10,8.2,10.0,1606.0,10.0
2008-01-21T17:00+00:00,5805,,,295.0,10.0,278.0,10.0,3.3,10.0,8.0,10.0,987.8,10.0,,,60,10,0.0,10,0.0,10,,,0.0,10,6.5,,,10.0,5.9,,,10.0,5.1,10.0,9.0,10,6.1,10.0,1713.0,10.0
2008-01-21T18:00+00:00,5805,,,328.0,10.0,328.0,10.0,1.4,10.0,5.8,10.0,987.3,10.0,,,67,10,0.0,10,0.0,10,,,0.0,10,6.2,,,10.0,5.9,,,10.0,5.1,10.0,7.1,10,2.7,10.0,1804.0,10.0
2008-01-21T19:00+00:00,5805,,,330.0,10.0,350.0,10.0,0.3,10.0,2.4,10.0,986.7,10.0,,,79,10,0.0,10,0.0,10,,,0.0,10,5.8,,,10.0,5.8,,,10.0,5.1,10.0,4.4,10,1.1,10.0,2000.0,10.0
2008-01-21T20:00+00:00,5805,,,327.0,10.0,324.0,10.0,0.7,10.0,2.3,10.0,985.8,10.0,,,83,10,0.0,10,0.0,10,,,0.0,10,5.5,,,10.0,5.7,,,10.0,5.2,10.0,4.5,10,1.5,10.0,2052.0,10.0
2008-01-21T21:00+00:00,5805,,,304.0,10.0,323.0,10.0,1.6,10.0,5.3,10.0,985.0,10.0,,,68,10,0.0,10,0.0,10,,,0.0,10,5.3,,,10.0,5.6,,,10.0,5.2,10.0,7.8,10,1.8,10.0,2151.0,10.0
2008-01-21T22:00+00:00,5805,,,285.0,10.0,296.0,10.0,3.1,10.0,8.9,10.0,984.1,10.0,,,67,10,0.0,10,0.0,10,,,0.0,10,5.3,,,10.0,5.5,,,10.0,5.2,10.0,8.0,10,4.5,10.0,2250.0,10.0
2008-01-21T23:00+00:00,5805,,,292.0,10.0,298.0,10.0,3.1,10.0,8.3,10.0,983.1,10.0,,,60,10,0.0,10,0.0,10,,,0.0,10,5.4,,,10.0,5.5,,,10.0,5.2,10.0,9.0,10,5.7,10.0,2353.0,10.0
2008-01-22T00:00+00:00,5805,,,302.0,10.0,293.0,10.0,4.4,10.0,12.2,10.0,982.4,10.0,,,60,10,0.0,10,0.0,10,,,0.0,10,5.4,,,10.0,5.4,,,10.0,5.2,10.0,9.3,10,7.5,10.0,47.0,10.0
2008-01-22T01:00+00:00,5805,,,290.0,10.0,262.0,10.0,4.6,10.0,10.6,10.0,981.3,10.0,,,59,10,0.0,10,0.0,10,,,0.0,10,5.5,,,10.0,5.4,,,10.0,5.2,10.0,9.5,10,7.9,10.0,111.0,10.0
2008-01-22T02:00+00:00,5805,,,293.0,10.0,285.0,10.0,5.8,10.0,13.9,10.0,980.7,10.0,,,61,10,0.0,10,0.0,10,,,0.0,10,5.6,,,10.0,5.4,,,10.0,5.2,10.0,9.1,10,8.1,10.0,244.0,10.0
2008-01-22T03:00+00:00,5805,,,296.0,10.0,283.0,10.0,5.9,10.0,13.2,10.0,980.7,10.0,,,61,10,0.0,10,0.0,10,,,0.0,10,5.6,,,10.0,5.3,,,10.0,5.2,10.0,9.2,10,8.0,10.0,302.0,10.0
2008-01-22T04:00+00:00,5805,,,295.0,10.0,295.0,10.0,5.4,10.0,12.9,10.0,980.3,10.0,,,64,10,0.0,10,0.0,10,,,0.0,10,5.6,,,10.0,5.3,,,10.0,5.2,10.0,8.8,10,7.7,10.0,412.0,10.0
2008-01-22T05:00+00:00,5805,,,282.0,10.0,290.0,10.0,5.1,10.0,12.2,10.0,979.8,10.0,,,73,10,0.0,10,0.0,10,,,0.0,10,5.6,,,10.0,5.3,,,10.0,5.2,10.0,7.9,10,6.9,10.0,509.0,10.0
2008-01-22T06:00+00:00,5805,,,288.0,10.0,277.0,10.0,4.7,10.0,10.6,10.0,979.5,10.0,,,72,10,0.0,10,0.0,10,,,0.0,10,5.6,,,10.0,5.3,,,10.0,5.2,10.0,8.7,10,6.4,10.0,623.0,10.0
2008-01-22T07:00+00:00,5805,,,290.0,10.0,295.0,10.0,4.8,10.0,12.7,10.0,979.5,10.0,,,71,10,0.0,10,0.0,10,,,0.0,10,5.6,,,10.0,5.3,,,10.0,5.2,10.0,9.5,10,7.7,10.0,745.0,10.0
2008-01-22T08:00+00:00,5805,,,296.0,10.0,290.0,10.0,4.4,10.0,11.3,10.0,979.1,10.0,,,70,10,0.0,10,0.0,10,,,0.0,10,5.7,,,10.0,5.3,,,10.0,5.2,10.0,9.7,10,8.7,10.0,837.0,10.0
2008-01-22T09:00+00:00,5805,,,290.0,10.0,308.0,10.0,5.6,10.0,13.0,10.0,979.5,10.0,,,71,10,0.0,10,0.0,10,,,0.0,10,5.9,,,10.0,5.4,,,10.0,5.2,10.0,9.5,10,9.1,10.0,918.0,10.0
2008-01-22T10:00+00:00,5805,,,293.0,10.0,288.0,10.0,5.7,10.0,13.8,10.0,979.1,10.0,,,70,10,0.0,10,0.0,10,,,0.0,10,6.0,,,10.0,5.4,,,10.0,5.2,10.0,9.4,10,9.2,10.0,1051.0,10.0
2008-01-22T11:00+00:00,5805,,,296.0,10.0,318.0,10.0,6.4,10.0,15.2,10.0,978.9,10.0,,,73,10,0.0,10,0.0,10,,,0.0,10,6.1,,,10.0,5.4,,,10.0,5.2,10.0,9.6,10,9.7,10.0,1200.0,10.0
2008-01-22T12:00+00:00,5805,,,292.0,10.0,293.0,10.0,6.1,10.0,13.7,10.0,978.6,10.0,,,68,10,0.0,10,6.0,10,,,0.6,10,6.3,,,10.0,5.5,,,10.0,5.2,10.0,10.9,10,9.9,10.0,1220.0,10.0
2008-01-22T13:00+00:00,5805,,,292.0,10.0,307.0,10.0,6.9,10.0,16.1,10.0,979.3,10.0,,,70,10,0.0,10,0.0,10,,,0.6,10,6.7,,,10.0,5.6,,,10.0,5.2,10.0,10.4,10,11.7,10.0,1335.0,10.0
2008-01-22T14:00+00:00,5805,,,300.0,10.0,293.0,10.0,4.9,10.0,12.9,10.0,983.2,10.0,,,87,10,2.8,10,34.0,10,,,0.1,10,6.5,,,10.0,5.7,,,10.0,5.2,10.0,4.5,10,3.8,10.0,1425.0,10.0
2008-01-22T15:00+00:00,5805,,,311.0,10.0,307.0,10.0,3.2,10.0,11.6,10.0,985.8,10.0,,,78,10,0.9,10,20.0,10,,,0.0,10,6.1,,,10.0,5.7,,,10.0,5.2,10.0,4.3,10,3.3,10.0,1559.0,10.0
2008-01-22T16:00+00:00,5805,,,305.0,10.0,267.0,10.0,4.2,10.0,10.7,10.0,989.0,10.0,,,70,10,0.0,10,0.0,10,,,0.0,10,5.7,,,10.0,5.7,,,10.0,5.2,10.0,4.3,10,2.9,10.0,1653.0,10.0
2008-01-22T17:00+00:00,5805,,,310.0,10.0,314.0,10.0,3.7,10.0,10.3,10.0,990.6,10.0,,,62,10,0.0,10,0.0,10,,,0.0,10,5.4,,,10.0,5.6,,,10.0,5.2,10.0,3.9,10,2.0,10.0,1740.0,10.0
2008-01-22T18:00+00:00,5805,,,302.0,10.0,325.0,10.0,4.2,10.0,11.1,10.0,991.7,10.0,,,64,10,0.0,10,0.0,10,,,0.0,10,5.1,,,10.0,5.5,,,10.0,5.2,10.0,3.5,10,2.1,10.0,1816.0,10.0
2008-01-22T19:00+00:00,5805,,,302.0,10.0,310.0,10.0,5.5,10.0,13.9,10.0,993.1,10.0,,,67,10,0.0,10,0.0,10,,,0.0,10,4.8,,,10.0,5.4,,,10.0,5.3,10.0,3.3,10,2.0,10.0,1916.0,10.0
2008-01-22T20:00+00:00,5805,,,304.0,10.0,295.0,10.0,5.4,10.0,13.0,10.0,994.4,10.0,,,62,10,0.0,10,0.0,10,,,0.0,10,4.6,,,10.0,5.3,,,10.0,5.3,10.0,3.2,10,1.9,10.0,2005.0,10.0
2008-01-22T21:00+00:00,5805,,,303.0,10.0,297.0,10.0,5.9,10.0,13.5,10.0,995.2,10.0,,,64,10,0.0,10,0.0,10,,,0.0,10,4.4,,,10.0,5.2,,,10.0,5.3,10.0,2.4,10,1.0,10.0,2123.0,10.0
2008-01-22T22:00+00:00,5805,,,302.0,10.0,303.0,10.0,6.0,10.0,13.3,10.0,996.7,10.0,,,60,10,0.0,10,0.0,10,,,0.0,10,4.1,,,10.0,5.1,,,10.0,5.3,10.0,2.6,10,1.1,10.0,2227.0,10.0
2008-01-22T23:00+00:00,5805,,,301.0,10.0,316.0,10.0,5.4,10.0,13.2,10.0,997.5,10.0,,,60,10,0.0,10,0.0,10,,,0.0,10,4.0,,,10.0,4.9,,,10.0,5.3,10.0,2.5,10,1.5,10.0,2301.0,10.0
2008-01-23T00:00+00:00,5805,,,304.0,10.0,280.0,10.0,4.4,10.0,11.8,10.0,998.4,10.0,,,59,10,0.0,10,0.0,10,,,0.0,10,3.8,,,10.0,4.8,,,10.0,5.3,10.0,2.7,10,1.4,10.0,2.0,10.0
2008-01-23T01:00+00:00,5805,,,301.0,10.0,313.0,10.0,5.0,10.0,10.9,10.0,999.4,10.0,,,58,10,0.0,10,0.0,10,,,0.0,10,3.7,,,10.0,4.7,,,10.0,5.3,10.0,2.7,10,1.6,10.0,147.0,10.0
2008-01-23T02:00+00:00,5805,,,305.0,10.0,304.0,10.0,4.9,10.0,12.5,10.0,1000.4,10.0,,,54,10,0.0,10,0.0,10,,,0.0,10,3.6,,,10.0,4.6,,,10.0,5.3,10.0,2.5,10,1.9,10.0,203.0,10.0
2008-01-23T03:00+00:00,5805,,,310.0,10.0,331.0,10.0,3.8,10.0,11.2,10.0,1001.0,10.0,,,56,10,0.0,10,0.0,10,,,0.0,10,3.5,,,10.0,4.5,,,10.0,5.2,10.0,2.5,10,1.9,10.0,302.0,10.0
2008-01-23T04:00+00:00,5805,,,305.0,10.0,306.0,10.0,4.6,10.0,10.9,10.0,1001.8,10.0,,,57,10,0.0,10,0.0,10,,,0.0,10,3.5,,,10.0,4.4,,,10.0,5.2,10.0,2.6,10,1.7,10.0,409.0,10.0
2008-01-23T05:00+00:00,5805,,,300.0,10.0,294.0,10.0,4.2,10.0,8.3,10.0,1002.4,10.0,,,62,10,0.0,10,0.0,10,,,0.0,10,3.4,,,10.0,4.3,,,10.0,5.2,10.0,2.1,10,1.2,10.0,511.0,10.0
2008-01-23T06:00+00:00,5805,,,306.0,10.0,300.0,10.0,3.4,10.0,7.8,10.0,1003.1,10.0,,,66,10,0.0,10,0.0,10,,,0.0,10,3.3,,,10.0,4.2,,,10.0,5.2,10.0,2.0,10,1.2,10.0,657.0,10.0
2008-01-23T07:00+00:00,5805,,,303.0,10.0,314.0,10.0,3.5,10.0,7.4,10.0,1003.9,10.0,,,64,10,0.0,10,0.0,10,,,0.0,10,3.3,,,10.0,4.2,,,10.0,5.2,10.0,2.2,10,1.0,10.0,718.0,10.0
2008-01-23T08:00+00:00,5805,,,306.0,10.0,310.0,10.0,3.6,10.0,7.5,10.0,1004.0,10.0,,,64,10,0.0,10,0.0,10,,,0.5,10,3.3,,,10.0,4.1,,,10.0,5.2,10.0,2.5,10,1.1,10.0,822.0,10.0
2008-01-23T09:00+00:00,5805,,,297.0,10.0,311.0,10.0,4.0,10.0,8.5,10.0,1004.3,10.0,,,63,10,0.0,10,0.0,10,,,1.0,10,3.6,,,10.0,4.1,,,10.0,5.1,10.0,3.4,10,4.0,10.0,924.0,10.0
2008-01-23T10:00+00:00,5805,,,297.0,10.0,291.0,10.0,3.9,10.0,8.7,10.0,1005.2,10.0,,,63,10,0.0,10,0.0,10,,,0.7,10,3.8,,,10.0,4.1,,,10.0,5.1,10.0,3.9,10,5.1,10.0,1042.0,10.0
2008-01-23T11:00+00:00,5805,,,298.0,10.0,291.0,10.0,3.7,10.0,7.7,10.0,1005.4,10.0,,,65,10,0.0,10,0.0,10,,,0.3,10,4.0,,,10.0,4.1,,,10.0,5.1,10.0,3.7,10,4.8,10.0,1119.0,10.0
2008-01-23T12:00+00:00,5805,,,300.0,10.0,292.0,10.0,2.9,10.0,7.1,10.0,1005.1,10.0,,,65,10,0.0,10,0.0,10,,,0.0,10,4.1,,,10.0,4.1,,,10.0,5.1,10.0,3.9,10,4.4,10.0,1257.0,10.0
2008-01-23T13:00+00:00,5805,,,292.0,10.0,293.0,10.0,3.3,10.0,7.6,10.0,1005.3,10.0,,,66,10,0.0,10,1.0,10,,,0.0,10,4.1,,,10.0,4.2,,,10.0,5.0,10.0,3.8,10,3.8,10.0,1305.0,10.0
2008-01-23T14:00+00:00,5805,,,296.0,10.0,289.0,10.0,3.4,10.0,7.3,10.0,1005.3,10.0,,,66,10,0.0,10,0.0,10,,,0.0,10,4.1,,,10.0,4.2,,,10.0,5.0,10.0,4.0,10,4.1,10.0,1432.0,10.0
2008-01-23T15:00+00:00,5805,,,289.0,10.0,272.0,10.0,3.4,10.0,7.2,10.0,1005.4,10.0,,,65,10,0.0,10,0.0,10,,,0.0,10,4.1,,,10.0,4.2,,,10.0,5.0,10.0,3.7,10,3.3,10.0,1600.0,10.0
2008-01-23T16:00+00:00,5805,,,295.0,10.0,285.0,10.0,2.9,10.0,5.8,10.0,1005.4,10.0,,,66,10,0.0,10,0.0,10,,,0.0,10,4.0,,,10.0,4.2,,,10.0,5.0,10.0,3.1,10,1.5,10.0,1613.0,10.0
2008-01-23T17:00+00:00,5805,,,306.0,10.0,284.0,10.0,2.4,10.0,5.6,10.0,1005.8,10.0,,,69,10,0.0,10,0.0,10,,,0.0,10,3.7,,,10.0,4.2,,,10.0,5.0,10.0,2.3,10,-0.3,10.0,1742.0,10.0
2008-01-23T18:00+00:00,5805,,,327.0,10.0,330.0,10.0,1.7,10.0,4.3,10.0,1005.9,10.0,,,76,10,0.0,10,0.0,10,,,0.0,10,3.5,,,10.0,4.2,,,10.0,4.9,10.0,0.6,10,-2.8,10.0,1802.0,10.0
2008-01-23T19:00+00:00,5805,,,21.0,10.0,341.0,10.0,0.5,10.0,3.1,10.0,1006.2,10.0,,,87,10,0.0,10,0.0,10,,,0.0,10,3.2,,,10.0,4.1,,,10.0,4.9,10.0,-1.2,10,-3.7,10.0,1902.0,10.0
2008-01-23T20:00+00:00,5805,,,360.0,10.0,6.0,10.0,0.8,10.0,2.5,10.0,1006.5,10.0,,,91,10,0.0,10,0.0,10,,,0.0,10,2.9,,,10.0,4.0,,,10.0,4.9,10.0,-2.0,10,-4.4,10.0,2007.0,10.0
2008-01-23T21:00+00:00,5805,,,358.0,10.0,359.0,10.0,0.7,10.0,2.4,10.0,1006.3,10.0,,,91,10,0.0,10,0.0,10,,,0.0,10,2.7,,,10.0,3.9,,,10.0,4.9,10.0,-2.4,10,-5.0,10.0,2140.0,10.0
2008-01-23T22:00+00:00,5805,,,6.0,10.0,349.0,10.0,0.8,10.0,2.2,10.0,1006.0,10.0,,,92,10,0.0,10,0.0,10,,,0.0,10,2.5,,,10.0,3.8,,,10.0,4.9,10.0,-2.7,10,-5.2,10.0,2220.0,10.0
2008-01-23T23:00+00:00,5805,,,351.0,10.0,352.0,10.0,0.7,10.0,2.1,10.0,1005.7,10.0,,,92,10,0.0,10,0.0,10,,,0.0,10,2.4,,,10.0,3.7,,,10.0,4.9,10.0,-2.2,10,-4.8,10.0,2326.0,10.0
2008-01-24T00:00+00:00,5805,,,351.0,10.0,359.0,10.0,0.8,10.0,2.1,10.0,1005.5,10.0,,,92,10,0.0,10,0.0,10,,,0.0,10,2.3,,,10.0,3.6,,,10.0,4.9,10.0,-2.4,10,-4.5,10.0,29.0,10.0
2008-01-24T01:00+00:00,5805,,,356.0,10.0,357.0,10.0,0.9,10.0,2.1,10.0,1005.2,10.0,,,92,10,0.0,10,0.0,10,,,0.0,10,2.2,,,10.0,3.5,,,10.0,4.9,10.0,-2.3,10,-4.6,10.0,122.0,10.0
2008-01-24T02:00+00:00,5805,,,356.0,10.0,4.0,10.0,0.8,10.0,2.0,10.0,1004.7,10.0,,,91,10,0.0,10,0.0,10,,,0.0,10,2.2,,,10.0,3.4,,,10.0,4.8,10.0,-1.9,10,-3.2,10.0,211.0,10.0
2008-01-24T03:00+00:00,5805,,,350.0,10.0,357.0,10.0,0.7,10.0,2.2,10.0,1004.4,10.0,,,90,10,0.0,10,0.0,10,,,0.0,10,2.2,,,10.0,3.3,,,10.0,4.8,10.0,-1.3,10,-2.6,10.0,317.0,10.0
2008-01-24T04:00+00:00,5805,,,351.0,10.0,357.0,10.0,0.9,10.0,2.4,10.0,1004.0,10.0,,,86,10,0.0,10,0.0,10,,,0.0,10,2.1,,,10.0,3.2,,,10.0,4.8,10.0,-0.6,10,-1.8,10.0,427.0,10.0
2008-01-24T05:00+00:00,5805,,,4.0,10.0,8.0,10.0,0.9,10.0,2.8,10.0,1003.9,10.0,,,86,10,0.0,10,0.0,10,,,0.0,10,2.1,,,10.0,3.2,,,10.0,4.8,10.0,-0.6,10,-1.8,10.0,538.0,10.0
2008-01-24T06:00+00:00,5805,,,345.0,10.0,324.0,10.0,1.4,10.0,2.8,10.0,1003.9,10.0,,,81,10,0.0,10,0.0,10,,,0.0,10,2.1,,,10.0,3.1,,,10.0,4.7,10.0,0.0,10,-1.3,10.0,632.0,10.0
2008-01-24T07:00+00:00,5805,,,7.0,10.0,6.0,10.0,1.3,10.0,2.5,10.0,1004.1,10.0,,,82,10,0.0,10,0.0,10,,,0.0,10,2.1,,,10.0,3.1,,,10.0,4.7,10.0,0.2,10,-0.9,10.0,744.0,10.0
2008-01-24T08:00+00:00,5805,,,349.0,10.0,6.0,10.0,1.2,10.0,2.4,10.0,1004.5,10.0,,,78,10,0.0,10,0.0,10,,,0.0,10,2.2,,,10.0,3.1,,,10.0,4.7,10.0,0.9,10,-0.4,10.0,804.0,10.0
2008-01-24T09:00+00:00,5805,,,29.0,10.0,7.0,10.0,0.3,10.0,2.4,10.0,1004.9,10.0,,,62,10,0.0,10,0.0,10,,,0.8,10,2.6,,,10.0,3.0,,,10.0,4.7,10.0,3.4,10,-0.2,10.0,911.0,10.0
2008-01-24T10:00+00:00,5805,,,132.0,10.0,119.0,10.0,0.9,10.0,3.1,10.0,1004.6,10.0,,,45,10,0.0,10,0.0,10,,,1.0,10,3.1,,,10.0,3.1,,,10.0,4.6,10.0,5.8,10,5.5,10.0,1059.0,10.0
2008-01-24T11:00+00:00,5805,,,120.0,10.0,124.0,10.0,2.0,10.0,4.1,10.0,1004.2,10.0,,,45,10,0.0,10,0.0,10,,,0.8,10,3.5,,,10.0,3.2,,,10.0,4.6,10.0,6.0,10,6.2,10.0,1159.0,10.0
2008-01-24T12:00+00:00,5805,,,113.0,10.0,110.0,10.0,2.8,10.0,5.3,10.0,1003.3,10.0,,,44,10,0.0,10,0.0,10,,,1.0,10,4.0,,,10.0,3.3,,,10.0,4.6,10.0,7.5,10,9.3,10.0,1226.0,10.0
2008-01-24T13:00+00:00,5805,,,114.0,10.0,112.0,10.0,2.5,10.0,4.8,10.0,1002.4,10.0,,,41,10,0.0,10,0.0,10,,,1.0,10,4.4,,,10.0,3.4,,,10.0,4.5,10.0,7.9,10,10.4,10.0,1326.0,10.0
2008-01-24T14:00+00:00,5805,,,116.0,10.0,115.0,10.0,2.9,10.0,5.5,10.0,1002.3,10.0,,,42,10,0.0,10,0.0,10,,,1.0,10,4.6,,,10.0,3.6,,,10.0,4.5,10.0,7.6,10,8.8,10.0,1419.0,10.0
2008-01-24T15:00+00:00,5805,,,118.0,10.0,105.0,10.0,2.9,10.0,5.7,10.0,1001.9,10.0,,,48,10,0.0,10,0.0,10,,,1.0,10,4.6,,,10.0,3.7,,,10.0,4.5,10.0,6.6,10,6.1,10.0,1505.0,10.0
2008-01-24T16:00+00:00,5805,,,112.0,10.0,106.0,10.0,1.6,10.0,4.4,10.0,1002.1,10.0,,,55,10,0.0,10,0.0,10,,,0.2,10,4.3,,,10.0,3.8,,,10.0,4.5,10.0,4.7,10,1.7,10.0,1601.0,10.0
2008-01-24T17:00+00:00,5805,,,66.0,10.0,132.0,10.0,0.5,10.0,1.7,10.0,1001.9,10.0,,,69,10,0.0,10,0.0,10,,,0.0,10,3.9,,,10.0,3.9,,,10.0,4.5,10.0,2.2,10,-1.4,10.0,1711.0,10.0
2008-01-24T18:00+00:00,5805,,,7.0,10.0,4.0,10.0,0.7,10.0,2.1,10.0,1001.6,10.0,,,79,10,0.0,10,0.0,10,,,0.0,10,3.5,,,10.0,3.8,,,10.0,4.5,10.0,0.5,10,-2.4,10.0,1820.0,10.0
2008-01-24T19:00+00:00,5805,,,358.0,10.0,359.0,10.0,0.7,10.0,2.7,10.0,1001.8,10.0,,,85,10,0.0,10,0.0,10,,,0.0,10,3.2,,,10.0,3.8,,,10.0,4.5,10.0,-0.5,10,-3.0,10.0,1910.0,10.0
2008-01-24T20:00+00:00,5805,,,350.0,10.0,3.0,10.0,0.8,10.0,2.6,10.0,1001.9,10.0,,,88,10,0.0,10,0.0,10,,,0.0,10,2.9,,,10.0,3.7,,,10.0,4.5,10.0,-1.0,10,-3.3,10.0,2021.0,10.0
2008-01-24T21:00+00:00,5805,,,360.0,10.0,358.0,10.0,0.7,10.0,2.5,10.0,1002.3,10.0,,,89,10,0.0,10,0.0,10,,,0.0,10,2.7,,,10.0,3.6,,,10.0,4.5,10.0,-1.5,10,-3.5,10.0,2103.0,10.0
2008-01-24T22:00+00:00,5805,,,7.0,10.0,358.0,10.0,0.6,10.0,2.5,10.0,1002.4,10.0,,,90,10,0.0,10,0.0,10,,,0.0,10,2.5,,,10.0,3.5,,,10.0,4.5,10.0,-1.7,10,-3.7,10.0,2218.0,10.0
2008-01-24T23:00+00:00,5805,,,349.0,10.0,351.0,10.0,0.6,10.0,2.0,10.0,1002.6,10.0,,,92,10,0.0,10,0.0,10,,,0.0,10,2.3,,,10.0,3.4,,,10.0,4.5,10.0,-2.1,10,-3.9,10.0,2342.0,10.0
2008-01-25T00:00+00:00,5805,,,353.0,10.0,359.0,10.0,0.7,10.0,2.3,10.0,1003.1,10.0,,,91,10,0.0,10,0.0,10,,,0.0,10,2.2,,,10.0,3.3,,,10.0,4.5,10.0,-2.0,10,-3.7,10.0,34.0,10.0
2008-01-25T01:00+00:00,5805,,,299.0,10.0,280.0,10.0,3.4,10.0,10.4,10.0,1002.8,10.0,,,53,10,0.0,10,0.0,10,,,0.0,10,2.3,,,10.0,3.2,,,10.0,4.5,10.0,6.5,10,-3.5,10.0,142.0,10.0
2008-01-25T02:00+00:00,5805,,,297.0,10.0,298.0,10.0,5.9,10.0,13.5,10.0,1003.4,10.0,,,49,10,0.0,10,0.0,10,,,0.0,10,2.6,,,10.0,3.2,,,10.0,4.5,10.0,7.3,10,4.1,10.0,246.0,10.0
2008-01-25T03:00+00:00,5805,,,299.0,10.0,273.0,10.0,4.4,10.0,10.6,10.0,1004.2,10.0,,,59,10,0.1,10,11.0,10,,,0.0,10,2.8,,,10.0,3.2,,,10.0,4.4,10.0,6.4,10,4.1,10.0,306.0,10.0
2008-01-25T04:00+00:00,5805,,,301.0,10.0,295.0,10.0,3.8,10.0,9.1,10.0,1005.1,10.0,,,59,10,0.0,10,2.0,10,,,0.0,10,2.9,,,10.0,3.2,,,10.0,4.4,10.0,6.6,10,3.8,10.0,413.0,10.0
2008-01-25T05:00+00:00,5805,,,291.0,10.0,302.0,10.0,4.3,10.0,9.0,10.0,1006.5,10.0,,,79,10,0.4,10,37.0,10,,,0.0,10,3.0,,,10.0,3.2,,,10.0,4.4,10.0,5.0,10,3.4,10.0,501.0,10.0
2008-01-25T06:00+00:00,5805,,,295.0,10.0,310.0,10.0,4.6,10.0,9.7,10.0,1008.1,10.0,,,88,10,1.5,10,60.0,10,,,0.0,10,3.1,,,10.0,3.2,,,10.0,4.4,10.0,4.0,10,3.3,10.0,607.0,10.0
2008-01-25T07:00+00:00,5805,,,295.0,10.0,325.0,10.0,3.8,10.0,8.8,10.0,1009.0,10.0,,,88,10,0.2,10,10.0,10,,,0.0,10,3.1,,,10.0,3.2,,,10.0,4.4,10.0,3.9,10,3.1,10.0,718.0,10.0
2008-01-25T08:00+00:00,5805,,,290.0,10.0,286.0,10.0,3.8,10.0,9.0,10.0,1010.1,10.0,,,86,10,0.0,10,0.0,10,,,0.0,10,3.2,,,10.0,3.3,,,10.0,4.4,10.0,4.1,10,3.1,10.0,816.0,10.0
2008-01-25T09:00+00:00,5805,,,294.0,10.0,296.0,10.0,4.1,10.0,8.4,10.0,1010.7,10.0,,,83,10,0.0,10,0.0,10,,,0.0,10,3.2,,,10.0,3.3,,,10.0,4.4,10.0,4.2,10,3.0,10.0,908.0,10.0
2008-01-25T10:00+00:00,5805,,,295.0,10.0,319.0,10.0,4.0,10.0,9.3,10.0,1011.2,10.0,,,81,10,0.0,10,0.0,10,,,0.0,10,3.4,,,10.0,3.3,,,10.0,4.3,10.0,4.9,10,3.8,10.0,1048.0,10.0
2008-01-25T11:00+00:00,5805,,,288.0,10.0,302.0,10.0,4.8,10.0,9.9,10.0,1011.0,10.0,,,76,10,0.0,10,0.0,10,,,0.4,10,3.6,,,10.0,3.4,,,10.0,4.3,10.0,5.4,10,4.9,10.0,1141.0,10.0
2008-01-25T12:00+00:00,5805,,,289.0,10.0,292.0,10.0,4.6,10.0,10.0,10.0,1010.8,10.0,,,66,10,0.0,10,0.0,10,,,1.0,10,4.0,,,10.0,3.5,,,10.0,4.3,10.0,6.5,10,6.1,10.0,1255.0,10.0
2008-01-25T13:00+00:00,5805,,,290.0,10.0,321.0,10.0,4.9,10.0,10.6,10.0,1010.4,10.0,,,60,10,0.0,10,0.0,10,,,1.0,10,4.5,,,10.0,3.6,,,10.0,4.3,10.0,6.8,10,9.4,10.0,1317.0,10.0
2008-01-25T14:00+00:00,5805,,,289.0,10.0,273.0,10.0,4.6,10.0,10.2,10.0,1010.3,10.0,,,60,10,0.0,10,0.0,10,,,1.0,10,4.8,,,10.0,3.7,,,10.0,4.3,10.0,6.8,10,9.5,10.0,1441.0,10.0
2008-01-25T15:00+00:00,5805,,,286.0,10.0,303.0,10.0,5.2,10.0,10.8,10.0,1009.9,10.0,,,62,10,0.0,10,0.0,10,,,1.0,10,4.7,,,10.0,3.9,,,10.0,4.3,10.0,5.9,10,5.3,10.0,1505.0,10.0
2008-01-25T16:00+00:00,5805,,,288.0,10.0,294.0,10.0,4.6,10.0,10.2,10.0,1010.0,10.0,,,68,10,0.0,10,0.0,10,,,0.3,10,4.4,,,10.0,4.0,,,10.0,4.3,10.0,4.7,10,2.9,10.0,1619.0,10.0
2008-01-25T17:00+00:00,5805,,,297.0,10.0,306.0,10.0,3.8,10.0,9.4,10.0,1009.9,10.0,,,71,10,0.0,10,0.0,10,,,0.0,10,4.1,,,10.0,4.0,,,10.0,4.3,10.0,4.1,10,2.2,10.0,1705.0,10.0
2008-01-25T18:00+00:00,5805,,,290.0,10.0,312.0,10.0,3.3,10.0,9.4,10.0,1009.4,10.0,,,74,10,0.0,10,0.0,10,,,0.0,10,3.9,,,10.0,4.0,,,10.0,4.3,10.0,3.9,10,1.4,10.0,1848.0,10.0
2008-01-25T19:00+00:00,5805,,,293.0,10.0,320.0,10.0,3.6,10.0,8.5,10.0,1009.1,10.0,,,74,10,0.0,10,0.0,10,,,0.0,10,3.7,,,10.0,3.9,,,10.0,4.3,10.0,4.1,10,1.5,10.0,1957.0,10.0
2008-01-25T20:00+00:00,5805,,,296.0,10.0,306.0,10.0,3.2,10.0,8.3,10.0,1008.9,10.0,,,76,10,0.0,10,0.0,10,,,0.0,10,3.5,,,10.0,3.9,,,10.0,4.3,10.0,3.7,10,1.1,10.0,2001.0,10.0
2008-01-25T21:00+00:00,5805,,,290.0,10.0,278.0,10.0,3.3,10.0,7.5,10.0,1008.7,10.0,,,76,10,0.0,10,0.0,10,,,0.0,10,3.4,,,10.0,3.8,,,10.0,4.3,10.0,3.9,10,0.9,10.0,2113.0,10.0
2008-01-25T22:00+00:00,5805,,,292.0,10.0,308.0,10.0,2.8,10.0,6.4,10.0,1008.1,10.0,,,78,10,0.0,10,0.0,10,,,0.0,10,3.2,,,10.0,3.7,,,10.0,4.4,10.0,3.5,10,0.9,10.0,2205.0,10.0
2008-01-25T23:00+00:00,5805,,,300.0,10.0,301.0,10.0,4.5,10.0,11.2,10.0,1008.1,10.0,,,70,10,0.0,10,0.0,10,,,0.0,10,3.2,,,10.0,3.7,,,10.0,4.4,10.0,4.6,10,1.3,10.0,2353.0,10.0
2008-01-26T00:00+00:00,5805,,,303.0,10.0,315.0,10.0,5.2,10.0,12.1,10.0,1007.6,10.0,,,75,10,0.0,10,0.0,10,,,0.0,10,3.1,,,10.0,3.6,,,10.0,4.4,10.0,4.0,10,2.6,10.0,51.0,10.0
2008-01-26T01:00+00:00,5805,,,291.0,10.0,296.0,10.0,5.6,10.0,13.4,10.0,1008.0,10.0,,,76,10,0.0,10,0.0,10,,,0.0,10,3.1,,,10.0,3.5,,,10.0,4.4,10.0,4.2,10,2.1,10.0,102.0,10.0
2008-01-26T02:00+00:00,5805,,,292.0,10.0,299.0,10.0,4.9,10.0,10.8,10.0,1007.4,10.0,,,79,10,0.0,10,0.0,10,,,0.0,10,3.0,,,10.0,3.5,,,10.0,4.4,10.0,3.7,10,1.8,10.0,205.0,10.0
2008-01-26T03:00+00:00,5805,,,287.0,10.0,291.0,10.0,4.7,10.0,10.1,10.0,1007.3,10.0,,,79,10,0.0,10,0.0,10,,,0.0,10,3.0,,,10.0,3.5,,,10.0,4.4,10.0,3.9,10,1.6,10.0,332.0,10.0
2008-01-26T04:00+00:00,5805,,,291.0,10.0,291.0,10.0,4.6,10.0,9.8,10.0,1007.1,10.0,,,78,10,0.0,10,0.0,10,,,0.0,10,2.9,,,10.0,3.4,,,10.0,4.4,10.0,3.3,10,1.5,10.0,409.0,10.0
2008-01-26T05:00+00:00,5805,,,298.0,10.0,318.0,10.0,4.3,10.0,9.8,10.0,1007.2,10.0,,,71,10,0.0,10,0.0,10,,,0.0,10,2.9,,,10.0,3.4,,,10.0,4.4,10.0,3.4,10,1.5,10.0,542.0,10.0
2008-01-26T06:00+00:00,5805,,,286.0,10.0,295.0,10.0,4.6,10.0,8.9,10.0,1007.5,10.0,,,70,10,0.0,10,0.0,10,,,0.0,10,2.7,,,10.0,3.3,,,10.0,4.4,10.0,2.8,10,0.7,10.0,618.0,10.0
2008-01-26T07:00+00:00,5805,,,285.0,10.0,296.0,10.0,4.3,10.0,8.3,10.0,1007.3,10.0,,,69,10,0.0,10,0.0,10,,,0.1,10,2.6,,,10.0,3.3,,,10.0,4.3,10.0,2.5,10,0.4,10.0,715.0,10.0
2008-01-26T08:00+00:00,5805,,,285.0,10.0,293.0,10.0,4.9,10.0,11.4,10.0,1007.9,10.0,,,70,10,0.0,10,0.0,10,,,0.9,10,2.7,,,10.0,3.2,,,10.0,4.3,10.0,3.1,10,0.9,10.0,859.0,10.0
2008-01-26T09:00+00:00,5805,,,287.0,10.0,284.0,10.0,6.5,10.0,13.3,10.0,1007.7,10.0,,,69,10,0.0,10,0.0,10,,,1.0,10,2.9,,,10.0,3.2,,,10.0,4.3,10.0,3.8,10,3.6,10.0,959.0,10.0
2008-01-26T10:00+00:00,5805,,,286.0,10.0,299.0,10.0,7.2,10.0,14.3,10.0,1007.5,10.0,,,65,10,0.0,10,0.0,10,,,1.0,10,3.2,,,10.0,3.2,,,10.0,4.3,10.0,4.7,10,5.8,10.0,1022.0,10.0
2008-01-26T11:00+00:00,5805,,,293.0,10.0,307.0,10.0,6.4,10.0,14.0,10.0,1005.3,10.0,,,64,10,0.0,10,0.0,10,,,1.0,10,3.5,,,10.0,3.2,,,10.0,4.3,10.0,5.1,10,6.7,10.0,1137.0,10.0
2008-01-26T12:00+00:00,5805,,,296.0,10.0,285.0,10.0,6.6,10.0,14.1,10.0,1003.6,10.0,,,59,10,0.0,10,0.0,10,,,1.0,10,3.8,,,10.0,3.3,,,10.0,4.3,10.0,6.5,10,7.3,10.0,1253.0,10.0
2008-01-26T13:00+00:00,5805,,,294.0,10.0,301.0,10.0,6.6,10.0,19.1,10.0,1001.8,10.0,,,52,10,0.0,10,0.0,10,,,1.0,10,4.2,,,10.0,3.4,,,10.0,4.3,10.0,7.9,10,8.8,10.0,1332.0,10.0
2008-01-26T14:00+00:00,5805,,,298.0,10.0,283.0,10.0,6.5,10.0,16.0,10.0,1001.6,10.0,,,47,10,0.0,10,0.0,10,,,0.8,10,4.4,,,10.0,3.5,,,10.0,4.3,10.0,8.4,10,7.8,10.0,1456.0,10.0
2008-01-26T15:00+00:00,5805,,,297.0,10.0,285.0,10.0,7.4,10.0,17.2,10.0,1002.5,10.0,,,51,10,0.0,10,0.0,10,,,0.9,10,4.5,,,10.0,3.7,,,10.0,4.2,10.0,7.2,10,6.7,10.0,1544.0,10.0
2008-01-26T16:00+00:00,5805,,,294.0,10.0,287.0,10.0,7.9,10.0,18.2,10.0,1001.0,10.0,,,48,10,0.0,10,0.0,10,,,0.2,10,4.3,,,10.0,3.7,,,10.0,4.2,10.0,7.7,10,6.3,10.0,1625.0,10.0
2008-01-26T17:00+00:00,5805,,,293.0,10.0,280.0,10.0,7.7,10.0,16.9,10.0,999.5,10.0,,,42,10,0.0,10,0.0,10,,,0.0,10,4.2,,,10.0,3.8,,,10.0,4.2,10.0,8.4,10,6.2,10.0,1740.0,10.0
2008-01-26T18:00+00:00,5805,,,288.0,10.0,290.0,10.0,8.8,10.0,19.6,10.0,999.1,10.0,,,43,10,0.0,10,0.0,10,,,0.0,10,4.1,,,10.0,3.8,,,10.0,4.2,10.0,8.2,10,6.3,10.0,1857.0,10.0
2008-01-26T19:00+00:00,5805,,,289.0,10.0,292.0,10.0,8.4,10.0,19.8,10.0,998.7,10.0,,,45,10,0.0,10,0.0,10,,,0.0,10,4.1,,,10.0,3.8,,,10.0,4.2,10.0,7.9,10,6.5,10.0,1916.0,10.0
2008-01-26T20:00+00:00,5805,,,295.0,10.0,291.0,10.0,7.9,10.0,16.5,10.0,999.2,10.0,,,46,10,0.0,10,0.0,10,,,0.0,10,4.0,,,10.0,3.8,,,10.0,4.2,10.0,7.7,10,6.4,10.0,2003.0,10.0
2008-01-26T21:00+00:00,5805,,,294.0,10.0,297.0,10.0,6.0,10.0,13.2,10.0,998.7,10.0,,,44,10,0.0,10,0.0,10,,,0.0,10,4.0,,,10.0,3.8,,,10.0,4.3,10.0,8.0,10,6.5,10.0,2112.0,10.0
2008-01-26T22:00+00:00,5805,,,288.0,10.0,283.0,10.0,6.8,10.0,16.9,10.0,998.8,10.0,,,41,10,0.0,10,0.0,10,,,0.0,10,4.0,,,10.0,3.8,,,10.0,4.3,10.0,8.8,10,6.5,10.0,2237.0,10.0
2008-01-26T23:00+00:00,5805,,,291.0,10.0,292.0,10.0,5.5,10.0,12.7,10.0,998.7,10.0,,,42,10,0.0,10,0.0,10,,,0.0,10,4.0,,,10.0,3.8,,,10.0,4.3,10.0,8.3,10,7.2,10.0,2357.0,10.0
2008-01-27T00:00+00:00,5805,,,288.0,10.0,273.0,10.0,5.9,10.0,12.4,10.0,997.1,10.0,,,42,10,0.0,10,0.0,10,,,0.0,10,4.0,,,10.0,3.8,,,10.0,4.3,10.0,8.3,10,7.0,10.0,31.0,10.0
2008-01-27T01:00+00:00,5805,,,290.0,10.0,313.0,10.0,6.0,10.0,13.4,10.0,997.0,10.0,,,45,10,0.0,10,8.0,10,,,0.0,10,4.0,,,10.0,3.8,,,10.0,4.3,10.0,7.7,10,6.8,10.0,103.0,10.0
2008-01-27T02:00+00:00,5805,,,292.0,10.0,294.0,10.0,5.1,10.0,11.8,10.0,996.3,10.0,,,62,10,0.1,10,38.0,10,,,0.0,10,3.9,,,10.0,3.8,,,10.0,4.3,10.0,5.8,10,3.4,10.0,211.0,10.0
2008-01-27T03:00+00:00,5805,,,296.0,10.0,292.0,10.0,4.2,10.0,11.3,10.0,995.1,10.0,,,53,10,0.2,10,28.0,10,,,0.0,10,3.9,,,10.0,3.8,,,10.0,4.3,10.0,6.7,10,3.1,10.0,345.0,10.0
2008-01-27T04:00+00:00,5805,,,293.0,10.0,284.0,10.0,5.3,10.0,11.3,10.0,994.3,10.0,,,49,10,0.0,10,0.0,10,,,0.0,10,3.9,,,10.0,3.8,,,10.0,4.3,10.0,7.0,10,4.8,10.0,427.0,10.0
2008-01-27T05:00+00:00,5805,,,300.0,10.0,263.0,10.0,4.5,10.0,11.9,10.0,993.7,10.0,,,46,10,0.0,10,0.0,10,,,0.0,10,3.9,,,10.0,3.8,,,10.0,4.3,10.0,7.3,10,5.6,10.0,503.0,10.0
2008-01-27T06:00+00:00,5805,,,306.0,10.0,269.0,10.0,3.7,10.0,10.4,10.0,992.8,10.0,,,43,10,0.0,10,0.0,10,,,0.0,10,3.9,,,10.0,3.8,,,10.0,4.3,10.0,8.0,10,6.5,10.0,641.0,10.0
2008-01-27T07:00+00:00,5805,,,311.0,10.0,306.0,10.0,3.9,10.0,9.0,10.0,992.2,10.0,,,41,10,0.0,10,0.0,10,,,0.0,10,4.0,,,10.0,3.8,,,10.0,4.3,10.0,8.4,10,7.1,10.0,721.0,10.0
2008-01-27T08:00+00:00,5805,,,304.0,10.0,307.0,10.0,5.0,10.0,13.5,10.0,992.7,10.0,,,46,10,0.0,10,1.0,10,,,0.0,10,4.1,,,10.0,3.8,,,10.0,4.3,10.0,9.0,10,7.3,10.0,848.0,10.0
2008-01-27T09:00+00:00,5805,,,290.0,10.0,293.0,10.0,7.1,10.0,16.7,10.0,992.7,10.0,,,72,10,0.4,10,36.0,10,,,0.0,10,4.0,,,10.0,3.9,,,10.0,4.3,10.0,5.6,10,3.9,10.0,957.0,10.0
2008-01-27T10:00+00:00,5805,,,289.0,10.0,285.0,10.0,8.4,10.0,19.6,10.0,992.7,10.0,,,76,10,0.0,10,6.0,10,,,0.0,10,4.0,,,10.0,3.9,,,10.0,4.3,10.0,5.2,10,4.2,10.0,1026.0,10.0
2008-01-27T11:00+00:00,5805,,,287.0,10.0,276.0,10.0,8.3,10.0,21.0,10.0,992.0,10.0,,,77,10,0.1,10,15.0,10,,,0.0,10,3.9,,,10.0,3.9,,,10.0,4.3,10.0,5.3,10,3.8,10.0,1116.0,10.0
2008-01-27T12:00+00:00,5805,,,287.0,10.0,284.0,10.0,8.8,10.0,19.7,10.0,991.5,10.0,,,79,10,0.0,10,1.0,10,,,0.0,10,4.0,,,10.0,3.9,,,10.0,4.3,10.0,5.2,10,4.8,10.0,1251.0,10.0
2008-01-27T13:00+00:00,5805,,,286.0,10.0,250.0,10.0,8.9,10.0,19.5,10.0,991.0,10.0,,,78,10,0.0,10,1.0,10,,,0.0,10,4.0,,,10.0,3.9,,,10.0,4.3,10.0,5.3,10,5.0,10.0,1352.0,10.0
2008-01-27T14:00+00:00,5805,,,284.0,10.0,302.0,10.0,9.9,10.0,24.1,10.0,991.0,10.0,,,74,10,0.0,10,0.0,10,,,0.0,10,4.0,,,10.0,3.9,,,10.0,4.3,10.0,5.4,10,5.1,10.0,1425.0,10.0
2008-01-27T15:00+00:00,5805,,,285.0,10.0,294.0,10.0,9.9,10.0,20.4,10.0,991.2,10.0,,,70,10,0.0,10,0.0,10,,,0.0,10,4.0,,,10.0,3.9,,,10.0,4.3,10.0,5.7,10,5.1,10.0,1508.0,10.0
2008-01-27T16:00+00:00,5805,,,286.0,10.0,286.0,10.0,10.6,10.0,21.0,10.0,991.5,10.0,,,73,10,0.0,10,1.0,10,,,0.0,10,4.0,,,10.0,3.9,,,10.0,4.3,10.0,5.4,10,4.8,10.0,1626.0,10.0
2008-01-27T17:00+00:00,5805,,,286.0,10.0,287.0,10.0,11.7,10.0,24.4,10.0,991.3,10.0,,,77,10,0.0,10,2.0,10,,,0.0,10,4.0,,,10.0,3.9,,,10.0,4.4,10.0,5.1,10,4.1,10.0,1757.0,10.0
2008-01-27T18:00+00:00,5805,,,287.0,10.0,278.0,10.0,11.2,10.0,26.2,10.0,992.1,10.0,,,75,10,0.0,10,1.0,10,,,0.0,10,4.0,,,10.0,3.9,,,10.0,4.4,10.0,5.4,10,3.9,10.0,1858.0,10.0
2008-01-27T19:00+00:00,5805,,,288.0,10.0,291.0,10.0,10.4,10.0,22.8,10.0,992.8,10.0,,,79,10,0.0,10,30.0,10,,,0.0,10,3.9,,,10.0,3.9,,,10.0,4.4,10.0,5.2,10,3.8,10.0,1918.0,10.0
2008-01-27T20:00+00:00,5805,,,287.0,10.0,287.0,10.0,10.3,10.0,21.6,10.0,993.6,10.0,,,78,10,0.3,10,35.0,10,,,0.0,10,3.9,,,10.0,3.9,,,10.0,4.4,10.0,5.3,10,3.7,10.0,2034.0,10.0
2008-01-27T21:00+00:00,5805,,,286.0,10.0,286.0,10.0,10.1,10.0,23.8,10.0,994.4,10.0,,,77,10,0.0,10,7.0,10,,,0.0,10,3.9,,,10.0,3.9,,,10.0,4.4,10.0,5.4,10,4.0,10.0,2107.0,10.0
2008-01-27T22:00+00:00,5805,,,297.0,10.0,272.0,10.0,7.6,10.0,19.4,10.0,995.0,10.0,,,75,10,0.0,10,1.0,10,,,0.0,10,4.0,,,10.0,3.9,,,10.0,4.4,10.0,5.6,10,4.7,10.0,2204.0,10.0
2008-01-27T23:00+00:00,5805,,,297.0,10.0,283.0,10.0,7.5,10.0,22.3,10.0,996.2,10.0,,,84,10,1.1,10,52.0,10,,,0.0,10,3.9,,,10.0,4.0,,,10.0,4.4,10.0,4.9,10,3.7,10.0,2303.0,10.0
2008-01-28T00:00+00:00,5805,,,308.0,10.0,304.0,10.0,5.9,10.0,14.3,10.0,997.9,10.0,,,86,10,1.1,10,56.0,10,,,0.0,10,3.9,,,10.0,4.0,,,10.0,4.4,10.0,4.9,10,3.7,10.0,21.0,10.0
2008-01-28T01:00+00:00,5805,,,308.0,10.0,320.0,10.0,5.5,10.0,15.0,10.0,999.5,10.0,,,90,10,6.4,10,60.0,10,,,0.0,10,3.9,,,10.0,4.0,,,10.0,4.4,10.0,4.5,10,3.6,10.0,115.0,10.0
2008-01-28T02:00+00:00,5805,,,308.0,10.0,307.0,10.0,5.0,10.0,11.8,10.0,1000.8,10.0,,,91,10,5.1,10,60.0,10,,,0.0,10,3.9,,,10.0,4.0,,,10.0,4.4,10.0,4.6,10,3.7,10.0,223.0,10.0
2008-01-28T03:00+00:00,5805,,,308.0,10.0,308.0,10.0,3.8,10.0,9.7,10.0,1001.3,10.0,,,91,10,3.3,10,58.0,10,,,0.0,10,3.9,,,10.0,4.0,,,10.0,4.4,10.0,4.8,10,4.0,10.0,313.0,10.0
2008-01-28T04:00+00:00,5805,,,305.0,10.0,302.0,10.0,4.2,10.0,9.5,10.0,1002.0,10.0,,,87,10,0.0,10,5.0,10,,,0.0,10,3.9,,,10.0,4.0,,,10.0,4.4,10.0,5.0,10,3.9,10.0,448.0,10.0
2008-01-28T05:00+00:00,5805,,,299.0,10.0,310.0,10.0,4.4,10.0,10.6,10.0,1002.9,10.0,,,86,10,0.0,10,7.0,10,,,0.0,10,4.0,,,10.0,4.0,,,10.0,4.4,10.0,5.1,10,4.1,10.0,558.0,10.0
2008-01-28T06:00+00:00,5805,,,307.0,10.0,296.0,10.0,3.4,10.0,9.8,10.0,1003.7,10.0,,,83,10,0.0,10,0.0,10,,,0.0,10,4.0,,,10.0,4.0,,,10.0,4.4,10.0,5.0,10,3.7,10.0,625.0,10.0
2008-01-28T07:00+00:00,5805,,,312.0,10.0,308.0,10.0,2.5,10.0,7.9,10.0,1004.4,10.0,,,74,10,0.0,10,0.0,10,,,0.2,10,3.9,,,10.0,4.0,,,10.0,4.4,10.0,5.1,10,2.9,10.0,736.0,10.0
2008-01-28T08:00+00:00,5805,,,310.0,10.0,342.0,10.0,2.7,10.0,7.6,10.0,1005.0,10.0,,,73,10,0.0,10,0.0,10,,,1.0,10,4.1,,,10.0,4.0,,,10.0,4.4,10.0,6.0,10,4.4,10.0,827.0,10.0
2008-01-28T09:00+00:00,5805,,,298.0,10.0,314.0,10.0,2.5,10.0,7.2,10.0,1005.3,10.0,,,71,10,0.0,10,0.0,10,,,0.9,10,4.4,,,10.0,4.0,,,10.0,4.4,10.0,6.6,10,7.0,10.0,914.0,10.0
2008-01-28T10:00+00:00,5805,,,305.0,10.0,332.0,10.0,2.2,10.0,5.9,10.0,1005.7,10.0,,,77,10,0.0,10,0.0,10,,,0.0,10,4.4,,,10.0,4.1,,,10.0,4.4,10.0,6.1,10,6.5,10.0,1049.0,10.0
2008-01-28T11:00+00:00,5805,,,307.0,10.0,326.0,10.0,2.4,10.0,6.8,10.0,1005.4,10.0,,,75,10,0.0,10,6.0,10,,,0.0,10,4.6,,,10.0,4.1,,,10.0,4.4,10.0,6.4,10,6.8,10.0,1155.0,10.0
2008-01-28T12:00+00:00,5805,,,302.0,10.0,324.0,10.0,2.7,10.0,7.7,10.0,1005.3,10.0,,,85,10,0.2,10,39.0,10,,,0.0,10,4.7,,,10.0,4.2,,,10.0,4.4,10.0,6.1,10,6.2,10.0,1204.0,10.0
2008-01-28T13:00+00:00,5805,,,301.0,10.0,296.0,10.0,1.8,10.0,5.6,10.0,1005.1,10.0,,,86,10,0.1,10,12.0,10,,,0.0,10,4.8,,,10.0,4.3,,,10.0,4.4,10.0,6.3,10,5.8,10.0,1303.0,10.0
2008-01-28T14:00+00:00,5805,,,297.0,10.0,303.0,10.0,1.1,10.0,3.2,10.0,1005.2,10.0,,,87,10,0.1,10,30.0,10,,,0.0,10,4.8,,,10.0,4.3,,,10.0,4.4,10.0,6.3,10,5.8,10.0,1402.0,10.0
2008-01-28T15:00+00:00,5805,,,295.0,10.0,328.0,10.0,1.3,10.0,2.9,10.0,1005.2,10.0,,,91,10,0.3,10,43.0,10,,,0.0,10,4.8,,,10.0,4.4,,,10.0,4.4,10.0,6.1,10,5.5,10.0,1502.0,10.0
2008-01-28T16:00+00:00,5805,,,301.0,10.0,339.0,10.0,0.5,10.0,1.9,10.0,1005.0,10.0,,,92,10,0.0,10,13.0,10,,,0.0,10,4.8,,,10.0,4.4,,,10.0,4.4,10.0,5.7,10,5.2,10.0,1622.0,10.0
2008-01-28T17:00+00:00,5805,,,304.0,10.0,6.0,10.0,0.2,10.0,1.6,10.0,1005.1,10.0,,,92,10,0.1,10,17.0,10,,,0.0,10,4.8,,,10.0,4.5,,,10.0,4.4,10.0,5.5,10,4.9,10.0,1731.0,10.0
2008-01-28T18:00+00:00,5805,,,297.0,10.0,312.0,10.0,0.7,10.0,2.4,10.0,1004.9,10.0,,,92,10,0.0,10,0.0,10,,,0.0,10,4.7,,,10.0,4.5,,,10.0,4.5,10.0,5.5,10,4.8,10.0,1817.0,10.0
2008-01-28T19:00+00:00,5805,,,336.0,10.0,317.0,10.0,0.4,10.0,1.6,10.0,1004.6,10.0,,,92,10,0.0,10,0.0,10,,,0.0,10,4.7,,,10.0,4.5,,,10.0,4.5,10.0,5.2,10,4.4,10.0,1944.0,10.0
2008-01-28T20:00+00:00,5805,,,64.0,10.0,42.0,10.0,0.5,10.0,1.6,10.0,1004.5,10.0,,,92,10,0.0,10,0.0,10,,,0.0,10,4.7,,,10.0,4.5,,,10.0,4.5,10.0,5.1,10,4.2,10.0,2049.0,10.0
2008-01-28T21:00+00:00,5805,,,315.0,10.0,9.0,10.0,0.2,10.0,2.1,10.0,1004.2,10.0,,,92,10,0.0,10,0.0,10,,,0.0,10,4.6,,,10.0,4.5,,,10.0,4.5,10.0,4.8,10,4.2,10.0,2103.0,10.0
2008-01-28T22:00+00:00,5805,,,4.0,10.0,15.0,10.0,0.2,10.0,2.0,10.0,1004.1,10.0,,,92,10,0.0,10,0.0,10,,,0.0,10,4.6,,,10.0,4.5,,,10.0,4.5,10.0,4.7,10,4.1,10.0,2241.0,10.0
2008-01-28T23:00+00:00,5805,,,354.0,10.0,7.0,10.0,0.1,10.0,1.5,10.0,1003.9,10.0,,,92,10,0.0,10,0.0,10,,,0.0,10,4.5,,,10.0,4.5,,,10.0,4.5,10.0,4.5,10,4.0,10.0,2302.0,10.0
2008-01-29T00:00+00:00,5805,,,308.0,10.0,353.0,10.0,0.3,10.0,1.2,10.0,1003.3,10.0,,,92,10,0.0,10,0.0,10,,,0.0,10,4.5,,,10.0,4.5,,,10.0,4.6,10.0,4.4,10,3.8,10.0,39.0,10.0
2008-01-29T01:00+00:00,5805,,,351.0,10.0,359.0,10.0,0.2,10.0,1.5,10.0,1002.6,10.0,,,92,10,0.2,10,24.0,10,,,0.0,10,4.5,,,10.0,4.5,,,10.0,4.6,10.0,4.2,10,3.8,10.0,129.0,10.0
2008-01-29T02:00+00:00,5805,,,302.0,10.0,321.0,10.0,0.6,10.0,2.0,10.0,1002.4,10.0,,,92,10,0.1,10,27.0,10,,,0.0,10,4.4,,,10.0,4.5,,,10.0,4.6,10.0,4.1,10,3.2,10.0,233.0,10.0
2008-01-29T03:00+00:00,5805,,,324.0,10.0,345.0,10.0,0.7,10.0,2.1,10.0,1002.1,10.0,,,92,10,0.0,10,0.0,10,,,0.0,10,4.4,,,10.0,4.5,,,10.0,4.6,10.0,3.9,10,2.8,10.0,342.0,10.0
2008-01-29T04:00+00:00,5805,,,344.0,10.0,3.0,10.0,0.5,10.0,1.9,10.0,1001.7,10.0,,,92,10,0.0,10,0.0,10,,,0.0,10,4.3,,,10.0,4.4,,,10.0,4.6,10.0,3.7,10,3.0,10.0,419.0,10.0
2008-01-29T05:00+00:00,5805,,,345.0,10.0,359.0,10.0,0.7,10.0,2.2,10.0,1001.8,10.0,,,92,10,0.0,10,0.0,10,,,0.0,10,4.2,,,10.0,4.4,,,10.0,4.6,10.0,3.4,10,2.1,10.0,544.0,10.0
2008-01-29T06:00+00:00,5805,,,327.0,10.0,356.0,10.0,0.6,10.0,2.0,10.0,1002.1,10.0,,,92,10,0.1,10,18.0,10,,,0.0,10,4.2,,,10.0,4.4,,,10.0,4.6,10.0,4.1,10,2.3,10.0,609.0,10.0
2008-01-29T07:00+00:00,5805,,,298.0,10.0,307.0,10.0,1.2,10.0,3.0,10.0,1002.4,10.0,,,92,10,0.0,10,6.0,10,,,0.0,10,4.2,,,10.0,4.4,,,10.0,4.6,10.0,4.7,10,3.4,10.0,759.0,10.0
2008-01-29T08:00+00:00,5805,,,304.0,10.0,295.0,10.0,1.6,10.0,3.8,10.0,1002.8,10.0,,,92,10,0.4,10,36.0,10,,,0.0,10,4.3,,,10.0,4.3,,,10.0,4.6,10.0,5.1,10,3.9,10.0,853.0,10.0
2008-01-29T09:00+00:00,5805,,,297.0,10.0,320.0,10.0,1.8,10.0,4.0,10.0,1002.9,10.0,,,92,10,0.1,10,9.0,10,,,0.0,10,4.4,,,10.0,4.4,,,10.0,4.7,10.0,5.7,10,4.9,10.0,929.0,10.0
2008-01-29T10:00+00:00,5805,,,294.0,10.0,287.0,10.0,1.9,10.0,4.1,10.0,1003.1,10.0,,,89,10,0.0,10,5.0,10,,,0.0,10,4.6,,,10.0,4.4,,,10.0,4.7,10.0,6.1,10,6.2,10.0,1026.0,10.0
2008-01-29T11:00+00:00,5805,,,295.0,10.0,297.0,10.0,1.6,10.0,4.5,10.0,1002.7,10.0,,,87,10,0.1,10,13.0,10,,,0.0,10,4.8,,,10.0,4.4,,,10.0,4.7,10.0,6.7,10,6.1,10.0,1153.0,10.0
2008-01-29T12:00+00:00,5805,,,286.0,10.0,319.0,10.0,2.1,10.0,4.1,10.0,1002.2,10.0,,,82,10,0.0,10,0.0,10,,,0.0,10,5.1,,,10.0,4.5,,,10.0,4.7,10.0,7.4,10,7.7,10.0,1224.0,10.0
2008-01-29T13:00+00:00,5805,,,308.0,10.0,334.0,10.0,1.6,10.0,5.4,10.0,1001.9,10.0,,,76,10,0.0,10,0.0,10,,,0.0,10,5.4,,,10.0,4.6,,,10.0,4.7,10.0,7.8,10,8.2,10.0,1319.0,10.0
2008-01-29T14:00+00:00,5805,,,324.0,10.0,1.0,10.0,1.2,10.0,4.0,10.0,1001.8,10.0,,,75,10,0.0,10,0.0,10,,,0.0,10,5.5,,,10.0,4.7,,,10.0,4.7,10.0,7.6,10,7.4,10.0,1416.0,10.0
2008-01-29T15:00+00:00,5805,,,343.0,10.0,355.0,10.0,0.7,10.0,2.3,10.0,1001.6,10.0,,,78,10,0.0,10,0.0,10,,,0.0,10,5.5,,,10.0,4.8,,,10.0,4.7,10.0,7.3,10,6.5,10.0,1507.0,10.0
2008-01-29T16:00+00:00,5805,,,18.0,10.0,13.0,10.0,0.3,10.0,1.9,10.0,1001.8,10.0,,,84,10,0.0,10,0.0,10,,,0.0,10,5.5,,,10.0,4.9,,,10.0,4.7,10.0,6.6,10,5.5,10.0,1631.0,10.0
2008-01-29T17:00+00:00,5805,,,1.0,10.0,6.0,10.0,0.3,10.0,1.6,10.0,1002.0,10.0,,,88,10,0.0,10,0.0,10,,,0.0,10,5.4,,,10.0,5.0,,,10.0,4.7,10.0,6.0,10,4.8,10.0,1722.0,10.0
2008-01-29T18:00+00:00,5805,,,47.0,10.0,351.0,10.0,0.2,10.0,1.4,10.0,1002.1,10.0,,,90,10,0.0,10,0.0,10,,,0.0,10,5.3,,,10.0,5.0,,,10.0,4.7,10.0,5.5,10,4.4,10.0,1812.0,10.0
2008-01-29T19:00+00:00,5805,,,318.0,10.0,7.0,10.0,0.3,10.0,2.2,10.0,1001.7,10.0,,,91,10,0.0,10,0.0,10,,,0.0,10,5.2,,,10.0,5.0,,,10.0,4.7,10.0,5.2,10,4.2,10.0,1904.0,10.0
2008-01-29T20:00+00:00,5805,,,44.0,10.0,116.0,10.0,0.3,10.0,2.4,10.0,1001.5,10.0,,,91,10,0.0,10,0.0,10,,,0.0,10,5.1,,,10.0,5.0,,,10.0,4.8,10.0,5.4,10,4.1,10.0,2053.0,10.0
2008-01-29T21:00+00:00,5805,,,97.0,10.0,117.0,10.0,1.6,10.0,4.0,10.0,1001.3,10.0,,,91,10,0.0,10,0.0,10,,,0.0,10,4.9,,,10.0,4.9,,,10.0,4.8,10.0,4.7,10,2.5,10.0,2141.0,10.0
2008-01-29T22:00+00:00,5805,,,93.0,10.0,110.0,10.0,1.8,10.0,4.6,10.0,1000.8,10.0,,,92,10,0.0,10,0.0,10,,,0.0,10,4.8,,,10.0,4.9,,,10.0,4.8,10.0,4.0,10,3.1,10.0,2216.0,10.0
2008-01-29T23:00+00:00,5805,,,79.0,10.0,123.0,10.0,1.5,10.0,4.5,10.0,1000.1,10.0,,,92,10,0.0,10,0.0,10,,,0.0,10,4.7,,,10.0,4.9,,,10.0,4.8,10.0,3.6,10,2.3,10.0,2359.0,10.0
2008-01-30T00:00+00:00,5805,,,101.0,10.0,125.0,10.0,2.4,10.0,5.2,10.0,999.2,10.0,,,92,10,0.0,10,0.0,10,,,0.0,10,4.6,,,10.0,4.8,,,10.0,4.8,10.0,3.7,10,2.6,10.0,38.0,10.0
2008-01-30T01:00+00:00,5805,,,110.0,10.0,121.0,10.0,2.6,10.0,5.8,10.0,999.0,10.0,,,92,10,0.0,10,0.0,10,,,0.0,10,4.6,,,10.0,4.8,,,10.0,4.8,10.0,3.4,10,3.3,10.0,103.0,10.0
2008-01-30T02:00+00:00,5805,,,111.0,10.0,123.0,10.0,2.8,10.0,6.9,10.0,998.2,10.0,,,92,10,0.0,10,0.0,10,,,0.0,10,4.5,,,10.0,4.8,,,10.0,4.9,10.0,3.4,10,3.3,10.0,231.0,10.0
2008-01-30T03:00+00:00,5805,,,109.0,10.0,99.0,10.0,3.2,10.0,7.3,10.0,997.6,10.0,,,92,10,0.0,10,0.0,10,,,0.0,10,4.4,,,10.0,4.7,,,10.0,4.9,10.0,3.1,10,3.1,10.0,316.0,10.0
2008-01-30T04:00+00:00,5805,,,105.0,10.0,102.0,10.0,3.3,10.0,6.8,10.0,996.9,10.0,,,92,10,0.0,10,0.0,10,,,0.0,10,4.4,,,10.0,4.7,,,10.0,4.9,10.0,3.0,10,3.0,10.0,450.0,10.0
2008-01-30T05:00+00:00,5805,,,103.0,10.0,111.0,10.0,3.1,10.0,7.4,10.0,996.3,10.0,,,92,10,0.0,10,0.0,10,,,0.0,10,4.3,,,10.0,4.6,,,10.0,4.9,10.0,2.7,10,2.7,10.0,527.0,10.0
2008-01-30T06:00+00:00,5805,,,101.0,10.0,130.0,10.0,3.0,10.0,6.8,10.0,995.8,10.0,,,91,10,0.0,10,0.0,10,,,0.0,10,4.2,,,10.0,4.6,,,10.0,4.9,10.0,2.3,10,2.3,10.0,616.0,10.0
2008-01-30T07:00+00:00,5805,,,88.0,10.0,121.0,10.0,2.6,10.0,6.6,10.0,995.5,10.0,,,89,10,0.0,10,0.0,10,,,0.0,10,4.1,,,10.0,4.6,,,10.0,4.9,10.0,2.0,10,1.6,10.0,751.0,10.0
2008-01-30T08:00+00:00,5805,,,81.0,10.0,118.0,10.0,2.6,10.0,5.7,10.0,995.1,10.0,,,81,10,0.0,10,0.0,10,,,0.7,10,4.1,,,10.0,4.5,,,10.0,4.9,10.0,2.7,10,1.6,10.0,804.0,10.0
2008-01-30T09:00+00:00,5805,,,106.0,10.0,127.0,10.0,3.3,10.0,7.6,10.0,994.9,10.0,,,70,10,0.0,10,0.0,10,,,1.0,10,4.2,,,10.0,4.5,,,10.0,4.9,10.0,3.9,10,3.8,10.0,944.0,10.0
2008-01-30T10:00+00:00,5805,,,115.0,10.0,127.0,10.0,3.6,10.0,8.7,10.0,995.2,10.0,,,65,10,0.0,10,0.0,10,,,1.0,10,4.4,,,10.0,4.5,,,10.0,4.9,10.0,4.4,10,5.4,10.0,1033.0,10.0
2008-01-30T11:00+00:00,5805,,,115.0,10.0,161.0,10.0,2.2,10.0,6.6,10.0,994.9,10.0,,,63,10,0.0,10,0.0,10,,,0.5,10,4.6,,,10.0,4.5,,,10.0,4.9,10.0,5.0,10,6.3,10.0,1103.0,10.0
2008-01-30T12:00+00:00,5805,,,115.0,10.0,128.0,10.0,1.9,10.0,5.3,10.0,994.2,10.0,,,60,10,0.0,10,0.0,10,,,0.0,10,4.8,,,10.0,4.5,,,10.0,4.9,10.0,5.4,10,6.4,10.0,1251.0,10.0
2008-01-30T13:00+00:00,5805,,,111.0,10.0,142.0,10.0,1.6,10.0,4.7,10.0,993.6,10.0,,,59,10,0.0,10,0.0,10,,,0.0,10,4.9,,,10.0,4.6,,,10.0,4.9,10.0,5.8,10,6.4,10.0,1400.0,10.0
2008-01-30T14:00+00:00,5805,,,114.0,10.0,116.0,10.0,1.2,10.0,4.2,10.0,993.3,10.0,,,58,10,0.0,10,0.0,10,,,0.0,10,5.0,,,10.0,4.6,,,10.0,4.9,10.0,6.0,10,6.3,10.0,1426.0,10.0
2008-01-30T15:00+00:00,5805,,,299.0,10.0,275.0,10.0,0.6,10.0,6.1,10.0,993.3,10.0,,,65,10,0.0,10,0.0,10,,,0.0,10,5.0,,,10.0,4.7,,,10.0,4.9,10.0,6.1,10,6.0,10.0,1547.0,10.0
2008-01-30T16:00+00:00,5805,,,284.0,10.0,287.0,10.0,2.4,10.0,6.6,10.0,993.5,10.0,,,71,10,0.0,10,0.0,10,,,0.0,10,4.9,,,10.0,4.7,,,10.0,4.9,10.0,5.6,10,4.8,10.0,1608.0,10.0
2008-01-30T17:00+00:00,5805,,,285.0,10.0,319.0,10.0,3.3,10.0,8.8,10.0,993.7,10.0,,,75,10,0.0,10,0.0,10,,,0.0,10,4.8,,,10.0,4.8,,,10.0,4.9,10.0,5.0,10,4.1,10.0,1741.0,10.0
2008-01-30T18:00+00:00,5805,,,288.0,10.0,298.0,10.0,4.1,10.0,10.3,10.0,993.5,10.0,,,76,10,0.0,10,0.0,10,,,0.0,10,4.7,,,10.0,4.8,,,10.0,4.9,10.0,5.0,10,3.9,10.0,1851.0,10.0
2008-01-30T19:00+00:00,5805,,,289.0,10.0,280.0,10.0,4.5,10.0,10.1,10.0,993.7,10.0,,,77,10,0.0,10,0.0,10,,,0.0,10,4.6,,,10.0,4.7,,,10.0,4.9,10.0,4.5,10,3.5,10.0,1929.0,10.0
2008-01-30T20:00+00:00,5805,,,292.0,10.0,289.0,10.0,4.1,10.0,9.8,10.0,993.8,10.0,,,76,10,0.0,10,0.0,10,,,0.0,10,4.5,,,10.0,4.7,,,10.0,4.9,10.0,4.7,10,3.3,10.0,2034.0,10.0
2008-01-30T21:00+00:00,5805,,,301.0,10.0,318.0,10.0,4.0,10.0,10.2,10.0,994.1,10.0,,,76,10,0.0,10,0.0,10,,,0.0,10,4.4,,,10.0,4.7,,,10.0,4.9,10.0,4.5,10,3.5,10.0,2106.0,10.0
2008-01-30T22:00+00:00,5805,,,303.0,10.0,321.0,10.0,3.5,10.0,8.5,10.0,994.0,10.0,,,76,10,0.0,10,0.0,10,,,0.0,10,4.3,,,10.0,4.6,,,10.0,4.9,10.0,4.8,10,3.6,10.0,2255.0,10.0
2008-01-30T23:00+00:00,5805,,,298.0,10.0,308.0,10.0,3.6,10.0,7.8,10.0,994.3,10.0,,,87,10,0.7,10,42.0,10,,,0.0,10,4.3,,,10.0,4.6,,,10.0,4.9,10.0,4.0,10,3.1,10.0,2344.0,10.0
2008-01-31T00:00+00:00,5805,,,299.0,10.0,280.0,10.0,3.9,10.0,9.4,10.0,994.6,10.0,,,88,10,0.7,10,56.0,10,,,0.0,10,4.2,,,10.0,4.6,,,10.0,4.9,10.0,3.8,10,3.1,10.0,18.0,10.0
2008-01-31T01:00+00:00,5805,,,297.0,10.0,281.0,10.0,3.9,10.0,9.0,10.0,994.6,10.0,,,89,10,0.6,10,56.0,10,,,0.0,10,4.2,,,10.0,4.5,,,10.0,4.9,10.0,4.0,10,3.1,10.0,141.0,10.0
2008-01-31T02:00+00:00,5805,,,295.0,10.0,310.0,10.0,3.6,10.0,8.5,10.0,994.6,10.0,,,88,10,0.3,10,53.0,10,,,0.0,10,4.2,,,10.0,4.5,,,10.0,4.9,10.0,3.9,10,3.1,10.0,240.0,10.0
2008-01-31T03:00+00:00,5805,,,293.0,10.0,287.0,10.0,3.5,10.0,9.1,10.0,994.5,10.0,,,88,10,0.1,10,24.0,10,,,0.0,10,4.2,,,10.0,4.5,,,10.0,4.9,10.0,4.0,10,3.0,10.0,326.0,10.0
2008-01-31T04:00+00:00,5805,,,298.0,10.0,327.0,10.0,3.8,10.0,8.9,10.0,995.1,10.0,,,87,10,0.2,10,24.0,10,,,0.0,10,4.2,,,10.0,4.5,,,10.0,4.9,10.0,3.8,10,3.0,10.0,436.0,10.0
2008-01-31T05:00+00:00,5805,,,298.0,10.0,318.0,10.0,4.0,10.0,9.9,10.0,995.6,10.0,,,90,10,1.3,10,60.0,10,,,0.0,10,4.1,,,10.0,4.4,,,10.0,4.9,10.0,3.4,10,2.8,10.0,507.0,10.0
2008-01-31T06:00+00:00,5805,,,297.0,10.0,271.0,10.0,3.9,10.0,8.7,10.0,996.7,10.0,,,91,10,1.1,10,60.0,10,,,0.0,10,4.1,,,10.0,4.4,,,10.0,4.9,10.0,3.1,10,2.5,10.0,639.0,10.0
2008-01-31T07:00+00:00,5805,,,305.0,10.0,266.0,10.0,3.1,10.0,7.7,10.0,997.5,10.0,,,90,10,0.2,10,55.0,10,,,0.0,10,4.0,,,10.0,4.4,,,10.0,4.9,10.0,3.0,10,2.4,10.0,708.0,10.0
2008-01-31T08:00+00:00,5805,,,309.0,10.0,300.0,10.0,2.6,10.0,5.3,10.0,997.9,10.0,,,90,10,0.0,10,4.0,10,,,0.0,10,4.0,,,10.0,4.4,,,10.0,4.9,10.0,2.9,10,2.4,10.0,848.0,10.0
2008-01-31T09:00+00:00,5805,,,308.0,10.0,311.0,10.0,2.2,10.0,4.6,10.0,998.1,10.0,,,87,10,0.0,10,2.0,10,,,0.0,10,4.0,,,10.0,4.3,,,10.0,4.9,10.0,3.2,10,2.4,10.0,901.0,10.0
2008-01-31T10:00+00:00,5805,,,300.0,10.0,311.0,10.0,2.5,10.0,5.7,10.0,998.0,10.0,,,86,10,0.0,10,1.0,10,,,0.0,10,4.0,,,10.0,4.3,,,10.0,4.9,10.0,3.4,10,2.6,10.0,1040.0,10.0
2008-01-31T11:00+00:00,5805,,,287.0,10.0,274.0,10.0,3.5,10.0,6.3,10.0,997.4,10.0,,,83,10,0.0,10,0.0,10,,,0.1,10,4.2,,,10.0,4.3,,,10.0,4.9,10.0,3.9,10,4.0,10.0,1152.0,10.0
2008-01-31T12:00+00:00,5805,,,287.0,10.0,290.0,10.0,4.1,10.0,7.5,10.0,996.6,10.0,,,81,10,0.0,10,0.0,10,,,0.1,10,4.4,,,10.0,4.3,,,10.0,4.9,10.0,4.0,10,4.7,10.0,1240.0,10.0
2008-01-31T13:00+00:00,5805,,,289.0,10.0,267.0,10.0,3.0,10.0,6.1,10.0,995.9,10.0,,,79,10,0.0,10,0.0,10,,,0.0,10,4.6,,,10.0,4.4,,,10.0,4.9,10.0,4.3,10,4.5,10.0,1303.0,10.0
2008-01-31T14:00+00:00,5805,,,290.0,10.0,309.0,10.0,2.2,10.0,5.3,10.0,995.4,10.0,,,74,10,0.0,10,0.0,10,,,0.2,10,4.7,,,10.0,4.5,,,10.0,4.9,10.0,5.2,10,4.4,10.0,1434.0,10.0
2008-01-31T15:00+00:00,5805,,,282.0,10.0,295.0,10.0,1.8,10.0,4.4,10.0,994.7,10.0,,,67,10,0.0,10,0.0,10,,,0.8,10,4.9,,,10.0,4.5,,,10.0,4.9,10.0,5.4,10,5.1,10.0,1521.0,10.0
2008-01-31T16:00+00:00,5805,,,299.0,10.0,305.0,10.0,0.9,10.0,2.7,10.0,994.0,10.0,,,77,10,0.0,10,0.0,10,,,0.5,10,4.7,,,10.0,4.6,,,10.0,4.9,10.0,2.9,10,-0.2,10.0,1630.0,10.0
2008-01-31T17:00+00:00,5805,,,344.0,10.0,331.0,10.0,0.8,10.0,2.8,10.0,994.1,10.0,,,90,10,0.0,10,0.0,10,,,0.0,10,4.4,,,10.0,4.6,,,10.0,4.9,10.0,0.6,10,-1.5,10.0,1725.0,10.0
2008-01-31T18:00+00:00,5805,,,360.0,10.0,6.0,10.0,0.6,10.0,2.7,10.0,993.3,10.0,,,92,10,0.0,10,0.0,10,,,0.0,10,4.0,,,10.0,4.6,,,10.0,4.9,10.0,-0.4,10,-2.9,10.0,1848.0,10.0
2008-01-31T19:00+00:00,5805,,,41.0,10.0,83.0,10.0,1.2,10.0,4.0,10.0,992.6,10.0,,,81,10,0.0,10,0.0,10,,,0.0,10,3.7,,,10.0,4.5,,,10.0,4.9,10.0,2.1,10,-2.6,10.0,1938.0,10.0
2008-01-31T20:00+00:00,5805,,,57.0,10.0,63.0,10.0,1.7,10.0,5.3,10.0,991.5,10.0,,,78,10,0.0,10,0.0,10,,,0.0,10,3.6,,,10.0,4.4,,,10.0,4.9,10.0,2.1,10,-0.8,10.0,2019.0,10.0
2008-01-31T21:00+00:00,5805,,,60.0,10.0,21.0,10.0,2.0,10.0,4.8,10.0,991.0,10.0,,,81,10,0.0,10,0.0,10,,,0.0,10,3.4,,,10.0,4.3,,,10.0,4.9,10.0,1.5,10,-0.5,10.0,2116.0,10.0
2008-01-31T22:00+00:00,5805,,,61.0,10.0,47.0,10.0,2.3,10.0,4.9,10.0,990.1,10.0,,,83,10,0.0,10,0.0,10,,,0.0,10,3.3,,,10.0,4.2,,,10.0,4.9,10.0,1.3,10,-0.9,10.0,2249.0,10.0
2008-01-31T23:00+00:00,5805,,,44.0,10.0,55.0,10.0,1.4,10.0,4.1,10.0,989.2,10.0,,,89,10,0.0,10,0.0,10,,,0.0,10,3.1,,,10.0,4.1,,,10.0,4.9,10.0,-0.4,10,-2.5,10.0,2320.0,10.0
2008-02-01T00:00+00:00,5805,,,315.0,10.0,354.0,10.0,0.8,10.0,2.3,10.0,988.7,10.0,,,92,10,0.0,10,0.0,10,,,0.0,10,2.9,,,10.0,4.0,,,10.0,4.9,10.0,-1.7,10,-3.6,10.0,24.0,10.0
2008-02-01T01:00+00:00,5805,,,347.0,10.0,7.0,10.0,0.6,10.0,2.3,10.0,988.1,10.0,,,92,10,0.0,10,0.0,10,,,0.0,10,2.7,,,10.0,3.9,,,10.0,4.9,10.0,-1.8,10,-4.0,10.0,125.0,10.0
2008-02-01T02:00+00:00,5805,,,336.0,10.0,11.0,10.0,0.9,10.0,2.4,10.0,987.6,10.0,,,92,10,0.0,10,0.0,10,,,0.0,10,2.6,,,10.0,3.8,,,10.0,4.9,10.0,-1.4,10,-3.7,10.0,254.0,10.0
2008-02-01T03:00+00:00,5805,,,334.0,10.0,348.0,10.0,0.8,10.0,2.1,10.0,986.6,10.0,,,92,10,0.0,10,0.0,10,,,0.0,10,2.5,,,10.0,3.7,,,10.0,4.9,10.0,-2.4,10,-4.4,10.0,346.0,10.0
2008-02-01T04:00+00:00,5805,,,360.0,10.0,3.0,10.0,0.8,10.0,2.1,10.0,985.8,10.0,,,92,10,0.0,10,0.0,10,,,0.0,10,2.3,,,10.0,3.6,,,10.0,4.9,10.0,-2.8,10,-4.6,10.0,408.0,10.0
2008-02-01T05:00+00:00,5805,,,357.0,10.0,340.0,10.0,0.9,10.0,2.3,10.0,985.8,10.0,,,92,10,0.0,10,0.0,10,,,0.0,10,2.2,,,10.0,3.5,,,10.0,4.8,10.0,-2.8,10,-4.7,10.0,513.0,10.0
2008-02-01T06:00+00:00,5805,,,354.0,10.0,336.0,10.0,0.9,10.0,2.1,10.0,985.6,10.0,,,92,10,0.0,10,0.0,10,,,0.0,10,2.1,,,10.0,3.4,,,10.0,4.8,10.0,-3.1,10,-5.0,10.0,604.0,10.0
2008-02-01T07:00+00:00,5805,,,1.0,10.0,5.0,10.0,0.7,10.0,2.1,10.0,985.6,10.0,,,92,10,0.0,10,0.0,10,,,0.0,10,2.0,,,10.0,3.3,,,10.0,4.8,10.0,-2.8,10,-5.2,10.0,723.0,10.0
2008-02-01T08:00+00:00,5805,,,34.0,10.0,7.0,10.0,0.7,10.0,2.2,10.0,985.0,10.0,,,92,10,0.0,10,0.0,10,,,0.0,10,2.1,,,10.0,3.2,,,10.0,4.8,10.0,-0.6,10,-3.0,10.0,842.0,10.0
2008-02-01T09:00+00:00,5805,,,90.0,10.0,129.0,10.0,1.4,10.0,3.7,10.0,985.1,10.0,,,91,10,0.0,10,0.0,10,,,0.0,10,2.1,,,10.0,3.1,,,10.0,4.7,10.0,1.1,10,-0.3,10.0,932.0,10.0
2008-02-01T10:00+00:00,5805,,,112.0,10.0,118.0,10.0,2.2,10.0,5.5,10.0,984.9,10.0,,,89,10,0.0,10,0.0,10,,,0.0,10,2.2,,,10.0,3.1,,,10.0,4.7,10.0,1.7,10,1.0,10.0,1024.0,10.0
2008-02-01T11:00+00:00,5805,,,113.0,10.0,130.0,10.0,2.2,10.0,7.2,10.0,983.0,10.0,,,89,10,0.0,10,0.0,10,,,0.0,10,2.3,,,10.0,3.1,,,10.0,4.7,10.0,1.9,10,1.6,10.0,1139.0,10.0
2008-02-01T12:00+00:00,5805,,,105.0,10.0,127.0,10.0,2.9,10.0,7.1,10.0,982.3,10.0,,,88,10,0.0,10,0.0,10,,,0.0,10,2.4,,,10.0,3.0,,,10.0,4.7,10.0,2.5,10,1.8,10.0,1207.0,10.0
2008-02-01T13:00+00:00,5805,,,104.0,10.0,99.0,10.0,2.3,10.0,5.7,10.0,981.9,10.0,,,84,10,0.0,10,0.0,10,,,0.0,10,2.6,,,10.0,3.1,,,10.0,4.6,10.0,3.5,10,2.6,10.0,1306.0,10.0
2008-02-01T14:00+00:00,5805,,,119.0,10.0,108.0,10.0,1.6,10.0,4.8,10.0,981.8,10.0,,,83,10,0.0,10,0.0,10,,,0.0,10,2.8,,,10.0,3.1,,,10.0,4.6,10.0,4.1,10,4.2,10.0,1458.0,10.0
2008-02-01T15:00+00:00,5805,,,123.0,10.0,120.0,10.0,0.6,10.0,4.4,10.0,981.7,10.0,,,82,10,0.0,10,0.0,10,,,0.0,10,3.0,,,10.0,3.1,,,10.0,4.6,10.0,4.6,10,4.3,10.0,1501.0,10.0
2008-02-01T16:00+00:00,5805,,,44.0,10.0,317.0,10.0,0.2,10.0,1.6,10.0,981.0,10.0,,,86,10,0.0,10,0.0,10,,,0.0,10,3.1,,,10.0,3.2,,,10.0,4.6,10.0,3.4,10,1.3,10.0,1603.0,10.0
2008-02-01T17:00+00:00,5805,,,354.0,10.0,324.0,10.0,0.3,10.0,1.8,10.0,980.9,10.0,,,91,10,0.0,10,0.0,10,,,0.0,10,2.9,,,10.0,3.3,,,10.0,4.5,10.0,1.1,10,-1.4,10.0,1721.0,10.0
2008-02-01T18:00+00:00,5805,,,356.0,10.0,345.0,10.0,1.0,10.0,2.5,10.0,980.3,10.0,,,92,10,0.0,10,0.0,10,,,0.0,10,2.7,,,10.0,3.3,,,10.0,4.5,10.0,0.0,10,-2.2,10.0,1832.0,10.0
2008-02-01T19:00+00:00,5805,,,78.0,10.0,97.0,10.0,0.4,10.0,2.6,10.0,979.5,10.0,,,92,10,0.0,10,0.0,10,,,0.0,10,2.5,,,10.0,3.2,,,10.0,4.5,10.0,0.2,10,-2.6,10.0,1957.0,10.0
2008-02-01T20:00+00:00,5805,,,83.0,10.0,114.0,10.0,1.7,10.0,3.8,10.0,978.7,10.0,,,92,10,0.0,10,0.0,10,,,0.0,10,2.5,,,10.0,3.2,,,10.0,4.5,10.0,2.2,10,-1.8,10.0,2027.0,10.0
2008-02-01T21:00+00:00,5805,,,78.0,10.0,42.0,10.0,1.7,10.0,4.2,10.0,978.4,10.0,,,92,10,0.0,10,0.0,10,,,0.0,10,2.4,,,10.0,3.2,,,10.0,4.5,10.0,1.6,10,0.1,10.0,2103.0,10.0
2008-02-01T22:00+00:00,5805,,,2.0,10.0,119.0,10.0,0.7,10.0,2.9,10.0,977.6,10.0,,,92,10,0.0,10,0.0,10,,,0.0,10,2.4,,,10.0,3.1,,,10.0,4.4,10.0,1.6,10,-0.3,10.0,2242.0,10.0
2008-02-01T23:00+00:00,5805,,,6.0,10.0,296.0,10.0,0.8,10.0,2.6,10.0,977.0,10.0,,,92,10,0.0,10,0.0,10,,,0.0,10,2.3,,,10.0,3.1,,,10.0,4.4,10.0,0.9,10,-0.2,10.0,2314.0,10.0
2008-02-02T00:00+00:00,5805,,,19.0,10.0,90.0,10.0,0.8,10.0,2.5,10.0,976.6,10.0,,,92,10,0.0,10,0.0,10,,,0.0,10,2.3,,,10.0,3.0,,,10.0,4.4,10.0,0.8,10,-0.1,10.0,23.0,10.0
2008-02-02T01:00+00:00,5805,,,351.0,10.0,349.0,10.0,1.0,10.0,2.9,10.0,977.0,10.0,,,92,10,0.0,10,0.0,10,,,0.0,10,2.3,,,10.0,3.0,,,10.0,4.4,10.0,0.4,10,-0.3,10.0,143.0,10.0
2008-02-02T02:00+00:00,5805,,,312.0,10.0,303.0,10.0,1.5,10.0,3.2,10.0,976.9,10.0,,,92,10,0.0,10,0.0,10,,,0.0,10,2.3,,,10.0,3.0,,,10.0,4.4,10.0,1.0,10,-0.3,10.0,205.0,10.0
2008-02-02T03:00+00:00,5805,,,308.0,10.0,291.0,10.0,2.1,10.0,4.6,10.0,977.4,10.0,,,92,10,0.0,10,0.0,10,,,0.0,10,2.3,,,10.0,3.0,,,10.0,4.4,10.0,0.9,10,0.0,10.0,333.0,10.0
2008-02-02T04:00+00:00,5805,,,315.0,10.0,308.0,10.0,1.8,10.0,4.6,10.0,978.9,10.0,,,91,10,0.0,10,0.0,10,,,0.0,10,2.2,,,10.0,2.9,,,10.0,4.4,10.0,1.2,10,0.0,10.0,455.0,10.0
2008-02-02T05:00+00:00,5805,,,306.0,10.0,284.0,10.0,2.4,10.0,5.6,10.0,980.2,10.0,,,92,10,0.0,10,0.0,10,,,0.0,10,2.2,,,10.0,2.9,,,10.0,4.3,10.0,0.8,10,0.0,10.0,528.0,10.0
2008-02-02T06:00+00:00,5805,,,330.0,10.0,303.0,10.0,1.8,10.0,4.5,10.0,981.1,10.0,,,92,10,0.0,10,0.0,10,,,0.0,10,2.2,,,10.0,2.9,,,10.0,4.3,10.0,1.2,10,-0.1,10.0,610.0,10.0
2008-02-02T07:00+00:00,5805,,,348.0,10.0,312.0,10.0,1.7,10.0,3.9,10.0,982.3,10.0,,,81,10,0.0,10,0.0,10,,,0.0,10,2.3,,,10.0,2.9,,,10.0,4.3,10.0,3.2,10,0.4,10.0,748.0,10.0
2008-02-02T08:00+00:00,5805,,,313.0,10.0,321.0,10.0,2.1,10.0,6.1,10.0,982.9,10.0,,,76,10,0.0,10,0.0,10,,,0.0,10,2.5,,,10.0,2.9,,,10.0,4.3,10.0,5.0,10,1.8,10.0,852.0,10.0
2008-02-02T09:00+00:00,5805,,,290.0,10.0,292.0,10.0,4.8,10.0,10.7,10.0,984.2,10.0,,,76,10,0.0,10,19.0,10,,,0.0,10,2.7,,,10.0,2.9,,,10.0,4.3,10.0,5.4,10,3.8,10.0,946.0,10.0
2008-02-02T10:00+00:00,5805,,,287.0,10.0,286.0,10.0,5.9,10.0,13.2,10.0,985.9,10.0,,,86,10,0.8,10,60.0,10,,,0.0,10,2.8,,,10.0,2.9,,,10.0,4.3,10.0,3.6,10,3.0,10.0,1045.0,10.0
2008-02-02T11:00+00:00,5805,,,288.0,10.0,307.0,10.0,5.2,10.0,11.3,10.0,986.3,10.0,,,87,10,0.7,10,58.0,10,,,0.0,10,2.9,,,10.0,3.0,,,10.0,4.2,10.0,3.6,10,2.9,10.0,1108.0,10.0
2008-02-02T12:00+00:00,5805,,,293.0,10.0,293.0,10.0,4.5,10.0,10.4,10.0,986.8,10.0,,,78,10,0.0,10,3.0,10,,,0.0,10,3.0,,,10.0,3.0,,,10.0,4.2,10.0,4.3,10,3.3,10.0,1237.0,10.0
2008-02-02T13:00+00:00,5805,,,291.0,10.0,291.0,10.0,5.4,10.0,11.9,10.0,987.2,10.0,,,75,10,0.0,10,0.0,10,,,0.0,10,3.2,,,10.0,3.1,,,10.0,4.2,10.0,4.8,10,4.1,10.0,1346.0,10.0
2008-02-02T14:00+00:00,5805,,,292.0,10.0,290.0,10.0,4.9,10.0,12.2,10.0,988.2,10.0,,,72,10,0.0,10,0.0,10,,,0.0,10,3.3,,,10.0,3.2,,,10.0,4.2,10.0,5.0,10,4.4,10.0,1403.0,10.0
2008-02-02T15:00+00:00,5805,,,294.0,10.0,281.0,10.0,4.5,10.0,10.2,10.0,988.9,10.0,,,71,10,0.0,10,0.0,10,,,0.0,10,3.4,,,10.0,3.2,,,10.0,4.2,10.0,5.0,10,4.2,10.0,1515.0,10.0
2008-02-02T16:00+00:00,5805,,,294.0,10.0,284.0,10.0,5.6,10.0,12.4,10.0,990.3,10.0,,,70,10,0.0,10,0.0,10,,,0.0,10,3.4,,,10.0,3.3,,,10.0,4.2,10.0,4.9,10,4.1,10.0,1646.0,10.0
2008-02-02T17:00+00:00,5805,,,299.0,10.0,307.0,10.0,5.1,10.0,12.0,10.0,991.4,10.0,,,66,10,0.0,10,0.0,10,,,0.0,10,3.3,,,10.0,3.3,,,10.0,4.2,10.0,4.9,10,3.9,10.0,1720.0,10.0
2008-02-02T18:00+00:00,5805,,,295.0,10.0,269.0,10.0,5.0,10.0,12.6,10.0,992.7,10.0,,,65,10,0.0,10,0.0,10,,,0.0,10,3.3,,,10.0,3.4,,,10.0,4.2,10.0,4.9,10,3.9,10.0,1801.0,10.0
2008-02-02T19:00+00:00,5805,,,298.0,10.0,317.0,10.0,4.4,10.0,10.0,10.0,994.0,10.0,,,64,10,0.0,10,0.0,10,,,0.0,10,3.3,,,10.0,3.4,,,10.0,4.2,10.0,4.6,10,3.7,10.0,1920.0,10.0
2008-02-02T20:00+00:00,5805,,,304.0,10.0,309.0,10.0,4.4,10.0,9.5,10.0,995.4,10.0,,,64,10,0.0,10,0.0,10,,,0.0,10,3.2,,,10.0,3.4,,,10.0,4.2,10.0,4.3,10,3.4,10.0,2015.0,10.0
2008-02-02T21:00+00:00,5805,,,298.0,10.0,285.0,10.0,3.5,10.0,8.2,10.0,996.3,10.0,,,66,10,0.0,10,0.0,10,,,0.0,10,3.1,,,10.0,3.4,,,10.0,4.2,10.0,3.4,10,1.7,10.0,2131.0,10.0
2008-02-02T22:00+00:00,5805,,,291.0,10.0,314.0,10.0,3.4,10.0,7.2,10.0,997.1,10.0,,,68,10,0.0,10,0.0,10,,,0.0,10,3.0,,,10.0,3.4,,,10.0,4.2,10.0,2.9,10,0.3,10.0,2234.0,10.0
2008-02-02T23:00+00:00,5805,,,295.0,10.0,296.0,10.0,2.7,10.0,6.7,10.0,998.1,10.0,,,67,10,0.0,10,0.0,10,,,0.0,10,2.8,,,10.0,3.3,,,10.0,4.2,10.0,2.8,10,0.0,10.0,2303.0,10.0
2008-02-03T00:00+00:00,5805,,,328.0,10.0,327.0,10.0,1.6,10.0,4.5,10.0,998.2,10.0,,,73,10,0.0,10,0.0,10,,,0.0,10,2.6,,,10.0,3.3,,,10.0,4.2,10.0,1.4,10,-1.1,10.0,10.0,10.0
2008-02-03T01:00+00:00,5805,,,360.0,10.0,2.0,10.0,0.8,10.0,3.4,10.0,998.7,10.0,,,85,10,0.0,10,0.0,10,,,0.0,10,2.4,,,10.0,3.2,,,10.0,4.2,10.0,-0.7,10,-3.4,10.0,135.0,10.0
2008-02-03T02:00+00:00,5805,,,353.0,10.0,5.0,10.0,0.6,10.0,2.1,10.0,999.2,10.0,,,90,10,0.0,10,0.0,10,,,0.0,10,2.2,,,10.0,3.1,,,10.0,4.2,10.0,-1.8,10,-4.2,10.0,216.0,10.0
2008-02-03T03:00+00:00,5805,,,355.0,10.0,10.0,10.0,0.7,10.0,2.1,10.0,999.5,10.0,,,91,10,0.0,10,0.0,10,,,0.0,10,2.0,,,10.0,3.0,,,10.0,4.2,10.0,-2.3,10,-4.7,10.0,329.0,10.0
2008-02-03T04:00+00:00,5805,,,351.0,10.0,321.0,10.0,1.0,10.0,2.1,10.0,999.6,10.0,,,92,10,0.0,10,0.0,10,,,0.0,10,1.9,,,10.0,3.0,,,10.0,4.2,10.0,-2.6,10,-5.2,10.0,459.0,10.0
2008-02-03T05:00+00:00,5805,,,2.0,10.0,322.0,10.0,0.9,10.0,2.3,10.0,999.8,10.0,,,92,10,0.0,10,0.0,10,,,0.0,10,1.8,,,10.0,2.9,,,10.0,4.2,10.0,-3.0,10,-5.6,10.0,600.0,10.0
2008-02-03T06:00+00:00,5805,,,352.0,10.0,350.0,10.0,1.0,10.0,2.2,10.0,1000.0,10.0,,,92,10,0.0,10,0.0,10,,,0.0,10,1.7,,,10.0,2.8,,,10.0,4.2,10.0,-3.5,10,-5.6,10.0,628.0,10.0
2008-02-03T07:00+00:00,5805,,,3.0,10.0,17.0,10.0,0.9,10.0,2.5,10.0,999.9,10.0,,,92,10,0.0,10,0.0,10,,,0.4,10,1.6,,,10.0,2.7,,,10.0,4.2,10.0,-3.4,10,-5.9,10.0,751.0,10.0
2008-02-03T08:00+00:00,5805,,,354.0,10.0,352.0,10.0,0.6,10.0,2.1,10.0,999.7,10.0,,,88,10,0.0,10,0.0,10,,,1.0,10,1.7,,,10.0,2.6,,,10.0,4.1,10.0,-0.4,10,-3.4,10.0,806.0,10.0
2008-02-03T09:00+00:00,5805,,,79.0,10.0,119.0,10.0,2.1,10.0,7.0,10.0,999.2,10.0,,,64,10,0.0,10,0.0,10,,,0.6,10,1.9,,,10.0,2.6,,,10.0,4.1,10.0,2.2,10,0.6,10.0,953.0,10.0
2008-02-03T10:00+00:00,5805,,,103.0,10.0,136.0,10.0,3.3,10.0,7.9,10.0,998.6,10.0,,,59,10,0.0,10,0.0,10,,,1.0,10,2.2,,,10.0,2.6,,,10.0,4.1,10.0,4.5,10,4.1,10.0,1058.0,10.0
2008-02-03T11:00+00:00,5805,,,115.0,10.0,103.0,10.0,4.8,10.0,11.2,10.0,997.6,10.0,,,57,10,0.0,10,0.0,10,,,1.0,10,2.4,,,10.0,2.6,,,10.0,4.1,10.0,5.4,10,6.5,10.0,1114.0,10.0
2008-02-03T12:00+00:00,5805,,,112.0,10.0,135.0,10.0,5.0,10.0,11.8,10.0,996.5,10.0,,,57,10,0.0,10,0.0,10,,,1.0,10,2.9,,,10.0,2.6,,,10.0,4.1,10.0,6.5,10,7.6,10.0,1201.0,10.0
2008-02-03T13:00+00:00,5805,,,122.0,10.0,139.0,10.0,4.2,10.0,11.6,10.0,995.6,10.0,,,54,10,0.0,10,0.0,10,,,1.0,10,3.4,,,10.0,2.7,,,10.0,4.1,10.0,6.9,10,8.9,10.0,1334.0,10.0
2008-02-03T14:00+00:00,5805,,,127.0,10.0,117.0,10.0,4.8,10.0,12.6,10.0,995.3,10.0,,,51,10,0.0,10,0.0,10,,,1.0,10,3.7,,,10.0,2.9,,,10.0,4.0,10.0,6.8,10,8.3,10.0,1449.0,10.0
2008-02-03T15:00+00:00,5805,,,121.0,10.0,100.0,10.0,3.8,10.0,11.1,10.0,994.9,10.0,,,57,10,0.0,10,0.0,10,,,1.0,10,3.7,,,10.0,3.0,,,10.0,4.0,10.0,5.9,10,5.7,10.0,1508.0,10.0
2008-02-03T16:00+00:00,5805,,,113.0,10.0,150.0,10.0,4.0,10.0,11.9,10.0,994.4,10.0,,,61,10,0.0,10,0.0,10,,,0.5,10,3.6,,,10.0,3.1,,,10.0,4.0,10.0,5.0,10,3.9,10.0,1619.0,10.0
2008-02-03T17:00+00:00,5805,,,93.0,10.0,89.0,10.0,4.0,10.0,10.3,10.0,994.5,10.0,,,64,10,0.0,10,0.0,10,,,0.0,10,3.3,,,10.0,3.2,,,10.0,4.0,10.0,4.1,10,2.8,10.0,1723.0,10.0
2008-02-03T18:00+00:00,5805,,,94.0,10.0,97.0,10.0,3.5,10.0,10.6,10.0,993.9,10.0,,,66,10,0.0,10,0.0,10,,,0.0,10,3.2,,,10.0,3.2,,,10.0,4.0,10.0,3.7,10,2.0,10.0,1821.0,10.0
2008-02-03T19:00+00:00,5805,,,127.0,10.0,165.0,10.0,1.9,10.0,10.8,10.0,993.6,10.0,,,68,10,0.0,10,0.0,10,,,0.0,10,3.0,,,10.0,3.2,,,10.0,4.0,10.0,3.6,10,1.8,10.0,1906.0,10.0
2008-02-03T20:00+00:00,5805,,,130.0,10.0,126.0,10.0,2.9,10.0,9.8,10.0,993.1,10.0,,,69,10,0.0,10,0.0,10,,,0.0,10,2.9,,,10.0,3.1,,,10.0,4.0,10.0,3.6,10,2.1,10.0,2058.0,10.0
2008-02-03T21:00+00:00,5805,,,133.0,10.0,141.0,10.0,3.4,10.0,10.9,10.0,992.5,10.0,,,71,10,0.0,10,0.0,10,,,0.0,10,2.8,,,10.0,3.1,,,10.0,4.0,10.0,3.5,10,2.4,10.0,2157.0,10.0
2008-02-03T22:00+00:00,5805,,,133.0,10.0,127.0,10.0,3.6,10.0,11.5,10.0,992.0,10.0,,,74,10,0.0,10,0.0,10,,,0.0,10,2.7,,,10.0,3.1,,,10.0,4.0,10.0,3.3,10,2.1,10.0,2214.0,10.0
2008-02-03T23:00+00:00,5805,,,96.0,10.0,119.0,10.0,2.9,10.0,9.6,10.0,991.7,10.0,,,77,10,0.0,10,0.0,10,,,0.0,10,2.7,,,10.0,3.1,,,10.0,4.0,10.0,3.4,10,1.7,10.0,2323.0,10.0
2008-02-04T00:00+00:00,5805,,,93.0,10.0,113.0,10.0,3.0,10.0,8.5,10.0,991.2,10.0,,,80,10,0.0,10,0.0,10,,,0.0,10,2.6,,,10.0,3.0,,,10.0,4.0,10.0,3.5,10,1.7,10.0,32.0,10.0
2008-02-04T01:00+00:00,5805,,,90.0,10.0,108.0,10.0,3.1,10.0,8.6,10.0,990.8,10.0,,,81,10,0.0,10,0.0,10,,,0.0,10,2.6,,,10.0,3.0,,,10.0,4.0,10.0,3.7,10,2.0,10.0,139.0,10.0
2008-02-04T02:00+00:00,5805,,,74.0,10.0,110.0,10.0,2.8,10.0,9.4,10.0,990.2,10.0,,,81,10,0.0,10,0.0,10,,,0.0,10,2.6,,,10.0,3.0,,,10.0,4.0,10.0,3.8,10,2.1,10.0,237.0,10.0
2008-02-04T03:00+00:00,5805,,,95.0,10.0,110.0,10.0,1.9,10.0,10.0,10.0,989.4,10.0,,,83,10,0.0,10,0.0,10,,,0.0,10,2.6,,,10.0,3.0,,,10.0,4.0,10.0,3.6,10,2.0,10.0,400.0,10.0
2008-02-04T04:00+00:00,5805,,,94.0,10.0,116.0,10.0,3.0,10.0,9.8,10.0,988.9,10.0,,,83,10,0.0,10,0.0,10,,,0.0,10,2.6,,,10.0,2.9,,,10.0,4.0,10.0,3.8,10,2.2,10.0,438.0,10.0
2008-02-04T05:00+00:00,5805,,,87.0,10.0,122.0,10.0,2.3,10.0,9.8,10.0,988.3,10.0,,,83,10,0.0,10,0.0,10,,,0.0,10,2.6,,,10.0,2.9,,,10.0,4.0,10.0,4.0,10,2.7,10.0,507.0,10.0
2008-02-04T06:00+00:00,5805,,,107.0,10.0,143.0,10.0,2.5,10.0,8.4,10.0,988.4,10.0,,,81,10,0.0,10,0.0,10,,,0.0,10,2.7,,,10.0,2.9,,,10.0,4.0,10.0,4.8,10,3.0,10.0,659.0,10.0
2008-02-04T07:00+00:00,5805,,,147.0,10.0,159.0,10.0,3.9,10.0,11.5,10.0,988.3,10.0,,,82,10,0.0,10,0.0,10,,,0.0,10,2.8,,,10.0,2.9,,,10.0,4.0,10.0,4.1,10,3.6,10.0,745.0,10.0
2008-02-04T08:00+00:00,5805,,,121.0,10.0,145.0,10.0,2.7,10.0,10.3,10.0,988.4,10.0,,,86,10,0.0,10,0.0,10,,,0.0,10,2.8,,,10.0,3.0,,,10.0,4.0,10.0,3.7,10,3.0,10.0,900.0,10.0
2008-02-04T09:00+00:00,5805,,,112.0,10.0,142.0,10.0,3.6,10.0,9.0,10.0,988.2,10.0,,,87,10,0.0,10,0.0,10,,,0.0,10,2.9,,,10.0,3.0,,,10.0,4.0,10.0,3.8,10,3.2,10.0,923.0,10.0
2008-02-04T10:00+00:00,5805,,,104.0,10.0,103.0,10.0,3.5,10.0,8.6,10.0,987.7,10.0,,,86,10,0.0,10,0.0,10,,,0.0,10,3.0,,,10.0,3.0,,,10.0,4.0,10.0,4.9,10,3.7,10.0,1024.0,10.0
2008-02-04T11:00+00:00,5805,,,117.0,10.0,138.0,10.0,3.8,10.0,9.1,10.0,986.6,10.0,,,80,10,0.0,10,0.0,10,,,0.4,10,3.5,,,10.0,3.1,,,10.0,4.0,10.0,6.6,10,5.3,10.0,1146.0,10.0
2008-02-04T12:00+00:00,5805,,,121.0,10.0,130.0,10.0,4.0,10.0,9.8,10.0,985.2,10.0,,,75,10,0.0,10,0.0,10,,,0.1,10,3.7,,,10.0,3.1,,,10.0,3.9,10.0,8.2,10,6.9,10.0,1220.0,10.0
2008-02-04T13:00+00:00,5805,,,126.0,10.0,123.0,10.0,4.4,10.0,11.2,10.0,983.9,10.0,,,68,10,0.0,10,0.0,10,,,1.0,10,4.2,,,10.0,3.3,,,10.0,3.9,10.0,9.7,10,9.2,10.0,1348.0,10.0
2008-02-04T14:00+00:00,5805,,,143.0,10.0,168.0,10.0,4.0,10.0,13.6,10.0,983.8,10.0,,,69,10,0.0,10,0.0,10,,,0.9,10,4.6,,,10.0,3.4,,,10.0,3.9,10.0,9.0,10,9.4,10.0,1457.0,10.0
2008-02-04T15:00+00:00,5805,,,136.0,10.0,171.0,10.0,3.4,10.0,10.8,10.0,983.4,10.0,,,71,10,0.0,10,0.0,10,,,0.2,10,4.6,,,10.0,3.6,,,10.0,3.9,10.0,8.4,10,7.8,10.0,1512.0,10.0
2008-02-04T16:00+00:00,5805,,,110.0,10.0,104.0,10.0,2.3,10.0,7.2,10.0,983.2,10.0,,,71,10,0.0,10,0.0,10,,,0.0,10,4.6,,,10.0,3.7,,,10.0,3.9,10.0,8.3,10,6.7,10.0,1657.0,10.0
2008-02-04T17:00+00:00,5805,,,89.0,10.0,119.0,10.0,1.8,10.0,6.9,10.0,983.5,10.0,,,73,10,0.0,10,0.0,10,,,0.0,10,4.5,,,10.0,3.8,,,10.0,3.9,10.0,7.9,10,5.8,10.0,1712.0,10.0
2008-02-04T18:00+00:00,5805,,,66.0,10.0,45.0,10.0,1.9,10.0,4.4,10.0,983.9,10.0,,,75,10,0.0,10,0.0,10,,,0.0,10,4.4,,,10.0,3.9,,,10.0,4.0,10.0,7.3,10,4.9,10.0,1809.0,10.0
2008-02-04T19:00+00:00,5805,,,43.0,10.0,82.0,10.0,0.8,10.0,2.8,10.0,984.4,10.0,,,83,10,0.0,10,0.0,10,,,0.0,10,4.2,,,10.0,3.9,,,10.0,4.0,10.0,4.7,10,2.0,10.0,1903.0,10.0
2008-02-04T20:00+00:00,5805,,,324.0,10.0,348.0,10.0,0.4,10.0,1.7,10.0,984.9,10.0,,,91,10,0.0,10,0.0,10,,,0.0,10,3.9,,,10.0,3.9,,,10.0,4.0,10.0,2.9,10,0.2,10.0,2047.0,10.0
2008-02-04T21:00+00:00,5805,,,353.0,10.0,334.0,10.0,0.5,10.0,1.6,10.0,985.6,10.0,,,91,10,0.0,10,0.0,10,,,0.0,10,3.7,,,10.0,3.9,,,10.0,4.0,10.0,2.5,10,0.3,10.0,2112.0,10.0
2008-02-04T22:00+00:00,5805,,,344.0,10.0,344.0,10.0,0.8,10.0,2.1,10.0,986.5,10.0,,,92,10,0.0,10,0.0,10,,,0.0,10,3.5,,,10.0,3.8,,,10.0,4.0,10.0,1.8,10,-0.4,10.0,2248.0,10.0
2008-02-04T23:00+00:00,5805,,,324.0,10.0,312.0,10.0,1.1,10.0,3.8,10.0,987.3,10.0,,,91,10,0.0,10,0.0,10,,,0.0,10,3.4,,,10.0,3.7,,,10.0,4.1,10.0,2.9,10,0.1,10.0,2336.0,10.0
2008-02-05T00:00+00:00,5805,,,298.0,10.0,309.0,10.0,2.0,10.0,8.1,10.0,987.8,10.0,,,62,10,0.0,10,0.0,10,,,0.0,10,3.4,,,10.0,3.7,,,10.0,4.1,10.0,7.3,10,0.5,10.0,55.0,10.0
2008-02-05T01:00+00:00,5805,,,296.0,10.0,314.0,10.0,3.3,10.0,7.6,10.0,988.9,10.0,,,63,10,0.0,10,0.0,10,,,0.0,10,3.5,,,10.0,3.6,,,10.0,4.1,10.0,6.9,10,4.6,10.0,114.0,10.0
2008-02-05T02:00+00:00,5805,,,294.0,10.0,274.0,10.0,3.8,10.0,10.0,10.0,989.6,10.0,,,63,10,0.0,10,0.0,10,,,0.0,10,3.5,,,10.0,3.6,,,10.0,4.1,10.0,6.3,10,4.4,10.0,229.0,10.0
2008-02-05T03:00+00:00,5805,,,292.0,10.0,316.0,10.0,3.5,10.0,8.3,10.0,990.4,10.0,,,67,10,0.0,10,0.0,10,,,0.0,10,3.5,,,10.0,3.6,,,10.0,4.1,10.0,5.8,10,3.7,10.0,313.0,10.0
2008-02-05T04:00+00:00,5805,,,291.0,10.0,324.0,10.0,2.6,10.0,6.4,10.0,991.5,10.0,,,73,10,0.0,10,0.0,10,,,0.0,10,3.4,,,10.0,3.6,,,10.0,4.1,10.0,5.3,10,2.6,10.0,448.0,10.0
2008-02-05T05:00+00:00,5805,,,291.0,10.0,315.0,10.0,3.2,10.0,9.1,10.0,992.3,10.0,,,79,10,0.0,10,0.0,10,,,0.0,10,3.4,,,10.0,3.6,,,10.0,4.1,10.0,4.9,10,3.2,10.0,546.0,10.0
2008-02-05T06:00+00:00,5805,,,295.0,10.0,324.0,10.0,3.5,10.0,8.1,10.0,993.4,10.0,,,82,10,0.0,10,0.0,10,,,0.0,10,3.3,,,10.0,3.5,,,10.0,4.1,10.0,4.9,10,2.7,10.0,617.0,10.0
2008-02-05T07:00+00:00,5805,,,291.0,10.0,291.0,10.0,3.5,10.0,8.7,10.0,994.4,10.0,,,82,10,0.0,10,0.0,10,,,0.0,10,3.3,,,10.0,3.5,,,10.0,4.1,10.0,4.9,10,3.3,10.0,740.0,10.0
2008-02-05T08:00+00:00,5805,,,286.0,10.0,320.0,10.0,3.6,10.0,7.2,10.0,995.0,10.0,,,81,10,0.0,10,0.0,10,,,0.2,10,3.5,,,10.0,3.5,,,10.0,4.1,10.0,5.6,10,4.1,10.0,830.0,10.0
2008-02-05T09:00+00:00,5805,,,289.0,10.0,312.0,10.0,3.3,10.0,7.5,10.0,995.5,10.0,,,77,10,0.0,10,0.0,10,,,0.6,10,3.7,,,10.0,3.5,,,10.0,4.1,10.0,6.4,10,6.3,10.0,922.0,10.0
2008-02-05T10:00+00:00,5805,,,303.0,10.0,320.0,10.0,2.9,10.0,7.2,10.0,995.8,10.0,,,73,10,0.0,10,0.0,10,,,0.0,10,3.9,,,10.0,3.5,,,10.0,4.1,10.0,6.7,10,7.2,10.0,1049.0,10.0
2008-02-05T11:00+00:00,5805,,,292.0,10.0,325.0,10.0,2.4,10.0,6.4,10.0,995.7,10.0,,,72,10,0.0,10,0.0,10,,,0.0,10,4.2,,,10.0,3.6,,,10.0,4.1,10.0,7.3,10,7.8,10.0,1109.0,10.0
2008-02-05T12:00+00:00,5805,,,291.0,10.0,319.0,10.0,2.5,10.0,6.6,10.0,995.4,10.0,,,66,10,0.0,10,0.0,10,,,0.3,10,4.6,,,10.0,3.7,,,10.0,4.1,10.0,8.4,10,8.6,10.0,1227.0,10.0
2008-02-05T13:00+00:00,5805,,,312.0,10.0,317.0,10.0,2.8,10.0,6.9,10.0,995.5,10.0,,,68,10,0.0,10,0.0,10,,,0.0,10,4.8,,,10.0,3.9,,,10.0,4.1,10.0,8.0,10,9.1,10.0,1321.0,10.0
2008-02-05T14:00+00:00,5805,,,297.0,10.0,320.0,10.0,2.2,10.0,6.8,10.0,995.3,10.0,,,64,10,0.0,10,0.0,10,,,0.5,10,5.2,,,10.0,4.0,,,10.0,4.1,10.0,9.5,10,8.9,10.0,1409.0,10.0
2008-02-05T15:00+00:00,5805,,,316.0,10.0,359.0,10.0,1.6,10.0,4.8,10.0,995.4,10.0,,,64,10,0.0,10,0.0,10,,,1.0,10,5.4,,,10.0,4.1,,,10.0,4.1,10.0,8.6,10,9.1,10.0,1526.0,10.0
2008-02-05T16:00+00:00,5805,,,330.0,10.0,352.0,10.0,1.0,10.0,3.1,10.0,995.7,10.0,,,72,10,0.0,10,0.0,10,,,0.0,10,5.2,,,10.0,4.3,,,10.0,4.2,10.0,6.4,10,4.3,10.0,1628.0,10.0
2008-02-05T17:00+00:00,5805,,,360.0,10.0,1.0,10.0,0.1,10.0,2.3,10.0,996.2,10.0,,,83,10,0.0,10,0.0,10,,,0.0,10,4.8,,,10.0,4.3,,,10.0,4.2,10.0,4.1,10,1.3,10.0,1712.0,10.0
2008-02-05T18:00+00:00,5805,,,2.0,10.0,357.0,10.0,0.5,10.0,2.0,10.0,996.6,10.0,,,89,10,0.0,10,0.0,10,,,0.0,10,4.4,,,10.0,4.3,,,10.0,4.2,10.0,2.6,10,-0.5,10.0,1825.0,10.0
2008-02-05T19:00+00:00,5805,,,356.0,10.0,1.0,10.0,0.7,10.0,2.7,10.0,996.4,10.0,,,92,10,0.0,10,0.0,10,,,0.0,10,4.1,,,10.0,4.3,,,10.0,4.2,10.0,1.2,10,-1.1,10.0,1952.0,10.0
2008-02-05T20:00+00:00,5805,,,356.0,10.0,341.0,10.0,0.6,10.0,2.8,10.0,996.4,10.0,,,92,10,0.0,10,0.0,10,,,0.0,10,3.8,,,10.0,4.2,,,10.0,4.2,10.0,0.5,10,-1.5,10.0,2034.0,10.0
2008-02-05T21:00+00:00,5805,,,350.0,10.0,359.0,10.0,0.8,10.0,2.7,10.0,996.3,10.0,,,92,10,0.0,10,0.0,10,,,0.0,10,3.5,,,10.0,4.1,,,10.0,4.2,10.0,-0.1,10,-2.4,10.0,2112.0,10.0
2008-02-05T22:00+00:00,5805,,,350.0,10.0,2.0,10.0,0.7,10.0,2.7,10.0,996.3,10.0,,,92,10,0.0,10,0.0,10,,,0.0,10,3.2,,,10.0,4.0,,,10.0,4.3,10.0,-0.5,10,-2.6,10.0,2217.0,10.0
2008-02-05T23:00+00:00,5805,,,349.0,10.0,7.0,10.0,1.1,10.0,2.7,10.0,995.6,10.0,,,92,10,0.0,10,7.0,10,,,0.0,10,3.1,,,10.0,3.9,,,10.0,4.3,10.0,0.3,10,-2.2,10.0,2400.0,10.0
2008-02-06T00:00+00:00,5805,,,356.0,10.0,359.0,10.0,1.1,10.0,2.8,10.0,995.2,10.0,,,92,10,0.0,10,0.0,10,,,0.0,10,3.0,,,10.0,3.8,,,10.0,4.3,10.0,0.6,10,-0.5,10.0,8.0,10.0
2008-02-06T01:00+00:00,5805,,,357.0,10.0,345.0,10.0,1.0,10.0,2.7,10.0,994.7,10.0,,,92,10,0.0,10,0.0,10,,,0.0,10,3.0,,,10.0,3.7,,,10.0,4.3,10.0,0.8,10,0.0,10.0,142.0,10.0
2008-02-06T02:00+00:00,5805,,,354.0,10.0,356.0,10.0,1.0,10.0,2.9,10.0,994.3,10.0,,,92,10,0.0,10,8.0,10,,,0.0,10,2.9,,,10.0,3.6,,,10.0,4.3,10.0,0.6,10,-0.4,10.0,236.0,10.0
2008-02-06T03:00+00:00,5805,,,352.0,10.0,359.0,10.0,1.0,10.0,3.1,10.0,994.2,10.0,,,92,10,0.0,10,0.0,10,,,0.0,10,2.8,,,10.0,3.6,,,10.0,4.3,10.0,0.4,10,-1.4,10.0,348.0,10.0
2008-02-06T04:00+00:00,5805,,,350.0,10.0,355.0,10.0,0.7,10.0,2.7,10.0,994.0,10.0,,,92,10,0.0,10,0.0,10,,,0.0,10,2.7,,,10.0,3.5,,,10.0,4.3,10.0,-0.3,10,-1.8,10.0,407.0,10.0
2008-02-06T05:00+00:00,5805,,,355.0,10.0,357.0,10.0,0.7,10.0,2.6,10.0,993.9,10.0,,,92,10,0.0,10,0.0,10,,,0.0,10,2.6,,,10.0,3.4,,,10.0,4.3,10.0,-0.1,10,-1.3,10.0,526.0,10.0
2008-02-06T06:00+00:00,5805,,,360.0,10.0,15.0,10.0,1.0,10.0,3.0,10.0,994.1,10.0,,,92,10,0.0,10,0.0,10,,,0.0,10,2.5,,,10.0,3.4,,,10.0,4.3,10.0,-0.1,10,-1.9,10.0,642.0,10.0
2008-02-06T07:00+00:00,5805,,,353.0,10.0,332.0,10.0,1.0,10.0,3.5,10.0,994.4,10.0,,,92,10,0.0,10,0.0,10,,,0.0,10,2.5,,,10.0,3.3,,,10.0,4.3,10.0,0.9,10,-1.2,10.0,703.0,10.0
2008-02-06T08:00+00:00,5805,,,358.0,10.0,359.0,10.0,0.8,10.0,3.1,10.0,994.3,10.0,,,92,10,0.0,10,6.0,10,,,0.0,10,2.5,,,10.0,3.2,,,10.0,4.3,10.0,1.7,10,0.1,10.0,900.0,10.0
2008-02-06T09:00+00:00,5805,,,3.0,10.0,149.0,10.0,0.7,10.0,2.7,10.0,994.2,10.0,,,91,10,0.0,10,14.0,10,,,0.0,10,2.7,,,10.0,3.2,,,10.0,4.3,10.0,2.7,10,1.6,10.0,951.0,10.0
2008-02-06T10:00+00:00,5805,,,313.0,10.0,291.0,10.0,1.0,10.0,7.0,10.0,993.8,10.0,,,55,10,0.0,10,0.0,10,,,0.0,10,2.9,,,10.0,3.2,,,10.0,4.3,10.0,10.4,10,2.5,10.0,1053.0,10.0
2008-02-06T11:00+00:00,5805,,,297.0,10.0,332.0,10.0,3.7,10.0,9.2,10.0,993.2,10.0,,,51,10,0.0,10,0.0,10,,,0.0,10,3.5,,,10.0,3.2,,,10.0,4.2,10.0,11.6,10,8.4,10.0,1145.0,10.0
2008-02-06T12:00+00:00,5805,,,290.0,10.0,275.0,10.0,5.0,10.0,16.1,10.0,993.2,10.0,,,49,10,0.0,10,0.0,10,,,0.0,10,4.0,,,10.0,3.3,,,10.0,4.2,10.0,13.2,10,10.6,10.0,1251.0,10.0
2008-02-06T13:00+00:00,5805,,,281.0,10.0,288.0,10.0,5.0,10.0,14.9,10.0,992.4,10.0,,,46,10,0.0,10,5.0,10,,,0.5,10,4.7,,,10.0,3.5,,,10.0,4.2,10.0,14.8,10,13.1,10.0,1320.0,10.0
2008-02-06T14:00+00:00,5805,,,283.0,10.0,292.0,10.0,4.8,10.0,11.7,10.0,992.5,10.0,,,49,10,0.0,10,0.0,10,,,0.9,10,5.5,,,10.0,3.7,,,10.0,4.2,10.0,13.9,10,15.6,10.0,1419.0,10.0
2008-02-06T15:00+00:00,5805,,,297.0,10.0,293.0,10.0,4.4,10.0,13.1,10.0,993.1,10.0,,,68,10,0.1,10,14.0,10,,,0.5,10,5.6,,,10.0,4.0,,,10.0,4.2,10.0,11.6,10,8.8,10.0,1530.0,10.0
2008-02-06T16:00+00:00,5805,,,300.0,10.0,290.0,10.0,3.2,10.0,7.4,10.0,993.6,10.0,,,65,10,0.0,10,0.0,10,,,0.6,10,5.6,,,10.0,4.2,,,10.0,4.2,10.0,10.0,10,7.3,10.0,1635.0,10.0
2008-02-06T17:00+00:00,5805,,,300.0,10.0,305.0,10.0,2.7,10.0,7.4,10.0,994.9,10.0,,,70,10,0.0,10,0.0,10,,,0.0,10,5.3,,,10.0,4.3,,,10.0,4.2,10.0,9.1,10,5.8,10.0,1717.0,10.0
2008-02-06T18:00+00:00,5805,,,292.0,10.0,332.0,10.0,4.4,10.0,10.8,10.0,995.1,10.0,,,70,10,0.0,10,0.0,10,,,0.0,10,5.2,,,10.0,4.4,,,10.0,4.2,10.0,8.8,10,6.8,10.0,1824.0,10.0
2008-02-06T19:00+00:00,5805,,,294.0,10.0,294.0,10.0,4.9,10.0,10.1,10.0,995.2,10.0,,,67,10,0.0,10,0.0,10,,,0.0,10,5.1,,,10.0,4.4,,,10.0,4.2,10.0,8.9,10,6.8,10.0,1915.0,10.0
2008-02-06T20:00+00:00,5805,,,300.0,10.0,293.0,10.0,4.8,10.0,11.5,10.0,995.5,10.0,,,64,10,0.0,10,3.0,10,,,0.0,10,5.1,,,10.0,4.4,,,10.0,4.2,10.0,9.6,10,7.3,10.0,2002.0,10.0
2008-02-06T21:00+00:00,5805,,,298.0,10.0,297.0,10.0,4.6,10.0,10.2,10.0,995.9,10.0,,,70,10,0.0,10,0.0,10,,,0.0,10,5.0,,,10.0,4.5,,,10.0,4.3,10.0,8.1,10,6.4,10.0,2117.0,10.0
2008-02-06T22:00+00:00,5805,,,301.0,10.0,293.0,10.0,4.3,10.0,9.4,10.0,996.4,10.0,,,70,10,0.0,10,0.0,10,,,0.0,10,5.0,,,10.0,4.5,,,10.0,4.3,10.0,8.1,10,6.6,10.0,2231.0,10.0
2008-02-06T23:00+00:00,5805,,,290.0,10.0,287.0,10.0,5.3,10.0,13.3,10.0,997.1,10.0,,,75,10,0.0,10,0.0,10,,,0.0,10,4.9,,,10.0,4.5,,,10.0,4.3,10.0,7.8,10,6.4,10.0,2312.0,10.0
2008-02-07T00:00+00:00,5805,,,290.0,10.0,291.0,10.0,6.0,10.0,12.1,10.0,997.5,10.0,,,75,10,0.0,10,0.0,10,,,0.0,10,4.9,,,10.0,4.5,,,10.0,4.3,10.0,7.8,10,7.0,10.0,28.0,10.0
2008-02-07T01:00+00:00,5805,,,291.0,10.0,284.0,10.0,4.5,10.0,9.8,10.0,998.1,10.0,,,80,10,0.2,10,39.0,10,,,0.0,10,4.9,,,10.0,4.5,,,10.0,4.3,10.0,7.3,10,5.7,10.0,124.0,10.0
2008-02-07T02:00+00:00,5805,,,308.0,10.0,302.0,10.0,3.6,10.0,9.5,10.0,999.4,10.0,,,86,10,1.3,10,41.0,10,,,0.0,10,4.9,,,10.0,4.5,,,10.0,4.4,10.0,6.4,10,5.3,10.0,243.0,10.0
2008-02-07T03:00+00:00,5805,,,308.0,10.0,310.0,10.0,4.3,10.0,12.3,10.0,999.9,10.0,,,75,10,0.0,10,8.0,10,,,0.0,10,4.7,,,10.0,4.5,,,10.0,4.4,10.0,5.8,10,4.1,10.0,358.0,10.0
2008-02-07T04:00+00:00,5805,,,299.0,10.0,273.0,10.0,5.5,10.0,11.4,10.0,1000.8,10.0,,,77,10,0.0,10,0.0,10,,,0.0,10,4.6,,,10.0,4.5,,,10.0,4.4,10.0,5.3,10,3.7,10.0,459.0,10.0
2008-02-07T05:00+00:00,5805,,,296.0,10.0,298.0,10.0,5.5,10.0,10.6,10.0,1001.9,10.0,,,77,10,0.0,10,0.0,10,,,0.0,10,4.4,,,10.0,4.5,,,10.0,4.4,10.0,5.0,10,3.3,10.0,501.0,10.0
2008-02-07T06:00+00:00,5805,,,301.0,10.0,311.0,10.0,4.5,10.0,10.4,10.0,1003.2,10.0,,,74,10,0.0,10,2.0,10,,,0.0,10,4.3,,,10.0,4.4,,,10.0,4.4,10.0,5.4,10,3.3,10.0,618.0,10.0
2008-02-07T07:00+00:00,5805,,,304.0,10.0,307.0,10.0,3.2,10.0,11.3,10.0,1004.4,10.0,,,69,10,0.0,10,0.0,10,,,0.3,10,4.3,,,10.0,4.4,,,10.0,4.4,10.0,4.5,10,4.4,10.0,701.0,10.0
2008-02-07T08:00+00:00,5805,,,312.0,10.0,307.0,10.0,2.5,10.0,8.9,10.0,1004.9,10.0,,,68,10,0.0,10,0.0,10,,,0.9,10,4.3,,,10.0,4.3,,,10.0,4.4,10.0,4.9,10,3.7,10.0,814.0,10.0
2008-02-07T09:00+00:00,5805,,,301.0,10.0,312.0,10.0,4.2,10.0,11.9,10.0,1005.2,10.0,,,68,10,0.0,10,4.0,10,,,0.9,10,4.5,,,10.0,4.3,,,10.0,4.5,10.0,5.5,10,6.4,10.0,934.0,10.0
2008-02-07T10:00+00:00,5805,,,302.0,10.0,299.0,10.0,5.1,10.0,14.0,10.0,1005.9,10.0,,,56,10,0.0,10,2.0,10,,,0.6,10,4.7,,,10.0,4.3,,,10.0,4.5,10.0,5.6,10,5.4,10.0,1028.0,10.0
2008-02-07T11:00+00:00,5805,,,305.0,10.0,306.0,10.0,3.8,10.0,10.4,10.0,1006.0,10.0,,,56,10,0.0,10,0.0,10,,,0.0,10,4.6,,,10.0,4.3,,,10.0,4.5,10.0,5.4,10,6.1,10.0,1117.0,10.0
2008-02-07T12:00+00:00,5805,,,306.0,10.0,313.0,10.0,3.8,10.0,11.0,10.0,1006.0,10.0,,,52,10,0.0,10,0.0,10,,,0.1,10,4.6,,,10.0,4.4,,,10.0,4.5,10.0,5.7,10,6.2,10.0,1259.0,10.0
2008-02-07T13:00+00:00,5805,,,310.0,10.0,298.0,10.0,3.8,10.0,10.4,10.0,1005.6,10.0,,,51,10,0.0,10,0.0,10,,,0.2,10,4.7,,,10.0,4.4,,,10.0,4.5,10.0,6.3,10,6.0,10.0,1316.0,10.0
2008-02-07T14:00+00:00,5805,,,321.0,10.0,22.0,10.0,3.0,10.0,10.9,10.0,1006.2,10.0,,,51,10,0.0,10,0.0,10,,,0.8,10,4.9,,,10.0,4.4,,,10.0,4.5,10.0,6.0,10,7.1,10.0,1447.0,10.0
2008-02-07T15:00+00:00,5805,,,316.0,10.0,295.0,10.0,3.3,10.0,11.8,10.0,1006.8,10.0,,,48,10,0.0,10,0.0,10,,,0.9,10,5.0,,,10.0,4.5,,,10.0,4.5,10.0,6.1,10,6.7,10.0,1557.0,10.0
2008-02-07T16:00+00:00,5805,,,304.0,10.0,305.0,10.0,3.6,10.0,9.9,10.0,1007.2,10.0,,,48,10,0.0,10,0.0,10,,,0.1,10,4.7,,,10.0,4.5,,,10.0,4.5,10.0,5.4,10,4.2,10.0,1614.0,10.0
2008-02-07T17:00+00:00,5805,,,299.0,10.0,309.0,10.0,3.2,10.0,7.0,10.0,1007.8,10.0,,,50,10,0.0,10,0.0,10,,,0.0,10,4.5,,,10.0,4.5,,,10.0,4.5,10.0,5.1,10,4.0,10.0,1739.0,10.0
2008-02-07T18:00+00:00,5805,,,302.0,10.0,303.0,10.0,3.5,10.0,8.1,10.0,1008.2,10.0,,,50,10,0.0,10,0.0,10,,,0.0,10,4.4,,,10.0,4.5,,,10.0,4.5,10.0,5.2,10,3.9,10.0,1844.0,10.0
2008-02-07T19:00+00:00,5805,,,300.0,10.0,323.0,10.0,3.8,10.0,8.4,10.0,1008.7,10.0,,,52,10,0.0,10,0.0,10,,,0.0,10,4.2,,,10.0,4.4,,,10.0,4.5,10.0,5.0,10,4.1,10.0,1911.0,10.0
2008-02-07T20:00+00:00,5805,,,299.0,10.0,326.0,10.0,3.8,10.0,8.3,10.0,1009.5,10.0,,,53,10,0.0,10,0.0,10,,,0.0,10,4.1,,,10.0,4.4,,,10.0,4.6,10.0,4.9,10,3.8,10.0,2013.0,10.0
2008-02-07T21:00+00:00,5805,,,299.0,10.0,325.0,10.0,3.4,10.0,8.3,10.0,1009.6,10.0,,,54,10,0.0,10,0.0,10,,,0.0,10,4.1,,,10.0,4.3,,,10.0,4.6,10.0,5.0,10,4.0,10.0,2147.0,10.0
2008-02-07T22:00+00:00,5805,,,298.0,10.0,290.0,10.0,3.9,10.0,8.8,10.0,1009.8,10.0,,,55,10,0.0,10,0.0,10,,,0.0,10,4.0,,,10.0,4.3,,,10.0,4.6,10.0,4.8,10,4.1,10.0,2259.0,10.0
2008-02-07T23:00+00:00,5805,,,302.0,10.0,324.0,10.0,3.6,10.0,9.6,10.0,1010.2,10.0,,,57,10,0.0,10,0.0,10,,,0.0,10,4.0,,,10.0,4.2,,,10.0,4.6,10.0,4.6,10,4.0,10.0,2301.0,10.0
2008-02-08T00:00+00:00,5805,,,301.0,10.0,326.0,10.0,3.3,10.0,6.3,10.0,1010.6,10.0,,,60,10,0.0,10,0.0,10,,,0.0,10,3.9,,,10.0,4.2,,,10.0,4.6,10.0,4.2,10,3.6,10.0,100.0,10.0
2008-02-08T01:00+00:00,5805,,,306.0,10.0,312.0,10.0,3.0,10.0,6.4,10.0,1010.8,10.0,,,61,10,0.0,10,0.0,10,,,0.0,10,3.8,,,10.0,4.2,,,10.0,4.6,10.0,4.1,10,3.4,10.0,146.0,10.0
2008-02-08T02:00+00:00,5805,,,299.0,10.0,304.0,10.0,3.5,10.0,6.8,10.0,1010.7,10.0,,,64,10,0.0,10,0.0,10,,,0.0,10,3.8,,,10.0,4.1,,,10.0,4.6,10.0,3.6,10,3.1,10.0,240.0,10.0
2008-02-08T03:00+00:00,5805,,,300.0,10.0,286.0,10.0,3.4,10.0,7.0,10.0,1010.8,10.0,,,66,10,0.0,10,0.0,10,,,0.0,10,3.7,,,10.0,4.1,,,10.0,4.6,10.0,3.3,10,2.3,10.0,328.0,10.0
2008-02-08T04:00+00:00,5805,,,299.0,10.0,314.0,10.0,3.9,10.0,9.2,10.0,1011.1,10.0,,,66,10,0.0,10,0.0,10,,,0.0,10,3.6,,,10.0,4.0,,,10.0,4.6,10.0,3.2,10,2.4,10.0,455.0,10.0
2008-02-08T05:00+00:00,5805,,,302.0,10.0,325.0,10.0,4.3,10.0,9.0,10.0,1011.1,10.0,,,67,10,0.0,10,0.0,10,,,0.0,10,3.5,,,10.0,4.0,,,10.0,4.6,10.0,2.9,10,2.3,10.0,550.0,10.0
2008-02-08T06:00+00:00,5805,,,305.0,10.0,303.0,10.0,3.7,10.0,8.3,10.0,1011.3,10.0,,,70,10,0.0,10,0.0,10,,,0.0,10,3.4,,,10.0,3.9,,,10.0,4.6,10.0,2.1,10,0.3,10.0,613.0,10.0
2008-02-08T07:00+00:00,5805,,,350.0,10.0,331.0,10.0,1.2,10.0,3.6,10.0,1012.3,10.0,,,74,10,0.0,10,0.0,10,,,0.0,10,3.1,,,10.0,3.9,,,10.0,4.6,10.0,1.5,10,-1.7,10.0,732.0,10.0
2008-02-08T08:00+00:00,5805,,,308.0,10.0,275.0,10.0,2.0,10.0,4.8,10.0,1012.5,10.0,,,72,10,0.0,10,0.0,10,,,0.0,10,3.2,,,10.0,3.8,,,10.0,4.6,10.0,2.6,10,-0.4,10.0,808.0,10.0
2008-02-08T09:00+00:00,5805,,,297.0,10.0,320.0,10.0,3.7,10.0,8.9,10.0,1012.1,10.0,,,67,10,0.0,10,0.0,10,,,0.4,10,3.4,,,10.0,3.8,,,10.0,4.6,10.0,3.7,10,2.7,10.0,955.0,10.0
2008-02-08T10:00+00:00,5805,,,294.0,10.0,290.0,10.0,3.7,10.0,8.2,10.0,1012.1,10.0,,,63,10,0.0,10,0.0,10,,,1.0,10,3.9,,,10.0,3.8,,,10.0,4.6,10.0,5.1,10,4.5,10.0,1001.0,10.0
2008-02-08T11:00+00:00,5805,,,307.0,10.0,311.0,10.0,2.8,10.0,7.6,10.0,1011.7,10.0,,,61,10,0.0,10,0.0,10,,,1.0,10,4.4,,,10.0,3.8,,,10.0,4.6,10.0,5.8,10,8.3,10.0,1141.0,10.0
2008-02-08T12:00+00:00,5805,,,308.0,10.0,309.0,10.0,3.3,10.0,8.7,10.0,1011.1,10.0,,,59,10,0.0,10,0.0,10,,,0.9,10,4.8,,,10.0,4.0,,,10.0,4.6,10.0,6.4,10,8.6,10.0,1253.0,10.0
2008-02-08T13:00+00:00,5805,,,312.0,10.0,308.0,10.0,3.1,10.0,9.1,10.0,1010.8,10.0,,,56,10,0.0,10,0.0,10,,,0.9,10,5.2,,,10.0,4.1,,,10.0,4.5,10.0,7.4,10,9.3,10.0,1320.0,10.0
2008-02-08T14:00+00:00,5805,,,317.0,10.0,336.0,10.0,2.3,10.0,6.9,10.0,1010.5,10.0,,,55,10,0.0,10,0.0,10,,,0.8,10,5.4,,,10.0,4.3,,,10.0,4.5,10.0,7.1,10,8.4,10.0,1411.0,10.0
2008-02-08T15:00+00:00,5805,,,319.0,10.0,284.0,10.0,1.9,10.0,6.5,10.0,1010.6,10.0,,,54,10,0.0,10,0.0,10,,,0.8,10,5.3,,,10.0,4.4,,,10.0,4.5,10.0,7.1,10,7.1,10.0,1546.0,10.0
2008-02-08T16:00+00:00,5805,,,348.0,10.0,359.0,10.0,1.0,10.0,5.5,10.0,1010.7,10.0,,,59,10,0.0,10,0.0,10,,,0.4,10,5.1,,,10.0,4.5,,,10.0,4.5,10.0,5.7,10,3.5,10.0,1626.0,10.0
2008-02-08T17:00+00:00,5805,,,336.0,10.0,326.0,10.0,0.3,10.0,2.4,10.0,1011.1,10.0,,,66,10,0.0,10,0.0,10,,,0.0,10,4.7,,,10.0,4.5,,,10.0,4.5,10.0,3.2,10,-1.0,10.0,1709.0,10.0
2008-02-08T18:00+00:00,5805,,,354.0,10.0,3.0,10.0,0.7,10.0,2.4,10.0,1011.3,10.0,,,81,10,0.0,10,0.0,10,,,0.0,10,4.2,,,10.0,4.5,,,10.0,4.5,10.0,0.8,10,-2.5,10.0,1847.0,10.0
2008-02-08T19:00+00:00,5805,,,1.0,10.0,4.0,10.0,1.2,10.0,2.9,10.0,1011.4,10.0,,,84,10,0.0,10,0.0,10,,,0.0,10,3.9,,,10.0,4.4,,,10.0,4.6,10.0,0.5,10,-2.6,10.0,1949.0,10.0
2008-02-08T20:00+00:00,5805,,,356.0,10.0,359.0,10.0,1.1,10.0,3.1,10.0,1011.4,10.0,,,89,10,0.0,10,0.0,10,,,0.0,10,3.5,,,10.0,4.3,,,10.0,4.6,10.0,-1.0,10,-3.7,10.0,2046.0,10.0
2008-02-08T21:00+00:00,5805,,,340.0,10.0,349.0,10.0,0.8,10.0,2.5,10.0,1011.5,10.0,,,91,10,0.0,10,0.0,10,,,0.0,10,3.2,,,10.0,4.2,,,10.0,4.6,10.0,-1.6,10,-4.2,10.0,2114.0,10.0
2008-02-08T22:00+00:00,5805,,,347.0,10.0,2.0,10.0,0.7,10.0,2.3,10.0,1011.3,10.0,,,91,10,0.0,10,0.0,10,,,0.0,10,2.9,,,10.0,4.0,,,10.0,4.6,10.0,-1.7,10,-4.8,10.0,2225.0,10.0
2008-02-08T23:00+00:00,5805,,,354.0,10.0,6.0,10.0,0.9,10.0,2.3,10.0,1011.3,10.0,,,91,10,0.0,10,0.0,10,,,0.0,10,2.7,,,10.0,3.9,,,10.0,4.6,10.0,-2.1,10,-4.9,10.0,2323.0,10.0
2008-02-09T00:00+00:00,5805,,,352.0,10.0,348.0,10.0,0.9,10.0,2.1,10.0,1011.2,10.0,,,92,10,0.0,10,0.0,10,,,0.0,10,2.5,,,10.0,3.8,,,10.0,4.6,10.0,-2.7,10,-5.1,10.0,31.0,10.0
2008-02-09T01:00+00:00,5805,,,347.0,10.0,1.0,10.0,1.0,10.0,2.1,10.0,1011.3,10.0,,,92,10,0.0,10,0.0,10,,,0.0,10,2.3,,,10.0,3.6,,,10.0,4.6,10.0,-2.9,10,-5.4,10.0,135.0,10.0
2008-02-09T02:00+00:00,5805,,,336.0,10.0,345.0,10.0,1.0,10.0,2.2,10.0,1011.0,10.0,,,91,10,0.0,10,0.0,10,,,0.0,10,2.2,,,10.0,3.5,,,10.0,4.6,10.0,-2.4,10,-5.5,10.0,220.0,10.0
2008-02-09T03:00+00:00,5805,,,324.0,10.0,311.0,10.0,1.3,10.0,3.0,10.0,1010.9,10.0,,,90,10,0.0,10,0.0,10,,,0.0,10,2.1,,,10.0,3.4,,,10.0,4.6,10.0,-2.6,10,-4.8,10.0,340.0,10.0
2008-02-09T04:00+00:00,5805,,,336.0,10.0,2.0,10.0,1.2,10.0,2.2,10.0,1011.0,10.0,,,91,10,0.0,10,0.0,10,,,0.0,10,2.0,,,10.0,3.3,,,10.0,4.6,10.0,-2.6,10,-4.6,10.0,428.0,10.0
2008-02-09T05:00+00:00,5805,,,316.0,10.0,282.0,10.0,1.4,10.0,2.8,10.0,1010.8,10.0,,,88,10,0.0,10,0.0,10,,,0.0,10,2.0,,,10.0,3.2,,,10.0,4.6,10.0,-1.9,10,-3.5,10.0,556.0,10.0
2008-02-09T06:00+00:00,5805,,,307.0,10.0,322.0,10.0,1.4,10.0,3.1,10.0,1010.9,10.0,,,85,10,0.0,10,0.0,10,,,0.0,10,1.9,,,10.0,3.1,,,10.0,4.6,10.0,-1.7,10,-3.2,10.0,636.0,10.0
2008-02-09T07:00+00:00,5805,,,317.0,10.0,326.0,10.0,0.9,10.0,2.1,10.0,1011.1,10.0,,,85,10,0.0,10,0.0,10,,,0.5,10,1.9,,,10.0,3.0,,,10.0,4.5,10.0,-1.1,10,-3.3,10.0,742.0,10.0
2008-02-09T08:00+00:00,5805,,,293.0,10.0,295.0,10.0,1.2,10.0,2.6,10.0,1011.4,10.0,,,78,10,0.0,10,0.0,10,,,1.0,10,2.1,,,10.0,3.0,,,10.0,4.5,10.0,0.5,10,-0.9,10.0,859.0,10.0
2008-02-09T09:00+00:00,5805,,,290.0,10.0,305.0,10.0,1.9,10.0,3.7,10.0,1011.4,10.0,,,64,10,0.0,10,0.0,10,,,1.0,10,2.5,,,10.0,3.0,,,10.0,4.5,10.0,4.2,10,0.7,10.0,932.0,10.0
2008-02-09T10:00+00:00,5805,,,294.0,10.0,291.0,10.0,2.2,10.0,4.8,10.0,1011.2,10.0,,,62,10,0.0,10,0.0,10,,,1.0,10,2.9,,,10.0,3.0,,,10.0,4.5,10.0,5.2,10,6.7,10.0,1010.0,10.0
2008-02-09T11:00+00:00,5805,,,303.0,10.0,332.0,10.0,2.5,10.0,5.9,10.0,1010.5,10.0,,,58,10,0.0,10,0.0,10,,,0.9,10,3.4,,,10.0,3.0,,,10.0,4.4,10.0,6.0,10,8.7,10.0,1116.0,10.0
2008-02-09T12:00+00:00,5805,,,307.0,10.0,329.0,10.0,2.5,10.0,6.7,10.0,1010.2,10.0,,,59,10,0.0,10,0.0,10,,,0.9,10,3.8,,,10.0,3.2,,,10.0,4.4,10.0,5.9,10,8.4,10.0,1242.0,10.0
2008-02-09T13:00+00:00,5805,,,307.0,10.0,327.0,10.0,2.7,10.0,6.2,10.0,1009.6,10.0,,,56,10,0.0,10,0.0,10,,,1.0,10,4.4,,,10.0,3.3,,,10.0,4.4,10.0,6.5,10,10.0,10.0,1324.0,10.0
2008-02-09T14:00+00:00,5805,,,323.0,10.0,322.0,10.0,2.1,10.0,6.3,10.0,1009.4,10.0,,,55,10,0.0,10,0.0,10,,,1.0,10,4.7,,,10.0,3.5,,,10.0,4.4,10.0,7.0,10,10.3,10.0,1407.0,10.0
2008-02-09T15:00+00:00,5805,,,316.0,10.0,322.0,10.0,1.8,10.0,5.7,10.0,1009.5,10.0,,,57,10,0.0,10,0.0,10,,,0.8,10,4.8,,,10.0,3.7,,,10.0,4.3,10.0,6.0,10,5.7,10.0,1540.0,10.0
2008-02-09T16:00+00:00,5805,,,335.0,10.0,298.0,10.0,0.9,10.0,3.4,10.0,1009.8,10.0,,,62,10,0.0,10,0.0,10,,,0.1,10,4.5,,,10.0,3.8,,,10.0,4.3,10.0,5.0,10,3.3,10.0,1614.0,10.0
2008-02-09T17:00+00:00,5805,,,9.0,10.0,8.0,10.0,0.3,10.0,1.8,10.0,1010.0,10.0,,,72,10,0.0,10,0.0,10,,,0.0,10,4.2,,,10.0,3.9,,,10.0,4.3,10.0,3.0,10,-0.4,10.0,1703.0,10.0
2008-02-09T18:00+00:00,5805,,,7.0,10.0,4.0,10.0,0.7,10.0,2.3,10.0,1010.3,10.0,,,85,10,0.0,10,0.0,10,,,0.0,10,3.8,,,10.0,3.9,,,10.0,4.3,10.0,0.6,10,-2.8,10.0,1858.0,10.0
2008-02-09T19:00+00:00,5805,,,354.0,10.0,358.0,10.0,1.3,10.0,2.4,10.0,1010.3,10.0,,,88,10,0.0,10,0.0,10,,,0.0,10,3.4,,,10.0,3.9,,,10.0,4.3,10.0,0.4,10,-3.0,10.0,1943.0,10.0
2008-02-09T20:00+00:00,5805,,,360.0,10.0,359.0,10.0,1.2,10.0,2.5,10.0,1010.0,10.0,,,86,10,0.0,10,0.0,10,,,0.0,10,3.3,,,10.0,3.8,,,10.0,4.3,10.0,0.9,10,-0.7,10.0,2038.0,10.0
2008-02-09T21:00+00:00,5805,,,349.0,10.0,357.0,10.0,1.3,10.0,2.6,10.0,1010.0,10.0,,,86,10,0.0,10,0.0,10,,,0.0,10,3.2,,,10.0,3.7,,,10.0,4.3,10.0,0.8,10,-1.0,10.0,2153.0,10.0
2008-02-09T22:00+00:00,5805,,,350.0,10.0,359.0,10.0,1.3,10.0,3.1,10.0,1010.1,10.0,,,89,10,0.0,10,0.0,10,,,0.0,10,2.9,,,10.0,3.6,,,10.0,4.3,10.0,-0.6,10,-3.2,10.0,2254.0,10.0
2008-02-09T23:00+00:00,5805,,,346.0,10.0,5.0,10.0,0.8,10.0,2.7,10.0,1010.2,10.0,,,92,10,0.0,10,0.0,10,,,0.0,10,2.7,,,10.0,3.5,,,10.0,4.4,10.0,-1.7,10,-4.3,10.0,2400.0,10.0
2008-02-10T00:00+00:00,5805,,,354.0,10.0,6.0,10.0,0.8,10.0,2.3,10.0,1009.9,10.0,,,92,10,0.0,10,0.0,10,,,0.0,10,2.4,,,10.0,3.5,,,10.0,4.3,10.0,-2.1,10,-4.6,10.0,43.0,10.0
2008-02-10T01:00+00:00,5805,,,345.0,10.0,4.0,10.0,0.9,10.0,2.2,10.0,1009.7,10.0,,,92,10,0.0,10,0.0,10,,,0.0,10,2.2,,,10.0,3.4,,,10.0,4.4,10.0,-2.4,10,-4.8,10.0,119.0,10.0
2008-02-10T02:00+00:00,5805,,,338.0,10.0,359.0,10.0,0.8,10.0,2.4,10.0,1009.4,10.0,,,92,10,0.0,10,0.0,10,,,0.0,10,2.1,,,10.0,3.3,,,10.0,4.4,10.0,-2.7,10,-5.4,10.0,232.0,10.0
2008-02-10T03:00+00:00,5805,,,328.0,10.0,359.0,10.0,1.0,10.0,2.0,10.0,1009.4,10.0,,,92,10,0.0,10,0.0,10,,,0.0,10,1.9,,,10.0,3.1,,,10.0,4.4,10.0,-2.8,10,-5.6,10.0,303.0,10.0
2008-02-10T04:00+00:00,5805,,,334.0,10.0,330.0,10.0,1.0,10.0,2.0,10.0,1009.3,10.0,,,92,10,0.0,10,0.0,10,,,0.0,10,1.8,,,10.0,3.0,,,10.0,4.3,10.0,-3.3,10,-6.0,10.0,417.0,10.0
2008-02-10T05:00+00:00,5805,,,338.0,10.0,344.0,10.0,1.0,10.0,2.2,10.0,1009.0,10.0,,,92,10,0.0,10,0.0,10,,,0.0,10,1.7,,,10.0,3.0,,,10.0,4.3,10.0,-3.8,10,-6.2,10.0,556.0,10.0
2008-02-10T06:00+00:00,5805,,,354.0,10.0,357.0,10.0,1.0,10.0,2.2,10.0,1008.9,10.0,,,92,10,0.0,10,0.0,10,,,0.0,10,1.6,,,10.0,2.9,,,10.0,4.3,10.0,-4.1,10,-6.5,10.0,630.0,10.0
2008-02-10T07:00+00:00,5805,,,337.0,10.0,338.0,10.0,1.0,10.0,2.2,10.0,1009.4,10.0,,,92,10,0.0,10,0.0,10,,,0.1,10,1.6,,,10.0,2.8,,,10.0,4.3,10.0,-3.6,10,-6.5,10.0,735.0,10.0
2008-02-10T08:00+00:00,5805,,,328.0,10.0,327.0,10.0,1.2,10.0,2.4,10.0,1009.6,10.0,,,92,10,0.0,10,0.0,10,,,0.5,10,1.6,,,10.0,2.7,,,10.0,4.3,10.0,-1.4,10,-4.2,10.0,854.0,10.0
2008-02-10T09:00+00:00,5805,,,314.0,10.0,316.0,10.0,1.4,10.0,3.9,10.0,1009.5,10.0,,,85,10,0.0,10,0.0,10,,,0.8,10,1.9,,,10.0,2.7,,,10.0,4.3,10.0,1.1,10,-0.6,10.0,952.0,10.0
2008-02-10T10:00+00:00,5805,,,296.0,10.0,316.0,10.0,1.7,10.0,3.3,10.0,1009.2,10.0,,,72,10,0.0,10,0.0,10,,,1.0,10,2.2,,,10.0,2.7,,,10.0,4.2,10.0,3.2,10,4.0,10.0,1016.0,10.0
2008-02-10T11:00+00:00,5805,,,294.0,10.0,308.0,10.0,1.6,10.0,4.5,10.0,1008.7,10.0,,,58,10,0.0,10,0.0,10,,,1.0,10,2.6,,,10.0,2.7,,,10.0,4.2,10.0,4.9,10,7.7,10.0,1134.0,10.0
2008-02-10T12:00+00:00,5805,,,319.0,10.0,347.0,10.0,2.1,10.0,5.2,10.0,1008.5,10.0,,,57,10,0.0,10,0.0,10,,,1.0,10,3.2,,,10.0,2.7,,,10.0,4.2,10.0,5.7,10,9.3,10.0,1203.0,10.0
2008-02-10T13:00+00:00,5805,,,312.0,10.0,329.0,10.0,2.5,10.0,6.0,10.0,1008.2,10.0,,,53,10,0.0,10,0.0,10,,,1.0,10,3.8,,,10.0,2.9,,,10.0,4.2,10.0,6.1,10,10.0,10.0,1324.0,10.0
2008-02-10T14:00+00:00,5805,,,306.0,10.0,332.0,10.0,2.6,10.0,5.8,10.0,1008.2,10.0,,,53,10,0.0,10,0.0,10,,,1.0,10,4.2,,,10.0,3.1,,,10.0,4.2,10.0,5.9,10,9.6,10.0,1411.0,10.0
2008-02-10T15:00+00:00,5805,,,305.0,10.0,308.0,10.0,2.4,10.0,5.3,10.0,1008.1,10.0,,,52,10,0.0,10,0.0,10,,,1.0,10,4.2,,,10.0,3.2,,,10.0,4.1,10.0,5.7,10,6.0,10.0,1503.0,10.0
2008-02-10T16:00+00:00,5805,,,322.0,10.0,333.0,10.0,1.1,10.0,4.3,10.0,1008.4,10.0,,,55,10,0.0,10,0.0,10,,,0.7,10,4.0,,,10.0,3.4,,,10.0,4.1,10.0,4.0,10,1.2,10.0,1601.0,10.0
2008-02-10T17:00+00:00,5805,,,332.0,10.0,317.0,10.0,0.6,10.0,2.4,10.0,1008.8,10.0,,,72,10,0.0,10,0.0,10,,,0.0,10,3.5,,,10.0,3.4,,,10.0,4.1,10.0,0.7,10,-2.7,10.0,1702.0,10.0
2008-02-10T18:00+00:00,5805,,,344.0,10.0,357.0,10.0,1.3,10.0,2.5,10.0,1009.2,10.0,,,84,10,0.0,10,0.0,10,,,0.0,10,3.1,,,10.0,3.4,,,10.0,4.1,10.0,-0.9,10,-3.9,10.0,1837.0,10.0
2008-02-10T19:00+00:00,5805,,,334.0,10.0,348.0,10.0,0.9,10.0,2.3,10.0,1009.2,10.0,,,88,10,0.0,10,0.0,10,,,0.0,10,2.7,,,10.0,3.4,,,10.0,4.1,10.0,-1.6,10,-4.3,10.0,1947.0,10.0
2008-02-10T20:00+00:00,5805,,,335.0,10.0,341.0,10.0,0.8,10.0,2.6,10.0,1009.5,10.0,,,90,10,0.0,10,0.0,10,,,0.0,10,2.4,,,10.0,3.3,,,10.0,4.1,10.0,-2.1,10,-4.8,10.0,2034.0,10.0
2008-02-10T21:00+00:00,5805,,,342.0,10.0,359.0,10.0,0.8,10.0,2.2,10.0,1009.5,10.0,,,91,10,0.0,10,0.0,10,,,0.0,10,2.2,,,10.0,3.2,,,10.0,4.1,10.0,-2.6,10,-5.3,10.0,2125.0,10.0
2008-02-10T22:00+00:00,5805,,,339.0,10.0,6.0,10.0,0.8,10.0,1.9,10.0,1009.3,10.0,,,91,10,0.0,10,0.0,10,,,0.0,10,2.0,,,10.0,3.1,,,10.0,4.1,10.0,-2.7,10,-5.6,10.0,2233.0,10.0
2008-02-10T23:00+00:00,5805,,,336.0,10.0,310.0,10.0,1.0,10.0,2.0,10.0,1009.7,10.0,,,91,10,0.0,10,0.0,10,,,0.0,10,1.8,,,10.0,3.0,,,10.0,4.1,10.0,-3.5,10,-6.2,10.0,2307.0,10.0
2008-02-11T00:00+00:00,5805,,,336.0,10.0,338.0,10.0,1.1,10.0,2.1,10.0,1009.6,10.0,,,91,10,0.0,10,0.0,10,,,0.0,10,1.7,,,10.0,2.9,,,10.0,4.1,10.0,-3.7,10,-6.4,10.0,50.0,10.0
2008-02-11T01:00+00:00,5805,,,329.0,10.0,334.0,10.0,1.3,10.0,2.5,10.0,1009.8,10.0,,,91,10,0.0,10,0.0,10,,,0.0,10,1.6,,,10.0,2.8,,,10.0,4.1,10.0,-4.1,10,-6.4,10.0,149.0,10.0
2008-02-11T02:00+00:00,5805,,,347.0,10.0,344.0,10.0,0.9,10.0,2.3,10.0,1009.6,10.0,,,92,10,0.0,10,0.0,10,,,0.0,10,1.5,,,10.0,2.7,,,10.0,4.1,10.0,-4.5,10,-7.0,10.0,211.0,10.0
2008-02-11T03:00+00:00,5805,,,347.0,10.0,341.0,10.0,1.0,10.0,2.3,10.0,1009.2,10.0,,,92,10,0.0,10,0.0,10,,,0.0,10,1.4,,,10.0,2.6,,,10.0,4.1,10.0,-5.0,10,-7.4,10.0,400.0,10.0
2008-02-11T04:00+00:00,5805,,,351.0,10.0,10.0,10.0,0.9,10.0,2.2,10.0,1009.3,10.0,,,92,10,0.0,10,0.0,10,,,0.0,10,1.3,,,10.0,2.5,,,10.0,4.1,10.0,-4.9,10,-7.5,10.0,439.0,10.0
2008-02-11T05:00+00:00,5805,,,357.0,10.0,8.0,10.0,0.8,10.0,2.1,10.0,1009.5,10.0,,,92,10,0.0,10,0.0,10,,,0.0,10,1.2,,,10.0,2.4,,,10.0,4.1,10.0,-5.3,10,-7.8,10.0,515.0,10.0
2008-02-11T06:00+00:00,5805,,,344.0,10.0,344.0,10.0,0.9,10.0,2.4,10.0,1009.5,10.0,,,92,10,0.0,10,0.0,10,,,0.0,10,1.2,,,10.0,2.4,,,10.0,4.0,10.0,-5.0,10,-7.8,10.0,650.0,10.0
2008-02-11T07:00+00:00,5805,,,354.0,10.0,336.0,10.0,0.7,10.0,2.3,10.0,1009.8,10.0,,,92,10,0.0,10,0.0,10,,,0.2,10,1.1,,,10.0,2.3,,,10.0,4.0,10.0,-4.5,10,-7.7,10.0,706.0,10.0
2008-02-11T08:00+00:00,5805,,,323.0,10.0,327.0,10.0,1.3,10.0,2.5,10.0,1009.9,10.0,,,89,10,0.0,10,0.0,10,,,1.0,10,1.2,,,10.0,2.3,,,10.0,4.0,10.0,-1.8,10,-4.8,10.0,823.0,10.0
2008-02-11T09:00+00:00,5805,,,293.0,10.0,320.0,10.0,0.9,10.0,2.0,10.0,1009.7,10.0,,,78,10,0.0,10,0.0,10,,,1.0,10,1.5,,,10.0,2.2,,,10.0,4.0,10.0,1.5,10,-0.3,10.0,907.0,10.0
2008-02-11T10:00+00:00,5805,,,292.0,10.0,308.0,10.0,1.0,10.0,3.2,10.0,1009.6,10.0,,,69,10,0.0,10,0.0,10,,,1.0,10,1.8,,,10.0,2.2,,,10.0,4.0,10.0,3.3,10,4.0,10.0,1054.0,10.0
2008-02-11T11:00+00:00,5805,,,286.0,10.0,293.0,10.0,1.0,10.0,3.5,10.0,1009.2,10.0,,,60,10,0.0,10,0.0,10,,,1.0,10,2.0,,,10.0,2.3,,,10.0,3.9,10.0,5.4,10,7.3,10.0,1109.0,10.0
2008-02-11T12:00+00:00,5805,,,219.0,10.0,179.0,10.0,0.8,10.0,3.0,10.0,1008.7,10.0,,,53,10,0.0,10,0.0,10,,,1.0,10,2.4,,,10.0,2.3,,,10.0,3.9,10.0,6.4,10,10.8,10.0,1221.0,10.0
2008-02-11T13:00+00:00,5805,,,188.0,10.0,81.0,10.0,0.7,10.0,3.9,10.0,1008.4,10.0,,,53,10,0.0,10,0.0,10,,,1.0,10,3.2,,,10.0,2.4,,,10.0,3.9,10.0,6.6,10,10.7,10.0,1355.0,10.0
2008-02-11T14:00+00:00,5805,,,133.0,10.0,109.0,10.0,1.6,10.0,4.1,10.0,1007.9,10.0,,,53,10,0.0,10,0.0,10,,,1.0,10,3.7,,,10.0,2.5,,,10.0,3.9,10.0,6.6,10,10.2,10.0,1424.0,10.0
2008-02-11T15:00+00:00,5805,,,131.0,10.0,124.0,10.0,1.5,10.0,3.7,10.0,1007.9,10.0,,,55,10,0.0,10,0.0,10,,,1.0,10,3.7,,,10.0,2.7,,,10.0,3.9,10.0,6.2,10,6.3,10.0,1532.0,10.0
2008-02-11T16:00+00:00,5805,,,120.0,10.0,152.0,10.0,1.4,10.0,3.1,10.0,1008.0,10.0,,,64,10,0.0,10,0.0,10,,,0.5,10,3.6,,,10.0,2.8,,,10.0,3.8,10.0,4.4,10,2.4,10.0,1601.0,10.0
2008-02-11T17:00+00:00,5805,,,33.0,10.0,8.0,10.0,0.2,10.0,1.7,10.0,1008.3,10.0,,,79,10,0.0,10,0.0,10,,,0.0,10,3.1,,,10.0,2.9,,,10.0,3.8,10.0,0.9,10,-2.7,10.0,1759.0,10.0
2008-02-11T18:00+00:00,5805,,,4.0,10.0,4.0,10.0,1.0,10.0,2.3,10.0,1008.5,10.0,,,88,10,0.0,10,0.0,10,,,0.0,10,2.7,,,10.0,2.9,,,10.0,3.8,10.0,-1.0,10,-3.8,10.0,1829.0,10.0
2008-02-11T19:00+00:00,5805,,,11.0,10.0,9.0,10.0,0.6,10.0,2.2,10.0,1008.7,10.0,,,91,10,0.0,10,0.0,10,,,0.0,10,2.3,,,10.0,2.9,,,10.0,3.8,10.0,-2.0,10,-4.8,10.0,1911.0,10.0
2008-02-11T20:00+00:00,5805,,,10.0,10.0,359.0,10.0,0.6,10.0,2.0,10.0,1008.7,10.0,,,92,10,0.0,10,0.0,10,,,0.0,10,2.0,,,10.0,2.8,,,10.0,3.8,10.0,-2.5,10,-5.3,10.0,2018.0,10.0
2008-02-11T21:00+00:00,5805,,,352.0,10.0,3.0,10.0,0.7,10.0,2.1,10.0,1008.7,10.0,,,91,10,0.0,10,0.0,10,,,0.0,10,1.8,,,10.0,2.7,,,10.0,3.8,10.0,-3.0,10,-5.6,10.0,2152.0,10.0
2008-02-11T22:00+00:00,5805,,,347.0,10.0,351.0,10.0,0.8,10.0,2.1,10.0,1008.6,10.0,,,92,10,0.0,10,0.0,10,,,0.0,10,1.7,,,10.0,2.6,,,10.0,3.8,10.0,-3.6,10,-6.3,10.0,2257.0,10.0
2008-02-11T23:00+00:00,5805,,,351.0,10.0,3.0,10.0,0.9,10.0,2.4,10.0,1008.7,10.0,,,92,10,0.0,10,0.0,10,,,0.0,10,1.5,,,10.0,2.5,,,10.0,3.8,10.0,-4.1,10,-6.6,10.0,2316.0,10.0
2008-02-12T00:00+00:00,5805,,,352.0,10.0,359.0,10.0,0.9,10.0,2.2,10.0,1008.5,10.0,,,92,10,0.0,10,0.0,10,,,0.0,10,1.4,,,10.0,2.5,,,10.0,3.8,10.0,-4.6,10,-7.1,10.0,54.0,10.0
2008-02-12T01:00+00:00,5805,,,347.0,10.0,348.0,10.0,1.0,10.0,2.3,10.0,1008.5,10.0,,,92,10,0.0,10,0.0,10,,,0.0,10,1.3,,,10.0,2.4,,,10.0,3.8,10.0,-5.0,10,-7.5,10.0,113.0,10.0
2008-02-12T02:00+00:00,5805,,,349.0,10.0,359.0,10.0,0.9,10.0,2.1,10.0,1008.4,10.0,,,92,10,0.0,10,0.0,10,,,0.0,10,1.2,,,10.0,2.3,,,10.0,3.8,10.0,-5.3,10,-7.8,10.0,221.0,10.0
2008-02-12T03:00+00:00,5805,,,351.0,10.0,7.0,10.0,0.9,10.0,2.1,10.0,1008.3,10.0,,,92,10,0.0,10,0.0,10,,,0.0,10,1.1,,,10.0,2.2,,,10.0,3.8,10.0,-5.8,10,-8.0,10.0,310.0,10.0
2008-02-12T04:00+00:00,5805,,,347.0,10.0,359.0,10.0,0.7,10.0,2.2,10.0,1008.4,10.0,,,92,10,0.0,10,0.0,10,,,0.0,10,1.1,,,10.0,2.2,,,10.0,3.8,10.0,-6.1,10,-8.4,10.0,456.0,10.0
2008-02-12T05:00+00:00,5805,,,348.0,10.0,355.0,10.0,0.7,10.0,1.9,10.0,1008.7,10.0,,,92,10,0.0,10,0.0,10,,,0.0,10,1.0,,,10.0,2.1,,,10.0,3.8,10.0,-6.3,10,-8.7,10.0,512.0,10.0
2008-02-12T06:00+00:00,5805,,,354.0,10.0,359.0,10.0,0.8,10.0,1.9,10.0,1009.0,10.0,,,92,10,0.0,10,0.0,10,,,0.0,10,0.9,,,10.0,2.1,,,10.0,3.8,10.0,-6.3,10,-8.7,10.0,627.0,10.0
2008-02-12T07:00+00:00,5805,,,350.0,10.0,356.0,10.0,0.6,10.0,1.8,10.0,1009.3,10.0,,,91,10,0.0,10,0.0,10,,,0.0,10,0.9,,,10.0,2.0,,,10.0,3.7,10.0,-4.7,10,-8.1,10.0,752.0,10.0
2008-02-12T08:00+00:00,5805,,,38.0,10.0,107.0,10.0,0.8,10.0,2.7,10.0,1009.5,10.0,,,92,10,0.0,10,0.0,10,,,0.0,10,1.0,,,10.0,2.0,,,10.0,3.7,10.0,-2.5,10,-4.2,10.0,855.0,10.0
2008-02-12T09:00+00:00,5805,,,100.0,10.0,95.0,10.0,1.8,10.0,3.8,10.0,1009.6,10.0,,,93,10,0.0,10,0.0,10,,,0.0,10,1.0,,,10.0,2.0,,,10.0,3.7,10.0,-2.6,10,-1.9,10.0,921.0,10.0
2008-02-12T10:00+00:00,5805,,,111.0,10.0,151.0,10.0,1.5,10.0,3.9,10.0,1009.8,10.0,,,93,10,0.0,10,0.0,10,,,0.0,10,1.0,,,10.0,1.9,,,10.0,3.7,10.0,-2.5,10,-1.6,10.0,1057.0,10.0
2008-02-12T11:00+00:00,5805,,,129.0,10.0,113.0,10.0,1.2,10.0,4.2,10.0,1009.7,10.0,,,93,10,0.0,10,0.0,10,,,0.0,10,1.0,,,10.0,1.9,,,10.0,3.7,10.0,-2.0,10,-1.3,10.0,1117.0,10.0
2008-02-12T12:00+00:00,5805,,,128.0,10.0,168.0,10.0,1.0,10.0,3.5,10.0,1009.4,10.0,,,93,10,0.0,10,0.0,10,,,0.0,10,1.1,,,10.0,1.9,,,10.0,3.6,10.0,-0.5,10,-0.8,10.0,1228.0,10.0
2008-02-12T13:00+00:00,5805,,,131.0,10.0,125.0,10.0,1.5,10.0,4.4,10.0,1009.0,10.0,,,86,10,0.0,10,0.0,10,,,0.4,10,1.2,,,10.0,1.9,,,10.0,3.6,10.0,0.5,10,1.3,10.0,1339.0,10.0
2008-02-12T14:00+00:00,5805,,,137.0,10.0,162.0,10.0,1.4,10.0,4.0,10.0,1008.9,10.0,,,82,10,0.0,10,0.0,10,,,1.0,10,1.4,,,10.0,1.9,,,10.0,3.6,10.0,1.4,10,3.3,10.0,1500.0,10.0
2008-02-12T15:00+00:00,5805,,,116.0,10.0,95.0,10.0,1.6,10.0,3.5,10.0,1008.7,10.0,,,80,10,0.0,10,0.0,10,,,1.0,10,1.4,,,10.0,1.9,,,10.0,3.6,10.0,2.2,10,2.5,10.0,1534.0,10.0
2008-02-12T16:00+00:00,5805,,,102.0,10.0,144.0,10.0,1.4,10.0,4.0,10.0,1008.5,10.0,,,83,10,0.0,10,0.0,10,,,0.4,10,1.2,,,10.0,1.9,,,10.0,3.6,10.0,1.2,10,-0.4,10.0,1627.0,10.0
2008-02-12T17:00+00:00,5805,,,44.0,10.0,81.0,10.0,0.9,10.0,2.3,10.0,1008.8,10.0,,,89,10,0.0,10,0.0,10,,,0.0,10,1.1,,,10.0,1.8,,,10.0,3.5,10.0,-0.8,10,-3.4,10.0,1705.0,10.0
2008-02-12T18:00+00:00,5805,,,7.0,10.0,7.0,10.0,0.5,10.0,2.2,10.0,1008.8,10.0,,,91,10,0.0,10,0.0,10,,,0.0,10,1.0,,,10.0,1.8,,,10.0,3.5,10.0,-2.0,10,-4.7,10.0,1859.0,10.0
2008-02-12T19:00+00:00,5805,,,360.0,10.0,359.0,10.0,0.6,10.0,2.0,10.0,1009.1,10.0,,,92,10,0.0,10,0.0,10,,,0.0,10,0.9,,,10.0,1.8,,,10.0,3.5,10.0,-2.9,10,-5.3,10.0,1907.0,10.0
2008-02-12T20:00+00:00,5805,,,2.0,10.0,359.0,10.0,0.6,10.0,2.0,10.0,1009.2,10.0,,,92,10,0.0,10,0.0,10,,,0.0,10,0.9,,,10.0,1.8,,,10.0,3.5,10.0,-3.7,10,-6.1,10.0,2027.0,10.0
2008-02-12T21:00+00:00,5805,,,358.0,10.0,354.0,10.0,0.7,10.0,1.9,10.0,1009.4,10.0,,,92,10,0.0,10,0.0,10,,,0.0,10,0.8,,,10.0,1.7,,,10.0,3.5,10.0,-4.3,10,-6.8,10.0,2109.0,10.0
2008-02-12T22:00+00:00,5805,,,351.0,10.0,354.0,10.0,0.9,10.0,2.0,10.0,1009.2,10.0,,,92,10,0.0,10,0.0,10,,,0.0,10,0.8,,,10.0,1.7,,,10.0,3.5,10.0,-4.9,10,-7.3,10.0,2211.0,10.0
2008-02-12T23:00+00:00,5805,,,346.0,10.0,345.0,10.0,0.8,10.0,2.3,10.0,1009.3,10.0,,,92,10,0.0,10,0.0,10,,,0.0,10,0.8,,,10.0,1.7,,,10.0,3.4,10.0,-4.9,10,-7.4,10.0,2350.0,10.0
2008-02-13T00:00+00:00,5805,,,331.0,10.0,347.0,10.0,1.0,10.0,2.2,10.0,1008.9,10.0,,,92,10,0.0,10,0.0,10,,,0.0,10,0.8,,,10.0,1.7,,,10.0,3.4,10.0,-3.1,10,-6.2,10.0,40.0,10.0
2008-02-13T01:00+00:00,5805,,,38.0,10.0,156.0,10.0,0.6,10.0,3.2,10.0,1009.0,10.0,,,93,10,0.0,10,0.0,10,,,0.0,10,0.8,,,10.0,1.7,,,10.0,3.4,10.0,-2.0,10,-3.0,10.0,151.0,10.0
2008-02-13T02:00+00:00,5805,,,102.0,10.0,51.0,10.0,0.7,10.0,3.1,10.0,1008.8,10.0,,,93,10,0.0,10,0.0,10,,,0.0,10,0.8,,,10.0,1.6,,,10.0,3.4,10.0,-2.0,10,-1.9,10.0,203.0,10.0
2008-02-13T03:00+00:00,5805,,,0.0,10.0,155.0,10.0,0.0,10.0,2.6,10.0,1008.6,10.0,,,93,10,0.0,10,0.0,10,,,0.0,10,0.8,,,10.0,1.6,,,10.0,3.4,10.0,-1.9,10,-1.9,10.0,302.0,10.0
2008-02-13T04:00+00:00,5805,,,33.0,10.0,54.0,10.0,0.6,10.0,2.8,10.0,1008.7,10.0,,,93,10,0.0,10,0.0,10,,,0.0,10,0.8,,,10.0,1.6,,,10.0,3.4,10.0,-2.0,10,-1.8,10.0,459.0,10.0
2008-02-13T05:00+00:00,5805,,,40.0,10.0,60.0,10.0,1.2,10.0,3.6,10.0,1008.7,10.0,,,93,10,0.0,10,0.0,10,,,0.0,10,0.8,,,10.0,1.6,,,10.0,3.4,10.0,-2.2,10,-2.1,10.0,600.0,10.0
2008-02-13T06:00+00:00,5805,,,35.0,10.0,44.0,10.0,1.2,10.0,2.4,10.0,1009.0,10.0,,,93,10,0.0,10,0.0,10,,,0.0,10,0.8,,,10.0,1.6,,,10.0,3.3,10.0,-2.2,10,-2.1,10.0,659.0,10.0
2008-02-13T07:00+00:00,5805,,,36.0,10.0,48.0,10.0,1.4,10.0,2.7,10.0,1009.2,10.0,,,93,10,0.0,10,0.0,10,,,0.0,10,0.8,,,10.0,1.6,,,10.0,3.3,10.0,-2.3,10,-2.1,10.0,800.0,10.0
2008-02-13T08:00+00:00,5805,,,345.0,10.0,35.0,10.0,0.6,10.0,1.9,10.0,1009.0,10.0,,,92,10,0.0,10,0.0,10,,,0.0,10,0.8,,,10.0,1.6,,,10.0,3.3,10.0,-2.0,10,-2.1,10.0,823.0,10.0
2008-02-13T09:00+00:00,5805,,,360.0,10.0,32.0,10.0,0.8,10.0,2.3,10.0,1009.0,10.0,,,90,10,0.0,10,0.0,10,,,0.0,10,0.9,,,10.0,1.6,,,10.0,3.3,10.0,-1.5,10,-1.6,10.0,938.0,10.0
2008-02-13T10:00+00:00,5805,,,318.0,10.0,355.0,10.0,1.3,10.0,3.9,10.0,1009.1,10.0,,,87,10,0.0,10,0.0,10,,,0.0,10,0.9,,,10.0,1.6,,,10.0,3.3,10.0,-0.8,10,-0.8,10.0,1059.0,10.0
2008-02-13T11:00+00:00,5805,,,312.0,10.0,357.0,10.0,1.8,10.0,3.9,10.0,1008.8,10.0,,,85,10,0.0,10,0.0,10,,,0.0,10,1.0,,,10.0,1.6,,,10.0,3.3,10.0,-1.0,10,-0.1,10.0,1158.0,10.0
2008-02-13T12:00+00:00,5805,,,329.0,10.0,346.0,10.0,1.6,10.0,4.6,10.0,1008.4,10.0,,,86,10,0.0,10,0.0,10,,,0.0,10,1.0,,,10.0,1.6,,,10.0,3.2,10.0,-1.2,10,0.2,10.0,1234.0,10.0
2008-02-13T13:00+00:00,5805,,,323.0,10.0,5.0,10.0,1.6,10.0,4.6,10.0,1007.8,10.0,,,87,10,0.0,10,0.0,10,,,0.0,10,0.9,,,10.0,1.6,,,10.0,3.2,10.0,-1.4,10,-0.4,10.0,1346.0,10.0
2008-02-13T14:00+00:00,5805,,,305.0,10.0,317.0,10.0,2.3,10.0,4.5,10.0,1007.4,10.0,,,87,10,0.0,10,0.0,10,,,0.0,10,0.9,,,10.0,1.6,,,10.0,3.2,10.0,-1.3,10,-0.6,10.0,1442.0,10.0
2008-02-13T15:00+00:00,5805,,,301.0,10.0,288.0,10.0,2.6,10.0,5.2,10.0,1007.1,10.0,,,88,10,0.0,10,0.0,10,,,0.0,10,0.9,,,10.0,1.5,,,10.0,3.2,10.0,-1.6,10,-1.1,10.0,1524.0,10.0
2008-02-13T16:00+00:00,5805,,,303.0,10.0,324.0,10.0,3.0,10.0,6.3,10.0,1007.0,10.0,,,88,10,0.0,10,0.0,10,,,0.0,10,0.9,,,10.0,1.5,,,10.0,3.2,10.0,-1.5,10,-1.4,10.0,1633.0,10.0
2008-02-13T17:00+00:00,5805,,,306.0,10.0,322.0,10.0,2.5,10.0,5.9,10.0,1007.1,10.0,,,88,10,0.0,10,0.0,10,,,0.0,10,0.9,,,10.0,1.5,,,10.0,3.2,10.0,-1.4,10,-1.5,10.0,1725.0,10.0
2008-02-13T18:00+00:00,5805,,,300.0,10.0,318.0,10.0,2.8,10.0,5.7,10.0,1007.0,10.0,,,88,10,0.0,10,0.0,10,,,0.0,10,0.8,,,10.0,1.5,,,10.0,3.2,10.0,-1.6,10,-2.2,10.0,1802.0,10.0
2008-02-13T19:00+00:00,5805,,,309.0,10.0,325.0,10.0,1.9,10.0,5.0,10.0,1006.7,10.0,,,90,10,0.0,10,0.0,10,,,0.0,10,0.8,,,10.0,1.5,,,10.0,3.2,10.0,-2.3,10,-4.4,10.0,1908.0,10.0
2008-02-13T20:00+00:00,5805,,,318.0,10.0,314.0,10.0,1.4,10.0,3.5,10.0,1006.4,10.0,,,91,10,0.0,10,0.0,10,,,0.0,10,0.7,,,10.0,1.5,,,10.0,3.2,10.0,-3.0,10,-5.4,10.0,2007.0,10.0
2008-02-13T21:00+00:00,5805,,,319.0,10.0,317.0,10.0,1.6,10.0,2.8,10.0,1006.7,10.0,,,89,10,0.0,10,0.0,10,,,0.0,10,0.7,,,10.0,1.5,,,10.0,3.1,10.0,-2.5,10,-5.7,10.0,2130.0,10.0
2008-02-13T22:00+00:00,5805,,,323.0,10.0,11.0,10.0,1.6,10.0,4.0,10.0,1006.5,10.0,,,87,10,0.0,10,0.0,10,,,0.0,10,0.7,,,10.0,1.5,,,10.0,3.1,10.0,-2.2,10,-5.5,10.0,2238.0,10.0
2008-02-13T23:00+00:00,5805,,,326.0,10.0,338.0,10.0,1.5,10.0,3.2,10.0,1006.6,10.0,,,88,10,0.0,10,0.0,10,,,0.0,10,0.7,,,10.0,1.5,,,10.0,3.1,10.0,-2.1,10,-4.8,10.0,2319.0,10.0
2008-02-14T00:00+00:00,5805,,,323.0,10.0,298.0,10.0,1.4,10.0,3.3,10.0,1006.6,10.0,,,89,10,0.0,10,0.0,10,,,0.0,10,0.7,,,10.0,1.5,,,10.0,3.1,10.0,-2.4,10,-5.4,10.0,18.0,10.0
2008-02-14T01:00+00:00,5805,,,326.0,10.0,334.0,10.0,1.6,10.0,5.2,10.0,1006.8,10.0,,,88,10,0.0,10,0.0,10,,,0.0,10,0.6,,,10.0,1.4,,,10.0,3.1,10.0,-2.0,10,-5.4,10.0,158.0,10.0
2008-02-14T02:00+00:00,5805,,,305.0,10.0,291.0,10.0,3.2,10.0,7.8,10.0,1006.5,10.0,,,89,10,0.0,10,0.0,10,,,0.0,10,0.7,,,10.0,1.4,,,10.0,3.1,10.0,-1.8,10,-2.9,10.0,251.0,10.0
2008-02-14T03:00+00:00,5805,,,297.0,10.0,289.0,10.0,3.3,10.0,7.3,10.0,1006.3,10.0,,,87,10,0.0,10,0.0,10,,,0.0,10,0.7,,,10.0,1.4,,,10.0,3.1,10.0,-1.2,10,-2.2,10.0,350.0,10.0
2008-02-14T04:00+00:00,5805,,,298.0,10.0,295.0,10.0,3.2,10.0,7.2,10.0,1006.3,10.0,,,85,10,0.0,10,0.0,10,,,0.0,10,0.7,,,10.0,1.4,,,10.0,3.1,10.0,-1.0,10,-1.8,10.0,414.0,10.0
2008-02-14T05:00+00:00,5805,,,302.0,10.0,295.0,10.0,2.4,10.0,6.4,10.0,1006.1,10.0,,,86,10,0.0,10,0.0,10,,,0.0,10,0.7,,,10.0,1.4,,,10.0,3.1,10.0,-0.9,10,-1.7,10.0,539.0,10.0
2008-02-14T06:00+00:00,5805,,,309.0,10.0,314.0,10.0,2.6,10.0,6.2,10.0,1006.4,10.0,,,84,10,0.0,10,0.0,10,,,0.0,10,0.7,,,10.0,1.4,,,10.0,3.0,10.0,-0.4,10,-1.5,10.0,619.0,10.0
2008-02-14T07:00+00:00,5805,,,308.0,10.0,321.0,10.0,2.1,10.0,5.2,10.0,1006.7,10.0,,,85,10,0.0,10,0.0,10,,,0.0,10,0.7,,,10.0,1.4,,,10.0,3.0,10.0,-0.3,10,-0.7,10.0,705.0,10.0
2008-02-14T08:00+00:00,5805,,,330.0,10.0,306.0,10.0,1.3,10.0,4.2,10.0,1007.1,10.0,,,85,10,0.0,10,0.0,10,,,0.0,10,0.7,,,10.0,1.4,,,10.0,3.0,10.0,-0.3,10,-0.4,10.0,849.0,10.0
2008-02-14T09:00+00:00,5805,,,305.0,10.0,324.0,10.0,2.3,10.0,5.4,10.0,1007.4,10.0,,,84,10,0.0,10,0.0,10,,,0.0,10,0.8,,,10.0,1.4,,,10.0,3.0,10.0,-0.2,10,-0.1,10.0,938.0,10.0
2008-02-14T10:00+00:00,5805,,,302.0,10.0,324.0,10.0,2.4,10.0,5.7,10.0,1007.4,10.0,,,82,10,0.0,10,0.0,10,,,0.0,10,0.8,,,10.0,1.4,,,10.0,3.0,10.0,0.3,10,0.1,10.0,1018.0,10.0
2008-02-14T11:00+00:00,5805,,,306.0,10.0,309.0,10.0,2.9,10.0,6.3,10.0,1006.7,10.0,,,80,10,0.0,10,0.0,10,,,0.0,10,0.9,,,10.0,1.4,,,10.0,3.0,10.0,0.8,10,1.1,10.0,1116.0,10.0
2008-02-14T12:00+00:00,5805,,,311.0,10.0,324.0,10.0,3.3,10.0,7.2,10.0,1006.0,10.0,,,78,10,0.0,10,0.0,10,,,0.0,10,0.9,,,10.0,1.4,,,10.0,3.0,10.0,1.4,10,1.8,10.0,1256.0,10.0
2008-02-14T13:00+00:00,5805,,,313.0,10.0,310.0,10.0,3.2,10.0,7.3,10.0,1005.6,10.0,,,79,10,0.0,10,0.0,10,,,0.0,10,0.9,,,10.0,1.4,,,10.0,3.0,10.0,1.3,10,1.9,10.0,1339.0,10.0
2008-02-14T14:00+00:00,5805,,,311.0,10.0,301.0,10.0,2.4,10.0,5.3,10.0,1005.3,10.0,,,79,10,0.0,10,0.0,10,,,0.0,10,0.9,,,10.0,1.4,,,10.0,3.0,10.0,1.5,10,1.7,10.0,1452.0,10.0
2008-02-14T15:00+00:00,5805,,,308.0,10.0,306.0,10.0,2.1,10.0,5.6,10.0,1005.0,10.0,,,79,10,0.0,10,0.0,10,,,0.0,10,0.9,,,10.0,1.4,,,10.0,3.0,10.0,1.7,10,1.7,10.0,1516.0,10.0
2008-02-14T16:00+00:00,5805,,,298.0,10.0,294.0,10.0,2.1,10.0,4.2,10.0,1004.7,10.0,,,80,10,0.0,10,0.0,10,,,0.0,10,0.9,,,10.0,1.4,,,10.0,3.0,10.0,1.6,10,1.3,10.0,1647.0,10.0
2008-02-14T17:00+00:00,5805,,,306.0,10.0,294.0,10.0,1.7,10.0,3.5,10.0,1004.8,10.0,,,81,10,0.0,10,0.0,10,,,0.0,10,0.9,,,10.0,1.4,,,10.0,3.0,10.0,1.6,10,1.1,10.0,1702.0,10.0
2008-02-14T18:00+00:00,5805,,,310.0,10.0,317.0,10.0,1.6,10.0,3.9,10.0,1004.8,10.0,,,81,10,0.0,10,0.0,10,,,0.0,10,0.9,,,10.0,1.4,,,10.0,2.9,10.0,1.8,10,1.1,10.0,1859.0,10.0
2008-02-14T19:00+00:00,5805,,,313.0,10.0,301.0,10.0,1.8,10.0,4.6,10.0,1004.7,10.0,,,89,10,0.0,10,2.0,10,,,0.0,10,0.9,,,10.0,1.4,,,10.0,2.9,10.0,1.3,10,0.9,10.0,1956.0,10.0
2008-02-14T20:00+00:00,5805,,,313.0,10.0,319.0,10.0,1.8,10.0,4.4,10.0,1004.7,10.0,,,91,10,0.0,10,36.0,10,,,0.0,10,0.9,,,10.0,1.4,,,10.0,2.9,10.0,1.1,10,0.7,10.0,2051.0,10.0
2008-02-14T21:00+00:00,5805,,,313.0,10.0,317.0,10.0,1.6,10.0,3.7,10.0,1004.8,10.0,,,91,10,0.0,10,13.0,10,,,0.0,10,0.9,,,10.0,1.4,,,10.0,2.9,10.0,1.1,10,0.6,10.0,2109.0,10.0
2008-02-14T22:00+00:00,5805,,,312.0,10.0,328.0,10.0,1.8,10.0,4.2,10.0,1004.6,10.0,,,91,10,0.0,10,25.0,10,,,0.0,10,0.9,,,10.0,1.4,,,10.0,2.9,10.0,0.9,10,0.5,10.0,2215.0,10.0
2008-02-14T23:00+00:00,5805,,,313.0,10.0,304.0,10.0,1.7,10.0,4.6,10.0,1004.4,10.0,,,91,10,0.0,10,36.0,10,,,0.0,10,0.9,,,10.0,1.4,,,10.0,2.9,10.0,0.8,10,0.3,10.0,2354.0,10.0
2008-02-15T00:00+00:00,5805,,,318.0,10.0,311.0,10.0,1.9,10.0,3.7,10.0,1004.3,10.0,,,90,10,0.0,10,33.0,10,,,0.0,10,0.9,,,10.0,1.4,,,10.0,2.9,10.0,0.5,10,0.0,10.0,42.0,10.0
2008-02-15T01:00+00:00,5805,,,331.0,10.0,359.0,10.0,1.6,10.0,3.8,10.0,1004.3,10.0,,,90,10,0.0,10,5.0,10,,,0.0,10,0.9,,,10.0,1.4,,,10.0,2.9,10.0,0.4,10,-0.2,10.0,158.0,10.0
2008-02-15T02:00+00:00,5805,,,322.0,10.0,322.0,10.0,1.8,10.0,3.5,10.0,1003.9,10.0,,,88,10,0.0,10,0.0,10,,,0.0,10,0.9,,,10.0,1.4,,,10.0,2.9,10.0,0.3,10,-0.2,10.0,231.0,10.0
2008-02-15T03:00+00:00,5805,,,314.0,10.0,302.0,10.0,2.1,10.0,5.7,10.0,1003.9,10.0,,,85,10,0.0,10,0.0,10,,,0.0,10,0.9,,,10.0,1.4,,,10.0,2.9,10.0,0.4,10,-0.1,10.0,322.0,10.0
2008-02-15T04:00+00:00,5805,,,313.0,10.0,318.0,10.0,1.8,10.0,3.7,10.0,1003.9,10.0,,,86,10,0.0,10,1.0,10,,,0.0,10,1.0,,,10.0,1.5,,,10.0,2.9,10.0,0.3,10,-0.2,10.0,432.0,10.0
2008-02-15T05:00+00:00,5805,,,304.0,10.0,300.0,10.0,2.6,10.0,6.3,10.0,1003.1,10.0,,,82,10,0.0,10,0.0,10,,,0.0,10,1.0,,,10.0,1.5,,,10.0,2.9,10.0,0.5,10,-0.2,10.0,546.0,10.0
2008-02-15T06:00+00:00,5805,,,305.0,10.0,302.0,10.0,3.2,10.0,5.8,10.0,1003.5,10.0,,,81,10,0.0,10,0.0,10,,,0.0,10,1.0,,,10.0,1.5,,,10.0,2.9,10.0,0.7,10,0.0,10.0,619.0,10.0
2008-02-15T07:00+00:00,5805,,,318.0,10.0,318.0,10.0,2.5,10.0,6.8,10.0,1003.7,10.0,,,81,10,0.0,10,6.0,10,,,0.0,10,1.0,,,10.0,1.5,,,10.0,2.9,10.0,0.7,10,0.1,10.0,703.0,10.0
2008-02-15T08:00+00:00,5805,,,307.0,10.0,307.0,10.0,3.0,10.0,7.2,10.0,1004.0,10.0,,,83,10,0.0,10,31.0,10,,,0.0,10,1.0,,,10.0,1.5,,,10.0,2.9,10.0,0.7,10,0.2,10.0,814.0,10.0
2008-02-15T09:00+00:00,5805,,,323.0,10.0,310.0,10.0,2.3,10.0,6.8,10.0,1005.2,10.0,,,79,10,0.5,10,49.0,10,,,0.0,10,1.0,,,10.0,1.5,,,10.0,2.9,10.0,-0.1,10,-0.4,10.0,939.0,10.0
2008-02-15T10:00+00:00,5805,,,344.0,10.0,333.0,10.0,1.8,10.0,6.9,10.0,1005.6,10.0,,,48,10,0.0,10,4.0,10,,,0.7,10,1.2,,,10.0,1.5,,,10.0,2.9,10.0,1.7,10,-0.4,10.0,1003.0,10.0
2008-02-15T11:00+00:00,5805,,,346.0,10.0,315.0,10.0,1.9,10.0,11.2,10.0,1005.9,10.0,,,42,10,0.0,10,0.0,10,,,1.0,10,1.5,,,10.0,1.5,,,10.0,2.9,10.0,2.4,10,4.1,10.0,1155.0,10.0
2008-02-15T12:00+00:00,5805,,,349.0,10.0,6.0,10.0,1.7,10.0,7.9,10.0,1005.8,10.0,,,43,10,0.0,10,0.0,10,,,0.5,10,1.7,,,10.0,1.6,,,10.0,2.9,10.0,1.8,10,3.0,10.0,1234.0,10.0
2008-02-15T13:00+00:00,5805,,,327.0,10.0,312.0,10.0,2.1,10.0,8.3,10.0,1005.6,10.0,,,44,10,0.0,10,0.0,10,,,0.5,10,1.9,,,10.0,1.7,,,10.0,2.9,10.0,2.1,10,2.4,10.0,1359.0,10.0
2008-02-15T14:00+00:00,5805,,,319.0,10.0,292.0,10.0,2.6,10.0,8.0,10.0,1006.0,10.0,,,44,10,0.0,10,0.0,10,,,0.5,10,2.0,,,10.0,1.7,,,10.0,2.9,10.0,1.8,10,2.1,10.0,1429.0,10.0
2008-02-15T15:00+00:00,5805,,,341.0,10.0,353.0,10.0,1.9,10.0,7.9,10.0,1006.3,10.0,,,44,10,0.0,10,0.0,10,,,0.2,10,2.0,,,10.0,1.8,,,10.0,2.9,10.0,1.0,10,0.5,10.0,1509.0,10.0
2008-02-15T16:00+00:00,5805,,,325.0,10.0,303.0,10.0,2.2,10.0,5.5,10.0,1006.5,10.0,,,47,10,0.0,10,0.0,10,,,0.2,10,1.8,,,10.0,1.9,,,10.0,2.9,10.0,0.5,10,-0.2,10.0,1630.0,10.0
2008-02-15T17:00+00:00,5805,,,319.0,10.0,303.0,10.0,2.3,10.0,6.1,10.0,1007.4,10.0,,,47,10,0.0,10,0.0,10,,,0.0,10,1.6,,,10.0,1.9,,,10.0,2.9,10.0,0.0,10,-1.3,10.0,1721.0,10.0
2008-02-15T18:00+00:00,5805,,,339.0,10.0,343.0,10.0,1.8,10.0,4.1,10.0,1007.9,10.0,,,48,10,0.0,10,0.0,10,,,0.0,10,1.4,,,10.0,1.9,,,10.0,2.9,10.0,-0.1,10,-1.4,10.0,1854.0,10.0
2008-02-15T19:00+00:00,5805,,,325.0,10.0,337.0,10.0,1.9,10.0,4.2,10.0,1008.3,10.0,,,49,10,0.0,10,0.0,10,,,0.0,10,1.3,,,10.0,1.9,,,10.0,2.9,10.0,-0.6,10,-2.1,10.0,1953.0,10.0
2008-02-15T20:00+00:00,5805,,,314.0,10.0,326.0,10.0,2.0,10.0,5.2,10.0,1008.9,10.0,,,49,10,0.0,10,0.0,10,,,0.0,10,1.2,,,10.0,1.8,,,10.0,2.9,10.0,-1.0,10,-2.3,10.0,2039.0,10.0
2008-02-15T21:00+00:00,5805,,,314.0,10.0,317.0,10.0,1.9,10.0,6.1,10.0,1009.0,10.0,,,50,10,0.0,10,0.0,10,,,0.0,10,1.1,,,10.0,1.8,,,10.0,2.9,10.0,-1.5,10,-3.3,10.0,2113.0,10.0
2008-02-15T22:00+00:00,5805,,,312.0,10.0,303.0,10.0,2.0,10.0,3.9,10.0,1009.1,10.0,,,51,10,0.0,10,0.0,10,,,0.0,10,1.0,,,10.0,1.8,,,10.0,2.9,10.0,-1.6,10,-3.2,10.0,2201.0,10.0
2008-02-15T23:00+00:00,5805,,,315.0,10.0,342.0,10.0,2.0,10.0,4.6,10.0,1009.2,10.0,,,54,10,0.0,10,0.0,10,,,0.0,10,1.0,,,10.0,1.7,,,10.0,2.9,10.0,-1.8,10,-3.4,10.0,2323.0,10.0
2008-02-16T00:00+00:00,5805,,,317.0,10.0,359.0,10.0,1.7,10.0,3.8,10.0,1009.0,10.0,,,55,10,0.0,10,0.0,10,,,0.0,10,1.0,,,10.0,1.7,,,10.0,2.9,10.0,-1.6,10,-3.3,10.0,2.0,10.0
2008-02-16T01:00+00:00,5805,,,326.0,10.0,308.0,10.0,1.9,10.0,6.1,10.0,1008.7,10.0,,,60,10,0.0,10,8.0,10,,,0.0,10,0.9,,,10.0,1.7,,,10.0,2.9,10.0,-1.6,10,-2.5,10.0,119.0,10.0
2008-02-16T02:00+00:00,5805,,,309.0,10.0,292.0,10.0,2.4,10.0,5.7,10.0,1008.4,10.0,,,55,10,0.0,10,0.0,10,,,0.0,10,0.9,,,10.0,1.6,,,10.0,2.9,10.0,-1.5,10,-2.6,10.0,228.0,10.0
2008-02-16T03:00+00:00,5805,,,313.0,10.0,308.0,10.0,2.7,10.0,8.3,10.0,1008.7,10.0,,,52,10,0.0,10,0.0,10,,,0.0,10,0.9,,,10.0,1.6,,,10.0,2.9,10.0,-1.6,10,-2.6,10.0,343.0,10.0
2008-02-16T04:00+00:00,5805,,,309.0,10.0,307.0,10.0,3.4,10.0,8.8,10.0,1009.3,10.0,,,52,10,0.0,10,0.0,10,,,0.0,10,0.8,,,10.0,1.6,,,10.0,2.9,10.0,-2.2,10,-3.0,10.0,436.0,10.0
2008-02-16T05:00+00:00,5805,,,314.0,10.0,288.0,10.0,3.2,10.0,9.4,10.0,1009.7,10.0,,,50,10,0.0,10,0.0,10,,,0.0,10,0.7,,,10.0,1.6,,,10.0,2.9,10.0,-3.2,10,-4.3,10.0,516.0,10.0
2008-02-16T06:00+00:00,5805,,,315.0,10.0,305.0,10.0,3.3,10.0,9.1,10.0,1010.4,10.0,,,52,10,0.0,10,0.0,10,,,0.0,10,0.7,,,10.0,1.5,,,10.0,2.9,10.0,-3.9,10,-5.3,10.0,607.0,10.0
2008-02-16T07:00+00:00,5805,,,307.0,10.0,281.0,10.0,3.7,10.0,8.4,10.0,1010.9,10.0,,,55,10,0.0,10,0.0,10,,,0.5,10,0.6,,,10.0,1.5,,,10.0,2.9,10.0,-4.1,10,-5.4,10.0,754.0,10.0
2008-02-16T08:00+00:00,5805,,,302.0,10.0,297.0,10.0,4.4,10.0,8.7,10.0,1011.0,10.0,,,53,10,0.0,10,0.0,10,,,0.0,10,0.6,,,10.0,1.5,,,10.0,2.9,10.0,-3.4,10,-4.6,10.0,849.0,10.0
2008-02-16T09:00+00:00,5805,,,307.0,10.0,334.0,10.0,4.0,10.0,10.0,10.0,1011.3,10.0,,,50,10,0.0,10,0.0,10,,,0.9,10,0.7,,,10.0,1.4,,,10.0,2.9,10.0,-1.9,10,-2.5,10.0,951.0,10.0
2008-02-16T10:00+00:00,5805,,,319.0,10.0,351.0,10.0,3.6,10.0,11.8,10.0,1012.1,10.0,,,48,10,0.0,10,0.0,10,,,0.4,10,0.8,,,10.0,1.4,,,10.0,2.9,10.0,-1.5,10,-0.7,10.0,1036.0,10.0
2008-02-16T11:00+00:00,5805,,,346.0,10.0,4.0,10.0,2.3,10.0,8.3,10.0,1013.2,10.0,,,59,10,0.0,10,5.0,10,,,0.2,10,0.7,,,10.0,1.4,,,10.0,2.9,10.0,-2.1,10,-1.6,10.0,1132.0,10.0
2008-02-16T12:00+00:00,5805,,,349.0,10.0,312.0,10.0,2.0,10.0,9.5,10.0,1013.4,10.0,,,46,10,0.0,10,0.0,10,,,0.6,10,0.9,,,10.0,1.4,,,10.0,2.9,10.0,-0.7,10,-1.2,10.0,1212.0,10.0
2008-02-16T13:00+00:00,5805,,,3.0,10.0,66.0,10.0,1.9,10.0,9.7,10.0,1013.9,10.0,,,36,10,0.0,10,0.0,10,,,1.0,10,1.1,,,10.0,1.4,,,10.0,2.9,10.0,-0.6,10,1.9,10.0,1346.0,10.0
2008-02-16T14:00+00:00,5805,,,17.0,10.0,11.0,10.0,2.0,10.0,10.1,10.0,1014.3,10.0,,,35,10,0.0,10,0.0,10,,,1.0,10,1.1,,,10.0,1.4,,,10.0,2.9,10.0,-0.5,10,3.1,10.0,1403.0,10.0
2008-02-16T15:00+00:00,5805,,,3.0,10.0,359.0,10.0,1.9,10.0,8.0,10.0,1015.0,10.0,,,33,10,0.0,10,0.0,10,,,1.0,10,1.0,,,10.0,1.4,,,10.0,2.9,10.0,-1.1,10,-0.7,10.0,1533.0,10.0
2008-02-16T16:00+00:00,5805,,,334.0,10.0,24.0,10.0,2.1,10.0,7.9,10.0,1015.5,10.0,,,34,10,0.0,10,0.0,10,,,0.8,10,0.8,,,10.0,1.4,,,10.0,2.9,10.0,-2.1,10,-3.2,10.0,1637.0,10.0
2008-02-16T17:00+00:00,5805,,,336.0,10.0,326.0,10.0,1.7,10.0,5.1,10.0,1016.3,10.0,,,36,10,0.0,10,0.0,10,,,0.0,10,0.6,,,10.0,1.4,,,10.0,2.9,10.0,-2.9,10,-5.7,10.0,1708.0,10.0
2008-02-16T18:00+00:00,5805,,,324.0,10.0,317.0,10.0,1.9,10.0,3.5,10.0,1017.0,10.0,,,38,10,0.0,10,0.0,10,,,0.0,10,0.6,,,10.0,1.4,,,10.0,2.9,10.0,-3.7,10,-6.3,10.0,1812.0,10.0
2008-02-16T19:00+00:00,5805,,,333.0,10.0,316.0,10.0,1.3,10.0,3.6,10.0,1017.6,10.0,,,42,10,0.0,10,0.0,10,,,0.0,10,0.5,,,10.0,1.3,,,10.0,2.8,10.0,-4.9,10,-7.7,10.0,1935.0,10.0
2008-02-16T20:00+00:00,5805,,,352.0,10.0,299.0,10.0,0.2,10.0,2.0,10.0,1018.2,10.0,,,53,10,0.0,10,0.0,10,,,0.0,10,0.4,,,10.0,1.3,,,10.0,2.8,10.0,-6.7,10,-9.8,10.0,2100.0,10.0
2008-02-16T21:00+00:00,5805,,,332.0,10.0,346.0,10.0,0.4,10.0,2.3,10.0,1018.8,10.0,,,56,10,0.0,10,0.0,10,,,0.0,10,0.4,,,10.0,1.3,,,10.0,2.8,10.0,-7.4,10,-10.0,10.0,2118.0,10.0
2008-02-16T22:00+00:00,5805,,,342.0,10.0,8.0,10.0,0.8,10.0,3.0,10.0,1019.1,10.0,,,59,10,0.0,10,0.0,10,,,0.0,10,0.4,,,10.0,1.3,,,10.0,2.8,10.0,-7.8,10,-10.9,10.0,2207.0,10.0
2008-02-16T23:00+00:00,5805,,,341.0,10.0,316.0,10.0,0.8,10.0,2.4,10.0,1019.5,10.0,,,65,10,0.0,10,0.0,10,,,0.0,10,0.3,,,10.0,1.2,,,10.0,2.8,10.0,-8.8,10,-12.0,10.0,2304.0,10.0
2008-02-17T00:00+00:00,5805,,,316.0,10.0,334.0,10.0,1.0,10.0,2.7,10.0,1019.1,10.0,,,68,10,0.0,10,0.0,10,,,0.0,10,0.3,,,10.0,1.2,,,10.0,2.8,10.0,-9.1,10,-12.3,10.0,56.0,10.0
2008-02-17T01:00+00:00,5805,,,346.0,10.0,15.0,10.0,0.9,10.0,2.5,10.0,1018.8,10.0,,,73,10,0.0,10,0.0,10,,,0.0,10,0.2,,,10.0,1.2,,,10.0,2.8,10.0,-10.0,10,-12.3,10.0,126.0,10.0
2008-02-17T02:00+00:00,5805,,,328.0,10.0,333.0,10.0,1.1,10.0,3.2,10.0,1018.5,10.0,,,74,10,0.0,10,0.0,10,,,0.0,10,0.2,,,10.0,1.2,,,10.0,2.8,10.0,-10.4,10,-12.5,10.0,234.0,10.0
2008-02-17T03:00+00:00,5805,,,341.0,10.0,326.0,10.0,1.0,10.0,2.4,10.0,1018.0,10.0,,,77,10,0.0,10,0.0,10,,,0.0,10,0.1,,,10.0,1.1,,,10.0,2.8,10.0,-10.6,10,-13.3,10.0,307.0,10.0
2008-02-17T04:00+00:00,5805,,,352.0,10.0,345.0,10.0,0.9,10.0,2.3,10.0,1017.3,10.0,,,81,10,0.0,10,0.0,10,,,0.0,10,0.1,,,10.0,1.1,,,10.0,2.8,10.0,-11.1,10,-13.4,10.0,403.0,10.0
2008-02-17T05:00+00:00,5805,,,351.0,10.0,349.0,10.0,0.9,10.0,2.3,10.0,1016.9,10.0,,,84,10,0.0,10,0.0,10,,,0.0,10,0.0,,,10.0,1.1,,,10.0,2.8,10.0,-11.8,10,-13.5,10.0,506.0,10.0
2008-02-17T06:00+00:00,5805,,,339.0,10.0,329.0,10.0,1.0,10.0,2.7,10.0,1016.3,10.0,,,85,10,0.0,10,0.0,10,,,0.0,10,0.0,,,10.0,1.1,,,10.0,2.7,10.0,-12.0,10,-14.0,10.0,619.0,10.0
2008-02-17T07:00+00:00,5805,,,350.0,10.0,359.0,10.0,1.0,10.0,2.4,10.0,1016.2,10.0,,,81,10,0.0,10,0.0,10,,,0.6,10,-0.1,,,10.0,1.0,,,10.0,2.7,10.0,-10.6,10,-13.9,10.0,723.0,10.0
2008-02-17T08:00+00:00,5805,,,311.0,10.0,320.0,10.0,1.0,10.0,2.9,10.0,1016.1,10.0,,,66,10,0.0,10,0.0,10,,,1.0,10,0.0,,,10.0,1.0,,,10.0,2.7,10.0,-7.7,10,-8.7,10.0,839.0,10.0
2008-02-17T09:00+00:00,5805,,,33.0,10.0,134.0,10.0,0.3,10.0,3.3,10.0,1015.9,10.0,,,51,10,0.0,10,0.0,10,,,1.0,10,0.0,,,10.0,1.0,,,10.0,2.7,10.0,-3.3,10,-3.6,10.0,957.0,10.0
2008-02-17T10:00+00:00,5805,,,89.0,10.0,38.0,10.0,1.6,10.0,4.1,10.0,1015.2,10.0,,,41,10,0.0,10,0.0,10,,,1.0,10,0.1,,,10.0,1.0,,,10.0,2.7,10.0,-1.7,10,1.3,10.0,1013.0,10.0
2008-02-17T11:00+00:00,5805,,,85.0,10.0,124.0,10.0,1.7,10.0,5.3,10.0,1014.2,10.0,,,39,10,0.0,10,0.0,10,,,1.0,10,0.2,,,10.0,1.0,,,10.0,2.7,10.0,-1.1,10,3.2,10.0,1103.0,10.0
2008-02-17T12:00+00:00,5805,,,86.0,10.0,54.0,10.0,1.6,10.0,4.7,10.0,1012.7,10.0,,,36,10,0.0,10,0.0,10,,,1.0,10,0.2,,,10.0,1.0,,,10.0,2.7,10.0,-0.3,10,3.0,10.0,1249.0,10.0
2008-02-17T13:00+00:00,5805,,,89.0,10.0,66.0,10.0,1.4,10.0,4.2,10.0,1011.9,10.0,,,35,10,0.0,10,0.0,10,,,0.8,10,0.3,,,10.0,1.0,,,10.0,2.7,10.0,0.0,10,3.6,10.0,1301.0,10.0
2008-02-17T14:00+00:00,5805,,,71.0,10.0,152.0,10.0,0.6,10.0,3.1,10.0,1011.3,10.0,,,33,10,0.0,10,0.0,10,,,0.9,10,0.3,,,10.0,1.0,,,10.0,2.7,10.0,1.0,10,2.9,10.0,1428.0,10.0
2008-02-17T15:00+00:00,5805,,,127.0,10.0,322.0,10.0,0.6,10.0,2.3,10.0,1010.4,10.0,,,34,10,0.0,10,0.0,10,,,0.2,10,0.3,,,10.0,1.0,,,10.0,2.6,10.0,0.7,10,1.0,10.0,1600.0,10.0
2008-02-17T16:00+00:00,5805,,,69.0,10.0,10.0,10.0,0.3,10.0,2.2,10.0,1009.8,10.0,,,36,10,0.0,10,0.0,10,,,0.0,10,0.2,,,10.0,1.0,,,10.0,2.6,10.0,-0.3,10,-2.3,10.0,1648.0,10.0
2008-02-17T17:00+00:00,5805,,,352.0,10.0,15.0,10.0,0.7,10.0,2.2,10.0,1009.6,10.0,,,45,10,0.0,10,0.0,10,,,0.0,10,0.2,,,10.0,1.0,,,10.0,2.6,10.0,-1.9,10,-4.9,10.0,1716.0,10.0
2008-02-17T18:00+00:00,5805,,,349.0,10.0,5.0,10.0,0.6,10.0,1.8,10.0,1008.9,10.0,,,52,10,0.0,10,0.0,10,,,0.0,10,0.2,,,10.0,1.0,,,10.0,2.6,10.0,-2.2,10,-5.1,10.0,1817.0,10.0
2008-02-17T19:00+00:00,5805,,,349.0,10.0,312.0,10.0,0.7,10.0,6.0,10.0,1007.7,10.0,,,49,10,0.0,10,0.0,10,,,0.0,10,0.2,,,10.0,0.9,,,10.0,2.6,10.0,0.0,10,-3.5,10.0,1958.0,10.0
2008-02-17T20:00+00:00,5805,,,301.0,10.0,318.0,10.0,4.2,10.0,9.9,10.0,1007.1,10.0,,,40,10,0.0,10,0.0,10,,,0.0,10,0.3,,,10.0,0.9,,,10.0,2.6,10.0,1.6,10,-1.7,10.0,2033.0,10.0
2008-02-17T21:00+00:00,5805,,,300.0,10.0,313.0,10.0,4.8,10.0,10.9,10.0,1006.6,10.0,,,38,10,0.0,10,0.0,10,,,0.0,10,0.3,,,10.0,0.9,,,10.0,2.6,10.0,1.8,10,0.2,10.0,2116.0,10.0
2008-02-17T22:00+00:00,5805,,,304.0,10.0,316.0,10.0,4.4,10.0,9.9,10.0,1006.2,10.0,,,37,10,0.0,10,0.0,10,,,0.0,10,0.3,,,10.0,0.9,,,10.0,2.6,10.0,1.9,10,0.1,10.0,2234.0,10.0
2008-02-17T23:00+00:00,5805,,,305.0,10.0,318.0,10.0,4.3,10.0,9.4,10.0,1005.6,10.0,,,38,10,0.0,10,0.0,10,,,0.0,10,0.3,,,10.0,0.9,,,10.0,2.6,10.0,2.3,10,0.3,10.0,2343.0,10.0
2008-02-18T00:00+00:00,5805,,,302.0,10.0,287.0,10.0,4.7,10.0,11.6,10.0,1004.9,10.0,,,39,10,0.0,10,0.0,10,,,0.0,10,0.3,,,10.0,0.9,,,10.0,2.5,10.0,2.0,10,0.5,10.0,57.0,10.0
2008-02-18T01:00+00:00,5805,,,301.0,10.0,312.0,10.0,5.0,10.0,11.2,10.0,1004.4,10.0,,,40,10,0.0,10,0.0,10,,,0.0,10,0.3,,,10.0,0.9,,,10.0,2.5,10.0,2.0,10,0.3,10.0,104.0,10.0
2008-02-18T02:00+00:00,5805,,,302.0,10.0,316.0,10.0,5.4,10.0,12.1,10.0,1003.5,10.0,,,41,10,0.0,10,0.0,10,,,0.0,10,0.3,,,10.0,0.9,,,10.0,2.5,10.0,2.0,10,0.3,10.0,231.0,10.0
2008-02-18T03:00+00:00,5805,,,302.0,10.0,312.0,10.0,5.0,10.0,11.7,10.0,1003.0,10.0,,,41,10,0.0,10,0.0,10,,,0.0,10,0.3,,,10.0,0.9,,,10.0,2.5,10.0,2.0,10,0.3,10.0,309.0,10.0
2008-02-18T04:00+00:00,5805,,,296.0,10.0,285.0,10.0,4.8,10.0,10.6,10.0,1002.5,10.0,,,42,10,0.0,10,0.0,10,,,0.0,10,0.3,,,10.0,0.9,,,10.0,2.5,10.0,2.1,10,-0.1,10.0,428.0,10.0
2008-02-18T05:00+00:00,5805,,,293.0,10.0,276.0,10.0,5.5,10.0,11.7,10.0,1002.4,10.0,,,42,10,0.0,10,0.0,10,,,0.0,10,0.3,,,10.0,0.9,,,10.0,2.5,10.0,2.1,10,0.3,10.0,549.0,10.0
2008-02-18T06:00+00:00,5805,,,289.0,10.0,302.0,10.0,5.9,10.0,14.2,10.0,1001.9,10.0,,,42,10,0.0,10,0.0,10,,,0.0,10,0.4,,,10.0,0.9,,,10.0,2.5,10.0,2.1,10,0.7,10.0,605.0,10.0
2008-02-18T07:00+00:00,5805,,,296.0,10.0,316.0,10.0,4.9,10.0,11.0,10.0,1001.8,10.0,,,42,10,0.0,10,0.0,10,,,0.1,10,0.4,,,10.0,0.9,,,10.0,2.5,10.0,2.5,10,1.1,10.0,713.0,10.0
2008-02-18T08:00+00:00,5805,,,292.0,10.0,279.0,10.0,6.2,10.0,13.4,10.0,1001.6,10.0,,,42,10,0.0,10,0.0,10,,,0.7,10,0.5,,,10.0,0.9,,,10.0,2.5,10.0,3.4,10,1.5,10.0,857.0,10.0
2008-02-18T09:00+00:00,5805,,,290.0,10.0,287.0,10.0,7.3,10.0,15.3,10.0,1001.2,10.0,,,41,10,0.0,10,0.0,10,,,0.0,10,0.5,,,10.0,0.9,,,10.0,2.5,10.0,3.6,10,3.7,10.0,952.0,10.0
2008-02-18T10:00+00:00,5805,,,287.0,10.0,299.0,10.0,8.7,10.0,16.7,10.0,1001.1,10.0,,,38,10,0.0,10,0.0,10,,,0.2,10,0.6,,,10.0,1.0,,,10.0,2.5,10.0,4.7,10,4.3,10.0,1020.0,10.0
2008-02-18T11:00+00:00,5805,,,288.0,10.0,274.0,10.0,7.4,10.0,17.3,10.0,1000.6,10.0,,,36,10,0.0,10,0.0,10,,,0.5,10,0.8,,,10.0,1.0,,,10.0,2.5,10.0,5.8,10,6.2,10.0,1144.0,10.0
2008-02-18T12:00+00:00,5805,,,288.0,10.0,290.0,10.0,6.7,10.0,13.5,10.0,1000.0,10.0,,,35,10,0.0,10,0.0,10,,,0.0,10,0.7,,,10.0,1.0,,,10.0,2.5,10.0,5.5,10,6.5,10.0,1259.0,10.0
2008-02-18T13:00+00:00,5805,,,289.0,10.0,287.0,10.0,7.1,10.0,15.0,10.0,999.1,10.0,,,34,10,0.0,10,0.0,10,,,0.0,10,0.7,,,10.0,1.0,,,10.0,2.5,10.0,5.9,10,6.1,10.0,1344.0,10.0
2008-02-18T14:00+00:00,5805,,,289.0,10.0,304.0,10.0,6.6,10.0,16.8,10.0,998.9,10.0,,,35,10,0.0,10,0.0,10,,,0.0,10,0.8,,,10.0,1.0,,,10.0,2.4,10.0,6.2,10,5.9,10.0,1424.0,10.0
2008-02-18T15:00+00:00,5805,,,293.0,10.0,283.0,10.0,5.4,10.0,13.2,10.0,999.2,10.0,,,36,10,0.0,10,0.0,10,,,0.0,10,0.8,,,10.0,1.0,,,10.0,2.4,10.0,6.3,10,5.8,10.0,1505.0,10.0
2008-02-18T16:00+00:00,5805,,,296.0,10.0,311.0,10.0,5.1,10.0,11.6,10.0,998.6,10.0,,,36,10,0.0,10,0.0,10,,,0.0,10,0.8,,,10.0,1.0,,,10.0,2.4,10.0,6.5,10,5.8,10.0,1601.0,10.0
2008-02-18T17:00+00:00,5805,,,293.0,10.0,298.0,10.0,5.6,10.0,11.3,10.0,998.7,10.0,,,36,10,0.0,10,0.0,10,,,0.0,10,0.8,,,10.0,1.0,,,10.0,2.4,10.0,6.6,10,5.9,10.0,1722.0,10.0
2008-02-18T18:00+00:00,5805,,,295.0,10.0,300.0,10.0,5.1,10.0,11.9,10.0,998.9,10.0,,,36,10,0.0,10,0.0,10,,,0.0,10,0.8,,,10.0,1.0,,,10.0,2.4,10.0,6.5,10,5.4,10.0,1812.0,10.0
2008-02-18T19:00+00:00,5805,,,301.0,10.0,274.0,10.0,3.6,10.0,8.1,10.0,999.1,10.0,,,38,10,0.0,10,0.0,10,,,0.0,10,0.8,,,10.0,1.0,,,10.0,2.4,10.0,6.5,10,5.1,10.0,1927.0,10.0
2008-02-18T20:00+00:00,5805,,,303.0,10.0,324.0,10.0,4.3,10.0,9.8,10.0,998.9,10.0,,,38,10,0.0,10,0.0,10,,,0.0,10,0.8,,,10.0,1.0,,,10.0,2.4,10.0,6.3,10,5.3,10.0,2038.0,10.0
2008-02-18T21:00+00:00,5805,,,299.0,10.0,304.0,10.0,3.7,10.0,11.3,10.0,999.0,10.0,,,42,10,0.0,10,3.0,10,,,0.0,10,0.9,,,10.0,1.0,,,10.0,2.4,10.0,6.4,10,5.5,10.0,2122.0,10.0
2008-02-18T22:00+00:00,5805,,,305.0,10.0,310.0,10.0,4.0,10.0,8.9,10.0,998.8,10.0,,,44,10,0.0,10,7.0,10,,,0.0,10,0.9,,,10.0,1.0,,,10.0,2.4,10.0,6.4,10,5.4,10.0,2208.0,10.0
2008-02-18T23:00+00:00,5805,,,305.0,10.0,295.0,10.0,3.9,10.0,9.8,10.0,998.6,10.0,,,43,10,0.0,10,0.0,10,,,0.0,10,0.9,,,10.0,1.0,,,10.0,2.4,10.0,6.7,10,5.8,10.0,2339.0,10.0
2008-02-19T00:00+00:00,5805,,,296.0,10.0,309.0,10.0,4.1,10.0,9.3,10.0,998.3,10.0,,,45,10,0.0,10,8.0,10,,,0.0,10,1.0,,,10.0,1.0,,,10.0,2.4,10.0,6.8,10,5.6,10.0,57.0,10.0
2008-02-19T01:00+00:00,5805,,,303.0,10.0,317.0,10.0,4.6,10.0,9.8,10.0,998.1,10.0,,,47,10,0.0,10,0.0,10,,,0.0,10,1.0,,,10.0,1.1,,,10.0,2.4,10.0,6.7,10,6.1,10.0,107.0,10.0
2008-02-19T02:00+00:00,5805,,,303.0,10.0,301.0,10.0,4.1,10.0,9.3,10.0,997.7,10.0,,,49,10,0.0,10,0.0,10,,,0.0,10,1.1,,,10.0,1.1,,,10.0,2.4,10.0,6.5,10,6.0,10.0,223.0,10.0
2008-02-19T03:00+00:00,5805,,,303.0,10.0,351.0,10.0,4.1,10.0,10.4,10.0,997.6,10.0,,,54,10,0.0,10,0.0,10,,,0.0,10,1.1,,,10.0,1.1,,,10.0,2.4,10.0,6.4,10,5.9,10.0,314.0,10.0
2008-02-19T04:00+00:00,5805,,,289.0,10.0,303.0,10.0,4.7,10.0,9.1,10.0,997.6,10.0,,,51,10,0.0,10,0.0,10,,,0.0,10,1.1,,,10.0,1.1,,,10.0,2.4,10.0,5.5,10,4.9,10.0,438.0,10.0
2008-02-19T05:00+00:00,5805,,,292.0,10.0,285.0,10.0,4.0,10.0,8.4,10.0,997.9,10.0,,,53,10,0.0,10,0.0,10,,,0.0,10,1.1,,,10.0,1.1,,,10.0,2.4,10.0,5.2,10,4.6,10.0,501.0,10.0
2008-02-19T06:00+00:00,5805,,,290.0,10.0,304.0,10.0,4.0,10.0,8.2,10.0,997.9,10.0,,,52,10,0.0,10,0.0,10,,,0.0,10,1.1,,,10.0,1.1,,,10.0,2.4,10.0,5.3,10,4.5,10.0,613.0,10.0
2008-02-19T07:00+00:00,5805,,,298.0,10.0,322.0,10.0,3.5,10.0,8.3,10.0,998.8,10.0,,,52,10,0.0,10,0.0,10,,,0.0,10,1.2,,,10.0,1.1,,,10.0,2.4,10.0,5.3,10,4.7,10.0,741.0,10.0
2008-02-19T08:00+00:00,5805,,,299.0,10.0,320.0,10.0,2.6,10.0,7.0,10.0,999.3,10.0,,,56,10,0.0,10,0.0,10,,,0.0,10,1.2,,,10.0,1.1,,,10.0,2.4,10.0,5.2,10,5.0,10.0,823.0,10.0
2008-02-19T09:00+00:00,5805,,,297.0,10.0,277.0,10.0,3.5,10.0,7.8,10.0,999.4,10.0,,,55,10,0.0,10,0.0,10,,,0.0,10,1.4,,,10.0,1.2,,,10.0,2.4,10.0,5.7,10,5.1,10.0,922.0,10.0
2008-02-19T10:00+00:00,5805,,,293.0,10.0,274.0,10.0,2.7,10.0,7.6,10.0,999.5,10.0,,,58,10,0.0,10,0.0,10,,,0.0,10,1.7,,,10.0,1.2,,,10.0,2.4,10.0,7.2,10,6.3,10.0,1003.0,10.0
2008-02-19T11:00+00:00,5805,,,309.0,10.0,285.0,10.0,2.1,10.0,6.3,10.0,999.3,10.0,,,59,10,0.0,10,0.0,10,,,0.2,10,2.1,,,10.0,1.3,,,10.0,2.4,10.0,8.0,10,8.6,10.0,1128.0,10.0
2008-02-19T12:00+00:00,5805,,,310.0,10.0,319.0,10.0,2.4,10.0,7.5,10.0,998.8,10.0,,,58,10,0.0,10,0.0,10,,,0.0,10,2.5,,,10.0,1.4,,,10.0,2.4,10.0,8.8,10,9.6,10.0,1201.0,10.0
2008-02-19T13:00+00:00,5805,,,311.0,10.0,300.0,10.0,2.5,10.0,6.4,10.0,998.5,10.0,,,57,10,0.0,10,0.0,10,,,0.0,10,2.9,,,10.0,1.5,,,10.0,2.4,10.0,8.8,10,10.7,10.0,1305.0,10.0
2008-02-19T14:00+00:00,5805,,,297.0,10.0,297.0,10.0,3.5,10.0,7.3,10.0,997.9,10.0,,,53,10,0.0,10,0.0,10,,,0.4,10,3.3,,,10.0,1.7,,,10.0,2.4,10.0,9.9,10,10.9,10.0,1431.0,10.0
2008-02-19T15:00+00:00,5805,,,310.0,10.0,285.0,10.0,2.9,10.0,6.3,10.0,997.7,10.0,,,52,10,0.0,10,0.0,10,,,1.0,10,3.8,,,10.0,1.9,,,10.0,2.4,10.0,9.8,10,10.7,10.0,1518.0,10.0
2008-02-19T16:00+00:00,5805,,,321.0,10.0,324.0,10.0,1.7,10.0,4.5,10.0,997.5,10.0,,,54,10,0.0,10,0.0,10,,,0.9,10,3.8,,,10.0,2.1,,,10.0,2.4,10.0,8.7,10,6.6,10.0,1630.0,10.0
2008-02-19T17:00+00:00,5805,,,342.0,10.0,337.0,10.0,0.1,10.0,2.0,10.0,997.7,10.0,,,61,10,0.0,10,0.0,10,,,0.0,10,3.4,,,10.0,2.2,,,10.0,2.4,10.0,6.0,10,3.3,10.0,1709.0,10.0
2008-02-19T18:00+00:00,5805,,,354.0,10.0,4.0,10.0,0.3,10.0,1.6,10.0,997.9,10.0,,,73,10,0.0,10,0.0,10,,,0.0,10,3.0,,,10.0,2.3,,,10.0,2.4,10.0,3.3,10,-1.4,10.0,1837.0,10.0
2008-02-19T19:00+00:00,5805,,,346.0,10.0,356.0,10.0,0.6,10.0,2.4,10.0,997.9,10.0,,,82,10,0.0,10,0.0,10,,,0.0,10,2.5,,,10.0,2.3,,,10.0,2.5,10.0,1.2,10,-2.9,10.0,1959.0,10.0
2008-02-19T20:00+00:00,5805,,,360.0,10.0,324.0,10.0,0.8,10.0,3.0,10.0,998.3,10.0,,,87,10,0.0,10,0.0,10,,,0.0,10,2.1,,,10.0,2.2,,,10.0,2.5,10.0,0.0,10,-2.9,10.0,2043.0,10.0
2008-02-19T21:00+00:00,5805,,,360.0,10.0,359.0,10.0,1.1,10.0,3.0,10.0,998.6,10.0,,,89,10,0.0,10,0.0,10,,,0.0,10,1.8,,,10.0,2.2,,,10.0,2.5,10.0,-1.1,10,-3.8,10.0,2123.0,10.0
2008-02-19T22:00+00:00,5805,,,353.0,10.0,5.0,10.0,1.0,10.0,2.9,10.0,998.5,10.0,,,90,10,0.0,10,0.0,10,,,0.0,10,1.5,,,10.0,2.1,,,10.0,2.5,10.0,-1.6,10,-4.5,10.0,2208.0,10.0
2008-02-19T23:00+00:00,5805,,,353.0,10.0,5.0,10.0,0.7,10.0,2.3,10.0,998.4,10.0,,,91,10,0.0,10,0.0,10,,,0.0,10,1.3,,,10.0,2.0,,,10.0,2.6,10.0,-2.0,10,-4.8,10.0,2310.0,10.0
2008-02-20T00:00+00:00,5805,,,352.0,10.0,5.0,10.0,0.7,10.0,2.3,10.0,998.1,10.0,,,91,10,0.0,10,0.0,10,,,0.0,10,1.2,,,10.0,1.9,,,10.0,2.6,10.0,-2.6,10,-5.1,10.0,19.0,10.0
2008-02-20T01:00+00:00,5805,,,352.0,10.0,359.0,10.0,0.7,10.0,2.3,10.0,997.9,10.0,,,92,10,0.0,10,0.0,10,,,0.0,10,1.1,,,10.0,1.8,,,10.0,2.6,10.0,-2.9,10,-5.4,10.0,157.0,10.0
2008-02-20T02:00+00:00,5805,,,353.0,10.0,359.0,10.0,0.7,10.0,2.3,10.0,997.4,10.0,,,92,10,0.0,10,0.0,10,,,0.0,10,1.0,,,10.0,1.8,,,10.0,2.6,10.0,-3.2,10,-5.9,10.0,244.0,10.0
2008-02-20T03:00+00:00,5805,,,347.0,10.0,341.0,10.0,0.9,10.0,2.1,10.0,996.9,10.0,,,92,10,0.0,10,0.0,10,,,0.0,10,0.9,,,10.0,1.7,,,10.0,2.6,10.0,-3.7,10,-6.1,10.0,337.0,10.0
2008-02-20T04:00+00:00,5805,,,350.0,10.0,347.0,10.0,0.8,10.0,2.1,10.0,996.7,10.0,,,92,10,0.0,10,0.0,10,,,0.0,10,0.8,,,10.0,1.7,,,10.0,2.6,10.0,-3.7,10,-6.4,10.0,451.0,10.0
2008-02-20T05:00+00:00,5805,,,1.0,10.0,343.0,10.0,0.9,10.0,2.2,10.0,996.6,10.0,,,92,10,0.0,10,0.0,10,,,0.0,10,0.8,,,10.0,1.6,,,10.0,2.6,10.0,-4.2,10,-6.6,10.0,536.0,10.0
2008-02-20T06:00+00:00,5805,,,8.0,10.0,11.0,10.0,0.9,10.0,2.1,10.0,996.7,10.0,,,92,10,0.0,10,0.0,10,,,0.0,10,0.7,,,10.0,1.6,,,10.0,2.7,10.0,-4.1,10,-6.7,10.0,651.0,10.0
2008-02-20T07:00+00:00,5805,,,6.0,10.0,349.0,10.0,0.9,10.0,1.9,10.0,997.1,10.0,,,92,10,0.0,10,0.0,10,,,0.0,10,0.7,,,10.0,1.5,,,10.0,2.7,10.0,-3.3,10,-6.6,10.0,719.0,10.0
2008-02-20T08:00+00:00,5805,,,9.0,10.0,1.0,10.0,0.6,10.0,1.8,10.0,997.3,10.0,,,91,10,0.0,10,0.0,10,,,0.1,10,0.8,,,10.0,1.5,,,10.0,2.7,10.0,-1.1,10,-3.3,10.0,834.0,10.0
2008-02-20T09:00+00:00,5805,,,325.0,10.0,349.0,10.0,0.7,10.0,2.1,10.0,997.3,10.0,,,86,10,0.0,10,0.0,10,,,0.3,10,1.0,,,10.0,1.5,,,10.0,2.7,10.0,2.5,10,-0.1,10.0,916.0,10.0
2008-02-20T10:00+00:00,5805,,,268.0,10.0,314.0,10.0,0.8,10.0,2.6,10.0,997.0,10.0,,,73,10,0.0,10,0.0,10,,,1.0,10,1.4,,,10.0,1.5,,,10.0,2.6,10.0,5.1,10,5.6,10.0,1009.0,10.0
2008-02-20T11:00+00:00,5805,,,137.0,10.0,119.0,10.0,1.1,10.0,3.8,10.0,996.5,10.0,,,65,10,0.0,10,0.0,10,,,1.0,10,1.8,,,10.0,1.5,,,10.0,2.6,10.0,6.5,10,9.9,10.0,1126.0,10.0
2008-02-20T12:00+00:00,5805,,,142.0,10.0,156.0,10.0,0.7,10.0,3.6,10.0,995.8,10.0,,,59,10,0.0,10,0.0,10,,,1.0,10,2.6,,,10.0,1.6,,,10.0,2.6,10.0,7.8,10,12.8,10.0,1205.0,10.0
2008-02-20T13:00+00:00,5805,,,154.0,10.0,136.0,10.0,1.2,10.0,4.4,10.0,995.2,10.0,,,56,10,0.0,10,0.0,10,,,1.0,10,3.5,,,10.0,1.8,,,10.0,2.6,10.0,8.8,10,13.4,10.0,1348.0,10.0
2008-02-20T14:00+00:00,5805,,,149.0,10.0,162.0,10.0,1.9,10.0,5.0,10.0,995.0,10.0,,,55,10,0.0,10,0.0,10,,,1.0,10,4.2,,,10.0,2.0,,,10.0,2.6,10.0,9.3,10,13.4,10.0,1424.0,10.0
2008-02-20T15:00+00:00,5805,,,150.0,10.0,165.0,10.0,1.8,10.0,4.4,10.0,994.7,10.0,,,56,10,0.0,10,0.0,10,,,1.0,10,4.4,,,10.0,2.3,,,10.0,2.6,10.0,8.9,10,10.1,10.0,1504.0,10.0
2008-02-20T16:00+00:00,5805,,,141.0,10.0,158.0,10.0,1.5,10.0,3.6,10.0,994.7,10.0,,,59,10,0.0,10,0.0,10,,,0.9,10,4.3,,,10.0,2.5,,,10.0,2.6,10.0,7.8,10,6.5,10.0,1637.0,10.0
2008-02-20T17:00+00:00,5805,,,104.0,10.0,166.0,10.0,0.3,10.0,2.2,10.0,995.1,10.0,,,71,10,0.0,10,0.0,10,,,0.0,10,3.8,,,10.0,2.6,,,10.0,2.6,10.0,4.2,10,-0.7,10.0,1706.0,10.0
2008-02-20T18:00+00:00,5805,,,6.0,10.0,3.0,10.0,0.3,10.0,1.6,10.0,995.1,10.0,,,82,10,0.0,10,0.0,10,,,0.0,10,3.2,,,10.0,2.7,,,10.0,2.7,10.0,1.4,10,-2.5,10.0,1840.0,10.0
2008-02-20T19:00+00:00,5805,,,356.0,10.0,359.0,10.0,0.8,10.0,2.4,10.0,995.3,10.0,,,89,10,0.0,10,0.0,10,,,0.0,10,2.7,,,10.0,2.7,,,10.0,2.7,10.0,-0.1,10,-3.2,10.0,1950.0,10.0
2008-02-20T20:00+00:00,5805,,,349.0,10.0,3.0,10.0,1.2,10.0,2.5,10.0,995.5,10.0,,,90,10,0.0,10,0.0,10,,,0.0,10,2.3,,,10.0,2.6,,,10.0,2.7,10.0,-1.2,10,-4.0,10.0,2046.0,10.0
2008-02-20T21:00+00:00,5805,,,2.0,10.0,357.0,10.0,0.8,10.0,2.2,10.0,995.8,10.0,,,92,10,0.0,10,0.0,10,,,0.0,10,2.0,,,10.0,2.5,,,10.0,2.7,10.0,-1.7,10,-4.4,10.0,2103.0,10.0
2008-02-20T22:00+00:00,5805,,,343.0,10.0,9.0,10.0,1.0,10.0,2.6,10.0,995.8,10.0,,,92,10,0.0,10,0.0,10,,,0.0,10,1.7,,,10.0,2.4,,,10.0,2.7,10.0,-1.3,10,-4.7,10.0,2243.0,10.0
2008-02-20T23:00+00:00,5805,,,351.0,10.0,7.0,10.0,0.8,10.0,2.6,10.0,996.1,10.0,,,92,10,0.0,10,0.0,10,,,0.0,10,1.6,,,10.0,2.3,,,10.0,2.8,10.0,-2.1,10,-4.8,10.0,2305.0,10.0
2008-02-21T00:00+00:00,5805,,,328.0,10.0,323.0,10.0,0.9,10.0,2.3,10.0,996.3,10.0,,,92,10,0.0,10,0.0,10,,,0.0,10,1.4,,,10.0,2.2,,,10.0,2.8,10.0,-1.7,10,-4.9,10.0,55.0,10.0
2008-02-21T01:00+00:00,5805,,,340.0,10.0,353.0,10.0,0.8,10.0,2.4,10.0,996.2,10.0,,,92,10,0.0,10,0.0,10,,,0.0,10,1.4,,,10.0,2.1,,,10.0,2.8,10.0,-1.3,10,-3.5,10.0,132.0,10.0
2008-02-21T02:00+00:00,5805,,,353.0,10.0,7.0,10.0,0.8,10.0,2.7,10.0,996.1,10.0,,,92,10,0.0,10,0.0,10,,,0.0,10,1.3,,,10.0,2.1,,,10.0,2.8,10.0,-0.7,10,-2.4,10.0,247.0,10.0
2008-02-21T03:00+00:00,5805,,,350.0,10.0,349.0,10.0,0.8,10.0,2.5,10.0,995.7,10.0,,,92,10,0.0,10,0.0,10,,,0.0,10,1.3,,,10.0,2.0,,,10.0,2.8,10.0,-0.4,10,-1.5,10.0,325.0,10.0
2008-02-21T04:00+00:00,5805,,,17.0,10.0,11.0,10.0,0.6,10.0,2.3,10.0,996.1,10.0,,,91,10,0.0,10,2.0,10,,,0.0,10,1.3,,,10.0,1.9,,,10.0,2.8,10.0,0.1,10,-1.0,10.0,409.0,10.0
2008-02-21T05:00+00:00,5805,,,324.0,10.0,340.0,10.0,0.8,10.0,2.0,10.0,996.3,10.0,,,90,10,0.0,10,0.0,10,,,0.0,10,1.3,,,10.0,1.9,,,10.0,2.9,10.0,0.8,10,-0.3,10.0,508.0,10.0
2008-02-21T06:00+00:00,5805,,,306.0,10.0,312.0,10.0,2.7,10.0,6.9,10.0,996.5,10.0,,,68,10,0.0,10,12.0,10,,,0.0,10,1.5,,,10.0,1.9,,,10.0,2.8,10.0,6.0,10,-0.2,10.0,635.0,10.0
2008-02-21T07:00+00:00,5805,,,307.0,10.0,307.0,10.0,1.9,10.0,4.9,10.0,996.8,10.0,,,67,10,0.0,10,3.0,10,,,0.0,10,1.6,,,10.0,1.9,,,10.0,2.8,10.0,6.5,10,2.6,10.0,725.0,10.0
2008-02-21T08:00+00:00,5805,,,314.0,10.0,314.0,10.0,2.0,10.0,6.6,10.0,997.4,10.0,,,80,10,0.1,10,37.0,10,,,0.0,10,1.8,,,10.0,1.9,,,10.0,2.9,10.0,6.4,10,4.9,10.0,831.0,10.0
2008-02-21T09:00+00:00,5805,,,300.0,10.0,288.0,10.0,4.1,10.0,11.3,10.0,997.8,10.0,,,77,10,0.1,10,22.0,10,,,0.4,10,2.4,,,10.0,1.9,,,10.0,2.8,10.0,8.4,10,5.4,10.0,929.0,10.0
2008-02-21T10:00+00:00,5805,,,299.0,10.0,286.0,10.0,4.6,10.0,12.0,10.0,998.3,10.0,,,70,10,0.0,10,0.0,10,,,0.1,10,2.9,,,10.0,2.0,,,10.0,2.8,10.0,8.7,10,8.4,10.0,1056.0,10.0
2008-02-21T11:00+00:00,5805,,,295.0,10.0,289.0,10.0,5.5,10.0,10.5,10.0,998.2,10.0,,,69,10,0.0,10,0.0,10,,,0.3,10,3.4,,,10.0,2.2,,,10.0,2.8,10.0,9.5,10,9.7,10.0,1136.0,10.0
2008-02-21T12:00+00:00,5805,,,295.0,10.0,292.0,10.0,4.7,10.0,10.2,10.0,997.9,10.0,,,73,10,0.0,10,8.0,10,,,0.2,10,3.9,,,10.0,2.4,,,10.0,2.8,10.0,9.2,10,10.5,10.0,1230.0,10.0
2008-02-21T13:00+00:00,5805,,,291.0,10.0,272.0,10.0,4.1,10.0,10.2,10.0,997.5,10.0,,,73,10,0.0,10,7.0,10,,,0.1,10,4.2,,,10.0,2.6,,,10.0,2.8,10.0,9.5,10,10.0,10.0,1306.0,10.0
2008-02-21T14:00+00:00,5805,,,283.0,10.0,270.0,10.0,5.3,10.0,10.6,10.0,997.5,10.0,,,77,10,0.0,10,0.0,10,,,0.2,10,4.5,,,10.0,2.8,,,10.0,2.8,10.0,8.8,10,10.0,10.0,1422.0,10.0
2008-02-21T15:00+00:00,5805,,,283.0,10.0,291.0,10.0,5.0,10.0,10.6,10.0,997.6,10.0,,,73,10,0.0,10,0.0,10,,,0.5,10,4.6,,,10.0,3.0,,,10.0,2.8,10.0,8.8,10,8.9,10.0,1514.0,10.0
2008-02-21T16:00+00:00,5805,,,293.0,10.0,264.0,10.0,4.3,10.0,9.1,10.0,997.8,10.0,,,74,10,0.0,10,0.0,10,,,0.5,10,4.6,,,10.0,3.1,,,10.0,2.9,10.0,8.4,10,7.3,10.0,1620.0,10.0
2008-02-21T17:00+00:00,5805,,,300.0,10.0,304.0,10.0,3.3,10.0,6.9,10.0,998.4,10.0,,,75,10,0.0,10,0.0,10,,,0.0,10,4.4,,,10.0,3.3,,,10.0,2.9,10.0,7.9,10,5.6,10.0,1756.0,10.0
2008-02-21T18:00+00:00,5805,,,294.0,10.0,303.0,10.0,2.9,10.0,5.9,10.0,998.6,10.0,,,73,10,0.0,10,0.0,10,,,0.0,10,4.2,,,10.0,3.3,,,10.0,2.9,10.0,8.1,10,4.9,10.0,1808.0,10.0
2008-02-21T19:00+00:00,5805,,,294.0,10.0,315.0,10.0,1.8,10.0,6.5,10.0,998.7,10.0,,,78,10,0.0,10,0.0,10,,,0.0,10,4.0,,,10.0,3.3,,,10.0,2.9,10.0,7.2,10,5.0,10.0,1913.0,10.0
2008-02-21T20:00+00:00,5805,,,316.0,10.0,302.0,10.0,0.2,10.0,3.2,10.0,998.8,10.0,,,85,10,0.0,10,0.0,10,,,0.0,10,3.9,,,10.0,3.4,,,10.0,3.0,10.0,5.7,10,4.1,10.0,2012.0,10.0
2008-02-21T21:00+00:00,5805,,,352.0,10.0,1.0,10.0,0.3,10.0,1.7,10.0,998.8,10.0,,,88,10,0.0,10,0.0,10,,,0.0,10,3.7,,,10.0,3.4,,,10.0,3.0,10.0,5.0,10,3.1,10.0,2136.0,10.0
2008-02-21T22:00+00:00,5805,,,356.0,10.0,31.0,10.0,0.1,10.0,1.7,10.0,998.6,10.0,,,89,10,0.0,10,0.0,10,,,0.0,10,3.6,,,10.0,3.3,,,10.0,3.0,10.0,4.9,10,3.5,10.0,2219.0,10.0
2008-02-21T23:00+00:00,5805,,,357.0,10.0,351.0,10.0,0.3,10.0,2.0,10.0,998.5,10.0,,,90,10,0.0,10,0.0,10,,,0.0,10,3.6,,,10.0,3.3,,,10.0,3.1,10.0,4.7,10,3.5,10.0,2337.0,10.0
2008-02-22T00:00+00:00,5805,,,291.0,10.0,299.0,10.0,2.9,10.0,9.1,10.0,998.5,10.0,,,74,10,0.0,10,0.0,10,,,0.0,10,3.7,,,10.0,3.3,,,10.0,3.1,10.0,8.9,10,3.3,10.0,52.0,10.0
2008-02-22T01:00+00:00,5805,,,294.0,10.0,292.0,10.0,3.8,10.0,8.2,10.0,998.3,10.0,,,73,10,0.0,10,0.0,10,,,0.0,10,3.9,,,10.0,3.3,,,10.0,3.1,10.0,9.1,10,7.6,10.0,142.0,10.0
2008-02-22T02:00+00:00,5805,,,291.0,10.0,294.0,10.0,4.5,10.0,10.1,10.0,997.9,10.0,,,74,10,0.0,10,0.0,10,,,0.0,10,4.0,,,10.0,3.3,,,10.0,3.1,10.0,9.1,10,6.7,10.0,232.0,10.0
2008-02-22T03:00+00:00,5805,,,294.0,10.0,293.0,10.0,4.3,10.0,10.1,10.0,997.7,10.0,,,73,10,0.0,10,0.0,10,,,0.0,10,4.1,,,10.0,3.4,,,10.0,3.2,10.0,9.1,10,7.6,10.0,339.0,10.0
2008-02-22T04:00+00:00,5805,,,295.0,10.0,299.0,10.0,4.2,10.0,8.9,10.0,997.8,10.0,,,75,10,0.0,10,1.0,10,,,0.0,10,4.2,,,10.0,3.4,,,10.0,3.2,10.0,8.9,10,7.2,10.0,438.0,10.0
2008-02-22T05:00+00:00,5805,,,299.0,10.0,279.0,10.0,4.2,10.0,9.5,10.0,997.7,10.0,,,75,10,0.0,10,8.0,10,,,0.0,10,4.2,,,10.0,3.5,,,10.0,3.2,10.0,9.0,10,7.6,10.0,528.0,10.0
2008-02-22T06:00+00:00,5805,,,293.0,10.0,288.0,10.0,4.9,10.0,11.2,10.0,997.7,10.0,,,79,10,0.4,10,57.0,10,,,0.0,10,4.3,,,10.0,3.5,,,10.0,3.2,10.0,8.7,10,6.9,10.0,649.0,10.0
2008-02-22T07:00+00:00,5805,,,292.0,10.0,291.0,10.0,5.6,10.0,13.3,10.0,997.8,10.0,,,72,10,0.1,10,39.0,10,,,0.0,10,4.4,,,10.0,3.6,,,10.0,3.3,10.0,9.4,10,6.9,10.0,741.0,10.0
2008-02-22T08:00+00:00,5805,,,295.0,10.0,273.0,10.0,6.2,10.0,13.7,10.0,997.9,10.0,,,65,10,0.0,10,18.0,10,,,0.0,10,4.6,,,10.0,3.6,,,10.0,3.3,10.0,10.3,10,8.1,10.0,818.0,10.0
2008-02-22T09:00+00:00,5805,,,297.0,10.0,286.0,10.0,5.6,10.0,14.8,10.0,998.2,10.0,,,63,10,0.0,10,7.0,10,,,0.1,10,4.9,,,10.0,3.7,,,10.0,3.3,10.0,11.3,10,9.7,10.0,912.0,10.0
2008-02-22T10:00+00:00,5805,,,294.0,10.0,283.0,10.0,6.3,10.0,15.1,10.0,998.1,10.0,,,64,10,0.0,10,4.0,10,,,0.4,10,5.4,,,10.0,3.8,,,10.0,3.3,10.0,11.6,10,12.5,10.0,1026.0,10.0
2008-02-22T11:00+00:00,5805,,,292.0,10.0,281.0,10.0,6.1,10.0,13.8,10.0,997.8,10.0,,,62,10,0.0,10,16.0,10,,,0.0,10,5.7,,,10.0,4.0,,,10.0,3.3,10.0,12.3,10,12.1,10.0,1132.0,10.0
2008-02-22T12:00+00:00,5805,,,294.0,10.0,302.0,10.0,6.8,10.0,16.4,10.0,997.1,10.0,,,57,10,0.0,10,0.0,10,,,0.2,10,6.0,,,10.0,4.1,,,10.0,3.4,10.0,13.2,10,13.6,10.0,1203.0,10.0
2008-02-22T13:00+00:00,5805,,,294.0,10.0,320.0,10.0,6.9,10.0,14.9,10.0,996.0,10.0,,,51,10,0.0,10,2.0,10,,,0.5,10,6.4,,,10.0,4.3,,,10.0,3.4,10.0,14.6,10,14.4,10.0,1353.0,10.0
2008-02-22T14:00+00:00,5805,,,295.0,10.0,279.0,10.0,7.4,10.0,17.9,10.0,996.2,10.0,,,50,10,0.0,10,0.0,10,,,0.9,10,6.9,,,10.0,4.5,,,10.0,3.4,10.0,14.5,10,15.9,10.0,1432.0,10.0
2008-02-22T15:00+00:00,5805,,,296.0,10.0,293.0,10.0,6.9,10.0,16.9,10.0,996.1,10.0,,,48,10,0.0,10,0.0,10,,,1.0,10,7.2,,,10.0,4.7,,,10.0,3.5,10.0,14.7,10,15.6,10.0,1543.0,10.0
2008-02-22T16:00+00:00,5805,,,296.0,10.0,301.0,10.0,6.0,10.0,14.8,10.0,996.1,10.0,,,49,10,0.0,10,0.0,10,,,0.9,10,7.2,,,10.0,4.9,,,10.0,3.5,10.0,14.1,10,13.4,10.0,1606.0,10.0
2008-02-22T17:00+00:00,5805,,,291.0,10.0,303.0,10.0,4.9,10.0,12.1,10.0,996.1,10.0,,,50,10,0.0,10,0.0,10,,,0.0,10,7.0,,,10.0,5.0,,,10.0,3.5,10.0,13.3,10,11.5,10.0,1705.0,10.0
2008-02-22T18:00+00:00,5805,,,297.0,10.0,323.0,10.0,3.8,10.0,9.1,10.0,995.7,10.0,,,50,10,0.0,10,0.0,10,,,0.0,10,6.8,,,10.0,5.1,,,10.0,3.6,10.0,13.1,10,11.2,10.0,1834.0,10.0
2008-02-22T19:00+00:00,5805,,,294.0,10.0,283.0,10.0,4.0,10.0,9.4,10.0,995.6,10.0,,,49,10,0.0,10,0.0,10,,,0.0,10,6.7,,,10.0,5.2,,,10.0,3.6,10.0,13.4,10,11.0,10.0,1947.0,10.0
2008-02-22T20:00+00:00,5805,,,293.0,10.0,317.0,10.0,4.0,10.0,9.8,10.0,995.8,10.0,,,50,10,0.0,10,0.0,10,,,0.0,10,6.6,,,10.0,5.2,,,10.0,3.7,10.0,13.3,10,10.9,10.0,2045.0,10.0
2008-02-22T21:00+00:00,5805,,,291.0,10.0,299.0,10.0,4.1,10.0,9.8,10.0,995.6,10.0,,,52,10,0.0,10,0.0,10,,,0.0,10,6.5,,,10.0,5.2,,,10.0,3.7,10.0,12.8,10,10.7,10.0,2112.0,10.0
2008-02-22T22:00+00:00,5805,,,293.0,10.0,288.0,10.0,6.1,10.0,15.4,10.0,995.6,10.0,,,53,10,0.0,10,0.0,10,,,0.0,10,6.5,,,10.0,5.2,,,10.0,3.8,10.0,13.0,10,10.7,10.0,2241.0,10.0
2008-02-22T23:00+00:00,5805,,,295.0,10.0,297.0,10.0,6.6,10.0,15.4,10.0,995.4,10.0,,,54,10,0.0,10,0.0,10,,,0.0,10,6.5,,,10.0,5.3,,,10.0,3.8,10.0,12.6,10,11.7,10.0,2336.0,10.0
2008-02-23T00:00+00:00,5805,,,295.0,10.0,299.0,10.0,6.5,10.0,15.0,10.0,995.7,10.0,,,58,10,0.0,10,11.0,10,,,0.0,10,6.5,,,10.0,5.3,,,10.0,3.9,10.0,12.0,10,10.0,10.0,36.0,10.0
2008-02-23T01:00+00:00,5805,,,290.0,10.0,284.0,10.0,6.1,10.0,15.3,10.0,995.1,10.0,,,61,10,0.0,10,22.0,10,,,0.0,10,6.5,,,10.0,5.3,,,10.0,3.9,10.0,11.7,10,8.8,10.0,120.0,10.0
2008-02-23T02:00+00:00,5805,,,292.0,10.0,278.0,10.0,6.8,10.0,16.9,10.0,994.9,10.0,,,69,10,0.3,10,26.0,10,,,0.0,10,6.5,,,10.0,5.3,,,10.0,4.0,10.0,10.8,10,8.4,10.0,206.0,10.0
2008-02-23T03:00+00:00,5805,,,288.0,10.0,294.0,10.0,6.6,10.0,15.9,10.0,994.4,10.0,,,63,10,0.0,10,5.0,10,,,0.0,10,6.4,,,10.0,5.3,,,10.0,4.0,10.0,11.6,10,8.3,10.0,338.0,10.0
2008-02-23T04:00+00:00,5805,,,298.0,10.0,308.0,10.0,6.3,10.0,16.2,10.0,995.8,10.0,,,64,10,0.0,10,0.0,10,,,0.0,10,6.4,,,10.0,5.4,,,10.0,4.0,10.0,11.2,10,9.6,10.0,409.0,10.0
2008-02-23T05:00+00:00,5805,,,297.0,10.0,289.0,10.0,5.7,10.0,14.2,10.0,996.1,10.0,,,66,10,0.0,10,0.0,10,,,0.0,10,6.4,,,10.0,5.4,,,10.0,4.1,10.0,11.0,10,10.2,10.0,501.0,10.0
2008-02-23T06:00+00:00,5805,,,291.0,10.0,291.0,10.0,5.3,10.0,11.5,10.0,996.4,10.0,,,67,10,0.0,10,0.0,10,,,0.0,10,6.4,,,10.0,5.4,,,10.0,4.1,10.0,10.6,10,8.8,10.0,623.0,10.0
2008-02-23T07:00+00:00,5805,,,296.0,10.0,286.0,10.0,6.7,10.0,15.5,10.0,997.0,10.0,,,66,10,0.0,10,0.0,10,,,0.0,10,6.3,,,10.0,5.4,,,10.0,4.1,10.0,11.0,10,8.9,10.0,732.0,10.0
2008-02-23T08:00+00:00,5805,,,298.0,10.0,277.0,10.0,6.9,10.0,15.7,10.0,997.6,10.0,,,62,10,0.0,10,0.0,10,,,0.1,10,6.5,,,10.0,5.4,,,10.0,4.2,10.0,11.7,10,10.3,10.0,819.0,10.0
2008-02-23T09:00+00:00,5805,,,295.0,10.0,294.0,10.0,5.6,10.0,11.9,10.0,998.2,10.0,,,62,10,0.0,10,0.0,10,,,0.1,10,6.6,,,10.0,5.4,,,10.0,4.2,10.0,11.9,10,11.8,10.0,938.0,10.0
2008-02-23T10:00+00:00,5805,,,291.0,10.0,286.0,10.0,5.8,10.0,14.9,10.0,998.8,10.0,,,60,10,0.0,10,0.0,10,,,0.4,10,7.0,,,10.0,5.5,,,10.0,4.2,10.0,12.9,10,12.3,10.0,1046.0,10.0
2008-02-23T11:00+00:00,5805,,,291.0,10.0,279.0,10.0,7.9,10.0,17.1,10.0,998.1,10.0,,,57,10,0.0,10,0.0,10,,,1.0,10,7.4,,,10.0,5.6,,,10.0,4.3,10.0,13.2,10,16.1,10.0,1157.0,10.0
2008-02-23T12:00+00:00,5805,,,296.0,10.0,299.0,10.0,7.2,10.0,16.7,10.0,997.8,10.0,,,52,10,0.0,10,0.0,10,,,1.0,10,7.9,,,10.0,5.7,,,10.0,4.3,10.0,13.9,10,16.0,10.0,1251.0,10.0
2008-02-23T13:00+00:00,5805,,,294.0,10.0,275.0,10.0,7.4,10.0,16.9,10.0,997.9,10.0,,,51,10,0.0,10,0.0,10,,,1.0,10,8.2,,,10.0,5.9,,,10.0,4.3,10.0,14.1,10,16.5,10.0,1311.0,10.0
2008-02-23T14:00+00:00,5805,,,291.0,10.0,278.0,10.0,6.6,10.0,13.4,10.0,998.1,10.0,,,51,10,0.0,10,0.0,10,,,1.0,10,8.4,,,10.0,6.0,,,10.0,4.4,10.0,14.0,10,16.6,10.0,1447.0,10.0
2008-02-23T15:00+00:00,5805,,,292.0,10.0,318.0,10.0,5.2,10.0,12.4,10.0,998.7,10.0,,,50,10,0.0,10,0.0,10,,,0.9,10,8.4,,,10.0,6.2,,,10.0,4.4,10.0,13.4,10,13.9,10.0,1538.0,10.0
2008-02-23T16:00+00:00,5805,,,292.0,10.0,291.0,10.0,4.9,10.0,10.9,10.0,998.8,10.0,,,52,10,0.0,10,0.0,10,,,0.4,10,8.1,,,10.0,6.3,,,10.0,4.4,10.0,12.2,10,11.1,10.0,1602.0,10.0
2008-02-23T17:00+00:00,5805,,,295.0,10.0,285.0,10.0,3.5,10.0,8.8,10.0,999.5,10.0,,,55,10,0.0,10,0.0,10,,,0.0,10,7.7,,,10.0,6.3,,,10.0,4.5,10.0,11.0,10,8.4,10.0,1701.0,10.0
2008-02-23T18:00+00:00,5805,,,302.0,10.0,315.0,10.0,3.5,10.0,7.1,10.0,1000.0,10.0,,,56,10,0.0,10,0.0,10,,,0.0,10,7.4,,,10.0,6.3,,,10.0,4.5,10.0,10.7,10,8.1,10.0,1823.0,10.0
2008-02-23T19:00+00:00,5805,,,304.0,10.0,300.0,10.0,2.4,10.0,5.9,10.0,1000.5,10.0,,,62,10,0.0,10,0.0,10,,,0.0,10,7.1,,,10.0,6.3,,,10.0,4.5,10.0,9.9,10,5.5,10.0,1930.0,10.0
2008-02-23T20:00+00:00,5805,,,320.0,10.0,297.0,10.0,1.5,10.0,5.0,10.0,1001.0,10.0,,,69,10,0.0,10,0.0,10,,,0.0,10,6.7,,,10.0,6.2,,,10.0,4.6,10.0,8.2,10,3.2,10.0,2001.0,10.0
2008-02-23T21:00+00:00,5805,,,315.0,10.0,311.0,10.0,1.7,10.0,4.0,10.0,1001.2,10.0,,,73,10,0.0,10,0.0,10,,,0.0,10,6.3,,,10.0,6.1,,,10.0,4.6,10.0,8.2,10,2.8,10.0,2147.0,10.0
2008-02-23T22:00+00:00,5805,,,343.0,10.0,327.0,10.0,1.7,10.0,4.3,10.0,1001.2,10.0,,,78,10,0.0,10,0.0,10,,,0.0,10,6.1,,,10.0,6.0,,,10.0,4.7,10.0,6.2,10,3.3,10.0,2221.0,10.0
2008-02-23T23:00+00:00,5805,,,7.0,10.0,8.0,10.0,1.0,10.0,3.1,10.0,1000.9,10.0,,,87,10,0.0,10,0.0,10,,,0.0,10,5.8,,,10.0,5.9,,,10.0,4.7,10.0,4.5,10,0.7,10.0,2309.0,10.0
2008-02-24T00:00+00:00,5805,,,360.0,10.0,34.0,10.0,0.4,10.0,1.7,10.0,1000.7,10.0,,,87,10,0.0,10,1.0,10,,,0.0,10,5.6,,,10.0,5.8,,,10.0,4.8,10.0,5.3,10,1.1,10.0,23.0,10.0
2008-02-24T01:00+00:00,5805,,,337.0,10.0,10.0,10.0,0.5,10.0,2.0,10.0,1000.5,10.0,,,86,10,0.0,10,0.0,10,,,0.0,10,5.5,,,10.0,5.7,,,10.0,4.8,10.0,5.6,10,3.9,10.0,128.0,10.0
2008-02-24T02:00+00:00,5805,,,333.0,10.0,347.0,10.0,0.4,10.0,1.9,10.0,1000.3,10.0,,,86,10,0.0,10,0.0,10,,,0.0,10,5.5,,,10.0,5.6,,,10.0,4.8,10.0,5.7,10,4.2,10.0,217.0,10.0
2008-02-24T03:00+00:00,5805,,,350.0,10.0,23.0,10.0,0.6,10.0,2.1,10.0,999.8,10.0,,,90,10,0.0,10,0.0,10,,,0.0,10,5.3,,,10.0,5.5,,,10.0,4.8,10.0,4.5,10,1.6,10.0,316.0,10.0
2008-02-24T04:00+00:00,5805,,,346.0,10.0,12.0,10.0,0.5,10.0,1.9,10.0,999.6,10.0,,,92,10,0.0,10,0.0,10,,,0.0,10,5.0,,,10.0,5.4,,,10.0,4.8,10.0,2.8,10,-0.8,10.0,409.0,10.0
2008-02-24T05:00+00:00,5805,,,347.0,10.0,6.0,10.0,0.7,10.0,2.4,10.0,999.7,10.0,,,93,10,0.0,10,0.0,10,,,0.0,10,4.7,,,10.0,5.3,,,10.0,4.9,10.0,1.7,10,-1.3,10.0,552.0,10.0
2008-02-24T06:00+00:00,5805,,,353.0,10.0,359.0,10.0,0.7,10.0,2.6,10.0,999.8,10.0,,,92,10,0.0,10,0.0,10,,,0.0,10,4.4,,,10.0,5.2,,,10.0,4.9,10.0,1.0,10,-1.9,10.0,611.0,10.0
2008-02-24T07:00+00:00,5805,,,350.0,10.0,348.0,10.0,1.0,10.0,2.5,10.0,999.8,10.0,,,92,10,0.0,10,0.0,10,,,0.7,10,4.3,,,10.0,5.1,,,10.0,4.9,10.0,2.3,10,-1.8,10.0,719.0,10.0
2008-02-24T08:00+00:00,5805,,,292.0,10.0,305.0,10.0,0.6,10.0,1.9,10.0,999.5,10.0,,,81,10,0.0,10,0.0,10,,,1.0,10,4.6,,,10.0,5.0,,,10.0,4.9,10.0,6.0,10,3.4,10.0,830.0,10.0
2008-02-24T09:00+00:00,5805,,,75.0,10.0,49.0,10.0,0.3,10.0,4.6,10.0,999.1,10.0,,,56,10,0.0,10,0.0,10,,,1.0,10,5.4,,,10.0,4.9,,,10.0,4.9,10.0,11.7,10,9.3,10.0,951.0,10.0
2008-02-24T10:00+00:00,5805,,,106.0,10.0,130.0,10.0,2.3,10.0,5.4,10.0,998.5,10.0,,,48,10,0.0,10,0.0,10,,,1.0,10,6.2,,,10.0,5.0,,,10.0,4.9,10.0,12.9,10,15.5,10.0,1059.0,10.0
2008-02-24T11:00+00:00,5805,,,105.0,10.0,125.0,10.0,2.6,10.0,5.9,10.0,997.9,10.0,,,43,10,0.0,10,0.0,10,,,1.0,10,6.9,,,10.0,5.1,,,10.0,4.9,10.0,14.2,10,16.8,10.0,1149.0,10.0
2008-02-24T12:00+00:00,5805,,,103.0,10.0,118.0,10.0,3.1,10.0,6.8,10.0,997.0,10.0,,,43,10,0.0,10,0.0,10,,,1.0,10,7.6,,,10.0,5.3,,,10.0,4.9,10.0,15.1,10,18.6,10.0,1216.0,10.0
2008-02-24T13:00+00:00,5805,,,110.0,10.0,91.0,10.0,2.8,10.0,6.1,10.0,996.0,10.0,,,42,10,0.0,10,0.0,10,,,1.0,10,8.3,,,10.0,5.6,,,10.0,4.9,10.0,16.0,10,19.4,10.0,1316.0,10.0
2008-02-24T14:00+00:00,5805,,,113.0,10.0,110.0,10.0,2.6,10.0,5.3,10.0,995.3,10.0,,,42,10,0.0,10,0.0,10,,,1.0,10,8.8,,,10.0,5.9,,,10.0,4.9,10.0,17.4,10,20.2,10.0,1438.0,10.0
2008-02-24T15:00+00:00,5805,,,127.0,10.0,107.0,10.0,2.2,10.0,6.5,10.0,994.7,10.0,,,42,10,0.0,10,0.0,10,,,1.0,10,9.1,,,10.0,6.2,,,10.0,4.9,10.0,17.6,10,18.0,10.0,1526.0,10.0
2008-02-24T16:00+00:00,5805,,,115.0,10.0,111.0,10.0,2.1,10.0,5.0,10.0,994.4,10.0,,,44,10,0.0,10,0.0,10,,,1.0,10,9.0,,,10.0,6.4,,,10.0,4.9,10.0,16.1,10,14.6,10.0,1603.0,10.0
2008-02-24T17:00+00:00,5805,,,79.0,10.0,100.0,10.0,0.6,10.0,2.7,10.0,994.2,10.0,,,58,10,0.0,10,0.0,10,,,0.1,10,8.4,,,10.0,6.5,,,10.0,4.9,10.0,11.5,10,6.4,10.0,1711.0,10.0
2008-02-24T18:00+00:00,5805,,,3.0,10.0,357.0,10.0,0.7,10.0,2.3,10.0,994.1,10.0,,,74,10,0.0,10,0.0,10,,,0.0,10,7.7,,,10.0,6.6,,,10.0,4.9,10.0,8.3,10,3.8,10.0,1816.0,10.0
2008-02-24T19:00+00:00,5805,,,347.0,10.0,359.0,10.0,0.5,10.0,2.1,10.0,994.0,10.0,,,83,10,0.0,10,0.0,10,,,0.0,10,7.1,,,10.0,6.5,,,10.0,5.0,10.0,6.5,10,2.5,10.0,1909.0,10.0
2008-02-24T20:00+00:00,5805,,,342.0,10.0,357.0,10.0,0.4,10.0,2.2,10.0,993.8,10.0,,,86,10,0.0,10,0.0,10,,,0.0,10,6.7,,,10.0,6.4,,,10.0,5.0,10.0,5.7,10,1.5,10.0,2038.0,10.0
2008-02-24T21:00+00:00,5805,,,347.0,10.0,354.0,10.0,0.4,10.0,1.7,10.0,993.5,10.0,,,90,10,0.0,10,0.0,10,,,0.0,10,6.2,,,10.0,6.3,,,10.0,5.0,10.0,4.2,10,0.7,10.0,2134.0,10.0
2008-02-24T22:00+00:00,5805,,,328.0,10.0,329.0,10.0,0.7,10.0,3.0,10.0,993.5,10.0,,,89,10,0.0,10,0.0,10,,,0.0,10,5.9,,,10.0,6.2,,,10.0,5.1,10.0,4.5,10,0.0,10.0,2248.0,10.0
2008-02-24T23:00+00:00,5805,,,345.0,10.0,3.0,10.0,0.6,10.0,2.9,10.0,993.3,10.0,,,90,10,0.0,10,0.0,10,,,0.0,10,5.6,,,10.0,6.0,,,10.0,5.1,10.0,3.1,10,0.1,10.0,2329.0,10.0
2008-02-25T00:00+00:00,5805,,,358.0,10.0,4.0,10.0,0.7,10.0,2.7,10.0,993.3,10.0,,,92,10,0.0,10,0.0,10,,,0.0,10,5.3,,,10.0,5.9,,,10.0,5.1,10.0,2.3,10,-0.7,10.0,9.0,10.0
2008-02-25T01:00+00:00,5805,,,354.0,10.0,354.0,10.0,0.9,10.0,2.4,10.0,993.2,10.0,,,92,10,0.0,10,0.0,10,,,0.0,10,5.0,,,10.0,5.7,,,10.0,5.2,10.0,1.4,10,-1.6,10.0,154.0,10.0
2008-02-25T02:00+00:00,5805,,,349.0,10.0,352.0,10.0,0.9,10.0,2.6,10.0,992.9,10.0,,,92,10,0.0,10,0.0,10,,,0.0,10,4.7,,,10.0,5.6,,,10.0,5.2,10.0,1.1,10,-2.0,10.0,221.0,10.0
2008-02-25T03:00+00:00,5805,,,357.0,10.0,5.0,10.0,1.0,10.0,3.0,10.0,992.8,10.0,,,92,10,0.0,10,0.0,10,,,0.0,10,4.4,,,10.0,5.4,,,10.0,5.2,10.0,0.7,10,-2.4,10.0,343.0,10.0
2008-02-25T04:00+00:00,5805,,,349.0,10.0,359.0,10.0,1.0,10.0,2.8,10.0,992.9,10.0,,,92,10,0.0,10,0.0,10,,,0.0,10,4.2,,,10.0,5.3,,,10.0,5.2,10.0,0.2,10,-2.7,10.0,419.0,10.0
2008-02-25T05:00+00:00,5805,,,356.0,10.0,359.0,10.0,1.2,10.0,3.0,10.0,993.0,10.0,,,92,10,0.0,10,0.0,10,,,0.0,10,4.0,,,10.0,5.1,,,10.0,5.2,10.0,0.0,10,-3.0,10.0,539.0,10.0
2008-02-25T06:00+00:00,5805,,,7.0,10.0,359.0,10.0,1.2,10.0,3.1,10.0,992.9,10.0,,,92,10,0.0,10,0.0,10,,,0.0,10,3.8,,,10.0,5.0,,,10.0,5.2,10.0,0.0,10,-2.8,10.0,604.0,10.0
2008-02-25T07:00+00:00,5805,,,300.0,10.0,305.0,10.0,2.3,10.0,8.1,10.0,993.2,10.0,,,50,10,0.0,10,0.0,10,,,0.8,10,4.0,,,10.0,4.8,,,10.0,5.2,10.0,11.5,10,-2.3,10.0,739.0,10.0
2008-02-25T08:00+00:00,5805,,,294.0,10.0,288.0,10.0,4.4,10.0,10.1,10.0,993.6,10.0,,,41,10,0.0,10,0.0,10,,,1.0,10,4.9,,,10.0,4.8,,,10.0,5.2,10.0,14.9,10,10.2,10.0,853.0,10.0
2008-02-25T09:00+00:00,5805,,,299.0,10.0,288.0,10.0,5.1,10.0,12.8,10.0,993.9,10.0,,,41,10,0.0,10,0.0,10,,,1.0,10,5.7,,,10.0,4.8,,,10.0,5.2,10.0,15.3,10,16.5,10.0,940.0,10.0
2008-02-25T10:00+00:00,5805,,,297.0,10.0,289.0,10.0,6.3,10.0,13.7,10.0,994.1,10.0,,,39,10,0.0,10,0.0,10,,,1.0,10,6.5,,,10.0,5.0,,,10.0,5.2,10.0,16.3,10,18.3,10.0,1053.0,10.0
2008-02-25T11:00+00:00,5805,,,293.0,10.0,303.0,10.0,6.7,10.0,15.3,10.0,994.1,10.0,,,39,10,0.0,10,0.0,10,,,1.0,10,7.2,,,10.0,5.2,,,10.0,5.1,10.0,16.7,10,19.4,10.0,1112.0,10.0
2008-02-25T12:00+00:00,5805,,,287.0,10.0,277.0,10.0,7.7,10.0,15.2,10.0,993.8,10.0,,,39,10,0.0,10,0.0,10,,,1.0,10,8.0,,,10.0,5.4,,,10.0,5.1,10.0,17.4,10,20.8,10.0,1229.0,10.0
2008-02-25T13:00+00:00,5805,,,288.0,10.0,298.0,10.0,6.7,10.0,14.0,10.0,993.3,10.0,,,40,10,0.0,10,0.0,10,,,1.0,10,8.6,,,10.0,5.7,,,10.0,5.1,10.0,17.8,10,20.4,10.0,1336.0,10.0
2008-02-25T14:00+00:00,5805,,,287.0,10.0,286.0,10.0,6.8,10.0,15.4,10.0,993.3,10.0,,,41,10,0.0,10,0.0,10,,,0.9,10,8.8,,,10.0,6.0,,,10.0,5.1,10.0,17.5,10,17.7,10.0,1436.0,10.0
2008-02-25T15:00+00:00,5805,,,290.0,10.0,277.0,10.0,5.3,10.0,11.6,10.0,993.9,10.0,,,41,10,0.0,10,0.0,10,,,0.5,10,8.9,,,10.0,6.3,,,10.0,5.1,10.0,17.0,10,16.6,10.0,1506.0,10.0
2008-02-25T16:00+00:00,5805,,,302.0,10.0,265.0,10.0,4.0,10.0,11.1,10.0,994.4,10.0,,,46,10,0.0,10,0.0,10,,,0.2,10,8.8,,,10.0,6.5,,,10.0,5.1,10.0,15.4,10,14.8,10.0,1635.0,10.0
2008-02-25T17:00+00:00,5805,,,319.0,10.0,355.0,10.0,1.9,10.0,7.1,10.0,995.4,10.0,,,51,10,0.0,10,0.0,10,,,0.0,10,8.5,,,10.0,6.6,,,10.0,5.1,10.0,13.3,10,11.6,10.0,1800.0,10.0
2008-02-25T18:00+00:00,5805,,,317.0,10.0,312.0,10.0,1.5,10.0,6.7,10.0,995.7,10.0,,,58,10,0.0,10,0.0,10,,,0.0,10,8.1,,,10.0,6.7,,,10.0,5.1,10.0,11.2,10,7.1,10.0,1813.0,10.0
2008-02-25T19:00+00:00,5805,,,8.0,10.0,359.0,10.0,0.7,10.0,3.0,10.0,995.7,10.0,,,72,10,0.0,10,0.0,10,,,0.0,10,7.6,,,10.0,6.7,,,10.0,5.2,10.0,8.7,10,4.1,10.0,1923.0,10.0
2008-02-25T20:00+00:00,5805,,,351.0,10.0,355.0,10.0,0.5,10.0,2.6,10.0,995.8,10.0,,,81,10,0.0,10,0.0,10,,,0.0,10,7.1,,,10.0,6.6,,,10.0,5.2,10.0,6.7,10,2.9,10.0,2052.0,10.0
2008-02-25T21:00+00:00,5805,,,357.0,10.0,359.0,10.0,0.3,10.0,1.9,10.0,995.8,10.0,,,85,10,0.0,10,0.0,10,,,0.0,10,6.6,,,10.0,6.5,,,10.0,5.2,10.0,5.2,10,1.4,10.0,2118.0,10.0
2008-02-25T22:00+00:00,5805,,,353.0,10.0,6.0,10.0,0.6,10.0,2.6,10.0,995.8,10.0,,,89,10,0.0,10,0.0,10,,,0.0,10,6.3,,,10.0,6.4,,,10.0,5.3,10.0,4.1,10,0.7,10.0,2216.0,10.0
2008-02-25T23:00+00:00,5805,,,336.0,10.0,10.0,10.0,0.7,10.0,2.3,10.0,995.3,10.0,,,90,10,0.0,10,0.0,10,,,0.0,10,5.9,,,10.0,6.3,,,10.0,5.3,10.0,3.3,10,0.0,10.0,2329.0,10.0
2008-02-26T00:00+00:00,5805,,,355.0,10.0,8.0,10.0,0.5,10.0,2.0,10.0,995.2,10.0,,,92,10,0.0,10,0.0,10,,,0.0,10,5.5,,,10.0,6.1,,,10.0,5.3,10.0,2.8,10,-0.8,10.0,58.0,10.0
2008-02-26T01:00+00:00,5805,,,346.0,10.0,356.0,10.0,0.8,10.0,2.5,10.0,995.0,10.0,,,92,10,0.0,10,0.0,10,,,0.0,10,5.2,,,10.0,6.0,,,10.0,5.4,10.0,1.7,10,-1.3,10.0,109.0,10.0
2008-02-26T02:00+00:00,5805,,,346.0,10.0,2.0,10.0,0.9,10.0,2.7,10.0,994.2,10.0,,,92,10,0.0,10,0.0,10,,,0.0,10,5.0,,,10.0,5.8,,,10.0,5.4,10.0,1.4,10,-1.7,10.0,218.0,10.0
2008-02-26T03:00+00:00,5805,,,355.0,10.0,359.0,10.0,1.1,10.0,3.1,10.0,994.1,10.0,,,92,10,0.0,10,0.0,10,,,0.0,10,4.7,,,10.0,5.7,,,10.0,5.4,10.0,0.5,10,-2.0,10.0,348.0,10.0
2008-02-26T04:00+00:00,5805,,,353.0,10.0,3.0,10.0,1.1,10.0,3.1,10.0,993.7,10.0,,,92,10,0.0,10,0.0,10,,,0.0,10,4.5,,,10.0,5.5,,,10.0,5.4,10.0,0.3,10,-2.2,10.0,423.0,10.0
2008-02-26T05:00+00:00,5805,,,357.0,10.0,2.0,10.0,1.3,10.0,2.9,10.0,993.3,10.0,,,92,10,0.0,10,0.0,10,,,0.0,10,4.3,,,10.0,5.4,,,10.0,5.4,10.0,-0.2,10,-2.5,10.0,535.0,10.0
2008-02-26T06:00+00:00,5805,,,1.0,10.0,4.0,10.0,1.5,10.0,2.8,10.0,993.1,10.0,,,92,10,0.0,10,0.0,10,,,0.0,10,4.0,,,10.0,5.2,,,10.0,5.4,10.0,-0.4,10,-3.0,10.0,645.0,10.0
2008-02-26T07:00+00:00,5805,,,3.0,10.0,359.0,10.0,1.1,10.0,2.9,10.0,992.9,10.0,,,92,10,0.0,10,0.0,10,,,0.6,10,4.0,,,10.0,5.1,,,10.0,5.4,10.0,1.5,10,-2.7,10.0,742.0,10.0
2008-02-26T08:00+00:00,5805,,,336.0,10.0,346.0,10.0,0.6,10.0,2.2,10.0,992.6,10.0,,,83,10,0.0,10,0.0,10,,,1.0,10,4.4,,,10.0,5.0,,,10.0,5.4,10.0,4.6,10,2.1,10.0,820.0,10.0
2008-02-26T09:00+00:00,5805,,,119.0,10.0,110.0,10.0,0.4,10.0,4.1,10.0,992.2,10.0,,,67,10,0.0,10,0.0,10,,,1.0,10,5.1,,,10.0,5.0,,,10.0,5.4,10.0,9.9,10,7.8,10.0,956.0,10.0
2008-02-26T10:00+00:00,5805,,,88.0,10.0,70.0,10.0,2.1,10.0,5.3,10.0,991.4,10.0,,,59,10,0.0,10,0.0,10,,,1.0,10,6.0,,,10.0,5.0,,,10.0,5.4,10.0,12.1,10,13.5,10.0,1046.0,10.0
2008-02-26T11:00+00:00,5805,,,95.0,10.0,108.0,10.0,2.3,10.0,5.3,10.0,990.6,10.0,,,53,10,0.0,10,0.0,10,,,1.0,10,6.8,,,10.0,5.2,,,10.0,5.4,10.0,14.1,10,16.6,10.0,1110.0,10.0
2008-02-26T12:00+00:00,5805,,,102.0,10.0,127.0,10.0,2.4,10.0,5.0,10.0,989.7,10.0,,,51,10,0.0,10,0.0,10,,,1.0,10,7.6,,,10.0,5.4,,,10.0,5.4,10.0,15.0,10,18.7,10.0,1212.0,10.0
2008-02-26T13:00+00:00,5805,,,113.0,10.0,110.0,10.0,1.5,10.0,4.4,10.0,988.7,10.0,,,48,10,0.0,10,0.0,10,,,1.0,10,8.4,,,10.0,5.7,,,10.0,5.3,10.0,16.1,10,19.9,10.0,1307.0,10.0
2008-02-26T14:00+00:00,5805,,,116.0,10.0,96.0,10.0,1.8,10.0,4.2,10.0,988.0,10.0,,,46,10,0.0,10,0.0,10,,,1.0,10,9.0,,,10.0,6.0,,,10.0,5.3,10.0,16.7,10,20.7,10.0,1444.0,10.0
2008-02-26T15:00+00:00,5805,,,112.0,10.0,119.0,10.0,2.3,10.0,5.2,10.0,987.4,10.0,,,47,10,0.0,10,0.0,10,,,1.0,10,9.2,,,10.0,6.3,,,10.0,5.3,10.0,16.5,10,17.0,10.0,1552.0,10.0
2008-02-26T16:00+00:00,5805,,,144.0,10.0,157.0,10.0,1.3,10.0,4.6,10.0,986.9,10.0,,,48,10,0.0,10,0.0,10,,,1.0,10,9.0,,,10.0,6.5,,,10.0,5.3,10.0,15.3,10,13.8,10.0,1603.0,10.0
2008-02-26T17:00+00:00,5805,,,30.0,10.0,162.0,10.0,0.7,10.0,3.0,10.0,986.8,10.0,,,53,10,0.0,10,0.0,10,,,0.1,10,8.6,,,10.0,6.7,,,10.0,5.3,10.0,12.9,10,9.4,10.0,1703.0,10.0
2008-02-26T18:00+00:00,5805,,,19.0,10.0,53.0,10.0,0.9,10.0,3.3,10.0,986.7,10.0,,,68,10,0.0,10,0.0,10,,,0.0,10,8.0,,,10.0,6.8,,,10.0,5.4,10.0,9.0,10,4.9,10.0,1807.0,10.0
2008-02-26T19:00+00:00,5805,,,348.0,10.0,357.0,10.0,0.3,10.0,2.0,10.0,986.6,10.0,,,80,10,0.0,10,0.0,10,,,0.0,10,7.4,,,10.0,6.7,,,10.0,5.4,10.0,6.8,10,2.7,10.0,2000.0,10.0
2008-02-26T20:00+00:00,5805,,,335.0,10.0,352.0,10.0,0.5,10.0,2.0,10.0,986.4,10.0,,,86,10,0.0,10,0.0,10,,,0.0,10,6.9,,,10.0,6.7,,,10.0,5.4,10.0,5.3,10,1.6,10.0,2009.0,10.0
2008-02-26T21:00+00:00,5805,,,350.0,10.0,359.0,10.0,0.5,10.0,2.2,10.0,986.3,10.0,,,89,10,0.0,10,0.0,10,,,0.0,10,6.5,,,10.0,6.6,,,10.0,5.5,10.0,4.3,10,0.6,10.0,2154.0,10.0
2008-02-26T22:00+00:00,5805,,,345.0,10.0,10.0,10.0,0.5,10.0,2.0,10.0,986.1,10.0,,,90,10,0.0,10,0.0,10,,,0.0,10,6.1,,,10.0,6.4,,,10.0,5.5,10.0,4.2,10,0.3,10.0,2211.0,10.0
2008-02-26T23:00+00:00,5805,,,354.0,10.0,359.0,10.0,0.7,10.0,2.0,10.0,985.8,10.0,,,91,10,0.0,10,0.0,10,,,0.0,10,5.8,,,10.0,6.3,,,10.0,5.5,10.0,3.2,10,-0.2,10.0,2329.0,10.0
2008-02-27T00:00+00:00,5805,,,352.0,10.0,4.0,10.0,0.8,10.0,2.0,10.0,985.6,10.0,,,92,10,0.0,10,0.0,10,,,0.0,10,5.5,,,10.0,6.1,,,10.0,5.5,10.0,2.6,10,-0.4,10.0,28.0,10.0
2008-02-27T01:00+00:00,5805,,,360.0,10.0,354.0,10.0,0.8,10.0,2.1,10.0,985.6,10.0,,,92,10,0.0,10,0.0,10,,,0.0,10,5.2,,,10.0,6.0,,,10.0,5.6,10.0,1.9,10,-0.9,10.0,131.0,10.0
2008-02-27T02:00+00:00,5805,,,355.0,10.0,5.0,10.0,0.8,10.0,2.5,10.0,984.8,10.0,,,92,10,0.0,10,0.0,10,,,0.0,10,5.0,,,10.0,5.8,,,10.0,5.6,10.0,1.5,10,-1.3,10.0,246.0,10.0
2008-02-27T03:00+00:00,5805,,,356.0,10.0,359.0,10.0,0.7,10.0,2.7,10.0,984.6,10.0,,,92,10,0.0,10,0.0,10,,,0.0,10,4.8,,,10.0,5.7,,,10.0,5.6,10.0,1.7,10,-1.4,10.0,312.0,10.0
2008-02-27T04:00+00:00,5805,,,300.0,10.0,283.0,10.0,2.8,10.0,11.9,10.0,984.6,10.0,,,63,10,0.0,10,0.0,10,,,0.0,10,4.9,,,10.0,5.6,,,10.0,5.6,10.0,11.2,10,-0.5,10.0,459.0,10.0
2008-02-27T05:00+00:00,5805,,,296.0,10.0,313.0,10.0,5.6,10.0,13.8,10.0,985.1,10.0,,,84,10,0.4,10,34.0,10,,,0.0,10,5.4,,,10.0,5.5,,,10.0,5.6,10.0,9.9,10,8.3,10.0,535.0,10.0
2008-02-27T06:00+00:00,5805,,,293.0,10.0,289.0,10.0,5.1,10.0,10.9,10.0,985.4,10.0,,,81,10,0.0,10,5.0,10,,,0.0,10,5.7,,,10.0,5.5,,,10.0,5.6,10.0,10.4,10,8.1,10.0,639.0,10.0
2008-02-27T07:00+00:00,5805,,,289.0,10.0,295.0,10.0,5.5,10.0,12.8,10.0,986.1,10.0,,,78,10,0.0,10,0.0,10,,,0.0,10,5.9,,,10.0,5.5,,,10.0,5.6,10.0,10.9,10,8.8,10.0,742.0,10.0
2008-02-27T08:00+00:00,5805,,,290.0,10.0,281.0,10.0,5.1,10.0,12.5,10.0,986.5,10.0,,,74,10,0.0,10,0.0,10,,,0.0,10,6.2,,,10.0,5.6,,,10.0,5.6,10.0,11.7,10,9.6,10.0,854.0,10.0
2008-02-27T09:00+00:00,5805,,,287.0,10.0,252.0,10.0,6.0,10.0,12.2,10.0,986.7,10.0,,,69,10,0.0,10,0.0,10,,,0.5,10,6.6,,,10.0,5.7,,,10.0,5.6,10.0,12.6,10,11.6,10.0,902.0,10.0
2008-02-27T10:00+00:00,5805,,,286.0,10.0,295.0,10.0,5.5,10.0,10.8,10.0,986.8,10.0,,,63,10,0.0,10,0.0,10,,,0.6,10,7.3,,,10.0,5.8,,,10.0,5.6,10.0,13.8,10,14.4,10.0,1021.0,10.0
2008-02-27T11:00+00:00,5805,,,282.0,10.0,272.0,10.0,7.7,10.0,18.0,10.0,987.6,10.0,,,57,10,0.0,10,0.0,10,,,0.9,10,7.9,,,10.0,6.0,,,10.0,5.6,10.0,13.5,10,16.4,10.0,1142.0,10.0
2008-02-27T12:00+00:00,5805,,,283.0,10.0,274.0,10.0,6.9,10.0,16.6,10.0,987.6,10.0,,,58,10,0.0,10,0.0,10,,,0.6,10,8.2,,,10.0,6.2,,,10.0,5.6,10.0,12.6,10,13.0,10.0,1226.0,10.0
2008-02-27T13:00+00:00,5805,,,283.0,10.0,290.0,10.0,7.1,10.0,15.5,10.0,987.8,10.0,,,49,10,0.0,10,0.0,10,,,1.0,10,8.6,,,10.0,6.4,,,10.0,5.6,10.0,12.4,10,16.3,10.0,1347.0,10.0
2008-02-27T14:00+00:00,5805,,,282.0,10.0,288.0,10.0,7.4,10.0,16.5,10.0,988.1,10.0,,,48,10,0.0,10,0.0,10,,,1.0,10,8.9,,,10.0,6.6,,,10.0,5.6,10.0,12.2,10,15.9,10.0,1423.0,10.0
2008-02-27T15:00+00:00,5805,,,283.0,10.0,314.0,10.0,6.5,10.0,15.6,10.0,988.8,10.0,,,51,10,0.0,10,0.0,10,,,1.0,10,8.9,,,10.0,6.8,,,10.0,5.6,10.0,11.4,10,12.5,10.0,1533.0,10.0
2008-02-27T16:00+00:00,5805,,,287.0,10.0,289.0,10.0,5.3,10.0,13.0,10.0,989.3,10.0,,,54,10,0.0,10,0.0,10,,,1.0,10,8.6,,,10.0,6.9,,,10.0,5.6,10.0,10.1,10,9.2,10.0,1620.0,10.0
2008-02-27T17:00+00:00,5805,,,291.0,10.0,270.0,10.0,5.0,10.0,9.7,10.0,990.4,10.0,,,59,10,0.0,10,0.0,10,,,0.2,10,8.1,,,10.0,7.0,,,10.0,5.6,10.0,9.0,10,7.1,10.0,1740.0,10.0
2008-02-27T18:00+00:00,5805,,,299.0,10.0,296.0,10.0,3.7,10.0,9.3,10.0,991.3,10.0,,,64,10,0.0,10,0.0,10,,,0.0,10,7.7,,,10.0,7.0,,,10.0,5.6,10.0,8.6,10,6.5,10.0,1817.0,10.0
2008-02-27T19:00+00:00,5805,,,303.0,10.0,311.0,10.0,3.3,10.0,6.9,10.0,992.0,10.0,,,68,10,0.0,10,0.0,10,,,0.0,10,7.3,,,10.0,6.9,,,10.0,5.7,10.0,7.9,10,5.9,10.0,1923.0,10.0
2008-02-27T20:00+00:00,5805,,,294.0,10.0,299.0,10.0,3.2,10.0,7.9,10.0,993.1,10.0,,,64,10,0.0,10,0.0,10,,,0.0,10,7.1,,,10.0,6.8,,,10.0,5.7,10.0,7.9,10,5.5,10.0,2055.0,10.0
2008-02-27T21:00+00:00,5805,,,293.0,10.0,314.0,10.0,2.4,10.0,6.9,10.0,993.5,10.0,,,59,10,0.0,10,0.0,10,,,0.0,10,6.9,,,10.0,6.7,,,10.0,5.7,10.0,7.9,10,6.0,10.0,2111.0,10.0
2008-02-27T22:00+00:00,5805,,,298.0,10.0,302.0,10.0,2.3,10.0,7.9,10.0,993.6,10.0,,,57,10,0.0,10,0.0,10,,,0.0,10,6.7,,,10.0,6.7,,,10.0,5.8,10.0,7.8,10,6.4,10.0,2250.0,10.0
2008-02-27T23:00+00:00,5805,,,290.0,10.0,325.0,10.0,2.0,10.0,4.8,10.0,993.8,10.0,,,58,10,0.0,10,0.0,10,,,0.0,10,6.6,,,10.0,6.6,,,10.0,5.8,10.0,7.6,10,6.1,10.0,2340.0,10.0
2008-02-28T00:00+00:00,5805,,,296.0,10.0,317.0,10.0,2.2,10.0,6.3,10.0,993.8,10.0,,,59,10,0.0,10,0.0,10,,,0.0,10,6.5,,,10.0,6.5,,,10.0,5.8,10.0,7.7,10,6.3,10.0,44.0,10.0
2008-02-28T01:00+00:00,5805,,,298.0,10.0,308.0,10.0,3.0,10.0,7.1,10.0,994.0,10.0,,,60,10,0.0,10,0.0,10,,,0.0,10,6.4,,,10.0,6.4,,,10.0,5.8,10.0,7.6,10,6.4,10.0,149.0,10.0
2008-02-28T02:00+00:00,5805,,,295.0,10.0,297.0,10.0,2.4,10.0,7.2,10.0,994.3,10.0,,,61,10,0.0,10,0.0,10,,,0.0,10,6.3,,,10.0,6.4,,,10.0,5.8,10.0,7.4,10,6.1,10.0,224.0,10.0
2008-02-28T03:00+00:00,5805,,,296.0,10.0,279.0,10.0,3.3,10.0,7.6,10.0,994.4,10.0,,,61,10,0.0,10,0.0,10,,,0.0,10,6.2,,,10.0,6.3,,,10.0,5.8,10.0,7.3,10,6.3,10.0,301.0,10.0
2008-02-28T04:00+00:00,5805,,,291.0,10.0,268.0,10.0,2.9,10.0,7.1,10.0,994.9,10.0,,,63,10,0.0,10,0.0,10,,,0.0,10,6.2,,,10.0,6.2,,,10.0,5.9,10.0,7.0,10,5.7,10.0,453.0,10.0
2008-02-28T05:00+00:00,5805,,,288.0,10.0,320.0,10.0,2.9,10.0,5.9,10.0,995.3,10.0,,,63,10,0.0,10,0.0,10,,,0.0,10,6.0,,,10.0,6.2,,,10.0,5.9,10.0,6.6,10,5.0,10.0,539.0,10.0
2008-02-28T06:00+00:00,5805,,,299.0,10.0,328.0,10.0,2.2,10.0,5.0,10.0,995.8,10.0,,,63,10,0.0,10,0.0,10,,,0.0,10,5.9,,,10.0,6.1,,,10.0,5.9,10.0,6.4,10,3.9,10.0,700.0,10.0
2008-02-28T07:00+00:00,5805,,,305.0,10.0,318.0,10.0,2.4,10.0,6.1,10.0,996.5,10.0,,,61,10,0.0,10,0.0,10,,,0.0,10,5.9,,,10.0,6.1,,,10.0,5.9,10.0,7.0,10,4.7,10.0,758.0,10.0
2008-02-28T08:00+00:00,5805,,,303.0,10.0,320.0,10.0,3.0,10.0,7.0,10.0,997.0,10.0,,,55,10,0.0,10,0.0,10,,,0.9,10,6.2,,,10.0,6.0,,,10.0,5.9,10.0,8.8,10,6.7,10.0,859.0,10.0
2008-02-28T09:00+00:00,5805,,,296.0,10.0,286.0,10.0,3.7,10.0,8.7,10.0,997.0,10.0,,,49,10,0.0,10,0.0,10,,,1.0,10,6.7,,,10.0,6.0,,,10.0,5.9,10.0,10.2,10,11.8,10.0,941.0,10.0
2008-02-28T10:00+00:00,5805,,,289.0,10.0,288.0,10.0,4.2,10.0,9.4,10.0,997.0,10.0,,,48,10,0.0,10,0.0,10,,,0.6,10,7.0,,,10.0,6.1,,,10.0,5.9,10.0,10.3,10,11.2,10.0,1015.0,10.0
2008-02-28T11:00+00:00,5805,,,303.0,10.0,250.0,10.0,4.0,10.0,10.9,10.0,996.6,10.0,,,47,10,0.0,10,0.0,10,,,1.0,10,7.4,,,10.0,6.2,,,10.0,5.9,10.0,10.8,10,13.1,10.0,1147.0,10.0
2008-02-28T12:00+00:00,5805,,,294.0,10.0,271.0,10.0,3.8,10.0,9.5,10.0,995.7,10.0,,,46,10,0.0,10,0.0,10,,,0.9,10,8.0,,,10.0,6.3,,,10.0,5.9,10.0,11.6,10,15.0,10.0,1243.0,10.0
2008-02-28T13:00+00:00,5805,,,293.0,10.0,296.0,10.0,4.1,10.0,8.7,10.0,994.9,10.0,,,45,10,0.0,10,0.0,10,,,1.0,10,8.6,,,10.0,6.5,,,10.0,5.9,10.0,12.6,10,15.8,10.0,1328.0,10.0
2008-02-28T14:00+00:00,5805,,,301.0,10.0,280.0,10.0,4.4,10.0,9.8,10.0,994.3,10.0,,,45,10,0.0,10,0.0,10,,,1.0,10,8.9,,,10.0,6.7,,,10.0,5.9,10.0,12.8,10,16.1,10.0,1436.0,10.0
2008-02-28T15:00+00:00,5805,,,298.0,10.0,305.0,10.0,3.7,10.0,8.1,10.0,994.3,10.0,,,45,10,0.0,10,0.0,10,,,1.0,10,9.0,,,10.0,6.9,,,10.0,5.9,10.0,12.8,10,13.8,10.0,1517.0,10.0
2008-02-28T16:00+00:00,5805,,,287.0,10.0,278.0,10.0,2.4,10.0,7.2,10.0,994.4,10.0,,,46,10,0.0,10,0.0,10,,,0.7,10,8.7,,,10.0,7.1,,,10.0,5.9,10.0,11.5,10,9.7,10.0,1601.0,10.0
2008-02-28T17:00+00:00,5805,,,316.0,10.0,349.0,10.0,0.5,10.0,2.7,10.0,994.6,10.0,,,54,10,0.0,10,0.0,10,,,0.1,10,8.2,,,10.0,7.1,,,10.0,5.9,10.0,8.7,10,3.7,10.0,1758.0,10.0
2008-02-28T18:00+00:00,5805,,,15.0,10.0,357.0,10.0,0.3,10.0,2.2,10.0,995.0,10.0,,,66,10,0.0,10,0.0,10,,,0.0,10,7.6,,,10.0,7.1,,,10.0,5.9,10.0,6.0,10,1.4,10.0,1900.0,10.0
2008-02-28T19:00+00:00,5805,,,5.0,10.0,358.0,10.0,0.4,10.0,1.8,10.0,995.3,10.0,,,75,10,0.0,10,0.0,10,,,0.0,10,7.0,,,10.0,7.0,,,10.0,5.9,10.0,3.9,10,0.0,10.0,1942.0,10.0
2008-02-28T20:00+00:00,5805,,,358.0,10.0,9.0,10.0,0.6,10.0,1.8,10.0,995.5,10.0,,,81,10,0.0,10,0.0,10,,,0.0,10,6.5,,,10.0,6.9,,,10.0,6.0,10.0,2.8,10,-0.9,10.0,2059.0,10.0
2008-02-28T21:00+00:00,5805,,,348.0,10.0,1.0,10.0,0.8,10.0,2.3,10.0,995.7,10.0,,,84,10,0.0,10,0.0,10,,,0.0,10,6.1,,,10.0,6.7,,,10.0,6.0,10.0,1.8,10,-1.7,10.0,2119.0,10.0
2008-02-28T22:00+00:00,5805,,,3.0,10.0,5.0,10.0,0.9,10.0,2.7,10.0,995.9,10.0,,,88,10,0.0,10,0.0,10,,,0.0,10,5.7,,,10.0,6.6,,,10.0,6.0,10.0,1.1,10,-2.2,10.0,2222.0,10.0
2008-02-28T23:00+00:00,5805,,,356.0,10.0,4.0,10.0,1.0,10.0,2.9,10.0,996.0,10.0,,,90,10,0.0,10,0.0,10,,,0.0,10,5.4,,,10.0,6.4,,,10.0,6.0,10.0,0.7,10,-2.1,10.0,2337.0,10.0
2008-02-29T00:00+00:00,5805,,,354.0,10.0,3.0,10.0,1.4,10.0,2.9,10.0,995.8,10.0,,,91,10,0.0,10,0.0,10,,,0.0,10,5.1,,,10.0,6.2,,,10.0,6.1,10.0,0.1,10,-3.0,10.0,29.0,10.0
2008-02-29T01:00+00:00,5805,,,352.0,10.0,10.0,10.0,1.6,10.0,3.0,10.0,995.3,10.0,,,92,10,0.0,10,0.0,10,,,0.0,10,4.8,,,10.0,6.1,,,10.0,6.1,10.0,-0.8,10,-3.7,10.0,119.0,10.0
2008-02-29T02:00+00:00,5805,,,354.0,10.0,359.0,10.0,0.9,10.0,2.7,10.0,994.6,10.0,,,92,10,0.0,10,0.0,10,,,0.0,10,4.5,,,10.0,5.9,,,10.0,6.1,10.0,-0.9,10,-4.0,10.0,206.0,10.0
2008-02-29T03:00+00:00,5805,,,355.0,10.0,10.0,10.0,0.9,10.0,2.5,10.0,994.4,10.0,,,92,10,0.0,10,0.0,10,,,0.0,10,4.3,,,10.0,5.7,,,10.0,6.1,10.0,-0.7,10,-3.8,10.0,333.0,10.0
2008-02-29T04:00+00:00,5805,,,345.0,10.0,12.0,10.0,0.8,10.0,2.4,10.0,994.1,10.0,,,92,10,0.0,10,0.0,10,,,0.0,10,4.2,,,10.0,5.6,,,10.0,6.1,10.0,0.1,10,-3.1,10.0,408.0,10.0
2008-02-29T05:00+00:00,5805,,,5.0,10.0,6.0,10.0,1.0,10.0,2.5,10.0,993.7,10.0,,,90,10,0.0,10,17.0,10,,,0.0,10,4.2,,,10.0,5.4,,,10.0,6.1,10.0,0.9,10,-0.7,10.0,516.0,10.0
2008-02-29T06:00+00:00,5805,,,328.0,10.0,295.0,10.0,0.8,10.0,2.9,10.0,993.6,10.0,,,91,10,0.1,10,58.0,10,,,0.0,10,4.2,,,10.0,5.3,,,10.0,6.0,10.0,1.6,10,0.1,10.0,615.0,10.0
2008-02-29T07:00+00:00,5805,,,354.0,10.0,359.0,10.0,0.5,10.0,2.0,10.0,993.7,10.0,,,92,10,0.6,10,60.0,10,,,0.0,10,4.3,,,10.0,5.2,,,10.0,6.0,10.0,2.3,10,1.5,10.0,733.0,10.0
2008-02-29T08:00+00:00,5805,,,352.0,10.0,358.0,10.0,0.4,10.0,2.0,10.0,993.5,10.0,,,92,10,0.8,10,60.0,10,,,0.0,10,4.5,,,10.0,5.2,,,10.0,6.0,10.0,3.3,10,2.6,10.0,808.0,10.0
2008-02-29T09:00+00:00,5805,,,280.0,10.0,308.0,10.0,0.2,10.0,1.5,10.0,992.8,10.0,,,92,10,0.5,10,60.0,10,,,0.0,10,4.8,,,10.0,5.2,,,10.0,6.0,10.0,4.8,10,3.8,10.0,948.0,10.0
2008-02-29T10:00+00:00,5805,,,71.0,10.0,43.0,10.0,0.2,10.0,1.6,10.0,992.0,10.0,,,92,10,1.0,10,60.0,10,,,0.0,10,5.0,,,10.0,5.2,,,10.0,6.0,10.0,5.5,10,5.6,10.0,1059.0,10.0
2008-02-29T11:00+00:00,5805,,,65.0,10.0,35.0,10.0,0.5,10.0,2.0,10.0,991.2,10.0,,,92,10,0.7,10,60.0,10,,,0.0,10,5.4,,,10.0,5.2,,,10.0,5.9,10.0,7.3,10,7.0,10.0,1147.0,10.0
2008-02-29T12:00+00:00,5805,,,81.0,10.0,119.0,10.0,0.5,10.0,2.5,10.0,990.3,10.0,,,92,10,1.0,10,60.0,10,,,0.0,10,5.8,,,10.0,5.3,,,10.0,5.9,10.0,7.8,10,8.1,10.0,1242.0,10.0
2008-02-29T13:00+00:00,5805,,,74.0,10.0,45.0,10.0,0.9,10.0,2.9,10.0,989.4,10.0,,,92,10,1.0,10,60.0,10,,,0.0,10,6.0,,,10.0,5.5,,,10.0,5.9,10.0,8.1,10,8.0,10.0,1311.0,10.0
2008-02-29T14:00+00:00,5805,,,95.0,10.0,110.0,10.0,1.3,10.0,3.8,10.0,988.4,10.0,,,92,10,0.4,10,34.0,10,,,0.0,10,6.2,,,10.0,5.6,,,10.0,5.9,10.0,8.0,10,8.1,10.0,1449.0,10.0
2008-02-29T15:00+00:00,5805,,,98.0,10.0,44.0,10.0,1.5,10.0,3.8,10.0,987.8,10.0,,,92,10,0.0,10,0.0,10,,,0.0,10,6.3,,,10.0,5.7,,,10.0,5.8,10.0,8.0,10,7.7,10.0,1512.0,10.0
2008-02-29T16:00+00:00,5805,,,89.0,10.0,122.0,10.0,0.7,10.0,2.9,10.0,987.2,10.0,,,91,10,0.0,10,0.0,10,,,0.0,10,6.4,,,10.0,5.8,,,10.0,5.8,10.0,8.0,10,7.6,10.0,1620.0,10.0
2008-02-29T17:00+00:00,5805,,,333.0,10.0,289.0,10.0,0.6,10.0,8.7,10.0,986.5,10.0,,,78,10,0.1,10,42.0,10,,,0.0,10,6.4,,,10.0,5.9,,,10.0,5.8,10.0,11.0,10,7.5,10.0,1755.0,10.0
2008-02-29T18:00+00:00,5805,,,290.0,10.0,296.0,10.0,4.6,10.0,9.4,10.0,986.5,10.0,,,73,10,0.0,10,0.0,10,,,0.0,10,6.6,,,10.0,5.9,,,10.0,5.8,10.0,11.6,10,8.8,10.0,1810.0,10.0
2008-02-29T19:00+00:00,5805,,,288.0,10.0,299.0,10.0,4.2,10.0,10.0,10.0,986.5,10.0,,,77,10,0.0,10,9.0,10,,,0.0,10,6.7,,,10.0,6.0,,,10.0,5.8,10.0,11.2,10,9.1,10.0,1909.0,10.0
2008-02-29T20:00+00:00,5805,,,290.0,10.0,294.0,10.0,3.7,10.0,9.4,10.0,985.9,10.0,,,80,10,0.1,10,15.0,10,,,0.0,10,6.8,,,10.0,6.1,,,10.0,5.8,10.0,10.8,10,9.0,10.0,2037.0,10.0
2008-02-29T21:00+00:00,5805,,,291.0,10.0,287.0,10.0,3.8,10.0,10.6,10.0,984.9,10.0,,,76,10,0.0,10,3.0,10,,,0.0,10,6.9,,,10.0,6.1,,,10.0,5.8,10.0,11.3,10,9.1,10.0,2157.0,10.0
2008-02-29T22:00+00:00,5805,,,287.0,10.0,280.0,10.0,3.6,10.0,9.1,10.0,983.7,10.0,,,77,10,0.0,10,0.0,10,,,0.0,10,6.9,,,10.0,6.2,,,10.0,5.8,10.0,10.9,10,9.7,10.0,2243.0,10.0
2008-02-29T23:00+00:00,5805,,,285.0,10.0,283.0,10.0,3.1,10.0,7.3,10.0,982.7,10.0,,,77,10,0.0,10,0.0,10,,,0.0,10,7.0,,,10.0,6.3,,,10.0,5.8,10.0,11.0,10,9.6,10.0,2327.0,10.0
2008-03-01T00:00+00:00,5805,,,344.0,10.0,285.0,10.0,0.7,10.0,3.8,10.0,980.6,10.0,,,84,10,0.0,10,0.0,10,,,0.0,10,6.9,,,10.0,6.3,,,10.0,5.8,10.0,9.7,10,7.9,10.0,100.0,10.0
2008-03-01T01:00+00:00,5805,,,14.0,10.0,359.0,10.0,0.5,10.0,2.9,10.0,978.9,10.0,,,90,10,0.0,10,2.0,10,,,0.0,10,6.8,,,10.0,6.3,,,10.0,5.9,10.0,8.4,10,6.8,10.0,115.0,10.0
2008-03-01T02:00+00:00,5805,,,297.0,10.0,283.0,10.0,2.6,10.0,13.7,10.0,977.0,10.0,,,57,10,0.0,10,0.0,10,,,0.0,10,6.9,,,10.0,6.3,,,10.0,5.9,10.0,12.9,10,7.0,10.0,253.0,10.0
2008-03-01T03:00+00:00,5805,,,266.0,10.0,241.0,10.0,4.2,10.0,13.9,10.0,975.8,10.0,,,60,10,0.0,10,1.0,10,,,0.0,10,7.0,,,10.0,6.4,,,10.0,5.9,10.0,12.5,10,11.2,10.0,326.0,10.0
2008-03-01T04:00+00:00,5805,,,269.0,10.0,274.0,10.0,3.7,10.0,11.8,10.0,974.5,10.0,,,58,10,0.0,10,3.0,10,,,0.0,10,7.1,,,10.0,6.4,,,10.0,5.9,10.0,12.6,10,11.2,10.0,450.0,10.0
2008-03-01T05:00+00:00,5805,,,278.0,10.0,290.0,10.0,3.9,10.0,11.9,10.0,972.8,10.0,,,60,10,0.0,10,0.0,10,,,0.0,10,7.2,,,10.0,6.4,,,10.0,5.9,10.0,12.2,10,11.0,10.0,510.0,10.0
2008-03-01T06:00+00:00,5805,,,288.0,10.0,279.0,10.0,3.8,10.0,9.9,10.0,971.0,10.0,,,66,10,0.0,10,0.0,10,,,0.0,10,7.2,,,10.0,6.5,,,10.0,5.9,10.0,11.4,10,10.3,10.0,700.0,10.0
2008-03-01T07:00+00:00,5805,,,285.0,10.0,289.0,10.0,2.1,10.0,8.6,10.0,969.1,10.0,,,66,10,0.0,10,0.0,10,,,0.0,10,7.2,,,10.0,6.5,,,10.0,5.9,10.0,11.4,10,9.9,10.0,703.0,10.0
2008-03-01T08:00+00:00,5805,,,290.0,10.0,271.0,10.0,2.5,10.0,6.4,10.0,968.0,10.0,,,63,10,0.0,10,0.0,10,,,0.0,10,7.3,,,10.0,6.5,,,10.0,5.9,10.0,12.2,10,10.1,10.0,819.0,10.0
2008-03-01T09:00+00:00,5805,,,284.0,10.0,309.0,10.0,5.5,10.0,17.6,10.0,966.7,10.0,,,64,10,0.0,10,0.0,10,,,0.0,10,7.4,,,10.0,6.6,,,10.0,6.0,10.0,12.6,10,11.8,10.0,945.0,10.0
2008-03-01T10:00+00:00,5805,,,281.0,10.0,290.0,10.0,7.6,10.0,20.6,10.0,964.3,10.0,,,59,10,0.0,10,0.0,10,,,0.4,10,7.7,,,10.0,6.6,,,10.0,6.0,10.0,14.9,10,12.0,10.0,1047.0,10.0
2008-03-01T11:00+00:00,5805,,,287.0,10.0,289.0,10.0,8.5,10.0,20.9,10.0,963.5,10.0,,,57,10,0.0,10,2.0,10,,,0.6,10,8.3,,,10.0,6.7,,,10.0,6.0,10.0,14.9,10,15.1,10.0,1132.0,10.0
2008-03-01T12:00+00:00,5805,,,299.0,10.0,323.0,10.0,6.2,10.0,18.7,10.0,970.7,10.0,,,87,10,3.7,10,49.0,10,,,0.0,10,7.6,,,10.0,6.8,,,10.0,6.0,10.0,5.6,10,3.5,10.0,1208.0,10.0
2008-03-01T13:00+00:00,5805,,,282.0,10.0,250.0,10.0,5.6,10.0,14.3,10.0,971.2,10.0,,,73,10,0.0,10,1.0,10,,,0.0,10,7.3,,,10.0,6.8,,,10.0,6.0,10.0,7.7,10,4.7,10.0,1354.0,10.0
2008-03-01T14:00+00:00,5805,,,285.0,10.0,242.0,10.0,7.6,10.0,16.1,10.0,972.2,10.0,,,69,10,0.0,10,1.0,10,,,0.1,10,7.2,,,10.0,6.8,,,10.0,6.0,10.0,7.1,10,6.2,10.0,1454.0,10.0
2008-03-01T15:00+00:00,5805,,,280.0,10.0,295.0,10.0,7.0,10.0,16.5,10.0,972.6,10.0,,,72,10,0.0,10,23.0,10,,,0.0,10,7.0,,,10.0,6.8,,,10.0,6.0,10.0,6.5,10,5.0,10.0,1501.0,10.0
2008-03-01T16:00+00:00,5805,,,277.0,10.0,287.0,10.0,6.1,10.0,17.3,10.0,972.1,10.0,,,70,10,0.1,10,24.0,10,,,0.0,10,6.8,,,10.0,6.8,,,10.0,6.1,10.0,6.8,10,4.7,10.0,1651.0,10.0
2008-03-01T17:00+00:00,5805,,,282.0,10.0,298.0,10.0,5.7,10.0,14.3,10.0,972.2,10.0,,,67,10,0.0,10,0.0,10,,,0.3,10,6.7,,,10.0,6.7,,,10.0,6.1,10.0,7.4,10,5.8,10.0,1705.0,10.0
2008-03-01T18:00+00:00,5805,,,289.0,10.0,270.0,10.0,6.7,10.0,16.4,10.0,972.9,10.0,,,64,10,0.0,10,0.0,10,,,0.0,10,6.6,,,10.0,6.6,,,10.0,6.1,10.0,8.2,10,6.4,10.0,1819.0,10.0
2008-03-01T19:00+00:00,5805,,,289.0,10.0,297.0,10.0,6.6,10.0,13.6,10.0,973.9,10.0,,,62,10,0.0,10,1.0,10,,,0.0,10,6.6,,,10.0,6.6,,,10.0,6.1,10.0,8.7,10,7.3,10.0,1950.0,10.0
2008-03-01T20:00+00:00,5805,,,291.0,10.0,283.0,10.0,7.6,10.0,19.0,10.0,975.2,10.0,,,52,10,0.0,10,0.0,10,,,0.0,10,6.5,,,10.0,6.5,,,10.0,6.1,10.0,9.1,10,7.6,10.0,2031.0,10.0
2008-03-01T21:00+00:00,5805,,,292.0,10.0,291.0,10.0,6.9,10.0,16.3,10.0,976.9,10.0,,,53,10,0.0,10,0.0,10,,,0.0,10,6.4,,,10.0,6.5,,,10.0,6.1,10.0,8.9,10,7.3,10.0,2116.0,10.0
2008-03-01T22:00+00:00,5805,,,293.0,10.0,302.0,10.0,5.8,10.0,12.6,10.0,977.3,10.0,,,53,10,0.0,10,0.0,10,,,0.0,10,6.4,,,10.0,6.5,,,10.0,6.2,10.0,8.7,10,7.7,10.0,2247.0,10.0
2008-03-01T23:00+00:00,5805,,,293.0,10.0,278.0,10.0,4.9,10.0,12.5,10.0,977.3,10.0,,,51,10,0.0,10,0.0,10,,,0.0,10,6.3,,,10.0,6.4,,,10.0,6.2,10.0,8.5,10,7.2,10.0,2305.0,10.0
2008-03-02T00:00+00:00,5805,,,295.0,10.0,294.0,10.0,4.9,10.0,12.4,10.0,977.9,10.0,,,50,10,0.0,10,0.0,10,,,0.0,10,6.2,,,10.0,6.4,,,10.0,6.2,10.0,8.3,10,7.3,10.0,56.0,10.0
2008-03-02T01:00+00:00,5805,,,292.0,10.0,290.0,10.0,4.5,10.0,10.3,10.0,977.7,10.0,,,54,10,0.0,10,0.0,10,,,0.0,10,6.2,,,10.0,6.3,,,10.0,6.2,10.0,8.0,10,7.0,10.0,114.0,10.0
2008-03-02T02:00+00:00,5805,,,294.0,10.0,317.0,10.0,4.9,10.0,12.1,10.0,977.1,10.0,,,58,10,0.0,10,0.0,10,,,0.0,10,6.1,,,10.0,6.3,,,10.0,6.2,10.0,8.0,10,7.0,10.0,254.0,10.0
2008-03-02T03:00+00:00,5805,,,299.0,10.0,270.0,10.0,3.8,10.0,12.9,10.0,977.1,10.0,,,64,10,0.0,10,18.0,10,,,0.0,10,6.1,,,10.0,6.2,,,10.0,6.2,10.0,7.5,10,5.4,10.0,313.0,10.0
2008-03-02T04:00+00:00,5805,,,304.0,10.0,303.0,10.0,3.1,10.0,8.4,10.0,977.4,10.0,,,57,10,0.0,10,0.0,10,,,0.0,10,6.1,,,10.0,6.2,,,10.0,6.2,10.0,8.3,10,6.2,10.0,435.0,10.0
2008-03-02T05:00+00:00,5805,,,310.0,10.0,309.0,10.0,1.6,10.0,6.8,10.0,977.0,10.0,,,61,10,0.0,10,0.0,10,,,0.0,10,6.0,,,10.0,6.2,,,10.0,6.2,10.0,7.8,10,5.7,10.0,555.0,10.0
2008-03-02T06:00+00:00,5805,,,289.0,10.0,303.0,10.0,4.2,10.0,10.5,10.0,976.6,10.0,,,62,10,0.0,10,14.0,10,,,0.0,10,6.0,,,10.0,6.1,,,10.0,6.2,10.0,8.1,10,6.2,10.0,614.0,10.0
2008-03-02T07:00+00:00,5805,,,287.0,10.0,284.0,10.0,3.7,10.0,10.5,10.0,976.0,10.0,,,72,10,0.2,10,29.0,10,,,0.0,10,6.0,,,10.0,6.1,,,10.0,6.2,10.0,7.3,10,5.5,10.0,729.0,10.0
2008-03-02T08:00+00:00,5805,,,285.0,10.0,284.0,10.0,4.4,10.0,10.7,10.0,975.4,10.0,,,69,10,0.2,10,29.0,10,,,0.1,10,6.1,,,10.0,6.1,,,10.0,6.2,10.0,8.3,10,5.5,10.0,848.0,10.0
2008-03-02T09:00+00:00,5805,,,286.0,10.0,272.0,10.0,6.6,10.0,15.6,10.0,974.8,10.0,,,73,10,0.0,10,1.0,10,,,0.0,10,6.3,,,10.0,6.1,,,10.0,6.2,10.0,9.2,10,7.5,10.0,946.0,10.0
2008-03-02T10:00+00:00,5805,,,285.0,10.0,286.0,10.0,7.0,10.0,16.2,10.0,974.3,10.0,,,77,10,0.3,10,11.0,10,,,0.0,10,6.4,,,10.0,6.1,,,10.0,6.2,10.0,9.3,10,7.4,10.0,1047.0,10.0
2008-03-02T11:00+00:00,5805,,,285.0,10.0,292.0,10.0,6.7,10.0,13.5,10.0,973.8,10.0,,,75,10,0.0,10,0.0,10,,,0.1,10,6.7,,,10.0,6.2,,,10.0,6.2,10.0,10.4,10,9.1,10.0,1106.0,10.0
2008-03-02T12:00+00:00,5805,,,281.0,10.0,276.0,10.0,6.9,10.0,14.5,10.0,973.2,10.0,,,75,10,0.0,10,0.0,10,,,0.0,10,7.0,,,10.0,6.2,,,10.0,6.1,10.0,11.0,10,11.6,10.0,1217.0,10.0
2008-03-02T13:00+00:00,5805,,,283.0,10.0,294.0,10.0,7.1,10.0,13.6,10.0,972.9,10.0,,,69,10,0.0,10,2.0,10,,,0.0,10,7.3,,,10.0,6.3,,,10.0,6.1,10.0,11.8,10,11.2,10.0,1320.0,10.0
2008-03-02T14:00+00:00,5805,,,281.0,10.0,289.0,10.0,7.8,10.0,18.8,10.0,972.7,10.0,,,68,10,0.0,10,4.0,10,,,0.0,10,7.4,,,10.0,6.4,,,10.0,6.1,10.0,12.4,10,11.5,10.0,1456.0,10.0
2008-03-02T15:00+00:00,5805,,,287.0,10.0,291.0,10.0,7.2,10.0,16.9,10.0,974.0,10.0,,,67,10,0.0,10,0.0,10,,,0.0,10,7.6,,,10.0,6.5,,,10.0,6.1,10.0,12.4,10,12.3,10.0,1510.0,10.0
2008-03-02T16:00+00:00,5805,,,286.0,10.0,280.0,10.0,7.4,10.0,16.3,10.0,974.6,10.0,,,69,10,0.0,10,2.0,10,,,0.0,10,7.7,,,10.0,6.6,,,10.0,6.1,10.0,12.0,10,11.6,10.0,1607.0,10.0
2008-03-02T17:00+00:00,5805,,,291.0,10.0,297.0,10.0,6.5,10.0,13.3,10.0,976.6,10.0,,,64,10,0.0,10,0.0,10,,,0.1,10,7.7,,,10.0,6.7,,,10.0,6.1,10.0,12.3,10,11.4,10.0,1711.0,10.0
2008-03-02T18:00+00:00,5805,,,287.0,10.0,290.0,10.0,6.7,10.0,15.0,10.0,978.0,10.0,,,70,10,0.0,10,0.0,10,,,0.0,10,7.7,,,10.0,6.8,,,10.0,6.2,10.0,11.5,10,11.0,10.0,1846.0,10.0
2008-03-02T19:00+00:00,5805,,,286.0,10.0,285.0,10.0,7.3,10.0,16.2,10.0,979.3,10.0,,,68,10,0.0,10,0.0,10,,,0.0,10,7.7,,,10.0,6.8,,,10.0,6.2,10.0,11.7,10,10.9,10.0,1929.0,10.0
2008-03-02T20:00+00:00,5805,,,297.0,10.0,284.0,10.0,6.1,10.0,13.9,10.0,980.5,10.0,,,69,10,0.0,10,29.0,10,,,0.0,10,7.7,,,10.0,6.9,,,10.0,6.2,10.0,11.5,10,9.5,10.0,2100.0,10.0
2008-03-02T21:00+00:00,5805,,,297.0,10.0,258.0,10.0,5.5,10.0,15.1,10.0,981.0,10.0,,,69,10,0.8,10,42.0,10,,,0.0,10,7.6,,,10.0,6.9,,,10.0,6.2,10.0,11.3,10,8.5,10.0,2153.0,10.0
2008-03-02T22:00+00:00,5805,,,290.0,10.0,285.0,10.0,6.8,10.0,15.1,10.0,981.8,10.0,,,66,10,0.0,10,0.0,10,,,0.0,10,7.6,,,10.0,6.9,,,10.0,6.2,10.0,11.5,10,9.2,10.0,2229.0,10.0
2008-03-02T23:00+00:00,5805,,,291.0,10.0,298.0,10.0,6.3,10.0,14.4,10.0,981.6,10.0,,,66,10,0.0,10,2.0,10,,,0.0,10,7.6,,,10.0,7.0,,,10.0,6.2,10.0,11.5,10,10.1,10.0,2400.0,10.0
2008-03-03T00:00+00:00,5805,,,294.0,10.0,314.0,10.0,5.7,10.0,14.9,10.0,981.7,10.0,,,62,10,0.0,10,0.0,10,,,0.0,10,7.6,,,10.0,7.0,,,10.0,6.2,10.0,11.9,10,10.2,10.0,58.0,10.0
2008-03-03T01:00+00:00,5805,,,291.0,10.0,288.0,10.0,6.5,10.0,14.4,10.0,981.4,10.0,,,63,10,0.0,10,0.0,10,,,0.0,10,7.6,,,10.0,7.0,,,10.0,6.3,10.0,11.5,10,10.6,10.0,117.0,10.0
2008-03-03T02:00+00:00,5805,,,292.0,10.0,312.0,10.0,6.7,10.0,15.3,10.0,981.3,10.0,,,66,10,0.0,10,0.0,10,,,0.0,10,7.6,,,10.0,7.0,,,10.0,6.3,10.0,11.0,10,9.9,10.0,215.0,10.0
2008-03-03T03:00+00:00,5805,,,299.0,10.0,281.0,10.0,6.4,10.0,13.9,10.0,981.2,10.0,,,68,10,0.0,10,0.0,10,,,0.0,10,7.5,,,10.0,7.0,,,10.0,6.3,10.0,10.9,10,9.6,10.0,328.0,10.0
2008-03-03T04:00+00:00,5805,,,300.0,10.0,317.0,10.0,5.9,10.0,12.6,10.0,981.1,10.0,,,68,10,0.0,10,0.0,10,,,0.0,10,7.5,,,10.0,7.0,,,10.0,6.3,10.0,11.2,10,9.7,10.0,450.0,10.0
2008-03-03T05:00+00:00,5805,,,298.0,10.0,299.0,10.0,6.0,10.0,12.7,10.0,981.5,10.0,,,75,10,0.2,10,22.0,10,,,0.0,10,7.5,,,10.0,7.0,,,10.0,6.3,10.0,10.4,10,8.4,10.0,514.0,10.0
2008-03-03T06:00+00:00,5805,,,297.0,10.0,306.0,10.0,5.4,10.0,12.0,10.0,981.4,10.0,,,77,10,0.5,10,32.0,10,,,0.0,10,7.4,,,10.0,7.0,,,10.0,6.3,10.0,10.4,10,7.9,10.0,653.0,10.0
2008-03-03T07:00+00:00,5805,,,294.0,10.0,296.0,10.0,5.3,10.0,13.7,10.0,981.6,10.0,,,70,10,0.0,10,0.0,10,,,0.0,10,7.5,,,10.0,7.0,,,10.0,6.3,10.0,11.6,10,8.8,10.0,705.0,10.0
2008-03-03T08:00+00:00,5805,,,292.0,10.0,293.0,10.0,6.1,10.0,13.6,10.0,982.0,10.0,,,68,10,0.0,10,7.0,10,,,0.8,10,7.8,,,10.0,7.0,,,10.0,6.4,10.0,12.6,10,10.5,10.0,855.0,10.0
2008-03-03T09:00+00:00,5805,,,290.0,10.0,307.0,10.0,6.7,10.0,13.9,10.0,981.9,10.0,,,64,10,0.0,10,0.0,10,,,0.9,10,8.3,,,10.0,7.1,,,10.0,6.4,10.0,13.4,10,14.2,10.0,912.0,10.0
2008-03-03T10:00+00:00,5805,,,296.0,10.0,286.0,10.0,6.7,10.0,14.1,10.0,981.5,10.0,,,61,10,0.0,10,0.0,10,,,1.0,10,8.8,,,10.0,7.2,,,10.0,6.4,10.0,14.8,10,16.9,10.0,1001.0,10.0
2008-03-03T11:00+00:00,5805,,,288.0,10.0,267.0,10.0,6.2,10.0,13.3,10.0,981.6,10.0,,,60,10,0.0,10,11.0,10,,,0.3,10,9.1,,,10.0,7.3,,,10.0,6.4,10.0,13.7,10,14.9,10.0,1107.0,10.0
2008-03-03T12:00+00:00,5805,,,288.0,10.0,289.0,10.0,6.7,10.0,17.8,10.0,980.9,10.0,,,58,10,0.0,10,1.0,10,,,0.9,10,9.6,,,10.0,7.5,,,10.0,6.4,10.0,15.4,10,15.2,10.0,1220.0,10.0
2008-03-03T13:00+00:00,5805,,,287.0,10.0,290.0,10.0,7.2,10.0,18.2,10.0,980.1,10.0,,,58,10,0.0,10,0.0,10,,,0.6,10,9.8,,,10.0,7.7,,,10.0,6.4,10.0,14.4,10,15.4,10.0,1353.0,10.0
2008-03-03T14:00+00:00,5805,,,291.0,10.0,297.0,10.0,6.8,10.0,14.6,10.0,979.6,10.0,,,54,10,0.0,10,0.0,10,,,0.8,10,10.2,,,10.0,7.9,,,10.0,6.4,10.0,15.0,10,16.4,10.0,1423.0,10.0
2008-03-03T15:00+00:00,5805,,,287.0,10.0,291.0,10.0,6.2,10.0,13.5,10.0,979.0,10.0,,,51,10,0.0,10,0.0,10,,,0.5,10,10.2,,,10.0,8.1,,,10.0,6.5,10.0,15.5,10,15.4,10.0,1553.0,10.0
2008-03-03T16:00+00:00,5805,,,292.0,10.0,304.0,10.0,4.6,10.0,11.5,10.0,978.8,10.0,,,53,10,0.0,10,0.0,10,,,1.0,10,10.1,,,10.0,8.2,,,10.0,6.5,10.0,14.9,10,13.8,10.0,1634.0,10.0
2008-03-03T17:00+00:00,5805,,,285.0,10.0,284.0,10.0,3.4,10.0,9.4,10.0,978.8,10.0,,,55,10,0.0,10,0.0,10,,,0.4,10,9.8,,,10.0,8.3,,,10.0,6.5,10.0,14.0,10,11.4,10.0,1800.0,10.0
2008-03-03T18:00+00:00,5805,,,288.0,10.0,288.0,10.0,2.6,10.0,5.8,10.0,978.8,10.0,,,56,10,0.0,10,0.0,10,,,0.0,10,9.5,,,10.0,8.3,,,10.0,6.6,10.0,13.6,10,11.0,10.0,1826.0,10.0
2008-03-03T19:00+00:00,5805,,,293.0,10.0,269.0,10.0,1.9,10.0,6.6,10.0,978.5,10.0,,,57,10,0.0,10,0.0,10,,,0.0,10,9.3,,,10.0,8.3,,,10.0,6.6,10.0,13.2,10,11.0,10.0,1906.0,10.0
2008-03-03T20:00+00:00,5805,,,317.0,10.0,307.0,10.0,1.8,10.0,6.0,10.0,979.0,10.0,,,64,10,0.0,10,0.0,10,,,0.0,10,9.1,,,10.0,8.3,,,10.0,6.6,10.0,12.0,10,10.4,10.0,2044.0,10.0
2008-03-03T21:00+00:00,5805,,,313.0,10.0,295.0,10.0,3.2,10.0,10.7,10.0,980.5,10.0,,,82,10,0.4,10,23.0,10,,,0.0,10,8.9,,,10.0,8.3,,,10.0,6.7,10.0,8.4,10,7.0,10.0,2133.0,10.0
2008-03-03T22:00+00:00,5805,,,303.0,10.0,313.0,10.0,4.1,10.0,10.4,10.0,982.3,10.0,,,88,10,1.4,10,57.0,10,,,0.0,10,8.5,,,10.0,8.2,,,10.0,6.7,10.0,6.4,10,5.4,10.0,2236.0,10.0
2008-03-03T23:00+00:00,5805,,,298.0,10.0,313.0,10.0,3.8,10.0,9.1,10.0,982.4,10.0,,,90,10,1.2,10,55.0,10,,,0.0,10,8.1,,,10.0,8.1,,,10.0,6.7,10.0,6.0,10,4.8,10.0,2311.0,10.0
2008-03-04T00:00+00:00,5805,,,289.0,10.0,284.0,10.0,4.6,10.0,12.2,10.0,982.3,10.0,,,85,10,0.2,10,34.0,10,,,0.0,10,7.8,,,10.0,8.0,,,10.0,6.8,10.0,5.7,10,4.5,10.0,19.0,10.0
2008-03-04T01:00+00:00,5805,,,294.0,10.0,322.0,10.0,4.8,10.0,11.0,10.0,983.0,10.0,,,81,10,0.0,10,16.0,10,,,0.0,10,7.6,,,10.0,7.9,,,10.0,6.8,10.0,5.9,10,4.4,10.0,153.0,10.0
2008-03-04T02:00+00:00,5805,,,301.0,10.0,292.0,10.0,5.2,10.0,12.2,10.0,983.5,10.0,,,82,10,0.3,10,28.0,10,,,0.0,10,7.3,,,10.0,7.8,,,10.0,6.8,10.0,4.2,10,3.0,10.0,215.0,10.0
2008-03-04T03:00+00:00,5805,,,306.0,10.0,355.0,10.0,2.7,10.0,7.8,10.0,983.5,10.0,,,80,10,0.0,10,2.0,10,,,0.0,10,7.0,,,10.0,7.6,,,10.0,6.9,10.0,4.1,10,2.9,10.0,320.0,10.0
2008-03-04T04:00+00:00,5805,,,297.0,10.0,314.0,10.0,2.1,10.0,5.1,10.0,984.5,10.0,,,80,10,0.0,10,0.0,10,,,0.0,10,6.8,,,10.0,7.5,,,10.0,6.9,10.0,4.2,10,2.9,10.0,402.0,10.0
2008-03-04T05:00+00:00,5805,,,304.0,10.0,302.0,10.0,2.1,10.0,6.8,10.0,984.5,10.0,,,76,10,0.0,10,0.0,10,,,0.0,10,6.7,,,10.0,7.4,,,10.0,6.9,10.0,4.3,10,2.9,10.0,557.0,10.0
2008-03-04T06:00+00:00,5805,,,300.0,10.0,301.0,10.0,3.3,10.0,8.7,10.0,985.0,10.0,,,68,10,0.0,10,0.0,10,,,0.0,10,6.5,,,10.0,7.3,,,10.0,6.9,10.0,4.2,10,2.6,10.0,626.0,10.0
2008-03-04T07:00+00:00,5805,,,306.0,10.0,326.0,10.0,2.6,10.0,6.4,10.0,985.1,10.0,,,70,10,0.0,10,0.0,10,,,0.0,10,6.3,,,10.0,7.1,,,10.0,6.9,10.0,4.0,10,2.7,10.0,734.0,10.0
2008-03-04T08:00+00:00,5805,,,298.0,10.0,287.0,10.0,3.2,10.0,6.8,10.0,986.2,10.0,,,62,10,0.0,10,0.0,10,,,0.0,10,6.2,,,10.0,7.0,,,10.0,6.9,10.0,4.3,10,3.4,10.0,853.0,10.0
2008-03-04T09:00+00:00,5805,,,301.0,10.0,306.0,10.0,3.5,10.0,10.1,10.0,985.9,10.0,,,64,10,0.0,10,0.0,10,,,0.0,10,6.2,,,10.0,6.9,,,10.0,6.9,10.0,4.5,10,4.2,10.0,954.0,10.0
2008-03-04T10:00+00:00,5805,,,294.0,10.0,322.0,10.0,3.6,10.0,9.5,10.0,986.2,10.0,,,55,10,0.0,10,0.0,10,,,0.0,10,6.2,,,10.0,6.9,,,10.0,6.9,10.0,4.9,10,4.9,10.0,1009.0,10.0
2008-03-04T11:00+00:00,5805,,,307.0,10.0,315.0,10.0,2.3,10.0,6.5,10.0,986.6,10.0,,,49,10,0.0,10,0.0,10,,,0.0,10,6.4,,,10.0,6.8,,,10.0,6.9,10.0,5.4,10,5.9,10.0,1125.0,10.0
2008-03-04T12:00+00:00,5805,,,306.0,10.0,2.0,10.0,2.2,10.0,6.1,10.0,986.1,10.0,,,46,10,0.0,10,0.0,10,,,0.0,10,6.5,,,10.0,6.8,,,10.0,6.9,10.0,5.5,10,6.5,10.0,1213.0,10.0
2008-03-04T13:00+00:00,5805,,,303.0,10.0,290.0,10.0,2.3,10.0,5.7,10.0,985.6,10.0,,,45,10,0.0,10,0.0,10,,,0.0,10,6.6,,,10.0,6.8,,,10.0,6.9,10.0,5.7,10,6.9,10.0,1303.0,10.0
2008-03-04T14:00+00:00,5805,,,319.0,10.0,354.0,10.0,1.8,10.0,6.4,10.0,985.8,10.0,,,44,10,0.0,10,0.0,10,,,0.0,10,6.6,,,10.0,6.8,,,10.0,6.9,10.0,5.6,10,6.1,10.0,1411.0,10.0
2008-03-04T15:00+00:00,5805,,,320.0,10.0,321.0,10.0,1.8,10.0,5.0,10.0,985.8,10.0,,,45,10,0.0,10,0.0,10,,,0.0,10,6.5,,,10.0,6.8,,,10.0,6.9,10.0,5.5,10,5.3,10.0,1507.0,10.0
2008-03-04T16:00+00:00,5805,,,308.0,10.0,305.0,10.0,1.4,10.0,4.8,10.0,985.8,10.0,,,46,10,0.0,10,0.0,10,,,0.0,10,6.4,,,10.0,6.7,,,10.0,6.8,10.0,5.2,10,4.5,10.0,1606.0,10.0
2008-03-04T17:00+00:00,5805,,,322.0,10.0,334.0,10.0,0.9,10.0,3.3,10.0,986.2,10.0,,,52,10,0.0,10,0.0,10,,,0.0,10,6.2,,,10.0,6.7,,,10.0,6.8,10.0,4.2,10,2.5,10.0,1800.0,10.0
2008-03-04T18:00+00:00,5805,,,6.0,10.0,358.0,10.0,0.5,10.0,1.7,10.0,987.0,10.0,,,60,10,0.0,10,0.0,10,,,0.0,10,6.0,,,10.0,6.6,,,10.0,6.8,10.0,3.2,10,0.8,10.0,1846.0,10.0
2008-03-04T19:00+00:00,5805,,,357.0,10.0,355.0,10.0,0.9,10.0,2.2,10.0,987.2,10.0,,,71,10,0.0,10,0.0,10,,,0.0,10,5.7,,,10.0,6.6,,,10.0,6.8,10.0,2.2,10,-0.1,10.0,1953.0,10.0
2008-03-04T20:00+00:00,5805,,,19.0,10.0,5.0,10.0,0.6,10.0,2.5,10.0,987.7,10.0,,,73,10,0.0,10,0.0,10,,,0.0,10,5.5,,,10.0,6.5,,,10.0,6.8,10.0,1.8,10,-0.6,10.0,2058.0,10.0
2008-03-04T21:00+00:00,5805,,,6.0,10.0,359.0,10.0,0.8,10.0,2.8,10.0,987.9,10.0,,,78,10,0.0,10,0.0,10,,,0.0,10,5.4,,,10.0,6.4,,,10.0,6.8,10.0,1.3,10,-0.5,10.0,2117.0,10.0
2008-03-04T22:00+00:00,5805,,,331.0,10.0,345.0,10.0,0.7,10.0,2.7,10.0,987.9,10.0,,,80,10,0.0,10,0.0,10,,,0.0,10,5.2,,,10.0,6.3,,,10.0,6.8,10.0,1.2,10,-0.9,10.0,2219.0,10.0
2008-03-04T23:00+00:00,5805,,,324.0,10.0,327.0,10.0,0.9,10.0,3.4,10.0,988.2,10.0,,,78,10,0.0,10,0.0,10,,,0.0,10,5.0,,,10.0,6.2,,,10.0,6.8,10.0,1.5,10,-0.8,10.0,2348.0,10.0
2008-03-05T00:00+00:00,5805,,,330.0,10.0,305.0,10.0,0.9,10.0,3.3,10.0,988.0,10.0,,,76,10,0.0,10,0.0,10,,,0.0,10,4.9,,,10.0,6.1,,,10.0,6.8,10.0,1.5,10,-0.1,10.0,3.0,10.0
2008-03-05T01:00+00:00,5805,,,328.0,10.0,357.0,10.0,0.8,10.0,2.7,10.0,988.1,10.0,,,81,10,0.0,10,0.0,10,,,0.0,10,4.8,,,10.0,6.0,,,10.0,6.7,10.0,1.1,10,-0.6,10.0,150.0,10.0
2008-03-05T02:00+00:00,5805,,,309.0,10.0,321.0,10.0,1.1,10.0,3.4,10.0,987.9,10.0,,,81,10,0.0,10,0.0,10,,,0.0,10,4.8,,,10.0,5.9,,,10.0,6.7,10.0,1.1,10,-0.4,10.0,256.0,10.0
2008-03-05T03:00+00:00,5805,,,308.0,10.0,335.0,10.0,1.6,10.0,3.4,10.0,988.4,10.0,,,73,10,0.0,10,0.0,10,,,0.0,10,4.7,,,10.0,5.8,,,10.0,6.7,10.0,2.0,10,0.1,10.0,339.0,10.0
2008-03-05T04:00+00:00,5805,,,317.0,10.0,311.0,10.0,1.7,10.0,3.7,10.0,989.0,10.0,,,71,10,0.0,10,0.0,10,,,0.0,10,4.6,,,10.0,5.7,,,10.0,6.7,10.0,2.5,10,1.1,10.0,451.0,10.0
2008-03-05T05:00+00:00,5805,,,313.0,10.0,320.0,10.0,2.1,10.0,5.0,10.0,989.7,10.0,,,84,10,0.0,10,21.0,10,,,0.0,10,4.6,,,10.0,5.7,,,10.0,6.7,10.0,1.7,10,1.0,10.0,521.0,10.0
2008-03-05T06:00+00:00,5805,,,309.0,10.0,312.0,10.0,2.4,10.0,4.9,10.0,990.2,10.0,,,92,10,0.1,10,49.0,10,,,0.0,10,4.5,,,10.0,5.6,,,10.0,6.6,10.0,1.0,10,0.4,10.0,651.0,10.0
2008-03-05T07:00+00:00,5805,,,316.0,10.0,290.0,10.0,1.9,10.0,6.5,10.0,991.2,10.0,,,80,10,0.2,10,41.0,10,,,0.0,10,4.5,,,10.0,5.5,,,10.0,6.6,10.0,1.6,10,0.4,10.0,743.0,10.0
2008-03-05T08:00+00:00,5805,,,312.0,10.0,318.0,10.0,2.7,10.0,7.3,10.0,991.5,10.0,,,71,10,0.0,10,0.0,10,,,0.0,10,4.5,,,10.0,5.5,,,10.0,6.6,10.0,2.3,10,1.2,10.0,822.0,10.0
2008-03-05T09:00+00:00,5805,,,324.0,10.0,347.0,10.0,2.5,10.0,8.3,10.0,992.3,10.0,,,70,10,0.0,10,1.0,10,,,0.0,10,4.6,,,10.0,5.4,,,10.0,6.5,10.0,2.5,10,2.7,10.0,947.0,10.0
2008-03-05T10:00+00:00,5805,,,331.0,10.0,322.0,10.0,1.9,10.0,6.9,10.0,993.2,10.0,,,65,10,0.0,10,9.0,10,,,0.0,10,4.6,,,10.0,5.4,,,10.0,6.5,10.0,2.7,10,1.8,10.0,1010.0,10.0
2008-03-05T11:00+00:00,5805,,,336.0,10.0,12.0,10.0,2.0,10.0,7.3,10.0,994.0,10.0,,,61,10,0.0,10,2.0,10,,,0.0,10,4.6,,,10.0,5.4,,,10.0,6.5,10.0,3.2,10,2.7,10.0,1132.0,10.0
2008-03-05T12:00+00:00,5805,,,333.0,10.0,289.0,10.0,1.8,10.0,6.1,10.0,994.3,10.0,,,56,10,0.0,10,1.0,10,,,0.0,10,4.8,,,10.0,5.4,,,10.0,6.5,10.0,3.4,10,3.6,10.0,1227.0,10.0
2008-03-05T13:00+00:00,5805,,,329.0,10.0,290.0,10.0,2.5,10.0,8.8,10.0,994.7,10.0,,,54,10,0.0,10,1.0,10,,,0.0,10,4.8,,,10.0,5.4,,,10.0,6.4,10.0,3.5,10,3.6,10.0,1316.0,10.0
2008-03-05T14:00+00:00,5805,,,313.0,10.0,307.0,10.0,3.4,10.0,10.6,10.0,995.3,10.0,,,44,10,0.0,10,0.0,10,,,0.4,10,4.9,,,10.0,5.4,,,10.0,6.4,10.0,3.8,10,4.3,10.0,1420.0,10.0
2008-03-05T15:00+00:00,5805,,,315.0,10.0,315.0,10.0,3.0,10.0,8.6,10.0,996.0,10.0,,,39,10,0.0,10,0.0,10,,,0.9,10,5.1,,,10.0,5.4,,,10.0,6.4,10.0,4.2,10,5.2,10.0,1512.0,10.0
2008-03-05T16:00+00:00,5805,,,316.0,10.0,353.0,10.0,3.1,10.0,11.2,10.0,996.8,10.0,,,41,10,0.0,10,0.0,10,,,1.0,10,5.0,,,10.0,5.4,,,10.0,6.3,10.0,3.2,10,2.7,10.0,1617.0,10.0
2008-03-05T17:00+00:00,5805,,,320.0,10.0,327.0,10.0,2.3,10.0,8.8,10.0,997.8,10.0,,,42,10,0.0,10,0.0,10,,,0.4,10,4.6,,,10.0,5.4,,,10.0,6.3,10.0,2.1,10,0.4,10.0,1703.0,10.0
2008-03-05T18:00+00:00,5805,,,317.0,10.0,319.0,10.0,2.1,10.0,6.4,10.0,998.7,10.0,,,43,10,0.0,10,0.0,10,,,0.0,10,4.3,,,10.0,5.3,,,10.0,6.3,10.0,1.3,10,-1.1,10.0,1824.0,10.0
2008-03-05T19:00+00:00,5805,,,322.0,10.0,299.0,10.0,1.9,10.0,4.7,10.0,999.4,10.0,,,46,10,0.0,10,0.0,10,,,0.0,10,4.0,,,10.0,5.2,,,10.0,6.3,10.0,0.6,10,-2.4,10.0,1929.0,10.0
2008-03-05T20:00+00:00,5805,,,321.0,10.0,320.0,10.0,2.3,10.0,6.7,10.0,1000.5,10.0,,,49,10,0.0,10,0.0,10,,,0.0,10,3.7,,,10.0,5.1,,,10.0,6.3,10.0,0.2,10,-2.0,10.0,2023.0,10.0
2008-03-05T21:00+00:00,5805,,,329.0,10.0,303.0,10.0,2.1,10.0,4.2,10.0,1001.1,10.0,,,54,10,0.0,10,0.0,10,,,0.0,10,3.5,,,10.0,5.0,,,10.0,6.3,10.0,-0.6,10,-3.5,10.0,2109.0,10.0
2008-03-05T22:00+00:00,5805,,,313.0,10.0,314.0,10.0,1.7,10.0,4.0,10.0,1001.3,10.0,,,57,10,0.0,10,0.0,10,,,0.0,10,3.3,,,10.0,4.9,,,10.0,6.2,10.0,-1.0,10,-4.3,10.0,2235.0,10.0
2008-03-05T23:00+00:00,5805,,,338.0,10.0,310.0,10.0,1.5,10.0,3.6,10.0,1001.0,10.0,,,61,10,0.0,10,0.0,10,,,0.0,10,3.1,,,10.0,4.8,,,10.0,6.2,10.0,-1.4,10,-5.4,10.0,2302.0,10.0
2008-03-06T00:00+00:00,5805,,,321.0,10.0,346.0,10.0,1.6,10.0,3.9,10.0,1001.2,10.0,,,62,10,0.0,10,0.0,10,,,0.0,10,3.0,,,10.0,4.6,,,10.0,6.2,10.0,-1.4,10,-3.7,10.0,48.0,10.0
2008-03-06T01:00+00:00,5805,,,321.0,10.0,345.0,10.0,1.7,10.0,4.9,10.0,1001.1,10.0,,,61,10,0.0,10,0.0,10,,,0.0,10,2.9,,,10.0,4.5,,,10.0,6.2,10.0,-1.2,10,-3.9,10.0,140.0,10.0
2008-03-06T02:00+00:00,5805,,,305.0,10.0,333.0,10.0,1.1,10.0,3.8,10.0,1001.1,10.0,,,64,10,0.0,10,0.0,10,,,0.0,10,2.7,,,10.0,4.4,,,10.0,6.1,10.0,-2.0,10,-6.4,10.0,259.0,10.0
2008-03-06T03:00+00:00,5805,,,316.0,10.0,329.0,10.0,1.6,10.0,3.8,10.0,1001.2,10.0,,,68,10,0.0,10,0.0,10,,,0.0,10,2.6,,,10.0,4.3,,,10.0,6.1,10.0,-2.7,10,-5.9,10.0,400.0,10.0
2008-03-06T04:00+00:00,5805,,,312.0,10.0,303.0,10.0,1.9,10.0,3.3,10.0,1001.0,10.0,,,70,10,0.0,10,0.0,10,,,0.0,10,2.4,,,10.0,4.2,,,10.0,6.1,10.0,-3.1,10,-5.8,10.0,409.0,10.0
2008-03-06T05:00+00:00,5805,,,326.0,10.0,318.0,10.0,1.3,10.0,3.0,10.0,1000.8,10.0,,,74,10,0.0,10,0.0,10,,,0.0,10,2.3,,,10.0,4.1,,,10.0,6.0,10.0,-3.7,10,-7.8,10.0,529.0,10.0
2008-03-06T06:00+00:00,5805,,,317.0,10.0,325.0,10.0,2.0,10.0,3.6,10.0,1000.7,10.0,,,72,10,0.0,10,0.0,10,,,0.0,10,2.2,,,10.0,4.0,,,10.0,6.0,10.0,-3.4,10,-7.6,10.0,656.0,10.0
2008-03-06T07:00+00:00,5805,,,311.0,10.0,318.0,10.0,1.9,10.0,3.9,10.0,1000.5,10.0,,,64,10,0.0,10,0.0,10,,,1.0,10,2.2,,,10.0,3.9,,,10.0,6.0,10.0,-1.4,10,-5.9,10.0,725.0,10.0
2008-03-06T08:00+00:00,5805,,,293.0,10.0,291.0,10.0,2.2,10.0,4.3,10.0,1000.6,10.0,,,58,10,0.0,10,0.0,10,,,1.0,10,2.6,,,10.0,3.8,,,10.0,5.9,10.0,0.9,10,1.2,10.0,855.0,10.0
2008-03-06T09:00+00:00,5805,,,308.0,10.0,308.0,10.0,2.0,10.0,4.8,10.0,1000.0,10.0,,,51,10,0.0,10,0.0,10,,,1.0,10,2.9,,,10.0,3.8,,,10.0,5.9,10.0,2.9,10,5.5,10.0,952.0,10.0
2008-03-06T10:00+00:00,5805,,,289.0,10.0,288.0,10.0,2.0,10.0,5.8,10.0,999.9,10.0,,,46,10,0.0,10,0.0,10,,,1.0,10,3.2,,,10.0,3.8,,,10.0,5.8,10.0,2.8,10,7.9,10.0,1009.0,10.0
2008-03-06T11:00+00:00,5805,,,296.0,10.0,301.0,10.0,2.5,10.0,6.5,10.0,998.8,10.0,,,43,10,0.0,10,0.0,10,,,1.0,10,3.8,,,10.0,3.8,,,10.0,5.8,10.0,4.0,10,8.8,10.0,1146.0,10.0
2008-03-06T12:00+00:00,5805,,,273.0,10.0,263.0,10.0,2.1,10.0,6.2,10.0,998.4,10.0,,,40,10,0.0,10,0.0,10,,,1.0,10,4.7,,,10.0,4.0,,,10.0,5.7,10.0,4.9,10,10.2,10.0,1222.0,10.0
2008-03-06T13:00+00:00,5805,,,265.0,10.0,257.0,10.0,1.7,10.0,6.6,10.0,997.4,10.0,,,38,10,0.0,10,0.0,10,,,1.0,10,5.4,,,10.0,4.2,,,10.0,5.7,10.0,6.1,10,11.7,10.0,1343.0,10.0
2008-03-06T14:00+00:00,5805,,,276.0,10.0,300.0,10.0,1.3,10.0,4.9,10.0,996.9,10.0,,,35,10,0.0,10,0.0,10,,,1.0,10,6.0,,,10.0,4.4,,,10.0,5.7,10.0,6.5,10,12.1,10.0,1423.0,10.0
2008-03-06T15:00+00:00,5805,,,5.0,10.0,353.0,10.0,1.0,10.0,4.2,10.0,995.9,10.0,,,32,10,0.0,10,0.0,10,,,1.0,10,6.2,,,10.0,4.7,,,10.0,5.6,10.0,6.1,10,9.1,10.0,1505.0,10.0
2008-03-06T16:00+00:00,5805,,,52.0,10.0,35.0,10.0,0.1,10.0,2.9,10.0,995.5,10.0,,,34,10,0.0,10,0.0,10,,,1.0,10,6.1,,,10.0,4.9,,,10.0,5.6,10.0,5.9,10,5.1,10.0,1614.0,10.0
2008-03-06T17:00+00:00,5805,,,120.0,10.0,140.0,10.0,1.8,10.0,4.8,10.0,995.8,10.0,,,40,10,0.0,10,0.0,10,,,0.5,10,5.6,,,10.0,5.0,,,10.0,5.6,10.0,4.1,10,2.3,10.0,1732.0,10.0
2008-03-06T18:00+00:00,5805,,,88.0,10.0,130.0,10.0,1.0,10.0,3.2,10.0,995.5,10.0,,,46,10,0.0,10,0.0,10,,,0.0,10,5.1,,,10.0,5.1,,,10.0,5.6,10.0,2.2,10,-1.1,10.0,1803.0,10.0
2008-03-06T19:00+00:00,5805,,,348.0,10.0,358.0,10.0,0.6,10.0,2.5,10.0,995.9,10.0,,,62,10,0.0,10,0.0,10,,,0.0,10,4.6,,,10.0,5.0,,,10.0,5.6,10.0,-0.4,10,-3.6,10.0,1958.0,10.0
2008-03-06T20:00+00:00,5805,,,351.0,10.0,355.0,10.0,1.0,10.0,2.9,10.0,996.5,10.0,,,69,10,0.0,10,0.0,10,,,0.0,10,4.1,,,10.0,4.9,,,10.0,5.6,10.0,-1.5,10,-4.4,10.0,2022.0,10.0
2008-03-06T21:00+00:00,5805,,,343.0,10.0,341.0,10.0,0.6,10.0,2.5,10.0,996.3,10.0,,,69,10,0.0,10,0.0,10,,,0.0,10,3.8,,,10.0,4.8,,,10.0,5.6,10.0,-1.2,10,-4.6,10.0,2123.0,10.0
2008-03-06T22:00+00:00,5805,,,348.0,10.0,332.0,10.0,0.7,10.0,2.5,10.0,996.0,10.0,,,73,10,0.0,10,0.0,10,,,0.0,10,3.6,,,10.0,4.7,,,10.0,5.6,10.0,-1.7,10,-3.9,10.0,2212.0,10.0
2008-03-06T23:00+00:00,5805,,,341.0,10.0,355.0,10.0,0.9,10.0,2.8,10.0,995.4,10.0,,,73,10,0.0,10,0.0,10,,,0.0,10,3.3,,,10.0,4.6,,,10.0,5.6,10.0,-1.9,10,-5.1,10.0,2357.0,10.0
2008-03-07T00:00+00:00,5805,,,345.0,10.0,359.0,10.0,0.8,10.0,2.6,10.0,995.0,10.0,,,77,10,0.0,10,0.0,10,,,0.0,10,3.1,,,10.0,4.5,,,10.0,5.6,10.0,-2.5,10,-5.5,10.0,100.0,10.0
2008-03-07T01:00+00:00,5805,,,353.0,10.0,348.0,10.0,0.9,10.0,2.8,10.0,994.9,10.0,,,79,10,0.0,10,0.0,10,,,0.0,10,2.9,,,10.0,4.4,,,10.0,5.6,10.0,-2.8,10,-5.5,10.0,124.0,10.0
2008-03-07T02:00+00:00,5805,,,360.0,10.0,6.0,10.0,0.9,10.0,3.0,10.0,994.5,10.0,,,82,10,0.0,10,0.0,10,,,0.0,10,2.7,,,10.0,4.2,,,10.0,5.6,10.0,-3.2,10,-5.9,10.0,253.0,10.0
2008-03-07T03:00+00:00,5805,,,343.0,10.0,345.0,10.0,1.0,10.0,2.3,10.0,994.2,10.0,,,86,10,0.0,10,0.0,10,,,0.0,10,2.6,,,10.0,4.1,,,10.0,5.6,10.0,-3.8,10,-5.9,10.0,336.0,10.0
2008-03-07T04:00+00:00,5805,,,1.0,10.0,356.0,10.0,0.9,10.0,2.1,10.0,993.6,10.0,,,85,10,0.0,10,0.0,10,,,0.0,10,2.5,,,10.0,4.0,,,10.0,5.6,10.0,-3.7,10,-5.9,10.0,418.0,10.0
2008-03-07T05:00+00:00,5805,,,353.0,10.0,359.0,10.0,0.9,10.0,2.1,10.0,993.1,10.0,,,89,10,0.0,10,0.0,10,,,0.0,10,2.3,,,10.0,3.9,,,10.0,5.5,10.0,-4.1,10,-6.2,10.0,542.0,10.0
2008-03-07T06:00+00:00,5805,,,353.0,10.0,359.0,10.0,0.9,10.0,2.1,10.0,992.8,10.0,,,89,10,0.0,10,0.0,10,,,0.0,10,2.2,,,10.0,3.8,,,10.0,5.5,10.0,-4.3,10,-6.5,10.0,647.0,10.0
2008-03-07T07:00+00:00,5805,,,340.0,10.0,5.0,10.0,0.9,10.0,2.1,10.0,992.6,10.0,,,77,10,0.0,10,0.0,10,,,0.9,10,2.3,,,10.0,3.7,,,10.0,5.5,10.0,-1.6,10,-6.0,10.0,706.0,10.0
2008-03-07T08:00+00:00,5805,,,357.0,10.0,346.0,10.0,0.3,10.0,2.3,10.0,992.1,10.0,,,60,10,0.0,10,0.0,10,,,1.0,10,2.7,,,10.0,3.7,,,10.0,5.5,10.0,2.5,10,1.1,10.0,853.0,10.0
2008-03-07T09:00+00:00,5805,,,111.0,10.0,102.0,10.0,2.4,10.0,5.4,10.0,991.5,10.0,,,46,10,0.0,10,0.0,10,,,1.0,10,3.0,,,10.0,3.6,,,10.0,5.5,10.0,4.7,10,7.0,10.0,950.0,10.0
2008-03-07T10:00+00:00,5805,,,119.0,10.0,127.0,10.0,2.8,10.0,5.7,10.0,991.0,10.0,,,42,10,0.0,10,0.0,10,,,1.0,10,3.6,,,10.0,3.7,,,10.0,5.4,10.0,6.0,10,8.9,10.0,1051.0,10.0
2008-03-07T11:00+00:00,5805,,,135.0,10.0,100.0,10.0,2.7,10.0,6.4,10.0,990.2,10.0,,,39,10,0.0,10,0.0,10,,,1.0,10,4.3,,,10.0,3.8,,,10.0,5.4,10.0,6.6,10,10.7,10.0,1156.0,10.0
2008-03-07T12:00+00:00,5805,,,129.0,10.0,126.0,10.0,2.5,10.0,5.8,10.0,989.4,10.0,,,39,10,0.0,10,0.0,10,,,1.0,10,4.9,,,10.0,3.9,,,10.0,5.4,10.0,7.5,10,10.8,10.0,1210.0,10.0
2008-03-07T13:00+00:00,5805,,,127.0,10.0,120.0,10.0,3.0,10.0,6.8,10.0,988.5,10.0,,,37,10,0.0,10,0.0,10,,,1.0,10,5.3,,,10.0,4.1,,,10.0,5.3,10.0,7.1,10,8.8,10.0,1321.0,10.0
2008-03-07T14:00+00:00,5805,,,117.0,10.0,114.0,10.0,2.9,10.0,7.7,10.0,987.6,10.0,,,39,10,0.0,10,0.0,10,,,0.8,10,5.3,,,10.0,4.3,,,10.0,5.3,10.0,7.0,10,8.1,10.0,1408.0,10.0
2008-03-07T15:00+00:00,5805,,,115.0,10.0,115.0,10.0,2.9,10.0,5.4,10.0,986.8,10.0,,,40,10,0.0,10,0.0,10,,,0.4,10,5.3,,,10.0,4.5,,,10.0,5.3,10.0,6.8,10,7.1,10.0,1539.0,10.0
2008-03-07T16:00+00:00,5805,,,113.0,10.0,110.0,10.0,2.4,10.0,5.5,10.0,986.3,10.0,,,43,10,0.0,10,0.0,10,,,0.0,10,5.2,,,10.0,4.6,,,10.0,5.3,10.0,6.4,10,5.7,10.0,1642.0,10.0
2008-03-07T17:00+00:00,5805,,,115.0,10.0,125.0,10.0,1.8,10.0,5.0,10.0,985.9,10.0,,,46,10,0.0,10,0.0,10,,,0.0,10,5.0,,,10.0,4.7,,,10.0,5.3,10.0,5.9,10,4.9,10.0,1720.0,10.0
2008-03-07T18:00+00:00,5805,,,122.0,10.0,134.0,10.0,1.3,10.0,4.5,10.0,986.1,10.0,,,50,10,0.0,10,0.0,10,,,0.0,10,4.8,,,10.0,4.7,,,10.0,5.3,10.0,4.9,10,2.5,10.0,1814.0,10.0
2008-03-07T19:00+00:00,5805,,,54.0,10.0,31.0,10.0,0.3,10.0,2.7,10.0,985.5,10.0,,,61,10,0.0,10,0.0,10,,,0.0,10,4.5,,,10.0,4.7,,,10.0,5.3,10.0,3.6,10,1.4,10.0,1917.0,10.0
2008-03-07T20:00+00:00,5805,,,285.0,10.0,340.0,10.0,0.2,10.0,1.6,10.0,985.7,10.0,,,62,10,0.0,10,0.0,10,,,0.0,10,4.5,,,10.0,4.7,,,10.0,5.3,10.0,4.0,10,3.0,10.0,2037.0,10.0
2008-03-07T21:00+00:00,5805,,,62.0,10.0,40.0,10.0,0.5,10.0,2.3,10.0,985.6,10.0,,,63,10,0.0,10,0.0,10,,,0.0,10,4.4,,,10.0,4.7,,,10.0,5.3,10.0,4.4,10,3.3,10.0,2116.0,10.0
2008-03-07T22:00+00:00,5805,,,0.0,10.0,344.0,10.0,0.0,10.0,1.3,10.0,985.3,10.0,,,65,10,0.0,10,0.0,10,,,0.0,10,4.4,,,10.0,4.6,,,10.0,5.3,10.0,4.3,10,3.5,10.0,2223.0,10.0
2008-03-07T23:00+00:00,5805,,,351.0,10.0,6.0,10.0,0.4,10.0,1.7,10.0,984.9,10.0,,,62,10,0.0,10,0.0,10,,,0.0,10,4.4,,,10.0,4.6,,,10.0,5.3,10.0,4.3,10,2.8,10.0,2308.0,10.0
2008-03-08T00:00+00:00,5805,,,76.0,10.0,50.0,10.0,0.6,10.0,2.2,10.0,984.3,10.0,,,65,10,0.0,10,0.0,10,,,0.0,10,4.4,,,10.0,4.6,,,10.0,5.3,10.0,4.2,10,3.2,10.0,34.0,10.0
2008-03-08T01:00+00:00,5805,,,318.0,10.0,336.0,10.0,0.2,10.0,1.9,10.0,983.7,10.0,,,66,10,0.0,10,0.0,10,,,0.0,10,4.4,,,10.0,4.6,,,10.0,5.3,10.0,4.1,10,3.6,10.0,144.0,10.0
2008-03-08T02:00+00:00,5805,,,31.0,10.0,306.0,10.0,0.1,10.0,2.4,10.0,983.5,10.0,,,68,10,0.0,10,0.0,10,,,0.0,10,4.4,,,10.0,4.6,,,10.0,5.3,10.0,4.0,10,3.5,10.0,259.0,10.0
2008-03-08T03:00+00:00,5805,,,298.0,10.0,284.0,10.0,2.5,10.0,7.5,10.0,983.7,10.0,,,62,10,0.0,10,0.0,10,,,0.0,10,4.4,,,10.0,4.6,,,10.0,5.3,10.0,4.2,10,3.5,10.0,344.0,10.0
2008-03-08T04:00+00:00,5805,,,300.0,10.0,286.0,10.0,2.7,10.0,7.8,10.0,983.6,10.0,,,61,10,0.0,10,0.0,10,,,0.0,10,4.3,,,10.0,4.6,,,10.0,5.3,10.0,4.4,10,3.5,10.0,458.0,10.0
2008-03-08T05:00+00:00,5805,,,299.0,10.0,308.0,10.0,4.3,10.0,10.8,10.0,983.3,10.0,,,60,10,0.0,10,0.0,10,,,0.0,10,4.3,,,10.0,4.6,,,10.0,5.3,10.0,4.5,10,4.0,10.0,523.0,10.0
2008-03-08T06:00+00:00,5805,,,298.0,10.0,320.0,10.0,4.2,10.0,9.4,10.0,983.7,10.0,,,59,10,0.0,10,0.0,10,,,0.0,10,4.2,,,10.0,4.6,,,10.0,5.3,10.0,4.4,10,4.1,10.0,621.0,10.0
2008-03-08T07:00+00:00,5805,,,295.0,10.0,307.0,10.0,4.5,10.0,11.3,10.0,983.8,10.0,,,58,10,0.0,10,0.0,10,,,0.0,10,4.2,,,10.0,4.6,,,10.0,5.3,10.0,4.9,10,4.0,10.0,740.0,10.0
2008-03-08T08:00+00:00,5805,,,294.0,10.0,281.0,10.0,5.2,10.0,10.5,10.0,983.9,10.0,,,57,10,0.0,10,0.0,10,,,0.0,10,4.4,,,10.0,4.6,,,10.0,5.3,10.0,5.6,10,5.1,10.0,809.0,10.0
2008-03-08T09:00+00:00,5805,,,299.0,10.0,293.0,10.0,4.7,10.0,10.2,10.0,983.8,10.0,,,58,10,0.0,10,0.0,10,,,0.0,10,4.5,,,10.0,4.6,,,10.0,5.3,10.0,5.8,10,6.4,10.0,915.0,10.0
2008-03-08T10:00+00:00,5805,,,292.0,10.0,266.0,10.0,5.1,10.0,13.2,10.0,983.4,10.0,,,59,10,0.0,10,0.0,10,,,0.0,10,4.7,,,10.0,4.6,,,10.0,5.3,10.0,6.5,10,6.6,10.0,1046.0,10.0
2008-03-08T11:00+00:00,5805,,,290.0,10.0,290.0,10.0,6.6,10.0,14.3,10.0,983.4,10.0,,,61,10,0.0,10,0.0,10,,,0.0,10,5.0,,,10.0,4.7,,,10.0,5.3,10.0,6.4,10,7.9,10.0,1102.0,10.0
2008-03-08T12:00+00:00,5805,,,290.0,10.0,314.0,10.0,5.8,10.0,11.5,10.0,982.9,10.0,,,63,10,0.0,10,0.0,10,,,0.0,10,5.1,,,10.0,4.7,,,10.0,5.3,10.0,6.8,10,7.6,10.0,1224.0,10.0
2008-03-08T13:00+00:00,5805,,,284.0,10.0,294.0,10.0,7.0,10.0,14.9,10.0,982.7,10.0,,,63,10,0.0,10,0.0,10,,,0.8,10,5.5,,,10.0,4.8,,,10.0,5.3,10.0,7.9,10,8.9,10.0,1332.0,10.0
2008-03-08T14:00+00:00,5805,,,285.0,10.0,292.0,10.0,6.9,10.0,16.3,10.0,982.5,10.0,,,66,10,0.0,10,0.0,10,,,0.2,10,5.8,,,10.0,4.9,,,10.0,5.3,10.0,6.8,10,8.0,10.0,1440.0,10.0
2008-03-08T15:00+00:00,5805,,,286.0,10.0,293.0,10.0,7.1,10.0,15.4,10.0,982.8,10.0,,,70,10,0.0,10,0.0,10,,,0.0,10,5.7,,,10.0,5.1,,,10.0,5.3,10.0,6.1,10,6.5,10.0,1502.0,10.0
2008-03-08T16:00+00:00,5805,,,284.0,10.0,282.0,10.0,6.6,10.0,15.1,10.0,983.0,10.0,,,73,10,0.0,10,0.0,10,,,0.0,10,5.6,,,10.0,5.1,,,10.0,5.3,10.0,5.8,10,5.7,10.0,1645.0,10.0
2008-03-08T17:00+00:00,5805,,,286.0,10.0,304.0,10.0,6.2,10.0,13.3,10.0,983.6,10.0,,,76,10,0.0,10,0.0,10,,,0.0,10,5.4,,,10.0,5.2,,,10.0,5.3,10.0,5.4,10,4.4,10.0,1726.0,10.0
2008-03-08T18:00+00:00,5805,,,287.0,10.0,294.0,10.0,5.0,10.0,11.9,10.0,984.2,10.0,,,78,10,0.0,10,0.0,10,,,0.0,10,5.2,,,10.0,5.2,,,10.0,5.3,10.0,5.2,10,3.9,10.0,1841.0,10.0
2008-03-08T19:00+00:00,5805,,,289.0,10.0,286.0,10.0,5.0,10.0,11.6,10.0,984.3,10.0,,,79,10,0.0,10,0.0,10,,,0.0,10,5.1,,,10.0,5.2,,,10.0,5.3,10.0,5.3,10,4.0,10.0,1904.0,10.0
2008-03-08T20:00+00:00,5805,,,291.0,10.0,267.0,10.0,3.5,10.0,8.3,10.0,984.6,10.0,,,78,10,0.0,10,0.0,10,,,0.0,10,5.0,,,10.0,5.2,,,10.0,5.4,10.0,5.2,10,3.4,10.0,2007.0,10.0
2008-03-08T21:00+00:00,5805,,,286.0,10.0,303.0,10.0,2.8,10.0,6.5,10.0,984.6,10.0,,,79,10,0.0,10,0.0,10,,,0.0,10,4.8,,,10.0,5.1,,,10.0,5.4,10.0,5.3,10,2.6,10.0,2151.0,10.0
2008-03-08T22:00+00:00,5805,,,292.0,10.0,293.0,10.0,2.8,10.0,8.3,10.0,984.7,10.0,,,77,10,0.0,10,0.0,10,,,0.0,10,4.8,,,10.0,5.1,,,10.0,5.4,10.0,5.5,10,3.5,10.0,2219.0,10.0
2008-03-08T23:00+00:00,5805,,,317.0,10.0,312.0,10.0,1.3,10.0,4.1,10.0,984.5,10.0,,,79,10,0.0,10,0.0,10,,,0.0,10,4.7,,,10.0,5.0,,,10.0,5.4,10.0,4.8,10,1.9,10.0,2320.0,10.0
2008-03-09T00:00+00:00,5805,,,330.0,10.0,334.0,10.0,1.4,10.0,3.8,10.0,984.5,10.0,,,83,10,0.0,10,0.0,10,,,0.0,10,4.5,,,10.0,5.0,,,10.0,5.4,10.0,3.8,10,0.0,10.0,21.0,10.0
2008-03-09T01:00+00:00,5805,,,349.0,10.0,357.0,10.0,1.2,10.0,3.0,10.0,984.6,10.0,,,88,10,0.0,10,0.0,10,,,0.0,10,4.3,,,10.0,4.9,,,10.0,5.4,10.0,2.5,10,-1.4,10.0,123.0,10.0
2008-03-09T02:00+00:00,5805,,,351.0,10.0,333.0,10.0,1.3,10.0,3.4,10.0,984.3,10.0,,,90,10,0.0,10,0.0,10,,,0.0,10,4.0,,,10.0,4.9,,,10.0,5.4,10.0,1.7,10,-1.8,10.0,240.0,10.0
2008-03-09T03:00+00:00,5805,,,348.0,10.0,359.0,10.0,1.3,10.0,3.1,10.0,984.3,10.0,,,92,10,0.0,10,0.0,10,,,0.0,10,3.8,,,10.0,4.8,,,10.0,5.4,10.0,0.0,10,-2.9,10.0,350.0,10.0
2008-03-09T04:00+00:00,5805,,,346.0,10.0,2.0,10.0,1.0,10.0,3.2,10.0,984.0,10.0,,,93,10,0.0,10,0.0,10,,,0.0,10,3.6,,,10.0,4.7,,,10.0,5.4,10.0,-0.6,10,-3.5,10.0,402.0,10.0
2008-03-09T05:00+00:00,5805,,,358.0,10.0,2.0,10.0,1.0,10.0,2.7,10.0,983.9,10.0,,,93,10,0.0,10,0.0,10,,,0.0,10,3.4,,,10.0,4.6,,,10.0,5.4,10.0,-0.8,10,-3.5,10.0,540.0,10.0
2008-03-09T06:00+00:00,5805,,,355.0,10.0,359.0,10.0,1.1,10.0,2.9,10.0,984.2,10.0,,,93,10,0.0,10,0.0,10,,,0.0,10,3.2,,,10.0,4.5,,,10.0,5.4,10.0,-0.4,10,-3.7,10.0,636.0,10.0
2008-03-09T07:00+00:00,5805,,,344.0,10.0,359.0,10.0,0.9,10.0,2.7,10.0,984.4,10.0,,,90,10,0.0,10,0.0,10,,,0.3,10,3.4,,,10.0,4.4,,,10.0,5.4,10.0,2.5,10,-0.9,10.0,724.0,10.0
2008-03-09T08:00+00:00,5805,,,289.0,10.0,302.0,10.0,1.2,10.0,4.8,10.0,984.3,10.0,,,66,10,0.0,10,0.0,10,,,1.0,10,4.0,,,10.0,4.3,,,10.0,5.4,10.0,7.4,10,4.6,10.0,858.0,10.0
2008-03-09T09:00+00:00,5805,,,302.0,10.0,258.0,10.0,2.8,10.0,6.1,10.0,984.1,10.0,,,59,10,0.0,10,0.0,10,,,1.0,10,4.8,,,10.0,4.4,,,10.0,5.4,10.0,8.9,10,11.8,10.0,931.0,10.0
2008-03-09T10:00+00:00,5805,,,298.0,10.0,300.0,10.0,2.7,10.0,6.1,10.0,983.6,10.0,,,55,10,0.0,10,0.0,10,,,1.0,10,5.6,,,10.0,4.5,,,10.0,5.4,10.0,10.1,10,12.6,10.0,1004.0,10.0
2008-03-09T11:00+00:00,5805,,,305.0,10.0,317.0,10.0,2.0,10.0,5.0,10.0,982.8,10.0,,,49,10,0.0,10,0.0,10,,,1.0,10,6.4,,,10.0,4.7,,,10.0,5.4,10.0,10.9,10,15.6,10.0,1110.0,10.0
2008-03-09T12:00+00:00,5805,,,44.0,10.0,178.0,10.0,0.8,10.0,5.3,10.0,982.0,10.0,,,47,10,0.0,10,0.0,10,,,1.0,10,7.2,,,10.0,5.0,,,10.0,5.4,10.0,12.2,10,17.2,10.0,1242.0,10.0
2008-03-09T13:00+00:00,5805,,,113.0,10.0,133.0,10.0,2.5,10.0,6.7,10.0,981.3,10.0,,,46,10,0.0,10,0.0,10,,,1.0,10,7.8,,,10.0,5.3,,,10.0,5.4,10.0,12.5,10,16.7,10.0,1351.0,10.0
2008-03-09T14:00+00:00,5805,,,112.0,10.0,105.0,10.0,3.2,10.0,7.9,10.0,980.8,10.0,,,48,10,0.0,10,0.0,10,,,1.0,10,8.1,,,10.0,5.6,,,10.0,5.3,10.0,12.4,10,16.0,10.0,1407.0,10.0
2008-03-09T15:00+00:00,5805,,,112.0,10.0,104.0,10.0,3.1,10.0,9.7,10.0,980.4,10.0,,,49,10,0.0,10,0.0,10,,,1.0,10,8.3,,,10.0,5.9,,,10.0,5.3,10.0,12.3,10,14.5,10.0,1514.0,10.0
2008-03-09T16:00+00:00,5805,,,119.0,10.0,127.0,10.0,3.3,10.0,8.1,10.0,980.1,10.0,,,51,10,0.0,10,0.0,10,,,1.0,10,8.1,,,10.0,6.1,,,10.0,5.4,10.0,11.7,10,11.1,10.0,1634.0,10.0
2008-03-09T17:00+00:00,5805,,,111.0,10.0,96.0,10.0,2.6,10.0,7.2,10.0,980.0,10.0,,,56,10,0.0,10,0.0,10,,,0.4,10,7.7,,,10.0,6.2,,,10.0,5.4,10.0,10.3,10,8.9,10.0,1702.0,10.0
2008-03-09T18:00+00:00,5805,,,111.0,10.0,143.0,10.0,3.1,10.0,7.4,10.0,980.3,10.0,,,64,10,0.0,10,0.0,10,,,0.0,10,7.4,,,10.0,6.3,,,10.0,5.4,10.0,9.4,10,7.9,10.0,1822.0,10.0
2008-03-09T19:00+00:00,5805,,,101.0,10.0,105.0,10.0,2.4,10.0,6.5,10.0,980.5,10.0,,,69,10,0.0,10,0.0,10,,,0.0,10,7.0,,,10.0,6.3,,,10.0,5.4,10.0,8.5,10,6.2,10.0,1908.0,10.0
2008-03-09T20:00+00:00,5805,,,106.0,10.0,121.0,10.0,1.1,10.0,3.6,10.0,980.6,10.0,,,77,10,0.0,10,0.0,10,,,0.0,10,6.7,,,10.0,6.3,,,10.0,5.5,10.0,7.2,10,3.9,10.0,2100.0,10.0
2008-03-09T21:00+00:00,5805,,,13.0,10.0,359.0,10.0,0.9,10.0,4.7,10.0,980.7,10.0,,,81,10,0.0,10,0.0,10,,,0.0,10,6.4,,,10.0,6.2,,,10.0,5.5,10.0,6.6,10,2.8,10.0,2123.0,10.0
2008-03-09T22:00+00:00,5805,,,88.0,10.0,35.0,10.0,1.5,10.0,3.4,10.0,980.6,10.0,,,86,10,0.0,10,0.0,10,,,0.0,10,6.0,,,10.0,6.2,,,10.0,5.5,10.0,5.5,10,1.3,10.0,2206.0,10.0
2008-03-09T23:00+00:00,5805,,,32.0,10.0,119.0,10.0,0.1,10.0,2.6,10.0,980.4,10.0,,,91,10,0.0,10,0.0,10,,,0.0,10,5.6,,,10.0,6.1,,,10.0,5.6,10.0,2.2,10,-0.9,10.0,2302.0,10.0
2008-03-10T00:00+00:00,5805,,,329.0,10.0,351.0,10.0,0.7,10.0,2.3,10.0,980.3,10.0,,,91,10,0.0,10,0.0,10,,,0.0,10,5.3,,,10.0,5.9,,,10.0,5.6,10.0,1.1,10,-2.2,10.0,57.0,10.0
2008-03-10T01:00+00:00,5805,,,352.0,10.0,351.0,10.0,0.8,10.0,2.4,10.0,980.0,10.0,,,92,10,0.0,10,0.0,10,,,0.0,10,4.9,,,10.0,5.8,,,10.0,5.6,10.0,0.1,10,-2.9,10.0,101.0,10.0
2008-03-10T02:00+00:00,5805,,,350.0,10.0,315.0,10.0,0.8,10.0,3.7,10.0,980.0,10.0,,,93,10,0.0,10,0.0,10,,,0.0,10,4.6,,,10.0,5.7,,,10.0,5.7,10.0,-0.1,10,-2.9,10.0,210.0,10.0
2008-03-10T03:00+00:00,5805,,,352.0,10.0,4.0,10.0,1.0,10.0,2.8,10.0,980.1,10.0,,,93,10,0.0,10,0.0,10,,,0.0,10,4.4,,,10.0,5.5,,,10.0,5.7,10.0,-0.5,10,-3.3,10.0,357.0,10.0
2008-03-10T04:00+00:00,5805,,,346.0,10.0,342.0,10.0,1.2,10.0,2.8,10.0,980.1,10.0,,,93,10,0.0,10,0.0,10,,,0.0,10,4.1,,,10.0,5.4,,,10.0,5.7,10.0,-1.0,10,-3.6,10.0,451.0,10.0
2008-03-10T05:00+00:00,5805,,,350.0,10.0,12.0,10.0,0.9,10.0,2.5,10.0,980.1,10.0,,,93,10,0.0,10,0.0,10,,,0.0,10,3.9,,,10.0,5.2,,,10.0,5.7,10.0,-0.4,10,-3.8,10.0,550.0,10.0
2008-03-10T06:00+00:00,5805,,,343.0,10.0,4.0,10.0,1.0,10.0,2.9,10.0,980.3,10.0,,,93,10,0.0,10,0.0,10,,,0.0,10,3.8,,,10.0,5.1,,,10.0,5.7,10.0,-0.2,10,-1.6,10.0,618.0,10.0
2008-03-10T07:00+00:00,5805,,,322.0,10.0,338.0,10.0,0.8,10.0,2.2,10.0,980.3,10.0,,,93,10,0.0,10,0.0,10,,,0.0,10,3.9,,,10.0,5.0,,,10.0,5.7,10.0,0.5,10,-0.6,10.0,721.0,10.0
2008-03-10T08:00+00:00,5805,,,315.0,10.0,357.0,10.0,0.6,10.0,2.1,10.0,980.2,10.0,,,92,10,0.0,10,0.0,10,,,0.0,10,4.1,,,10.0,4.9,,,10.0,5.7,10.0,2.3,10,1.3,10.0,830.0,10.0
2008-03-10T09:00+00:00,5805,,,132.0,10.0,119.0,10.0,0.2,10.0,2.7,10.0,979.5,10.0,,,84,10,0.0,10,0.0,10,,,0.5,10,4.7,,,10.0,4.9,,,10.0,5.7,10.0,5.8,10,4.5,10.0,958.0,10.0
2008-03-10T10:00+00:00,5805,,,126.0,10.0,110.0,10.0,2.4,10.0,7.1,10.0,978.5,10.0,,,68,10,0.0,10,0.0,10,,,1.0,10,5.5,,,10.0,4.9,,,10.0,5.7,10.0,8.4,10,11.1,10.0,1049.0,10.0
2008-03-10T11:00+00:00,5805,,,122.0,10.0,109.0,10.0,3.3,10.0,7.5,10.0,977.9,10.0,,,65,10,0.0,10,0.0,10,,,1.0,10,6.2,,,10.0,5.1,,,10.0,5.7,10.0,9.0,10,13.0,10.0,1144.0,10.0
2008-03-10T12:00+00:00,5805,,,124.0,10.0,132.0,10.0,3.1,10.0,7.8,10.0,976.1,10.0,,,59,10,0.0,10,0.0,10,,,1.0,10,7.0,,,10.0,5.3,,,10.0,5.7,10.0,11.1,10,13.9,10.0,1216.0,10.0
2008-03-10T13:00+00:00,5805,,,119.0,10.0,137.0,10.0,3.5,10.0,8.9,10.0,975.1,10.0,,,55,10,0.0,10,0.0,10,,,1.0,10,7.7,,,10.0,5.6,,,10.0,5.6,10.0,11.7,10,16.4,10.0,1347.0,10.0
2008-03-10T14:00+00:00,5805,,,115.0,10.0,137.0,10.0,4.2,10.0,9.6,10.0,973.9,10.0,,,51,10,0.0,10,0.0,10,,,1.0,10,8.1,,,10.0,5.8,,,10.0,5.6,10.0,12.4,10,16.0,10.0,1421.0,10.0
2008-03-10T15:00+00:00,5805,,,114.0,10.0,142.0,10.0,4.1,10.0,8.4,10.0,972.1,10.0,,,51,10,0.0,10,0.0,10,,,1.0,10,8.3,,,10.0,6.1,,,10.0,5.6,10.0,13.2,10,14.9,10.0,1509.0,10.0
2008-03-10T16:00+00:00,5805,,,104.0,10.0,124.0,10.0,2.7,10.0,7.8,10.0,970.6,10.0,,,46,10,0.0,10,0.0,10,,,0.4,10,8.2,,,10.0,6.3,,,10.0,5.6,10.0,13.7,10,11.0,10.0,1601.0,10.0
2008-03-10T17:00+00:00,5805,,,147.0,10.0,136.0,10.0,2.2,10.0,8.2,10.0,970.0,10.0,,,47,10,0.0,10,0.0,10,,,0.4,10,8.0,,,10.0,6.4,,,10.0,5.6,10.0,12.6,10,10.8,10.0,1759.0,10.0
2008-03-10T18:00+00:00,5805,,,131.0,10.0,119.0,10.0,1.8,10.0,7.7,10.0,969.5,10.0,,,51,10,0.0,10,0.0,10,,,0.0,10,7.7,,,10.0,6.5,,,10.0,5.7,10.0,10.9,10,8.6,10.0,1806.0,10.0
2008-03-10T19:00+00:00,5805,,,59.0,10.0,122.0,10.0,1.0,10.0,3.7,10.0,969.1,10.0,,,53,10,0.0,10,0.0,10,,,0.0,10,7.3,,,10.0,6.5,,,10.0,5.7,10.0,9.8,10,5.4,10.0,1917.0,10.0
2008-03-10T20:00+00:00,5805,,,66.0,10.0,58.0,10.0,1.4,10.0,4.1,10.0,968.8,10.0,,,61,10,0.0,10,0.0,10,,,0.0,10,6.9,,,10.0,6.5,,,10.0,5.7,10.0,7.0,10,2.9,10.0,2017.0,10.0
2008-03-10T21:00+00:00,5805,,,285.0,10.0,324.0,10.0,0.5,10.0,1.7,10.0,968.6,10.0,,,79,10,0.0,10,0.0,10,,,0.0,10,6.4,,,10.0,6.5,,,10.0,5.8,10.0,3.6,10,-0.5,10.0,2119.0,10.0
2008-03-10T22:00+00:00,5805,,,317.0,10.0,309.0,10.0,0.4,10.0,1.5,10.0,968.2,10.0,,,85,10,0.0,10,0.0,10,,,0.0,10,5.9,,,10.0,6.3,,,10.0,5.8,10.0,2.2,10,-2.1,10.0,2213.0,10.0
2008-03-10T23:00+00:00,5805,,,346.0,10.0,347.0,10.0,0.5,10.0,2.1,10.0,968.1,10.0,,,88,10,0.0,10,0.0,10,,,0.0,10,5.5,,,10.0,6.2,,,10.0,5.8,10.0,0.9,10,-2.7,10.0,2357.0,10.0
2008-03-11T00:00+00:00,5805,,,341.0,10.0,336.0,10.0,0.9,10.0,2.6,10.0,968.2,10.0,,,91,10,0.0,10,0.0,10,,,0.0,10,5.1,,,10.0,6.0,,,10.0,5.8,10.0,-0.1,10,-3.0,10.0,47.0,10.0
2008-03-11T01:00+00:00,5805,,,341.0,10.0,4.0,10.0,1.0,10.0,2.5,10.0,968.5,10.0,,,91,10,0.0,10,0.0,10,,,0.0,10,4.8,,,10.0,5.9,,,10.0,5.9,10.0,-0.6,10,-3.7,10.0,104.0,10.0
2008-03-11T02:00+00:00,5805,,,350.0,10.0,355.0,10.0,0.9,10.0,2.7,10.0,968.4,10.0,,,92,10,0.0,10,0.0,10,,,0.0,10,4.5,,,10.0,5.7,,,10.0,5.9,10.0,-0.7,10,-3.8,10.0,300.0,10.0
2008-03-11T03:00+00:00,5805,,,348.0,10.0,337.0,10.0,0.6,10.0,2.3,10.0,968.5,10.0,,,92,10,0.0,10,0.0,10,,,0.0,10,4.3,,,10.0,5.6,,,10.0,5.9,10.0,-0.9,10,-3.6,10.0,335.0,10.0
2008-03-11T04:00+00:00,5805,,,352.0,10.0,358.0,10.0,0.9,10.0,2.4,10.0,969.1,10.0,,,92,10,0.0,10,0.0,10,,,0.0,10,4.1,,,10.0,5.4,,,10.0,5.9,10.0,-0.8,10,-3.2,10.0,426.0,10.0
2008-03-11T05:00+00:00,5805,,,343.0,10.0,294.0,10.0,1.0,10.0,4.9,10.0,970.1,10.0,,,89,10,0.0,10,0.0,10,,,0.0,10,4.0,,,10.0,5.3,,,10.0,5.9,10.0,0.6,10,-1.9,10.0,548.0,10.0
2008-03-11T06:00+00:00,5805,,,316.0,10.0,307.0,10.0,0.8,10.0,3.1,10.0,970.5,10.0,,,89,10,0.0,10,0.0,10,,,0.0,10,3.9,,,10.0,5.1,,,10.0,5.9,10.0,1.4,10,-2.0,10.0,655.0,10.0
2008-03-11T07:00+00:00,5805,,,304.0,10.0,289.0,10.0,4.1,10.0,8.9,10.0,971.3,10.0,,,64,10,0.0,10,0.0,10,,,0.0,10,4.4,,,10.0,5.1,,,10.0,5.9,10.0,9.2,10,0.0,10.0,737.0,10.0
2008-03-11T08:00+00:00,5805,,,294.0,10.0,295.0,10.0,5.2,10.0,10.6,10.0,972.5,10.0,,,70,10,0.0,10,3.0,10,,,0.0,10,4.9,,,10.0,5.0,,,10.0,5.9,10.0,8.6,10,8.7,10.0,840.0,10.0
2008-03-11T09:00+00:00,5805,,,294.0,10.0,289.0,10.0,4.9,10.0,10.1,10.0,973.6,10.0,,,80,10,0.0,10,50.0,10,,,0.0,10,5.2,,,10.0,5.1,,,10.0,5.9,10.0,7.6,10,7.2,10.0,912.0,10.0
2008-03-11T10:00+00:00,5805,,,294.0,10.0,293.0,10.0,3.7,10.0,9.1,10.0,974.2,10.0,,,86,10,0.8,10,60.0,10,,,0.0,10,5.3,,,10.0,5.1,,,10.0,5.9,10.0,7.2,10,6.8,10.0,1003.0,10.0
2008-03-11T11:00+00:00,5805,,,308.0,10.0,312.0,10.0,3.1,10.0,6.7,10.0,974.4,10.0,,,85,10,0.5,10,58.0,10,,,0.0,10,5.6,,,10.0,5.2,,,10.0,5.8,10.0,8.1,10,7.2,10.0,1130.0,10.0
2008-03-11T12:00+00:00,5805,,,304.0,10.0,294.0,10.0,3.6,10.0,7.0,10.0,974.1,10.0,,,72,10,0.0,10,22.0,10,,,0.0,10,6.0,,,10.0,5.3,,,10.0,5.8,10.0,9.5,10,8.9,10.0,1231.0,10.0
2008-03-11T13:00+00:00,5805,,,303.0,10.0,313.0,10.0,4.0,10.0,8.6,10.0,973.9,10.0,,,61,10,0.0,10,0.0,10,,,0.3,10,6.5,,,10.0,5.5,,,10.0,5.8,10.0,10.9,10,10.5,10.0,1343.0,10.0
2008-03-11T14:00+00:00,5805,,,302.0,10.0,308.0,10.0,3.9,10.0,9.0,10.0,974.0,10.0,,,56,10,0.0,10,0.0,10,,,0.5,10,7.0,,,10.0,5.6,,,10.0,5.8,10.0,11.6,10,12.3,10.0,1405.0,10.0
2008-03-11T15:00+00:00,5805,,,304.0,10.0,309.0,10.0,3.3,10.0,7.8,10.0,974.3,10.0,,,55,10,0.0,10,0.0,10,,,0.0,10,7.0,,,10.0,5.8,,,10.0,5.8,10.0,11.1,10,11.0,10.0,1513.0,10.0
2008-03-11T16:00+00:00,5805,,,307.0,10.0,298.0,10.0,3.0,10.0,6.8,10.0,974.7,10.0,,,52,10,0.0,10,0.0,10,,,0.0,10,7.0,,,10.0,5.9,,,10.0,5.8,10.0,11.0,10,10.2,10.0,1628.0,10.0
2008-03-11T17:00+00:00,5805,,,312.0,10.0,311.0,10.0,2.5,10.0,5.8,10.0,975.3,10.0,,,51,10,0.0,10,0.0,10,,,0.2,10,6.9,,,10.0,6.0,,,10.0,5.8,10.0,10.4,10,7.8,10.0,1717.0,10.0
2008-03-11T18:00+00:00,5805,,,323.0,10.0,306.0,10.0,1.1,10.0,4.2,10.0,976.0,10.0,,,65,10,0.0,10,0.0,10,,,0.0,10,6.6,,,10.0,6.1,,,10.0,5.8,10.0,6.7,10,1.8,10.0,1802.0,10.0
2008-03-11T19:00+00:00,5805,,,20.0,10.0,4.0,10.0,0.4,10.0,2.0,10.0,976.3,10.0,,,83,10,0.0,10,0.0,10,,,0.0,10,6.1,,,10.0,6.1,,,10.0,5.8,10.0,3.9,10,-0.2,10.0,1930.0,10.0
2008-03-11T20:00+00:00,5805,,,360.0,10.0,23.0,10.0,0.4,10.0,1.6,10.0,976.7,10.0,,,89,10,0.0,10,0.0,10,,,0.0,10,5.6,,,10.0,6.0,,,10.0,5.8,10.0,2.2,10,-1.5,10.0,2004.0,10.0
2008-03-11T21:00+00:00,5805,,,7.0,10.0,359.0,10.0,0.7,10.0,1.9,10.0,976.8,10.0,,,92,10,0.0,10,0.0,10,,,0.0,10,5.2,,,10.0,5.9,,,10.0,5.8,10.0,1.1,10,-2.1,10.0,2154.0,10.0
2008-03-11T22:00+00:00,5805,,,346.0,10.0,2.0,10.0,0.8,10.0,2.4,10.0,976.8,10.0,,,92,10,0.0,10,0.0,10,,,0.0,10,4.9,,,10.0,5.8,,,10.0,5.8,10.0,0.2,10,-2.6,10.0,2223.0,10.0
2008-03-11T23:00+00:00,5805,,,350.0,10.0,355.0,10.0,1.1,10.0,2.7,10.0,976.4,10.0,,,92,10,0.0,10,0.0,10,,,0.0,10,4.6,,,10.0,5.7,,,10.0,5.9,10.0,-0.3,10,-3.4,10.0,2349.0,10.0
2008-03-12T00:00+00:00,5805,,,1.0,10.0,5.0,10.0,1.0,10.0,3.0,10.0,975.8,10.0,,,93,10,0.0,10,0.0,10,,,0.0,10,4.4,,,10.0,5.5,,,10.0,5.9,10.0,-0.2,10,-2.7,10.0,32.0,10.0
2008-03-12T01:00+00:00,5805,,,351.0,10.0,357.0,10.0,0.8,10.0,2.7,10.0,975.7,10.0,,,92,10,0.0,10,0.0,10,,,0.0,10,4.3,,,10.0,5.4,,,10.0,5.9,10.0,0.7,10,-1.5,10.0,157.0,10.0
2008-03-12T02:00+00:00,5805,,,358.0,10.0,319.0,10.0,0.6,10.0,2.7,10.0,975.3,10.0,,,92,10,0.0,10,21.0,10,,,0.0,10,4.3,,,10.0,5.3,,,10.0,5.9,10.0,1.4,10,0.0,10.0,206.0,10.0
2008-03-12T03:00+00:00,5805,,,9.0,10.0,292.0,10.0,0.6,10.0,3.0,10.0,974.2,10.0,,,92,10,0.0,10,11.0,10,,,0.0,10,4.3,,,10.0,5.2,,,10.0,5.9,10.0,2.2,10,0.9,10.0,347.0,10.0
2008-03-12T04:00+00:00,5805,,,344.0,10.0,316.0,10.0,0.5,10.0,3.7,10.0,973.0,10.0,,,92,10,0.0,10,7.0,10,,,0.0,10,4.3,,,10.0,5.1,,,10.0,5.9,10.0,2.5,10,1.8,10.0,407.0,10.0
2008-03-12T05:00+00:00,5805,,,3.0,10.0,10.0,10.0,0.4,10.0,2.0,10.0,972.2,10.0,,,92,10,0.0,10,18.0,10,,,0.0,10,4.4,,,10.0,5.1,,,10.0,5.9,10.0,2.7,10,1.7,10.0,502.0,10.0
2008-03-12T06:00+00:00,5805,,,356.0,10.0,357.0,10.0,0.3,10.0,1.6,10.0,972.6,10.0,,,92,10,0.0,10,2.0,10,,,0.0,10,4.4,,,10.0,5.0,,,10.0,5.9,10.0,3.2,10,1.6,10.0,610.0,10.0
2008-03-12T07:00+00:00,5805,,,16.0,10.0,28.0,10.0,0.1,10.0,3.0,10.0,972.4,10.0,,,92,10,1.2,10,32.0,10,,,0.0,10,4.5,,,10.0,5.0,,,10.0,5.8,10.0,3.9,10,3.1,10.0,720.0,10.0
2008-03-12T08:00+00:00,5805,,,354.0,10.0,5.0,10.0,0.1,10.0,2.6,10.0,972.7,10.0,,,92,10,0.0,10,0.0,10,,,0.0,10,4.7,,,10.0,5.0,,,10.0,5.8,10.0,5.6,10,4.1,10.0,845.0,10.0
2008-03-12T09:00+00:00,5805,,,354.0,10.0,13.0,10.0,0.2,10.0,2.4,10.0,973.2,10.0,,,92,10,0.9,10,32.0,10,,,0.0,10,5.0,,,10.0,5.0,,,10.0,5.8,10.0,7.1,10,6.8,10.0,950.0,10.0
2008-03-12T10:00+00:00,5805,,,40.0,10.0,263.0,10.0,0.3,10.0,5.7,10.0,973.5,10.0,,,85,10,0.3,10,33.0,10,,,0.1,10,5.5,,,10.0,5.1,,,10.0,5.8,10.0,11.1,10,7.5,10.0,1059.0,10.0
2008-03-12T11:00+00:00,5805,,,295.0,10.0,289.0,10.0,3.6,10.0,7.6,10.0,973.7,10.0,,,85,10,0.6,10,54.0,10,,,0.3,10,6.3,,,10.0,5.2,,,10.0,5.8,10.0,12.0,10,11.4,10.0,1111.0,10.0
2008-03-12T12:00+00:00,5805,,,289.0,10.0,291.0,10.0,3.5,10.0,8.7,10.0,974.2,10.0,,,83,10,0.5,10,50.0,10,,,0.1,10,6.8,,,10.0,5.4,,,10.0,5.8,10.0,10.9,10,10.1,10.0,1245.0,10.0
2008-03-12T13:00+00:00,5805,,,284.0,10.0,239.0,10.0,4.5,10.0,11.4,10.0,973.0,10.0,,,70,10,0.2,10,30.0,10,,,0.4,10,7.2,,,10.0,5.6,,,10.0,5.8,10.0,11.7,10,10.3,10.0,1338.0,10.0
2008-03-12T14:00+00:00,5805,,,285.0,10.0,286.0,10.0,7.3,10.0,17.4,10.0,973.3,10.0,,,62,10,0.0,10,3.0,10,,,0.3,10,7.5,,,10.0,5.9,,,10.0,5.8,10.0,11.3,10,10.7,10.0,1420.0,10.0
2008-03-12T15:00+00:00,5805,,,291.0,10.0,277.0,10.0,7.3,10.0,17.8,10.0,972.4,10.0,,,57,10,0.0,10,0.0,10,,,1.0,10,7.8,,,10.0,6.1,,,10.0,5.8,10.0,12.5,10,11.8,10.0,1520.0,10.0
2008-03-12T16:00+00:00,5805,,,290.0,10.0,272.0,10.0,6.2,10.0,14.6,10.0,972.1,10.0,,,58,10,0.0,10,0.0,10,,,0.9,10,7.9,,,10.0,6.3,,,10.0,5.8,10.0,12.4,10,11.1,10.0,1611.0,10.0
2008-03-12T17:00+00:00,5805,,,287.0,10.0,286.0,10.0,6.0,10.0,15.6,10.0,973.0,10.0,,,59,10,0.0,10,0.0,10,,,0.5,10,7.7,,,10.0,6.4,,,10.0,5.8,10.0,11.6,10,9.8,10.0,1708.0,10.0
2008-03-12T18:00+00:00,5805,,,303.0,10.0,312.0,10.0,5.9,10.0,14.7,10.0,974.3,10.0,,,64,10,0.0,10,0.0,10,,,0.0,10,7.5,,,10.0,6.5,,,10.0,5.8,10.0,11.0,10,9.6,10.0,1806.0,10.0
2008-03-12T19:00+00:00,5805,,,300.0,10.0,310.0,10.0,5.3,10.0,13.0,10.0,975.3,10.0,,,65,10,0.0,10,0.0,10,,,0.0,10,7.4,,,10.0,6.5,,,10.0,5.8,10.0,10.4,10,8.8,10.0,1949.0,10.0
2008-03-12T20:00+00:00,5805,,,299.0,10.0,307.0,10.0,5.3,10.0,13.3,10.0,976.2,10.0,,,59,10,0.0,10,0.0,10,,,0.0,10,7.2,,,10.0,6.6,,,10.0,5.8,10.0,9.7,10,7.9,10.0,2010.0,10.0
2008-03-12T21:00+00:00,5805,,,295.0,10.0,294.0,10.0,5.9,10.0,14.2,10.0,978.0,10.0,,,56,10,0.0,10,0.0,10,,,0.0,10,7.0,,,10.0,6.6,,,10.0,5.9,10.0,8.9,10,7.4,10.0,2154.0,10.0
2008-03-12T22:00+00:00,5805,,,294.0,10.0,301.0,10.0,5.8,10.0,12.9,10.0,978.9,10.0,,,56,10,0.0,10,0.0,10,,,0.0,10,6.7,,,10.0,6.5,,,10.0,5.9,10.0,8.2,10,6.0,10.0,2300.0,10.0
2008-03-12T23:00+00:00,5805,,,293.0,10.0,285.0,10.0,6.0,10.0,14.8,10.0,979.3,10.0,,,57,10,0.0,10,0.0,10,,,0.0,10,6.5,,,10.0,6.5,,,10.0,5.9,10.0,7.7,10,5.9,10.0,2359.0,10.0
2008-03-13T00:00+00:00,5805,,,289.0,10.0,287.0,10.0,6.1,10.0,13.5,10.0,980.2,10.0,,,57,10,0.0,10,0.0,10,,,0.0,10,6.3,,,10.0,6.4,,,10.0,5.9,10.0,7.3,10,5.4,10.0,37.0,10.0
2008-03-13T01:00+00:00,5805,,,283.0,10.0,285.0,10.0,6.0,10.0,14.9,10.0,981.2,10.0,,,62,10,0.0,10,0.0,10,,,0.0,10,6.1,,,10.0,6.3,,,10.0,6.0,10.0,6.7,10,5.3,10.0,101.0,10.0
2008-03-13T02:00+00:00,5805,,,287.0,10.0,283.0,10.0,5.3,10.0,12.4,10.0,981.4,10.0,,,62,10,0.0,10,0.0,10,,,0.0,10,5.9,,,10.0,6.2,,,10.0,6.0,10.0,6.7,10,4.3,10.0,246.0,10.0
2008-03-13T03:00+00:00,5805,,,290.0,10.0,290.0,10.0,6.6,10.0,13.9,10.0,981.8,10.0,,,62,10,0.0,10,0.0,10,,,0.0,10,5.8,,,10.0,6.2,,,10.0,6.0,10.0,6.1,10,4.6,10.0,324.0,10.0
2008-03-13T04:00+00:00,5805,,,290.0,10.0,296.0,10.0,4.2,10.0,10.7,10.0,982.7,10.0,,,63,10,0.0,10,0.0,10,,,0.0,10,5.6,,,10.0,6.1,,,10.0,6.0,10.0,6.0,10,4.1,10.0,425.0,10.0
2008-03-13T05:00+00:00,5805,,,296.0,10.0,314.0,10.0,5.1,10.0,12.9,10.0,983.4,10.0,,,62,10,0.0,10,0.0,10,,,0.0,10,5.6,,,10.0,6.0,,,10.0,6.0,10.0,6.0,10,4.4,10.0,515.0,10.0
2008-03-13T06:00+00:00,5805,,,292.0,10.0,288.0,10.0,5.4,10.0,13.4,10.0,983.8,10.0,,,59,10,0.0,10,0.0,10,,,0.3,10,5.5,,,10.0,5.9,,,10.0,6.0,10.0,6.2,10,4.4,10.0,651.0,10.0
2008-03-13T07:00+00:00,5805,,,287.0,10.0,299.0,10.0,7.3,10.0,16.0,10.0,984.7,10.0,,,56,10,0.0,10,0.0,10,,,1.0,10,5.6,,,10.0,5.9,,,10.0,6.1,10.0,7.2,10,5.6,10.0,733.0,10.0
2008-03-13T08:00+00:00,5805,,,285.0,10.0,277.0,10.0,7.1,10.0,16.8,10.0,985.6,10.0,,,57,10,0.0,10,0.0,10,,,0.5,10,5.7,,,10.0,5.8,,,10.0,6.1,10.0,6.8,10,7.8,10.0,823.0,10.0
2008-03-13T09:00+00:00,5805,,,286.0,10.0,293.0,10.0,6.8,10.0,14.9,10.0,985.6,10.0,,,55,10,0.0,10,0.0,10,,,0.2,10,5.9,,,10.0,5.8,,,10.0,6.1,10.0,7.8,10,7.5,10.0,902.0,10.0
2008-03-13T10:00+00:00,5805,,,284.0,10.0,276.0,10.0,6.2,10.0,14.2,10.0,985.6,10.0,,,57,10,0.0,10,11.0,10,,,0.1,10,6.1,,,10.0,5.8,,,10.0,6.1,10.0,7.7,10,7.4,10.0,1035.0,10.0
2008-03-13T11:00+00:00,5805,,,286.0,10.0,294.0,10.0,5.5,10.0,12.1,10.0,985.8,10.0,,,53,10,0.0,10,14.0,10,,,0.0,10,6.1,,,10.0,5.9,,,10.0,6.1,10.0,7.7,10,6.8,10.0,1128.0,10.0
2008-03-13T12:00+00:00,5805,,,283.0,10.0,287.0,10.0,4.9,10.0,13.3,10.0,985.5,10.0,,,54,10,0.0,10,3.0,10,,,0.0,10,6.1,,,10.0,5.9,,,10.0,6.0,10.0,7.5,10,7.0,10.0,1218.0,10.0
2008-03-13T13:00+00:00,5805,,,281.0,10.0,286.0,10.0,5.7,10.0,15.1,10.0,985.3,10.0,,,57,10,0.0,10,7.0,10,,,0.0,10,6.1,,,10.0,5.9,,,10.0,6.0,10.0,7.7,10,6.3,10.0,1359.0,10.0
2008-03-13T14:00+00:00,5805,,,277.0,10.0,285.0,10.0,5.3,10.0,12.2,10.0,984.9,10.0,,,63,10,0.0,10,0.0,10,,,0.4,10,6.3,,,10.0,5.9,,,10.0,6.0,10.0,7.7,10,7.6,10.0,1408.0,10.0
2008-03-13T15:00+00:00,5805,,,284.0,10.0,294.0,10.0,5.5,10.0,13.9,10.0,984.8,10.0,,,61,10,0.0,10,0.0,10,,,0.5,10,6.4,,,10.0,6.0,,,10.0,6.0,10.0,8.1,10,8.4,10.0,1543.0,10.0
2008-03-13T16:00+00:00,5805,,,280.0,10.0,259.0,10.0,5.8,10.0,14.1,10.0,985.1,10.0,,,64,10,0.0,10,0.0,10,,,0.7,10,6.5,,,10.0,6.0,,,10.0,6.0,10.0,7.6,10,7.7,10.0,1605.0,10.0
2008-03-13T17:00+00:00,5805,,,286.0,10.0,289.0,10.0,5.8,10.0,12.4,10.0,985.8,10.0,,,71,10,0.0,10,16.0,10,,,0.2,10,6.3,,,10.0,6.1,,,10.0,6.0,10.0,6.6,10,4.9,10.0,1742.0,10.0
2008-03-13T18:00+00:00,5805,,,291.0,10.0,295.0,10.0,5.2,10.0,12.9,10.0,986.4,10.0,,,70,10,0.0,10,0.0,10,,,0.0,10,6.1,,,10.0,6.1,,,10.0,6.0,10.0,6.2,10,4.4,10.0,1803.0,10.0
2008-03-13T19:00+00:00,5805,,,289.0,10.0,311.0,10.0,4.8,10.0,9.1,10.0,987.3,10.0,,,70,10,0.0,10,0.0,10,,,0.0,10,5.9,,,10.0,6.1,,,10.0,6.0,10.0,5.8,10,3.9,10.0,1903.0,10.0
2008-03-13T20:00+00:00,5805,,,291.0,10.0,277.0,10.0,3.7,10.0,9.8,10.0,987.3,10.0,,,71,10,0.0,10,0.0,10,,,0.0,10,5.8,,,10.0,6.0,,,10.0,6.0,10.0,6.1,10,4.0,10.0,2047.0,10.0
2008-03-13T21:00+00:00,5805,,,290.0,10.0,305.0,10.0,4.2,10.0,11.7,10.0,987.3,10.0,,,74,10,0.0,10,0.0,10,,,0.0,10,5.7,,,10.0,6.0,,,10.0,6.1,10.0,5.9,10,5.1,10.0,2124.0,10.0
2008-03-13T22:00+00:00,5805,,,286.0,10.0,298.0,10.0,3.9,10.0,8.0,10.0,987.9,10.0,,,71,10,0.0,10,0.0,10,,,0.0,10,5.6,,,10.0,5.9,,,10.0,6.1,10.0,5.5,10,3.9,10.0,2202.0,10.0
2008-03-13T23:00+00:00,5805,,,295.0,10.0,306.0,10.0,3.6,10.0,7.9,10.0,987.9,10.0,,,72,10,0.0,10,0.0,10,,,0.0,10,5.6,,,10.0,5.9,,,10.0,6.1,10.0,5.8,10,3.7,10.0,2357.0,10.0
2008-03-14T00:00+00:00,5805,,,291.0,10.0,288.0,10.0,3.7,10.0,8.7,10.0,987.8,10.0,,,76,10,0.0,10,1.0,10,,,0.0,10,5.5,,,10.0,5.8,,,10.0,6.1,10.0,5.7,10,4.4,10.0,12.0,10.0
2008-03-14T01:00+00:00,5805,,,291.0,10.0,289.0,10.0,3.7,10.0,7.6,10.0,987.7,10.0,,,74,10,0.0,10,0.0,10,,,0.0,10,5.5,,,10.0,5.8,,,10.0,6.1,10.0,5.9,10,4.0,10.0,118.0,10.0
2008-03-14T02:00+00:00,5805,,,290.0,10.0,258.0,10.0,3.9,10.0,8.2,10.0,987.3,10.0,,,73,10,0.0,10,0.0,10,,,0.0,10,5.4,,,10.0,5.8,,,10.0,6.1,10.0,5.7,10,4.8,10.0,222.0,10.0
2008-03-14T03:00+00:00,5805,,,289.0,10.0,285.0,10.0,3.8,10.0,7.5,10.0,987.5,10.0,,,71,10,0.0,10,0.0,10,,,0.0,10,5.4,,,10.0,5.7,,,10.0,6.1,10.0,5.6,10,4.6,10.0,347.0,10.0
2008-03-14T04:00+00:00,5805,,,290.0,10.0,273.0,10.0,4.1,10.0,8.9,10.0,987.8,10.0,,,78,10,0.0,10,1.0,10,,,0.0,10,5.4,,,10.0,5.7,,,10.0,6.1,10.0,5.0,10,4.4,10.0,443.0,10.0
2008-03-14T05:00+00:00,5805,,,288.0,10.0,269.0,10.0,3.7,10.0,8.3,10.0,987.6,10.0,,,78,10,0.0,10,6.0,10,,,0.0,10,5.3,,,10.0,5.7,,,10.0,6.1,10.0,5.2,10,4.2,10.0,501.0,10.0
2008-03-14T06:00+00:00,5805,,,290.0,10.0,296.0,10.0,2.6,10.0,5.3,10.0,987.4,10.0,,,80,10,0.0,10,0.0,10,,,0.0,10,5.3,,,10.0,5.6,,,10.0,6.1,10.0,5.4,10,3.7,10.0,700.0,10.0
2008-03-14T07:00+00:00,5805,,,288.0,10.0,268.0,10.0,2.5,10.0,6.6,10.0,987.2,10.0,,,76,10,0.0,10,0.0,10,,,0.0,10,5.4,,,10.0,5.6,,,10.0,6.1,10.0,6.6,10,4.8,10.0,759.0,10.0
2008-03-14T08:00+00:00,5805,,,289.0,10.0,304.0,10.0,2.1,10.0,5.6,10.0,986.9,10.0,,,73,10,0.0,10,0.0,10,,,0.0,10,5.6,,,10.0,5.6,,,10.0,6.0,10.0,7.3,10,6.8,10.0,814.0,10.0
2008-03-14T09:00+00:00,5805,,,230.0,10.0,243.0,10.0,0.6,10.0,3.4,10.0,986.5,10.0,,,73,10,0.0,10,9.0,10,,,0.0,10,5.8,,,10.0,5.6,,,10.0,6.0,10.0,7.4,10,7.7,10.0,951.0,10.0
2008-03-14T10:00+00:00,5805,,,259.0,10.0,309.0,10.0,0.4,10.0,2.1,10.0,985.9,10.0,,,81,10,0.3,10,58.0,10,,,0.0,10,5.9,,,10.0,5.7,,,10.0,6.0,10.0,7.1,10,6.9,10.0,1008.0,10.0
2008-03-14T11:00+00:00,5805,,,220.0,10.0,149.0,10.0,0.1,10.0,2.0,10.0,985.2,10.0,,,85,10,0.8,10,59.0,10,,,0.0,10,6.0,,,10.0,5.7,,,10.0,6.0,10.0,7.0,10,7.1,10.0,1128.0,10.0
2008-03-14T12:00+00:00,5805,,,183.0,10.0,167.0,10.0,0.6,10.0,3.0,10.0,984.4,10.0,,,89,10,1.1,10,60.0,10,,,0.0,10,6.2,,,10.0,5.8,,,10.0,6.0,10.0,7.0,10,7.2,10.0,1244.0,10.0
2008-03-14T13:00+00:00,5805,,,130.0,10.0,173.0,10.0,0.3,10.0,2.0,10.0,983.4,10.0,,,91,10,1.1,10,60.0,10,,,0.0,10,6.3,,,10.0,5.9,,,10.0,6.0,10.0,6.9,10,7.1,10.0,1304.0,10.0
2008-03-14T14:00+00:00,5805,,,88.0,10.0,147.0,10.0,0.7,10.0,2.2,10.0,983.0,10.0,,,91,10,1.3,10,60.0,10,,,0.0,10,6.3,,,10.0,5.9,,,10.0,6.0,10.0,7.0,10,7.0,10.0,1420.0,10.0
2008-03-14T15:00+00:00,5805,,,97.0,10.0,4.0,10.0,0.4,10.0,1.7,10.0,982.7,10.0,,,92,10,2.4,10,60.0,10,,,0.0,10,6.4,,,10.0,6.0,,,10.0,6.0,10.0,7.2,10,7.0,10.0,1501.0,10.0
2008-03-14T16:00+00:00,5805,,,281.0,10.0,314.0,10.0,1.7,10.0,6.0,10.0,982.4,10.0,,,92,10,2.2,10,60.0,10,,,0.0,10,6.5,,,10.0,6.0,,,10.0,6.0,10.0,7.9,10,7.2,10.0,1614.0,10.0
2008-03-14T17:00+00:00,5805,,,288.0,10.0,304.0,10.0,3.3,10.0,7.9,10.0,982.4,10.0,,,91,10,1.8,10,59.0,10,,,0.0,10,6.5,,,10.0,6.1,,,10.0,6.0,10.0,8.4,10,7.5,10.0,1735.0,10.0
2008-03-14T18:00+00:00,5805,,,286.0,10.0,273.0,10.0,3.6,10.0,6.8,10.0,982.5,10.0,,,92,10,1.4,10,60.0,10,,,0.0,10,6.6,,,10.0,6.2,,,10.0,6.0,10.0,8.2,10,7.4,10.0,1802.0,10.0
2008-03-14T19:00+00:00,5805,,,291.0,10.0,275.0,10.0,4.4,10.0,8.7,10.0,983.0,10.0,,,87,10,0.6,10,45.0,10,,,0.0,10,6.6,,,10.0,6.2,,,10.0,6.0,10.0,8.5,10,7.4,10.0,1956.0,10.0
2008-03-14T20:00+00:00,5805,,,297.0,10.0,311.0,10.0,4.1,10.0,8.5,10.0,983.8,10.0,,,80,10,0.1,10,23.0,10,,,0.0,10,6.6,,,10.0,6.2,,,10.0,6.0,10.0,8.8,10,7.1,10.0,2057.0,10.0
2008-03-14T21:00+00:00,5805,,,306.0,10.0,312.0,10.0,4.3,10.0,9.2,10.0,984.7,10.0,,,84,10,0.3,10,20.0,10,,,0.0,10,6.6,,,10.0,6.3,,,10.0,6.0,10.0,8.4,10,7.0,10.0,2127.0,10.0
2008-03-14T22:00+00:00,5805,,,305.0,10.0,304.0,10.0,3.9,10.0,8.1,10.0,985.4,10.0,,,77,10,0.0,10,0.0,10,,,0.0,10,6.6,,,10.0,6.3,,,10.0,6.1,10.0,8.4,10,6.3,10.0,2205.0,10.0
2008-03-14T23:00+00:00,5805,,,302.0,10.0,294.0,10.0,4.0,10.0,9.1,10.0,986.1,10.0,,,71,10,0.0,10,0.0,10,,,0.0,10,6.5,,,10.0,6.3,,,10.0,6.1,10.0,8.3,10,6.0,10.0,2336.0,10.0
2008-03-15T00:00+00:00,5805,,,296.0,10.0,298.0,10.0,4.0,10.0,8.7,10.0,986.5,10.0,,,83,10,0.0,10,0.0,10,,,0.0,10,6.4,,,10.0,6.3,,,10.0,6.1,10.0,7.9,10,6.1,10.0,16.0,10.0
2008-03-15T01:00+00:00,5805,,,302.0,10.0,302.0,10.0,4.0,10.0,9.5,10.0,986.9,10.0,,,74,10,0.0,10,0.0,10,,,0.0,10,6.4,,,10.0,6.3,,,10.0,6.1,10.0,8.0,10,6.1,10.0,126.0,10.0
2008-03-15T02:00+00:00,5805,,,308.0,10.0,317.0,10.0,3.1,10.0,7.9,10.0,987.4,10.0,,,64,10,0.0,10,0.0,10,,,0.0,10,6.2,,,10.0,6.3,,,10.0,6.1,10.0,7.2,10,4.6,10.0,228.0,10.0
2008-03-15T03:00+00:00,5805,,,304.0,10.0,310.0,10.0,3.2,10.0,9.5,10.0,987.8,10.0,,,62,10,0.0,10,0.0,10,,,0.0,10,6.1,,,10.0,6.2,,,10.0,6.1,10.0,7.0,10,4.2,10.0,348.0,10.0
2008-03-15T04:00+00:00,5805,,,298.0,10.0,291.0,10.0,2.8,10.0,6.8,10.0,988.6,10.0,,,65,10,0.0,10,0.0,10,,,0.0,10,5.9,,,10.0,6.2,,,10.0,6.1,10.0,6.1,10,3.2,10.0,500.0,10.0
2008-03-15T05:00+00:00,5805,,,306.0,10.0,292.0,10.0,1.9,10.0,4.8,10.0,989.2,10.0,,,69,10,0.0,10,0.0,10,,,0.0,10,5.7,,,10.0,6.1,,,10.0,6.1,10.0,5.2,10,1.7,10.0,600.0,10.0
2008-03-15T06:00+00:00,5805,,,356.0,10.0,332.0,10.0,0.7,10.0,3.2,10.0,989.9,10.0,,,80,10,0.0,10,0.0,10,,,0.3,10,5.5,,,10.0,6.0,,,10.0,6.2,10.0,4.2,10,0.1,10.0,610.0,10.0
2008-03-15T07:00+00:00,5805,,,296.0,10.0,317.0,10.0,2.1,10.0,5.7,10.0,990.1,10.0,,,75,10,0.0,10,0.0,10,,,1.0,10,5.7,,,10.0,6.0,,,10.0,6.2,10.0,7.3,10,4.4,10.0,739.0,10.0
2008-03-15T08:00+00:00,5805,,,296.0,10.0,318.0,10.0,3.1,10.0,8.4,10.0,990.3,10.0,,,61,10,0.0,10,0.0,10,,,1.0,10,6.1,,,10.0,5.9,,,10.0,6.2,10.0,8.7,10,10.4,10.0,842.0,10.0
2008-03-15T09:00+00:00,5805,,,303.0,10.0,314.0,10.0,3.2,10.0,7.2,10.0,990.2,10.0,,,57,10,0.0,10,0.0,10,,,1.0,10,6.6,,,10.0,6.0,,,10.0,6.2,10.0,9.6,10,12.0,10.0,907.0,10.0
2008-03-15T10:00+00:00,5805,,,292.0,10.0,299.0,10.0,3.8,10.0,8.5,10.0,989.6,10.0,,,56,10,0.0,10,0.0,10,,,1.0,10,7.3,,,10.0,6.1,,,10.0,6.2,10.0,10.9,10,14.6,10.0,1045.0,10.0
2008-03-15T11:00+00:00,5805,,,295.0,10.0,298.0,10.0,3.5,10.0,8.1,10.0,989.1,10.0,,,49,10,0.0,10,0.0,10,,,0.9,10,8.0,,,10.0,6.3,,,10.0,6.2,10.0,12.1,10,15.3,10.0,1131.0,10.0
2008-03-15T12:00+00:00,5805,,,305.0,10.0,308.0,10.0,2.5,10.0,6.2,10.0,988.2,10.0,,,47,10,0.0,10,0.0,10,,,1.0,10,8.7,,,10.0,6.5,,,10.0,6.2,10.0,12.6,10,17.4,10.0,1219.0,10.0
2008-03-15T13:00+00:00,5805,,,306.0,10.0,261.0,10.0,1.3,10.0,5.0,10.0,987.4,10.0,,,40,10,0.0,10,0.0,10,,,1.0,10,9.5,,,10.0,6.8,,,10.0,6.2,10.0,13.3,10,18.9,10.0,1309.0,10.0
2008-03-15T14:00+00:00,5805,,,160.0,10.0,125.0,10.0,0.4,10.0,5.3,10.0,986.8,10.0,,,42,10,0.0,10,0.0,10,,,1.0,10,9.8,,,10.0,7.1,,,10.0,6.2,10.0,13.1,10,16.0,10.0,1440.0,10.0
2008-03-15T15:00+00:00,5805,,,109.0,10.0,134.0,10.0,1.9,10.0,6.4,10.0,986.0,10.0,,,45,10,0.0,10,0.0,10,,,1.0,10,9.9,,,10.0,7.4,,,10.0,6.2,10.0,13.0,10,16.2,10.0,1555.0,10.0
2008-03-15T16:00+00:00,5805,,,120.0,10.0,119.0,10.0,2.8,10.0,8.1,10.0,985.5,10.0,,,49,10,0.0,10,0.0,10,,,1.0,10,9.6,,,10.0,7.6,,,10.0,6.2,10.0,12.2,10,11.4,10.0,1634.0,10.0
2008-03-15T17:00+00:00,5805,,,121.0,10.0,134.0,10.0,2.5,10.0,6.7,10.0,985.0,10.0,,,58,10,0.0,10,0.0,10,,,0.6,10,9.2,,,10.0,7.7,,,10.0,6.2,10.0,11.0,10,9.2,10.0,1712.0,10.0
2008-03-15T18:00+00:00,5805,,,87.0,10.0,118.0,10.0,1.6,10.0,5.7,10.0,984.3,10.0,,,65,10,0.0,10,0.0,10,,,0.0,10,8.7,,,10.0,7.7,,,10.0,6.3,10.0,9.7,10,6.6,10.0,1806.0,10.0
2008-03-15T19:00+00:00,5805,,,63.0,10.0,39.0,10.0,1.9,10.0,4.4,10.0,983.5,10.0,,,73,10,0.0,10,0.0,10,,,0.0,10,8.3,,,10.0,7.7,,,10.0,6.3,10.0,8.9,10,6.1,10.0,1912.0,10.0
2008-03-15T20:00+00:00,5805,,,57.0,10.0,44.0,10.0,1.4,10.0,4.4,10.0,982.6,10.0,,,78,10,0.0,10,0.0,10,,,0.0,10,8.0,,,10.0,7.7,,,10.0,6.3,10.0,7.9,10,3.9,10.0,2009.0,10.0
2008-03-15T21:00+00:00,5805,,,63.0,10.0,41.0,10.0,1.4,10.0,4.6,10.0,981.7,10.0,,,80,10,0.0,10,0.0,10,,,0.0,10,7.7,,,10.0,7.6,,,10.0,6.4,10.0,8.1,10,3.8,10.0,2138.0,10.0
2008-03-15T22:00+00:00,5805,,,59.0,10.0,56.0,10.0,1.1,10.0,3.8,10.0,980.7,10.0,,,81,10,0.0,10,0.0,10,,,0.0,10,7.5,,,10.0,7.5,,,10.0,6.4,10.0,7.9,10,4.9,10.0,2258.0,10.0
2008-03-15T23:00+00:00,5805,,,84.0,10.0,64.0,10.0,1.8,10.0,5.3,10.0,979.7,10.0,,,80,10,0.0,10,0.0,10,,,0.0,10,7.3,,,10.0,7.4,,,10.0,6.5,10.0,8.0,10,4.8,10.0,2335.0,10.0
2008-03-16T00:00+00:00,5805,,,90.0,10.0,75.0,10.0,0.6,10.0,3.6,10.0,979.2,10.0,,,87,10,0.0,10,0.0,10,,,0.0,10,7.2,,,10.0,7.3,,,10.0,6.5,10.0,6.1,10,4.0,10.0,100.0,10.0
2008-03-16T01:00+00:00,5805,,,282.0,10.0,339.0,10.0,0.4,10.0,1.4,10.0,978.5,10.0,,,90,10,0.0,10,0.0,10,,,0.0,10,7.0,,,10.0,7.2,,,10.0,6.5,10.0,5.0,10,3.1,10.0,133.0,10.0
2008-03-16T02:00+00:00,5805,,,307.0,10.0,359.0,10.0,0.5,10.0,1.7,10.0,977.7,10.0,,,91,10,0.0,10,0.0,10,,,0.0,10,6.8,,,10.0,7.1,,,10.0,6.6,10.0,4.4,10,2.3,10.0,201.0,10.0
2008-03-16T03:00+00:00,5805,,,331.0,10.0,336.0,10.0,0.3,10.0,1.7,10.0,977.1,10.0,,,92,10,0.0,10,0.0,10,,,0.0,10,6.5,,,10.0,7.0,,,10.0,6.6,10.0,3.6,10,1.5,10.0,343.0,10.0
2008-03-16T04:00+00:00,5805,,,323.0,10.0,344.0,10.0,0.5,10.0,1.9,10.0,976.9,10.0,,,92,10,0.0,10,0.0,10,,,0.0,10,6.3,,,10.0,6.9,,,10.0,6.6,10.0,2.9,10,0.7,10.0,447.0,10.0
2008-03-16T05:00+00:00,5805,,,319.0,10.0,327.0,10.0,0.7,10.0,2.2,10.0,977.0,10.0,,,92,10,0.0,10,0.0,10,,,0.0,10,6.1,,,10.0,6.8,,,10.0,6.6,10.0,3.4,10,1.0,10.0,559.0,10.0
2008-03-16T06:00+00:00,5805,,,306.0,10.0,287.0,10.0,1.7,10.0,4.0,10.0,977.6,10.0,,,92,10,0.0,10,0.0,10,,,0.0,10,6.0,,,10.0,6.7,,,10.0,6.6,10.0,4.2,10,1.2,10.0,647.0,10.0
2008-03-16T07:00+00:00,5805,,,308.0,10.0,317.0,10.0,1.9,10.0,4.8,10.0,977.8,10.0,,,84,10,0.0,10,0.0,10,,,0.0,10,6.1,,,10.0,6.6,,,10.0,6.6,10.0,5.7,10,3.4,10.0,758.0,10.0
2008-03-16T08:00+00:00,5805,,,307.0,10.0,280.0,10.0,2.7,10.0,10.2,10.0,977.5,10.0,,,67,10,0.0,10,0.0,10,,,0.3,10,6.4,,,10.0,6.6,,,10.0,6.6,10.0,10.5,10,5.4,10.0,859.0,10.0
2008-03-16T09:00+00:00,5805,,,291.0,10.0,300.0,10.0,5.8,10.0,14.1,10.0,978.2,10.0,,,63,10,0.0,10,0.0,10,,,0.6,10,7.0,,,10.0,6.6,,,10.0,6.6,10.0,12.1,10,12.5,10.0,941.0,10.0
2008-03-16T10:00+00:00,5805,,,299.0,10.0,294.0,10.0,5.5,10.0,11.8,10.0,978.4,10.0,,,64,10,0.0,10,0.0,10,,,0.0,10,7.3,,,10.0,6.7,,,10.0,6.6,10.0,11.6,10,11.7,10.0,1038.0,10.0
2008-03-16T11:00+00:00,5805,,,289.0,10.0,294.0,10.0,6.6,10.0,13.9,10.0,978.5,10.0,,,66,10,0.0,10,4.0,10,,,0.1,10,7.6,,,10.0,6.8,,,10.0,6.6,10.0,12.0,10,11.6,10.0,1120.0,10.0
2008-03-16T12:00+00:00,5805,,,291.0,10.0,299.0,10.0,5.7,10.0,13.8,10.0,978.2,10.0,,,64,10,0.0,10,1.0,10,,,0.5,10,8.1,,,10.0,6.9,,,10.0,6.6,10.0,12.6,10,13.6,10.0,1203.0,10.0
2008-03-16T13:00+00:00,5805,,,290.0,10.0,296.0,10.0,5.8,10.0,13.3,10.0,978.2,10.0,,,62,10,0.0,10,6.0,10,,,0.2,10,8.4,,,10.0,7.0,,,10.0,6.6,10.0,11.8,10,11.9,10.0,1310.0,10.0
2008-03-16T14:00+00:00,5805,,,296.0,10.0,294.0,10.0,3.9,10.0,8.9,10.0,977.7,10.0,,,70,10,0.0,10,33.0,10,,,0.0,10,8.3,,,10.0,7.2,,,10.0,6.6,10.0,11.0,10,9.8,10.0,1402.0,10.0
2008-03-16T15:00+00:00,5805,,,302.0,10.0,322.0,10.0,3.4,10.0,9.1,10.0,976.9,10.0,,,63,10,0.0,10,0.0,10,,,0.0,10,8.3,,,10.0,7.3,,,10.0,6.6,10.0,11.9,10,10.5,10.0,1554.0,10.0
2008-03-16T16:00+00:00,5805,,,299.0,10.0,288.0,10.0,4.6,10.0,11.5,10.0,976.8,10.0,,,67,10,0.1,10,15.0,10,,,0.0,10,8.2,,,10.0,7.4,,,10.0,6.6,10.0,10.7,10,8.9,10.0,1617.0,10.0
2008-03-16T17:00+00:00,5805,,,300.0,10.0,317.0,10.0,3.8,10.0,8.7,10.0,976.6,10.0,,,66,10,0.0,10,12.0,10,,,0.0,10,8.1,,,10.0,7.4,,,10.0,6.6,10.0,10.5,10,9.0,10.0,1744.0,10.0
2008-03-16T18:00+00:00,5805,,,307.0,10.0,308.0,10.0,3.7,10.0,8.4,10.0,976.5,10.0,,,67,10,0.0,10,0.0,10,,,0.0,10,8.0,,,10.0,7.4,,,10.0,6.7,10.0,10.3,10,9.2,10.0,1816.0,10.0
2008-03-16T19:00+00:00,5805,,,308.0,10.0,318.0,10.0,3.7,10.0,8.0,10.0,976.4,10.0,,,64,10,0.0,10,0.0,10,,,0.0,10,7.9,,,10.0,7.4,,,10.0,6.7,10.0,10.0,10,8.9,10.0,1906.0,10.0
2008-03-16T20:00+00:00,5805,,,300.0,10.0,303.0,10.0,2.7,10.0,6.5,10.0,976.6,10.0,,,67,10,0.0,10,0.0,10,,,0.0,10,7.7,,,10.0,7.4,,,10.0,6.7,10.0,9.1,10,6.5,10.0,2009.0,10.0
2008-03-16T21:00+00:00,5805,,,295.0,10.0,309.0,10.0,1.4,10.0,5.0,10.0,976.6,10.0,,,68,10,0.0,10,0.0,10,,,0.0,10,7.5,,,10.0,7.4,,,10.0,6.7,10.0,8.8,10,6.3,10.0,2108.0,10.0
2008-03-16T22:00+00:00,5805,,,294.0,10.0,330.0,10.0,1.5,10.0,4.3,10.0,976.5,10.0,,,68,10,0.0,10,0.0,10,,,0.0,10,7.4,,,10.0,7.3,,,10.0,6.7,10.0,8.6,10,5.3,10.0,2215.0,10.0
2008-03-16T23:00+00:00,5805,,,295.0,10.0,302.0,10.0,3.2,10.0,7.6,10.0,976.5,10.0,,,67,10,0.0,10,0.0,10,,,0.0,10,7.3,,,10.0,7.3,,,10.0,6.7,10.0,8.9,10,5.7,10.0,2341.0,10.0
2008-03-17T00:00+00:00,5805,,,296.0,10.0,290.0,10.0,3.6,10.0,9.4,10.0,976.0,10.0,,,67,10,0.0,10,2.0,10,,,0.0,10,7.3,,,10.0,7.3,,,10.0,6.8,10.0,9.1,10,7.6,10.0,6.0,10.0
2008-03-17T01:00+00:00,5805,,,294.0,10.0,299.0,10.0,3.8,10.0,8.4,10.0,975.7,10.0,,,69,10,0.0,10,21.0,10,,,0.0,10,7.2,,,10.0,7.2,,,10.0,6.8,10.0,8.8,10,6.6,10.0,102.0,10.0
2008-03-17T02:00+00:00,5805,,,314.0,10.0,317.0,10.0,2.7,10.0,6.1,10.0,975.3,10.0,,,67,10,0.0,10,2.0,10,,,0.0,10,7.2,,,10.0,7.2,,,10.0,6.8,10.0,8.6,10,6.6,10.0,212.0,10.0
2008-03-17T03:00+00:00,5805,,,295.0,10.0,305.0,10.0,3.9,10.0,10.1,10.0,975.0,10.0,,,66,10,0.0,10,0.0,10,,,0.0,10,7.1,,,10.0,7.1,,,10.0,6.8,10.0,8.8,10,6.6,10.0,341.0,10.0
2008-03-17T04:00+00:00,5805,,,295.0,10.0,309.0,10.0,4.3,10.0,10.3,10.0,975.0,10.0,,,67,10,0.0,10,0.0,10,,,0.0,10,7.0,,,10.0,7.1,,,10.0,6.8,10.0,8.5,10,6.6,10.0,443.0,10.0
2008-03-17T05:00+00:00,5805,,,296.0,10.0,294.0,10.0,4.2,10.0,8.9,10.0,975.0,10.0,,,68,10,0.0,10,0.0,10,,,0.0,10,6.9,,,10.0,7.1,,,10.0,6.8,10.0,8.4,10,7.0,10.0,531.0,10.0
2008-03-17T06:00+00:00,5805,,,293.0,10.0,288.0,10.0,3.5,10.0,7.9,10.0,975.2,10.0,,,70,10,0.0,10,1.0,10,,,0.0,10,6.9,,,10.0,7.0,,,10.0,6.8,10.0,8.5,10,6.8,10.0,657.0,10.0
2008-03-17T07:00+00:00,5805,,,290.0,10.0,317.0,10.0,4.4,10.0,9.1,10.0,975.0,10.0,,,69,10,0.0,10,6.0,10,,,0.0,10,7.0,,,10.0,7.0,,,10.0,6.8,10.0,9.1,10,7.4,10.0,728.0,10.0
2008-03-17T08:00+00:00,5805,,,291.0,10.0,288.0,10.0,5.7,10.0,13.8,10.0,974.7,10.0,,,66,10,0.0,10,0.0,10,,,0.4,10,7.2,,,10.0,7.0,,,10.0,6.8,10.0,10.5,10,9.3,10.0,856.0,10.0
2008-03-17T09:00+00:00,5805,,,292.0,10.0,286.0,10.0,6.6,10.0,13.5,10.0,974.8,10.0,,,64,10,0.0,10,0.0,10,,,0.9,10,7.7,,,10.0,7.0,,,10.0,6.8,10.0,11.1,10,13.1,10.0,915.0,10.0
2008-03-17T10:00+00:00,5805,,,288.0,10.0,304.0,10.0,6.7,10.0,14.3,10.0,974.8,10.0,,,69,10,0.0,10,22.0,10,,,0.3,10,8.0,,,10.0,7.1,,,10.0,6.8,10.0,10.6,10,10.2,10.0,1003.0,10.0
2008-03-17T11:00+00:00,5805,,,289.0,10.0,264.0,10.0,6.7,10.0,17.3,10.0,975.1,10.0,,,63,10,0.0,10,9.0,10,,,0.3,10,8.3,,,10.0,7.2,,,10.0,6.8,10.0,11.2,10,10.3,10.0,1151.0,10.0
2008-03-17T12:00+00:00,5805,,,286.0,10.0,286.0,10.0,6.7,10.0,15.3,10.0,975.6,10.0,,,72,10,0.2,10,9.0,10,,,0.2,10,8.5,,,10.0,7.3,,,10.0,6.8,10.0,10.1,10,10.0,10.0,1257.0,10.0
2008-03-17T13:00+00:00,5805,,,312.0,10.0,305.0,10.0,3.2,10.0,9.5,10.0,976.8,10.0,,,81,10,0.8,10,36.0,10,,,0.0,10,8.3,,,10.0,7.4,,,10.0,6.8,10.0,7.7,10,7.0,10.0,1400.0,10.0
2008-03-17T14:00+00:00,5805,,,305.0,10.0,309.0,10.0,2.5,10.0,7.5,10.0,977.6,10.0,,,85,10,0.9,10,56.0,10,,,0.0,10,8.1,,,10.0,7.5,,,10.0,6.8,10.0,6.7,10,6.2,10.0,1427.0,10.0
2008-03-17T15:00+00:00,5805,,,302.0,10.0,283.0,10.0,2.5,10.0,6.5,10.0,978.3,10.0,,,75,10,0.0,10,5.0,10,,,0.0,10,7.9,,,10.0,7.5,,,10.0,6.8,10.0,6.5,10,5.3,10.0,1519.0,10.0
2008-03-17T16:00+00:00,5805,,,303.0,10.0,301.0,10.0,2.5,10.0,6.8,10.0,978.7,10.0,,,72,10,0.0,10,0.0,10,,,0.0,10,7.6,,,10.0,7.5,,,10.0,6.9,10.0,6.5,10,5.2,10.0,1622.0,10.0
2008-03-17T17:00+00:00,5805,,,299.0,10.0,328.0,10.0,2.4,10.0,5.7,10.0,978.9,10.0,,,71,10,0.0,10,0.0,10,,,0.0,10,7.4,,,10.0,7.5,,,10.0,6.9,10.0,6.3,10,4.8,10.0,1719.0,10.0
2008-03-17T18:00+00:00,5805,,,306.0,10.0,320.0,10.0,2.7,10.0,7.9,10.0,979.3,10.0,,,69,10,0.0,10,0.0,10,,,0.0,10,7.2,,,10.0,7.4,,,10.0,6.9,10.0,6.2,10,4.3,10.0,1859.0,10.0
2008-03-17T19:00+00:00,5805,,,303.0,10.0,313.0,10.0,3.1,10.0,7.5,10.0,979.4,10.0,,,70,10,0.0,10,0.0,10,,,0.0,10,7.1,,,10.0,7.4,,,10.0,6.9,10.0,6.1,10,5.1,10.0,1937.0,10.0
2008-03-17T20:00+00:00,5805,,,304.0,10.0,322.0,10.0,3.1,10.0,8.4,10.0,979.4,10.0,,,63,10,0.0,10,0.0,10,,,0.0,10,6.9,,,10.0,7.3,,,10.0,6.9,10.0,5.7,10,4.4,10.0,2029.0,10.0
2008-03-17T21:00+00:00,5805,,,302.0,10.0,318.0,10.0,3.5,10.0,8.6,10.0,979.4,10.0,,,66,10,0.0,10,0.0,10,,,0.0,10,6.7,,,10.0,7.2,,,10.0,6.9,10.0,5.2,10,3.1,10.0,2159.0,10.0
2008-03-17T22:00+00:00,5805,,,300.0,10.0,306.0,10.0,3.9,10.0,10.5,10.0,979.1,10.0,,,63,10,0.0,10,0.0,10,,,0.0,10,6.5,,,10.0,7.1,,,10.0,6.9,10.0,4.9,10,3.4,10.0,2213.0,10.0
2008-03-17T23:00+00:00,5805,,,297.0,10.0,309.0,10.0,3.8,10.0,9.2,10.0,979.1,10.0,,,63,10,0.0,10,0.0,10,,,0.0,10,6.3,,,10.0,7.0,,,10.0,6.9,10.0,4.9,10,3.0,10.0,2348.0,10.0
2008-03-18T00:00+00:00,5805,,,302.0,10.0,305.0,10.0,3.1,10.0,9.4,10.0,979.4,10.0,,,60,10,0.0,10,0.0,10,,,0.0,10,6.2,,,10.0,6.9,,,10.0,7.0,10.0,4.8,10,3.5,10.0,8.0,10.0
2008-03-18T01:00+00:00,5805,,,301.0,10.0,317.0,10.0,2.9,10.0,6.7,10.0,979.4,10.0,,,59,10,0.0,10,0.0,10,,,0.0,10,6.1,,,10.0,6.8,,,10.0,7.0,10.0,4.3,10,3.3,10.0,200.0,10.0
2008-03-18T02:00+00:00,5805,,,300.0,10.0,279.0,10.0,3.3,10.0,7.9,10.0,978.9,10.0,,,58,10,0.0,10,0.0,10,,,0.0,10,5.9,,,10.0,6.7,,,10.0,7.0,10.0,4.1,10,3.3,10.0,254.0,10.0
2008-03-18T03:00+00:00,5805,,,297.0,10.0,307.0,10.0,3.0,10.0,7.6,10.0,978.7,10.0,,,55,10,0.0,10,0.0,10,,,0.0,10,5.8,,,10.0,6.7,,,10.0,7.0,10.0,4.0,10,2.4,10.0,336.0,10.0
2008-03-18T04:00+00:00,5805,,,292.0,10.0,325.0,10.0,2.7,10.0,7.1,10.0,979.0,10.0,,,70,10,0.0,10,0.0,10,,,0.0,10,5.6,,,10.0,6.6,,,10.0,7.0,10.0,3.5,10,2.0,10.0,402.0,10.0
2008-03-18T05:00+00:00,5805,,,288.0,10.0,315.0,10.0,3.0,10.0,9.7,10.0,978.9,10.0,,,67,10,0.0,10,0.0,10,,,0.0,10,5.5,,,10.0,6.5,,,10.0,6.9,10.0,3.4,10,2.1,10.0,554.0,10.0
2008-03-18T06:00+00:00,5805,,,291.0,10.0,295.0,10.0,3.6,10.0,9.6,10.0,979.0,10.0,,,67,10,0.0,10,0.0,10,,,0.4,10,5.4,,,10.0,6.4,,,10.0,6.9,10.0,3.3,10,1.0,10.0,658.0,10.0
2008-03-18T07:00+00:00,5805,,,287.0,10.0,292.0,10.0,5.3,10.0,12.3,10.0,979.5,10.0,,,68,10,0.0,10,0.0,10,,,0.7,10,5.4,,,10.0,6.3,,,10.0,6.9,10.0,3.8,10,3.7,10.0,739.0,10.0
2008-03-18T08:00+00:00,5805,,,295.0,10.0,349.0,10.0,3.9,10.0,9.5,10.0,980.6,10.0,,,80,10,0.0,10,15.0,10,,,0.3,10,5.5,,,10.0,6.2,,,10.0,6.9,10.0,1.7,10,1.2,10.0,826.0,10.0
2008-03-18T09:00+00:00,5805,,,298.0,10.0,287.0,10.0,3.1,10.0,7.7,10.0,981.0,10.0,,,66,10,0.0,10,0.0,10,,,0.1,10,5.5,,,10.0,6.2,,,10.0,6.9,10.0,3.1,10,1.9,10.0,944.0,10.0
2008-03-18T10:00+00:00,5805,,,312.0,10.0,285.0,10.0,3.1,10.0,9.1,10.0,981.2,10.0,,,58,10,0.0,10,0.0,10,,,0.0,10,5.6,,,10.0,6.2,,,10.0,6.9,10.0,3.3,10,3.8,10.0,1059.0,10.0
2008-03-18T11:00+00:00,5805,,,293.0,10.0,308.0,10.0,3.9,10.0,9.9,10.0,980.6,10.0,,,51,10,0.0,10,0.0,10,,,0.6,10,6.0,,,10.0,6.2,,,10.0,6.8,10.0,6.3,10,3.9,10.0,1147.0,10.0
2008-03-18T12:00+00:00,5805,,,298.0,10.0,306.0,10.0,4.5,10.0,11.9,10.0,980.4,10.0,,,40,10,0.0,10,0.0,10,,,0.4,10,6.3,,,10.0,6.2,,,10.0,6.8,10.0,7.3,10,5.7,10.0,1239.0,10.0
2008-03-18T13:00+00:00,5805,,,310.0,10.0,293.0,10.0,3.4,10.0,11.5,10.0,980.1,10.0,,,37,10,0.0,10,0.0,10,,,0.4,10,6.6,,,10.0,6.3,,,10.0,6.8,10.0,6.7,10,6.7,10.0,1302.0,10.0
2008-03-18T14:00+00:00,5805,,,311.0,10.0,320.0,10.0,3.6,10.0,10.1,10.0,980.1,10.0,,,35,10,0.0,10,0.0,10,,,0.3,10,6.6,,,10.0,6.4,,,10.0,6.8,10.0,6.7,10,6.9,10.0,1411.0,10.0
2008-03-18T15:00+00:00,5805,,,292.0,10.0,270.0,10.0,4.6,10.0,12.4,10.0,980.2,10.0,,,38,10,0.0,10,0.0,10,,,0.4,10,6.7,,,10.0,6.4,,,10.0,6.8,10.0,6.8,10,6.5,10.0,1536.0,10.0
2008-03-18T16:00+00:00,5805,,,298.0,10.0,286.0,10.0,4.2,10.0,11.1,10.0,980.5,10.0,,,41,10,0.0,10,0.0,10,,,0.1,10,6.5,,,10.0,6.5,,,10.0,6.8,10.0,5.6,10,4.4,10.0,1604.0,10.0
2008-03-18T17:00+00:00,5805,,,298.0,10.0,308.0,10.0,3.5,10.0,10.8,10.0,980.8,10.0,,,43,10,0.0,10,0.0,10,,,0.8,10,6.2,,,10.0,6.5,,,10.0,6.7,10.0,5.1,10,2.7,10.0,1732.0,10.0
2008-03-18T18:00+00:00,5805,,,292.0,10.0,296.0,10.0,3.1,10.0,7.0,10.0,981.3,10.0,,,44,10,0.0,10,0.0,10,,,0.0,10,5.9,,,10.0,6.4,,,10.0,6.7,10.0,4.6,10,1.4,10.0,1801.0,10.0
2008-03-18T19:00+00:00,5805,,,306.0,10.0,282.0,10.0,2.6,10.0,7.3,10.0,982.0,10.0,,,56,10,0.0,10,0.0,10,,,0.0,10,5.7,,,10.0,6.4,,,10.0,6.7,10.0,3.7,10,2.7,10.0,1927.0,10.0
2008-03-18T20:00+00:00,5805,,,296.0,10.0,307.0,10.0,1.6,10.0,3.9,10.0,982.3,10.0,,,62,10,0.0,10,0.0,10,,,0.0,10,5.5,,,10.0,6.3,,,10.0,6.7,10.0,3.1,10,1.0,10.0,2014.0,10.0
2008-03-18T21:00+00:00,5805,,,304.0,10.0,304.0,10.0,1.8,10.0,4.5,10.0,982.7,10.0,,,55,10,0.0,10,0.0,10,,,0.0,10,5.4,,,10.0,6.2,,,10.0,6.7,10.0,3.8,10,0.9,10.0,2106.0,10.0
2008-03-18T22:00+00:00,5805,,,316.0,10.0,297.0,10.0,1.9,10.0,7.2,10.0,983.2,10.0,,,71,10,0.0,10,7.0,10,,,0.0,10,5.3,,,10.0,6.1,,,10.0,6.7,10.0,2.6,10,2.1,10.0,2248.0,10.0
2008-03-18T23:00+00:00,5805,,,302.0,10.0,285.0,10.0,2.8,10.0,8.0,10.0,983.3,10.0,,,81,10,0.0,10,27.0,10,,,0.0,10,5.1,,,10.0,6.1,,,10.0,6.7,10.0,2.0,10,0.3,10.0,2356.0,10.0
2008-03-19T00:00+00:00,5805,,,295.0,10.0,287.0,10.0,3.6,10.0,8.3,10.0,983.0,10.0,,,77,10,0.0,10,4.0,10,,,0.0,10,5.0,,,10.0,6.0,,,10.0,6.7,10.0,2.1,10,0.7,10.0,1.0,10.0
2008-03-19T01:00+00:00,5805,,,301.0,10.0,294.0,10.0,2.2,10.0,4.9,10.0,983.2,10.0,,,70,10,0.0,10,0.0,10,,,0.0,10,4.9,,,10.0,5.9,,,10.0,6.7,10.0,2.2,10,-0.3,10.0,126.0,10.0
2008-03-19T02:00+00:00,5805,,,301.0,10.0,320.0,10.0,2.5,10.0,6.0,10.0,982.8,10.0,,,65,10,0.0,10,0.0,10,,,0.0,10,4.8,,,10.0,5.8,,,10.0,6.7,10.0,2.6,10,0.8,10.0,253.0,10.0
2008-03-19T03:00+00:00,5805,,,307.0,10.0,291.0,10.0,3.2,10.0,7.9,10.0,983.2,10.0,,,73,10,0.0,10,0.0,10,,,0.0,10,4.7,,,10.0,5.7,,,10.0,6.7,10.0,1.6,10,0.3,10.0,325.0,10.0
2008-03-19T04:00+00:00,5805,,,302.0,10.0,296.0,10.0,2.8,10.0,6.4,10.0,983.4,10.0,,,76,10,0.0,10,0.0,10,,,0.0,10,4.5,,,10.0,5.7,,,10.0,6.7,10.0,0.9,10,-1.0,10.0,449.0,10.0
2008-03-19T05:00+00:00,5805,,,308.0,10.0,294.0,10.0,2.8,10.0,5.6,10.0,983.4,10.0,,,72,10,0.0,10,0.0,10,,,0.0,10,4.4,,,10.0,5.6,,,10.0,6.6,10.0,1.0,10,-1.0,10.0,508.0,10.0
2008-03-19T06:00+00:00,5805,,,309.0,10.0,327.0,10.0,2.2,10.0,4.9,10.0,983.5,10.0,,,71,10,0.0,10,0.0,10,,,0.5,10,4.2,,,10.0,5.5,,,10.0,6.6,10.0,1.7,10,-1.7,10.0,656.0,10.0
2008-03-19T07:00+00:00,5805,,,294.0,10.0,279.0,10.0,3.4,10.0,8.1,10.0,983.7,10.0,,,64,10,0.0,10,0.0,10,,,1.0,10,4.4,,,10.0,5.4,,,10.0,6.6,10.0,3.7,10,2.0,10.0,722.0,10.0
2008-03-19T08:00+00:00,5805,,,295.0,10.0,287.0,10.0,3.7,10.0,7.9,10.0,983.8,10.0,,,63,10,0.0,10,0.0,10,,,0.9,10,4.8,,,10.0,5.4,,,10.0,6.6,10.0,4.0,10,7.1,10.0,840.0,10.0
2008-03-19T09:00+00:00,5805,,,300.0,10.0,312.0,10.0,3.4,10.0,9.4,10.0,983.8,10.0,,,56,10,0.0,10,0.0,10,,,0.6,10,5.1,,,10.0,5.4,,,10.0,6.6,10.0,5.0,10,4.6,10.0,906.0,10.0
2008-03-19T10:00+00:00,5805,,,284.0,10.0,300.0,10.0,3.5,10.0,9.1,10.0,983.7,10.0,,,57,10,0.0,10,0.0,10,,,0.4,10,5.5,,,10.0,5.4,,,10.0,6.5,10.0,5.3,10,6.5,10.0,1034.0,10.0
2008-03-19T11:00+00:00,5805,,,292.0,10.0,280.0,10.0,3.6,10.0,8.4,10.0,983.3,10.0,,,56,10,0.0,10,2.0,10,,,0.2,10,5.7,,,10.0,5.5,,,10.0,6.5,10.0,5.0,10,6.7,10.0,1111.0,10.0
2008-03-19T12:00+00:00,5805,,,282.0,10.0,294.0,10.0,4.1,10.0,9.5,10.0,983.0,10.0,,,68,10,0.0,10,18.0,10,,,0.7,10,6.1,,,10.0,5.6,,,10.0,6.5,10.0,4.8,10,4.6,10.0,1211.0,10.0
2008-03-19T13:00+00:00,5805,,,290.0,10.0,312.0,10.0,3.6,10.0,9.4,10.0,982.0,10.0,,,51,10,0.0,10,4.0,10,,,0.4,10,6.4,,,10.0,5.7,,,10.0,6.5,10.0,6.8,10,7.2,10.0,1358.0,10.0
2008-03-19T14:00+00:00,5805,,,284.0,10.0,291.0,10.0,5.7,10.0,12.9,10.0,982.5,10.0,,,59,10,0.0,10,2.0,10,,,0.7,10,6.8,,,10.0,5.9,,,10.0,6.4,10.0,5.3,10,6.7,10.0,1457.0,10.0
2008-03-19T15:00+00:00,5805,,,280.0,10.0,300.0,10.0,4.6,10.0,13.3,10.0,982.1,10.0,,,72,10,0.2,10,19.0,10,,,0.4,10,6.5,,,10.0,6.0,,,10.0,6.4,10.0,4.9,10,2.7,10.0,1502.0,10.0
2008-03-19T16:00+00:00,5805,,,286.0,10.0,305.0,10.0,6.0,10.0,13.4,10.0,982.1,10.0,,,67,10,0.0,10,0.0,10,,,0.8,10,6.4,,,10.0,6.1,,,10.0,6.4,10.0,4.4,10,3.8,10.0,1609.0,10.0
2008-03-19T17:00+00:00,5805,,,287.0,10.0,294.0,10.0,4.0,10.0,9.5,10.0,982.6,10.0,,,68,10,0.0,10,0.0,10,,,0.0,10,6.1,,,10.0,6.1,,,10.0,6.4,10.0,4.0,10,1.9,10.0,1709.0,10.0
2008-03-19T18:00+00:00,5805,,,289.0,10.0,283.0,10.0,4.0,10.0,10.4,10.0,983.5,10.0,,,73,10,0.0,10,0.0,10,,,0.0,10,5.8,,,10.0,6.1,,,10.0,6.4,10.0,3.3,10,1.6,10.0,1854.0,10.0
2008-03-19T19:00+00:00,5805,,,293.0,10.0,281.0,10.0,3.6,10.0,7.8,10.0,984.2,10.0,,,75,10,0.0,10,0.0,10,,,0.0,10,5.6,,,10.0,6.1,,,10.0,6.4,10.0,3.1,10,2.0,10.0,1917.0,10.0
2008-03-19T20:00+00:00,5805,,,301.0,10.0,299.0,10.0,3.2,10.0,6.8,10.0,984.8,10.0,,,85,10,0.1,10,23.0,10,,,0.0,10,5.4,,,10.0,6.0,,,10.0,6.4,10.0,2.1,10,1.3,10.0,2100.0,10.0
2008-03-19T21:00+00:00,5805,,,304.0,10.0,317.0,10.0,2.8,10.0,6.3,10.0,985.1,10.0,,,90,10,0.6,10,34.0,10,,,0.0,10,5.2,,,10.0,6.0,,,10.0,6.4,10.0,1.6,10,0.3,10.0,2107.0,10.0
2008-03-19T22:00+00:00,5805,,,301.0,10.0,299.0,10.0,2.3,10.0,5.6,10.0,985.4,10.0,,,91,10,0.0,10,18.0,10,,,0.0,10,5.0,,,10.0,5.9,,,10.0,6.4,10.0,1.5,10,0.2,10.0,2223.0,10.0
2008-03-19T23:00+00:00,5805,,,301.0,10.0,312.0,10.0,2.5,10.0,4.4,10.0,985.3,10.0,,,87,10,0.0,10,0.0,10,,,0.0,10,4.9,,,10.0,5.8,,,10.0,6.4,10.0,1.5,10,-0.4,10.0,2335.0,10.0
2008-03-20T00:00+00:00,5805,,,300.0,10.0,284.0,10.0,2.4,10.0,4.9,10.0,985.7,10.0,,,87,10,0.0,10,0.0,10,,,0.0,10,4.7,,,10.0,5.7,,,10.0,6.4,10.0,1.3,10,-0.4,10.0,16.0,10.0
2008-03-20T01:00+00:00,5805,,,295.0,10.0,304.0,10.0,2.9,10.0,5.5,10.0,985.5,10.0,,,88,10,0.0,10,0.0,10,,,0.0,10,4.6,,,10.0,5.6,,,10.0,6.4,10.0,1.1,10,-0.6,10.0,118.0,10.0
2008-03-20T02:00+00:00,5805,,,295.0,10.0,290.0,10.0,3.1,10.0,5.7,10.0,985.3,10.0,,,87,10,0.0,10,0.0,10,,,0.0,10,4.5,,,10.0,5.6,,,10.0,6.4,10.0,0.9,10,-0.9,10.0,256.0,10.0
2008-03-20T03:00+00:00,5805,,,297.0,10.0,296.0,10.0,2.5,10.0,5.4,10.0,985.2,10.0,,,87,10,0.0,10,0.0,10,,,0.0,10,4.3,,,10.0,5.5,,,10.0,6.4,10.0,0.6,10,-1.6,10.0,400.0,10.0
2008-03-20T04:00+00:00,5805,,,330.0,10.0,312.0,10.0,1.9,10.0,3.8,10.0,985.2,10.0,,,90,10,0.0,10,0.0,10,,,0.0,10,4.2,,,10.0,5.4,,,10.0,6.4,10.0,-0.2,10,-3.2,10.0,407.0,10.0
2008-03-20T05:00+00:00,5805,,,306.0,10.0,312.0,10.0,2.6,10.0,4.9,10.0,985.3,10.0,,,87,10,0.0,10,0.0,10,,,0.0,10,4.0,,,10.0,5.3,,,10.0,6.4,10.0,0.7,10,-3.0,10.0,548.0,10.0
2008-03-20T06:00+00:00,5805,,,300.0,10.0,286.0,10.0,2.7,10.0,5.6,10.0,985.4,10.0,,,86,10,0.0,10,0.0,10,,,0.0,10,4.0,,,10.0,5.2,,,10.0,6.4,10.0,1.1,10,-0.7,10.0,637.0,10.0
2008-03-20T07:00+00:00,5805,,,303.0,10.0,292.0,10.0,3.0,10.0,8.1,10.0,985.4,10.0,,,78,10,0.0,10,0.0,10,,,0.0,10,4.0,,,10.0,5.1,,,10.0,6.4,10.0,1.7,10,0.0,10.0,740.0,10.0
2008-03-20T08:00+00:00,5805,,,289.0,10.0,271.0,10.0,4.4,10.0,9.5,10.0,985.6,10.0,,,72,10,0.0,10,0.0,10,,,0.3,10,4.3,,,10.0,5.1,,,10.0,6.3,10.0,3.0,10,1.9,10.0,853.0,10.0
2008-03-20T09:00+00:00,5805,,,286.0,10.0,295.0,10.0,4.4,10.0,9.3,10.0,985.3,10.0,,,67,10,0.0,10,0.0,10,,,0.9,10,4.9,,,10.0,5.1,,,10.0,6.3,10.0,4.3,10,6.1,10.0,928.0,10.0
2008-03-20T10:00+00:00,5805,,,281.0,10.0,301.0,10.0,5.4,10.0,11.7,10.0,984.8,10.0,,,60,10,0.0,10,0.0,10,,,0.8,10,5.5,,,10.0,5.2,,,10.0,6.3,10.0,5.4,10,7.5,10.0,1038.0,10.0
2008-03-20T11:00+00:00,5805,,,278.0,10.0,289.0,10.0,5.6,10.0,13.6,10.0,984.3,10.0,,,56,10,0.0,10,3.0,10,,,0.3,10,5.8,,,10.0,5.3,,,10.0,6.3,10.0,5.7,10,6.1,10.0,1134.0,10.0
2008-03-20T12:00+00:00,5805,,,281.0,10.0,287.0,10.0,5.3,10.0,12.5,10.0,983.5,10.0,,,52,10,0.0,10,0.0,10,,,0.3,10,6.0,,,10.0,5.4,,,10.0,6.3,10.0,5.0,10,7.3,10.0,1250.0,10.0
2008-03-20T13:00+00:00,5805,,,308.0,10.0,283.0,10.0,2.8,10.0,13.7,10.0,983.3,10.0,,,91,10,2.4,10,50.0,10,,,0.0,10,5.6,,,10.0,5.6,,,10.0,6.2,10.0,0.9,10,0.1,10.0,1312.0,10.0
2008-03-20T14:00+00:00,5805,,,315.0,10.0,349.0,10.0,2.0,10.0,6.6,10.0,982.6,10.0,,,90,10,1.3,10,31.0,10,,,0.2,10,5.3,,,10.0,5.6,,,10.0,6.2,10.0,1.9,10,0.1,10.0,1500.0,10.0
2008-03-20T15:00+00:00,5805,,,318.0,10.0,337.0,10.0,1.7,10.0,10.1,10.0,982.6,10.0,,,92,10,1.4,10,39.0,10,,,0.0,10,5.1,,,10.0,5.6,,,10.0,6.2,10.0,0.2,10,0.0,10.0,1535.0,10.0
2008-03-20T16:00+00:00,5805,,,307.0,10.0,287.0,10.0,2.2,10.0,6.8,10.0,982.1,10.0,,,93,10,0.7,10,45.0,10,,,0.0,10,4.8,,,10.0,5.5,,,10.0,6.2,10.0,0.5,10,0.0,10.0,1632.0,10.0
2008-03-20T17:00+00:00,5805,,,303.0,10.0,280.0,10.0,1.9,10.0,5.4,10.0,982.1,10.0,,,92,10,0.1,10,11.0,10,,,0.0,10,4.7,,,10.0,5.5,,,10.0,6.2,10.0,0.6,10,0.0,10.0,1759.0,10.0
2008-03-20T18:00+00:00,5805,,,305.0,10.0,302.0,10.0,2.9,10.0,6.1,10.0,982.1,10.0,,,92,10,1.7,10,48.0,10,,,0.0,10,4.5,,,10.0,5.4,,,10.0,6.2,10.0,0.5,10,0.0,10.0,1834.0,10.0
2008-03-20T19:00+00:00,5805,,,305.0,10.0,309.0,10.0,2.5,10.0,5.5,10.0,982.0,10.0,,,93,10,2.4,10,58.0,10,,,0.0,10,4.3,,,10.0,5.4,,,10.0,6.2,10.0,0.5,10,0.0,10.0,1912.0,10.0
2008-03-20T20:00+00:00,5805,,,314.0,10.0,316.0,10.0,2.1,10.0,4.7,10.0,980.9,10.0,,,93,10,0.1,10,18.0,10,,,0.0,10,4.3,,,10.0,5.3,,,10.0,6.2,10.0,0.7,10,0.0,10.0,2003.0,10.0
2008-03-20T21:00+00:00,5805,,,313.0,10.0,300.0,10.0,2.6,10.0,6.6,10.0,980.4,10.0,,,88,10,0.0,10,4.0,10,,,0.0,10,4.2,,,10.0,5.2,,,10.0,6.2,10.0,1.0,10,0.0,10.0,2150.0,10.0
2008-03-20T22:00+00:00,5805,,,301.0,10.0,308.0,10.0,3.4,10.0,8.1,10.0,979.4,10.0,,,86,10,0.0,10,2.0,10,,,0.0,10,4.1,,,10.0,5.2,,,10.0,6.2,10.0,1.2,10,0.0,10.0,2235.0,10.0
2008-03-20T23:00+00:00,5805,,,302.0,10.0,297.0,10.0,3.8,10.0,8.4,10.0,978.5,10.0,,,82,10,0.0,10,0.0,10,,,0.0,10,4.0,,,10.0,5.1,,,10.0,6.2,10.0,1.4,10,-0.4,10.0,2356.0,10.0
2008-03-21T00:00+00:00,5805,,,292.0,10.0,294.0,10.0,3.9,10.0,9.5,10.0,977.5,10.0,,,80,10,0.0,10,0.0,10,,,0.0,10,4.0,,,10.0,5.0,,,10.0,6.2,10.0,1.6,10,-0.3,10.0,28.0,10.0
2008-03-21T01:00+00:00,5805,,,307.0,10.0,304.0,10.0,1.8,10.0,4.7,10.0,976.1,10.0,,,83,10,0.0,10,0.0,10,,,0.0,10,3.9,,,10.0,5.0,,,10.0,6.2,10.0,1.2,10,-0.7,10.0,103.0,10.0
2008-03-21T02:00+00:00,5805,,,318.0,10.0,311.0,10.0,1.4,10.0,3.7,10.0,974.2,10.0,,,81,10,0.0,10,0.0,10,,,0.0,10,3.9,,,10.0,5.0,,,10.0,6.2,10.0,0.8,10,-1.5,10.0,241.0,10.0
2008-03-21T03:00+00:00,5805,,,28.0,10.0,33.0,10.0,0.9,10.0,2.7,10.0,972.5,10.0,,,92,10,0.0,10,0.0,10,,,0.0,10,3.8,,,10.0,4.9,,,10.0,6.1,10.0,-0.4,10,-2.5,10.0,326.0,10.0
2008-03-21T04:00+00:00,5805,,,344.0,10.0,314.0,10.0,1.2,10.0,3.3,10.0,971.0,10.0,,,92,10,0.0,10,0.0,10,,,0.0,10,3.7,,,10.0,4.9,,,10.0,6.1,10.0,-0.7,10,-2.2,10.0,428.0,10.0
2008-03-21T05:00+00:00,5805,,,337.0,10.0,337.0,10.0,0.5,10.0,2.5,10.0,969.4,10.0,,,92,10,0.0,10,0.0,10,,,0.0,10,3.7,,,10.0,4.8,,,10.0,6.1,10.0,-0.6,10,-1.7,10.0,546.0,10.0
2008-03-21T06:00+00:00,5805,,,346.0,10.0,20.0,10.0,0.6,10.0,2.5,10.0,968.0,10.0,,,80,10,0.0,10,0.0,10,,,0.0,10,3.7,,,10.0,4.8,,,10.0,6.1,10.0,1.0,10,-1.1,10.0,625.0,10.0
2008-03-21T07:00+00:00,5805,,,80.0,10.0,235.0,10.0,0.4,10.0,2.8,10.0,966.4,10.0,,,63,10,0.0,10,0.0,10,,,0.0,10,3.7,,,10.0,4.7,,,10.0,6.1,10.0,2.4,10,-0.2,10.0,736.0,10.0
2008-03-21T08:00+00:00,5805,,,60.0,10.0,41.0,10.0,1.5,10.0,3.8,10.0,965.5,10.0,,,67,10,0.0,10,0.0,10,,,0.0,10,3.8,,,10.0,4.7,,,10.0,6.1,10.0,2.6,10,0.1,10.0,826.0,10.0
2008-03-21T09:00+00:00,5805,,,78.0,10.0,78.0,10.0,2.0,10.0,4.6,10.0,964.5,10.0,,,55,10,0.0,10,0.0,10,,,0.0,10,4.0,,,10.0,4.7,,,10.0,6.0,10.0,3.9,10,0.5,10.0,945.0,10.0
2008-03-21T10:00+00:00,5805,,,91.0,10.0,97.0,10.0,1.8,10.0,5.2,10.0,963.2,10.0,,,50,10,0.0,10,0.0,10,,,0.1,10,4.2,,,10.0,4.7,,,10.0,6.0,10.0,5.9,10,2.6,10.0,1058.0,10.0
2008-03-21T11:00+00:00,5805,,,119.0,10.0,117.0,10.0,1.3,10.0,5.8,10.0,962.2,10.0,,,49,10,0.0,10,0.0,10,,,0.1,10,4.5,,,10.0,4.7,,,10.0,6.0,10.0,6.9,10,4.8,10.0,1111.0,10.0
2008-03-21T12:00+00:00,5805,,,161.0,10.0,158.0,10.0,0.7,10.0,3.2,10.0,961.3,10.0,,,52,10,0.0,10,7.0,10,,,0.0,10,4.6,,,10.0,4.8,,,10.0,6.0,10.0,6.9,10,4.8,10.0,1248.0,10.0
2008-03-21T13:00+00:00,5805,,,133.0,10.0,233.0,10.0,0.6,10.0,4.3,10.0,960.5,10.0,,,51,10,0.0,10,4.0,10,,,0.0,10,4.7,,,10.0,4.8,,,10.0,6.0,10.0,7.4,10,5.5,10.0,1356.0,10.0
2008-03-21T14:00+00:00,5805,,,190.0,10.0,184.0,10.0,1.0,10.0,5.0,10.0,959.8,10.0,,,48,10,0.0,10,9.0,10,,,0.0,10,4.7,,,10.0,4.9,,,10.0,5.9,10.0,7.1,10,5.3,10.0,1412.0,10.0
2008-03-21T15:00+00:00,5805,,,75.0,10.0,172.0,10.0,0.2,10.0,2.8,10.0,958.7,10.0,,,50,10,0.0,10,2.0,10,,,0.0,10,4.8,,,10.0,4.9,,,10.0,5.9,10.0,7.4,10,5.8,10.0,1505.0,10.0
2008-03-21T16:00+00:00,5805,,,121.0,10.0,129.0,10.0,0.6,10.0,3.9,10.0,957.5,10.0,,,49,10,0.0,10,0.0,10,,,0.0,10,4.9,,,10.0,4.9,,,10.0,5.9,10.0,8.2,10,6.1,10.0,1644.0,10.0
2008-03-21T17:00+00:00,5805,,,148.0,10.0,146.0,10.0,1.2,10.0,4.3,10.0,956.9,10.0,,,48,10,0.0,10,0.0,10,,,0.0,10,5.0,,,10.0,5.0,,,10.0,5.9,10.0,8.1,10,6.3,10.0,1746.0,10.0
2008-03-21T18:00+00:00,5805,,,168.0,10.0,144.0,10.0,0.6,10.0,4.1,10.0,956.9,10.0,,,58,10,0.0,10,0.0,10,,,0.0,10,4.9,,,10.0,5.0,,,10.0,5.9,10.0,5.8,10,3.0,10.0,1827.0,10.0
2008-03-21T19:00+00:00,5805,,,342.0,10.0,359.0,10.0,0.4,10.0,3.1,10.0,957.0,10.0,,,82,10,0.0,10,0.0,10,,,0.0,10,4.7,,,10.0,5.0,,,10.0,5.9,10.0,2.8,10,0.0,10.0,1921.0,10.0
2008-03-21T20:00+00:00,5805,,,335.0,10.0,315.0,10.0,0.7,10.0,2.9,10.0,957.6,10.0,,,81,10,0.0,10,0.0,10,,,0.0,10,4.5,,,10.0,5.0,,,10.0,5.9,10.0,2.7,10,-0.7,10.0,2053.0,10.0
2008-03-21T21:00+00:00,5805,,,357.0,10.0,359.0,10.0,0.6,10.0,2.9,10.0,958.3,10.0,,,89,10,0.0,10,0.0,10,,,0.0,10,4.2,,,10.0,5.0,,,10.0,5.9,10.0,1.0,10,-1.6,10.0,2152.0,10.0
2008-03-21T22:00+00:00,5805,,,303.0,10.0,322.0,10.0,2.2,10.0,7.9,10.0,958.8,10.0,,,82,10,0.0,10,0.0,10,,,0.0,10,4.1,,,10.0,4.9,,,10.0,5.9,10.0,4.8,10,-1.5,10.0,2237.0,10.0
2008-03-21T23:00+00:00,5805,,,293.0,10.0,307.0,10.0,3.5,10.0,7.6,10.0,959.4,10.0,,,76,10,0.0,10,0.0,10,,,0.0,10,4.2,,,10.0,4.9,,,10.0,5.8,10.0,5.2,10,2.6,10.0,2349.0,10.0
2008-03-22T00:00+00:00,5805,,,291.0,10.0,324.0,10.0,3.3,10.0,7.3,10.0,959.8,10.0,,,73,10,0.0,10,0.0,10,,,0.0,10,4.3,,,10.0,4.8,,,10.0,5.8,10.0,4.9,10,3.6,10.0,13.0,10.0
2008-03-22T01:00+00:00,5805,,,281.0,10.0,290.0,10.0,4.1,10.0,10.5,10.0,959.9,10.0,,,67,10,0.0,10,0.0,10,,,0.0,10,4.3,,,10.0,4.8,,,10.0,5.8,10.0,4.6,10,3.4,10.0,141.0,10.0
2008-03-22T02:00+00:00,5805,,,286.0,10.0,308.0,10.0,3.3,10.0,9.0,10.0,959.8,10.0,,,67,10,0.0,10,0.0,10,,,0.0,10,4.3,,,10.0,4.8,,,10.0,5.8,10.0,4.3,10,2.9,10.0,204.0,10.0
2008-03-22T03:00+00:00,5805,,,296.0,10.0,284.0,10.0,3.3,10.0,8.0,10.0,960.2,10.0,,,68,10,0.0,10,0.0,10,,,0.0,10,4.2,,,10.0,4.8,,,10.0,5.8,10.0,4.2,10,2.9,10.0,328.0,10.0
2008-03-22T04:00+00:00,5805,,,293.0,10.0,296.0,10.0,2.9,10.0,8.5,10.0,960.8,10.0,,,69,10,0.0,10,0.0,10,,,0.0,10,4.2,,,10.0,4.8,,,10.0,5.8,10.0,3.8,10,2.5,10.0,443.0,10.0
2008-03-22T05:00+00:00,5805,,,292.0,10.0,286.0,10.0,3.5,10.0,6.8,10.0,961.2,10.0,,,70,10,0.0,10,0.0,10,,,0.0,10,4.1,,,10.0,4.7,,,10.0,5.8,10.0,3.3,10,2.1,10.0,501.0,10.0
2008-03-22T06:00+00:00,5805,,,295.0,10.0,268.0,10.0,3.1,10.0,7.5,10.0,961.3,10.0,,,70,10,0.0,10,0.0,10,,,0.0,10,4.1,,,10.0,4.7,,,10.0,5.8,10.0,3.4,10,2.0,10.0,700.0,10.0
2008-03-22T07:00+00:00,5805,,,290.0,10.0,318.0,10.0,3.6,10.0,8.5,10.0,961.4,10.0,,,65,10,0.0,10,0.0,10,,,0.0,10,4.1,,,10.0,4.7,,,10.0,5.8,10.0,4.1,10,2.7,10.0,731.0,10.0
2008-03-22T08:00+00:00,5805,,,293.0,10.0,302.0,10.0,3.3,10.0,7.2,10.0,961.6,10.0,,,56,10,0.0,10,0.0,10,,,0.0,10,4.3,,,10.0,4.7,,,10.0,5.8,10.0,5.1,10,4.0,10.0,840.0,10.0
2008-03-22T09:00+00:00,5805,,,293.0,10.0,295.0,10.0,5.2,10.0,11.6,10.0,962.0,10.0,,,51,10,0.0,10,0.0,10,,,0.0,10,4.5,,,10.0,4.7,,,10.0,5.7,10.0,6.0,10,6.2,10.0,950.0,10.0
2008-03-22T10:00+00:00,5805,,,296.0,10.0,314.0,10.0,5.6,10.0,11.9,10.0,962.4,10.0,,,50,10,0.0,10,0.0,10,,,0.7,10,4.9,,,10.0,4.7,,,10.0,5.7,10.0,7.2,10,8.0,10.0,1045.0,10.0
2008-03-22T11:00+00:00,5805,,,294.0,10.0,311.0,10.0,5.9,10.0,14.2,10.0,962.9,10.0,,,48,10,0.0,10,0.0,10,,,0.9,10,5.5,,,10.0,4.8,,,10.0,5.7,10.0,7.8,10,10.7,10.0,1102.0,10.0
2008-03-22T12:00+00:00,5805,,,301.0,10.0,312.0,10.0,4.6,10.0,10.6,10.0,962.6,10.0,,,47,10,0.0,10,0.0,10,,,0.8,10,5.9,,,10.0,5.0,,,10.0,5.7,10.0,8.7,10,9.9,10.0,1209.0,10.0
2008-03-22T13:00+00:00,5805,,,291.0,10.0,294.0,10.0,5.1,10.0,11.3,10.0,962.7,10.0,,,45,10,0.0,10,0.0,10,,,0.9,10,6.4,,,10.0,5.1,,,10.0,5.7,10.0,8.7,10,12.6,10.0,1338.0,10.0
2008-03-22T14:00+00:00,5805,,,299.0,10.0,291.0,10.0,4.7,10.0,10.2,10.0,963.1,10.0,,,46,10,0.0,10,0.0,10,,,0.8,10,6.6,,,10.0,5.3,,,10.0,5.7,10.0,8.6,10,10.8,10.0,1444.0,10.0
2008-03-22T15:00+00:00,5805,,,293.0,10.0,293.0,10.0,4.3,10.0,11.3,10.0,963.5,10.0,,,47,10,0.0,10,0.0,10,,,0.6,10,6.7,,,10.0,5.5,,,10.0,5.7,10.0,8.2,10,9.4,10.0,1514.0,10.0
2008-03-22T16:00+00:00,5805,,,301.0,10.0,317.0,10.0,3.3,10.0,7.8,10.0,963.7,10.0,,,46,10,0.0,10,0.0,10,,,0.6,10,6.5,,,10.0,5.6,,,10.0,5.7,10.0,7.5,10,6.8,10.0,1645.0,10.0
2008-03-22T17:00+00:00,5805,,,302.0,10.0,324.0,10.0,2.0,10.0,6.2,10.0,964.3,10.0,,,48,10,0.0,10,0.0,10,,,0.0,10,6.2,,,10.0,5.7,,,10.0,5.7,10.0,6.8,10,3.6,10.0,1716.0,10.0
2008-03-22T18:00+00:00,5805,,,330.0,10.0,332.0,10.0,0.6,10.0,2.6,10.0,965.0,10.0,,,65,10,0.0,10,0.0,10,,,0.0,10,5.8,,,10.0,5.7,,,10.0,5.7,10.0,3.4,10,-0.9,10.0,1900.0,10.0
2008-03-22T19:00+00:00,5805,,,7.0,10.0,359.0,10.0,0.7,10.0,2.2,10.0,965.9,10.0,,,78,10,0.0,10,0.0,10,,,0.0,10,5.4,,,10.0,5.7,,,10.0,5.7,10.0,1.4,10,-2.5,10.0,1956.0,10.0
2008-03-22T20:00+00:00,5805,,,358.0,10.0,3.0,10.0,0.9,10.0,2.7,10.0,966.3,10.0,,,86,10,0.0,10,0.0,10,,,0.0,10,5.0,,,10.0,5.6,,,10.0,5.7,10.0,0.0,10,-3.3,10.0,2044.0,10.0
2008-03-22T21:00+00:00,5805,,,360.0,10.0,3.0,10.0,0.9,10.0,2.9,10.0,966.6,10.0,,,90,10,0.0,10,0.0,10,,,0.0,10,4.6,,,10.0,5.5,,,10.0,5.7,10.0,-0.8,10,-3.9,10.0,2112.0,10.0
2008-03-22T22:00+00:00,5805,,,355.0,10.0,359.0,10.0,0.8,10.0,2.6,10.0,967.0,10.0,,,91,10,0.0,10,0.0,10,,,0.0,10,4.3,,,10.0,5.4,,,10.0,5.8,10.0,-1.3,10,-4.2,10.0,2202.0,10.0
2008-03-22T23:00+00:00,5805,,,332.0,10.0,333.0,10.0,0.8,10.0,2.6,10.0,967.0,10.0,,,92,10,0.0,10,0.0,10,,,0.0,10,4.1,,,10.0,5.2,,,10.0,5.8,10.0,-1.7,10,-4.5,10.0,2331.0,10.0
2008-03-23T00:00+00:00,5805,,,343.0,10.0,336.0,10.0,1.1,10.0,2.8,10.0,966.6,10.0,,,91,10,0.0,10,0.0,10,,,0.0,10,3.8,,,10.0,5.1,,,10.0,5.8,10.0,-1.6,10,-4.5,10.0,35.0,10.0
2008-03-23T01:00+00:00,5805,,,358.0,10.0,351.0,10.0,0.8,10.0,2.3,10.0,967.0,10.0,,,92,10,0.0,10,0.0,10,,,0.0,10,3.6,,,10.0,5.0,,,10.0,5.8,10.0,-2.2,10,-5.1,10.0,130.0,10.0
2008-03-23T02:00+00:00,5805,,,347.0,10.0,15.0,10.0,0.6,10.0,2.4,10.0,967.0,10.0,,,92,10,0.0,10,0.0,10,,,0.0,10,3.4,,,10.0,4.9,,,10.0,5.8,10.0,-2.6,10,-5.2,10.0,215.0,10.0
2008-03-23T03:00+00:00,5805,,,355.0,10.0,336.0,10.0,1.0,10.0,2.4,10.0,967.1,10.0,,,92,10,0.0,10,0.0,10,,,0.0,10,3.3,,,10.0,4.7,,,10.0,5.8,10.0,-2.4,10,-5.1,10.0,329.0,10.0
2008-03-23T04:00+00:00,5805,,,336.0,10.0,2.0,10.0,0.9,10.0,2.5,10.0,967.4,10.0,,,92,10,0.0,10,0.0,10,,,0.0,10,3.1,,,10.0,4.6,,,10.0,5.8,10.0,-2.7,10,-5.5,10.0,446.0,10.0
2008-03-23T05:00+00:00,5805,,,338.0,10.0,7.0,10.0,0.7,10.0,2.2,10.0,967.5,10.0,,,92,10,0.0,10,0.0,10,,,0.0,10,3.0,,,10.0,4.5,,,10.0,5.8,10.0,-3.0,10,-5.4,10.0,522.0,10.0
2008-03-23T06:00+00:00,5805,,,346.0,10.0,8.0,10.0,1.0,10.0,2.4,10.0,968.1,10.0,,,92,10,0.0,10,0.0,10,,,0.0,10,2.9,,,10.0,4.4,,,10.0,5.8,10.0,-1.8,10,-5.1,10.0,646.0,10.0
2008-03-23T07:00+00:00,5805,,,332.0,10.0,341.0,10.0,0.8,10.0,2.7,10.0,968.7,10.0,,,87,10,0.0,10,0.0,10,,,0.1,10,3.0,,,10.0,4.3,,,10.0,5.8,10.0,0.2,10,-2.1,10.0,753.0,10.0
2008-03-23T08:00+00:00,5805,,,290.0,10.0,308.0,10.0,0.5,10.0,2.1,10.0,968.9,10.0,,,70,10,0.0,10,0.0,10,,,0.5,10,3.3,,,10.0,4.2,,,10.0,5.7,10.0,3.5,10,1.0,10.0,824.0,10.0
2008-03-23T09:00+00:00,5805,,,291.0,10.0,331.0,10.0,1.7,10.0,5.2,10.0,968.8,10.0,,,57,10,0.0,10,0.0,10,,,0.9,10,3.9,,,10.0,4.2,,,10.0,5.7,10.0,5.9,10,6.9,10.0,938.0,10.0
2008-03-23T10:00+00:00,5805,,,167.0,10.0,151.0,10.0,0.4,10.0,4.0,10.0,968.9,10.0,,,61,10,0.0,10,0.0,10,,,0.0,10,4.4,,,10.0,4.3,,,10.0,5.7,10.0,5.7,10,6.9,10.0,1052.0,10.0
2008-03-23T11:00+00:00,5805,,,205.0,10.0,111.0,10.0,1.1,10.0,4.2,10.0,969.7,10.0,,,71,10,0.0,10,36.0,10,,,0.0,10,4.5,,,10.0,4.4,,,10.0,5.7,10.0,4.9,10,5.0,10.0,1105.0,10.0
2008-03-23T12:00+00:00,5805,,,182.0,10.0,226.0,10.0,0.6,10.0,2.8,10.0,969.3,10.0,,,80,10,0.2,10,57.0,10,,,0.0,10,4.7,,,10.0,4.5,,,10.0,5.6,10.0,4.8,10,4.8,10.0,1201.0,10.0
2008-03-23T13:00+00:00,5805,,,244.0,10.0,158.0,10.0,0.1,10.0,2.2,10.0,968.9,10.0,,,74,10,0.0,10,48.0,10,,,0.0,10,4.9,,,10.0,4.6,,,10.0,5.6,10.0,4.9,10,6.2,10.0,1354.0,10.0
2008-03-23T14:00+00:00,5805,,,119.0,10.0,110.0,10.0,0.8,10.0,2.5,10.0,968.5,10.0,,,81,10,0.1,10,48.0,10,,,0.0,10,5.0,,,10.0,4.7,,,10.0,5.6,10.0,5.0,10,5.2,10.0,1459.0,10.0
2008-03-23T15:00+00:00,5805,,,114.0,10.0,131.0,10.0,0.4,10.0,2.7,10.0,968.2,10.0,,,76,10,0.0,10,7.0,10,,,0.1,10,5.2,,,10.0,4.8,,,10.0,5.6,10.0,5.4,10,6.0,10.0,1600.0,10.0
2008-03-23T16:00+00:00,5805,,,116.0,10.0,131.0,10.0,0.8,10.0,3.3,10.0,968.3,10.0,,,76,10,0.0,10,0.0,10,,,0.0,10,5.3,,,10.0,4.9,,,10.0,5.6,10.0,5.3,10,5.1,10.0,1649.0,10.0
2008-03-23T17:00+00:00,5805,,,107.0,10.0,136.0,10.0,0.8,10.0,2.6,10.0,967.8,10.0,,,78,10,0.0,10,0.0,10,,,0.0,10,5.2,,,10.0,5.0,,,10.0,5.6,10.0,4.7,10,3.3,10.0,1704.0,10.0
2008-03-23T18:00+00:00,5805,,,357.0,10.0,7.0,10.0,0.4,10.0,1.8,10.0,967.5,10.0,,,85,10,0.0,10,0.0,10,,,0.0,10,5.1,,,10.0,5.1,,,10.0,5.6,10.0,3.7,10,1.5,10.0,1824.0,10.0
2008-03-23T19:00+00:00,5805,,,307.0,10.0,334.0,10.0,0.5,10.0,1.9,10.0,968.2,10.0,,,88,10,0.0,10,0.0,10,,,0.0,10,4.9,,,10.0,5.1,,,10.0,5.6,10.0,3.1,10,1.1,10.0,1932.0,10.0
2008-03-23T20:00+00:00,5805,,,317.0,10.0,333.0,10.0,0.6,10.0,2.0,10.0,967.6,10.0,,,89,10,0.0,10,0.0,10,,,0.0,10,4.8,,,10.0,5.1,,,10.0,5.6,10.0,3.0,10,1.2,10.0,2047.0,10.0
2008-03-23T21:00+00:00,5805,,,299.0,10.0,304.0,10.0,0.9,10.0,2.8,10.0,967.1,10.0,,,89,10,0.0,10,0.0,10,,,0.0,10,4.7,,,10.0,5.0,,,10.0,5.6,10.0,2.9,10,1.7,10.0,2132.0,10.0
2008-03-23T22:00+00:00,5805,,,297.0,10.0,315.0,10.0,0.9,10.0,2.9,10.0,966.3,10.0,,,88,10,0.0,10,25.0,10,,,0.0,10,4.6,,,10.0,5.0,,,10.0,5.6,10.0,3.4,10,1.7,10.0,2240.0,10.0
2008-03-23T23:00+00:00,5805,,,303.0,10.0,314.0,10.0,1.5,10.0,3.5,10.0,965.8,10.0,,,90,10,0.1,10,59.0,10,,,0.0,10,4.6,,,10.0,5.0,,,10.0,5.6,10.0,3.1,10,2.4,10.0,2359.0,10.0
2008-03-24T00:00+00:00,5805,,,305.0,10.0,311.0,10.0,1.9,10.0,4.6,10.0,965.4,10.0,,,92,10,0.7,10,60.0,10,,,0.0,10,4.5,,,10.0,5.0,,,10.0,5.6,10.0,2.5,10,2.0,10.0,19.0,10.0
2008-03-24T01:00+00:00,5805,,,308.0,10.0,314.0,10.0,2.0,10.0,4.9,10.0,965.1,10.0,,,92,10,1.6,10,60.0,10,,,0.0,10,4.4,,,10.0,4.9,,,10.0,5.6,10.0,1.5,10,0.8,10.0,150.0,10.0
2008-03-24T02:00+00:00,5805,,,299.0,10.0,314.0,10.0,1.8,10.0,3.6,10.0,964.4,10.0,,,93,10,1.4,10,60.0,10,,,0.0,10,4.3,,,10.0,4.9,,,10.0,5.6,10.0,0.7,10,0.1,10.0,203.0,10.0
2008-03-24T03:00+00:00,5805,,,302.0,10.0,294.0,10.0,2.7,10.0,6.5,10.0,964.1,10.0,,,93,10,1.5,10,60.0,10,,,0.0,10,4.1,,,10.0,4.9,,,10.0,5.6,10.0,0.7,10,0.1,10.0,346.0,10.0
2008-03-24T04:00+00:00,5805,,,306.0,10.0,324.0,10.0,3.4,10.0,9.2,10.0,964.2,10.0,,,92,10,2.2,10,60.0,10,,,0.0,10,3.9,,,10.0,4.8,,,10.0,5.6,10.0,0.7,10,0.1,10.0,451.0,10.0
2008-03-24T05:00+00:00,5805,,,298.0,10.0,311.0,10.0,4.5,10.0,9.4,10.0,964.7,10.0,,,92,10,3.4,10,60.0,10,,,0.0,10,3.7,,,10.0,4.7,,,10.0,5.6,10.0,0.5,10,0.0,10.0,531.0,10.0
2008-03-24T06:00+00:00,5805,,,300.0,10.0,315.0,10.0,4.5,10.0,10.2,10.0,965.2,10.0,,,92,10,1.7,10,58.0,10,,,0.0,10,3.6,,,10.0,4.6,,,10.0,5.6,10.0,0.4,10,0.0,10.0,615.0,10.0
2008-03-24T07:00+00:00,5805,,,298.0,10.0,305.0,10.0,4.7,10.0,10.6,10.0,966.0,10.0,,,92,10,0.5,10,55.0,10,,,0.0,10,3.5,,,10.0,4.6,,,10.0,5.6,10.0,0.5,10,0.1,10.0,711.0,10.0
2008-03-24T08:00+00:00,5805,,,300.0,10.0,311.0,10.0,4.8,10.0,9.3,10.0,966.6,10.0,,,92,10,0.4,10,49.0,10,,,0.0,10,3.5,,,10.0,4.5,,,10.0,5.6,10.0,0.8,10,0.1,10.0,844.0,10.0
2008-03-24T09:00+00:00,5805,,,298.0,10.0,283.0,10.0,4.7,10.0,9.8,10.0,967.0,10.0,,,86,10,0.0,10,12.0,10,,,0.6,10,3.6,,,10.0,4.4,,,10.0,5.6,10.0,2.1,10,0.3,10.0,927.0,10.0
2008-03-24T10:00+00:00,5805,,,299.0,10.0,307.0,10.0,4.8,10.0,11.7,10.0,967.1,10.0,,,77,10,0.0,10,0.0,10,,,0.4,10,3.8,,,10.0,4.4,,,10.0,5.6,10.0,2.5,10,3.1,10.0,1018.0,10.0
2008-03-24T11:00+00:00,5805,,,287.0,10.0,285.0,10.0,5.7,10.0,11.3,10.0,966.8,10.0,,,69,10,0.0,10,0.0,10,,,1.0,10,4.2,,,10.0,4.4,,,10.0,5.6,10.0,3.8,10,4.4,10.0,1114.0,10.0
2008-03-24T12:00+00:00,5805,,,289.0,10.0,293.0,10.0,5.2,10.0,13.2,10.0,965.7,10.0,,,62,10,0.0,10,0.0,10,,,1.0,10,4.8,,,10.0,4.5,,,10.0,5.5,10.0,5.2,10,7.1,10.0,1246.0,10.0
2008-03-24T13:00+00:00,5805,,,290.0,10.0,303.0,10.0,5.0,10.0,10.5,10.0,965.8,10.0,,,58,10,0.0,10,0.0,10,,,0.6,10,5.3,,,10.0,4.6,,,10.0,5.5,10.0,4.6,10,6.0,10.0,1358.0,10.0
2008-03-24T14:00+00:00,5805,,,283.0,10.0,306.0,10.0,4.2,10.0,8.8,10.0,966.8,10.0,,,56,10,0.0,10,0.0,10,,,0.1,10,5.4,,,10.0,4.8,,,10.0,5.5,10.0,4.4,10,5.6,10.0,1426.0,10.0
2008-03-24T15:00+00:00,5805,,,281.0,10.0,298.0,10.0,4.0,10.0,9.8,10.0,967.0,10.0,,,57,10,0.0,10,0.0,10,,,0.0,10,5.3,,,10.0,4.9,,,10.0,5.5,10.0,3.7,10,4.2,10.0,1554.0,10.0
2008-03-24T16:00+00:00,5805,,,287.0,10.0,305.0,10.0,4.3,10.0,10.1,10.0,967.4,10.0,,,55,10,0.0,10,0.0,10,,,0.0,10,5.2,,,10.0,5.0,,,10.0,5.5,10.0,3.6,10,4.2,10.0,1628.0,10.0
2008-03-24T17:00+00:00,5805,,,285.0,10.0,289.0,10.0,3.9,10.0,8.2,10.0,967.9,10.0,,,55,10,0.0,10,0.0,10,,,0.0,10,5.0,,,10.0,5.0,,,10.0,5.5,10.0,2.8,10,1.4,10.0,1800.0,10.0
2008-03-24T18:00+00:00,5805,,,293.0,10.0,297.0,10.0,4.2,10.0,9.5,10.0,968.0,10.0,,,55,10,0.0,10,0.0,10,,,0.0,10,4.7,,,10.0,5.0,,,10.0,5.5,10.0,2.2,10,0.6,10.0,1803.0,10.0
2008-03-24T19:00+00:00,5805,,,299.0,10.0,297.0,10.0,3.0,10.0,8.5,10.0,968.3,10.0,,,59,10,0.0,10,0.0,10,,,0.0,10,4.4,,,10.0,5.0,,,10.0,5.5,10.0,1.5,10,-0.8,10.0,1906.0,10.0
2008-03-24T20:00+00:00,5805,,,296.0,10.0,300.0,10.0,3.5,10.0,6.5,10.0,968.2,10.0,,,64,10,0.0,10,0.0,10,,,0.0,10,4.1,,,10.0,4.9,,,10.0,5.5,10.0,1.2,10,-0.9,10.0,2058.0,10.0
2008-03-24T21:00+00:00,5805,,,300.0,10.0,281.0,10.0,2.9,10.0,7.6,10.0,968.2,10.0,,,64,10,0.0,10,0.0,10,,,0.0,10,3.9,,,10.0,4.8,,,10.0,5.5,10.0,1.1,10,-0.8,10.0,2102.0,10.0
2008-03-24T22:00+00:00,5805,,,297.0,10.0,291.0,10.0,3.7,10.0,7.5,10.0,968.2,10.0,,,67,10,0.0,10,0.0,10,,,0.0,10,3.8,,,10.0,4.8,,,10.0,5.5,10.0,1.0,10,-0.8,10.0,2239.0,10.0
2008-03-24T23:00+00:00,5805,,,307.0,10.0,306.0,10.0,3.1,10.0,7.2,10.0,967.9,10.0,,,68,10,0.0,10,0.0,10,,,0.0,10,3.6,,,10.0,4.7,,,10.0,5.5,10.0,0.6,10,-0.9,10.0,2301.0,10.0
2008-03-25T00:00+00:00,5805,,,305.0,10.0,302.0,10.0,3.3,10.0,6.2,10.0,967.5,10.0,,,71,10,0.0,10,0.0,10,,,0.0,10,3.4,,,10.0,4.6,,,10.0,5.5,10.0,0.3,10,-1.6,10.0,40.0,10.0
2008-03-25T01:00+00:00,5805,,,314.0,10.0,296.0,10.0,2.6,10.0,6.2,10.0,967.7,10.0,,,71,10,0.0,10,0.0,10,,,0.0,10,3.3,,,10.0,4.5,,,10.0,5.5,10.0,0.0,10,-2.2,10.0,111.0,10.0
2008-03-25T02:00+00:00,5805,,,334.0,10.0,311.0,10.0,1.9,10.0,5.5,10.0,967.4,10.0,,,76,10,0.0,10,0.0,10,,,0.0,10,3.2,,,10.0,4.4,,,10.0,5.5,10.0,-0.4,10,-2.2,10.0,202.0,10.0
2008-03-25T03:00+00:00,5805,,,337.0,10.0,335.0,10.0,1.5,10.0,4.2,10.0,967.4,10.0,,,80,10,0.0,10,0.0,10,,,0.0,10,3.0,,,10.0,4.3,,,10.0,5.5,10.0,-0.8,10,-2.9,10.0,304.0,10.0
2008-03-25T04:00+00:00,5805,,,325.0,10.0,312.0,10.0,1.6,10.0,4.0,10.0,967.5,10.0,,,78,10,0.0,10,0.0,10,,,0.0,10,3.0,,,10.0,4.2,,,10.0,5.5,10.0,0.4,10,-2.0,10.0,426.0,10.0
2008-03-25T05:00+00:00,5805,,,296.0,10.0,264.0,10.0,3.3,10.0,7.5,10.0,967.9,10.0,,,85,10,0.0,10,18.0,10,,,0.0,10,3.0,,,10.0,4.1,,,10.0,5.5,10.0,0.1,10,-1.1,10.0,535.0,10.0
2008-03-25T06:00+00:00,5805,,,304.0,10.0,320.0,10.0,2.9,10.0,6.8,10.0,968.3,10.0,,,71,10,0.0,10,12.0,10,,,0.3,10,2.9,,,10.0,4.1,,,10.0,5.5,10.0,1.0,10,-0.7,10.0,641.0,10.0
2008-03-25T07:00+00:00,5805,,,308.0,10.0,318.0,10.0,3.1,10.0,7.7,10.0,968.6,10.0,,,67,10,0.0,10,0.0,10,,,0.3,10,3.0,,,10.0,4.0,,,10.0,5.4,10.0,1.3,10,0.8,10.0,711.0,10.0
2008-03-25T08:00+00:00,5805,,,292.0,10.0,313.0,10.0,4.2,10.0,10.0,10.0,968.9,10.0,,,56,10,0.0,10,0.0,10,,,1.0,10,3.4,,,10.0,4.0,,,10.0,5.4,10.0,3.4,10,2.6,10.0,857.0,10.0
2008-03-25T09:00+00:00,5805,,,290.0,10.0,292.0,10.0,4.2,10.0,9.1,10.0,969.2,10.0,,,54,10,0.0,10,0.0,10,,,1.0,10,3.9,,,10.0,4.0,,,10.0,5.4,10.0,4.6,10,7.8,10.0,946.0,10.0
2008-03-25T10:00+00:00,5805,,,284.0,10.0,297.0,10.0,5.5,10.0,11.5,10.0,969.4,10.0,,,56,10,0.0,10,0.0,10,,,0.8,10,4.5,,,10.0,4.1,,,10.0,5.4,10.0,4.9,10,8.6,10.0,1037.0,10.0
2008-03-25T11:00+00:00,5805,,,285.0,10.0,297.0,10.0,6.7,10.0,13.6,10.0,969.8,10.0,,,59,10,0.0,10,3.0,10,,,0.8,10,5.1,,,10.0,4.3,,,10.0,5.4,10.0,4.1,10,8.5,10.0,1144.0,10.0
2008-03-25T12:00+00:00,5805,,,282.0,10.0,319.0,10.0,5.4,10.0,14.1,10.0,970.6,10.0,,,82,10,0.0,10,27.0,10,,,0.0,10,5.1,,,10.0,4.4,,,10.0,5.3,10.0,2.1,10,3.4,10.0,1206.0,10.0
2008-03-25T13:00+00:00,5805,,,296.0,10.0,314.0,10.0,4.4,10.0,10.5,10.0,970.9,10.0,,,74,10,0.0,10,20.0,10,,,0.1,10,4.9,,,10.0,4.6,,,10.0,5.3,10.0,2.1,10,1.8,10.0,1351.0,10.0
2008-03-25T14:00+00:00,5805,,,291.0,10.0,285.0,10.0,5.4,10.0,12.4,10.0,971.6,10.0,,,89,10,0.5,10,34.0,10,,,0.0,10,4.7,,,10.0,4.7,,,10.0,5.3,10.0,0.5,10,0.1,10.0,1437.0,10.0
2008-03-25T15:00+00:00,5805,,,296.0,10.0,290.0,10.0,4.1,10.0,10.9,10.0,972.7,10.0,,,92,10,1.8,10,58.0,10,,,0.0,10,4.4,,,10.0,4.7,,,10.0,5.3,10.0,-0.3,10,-0.3,10.0,1510.0,10.0
2008-03-25T16:00+00:00,5805,,,321.0,10.0,315.0,10.0,2.3,10.0,6.9,10.0,972.5,10.0,,,92,10,2.6,10,53.0,10,,,0.0,10,4.1,,,10.0,4.7,,,10.0,5.3,10.0,-0.3,10,-0.5,10.0,1645.0,10.0
2008-03-25T17:00+00:00,5805,,,297.0,10.0,294.0,10.0,3.8,10.0,12.5,10.0,973.5,10.0,,,92,10,1.3,10,33.0,10,,,0.1,10,3.9,,,10.0,4.6,,,10.0,5.3,10.0,-0.6,10,-1.1,10.0,1728.0,10.0
2008-03-25T18:00+00:00,5805,,,299.0,10.0,292.0,10.0,3.7,10.0,8.0,10.0,974.3,10.0,,,81,10,0.0,10,0.0,10,,,0.0,10,3.7,,,10.0,4.6,,,10.0,5.3,10.0,-0.2,10,-1.8,10.0,1840.0,10.0
2008-03-25T19:00+00:00,5805,,,293.0,10.0,287.0,10.0,4.4,10.0,9.2,10.0,975.2,10.0,,,78,10,0.0,10,0.0,10,,,0.0,10,3.6,,,10.0,4.5,,,10.0,5.3,10.0,-0.4,10,-1.7,10.0,1953.0,10.0
2008-03-25T20:00+00:00,5805,,,291.0,10.0,287.0,10.0,3.9,10.0,8.9,10.0,975.8,10.0,,,78,10,0.0,10,0.0,10,,,0.0,10,3.5,,,10.0,4.5,,,10.0,5.3,10.0,-0.7,10,-2.1,10.0,2011.0,10.0
2008-03-25T21:00+00:00,5805,,,289.0,10.0,299.0,10.0,4.2,10.0,9.8,10.0,976.1,10.0,,,75,10,0.0,10,0.0,10,,,0.0,10,3.4,,,10.0,4.4,,,10.0,5.3,10.0,-0.5,10,-2.1,10.0,2110.0,10.0
2008-03-25T22:00+00:00,5805,,,288.0,10.0,282.0,10.0,4.8,10.0,11.0,10.0,976.2,10.0,,,77,10,0.0,10,1.0,10,,,0.0,10,3.3,,,10.0,4.4,,,10.0,5.3,10.0,-0.3,10,-1.9,10.0,2249.0,10.0
2008-03-25T23:00+00:00,5805,,,294.0,10.0,292.0,10.0,3.6,10.0,9.8,10.0,976.4,10.0,,,76,10,0.0,10,0.0,10,,,0.0,10,3.2,,,10.0,4.3,,,10.0,5.3,10.0,-0.3,10,-2.3,10.0,2356.0,10.0
2008-03-26T00:00+00:00,5805,,,294.0,10.0,290.0,10.0,4.5,10.0,10.6,10.0,976.3,10.0,,,74,10,0.0,10,0.0,10,,,0.0,10,3.2,,,10.0,4.2,,,10.0,5.3,10.0,0.2,10,-2.2,10.0,53.0,10.0
2008-03-26T01:00+00:00,5805,,,290.0,10.0,320.0,10.0,4.8,10.0,11.4,10.0,976.4,10.0,,,69,10,0.0,10,0.0,10,,,0.0,10,3.1,,,10.0,4.2,,,10.0,5.3,10.0,0.3,10,-1.4,10.0,104.0,10.0
2008-03-26T02:00+00:00,5805,,,287.0,10.0,281.0,10.0,5.0,10.0,11.8,10.0,976.0,10.0,,,68,10,0.0,10,0.0,10,,,0.0,10,3.1,,,10.0,4.2,,,10.0,5.3,10.0,0.4,10,-1.6,10.0,224.0,10.0
2008-03-26T03:00+00:00,5805,,,288.0,10.0,283.0,10.0,4.5,10.0,10.2,10.0,975.9,10.0,,,67,10,0.0,10,0.0,10,,,0.0,10,3.0,,,10.0,4.1,,,10.0,5.3,10.0,0.4,10,-2.0,10.0,309.0,10.0
2008-03-26T04:00+00:00,5805,,,289.0,10.0,305.0,10.0,3.9,10.0,10.2,10.0,975.9,10.0,,,65,10,0.0,10,0.0,10,,,0.0,10,3.0,,,10.0,4.1,,,10.0,5.3,10.0,0.2,10,-2.2,10.0,417.0,10.0
2008-03-26T05:00+00:00,5805,,,295.0,10.0,306.0,10.0,4.0,10.0,9.6,10.0,976.4,10.0,,,65,10,0.0,10,0.0,10,,,0.0,10,2.9,,,10.0,4.0,,,10.0,5.3,10.0,0.3,10,-2.3,10.0,522.0,10.0
2008-03-26T06:00+00:00,5805,,,290.0,10.0,286.0,10.0,3.4,10.0,8.3,10.0,976.8,10.0,,,67,10,0.0,10,0.0,10,,,0.5,10,2.9,,,10.0,4.0,,,10.0,5.3,10.0,0.7,10,-2.1,10.0,648.0,10.0
2008-03-26T07:00+00:00,5805,,,291.0,10.0,322.0,10.0,3.9,10.0,10.2,10.0,977.4,10.0,,,67,10,0.0,10,0.0,10,,,0.8,10,3.1,,,10.0,4.0,,,10.0,5.3,10.0,1.4,10,-0.9,10.0,753.0,10.0
2008-03-26T08:00+00:00,5805,,,286.0,10.0,308.0,10.0,4.4,10.0,9.7,10.0,977.5,10.0,,,61,10,0.0,10,0.0,10,,,0.8,10,3.3,,,10.0,4.0,,,10.0,5.3,10.0,2.5,10,0.2,10.0,805.0,10.0
2008-03-26T09:00+00:00,5805,,,282.0,10.0,281.0,10.0,5.8,10.0,12.2,10.0,978.1,10.0,,,58,10,0.0,10,0.0,10,,,0.9,10,3.5,,,10.0,4.0,,,10.0,5.3,10.0,2.1,10,1.4,10.0,932.0,10.0
2008-03-26T10:00+00:00,5805,,,282.0,10.0,284.0,10.0,6.4,10.0,14.7,10.0,978.1,10.0,,,54,10,0.0,10,0.0,10,,,1.0,10,3.7,,,10.0,4.0,,,10.0,5.3,10.0,3.0,10,4.8,10.0,1053.0,10.0
2008-03-26T11:00+00:00,5805,,,285.0,10.0,293.0,10.0,6.8,10.0,14.8,10.0,977.9,10.0,,,52,10,0.0,10,0.0,10,,,1.0,10,4.1,,,10.0,4.1,,,10.0,5.2,10.0,4.0,10,6.9,10.0,1125.0,10.0
2008-03-26T12:00+00:00,5805,,,285.0,10.0,287.0,10.0,5.6,10.0,12.4,10.0,977.2,10.0,,,49,10,0.0,10,0.0,10,,,1.0,10,4.8,,,10.0,4.2,,,10.0,5.2,10.0,4.7,10,9.2,10.0,1238.0,10.0
2008-03-26T13:00+00:00,5805,,,282.0,10.0,280.0,10.0,5.3,10.0,12.9,10.0,976.3,10.0,,,45,10,0.0,10,0.0,10,,,1.0,10,5.4,,,10.0,4.4,,,10.0,5.2,10.0,5.7,10,9.6,10.0,1344.0,10.0
2008-03-26T14:00+00:00,5805,,,284.0,10.0,275.0,10.0,4.6,10.0,10.3,10.0,976.1,10.0,,,44,10,0.0,10,0.0,10,,,0.4,10,5.7,,,10.0,4.6,,,10.0,5.2,10.0,5.4,10,7.5,10.0,1408.0,10.0
2008-03-26T15:00+00:00,5805,,,290.0,10.0,312.0,10.0,3.9,10.0,9.3,10.0,976.1,10.0,,,50,10,0.0,10,1.0,10,,,0.0,10,5.6,,,10.0,4.8,,,10.0,5.2,10.0,4.6,10,6.0,10.0,1554.0,10.0
2008-03-26T16:00+00:00,5805,,,296.0,10.0,322.0,10.0,2.7,10.0,6.8,10.0,975.9,10.0,,,49,10,0.0,10,0.0,10,,,0.0,10,5.4,,,10.0,4.9,,,10.0,5.2,10.0,5.0,10,5.0,10.0,1635.0,10.0
2008-03-26T17:00+00:00,5805,,,279.0,10.0,299.0,10.0,0.9,10.0,3.8,10.0,975.8,10.0,,,50,10,0.0,10,0.0,10,,,0.0,10,5.3,,,10.0,5.0,,,10.0,5.2,10.0,4.7,10,3.9,10.0,1714.0,10.0
2008-03-26T18:00+00:00,5805,,,260.0,10.0,275.0,10.0,0.6,10.0,3.9,10.0,976.1,10.0,,,58,10,0.0,10,15.0,10,,,0.0,10,5.1,,,10.0,5.0,,,10.0,5.2,10.0,4.3,10,2.9,10.0,1848.0,10.0
2008-03-26T19:00+00:00,5805,,,330.0,10.0,281.0,10.0,0.9,10.0,3.1,10.0,976.6,10.0,,,75,10,0.0,10,41.0,10,,,0.0,10,5.0,,,10.0,5.0,,,10.0,5.2,10.0,3.3,10,2.3,10.0,2000.0,10.0
2008-03-26T20:00+00:00,5805,,,348.0,10.0,4.0,10.0,0.8,10.0,2.0,10.0,976.8,10.0,,,84,10,0.1,10,56.0,10,,,0.0,10,4.8,,,10.0,5.0,,,10.0,5.3,10.0,2.5,10,1.6,10.0,2014.0,10.0
2008-03-26T21:00+00:00,5805,,,6.0,10.0,5.0,10.0,1.1,10.0,2.0,10.0,976.6,10.0,,,89,10,0.1,10,58.0,10,,,0.0,10,4.7,,,10.0,5.0,,,10.0,5.3,10.0,2.2,10,1.6,10.0,2101.0,10.0
2008-03-26T22:00+00:00,5805,,,335.0,10.0,332.0,10.0,1.0,10.0,2.1,10.0,976.3,10.0,,,91,10,0.1,10,33.0,10,,,0.0,10,4.6,,,10.0,5.0,,,10.0,5.3,10.0,1.9,10,1.4,10.0,2233.0,10.0
2008-03-26T23:00+00:00,5805,,,337.0,10.0,353.0,10.0,0.6,10.0,1.8,10.0,976.2,10.0,,,91,10,0.0,10,9.0,10,,,0.0,10,4.5,,,10.0,5.0,,,10.0,5.3,10.0,2.0,10,1.4,10.0,2400.0,10.0
2008-03-27T00:00+00:00,5805,,,350.0,10.0,336.0,10.0,0.6,10.0,1.7,10.0,976.0,10.0,,,92,10,0.0,10,0.0,10,,,0.0,10,4.5,,,10.0,4.9,,,10.0,5.3,10.0,2.1,10,1.5,10.0,100.0,10.0
2008-03-27T01:00+00:00,5805,,,344.0,10.0,356.0,10.0,0.8,10.0,1.9,10.0,975.8,10.0,,,92,10,0.0,10,0.0,10,,,0.0,10,4.4,,,10.0,4.9,,,10.0,5.3,10.0,1.8,10,0.9,10.0,147.0,10.0
2008-03-27T02:00+00:00,5805,,,353.0,10.0,6.0,10.0,0.7,10.0,2.4,10.0,975.6,10.0,,,92,10,0.0,10,0.0,10,,,0.0,10,4.3,,,10.0,4.9,,,10.0,5.4,10.0,1.6,10,0.5,10.0,252.0,10.0
2008-03-27T03:00+00:00,5805,,,343.0,10.0,353.0,10.0,0.9,10.0,2.3,10.0,975.5,10.0,,,92,10,0.0,10,0.0,10,,,0.0,10,4.2,,,10.0,4.8,,,10.0,5.4,10.0,1.3,10,0.6,10.0,317.0,10.0
2008-03-27T04:00+00:00,5805,,,356.0,10.0,349.0,10.0,0.8,10.0,2.4,10.0,975.7,10.0,,,92,10,0.0,10,0.0,10,,,0.0,10,4.1,,,10.0,4.8,,,10.0,5.4,10.0,1.2,10,0.4,10.0,457.0,10.0
2008-03-27T05:00+00:00,5805,,,354.0,10.0,5.0,10.0,0.9,10.0,2.5,10.0,975.8,10.0,,,92,10,0.0,10,0.0,10,,,0.0,10,4.1,,,10.0,4.7,,,10.0,5.4,10.0,1.0,10,0.0,10.0,501.0,10.0
2008-03-27T06:00+00:00,5805,,,87.0,10.0,118.0,10.0,1.2,10.0,3.5,10.0,976.3,10.0,,,87,10,0.0,10,0.0,10,,,0.0,10,4.0,,,10.0,4.7,,,10.0,5.4,10.0,1.8,10,0.1,10.0,633.0,10.0
2008-03-27T07:00+00:00,5805,,,96.0,10.0,144.0,10.0,1.8,10.0,4.5,10.0,976.7,10.0,,,82,10,0.0,10,0.0,10,,,0.0,10,4.1,,,10.0,4.7,,,10.0,5.4,10.0,2.9,10,1.9,10.0,718.0,10.0
2008-03-27T08:00+00:00,5805,,,94.0,10.0,116.0,10.0,1.9,10.0,4.2,10.0,977.0,10.0,,,79,10,0.0,10,0.0,10,,,0.0,10,4.4,,,10.0,4.7,,,10.0,5.4,10.0,3.8,10,3.9,10.0,804.0,10.0
2008-03-27T09:00+00:00,5805,,,102.0,10.0,109.0,10.0,2.3,10.0,4.6,10.0,977.2,10.0,,,70,10,0.0,10,0.0,10,,,0.7,10,4.9,,,10.0,4.7,,,10.0,5.4,10.0,5.4,10,5.9,10.0,906.0,10.0
2008-03-27T10:00+00:00,5805,,,118.0,10.0,113.0,10.0,2.2,10.0,5.0,10.0,977.0,10.0,,,60,10,0.0,10,0.0,10,,,1.0,10,5.7,,,10.0,4.8,,,10.0,5.4,10.0,7.4,10,11.4,10.0,1058.0,10.0
2008-03-27T11:00+00:00,5805,,,131.0,10.0,115.0,10.0,2.4,10.0,6.3,10.0,977.0,10.0,,,51,10,0.0,10,0.0,10,,,1.0,10,6.4,,,10.0,5.0,,,10.0,5.4,10.0,8.9,10,14.3,10.0,1122.0,10.0
2008-03-27T12:00+00:00,5805,,,140.0,10.0,128.0,10.0,2.6,10.0,6.3,10.0,976.9,10.0,,,53,10,0.0,10,0.0,10,,,1.0,10,7.1,,,10.0,5.2,,,10.0,5.4,10.0,9.4,10,15.4,10.0,1225.0,10.0
2008-03-27T13:00+00:00,5805,,,127.0,10.0,135.0,10.0,2.9,10.0,7.4,10.0,976.7,10.0,,,54,10,0.0,10,0.0,10,,,0.9,10,7.6,,,10.0,5.5,,,10.0,5.4,10.0,9.8,10,14.3,10.0,1351.0,10.0
2008-03-27T14:00+00:00,5805,,,115.0,10.0,115.0,10.0,3.2,10.0,8.1,10.0,976.6,10.0,,,52,10,0.0,10,0.0,10,,,0.9,10,7.9,,,10.0,5.8,,,10.0,5.4,10.0,10.2,10,13.3,10.0,1430.0,10.0
2008-03-27T15:00+00:00,5805,,,124.0,10.0,119.0,10.0,3.3,10.0,8.5,10.0,976.8,10.0,,,48,10,0.0,10,0.0,10,,,1.0,10,7.9,,,10.0,6.0,,,10.0,5.4,10.0,10.2,10,11.9,10.0,1503.0,10.0
2008-03-27T16:00+00:00,5805,,,129.0,10.0,146.0,10.0,2.7,10.0,6.9,10.0,977.0,10.0,,,49,10,0.0,10,0.0,10,,,0.3,10,7.7,,,10.0,6.2,,,10.0,5.4,10.0,9.8,10,9.6,10.0,1607.0,10.0
2008-03-27T17:00+00:00,5805,,,126.0,10.0,121.0,10.0,2.1,10.0,6.1,10.0,977.5,10.0,,,50,10,0.0,10,0.0,10,,,0.0,10,7.5,,,10.0,6.3,,,10.0,5.4,10.0,9.5,10,8.3,10.0,1724.0,10.0
2008-03-27T18:00+00:00,5805,,,122.0,10.0,162.0,10.0,1.4,10.0,4.6,10.0,978.0,10.0,,,55,10,0.0,10,0.0,10,,,0.0,10,7.2,,,10.0,6.4,,,10.0,5.5,10.0,8.9,10,7.0,10.0,1812.0,10.0
2008-03-27T19:00+00:00,5805,,,131.0,10.0,144.0,10.0,1.2,10.0,4.0,10.0,978.7,10.0,,,57,10,0.0,10,0.0,10,,,0.0,10,7.0,,,10.0,6.4,,,10.0,5.5,10.0,8.6,10,6.5,10.0,1935.0,10.0
2008-03-27T20:00+00:00,5805,,,106.0,10.0,176.0,10.0,0.8,10.0,2.4,10.0,979.1,10.0,,,60,10,0.0,10,7.0,10,,,0.0,10,6.8,,,10.0,6.4,,,10.0,5.6,10.0,8.2,10,6.1,10.0,2056.0,10.0
2008-03-27T21:00+00:00,5805,,,80.0,10.0,118.0,10.0,0.9,10.0,2.5,10.0,979.7,10.0,,,65,10,0.0,10,2.0,10,,,0.0,10,6.7,,,10.0,6.4,,,10.0,5.6,10.0,7.7,10,5.4,10.0,2142.0,10.0
2008-03-27T22:00+00:00,5805,,,6.0,10.0,352.0,10.0,0.4,10.0,3.1,10.0,980.0,10.0,,,77,10,0.0,10,12.0,10,,,0.0,10,6.5,,,10.0,6.3,,,10.0,5.6,10.0,6.5,10,5.0,10.0,2224.0,10.0
2008-03-27T23:00+00:00,5805,,,0.0,10.0,321.0,10.0,0.0,10.0,1.7,10.0,980.5,10.0,,,82,10,0.0,10,0.0,10,,,0.0,10,6.4,,,10.0,6.3,,,10.0,5.7,10.0,5.9,10,4.1,10.0,2353.0,10.0
2008-03-28T00:00+00:00,5805,,,310.0,10.0,331.0,10.0,0.6,10.0,1.6,10.0,981.0,10.0,,,85,10,0.0,10,0.0,10,,,0.0,10,6.2,,,10.0,6.3,,,10.0,5.7,10.0,5.5,10,3.9,10.0,17.0,10.0
2008-03-28T01:00+00:00,5805,,,300.0,10.0,341.0,10.0,0.5,10.0,1.5,10.0,981.6,10.0,,,87,10,0.0,10,0.0,10,,,0.0,10,6.1,,,10.0,6.2,,,10.0,5.7,10.0,4.4,10,1.8,10.0,154.0,10.0
2008-03-28T02:00+00:00,5805,,,301.0,10.0,338.0,10.0,0.6,10.0,1.8,10.0,982.1,10.0,,,89,10,0.0,10,0.0,10,,,0.0,10,5.8,,,10.0,6.2,,,10.0,5.8,10.0,3.4,10,0.5,10.0,211.0,10.0
2008-03-28T03:00+00:00,5805,,,325.0,10.0,10.0,10.0,0.4,10.0,1.5,10.0,983.0,10.0,,,90,10,0.0,10,0.0,10,,,0.0,10,5.6,,,10.0,6.1,,,10.0,5.8,10.0,3.4,10,0.3,10.0,329.0,10.0
2008-03-28T04:00+00:00,5805,,,310.0,10.0,345.0,10.0,0.6,10.0,1.9,10.0,983.9,10.0,,,90,10,0.0,10,0.0,10,,,0.0,10,5.5,,,10.0,6.0,,,10.0,5.8,10.0,3.8,10,2.0,10.0,422.0,10.0
2008-03-28T05:00+00:00,5805,,,311.0,10.0,349.0,10.0,0.3,10.0,1.5,10.0,984.7,10.0,,,87,10,0.0,10,0.0,10,,,0.0,10,5.5,,,10.0,5.9,,,10.0,5.9,10.0,4.3,10,2.5,10.0,542.0,10.0
2008-03-28T06:00+00:00,5805,,,334.0,10.0,23.0,10.0,0.3,10.0,1.7,10.0,985.4,10.0,,,83,10,0.0,10,0.0,10,,,0.0,10,5.5,,,10.0,5.9,,,10.0,5.9,10.0,5.2,10,2.5,10.0,636.0,10.0
2008-03-28T07:00+00:00,5805,,,141.0,10.0,138.0,10.0,0.7,10.0,3.6,10.0,986.3,10.0,,,69,10,0.0,10,0.0,10,,,0.0,10,5.6,,,10.0,5.8,,,10.0,5.9,10.0,6.5,10,4.4,10.0,750.0,10.0
2008-03-28T08:00+00:00,5805,,,121.0,10.0,115.0,10.0,2.1,10.0,4.8,10.0,987.0,10.0,,,64,10,0.0,10,0.0,10,,,0.0,10,5.9,,,10.0,5.8,,,10.0,5.9,10.0,7.3,10,7.6,10.0,802.0,10.0
2008-03-28T09:00+00:00,5805,,,114.0,10.0,34.0,10.0,1.8,10.0,5.4,10.0,987.6,10.0,,,61,10,0.0,10,0.0,10,,,0.0,10,6.2,,,10.0,5.9,,,10.0,5.9,10.0,7.9,10,9.3,10.0,937.0,10.0
2008-03-28T10:00+00:00,5805,,,135.0,10.0,141.0,10.0,1.3,10.0,4.0,10.0,988.0,10.0,,,59,10,0.0,10,0.0,10,,,0.0,10,6.6,,,10.0,5.9,,,10.0,5.9,10.0,9.2,10,10.7,10.0,1032.0,10.0
2008-03-28T11:00+00:00,5805,,,55.0,10.0,37.0,10.0,0.9,10.0,4.6,10.0,988.0,10.0,,,54,10,0.0,10,0.0,10,,,0.9,10,7.3,,,10.0,6.0,,,10.0,5.9,10.0,10.5,10,14.8,10.0,1151.0,10.0
2008-03-28T12:00+00:00,5805,,,111.0,10.0,123.0,10.0,1.4,10.0,4.8,10.0,988.0,10.0,,,53,10,0.0,10,0.0,10,,,0.8,10,8.0,,,10.0,6.2,,,10.0,5.9,10.0,10.9,10,16.0,10.0,1217.0,10.0
2008-03-28T13:00+00:00,5805,,,114.0,10.0,108.0,10.0,1.1,10.0,4.8,10.0,987.7,10.0,,,53,10,0.0,10,0.0,10,,,0.4,10,8.4,,,10.0,6.5,,,10.0,5.9,10.0,11.4,10,14.1,10.0,1353.0,10.0
2008-03-28T14:00+00:00,5805,,,113.0,10.0,113.0,10.0,1.4,10.0,5.5,10.0,987.7,10.0,,,52,10,0.0,10,0.0,10,,,0.4,10,8.5,,,10.0,6.7,,,10.0,5.9,10.0,11.7,10,13.8,10.0,1418.0,10.0
2008-03-28T15:00+00:00,5805,,,118.0,10.0,111.0,10.0,1.6,10.0,5.0,10.0,987.5,10.0,,,54,10,0.0,10,0.0,10,,,0.3,10,8.6,,,10.0,6.9,,,10.0,5.9,10.0,11.2,10,12.2,10.0,1536.0,10.0
2008-03-28T16:00+00:00,5805,,,119.0,10.0,148.0,10.0,1.7,10.0,4.6,10.0,987.6,10.0,,,56,10,0.0,10,0.0,10,,,0.0,10,8.5,,,10.0,7.0,,,10.0,6.0,10.0,11.0,10,10.9,10.0,1647.0,10.0
2008-03-28T17:00+00:00,5805,,,128.0,10.0,135.0,10.0,1.9,10.0,4.7,10.0,987.9,10.0,,,60,10,0.0,10,8.0,10,,,0.0,10,8.3,,,10.0,7.1,,,10.0,6.0,10.0,10.5,10,9.5,10.0,1716.0,10.0
2008-03-28T18:00+00:00,5805,,,120.0,10.0,113.0,10.0,2.1,10.0,5.1,10.0,987.9,10.0,,,65,10,0.0,10,21.0,10,,,0.0,10,8.1,,,10.0,7.2,,,10.0,6.0,10.0,9.9,10,8.7,10.0,1831.0,10.0
2008-03-28T19:00+00:00,5805,,,129.0,10.0,128.0,10.0,1.8,10.0,5.3,10.0,987.9,10.0,,,68,10,0.0,10,0.0,10,,,0.0,10,7.9,,,10.0,7.2,,,10.0,6.1,10.0,9.2,10,7.6,10.0,1914.0,10.0
2008-03-28T20:00+00:00,5805,,,124.0,10.0,127.0,10.0,1.7,10.0,4.2,10.0,987.9,10.0,,,72,10,0.0,10,0.0,10,,,0.0,10,7.7,,,10.0,7.2,,,10.0,6.1,10.0,8.9,10,7.5,10.0,2053.0,10.0
2008-03-28T21:00+00:00,5805,,,130.0,10.0,160.0,10.0,2.3,10.0,5.1,10.0,988.0,10.0,,,71,10,0.0,10,0.0,10,,,0.0,10,7.6,,,10.0,7.2,,,10.0,6.1,10.0,9.0,10,7.6,10.0,2140.0,10.0
2008-03-28T22:00+00:00,5805,,,142.0,10.0,134.0,10.0,2.1,10.0,6.1,10.0,987.9,10.0,,,71,10,0.0,10,7.0,10,,,0.0,10,7.5,,,10.0,7.1,,,10.0,6.2,10.0,9.0,10,7.6,10.0,2258.0,10.0
2008-03-28T23:00+00:00,5805,,,143.0,10.0,155.0,10.0,2.3,10.0,6.1,10.0,987.7,10.0,,,73,10,0.0,10,0.0,10,,,0.0,10,7.4,,,10.0,7.1,,,10.0,6.2,10.0,8.7,10,7.2,10.0,2310.0,10.0
2008-03-29T00:00+00:00,5805,,,141.0,10.0,137.0,10.0,2.0,10.0,5.9,10.0,987.4,10.0,,,75,10,0.0,10,0.0,10,,,0.0,10,7.3,,,10.0,7.1,,,10.0,6.2,10.0,8.5,10,7.2,10.0,29.0,10.0
2008-03-29T01:00+00:00,5805,,,108.0,10.0,112.0,10.0,1.1,10.0,3.7,10.0,986.8,10.0,,,78,10,0.0,10,0.0,10,,,0.0,10,7.1,,,10.0,7.0,,,10.0,6.3,10.0,7.3,10,3.1,10.0,200.0,10.0
2008-03-29T02:00+00:00,5805,,,22.0,10.0,63.0,10.0,1.2,10.0,4.4,10.0,986.7,10.0,,,79,10,0.0,10,0.0,10,,,0.0,10,6.9,,,10.0,7.0,,,10.0,6.3,10.0,7.8,10,3.0,10.0,258.0,10.0
2008-03-29T03:00+00:00,5805,,,66.0,10.0,54.0,10.0,2.3,10.0,4.7,10.0,987.2,10.0,,,85,10,0.0,10,0.0,10,,,0.0,10,6.8,,,10.0,6.9,,,10.0,6.3,10.0,7.2,10,5.8,10.0,316.0,10.0
2008-03-29T04:00+00:00,5805,,,24.0,10.0,45.0,10.0,0.2,10.0,4.2,10.0,988.0,10.0,,,89,10,0.0,10,0.0,10,,,0.0,10,6.7,,,10.0,6.9,,,10.0,6.3,10.0,5.8,10,3.7,10.0,402.0,10.0
2008-03-29T05:00+00:00,5805,,,1.0,10.0,333.0,10.0,0.3,10.0,2.0,10.0,988.7,10.0,,,91,10,0.0,10,0.0,10,,,0.0,10,6.6,,,10.0,6.8,,,10.0,6.4,10.0,5.3,10,3.6,10.0,516.0,10.0
2008-03-29T06:00+00:00,5805,,,314.0,10.0,328.0,10.0,1.2,10.0,5.6,10.0,990.2,10.0,,,75,10,0.0,10,8.0,10,,,0.0,10,6.5,,,10.0,6.7,,,10.0,6.4,10.0,7.7,10,3.9,10.0,655.0,10.0
2008-03-29T07:00+00:00,5805,,,308.0,10.0,291.0,10.0,3.1,10.0,9.5,10.0,990.9,10.0,,,78,10,0.0,10,44.0,10,,,0.0,10,6.6,,,10.0,6.7,,,10.0,6.4,10.0,8.5,10,5.9,10.0,707.0,10.0
2008-03-29T08:00+00:00,5805,,,320.0,10.0,306.0,10.0,1.8,10.0,5.4,10.0,991.4,10.0,,,66,10,0.0,10,0.0,10,,,0.3,10,7.0,,,10.0,6.7,,,10.0,6.4,10.0,10.5,10,8.6,10.0,855.0,10.0
2008-03-29T09:00+00:00,5805,,,293.0,10.0,300.0,10.0,5.0,10.0,12.4,10.0,992.4,10.0,,,57,10,0.0,10,0.0,10,,,0.5,10,7.5,,,10.0,6.7,,,10.0,6.4,10.0,12.5,10,11.9,10.0,951.0,10.0
2008-03-29T10:00+00:00,5805,,,283.0,10.0,319.0,10.0,5.3,10.0,12.4,10.0,993.1,10.0,,,52,10,0.0,10,0.0,10,,,1.0,10,8.3,,,10.0,6.8,,,10.0,6.4,10.0,13.1,10,17.1,10.0,1059.0,10.0
2008-03-29T11:00+00:00,5805,,,288.0,10.0,297.0,10.0,6.4,10.0,15.4,10.0,993.6,10.0,,,50,10,0.0,10,0.0,10,,,0.7,10,8.8,,,10.0,7.0,,,10.0,6.4,10.0,12.9,10,15.4,10.0,1200.0,10.0
2008-03-29T12:00+00:00,5805,,,284.0,10.0,309.0,10.0,6.3,10.0,14.0,10.0,993.6,10.0,,,45,10,0.0,10,0.0,10,,,1.0,10,9.4,,,10.0,7.2,,,10.0,6.4,10.0,13.1,10,17.1,10.0,1300.0,10.0
2008-03-29T13:00+00:00,5805,,,286.0,10.0,288.0,10.0,6.5,10.0,13.0,10.0,993.6,10.0,,,43,10,0.0,10,0.0,10,,,0.4,10,9.5,,,10.0,7.4,,,10.0,6.4,10.0,12.6,10,14.6,10.0,1337.0,10.0
2008-03-29T14:00+00:00,5805,,,296.0,10.0,286.0,10.0,5.0,10.0,11.4,10.0,993.7,10.0,,,43,10,0.0,10,0.0,10,,,0.0,10,9.4,,,10.0,7.6,,,10.0,6.4,10.0,12.3,10,12.5,10.0,1404.0,10.0
2008-03-29T15:00+00:00,5805,,,297.0,10.0,320.0,10.0,3.9,10.0,10.2,10.0,993.7,10.0,,,41,10,0.0,10,0.0,10,,,0.1,10,9.3,,,10.0,7.8,,,10.0,6.5,10.0,12.5,10,12.4,10.0,1501.0,10.0
2008-03-29T16:00+00:00,5805,,,298.0,10.0,321.0,10.0,4.0,10.0,9.2,10.0,993.6,10.0,,,40,10,0.0,10,0.0,10,,,0.7,10,9.3,,,10.0,7.9,,,10.0,6.5,10.0,13.1,10,12.4,10.0,1647.0,10.0
2008-03-29T17:00+00:00,5805,,,300.0,10.0,302.0,10.0,3.5,10.0,7.8,10.0,994.1,10.0,,,41,10,0.0,10,0.0,10,,,0.9,10,9.0,,,10.0,7.9,,,10.0,6.5,10.0,12.1,10,9.3,10.0,1715.0,10.0
2008-03-29T18:00+00:00,5805,,,326.0,10.0,284.0,10.0,1.3,10.0,4.2,10.0,994.7,10.0,,,52,10,0.0,10,0.0,10,,,0.1,10,8.5,,,10.0,7.9,,,10.0,6.5,10.0,8.2,10,2.4,10.0,1809.0,10.0
2008-03-29T19:00+00:00,5805,,,10.0,10.0,9.0,10.0,0.6,10.0,3.1,10.0,995.3,10.0,,,69,10,0.0,10,0.0,10,,,0.0,10,8.0,,,10.0,7.9,,,10.0,6.6,10.0,5.4,10,0.2,10.0,1903.0,10.0
2008-03-29T20:00+00:00,5805,,,13.0,10.0,10.0,10.0,0.5,10.0,2.0,10.0,995.7,10.0,,,80,10,0.0,10,0.0,10,,,0.0,10,7.5,,,10.0,7.8,,,10.0,6.6,10.0,3.6,10,-1.0,10.0,2021.0,10.0
2008-03-29T21:00+00:00,5805,,,354.0,10.0,359.0,10.0,0.6,10.0,1.9,10.0,995.8,10.0,,,85,10,0.0,10,0.0,10,,,0.0,10,7.1,,,10.0,7.6,,,10.0,6.7,10.0,2.4,10,-1.7,10.0,2148.0,10.0
2008-03-29T22:00+00:00,5805,,,348.0,10.0,323.0,10.0,0.7,10.0,2.4,10.0,996.1,10.0,,,88,10,0.0,10,0.0,10,,,0.0,10,6.7,,,10.0,7.5,,,10.0,6.7,10.0,1.5,10,-2.2,10.0,2204.0,10.0
2008-03-29T23:00+00:00,5805,,,2.0,10.0,3.0,10.0,1.1,10.0,2.9,10.0,996.3,10.0,,,90,10,0.0,10,0.0,10,,,0.0,10,6.3,,,10.0,7.3,,,10.0,6.7,10.0,0.7,10,-2.8,10.0,2314.0,10.0
2008-03-30T00:00+00:00,5805,,,358.0,10.0,359.0,10.0,1.1,10.0,2.9,10.0,995.9,10.0,,,90,10,0.0,10,0.0,10,,,0.0,10,6.0,,,10.0,7.1,,,10.0,6.7,10.0,0.4,10,-2.9,10.0,56.0,10.0
2008-03-30T01:00+00:00,5805,,,355.0,10.0,356.0,10.0,1.3,10.0,3.2,10.0,996.0,10.0,,,91,10,0.0,10,0.0,10,,,0.0,10,5.7,,,10.0,7.0,,,10.0,6.8,10.0,0.2,10,-3.2,10.0,129.0,10.0
2008-03-30T02:00+00:00,5805,,,1.0,10.0,359.0,10.0,1.5,10.0,2.8,10.0,995.6,10.0,,,92,10,0.0,10,0.0,10,,,0.0,10,5.5,,,10.0,6.8,,,10.0,6.8,10.0,-0.7,10,-3.7,10.0,248.0,10.0
2008-03-30T03:00+00:00,5805,,,360.0,10.0,5.0,10.0,1.6,10.0,3.1,10.0,995.5,10.0,,,92,10,0.0,10,0.0,10,,,0.0,10,5.3,,,10.0,6.6,,,10.0,6.8,10.0,-1.1,10,-4.1,10.0,308.0,10.0
2008-03-30T04:00+00:00,5805,,,355.0,10.0,3.0,10.0,0.8,10.0,2.5,10.0,994.9,10.0,,,93,10,0.0,10,0.0,10,,,0.0,10,5.0,,,10.0,6.5,,,10.0,6.8,10.0,-1.4,10,-4.3,10.0,403.0,10.0
2008-03-30T05:00+00:00,5805,,,7.0,10.0,9.0,10.0,0.8,10.0,2.2,10.0,994.9,10.0,,,93,10,0.0,10,0.0,10,,,0.0,10,4.8,,,10.0,6.3,,,10.0,6.8,10.0,-1.5,10,-4.5,10.0,521.0,10.0
2008-03-30T06:00+00:00,5805,,,330.0,10.0,339.0,10.0,0.9,10.0,2.4,10.0,994.7,10.0,,,91,10,0.0,10,0.0,10,,,0.8,10,4.7,,,10.0,6.2,,,10.0,6.8,10.0,0.6,10,-4.0,10.0,646.0,10.0
2008-03-30T07:00+00:00,5805,,,76.0,10.0,44.0,10.0,0.7,10.0,6.3,10.0,994.5,10.0,,,74,10,0.0,10,0.0,10,,,1.0,10,5.0,,,10.0,6.0,,,10.0,6.8,10.0,5.9,10,0.4,10.0,751.0,10.0
2008-03-30T08:00+00:00,5805,,,114.0,10.0,103.0,10.0,3.0,10.0,6.1,10.0,994.2,10.0,,,65,10,0.0,10,0.0,10,,,1.0,10,5.6,,,10.0,6.0,,,10.0,6.8,10.0,7.8,10,9.4,10.0,850.0,10.0
2008-03-30T09:00+00:00,5805,,,97.0,10.0,126.0,10.0,2.3,10.0,5.6,10.0,993.6,10.0,,,58,10,0.0,10,0.0,10,,,1.0,10,6.4,,,10.0,6.0,,,10.0,6.7,10.0,10.6,10,12.6,10.0,902.0,10.0
2008-03-30T10:00+00:00,5805,,,101.0,10.0,88.0,10.0,2.7,10.0,6.9,10.0,992.9,10.0,,,48,10,0.0,10,0.0,10,,,1.0,10,7.4,,,10.0,6.2,,,10.0,6.7,10.0,13.5,10,17.1,10.0,1025.0,10.0
2008-03-30T11:00+00:00,5805,,,114.0,10.0,111.0,10.0,3.1,10.0,7.2,10.0,991.7,10.0,,,39,10,0.0,10,0.0,10,,,1.0,10,8.3,,,10.0,6.4,,,10.0,6.7,10.0,15.8,10,19.8,10.0,1154.0,10.0
2008-03-30T12:00+00:00,5805,,,134.0,10.0,104.0,10.0,2.5,10.0,7.9,10.0,990.9,10.0,,,35,10,0.0,10,0.0,10,,,1.0,10,9.2,,,10.0,6.7,,,10.0,6.7,10.0,16.9,10,21.6,10.0,1204.0,10.0
2008-03-30T13:00+00:00,5805,,,122.0,10.0,111.0,10.0,3.3,10.0,8.5,10.0,990.3,10.0,,,35,10,0.0,10,0.0,10,,,1.0,10,10.0,,,10.0,7.1,,,10.0,6.7,10.0,16.9,10,22.3,10.0,1313.0,10.0
2008-03-30T14:00+00:00,5805,,,123.0,10.0,115.0,10.0,3.3,10.0,8.6,10.0,989.6,10.0,,,35,10,0.0,10,0.0,10,,,1.0,10,10.5,,,10.0,7.4,,,10.0,6.6,10.0,17.5,10,22.1,10.0,1459.0,10.0
2008-03-30T15:00+00:00,5805,,,129.0,10.0,119.0,10.0,3.5,10.0,8.6,10.0,989.0,10.0,,,35,10,0.0,10,0.0,10,,,1.0,10,10.7,,,10.0,7.7,,,10.0,6.6,10.0,17.2,10,21.0,10.0,1549.0,10.0
2008-03-30T16:00+00:00,5805,,,116.0,10.0,122.0,10.0,4.0,10.0,8.8,10.0,988.9,10.0,,,38,10,0.0,10,0.0,10,,,1.0,10,10.5,,,10.0,8.0,,,10.0,6.6,10.0,16.3,10,16.4,10.0,1618.0,10.0
2008-03-30T17:00+00:00,5805,,,111.0,10.0,158.0,10.0,3.8,10.0,7.8,10.0,989.0,10.0,,,41,10,0.0,10,0.0,10,,,1.0,10,10.2,,,10.0,8.2,,,10.0,6.7,10.0,14.9,10,12.8,10.0,1719.0,10.0
2008-03-30T18:00+00:00,5805,,,106.0,10.0,108.0,10.0,2.7,10.0,7.0,10.0,989.0,10.0,,,44,10,0.0,10,0.0,10,,,0.1,10,9.8,,,10.0,8.3,,,10.0,6.7,10.0,13.3,10,10.2,10.0,1809.0,10.0
2008-03-30T19:00+00:00,5805,,,99.0,10.0,127.0,10.0,2.3,10.0,5.7,10.0,988.8,10.0,,,47,10,0.0,10,0.0,10,,,0.0,10,9.4,,,10.0,8.3,,,10.0,6.7,10.0,12.0,10,9.0,10.0,1945.0,10.0
2008-03-30T20:00+00:00,5805,,,97.0,10.0,128.0,10.0,2.5,10.0,7.4,10.0,988.9,10.0,,,50,10,0.0,10,0.0,10,,,0.0,10,9.0,,,10.0,8.3,,,10.0,6.7,10.0,11.5,10,7.8,10.0,2057.0,10.0
2008-03-30T21:00+00:00,5805,,,104.0,10.0,111.0,10.0,3.9,10.0,8.7,10.0,988.7,10.0,,,54,10,0.0,10,0.0,10,,,0.0,10,8.7,,,10.0,8.2,,,10.0,6.8,10.0,10.4,10,8.1,10.0,2115.0,10.0
2008-03-30T22:00+00:00,5805,,,97.0,10.0,103.0,10.0,3.5,10.0,7.9,10.0,988.7,10.0,,,58,10,0.0,10,0.0,10,,,0.0,10,8.4,,,10.0,8.1,,,10.0,6.8,10.0,9.2,10,6.6,10.0,2205.0,10.0
2008-03-30T23:00+00:00,5805,,,92.0,10.0,127.0,10.0,3.1,10.0,7.2,10.0,988.7,10.0,,,59,10,0.0,10,0.0,10,,,0.0,10,8.2,,,10.0,8.0,,,10.0,6.9,10.0,8.6,10,6.0,10.0,2342.0,10.0
2008-03-31T00:00+00:00,5805,,,84.0,10.0,117.0,10.0,3.1,10.0,6.8,10.0,988.5,10.0,,,60,10,0.0,10,0.0,10,,,0.0,10,7.9,,,10.0,7.9,,,10.0,6.9,10.0,8.1,10,5.7,10.0,4.0,10.0
2008-03-31T01:00+00:00,5805,,,89.0,10.0,113.0,10.0,2.9,10.0,6.8,10.0,988.0,10.0,,,60,10,0.0,10,0.0,10,,,0.0,10,7.7,,,10.0,7.8,,,10.0,6.9,10.0,7.6,10,4.9,10.0,200.0,10.0
2008-03-31T02:00+00:00,5805,,,95.0,10.0,113.0,10.0,3.0,10.0,7.7,10.0,987.6,10.0,,,61,10,0.0,10,0.0,10,,,0.0,10,7.5,,,10.0,7.7,,,10.0,7.0,10.0,7.4,10,4.8,10.0,216.0,10.0
2008-03-31T03:00+00:00,5805,,,100.0,10.0,111.0,10.0,3.0,10.0,7.2,10.0,987.5,10.0,,,63,10,0.0,10,0.0,10,,,0.0,10,7.3,,,10.0,7.6,,,10.0,7.0,10.0,6.7,10,4.0,10.0,303.0,10.0
2008-03-31T04:00+00:00,5805,,,91.0,10.0,110.0,10.0,2.7,10.0,6.5,10.0,987.7,10.0,,,64,10,0.0,10,0.0,10,,,0.0,10,7.1,,,10.0,7.5,,,10.0,7.0,10.0,6.3,10,3.2,10.0,407.0,10.0
2008-03-31T05:00+00:00,5805,,,90.0,10.0,112.0,10.0,2.3,10.0,5.4,10.0,988.0,10.0,,,65,10,0.0,10,0.0,10,,,0.0,10,6.9,,,10.0,7.4,,,10.0,7.0,10.0,6.2,10,3.1,10.0,522.0,10.0
2008-03-31T06:00+00:00,5805,,,108.0,10.0,119.0,10.0,3.4,10.0,6.9,10.0,988.3,10.0,,,64,10,0.0,10,0.0,10,,,0.9,10,6.8,,,10.0,7.3,,,10.0,7.0,10.0,7.0,10,3.4,10.0,653.0,10.0
2008-03-31T07:00+00:00,5805,,,116.0,10.0,106.0,10.0,4.2,10.0,8.2,10.0,988.5,10.0,,,60,10,0.0,10,0.0,10,,,1.0,10,7.0,,,10.0,7.2,,,10.0,7.1,10.0,8.9,10,7.9,10.0,756.0,10.0
2008-03-31T08:00+00:00,5805,,,113.0,10.0,106.0,10.0,4.1,10.0,9.3,10.0,988.8,10.0,,,54,10,0.0,10,0.0,10,,,1.0,10,7.5,,,10.0,7.2,,,10.0,7.1,10.0,11.4,10,11.7,10.0,857.0,10.0
2008-03-31T09:00+00:00,5805,,,107.0,10.0,112.0,10.0,4.6,10.0,10.6,10.0,988.8,10.0,,,50,10,0.0,10,0.0,10,,,1.0,10,8.1,,,10.0,7.3,,,10.0,7.1,10.0,13.2,10,15.1,10.0,910.0,10.0
2008-03-31T10:00+00:00,5805,,,119.0,10.0,121.0,10.0,3.1,10.0,9.5,10.0,988.8,10.0,,,45,10,0.0,10,0.0,10,,,1.0,10,8.8,,,10.0,7.4,,,10.0,7.1,10.0,15.0,10,18.3,10.0,1006.0,10.0
2008-03-31T11:00+00:00,5805,,,110.0,10.0,124.0,10.0,4.4,10.0,10.5,10.0,988.6,10.0,,,45,10,0.0,10,0.0,10,,,1.0,10,9.5,,,10.0,7.6,,,10.0,7.1,10.0,15.2,10,19.9,10.0,1110.0,10.0
2008-03-31T12:00+00:00,5805,,,120.0,10.0,118.0,10.0,3.9,10.0,10.8,10.0,988.6,10.0,,,43,10,0.0,10,0.0,10,,,1.0,10,10.2,,,10.0,7.8,,,10.0,7.1,10.0,16.0,10,21.2,10.0,1208.0,10.0
2008-03-31T13:00+00:00,5805,,,116.0,10.0,125.0,10.0,4.2,10.0,10.1,10.0,988.3,10.0,,,42,10,0.0,10,0.0,10,,,1.0,10,10.7,,,10.0,8.1,,,10.0,7.1,10.0,16.8,10,21.4,10.0,1302.0,10.0
2008-03-31T14:00+00:00,5805,,,129.0,10.0,100.0,10.0,3.1,10.0,8.5,10.0,988.1,10.0,,,41,10,0.0,10,0.0,10,,,1.0,10,11.2,,,10.0,8.4,,,10.0,7.1,10.0,17.3,10,22.1,10.0,1433.0,10.0
2008-03-31T15:00+00:00,5805,,,124.0,10.0,119.0,10.0,3.3,10.0,8.0,10.0,988.2,10.0,,,40,10,0.0,10,0.0,10,,,1.0,10,11.4,,,10.0,8.6,,,10.0,7.1,10.0,16.9,10,21.0,10.0,1525.0,10.0
2008-03-31T16:00+00:00,5805,,,125.0,10.0,104.0,10.0,2.9,10.0,7.2,10.0,988.5,10.0,,,41,10,0.0,10,0.0,10,,,1.0,10,11.3,,,10.0,8.8,,,10.0,7.1,10.0,16.2,10,16.2,10.0,1609.0,10.0
2008-03-31T17:00+00:00,5805,,,126.0,10.0,161.0,10.0,2.0,10.0,6.1,10.0,988.9,10.0,,,42,10,0.0,10,0.0,10,,,1.0,10,10.9,,,10.0,9.0,,,10.0,7.1,10.0,15.3,10,11.9,10.0,1738.0,10.0
2008-03-31T18:00+00:00,5805,,,79.0,10.0,97.0,10.0,0.8,10.0,3.2,10.0,989.4,10.0,,,49,10,0.0,10,0.0,10,,,0.0,10,10.3,,,10.0,9.0,,,10.0,7.1,10.0,11.7,10,5.6,10.0,1810.0,10.0
2008-03-31T19:00+00:00,5805,,,360.0,10.0,3.0,10.0,1.1,10.0,2.6,10.0,990.3,10.0,,,66,10,0.0,10,0.0,10,,,0.0,10,9.7,,,10.0,9.0,,,10.0,7.2,10.0,8.6,10,3.2,10.0,1930.0,10.0
2008-03-31T20:00+00:00,5805,,,345.0,10.0,3.0,10.0,0.6,10.0,2.6,10.0,990.8,10.0,,,75,10,0.0,10,0.0,10,,,0.0,10,9.2,,,10.0,8.9,,,10.0,7.2,10.0,7.0,10,1.9,10.0,2009.0,10.0
2008-03-31T21:00+00:00,5805,,,352.0,10.0,1.0,10.0,0.5,10.0,1.9,10.0,991.0,10.0,,,83,10,0.0,10,0.0,10,,,0.0,10,8.7,,,10.0,8.8,,,10.0,7.3,10.0,5.7,10,1.0,10.0,2141.0,10.0
2008-03-31T22:00+00:00,5805,,,338.0,10.0,359.0,10.0,0.5,10.0,2.0,10.0,991.2,10.0,,,85,10,0.0,10,0.0,10,,,0.0,10,8.3,,,10.0,8.6,,,10.0,7.3,10.0,5.2,10,0.6,10.0,2201.0,10.0
2008-03-31T23:00+00:00,5805,,,335.0,10.0,351.0,10.0,0.5,10.0,2.3,10.0,991.3,10.0,,,86,10,0.0,10,0.0,10,,,0.0,10,8.0,,,10.0,8.5,,,10.0,7.4,10.0,5.0,10,1.1,10.0,2345.0,10.0
2008-04-01T00:00+00:00,5805,,,338.0,10.0,11.0,10.0,0.6,10.0,2.4,10.0,991.5,10.0,,,89,10,0.0,10,0.0,10,,,0.0,10,7.7,,,10.0,8.3,,,10.0,7.4,10.0,3.9,10,0.2,10.0,25.0,10.0
2008-04-01T01:00+00:00,5805,,,343.0,10.0,332.0,10.0,0.8,10.0,2.4,10.0,991.4,10.0,,,87,10,0.0,10,0.0,10,,,0.0,10,7.4,,,10.0,8.1,,,10.0,7.4,10.0,4.2,10,-0.8,10.0,144.0,10.0
2008-04-01T02:00+00:00,5805,,,331.0,10.0,5.0,10.0,0.7,10.0,2.0,10.0,991.6,10.0,,,90,10,0.0,10,0.0,10,,,0.0,10,7.1,,,10.0,8.0,,,10.0,7.4,10.0,2.8,10,-1.1,10.0,212.0,10.0
2008-04-01T03:00+00:00,5805,,,321.0,10.0,2.0,10.0,0.7,10.0,2.2,10.0,991.9,10.0,,,91,10,0.0,10,0.0,10,,,0.0,10,6.8,,,10.0,7.8,,,10.0,7.5,10.0,2.4,10,-1.5,10.0,316.0,10.0
2008-04-01T04:00+00:00,5805,,,306.0,10.0,330.0,10.0,0.8,10.0,1.8,10.0,992.1,10.0,,,92,10,0.0,10,0.0,10,,,0.0,10,6.5,,,10.0,7.7,,,10.0,7.5,10.0,1.8,10,-1.9,10.0,418.0,10.0
2008-04-01T05:00+00:00,5805,,,332.0,10.0,325.0,10.0,0.5,10.0,1.7,10.0,992.3,10.0,,,92,10,0.0,10,0.0,10,,,0.0,10,6.3,,,10.0,7.5,,,10.0,7.5,10.0,2.2,10,-2.0,10.0,507.0,10.0
2008-04-01T06:00+00:00,5805,,,311.0,10.0,324.0,10.0,1.3,10.0,4.8,10.0,992.4,10.0,,,83,10,0.0,10,0.0,10,,,0.8,10,6.3,,,10.0,7.4,,,10.0,7.5,10.0,8.6,10,-1.2,10.0,655.0,10.0
2008-04-01T07:00+00:00,5805,,,308.0,10.0,312.0,10.0,3.7,10.0,7.7,10.0,992.5,10.0,,,69,10,0.0,10,0.0,10,,,0.6,10,6.9,,,10.0,7.3,,,10.0,7.5,10.0,11.3,10,7.5,10.0,727.0,10.0
2008-04-01T08:00+00:00,5805,,,300.0,10.0,297.0,10.0,4.2,10.0,8.7,10.0,992.5,10.0,,,60,10,0.0,10,0.0,10,,,0.9,10,7.6,,,10.0,7.3,,,10.0,7.5,10.0,12.9,10,13.2,10.0,847.0,10.0
2008-04-01T09:00+00:00,5805,,,296.0,10.0,281.0,10.0,4.9,10.0,10.2,10.0,992.5,10.0,,,54,10,0.0,10,0.0,10,,,1.0,10,8.4,,,10.0,7.4,,,10.0,7.4,10.0,14.2,10,15.0,10.0,930.0,10.0
2008-04-01T10:00+00:00,5805,,,305.0,10.0,323.0,10.0,3.6,10.0,10.2,10.0,992.3,10.0,,,52,10,0.0,10,0.0,10,,,1.0,10,9.1,,,10.0,7.5,,,10.0,7.4,10.0,14.8,10,18.5,10.0,1100.0,10.0
2008-04-01T11:00+00:00,5805,,,313.0,10.0,322.0,10.0,2.8,10.0,9.5,10.0,991.8,10.0,,,51,10,0.0,10,0.0,10,,,0.8,10,9.8,,,10.0,7.8,,,10.0,7.4,10.0,15.5,10,17.8,10.0,1140.0,10.0
2008-04-01T12:00+00:00,5805,,,308.0,10.0,312.0,10.0,2.9,10.0,9.1,10.0,991.4,10.0,,,51,10,0.0,10,0.0,10,,,0.3,10,10.2,,,10.0,8.0,,,10.0,7.4,10.0,16.0,10,17.4,10.0,1227.0,10.0
2008-04-01T13:00+00:00,5805,,,306.0,10.0,314.0,10.0,3.1,10.0,8.6,10.0,991.1,10.0,,,53,10,0.0,10,1.0,10,,,0.0,10,10.2,,,10.0,8.3,,,10.0,7.4,10.0,15.5,10,15.3,10.0,1305.0,10.0
2008-04-01T14:00+00:00,5805,,,284.0,10.0,277.0,10.0,4.9,10.0,10.1,10.0,990.8,10.0,,,54,10,0.0,10,0.0,10,,,0.6,10,10.5,,,10.0,8.4,,,10.0,7.4,10.0,16.2,10,15.4,10.0,1445.0,10.0
2008-04-01T15:00+00:00,5805,,,286.0,10.0,295.0,10.0,5.2,10.0,10.6,10.0,990.6,10.0,,,56,10,0.0,10,0.0,10,,,1.0,10,10.8,,,10.0,8.6,,,10.0,7.4,10.0,15.3,10,18.4,10.0,1530.0,10.0
2008-04-01T16:00+00:00,5805,,,282.0,10.0,287.0,10.0,5.5,10.0,10.6,10.0,990.5,10.0,,,58,10,0.0,10,0.0,10,,,0.4,10,10.7,,,10.0,8.8,,,10.0,7.4,10.0,14.5,10,13.7,10.0,1642.0,10.0
2008-04-01T17:00+00:00,5805,,,284.0,10.0,284.0,10.0,5.1,10.0,11.0,10.0,990.9,10.0,,,62,10,0.0,10,0.0,10,,,0.1,10,10.5,,,10.0,8.9,,,10.0,7.4,10.0,13.6,10,12.3,10.0,1729.0,10.0
2008-04-01T18:00+00:00,5805,,,287.0,10.0,280.0,10.0,4.0,10.0,8.0,10.0,991.4,10.0,,,66,10,0.0,10,0.0,10,,,0.0,10,10.2,,,10.0,9.0,,,10.0,7.4,10.0,12.8,10,10.5,10.0,1801.0,10.0
2008-04-01T19:00+00:00,5805,,,291.0,10.0,296.0,10.0,3.9,10.0,7.3,10.0,991.7,10.0,,,69,10,0.0,10,0.0,10,,,0.0,10,9.9,,,10.0,9.0,,,10.0,7.5,10.0,12.3,10,10.0,10.0,1919.0,10.0
2008-04-01T20:00+00:00,5805,,,292.0,10.0,300.0,10.0,4.1,10.0,7.6,10.0,991.7,10.0,,,72,10,0.0,10,0.0,10,,,0.0,10,9.7,,,10.0,9.0,,,10.0,7.5,10.0,11.8,10,9.4,10.0,2012.0,10.0
2008-04-01T21:00+00:00,5805,,,297.0,10.0,285.0,10.0,3.6,10.0,8.5,10.0,991.8,10.0,,,74,10,0.0,10,0.0,10,,,0.0,10,9.5,,,10.0,9.0,,,10.0,7.5,10.0,11.3,10,9.0,10.0,2103.0,10.0
2008-04-01T22:00+00:00,5805,,,305.0,10.0,279.0,10.0,3.2,10.0,6.8,10.0,991.4,10.0,,,75,10,0.0,10,0.0,10,,,0.0,10,9.3,,,10.0,8.9,,,10.0,7.6,10.0,11.2,10,8.8,10.0,2256.0,10.0
2008-04-01T23:00+00:00,5805,,,306.0,10.0,320.0,10.0,3.0,10.0,6.7,10.0,991.2,10.0,,,74,10,0.0,10,9.0,10,,,0.0,10,9.2,,,10.0,8.9,,,10.0,7.6,10.0,11.5,10,8.9,10.0,2345.0,10.0
2008-04-02T00:00+00:00,5805,,,301.0,10.0,323.0,10.0,3.1,10.0,6.2,10.0,990.8,10.0,,,76,10,0.0,10,27.0,10,,,0.0,10,9.1,,,10.0,8.8,,,10.0,7.6,10.0,11.1,10,9.1,10.0,5.0,10.0
2008-04-02T01:00+00:00,5805,,,301.0,10.0,302.0,10.0,2.8,10.0,5.7,10.0,990.4,10.0,,,75,10,0.0,10,4.0,10,,,0.0,10,9.0,,,10.0,8.8,,,10.0,7.7,10.0,11.3,10,8.9,10.0,156.0,10.0
2008-04-02T02:00+00:00,5805,,,300.0,10.0,310.0,10.0,3.6,10.0,7.3,10.0,989.5,10.0,,,73,10,0.0,10,3.0,10,,,0.0,10,9.0,,,10.0,8.7,,,10.0,7.7,10.0,11.1,10,9.5,10.0,203.0,10.0
2008-04-02T03:00+00:00,5805,,,297.0,10.0,288.0,10.0,4.0,10.0,8.3,10.0,988.9,10.0,,,69,10,0.0,10,0.0,10,,,0.0,10,8.9,,,10.0,8.7,,,10.0,7.7,10.0,11.1,10,9.3,10.0,358.0,10.0
2008-04-02T04:00+00:00,5805,,,294.0,10.0,287.0,10.0,4.3,10.0,9.2,10.0,988.7,10.0,,,70,10,0.0,10,0.0,10,,,0.0,10,8.8,,,10.0,8.6,,,10.0,7.7,10.0,10.6,10,8.5,10.0,412.0,10.0
2008-04-02T05:00+00:00,5805,,,302.0,10.0,283.0,10.0,3.7,10.0,8.5,10.0,989.1,10.0,,,86,10,0.5,10,56.0,10,,,0.0,10,8.7,,,10.0,8.6,,,10.0,7.7,10.0,9.1,10,7.8,10.0,521.0,10.0
2008-04-02T06:00+00:00,5805,,,306.0,10.0,289.0,10.0,2.8,10.0,8.4,10.0,988.9,10.0,,,84,10,0.1,10,48.0,10,,,0.0,10,8.6,,,10.0,8.5,,,10.0,7.8,10.0,9.3,10,7.7,10.0,647.0,10.0
2008-04-02T07:00+00:00,5805,,,304.0,10.0,306.0,10.0,3.2,10.0,6.0,10.0,988.4,10.0,,,72,10,0.0,10,15.0,10,,,0.5,10,8.7,,,10.0,8.5,,,10.0,7.8,10.0,10.9,10,8.0,10.0,702.0,10.0
2008-04-02T08:00+00:00,5805,,,298.0,10.0,284.0,10.0,4.4,10.0,10.0,10.0,988.4,10.0,,,61,10,0.0,10,7.0,10,,,0.9,10,9.1,,,10.0,8.5,,,10.0,7.8,10.0,12.3,10,11.7,10.0,828.0,10.0
2008-04-02T09:00+00:00,5805,,,298.0,10.0,312.0,10.0,4.6,10.0,12.1,10.0,988.5,10.0,,,64,10,0.0,10,0.0,10,,,0.4,10,9.3,,,10.0,8.5,,,10.0,7.8,10.0,11.9,10,12.9,10.0,938.0,10.0
2008-04-02T10:00+00:00,5805,,,290.0,10.0,287.0,10.0,5.8,10.0,13.3,10.0,989.3,10.0,,,86,10,0.5,10,30.0,10,,,0.2,10,9.4,,,10.0,8.6,,,10.0,7.8,10.0,7.8,10,7.4,10.0,1040.0,10.0
2008-04-02T11:00+00:00,5805,,,287.0,10.0,289.0,10.0,6.4,10.0,12.8,10.0,988.7,10.0,,,73,10,0.0,10,5.0,10,,,0.8,10,9.8,,,10.0,8.7,,,10.0,7.8,10.0,10.2,10,7.5,10.0,1154.0,10.0
2008-04-02T12:00+00:00,5805,,,294.0,10.0,304.0,10.0,5.4,10.0,11.8,10.0,989.0,10.0,,,91,10,2.4,10,55.0,10,,,0.0,10,9.6,,,10.0,8.8,,,10.0,7.8,10.0,7.7,10,6.8,10.0,1206.0,10.0
2008-04-02T13:00+00:00,5805,,,298.0,10.0,315.0,10.0,3.6,10.0,7.8,10.0,988.6,10.0,,,75,10,0.1,10,3.0,10,,,0.5,10,9.9,,,10.0,8.8,,,10.0,7.8,10.0,10.8,10,8.3,10.0,1357.0,10.0
2008-04-02T14:00+00:00,5805,,,295.0,10.0,295.0,10.0,4.4,10.0,10.9,10.0,989.2,10.0,,,90,10,1.5,10,46.0,10,,,0.0,10,9.7,,,10.0,8.9,,,10.0,7.8,10.0,7.1,10,6.5,10.0,1436.0,10.0
2008-04-02T15:00+00:00,5805,,,307.0,10.0,312.0,10.0,2.4,10.0,6.5,10.0,988.4,10.0,,,85,10,0.3,10,22.0,10,,,0.3,10,9.6,,,10.0,8.9,,,10.0,7.8,10.0,8.7,10,6.9,10.0,1600.0,10.0
2008-04-02T16:00+00:00,5805,,,299.0,10.0,272.0,10.0,3.3,10.0,7.1,10.0,988.3,10.0,,,81,10,0.0,10,0.0,10,,,0.4,10,9.6,,,10.0,9.0,,,10.0,7.9,10.0,8.3,10,6.9,10.0,1657.0,10.0
2008-04-02T17:00+00:00,5805,,,292.0,10.0,294.0,10.0,3.8,10.0,8.7,10.0,988.7,10.0,,,89,10,0.9,10,31.0,10,,,0.0,10,9.4,,,10.0,9.0,,,10.0,7.9,10.0,7.3,10,6.1,10.0,1718.0,10.0
2008-04-02T18:00+00:00,5805,,,301.0,10.0,307.0,10.0,3.0,10.0,6.9,10.0,989.3,10.0,,,84,10,0.0,10,0.0,10,,,0.0,10,9.1,,,10.0,9.0,,,10.0,7.9,10.0,7.2,10,4.9,10.0,1839.0,10.0
2008-04-02T19:00+00:00,5805,,,297.0,10.0,298.0,10.0,4.0,10.0,10.1,10.0,989.8,10.0,,,88,10,0.7,10,20.0,10,,,0.0,10,8.8,,,10.0,8.9,,,10.0,7.9,10.0,6.4,10,4.5,10.0,1950.0,10.0
2008-04-02T20:00+00:00,5805,,,295.0,10.0,314.0,10.0,3.8,10.0,8.3,10.0,989.9,10.0,,,87,10,0.1,10,10.0,10,,,0.0,10,8.5,,,10.0,8.8,,,10.0,7.9,10.0,6.1,10,4.3,10.0,2044.0,10.0
2008-04-02T21:00+00:00,5805,,,293.0,10.0,321.0,10.0,3.5,10.0,7.5,10.0,989.9,10.0,,,86,10,0.0,10,2.0,10,,,0.0,10,8.3,,,10.0,8.7,,,10.0,7.9,10.0,6.3,10,4.1,10.0,2136.0,10.0
2008-04-02T22:00+00:00,5805,,,292.0,10.0,307.0,10.0,3.6,10.0,7.9,10.0,989.9,10.0,,,84,10,0.0,10,0.0,10,,,0.0,10,8.2,,,10.0,8.6,,,10.0,8.0,10.0,6.4,10,4.0,10.0,2240.0,10.0
2008-04-02T23:00+00:00,5805,,,287.0,10.0,314.0,10.0,3.7,10.0,7.2,10.0,989.6,10.0,,,85,10,0.0,10,0.0,10,,,0.0,10,8.0,,,10.0,8.5,,,10.0,8.0,10.0,6.0,10,3.7,10.0,2305.0,10.0
2008-04-03T00:00+00:00,5805,,,290.0,10.0,297.0,10.0,3.5,10.0,7.3,10.0,989.4,10.0,,,84,10,0.0,10,0.0,10,,,0.0,10,7.8,,,10.0,8.4,,,10.0,8.0,10.0,6.1,10,3.2,10.0,5.0,10.0
2008-04-03T01:00+00:00,5805,,,296.0,10.0,332.0,10.0,2.7,10.0,5.8,10.0,988.9,10.0,,,85,10,0.0,10,5.0,10,,,0.0,10,7.7,,,10.0,8.4,,,10.0,8.0,10.0,5.9,10,4.3,10.0,148.0,10.0
2008-04-03T02:00+00:00,5805,,,297.0,10.0,312.0,10.0,3.3,10.0,7.7,10.0,988.6,10.0,,,87,10,0.0,10,7.0,10,,,0.0,10,7.6,,,10.0,8.3,,,10.0,8.0,10.0,5.7,10,3.6,10.0,255.0,10.0
2008-04-03T03:00+00:00,5805,,,298.0,10.0,306.0,10.0,3.8,10.0,7.9,10.0,988.8,10.0,,,86,10,0.0,10,8.0,10,,,0.0,10,7.5,,,10.0,8.2,,,10.0,8.0,10.0,5.9,10,3.8,10.0,301.0,10.0
2008-04-03T04:00+00:00,5805,,,293.0,10.0,312.0,10.0,3.3,10.0,7.0,10.0,988.8,10.0,,,91,10,0.1,10,35.0,10,,,0.0,10,7.4,,,10.0,8.1,,,10.0,8.0,10.0,5.4,10,4.5,10.0,500.0,10.0
2008-04-03T05:00+00:00,5805,,,297.0,10.0,292.0,10.0,2.9,10.0,6.1,10.0,988.6,10.0,,,91,10,0.1,10,13.0,10,,,0.0,10,7.4,,,10.0,8.0,,,10.0,8.0,10.0,5.3,10,3.8,10.0,600.0,10.0
2008-04-03T06:00+00:00,5805,,,292.0,10.0,290.0,10.0,2.6,10.0,6.8,10.0,988.9,10.0,,,89,10,0.0,10,2.0,10,,,0.1,10,7.3,,,10.0,8.0,,,10.0,8.0,10.0,5.8,10,3.6,10.0,617.0,10.0
2008-04-03T07:00+00:00,5805,,,299.0,10.0,300.0,10.0,2.9,10.0,8.3,10.0,989.1,10.0,,,76,10,0.0,10,0.0,10,,,0.9,10,7.6,,,10.0,7.9,,,10.0,8.0,10.0,7.8,10,6.0,10.0,750.0,10.0
2008-04-03T08:00+00:00,5805,,,304.0,10.0,273.0,10.0,3.6,10.0,8.3,10.0,989.7,10.0,,,72,10,0.0,10,0.0,10,,,0.3,10,7.7,,,10.0,7.9,,,10.0,8.0,10.0,7.8,10,7.8,10.0,833.0,10.0
2008-04-03T09:00+00:00,5805,,,305.0,10.0,313.0,10.0,3.3,10.0,7.9,10.0,990.1,10.0,,,71,10,0.0,10,0.0,10,,,0.1,10,8.0,,,10.0,7.9,,,10.0,8.0,10.0,7.9,10,8.1,10.0,954.0,10.0
2008-04-03T10:00+00:00,5805,,,299.0,10.0,306.0,10.0,3.3,10.0,7.3,10.0,990.4,10.0,,,73,10,0.0,10,5.0,10,,,0.0,10,8.0,,,10.0,7.9,,,10.0,8.0,10.0,8.1,10,7.5,10.0,1008.0,10.0
2008-04-03T11:00+00:00,5805,,,292.0,10.0,290.0,10.0,3.9,10.0,8.7,10.0,990.7,10.0,,,76,10,0.0,10,4.0,10,,,0.1,10,8.1,,,10.0,8.0,,,10.0,7.9,10.0,8.6,10,8.3,10.0,1130.0,10.0
2008-04-03T12:00+00:00,5805,,,293.0,10.0,293.0,10.0,4.3,10.0,8.5,10.0,991.2,10.0,,,80,10,0.0,10,12.0,10,,,0.2,10,8.5,,,10.0,8.0,,,10.0,7.9,10.0,6.7,10,6.6,10.0,1246.0,10.0
2008-04-03T13:00+00:00,5805,,,292.0,10.0,305.0,10.0,3.0,10.0,6.2,10.0,990.8,10.0,,,76,10,0.1,10,13.0,10,,,0.0,10,8.7,,,10.0,8.1,,,10.0,7.9,10.0,8.4,10,6.5,10.0,1400.0,10.0
2008-04-03T14:00+00:00,5805,,,291.0,10.0,296.0,10.0,3.8,10.0,9.2,10.0,990.5,10.0,,,62,10,0.0,10,0.0,10,,,0.7,10,9.2,,,10.0,8.2,,,10.0,7.9,10.0,10.4,10,11.7,10.0,1437.0,10.0
2008-04-03T15:00+00:00,5805,,,291.0,10.0,279.0,10.0,4.5,10.0,9.4,10.0,990.7,10.0,,,59,10,0.0,10,0.0,10,,,0.9,10,9.7,,,10.0,8.3,,,10.0,7.9,10.0,10.2,10,13.9,10.0,1527.0,10.0
2008-04-03T16:00+00:00,5805,,,306.0,10.0,303.0,10.0,3.1,10.0,10.3,10.0,991.3,10.0,,,85,10,0.9,10,29.0,10,,,0.0,10,9.4,,,10.0,8.5,,,10.0,7.9,10.0,7.5,10,5.7,10.0,1612.0,10.0
2008-04-03T17:00+00:00,5805,,,303.0,10.0,314.0,10.0,3.4,10.0,6.9,10.0,991.5,10.0,,,76,10,0.0,10,0.0,10,,,0.2,10,9.1,,,10.0,8.6,,,10.0,7.9,10.0,7.6,10,5.4,10.0,1732.0,10.0
2008-04-03T18:00+00:00,5805,,,290.0,10.0,264.0,10.0,3.9,10.0,9.1,10.0,992.3,10.0,,,80,10,0.0,10,0.0,10,,,0.0,10,8.7,,,10.0,8.6,,,10.0,7.9,10.0,6.5,10,3.8,10.0,1805.0,10.0
2008-04-03T19:00+00:00,5805,,,290.0,10.0,280.0,10.0,3.1,10.0,6.5,10.0,993.4,10.0,,,81,10,0.0,10,0.0,10,,,0.0,10,8.4,,,10.0,8.5,,,10.0,7.9,10.0,6.3,10,3.5,10.0,1907.0,10.0
2008-04-03T20:00+00:00,5805,,,292.0,10.0,315.0,10.0,3.9,10.0,8.3,10.0,993.9,10.0,,,82,10,0.0,10,0.0,10,,,0.0,10,8.1,,,10.0,8.5,,,10.0,7.9,10.0,6.4,10,3.3,10.0,2037.0,10.0
2008-04-03T21:00+00:00,5805,,,308.0,10.0,325.0,10.0,2.6,10.0,7.1,10.0,994.3,10.0,,,82,10,0.0,10,1.0,10,,,0.0,10,8.0,,,10.0,8.4,,,10.0,7.9,10.0,6.2,10,3.9,10.0,2108.0,10.0
2008-04-03T22:00+00:00,5805,,,317.0,10.0,311.0,10.0,2.6,10.0,8.5,10.0,995.0,10.0,,,82,10,0.0,10,0.0,10,,,0.0,10,7.8,,,10.0,8.3,,,10.0,7.9,10.0,6.0,10,3.9,10.0,2214.0,10.0
2008-04-03T23:00+00:00,5805,,,315.0,10.0,295.0,10.0,1.9,10.0,4.8,10.0,995.3,10.0,,,84,10,0.0,10,0.0,10,,,0.0,10,7.6,,,10.0,8.2,,,10.0,8.0,10.0,5.6,10,3.2,10.0,2313.0,10.0
2008-04-04T00:00+00:00,5805,,,310.0,10.0,289.0,10.0,2.0,10.0,5.2,10.0,995.5,10.0,,,84,10,0.0,10,1.0,10,,,0.0,10,7.5,,,10.0,8.1,,,10.0,8.0,10.0,6.0,10,3.1,10.0,45.0,10.0
2008-04-04T01:00+00:00,5805,,,307.0,10.0,328.0,10.0,2.5,10.0,6.0,10.0,995.6,10.0,,,83,10,0.0,10,8.0,10,,,0.0,10,7.4,,,10.0,8.0,,,10.0,8.0,10.0,6.1,10,4.8,10.0,146.0,10.0
2008-04-04T02:00+00:00,5805,,,304.0,10.0,320.0,10.0,2.3,10.0,5.5,10.0,995.7,10.0,,,85,10,0.0,10,13.0,10,,,0.0,10,7.4,,,10.0,8.0,,,10.0,8.0,10.0,5.7,10,4.5,10.0,226.0,10.0
2008-04-04T03:00+00:00,5805,,,303.0,10.0,332.0,10.0,3.0,10.0,7.0,10.0,995.7,10.0,,,85,10,0.0,10,0.0,10,,,0.0,10,7.3,,,10.0,7.9,,,10.0,8.0,10.0,5.6,10,4.4,10.0,348.0,10.0
2008-04-04T04:00+00:00,5805,,,308.0,10.0,323.0,10.0,3.3,10.0,8.2,10.0,995.9,10.0,,,86,10,0.0,10,0.0,10,,,0.0,10,7.2,,,10.0,7.8,,,10.0,8.0,10.0,5.2,10,3.4,10.0,442.0,10.0
2008-04-04T05:00+00:00,5805,,,298.0,10.0,326.0,10.0,3.8,10.0,7.1,10.0,996.1,10.0,,,87,10,0.0,10,0.0,10,,,0.0,10,7.1,,,10.0,7.8,,,10.0,8.0,10.0,5.2,10,2.9,10.0,557.0,10.0
2008-04-04T06:00+00:00,5805,,,297.0,10.0,325.0,10.0,3.7,10.0,8.0,10.0,996.5,10.0,,,85,10,0.0,10,0.0,10,,,0.0,10,7.0,,,10.0,7.7,,,10.0,8.0,10.0,5.8,10,3.9,10.0,620.0,10.0
2008-04-04T07:00+00:00,5805,,,292.0,10.0,286.0,10.0,3.7,10.0,7.2,10.0,996.9,10.0,,,82,10,0.0,10,0.0,10,,,0.0,10,7.2,,,10.0,7.7,,,10.0,7.9,10.0,6.6,10,5.9,10.0,747.0,10.0
2008-04-04T08:00+00:00,5805,,,291.0,10.0,295.0,10.0,3.9,10.0,7.6,10.0,997.0,10.0,,,79,10,0.0,10,0.0,10,,,0.2,10,7.4,,,10.0,7.6,,,10.0,7.9,10.0,8.0,10,7.6,10.0,801.0,10.0
2008-04-04T09:00+00:00,5805,,,297.0,10.0,315.0,10.0,3.8,10.0,7.8,10.0,996.9,10.0,,,72,10,0.0,10,0.0,10,,,0.3,10,7.9,,,10.0,7.7,,,10.0,7.9,10.0,9.0,10,11.2,10.0,904.0,10.0
2008-04-04T10:00+00:00,5805,,,308.0,10.0,262.0,10.0,2.8,10.0,8.0,10.0,996.8,10.0,,,73,10,0.0,10,1.0,10,,,0.0,10,8.0,,,10.0,7.7,,,10.0,7.9,10.0,8.9,10,9.4,10.0,1100.0,10.0
2008-04-04T11:00+00:00,5805,,,317.0,10.0,348.0,10.0,3.2,10.0,10.5,10.0,996.2,10.0,,,63,10,0.0,10,0.0,10,,,0.1,10,8.2,,,10.0,7.8,,,10.0,7.9,10.0,10.0,10,9.7,10.0,1159.0,10.0
2008-04-04T12:00+00:00,5805,,,315.0,10.0,307.0,10.0,3.6,10.0,9.3,10.0,995.9,10.0,,,66,10,0.0,10,4.0,10,,,0.0,10,8.4,,,10.0,7.9,,,10.0,7.9,10.0,9.6,10,10.2,10.0,1233.0,10.0
2008-04-04T13:00+00:00,5805,,,312.0,10.0,295.0,10.0,4.0,10.0,9.3,10.0,995.3,10.0,,,63,10,0.0,10,0.0,10,,,0.0,10,8.5,,,10.0,7.9,,,10.0,7.9,10.0,9.9,10,10.2,10.0,1341.0,10.0
2008-04-04T14:00+00:00,5805,,,314.0,10.0,275.0,10.0,3.7,10.0,8.8,10.0,994.7,10.0,,,58,10,0.0,10,0.0,10,,,0.3,10,8.6,,,10.0,8.0,,,10.0,7.9,10.0,11.0,10,10.8,10.0,1448.0,10.0
2008-04-04T15:00+00:00,5805,,,312.0,10.0,298.0,10.0,3.7,10.0,9.2,10.0,994.3,10.0,,,64,10,0.0,10,0.0,10,,,0.4,10,8.9,,,10.0,8.1,,,10.0,7.8,10.0,10.2,10,11.3,10.0,1544.0,10.0
2008-04-04T16:00+00:00,5805,,,299.0,10.0,287.0,10.0,4.1,10.0,8.5,10.0,993.9,10.0,,,67,10,0.0,10,0.0,10,,,0.2,10,9.0,,,10.0,8.2,,,10.0,7.9,10.0,9.8,10,10.0,10.0,1620.0,10.0
2008-04-04T17:00+00:00,5805,,,309.0,10.0,290.0,10.0,3.3,10.0,6.8,10.0,993.9,10.0,,,67,10,0.0,10,0.0,10,,,0.3,10,8.8,,,10.0,8.3,,,10.0,7.9,10.0,9.4,10,8.3,10.0,1757.0,10.0
2008-04-04T18:00+00:00,5805,,,296.0,10.0,308.0,10.0,3.5,10.0,6.7,10.0,994.1,10.0,,,71,10,0.0,10,0.0,10,,,0.0,10,8.6,,,10.0,8.3,,,10.0,7.8,10.0,8.6,10,7.3,10.0,1809.0,10.0
2008-04-04T19:00+00:00,5805,,,305.0,10.0,302.0,10.0,3.3,10.0,6.8,10.0,994.2,10.0,,,73,10,0.0,10,1.0,10,,,0.0,10,8.4,,,10.0,8.3,,,10.0,7.9,10.0,8.3,10,7.2,10.0,1911.0,10.0
2008-04-04T20:00+00:00,5805,,,301.0,10.0,298.0,10.0,3.2,10.0,6.6,10.0,994.1,10.0,,,74,10,0.0,10,0.0,10,,,0.0,10,8.3,,,10.0,8.3,,,10.0,7.9,10.0,8.0,10,6.7,10.0,2034.0,10.0
2008-04-04T21:00+00:00,5805,,,303.0,10.0,271.0,10.0,3.3,10.0,7.9,10.0,993.9,10.0,,,74,10,0.0,10,0.0,10,,,0.0,10,8.2,,,10.0,8.3,,,10.0,7.9,10.0,7.6,10,6.6,10.0,2130.0,10.0
2008-04-04T22:00+00:00,5805,,,309.0,10.0,309.0,10.0,2.6,10.0,6.1,10.0,993.5,10.0,,,76,10,0.0,10,0.0,10,,,0.0,10,8.1,,,10.0,8.2,,,10.0,7.9,10.0,7.2,10,5.8,10.0,2208.0,10.0
2008-04-04T23:00+00:00,5805,,,311.0,10.0,292.0,10.0,2.4,10.0,5.6,10.0,993.1,10.0,,,77,10,0.0,10,0.0,10,,,0.0,10,7.9,,,10.0,8.2,,,10.0,7.9,10.0,7.0,10,5.7,10.0,2320.0,10.0
2008-04-05T00:00+00:00,5805,,,312.0,10.0,295.0,10.0,2.2,10.0,6.3,10.0,992.5,10.0,,,78,10,0.0,10,0.0,10,,,0.0,10,7.8,,,10.0,8.1,,,10.0,7.9,10.0,6.8,10,5.6,10.0,39.0,10.0
2008-04-05T01:00+00:00,5805,,,309.0,10.0,297.0,10.0,2.9,10.0,6.8,10.0,991.9,10.0,,,79,10,0.0,10,0.0,10,,,0.0,10,7.7,,,10.0,8.1,,,10.0,7.9,10.0,6.4,10,5.0,10.0,121.0,10.0
2008-04-05T02:00+00:00,5805,,,308.0,10.0,321.0,10.0,2.4,10.0,6.2,10.0,991.3,10.0,,,84,10,0.0,10,0.0,10,,,0.0,10,7.5,,,10.0,8.0,,,10.0,7.9,10.0,5.8,10,4.1,10.0,218.0,10.0
2008-04-05T03:00+00:00,5805,,,326.0,10.0,345.0,10.0,1.4,10.0,3.7,10.0,990.8,10.0,,,89,10,0.0,10,0.0,10,,,0.0,10,7.3,,,10.0,7.9,,,10.0,7.9,10.0,4.8,10,2.9,10.0,316.0,10.0
2008-04-05T04:00+00:00,5805,,,328.0,10.0,358.0,10.0,1.4,10.0,3.9,10.0,990.4,10.0,,,90,10,0.0,10,0.0,10,,,0.0,10,7.2,,,10.0,7.9,,,10.0,7.9,10.0,5.0,10,2.6,10.0,459.0,10.0
2008-04-05T05:00+00:00,5805,,,333.0,10.0,343.0,10.0,1.2,10.0,3.7,10.0,990.1,10.0,,,89,10,0.0,10,0.0,10,,,0.0,10,7.1,,,10.0,7.8,,,10.0,7.9,10.0,5.1,10,4.1,10.0,522.0,10.0
2008-04-05T06:00+00:00,5805,,,323.0,10.0,359.0,10.0,1.4,10.0,3.7,10.0,989.7,10.0,,,87,10,0.0,10,0.0,10,,,0.0,10,7.1,,,10.0,7.7,,,10.0,7.9,10.0,5.6,10,4.5,10.0,635.0,10.0
2008-04-05T07:00+00:00,5805,,,309.0,10.0,320.0,10.0,2.2,10.0,7.7,10.0,989.4,10.0,,,79,10,0.0,10,0.0,10,,,0.1,10,7.2,,,10.0,7.7,,,10.0,7.9,10.0,7.1,10,5.6,10.0,752.0,10.0
2008-04-05T08:00+00:00,5805,,,301.0,10.0,289.0,10.0,2.7,10.0,6.4,10.0,989.0,10.0,,,74,10,0.0,10,0.0,10,,,0.1,10,7.5,,,10.0,7.6,,,10.0,7.9,10.0,7.4,10,9.3,10.0,811.0,10.0
2008-04-05T09:00+00:00,5805,,,306.0,10.0,309.0,10.0,2.2,10.0,7.2,10.0,988.1,10.0,,,70,10,0.0,10,0.0,10,,,0.2,10,7.8,,,10.0,7.7,,,10.0,7.9,10.0,8.3,10,10.1,10.0,901.0,10.0
2008-04-05T10:00+00:00,5805,,,314.0,10.0,309.0,10.0,2.6,10.0,6.3,10.0,987.0,10.0,,,62,10,0.0,10,0.0,10,,,0.4,10,8.2,,,10.0,7.7,,,10.0,7.9,10.0,9.4,10,10.8,10.0,1034.0,10.0
2008-04-05T11:00+00:00,5805,,,313.0,10.0,300.0,10.0,2.6,10.0,7.8,10.0,985.9,10.0,,,54,10,0.0,10,0.0,10,,,0.6,10,8.8,,,10.0,7.8,,,10.0,7.9,10.0,11.3,10,11.9,10.0,1159.0,10.0
2008-04-05T12:00+00:00,5805,,,312.0,10.0,296.0,10.0,3.2,10.0,7.8,10.0,984.8,10.0,,,50,10,0.0,10,0.0,10,,,0.7,10,9.6,,,10.0,8.0,,,10.0,7.9,10.0,11.9,10,15.3,10.0,1300.0,10.0
2008-04-05T13:00+00:00,5805,,,301.0,10.0,318.0,10.0,3.4,10.0,7.5,10.0,983.6,10.0,,,47,10,0.0,10,0.0,10,,,0.5,10,10.0,,,10.0,8.2,,,10.0,7.9,10.0,12.4,10,14.5,10.0,1347.0,10.0
2008-04-05T14:00+00:00,5805,,,305.0,10.0,293.0,10.0,3.3,10.0,8.6,10.0,982.8,10.0,,,47,10,0.0,10,0.0,10,,,0.5,10,10.3,,,10.0,8.4,,,10.0,7.8,10.0,12.6,10,13.9,10.0,1403.0,10.0
2008-04-05T15:00+00:00,5805,,,302.0,10.0,290.0,10.0,3.7,10.0,8.5,10.0,982.0,10.0,,,46,10,0.0,10,0.0,10,,,0.8,10,10.5,,,10.0,8.7,,,10.0,7.9,10.0,11.9,10,13.7,10.0,1509.0,10.0
2008-04-05T16:00+00:00,5805,,,302.0,10.0,289.0,10.0,3.0,10.0,8.3,10.0,981.5,10.0,,,47,10,0.0,10,0.0,10,,,0.7,10,10.4,,,10.0,8.8,,,10.0,7.9,10.0,11.2,10,10.4,10.0,1636.0,10.0
2008-04-05T17:00+00:00,5805,,,311.0,10.0,296.0,10.0,2.7,10.0,5.7,10.0,981.0,10.0,,,47,10,0.0,10,0.0,10,,,0.4,10,10.0,,,10.0,8.9,,,10.0,7.9,10.0,10.6,10,7.6,10.0,1721.0,10.0
2008-04-05T18:00+00:00,5805,,,345.0,10.0,336.0,10.0,1.3,10.0,3.6,10.0,981.0,10.0,,,59,10,0.0,10,0.0,10,,,0.1,10,9.5,,,10.0,9.0,,,10.0,7.9,10.0,7.9,10,3.2,10.0,1801.0,10.0
2008-04-05T19:00+00:00,5805,,,17.0,10.0,7.0,10.0,0.3,10.0,1.8,10.0,980.7,10.0,,,75,10,0.0,10,0.0,10,,,0.0,10,9.0,,,10.0,8.9,,,10.0,7.9,10.0,5.5,10,0.5,10.0,1943.0,10.0
2008-04-05T20:00+00:00,5805,,,355.0,10.0,2.0,10.0,0.5,10.0,1.7,10.0,980.2,10.0,,,84,10,0.0,10,0.0,10,,,0.0,10,8.5,,,10.0,8.8,,,10.0,7.9,10.0,4.0,10,-0.8,10.0,2030.0,10.0
2008-04-05T21:00+00:00,5805,,,6.0,10.0,2.0,10.0,0.5,10.0,2.2,10.0,979.6,10.0,,,89,10,0.0,10,0.0,10,,,0.0,10,8.1,,,10.0,8.7,,,10.0,8.0,10.0,2.7,10,-1.6,10.0,2152.0,10.0
2008-04-05T22:00+00:00,5805,,,353.0,10.0,355.0,10.0,0.7,10.0,2.1,10.0,979.2,10.0,,,92,10,0.0,10,0.0,10,,,0.0,10,7.7,,,10.0,8.5,,,10.0,8.0,10.0,1.6,10,-2.2,10.0,2259.0,10.0
2008-04-05T23:00+00:00,5805,,,350.0,10.0,3.0,10.0,0.7,10.0,2.5,10.0,978.7,10.0,,,93,10,0.0,10,0.0,10,,,0.0,10,7.3,,,10.0,8.4,,,10.0,8.0,10.0,0.9,10,-2.7,10.0,2341.0,10.0
2008-04-06T00:00+00:00,5805,,,354.0,10.0,359.0,10.0,1.0,10.0,2.8,10.0,977.9,10.0,,,93,10,0.0,10,0.0,10,,,0.0,10,7.0,,,10.0,8.2,,,10.0,8.0,10.0,0.2,10,-3.3,10.0,31.0,10.0
2008-04-06T01:00+00:00,5805,,,356.0,10.0,4.0,10.0,1.3,10.0,3.1,10.0,977.1,10.0,,,93,10,0.0,10,0.0,10,,,0.0,10,6.7,,,10.0,8.0,,,10.0,8.0,10.0,-0.4,10,-3.7,10.0,159.0,10.0
2008-04-06T02:00+00:00,5805,,,360.0,10.0,3.0,10.0,1.2,10.0,3.1,10.0,976.3,10.0,,,93,10,0.0,10,0.0,10,,,0.0,10,6.4,,,10.0,7.9,,,10.0,8.1,10.0,-1.0,10,-4.2,10.0,300.0,10.0
2008-04-06T03:00+00:00,5805,,,353.0,10.0,348.0,10.0,0.8,10.0,2.4,10.0,975.5,10.0,,,93,10,0.0,10,0.0,10,,,0.0,10,6.2,,,10.0,7.7,,,10.0,8.1,10.0,-1.3,10,-4.3,10.0,311.0,10.0
2008-04-06T04:00+00:00,5805,,,357.0,10.0,357.0,10.0,0.8,10.0,2.4,10.0,975.0,10.0,,,93,10,0.0,10,0.0,10,,,0.0,10,5.9,,,10.0,7.5,,,10.0,8.1,10.0,-1.5,10,-4.7,10.0,409.0,10.0
2008-04-06T05:00+00:00,5805,,,345.0,10.0,355.0,10.0,0.8,10.0,2.1,10.0,974.5,10.0,,,93,10,0.0,10,0.0,10,,,0.1,10,5.7,,,10.0,7.4,,,10.0,8.0,10.0,-1.6,10,-4.7,10.0,526.0,10.0
2008-04-06T06:00+00:00,5805,,,344.0,10.0,359.0,10.0,0.7,10.0,2.3,10.0,974.3,10.0,,,92,10,0.0,10,0.0,10,,,1.0,10,5.6,,,10.0,7.2,,,10.0,8.0,10.0,0.7,10,-4.2,10.0,621.0,10.0
2008-04-06T07:00+00:00,5805,,,280.0,10.0,359.0,10.0,0.4,10.0,2.1,10.0,973.9,10.0,,,73,10,0.0,10,0.0,10,,,1.0,10,5.9,,,10.0,7.1,,,10.0,8.0,10.0,4.9,10,2.3,10.0,750.0,10.0
2008-04-06T08:00+00:00,5805,,,118.0,10.0,151.0,10.0,1.2,10.0,4.6,10.0,973.7,10.0,,,53,10,0.0,10,0.0,10,,,1.0,10,6.7,,,10.0,7.0,,,10.0,8.0,10.0,8.8,10,10.7,10.0,850.0,10.0
2008-04-06T09:00+00:00,5805,,,106.0,10.0,89.0,10.0,2.1,10.0,5.1,10.0,973.6,10.0,,,48,10,0.0,10,0.0,10,,,1.0,10,7.5,,,10.0,7.1,,,10.0,8.0,10.0,11.2,10,14.0,10.0,933.0,10.0
2008-04-06T10:00+00:00,5805,,,340.0,10.0,304.0,10.0,0.6,10.0,8.5,10.0,973.7,10.0,,,46,10,0.0,10,0.0,10,,,1.0,10,8.4,,,10.0,7.3,,,10.0,7.9,10.0,12.5,10,18.4,10.0,1055.0,10.0
2008-04-06T11:00+00:00,5805,,,296.0,10.0,324.0,10.0,3.6,10.0,8.7,10.0,973.5,10.0,,,42,10,0.0,10,0.0,10,,,1.0,10,9.2,,,10.0,7.5,,,10.0,7.9,10.0,12.8,10,18.4,10.0,1159.0,10.0
2008-04-06T12:00+00:00,5805,,,301.0,10.0,289.0,10.0,2.7,10.0,8.9,10.0,973.1,10.0,,,41,10,0.0,10,0.0,10,,,1.0,10,9.8,,,10.0,7.8,,,10.0,7.9,10.0,13.3,10,17.9,10.0,1220.0,10.0
2008-04-06T13:00+00:00,5805,,,302.0,10.0,293.0,10.0,2.3,10.0,6.9,10.0,973.1,10.0,,,43,10,0.0,10,3.0,10,,,0.3,10,10.0,,,10.0,8.1,,,10.0,7.9,10.0,12.6,10,13.4,10.0,1314.0,10.0
2008-04-06T14:00+00:00,5805,,,310.0,10.0,318.0,10.0,2.0,10.0,7.2,10.0,973.3,10.0,,,46,10,0.0,10,12.0,10,,,0.0,10,9.8,,,10.0,8.3,,,10.0,7.8,10.0,11.8,10,12.3,10.0,1448.0,10.0
2008-04-06T15:00+00:00,5805,,,301.0,10.0,285.0,10.0,1.4,10.0,3.8,10.0,973.1,10.0,,,45,10,0.0,10,0.0,10,,,0.0,10,9.9,,,10.0,8.4,,,10.0,7.8,10.0,12.5,10,13.2,10.0,1511.0,10.0
2008-04-06T16:00+00:00,5805,,,306.0,10.0,310.0,10.0,0.7,10.0,3.3,10.0,973.3,10.0,,,46,10,0.0,10,5.0,10,,,0.0,10,9.8,,,10.0,8.6,,,10.0,7.8,10.0,12.2,10,11.3,10.0,1637.0,10.0
2008-04-06T17:00+00:00,5805,,,307.0,10.0,163.0,10.0,0.4,10.0,4.2,10.0,973.5,10.0,,,56,10,0.0,10,21.0,10,,,0.0,10,9.6,,,10.0,8.6,,,10.0,7.8,10.0,10.5,10,7.6,10.0,1713.0,10.0
2008-04-06T18:00+00:00,5805,,,311.0,10.0,298.0,10.0,3.2,10.0,6.2,10.0,974.2,10.0,,,71,10,0.0,10,10.0,10,,,0.0,10,9.3,,,10.0,8.7,,,10.0,7.8,10.0,8.6,10,7.3,10.0,1806.0,10.0
2008-04-06T19:00+00:00,5805,,,311.0,10.0,304.0,10.0,2.8,10.0,6.3,10.0,975.0,10.0,,,83,10,0.0,10,30.0,10,,,0.0,10,9.0,,,10.0,8.7,,,10.0,7.9,10.0,7.0,10,5.5,10.0,1902.0,10.0
2008-04-06T20:00+00:00,5805,,,295.0,10.0,286.0,10.0,2.7,10.0,6.2,10.0,975.1,10.0,,,84,10,0.0,10,0.0,10,,,0.0,10,8.7,,,10.0,8.6,,,10.0,7.9,10.0,6.4,10,4.5,10.0,2001.0,10.0
2008-04-06T21:00+00:00,5805,,,301.0,10.0,313.0,10.0,3.3,10.0,7.5,10.0,975.0,10.0,,,86,10,0.1,10,11.0,10,,,0.0,10,8.4,,,10.0,8.6,,,10.0,7.9,10.0,5.8,10,4.6,10.0,2137.0,10.0
2008-04-06T22:00+00:00,5805,,,297.0,10.0,325.0,10.0,2.6,10.0,6.0,10.0,974.4,10.0,,,88,10,0.0,10,1.0,10,,,0.0,10,8.2,,,10.0,8.5,,,10.0,7.9,10.0,5.1,10,2.9,10.0,2227.0,10.0
2008-04-06T23:00+00:00,5805,,,286.0,10.0,279.0,10.0,2.4,10.0,5.0,10.0,974.0,10.0,,,90,10,0.0,10,0.0,10,,,0.0,10,7.9,,,10.0,8.4,,,10.0,8.0,10.0,4.3,10,1.3,10.0,2316.0,10.0
2008-04-07T00:00+00:00,5805,,,296.0,10.0,304.0,10.0,1.6,10.0,3.8,10.0,973.5,10.0,,,91,10,0.0,10,0.0,10,,,0.0,10,7.7,,,10.0,8.3,,,10.0,8.0,10.0,4.5,10,1.2,10.0,3.0,10.0
2008-04-07T01:00+00:00,5805,,,47.0,10.0,345.0,10.0,0.2,10.0,2.2,10.0,972.6,10.0,,,92,10,0.0,10,0.0,10,,,0.0,10,7.6,,,10.0,8.3,,,10.0,8.0,10.0,3.7,10,0.7,10.0,102.0,10.0
2008-04-07T02:00+00:00,5805,,,323.0,10.0,310.0,10.0,0.6,10.0,2.0,10.0,972.0,10.0,,,93,10,0.0,10,0.0,10,,,0.0,10,7.3,,,10.0,8.1,,,10.0,8.0,10.0,2.3,10,-1.1,10.0,214.0,10.0
2008-04-07T03:00+00:00,5805,,,345.0,10.0,345.0,10.0,0.6,10.0,2.1,10.0,970.8,10.0,,,92,10,0.0,10,0.0,10,,,0.0,10,7.0,,,10.0,8.0,,,10.0,8.0,10.0,1.1,10,-2.0,10.0,359.0,10.0
2008-04-07T04:00+00:00,5805,,,351.0,10.0,4.0,10.0,0.7,10.0,2.4,10.0,970.1,10.0,,,92,10,0.0,10,0.0,10,,,0.0,10,6.8,,,10.0,7.9,,,10.0,8.0,10.0,1.2,10,-1.9,10.0,428.0,10.0
2008-04-07T05:00+00:00,5805,,,353.0,10.0,5.0,10.0,0.6,10.0,2.5,10.0,970.4,10.0,,,92,10,0.0,10,0.0,10,,,0.0,10,6.7,,,10.0,7.8,,,10.0,8.0,10.0,2.4,10,0.0,10.0,534.0,10.0
2008-04-07T06:00+00:00,5805,,,77.0,10.0,115.0,10.0,1.1,10.0,5.9,10.0,969.7,10.0,,,88,10,0.0,10,0.0,10,,,0.0,10,6.7,,,10.0,7.7,,,10.0,8.0,10.0,4.6,10,2.6,10.0,640.0,10.0
2008-04-07T07:00+00:00,5805,,,103.0,10.0,100.0,10.0,2.8,10.0,6.4,10.0,969.6,10.0,,,86,10,0.0,10,0.0,10,,,0.0,10,6.8,,,10.0,7.6,,,10.0,8.0,10.0,4.9,10,4.5,10.0,756.0,10.0
2008-04-07T08:00+00:00,5805,,,314.0,10.0,297.0,10.0,0.9,10.0,7.2,10.0,971.2,10.0,,,84,10,0.0,10,11.0,10,,,0.0,10,6.9,,,10.0,7.6,,,10.0,8.0,10.0,5.4,10,4.6,10.0,857.0,10.0
2008-04-07T09:00+00:00,5805,,,287.0,10.0,280.0,10.0,4.4,10.0,10.4,10.0,971.5,10.0,,,80,10,0.0,10,33.0,10,,,0.0,10,6.9,,,10.0,7.5,,,10.0,8.0,10.0,5.4,10,4.4,10.0,951.0,10.0
2008-04-07T10:00+00:00,5805,,,291.0,10.0,288.0,10.0,6.1,10.0,14.3,10.0,972.1,10.0,,,72,10,0.0,10,0.0,10,,,0.0,10,7.2,,,10.0,7.5,,,10.0,8.0,10.0,6.7,10,6.0,10.0,1020.0,10.0
2008-04-07T11:00+00:00,5805,,,288.0,10.0,294.0,10.0,7.1,10.0,14.3,10.0,972.5,10.0,,,65,10,0.0,10,0.0,10,,,0.1,10,7.5,,,10.0,7.5,,,10.0,8.0,10.0,7.4,10,8.8,10.0,1121.0,10.0
2008-04-07T12:00+00:00,5805,,,286.0,10.0,290.0,10.0,8.7,10.0,17.7,10.0,973.6,10.0,,,59,10,0.0,10,0.0,10,,,0.8,10,8.1,,,10.0,7.6,,,10.0,8.0,10.0,8.8,10,10.2,10.0,1257.0,10.0
2008-04-07T13:00+00:00,5805,,,288.0,10.0,286.0,10.0,9.0,10.0,20.0,10.0,975.0,10.0,,,60,10,0.0,10,0.0,10,,,0.9,10,8.8,,,10.0,7.7,,,10.0,8.0,10.0,7.0,10,14.2,10.0,1359.0,10.0
2008-04-07T14:00+00:00,5805,,,286.0,10.0,273.0,10.0,9.1,10.0,18.1,10.0,976.4,10.0,,,50,10,0.0,10,0.0,10,,,0.7,10,9.1,,,10.0,7.9,,,10.0,7.9,10.0,6.4,10,8.0,10.0,1416.0,10.0
2008-04-07T15:00+00:00,5805,,,289.0,10.0,280.0,10.0,8.7,10.0,19.3,10.0,977.2,10.0,,,45,10,0.0,10,0.0,10,,,0.3,10,8.8,,,10.0,8.1,,,10.0,7.9,10.0,6.1,10,6.8,10.0,1512.0,10.0
2008-04-07T16:00+00:00,5805,,,295.0,10.0,281.0,10.0,6.5,10.0,14.7,10.0,978.1,10.0,,,45,10,0.0,10,0.0,10,,,0.3,10,8.5,,,10.0,8.1,,,10.0,7.9,10.0,5.9,10,5.8,10.0,1627.0,10.0
2008-04-07T17:00+00:00,5805,,,294.0,10.0,309.0,10.0,6.1,10.0,15.2,10.0,979.1,10.0,,,43,10,0.0,10,0.0,10,,,0.0,10,8.1,,,10.0,8.1,,,10.0,7.9,10.0,5.5,10,4.7,10.0,1728.0,10.0
2008-04-07T18:00+00:00,5805,,,296.0,10.0,298.0,10.0,5.2,10.0,11.4,10.0,979.6,10.0,,,46,10,0.0,10,0.0,10,,,0.0,10,7.7,,,10.0,8.1,,,10.0,7.9,10.0,5.0,10,3.7,10.0,1858.0,10.0
2008-04-07T19:00+00:00,5805,,,289.0,10.0,308.0,10.0,4.5,10.0,11.2,10.0,980.2,10.0,,,47,10,0.0,10,0.0,10,,,0.0,10,7.4,,,10.0,8.0,,,10.0,7.9,10.0,4.8,10,2.5,10.0,1908.0,10.0
2008-04-07T20:00+00:00,5805,,,294.0,10.0,300.0,10.0,2.5,10.0,6.4,10.0,980.7,10.0,,,48,10,0.0,10,0.0,10,,,0.0,10,7.1,,,10.0,7.9,,,10.0,7.9,10.0,4.0,10,0.3,10.0,2002.0,10.0
2008-04-07T21:00+00:00,5805,,,322.0,10.0,328.0,10.0,1.1,10.0,3.7,10.0,981.0,10.0,,,51,10,0.0,10,0.0,10,,,0.0,10,6.9,,,10.0,7.8,,,10.0,7.9,10.0,3.5,10,0.2,10.0,2142.0,10.0
2008-04-07T22:00+00:00,5805,,,292.0,10.0,339.0,10.0,1.0,10.0,3.8,10.0,981.2,10.0,,,55,10,0.0,10,0.0,10,,,0.0,10,6.7,,,10.0,7.7,,,10.0,7.9,10.0,3.1,10,0.3,10.0,2245.0,10.0
2008-04-07T23:00+00:00,5805,,,360.0,10.0,358.0,10.0,0.7,10.0,2.2,10.0,981.4,10.0,,,60,10,0.0,10,0.0,10,,,0.0,10,6.5,,,10.0,7.6,,,10.0,8.0,10.0,2.2,10,-0.8,10.0,2348.0,10.0
2008-04-08T00:00+00:00,5805,,,320.0,10.0,3.0,10.0,1.4,10.0,3.7,10.0,981.5,10.0,,,57,10,0.0,10,0.0,10,,,0.0,10,6.4,,,10.0,7.5,,,10.0,8.0,10.0,2.7,10,-0.8,10.0,35.0,10.0
2008-04-08T01:00+00:00,5805,,,335.0,10.0,357.0,10.0,1.1,10.0,3.0,10.0,981.7,10.0,,,59,10,0.0,10,0.0,10,,,0.0,10,6.2,,,10.0,7.4,,,10.0,7.9,10.0,2.2,10,-0.6,10.0,141.0,10.0
2008-04-08T02:00+00:00,5805,,,313.0,10.0,323.0,10.0,1.3,10.0,3.5,10.0,981.8,10.0,,,61,10,0.0,10,0.0,10,,,0.0,10,6.1,,,10.0,7.3,,,10.0,7.9,10.0,2.1,10,-1.0,10.0,256.0,10.0
2008-04-08T03:00+00:00,5805,,,303.0,10.0,282.0,10.0,1.7,10.0,3.6,10.0,981.9,10.0,,,57,10,0.0,10,0.0,10,,,0.0,10,6.0,,,10.0,7.2,,,10.0,7.9,10.0,2.6,10,-0.7,10.0,329.0,10.0
2008-04-08T04:00+00:00,5805,,,338.0,10.0,285.0,10.0,0.9,10.0,2.8,10.0,982.0,10.0,,,62,10,0.0,10,0.0,10,,,0.0,10,5.9,,,10.0,7.1,,,10.0,7.9,10.0,2.0,10,-0.6,10.0,401.0,10.0
2008-04-08T05:00+00:00,5805,,,342.0,10.0,326.0,10.0,1.0,10.0,2.5,10.0,981.9,10.0,,,66,10,0.0,10,0.0,10,,,0.0,10,5.8,,,10.0,7.0,,,10.0,7.9,10.0,1.5,10,-0.7,10.0,539.0,10.0
2008-04-08T06:00+00:00,5805,,,348.0,10.0,348.0,10.0,0.9,10.0,2.2,10.0,982.0,10.0,,,66,10,0.0,10,0.0,10,,,0.0,10,5.8,,,10.0,6.9,,,10.0,7.9,10.0,2.6,10,0.7,10.0,608.0,10.0
2008-04-08T07:00+00:00,5805,,,18.0,10.0,127.0,10.0,0.1,10.0,3.7,10.0,981.8,10.0,,,56,10,0.0,10,0.0,10,,,0.1,10,6.1,,,10.0,6.9,,,10.0,7.9,10.0,5.3,10,3.6,10.0,752.0,10.0
2008-04-08T08:00+00:00,5805,,,113.0,10.0,129.0,10.0,2.7,10.0,5.7,10.0,981.3,10.0,,,49,10,0.0,10,0.0,10,,,0.5,10,6.5,,,10.0,6.9,,,10.0,7.8,10.0,7.1,10,8.2,10.0,857.0,10.0
2008-04-08T09:00+00:00,5805,,,121.0,10.0,101.0,10.0,3.2,10.0,7.6,10.0,980.7,10.0,,,47,10,0.0,10,0.0,10,,,1.0,10,7.2,,,10.0,6.9,,,10.0,7.8,10.0,8.7,10,14.0,10.0,955.0,10.0
2008-04-08T10:00+00:00,5805,,,139.0,10.0,112.0,10.0,3.4,10.0,10.2,10.0,980.0,10.0,,,44,10,0.0,10,0.0,10,,,1.0,10,8.0,,,10.0,7.1,,,10.0,7.8,10.0,10.1,10,16.0,10.0,1013.0,10.0
2008-04-08T11:00+00:00,5805,,,138.0,10.0,89.0,10.0,3.8,10.0,10.7,10.0,979.6,10.0,,,46,10,0.0,10,0.0,10,,,1.0,10,8.7,,,10.0,7.3,,,10.0,7.8,10.0,9.9,10,15.1,10.0,1114.0,10.0
2008-04-08T12:00+00:00,5805,,,148.0,10.0,121.0,10.0,3.6,10.0,10.3,10.0,979.1,10.0,,,45,10,0.0,10,0.0,10,,,1.0,10,9.0,,,10.0,7.5,,,10.0,7.8,10.0,10.6,10,14.0,10.0,1246.0,10.0
2008-04-08T13:00+00:00,5805,,,127.0,10.0,117.0,10.0,4.1,10.0,11.0,10.0,978.6,10.0,,,44,10,0.0,10,0.0,10,,,1.0,10,9.4,,,10.0,7.7,,,10.0,7.7,10.0,11.3,10,16.7,10.0,1327.0,10.0
2008-04-08T14:00+00:00,5805,,,126.0,10.0,117.0,10.0,4.5,10.0,11.5,10.0,978.0,10.0,,,44,10,0.0,10,0.0,10,,,1.0,10,9.8,,,10.0,7.9,,,10.0,7.7,10.0,11.2,10,17.2,10.0,1406.0,10.0
2008-04-08T15:00+00:00,5805,,,116.0,10.0,109.0,10.0,4.6,10.0,11.1,10.0,978.0,10.0,,,47,10,0.0,10,0.0,10,,,1.0,10,9.9,,,10.0,8.1,,,10.0,7.7,10.0,10.7,10,12.3,10.0,1530.0,10.0
2008-04-08T16:00+00:00,5805,,,122.0,10.0,95.0,10.0,3.9,10.0,9.3,10.0,977.8,10.0,,,51,10,0.0,10,0.0,10,,,0.5,10,9.6,,,10.0,8.3,,,10.0,7.7,10.0,9.6,10,9.7,10.0,1700.0,10.0
2008-04-08T17:00+00:00,5805,,,116.0,10.0,124.0,10.0,3.5,10.0,8.5,10.0,977.5,10.0,,,55,10,0.0,10,0.0,10,,,0.0,10,9.2,,,10.0,8.4,,,10.0,7.7,10.0,8.8,10,7.5,10.0,1731.0,10.0
2008-04-08T18:00+00:00,5805,,,113.0,10.0,119.0,10.0,2.7,10.0,7.8,10.0,977.6,10.0,,,58,10,0.0,10,0.0,10,,,0.0,10,8.9,,,10.0,8.4,,,10.0,7.7,10.0,8.2,10,5.5,10.0,1805.0,10.0
2008-04-08T19:00+00:00,5805,,,103.0,10.0,127.0,10.0,2.2,10.0,5.5,10.0,977.7,10.0,,,60,10,0.0,10,0.0,10,,,0.0,10,8.6,,,10.0,8.4,,,10.0,7.8,10.0,7.7,10,5.1,10.0,1909.0,10.0
2008-04-08T20:00+00:00,5805,,,103.0,10.0,119.0,10.0,2.3,10.0,5.3,10.0,977.2,10.0,,,63,10,0.0,10,0.0,10,,,0.0,10,8.3,,,10.0,8.3,,,10.0,7.8,10.0,7.2,10,4.2,10.0,2023.0,10.0
2008-04-08T21:00+00:00,5805,,,93.0,10.0,87.0,10.0,1.4,10.0,4.1,10.0,976.8,10.0,,,67,10,0.0,10,0.0,10,,,0.0,10,8.0,,,10.0,8.2,,,10.0,7.8,10.0,6.2,10,1.7,10.0,2110.0,10.0
2008-04-08T22:00+00:00,5805,,,92.0,10.0,39.0,10.0,1.1,10.0,2.8,10.0,976.7,10.0,,,74,10,0.0,10,0.0,10,,,0.0,10,7.7,,,10.0,8.1,,,10.0,7.8,10.0,5.1,10,0.3,10.0,2213.0,10.0
2008-04-08T23:00+00:00,5805,,,0.0,10.0,355.0,10.0,0.0,10.0,1.6,10.0,977.1,10.0,,,83,10,0.0,10,0.0,10,,,0.0,10,7.4,,,10.0,8.0,,,10.0,7.8,10.0,3.2,10,-0.9,10.0,2321.0,10.0
2008-04-09T00:00+00:00,5805,,,327.0,10.0,359.0,10.0,0.5,10.0,1.8,10.0,976.9,10.0,,,88,10,0.0,10,0.0,10,,,0.0,10,7.1,,,10.0,7.9,,,10.0,7.9,10.0,2.1,10,-1.7,10.0,43.0,10.0
2008-04-09T01:00+00:00,5805,,,322.0,10.0,324.0,10.0,0.8,10.0,2.2,10.0,976.9,10.0,,,90,10,0.0,10,0.0,10,,,0.0,10,6.8,,,10.0,7.8,,,10.0,7.9,10.0,2.2,10,-2.1,10.0,158.0,10.0
2008-04-09T02:00+00:00,5805,,,342.0,10.0,5.0,10.0,0.9,10.0,2.4,10.0,977.0,10.0,,,91,10,0.0,10,0.0,10,,,0.0,10,6.5,,,10.0,7.7,,,10.0,7.9,10.0,1.1,10,-2.2,10.0,226.0,10.0
2008-04-09T03:00+00:00,5805,,,333.0,10.0,353.0,10.0,1.0,10.0,2.6,10.0,976.5,10.0,,,92,10,0.0,10,0.0,10,,,0.0,10,6.3,,,10.0,7.5,,,10.0,7.9,10.0,0.2,10,-2.6,10.0,335.0,10.0
2008-04-09T04:00+00:00,5805,,,353.0,10.0,4.0,10.0,0.9,10.0,2.9,10.0,976.3,10.0,,,92,10,0.0,10,0.0,10,,,0.0,10,6.1,,,10.0,7.4,,,10.0,7.9,10.0,0.2,10,-2.8,10.0,437.0,10.0
2008-04-09T05:00+00:00,5805,,,356.0,10.0,4.0,10.0,1.2,10.0,2.9,10.0,976.5,10.0,,,92,10,0.0,10,0.0,10,,,0.1,10,5.9,,,10.0,7.3,,,10.0,7.9,10.0,0.7,10,-2.7,10.0,523.0,10.0
2008-04-09T06:00+00:00,5805,,,328.0,10.0,345.0,10.0,0.9,10.0,2.4,10.0,977.1,10.0,,,84,10,0.0,10,0.0,10,,,1.0,10,5.9,,,10.0,7.1,,,10.0,7.9,10.0,3.5,10,-1.2,10.0,602.0,10.0
2008-04-09T07:00+00:00,5805,,,294.0,10.0,321.0,10.0,0.9,10.0,2.4,10.0,977.2,10.0,,,69,10,0.0,10,0.0,10,,,1.0,10,6.3,,,10.0,7.1,,,10.0,7.9,10.0,6.7,10,5.1,10.0,746.0,10.0
2008-04-09T08:00+00:00,5805,,,123.0,10.0,136.0,10.0,0.3,10.0,3.1,10.0,976.7,10.0,,,61,10,0.0,10,0.0,10,,,1.0,10,7.1,,,10.0,7.1,,,10.0,7.9,10.0,9.4,10,10.8,10.0,853.0,10.0
2008-04-09T09:00+00:00,5805,,,113.0,10.0,111.0,10.0,1.9,10.0,5.3,10.0,976.2,10.0,,,57,10,0.0,10,0.0,10,,,1.0,10,7.9,,,10.0,7.2,,,10.0,7.8,10.0,11.1,10,18.0,10.0,938.0,10.0
2008-04-09T10:00+00:00,5805,,,110.0,10.0,96.0,10.0,2.4,10.0,6.4,10.0,975.2,10.0,,,56,10,0.0,10,0.0,10,,,1.0,10,8.9,,,10.0,7.4,,,10.0,7.8,10.0,12.4,10,20.6,10.0,1024.0,10.0
2008-04-09T11:00+00:00,5805,,,111.0,10.0,129.0,10.0,3.1,10.0,7.9,10.0,974.3,10.0,,,54,10,0.0,10,0.0,10,,,1.0,10,9.7,,,10.0,7.6,,,10.0,7.8,10.0,13.8,10,21.5,10.0,1149.0,10.0
2008-04-09T12:00+00:00,5805,,,121.0,10.0,112.0,10.0,3.5,10.0,9.4,10.0,973.4,10.0,,,52,10,0.0,10,0.0,10,,,1.0,10,10.5,,,10.0,7.9,,,10.0,7.8,10.0,14.9,10,22.2,10.0,1238.0,10.0
2008-04-09T13:00+00:00,5805,,,117.0,10.0,136.0,10.0,3.7,10.0,9.2,10.0,972.9,10.0,,,52,10,0.0,10,0.0,10,,,1.0,10,11.2,,,10.0,8.3,,,10.0,7.8,10.0,16.5,10,23.1,10.0,1357.0,10.0
2008-04-09T14:00+00:00,5805,,,120.0,10.0,90.0,10.0,4.0,10.0,11.0,10.0,971.4,10.0,,,49,10,0.0,10,0.0,10,,,1.0,10,11.7,,,10.0,8.6,,,10.0,7.8,10.0,18.3,10,23.3,10.0,1446.0,10.0
2008-04-09T15:00+00:00,5805,,,126.0,10.0,121.0,10.0,3.8,10.0,12.0,10.0,969.7,10.0,,,44,10,0.0,10,0.0,10,,,1.0,10,11.8,,,10.0,8.9,,,10.0,7.8,10.0,19.2,10,20.3,10.0,1531.0,10.0
2008-04-09T16:00+00:00,5805,,,146.0,10.0,163.0,10.0,3.5,10.0,11.9,10.0,969.4,10.0,,,46,10,0.0,10,0.0,10,,,0.3,10,11.7,,,10.0,9.2,,,10.0,7.8,10.0,18.3,10,16.6,10.0,1622.0,10.0
2008-04-09T17:00+00:00,5805,,,149.0,10.0,128.0,10.0,3.5,10.0,9.2,10.0,969.4,10.0,,,47,10,0.0,10,0.0,10,,,0.0,10,11.5,,,10.0,9.4,,,10.0,7.8,10.0,17.7,10,15.3,10.0,1758.0,10.0
2008-04-09T18:00+00:00,5805,,,130.0,10.0,119.0,10.0,2.8,10.0,8.7,10.0,968.8,10.0,,,48,10,0.0,10,0.0,10,,,0.0,10,11.2,,,10.0,9.5,,,10.0,7.8,10.0,16.7,10,13.8,10.0,1840.0,10.0
2008-04-09T19:00+00:00,5805,,,134.0,10.0,145.0,10.0,2.3,10.0,7.1,10.0,968.7,10.0,,,48,10,0.0,10,0.0,10,,,0.0,10,11.0,,,10.0,9.5,,,10.0,7.9,10.0,16.0,10,13.0,10.0,1939.0,10.0
2008-04-09T20:00+00:00,5805,,,187.0,10.0,207.0,10.0,1.0,10.0,6.0,10.0,968.9,10.0,,,50,10,0.0,10,0.0,10,,,0.0,10,10.8,,,10.0,9.5,,,10.0,7.9,10.0,15.1,10,11.3,10.0,2011.0,10.0
2008-04-09T21:00+00:00,5805,,,48.0,10.0,62.0,10.0,0.7,10.0,2.9,10.0,969.0,10.0,,,59,10,0.0,10,0.0,10,,,0.0,10,10.4,,,10.0,9.5,,,10.0,8.0,10.0,12.5,10,7.7,10.0,2117.0,10.0
2008-04-09T22:00+00:00,5805,,,356.0,10.0,3.0,10.0,1.0,10.0,2.6,10.0,969.2,10.0,,,76,10,0.0,10,0.0,10,,,0.0,10,10.0,,,10.0,9.5,,,10.0,8.0,10.0,9.9,10,5.1,10.0,2235.0,10.0
2008-04-09T23:00+00:00,5805,,,357.0,10.0,5.0,10.0,0.9,10.0,2.8,10.0,969.3,10.0,,,83,10,0.0,10,0.0,10,,,0.0,10,9.6,,,10.0,9.4,,,10.0,8.0,10.0,8.8,10,4.7,10.0,2304.0,10.0
2008-04-10T00:00+00:00,5805,,,343.0,10.0,357.0,10.0,0.4,10.0,2.8,10.0,969.6,10.0,,,85,10,0.0,10,0.0,10,,,0.0,10,9.4,,,10.0,9.3,,,10.0,8.1,10.0,8.3,10,5.2,10.0,42.0,10.0
2008-04-10T01:00+00:00,5805,,,340.0,10.0,358.0,10.0,0.5,10.0,2.4,10.0,969.9,10.0,,,87,10,0.0,10,0.0,10,,,0.0,10,9.2,,,10.0,9.2,,,10.0,8.1,10.0,7.6,10,4.4,10.0,139.0,10.0
2008-04-10T02:00+00:00,5805,,,335.0,10.0,7.0,10.0,0.5,10.0,2.2,10.0,970.2,10.0,,,90,10,0.0,10,0.0,10,,,0.0,10,8.9,,,10.0,9.1,,,10.0,8.2,10.0,6.4,10,2.0,10.0,211.0,10.0
2008-04-10T03:00+00:00,5805,,,349.0,10.0,359.0,10.0,0.5,10.0,2.0,10.0,970.7,10.0,,,91,10,0.0,10,0.0,10,,,0.0,10,8.5,,,10.0,9.0,,,10.0,8.2,10.0,5.3,10,1.0,10.0,319.0,10.0
2008-04-10T04:00+00:00,5805,,,339.0,10.0,353.0,10.0,0.6,10.0,2.1,10.0,971.1,10.0,,,92,10,0.0,10,0.0,10,,,0.0,10,8.2,,,10.0,8.9,,,10.0,8.2,10.0,4.8,10,0.5,10.0,421.0,10.0
2008-04-10T05:00+00:00,5805,,,342.0,10.0,1.0,10.0,0.7,10.0,2.5,10.0,971.6,10.0,,,90,10,0.0,10,0.0,10,,,0.1,10,8.0,,,10.0,8.8,,,10.0,8.3,10.0,5.7,10,0.5,10.0,548.0,10.0
2008-04-10T06:00+00:00,5805,,,1.0,10.0,1.0,10.0,0.8,10.0,3.7,10.0,972.0,10.0,,,80,10,0.0,10,0.0,10,,,0.9,10,8.1,,,10.0,8.6,,,10.0,8.3,10.0,8.3,10,4.0,10.0,648.0,10.0
2008-04-10T07:00+00:00,5805,,,14.0,10.0,15.0,10.0,0.5,10.0,2.4,10.0,972.1,10.0,,,57,10,0.0,10,0.0,10,,,1.0,10,8.6,,,10.0,8.6,,,10.0,8.3,10.0,14.4,10,7.9,10.0,729.0,10.0
2008-04-10T08:00+00:00,5805,,,290.0,10.0,302.0,10.0,2.2,10.0,5.2,10.0,972.4,10.0,,,48,10,0.0,10,0.0,10,,,1.0,10,9.4,,,10.0,8.6,,,10.0,8.3,10.0,17.6,10,19.8,10.0,807.0,10.0
2008-04-10T09:00+00:00,5805,,,290.0,10.0,300.0,10.0,2.4,10.0,6.5,10.0,972.6,10.0,,,46,10,0.0,10,0.0,10,,,1.0,10,10.4,,,10.0,8.7,,,10.0,8.3,10.0,18.6,10,23.1,10.0,926.0,10.0
2008-04-10T10:00+00:00,5805,,,77.0,10.0,331.0,10.0,0.3,10.0,4.6,10.0,972.3,10.0,,,43,10,0.0,10,0.0,10,,,1.0,10,11.4,,,10.0,9.0,,,10.0,8.3,10.0,19.5,10,25.9,10.0,1002.0,10.0
2008-04-10T11:00+00:00,5805,,,121.0,10.0,117.0,10.0,2.6,10.0,7.4,10.0,972.4,10.0,,,43,10,0.0,10,0.0,10,,,1.0,10,12.1,,,10.0,9.3,,,10.0,8.3,10.0,19.8,10,22.9,10.0,1122.0,10.0
2008-04-10T12:00+00:00,5805,,,131.0,10.0,112.0,10.0,2.6,10.0,8.0,10.0,971.7,10.0,,,42,10,0.0,10,0.0,10,,,1.0,10,12.9,,,10.0,9.6,,,10.0,8.3,10.0,19.6,10,25.8,10.0,1252.0,10.0
2008-04-10T13:00+00:00,5805,,,121.0,10.0,125.0,10.0,3.3,10.0,7.6,10.0,971.6,10.0,,,42,10,0.0,10,0.0,10,,,1.0,10,13.3,,,10.0,9.9,,,10.0,8.3,10.0,20.1,10,24.1,10.0,1356.0,10.0
2008-04-10T14:00+00:00,5805,,,122.0,10.0,112.0,10.0,3.4,10.0,8.2,10.0,971.4,10.0,,,40,10,0.0,10,0.0,10,,,1.0,10,13.6,,,10.0,10.2,,,10.0,8.3,10.0,20.5,10,25.3,10.0,1421.0,10.0
2008-04-10T15:00+00:00,5805,,,126.0,10.0,121.0,10.0,3.1,10.0,7.8,10.0,970.9,10.0,,,41,10,0.0,10,0.0,10,,,1.0,10,13.8,,,10.0,10.5,,,10.0,8.3,10.0,20.4,10,24.9,10.0,1514.0,10.0
2008-04-10T16:00+00:00,5805,,,126.0,10.0,108.0,10.0,2.8,10.0,7.6,10.0,970.4,10.0,,,41,10,0.0,10,0.0,10,,,1.0,10,13.8,,,10.0,10.7,,,10.0,8.4,10.0,20.7,10,18.6,10.0,1658.0,10.0
2008-04-10T17:00+00:00,5805,,,121.0,10.0,131.0,10.0,3.2,10.0,8.2,10.0,970.1,10.0,,,45,10,0.0,10,0.0,10,,,1.0,10,13.4,,,10.0,10.9,,,10.0,8.4,10.0,19.9,10,16.4,10.0,1737.0,10.0
2008-04-10T18:00+00:00,5805,,,126.0,10.0,127.0,10.0,2.7,10.0,7.0,10.0,970.1,10.0,,,49,10,0.0,10,0.0,10,,,0.2,10,13.0,,,10.0,11.0,,,10.0,8.5,10.0,18.5,10,14.5,10.0,1859.0,10.0
2008-04-10T19:00+00:00,5805,,,113.0,10.0,114.0,10.0,2.9,10.0,6.8,10.0,970.4,10.0,,,56,10,0.0,10,0.0,10,,,0.0,10,12.6,,,10.0,11.0,,,10.0,8.5,10.0,16.9,10,12.8,10.0,1908.0,10.0
2008-04-10T20:00+00:00,5805,,,74.0,10.0,77.0,10.0,1.5,10.0,4.6,10.0,970.7,10.0,,,63,10,0.0,10,0.0,10,,,0.0,10,12.2,,,10.0,11.0,,,10.0,8.6,10.0,15.3,10,10.5,10.0,2010.0,10.0
2008-04-10T21:00+00:00,5805,,,45.0,10.0,42.0,10.0,1.0,10.0,3.7,10.0,970.3,10.0,,,68,10,0.0,10,0.0,10,,,0.0,10,11.9,,,10.0,10.9,,,10.0,8.6,10.0,14.7,10,10.5,10.0,2139.0,10.0
2008-04-10T22:00+00:00,5805,,,44.0,10.0,49.0,10.0,0.9,10.0,3.5,10.0,970.1,10.0,,,70,10,0.0,10,0.0,10,,,0.0,10,11.6,,,10.0,10.8,,,10.0,8.7,10.0,14.3,10,9.9,10.0,2247.0,10.0
2008-04-10T23:00+00:00,5805,,,70.0,10.0,93.0,10.0,1.4,10.0,4.2,10.0,970.1,10.0,,,76,10,0.0,10,0.0,10,,,0.0,10,11.3,,,10.0,10.8,,,10.0,8.7,10.0,13.0,10,8.9,10.0,2326.0,10.0
2008-04-11T00:00+00:00,5805,,,355.0,10.0,345.0,10.0,0.8,10.0,2.5,10.0,970.0,10.0,,,86,10,0.0,10,0.0,10,,,0.0,10,11.0,,,10.0,10.7,,,10.0,8.8,10.0,10.3,10,6.1,10.0,48.0,10.0
2008-04-11T01:00+00:00,5805,,,344.0,10.0,359.0,10.0,0.9,10.0,3.2,10.0,969.7,10.0,,,90,10,0.0,10,0.0,10,,,0.0,10,10.6,,,10.0,10.6,,,10.0,8.8,10.0,8.7,10,4.2,10.0,111.0,10.0
2008-04-11T02:00+00:00,5805,,,330.0,10.0,6.0,10.0,0.4,10.0,2.3,10.0,969.8,10.0,,,91,10,0.0,10,0.0,10,,,0.0,10,10.2,,,10.0,10.4,,,10.0,8.9,10.0,7.8,10,3.0,10.0,241.0,10.0
2008-04-11T03:00+00:00,5805,,,336.0,10.0,355.0,10.0,0.7,10.0,3.7,10.0,969.9,10.0,,,92,10,0.0,10,0.0,10,,,0.0,10,9.9,,,10.0,10.3,,,10.0,8.9,10.0,7.1,10,2.5,10.0,349.0,10.0
2008-04-11T04:00+00:00,5805,,,331.0,10.0,314.0,10.0,0.6,10.0,2.4,10.0,970.3,10.0,,,92,10,0.0,10,0.0,10,,,0.0,10,9.6,,,10.0,10.1,,,10.0,8.9,10.0,7.0,10,2.6,10.0,454.0,10.0
2008-04-11T05:00+00:00,5805,,,329.0,10.0,320.0,10.0,0.7,10.0,2.4,10.0,970.7,10.0,,,92,10,0.0,10,0.0,10,,,0.1,10,9.3,,,10.0,10.0,,,10.0,9.0,10.0,6.5,10,2.2,10.0,538.0,10.0
2008-04-11T06:00+00:00,5805,,,318.0,10.0,352.0,10.0,1.2,10.0,3.7,10.0,971.1,10.0,,,85,10,0.0,10,0.0,10,,,1.0,10,9.3,,,10.0,9.8,,,10.0,9.0,10.0,10.5,10,3.7,10.0,644.0,10.0
2008-04-11T07:00+00:00,5805,,,309.0,10.0,279.0,10.0,1.7,10.0,3.3,10.0,971.6,10.0,,,70,10,0.0,10,0.0,10,,,1.0,10,9.8,,,10.0,9.7,,,10.0,9.0,10.0,14.5,10,12.0,10.0,757.0,10.0
2008-04-11T08:00+00:00,5805,,,294.0,10.0,300.0,10.0,1.2,10.0,3.6,10.0,972.0,10.0,,,58,10,0.0,10,0.0,10,,,1.0,10,10.6,,,10.0,9.8,,,10.0,9.0,10.0,17.3,10,19.7,10.0,810.0,10.0
2008-04-11T09:00+00:00,5805,,,16.0,10.0,350.0,10.0,0.5,10.0,3.9,10.0,972.0,10.0,,,46,10,0.0,10,0.0,10,,,1.0,10,11.7,,,10.0,9.9,,,10.0,9.0,10.0,19.7,10,24.4,10.0,914.0,10.0
2008-04-11T10:00+00:00,5805,,,108.0,10.0,138.0,10.0,2.0,10.0,6.0,10.0,972.0,10.0,,,47,10,0.0,10,0.0,10,,,1.0,10,12.7,,,10.0,10.1,,,10.0,9.0,10.0,21.0,10,28.8,10.0,1041.0,10.0
2008-04-11T11:00+00:00,5805,,,119.0,10.0,111.0,10.0,2.3,10.0,6.4,10.0,971.8,10.0,,,45,10,0.0,10,0.0,10,,,1.0,10,13.6,,,10.0,10.4,,,10.0,9.0,10.0,21.1,10,29.3,10.0,1110.0,10.0
2008-04-11T12:00+00:00,5805,,,121.0,10.0,95.0,10.0,2.5,10.0,6.6,10.0,971.5,10.0,,,41,10,0.0,10,0.0,10,,,1.0,10,14.1,,,10.0,10.7,,,10.0,9.0,10.0,21.7,10,26.9,10.0,1216.0,10.0
2008-04-11T13:00+00:00,5805,,,108.0,10.0,160.0,10.0,2.0,10.0,7.1,10.0,970.8,10.0,,,39,10,0.0,10,0.0,10,,,1.0,10,14.7,,,10.0,11.1,,,10.0,9.0,10.0,23.1,10,27.1,10.0,1347.0,10.0
2008-04-11T14:00+00:00,5805,,,108.0,10.0,111.0,10.0,2.7,10.0,7.1,10.0,970.1,10.0,,,40,10,0.0,10,0.0,10,,,1.0,10,15.0,,,10.0,11.4,,,10.0,9.0,10.0,23.3,10,25.9,10.0,1419.0,10.0
2008-04-11T15:00+00:00,5805,,,110.0,10.0,88.0,10.0,2.7,10.0,7.8,10.0,969.4,10.0,,,39,10,0.0,10,0.0,10,,,1.0,10,15.2,,,10.0,11.7,,,10.0,9.1,10.0,23.3,10,24.8,10.0,1519.0,10.0
2008-04-11T16:00+00:00,5805,,,162.0,10.0,183.0,10.0,2.9,10.0,8.3,10.0,969.2,10.0,,,41,10,0.0,10,0.0,10,,,0.4,10,15.0,,,10.0,11.9,,,10.0,9.1,10.0,22.1,10,20.3,10.0,1640.0,10.0
2008-04-11T17:00+00:00,5805,,,150.0,10.0,128.0,10.0,2.4,10.0,8.2,10.0,968.9,10.0,,,44,10,0.0,10,0.0,10,,,0.0,10,14.6,,,10.0,12.0,,,10.0,9.1,10.0,20.8,10,17.2,10.0,1708.0,10.0
2008-04-11T18:00+00:00,5805,,,168.0,10.0,166.0,10.0,2.5,10.0,7.7,10.0,969.1,10.0,,,45,10,0.0,10,0.0,10,,,0.0,10,14.1,,,10.0,12.1,,,10.0,9.2,10.0,19.6,10,15.8,10.0,1835.0,10.0
2008-04-11T19:00+00:00,5805,,,194.0,10.0,159.0,10.0,1.7,10.0,6.9,10.0,969.4,10.0,,,49,10,0.0,10,0.0,10,,,0.0,10,13.7,,,10.0,12.1,,,10.0,9.2,10.0,18.3,10,13.7,10.0,1915.0,10.0
2008-04-11T20:00+00:00,5805,,,82.0,10.0,105.0,10.0,1.5,10.0,3.9,10.0,969.5,10.0,,,54,10,0.0,10,0.0,10,,,0.0,10,13.3,,,10.0,12.0,,,10.0,9.3,10.0,17.4,10,12.4,10.0,2049.0,10.0
2008-04-11T21:00+00:00,5805,,,79.0,10.0,116.0,10.0,0.4,10.0,3.1,10.0,969.6,10.0,,,71,10,0.0,10,0.0,10,,,0.0,10,12.9,,,10.0,12.0,,,10.0,9.3,10.0,13.4,10,7.8,10.0,2114.0,10.0
2008-04-11T22:00+00:00,5805,,,346.0,10.0,348.0,10.0,0.8,10.0,2.4,10.0,969.9,10.0,,,83,10,0.0,10,0.0,10,,,0.0,10,12.3,,,10.0,11.9,,,10.0,9.4,10.0,11.1,10,5.7,10.0,2240.0,10.0
2008-04-11T23:00+00:00,5805,,,349.0,10.0,359.0,10.0,1.3,10.0,2.6,10.0,970.5,10.0,,,88,10,0.0,10,0.0,10,,,0.0,10,11.8,,,10.0,11.7,,,10.0,9.5,10.0,10.0,10,5.1,10.0,2335.0,10.0
2008-04-12T00:00+00:00,5805,,,303.0,10.0,299.0,10.0,3.3,10.0,18.5,10.0,972.1,10.0,,,61,10,0.0,10,0.0,10,,,0.0,10,11.6,,,10.0,11.5,,,10.0,9.5,10.0,14.7,10,6.2,10.0,56.0,10.0
2008-04-12T01:00+00:00,5805,,,287.0,10.0,293.0,10.0,8.3,10.0,18.7,10.0,974.0,10.0,,,67,10,0.0,10,0.0,10,,,0.0,10,11.5,,,10.0,11.4,,,10.0,9.5,10.0,12.1,10,10.4,10.0,157.0,10.0
2008-04-12T02:00+00:00,5805,,,292.0,10.0,260.0,10.0,8.3,10.0,19.0,10.0,975.8,10.0,,,67,10,0.0,10,3.0,10,,,0.0,10,11.3,,,10.0,11.3,,,10.0,9.6,10.0,11.1,10,10.1,10.0,229.0,10.0
2008-04-12T03:00+00:00,5805,,,295.0,10.0,288.0,10.0,8.0,10.0,18.5,10.0,977.0,10.0,,,65,10,0.0,10,2.0,10,,,0.0,10,11.0,,,10.0,11.2,,,10.0,9.6,10.0,9.4,10,8.6,10.0,327.0,10.0
2008-04-12T04:00+00:00,5805,,,294.0,10.0,315.0,10.0,8.5,10.0,17.6,10.0,978.0,10.0,,,65,10,0.0,10,0.0,10,,,0.0,10,10.7,,,10.0,11.0,,,10.0,9.6,10.0,9.3,10,8.3,10.0,440.0,10.0
2008-04-12T05:00+00:00,5805,,,287.0,10.0,280.0,10.0,10.1,10.0,20.0,10.0,979.2,10.0,,,67,10,0.0,10,0.0,10,,,0.0,10,10.5,,,10.0,10.9,,,10.0,9.7,10.0,8.7,10,7.1,10.0,557.0,10.0
2008-04-12T06:00+00:00,5805,,,287.0,10.0,282.0,10.0,9.0,10.0,17.9,10.0,980.4,10.0,,,68,10,0.0,10,0.0,10,,,0.1,10,10.3,,,10.0,10.8,,,10.0,9.7,10.0,8.8,10,7.7,10.0,608.0,10.0
2008-04-12T07:00+00:00,5805,,,288.0,10.0,286.0,10.0,8.8,10.0,16.7,10.0,981.4,10.0,,,66,10,0.0,10,0.0,10,,,0.2,10,10.3,,,10.0,10.6,,,10.0,9.7,10.0,9.3,10,8.9,10.0,720.0,10.0
2008-04-12T08:00+00:00,5805,,,291.0,10.0,291.0,10.0,6.9,10.0,14.4,10.0,982.7,10.0,,,64,10,0.0,10,0.0,10,,,0.0,10,10.3,,,10.0,10.5,,,10.0,9.7,10.0,9.6,10,10.3,10.0,805.0,10.0
2008-04-12T09:00+00:00,5805,,,299.0,10.0,293.0,10.0,5.1,10.0,12.3,10.0,982.9,10.0,,,60,10,0.0,10,0.0,10,,,0.0,10,10.5,,,10.0,10.5,,,10.0,9.7,10.0,10.5,10,11.4,10.0,906.0,10.0
2008-04-12T10:00+00:00,5805,,,304.0,10.0,281.0,10.0,3.9,10.0,10.2,10.0,982.7,10.0,,,59,10,0.0,10,0.0,10,,,0.0,10,10.7,,,10.0,10.5,,,10.0,9.7,10.0,10.8,10,12.0,10.0,1041.0,10.0
2008-04-12T11:00+00:00,5805,,,307.0,10.0,299.0,10.0,3.9,10.0,9.6,10.0,982.1,10.0,,,50,10,0.0,10,0.0,10,,,0.4,10,10.9,,,10.0,10.5,,,10.0,9.7,10.0,12.6,10,11.4,10.0,1120.0,10.0
2008-04-12T12:00+00:00,5805,,,309.0,10.0,297.0,10.0,3.4,10.0,10.9,10.0,982.8,10.0,,,47,10,0.0,10,0.0,10,,,0.6,10,11.4,,,10.0,10.5,,,10.0,9.7,10.0,13.2,10,15.9,10.0,1225.0,10.0
2008-04-12T13:00+00:00,5805,,,316.0,10.0,308.0,10.0,3.1,10.0,10.7,10.0,982.2,10.0,,,46,10,0.0,10,0.0,10,,,0.2,10,11.6,,,10.0,10.6,,,10.0,9.7,10.0,12.8,10,14.5,10.0,1332.0,10.0
2008-04-12T14:00+00:00,5805,,,293.0,10.0,274.0,10.0,3.4,10.0,7.2,10.0,982.5,10.0,,,51,10,0.0,10,0.0,10,,,0.1,10,11.6,,,10.0,10.7,,,10.0,9.7,10.0,12.9,10,13.9,10.0,1432.0,10.0
2008-04-12T15:00+00:00,5805,,,292.0,10.0,286.0,10.0,3.5,10.0,8.0,10.0,982.5,10.0,,,50,10,0.0,10,0.0,10,,,0.1,10,11.7,,,10.0,10.7,,,10.0,9.7,10.0,13.1,10,13.6,10.0,1552.0,10.0
2008-04-12T16:00+00:00,5805,,,295.0,10.0,273.0,10.0,3.5,10.0,8.4,10.0,982.8,10.0,,,51,10,0.0,10,0.0,10,,,0.0,10,11.5,,,10.0,10.8,,,10.0,9.7,10.0,12.0,10,11.0,10.0,1639.0,10.0
2008-04-12T17:00+00:00,5805,,,299.0,10.0,312.0,10.0,3.0,10.0,6.8,10.0,982.7,10.0,,,51,10,0.0,10,0.0,10,,,0.0,10,11.3,,,10.0,10.8,,,10.0,9.7,10.0,12.1,10,10.8,10.0,1703.0,10.0
2008-04-12T18:00+00:00,5805,,,302.0,10.0,301.0,10.0,2.8,10.0,5.3,10.0,982.9,10.0,,,54,10,0.0,10,0.0,10,,,0.0,10,11.0,,,10.0,10.8,,,10.0,9.7,10.0,10.6,10,5.7,10.0,1818.0,10.0
2008-04-12T19:00+00:00,5805,,,340.0,10.0,324.0,10.0,2.0,10.0,4.0,10.0,983.7,10.0,,,62,10,0.0,10,0.0,10,,,0.0,10,10.5,,,10.0,10.7,,,10.0,9.7,10.0,8.8,10,2.8,10.0,1934.0,10.0
2008-04-12T20:00+00:00,5805,,,301.0,10.0,294.0,10.0,2.9,10.0,6.1,10.0,984.8,10.0,,,61,10,0.0,10,0.0,10,,,0.0,10,10.2,,,10.0,10.6,,,10.0,9.7,10.0,9.4,10,2.9,10.0,2028.0,10.0
2008-04-12T21:00+00:00,5805,,,311.0,10.0,308.0,10.0,2.9,10.0,6.2,10.0,984.9,10.0,,,63,10,0.0,10,0.0,10,,,0.0,10,10.0,,,10.0,10.5,,,10.0,9.7,10.0,9.0,10,4.9,10.0,2123.0,10.0
2008-04-12T22:00+00:00,5805,,,299.0,10.0,272.0,10.0,3.2,10.0,6.6,10.0,985.3,10.0,,,64,10,0.0,10,0.0,10,,,0.0,10,9.8,,,10.0,10.4,,,10.0,9.7,10.0,8.8,10,4.6,10.0,2212.0,10.0
2008-04-12T23:00+00:00,5805,,,301.0,10.0,305.0,10.0,3.1,10.0,7.2,10.0,985.8,10.0,,,64,10,0.0,10,0.0,10,,,0.0,10,9.6,,,10.0,10.3,,,10.0,9.7,10.0,8.7,10,4.9,10.0,2400.0,10.0
2008-04-13T00:00+00:00,5805,,,308.0,10.0,304.0,10.0,2.9,10.0,6.0,10.0,986.1,10.0,,,65,10,0.0,10,0.0,10,,,0.0,10,9.4,,,10.0,10.2,,,10.0,9.7,10.0,8.5,10,4.3,10.0,25.0,10.0
2008-04-13T01:00+00:00,5805,,,322.0,10.0,324.0,10.0,1.6,10.0,5.1,10.0,986.4,10.0,,,70,10,0.0,10,0.0,10,,,0.0,10,9.2,,,10.0,10.0,,,10.0,9.7,10.0,7.0,10,1.8,10.0,117.0,10.0
2008-04-13T02:00+00:00,5805,,,354.0,10.0,347.0,10.0,1.2,10.0,3.1,10.0,986.7,10.0,,,80,10,0.0,10,0.0,10,,,0.0,10,8.9,,,10.0,9.9,,,10.0,9.7,10.0,5.6,10,0.4,10.0,221.0,10.0
2008-04-13T03:00+00:00,5805,,,360.0,10.0,6.0,10.0,1.2,10.0,2.9,10.0,987.3,10.0,,,87,10,0.0,10,0.0,10,,,0.0,10,8.6,,,10.0,9.8,,,10.0,9.7,10.0,4.0,10,-0.6,10.0,305.0,10.0
2008-04-13T04:00+00:00,5805,,,358.0,10.0,5.0,10.0,0.6,10.0,2.0,10.0,987.7,10.0,,,92,10,0.0,10,0.0,10,,,0.0,10,8.4,,,10.0,9.7,,,10.0,9.7,10.0,2.9,10,-1.1,10.0,405.0,10.0
2008-04-13T05:00+00:00,5805,,,347.0,10.0,3.0,10.0,0.5,10.0,2.0,10.0,988.3,10.0,,,91,10,0.0,10,0.0,10,,,0.0,10,8.2,,,10.0,9.5,,,10.0,9.7,10.0,3.9,10,-1.0,10.0,523.0,10.0
2008-04-13T06:00+00:00,5805,,,353.0,10.0,359.0,10.0,1.1,10.0,3.0,10.0,989.0,10.0,,,74,10,0.0,10,0.0,10,,,0.4,10,8.2,,,10.0,9.4,,,10.0,9.7,10.0,7.2,10,2.1,10.0,649.0,10.0
2008-04-13T07:00+00:00,5805,,,301.0,10.0,299.0,10.0,3.2,10.0,6.5,10.0,989.2,10.0,,,53,10,0.0,10,0.0,10,,,1.0,10,8.8,,,10.0,9.3,,,10.0,9.7,10.0,11.7,10,6.8,10.0,755.0,10.0
2008-04-13T08:00+00:00,5805,,,291.0,10.0,291.0,10.0,3.3,10.0,7.9,10.0,989.5,10.0,,,47,10,0.0,10,0.0,10,,,1.0,10,9.5,,,10.0,9.3,,,10.0,9.6,10.0,13.5,10,16.6,10.0,817.0,10.0
2008-04-13T09:00+00:00,5805,,,285.0,10.0,281.0,10.0,2.8,10.0,6.4,10.0,989.9,10.0,,,44,10,0.0,10,0.0,10,,,1.0,10,10.3,,,10.0,9.4,,,10.0,9.6,10.0,14.0,10,18.3,10.0,1000.0,10.0
2008-04-13T10:00+00:00,5805,,,293.0,10.0,321.0,10.0,2.7,10.0,6.5,10.0,989.8,10.0,,,41,10,0.0,10,0.0,10,,,0.8,10,11.1,,,10.0,9.6,,,10.0,9.6,10.0,15.2,10,19.2,10.0,1039.0,10.0
2008-04-13T11:00+00:00,5805,,,278.0,10.0,294.0,10.0,2.6,10.0,6.5,10.0,989.5,10.0,,,37,10,0.0,10,0.0,10,,,0.9,10,12.0,,,10.0,9.8,,,10.0,9.6,10.0,16.3,10,22.5,10.0,1101.0,10.0
2008-04-13T12:00+00:00,5805,,,287.0,10.0,291.0,10.0,2.1,10.0,6.6,10.0,989.0,10.0,,,36,10,0.0,10,0.0,10,,,0.4,10,12.3,,,10.0,10.1,,,10.0,9.5,10.0,16.5,10,16.4,10.0,1202.0,10.0
2008-04-13T13:00+00:00,5805,,,291.0,10.0,309.0,10.0,1.9,10.0,5.8,10.0,988.7,10.0,,,36,10,0.0,10,0.0,10,,,0.2,10,12.5,,,10.0,10.3,,,10.0,9.5,10.0,15.6,10,18.8,10.0,1319.0,10.0
2008-04-13T14:00+00:00,5805,,,309.0,10.0,321.0,10.0,1.0,10.0,5.1,10.0,988.4,10.0,,,36,10,0.0,10,0.0,10,,,0.2,10,12.6,,,10.0,10.6,,,10.0,9.5,10.0,15.5,10,16.7,10.0,1404.0,10.0
2008-04-13T15:00+00:00,5805,,,153.0,10.0,153.0,10.0,1.0,10.0,3.5,10.0,988.3,10.0,,,36,10,0.0,10,0.0,10,,,0.0,10,12.4,,,10.0,10.7,,,10.0,9.5,10.0,15.1,10,14.8,10.0,1548.0,10.0
2008-04-13T16:00+00:00,5805,,,108.0,10.0,142.0,10.0,0.7,10.0,3.2,10.0,988.2,10.0,,,37,10,0.0,10,0.0,10,,,0.0,10,12.2,,,10.0,10.8,,,10.0,9.5,10.0,14.9,10,13.9,10.0,1606.0,10.0
2008-04-13T17:00+00:00,5805,,,123.0,10.0,143.0,10.0,0.9,10.0,3.7,10.0,988.1,10.0,,,37,10,0.0,10,0.0,10,,,0.5,10,12.0,,,10.0,10.9,,,10.0,9.5,10.0,14.8,10,13.0,10.0,1723.0,10.0
2008-04-13T18:00+00:00,5805,,,83.0,10.0,106.0,10.0,0.6,10.0,2.9,10.0,988.2,10.0,,,43,10,0.0,10,0.0,10,,,0.1,10,11.6,,,10.0,10.9,,,10.0,9.5,10.0,12.0,10,6.0,10.0,1804.0,10.0
2008-04-13T19:00+00:00,5805,,,354.0,10.0,3.0,10.0,1.0,10.0,2.7,10.0,988.8,10.0,,,65,10,0.0,10,0.0,10,,,0.0,10,11.0,,,10.0,10.8,,,10.0,9.6,10.0,8.2,10,2.1,10.0,1922.0,10.0
2008-04-13T20:00+00:00,5805,,,350.0,10.0,345.0,10.0,0.5,10.0,2.1,10.0,988.9,10.0,,,75,10,0.0,10,0.0,10,,,0.0,10,10.4,,,10.0,10.7,,,10.0,9.6,10.0,6.4,10,0.9,10.0,2012.0,10.0
2008-04-13T21:00+00:00,5805,,,331.0,10.0,353.0,10.0,0.3,10.0,1.5,10.0,988.9,10.0,,,81,10,0.0,10,0.0,10,,,0.0,10,9.9,,,10.0,10.6,,,10.0,9.6,10.0,5.1,10,-0.1,10.0,2105.0,10.0
2008-04-13T22:00+00:00,5805,,,342.0,10.0,5.0,10.0,0.5,10.0,1.8,10.0,988.9,10.0,,,85,10,0.0,10,0.0,10,,,0.0,10,9.5,,,10.0,10.4,,,10.0,9.6,10.0,4.1,10,-0.8,10.0,2206.0,10.0
2008-04-13T23:00+00:00,5805,,,337.0,10.0,356.0,10.0,0.5,10.0,2.2,10.0,988.8,10.0,,,89,10,0.0,10,0.0,10,,,0.0,10,9.1,,,10.0,10.2,,,10.0,9.7,10.0,3.2,10,-1.3,10.0,2307.0,10.0
2008-04-14T00:00+00:00,5805,,,341.0,10.0,353.0,10.0,0.6,10.0,1.7,10.0,988.4,10.0,,,91,10,0.0,10,0.0,10,,,0.0,10,8.7,,,10.0,10.1,,,10.0,9.7,10.0,2.5,10,-1.7,10.0,37.0,10.0
2008-04-14T01:00+00:00,5805,,,348.0,10.0,352.0,10.0,0.6,10.0,1.9,10.0,988.1,10.0,,,92,10,0.0,10,0.0,10,,,0.0,10,8.4,,,10.0,9.9,,,10.0,9.7,10.0,1.7,10,-2.2,10.0,122.0,10.0
2008-04-14T02:00+00:00,5805,,,4.0,10.0,1.0,10.0,0.8,10.0,2.2,10.0,988.0,10.0,,,92,10,0.0,10,0.0,10,,,0.0,10,8.1,,,10.0,9.7,,,10.0,9.7,10.0,1.2,10,-2.6,10.0,236.0,10.0
2008-04-14T03:00+00:00,5805,,,355.0,10.0,359.0,10.0,0.9,10.0,2.5,10.0,987.8,10.0,,,92,10,0.0,10,0.0,10,,,0.0,10,7.9,,,10.0,9.5,,,10.0,9.7,10.0,0.6,10,-3.1,10.0,359.0,10.0
2008-04-14T04:00+00:00,5805,,,356.0,10.0,6.0,10.0,1.1,10.0,2.7,10.0,987.7,10.0,,,92,10,0.0,10,0.0,10,,,0.0,10,7.6,,,10.0,9.3,,,10.0,9.7,10.0,0.2,10,-3.3,10.0,456.0,10.0
2008-04-14T05:00+00:00,5805,,,354.0,10.0,359.0,10.0,1.1,10.0,2.6,10.0,987.6,10.0,,,92,10,0.0,10,0.0,10,,,0.1,10,7.4,,,10.0,9.1,,,10.0,9.7,10.0,0.8,10,-3.2,10.0,504.0,10.0
2008-04-14T06:00+00:00,5805,,,344.0,10.0,1.0,10.0,0.7,10.0,2.4,10.0,987.7,10.0,,,87,10,0.0,10,0.0,10,,,1.0,10,7.4,,,10.0,9.0,,,10.0,9.7,10.0,4.3,10,-2.0,10.0,603.0,10.0
2008-04-14T07:00+00:00,5805,,,85.0,10.0,129.0,10.0,1.4,10.0,4.3,10.0,987.4,10.0,,,62,10,0.0,10,0.0,10,,,1.0,10,8.0,,,10.0,8.9,,,10.0,9.6,10.0,9.6,10,5.7,10.0,741.0,10.0
2008-04-14T08:00+00:00,5805,,,118.0,10.0,113.0,10.0,2.9,10.0,6.3,10.0,987.5,10.0,,,63,10,0.0,10,0.0,10,,,1.0,10,8.8,,,10.0,8.9,,,10.0,9.6,10.0,10.8,10,15.7,10.0,838.0,10.0
2008-04-14T09:00+00:00,5805,,,104.0,10.0,126.0,10.0,2.4,10.0,6.3,10.0,987.1,10.0,,,57,10,0.0,10,0.0,10,,,1.0,10,9.7,,,10.0,9.0,,,10.0,9.6,10.0,12.9,10,19.6,10.0,946.0,10.0
2008-04-14T10:00+00:00,5805,,,99.0,10.0,141.0,10.0,2.8,10.0,6.6,10.0,986.5,10.0,,,51,10,0.0,10,0.0,10,,,1.0,10,10.8,,,10.0,9.2,,,10.0,9.6,10.0,15.0,10,24.0,10.0,1058.0,10.0
2008-04-14T11:00+00:00,5805,,,115.0,10.0,161.0,10.0,3.1,10.0,8.0,10.0,985.8,10.0,,,47,10,0.0,10,0.0,10,,,1.0,10,11.8,,,10.0,9.5,,,10.0,9.5,10.0,16.1,10,26.0,10.0,1141.0,10.0
2008-04-14T12:00+00:00,5805,,,123.0,10.0,106.0,10.0,2.9,10.0,9.0,10.0,985.3,10.0,,,45,10,0.0,10,0.0,10,,,1.0,10,12.7,,,10.0,9.8,,,10.0,9.5,10.0,17.2,10,26.1,10.0,1235.0,10.0
2008-04-14T13:00+00:00,5805,,,120.0,10.0,108.0,10.0,3.9,10.0,8.8,10.0,984.7,10.0,,,44,10,0.0,10,0.0,10,,,1.0,10,13.3,,,10.0,10.2,,,10.0,9.5,10.0,17.4,10,26.7,10.0,1357.0,10.0
2008-04-14T14:00+00:00,5805,,,121.0,10.0,114.0,10.0,4.5,10.0,10.6,10.0,984.1,10.0,,,43,10,0.0,10,0.0,10,,,1.0,10,13.7,,,10.0,10.5,,,10.0,9.5,10.0,17.6,10,24.8,10.0,1440.0,10.0
2008-04-14T15:00+00:00,5805,,,117.0,10.0,144.0,10.0,4.7,10.0,10.2,10.0,984.0,10.0,,,42,10,0.0,10,0.0,10,,,1.0,10,13.7,,,10.0,10.8,,,10.0,9.5,10.0,17.5,10,22.9,10.0,1530.0,10.0
2008-04-14T16:00+00:00,5805,,,117.0,10.0,97.0,10.0,3.6,10.0,9.4,10.0,983.7,10.0,,,44,10,0.0,10,0.0,10,,,0.2,10,13.3,,,10.0,11.1,,,10.0,9.5,10.0,16.3,10,14.8,10.0,1610.0,10.0
2008-04-14T17:00+00:00,5805,,,121.0,10.0,141.0,10.0,2.4,10.0,7.4,10.0,983.8,10.0,,,46,10,0.0,10,0.0,10,,,0.0,10,12.9,,,10.0,11.2,,,10.0,9.5,10.0,15.4,10,12.4,10.0,1705.0,10.0
2008-04-14T18:00+00:00,5805,,,107.0,10.0,92.0,10.0,1.8,10.0,5.5,10.0,983.9,10.0,,,49,10,0.0,10,0.0,10,,,0.2,10,12.4,,,10.0,11.2,,,10.0,9.5,10.0,14.5,10,10.4,10.0,1856.0,10.0
2008-04-14T19:00+00:00,5805,,,100.0,10.0,98.0,10.0,1.6,10.0,4.9,10.0,984.3,10.0,,,51,10,0.0,10,0.0,10,,,0.0,10,12.0,,,10.0,11.2,,,10.0,9.5,10.0,13.7,10,9.2,10.0,1904.0,10.0
2008-04-14T20:00+00:00,5805,,,102.0,10.0,136.0,10.0,1.7,10.0,5.4,10.0,984.4,10.0,,,56,10,0.0,10,0.0,10,,,0.0,10,11.7,,,10.0,11.1,,,10.0,9.6,10.0,12.7,10,8.7,10.0,2057.0,10.0
2008-04-14T21:00+00:00,5805,,,108.0,10.0,140.0,10.0,2.3,10.0,6.2,10.0,984.5,10.0,,,66,10,0.0,10,0.0,10,,,0.0,10,11.4,,,10.0,11.0,,,10.0,9.6,10.0,11.4,10,8.1,10.0,2149.0,10.0
2008-04-14T22:00+00:00,5805,,,83.0,10.0,128.0,10.0,1.1,10.0,6.4,10.0,984.6,10.0,,,73,10,0.0,10,0.0,10,,,0.0,10,11.0,,,10.0,10.9,,,10.0,9.6,10.0,10.1,10,5.2,10.0,2207.0,10.0
2008-04-14T23:00+00:00,5805,,,313.0,10.0,317.0,10.0,2.0,10.0,6.8,10.0,985.3,10.0,,,68,10,0.0,10,0.0,10,,,0.0,10,10.8,,,10.0,10.8,,,10.0,9.7,10.0,10.5,10,5.2,10.0,2307.0,10.0
2008-04-15T00:00+00:00,5805,,,302.0,10.0,294.0,10.0,3.4,10.0,8.7,10.0,985.1,10.0,,,70,10,0.0,10,0.0,10,,,0.0,10,10.5,,,10.0,10.7,,,10.0,9.7,10.0,9.5,10,7.1,10.0,32.0,10.0
2008-04-15T01:00+00:00,5805,,,299.0,10.0,294.0,10.0,4.0,10.0,10.4,10.0,984.6,10.0,,,71,10,0.0,10,0.0,10,,,0.0,10,10.4,,,10.0,10.6,,,10.0,9.7,10.0,9.0,10,7.5,10.0,134.0,10.0
2008-04-15T02:00+00:00,5805,,,290.0,10.0,293.0,10.0,4.9,10.0,11.5,10.0,984.7,10.0,,,71,10,0.0,10,0.0,10,,,0.0,10,10.2,,,10.0,10.5,,,10.0,9.7,10.0,8.5,10,7.5,10.0,246.0,10.0
2008-04-15T03:00+00:00,5805,,,294.0,10.0,276.0,10.0,4.6,10.0,11.3,10.0,984.6,10.0,,,72,10,0.0,10,0.0,10,,,0.0,10,10.0,,,10.0,10.4,,,10.0,9.8,10.0,7.8,10,7.0,10.0,359.0,10.0
2008-04-15T04:00+00:00,5805,,,289.0,10.0,303.0,10.0,4.2,10.0,9.6,10.0,984.7,10.0,,,75,10,0.0,10,0.0,10,,,0.0,10,9.7,,,10.0,10.3,,,10.0,9.8,10.0,7.1,10,5.2,10.0,413.0,10.0
2008-04-15T05:00+00:00,5805,,,286.0,10.0,293.0,10.0,5.0,10.0,11.0,10.0,985.0,10.0,,,76,10,0.0,10,0.0,10,,,0.0,10,9.5,,,10.0,10.2,,,10.0,9.8,10.0,7.1,10,5.2,10.0,518.0,10.0
2008-04-15T06:00+00:00,5805,,,288.0,10.0,299.0,10.0,5.2,10.0,11.6,10.0,985.3,10.0,,,76,10,0.0,10,0.0,10,,,0.1,10,9.5,,,10.0,10.1,,,10.0,9.8,10.0,7.5,10,6.4,10.0,630.0,10.0
2008-04-15T07:00+00:00,5805,,,288.0,10.0,279.0,10.0,6.3,10.0,12.5,10.0,985.3,10.0,,,75,10,0.0,10,4.0,10,,,0.1,10,9.6,,,10.0,10.0,,,10.0,9.8,10.0,8.0,10,8.5,10.0,720.0,10.0
2008-04-15T08:00+00:00,5805,,,287.0,10.0,283.0,10.0,6.0,10.0,13.9,10.0,985.4,10.0,,,74,10,0.0,10,0.0,10,,,0.0,10,9.8,,,10.0,10.0,,,10.0,9.8,10.0,8.5,10,10.5,10.0,842.0,10.0
2008-04-15T09:00+00:00,5805,,,286.0,10.0,290.0,10.0,6.9,10.0,13.1,10.0,985.7,10.0,,,73,10,0.0,10,0.0,10,,,0.0,10,10.1,,,10.0,10.0,,,10.0,9.8,10.0,9.0,10,12.6,10.0,939.0,10.0
2008-04-15T10:00+00:00,5805,,,290.0,10.0,293.0,10.0,6.4,10.0,12.2,10.0,986.0,10.0,,,73,10,0.0,10,0.0,10,,,0.0,10,10.4,,,10.0,10.0,,,10.0,9.8,10.0,8.8,10,12.1,10.0,1010.0,10.0
2008-04-15T11:00+00:00,5805,,,291.0,10.0,295.0,10.0,5.7,10.0,12.7,10.0,985.9,10.0,,,73,10,0.0,10,0.0,10,,,0.0,10,10.4,,,10.0,10.0,,,10.0,9.8,10.0,9.3,10,11.3,10.0,1112.0,10.0
2008-04-15T12:00+00:00,5805,,,299.0,10.0,296.0,10.0,5.0,10.0,9.7,10.0,986.0,10.0,,,75,10,0.0,10,11.0,10,,,0.0,10,10.3,,,10.0,10.1,,,10.0,9.8,10.0,9.0,10,9.5,10.0,1205.0,10.0
2008-04-15T13:00+00:00,5805,,,300.0,10.0,293.0,10.0,4.9,10.0,9.6,10.0,985.6,10.0,,,75,10,0.0,10,14.0,10,,,0.0,10,10.3,,,10.0,10.1,,,10.0,9.7,10.0,9.6,10,9.2,10.0,1330.0,10.0
2008-04-15T14:00+00:00,5805,,,292.0,10.0,292.0,10.0,5.6,10.0,12.8,10.0,984.8,10.0,,,67,10,0.0,10,0.0,10,,,0.6,10,10.8,,,10.0,10.1,,,10.0,9.7,10.0,11.5,10,12.3,10.0,1406.0,10.0
2008-04-15T15:00+00:00,5805,,,295.0,10.0,281.0,10.0,5.9,10.0,12.4,10.0,984.6,10.0,,,68,10,0.0,10,1.0,10,,,0.7,10,11.1,,,10.0,10.2,,,10.0,9.7,10.0,10.6,10,11.7,10.0,1536.0,10.0
2008-04-15T16:00+00:00,5805,,,293.0,10.0,289.0,10.0,5.9,10.0,11.3,10.0,984.9,10.0,,,69,10,0.0,10,0.0,10,,,0.5,10,11.0,,,10.0,10.3,,,10.0,9.7,10.0,10.3,10,11.2,10.0,1602.0,10.0
2008-04-15T17:00+00:00,5805,,,301.0,10.0,295.0,10.0,5.1,10.0,11.4,10.0,985.2,10.0,,,72,10,0.0,10,0.0,10,,,0.2,10,10.7,,,10.0,10.4,,,10.0,9.7,10.0,9.5,10,8.5,10.0,1748.0,10.0
2008-04-15T18:00+00:00,5805,,,304.0,10.0,315.0,10.0,5.3,10.0,11.1,10.0,985.6,10.0,,,77,10,0.0,10,5.0,10,,,0.0,10,10.4,,,10.0,10.3,,,10.0,9.7,10.0,8.7,10,6.9,10.0,1829.0,10.0
2008-04-15T19:00+00:00,5805,,,301.0,10.0,300.0,10.0,4.7,10.0,9.7,10.0,986.3,10.0,,,77,10,0.0,10,0.0,10,,,0.0,10,10.2,,,10.0,10.3,,,10.0,9.7,10.0,8.8,10,6.9,10.0,1959.0,10.0
2008-04-15T20:00+00:00,5805,,,301.0,10.0,307.0,10.0,4.7,10.0,9.8,10.0,986.8,10.0,,,78,10,0.0,10,18.0,10,,,0.0,10,10.0,,,10.0,10.2,,,10.0,9.7,10.0,8.7,10,7.5,10.0,2048.0,10.0
2008-04-15T21:00+00:00,5805,,,307.0,10.0,317.0,10.0,3.6,10.0,9.3,10.0,987.1,10.0,,,90,10,1.6,10,60.0,10,,,0.0,10,9.8,,,10.0,10.2,,,10.0,9.7,10.0,7.6,10,6.8,10.0,2106.0,10.0
2008-04-15T22:00+00:00,5805,,,306.0,10.0,307.0,10.0,3.4,10.0,7.5,10.0,987.1,10.0,,,91,10,1.7,10,53.0,10,,,0.0,10,9.6,,,10.0,10.1,,,10.0,9.8,10.0,7.4,10,6.8,10.0,2239.0,10.0
2008-04-15T23:00+00:00,5805,,,305.0,10.0,310.0,10.0,4.0,10.0,9.5,10.0,987.3,10.0,,,88,10,1.1,10,46.0,10,,,0.0,10,9.5,,,10.0,10.0,,,10.0,9.8,10.0,7.3,10,6.4,10.0,2340.0,10.0
2008-04-16T00:00+00:00,5805,,,302.0,10.0,299.0,10.0,4.4,10.0,9.5,10.0,987.3,10.0,,,86,10,0.4,10,41.0,10,,,0.0,10,9.3,,,10.0,9.9,,,10.0,9.8,10.0,7.0,10,6.0,10.0,35.0,10.0
2008-04-16T01:00+00:00,5805,,,297.0,10.0,304.0,10.0,4.5,10.0,10.9,10.0,987.1,10.0,,,84,10,0.3,10,51.0,10,,,0.0,10,9.2,,,10.0,9.8,,,10.0,9.8,10.0,6.8,10,5.6,10.0,151.0,10.0
2008-04-16T02:00+00:00,5805,,,297.0,10.0,302.0,10.0,4.2,10.0,10.4,10.0,987.0,10.0,,,86,10,0.1,10,52.0,10,,,0.0,10,9.0,,,10.0,9.8,,,10.0,9.8,10.0,6.4,10,5.4,10.0,251.0,10.0
2008-04-16T03:00+00:00,5805,,,296.0,10.0,296.0,10.0,4.4,10.0,9.6,10.0,987.1,10.0,,,88,10,1.1,10,59.0,10,,,0.0,10,8.9,,,10.0,9.7,,,10.0,9.7,10.0,6.1,10,5.2,10.0,346.0,10.0
2008-04-16T04:00+00:00,5805,,,297.0,10.0,285.0,10.0,4.2,10.0,9.1,10.0,987.2,10.0,,,91,10,2.0,10,60.0,10,,,0.0,10,8.7,,,10.0,9.6,,,10.0,9.7,10.0,5.7,10,5.0,10.0,450.0,10.0
2008-04-16T05:00+00:00,5805,,,302.0,10.0,311.0,10.0,4.1,10.0,8.7,10.0,987.4,10.0,,,90,10,1.3,10,60.0,10,,,0.0,10,8.6,,,10.0,9.5,,,10.0,9.7,10.0,5.6,10,4.9,10.0,553.0,10.0
2008-04-16T06:00+00:00,5805,,,296.0,10.0,312.0,10.0,4.4,10.0,8.5,10.0,987.6,10.0,,,91,10,1.4,10,60.0,10,,,0.0,10,8.5,,,10.0,9.4,,,10.0,9.7,10.0,5.9,10,5.0,10.0,649.0,10.0
2008-04-16T07:00+00:00,5805,,,295.0,10.0,293.0,10.0,4.5,10.0,10.6,10.0,987.9,10.0,,,88,10,1.1,10,60.0,10,,,0.0,10,8.6,,,10.0,9.4,,,10.0,9.7,10.0,6.2,10,6.2,10.0,720.0,10.0
2008-04-16T08:00+00:00,5805,,,302.0,10.0,318.0,10.0,4.3,10.0,11.4,10.0,987.9,10.0,,,87,10,0.3,10,50.0,10,,,0.1,10,8.6,,,10.0,9.3,,,10.0,9.7,10.0,6.7,10,6.3,10.0,856.0,10.0
2008-04-16T09:00+00:00,5805,,,304.0,10.0,281.0,10.0,5.1,10.0,11.0,10.0,987.9,10.0,,,79,10,0.0,10,44.0,10,,,0.7,10,9.1,,,10.0,9.3,,,10.0,9.7,10.0,7.6,10,8.4,10.0,921.0,10.0
2008-04-16T10:00+00:00,5805,,,301.0,10.0,312.0,10.0,5.0,10.0,12.4,10.0,987.9,10.0,,,76,10,0.0,10,28.0,10,,,0.1,10,9.3,,,10.0,9.3,,,10.0,9.7,10.0,7.6,10,8.1,10.0,1007.0,10.0
2008-04-16T11:00+00:00,5805,,,298.0,10.0,311.0,10.0,4.4,10.0,10.9,10.0,987.6,10.0,,,69,10,0.0,10,6.0,10,,,0.0,10,9.4,,,10.0,9.4,,,10.0,9.6,10.0,8.0,10,8.3,10.0,1138.0,10.0
2008-04-16T12:00+00:00,5805,,,298.0,10.0,270.0,10.0,4.4,10.0,9.8,10.0,987.4,10.0,,,65,10,0.0,10,23.0,10,,,0.0,10,9.5,,,10.0,9.4,,,10.0,9.6,10.0,8.6,10,8.5,10.0,1240.0,10.0
2008-04-16T13:00+00:00,5805,,,293.0,10.0,306.0,10.0,4.6,10.0,10.6,10.0,987.1,10.0,,,72,10,0.0,10,13.0,10,,,0.0,10,9.6,,,10.0,9.5,,,10.0,9.6,10.0,8.8,10,9.4,10.0,1353.0,10.0
2008-04-16T14:00+00:00,5805,,,297.0,10.0,282.0,10.0,4.1,10.0,9.1,10.0,987.0,10.0,,,64,10,0.0,10,0.0,10,,,0.0,10,9.7,,,10.0,9.5,,,10.0,9.6,10.0,8.8,10,9.7,10.0,1402.0,10.0
2008-04-16T15:00+00:00,5805,,,300.0,10.0,306.0,10.0,3.7,10.0,8.4,10.0,987.0,10.0,,,68,10,0.0,10,0.0,10,,,0.0,10,9.7,,,10.0,9.6,,,10.0,9.6,10.0,8.8,10,9.3,10.0,1505.0,10.0
2008-04-16T16:00+00:00,5805,,,300.0,10.0,311.0,10.0,3.8,10.0,8.3,10.0,986.9,10.0,,,73,10,0.0,10,4.0,10,,,0.0,10,9.7,,,10.0,9.6,,,10.0,9.6,10.0,8.1,10,8.0,10.0,1654.0,10.0
2008-04-16T17:00+00:00,5805,,,295.0,10.0,309.0,10.0,3.6,10.0,8.1,10.0,987.0,10.0,,,80,10,0.0,10,10.0,10,,,0.0,10,9.5,,,10.0,9.6,,,10.0,9.6,10.0,7.1,10,5.6,10.0,1800.0,10.0
2008-04-16T18:00+00:00,5805,,,298.0,10.0,259.0,10.0,3.1,10.0,9.5,10.0,987.2,10.0,,,81,10,0.1,10,19.0,10,,,0.0,10,9.3,,,10.0,9.6,,,10.0,9.6,10.0,6.5,10,4.8,10.0,1831.0,10.0
2008-04-16T19:00+00:00,5805,,,298.0,10.0,305.0,10.0,2.7,10.0,6.3,10.0,987.4,10.0,,,89,10,0.3,10,28.0,10,,,0.0,10,9.1,,,10.0,9.6,,,10.0,9.6,10.0,5.6,10,3.5,10.0,1927.0,10.0
2008-04-16T20:00+00:00,5805,,,360.0,10.0,318.0,10.0,0.9,10.0,2.7,10.0,987.5,10.0,,,92,10,0.0,10,0.0,10,,,0.0,10,8.8,,,10.0,9.5,,,10.0,9.6,10.0,5.1,10,2.0,10.0,2001.0,10.0
2008-04-16T21:00+00:00,5805,,,330.0,10.0,336.0,10.0,1.3,10.0,5.0,10.0,987.5,10.0,,,90,10,0.0,10,0.0,10,,,0.0,10,8.6,,,10.0,9.4,,,10.0,9.6,10.0,4.4,10,0.7,10.0,2122.0,10.0
2008-04-16T22:00+00:00,5805,,,356.0,10.0,333.0,10.0,0.9,10.0,2.5,10.0,987.2,10.0,,,92,10,0.0,10,0.0,10,,,0.0,10,8.3,,,10.0,9.3,,,10.0,9.6,10.0,3.3,10,-0.7,10.0,2248.0,10.0
2008-04-16T23:00+00:00,5805,,,309.0,10.0,297.0,10.0,0.8,10.0,2.3,10.0,986.9,10.0,,,92,10,0.0,10,0.0,10,,,0.0,10,8.0,,,10.0,9.2,,,10.0,9.6,10.0,2.5,10,-0.8,10.0,2316.0,10.0
2008-04-17T00:00+00:00,5805,,,336.0,10.0,343.0,10.0,1.0,10.0,2.8,10.0,986.8,10.0,,,93,10,0.0,10,0.0,10,,,0.0,10,7.7,,,10.0,9.1,,,10.0,9.5,10.0,2.0,10,-1.6,10.0,53.0,10.0
2008-04-17T01:00+00:00,5805,,,334.0,10.0,359.0,10.0,1.0,10.0,2.7,10.0,986.1,10.0,,,93,10,0.0,10,0.0,10,,,0.0,10,7.5,,,10.0,9.0,,,10.0,9.5,10.0,1.2,10,-2.3,10.0,140.0,10.0
2008-04-17T02:00+00:00,5805,,,353.0,10.0,359.0,10.0,1.2,10.0,3.1,10.0,985.7,10.0,,,93,10,0.0,10,0.0,10,,,0.0,10,7.3,,,10.0,8.8,,,10.0,9.5,10.0,0.7,10,-2.5,10.0,256.0,10.0
2008-04-17T03:00+00:00,5805,,,2.0,10.0,359.0,10.0,1.5,10.0,3.4,10.0,985.4,10.0,,,93,10,0.0,10,0.0,10,,,0.0,10,7.0,,,10.0,8.7,,,10.0,9.5,10.0,0.1,10,-2.6,10.0,320.0,10.0
2008-04-17T04:00+00:00,5805,,,351.0,10.0,4.0,10.0,1.4,10.0,3.3,10.0,984.8,10.0,,,93,10,0.0,10,0.0,10,,,0.0,10,6.9,,,10.0,8.6,,,10.0,9.5,10.0,0.5,10,-2.6,10.0,401.0,10.0
2008-04-17T05:00+00:00,5805,,,353.0,10.0,357.0,10.0,1.3,10.0,3.0,10.0,984.6,10.0,,,93,10,0.0,10,0.0,10,,,0.0,10,6.8,,,10.0,8.4,,,10.0,9.5,10.0,1.0,10,-0.9,10.0,501.0,10.0
2008-04-17T06:00+00:00,5805,,,356.0,10.0,347.0,10.0,1.0,10.0,2.9,10.0,984.6,10.0,,,93,10,0.0,10,12.0,10,,,0.0,10,6.8,,,10.0,8.3,,,10.0,9.5,10.0,2.0,10,0.0,10.0,607.0,10.0
2008-04-17T07:00+00:00,5805,,,2.0,10.0,11.0,10.0,0.6,10.0,2.1,10.0,984.0,10.0,,,93,10,0.1,10,54.0,10,,,0.0,10,7.0,,,10.0,8.2,,,10.0,9.4,10.0,3.7,10,3.3,10.0,709.0,10.0
2008-04-17T08:00+00:00,5805,,,98.0,10.0,105.0,10.0,1.2,10.0,4.4,10.0,983.6,10.0,,,85,10,0.1,10,23.0,10,,,0.0,10,7.2,,,10.0,8.2,,,10.0,9.4,10.0,5.2,10,5.1,10.0,854.0,10.0
2008-04-17T09:00+00:00,5805,,,115.0,10.0,112.0,10.0,2.9,10.0,6.3,10.0,983.0,10.0,,,80,10,0.0,10,0.0,10,,,0.4,10,7.7,,,10.0,8.2,,,10.0,9.4,10.0,6.8,10,7.6,10.0,954.0,10.0
2008-04-17T10:00+00:00,5805,,,121.0,10.0,122.0,10.0,2.8,10.0,6.3,10.0,982.5,10.0,,,77,10,0.0,10,0.0,10,,,0.0,10,8.0,,,10.0,8.3,,,10.0,9.4,10.0,7.2,10,9.1,10.0,1017.0,10.0
2008-04-17T11:00+00:00,5805,,,118.0,10.0,101.0,10.0,2.9,10.0,6.5,10.0,981.6,10.0,,,73,10,0.0,10,0.0,10,,,0.1,10,8.4,,,10.0,8.3,,,10.0,9.3,10.0,8.0,10,10.9,10.0,1138.0,10.0
2008-04-17T12:00+00:00,5805,,,112.0,10.0,113.0,10.0,3.0,10.0,7.0,10.0,980.9,10.0,,,70,10,0.0,10,10.0,10,,,0.1,10,8.9,,,10.0,8.5,,,10.0,9.3,10.0,9.5,10,13.2,10.0,1252.0,10.0
2008-04-17T13:00+00:00,5805,,,102.0,10.0,103.0,10.0,3.2,10.0,8.3,10.0,980.2,10.0,,,65,10,0.0,10,0.0,10,,,1.0,10,9.8,,,10.0,8.6,,,10.0,9.3,10.0,11.3,10,15.2,10.0,1329.0,10.0
2008-04-17T14:00+00:00,5805,,,107.0,10.0,111.0,10.0,2.8,10.0,7.8,10.0,979.1,10.0,,,62,10,0.0,10,0.0,10,,,0.6,10,10.4,,,10.0,8.9,,,10.0,9.2,10.0,11.7,10,15.1,10.0,1411.0,10.0
2008-04-17T15:00+00:00,5805,,,80.0,10.0,62.0,10.0,3.1,10.0,8.2,10.0,978.2,10.0,,,63,10,0.0,10,0.0,10,,,0.5,10,10.6,,,10.0,9.1,,,10.0,9.2,10.0,12.1,10,14.3,10.0,1548.0,10.0
2008-04-17T16:00+00:00,5805,,,68.0,10.0,91.0,10.0,3.2,10.0,7.3,10.0,977.8,10.0,,,68,10,0.0,10,0.0,10,,,1.0,10,10.7,,,10.0,9.3,,,10.0,9.2,10.0,11.6,10,12.3,10.0,1617.0,10.0
2008-04-17T17:00+00:00,5805,,,66.0,10.0,62.0,10.0,3.6,10.0,8.9,10.0,977.3,10.0,,,78,10,0.0,10,0.0,10,,,0.5,10,10.5,,,10.0,9.5,,,10.0,9.2,10.0,10.0,10,8.9,10.0,1709.0,10.0
2008-04-17T18:00+00:00,5805,,,70.0,10.0,69.0,10.0,2.4,10.0,6.5,10.0,977.6,10.0,,,82,10,0.0,10,0.0,10,,,0.0,10,10.1,,,10.0,9.5,,,10.0,9.2,10.0,9.1,10,6.3,10.0,1816.0,10.0
2008-04-17T19:00+00:00,5805,,,54.0,10.0,33.0,10.0,0.7,10.0,4.2,10.0,977.9,10.0,,,85,10,0.0,10,0.0,10,,,0.0,10,9.8,,,10.0,9.5,,,10.0,9.2,10.0,7.6,10,3.2,10.0,1936.0,10.0
2008-04-17T20:00+00:00,5805,,,301.0,10.0,359.0,10.0,0.4,10.0,2.1,10.0,978.1,10.0,,,91,10,0.0,10,0.0,10,,,0.0,10,9.3,,,10.0,9.5,,,10.0,9.2,10.0,6.0,10,1.8,10.0,2037.0,10.0
2008-04-17T21:00+00:00,5805,,,331.0,10.0,2.0,10.0,0.5,10.0,2.0,10.0,977.9,10.0,,,91,10,0.0,10,0.0,10,,,0.0,10,9.0,,,10.0,9.4,,,10.0,9.2,10.0,5.1,10,0.8,10.0,2153.0,10.0
2008-04-17T22:00+00:00,5805,,,16.0,10.0,9.0,10.0,0.3,10.0,2.0,10.0,977.7,10.0,,,91,10,0.0,10,0.0,10,,,0.0,10,8.8,,,10.0,9.3,,,10.0,9.2,10.0,5.3,10,3.3,10.0,2258.0,10.0
2008-04-17T23:00+00:00,5805,,,7.0,10.0,5.0,10.0,0.7,10.0,2.2,10.0,977.4,10.0,,,91,10,0.0,10,0.0,10,,,0.0,10,8.7,,,10.0,9.2,,,10.0,9.2,10.0,5.6,10,4.0,10.0,2335.0,10.0
2008-04-18T00:00+00:00,5805,,,345.0,10.0,359.0,10.0,0.6,10.0,1.9,10.0,976.9,10.0,,,91,10,0.0,10,0.0,10,,,0.0,10,8.6,,,10.0,9.1,,,10.0,9.2,10.0,5.7,10,4.4,10.0,50.0,10.0
2008-04-18T01:00+00:00,5805,,,354.0,10.0,15.0,10.0,0.7,10.0,2.8,10.0,976.7,10.0,,,92,10,0.0,10,0.0,10,,,0.0,10,8.4,,,10.0,9.1,,,10.0,9.2,10.0,5.1,10,2.5,10.0,154.0,10.0
2008-04-18T02:00+00:00,5805,,,339.0,10.0,8.0,10.0,1.3,10.0,3.2,10.0,976.3,10.0,,,92,10,0.0,10,0.0,10,,,0.0,10,8.2,,,10.0,9.0,,,10.0,9.2,10.0,4.1,10,1.1,10.0,202.0,10.0
2008-04-18T03:00+00:00,5805,,,341.0,10.0,6.0,10.0,1.1,10.0,2.8,10.0,976.3,10.0,,,92,10,0.0,10,0.0,10,,,0.0,10,8.1,,,10.0,8.9,,,10.0,9.2,10.0,3.9,10,2.9,10.0,359.0,10.0
2008-04-18T04:00+00:00,5805,,,352.0,10.0,350.0,10.0,1.3,10.0,3.5,10.0,975.9,10.0,,,92,10,0.0,10,0.0,10,,,0.0,10,7.9,,,10.0,8.8,,,10.0,9.2,10.0,3.6,10,2.2,10.0,409.0,10.0
2008-04-18T05:00+00:00,5805,,,342.0,10.0,355.0,10.0,1.2,10.0,3.5,10.0,976.0,10.0,,,91,10,0.0,10,0.0,10,,,0.0,10,7.8,,,10.0,8.7,,,10.0,9.2,10.0,4.4,10,2.7,10.0,542.0,10.0
2008-04-18T06:00+00:00,5805,,,337.0,10.0,330.0,10.0,1.2,10.0,3.4,10.0,976.3,10.0,,,88,10,0.0,10,0.0,10,,,0.0,10,7.9,,,10.0,8.7,,,10.0,9.2,10.0,5.4,10,4.5,10.0,611.0,10.0
2008-04-18T07:00+00:00,5805,,,344.0,10.0,359.0,10.0,1.0,10.0,2.9,10.0,976.3,10.0,,,84,10,0.0,10,0.0,10,,,0.0,10,8.0,,,10.0,8.6,,,10.0,9.2,10.0,6.1,10,5.9,10.0,704.0,10.0
2008-04-18T08:00+00:00,5805,,,327.0,10.0,309.0,10.0,1.2,10.0,3.1,10.0,976.1,10.0,,,81,10,0.0,10,0.0,10,,,0.0,10,8.2,,,10.0,8.6,,,10.0,9.2,10.0,7.1,10,7.4,10.0,807.0,10.0
2008-04-18T09:00+00:00,5805,,,283.0,10.0,321.0,10.0,0.9,10.0,2.5,10.0,975.9,10.0,,,78,10,0.0,10,0.0,10,,,0.0,10,8.5,,,10.0,8.6,,,10.0,9.2,10.0,8.6,10,10.3,10.0,958.0,10.0
2008-04-18T10:00+00:00,5805,,,103.0,10.0,111.0,10.0,0.3,10.0,4.8,10.0,975.1,10.0,,,70,10,0.0,10,0.0,10,,,0.2,10,9.2,,,10.0,8.7,,,10.0,9.2,10.0,11.0,10,14.2,10.0,1059.0,10.0
2008-04-18T11:00+00:00,5805,,,104.0,10.0,129.0,10.0,2.2,10.0,5.5,10.0,975.1,10.0,,,67,10,0.0,10,0.0,10,,,0.0,10,9.8,,,10.0,8.8,,,10.0,9.2,10.0,10.9,10,17.5,10.0,1143.0,10.0
2008-04-18T12:00+00:00,5805,,,72.0,10.0,64.0,10.0,2.3,10.0,5.9,10.0,974.7,10.0,,,66,10,0.0,10,0.0,10,,,0.8,10,10.5,,,10.0,9.0,,,10.0,9.1,10.0,12.0,10,17.6,10.0,1213.0,10.0
2008-04-18T13:00+00:00,5805,,,103.0,10.0,96.0,10.0,2.0,10.0,6.4,10.0,974.2,10.0,,,63,10,0.0,10,0.0,10,,,0.9,10,11.3,,,10.0,9.3,,,10.0,9.1,10.0,13.3,10,21.7,10.0,1354.0,10.0
2008-04-18T14:00+00:00,5805,,,109.0,10.0,106.0,10.0,2.0,10.0,6.0,10.0,973.7,10.0,,,62,10,0.0,10,0.0,10,,,0.8,10,11.9,,,10.0,9.6,,,10.0,9.1,10.0,14.2,10,19.4,10.0,1406.0,10.0
2008-04-18T15:00+00:00,5805,,,98.0,10.0,136.0,10.0,2.5,10.0,7.2,10.0,973.0,10.0,,,57,10,0.0,10,0.0,10,,,1.0,10,12.3,,,10.0,9.8,,,10.0,9.1,10.0,15.7,10,22.6,10.0,1538.0,10.0
2008-04-18T16:00+00:00,5805,,,116.0,10.0,116.0,10.0,2.9,10.0,7.6,10.0,972.3,10.0,,,57,10,0.0,10,0.0,10,,,1.0,10,12.3,,,10.0,10.1,,,10.0,9.1,10.0,16.7,10,16.0,10.0,1607.0,10.0
2008-04-18T17:00+00:00,5805,,,111.0,10.0,169.0,10.0,2.3,10.0,7.0,10.0,972.1,10.0,,,56,10,0.0,10,0.0,10,,,0.1,10,12.1,,,10.0,10.3,,,10.0,9.1,10.0,16.7,10,14.9,10.0,1750.0,10.0
2008-04-18T18:00+00:00,5805,,,148.0,10.0,160.0,10.0,2.4,10.0,8.0,10.0,972.4,10.0,,,60,10,0.0,10,3.0,10,,,0.0,10,11.9,,,10.0,10.4,,,10.0,9.1,10.0,15.8,10,13.4,10.0,1832.0,10.0
2008-04-18T19:00+00:00,5805,,,121.0,10.0,93.0,10.0,1.9,10.0,6.5,10.0,972.1,10.0,,,63,10,0.0,10,0.0,10,,,0.0,10,11.7,,,10.0,10.5,,,10.0,9.2,10.0,15.0,10,12.3,10.0,1941.0,10.0
2008-04-18T20:00+00:00,5805,,,106.0,10.0,141.0,10.0,2.6,10.0,6.6,10.0,971.8,10.0,,,67,10,0.0,10,0.0,10,,,0.0,10,11.4,,,10.0,10.5,,,10.0,9.2,10.0,13.8,10,9.8,10.0,2100.0,10.0
2008-04-18T21:00+00:00,5805,,,98.0,10.0,124.0,10.0,2.8,10.0,6.3,10.0,971.2,10.0,,,77,10,0.0,10,0.0,10,,,0.0,10,11.1,,,10.0,10.5,,,10.0,9.2,10.0,12.5,10,8.8,10.0,2143.0,10.0
2008-04-18T22:00+00:00,5805,,,120.0,10.0,106.0,10.0,2.8,10.0,7.2,10.0,970.4,10.0,,,82,10,0.0,10,0.0,10,,,0.0,10,10.9,,,10.0,10.4,,,10.0,9.3,10.0,11.8,10,8.6,10.0,2251.0,10.0
2008-04-18T23:00+00:00,5805,,,102.0,10.0,120.0,10.0,2.3,10.0,6.8,10.0,969.9,10.0,,,82,10,0.0,10,0.0,10,,,0.0,10,10.7,,,10.0,10.4,,,10.0,9.3,10.0,11.1,10,7.5,10.0,2331.0,10.0
2008-04-19T00:00+00:00,5805,,,27.0,10.0,56.0,10.0,1.9,10.0,4.7,10.0,969.1,10.0,,,80,10,0.0,10,0.0,10,,,0.0,10,10.4,,,10.0,10.3,,,10.0,9.3,10.0,10.5,10,6.8,10.0,19.0,10.0
2008-04-19T01:00+00:00,5805,,,57.0,10.0,106.0,10.0,1.9,10.0,5.1,10.0,968.4,10.0,,,76,10,0.0,10,0.0,10,,,0.0,10,10.2,,,10.0,10.2,,,10.0,9.4,10.0,10.4,10,6.5,10.0,130.0,10.0
2008-04-19T02:00+00:00,5805,,,48.0,10.0,102.0,10.0,1.5,10.0,4.9,10.0,968.0,10.0,,,77,10,0.0,10,0.0,10,,,0.0,10,10.0,,,10.0,10.1,,,10.0,9.4,10.0,10.1,10,6.4,10.0,207.0,10.0
2008-04-19T03:00+00:00,5805,,,356.0,10.0,359.0,10.0,0.7,10.0,3.2,10.0,967.8,10.0,,,88,10,0.0,10,0.0,10,,,0.0,10,9.9,,,10.0,10.1,,,10.0,9.4,10.0,7.7,10,4.8,10.0,313.0,10.0
2008-04-19T04:00+00:00,5805,,,299.0,10.0,359.0,10.0,0.4,10.0,2.4,10.0,968.0,10.0,,,91,10,0.0,10,0.0,10,,,0.0,10,9.7,,,10.0,10.0,,,10.0,9.4,10.0,7.3,10,4.7,10.0,414.0,10.0
2008-04-19T05:00+00:00,5805,,,303.0,10.0,7.0,10.0,0.2,10.0,2.2,10.0,968.3,10.0,,,91,10,0.0,10,0.0,10,,,0.0,10,9.5,,,10.0,9.9,,,10.0,9.4,10.0,7.1,10,4.4,10.0,530.0,10.0
2008-04-19T06:00+00:00,5805,,,349.0,10.0,43.0,10.0,0.4,10.0,3.5,10.0,968.1,10.0,,,79,10,0.0,10,0.0,10,,,0.8,10,9.6,,,10.0,9.8,,,10.0,9.5,10.0,11.0,10,6.1,10.0,659.0,10.0
2008-04-19T07:00+00:00,5805,,,66.0,10.0,177.0,10.0,1.3,10.0,4.3,10.0,967.6,10.0,,,54,10,0.0,10,0.0,10,,,0.5,10,10.1,,,10.0,9.8,,,10.0,9.5,10.0,14.5,10,14.9,10.0,754.0,10.0
2008-04-19T08:00+00:00,5805,,,92.0,10.0,134.0,10.0,0.8,10.0,5.1,10.0,968.0,10.0,,,56,10,0.0,10,0.0,10,,,0.0,10,10.4,,,10.0,9.8,,,10.0,9.5,10.0,14.1,10,14.7,10.0,824.0,10.0
2008-04-19T09:00+00:00,5805,,,85.0,10.0,103.0,10.0,0.8,10.0,2.7,10.0,968.0,10.0,,,55,10,0.0,10,0.0,10,,,0.3,10,10.7,,,10.0,9.9,,,10.0,9.5,10.0,15.1,10,14.8,10.0,916.0,10.0
2008-04-19T10:00+00:00,5805,,,100.0,10.0,109.0,10.0,1.2,10.0,3.3,10.0,968.5,10.0,,,52,10,0.0,10,0.0,10,,,0.4,10,11.4,,,10.0,10.0,,,10.0,9.5,10.0,16.5,10,22.2,10.0,1028.0,10.0
2008-04-19T11:00+00:00,5805,,,286.0,10.0,319.0,10.0,1.5,10.0,7.9,10.0,969.4,10.0,,,48,10,0.0,10,1.0,10,,,0.4,10,12.1,,,10.0,10.2,,,10.0,9.5,10.0,17.8,10,22.5,10.0,1157.0,10.0
2008-04-19T12:00+00:00,5805,,,309.0,10.0,314.0,10.0,3.6,10.0,9.5,10.0,970.0,10.0,,,49,10,0.0,10,0.0,10,,,0.8,10,12.8,,,10.0,10.4,,,10.0,9.5,10.0,18.3,10,21.4,10.0,1300.0,10.0
2008-04-19T13:00+00:00,5805,,,308.0,10.0,314.0,10.0,3.7,10.0,12.6,10.0,971.4,10.0,,,47,10,0.0,10,0.0,10,,,0.4,10,13.2,,,10.0,10.7,,,10.0,9.5,10.0,17.2,10,19.5,10.0,1348.0,10.0
2008-04-19T14:00+00:00,5805,,,287.0,10.0,271.0,10.0,6.6,10.0,16.5,10.0,972.2,10.0,,,47,10,0.0,10,0.0,10,,,0.6,10,13.5,,,10.0,10.9,,,10.0,9.5,10.0,16.8,10,18.8,10.0,1451.0,10.0
2008-04-19T15:00+00:00,5805,,,284.0,10.0,282.0,10.0,7.2,10.0,16.9,10.0,973.2,10.0,,,48,10,0.0,10,0.0,10,,,0.9,10,13.6,,,10.0,11.2,,,10.0,9.5,10.0,16.5,10,19.2,10.0,1517.0,10.0
2008-04-19T16:00+00:00,5805,,,282.0,10.0,294.0,10.0,5.8,10.0,13.8,10.0,974.3,10.0,,,55,10,0.0,10,0.0,10,,,1.0,10,13.5,,,10.0,11.4,,,10.0,9.5,10.0,14.9,10,15.1,10.0,1608.0,10.0
2008-04-19T17:00+00:00,5805,,,283.0,10.0,279.0,10.0,4.9,10.0,11.1,10.0,975.1,10.0,,,58,10,0.0,10,0.0,10,,,0.6,10,13.0,,,10.0,11.5,,,10.0,9.5,10.0,14.2,10,12.9,10.0,1702.0,10.0
2008-04-19T18:00+00:00,5805,,,289.0,10.0,284.0,10.0,3.9,10.0,8.4,10.0,975.9,10.0,,,64,10,0.0,10,0.0,10,,,0.3,10,12.6,,,10.0,11.5,,,10.0,9.6,10.0,12.8,10,10.3,10.0,1812.0,10.0
2008-04-19T19:00+00:00,5805,,,293.0,10.0,303.0,10.0,3.1,10.0,6.4,10.0,977.0,10.0,,,70,10,0.0,10,0.0,10,,,0.0,10,12.1,,,10.0,11.5,,,10.0,9.6,10.0,11.9,10,8.4,10.0,1940.0,10.0
2008-04-19T20:00+00:00,5805,,,296.0,10.0,303.0,10.0,3.2,10.0,7.0,10.0,977.2,10.0,,,71,10,0.0,10,0.0,10,,,0.0,10,11.7,,,10.0,11.4,,,10.0,9.7,10.0,11.6,10,8.1,10.0,2049.0,10.0
2008-04-19T21:00+00:00,5805,,,300.0,10.0,302.0,10.0,3.0,10.0,6.8,10.0,977.6,10.0,,,71,10,0.0,10,0.0,10,,,0.0,10,11.4,,,10.0,11.3,,,10.0,9.7,10.0,11.2,10,7.6,10.0,2104.0,10.0
2008-04-19T22:00+00:00,5805,,,301.0,10.0,296.0,10.0,3.1,10.0,6.0,10.0,978.1,10.0,,,72,10,0.0,10,0.0,10,,,0.0,10,11.2,,,10.0,11.2,,,10.0,9.7,10.0,11.1,10,7.5,10.0,2229.0,10.0
2008-04-19T23:00+00:00,5805,,,298.0,10.0,289.0,10.0,3.4,10.0,6.4,10.0,978.3,10.0,,,73,10,0.0,10,0.0,10,,,0.0,10,10.9,,,10.0,11.0,,,10.0,9.8,10.0,10.5,10,7.0,10.0,2329.0,10.0
2008-04-20T00:00+00:00,5805,,,312.0,10.0,318.0,10.0,3.0,10.0,6.6,10.0,978.6,10.0,,,74,10,0.0,10,0.0,10,,,0.0,10,10.7,,,10.0,10.9,,,10.0,9.8,10.0,10.3,10,6.8,10.0,11.0,10.0
2008-04-20T01:00+00:00,5805,,,329.0,10.0,313.0,10.0,2.3,10.0,5.3,10.0,978.7,10.0,,,78,10,0.0,10,0.0,10,,,0.0,10,10.5,,,10.0,10.8,,,10.0,9.8,10.0,9.5,10,5.5,10.0,103.0,10.0
2008-04-20T02:00+00:00,5805,,,1.0,10.0,359.0,10.0,0.7,10.0,3.2,10.0,979.1,10.0,,,89,10,0.0,10,0.0,10,,,0.0,10,10.1,,,10.0,10.7,,,10.0,9.9,10.0,6.9,10,1.8,10.0,223.0,10.0
2008-04-20T03:00+00:00,5805,,,346.0,10.0,7.0,10.0,0.3,10.0,1.8,10.0,979.4,10.0,,,92,10,0.0,10,0.0,10,,,0.0,10,9.8,,,10.0,10.6,,,10.0,9.9,10.0,5.4,10,0.5,10.0,325.0,10.0
2008-04-20T04:00+00:00,5805,,,356.0,10.0,5.0,10.0,0.4,10.0,1.6,10.0,979.7,10.0,,,92,10,0.0,10,0.0,10,,,0.0,10,9.4,,,10.0,10.4,,,10.0,9.9,10.0,4.3,10,-0.1,10.0,409.0,10.0
2008-04-20T05:00+00:00,5805,,,358.0,10.0,359.0,10.0,0.4,10.0,1.9,10.0,980.2,10.0,,,92,10,0.0,10,0.0,10,,,0.4,10,9.1,,,10.0,10.2,,,10.0,9.9,10.0,5.0,10,-0.1,10.0,521.0,10.0
2008-04-20T06:00+00:00,5805,,,281.0,10.0,351.0,10.0,0.5,10.0,2.4,10.0,980.3,10.0,,,84,10,0.0,10,0.0,10,,,1.0,10,9.2,,,10.0,10.1,,,10.0,9.9,10.0,9.1,10,1.7,10.0,659.0,10.0
2008-04-20T07:00+00:00,5805,,,333.0,10.0,331.0,10.0,1.3,10.0,3.4,10.0,980.4,10.0,,,63,10,0.0,10,0.0,10,,,1.0,10,9.7,,,10.0,10.0,,,10.0,9.9,10.0,13.0,10,11.7,10.0,725.0,10.0
2008-04-20T08:00+00:00,5805,,,301.0,10.0,310.0,10.0,1.3,10.0,4.6,10.0,980.5,10.0,,,52,10,0.0,10,0.0,10,,,1.0,10,10.4,,,10.0,10.0,,,10.0,9.9,10.0,14.5,10,20.1,10.0,841.0,10.0
2008-04-20T09:00+00:00,5805,,,19.0,10.0,340.0,10.0,0.7,10.0,5.4,10.0,980.6,10.0,,,48,10,0.0,10,0.0,10,,,1.0,10,11.4,,,10.0,10.1,,,10.0,9.9,10.0,15.7,10,21.6,10.0,902.0,10.0
2008-04-20T10:00+00:00,5805,,,270.0,10.0,266.0,10.0,1.2,10.0,4.5,10.0,980.4,10.0,,,45,10,0.0,10,0.0,10,,,1.0,10,12.4,,,10.0,10.3,,,10.0,9.9,10.0,16.8,10,25.6,10.0,1007.0,10.0
2008-04-20T11:00+00:00,5805,,,76.0,10.0,77.0,10.0,1.1,10.0,5.0,10.0,980.2,10.0,,,45,10,0.0,10,0.0,10,,,0.8,10,13.2,,,10.0,10.6,,,10.0,9.9,10.0,17.5,10,21.1,10.0,1132.0,10.0
2008-04-20T12:00+00:00,5805,,,100.0,10.0,50.0,10.0,2.2,10.0,7.0,10.0,980.2,10.0,,,44,10,0.0,10,0.0,10,,,0.9,10,14.1,,,10.0,10.9,,,10.0,9.8,10.0,17.9,10,27.1,10.0,1242.0,10.0
2008-04-20T13:00+00:00,5805,,,111.0,10.0,61.0,10.0,1.8,10.0,5.7,10.0,980.2,10.0,,,43,10,0.0,10,0.0,10,,,0.8,10,14.5,,,10.0,11.3,,,10.0,9.8,10.0,19.0,10,24.6,10.0,1355.0,10.0
2008-04-20T14:00+00:00,5805,,,71.0,10.0,47.0,10.0,2.1,10.0,6.6,10.0,980.1,10.0,,,43,10,0.0,10,0.0,10,,,0.4,10,14.9,,,10.0,11.6,,,10.0,9.8,10.0,18.1,10,23.3,10.0,1408.0,10.0
2008-04-20T15:00+00:00,5805,,,97.0,10.0,117.0,10.0,2.5,10.0,6.7,10.0,979.8,10.0,,,44,10,0.0,10,0.0,10,,,0.7,10,14.9,,,10.0,11.9,,,10.0,9.9,10.0,18.3,10,20.6,10.0,1521.0,10.0
2008-04-20T16:00+00:00,5805,,,81.0,10.0,50.0,10.0,3.1,10.0,8.2,10.0,980.0,10.0,,,48,10,0.0,10,0.0,10,,,0.6,10,14.6,,,10.0,12.1,,,10.0,9.9,10.0,17.2,10,16.8,10.0,1630.0,10.0
2008-04-20T17:00+00:00,5805,,,68.0,10.0,75.0,10.0,2.5,10.0,7.6,10.0,979.9,10.0,,,51,10,0.0,10,0.0,10,,,0.8,10,14.2,,,10.0,12.2,,,10.0,9.9,10.0,16.2,10,14.2,10.0,1740.0,10.0
2008-04-20T18:00+00:00,5805,,,75.0,10.0,113.0,10.0,2.4,10.0,6.2,10.0,981.0,10.0,,,59,10,0.0,10,0.0,10,,,0.4,10,13.7,,,10.0,12.3,,,10.0,9.9,10.0,14.1,10,10.3,10.0,1812.0,10.0
2008-04-20T19:00+00:00,5805,,,73.0,10.0,76.0,10.0,1.3,10.0,5.1,10.0,981.4,10.0,,,66,10,0.0,10,0.0,10,,,0.0,10,13.1,,,10.0,12.2,,,10.0,10.0,10.0,12.6,10,7.3,10.0,1905.0,10.0
2008-04-20T20:00+00:00,5805,,,51.0,10.0,140.0,10.0,0.8,10.0,2.7,10.0,981.8,10.0,,,71,10,0.0,10,0.0,10,,,0.0,10,12.5,,,10.0,12.1,,,10.0,10.0,10.0,11.3,10,5.7,10.0,2016.0,10.0
2008-04-20T21:00+00:00,5805,,,45.0,10.0,9.0,10.0,0.8,10.0,2.7,10.0,981.6,10.0,,,76,10,0.0,10,0.0,10,,,0.0,10,12.1,,,10.0,12.0,,,10.0,10.1,10.0,10.1,10,4.7,10.0,2102.0,10.0
2008-04-20T22:00+00:00,5805,,,17.0,10.0,7.0,10.0,0.8,10.0,3.4,10.0,981.7,10.0,,,84,10,0.0,10,0.0,10,,,0.0,10,11.6,,,10.0,11.8,,,10.0,10.1,10.0,8.6,10,3.7,10.0,2247.0,10.0
2008-04-20T23:00+00:00,5805,,,360.0,10.0,354.0,10.0,0.8,10.0,3.5,10.0,981.4,10.0,,,89,10,0.0,10,0.0,10,,,0.0,10,11.2,,,10.0,11.7,,,10.0,10.2,10.0,7.0,10,2.7,10.0,2314.0,10.0
2008-04-21T00:00+00:00,5805,,,357.0,10.0,355.0,10.0,0.6,10.0,2.3,10.0,981.1,10.0,,,91,10,0.0,10,0.0,10,,,0.0,10,10.8,,,10.0,11.5,,,10.0,10.2,10.0,6.3,10,1.6,10.0,11.0,10.0
2008-04-21T01:00+00:00,5805,,,338.0,10.0,359.0,10.0,0.5,10.0,2.0,10.0,980.5,10.0,,,92,10,0.0,10,0.0,10,,,0.0,10,10.4,,,10.0,11.3,,,10.0,10.2,10.0,5.0,10,0.8,10.0,101.0,10.0
2008-04-21T02:00+00:00,5805,,,332.0,10.0,359.0,10.0,0.4,10.0,1.8,10.0,980.0,10.0,,,92,10,0.0,10,0.0,10,,,0.0,10,10.0,,,10.0,11.1,,,10.0,10.3,10.0,4.4,10,0.5,10.0,205.0,10.0
2008-04-21T03:00+00:00,5805,,,350.0,10.0,6.0,10.0,0.4,10.0,1.6,10.0,979.5,10.0,,,92,10,0.0,10,0.0,10,,,0.0,10,9.7,,,10.0,10.9,,,10.0,10.3,10.0,3.8,10,0.3,10.0,339.0,10.0
2008-04-21T04:00+00:00,5805,,,354.0,10.0,7.0,10.0,0.4,10.0,2.0,10.0,979.2,10.0,,,92,10,0.0,10,0.0,10,,,0.0,10,9.4,,,10.0,10.7,,,10.0,10.3,10.0,3.6,10,-0.1,10.0,448.0,10.0
2008-04-21T05:00+00:00,5805,,,343.0,10.0,7.0,10.0,0.6,10.0,1.7,10.0,979.0,10.0,,,92,10,0.0,10,0.0,10,,,0.0,10,9.2,,,10.0,10.5,,,10.0,10.3,10.0,4.3,10,-0.1,10.0,600.0,10.0
2008-04-21T06:00+00:00,5805,,,4.0,10.0,8.0,10.0,0.3,10.0,1.7,10.0,978.8,10.0,,,89,10,0.0,10,0.0,10,,,0.5,10,9.3,,,10.0,10.3,,,10.0,10.3,10.0,6.3,10,3.2,10.0,635.0,10.0
2008-04-21T07:00+00:00,5805,,,116.0,10.0,138.0,10.0,1.4,10.0,6.1,10.0,978.4,10.0,,,73,10,0.0,10,0.0,10,,,1.0,10,9.7,,,10.0,10.2,,,10.0,10.3,10.0,10.9,10,8.4,10.0,749.0,10.0
2008-04-21T08:00+00:00,5805,,,118.0,10.0,103.0,10.0,3.5,10.0,8.5,10.0,978.2,10.0,,,73,10,0.0,10,0.0,10,,,0.9,10,10.2,,,10.0,10.2,,,10.0,10.3,10.0,12.0,10,16.3,10.0,804.0,10.0
2008-04-21T09:00+00:00,5805,,,113.0,10.0,123.0,10.0,3.8,10.0,10.0,10.0,977.5,10.0,,,67,10,0.0,10,0.0,10,,,1.0,10,11.0,,,10.0,10.3,,,10.0,10.3,10.0,14.4,10,20.0,10.0,956.0,10.0
2008-04-21T10:00+00:00,5805,,,112.0,10.0,126.0,10.0,4.9,10.0,10.3,10.0,976.6,10.0,,,61,10,0.0,10,0.0,10,,,0.9,10,11.8,,,10.0,10.5,,,10.0,10.2,10.0,16.3,10,23.1,10.0,1100.0,10.0
2008-04-21T11:00+00:00,5805,,,122.0,10.0,131.0,10.0,5.0,10.0,10.6,10.0,975.9,10.0,,,56,10,0.0,10,0.0,10,,,1.0,10,12.7,,,10.0,10.7,,,10.0,10.2,10.0,18.0,10,24.8,10.0,1119.0,10.0
2008-04-21T12:00+00:00,5805,,,120.0,10.0,126.0,10.0,4.8,10.0,11.6,10.0,975.2,10.0,,,51,10,0.0,10,0.0,10,,,0.9,10,13.6,,,10.0,11.0,,,10.0,10.2,10.0,19.2,10,26.4,10.0,1254.0,10.0
2008-04-21T13:00+00:00,5805,,,122.0,10.0,111.0,10.0,5.1,10.0,12.4,10.0,973.9,10.0,,,48,10,0.0,10,0.0,10,,,1.0,10,14.3,,,10.0,11.3,,,10.0,10.2,10.0,20.9,10,27.8,10.0,1314.0,10.0
2008-04-21T14:00+00:00,5805,,,118.0,10.0,99.0,10.0,4.6,10.0,11.4,10.0,973.0,10.0,,,44,10,0.0,10,0.0,10,,,0.6,10,14.7,,,10.0,11.7,,,10.0,10.2,10.0,20.7,10,22.3,10.0,1409.0,10.0
2008-04-21T15:00+00:00,5805,,,116.0,10.0,111.0,10.0,4.7,10.0,11.0,10.0,972.5,10.0,,,44,10,0.0,10,0.0,10,,,0.0,10,14.5,,,10.0,12.0,,,10.0,10.2,10.0,20.5,10,19.2,10.0,1506.0,10.0
2008-04-21T16:00+00:00,5805,,,96.0,10.0,111.0,10.0,3.7,10.0,9.9,10.0,971.8,10.0,,,48,10,0.0,10,0.0,10,,,0.0,10,14.3,,,10.0,12.2,,,10.0,10.2,10.0,19.8,10,18.1,10.0,1603.0,10.0
2008-04-21T17:00+00:00,5805,,,87.0,10.0,81.0,10.0,4.0,10.0,10.5,10.0,971.1,10.0,,,49,10,0.0,10,0.0,10,,,0.0,10,14.1,,,10.0,12.3,,,10.0,10.2,10.0,19.1,10,17.2,10.0,1720.0,10.0
2008-04-21T18:00+00:00,5805,,,87.0,10.0,63.0,10.0,4.1,10.0,10.9,10.0,971.1,10.0,,,53,10,0.0,10,23.0,10,,,0.0,10,13.8,,,10.0,12.3,,,10.0,10.2,10.0,18.0,10,13.3,10.0,1900.0,10.0
2008-04-21T19:00+00:00,5805,,,119.0,10.0,128.0,10.0,3.0,10.0,18.8,10.0,972.6,10.0,,,91,10,9.5,10,60.0,10,,,0.0,10,13.3,,,10.0,12.3,,,10.0,10.3,10.0,12.7,10,12.1,10.0,1908.0,10.0
2008-04-21T20:00+00:00,5805,,,82.0,10.0,115.0,10.0,2.5,10.0,7.3,10.0,971.3,10.0,,,91,10,7.6,10,60.0,10,,,0.0,10,12.9,,,10.0,12.3,,,10.0,10.3,10.0,11.2,10,10.8,10.0,2005.0,10.0
2008-04-21T21:00+00:00,5805,,,97.0,10.0,129.0,10.0,1.9,10.0,5.9,10.0,972.6,10.0,,,91,10,0.6,10,24.0,10,,,0.0,10,12.6,,,10.0,12.2,,,10.0,10.4,10.0,11.3,10,10.5,10.0,2137.0,10.0
2008-04-21T22:00+00:00,5805,,,101.0,10.0,113.0,10.0,2.3,10.0,5.5,10.0,972.7,10.0,,,91,10,0.0,10,0.0,10,,,0.0,10,12.4,,,10.0,12.1,,,10.0,10.4,10.0,11.3,10,10.6,10.0,2204.0,10.0
2008-04-21T23:00+00:00,5805,,,85.0,10.0,100.0,10.0,1.9,10.0,5.8,10.0,972.5,10.0,,,91,10,0.0,10,0.0,10,,,0.0,10,12.2,,,10.0,12.0,,,10.0,10.4,10.0,11.4,10,10.9,10.0,2359.0,10.0
2008-04-22T00:00+00:00,5805,,,106.0,10.0,121.0,10.0,2.6,10.0,7.9,10.0,972.0,10.0,,,90,10,0.0,10,0.0,10,,,0.0,10,12.1,,,10.0,12.0,,,10.0,10.5,10.0,10.7,10,10.1,10.0,29.0,10.0
2008-04-22T01:00+00:00,5805,,,101.0,10.0,60.0,10.0,2.4,10.0,7.3,10.0,971.9,10.0,,,91,10,0.0,10,0.0,10,,,0.0,10,11.9,,,10.0,11.9,,,10.0,10.5,10.0,10.4,10,10.0,10.0,153.0,10.0
2008-04-22T02:00+00:00,5805,,,118.0,10.0,100.0,10.0,2.4,10.0,6.9,10.0,971.7,10.0,,,91,10,0.0,10,0.0,10,,,0.0,10,11.8,,,10.0,11.8,,,10.0,10.5,10.0,10.3,10,10.2,10.0,222.0,10.0
2008-04-22T03:00+00:00,5805,,,119.0,10.0,109.0,10.0,1.7,10.0,5.7,10.0,971.4,10.0,,,91,10,0.0,10,0.0,10,,,0.0,10,11.7,,,10.0,11.7,,,10.0,10.5,10.0,10.3,10,10.0,10.0,339.0,10.0
2008-04-22T04:00+00:00,5805,,,131.0,10.0,142.0,10.0,1.5,10.0,5.0,10.0,971.4,10.0,,,91,10,0.0,10,0.0,10,,,0.0,10,11.6,,,10.0,11.6,,,10.0,10.6,10.0,10.1,10,9.7,10.0,435.0,10.0
2008-04-22T05:00+00:00,5805,,,126.0,10.0,123.0,10.0,1.7,10.0,4.7,10.0,971.6,10.0,,,90,10,0.0,10,0.0,10,,,0.0,10,11.4,,,10.0,11.6,,,10.0,10.6,10.0,9.6,10,9.7,10.0,502.0,10.0
2008-04-22T06:00+00:00,5805,,,129.0,10.0,130.0,10.0,2.1,10.0,5.7,10.0,971.8,10.0,,,87,10,0.0,10,0.0,10,,,0.0,10,11.4,,,10.0,11.5,,,10.0,10.6,10.0,9.7,10,9.8,10.0,610.0,10.0
2008-04-22T07:00+00:00,5805,,,115.0,10.0,114.0,10.0,2.0,10.0,5.0,10.0,972.0,10.0,,,83,10,0.0,10,0.0,10,,,0.1,10,11.6,,,10.0,11.4,,,10.0,10.6,10.0,10.6,10,12.7,10.0,759.0,10.0
2008-04-22T08:00+00:00,5805,,,100.0,10.0,144.0,10.0,1.6,10.0,5.2,10.0,972.4,10.0,,,76,10,0.0,10,0.0,10,,,0.5,10,12.0,,,10.0,11.4,,,10.0,10.6,10.0,12.9,10,15.3,10.0,859.0,10.0
2008-04-22T09:00+00:00,5805,,,105.0,10.0,128.0,10.0,2.2,10.0,5.0,10.0,972.9,10.0,,,70,10,0.0,10,0.0,10,,,1.0,10,12.8,,,10.0,11.5,,,10.0,10.6,10.0,14.2,10,23.4,10.0,909.0,10.0
2008-04-22T10:00+00:00,5805,,,103.0,10.0,99.0,10.0,2.2,10.0,6.0,10.0,972.8,10.0,,,62,10,0.0,10,0.0,10,,,0.9,10,13.7,,,10.0,11.7,,,10.0,10.6,10.0,15.5,10,27.3,10.0,1028.0,10.0
2008-04-22T11:00+00:00,5805,,,98.0,10.0,60.0,10.0,0.9,10.0,5.0,10.0,972.8,10.0,,,55,10,0.0,10,0.0,10,,,0.8,10,14.3,,,10.0,12.0,,,10.0,10.6,10.0,17.2,10,21.7,10.0,1103.0,10.0
2008-04-22T12:00+00:00,5805,,,33.0,10.0,35.0,10.0,0.3,10.0,5.7,10.0,973.2,10.0,,,61,10,0.0,10,0.0,10,,,0.1,10,14.6,,,10.0,12.2,,,10.0,10.6,10.0,16.1,10,19.7,10.0,1249.0,10.0
2008-04-22T13:00+00:00,5805,,,318.0,10.0,304.0,10.0,1.4,10.0,4.8,10.0,973.4,10.0,,,70,10,0.6,10,8.0,10,,,0.0,10,14.3,,,10.0,12.5,,,10.0,10.6,10.0,14.7,10,13.0,10.0,1336.0,10.0
2008-04-22T14:00+00:00,5805,,,309.0,10.0,279.0,10.0,2.8,10.0,8.0,10.0,974.7,10.0,,,90,10,11.7,10,56.0,10,,,0.0,10,13.6,,,10.0,12.6,,,10.0,10.6,10.0,9.9,10,8.0,10.0,1406.0,10.0
2008-04-22T15:00+00:00,5805,,,325.0,10.0,294.0,10.0,2.0,10.0,5.0,10.0,975.5,10.0,,,90,10,0.8,10,53.0,10,,,0.0,10,12.9,,,10.0,12.6,,,10.0,10.7,10.0,9.6,10,8.8,10.0,1554.0,10.0
2008-04-22T16:00+00:00,5805,,,328.0,10.0,325.0,10.0,1.8,10.0,5.0,10.0,976.2,10.0,,,91,10,0.6,10,34.0,10,,,0.0,10,12.5,,,10.0,12.5,,,10.0,10.7,10.0,9.9,10,8.8,10.0,1641.0,10.0
2008-04-22T17:00+00:00,5805,,,338.0,10.0,333.0,10.0,1.9,10.0,3.9,10.0,977.1,10.0,,,91,10,2.9,10,60.0,10,,,0.0,10,12.3,,,10.0,12.3,,,10.0,10.7,10.0,10.3,10,9.3,10.0,1744.0,10.0
2008-04-22T18:00+00:00,5805,,,324.0,10.0,325.0,10.0,2.2,10.0,4.4,10.0,977.9,10.0,,,91,10,3.0,10,60.0,10,,,0.0,10,12.1,,,10.0,12.2,,,10.0,10.7,10.0,10.0,10,9.5,10.0,1852.0,10.0
2008-04-22T19:00+00:00,5805,,,299.0,10.0,308.0,10.0,2.2,10.0,4.9,10.0,978.8,10.0,,,91,10,3.0,10,60.0,10,,,0.0,10,11.9,,,10.0,12.1,,,10.0,10.8,10.0,9.6,10,9.0,10.0,1913.0,10.0
2008-04-22T20:00+00:00,5805,,,307.0,10.0,322.0,10.0,1.4,10.0,4.3,10.0,979.6,10.0,,,91,10,0.7,10,40.0,10,,,0.0,10,11.7,,,10.0,12.0,,,10.0,10.8,10.0,9.4,10,8.8,10.0,2049.0,10.0
2008-04-22T21:00+00:00,5805,,,312.0,10.0,313.0,10.0,1.1,10.0,3.9,10.0,980.5,10.0,,,88,10,0.0,10,1.0,10,,,0.0,10,11.5,,,10.0,11.9,,,10.0,10.8,10.0,8.8,10,7.8,10.0,2110.0,10.0
2008-04-22T22:00+00:00,5805,,,299.0,10.0,316.0,10.0,1.5,10.0,5.5,10.0,980.8,10.0,,,89,10,0.0,10,2.0,10,,,0.0,10,11.3,,,10.0,11.8,,,10.0,10.8,10.0,8.2,10,7.4,10.0,2212.0,10.0
2008-04-22T23:00+00:00,5805,,,299.0,10.0,325.0,10.0,1.7,10.0,5.1,10.0,981.4,10.0,,,89,10,0.0,10,0.0,10,,,0.0,10,11.1,,,10.0,11.7,,,10.0,10.9,10.0,8.2,10,7.5,10.0,2354.0,10.0
2008-04-23T00:00+00:00,5805,,,299.0,10.0,313.0,10.0,1.5,10.0,4.3,10.0,981.7,10.0,,,90,10,0.0,10,0.0,10,,,0.0,10,11.0,,,10.0,11.6,,,10.0,10.9,10.0,7.9,10,7.1,10.0,14.0,10.0
2008-04-23T01:00+00:00,5805,,,306.0,10.0,326.0,10.0,1.7,10.0,4.6,10.0,982.2,10.0,,,90,10,0.0,10,0.0,10,,,0.0,10,10.9,,,10.0,11.5,,,10.0,10.9,10.0,7.9,10,7.0,10.0,124.0,10.0
2008-04-23T02:00+00:00,5805,,,310.0,10.0,329.0,10.0,1.4,10.0,4.8,10.0,982.5,10.0,,,90,10,0.0,10,0.0,10,,,0.0,10,10.8,,,10.0,11.4,,,10.0,10.9,10.0,8.0,10,7.3,10.0,249.0,10.0
2008-04-23T03:00+00:00,5805,,,314.0,10.0,325.0,10.0,1.3,10.0,4.7,10.0,982.9,10.0,,,90,10,0.0,10,0.0,10,,,0.0,10,10.7,,,10.0,11.3,,,10.0,10.9,10.0,8.3,10,7.4,10.0,340.0,10.0
2008-04-23T04:00+00:00,5805,,,318.0,10.0,341.0,10.0,1.0,10.0,4.2,10.0,983.4,10.0,,,89,10,0.0,10,0.0,10,,,0.0,10,10.6,,,10.0,11.2,,,10.0,10.9,10.0,8.3,10,7.7,10.0,412.0,10.0
2008-04-23T05:00+00:00,5805,,,325.0,10.0,312.0,10.0,1.4,10.0,5.3,10.0,984.2,10.0,,,86,10,0.0,10,0.0,10,,,0.0,10,10.5,,,10.0,11.1,,,10.0,10.9,10.0,8.5,10,7.7,10.0,544.0,10.0
2008-04-23T06:00+00:00,5805,,,317.0,10.0,333.0,10.0,2.2,10.0,5.1,10.0,985.1,10.0,,,87,10,0.0,10,0.0,10,,,0.0,10,10.5,,,10.0,11.0,,,10.0,10.9,10.0,8.5,10,7.9,10.0,614.0,10.0
2008-04-23T07:00+00:00,5805,,,316.0,10.0,305.0,10.0,2.1,10.0,5.4,10.0,986.0,10.0,,,87,10,0.0,10,1.0,10,,,0.0,10,10.5,,,10.0,11.0,,,10.0,10.8,10.0,8.9,10,8.3,10.0,757.0,10.0
2008-04-23T08:00+00:00,5805,,,314.0,10.0,320.0,10.0,2.4,10.0,5.9,10.0,986.8,10.0,,,84,10,0.0,10,3.0,10,,,0.0,10,10.5,,,10.0,10.9,,,10.0,10.8,10.0,9.1,10,8.5,10.0,826.0,10.0
2008-04-23T09:00+00:00,5805,,,316.0,10.0,306.0,10.0,2.9,10.0,6.9,10.0,987.6,10.0,,,73,10,0.0,10,0.0,10,,,0.0,10,10.6,,,10.0,10.9,,,10.0,10.8,10.0,10.0,10,9.3,10.0,956.0,10.0
2008-04-23T10:00+00:00,5805,,,313.0,10.0,309.0,10.0,3.0,10.0,5.6,10.0,988.2,10.0,,,69,10,0.0,10,0.0,10,,,0.0,10,10.8,,,10.0,10.9,,,10.0,10.8,10.0,10.7,10,11.1,10.0,1003.0,10.0
2008-04-23T11:00+00:00,5805,,,310.0,10.0,301.0,10.0,3.1,10.0,6.6,10.0,988.7,10.0,,,67,10,0.0,10,1.0,10,,,0.0,10,11.0,,,10.0,10.9,,,10.0,10.8,10.0,11.6,10,11.4,10.0,1158.0,10.0
2008-04-23T12:00+00:00,5805,,,298.0,10.0,338.0,10.0,4.1,10.0,8.5,10.0,989.2,10.0,,,85,10,0.1,10,29.0,10,,,0.0,10,11.2,,,10.0,11.0,,,10.0,10.8,10.0,10.7,10,11.2,10.0,1202.0,10.0
2008-04-23T13:00+00:00,5805,,,317.0,10.0,265.0,10.0,2.5,10.0,6.8,10.0,989.8,10.0,,,88,10,1.6,10,41.0,10,,,0.0,10,11.3,,,10.0,11.0,,,10.0,10.8,10.0,9.9,10,9.7,10.0,1344.0,10.0
2008-04-23T14:00+00:00,5805,,,300.0,10.0,294.0,10.0,3.3,10.0,7.9,10.0,989.9,10.0,,,87,10,0.0,10,7.0,10,,,0.2,10,11.4,,,10.0,11.1,,,10.0,10.7,10.0,11.0,10,11.4,10.0,1441.0,10.0
2008-04-23T15:00+00:00,5805,,,301.0,10.0,311.0,10.0,3.6,10.0,7.4,10.0,990.2,10.0,,,78,10,0.0,10,0.0,10,,,0.4,10,11.8,,,10.0,11.2,,,10.0,10.7,10.0,11.9,10,12.2,10.0,1511.0,10.0
2008-04-23T16:00+00:00,5805,,,296.0,10.0,306.0,10.0,3.7,10.0,7.5,10.0,990.7,10.0,,,75,10,0.0,10,0.0,10,,,0.5,10,11.9,,,10.0,11.2,,,10.0,10.7,10.0,12.0,10,12.3,10.0,1603.0,10.0
2008-04-23T17:00+00:00,5805,,,310.0,10.0,298.0,10.0,2.7,10.0,6.2,10.0,991.4,10.0,,,82,10,0.0,10,12.0,10,,,0.2,10,11.8,,,10.0,11.3,,,10.0,10.7,10.0,10.8,10,9.6,10.0,1714.0,10.0
2008-04-23T18:00+00:00,5805,,,322.0,10.0,319.0,10.0,2.0,10.0,4.2,10.0,992.3,10.0,,,85,10,0.0,10,0.0,10,,,0.1,10,11.6,,,10.0,11.4,,,10.0,10.7,10.0,9.9,10,7.9,10.0,1846.0,10.0
2008-04-23T19:00+00:00,5805,,,307.0,10.0,328.0,10.0,1.6,10.0,3.5,10.0,993.3,10.0,,,89,10,0.0,10,0.0,10,,,0.0,10,11.3,,,10.0,11.4,,,10.0,10.7,10.0,8.5,10,3.7,10.0,1934.0,10.0
2008-04-23T20:00+00:00,5805,,,297.0,10.0,349.0,10.0,0.7,10.0,2.7,10.0,994.0,10.0,,,92,10,0.0,10,0.0,10,,,0.0,10,10.9,,,10.0,11.3,,,10.0,10.7,10.0,7.1,10,2.8,10.0,2003.0,10.0
2008-04-23T21:00+00:00,5805,,,341.0,10.0,9.0,10.0,0.4,10.0,2.0,10.0,994.7,10.0,,,92,10,0.0,10,0.0,10,,,0.0,10,10.5,,,10.0,11.2,,,10.0,10.7,10.0,6.1,10,1.7,10.0,2120.0,10.0
2008-04-23T22:00+00:00,5805,,,317.0,10.0,323.0,10.0,0.7,10.0,2.2,10.0,995.1,10.0,,,92,10,0.0,10,0.0,10,,,0.0,10,10.1,,,10.0,11.1,,,10.0,10.7,10.0,5.3,10,1.4,10.0,2231.0,10.0
2008-04-23T23:00+00:00,5805,,,313.0,10.0,13.0,10.0,0.4,10.0,1.7,10.0,995.5,10.0,,,92,10,0.0,10,0.0,10,,,0.0,10,9.8,,,10.0,10.9,,,10.0,10.7,10.0,4.3,10,0.3,10.0,2352.0,10.0
2008-04-24T00:00+00:00,5805,,,355.0,10.0,2.0,10.0,0.5,10.0,1.9,10.0,995.6,10.0,,,92,10,0.0,10,0.0,10,,,0.0,10,9.5,,,10.0,10.8,,,10.0,10.7,10.0,3.8,10,-0.2,10.0,55.0,10.0
2008-04-24T01:00+00:00,5805,,,335.0,10.0,359.0,10.0,0.6,10.0,2.1,10.0,995.7,10.0,,,92,10,0.0,10,0.0,10,,,0.0,10,9.2,,,10.0,10.6,,,10.0,10.7,10.0,3.0,10,-0.8,10.0,153.0,10.0
2008-04-24T02:00+00:00,5805,,,315.0,10.0,327.0,10.0,0.7,10.0,2.4,10.0,995.8,10.0,,,92,10,0.0,10,0.0,10,,,0.0,10,8.9,,,10.0,10.4,,,10.0,10.7,10.0,2.9,10,-0.8,10.0,226.0,10.0
2008-04-24T03:00+00:00,5805,,,299.0,10.0,329.0,10.0,1.1,10.0,2.1,10.0,996.0,10.0,,,92,10,0.0,10,0.0,10,,,0.0,10,8.6,,,10.0,10.2,,,10.0,10.7,10.0,2.7,10,-1.2,10.0,305.0,10.0
2008-04-24T04:00+00:00,5805,,,327.0,10.0,2.0,10.0,1.0,10.0,2.3,10.0,996.4,10.0,,,92,10,0.0,10,0.0,10,,,0.0,10,8.4,,,10.0,10.1,,,10.0,10.7,10.0,1.9,10,-1.7,10.0,453.0,10.0
2008-04-24T05:00+00:00,5805,,,360.0,10.0,359.0,10.0,0.8,10.0,2.4,10.0,997.0,10.0,,,92,10,0.0,10,0.0,10,,,0.6,10,8.2,,,10.0,9.9,,,10.0,10.7,10.0,2.7,10,-1.4,10.0,502.0,10.0
2008-04-24T06:00+00:00,5805,,,328.0,10.0,358.0,10.0,0.6,10.0,1.9,10.0,997.4,10.0,,,92,10,0.0,10,0.0,10,,,1.0,10,8.2,,,10.0,9.7,,,10.0,10.7,10.0,6.3,10,-0.2,10.0,610.0,10.0
2008-04-24T07:00+00:00,5805,,,301.0,10.0,333.0,10.0,1.0,10.0,3.1,10.0,997.5,10.0,,,79,10,0.0,10,0.0,10,,,1.0,10,8.7,,,10.0,9.6,,,10.0,10.6,10.0,10.2,10,10.0,10.0,736.0,10.0
2008-04-24T08:00+00:00,5805,,,328.0,10.0,299.0,10.0,1.7,10.0,4.6,10.0,997.8,10.0,,,52,10,0.0,10,0.0,10,,,1.0,10,9.4,,,10.0,9.6,,,10.0,10.6,10.0,12.9,10,16.0,10.0,843.0,10.0
2008-04-24T09:00+00:00,5805,,,315.0,10.0,308.0,10.0,1.7,10.0,5.6,10.0,997.8,10.0,,,45,10,0.0,10,0.0,10,,,0.7,10,10.0,,,10.0,9.7,,,10.0,10.6,10.0,13.0,10,15.6,10.0,905.0,10.0
2008-04-24T10:00+00:00,5805,,,344.0,10.0,304.0,10.0,1.2,10.0,6.1,10.0,997.5,10.0,,,39,10,0.0,10,0.0,10,,,0.8,10,10.8,,,10.0,9.9,,,10.0,10.5,10.0,14.3,10,15.7,10.0,1053.0,10.0
2008-04-24T11:00+00:00,5805,,,318.0,10.0,275.0,10.0,1.7,10.0,5.6,10.0,997.2,10.0,,,40,10,0.0,10,0.0,10,,,0.9,10,11.6,,,10.0,10.1,,,10.0,10.5,10.0,14.6,10,21.8,10.0,1105.0,10.0
2008-04-24T12:00+00:00,5805,,,310.0,10.0,311.0,10.0,1.8,10.0,7.4,10.0,997.1,10.0,,,39,10,0.0,10,0.0,10,,,1.0,10,12.5,,,10.0,10.4,,,10.0,10.5,10.0,14.8,10,22.4,10.0,1205.0,10.0
2008-04-24T13:00+00:00,5805,,,301.0,10.0,296.0,10.0,1.8,10.0,7.8,10.0,996.6,10.0,,,38,10,0.0,10,0.0,10,,,0.9,10,13.3,,,10.0,10.7,,,10.0,10.4,10.0,16.2,10,22.9,10.0,1339.0,10.0
2008-04-24T14:00+00:00,5805,,,298.0,10.0,272.0,10.0,2.3,10.0,7.6,10.0,996.1,10.0,,,38,10,0.0,10,0.0,10,,,0.9,10,13.8,,,10.0,11.1,,,10.0,10.4,10.0,16.8,10,22.7,10.0,1409.0,10.0
2008-04-24T15:00+00:00,5805,,,311.0,10.0,311.0,10.0,1.5,10.0,6.5,10.0,995.9,10.0,,,37,10,0.0,10,0.0,10,,,0.8,10,14.0,,,10.0,11.5,,,10.0,10.4,10.0,16.7,10,18.7,10.0,1528.0,10.0
2008-04-24T16:00+00:00,5805,,,327.0,10.0,350.0,10.0,1.3,10.0,6.0,10.0,995.8,10.0,,,36,10,0.0,10,0.0,10,,,1.0,10,14.0,,,10.0,11.8,,,10.0,10.4,10.0,16.2,10,15.7,10.0,1609.0,10.0
2008-04-24T17:00+00:00,5805,,,307.0,10.0,356.0,10.0,1.2,10.0,4.2,10.0,995.6,10.0,,,40,10,0.0,10,0.0,10,,,1.0,10,13.7,,,10.0,12.0,,,10.0,10.4,10.0,15.8,10,14.0,10.0,1724.0,10.0
2008-04-24T18:00+00:00,5805,,,341.0,10.0,359.0,10.0,0.9,10.0,2.6,10.0,996.1,10.0,,,63,10,0.0,10,0.0,10,,,0.5,10,13.2,,,10.0,12.1,,,10.0,10.4,10.0,11.5,10,6.0,10.0,1842.0,10.0
2008-04-24T19:00+00:00,5805,,,357.0,10.0,3.0,10.0,1.2,10.0,2.9,10.0,996.8,10.0,,,78,10,0.0,10,0.0,10,,,0.0,10,12.5,,,10.0,12.0,,,10.0,10.5,10.0,8.9,10,3.2,10.0,1922.0,10.0
2008-04-24T20:00+00:00,5805,,,354.0,10.0,3.0,10.0,0.7,10.0,2.6,10.0,997.1,10.0,,,87,10,0.0,10,0.0,10,,,0.0,10,11.8,,,10.0,12.0,,,10.0,10.5,10.0,7.0,10,1.9,10.0,2100.0,10.0
2008-04-24T21:00+00:00,5805,,,347.0,10.0,9.0,10.0,0.7,10.0,2.0,10.0,997.3,10.0,,,88,10,0.0,10,0.0,10,,,0.0,10,11.3,,,10.0,11.8,,,10.0,10.6,10.0,6.1,10,1.4,10.0,2145.0,10.0
2008-04-24T22:00+00:00,5805,,,354.0,10.0,4.0,10.0,0.7,10.0,2.2,10.0,997.4,10.0,,,90,10,0.0,10,0.0,10,,,0.0,10,10.8,,,10.0,11.6,,,10.0,10.6,10.0,5.0,10,0.6,10.0,2206.0,10.0
2008-04-24T23:00+00:00,5805,,,349.0,10.0,314.0,10.0,0.7,10.0,2.5,10.0,997.7,10.0,,,91,10,0.0,10,0.0,10,,,0.0,10,10.4,,,10.0,11.4,,,10.0,10.6,10.0,4.9,10,0.3,10.0,2353.0,10.0
2008-04-25T00:00+00:00,5805,,,16.0,10.0,235.0,10.0,0.5,10.0,2.1,10.0,997.4,10.0,,,90,10,0.0,10,0.0,10,,,0.0,10,10.1,,,10.0,11.2,,,10.0,10.7,10.0,5.2,10,1.9,10.0,8.0,10.0
2008-04-25T01:00+00:00,5805,,,353.0,10.0,333.0,10.0,0.6,10.0,2.1,10.0,997.2,10.0,,,91,10,0.0,10,0.0,10,,,0.0,10,9.9,,,10.0,11.0,,,10.0,10.7,10.0,4.7,10,1.6,10.0,120.0,10.0
2008-04-25T02:00+00:00,5805,,,355.0,10.0,352.0,10.0,0.4,10.0,1.8,10.0,997.1,10.0,,,92,10,0.0,10,0.0,10,,,0.0,10,9.6,,,10.0,10.8,,,10.0,10.7,10.0,4.1,10,0.6,10.0,203.0,10.0
2008-04-25T03:00+00:00,5805,,,347.0,10.0,8.0,10.0,0.4,10.0,1.7,10.0,996.9,10.0,,,92,10,0.0,10,0.0,10,,,0.0,10,9.3,,,10.0,10.7,,,10.0,10.7,10.0,4.0,10,0.3,10.0,301.0,10.0
2008-04-25T04:00+00:00,5805,,,23.0,10.0,8.0,10.0,0.3,10.0,1.7,10.0,996.8,10.0,,,92,10,0.0,10,0.0,10,,,0.0,10,9.1,,,10.0,10.5,,,10.0,10.7,10.0,4.7,10,0.3,10.0,406.0,10.0
2008-04-25T05:00+00:00,5805,,,31.0,10.0,3.0,10.0,0.5,10.0,2.9,10.0,996.9,10.0,,,92,10,0.0,10,0.0,10,,,0.3,10,9.1,,,10.0,10.4,,,10.0,10.7,10.0,7.7,10,0.9,10.0,559.0,10.0
2008-04-25T06:00+00:00,5805,,,313.0,10.0,318.0,10.0,2.5,10.0,5.4,10.0,996.7,10.0,,,68,10,0.0,10,2.0,10,,,0.4,10,9.4,,,10.0,10.2,,,10.0,10.7,10.0,11.9,10,7.4,10.0,656.0,10.0
2008-04-25T07:00+00:00,5805,,,301.0,10.0,296.0,10.0,3.4,10.0,8.9,10.0,996.7,10.0,,,63,10,0.0,10,0.0,10,,,0.1,10,9.8,,,10.0,10.2,,,10.0,10.7,10.0,13.2,10,11.5,10.0,759.0,10.0
2008-04-25T08:00+00:00,5805,,,288.0,10.0,290.0,10.0,4.5,10.0,10.1,10.0,997.3,10.0,,,87,10,0.5,10,24.0,10,,,0.1,10,10.2,,,10.0,10.2,,,10.0,10.7,10.0,10.2,10,10.1,10.0,830.0,10.0
2008-04-25T09:00+00:00,5805,,,307.0,10.0,317.0,10.0,1.7,10.0,4.8,10.0,996.8,10.0,,,69,10,0.0,10,0.0,10,,,0.5,10,10.6,,,10.0,10.3,,,10.0,10.6,10.0,13.1,10,10.4,10.0,959.0,10.0
2008-04-25T10:00+00:00,5805,,,290.0,10.0,269.0,10.0,3.3,10.0,9.5,10.0,996.3,10.0,,,64,10,0.0,10,0.0,10,,,1.0,10,11.3,,,10.0,10.4,,,10.0,10.6,10.0,14.6,10,17.5,10.0,1052.0,10.0
2008-04-25T11:00+00:00,5805,,,281.0,10.0,287.0,10.0,5.2,10.0,11.0,10.0,996.2,10.0,,,60,10,0.0,10,0.0,10,,,0.5,10,11.9,,,10.0,10.6,,,10.0,10.6,10.0,14.4,10,18.8,10.0,1154.0,10.0
2008-04-25T12:00+00:00,5805,,,292.0,10.0,295.0,10.0,5.7,10.0,14.5,10.0,997.4,10.0,,,85,10,1.9,10,53.0,10,,,0.0,10,11.7,,,10.0,10.8,,,10.0,10.6,10.0,9.7,10,8.9,10.0,1207.0,10.0
2008-04-25T13:00+00:00,5805,,,308.0,10.0,298.0,10.0,4.2,10.0,11.8,10.0,997.8,10.0,,,91,10,5.1,10,56.0,10,,,0.0,10,11.3,,,10.0,10.9,,,10.0,10.6,10.0,8.6,10,8.0,10.0,1304.0,10.0
2008-04-25T14:00+00:00,5805,,,303.0,10.0,273.0,10.0,3.3,10.0,8.7,10.0,996.9,10.0,,,89,10,1.0,10,35.0,10,,,0.0,10,11.2,,,10.0,11.0,,,10.0,10.6,10.0,9.9,10,8.6,10.0,1426.0,10.0
2008-04-25T15:00+00:00,5805,,,303.0,10.0,295.0,10.0,3.7,10.0,11.4,10.0,996.8,10.0,,,86,10,0.2,10,9.0,10,,,0.0,10,11.2,,,10.0,11.0,,,10.0,10.5,10.0,10.0,10,10.2,10.0,1529.0,10.0
2008-04-25T16:00+00:00,5805,,,316.0,10.0,264.0,10.0,2.7,10.0,6.7,10.0,996.9,10.0,,,86,10,0.5,10,18.0,10,,,0.1,10,11.3,,,10.0,11.0,,,10.0,10.6,10.0,10.2,10,9.6,10.0,1700.0,10.0
2008-04-25T17:00+00:00,5805,,,305.0,10.0,306.0,10.0,3.6,10.0,8.7,10.0,996.7,10.0,,,85,10,0.3,10,22.0,10,,,0.1,10,11.2,,,10.0,11.0,,,10.0,10.6,10.0,9.6,10,8.8,10.0,1719.0,10.0
2008-04-25T18:00+00:00,5805,,,303.0,10.0,283.0,10.0,3.9,10.0,9.1,10.0,997.3,10.0,,,82,10,0.0,10,0.0,10,,,0.0,10,11.0,,,10.0,11.1,,,10.0,10.6,10.0,9.3,10,7.9,10.0,1828.0,10.0
2008-04-25T19:00+00:00,5805,,,313.0,10.0,304.0,10.0,2.4,10.0,6.4,10.0,998.3,10.0,,,86,10,0.2,10,8.0,10,,,0.0,10,10.8,,,10.0,11.0,,,10.0,10.6,10.0,8.9,10,7.9,10.0,1914.0,10.0
2008-04-25T20:00+00:00,5805,,,309.0,10.0,321.0,10.0,2.6,10.0,6.6,10.0,998.8,10.0,,,89,10,1.4,10,59.0,10,,,0.0,10,10.7,,,10.0,11.0,,,10.0,10.6,10.0,8.2,10,7.4,10.0,2026.0,10.0
2008-04-25T21:00+00:00,5805,,,313.0,10.0,328.0,10.0,1.8,10.0,5.5,10.0,998.9,10.0,,,91,10,0.6,10,40.0,10,,,0.0,10,10.5,,,10.0,10.9,,,10.0,10.6,10.0,7.8,10,7.3,10.0,2113.0,10.0
2008-04-25T22:00+00:00,5805,,,336.0,10.0,306.0,10.0,1.2,10.0,5.0,10.0,998.9,10.0,,,92,10,0.0,10,0.0,10,,,0.0,10,10.4,,,10.0,10.8,,,10.0,10.6,10.0,7.9,10,7.3,10.0,2225.0,10.0
2008-04-25T23:00+00:00,5805,,,325.0,10.0,301.0,10.0,2.0,10.0,6.7,10.0,999.0,10.0,,,91,10,0.0,10,0.0,10,,,0.0,10,10.3,,,10.0,10.8,,,10.0,10.6,10.0,8.3,10,7.6,10.0,2309.0,10.0
2008-04-26T00:00+00:00,5805,,,316.0,10.0,309.0,10.0,2.6,10.0,6.5,10.0,999.0,10.0,,,89,10,0.0,10,0.0,10,,,0.0,10,10.2,,,10.0,10.7,,,10.0,10.6,10.0,8.4,10,7.7,10.0,45.0,10.0
2008-04-26T01:00+00:00,5805,,,315.0,10.0,315.0,10.0,2.5,10.0,6.2,10.0,999.5,10.0,,,88,10,0.0,10,0.0,10,,,0.0,10,10.1,,,10.0,10.7,,,10.0,10.6,10.0,8.5,10,7.7,10.0,113.0,10.0
2008-04-26T02:00+00:00,5805,,,321.0,10.0,314.0,10.0,2.3,10.0,6.9,10.0,999.6,10.0,,,89,10,0.0,10,0.0,10,,,0.0,10,10.1,,,10.0,10.6,,,10.0,10.6,10.0,8.3,10,6.8,10.0,239.0,10.0
2008-04-26T03:00+00:00,5805,,,315.0,10.0,331.0,10.0,2.4,10.0,6.0,10.0,999.6,10.0,,,88,10,0.0,10,0.0,10,,,0.0,10,10.0,,,10.0,10.6,,,10.0,10.6,10.0,8.4,10,6.8,10.0,303.0,10.0
2008-04-26T04:00+00:00,5805,,,310.0,10.0,3.0,10.0,1.6,10.0,5.1,10.0,1000.0,10.0,,,88,10,0.0,10,0.0,10,,,0.0,10,9.9,,,10.0,10.5,,,10.0,10.6,10.0,8.3,10,7.3,10.0,406.0,10.0
2008-04-26T05:00+00:00,5805,,,293.0,10.0,331.0,10.0,1.7,10.0,4.9,10.0,1000.5,10.0,,,88,10,0.0,10,0.0,10,,,0.0,10,9.9,,,10.0,10.4,,,10.0,10.6,10.0,8.6,10,7.5,10.0,521.0,10.0
2008-04-26T06:00+00:00,5805,,,306.0,10.0,297.0,10.0,2.8,10.0,7.6,10.0,1000.7,10.0,,,82,10,0.0,10,0.0,10,,,0.5,10,10.0,,,10.0,10.4,,,10.0,10.6,10.0,10.0,10,8.1,10.0,656.0,10.0
2008-04-26T07:00+00:00,5805,,,302.0,10.0,280.0,10.0,3.5,10.0,7.3,10.0,1001.0,10.0,,,79,10,0.0,10,0.0,10,,,0.0,10,10.3,,,10.0,10.4,,,10.0,10.6,10.0,10.4,10,11.7,10.0,748.0,10.0
2008-04-26T08:00+00:00,5805,,,300.0,10.0,311.0,10.0,4.0,10.0,8.7,10.0,1001.3,10.0,,,78,10,0.0,10,0.0,10,,,0.1,10,10.6,,,10.0,10.4,,,10.0,10.6,10.0,10.7,10,12.9,10.0,819.0,10.0
2008-04-26T09:00+00:00,5805,,,300.0,10.0,296.0,10.0,4.1,10.0,8.5,10.0,1001.3,10.0,,,74,10,0.0,10,0.0,10,,,0.5,10,11.1,,,10.0,10.5,,,10.0,10.6,10.0,12.3,10,13.9,10.0,906.0,10.0
2008-04-26T10:00+00:00,5805,,,297.0,10.0,291.0,10.0,3.9,10.0,8.2,10.0,1001.1,10.0,,,74,10,0.0,10,0.0,10,,,0.4,10,11.7,,,10.0,10.7,,,10.0,10.6,10.0,12.2,10,15.5,10.0,1002.0,10.0
2008-04-26T11:00+00:00,5805,,,297.0,10.0,291.0,10.0,3.5,10.0,7.7,10.0,1000.8,10.0,,,68,10,0.0,10,0.0,10,,,0.3,10,12.0,,,10.0,10.8,,,10.0,10.5,10.0,14.0,10,15.4,10.0,1142.0,10.0
2008-04-26T12:00+00:00,5805,,,293.0,10.0,283.0,10.0,3.4,10.0,7.7,10.0,1000.7,10.0,,,64,10,0.0,10,0.0,10,,,0.5,10,12.6,,,10.0,11.0,,,10.0,10.5,10.0,15.3,10,19.0,10.0,1242.0,10.0
2008-04-26T13:00+00:00,5805,,,294.0,10.0,295.0,10.0,3.3,10.0,8.3,10.0,1000.3,10.0,,,59,10,0.0,10,0.0,10,,,0.8,10,13.3,,,10.0,11.3,,,10.0,10.5,10.0,15.7,10,20.3,10.0,1333.0,10.0
2008-04-26T14:00+00:00,5805,,,300.0,10.0,277.0,10.0,2.9,10.0,7.2,10.0,999.6,10.0,,,56,10,0.0,10,0.0,10,,,0.8,10,13.8,,,10.0,11.6,,,10.0,10.5,10.0,16.8,10,21.0,10.0,1437.0,10.0
2008-04-26T15:00+00:00,5805,,,292.0,10.0,275.0,10.0,3.5,10.0,8.0,10.0,999.3,10.0,,,58,10,0.0,10,0.0,10,,,0.8,10,14.2,,,10.0,11.9,,,10.0,10.5,10.0,16.4,10,20.6,10.0,1557.0,10.0
2008-04-26T16:00+00:00,5805,,,302.0,10.0,317.0,10.0,3.4,10.0,8.5,10.0,999.5,10.0,,,56,10,0.0,10,0.0,10,,,1.0,10,14.1,,,10.0,12.1,,,10.0,10.6,10.0,15.2,10,15.2,10.0,1628.0,10.0
2008-04-26T17:00+00:00,5805,,,306.0,10.0,352.0,10.0,2.5,10.0,6.5,10.0,999.9,10.0,,,55,10,0.0,10,0.0,10,,,0.6,10,13.8,,,10.0,12.3,,,10.0,10.6,10.0,14.5,10,13.2,10.0,1712.0,10.0
2008-04-26T18:00+00:00,5805,,,307.0,10.0,314.0,10.0,2.6,10.0,7.3,10.0,1000.6,10.0,,,67,10,0.0,10,0.0,10,,,0.0,10,13.3,,,10.0,12.4,,,10.0,10.6,10.0,12.2,10,9.0,10.0,1814.0,10.0
2008-04-26T19:00+00:00,5805,,,330.0,10.0,331.0,10.0,1.9,10.0,3.8,10.0,1001.3,10.0,,,82,10,0.0,10,0.0,10,,,0.0,10,12.8,,,10.0,12.3,,,10.0,10.7,10.0,10.1,10,5.8,10.0,1947.0,10.0
2008-04-26T20:00+00:00,5805,,,339.0,10.0,333.0,10.0,1.9,10.0,3.9,10.0,1001.4,10.0,,,83,10,0.0,10,0.0,10,,,0.0,10,12.3,,,10.0,12.2,,,10.0,10.7,10.0,9.3,10,4.8,10.0,2001.0,10.0
2008-04-26T21:00+00:00,5805,,,321.0,10.0,340.0,10.0,0.4,10.0,2.4,10.0,1001.3,10.0,,,90,10,0.0,10,0.0,10,,,0.0,10,11.8,,,10.0,12.1,,,10.0,10.7,10.0,7.4,10,3.1,10.0,2110.0,10.0
2008-04-26T22:00+00:00,5805,,,334.0,10.0,338.0,10.0,0.3,10.0,2.8,10.0,1001.4,10.0,,,92,10,0.0,10,0.0,10,,,0.0,10,11.3,,,10.0,12.0,,,10.0,10.8,10.0,6.6,10,1.8,10.0,2227.0,10.0
2008-04-26T23:00+00:00,5805,,,310.0,10.0,317.0,10.0,0.9,10.0,2.2,10.0,1001.1,10.0,,,92,10,0.0,10,0.0,10,,,0.0,10,10.9,,,10.0,11.8,,,10.0,10.8,10.0,5.6,10,1.3,10.0,2306.0,10.0
2008-04-27T00:00+00:00,5805,,,309.0,10.0,269.0,10.0,1.0,10.0,2.7,10.0,1000.8,10.0,,,92,10,0.0,10,0.0,10,,,0.0,10,10.5,,,10.0,11.6,,,10.0,10.8,10.0,5.5,10,1.0,10.0,3.0,10.0
2008-04-27T01:00+00:00,5805,,,314.0,10.0,327.0,10.0,1.1,10.0,2.8,10.0,1000.6,10.0,,,92,10,0.0,10,0.0,10,,,0.0,10,10.2,,,10.0,11.4,,,10.0,10.9,10.0,4.9,10,1.3,10.0,122.0,10.0
2008-04-27T02:00+00:00,5805,,,301.0,10.0,318.0,10.0,1.1,10.0,2.2,10.0,1000.3,10.0,,,92,10,0.0,10,0.0,10,,,0.0,10,9.9,,,10.0,11.2,,,10.0,10.9,10.0,4.6,10,0.9,10.0,209.0,10.0
2008-04-27T03:00+00:00,5805,,,306.0,10.0,302.0,10.0,0.8,10.0,2.4,10.0,1000.0,10.0,,,91,10,0.0,10,0.0,10,,,0.0,10,9.6,,,10.0,11.0,,,10.0,10.9,10.0,4.0,10,0.1,10.0,305.0,10.0
2008-04-27T04:00+00:00,5805,,,316.0,10.0,318.0,10.0,0.6,10.0,1.8,10.0,999.9,10.0,,,91,10,0.0,10,0.0,10,,,0.0,10,9.3,,,10.0,10.8,,,10.0,10.9,10.0,3.2,10,-0.4,10.0,414.0,10.0
2008-04-27T05:00+00:00,5805,,,320.0,10.0,347.0,10.0,0.4,10.0,1.6,10.0,999.9,10.0,,,92,10,0.0,10,0.0,10,,,0.6,10,9.1,,,10.0,10.6,,,10.0,10.9,10.0,4.2,10,-0.3,10.0,528.0,10.0
2008-04-27T06:00+00:00,5805,,,298.0,10.0,316.0,10.0,1.0,10.0,2.4,10.0,1000.0,10.0,,,91,10,0.0,10,0.0,10,,,1.0,10,9.3,,,10.0,10.5,,,10.0,10.9,10.0,8.1,10,2.3,10.0,635.0,10.0
2008-04-27T07:00+00:00,5805,,,339.0,10.0,359.0,10.0,1.6,10.0,3.8,10.0,999.8,10.0,,,73,10,0.0,10,0.0,10,,,1.0,10,9.7,,,10.0,10.4,,,10.0,10.9,10.0,11.1,10,11.0,10.0,735.0,10.0
2008-04-27T08:00+00:00,5805,,,329.0,10.0,15.0,10.0,1.2,10.0,3.5,10.0,999.4,10.0,,,62,10,0.0,10,0.0,10,,,1.0,10,10.4,,,10.0,10.4,,,10.0,10.9,10.0,13.6,10,16.8,10.0,836.0,10.0
2008-04-27T09:00+00:00,5805,,,212.0,10.0,302.0,10.0,0.5,10.0,3.1,10.0,998.9,10.0,,,52,10,0.0,10,0.0,10,,,1.0,10,11.3,,,10.0,10.5,,,10.0,10.8,10.0,15.2,10,23.1,10.0,901.0,10.0
2008-04-27T10:00+00:00,5805,,,118.0,10.0,39.0,10.0,1.0,10.0,5.1,10.0,998.4,10.0,,,42,10,0.0,10,0.0,10,,,1.0,10,12.4,,,10.0,10.7,,,10.0,10.8,10.0,17.2,10,26.5,10.0,1046.0,10.0
2008-04-27T11:00+00:00,5805,,,110.0,10.0,122.0,10.0,1.8,10.0,5.5,10.0,997.5,10.0,,,39,10,0.0,10,0.0,10,,,1.0,10,13.5,,,10.0,11.0,,,10.0,10.8,10.0,17.7,10,30.7,10.0,1151.0,10.0
2008-04-27T12:00+00:00,5805,,,96.0,10.0,41.0,10.0,1.5,10.0,6.5,10.0,996.7,10.0,,,37,10,0.0,10,0.0,10,,,1.0,10,14.5,,,10.0,11.4,,,10.0,10.8,10.0,18.5,10,31.9,10.0,1257.0,10.0
2008-04-27T13:00+00:00,5805,,,133.0,10.0,135.0,10.0,0.4,10.0,5.6,10.0,995.9,10.0,,,36,10,0.0,10,0.0,10,,,1.0,10,15.3,,,10.0,11.9,,,10.0,10.8,10.0,18.7,10,26.9,10.0,1331.0,10.0
2008-04-27T14:00+00:00,5805,,,103.0,10.0,115.0,10.0,1.4,10.0,6.6,10.0,995.1,10.0,,,35,10,0.0,10,0.0,10,,,1.0,10,16.0,,,10.0,12.3,,,10.0,10.7,10.0,18.4,10,30.3,10.0,1447.0,10.0
2008-04-27T15:00+00:00,5805,,,133.0,10.0,46.0,10.0,1.4,10.0,6.5,10.0,994.4,10.0,,,35,10,0.0,10,0.0,10,,,1.0,10,16.3,,,10.0,12.7,,,10.0,10.8,10.0,18.8,10,29.9,10.0,1504.0,10.0
2008-04-27T16:00+00:00,5805,,,116.0,10.0,132.0,10.0,1.9,10.0,6.4,10.0,993.9,10.0,,,35,10,0.0,10,0.0,10,,,1.0,10,16.1,,,10.0,13.1,,,10.0,10.8,10.0,18.3,10,16.6,10.0,1602.0,10.0
2008-04-27T17:00+00:00,5805,,,99.0,10.0,50.0,10.0,1.3,10.0,5.0,10.0,993.4,10.0,,,35,10,0.0,10,0.0,10,,,1.0,10,15.7,,,10.0,13.3,,,10.0,10.8,10.0,17.4,10,15.6,10.0,1800.0,10.0
2008-04-27T18:00+00:00,5805,,,151.0,10.0,144.0,10.0,0.7,10.0,3.0,10.0,993.2,10.0,,,42,10,0.0,10,0.0,10,,,0.6,10,15.0,,,10.0,13.4,,,10.0,10.8,10.0,14.3,10,7.3,10.0,1809.0,10.0
2008-04-27T19:00+00:00,5805,,,340.0,10.0,353.0,10.0,1.2,10.0,2.7,10.0,993.4,10.0,,,63,10,0.0,10,0.0,10,,,0.0,10,14.1,,,10.0,13.4,,,10.0,10.9,10.0,10.5,10,4.4,10.0,1952.0,10.0
2008-04-27T20:00+00:00,5805,,,345.0,10.0,4.0,10.0,1.0,10.0,2.7,10.0,993.5,10.0,,,80,10,0.0,10,0.0,10,,,0.0,10,13.3,,,10.0,13.2,,,10.0,11.0,10.0,8.0,10,2.3,10.0,2018.0,10.0
2008-04-27T21:00+00:00,5805,,,331.0,10.0,1.0,10.0,0.5,10.0,1.9,10.0,993.1,10.0,,,86,10,0.0,10,0.0,10,,,0.0,10,12.6,,,10.0,13.0,,,10.0,11.0,10.0,6.5,10,0.8,10.0,2111.0,10.0
2008-04-27T22:00+00:00,5805,,,342.0,10.0,7.0,10.0,0.6,10.0,1.7,10.0,992.6,10.0,,,89,10,0.0,10,0.0,10,,,0.0,10,12.0,,,10.0,12.7,,,10.0,11.1,10.0,5.4,10,0.0,10.0,2210.0,10.0
2008-04-27T23:00+00:00,5805,,,349.0,10.0,342.0,10.0,0.6,10.0,1.6,10.0,992.0,10.0,,,91,10,0.0,10,0.0,10,,,0.0,10,11.4,,,10.0,12.5,,,10.0,11.1,10.0,4.4,10,-0.5,10.0,2321.0,10.0
2008-04-28T00:00+00:00,5805,,,344.0,10.0,3.0,10.0,0.4,10.0,1.6,10.0,991.2,10.0,,,92,10,0.0,10,0.0,10,,,0.0,10,10.9,,,10.0,12.2,,,10.0,11.2,10.0,3.7,10,-1.2,10.0,16.0,10.0
2008-04-28T01:00+00:00,5805,,,339.0,10.0,349.0,10.0,0.6,10.0,1.6,10.0,990.7,10.0,,,92,10,0.0,10,0.0,10,,,0.0,10,10.4,,,10.0,11.9,,,10.0,11.2,10.0,2.9,10,-1.4,10.0,113.0,10.0
2008-04-28T02:00+00:00,5805,,,341.0,10.0,353.0,10.0,0.7,10.0,1.8,10.0,990.0,10.0,,,92,10,0.0,10,0.0,10,,,0.0,10,10.0,,,10.0,11.7,,,10.0,11.2,10.0,2.5,10,-1.3,10.0,202.0,10.0
2008-04-28T03:00+00:00,5805,,,358.0,10.0,359.0,10.0,0.7,10.0,1.9,10.0,989.2,10.0,,,92,10,0.0,10,0.0,10,,,0.0,10,9.7,,,10.0,11.4,,,10.0,11.2,10.0,2.1,10,-1.5,10.0,346.0,10.0
2008-04-28T04:00+00:00,5805,,,360.0,10.0,350.0,10.0,0.9,10.0,2.2,10.0,988.8,10.0,,,92,10,0.0,10,0.0,10,,,0.0,10,9.3,,,10.0,11.2,,,10.0,11.2,10.0,1.8,10,-1.8,10.0,447.0,10.0
2008-04-28T05:00+00:00,5805,,,345.0,10.0,359.0,10.0,0.7,10.0,2.0,10.0,988.7,10.0,,,92,10,0.0,10,0.0,10,,,0.7,10,9.1,,,10.0,10.9,,,10.0,11.2,10.0,3.2,10,-1.5,10.0,504.0,10.0
2008-04-28T06:00+00:00,5805,,,3.0,10.0,12.0,10.0,0.8,10.0,3.5,10.0,988.4,10.0,,,67,10,0.0,10,0.0,10,,,1.0,10,9.3,,,10.0,10.7,,,10.0,11.2,10.0,9.5,10,0.0,10.0,644.0,10.0
2008-04-28T07:00+00:00,5805,,,52.0,10.0,40.0,10.0,1.5,10.0,4.6,10.0,988.2,10.0,,,55,10,0.0,10,0.0,10,,,1.0,10,9.8,,,10.0,10.6,,,10.0,11.2,10.0,12.4,10,11.3,10.0,734.0,10.0
2008-04-28T08:00+00:00,5805,,,98.0,10.0,97.0,10.0,2.6,10.0,7.1,10.0,987.5,10.0,,,50,10,0.0,10,0.0,10,,,1.0,10,10.6,,,10.0,10.6,,,10.0,11.2,10.0,14.5,10,19.4,10.0,858.0,10.0
2008-04-28T09:00+00:00,5805,,,106.0,10.0,107.0,10.0,3.6,10.0,7.4,10.0,986.9,10.0,,,47,10,0.0,10,0.0,10,,,1.0,10,11.5,,,10.0,10.7,,,10.0,11.1,10.0,16.7,10,20.7,10.0,952.0,10.0
2008-04-28T10:00+00:00,5805,,,119.0,10.0,113.0,10.0,3.2,10.0,7.6,10.0,986.2,10.0,,,42,10,0.0,10,0.0,10,,,1.0,10,12.6,,,10.0,10.9,,,10.0,11.1,10.0,18.3,10,24.6,10.0,1057.0,10.0
2008-04-28T11:00+00:00,5805,,,117.0,10.0,112.0,10.0,4.0,10.0,9.0,10.0,985.2,10.0,,,38,10,0.0,10,0.0,10,,,1.0,10,13.7,,,10.0,11.2,,,10.0,11.1,10.0,19.5,10,26.1,10.0,1150.0,10.0
2008-04-28T12:00+00:00,5805,,,115.0,10.0,114.0,10.0,4.3,10.0,9.1,10.0,984.4,10.0,,,35,10,0.0,10,0.0,10,,,1.0,10,14.7,,,10.0,11.6,,,10.0,11.0,10.0,20.3,10,27.1,10.0,1241.0,10.0
2008-04-28T13:00+00:00,5805,,,117.0,10.0,130.0,10.0,4.3,10.0,10.0,10.0,983.7,10.0,,,34,10,0.0,10,0.0,10,,,1.0,10,15.5,,,10.0,12.1,,,10.0,11.0,10.0,20.6,10,26.4,10.0,1332.0,10.0
2008-04-28T14:00+00:00,5805,,,123.0,10.0,117.0,10.0,4.0,10.0,9.9,10.0,983.1,10.0,,,34,10,0.0,10,0.0,10,,,1.0,10,16.1,,,10.0,12.5,,,10.0,11.0,10.0,20.4,10,25.6,10.0,1455.0,10.0
2008-04-28T15:00+00:00,5805,,,137.0,10.0,153.0,10.0,3.7,10.0,9.2,10.0,982.9,10.0,,,33,10,0.0,10,0.0,10,,,1.0,10,16.2,,,10.0,12.9,,,10.0,11.0,10.0,20.2,10,24.2,10.0,1555.0,10.0
2008-04-28T16:00+00:00,5805,,,131.0,10.0,148.0,10.0,3.5,10.0,9.1,10.0,982.5,10.0,,,33,10,0.0,10,0.0,10,,,1.0,10,15.9,,,10.0,13.2,,,10.0,11.0,10.0,19.4,10,19.0,10.0,1623.0,10.0
2008-04-28T17:00+00:00,5805,,,131.0,10.0,161.0,10.0,3.4,10.0,9.0,10.0,982.2,10.0,,,34,10,0.0,10,0.0,10,,,1.0,10,15.5,,,10.0,13.4,,,10.0,11.0,10.0,18.5,10,18.0,10.0,1702.0,10.0
2008-04-28T18:00+00:00,5805,,,130.0,10.0,116.0,10.0,2.3,10.0,7.0,10.0,982.0,10.0,,,36,10,0.0,10,0.0,10,,,0.3,10,14.9,,,10.0,13.4,,,10.0,11.1,10.0,17.1,10,14.0,10.0,1802.0,10.0
2008-04-28T19:00+00:00,5805,,,116.0,10.0,125.0,10.0,2.0,10.0,5.4,10.0,982.1,10.0,,,39,10,0.0,10,0.0,10,,,0.0,10,14.3,,,10.0,13.3,,,10.0,11.1,10.0,15.7,10,12.0,10.0,1902.0,10.0
2008-04-28T20:00+00:00,5805,,,108.0,10.0,112.0,10.0,2.0,10.0,5.3,10.0,982.0,10.0,,,40,10,0.0,10,0.0,10,,,0.0,10,13.8,,,10.0,13.2,,,10.0,11.1,10.0,14.9,10,11.0,10.0,2014.0,10.0
2008-04-28T21:00+00:00,5805,,,90.0,10.0,103.0,10.0,1.8,10.0,4.6,10.0,981.6,10.0,,,49,10,0.0,10,0.0,10,,,0.0,10,13.3,,,10.0,13.1,,,10.0,11.2,10.0,12.6,10,8.4,10.0,2119.0,10.0
2008-04-28T22:00+00:00,5805,,,77.0,10.0,87.0,10.0,1.3,10.0,3.1,10.0,981.4,10.0,,,60,10,0.0,10,0.0,10,,,0.0,10,12.9,,,10.0,12.9,,,10.0,11.2,10.0,11.3,10,7.6,10.0,2205.0,10.0
2008-04-28T23:00+00:00,5805,,,78.0,10.0,110.0,10.0,1.7,10.0,4.7,10.0,980.7,10.0,,,58,10,0.0,10,0.0,10,,,0.0,10,12.5,,,10.0,12.7,,,10.0,11.3,10.0,11.9,10,7.6,10.0,2333.0,10.0
2008-04-29T00:00+00:00,5805,,,63.0,10.0,119.0,10.0,1.3,10.0,5.0,10.0,980.0,10.0,,,68,10,0.0,10,0.0,10,,,0.0,10,12.1,,,10.0,12.6,,,10.0,11.3,10.0,9.7,10,5.8,10.0,6.0,10.0
2008-04-29T01:00+00:00,5805,,,337.0,10.0,336.0,10.0,0.6,10.0,3.1,10.0,979.6,10.0,,,72,10,0.0,10,0.0,10,,,0.0,10,11.7,,,10.0,12.4,,,10.0,11.3,10.0,9.2,10,4.7,10.0,140.0,10.0
2008-04-29T02:00+00:00,5805,,,334.0,10.0,10.0,10.0,0.6,10.0,3.4,10.0,979.4,10.0,,,83,10,0.0,10,0.0,10,,,0.0,10,11.4,,,10.0,12.2,,,10.0,11.3,10.0,8.0,10,4.5,10.0,215.0,10.0
2008-04-29T03:00+00:00,5805,,,328.0,10.0,354.0,10.0,0.5,10.0,3.0,10.0,979.2,10.0,,,85,10,0.0,10,0.0,10,,,0.0,10,11.2,,,10.0,12.0,,,10.0,11.4,10.0,8.0,10,5.4,10.0,315.0,10.0
2008-04-29T04:00+00:00,5805,,,307.0,10.0,313.0,10.0,0.4,10.0,2.2,10.0,978.9,10.0,,,87,10,0.0,10,0.0,10,,,0.0,10,11.1,,,10.0,11.9,,,10.0,11.4,10.0,7.9,10,5.8,10.0,431.0,10.0
2008-04-29T05:00+00:00,5805,,,352.0,10.0,336.0,10.0,0.3,10.0,3.2,10.0,978.8,10.0,,,78,10,0.0,10,0.0,10,,,0.3,10,11.1,,,10.0,11.7,,,10.0,11.4,10.0,9.9,10,6.2,10.0,556.0,10.0
2008-04-29T06:00+00:00,5805,,,9.0,10.0,87.0,10.0,0.7,10.0,3.6,10.0,978.6,10.0,,,59,10,0.0,10,0.0,10,,,0.2,10,11.3,,,10.0,11.6,,,10.0,11.4,10.0,11.7,10,11.2,10.0,648.0,10.0
2008-04-29T07:00+00:00,5805,,,118.0,10.0,158.0,10.0,0.2,10.0,3.5,10.0,978.6,10.0,,,57,10,0.0,10,0.0,10,,,0.0,10,11.5,,,10.0,11.6,,,10.0,11.4,10.0,12.0,10,13.7,10.0,706.0,10.0
2008-04-29T08:00+00:00,5805,,,97.0,10.0,152.0,10.0,0.9,10.0,3.9,10.0,978.2,10.0,,,57,10,0.0,10,0.0,10,,,0.0,10,11.7,,,10.0,11.6,,,10.0,11.3,10.0,12.5,10,13.3,10.0,844.0,10.0
2008-04-29T09:00+00:00,5805,,,97.0,10.0,92.0,10.0,1.8,10.0,4.7,10.0,977.9,10.0,,,53,10,0.0,10,0.0,10,,,0.2,10,12.1,,,10.0,11.6,,,10.0,11.3,10.0,13.8,10,14.6,10.0,915.0,10.0
2008-04-29T10:00+00:00,5805,,,103.0,10.0,167.0,10.0,2.3,10.0,6.5,10.0,977.6,10.0,,,50,10,0.0,10,0.0,10,,,0.7,10,12.9,,,10.0,11.7,,,10.0,11.3,10.0,15.4,10,20.6,10.0,1058.0,10.0
2008-04-29T11:00+00:00,5805,,,115.0,10.0,134.0,10.0,2.0,10.0,6.0,10.0,977.1,10.0,,,46,10,0.0,10,0.0,10,,,0.1,10,13.5,,,10.0,11.9,,,10.0,11.3,10.0,16.6,10,21.9,10.0,1138.0,10.0
2008-04-29T12:00+00:00,5805,,,128.0,10.0,108.0,10.0,1.7,10.0,5.7,10.0,976.9,10.0,,,44,10,0.0,10,0.0,10,,,0.1,10,14.0,,,10.0,12.1,,,10.0,11.3,10.0,16.9,10,21.9,10.0,1234.0,10.0
2008-04-29T13:00+00:00,5805,,,230.0,10.0,298.0,10.0,0.7,10.0,10.0,10.0,977.0,10.0,,,60,10,0.0,10,0.0,10,,,0.3,10,14.4,,,10.0,12.3,,,10.0,11.3,10.0,16.4,10,21.8,10.0,1355.0,10.0
2008-04-29T14:00+00:00,5805,,,288.0,10.0,287.0,10.0,6.0,10.0,11.6,10.0,977.4,10.0,,,72,10,0.0,10,0.0,10,,,0.0,10,14.2,,,10.0,12.6,,,10.0,11.3,10.0,13.9,10,16.6,10.0,1436.0,10.0
2008-04-29T15:00+00:00,5805,,,296.0,10.0,295.0,10.0,5.6,10.0,13.1,10.0,978.0,10.0,,,73,10,0.0,10,0.0,10,,,0.0,10,14.0,,,10.0,12.7,,,10.0,11.3,10.0,12.9,10,14.9,10.0,1512.0,10.0
2008-04-29T16:00+00:00,5805,,,294.0,10.0,287.0,10.0,5.4,10.0,12.4,10.0,978.2,10.0,,,73,10,0.0,10,0.0,10,,,0.0,10,13.7,,,10.0,12.8,,,10.0,11.3,10.0,12.2,10,13.1,10.0,1627.0,10.0
2008-04-29T17:00+00:00,5805,,,296.0,10.0,284.0,10.0,5.2,10.0,13.3,10.0,978.4,10.0,,,73,10,0.0,10,0.0,10,,,0.0,10,13.3,,,10.0,12.8,,,10.0,11.3,10.0,11.7,10,11.8,10.0,1708.0,10.0
2008-04-29T18:00+00:00,5805,,,303.0,10.0,287.0,10.0,4.1,10.0,10.7,10.0,978.8,10.0,,,74,10,0.0,10,0.0,10,,,0.0,10,13.0,,,10.0,12.7,,,10.0,11.3,10.0,11.1,10,10.6,10.0,1808.0,10.0
2008-04-29T19:00+00:00,5805,,,299.0,10.0,261.0,10.0,4.4,10.0,11.5,10.0,979.5,10.0,,,75,10,0.0,10,0.0,10,,,0.0,10,12.6,,,10.0,12.6,,,10.0,11.3,10.0,10.4,10,10.0,10.0,1951.0,10.0
2008-04-29T20:00+00:00,5805,,,296.0,10.0,293.0,10.0,4.2,10.0,9.9,10.0,979.7,10.0,,,74,10,0.0,10,0.0,10,,,0.0,10,12.3,,,10.0,12.5,,,10.0,11.4,10.0,10.1,10,9.7,10.0,2010.0,10.0
2008-04-29T21:00+00:00,5805,,,301.0,10.0,293.0,10.0,4.0,10.0,8.4,10.0,979.7,10.0,,,75,10,0.0,10,0.0,10,,,0.0,10,12.1,,,10.0,12.4,,,10.0,11.4,10.0,10.2,10,9.6,10.0,2110.0,10.0
2008-04-29T22:00+00:00,5805,,,298.0,10.0,314.0,10.0,4.0,10.0,8.5,10.0,979.8,10.0,,,76,10,0.0,10,0.0,10,,,0.0,10,11.9,,,10.0,12.3,,,10.0,11.4,10.0,10.1,10,9.7,10.0,2231.0,10.0
2008-04-29T23:00+00:00,5805,,,296.0,10.0,291.0,10.0,3.5,10.0,9.1,10.0,979.9,10.0,,,78,10,0.0,10,0.0,10,,,0.0,10,11.7,,,10.0,12.1,,,10.0,11.4,10.0,9.9,10,9.1,10.0,2324.0,10.0
2008-04-30T00:00+00:00,5805,,,288.0,10.0,300.0,10.0,3.1,10.0,6.1,10.0,979.7,10.0,,,80,10,0.0,10,0.0,10,,,0.0,10,11.5,,,10.0,12.0,,,10.0,11.4,10.0,9.6,10,8.8,10.0,16.0,10.0
2008-04-30T01:00+00:00,5805,,,288.0,10.0,308.0,10.0,2.1,10.0,5.1,10.0,979.5,10.0,,,84,10,0.0,10,6.0,10,,,0.0,10,11.4,,,10.0,11.9,,,10.0,11.4,10.0,9.0,10,7.6,10.0,133.0,10.0
2008-04-30T02:00+00:00,5805,,,283.0,10.0,314.0,10.0,1.9,10.0,4.1,10.0,979.3,10.0,,,85,10,0.0,10,0.0,10,,,0.0,10,11.2,,,10.0,11.8,,,10.0,11.4,10.0,8.4,10,5.8,10.0,223.0,10.0
2008-04-30T03:00+00:00,5805,,,2.0,10.0,12.0,10.0,0.5,10.0,2.4,10.0,979.6,10.0,,,91,10,0.0,10,0.0,10,,,0.0,10,10.9,,,10.0,11.7,,,10.0,11.4,10.0,6.7,10,3.8,10.0,308.0,10.0
2008-04-30T04:00+00:00,5805,,,339.0,10.0,336.0,10.0,0.6,10.0,2.2,10.0,979.7,10.0,,,91,10,0.0,10,0.0,10,,,0.0,10,10.6,,,10.0,11.6,,,10.0,11.4,10.0,5.9,10,2.8,10.0,455.0,10.0
2008-04-30T05:00+00:00,5805,,,354.0,10.0,356.0,10.0,0.6,10.0,2.0,10.0,980.0,10.0,,,92,10,0.0,10,0.0,10,,,0.1,10,10.3,,,10.0,11.4,,,10.0,11.4,10.0,6.1,10,2.8,10.0,543.0,10.0
2008-04-30T06:00+00:00,5805,,,10.0,10.0,2.0,10.0,0.4,10.0,1.9,10.0,979.7,10.0,,,84,10,0.0,10,0.0,10,,,0.5,10,10.3,,,10.0,11.3,,,10.0,11.4,10.0,9.0,10,4.6,10.0,620.0,10.0
2008-04-30T07:00+00:00,5805,,,38.0,10.0,99.0,10.0,0.7,10.0,3.0,10.0,979.6,10.0,,,63,10,0.0,10,0.0,10,,,1.0,10,10.8,,,10.0,11.2,,,10.0,11.4,10.0,13.0,10,12.9,10.0,756.0,10.0
2008-04-30T08:00+00:00,5805,,,98.0,10.0,133.0,10.0,2.6,10.0,7.1,10.0,979.5,10.0,,,63,10,0.0,10,0.0,10,,,1.0,10,11.5,,,10.0,11.2,,,10.0,11.4,10.0,14.0,10,21.2,10.0,854.0,10.0
2008-04-30T09:00+00:00,5805,,,117.0,10.0,122.0,10.0,3.1,10.0,8.5,10.0,979.3,10.0,,,58,10,0.0,10,0.0,10,,,1.0,10,12.4,,,10.0,11.3,,,10.0,11.4,10.0,15.2,10,22.4,10.0,949.0,10.0
2008-04-30T10:00+00:00,5805,,,114.0,10.0,130.0,10.0,3.4,10.0,8.4,10.0,979.0,10.0,,,57,10,0.0,10,0.0,10,,,0.7,10,13.2,,,10.0,11.5,,,10.0,11.3,10.0,15.6,10,20.7,10.0,1054.0,10.0
2008-04-30T11:00+00:00,5805,,,137.0,10.0,124.0,10.0,3.0,10.0,9.7,10.0,978.7,10.0,,,54,10,0.0,10,0.0,10,,,0.9,10,14.0,,,10.0,11.8,,,10.0,11.3,10.0,16.5,10,22.3,10.0,1108.0,10.0
2008-04-30T12:00+00:00,5805,,,139.0,10.0,105.0,10.0,3.2,10.0,9.8,10.0,978.4,10.0,,,54,10,0.0,10,0.0,10,,,0.8,10,14.7,,,10.0,12.1,,,10.0,11.3,10.0,16.8,10,21.5,10.0,1256.0,10.0
2008-04-30T13:00+00:00,5805,,,118.0,10.0,114.0,10.0,4.2,10.0,10.0,10.0,977.7,10.0,,,53,10,0.0,10,0.0,10,,,0.9,10,15.5,,,10.0,12.5,,,10.0,11.3,10.0,17.3,10,24.7,10.0,1329.0,10.0
2008-04-30T14:00+00:00,5805,,,121.0,10.0,130.0,10.0,4.5,10.0,11.6,10.0,977.1,10.0,,,51,10,0.0,10,0.0,10,,,0.8,10,16.1,,,10.0,12.9,,,10.0,11.3,10.0,18.1,10,23.8,10.0,1438.0,10.0
2008-04-30T15:00+00:00,5805,,,119.0,10.0,134.0,10.0,4.5,10.0,12.1,10.0,976.8,10.0,,,48,10,0.0,10,0.0,10,,,1.0,10,16.3,,,10.0,13.3,,,10.0,11.3,10.0,19.0,10,23.8,10.0,1503.0,10.0
2008-04-30T16:00+00:00,5805,,,136.0,10.0,128.0,10.0,3.6,10.0,11.3,10.0,976.6,10.0,,,47,10,0.0,10,0.0,10,,,1.0,10,16.2,,,10.0,13.5,,,10.0,11.3,10.0,18.9,10,18.9,10.0,1646.0,10.0
2008-04-30T17:00+00:00,5805,,,131.0,10.0,122.0,10.0,3.0,10.0,9.1,10.0,976.6,10.0,,,51,10,0.0,10,0.0,10,,,0.7,10,15.9,,,10.0,13.7,,,10.0,11.4,10.0,17.8,10,18.4,10.0,1735.0,10.0
2008-04-30T18:00+00:00,5805,,,123.0,10.0,111.0,10.0,2.4,10.0,6.6,10.0,976.7,10.0,,,54,10,0.0,10,0.0,10,,,0.6,10,15.3,,,10.0,13.8,,,10.0,11.4,10.0,16.6,10,14.1,10.0,1810.0,10.0
2008-04-30T19:00+00:00,5805,,,117.0,10.0,113.0,10.0,2.0,10.0,5.0,10.0,977.2,10.0,,,60,10,0.0,10,0.0,10,,,0.0,10,14.7,,,10.0,13.7,,,10.0,11.4,10.0,14.8,10,11.4,10.0,1932.0,10.0
2008-04-30T20:00+00:00,5805,,,26.0,10.0,36.0,10.0,0.8,10.0,2.9,10.0,977.6,10.0,,,67,10,0.0,10,0.0,10,,,0.0,10,14.1,,,10.0,13.6,,,10.0,11.5,10.0,13.5,10,8.9,10.0,2005.0,10.0
2008-04-30T21:00+00:00,5805,,,14.0,10.0,57.0,10.0,0.9,10.0,2.6,10.0,977.9,10.0,,,82,10,0.0,10,0.0,10,,,0.0,10,13.6,,,10.0,13.5,,,10.0,11.5,10.0,10.7,10,6.8,10.0,2114.0,10.0
2008-04-30T22:00+00:00,5805,,,314.0,10.0,307.0,10.0,0.6,10.0,2.8,10.0,978.3,10.0,,,89,10,0.0,10,0.0,10,,,0.0,10,13.1,,,10.0,13.3,,,10.0,11.6,10.0,9.0,10,5.5,10.0,2232.0,10.0
2008-04-30T23:00+00:00,5805,,,309.0,10.0,359.0,10.0,0.7,10.0,3.2,10.0,979.5,10.0,,,90,10,0.0,10,0.0,10,,,0.0,10,12.6,,,10.0,13.1,,,10.0,11.6,10.0,8.9,10,5.0,10.0,2350.0,10.0
2008-05-01T00:00+00:00,5805,,,298.0,10.0,296.0,10.0,3.9,10.0,10.9,10.0,979.9,10.0,,,73,10,0.0,10,0.0,10,,,0.0,10,12.4,,,10.0,12.9,,,10.0,11.6,10.0,12.7,10,5.9,10.0,46.0,10.0
2008-05-01T01:00+00:00,5805,,,291.0,10.0,279.0,10.0,5.4,10.0,11.1,10.0,980.9,10.0,,,71,10,0.0,10,0.0,10,,,0.0,10,12.4,,,10.0,12.8,,,10.0,11.7,10.0,12.4,10,11.0,10.0,144.0,10.0
2008-05-01T02:00+00:00,5805,,,289.0,10.0,291.0,10.0,6.5,10.0,13.3,10.0,981.5,10.0,,,70,10,0.0,10,0.0,10,,,0.0,10,12.2,,,10.0,12.6,,,10.0,11.7,10.0,12.1,10,10.8,10.0,233.0,10.0
2008-05-01T03:00+00:00,5805,,,293.0,10.0,271.0,10.0,5.4,10.0,12.4,10.0,982.0,10.0,,,73,10,0.0,10,0.0,10,,,0.0,10,12.1,,,10.0,12.5,,,10.0,11.7,10.0,11.3,10,9.7,10.0,316.0,10.0
2008-05-01T04:00+00:00,5805,,,299.0,10.0,287.0,10.0,5.6,10.0,13.2,10.0,982.6,10.0,,,73,10,0.0,10,0.0,10,,,0.0,10,11.9,,,10.0,12.4,,,10.0,11.7,10.0,11.2,10,9.7,10.0,451.0,10.0
2008-05-01T05:00+00:00,5805,,,292.0,10.0,291.0,10.0,5.7,10.0,13.6,10.0,983.8,10.0,,,73,10,0.0,10,0.0,10,,,0.0,10,11.7,,,10.0,12.3,,,10.0,11.7,10.0,11.1,10,9.8,10.0,529.0,10.0
2008-05-01T06:00+00:00,5805,,,291.0,10.0,280.0,10.0,4.1,10.0,10.1,10.0,984.7,10.0,,,67,10,0.0,10,0.0,10,,,0.0,10,11.7,,,10.0,12.1,,,10.0,11.7,10.0,12.1,10,10.4,10.0,631.0,10.0
2008-05-01T07:00+00:00,5805,,,289.0,10.0,316.0,10.0,4.3,10.0,10.2,10.0,985.4,10.0,,,62,10,0.0,10,0.0,10,,,0.5,10,11.9,,,10.0,12.1,,,10.0,11.7,10.0,13.6,10,12.1,10.0,752.0,10.0
2008-05-01T08:00+00:00,5805,,,284.0,10.0,303.0,10.0,5.0,10.0,10.6,10.0,986.3,10.0,,,61,10,0.0,10,0.0,10,,,0.8,10,12.3,,,10.0,12.1,,,10.0,11.7,10.0,13.4,10,16.7,10.0,855.0,10.0
2008-05-01T09:00+00:00,5805,,,288.0,10.0,290.0,10.0,5.1,10.0,11.9,10.0,987.0,10.0,,,62,10,0.0,10,0.0,10,,,0.1,10,12.5,,,10.0,12.1,,,10.0,11.7,10.0,13.3,10,16.2,10.0,932.0,10.0
2008-05-01T10:00+00:00,5805,,,290.0,10.0,280.0,10.0,4.3,10.0,10.6,10.0,987.1,10.0,,,61,10,0.0,10,20.0,10,,,0.0,10,12.8,,,10.0,12.1,,,10.0,11.7,10.0,14.1,10,15.5,10.0,1006.0,10.0
2008-05-01T11:00+00:00,5805,,,298.0,10.0,299.0,10.0,3.9,10.0,9.8,10.0,987.3,10.0,,,58,10,0.0,10,11.0,10,,,0.0,10,12.9,,,10.0,12.2,,,10.0,11.7,10.0,14.1,10,15.2,10.0,1111.0,10.0
2008-05-01T12:00+00:00,5805,,,295.0,10.0,310.0,10.0,3.9,10.0,9.4,10.0,987.2,10.0,,,53,10,0.0,10,0.0,10,,,0.6,10,13.5,,,10.0,12.3,,,10.0,11.7,10.0,15.6,10,17.8,10.0,1226.0,10.0
2008-05-01T13:00+00:00,5805,,,291.0,10.0,273.0,10.0,3.7,10.0,8.6,10.0,987.6,10.0,,,53,10,0.0,10,0.0,10,,,0.5,10,14.0,,,10.0,12.5,,,10.0,11.7,10.0,15.5,10,20.0,10.0,1307.0,10.0
2008-05-01T14:00+00:00,5805,,,295.0,10.0,320.0,10.0,2.9,10.0,7.2,10.0,987.4,10.0,,,54,10,0.0,10,0.0,10,,,0.0,10,14.1,,,10.0,12.7,,,10.0,11.7,10.0,15.7,10,18.3,10.0,1436.0,10.0
2008-05-01T15:00+00:00,5805,,,297.0,10.0,282.0,10.0,2.6,10.0,6.3,10.0,987.9,10.0,,,55,10,0.0,10,0.0,10,,,0.0,10,14.1,,,10.0,12.8,,,10.0,11.7,10.0,14.8,10,14.9,10.0,1600.0,10.0
2008-05-01T16:00+00:00,5805,,,293.0,10.0,299.0,10.0,2.4,10.0,5.9,10.0,988.2,10.0,,,58,10,0.0,10,11.0,10,,,0.0,10,13.9,,,10.0,12.9,,,10.0,11.7,10.0,14.5,10,14.5,10.0,1644.0,10.0
2008-05-01T17:00+00:00,5805,,,289.0,10.0,293.0,10.0,2.9,10.0,7.0,10.0,988.6,10.0,,,59,10,0.0,10,0.0,10,,,0.0,10,13.7,,,10.0,13.0,,,10.0,11.7,10.0,14.3,10,14.4,10.0,1711.0,10.0
2008-05-01T18:00+00:00,5805,,,297.0,10.0,297.0,10.0,3.1,10.0,7.5,10.0,989.3,10.0,,,63,10,0.0,10,0.0,10,,,0.0,10,13.5,,,10.0,13.0,,,10.0,11.7,10.0,13.4,10,12.6,10.0,1856.0,10.0
2008-05-01T19:00+00:00,5805,,,294.0,10.0,325.0,10.0,3.7,10.0,8.6,10.0,990.1,10.0,,,69,10,0.0,10,0.0,10,,,0.0,10,13.2,,,10.0,13.0,,,10.0,11.7,10.0,12.1,10,10.8,10.0,1914.0,10.0
2008-05-01T20:00+00:00,5805,,,299.0,10.0,297.0,10.0,2.7,10.0,5.9,10.0,990.3,10.0,,,69,10,0.0,10,0.0,10,,,0.0,10,12.9,,,10.0,12.9,,,10.0,11.7,10.0,12.0,10,10.1,10.0,2100.0,10.0
2008-05-01T21:00+00:00,5805,,,299.0,10.0,290.0,10.0,2.7,10.0,5.1,10.0,990.4,10.0,,,69,10,0.0,10,0.0,10,,,0.0,10,12.7,,,10.0,12.8,,,10.0,11.7,10.0,12.0,10,10.4,10.0,2114.0,10.0
2008-05-01T22:00+00:00,5805,,,298.0,10.0,294.0,10.0,3.3,10.0,5.8,10.0,990.7,10.0,,,69,10,0.0,10,0.0,10,,,0.0,10,12.5,,,10.0,12.7,,,10.0,11.8,10.0,11.9,10,10.4,10.0,2241.0,10.0
2008-05-01T23:00+00:00,5805,,,320.0,10.0,303.0,10.0,2.2,10.0,5.0,10.0,991.2,10.0,,,71,10,0.0,10,0.0,10,,,0.0,10,12.3,,,10.0,12.6,,,10.0,11.8,10.0,11.2,10,9.3,10.0,2314.0,10.0
2008-05-02T00:00+00:00,5805,,,309.0,10.0,292.0,10.0,2.3,10.0,5.4,10.0,991.6,10.0,,,68,10,0.0,10,0.0,10,,,0.0,10,12.1,,,10.0,12.5,,,10.0,11.8,10.0,11.4,10,8.0,10.0,39.0,10.0
2008-05-02T01:00+00:00,5805,,,337.0,10.0,294.0,10.0,1.9,10.0,5.1,10.0,991.8,10.0,,,72,10,0.0,10,0.0,10,,,0.0,10,11.9,,,10.0,12.4,,,10.0,11.8,10.0,10.6,10,8.3,10.0,102.0,10.0
2008-05-02T02:00+00:00,5805,,,314.0,10.0,301.0,10.0,2.4,10.0,4.6,10.0,992.1,10.0,,,74,10,0.0,10,0.0,10,,,0.0,10,11.7,,,10.0,12.3,,,10.0,11.8,10.0,10.0,10,7.0,10.0,226.0,10.0
2008-05-02T03:00+00:00,5805,,,314.0,10.0,283.0,10.0,2.7,10.0,5.4,10.0,992.7,10.0,,,74,10,0.0,10,0.0,10,,,0.0,10,11.5,,,10.0,12.2,,,10.0,11.8,10.0,9.8,10,6.6,10.0,320.0,10.0
2008-05-02T04:00+00:00,5805,,,327.0,10.0,298.0,10.0,1.9,10.0,4.6,10.0,993.3,10.0,,,82,10,0.0,10,0.0,10,,,0.0,10,11.2,,,10.0,12.1,,,10.0,11.8,10.0,8.2,10,3.9,10.0,407.0,10.0
2008-05-02T05:00+00:00,5805,,,331.0,10.0,350.0,10.0,1.0,10.0,3.1,10.0,993.9,10.0,,,81,10,0.0,10,0.0,10,,,0.6,10,11.0,,,10.0,11.9,,,10.0,11.8,10.0,9.4,10,3.9,10.0,552.0,10.0
2008-05-02T06:00+00:00,5805,,,309.0,10.0,334.0,10.0,2.7,10.0,5.8,10.0,994.5,10.0,,,65,10,0.0,10,0.0,10,,,1.0,10,11.2,,,10.0,11.8,,,10.0,11.8,10.0,13.0,10,6.7,10.0,653.0,10.0
2008-05-02T07:00+00:00,5805,,,303.0,10.0,301.0,10.0,3.5,10.0,8.1,10.0,994.9,10.0,,,58,10,0.0,10,0.0,10,,,1.0,10,11.6,,,10.0,11.8,,,10.0,11.8,10.0,14.1,10,17.1,10.0,724.0,10.0
2008-05-02T08:00+00:00,5805,,,295.0,10.0,308.0,10.0,3.2,10.0,7.6,10.0,995.1,10.0,,,56,10,0.0,10,0.0,10,,,1.0,10,12.0,,,10.0,11.8,,,10.0,11.8,10.0,15.2,10,18.9,10.0,802.0,10.0
2008-05-02T09:00+00:00,5805,,,299.0,10.0,318.0,10.0,2.4,10.0,7.2,10.0,994.9,10.0,,,52,10,0.0,10,0.0,10,,,1.0,10,12.8,,,10.0,11.9,,,10.0,11.8,10.0,16.5,10,22.3,10.0,916.0,10.0
2008-05-02T10:00+00:00,5805,,,315.0,10.0,346.0,10.0,2.2,10.0,7.9,10.0,994.7,10.0,,,47,10,0.0,10,0.0,10,,,0.8,10,13.5,,,10.0,12.0,,,10.0,11.7,10.0,16.9,10,20.0,10.0,1043.0,10.0
2008-05-02T11:00+00:00,5805,,,305.0,10.0,279.0,10.0,2.6,10.0,8.9,10.0,994.3,10.0,,,44,10,0.0,10,0.0,10,,,0.7,10,14.1,,,10.0,12.3,,,10.0,11.7,10.0,18.3,10,20.4,10.0,1126.0,10.0
2008-05-02T12:00+00:00,5805,,,306.0,10.0,305.0,10.0,3.6,10.0,10.4,10.0,994.2,10.0,,,40,10,0.0,10,0.0,10,,,1.0,10,15.0,,,10.0,12.6,,,10.0,11.7,10.0,19.1,10,24.6,10.0,1239.0,10.0
2008-05-02T13:00+00:00,5805,,,300.0,10.0,309.0,10.0,4.0,10.0,9.7,10.0,994.1,10.0,,,40,10,0.0,10,0.0,10,,,0.9,10,15.7,,,10.0,12.9,,,10.0,11.7,10.0,19.7,10,24.5,10.0,1342.0,10.0
2008-05-02T14:00+00:00,5805,,,296.0,10.0,315.0,10.0,4.0,10.0,10.2,10.0,994.0,10.0,,,42,10,0.0,10,0.0,10,,,0.6,10,16.0,,,10.0,13.2,,,10.0,11.7,10.0,19.0,10,20.4,10.0,1405.0,10.0
2008-05-02T15:00+00:00,5805,,,298.0,10.0,275.0,10.0,4.1,10.0,9.8,10.0,994.1,10.0,,,41,10,0.0,10,0.0,10,,,0.9,10,16.2,,,10.0,13.6,,,10.0,11.7,10.0,18.9,10,23.5,10.0,1528.0,10.0
2008-05-02T16:00+00:00,5805,,,296.0,10.0,315.0,10.0,3.5,10.0,8.3,10.0,993.9,10.0,,,40,10,0.0,10,0.0,10,,,0.9,10,16.0,,,10.0,13.8,,,10.0,11.7,10.0,18.7,10,18.6,10.0,1700.0,10.0
2008-05-02T17:00+00:00,5805,,,299.0,10.0,316.0,10.0,3.5,10.0,7.9,10.0,994.1,10.0,,,42,10,0.0,10,0.0,10,,,0.9,10,15.8,,,10.0,14.0,,,10.0,11.8,10.0,17.3,10,17.4,10.0,1720.0,10.0
2008-05-02T18:00+00:00,5805,,,292.0,10.0,311.0,10.0,3.2,10.0,9.7,10.0,994.8,10.0,,,51,10,0.0,10,0.0,10,,,0.0,10,15.2,,,10.0,14.0,,,10.0,11.8,10.0,14.9,10,13.2,10.0,1846.0,10.0
2008-05-02T19:00+00:00,5805,,,301.0,10.0,316.0,10.0,2.3,10.0,6.0,10.0,995.3,10.0,,,57,10,0.0,10,0.0,10,,,0.0,10,14.6,,,10.0,14.0,,,10.0,11.8,10.0,13.8,10,10.5,10.0,1915.0,10.0
2008-05-02T20:00+00:00,5805,,,299.0,10.0,324.0,10.0,2.9,10.0,7.1,10.0,995.6,10.0,,,60,10,0.0,10,0.0,10,,,0.0,10,14.2,,,10.0,13.9,,,10.0,11.9,10.0,12.8,10,10.3,10.0,2029.0,10.0
2008-05-02T21:00+00:00,5805,,,297.0,10.0,289.0,10.0,2.9,10.0,6.9,10.0,995.6,10.0,,,65,10,0.0,10,0.0,10,,,0.0,10,13.8,,,10.0,13.7,,,10.0,11.9,10.0,12.6,10,9.7,10.0,2136.0,10.0
2008-05-02T22:00+00:00,5805,,,308.0,10.0,291.0,10.0,2.3,10.0,5.6,10.0,995.5,10.0,,,68,10,0.0,10,1.0,10,,,0.0,10,13.5,,,10.0,13.6,,,10.0,12.0,10.0,12.6,10,10.5,10.0,2252.0,10.0
2008-05-02T23:00+00:00,5805,,,310.0,10.0,297.0,10.0,3.0,10.0,8.5,10.0,996.9,10.0,,,78,10,0.0,10,16.0,10,,,0.0,10,13.2,,,10.0,13.4,,,10.0,12.0,10.0,11.5,10,9.8,10.0,2358.0,10.0
2008-05-03T00:00+00:00,5805,,,304.0,10.0,303.0,10.0,4.3,10.0,9.7,10.0,996.4,10.0,,,79,10,0.0,10,19.0,10,,,0.0,10,12.9,,,10.0,13.3,,,10.0,12.0,10.0,10.5,10,8.6,10.0,6.0,10.0
2008-05-03T01:00+00:00,5805,,,311.0,10.0,297.0,10.0,2.7,10.0,5.3,10.0,996.2,10.0,,,83,10,0.0,10,3.0,10,,,0.0,10,12.6,,,10.0,13.2,,,10.0,12.1,10.0,9.8,10,7.9,10.0,114.0,10.0
2008-05-03T02:00+00:00,5805,,,297.0,10.0,330.0,10.0,1.8,10.0,4.7,10.0,996.5,10.0,,,87,10,0.0,10,0.0,10,,,0.0,10,12.3,,,10.0,13.0,,,10.0,12.1,10.0,8.9,10,5.9,10.0,226.0,10.0
2008-05-03T03:00+00:00,5805,,,294.0,10.0,300.0,10.0,1.0,10.0,2.5,10.0,996.6,10.0,,,89,10,0.0,10,0.0,10,,,0.0,10,12.0,,,10.0,12.9,,,10.0,12.1,10.0,7.9,10,4.0,10.0,322.0,10.0
2008-05-03T04:00+00:00,5805,,,295.0,10.0,308.0,10.0,1.2,10.0,3.3,10.0,996.8,10.0,,,91,10,0.0,10,0.0,10,,,0.0,10,11.7,,,10.0,12.7,,,10.0,12.1,10.0,7.4,10,3.7,10.0,439.0,10.0
2008-05-03T05:00+00:00,5805,,,293.0,10.0,328.0,10.0,1.6,10.0,4.2,10.0,997.6,10.0,,,85,10,0.0,10,0.0,10,,,0.6,10,11.5,,,10.0,12.5,,,10.0,12.1,10.0,8.8,10,3.7,10.0,554.0,10.0
2008-05-03T06:00+00:00,5805,,,314.0,10.0,300.0,10.0,2.9,10.0,6.5,10.0,998.0,10.0,,,71,10,0.0,10,0.0,10,,,1.0,10,11.6,,,10.0,12.4,,,10.0,12.1,10.0,11.1,10,7.0,10.0,658.0,10.0
2008-05-03T07:00+00:00,5805,,,313.0,10.0,302.0,10.0,2.9,10.0,7.5,10.0,998.1,10.0,,,66,10,0.0,10,0.0,10,,,1.0,10,11.9,,,10.0,12.3,,,10.0,12.1,10.0,12.9,10,14.8,10.0,745.0,10.0
2008-05-03T08:00+00:00,5805,,,310.0,10.0,294.0,10.0,2.7,10.0,7.6,10.0,998.1,10.0,,,62,10,0.0,10,0.0,10,,,1.0,10,12.3,,,10.0,12.3,,,10.0,12.1,10.0,14.0,10,17.8,10.0,809.0,10.0
2008-05-03T09:00+00:00,5805,,,310.0,10.0,275.0,10.0,2.6,10.0,9.4,10.0,998.0,10.0,,,57,10,0.0,10,0.0,10,,,1.0,10,13.0,,,10.0,12.3,,,10.0,12.1,10.0,15.5,10,20.9,10.0,958.0,10.0
2008-05-03T10:00+00:00,5805,,,306.0,10.0,353.0,10.0,2.6,10.0,7.9,10.0,997.8,10.0,,,55,10,0.0,10,0.0,10,,,0.6,10,13.6,,,10.0,12.5,,,10.0,12.1,10.0,15.4,10,17.7,10.0,1051.0,10.0
2008-05-03T11:00+00:00,5805,,,328.0,10.0,11.0,10.0,1.9,10.0,5.8,10.0,997.7,10.0,,,58,10,0.0,10,8.0,10,,,0.2,10,13.8,,,10.0,12.6,,,10.0,12.1,10.0,15.4,10,17.1,10.0,1111.0,10.0
2008-05-03T12:00+00:00,5805,,,332.0,10.0,354.0,10.0,1.8,10.0,7.8,10.0,997.3,10.0,,,52,10,0.0,10,4.0,10,,,0.8,10,14.5,,,10.0,12.8,,,10.0,12.1,10.0,17.1,10,20.7,10.0,1235.0,10.0
2008-05-03T13:00+00:00,5805,,,313.0,10.0,295.0,10.0,2.6,10.0,8.8,10.0,997.1,10.0,,,51,10,0.0,10,1.0,10,,,0.7,10,15.2,,,10.0,13.1,,,10.0,12.1,10.0,16.3,10,18.4,10.0,1301.0,10.0
2008-05-03T14:00+00:00,5805,,,322.0,10.0,312.0,10.0,2.3,10.0,8.1,10.0,996.7,10.0,,,45,10,0.0,10,0.0,10,,,0.7,10,15.5,,,10.0,13.4,,,10.0,12.1,10.0,17.5,10,18.6,10.0,1435.0,10.0
2008-05-03T15:00+00:00,5805,,,333.0,10.0,5.0,10.0,1.6,10.0,7.8,10.0,997.1,10.0,,,53,10,0.0,10,0.0,10,,,0.6,10,15.8,,,10.0,13.6,,,10.0,12.1,10.0,15.3,10,19.1,10.0,1529.0,10.0
2008-05-03T16:00+00:00,5805,,,341.0,10.0,3.0,10.0,1.5,10.0,8.7,10.0,996.6,10.0,,,49,10,0.0,10,3.0,10,,,1.0,10,15.7,,,10.0,13.9,,,10.0,12.1,10.0,17.2,10,18.3,10.0,1607.0,10.0
2008-05-03T17:00+00:00,5805,,,323.0,10.0,345.0,10.0,2.1,10.0,8.4,10.0,996.8,10.0,,,56,10,0.1,10,20.0,10,,,0.7,10,15.5,,,10.0,14.0,,,10.0,12.1,10.0,14.3,10,13.2,10.0,1734.0,10.0
2008-05-03T18:00+00:00,5805,,,344.0,10.0,359.0,10.0,1.1,10.0,5.7,10.0,997.3,10.0,,,65,10,0.0,10,0.0,10,,,0.1,10,14.9,,,10.0,14.1,,,10.0,12.1,10.0,12.4,10,10.1,10.0,1820.0,10.0
2008-05-03T19:00+00:00,5805,,,352.0,10.0,358.0,10.0,1.3,10.0,2.9,10.0,997.6,10.0,,,77,10,0.0,10,0.0,10,,,0.0,10,14.3,,,10.0,14.0,,,10.0,12.2,10.0,11.2,10,8.4,10.0,1950.0,10.0
2008-05-03T20:00+00:00,5805,,,347.0,10.0,2.0,10.0,1.6,10.0,3.8,10.0,998.1,10.0,,,87,10,0.0,10,0.0,10,,,0.0,10,13.8,,,10.0,13.9,,,10.0,12.2,10.0,9.6,10,6.1,10.0,2019.0,10.0
2008-05-03T21:00+00:00,5805,,,333.0,10.0,341.0,10.0,1.2,10.0,3.8,10.0,998.2,10.0,,,90,10,0.0,10,0.0,10,,,0.0,10,13.3,,,10.0,13.7,,,10.0,12.2,10.0,8.4,10,5.3,10.0,2116.0,10.0
2008-05-03T22:00+00:00,5805,,,318.0,10.0,335.0,10.0,0.7,10.0,2.3,10.0,998.0,10.0,,,91,10,0.0,10,0.0,10,,,0.0,10,12.8,,,10.0,13.6,,,10.0,12.3,10.0,7.6,10,3.9,10.0,2237.0,10.0
2008-05-03T23:00+00:00,5805,,,298.0,10.0,312.0,10.0,0.6,10.0,2.9,10.0,997.9,10.0,,,92,10,0.0,10,0.0,10,,,0.0,10,12.4,,,10.0,13.4,,,10.0,12.3,10.0,6.7,10,3.5,10.0,2304.0,10.0
2008-05-04T00:00+00:00,5805,,,302.0,10.0,314.0,10.0,0.7,10.0,2.0,10.0,997.6,10.0,,,92,10,0.0,10,0.0,10,,,0.0,10,12.1,,,10.0,13.2,,,10.0,12.3,10.0,7.2,10,3.2,10.0,30.0,10.0
2008-05-04T01:00+00:00,5805,,,343.0,10.0,4.0,10.0,0.5,10.0,2.4,10.0,997.4,10.0,,,92,10,0.0,10,0.0,10,,,0.0,10,11.9,,,10.0,13.0,,,10.0,12.3,10.0,6.6,10,3.5,10.0,124.0,10.0
2008-05-04T02:00+00:00,5805,,,339.0,10.0,359.0,10.0,0.8,10.0,2.1,10.0,997.2,10.0,,,92,10,0.0,10,0.0,10,,,0.0,10,11.5,,,10.0,12.8,,,10.0,12.4,10.0,6.1,10,2.7,10.0,209.0,10.0
2008-05-04T03:00+00:00,5805,,,348.0,10.0,356.0,10.0,1.0,10.0,2.7,10.0,997.1,10.0,,,92,10,0.0,10,0.0,10,,,0.0,10,11.2,,,10.0,12.6,,,10.0,12.4,10.0,5.7,10,2.1,10.0,348.0,10.0
2008-05-04T04:00+00:00,5805,,,348.0,10.0,341.0,10.0,0.4,10.0,2.5,10.0,997.1,10.0,,,92,10,0.0,10,0.0,10,,,0.0,10,11.0,,,10.0,12.4,,,10.0,12.4,10.0,5.4,10,2.3,10.0,403.0,10.0
2008-05-04T05:00+00:00,5805,,,329.0,10.0,3.0,10.0,0.6,10.0,3.5,10.0,997.2,10.0,,,91,10,0.0,10,0.0,10,,,0.6,10,10.9,,,10.0,12.2,,,10.0,12.4,10.0,7.3,10,3.1,10.0,558.0,10.0
2008-05-04T06:00+00:00,5805,,,327.0,10.0,7.0,10.0,2.1,10.0,4.2,10.0,997.3,10.0,,,70,10,0.0,10,0.0,10,,,1.0,10,11.1,,,10.0,12.1,,,10.0,12.3,10.0,11.1,10,5.8,10.0,604.0,10.0
2008-05-04T07:00+00:00,5805,,,316.0,10.0,300.0,10.0,2.6,10.0,5.3,10.0,997.4,10.0,,,61,10,0.0,10,0.0,10,,,1.0,10,11.5,,,10.0,12.0,,,10.0,12.3,10.0,12.4,10,14.6,10.0,709.0,10.0
2008-05-04T08:00+00:00,5805,,,313.0,10.0,310.0,10.0,2.2,10.0,5.8,10.0,997.2,10.0,,,57,10,0.0,10,0.0,10,,,1.0,10,12.0,,,10.0,12.0,,,10.0,12.3,10.0,14.2,10,17.3,10.0,814.0,10.0
2008-05-04T09:00+00:00,5805,,,302.0,10.0,304.0,10.0,2.0,10.0,5.7,10.0,996.9,10.0,,,52,10,0.0,10,0.0,10,,,1.0,10,12.8,,,10.0,12.1,,,10.0,12.3,10.0,15.7,10,21.4,10.0,931.0,10.0
2008-05-04T10:00+00:00,5805,,,343.0,10.0,338.0,10.0,1.1,10.0,6.1,10.0,996.3,10.0,,,49,10,0.0,10,0.0,10,,,0.7,10,13.5,,,10.0,12.3,,,10.0,12.3,10.0,15.9,10,19.4,10.0,1031.0,10.0
2008-05-04T11:00+00:00,5805,,,56.0,10.0,65.0,10.0,0.8,10.0,5.5,10.0,995.9,10.0,,,52,10,0.0,10,6.0,10,,,0.5,10,13.9,,,10.0,12.5,,,10.0,12.2,10.0,15.7,10,15.8,10.0,1118.0,10.0
2008-05-04T12:00+00:00,5805,,,334.0,10.0,329.0,10.0,1.0,10.0,8.9,10.0,996.2,10.0,,,54,10,0.0,10,3.0,10,,,0.3,10,14.4,,,10.0,12.8,,,10.0,12.2,10.0,14.2,10,15.1,10.0,1234.0,10.0
2008-05-04T13:00+00:00,5805,,,316.0,10.0,6.0,10.0,2.0,10.0,6.8,10.0,996.4,10.0,,,50,10,0.0,10,3.0,10,,,0.2,10,14.4,,,10.0,13.0,,,10.0,12.2,10.0,14.7,10,15.1,10.0,1347.0,10.0
2008-05-04T14:00+00:00,5805,,,3.0,10.0,357.0,10.0,1.2,10.0,9.9,10.0,995.8,10.0,,,77,10,0.7,10,35.0,10,,,0.0,10,14.2,,,10.0,13.1,,,10.0,12.2,10.0,12.9,10,11.7,10.0,1404.0,10.0
2008-05-04T15:00+00:00,5805,,,328.0,10.0,318.0,10.0,0.9,10.0,4.0,10.0,994.9,10.0,,,55,10,0.0,10,1.0,10,,,0.6,10,14.4,,,10.0,13.2,,,10.0,12.2,10.0,15.8,10,14.3,10.0,1555.0,10.0
2008-05-04T16:00+00:00,5805,,,318.0,10.0,302.0,10.0,1.1,10.0,4.2,10.0,994.4,10.0,,,48,10,0.0,10,0.0,10,,,1.0,10,14.6,,,10.0,13.4,,,10.0,12.2,10.0,16.4,10,17.4,10.0,1610.0,10.0
2008-05-04T17:00+00:00,5805,,,329.0,10.0,315.0,10.0,1.5,10.0,6.2,10.0,994.4,10.0,,,53,10,0.0,10,2.0,10,,,0.6,10,14.5,,,10.0,13.5,,,10.0,12.2,10.0,14.3,10,14.7,10.0,1730.0,10.0
2008-05-04T18:00+00:00,5805,,,325.0,10.0,300.0,10.0,1.4,10.0,3.5,10.0,994.8,10.0,,,71,10,0.0,10,0.0,10,,,0.6,10,14.1,,,10.0,13.5,,,10.0,12.2,10.0,12.3,10,10.7,10.0,1837.0,10.0
2008-05-04T19:00+00:00,5805,,,332.0,10.0,309.0,10.0,1.8,10.0,3.5,10.0,995.6,10.0,,,82,10,0.0,10,0.0,10,,,0.0,10,13.6,,,10.0,13.5,,,10.0,12.2,10.0,10.6,10,8.1,10.0,1938.0,10.0
2008-05-04T20:00+00:00,5805,,,339.0,10.0,318.0,10.0,0.8,10.0,3.2,10.0,995.9,10.0,,,88,10,0.7,10,22.0,10,,,0.0,10,13.2,,,10.0,13.4,,,10.0,12.3,10.0,10.0,10,7.9,10.0,2044.0,10.0
2008-05-04T21:00+00:00,5805,,,314.0,10.0,358.0,10.0,0.9,10.0,4.0,10.0,996.0,10.0,,,91,10,0.0,10,0.0,10,,,0.0,10,12.8,,,10.0,13.3,,,10.0,12.3,10.0,8.1,10,5.3,10.0,2111.0,10.0
2008-05-04T22:00+00:00,5805,,,340.0,10.0,359.0,10.0,0.6,10.0,2.5,10.0,996.1,10.0,,,92,10,0.0,10,0.0,10,,,0.0,10,12.4,,,10.0,13.1,,,10.0,12.3,10.0,6.8,10,3.7,10.0,2254.0,10.0
2008-05-04T23:00+00:00,5805,,,336.0,10.0,337.0,10.0,0.7,10.0,2.4,10.0,996.2,10.0,,,92,10,0.0,10,0.0,10,,,0.0,10,11.9,,,10.0,13.0,,,10.0,12.3,10.0,6.0,10,3.1,10.0,2344.0,10.0
2008-05-05T00:00+00:00,5805,,,336.0,10.0,18.0,10.0,0.6,10.0,2.1,10.0,996.2,10.0,,,92,10,0.0,10,0.0,10,,,0.0,10,11.5,,,10.0,12.8,,,10.0,12.3,10.0,5.3,10,2.1,10.0,100.0,10.0
2008-05-05T01:00+00:00,5805,,,295.0,10.0,318.0,10.0,0.7,10.0,2.7,10.0,996.1,10.0,,,92,10,0.0,10,0.0,10,,,0.0,10,11.2,,,10.0,12.6,,,10.0,12.3,10.0,4.7,10,1.9,10.0,118.0,10.0
2008-05-05T02:00+00:00,5805,,,295.0,10.0,322.0,10.0,0.7,10.0,2.0,10.0,996.0,10.0,,,92,10,0.0,10,0.0,10,,,0.0,10,10.9,,,10.0,12.4,,,10.0,12.4,10.0,4.6,10,1.0,10.0,243.0,10.0
2008-05-05T03:00+00:00,5805,,,282.0,10.0,309.0,10.0,0.7,10.0,2.1,10.0,995.9,10.0,,,92,10,0.0,10,0.0,10,,,0.0,10,10.6,,,10.0,12.2,,,10.0,12.4,10.0,4.2,10,1.0,10.0,327.0,10.0
2008-05-05T04:00+00:00,5805,,,324.0,10.0,7.0,10.0,0.5,10.0,2.4,10.0,996.1,10.0,,,92,10,0.0,10,0.0,10,,,0.0,10,10.3,,,10.0,12.0,,,10.0,12.4,10.0,4.5,10,1.2,10.0,409.0,10.0
2008-05-05T05:00+00:00,5805,,,317.0,10.0,326.0,10.0,0.9,10.0,2.8,10.0,996.4,10.0,,,92,10,0.1,10,14.0,10,,,0.0,10,10.3,,,10.0,11.8,,,10.0,12.3,10.0,6.3,10,3.5,10.0,520.0,10.0
2008-05-05T06:00+00:00,5805,,,300.0,10.0,336.0,10.0,1.0,10.0,2.6,10.0,996.8,10.0,,,92,10,0.1,10,18.0,10,,,0.0,10,10.5,,,10.0,11.7,,,10.0,12.3,10.0,7.6,10,6.9,10.0,648.0,10.0
2008-05-05T07:00+00:00,5805,,,316.0,10.0,315.0,10.0,1.1,10.0,4.4,10.0,997.1,10.0,,,88,10,0.0,10,0.0,10,,,0.0,10,10.7,,,10.0,11.6,,,10.0,12.3,10.0,9.0,10,8.4,10.0,742.0,10.0
2008-05-05T08:00+00:00,5805,,,328.0,10.0,341.0,10.0,1.5,10.0,4.8,10.0,997.4,10.0,,,86,10,0.0,10,1.0,10,,,0.0,10,10.8,,,10.0,11.6,,,10.0,12.3,10.0,9.6,10,8.8,10.0,819.0,10.0
2008-05-05T09:00+00:00,5805,,,308.0,10.0,293.0,10.0,3.0,10.0,7.2,10.0,997.4,10.0,,,77,10,0.0,10,0.0,10,,,0.0,10,11.1,,,10.0,11.6,,,10.0,12.2,10.0,10.7,10,10.5,10.0,945.0,10.0
2008-05-05T10:00+00:00,5805,,,309.0,10.0,321.0,10.0,3.1,10.0,6.8,10.0,997.5,10.0,,,73,10,0.0,10,0.0,10,,,0.0,10,11.5,,,10.0,11.6,,,10.0,12.2,10.0,12.1,10,12.3,10.0,1010.0,10.0
2008-05-05T11:00+00:00,5805,,,312.0,10.0,293.0,10.0,2.8,10.0,8.3,10.0,997.4,10.0,,,71,10,0.0,10,0.0,10,,,0.0,10,11.9,,,10.0,11.7,,,10.0,12.2,10.0,12.4,10,13.9,10.0,1125.0,10.0
2008-05-05T12:00+00:00,5805,,,299.0,10.0,290.0,10.0,3.2,10.0,7.5,10.0,996.8,10.0,,,68,10,0.0,10,0.0,10,,,0.3,10,12.4,,,10.0,11.8,,,10.0,12.2,10.0,14.5,10,14.7,10.0,1256.0,10.0
2008-05-05T13:00+00:00,5805,,,294.0,10.0,285.0,10.0,3.4,10.0,7.9,10.0,996.4,10.0,,,65,10,0.0,10,0.0,10,,,0.2,10,12.9,,,10.0,12.0,,,10.0,12.1,10.0,14.9,10,18.7,10.0,1303.0,10.0
2008-05-05T14:00+00:00,5805,,,292.0,10.0,285.0,10.0,3.5,10.0,7.9,10.0,996.2,10.0,,,68,10,0.0,10,0.0,10,,,0.2,10,13.2,,,10.0,12.2,,,10.0,12.1,10.0,14.5,10,15.8,10.0,1453.0,10.0
2008-05-05T15:00+00:00,5805,,,295.0,10.0,280.0,10.0,3.2,10.0,7.4,10.0,996.1,10.0,,,69,10,0.0,10,0.0,10,,,0.0,10,13.3,,,10.0,12.4,,,10.0,12.1,10.0,14.1,10,15.7,10.0,1501.0,10.0
2008-05-05T16:00+00:00,5805,,,317.0,10.0,321.0,10.0,1.3,10.0,5.9,10.0,996.1,10.0,,,86,10,0.5,10,59.0,10,,,0.0,10,13.1,,,10.0,12.5,,,10.0,12.1,10.0,12.5,10,12.0,10.0,1604.0,10.0
2008-05-05T17:00+00:00,5805,,,305.0,10.0,301.0,10.0,2.0,10.0,4.8,10.0,995.9,10.0,,,88,10,0.1,10,30.0,10,,,0.0,10,13.0,,,10.0,12.6,,,10.0,12.1,10.0,12.2,10,11.5,10.0,1723.0,10.0
2008-05-05T18:00+00:00,5805,,,310.0,10.0,302.0,10.0,2.1,10.0,4.4,10.0,996.0,10.0,,,87,10,0.0,10,0.0,10,,,0.0,10,12.8,,,10.0,12.6,,,10.0,12.1,10.0,12.0,10,10.8,10.0,1843.0,10.0
2008-05-05T19:00+00:00,5805,,,307.0,10.0,288.0,10.0,2.4,10.0,5.5,10.0,996.5,10.0,,,90,10,0.0,10,1.0,10,,,0.0,10,12.6,,,10.0,12.6,,,10.0,12.1,10.0,11.6,10,10.5,10.0,1919.0,10.0
2008-05-05T20:00+00:00,5805,,,306.0,10.0,301.0,10.0,2.3,10.0,4.6,10.0,996.6,10.0,,,90,10,0.0,10,5.0,10,,,0.0,10,12.5,,,10.0,12.6,,,10.0,12.1,10.0,11.5,10,10.5,10.0,2035.0,10.0
2008-05-05T21:00+00:00,5805,,,316.0,10.0,309.0,10.0,2.1,10.0,4.3,10.0,996.8,10.0,,,92,10,4.9,10,55.0,10,,,0.0,10,12.4,,,10.0,12.5,,,10.0,12.1,10.0,11.0,10,10.4,10.0,2125.0,10.0
2008-05-05T22:00+00:00,5805,,,317.0,10.0,318.0,10.0,1.5,10.0,3.6,10.0,996.7,10.0,,,92,10,1.1,10,18.0,10,,,0.0,10,12.2,,,10.0,12.5,,,10.0,12.1,10.0,10.7,10,9.8,10.0,2204.0,10.0
2008-05-05T23:00+00:00,5805,,,318.0,10.0,340.0,10.0,1.3,10.0,3.5,10.0,996.7,10.0,,,92,10,0.0,10,0.0,10,,,0.0,10,12.1,,,10.0,12.4,,,10.0,12.1,10.0,10.1,10,7.5,10.0,2339.0,10.0
2008-05-06T00:00+00:00,5805,,,312.0,10.0,334.0,10.0,1.4,10.0,3.3,10.0,996.5,10.0,,,92,10,0.0,10,0.0,10,,,0.0,10,11.8,,,10.0,12.4,,,10.0,12.1,10.0,9.4,10,6.0,10.0,4.0,10.0
2008-05-06T01:00+00:00,5805,,,306.0,10.0,328.0,10.0,1.2,10.0,4.1,10.0,996.4,10.0,,,92,10,0.0,10,0.0,10,,,0.0,10,11.5,,,10.0,12.3,,,10.0,12.1,10.0,9.0,10,5.8,10.0,134.0,10.0
2008-05-06T02:00+00:00,5805,,,333.0,10.0,337.0,10.0,1.5,10.0,3.8,10.0,996.7,10.0,,,92,10,0.0,10,0.0,10,,,0.0,10,11.4,,,10.0,12.2,,,10.0,12.1,10.0,9.5,10,6.9,10.0,220.0,10.0
2008-05-06T03:00+00:00,5805,,,326.0,10.0,336.0,10.0,1.6,10.0,4.2,10.0,996.7,10.0,,,92,10,0.0,10,0.0,10,,,0.0,10,11.3,,,10.0,12.1,,,10.0,12.1,10.0,9.5,10,8.2,10.0,337.0,10.0
2008-05-06T04:00+00:00,5805,,,321.0,10.0,309.0,10.0,1.8,10.0,4.4,10.0,996.6,10.0,,,92,10,0.0,10,0.0,10,,,0.0,10,11.3,,,10.0,12.0,,,10.0,12.1,10.0,9.0,10,7.8,10.0,458.0,10.0
2008-05-06T05:00+00:00,5805,,,320.0,10.0,315.0,10.0,2.1,10.0,5.0,10.0,996.9,10.0,,,92,10,0.0,10,0.0,10,,,0.1,10,11.2,,,10.0,11.9,,,10.0,12.1,10.0,9.7,10,6.7,10.0,542.0,10.0
2008-05-06T06:00+00:00,5805,,,318.0,10.0,310.0,10.0,2.5,10.0,5.3,10.0,996.8,10.0,,,88,10,0.0,10,0.0,10,,,0.7,10,11.3,,,10.0,11.8,,,10.0,12.1,10.0,11.3,10,9.5,10.0,615.0,10.0
2008-05-06T07:00+00:00,5805,,,305.0,10.0,322.0,10.0,3.3,10.0,7.9,10.0,996.9,10.0,,,84,10,0.0,10,0.0,10,,,0.3,10,11.6,,,10.0,11.8,,,10.0,12.1,10.0,11.9,10,12.4,10.0,753.0,10.0
2008-05-06T08:00+00:00,5805,,,297.0,10.0,284.0,10.0,3.0,10.0,7.4,10.0,996.7,10.0,,,79,10,0.0,10,0.0,10,,,0.1,10,11.9,,,10.0,11.8,,,10.0,12.1,10.0,13.2,10,13.1,10.0,853.0,10.0
2008-05-06T09:00+00:00,5805,,,295.0,10.0,307.0,10.0,2.8,10.0,6.7,10.0,996.9,10.0,,,73,10,0.0,10,0.0,10,,,0.3,10,12.4,,,10.0,11.9,,,10.0,12.1,10.0,15.0,10,15.7,10.0,913.0,10.0
2008-05-06T10:00+00:00,5805,,,309.0,10.0,299.0,10.0,2.4,10.0,7.5,10.0,996.5,10.0,,,68,10,0.0,10,0.0,10,,,0.7,10,13.0,,,10.0,12.1,,,10.0,12.0,10.0,15.9,10,19.3,10.0,1017.0,10.0
2008-05-06T11:00+00:00,5805,,,299.0,10.0,354.0,10.0,1.9,10.0,6.0,10.0,995.6,10.0,,,62,10,0.0,10,0.0,10,,,0.9,10,13.9,,,10.0,12.3,,,10.0,12.0,10.0,17.2,10,22.4,10.0,1148.0,10.0
2008-05-06T12:00+00:00,5805,,,326.0,10.0,306.0,10.0,1.2,10.0,5.1,10.0,996.3,10.0,,,85,10,3.0,10,16.0,10,,,0.1,10,14.0,,,10.0,12.5,,,10.0,12.0,10.0,15.1,10,12.8,10.0,1221.0,10.0
2008-05-06T13:00+00:00,5805,,,318.0,10.0,317.0,10.0,1.0,10.0,4.8,10.0,996.5,10.0,,,79,10,0.0,10,0.0,10,,,0.0,10,14.3,,,10.0,12.8,,,10.0,12.0,10.0,15.6,10,17.0,10.0,1339.0,10.0
2008-05-06T14:00+00:00,5805,,,298.0,10.0,303.0,10.0,2.4,10.0,5.7,10.0,996.0,10.0,,,79,10,0.0,10,0.0,10,,,0.1,10,14.4,,,10.0,13.0,,,10.0,12.0,10.0,14.9,10,16.0,10.0,1432.0,10.0
2008-05-06T15:00+00:00,5805,,,289.0,10.0,289.0,10.0,3.2,10.0,7.1,10.0,995.5,10.0,,,70,10,0.0,10,0.0,10,,,0.9,10,14.8,,,10.0,13.1,,,10.0,12.0,10.0,17.1,10,15.8,10.0,1533.0,10.0
2008-05-06T16:00+00:00,5805,,,13.0,10.0,359.0,10.0,1.0,10.0,6.8,10.0,995.5,10.0,,,49,10,0.0,10,0.0,10,,,0.8,10,15.1,,,10.0,13.3,,,10.0,12.0,10.0,17.0,10,18.2,10.0,1631.0,10.0
2008-05-06T17:00+00:00,5805,,,312.0,10.0,290.0,10.0,1.3,10.0,4.6,10.0,995.3,10.0,,,75,10,0.0,10,0.0,10,,,0.5,10,15.0,,,10.0,13.5,,,10.0,12.0,10.0,15.4,10,15.4,10.0,1750.0,10.0
2008-05-06T18:00+00:00,5805,,,311.0,10.0,308.0,10.0,1.3,10.0,3.6,10.0,995.8,10.0,,,80,10,0.0,10,0.0,10,,,0.0,10,14.7,,,10.0,13.6,,,10.0,12.1,10.0,14.2,10,13.5,10.0,1845.0,10.0
2008-05-06T19:00+00:00,5805,,,310.0,10.0,303.0,10.0,1.6,10.0,3.6,10.0,996.3,10.0,,,86,10,0.0,10,0.0,10,,,0.0,10,14.3,,,10.0,13.6,,,10.0,12.1,10.0,12.9,10,11.2,10.0,1956.0,10.0
2008-05-06T20:00+00:00,5805,,,310.0,10.0,298.0,10.0,1.8,10.0,3.7,10.0,996.8,10.0,,,89,10,0.0,10,0.0,10,,,0.0,10,13.8,,,10.0,13.6,,,10.0,12.1,10.0,11.3,10,9.1,10.0,2016.0,10.0
2008-05-06T21:00+00:00,5805,,,331.0,10.0,315.0,10.0,1.7,10.0,3.4,10.0,996.9,10.0,,,89,10,0.0,10,0.0,10,,,0.0,10,13.4,,,10.0,13.5,,,10.0,12.2,10.0,10.9,10,8.5,10.0,2109.0,10.0
2008-05-06T22:00+00:00,5805,,,344.0,10.0,334.0,10.0,1.7,10.0,3.3,10.0,997.0,10.0,,,90,10,0.0,10,0.0,10,,,0.0,10,13.1,,,10.0,13.4,,,10.0,12.2,10.0,10.0,10,7.8,10.0,2208.0,10.0
2008-05-06T23:00+00:00,5805,,,335.0,10.0,323.0,10.0,1.4,10.0,3.9,10.0,997.0,10.0,,,91,10,0.0,10,0.0,10,,,0.0,10,12.7,,,10.0,13.2,,,10.0,12.2,10.0,8.8,10,5.5,10.0,2351.0,10.0
2008-05-07T00:00+00:00,5805,,,311.0,10.0,332.0,10.0,1.0,10.0,2.9,10.0,996.7,10.0,,,92,10,0.0,10,0.0,10,,,0.0,10,12.3,,,10.0,13.1,,,10.0,12.2,10.0,7.3,10,4.4,10.0,33.0,10.0
2008-05-07T01:00+00:00,5805,,,303.0,10.0,330.0,10.0,0.6,10.0,2.7,10.0,996.5,10.0,,,92,10,0.0,10,0.0,10,,,0.0,10,11.9,,,10.0,12.9,,,10.0,12.3,10.0,6.8,10,3.0,10.0,112.0,10.0
2008-05-07T02:00+00:00,5805,,,314.0,10.0,341.0,10.0,0.8,10.0,2.3,10.0,996.6,10.0,,,92,10,0.0,10,0.0,10,,,0.0,10,11.5,,,10.0,12.7,,,10.0,12.3,10.0,6.4,10,2.5,10.0,250.0,10.0
2008-05-07T03:00+00:00,5805,,,301.0,10.0,318.0,10.0,1.0,10.0,2.8,10.0,996.6,10.0,,,92,10,0.0,10,0.0,10,,,0.0,10,11.2,,,10.0,12.5,,,10.0,12.3,10.0,6.0,10,2.4,10.0,345.0,10.0
2008-05-07T04:00+00:00,5805,,,325.0,10.0,325.0,10.0,1.1,10.0,2.6,10.0,996.6,10.0,,,92,10,0.0,10,0.0,10,,,0.0,10,10.9,,,10.0,12.3,,,10.0,12.3,10.0,6.1,10,1.8,10.0,421.0,10.0
2008-05-07T05:00+00:00,5805,,,332.0,10.0,306.0,10.0,1.4,10.0,4.1,10.0,996.6,10.0,,,91,10,0.0,10,0.0,10,,,0.6,10,10.8,,,10.0,12.1,,,10.0,12.3,10.0,7.7,10,2.4,10.0,551.0,10.0
2008-05-07T06:00+00:00,5805,,,302.0,10.0,330.0,10.0,2.5,10.0,4.9,10.0,996.6,10.0,,,74,10,0.0,10,0.0,10,,,1.0,10,10.9,,,10.0,12.0,,,10.0,12.3,10.0,10.3,10,6.2,10.0,700.0,10.0
2008-05-07T07:00+00:00,5805,,,328.0,10.0,320.0,10.0,2.1,10.0,4.6,10.0,996.5,10.0,,,59,10,0.0,10,0.0,10,,,1.0,10,11.3,,,10.0,11.9,,,10.0,12.3,10.0,12.3,10,13.5,10.0,723.0,10.0
2008-05-07T08:00+00:00,5805,,,309.0,10.0,347.0,10.0,2.4,10.0,5.5,10.0,996.4,10.0,,,57,10,0.0,10,0.0,10,,,1.0,10,11.7,,,10.0,11.9,,,10.0,12.3,10.0,14.0,10,17.9,10.0,802.0,10.0
2008-05-07T09:00+00:00,5805,,,307.0,10.0,293.0,10.0,2.1,10.0,5.9,10.0,996.4,10.0,,,50,10,0.0,10,0.0,10,,,1.0,10,12.4,,,10.0,12.0,,,10.0,12.3,10.0,14.8,10,20.6,10.0,906.0,10.0
2008-05-07T10:00+00:00,5805,,,305.0,10.0,321.0,10.0,1.8,10.0,6.3,10.0,996.1,10.0,,,48,10,0.0,10,0.0,10,,,0.9,10,13.1,,,10.0,12.1,,,10.0,12.3,10.0,16.1,10,19.2,10.0,1027.0,10.0
2008-05-07T11:00+00:00,5805,,,321.0,10.0,352.0,10.0,1.6,10.0,6.7,10.0,995.6,10.0,,,47,10,0.0,10,0.0,10,,,0.8,10,13.9,,,10.0,12.3,,,10.0,12.2,10.0,16.4,10,20.7,10.0,1150.0,10.0
2008-05-07T12:00+00:00,5805,,,312.0,10.0,301.0,10.0,2.0,10.0,6.7,10.0,995.1,10.0,,,42,10,0.0,10,0.0,10,,,1.0,10,14.7,,,10.0,12.6,,,10.0,12.2,10.0,16.7,10,23.3,10.0,1234.0,10.0
2008-05-07T13:00+00:00,5805,,,310.0,10.0,308.0,10.0,2.3,10.0,8.7,10.0,994.7,10.0,,,38,10,0.0,10,0.0,10,,,1.0,10,15.5,,,10.0,13.0,,,10.0,12.2,10.0,18.0,10,25.9,10.0,1340.0,10.0
2008-05-07T14:00+00:00,5805,,,309.0,10.0,323.0,10.0,2.6,10.0,7.6,10.0,994.0,10.0,,,39,10,0.0,10,0.0,10,,,1.0,10,16.1,,,10.0,13.4,,,10.0,12.2,10.0,19.0,10,25.9,10.0,1405.0,10.0
2008-05-07T15:00+00:00,5805,,,321.0,10.0,310.0,10.0,2.0,10.0,9.2,10.0,993.6,10.0,,,38,10,0.0,10,0.0,10,,,0.9,10,16.4,,,10.0,13.8,,,10.0,12.2,10.0,18.3,10,23.9,10.0,1516.0,10.0
2008-05-07T16:00+00:00,5805,,,302.0,10.0,310.0,10.0,2.1,10.0,6.2,10.0,993.2,10.0,,,39,10,0.0,10,0.0,10,,,0.5,10,16.1,,,10.0,14.1,,,10.0,12.2,10.0,18.7,10,18.2,10.0,1700.0,10.0
2008-05-07T17:00+00:00,5805,,,320.0,10.0,347.0,10.0,1.5,10.0,5.3,10.0,993.1,10.0,,,40,10,0.0,10,0.0,10,,,0.8,10,16.0,,,10.0,14.3,,,10.0,12.2,10.0,17.2,10,17.8,10.0,1723.0,10.0
2008-05-07T18:00+00:00,5805,,,308.0,10.0,318.0,10.0,1.2,10.0,3.0,10.0,993.0,10.0,,,48,10,0.0,10,0.0,10,,,0.9,10,15.5,,,10.0,14.4,,,10.0,12.3,10.0,15.1,10,11.3,10.0,1816.0,10.0
2008-05-07T19:00+00:00,5805,,,325.0,10.0,337.0,10.0,0.9,10.0,2.3,10.0,993.2,10.0,,,65,10,0.0,10,0.0,10,,,0.0,10,14.9,,,10.0,14.3,,,10.0,12.3,10.0,11.7,10,6.7,10.0,1926.0,10.0
2008-05-07T20:00+00:00,5805,,,353.0,10.0,359.0,10.0,1.4,10.0,3.3,10.0,993.6,10.0,,,82,10,0.0,10,0.0,10,,,0.0,10,14.2,,,10.0,14.2,,,10.0,12.4,10.0,9.4,10,5.6,10.0,2047.0,10.0
2008-05-07T21:00+00:00,5805,,,342.0,10.0,11.0,10.0,0.7,10.0,3.5,10.0,993.7,10.0,,,87,10,0.0,10,0.0,10,,,0.0,10,13.6,,,10.0,14.1,,,10.0,12.4,10.0,8.0,10,4.1,10.0,2101.0,10.0
2008-05-07T22:00+00:00,5805,,,360.0,10.0,325.0,10.0,0.6,10.0,2.1,10.0,993.8,10.0,,,89,10,0.0,10,0.0,10,,,0.0,10,13.1,,,10.0,13.9,,,10.0,12.4,10.0,6.9,10,3.3,10.0,2259.0,10.0
2008-05-07T23:00+00:00,5805,,,341.0,10.0,337.0,10.0,0.7,10.0,2.1,10.0,993.8,10.0,,,90,10,0.0,10,0.0,10,,,0.0,10,12.6,,,10.0,13.6,,,10.0,12.5,10.0,6.1,10,2.7,10.0,2400.0,10.0
2008-05-08T00:00+00:00,5805,,,336.0,10.0,337.0,10.0,0.7,10.0,2.1,10.0,993.6,10.0,,,90,10,0.0,10,0.0,10,,,0.0,10,12.2,,,10.0,13.4,,,10.0,12.5,10.0,5.6,10,2.0,10.0,48.0,10.0
2008-05-08T01:00+00:00,5805,,,330.0,10.0,339.0,10.0,0.9,10.0,2.2,10.0,993.2,10.0,,,90,10,0.0,10,0.0,10,,,0.0,10,11.8,,,10.0,13.2,,,10.0,12.6,10.0,5.3,10,1.6,10.0,146.0,10.0
2008-05-08T02:00+00:00,5805,,,317.0,10.0,335.0,10.0,0.9,10.0,2.5,10.0,993.4,10.0,,,90,10,0.0,10,0.0,10,,,0.0,10,11.4,,,10.0,13.0,,,10.0,12.6,10.0,4.9,10,1.2,10.0,224.0,10.0
2008-05-08T03:00+00:00,5805,,,304.0,10.0,331.0,10.0,1.0,10.0,2.7,10.0,993.2,10.0,,,92,10,0.0,10,0.0,10,,,0.0,10,11.1,,,10.0,12.7,,,10.0,12.6,10.0,4.3,10,1.4,10.0,317.0,10.0
2008-05-08T04:00+00:00,5805,,,310.0,10.0,328.0,10.0,1.2,10.0,2.7,10.0,993.1,10.0,,,92,10,0.0,10,0.0,10,,,0.0,10,10.8,,,10.0,12.5,,,10.0,12.6,10.0,4.6,10,1.0,10.0,413.0,10.0
2008-05-08T05:00+00:00,5805,,,303.0,10.0,317.0,10.0,1.6,10.0,3.0,10.0,993.3,10.0,,,87,10,0.0,10,0.0,10,,,0.6,10,10.7,,,10.0,12.3,,,10.0,12.6,10.0,6.3,10,2.0,10.0,538.0,10.0
2008-05-08T06:00+00:00,5805,,,319.0,10.0,333.0,10.0,1.5,10.0,4.1,10.0,993.4,10.0,,,69,10,0.0,10,0.0,10,,,1.0,10,10.9,,,10.0,12.1,,,10.0,12.6,10.0,10.9,10,4.6,10.0,655.0,10.0
2008-05-08T07:00+00:00,5805,,,314.0,10.0,301.0,10.0,1.9,10.0,3.9,10.0,993.3,10.0,,,56,10,0.0,10,0.0,10,,,1.0,10,11.4,,,10.0,12.1,,,10.0,12.6,10.0,14.2,10,14.1,10.0,753.0,10.0
2008-05-08T08:00+00:00,5805,,,304.0,10.0,297.0,10.0,1.8,10.0,5.0,10.0,993.1,10.0,,,48,10,0.0,10,0.0,10,,,1.0,10,12.0,,,10.0,12.1,,,10.0,12.6,10.0,15.8,10,20.9,10.0,855.0,10.0
2008-05-08T09:00+00:00,5805,,,304.0,10.0,291.0,10.0,2.2,10.0,6.1,10.0,992.9,10.0,,,44,10,0.0,10,0.0,10,,,1.0,10,12.8,,,10.0,12.2,,,10.0,12.5,10.0,17.2,10,21.9,10.0,944.0,10.0
2008-05-08T10:00+00:00,5805,,,307.0,10.0,357.0,10.0,2.4,10.0,6.9,10.0,992.6,10.0,,,42,10,0.0,10,0.0,10,,,1.0,10,13.6,,,10.0,12.4,,,10.0,12.5,10.0,17.8,10,24.7,10.0,1008.0,10.0
2008-05-08T11:00+00:00,5805,,,311.0,10.0,327.0,10.0,2.1,10.0,7.2,10.0,992.0,10.0,,,41,10,0.0,10,0.0,10,,,1.0,10,14.5,,,10.0,12.6,,,10.0,12.5,10.0,18.3,10,25.3,10.0,1112.0,10.0
2008-05-08T12:00+00:00,5805,,,318.0,10.0,22.0,10.0,1.8,10.0,6.5,10.0,991.5,10.0,,,38,10,0.0,10,0.0,10,,,1.0,10,15.5,,,10.0,13.0,,,10.0,12.5,10.0,19.6,10,27.5,10.0,1224.0,10.0
2008-05-08T13:00+00:00,5805,,,318.0,10.0,318.0,10.0,2.1,10.0,6.6,10.0,991.3,10.0,,,36,10,0.0,10,0.0,10,,,1.0,10,16.4,,,10.0,13.4,,,10.0,12.4,10.0,20.2,10,28.5,10.0,1313.0,10.0
2008-05-08T14:00+00:00,5805,,,331.0,10.0,299.0,10.0,1.9,10.0,7.0,10.0,990.7,10.0,,,35,10,0.0,10,0.0,10,,,1.0,10,17.0,,,10.0,13.9,,,10.0,12.4,10.0,20.2,10,27.3,10.0,1408.0,10.0
2008-05-08T15:00+00:00,5805,,,315.0,10.0,309.0,10.0,1.9,10.0,5.5,10.0,990.4,10.0,,,36,10,0.0,10,0.0,10,,,1.0,10,17.4,,,10.0,14.3,,,10.0,12.4,10.0,20.9,10,28.2,10.0,1557.0,10.0
2008-05-08T16:00+00:00,5805,,,322.0,10.0,303.0,10.0,2.3,10.0,6.2,10.0,990.0,10.0,,,36,10,0.0,10,0.0,10,,,1.0,10,17.5,,,10.0,14.6,,,10.0,12.4,10.0,21.0,10,26.3,10.0,1623.0,10.0
2008-05-08T17:00+00:00,5805,,,301.0,10.0,304.0,10.0,2.6,10.0,6.2,10.0,989.8,10.0,,,38,10,0.0,10,0.0,10,,,1.0,10,17.4,,,10.0,14.9,,,10.0,12.5,10.0,19.7,10,21.5,10.0,1716.0,10.0
2008-05-08T18:00+00:00,5805,,,302.0,10.0,318.0,10.0,1.9,10.0,5.2,10.0,989.9,10.0,,,43,10,0.0,10,0.0,10,,,0.8,10,16.8,,,10.0,15.1,,,10.0,12.5,10.0,18.1,10,16.1,10.0,1818.0,10.0
2008-05-08T19:00+00:00,5805,,,317.0,10.0,347.0,10.0,0.8,10.0,2.2,10.0,990.3,10.0,,,60,10,0.0,10,0.0,10,,,0.0,10,16.2,,,10.0,15.1,,,10.0,12.6,10.0,14.5,10,10.0,10.0,1906.0,10.0
2008-05-08T20:00+00:00,5805,,,331.0,10.0,1.0,10.0,0.6,10.0,2.0,10.0,990.4,10.0,,,70,10,0.0,10,0.0,10,,,0.0,10,15.6,,,10.0,15.0,,,10.0,12.6,10.0,13.5,10,9.7,10.0,2044.0,10.0
2008-05-08T21:00+00:00,5805,,,349.0,10.0,52.0,10.0,0.6,10.0,2.4,10.0,990.7,10.0,,,73,10,0.0,10,4.0,10,,,0.0,10,15.2,,,10.0,14.9,,,10.0,12.7,10.0,13.4,10,10.6,10.0,2112.0,10.0
2008-05-08T22:00+00:00,5805,,,344.0,10.0,325.0,10.0,1.0,10.0,2.5,10.0,991.2,10.0,,,79,10,0.0,10,0.0,10,,,0.0,10,14.8,,,10.0,14.7,,,10.0,12.7,10.0,12.1,10,9.1,10.0,2225.0,10.0
2008-05-08T23:00+00:00,5805,,,344.0,10.0,354.0,10.0,1.1,10.0,2.9,10.0,991.2,10.0,,,81,10,0.0,10,4.0,10,,,0.0,10,14.5,,,10.0,14.6,,,10.0,12.8,10.0,12.1,10,9.4,10.0,2344.0,10.0
2008-05-09T00:00+00:00,5805,,,354.0,10.0,358.0,10.0,1.4,10.0,2.6,10.0,991.2,10.0,,,88,10,0.0,10,0.0,10,,,0.0,10,14.1,,,10.0,14.5,,,10.0,12.8,10.0,10.2,10,6.4,10.0,17.0,10.0
2008-05-09T01:00+00:00,5805,,,341.0,10.0,350.0,10.0,1.5,10.0,3.2,10.0,991.1,10.0,,,90,10,0.0,10,0.0,10,,,0.0,10,13.7,,,10.0,14.3,,,10.0,12.9,10.0,9.2,10,5.7,10.0,115.0,10.0
2008-05-09T02:00+00:00,5805,,,318.0,10.0,347.0,10.0,1.4,10.0,3.5,10.0,991.3,10.0,,,90,10,0.0,10,0.0,10,,,0.0,10,13.3,,,10.0,14.1,,,10.0,12.9,10.0,8.8,10,5.1,10.0,204.0,10.0
2008-05-09T03:00+00:00,5805,,,312.0,10.0,339.0,10.0,1.0,10.0,2.8,10.0,991.2,10.0,,,90,10,0.0,10,0.0,10,,,0.0,10,12.9,,,10.0,13.9,,,10.0,12.9,10.0,7.9,10,4.3,10.0,348.0,10.0
2008-05-09T04:00+00:00,5805,,,322.0,10.0,333.0,10.0,0.9,10.0,2.4,10.0,991.4,10.0,,,91,10,0.0,10,0.0,10,,,0.0,10,12.6,,,10.0,13.7,,,10.0,13.0,10.0,7.5,10,3.5,10.0,434.0,10.0
2008-05-09T05:00+00:00,5805,,,314.0,10.0,335.0,10.0,1.2,10.0,3.3,10.0,991.5,10.0,,,88,10,0.0,10,0.0,10,,,0.5,10,12.4,,,10.0,13.5,,,10.0,13.0,10.0,8.8,10,4.3,10.0,543.0,10.0
2008-05-09T06:00+00:00,5805,,,324.0,10.0,338.0,10.0,1.6,10.0,3.2,10.0,991.5,10.0,,,71,10,0.0,10,0.0,10,,,1.0,10,12.5,,,10.0,13.3,,,10.0,13.0,10.0,13.0,10,7.5,10.0,617.0,10.0
2008-05-09T07:00+00:00,5805,,,287.0,10.0,283.0,10.0,1.2,10.0,3.6,10.0,991.4,10.0,,,61,10,0.0,10,0.0,10,,,1.0,10,13.0,,,10.0,13.3,,,10.0,13.0,10.0,16.0,10,17.1,10.0,719.0,10.0
2008-05-09T08:00+00:00,5805,,,137.0,10.0,126.0,10.0,0.8,10.0,3.1,10.0,991.4,10.0,,,55,10,0.0,10,0.0,10,,,1.0,10,13.6,,,10.0,13.3,,,10.0,13.0,10.0,17.3,10,24.2,10.0,844.0,10.0
2008-05-09T09:00+00:00,5805,,,291.0,10.0,2.0,10.0,0.6,10.0,4.8,10.0,991.3,10.0,,,49,10,0.0,10,0.0,10,,,0.6,10,14.2,,,10.0,13.4,,,10.0,13.0,10.0,17.9,10,21.4,10.0,924.0,10.0
2008-05-09T10:00+00:00,5805,,,346.0,10.0,2.0,10.0,1.2,10.0,5.5,10.0,991.0,10.0,,,46,10,0.0,10,0.0,10,,,0.6,10,14.8,,,10.0,13.5,,,10.0,13.0,10.0,19.2,10,22.6,10.0,1023.0,10.0
2008-05-09T11:00+00:00,5805,,,2.0,10.0,359.0,10.0,1.3,10.0,6.0,10.0,990.9,10.0,,,45,10,0.0,10,0.0,10,,,0.6,10,15.6,,,10.0,13.8,,,10.0,12.9,10.0,18.9,10,23.8,10.0,1103.0,10.0
2008-05-09T12:00+00:00,5805,,,41.0,10.0,61.0,10.0,1.4,10.0,5.9,10.0,990.7,10.0,,,43,10,0.0,10,0.0,10,,,0.6,10,16.2,,,10.0,14.0,,,10.0,12.9,10.0,19.9,10,20.8,10.0,1251.0,10.0
2008-05-09T13:00+00:00,5805,,,44.0,10.0,46.0,10.0,1.3,10.0,6.0,10.0,990.8,10.0,,,43,10,0.0,10,0.0,10,,,0.4,10,16.8,,,10.0,14.3,,,10.0,12.9,10.0,19.3,10,21.5,10.0,1311.0,10.0
2008-05-09T14:00+00:00,5805,,,357.0,10.0,56.0,10.0,1.4,10.0,6.8,10.0,990.6,10.0,,,42,10,0.0,10,0.0,10,,,0.4,10,17.0,,,10.0,14.6,,,10.0,12.9,10.0,20.2,10,22.0,10.0,1445.0,10.0
2008-05-09T15:00+00:00,5805,,,36.0,10.0,57.0,10.0,1.5,10.0,7.4,10.0,990.6,10.0,,,39,10,0.0,10,0.0,10,,,0.9,10,17.4,,,10.0,14.9,,,10.0,12.9,10.0,20.9,10,25.8,10.0,1549.0,10.0
2008-05-09T16:00+00:00,5805,,,39.0,10.0,68.0,10.0,1.7,10.0,6.7,10.0,990.5,10.0,,,39,10,0.0,10,0.0,10,,,1.0,10,17.6,,,10.0,15.2,,,10.0,13.0,10.0,20.6,10,27.3,10.0,1700.0,10.0
2008-05-09T17:00+00:00,5805,,,46.0,10.0,28.0,10.0,1.6,10.0,5.4,10.0,990.6,10.0,,,42,10,0.0,10,0.0,10,,,1.0,10,17.5,,,10.0,15.4,,,10.0,13.0,10.0,19.2,10,20.4,10.0,1733.0,10.0
2008-05-09T18:00+00:00,5805,,,65.0,10.0,58.0,10.0,1.8,10.0,4.7,10.0,991.0,10.0,,,43,10,0.0,10,0.0,10,,,0.9,10,16.9,,,10.0,15.5,,,10.0,13.0,10.0,17.4,10,13.3,10.0,1843.0,10.0
2008-05-09T19:00+00:00,5805,,,19.0,10.0,33.0,10.0,0.8,10.0,3.1,10.0,991.7,10.0,,,58,10,0.0,10,0.0,10,,,0.0,10,16.2,,,10.0,15.4,,,10.0,13.1,10.0,13.7,10,8.3,10.0,1905.0,10.0
2008-05-09T20:00+00:00,5805,,,321.0,10.0,351.0,10.0,1.0,10.0,2.4,10.0,992.1,10.0,,,73,10,0.0,10,0.0,10,,,0.0,10,15.4,,,10.0,15.3,,,10.0,13.1,10.0,11.2,10,6.0,10.0,2054.0,10.0
2008-05-09T21:00+00:00,5805,,,345.0,10.0,359.0,10.0,1.2,10.0,2.7,10.0,992.6,10.0,,,83,10,0.0,10,0.0,10,,,0.0,10,14.8,,,10.0,15.1,,,10.0,13.1,10.0,9.5,10,4.7,10.0,2110.0,10.0
2008-05-09T22:00+00:00,5805,,,360.0,10.0,3.0,10.0,0.9,10.0,3.2,10.0,992.9,10.0,,,87,10,0.0,10,0.0,10,,,0.0,10,14.2,,,10.0,14.9,,,10.0,13.2,10.0,8.6,10,4.5,10.0,2258.0,10.0
2008-05-09T23:00+00:00,5805,,,1.0,10.0,339.0,10.0,0.4,10.0,2.2,10.0,993.0,10.0,,,90,10,0.0,10,0.0,10,,,0.0,10,13.7,,,10.0,14.6,,,10.0,13.2,10.0,7.4,10,4.0,10.0,2359.0,10.0
2008-05-10T00:00+00:00,5805,,,360.0,10.0,8.0,10.0,0.5,10.0,2.0,10.0,993.0,10.0,,,91,10,0.0,10,0.0,10,,,0.0,10,13.2,,,10.0,14.4,,,10.0,13.3,10.0,6.5,10,3.2,10.0,15.0,10.0
2008-05-10T01:00+00:00,5805,,,355.0,10.0,7.0,10.0,0.5,10.0,1.9,10.0,993.0,10.0,,,92,10,0.0,10,0.0,10,,,0.0,10,12.8,,,10.0,14.1,,,10.0,13.3,10.0,6.0,10,2.1,10.0,134.0,10.0
2008-05-10T02:00+00:00,5805,,,4.0,10.0,357.0,10.0,0.6,10.0,2.0,10.0,993.1,10.0,,,92,10,0.0,10,0.0,10,,,0.0,10,12.4,,,10.0,13.9,,,10.0,13.3,10.0,5.3,10,1.9,10.0,239.0,10.0
2008-05-10T03:00+00:00,5805,,,1.0,10.0,7.0,10.0,0.5,10.0,2.1,10.0,993.2,10.0,,,92,10,0.0,10,0.0,10,,,0.0,10,12.0,,,10.0,13.7,,,10.0,13.3,10.0,4.8,10,1.3,10.0,332.0,10.0
2008-05-10T04:00+00:00,5805,,,6.0,10.0,5.0,10.0,0.7,10.0,2.5,10.0,993.4,10.0,,,92,10,0.0,10,0.0,10,,,0.0,10,11.7,,,10.0,13.4,,,10.0,13.3,10.0,4.5,10,1.0,10.0,428.0,10.0
2008-05-10T05:00+00:00,5805,,,323.0,10.0,314.0,10.0,0.9,10.0,2.6,10.0,993.7,10.0,,,88,10,0.0,10,0.0,10,,,0.5,10,11.6,,,10.0,13.2,,,10.0,13.3,10.0,6.9,10,1.6,10.0,559.0,10.0
2008-05-10T06:00+00:00,5805,,,319.0,10.0,318.0,10.0,1.5,10.0,3.5,10.0,993.7,10.0,,,70,10,0.0,10,0.0,10,,,1.0,10,11.7,,,10.0,13.0,,,10.0,13.3,10.0,10.8,10,5.1,10.0,644.0,10.0
2008-05-10T07:00+00:00,5805,,,349.0,10.0,348.0,10.0,0.6,10.0,3.1,10.0,993.8,10.0,,,54,10,0.0,10,0.0,10,,,1.0,10,12.2,,,10.0,12.9,,,10.0,13.3,10.0,14.8,10,14.4,10.0,705.0,10.0
2008-05-10T08:00+00:00,5805,,,90.0,10.0,96.0,10.0,1.8,10.0,4.5,10.0,993.9,10.0,,,51,10,0.0,10,0.0,10,,,1.0,10,12.9,,,10.0,12.9,,,10.0,13.3,10.0,15.8,10,23.7,10.0,854.0,10.0
2008-05-10T09:00+00:00,5805,,,92.0,10.0,92.0,10.0,1.7,10.0,5.7,10.0,993.8,10.0,,,49,10,0.0,10,0.0,10,,,1.0,10,13.7,,,10.0,13.0,,,10.0,13.2,10.0,16.6,10,25.9,10.0,956.0,10.0
2008-05-10T10:00+00:00,5805,,,95.0,10.0,63.0,10.0,2.4,10.0,6.3,10.0,993.7,10.0,,,48,10,0.0,10,0.0,10,,,1.0,10,14.6,,,10.0,13.2,,,10.0,13.2,10.0,18.0,10,27.5,10.0,1003.0,10.0
2008-05-10T11:00+00:00,5805,,,101.0,10.0,59.0,10.0,2.6,10.0,7.5,10.0,993.7,10.0,,,45,10,0.0,10,0.0,10,,,0.8,10,15.5,,,10.0,13.5,,,10.0,13.2,10.0,18.0,10,24.6,10.0,1118.0,10.0
2008-05-10T12:00+00:00,5805,,,100.0,10.0,41.0,10.0,2.3,10.0,6.6,10.0,993.6,10.0,,,43,10,0.0,10,0.0,10,,,0.9,10,16.5,,,10.0,13.9,,,10.0,13.1,10.0,19.0,10,26.1,10.0,1238.0,10.0
2008-05-10T13:00+00:00,5805,,,104.0,10.0,124.0,10.0,2.1,10.0,7.0,10.0,993.4,10.0,,,40,10,0.0,10,0.0,10,,,0.7,10,17.1,,,10.0,14.3,,,10.0,13.1,10.0,19.6,10,23.7,10.0,1352.0,10.0
2008-05-10T14:00+00:00,5805,,,110.0,10.0,59.0,10.0,1.5,10.0,8.1,10.0,993.0,10.0,,,40,10,0.0,10,0.0,10,,,0.7,10,17.7,,,10.0,14.7,,,10.0,13.1,10.0,19.3,10,23.6,10.0,1443.0,10.0
2008-05-10T15:00+00:00,5805,,,59.0,10.0,67.0,10.0,2.2,10.0,6.5,10.0,992.9,10.0,,,42,10,0.0,10,0.0,10,,,0.4,10,17.8,,,10.0,15.1,,,10.0,13.1,10.0,18.9,10,21.0,10.0,1554.0,10.0
2008-05-10T16:00+00:00,5805,,,73.0,10.0,111.0,10.0,2.3,10.0,6.4,10.0,992.8,10.0,,,41,10,0.0,10,0.0,10,,,0.8,10,17.7,,,10.0,15.3,,,10.0,13.1,10.0,19.4,10,20.2,10.0,1630.0,10.0
2008-05-10T17:00+00:00,5805,,,94.0,10.0,133.0,10.0,1.6,10.0,4.8,10.0,992.8,10.0,,,41,10,0.0,10,0.0,10,,,1.0,10,17.6,,,10.0,15.5,,,10.0,13.1,10.0,19.0,10,20.9,10.0,1701.0,10.0
2008-05-10T18:00+00:00,5805,,,107.0,10.0,132.0,10.0,1.3,10.0,4.2,10.0,992.9,10.0,,,44,10,0.0,10,0.0,10,,,0.9,10,17.1,,,10.0,15.6,,,10.0,13.2,10.0,17.3,10,12.7,10.0,1802.0,10.0
2008-05-10T19:00+00:00,5805,,,316.0,10.0,305.0,10.0,0.4,10.0,2.2,10.0,993.5,10.0,,,65,10,0.0,10,0.0,10,,,0.0,10,16.3,,,10.0,15.6,,,10.0,13.2,10.0,13.0,10,8.1,10.0,1958.0,10.0
2008-05-10T20:00+00:00,5805,,,336.0,10.0,356.0,10.0,1.0,10.0,2.6,10.0,993.7,10.0,,,76,10,0.0,10,0.0,10,,,0.0,10,15.6,,,10.0,15.5,,,10.0,13.3,10.0,10.9,10,6.3,10.0,2059.0,10.0
2008-05-10T21:00+00:00,5805,,,345.0,10.0,5.0,10.0,1.4,10.0,3.1,10.0,993.9,10.0,,,81,10,0.0,10,0.0,10,,,0.0,10,15.0,,,10.0,15.3,,,10.0,13.3,10.0,10.5,10,5.6,10.0,2130.0,10.0
2008-05-10T22:00+00:00,5805,,,358.0,10.0,359.0,10.0,1.2,10.0,3.0,10.0,993.9,10.0,,,87,10,0.0,10,0.0,10,,,0.0,10,14.5,,,10.0,15.1,,,10.0,13.4,10.0,9.0,10,5.2,10.0,2223.0,10.0
2008-05-10T23:00+00:00,5805,,,8.0,10.0,7.0,10.0,0.7,10.0,2.6,10.0,993.9,10.0,,,90,10,0.0,10,0.0,10,,,0.0,10,14.0,,,10.0,14.8,,,10.0,13.4,10.0,7.9,10,4.0,10.0,2347.0,10.0
2008-05-11T00:00+00:00,5805,,,5.0,10.0,327.0,10.0,0.4,10.0,2.2,10.0,994.0,10.0,,,91,10,0.0,10,0.0,10,,,0.0,10,13.5,,,10.0,14.6,,,10.0,13.4,10.0,6.9,10,3.2,10.0,19.0,10.0
2008-05-11T01:00+00:00,5805,,,335.0,10.0,347.0,10.0,0.3,10.0,2.0,10.0,994.1,10.0,,,91,10,0.0,10,0.0,10,,,0.0,10,13.1,,,10.0,14.3,,,10.0,13.5,10.0,6.3,10,2.4,10.0,159.0,10.0
2008-05-11T02:00+00:00,5805,,,354.0,10.0,7.0,10.0,0.4,10.0,2.0,10.0,994.4,10.0,,,92,10,0.0,10,0.0,10,,,0.0,10,12.7,,,10.0,14.1,,,10.0,13.5,10.0,5.5,10,2.2,10.0,256.0,10.0
2008-05-11T03:00+00:00,5805,,,315.0,10.0,350.0,10.0,0.4,10.0,1.7,10.0,994.6,10.0,,,92,10,0.0,10,0.0,10,,,0.0,10,12.3,,,10.0,13.9,,,10.0,13.5,10.0,5.0,10,1.8,10.0,309.0,10.0
2008-05-11T04:00+00:00,5805,,,346.0,10.0,359.0,10.0,0.3,10.0,1.7,10.0,994.8,10.0,,,92,10,0.0,10,0.0,10,,,0.0,10,12.0,,,10.0,13.6,,,10.0,13.5,10.0,4.8,10,1.7,10.0,423.0,10.0
2008-05-11T05:00+00:00,5805,,,317.0,10.0,357.0,10.0,0.3,10.0,1.6,10.0,995.0,10.0,,,91,10,0.0,10,0.0,10,,,0.5,10,11.9,,,10.0,13.4,,,10.0,13.5,10.0,7.6,10,2.3,10.0,542.0,10.0
2008-05-11T06:00+00:00,5805,,,60.0,10.0,93.0,10.0,1.2,10.0,5.0,10.0,995.1,10.0,,,60,10,0.0,10,0.0,10,,,1.0,10,12.2,,,10.0,13.3,,,10.0,13.5,10.0,13.6,10,8.2,10.0,653.0,10.0
2008-05-11T07:00+00:00,5805,,,94.0,10.0,104.0,10.0,2.6,10.0,6.4,10.0,995.3,10.0,,,48,10,0.0,10,0.0,10,,,1.0,10,12.8,,,10.0,13.2,,,10.0,13.4,10.0,15.0,10,17.3,10.0,755.0,10.0
2008-05-11T08:00+00:00,5805,,,111.0,10.0,118.0,10.0,2.7,10.0,6.5,10.0,995.2,10.0,,,45,10,0.0,10,0.0,10,,,1.0,10,13.4,,,10.0,13.2,,,10.0,13.4,10.0,16.1,10,22.5,10.0,833.0,10.0
2008-05-11T09:00+00:00,5805,,,120.0,10.0,99.0,10.0,2.4,10.0,5.8,10.0,995.2,10.0,,,43,10,0.0,10,0.0,10,,,1.0,10,14.2,,,10.0,13.3,,,10.0,13.4,10.0,17.2,10,26.2,10.0,924.0,10.0
2008-05-11T10:00+00:00,5805,,,122.0,10.0,42.0,10.0,2.4,10.0,6.4,10.0,995.1,10.0,,,36,10,0.0,10,0.0,10,,,1.0,10,15.0,,,10.0,13.5,,,10.0,13.4,10.0,18.1,10,28.4,10.0,1027.0,10.0
2008-05-11T11:00+00:00,5805,,,126.0,10.0,113.0,10.0,2.3,10.0,6.9,10.0,995.0,10.0,,,35,10,0.0,10,0.0,10,,,1.0,10,15.9,,,10.0,13.8,,,10.0,13.3,10.0,19.3,10,29.4,10.0,1111.0,10.0
2008-05-11T12:00+00:00,5805,,,130.0,10.0,100.0,10.0,2.0,10.0,6.3,10.0,994.6,10.0,,,35,10,0.0,10,0.0,10,,,1.0,10,16.9,,,10.0,14.2,,,10.0,13.3,10.0,19.2,10,30.9,10.0,1250.0,10.0
2008-05-11T13:00+00:00,5805,,,129.0,10.0,113.0,10.0,1.7,10.0,7.0,10.0,994.2,10.0,,,34,10,0.0,10,0.0,10,,,1.0,10,17.8,,,10.0,14.6,,,10.0,13.3,10.0,19.9,10,30.6,10.0,1306.0,10.0
2008-05-11T14:00+00:00,5805,,,106.0,10.0,118.0,10.0,1.7,10.0,7.0,10.0,993.5,10.0,,,34,10,0.0,10,0.0,10,,,0.9,10,18.3,,,10.0,15.0,,,10.0,13.3,10.0,19.9,10,28.0,10.0,1408.0,10.0
2008-05-11T15:00+00:00,5805,,,149.0,10.0,154.0,10.0,1.6,10.0,5.6,10.0,993.3,10.0,,,35,10,0.0,10,0.0,10,,,0.9,10,18.5,,,10.0,15.4,,,10.0,13.3,10.0,19.9,10,26.8,10.0,1511.0,10.0
2008-05-11T16:00+00:00,5805,,,117.0,10.0,42.0,10.0,0.9,10.0,5.3,10.0,992.9,10.0,,,35,10,0.0,10,0.0,10,,,1.0,10,18.6,,,10.0,15.8,,,10.0,13.3,10.0,20.2,10,28.9,10.0,1623.0,10.0
2008-05-11T17:00+00:00,5805,,,183.0,10.0,164.0,10.0,0.7,10.0,4.4,10.0,992.7,10.0,,,36,10,0.0,10,0.0,10,,,1.0,10,18.5,,,10.0,16.0,,,10.0,13.3,10.0,19.2,10,19.7,10.0,1720.0,10.0
2008-05-11T18:00+00:00,5805,,,154.0,10.0,108.0,10.0,0.8,10.0,3.8,10.0,992.5,10.0,,,40,10,0.0,10,0.0,10,,,1.0,10,17.7,,,10.0,16.1,,,10.0,13.4,10.0,17.3,10,12.3,10.0,1900.0,10.0
2008-05-11T19:00+00:00,5805,,,340.0,10.0,355.0,10.0,0.9,10.0,2.4,10.0,993.0,10.0,,,57,10,0.0,10,0.0,10,,,0.0,10,16.9,,,10.0,16.1,,,10.0,13.4,10.0,13.2,10,8.4,10.0,1909.0,10.0
2008-05-11T20:00+00:00,5805,,,344.0,10.0,356.0,10.0,1.1,10.0,2.6,10.0,993.2,10.0,,,73,10,0.0,10,0.0,10,,,0.0,10,16.1,,,10.0,15.9,,,10.0,13.5,10.0,10.6,10,5.6,10.0,2055.0,10.0
2008-05-11T21:00+00:00,5805,,,355.0,10.0,358.0,10.0,1.5,10.0,2.7,10.0,993.3,10.0,,,81,10,0.0,10,0.0,10,,,0.0,10,15.3,,,10.0,15.7,,,10.0,13.5,10.0,9.1,10,4.3,10.0,2112.0,10.0
2008-05-11T22:00+00:00,5805,,,355.0,10.0,5.0,10.0,0.9,10.0,3.0,10.0,993.1,10.0,,,86,10,0.0,10,0.0,10,,,0.0,10,14.7,,,10.0,15.4,,,10.0,13.6,10.0,8.2,10,3.8,10.0,2212.0,10.0
2008-05-11T23:00+00:00,5805,,,345.0,10.0,332.0,10.0,0.5,10.0,2.5,10.0,993.0,10.0,,,88,10,0.0,10,0.0,10,,,0.0,10,14.1,,,10.0,15.2,,,10.0,13.6,10.0,7.2,10,3.1,10.0,2343.0,10.0
2008-05-12T00:00+00:00,5805,,,350.0,10.0,357.0,10.0,0.7,10.0,2.4,10.0,992.7,10.0,,,89,10,0.0,10,0.0,10,,,0.0,10,13.6,,,10.0,14.9,,,10.0,13.6,10.0,6.6,10,2.8,10.0,54.0,10.0
2008-05-12T01:00+00:00,5805,,,358.0,10.0,5.0,10.0,0.6,10.0,2.4,10.0,992.6,10.0,,,91,10,0.0,10,0.0,10,,,0.0,10,13.2,,,10.0,14.6,,,10.0,13.7,10.0,5.9,10,2.0,10.0,128.0,10.0
2008-05-12T02:00+00:00,5805,,,358.0,10.0,5.0,10.0,0.8,10.0,2.2,10.0,992.4,10.0,,,91,10,0.0,10,0.0,10,,,0.0,10,12.8,,,10.0,14.3,,,10.0,13.7,10.0,5.8,10,1.8,10.0,247.0,10.0
2008-05-12T03:00+00:00,5805,,,360.0,10.0,4.0,10.0,0.5,10.0,2.1,10.0,992.2,10.0,,,91,10,0.0,10,0.0,10,,,0.0,10,12.4,,,10.0,14.1,,,10.0,13.7,10.0,5.3,10,1.6,10.0,354.0,10.0
2008-05-12T04:00+00:00,5805,,,1.0,10.0,4.0,10.0,0.8,10.0,2.3,10.0,992.2,10.0,,,91,10,0.0,10,0.0,10,,,0.0,10,12.1,,,10.0,13.8,,,10.0,13.7,10.0,5.0,10,1.3,10.0,406.0,10.0
2008-05-12T05:00+00:00,5805,,,316.0,10.0,317.0,10.0,1.1,10.0,2.7,10.0,992.2,10.0,,,82,10,0.0,10,0.0,10,,,0.5,10,12.0,,,10.0,13.6,,,10.0,13.7,10.0,7.6,10,2.1,10.0,553.0,10.0
2008-05-12T06:00+00:00,5805,,,324.0,10.0,351.0,10.0,1.3,10.0,3.4,10.0,992.4,10.0,,,66,10,0.0,10,0.0,10,,,1.0,10,12.2,,,10.0,13.4,,,10.0,13.7,10.0,11.6,10,5.8,10.0,648.0,10.0
2008-05-12T07:00+00:00,5805,,,341.0,10.0,330.0,10.0,0.4,10.0,3.0,10.0,992.5,10.0,,,52,10,0.0,10,0.0,10,,,1.0,10,12.7,,,10.0,13.3,,,10.0,13.7,10.0,16.5,10,15.3,10.0,701.0,10.0
2008-05-12T08:00+00:00,5805,,,132.0,10.0,138.0,10.0,1.4,10.0,4.6,10.0,992.5,10.0,,,40,10,0.0,10,0.0,10,,,1.0,10,13.5,,,10.0,13.4,,,10.0,13.6,10.0,19.0,10,24.7,10.0,857.0,10.0
2008-05-12T09:00+00:00,5805,,,122.0,10.0,139.0,10.0,1.7,10.0,4.6,10.0,992.5,10.0,,,38,10,0.0,10,0.0,10,,,1.0,10,14.4,,,10.0,13.5,,,10.0,13.6,10.0,20.0,10,29.3,10.0,945.0,10.0
2008-05-12T10:00+00:00,5805,,,155.0,10.0,148.0,10.0,0.5,10.0,5.9,10.0,992.1,10.0,,,38,10,0.0,10,0.0,10,,,1.0,10,15.3,,,10.0,13.7,,,10.0,13.6,10.0,20.8,10,29.6,10.0,1034.0,10.0
2008-05-12T11:00+00:00,5805,,,103.0,10.0,113.0,10.0,1.6,10.0,5.4,10.0,991.8,10.0,,,37,10,0.0,10,0.0,10,,,1.0,10,16.3,,,10.0,14.0,,,10.0,13.5,10.0,21.3,10,30.9,10.0,1109.0,10.0
2008-05-12T12:00+00:00,5805,,,133.0,10.0,140.0,10.0,1.2,10.0,6.3,10.0,991.4,10.0,,,36,10,0.0,10,0.0,10,,,1.0,10,17.4,,,10.0,14.4,,,10.0,13.5,10.0,21.7,10,32.0,10.0,1246.0,10.0
2008-05-12T13:00+00:00,5805,,,144.0,10.0,141.0,10.0,0.6,10.0,6.2,10.0,991.1,10.0,,,36,10,0.0,10,0.0,10,,,1.0,10,18.2,,,10.0,14.9,,,10.0,13.5,10.0,21.7,10,32.2,10.0,1355.0,10.0
2008-05-12T14:00+00:00,5805,,,149.0,10.0,131.0,10.0,0.7,10.0,6.3,10.0,990.7,10.0,,,35,10,0.0,10,0.0,10,,,1.0,10,18.8,,,10.0,15.3,,,10.0,13.5,10.0,22.1,10,32.4,10.0,1455.0,10.0
2008-05-12T15:00+00:00,5805,,,117.0,10.0,150.0,10.0,1.0,10.0,5.6,10.0,990.3,10.0,,,35,10,0.0,10,0.0,10,,,1.0,10,19.2,,,10.0,15.8,,,10.0,13.5,10.0,22.7,10,32.1,10.0,1515.0,10.0
2008-05-12T16:00+00:00,5805,,,146.0,10.0,156.0,10.0,1.3,10.0,5.0,10.0,990.1,10.0,,,35,10,0.0,10,0.0,10,,,1.0,10,19.3,,,10.0,16.1,,,10.0,13.5,10.0,22.3,10,29.5,10.0,1619.0,10.0
2008-05-12T17:00+00:00,5805,,,135.0,10.0,147.0,10.0,1.4,10.0,4.4,10.0,990.0,10.0,,,36,10,0.0,10,0.0,10,,,1.0,10,19.1,,,10.0,16.4,,,10.0,13.5,10.0,21.4,10,22.0,10.0,1701.0,10.0
2008-05-12T18:00+00:00,5805,,,158.0,10.0,138.0,10.0,0.5,10.0,4.1,10.0,990.1,10.0,,,43,10,0.0,10,0.0,10,,,0.5,10,18.4,,,10.0,16.5,,,10.0,13.6,10.0,18.4,10,13.7,10.0,1804.0,10.0
2008-05-12T19:00+00:00,5805,,,307.0,10.0,356.0,10.0,0.6,10.0,2.0,10.0,990.4,10.0,,,65,10,0.0,10,0.0,10,,,0.0,10,17.6,,,10.0,16.5,,,10.0,13.6,10.0,14.4,10,9.4,10.0,1925.0,10.0
2008-05-12T20:00+00:00,5805,,,327.0,10.0,358.0,10.0,0.7,10.0,1.9,10.0,990.7,10.0,,,75,10,0.0,10,0.0,10,,,0.0,10,16.8,,,10.0,16.4,,,10.0,13.7,10.0,12.3,10,7.1,10.0,2049.0,10.0
2008-05-12T21:00+00:00,5805,,,348.0,10.0,359.0,10.0,1.1,10.0,2.5,10.0,990.7,10.0,,,81,10,0.0,10,0.0,10,,,0.0,10,16.0,,,10.0,16.2,,,10.0,13.7,10.0,10.8,10,6.1,10.0,2157.0,10.0
2008-05-12T22:00+00:00,5805,,,353.0,10.0,359.0,10.0,1.5,10.0,2.8,10.0,990.8,10.0,,,86,10,0.0,10,0.0,10,,,0.0,10,15.4,,,10.0,15.9,,,10.0,13.8,10.0,9.5,10,5.4,10.0,2208.0,10.0
2008-05-12T23:00+00:00,5805,,,346.0,10.0,1.0,10.0,0.9,10.0,2.6,10.0,990.7,10.0,,,88,10,0.0,10,0.0,10,,,0.0,10,14.9,,,10.0,15.7,,,10.0,13.8,10.0,8.7,10,4.6,10.0,2315.0,10.0
2008-05-13T00:00+00:00,5805,,,350.0,10.0,359.0,10.0,0.5,10.0,2.1,10.0,990.5,10.0,,,90,10,0.0,10,0.0,10,,,0.0,10,14.4,,,10.0,15.4,,,10.0,13.9,10.0,8.0,10,4.0,10.0,21.0,10.0
2008-05-13T01:00+00:00,5805,,,356.0,10.0,358.0,10.0,0.6,10.0,1.9,10.0,990.5,10.0,,,91,10,0.0,10,0.0,10,,,0.0,10,13.9,,,10.0,15.1,,,10.0,13.9,10.0,7.3,10,3.6,10.0,125.0,10.0
2008-05-13T02:00+00:00,5805,,,350.0,10.0,3.0,10.0,0.5,10.0,1.8,10.0,990.5,10.0,,,91,10,0.0,10,0.0,10,,,0.0,10,13.5,,,10.0,14.9,,,10.0,14.0,10.0,6.7,10,3.0,10.0,300.0,10.0
2008-05-13T03:00+00:00,5805,,,357.0,10.0,359.0,10.0,0.6,10.0,2.9,10.0,990.3,10.0,,,91,10,0.0,10,0.0,10,,,0.0,10,13.1,,,10.0,14.6,,,10.0,14.0,10.0,6.3,10,2.6,10.0,301.0,10.0
2008-05-13T04:00+00:00,5805,,,7.0,10.0,8.0,10.0,0.5,10.0,1.8,10.0,990.6,10.0,,,92,10,0.0,10,0.0,10,,,0.0,10,12.8,,,10.0,14.4,,,10.0,14.0,10.0,6.3,10,2.4,10.0,445.0,10.0
2008-05-13T05:00+00:00,5805,,,5.0,10.0,349.0,10.0,0.7,10.0,3.2,10.0,990.8,10.0,,,86,10,0.0,10,0.0,10,,,0.5,10,12.6,,,10.0,14.1,,,10.0,14.0,10.0,8.1,10,3.3,10.0,555.0,10.0
2008-05-13T06:00+00:00,5805,,,348.0,10.0,3.0,10.0,1.3,10.0,3.0,10.0,990.7,10.0,,,70,10,0.0,10,0.0,10,,,1.0,10,12.9,,,10.0,14.0,,,10.0,14.0,10.0,12.8,10,6.4,10.0,609.0,10.0
2008-05-13T07:00+00:00,5805,,,102.0,10.0,102.0,10.0,0.2,10.0,2.8,10.0,990.6,10.0,,,53,10,0.0,10,0.0,10,,,1.0,10,13.4,,,10.0,13.9,,,10.0,14.0,10.0,17.2,10,17.0,10.0,751.0,10.0
2008-05-13T08:00+00:00,5805,,,108.0,10.0,58.0,10.0,1.6,10.0,4.7,10.0,990.3,10.0,,,46,10,0.0,10,0.0,10,,,1.0,10,14.1,,,10.0,13.9,,,10.0,13.9,10.0,19.8,10,25.5,10.0,832.0,10.0
2008-05-13T09:00+00:00,5805,,,112.0,10.0,118.0,10.0,2.5,10.0,6.3,10.0,990.1,10.0,,,38,10,0.0,10,0.0,10,,,1.0,10,15.0,,,10.0,14.0,,,10.0,13.9,10.0,21.5,10,30.0,10.0,949.0,10.0
2008-05-13T10:00+00:00,5805,,,132.0,10.0,123.0,10.0,2.2,10.0,6.9,10.0,989.7,10.0,,,38,10,0.0,10,0.0,10,,,1.0,10,15.9,,,10.0,14.2,,,10.0,13.9,10.0,22.1,10,30.7,10.0,1039.0,10.0
2008-05-13T11:00+00:00,5805,,,127.0,10.0,95.0,10.0,2.4,10.0,7.2,10.0,989.2,10.0,,,36,10,0.0,10,0.0,10,,,1.0,10,16.9,,,10.0,14.5,,,10.0,13.9,10.0,22.8,10,32.2,10.0,1200.0,10.0
2008-05-13T12:00+00:00,5805,,,122.0,10.0,126.0,10.0,2.6,10.0,7.5,10.0,988.7,10.0,,,34,10,0.0,10,0.0,10,,,1.0,10,17.8,,,10.0,14.9,,,10.0,13.8,10.0,22.9,10,31.7,10.0,1241.0,10.0
2008-05-13T13:00+00:00,5805,,,115.0,10.0,128.0,10.0,2.7,10.0,8.2,10.0,988.0,10.0,,,35,10,0.0,10,0.0,10,,,1.0,10,18.7,,,10.0,15.4,,,10.0,13.8,10.0,23.6,10,33.5,10.0,1344.0,10.0
2008-05-13T14:00+00:00,5805,,,133.0,10.0,102.0,10.0,2.4,10.0,9.2,10.0,987.4,10.0,,,35,10,0.0,10,0.0,10,,,1.0,10,19.4,,,10.0,15.8,,,10.0,13.8,10.0,23.7,10,32.8,10.0,1417.0,10.0
2008-05-13T15:00+00:00,5805,,,131.0,10.0,128.0,10.0,2.3,10.0,6.9,10.0,986.9,10.0,,,35,10,0.0,10,0.0,10,,,1.0,10,19.7,,,10.0,16.3,,,10.0,13.8,10.0,23.3,10,31.8,10.0,1537.0,10.0
2008-05-13T16:00+00:00,5805,,,123.0,10.0,139.0,10.0,2.1,10.0,6.0,10.0,986.6,10.0,,,34,10,0.0,10,0.0,10,,,0.9,10,19.7,,,10.0,16.6,,,10.0,13.8,10.0,22.9,10,25.7,10.0,1641.0,10.0
2008-05-13T17:00+00:00,5805,,,119.0,10.0,163.0,10.0,1.9,10.0,5.4,10.0,986.5,10.0,,,36,10,0.0,10,0.0,10,,,1.0,10,19.5,,,10.0,16.9,,,10.0,13.9,10.0,22.0,10,20.3,10.0,1720.0,10.0
2008-05-13T18:00+00:00,5805,,,117.0,10.0,99.0,10.0,1.7,10.0,5.0,10.0,986.7,10.0,,,38,10,0.0,10,0.0,10,,,1.0,10,18.7,,,10.0,16.9,,,10.0,13.9,10.0,20.4,10,14.8,10.0,1813.0,10.0
2008-05-13T19:00+00:00,5805,,,43.0,10.0,117.0,10.0,0.1,10.0,3.5,10.0,987.1,10.0,,,55,10,0.0,10,0.0,10,,,0.0,10,17.9,,,10.0,16.9,,,10.0,13.9,10.0,16.1,10,10.1,10.0,1915.0,10.0
2008-05-13T20:00+00:00,5805,,,303.0,10.0,318.0,10.0,0.7,10.0,1.7,10.0,987.5,10.0,,,71,10,0.0,10,0.0,10,,,0.0,10,17.1,,,10.0,16.7,,,10.0,14.0,10.0,13.2,10,8.0,10.0,2015.0,10.0
2008-05-13T21:00+00:00,5805,,,348.0,10.0,359.0,10.0,0.8,10.0,2.4,10.0,987.8,10.0,,,80,10,0.0,10,0.0,10,,,0.0,10,16.4,,,10.0,16.5,,,10.0,14.1,10.0,11.6,10,7.0,10.0,2131.0,10.0
2008-05-13T22:00+00:00,5805,,,346.0,10.0,5.0,10.0,1.4,10.0,2.7,10.0,988.0,10.0,,,85,10,0.0,10,0.0,10,,,0.0,10,15.8,,,10.0,16.3,,,10.0,14.1,10.0,10.4,10,6.5,10.0,2250.0,10.0
2008-05-13T23:00+00:00,5805,,,352.0,10.0,357.0,10.0,1.5,10.0,3.1,10.0,988.1,10.0,,,89,10,0.0,10,0.0,10,,,0.0,10,15.3,,,10.0,16.0,,,10.0,14.2,10.0,9.5,10,5.4,10.0,2334.0,10.0
2008-05-14T00:00+00:00,5805,,,340.0,10.0,358.0,10.0,0.7,10.0,3.5,10.0,987.9,10.0,,,90,10,0.0,10,0.0,10,,,0.0,10,14.8,,,10.0,15.7,,,10.0,14.2,10.0,8.6,10,4.9,10.0,22.0,10.0
2008-05-14T01:00+00:00,5805,,,347.0,10.0,355.0,10.0,0.6,10.0,2.0,10.0,988.0,10.0,,,91,10,0.0,10,0.0,10,,,0.0,10,14.3,,,10.0,15.5,,,10.0,14.2,10.0,8.0,10,3.8,10.0,101.0,10.0
2008-05-14T02:00+00:00,5805,,,354.0,10.0,7.0,10.0,0.3,10.0,1.8,10.0,988.0,10.0,,,92,10,0.0,10,0.0,10,,,0.0,10,13.9,,,10.0,15.2,,,10.0,14.3,10.0,7.3,10,3.4,10.0,202.0,10.0
2008-05-14T03:00+00:00,5805,,,358.0,10.0,359.0,10.0,0.5,10.0,1.7,10.0,987.8,10.0,,,92,10,0.0,10,0.0,10,,,0.0,10,13.5,,,10.0,15.0,,,10.0,14.3,10.0,6.9,10,3.0,10.0,303.0,10.0
2008-05-14T04:00+00:00,5805,,,13.0,10.0,3.0,10.0,0.5,10.0,2.6,10.0,987.9,10.0,,,92,10,0.0,10,0.0,10,,,0.0,10,13.2,,,10.0,14.7,,,10.0,14.3,10.0,6.6,10,2.9,10.0,422.0,10.0
2008-05-14T05:00+00:00,5805,,,327.0,10.0,341.0,10.0,0.8,10.0,3.3,10.0,988.0,10.0,,,87,10,0.0,10,0.0,10,,,0.6,10,13.1,,,10.0,14.5,,,10.0,14.3,10.0,9.6,10,3.6,10.0,557.0,10.0
2008-05-14T06:00+00:00,5805,,,332.0,10.0,317.0,10.0,1.6,10.0,3.4,10.0,988.0,10.0,,,75,10,0.0,10,0.0,10,,,1.0,10,13.3,,,10.0,14.3,,,10.0,14.3,10.0,12.9,10,7.9,10.0,612.0,10.0
2008-05-14T07:00+00:00,5805,,,167.0,10.0,131.0,10.0,0.3,10.0,3.5,10.0,988.2,10.0,,,56,10,0.0,10,0.0,10,,,1.0,10,13.8,,,10.0,14.2,,,10.0,14.2,10.0,17.3,10,16.7,10.0,755.0,10.0
2008-05-14T08:00+00:00,5805,,,122.0,10.0,120.0,10.0,1.9,10.0,5.1,10.0,988.3,10.0,,,52,10,0.0,10,0.0,10,,,1.0,10,14.6,,,10.0,14.3,,,10.0,14.2,10.0,18.7,10,26.0,10.0,856.0,10.0
2008-05-14T09:00+00:00,5805,,,89.0,10.0,44.0,10.0,1.6,10.0,5.6,10.0,988.2,10.0,,,48,10,0.0,10,0.0,10,,,1.0,10,15.4,,,10.0,14.4,,,10.0,14.2,10.0,20.2,10,29.8,10.0,927.0,10.0
2008-05-14T10:00+00:00,5805,,,87.0,10.0,43.0,10.0,1.6,10.0,5.3,10.0,987.7,10.0,,,43,10,0.0,10,0.0,10,,,1.0,10,16.2,,,10.0,14.6,,,10.0,14.2,10.0,22.3,10,30.9,10.0,1016.0,10.0
2008-05-14T11:00+00:00,5805,,,114.0,10.0,123.0,10.0,1.7,10.0,5.5,10.0,987.0,10.0,,,42,10,0.0,10,0.0,10,,,1.0,10,17.2,,,10.0,14.9,,,10.0,14.1,10.0,22.9,10,32.6,10.0,1159.0,10.0
2008-05-14T12:00+00:00,5805,,,64.0,10.0,49.0,10.0,2.2,10.0,6.9,10.0,986.6,10.0,,,37,10,0.0,10,0.0,10,,,1.0,10,18.0,,,10.0,15.3,,,10.0,14.1,10.0,23.5,10,32.5,10.0,1244.0,10.0
2008-05-14T13:00+00:00,5805,,,114.0,10.0,131.0,10.0,1.4,10.0,5.6,10.0,986.1,10.0,,,34,10,0.0,10,0.0,10,,,1.0,10,18.8,,,10.0,15.7,,,10.0,14.1,10.0,23.5,10,21.7,10.0,1328.0,10.0
2008-05-14T14:00+00:00,5805,,,139.0,10.0,201.0,10.0,1.4,10.0,5.8,10.0,985.5,10.0,,,35,10,0.0,10,0.0,10,,,1.0,10,19.1,,,10.0,16.1,,,10.0,14.1,10.0,23.7,10,21.1,10.0,1403.0,10.0
2008-05-14T15:00+00:00,5805,,,120.0,10.0,133.0,10.0,1.3,10.0,6.2,10.0,985.4,10.0,,,37,10,0.0,10,0.0,10,,,1.0,10,19.3,,,10.0,16.5,,,10.0,14.1,10.0,23.1,10,20.7,10.0,1558.0,10.0
2008-05-14T16:00+00:00,5805,,,112.0,10.0,105.0,10.0,1.9,10.0,5.7,10.0,985.1,10.0,,,38,10,0.0,10,0.0,10,,,1.0,10,19.2,,,10.0,16.8,,,10.0,14.1,10.0,22.8,10,19.4,10.0,1604.0,10.0
2008-05-14T17:00+00:00,5805,,,114.0,10.0,49.0,10.0,1.4,10.0,4.3,10.0,985.3,10.0,,,40,10,0.0,10,0.0,10,,,1.0,10,18.9,,,10.0,16.9,,,10.0,14.1,10.0,21.9,10,15.0,10.0,1702.0,10.0
2008-05-14T18:00+00:00,5805,,,142.0,10.0,150.0,10.0,1.4,10.0,4.7,10.0,985.6,10.0,,,43,10,0.0,10,0.0,10,,,0.7,10,18.2,,,10.0,17.0,,,10.0,14.2,10.0,20.5,10,13.2,10.0,1834.0,10.0
2008-05-14T19:00+00:00,5805,,,333.0,10.0,146.0,10.0,0.2,10.0,2.7,10.0,986.1,10.0,,,64,10,0.0,10,0.0,10,,,0.0,10,17.6,,,10.0,16.9,,,10.0,14.2,10.0,16.0,10,10.9,10.0,1902.0,10.0
2008-05-14T20:00+00:00,5805,,,331.0,10.0,11.0,10.0,0.5,10.0,2.1,10.0,986.5,10.0,,,80,10,0.0,10,0.0,10,,,0.0,10,17.0,,,10.0,16.8,,,10.0,14.3,10.0,13.6,10,9.9,10.0,2003.0,10.0
2008-05-14T21:00+00:00,5805,,,332.0,10.0,359.0,10.0,0.6,10.0,2.2,10.0,986.3,10.0,,,83,10,0.0,10,0.0,10,,,0.0,10,16.5,,,10.0,16.6,,,10.0,14.3,10.0,12.5,10,8.9,10.0,2135.0,10.0
2008-05-14T22:00+00:00,5805,,,349.0,10.0,2.0,10.0,0.9,10.0,2.3,10.0,986.2,10.0,,,87,10,0.0,10,0.0,10,,,0.0,10,16.0,,,10.0,16.4,,,10.0,14.4,10.0,11.3,10,8.0,10.0,2259.0,10.0
2008-05-14T23:00+00:00,5805,,,347.0,10.0,359.0,10.0,1.4,10.0,2.7,10.0,985.9,10.0,,,88,10,0.0,10,0.0,10,,,0.0,10,15.5,,,10.0,16.2,,,10.0,14.4,10.0,10.3,10,7.2,10.0,2341.0,10.0
2008-05-15T00:00+00:00,5805,,,349.0,10.0,359.0,10.0,1.5,10.0,2.7,10.0,985.5,10.0,,,90,10,0.0,10,0.0,10,,,0.0,10,15.1,,,10.0,16.0,,,10.0,14.5,10.0,9.6,10,6.2,10.0,7.0,10.0
2008-05-15T01:00+00:00,5805,,,347.0,10.0,2.0,10.0,0.9,10.0,2.9,10.0,985.0,10.0,,,91,10,0.0,10,0.0,10,,,0.0,10,14.7,,,10.0,15.7,,,10.0,14.5,10.0,8.9,10,5.8,10.0,133.0,10.0
2008-05-15T02:00+00:00,5805,,,336.0,10.0,359.0,10.0,0.6,10.0,2.5,10.0,984.7,10.0,,,91,10,0.0,10,0.0,10,,,0.0,10,14.3,,,10.0,15.5,,,10.0,14.5,10.0,8.3,10,5.1,10.0,217.0,10.0
2008-05-15T03:00+00:00,5805,,,360.0,10.0,3.0,10.0,0.7,10.0,2.8,10.0,984.5,10.0,,,92,10,0.0,10,0.0,10,,,0.0,10,13.9,,,10.0,15.3,,,10.0,14.5,10.0,7.9,10,4.6,10.0,352.0,10.0
2008-05-15T04:00+00:00,5805,,,360.0,10.0,1.0,10.0,0.4,10.0,2.1,10.0,984.6,10.0,,,92,10,0.0,10,0.0,10,,,0.0,10,13.6,,,10.0,15.0,,,10.0,14.5,10.0,7.9,10,4.4,10.0,427.0,10.0
2008-05-15T05:00+00:00,5805,,,354.0,10.0,359.0,10.0,1.2,10.0,3.3,10.0,984.7,10.0,,,87,10,0.0,10,0.0,10,,,0.6,10,13.5,,,10.0,14.8,,,10.0,14.5,10.0,10.6,10,5.3,10.0,557.0,10.0
2008-05-15T06:00+00:00,5805,,,339.0,10.0,6.0,10.0,1.2,10.0,2.7,10.0,984.5,10.0,,,74,10,0.0,10,0.0,10,,,1.0,10,13.6,,,10.0,14.6,,,10.0,14.5,10.0,13.5,10,9.5,10.0,700.0,10.0
2008-05-15T07:00+00:00,5805,,,284.0,10.0,308.0,10.0,0.5,10.0,2.0,10.0,984.5,10.0,,,60,10,0.0,10,0.0,10,,,1.0,10,14.0,,,10.0,14.5,,,10.0,14.5,10.0,16.8,10,17.3,10.0,759.0,10.0
2008-05-15T08:00+00:00,5805,,,147.0,10.0,3.0,10.0,0.1,10.0,2.2,10.0,984.5,10.0,,,54,10,0.0,10,0.0,10,,,1.0,10,14.7,,,10.0,14.5,,,10.0,14.5,10.0,19.3,10,22.4,10.0,824.0,10.0
2008-05-15T09:00+00:00,5805,,,119.0,10.0,12.0,10.0,0.4,10.0,3.8,10.0,984.1,10.0,,,48,10,0.0,10,0.0,10,,,1.0,10,15.5,,,10.0,14.6,,,10.0,14.5,10.0,21.3,10,28.7,10.0,904.0,10.0
2008-05-15T10:00+00:00,5805,,,45.0,10.0,147.0,10.0,0.3,10.0,4.1,10.0,983.8,10.0,,,42,10,0.0,10,0.0,10,,,1.0,10,16.5,,,10.0,14.9,,,10.0,14.4,10.0,22.8,10,30.6,10.0,1050.0,10.0
2008-05-15T11:00+00:00,5805,,,327.0,10.0,311.0,10.0,1.2,10.0,4.6,10.0,983.3,10.0,,,37,10,0.0,10,0.0,10,,,1.0,10,17.4,,,10.0,15.2,,,10.0,14.4,10.0,24.0,10,31.5,10.0,1107.0,10.0
2008-05-15T12:00+00:00,5805,,,357.0,10.0,311.0,10.0,0.9,10.0,4.3,10.0,983.0,10.0,,,34,10,0.0,10,0.0,10,,,1.0,10,18.3,,,10.0,15.6,,,10.0,14.4,10.0,25.5,10,32.8,10.0,1243.0,10.0
2008-05-15T13:00+00:00,5805,,,337.0,10.0,323.0,10.0,1.4,10.0,5.1,10.0,982.1,10.0,,,31,10,0.0,10,0.0,10,,,1.0,10,19.1,,,10.0,16.0,,,10.0,14.4,10.0,26.2,10,33.5,10.0,1320.0,10.0
2008-05-15T14:00+00:00,5805,,,315.0,10.0,71.0,10.0,1.3,10.0,5.7,10.0,981.7,10.0,,,30,10,0.0,10,0.0,10,,,1.0,10,19.8,,,10.0,16.5,,,10.0,14.4,10.0,26.2,10,34.0,10.0,1401.0,10.0
2008-05-15T15:00+00:00,5805,,,187.0,10.0,124.0,10.0,0.3,10.0,5.0,10.0,981.5,10.0,,,37,10,0.0,10,0.0,10,,,1.0,10,20.2,,,10.0,16.9,,,10.0,14.4,10.0,25.1,10,33.0,10.0,1548.0,10.0
2008-05-15T16:00+00:00,5805,,,131.0,10.0,93.0,10.0,1.3,10.0,5.0,10.0,980.9,10.0,,,37,10,0.0,10,0.0,10,,,0.9,10,20.4,,,10.0,17.3,,,10.0,14.4,10.0,24.7,10,26.3,10.0,1623.0,10.0
2008-05-15T17:00+00:00,5805,,,171.0,10.0,164.0,10.0,0.8,10.0,5.0,10.0,980.9,10.0,,,39,10,0.0,10,0.0,10,,,1.0,10,20.2,,,10.0,17.6,,,10.0,14.4,10.0,23.3,10,22.6,10.0,1732.0,10.0
2008-05-15T18:00+00:00,5805,,,34.0,10.0,143.0,10.0,0.4,10.0,3.7,10.0,980.8,10.0,,,46,10,0.0,10,0.0,10,,,0.9,10,19.6,,,10.0,17.7,,,10.0,14.5,10.0,20.7,10,15.4,10.0,1802.0,10.0
2008-05-15T19:00+00:00,5805,,,300.0,10.0,333.0,10.0,0.2,10.0,1.8,10.0,981.1,10.0,,,68,10,0.0,10,0.0,10,,,0.0,10,18.8,,,10.0,17.7,,,10.0,14.5,10.0,16.5,10,11.6,10.0,1949.0,10.0
2008-05-15T20:00+00:00,5805,,,301.0,10.0,347.0,10.0,0.3,10.0,1.7,10.0,981.2,10.0,,,77,10,0.0,10,0.0,10,,,0.0,10,18.0,,,10.0,17.6,,,10.0,14.6,10.0,14.3,10,9.5,10.0,2007.0,10.0
2008-05-15T21:00+00:00,5805,,,331.0,10.0,321.0,10.0,0.6,10.0,1.8,10.0,981.2,10.0,,,82,10,0.0,10,0.0,10,,,0.0,10,17.4,,,10.0,17.4,,,10.0,14.6,10.0,12.9,10,8.9,10.0,2117.0,10.0
2008-05-15T22:00+00:00,5805,,,354.0,10.0,3.0,10.0,0.7,10.0,2.0,10.0,981.2,10.0,,,85,10,0.0,10,0.0,10,,,0.0,10,16.8,,,10.0,17.1,,,10.0,14.7,10.0,12.2,10,8.6,10.0,2227.0,10.0
2008-05-15T23:00+00:00,5805,,,343.0,10.0,3.0,10.0,1.1,10.0,2.4,10.0,981.3,10.0,,,87,10,0.0,10,0.0,10,,,0.0,10,16.3,,,10.0,16.9,,,10.0,14.7,10.0,11.0,10,7.6,10.0,2356.0,10.0
2008-05-16T00:00+00:00,5805,,,335.0,10.0,320.0,10.0,1.4,10.0,2.8,10.0,981.1,10.0,,,88,10,0.0,10,0.0,10,,,0.0,10,15.8,,,10.0,16.6,,,10.0,14.8,10.0,11.1,10,7.4,10.0,58.0,10.0
2008-05-16T01:00+00:00,5805,,,330.0,10.0,321.0,10.0,1.4,10.0,2.7,10.0,981.0,10.0,,,86,10,0.0,10,4.0,10,,,0.0,10,15.6,,,10.0,16.4,,,10.0,14.8,10.0,11.9,10,8.0,10.0,142.0,10.0
2008-05-16T02:00+00:00,5805,,,329.0,10.0,357.0,10.0,1.2,10.0,3.0,10.0,981.2,10.0,,,84,10,0.0,10,0.0,10,,,0.0,10,15.3,,,10.0,16.2,,,10.0,14.9,10.0,12.4,10,9.5,10.0,253.0,10.0
2008-05-16T03:00+00:00,5805,,,334.0,10.0,357.0,10.0,1.1,10.0,3.1,10.0,981.6,10.0,,,76,10,0.0,10,3.0,10,,,0.0,10,15.2,,,10.0,16.0,,,10.0,14.9,10.0,13.6,10,9.8,10.0,351.0,10.0
2008-05-16T04:00+00:00,5805,,,291.0,10.0,273.0,10.0,2.4,10.0,7.4,10.0,981.8,10.0,,,70,10,0.0,10,1.0,10,,,0.0,10,15.1,,,10.0,15.8,,,10.0,14.9,10.0,15.3,10,11.2,10.0,459.0,10.0
2008-05-16T05:00+00:00,5805,,,289.0,10.0,288.0,10.0,4.2,10.0,9.8,10.0,982.1,10.0,,,71,10,0.0,10,0.0,10,,,0.0,10,15.2,,,10.0,15.7,,,10.0,14.9,10.0,16.2,10,13.1,10.0,550.0,10.0
2008-05-16T06:00+00:00,5805,,,289.0,10.0,285.0,10.0,4.0,10.0,11.1,10.0,982.7,10.0,,,70,10,0.0,10,0.0,10,,,0.0,10,15.4,,,10.0,15.6,,,10.0,14.9,10.0,16.5,10,16.5,10.0,629.0,10.0
2008-05-16T07:00+00:00,5805,,,291.0,10.0,317.0,10.0,3.8,10.0,8.5,10.0,983.1,10.0,,,69,10,0.0,10,0.0,10,,,0.2,10,15.6,,,10.0,15.6,,,10.0,14.9,10.0,17.2,10,17.5,10.0,756.0,10.0
2008-05-16T08:00+00:00,5805,,,290.0,10.0,292.0,10.0,4.6,10.0,10.5,10.0,983.7,10.0,,,63,10,0.0,10,0.0,10,,,0.9,10,16.0,,,10.0,15.6,,,10.0,14.9,10.0,18.6,10,20.0,10.0,827.0,10.0
2008-05-16T09:00+00:00,5805,,,283.0,10.0,296.0,10.0,3.5,10.0,8.6,10.0,983.7,10.0,,,68,10,0.0,10,0.0,10,,,0.0,10,16.3,,,10.0,15.7,,,10.0,14.9,10.0,17.8,10,21.8,10.0,917.0,10.0
2008-05-16T10:00+00:00,5805,,,284.0,10.0,302.0,10.0,2.5,10.0,6.3,10.0,983.5,10.0,,,63,10,0.0,10,0.0,10,,,0.2,10,16.6,,,10.0,15.7,,,10.0,14.9,10.0,19.5,10,19.2,10.0,1041.0,10.0
2008-05-16T11:00+00:00,5805,,,291.0,10.0,294.0,10.0,4.0,10.0,9.4,10.0,983.3,10.0,,,57,10,0.0,10,0.0,10,,,0.8,10,17.2,,,10.0,15.9,,,10.0,14.8,10.0,21.0,10,19.5,10.0,1135.0,10.0
2008-05-16T12:00+00:00,5805,,,289.0,10.0,280.0,10.0,3.4,10.0,8.0,10.0,983.1,10.0,,,52,10,0.0,10,0.0,10,,,1.0,10,17.7,,,10.0,16.1,,,10.0,14.8,10.0,21.8,10,20.5,10.0,1220.0,10.0
2008-05-16T13:00+00:00,5805,,,291.0,10.0,297.0,10.0,3.6,10.0,7.9,10.0,982.8,10.0,,,47,10,0.0,10,0.0,10,,,0.9,10,18.2,,,10.0,16.3,,,10.0,14.8,10.0,22.3,10,18.8,10.0,1322.0,10.0
2008-05-16T14:00+00:00,5805,,,306.0,10.0,209.0,10.0,1.9,10.0,5.4,10.0,982.2,10.0,,,48,10,0.0,10,0.0,10,,,0.6,10,18.8,,,10.0,16.6,,,10.0,14.8,10.0,22.6,10,24.7,10.0,1435.0,10.0
2008-05-16T15:00+00:00,5805,,,328.0,10.0,303.0,10.0,1.6,10.0,5.0,10.0,981.9,10.0,,,46,10,0.0,10,0.0,10,,,0.5,10,19.0,,,10.0,16.9,,,10.0,14.8,10.0,22.8,10,24.2,10.0,1535.0,10.0
2008-05-16T16:00+00:00,5805,,,169.0,10.0,207.0,10.0,0.5,10.0,4.7,10.0,981.1,10.0,,,51,10,0.0,10,0.0,10,,,0.3,10,19.1,,,10.0,17.1,,,10.0,14.8,10.0,21.7,10,20.7,10.0,1627.0,10.0
2008-05-16T17:00+00:00,5805,,,299.0,10.0,288.0,10.0,0.8,10.0,4.5,10.0,981.4,10.0,,,49,10,0.0,10,0.0,10,,,1.0,10,19.1,,,10.0,17.3,,,10.0,14.8,10.0,22.0,10,20.8,10.0,1709.0,10.0
2008-05-16T18:00+00:00,5805,,,165.0,10.0,5.0,10.0,0.1,10.0,2.7,10.0,981.5,10.0,,,57,10,0.0,10,0.0,10,,,0.7,10,18.7,,,10.0,17.4,,,10.0,14.9,10.0,19.8,10,15.7,10.0,1805.0,10.0
2008-05-16T19:00+00:00,5805,,,323.0,10.0,326.0,10.0,0.6,10.0,2.2,10.0,981.7,10.0,,,72,10,0.0,10,0.0,10,,,0.0,10,18.2,,,10.0,17.4,,,10.0,14.9,10.0,17.2,10,14.1,10.0,1914.0,10.0
2008-05-16T20:00+00:00,5805,,,330.0,10.0,356.0,10.0,0.3,10.0,2.5,10.0,982.0,10.0,,,83,10,0.0,10,0.0,10,,,0.0,10,17.7,,,10.0,17.3,,,10.0,14.9,10.0,15.3,10,13.0,10.0,2008.0,10.0
2008-05-16T21:00+00:00,5805,,,342.0,10.0,21.0,10.0,0.3,10.0,1.6,10.0,981.8,10.0,,,85,10,0.0,10,0.0,10,,,0.0,10,17.2,,,10.0,17.1,,,10.0,15.0,10.0,14.3,10,11.0,10.0,2200.0,10.0
2008-05-16T22:00+00:00,5805,,,351.0,10.0,355.0,10.0,0.4,10.0,1.8,10.0,981.7,10.0,,,88,10,0.0,10,0.0,10,,,0.0,10,16.8,,,10.0,17.0,,,10.0,15.0,10.0,13.2,10,10.1,10.0,2231.0,10.0
2008-05-16T23:00+00:00,5805,,,339.0,10.0,318.0,10.0,0.8,10.0,2.2,10.0,981.4,10.0,,,90,10,0.0,10,0.0,10,,,0.0,10,16.4,,,10.0,16.8,,,10.0,15.0,10.0,12.5,10,9.9,10.0,2329.0,10.0
2008-05-17T00:00+00:00,5805,,,360.0,10.0,8.0,10.0,0.8,10.0,2.0,10.0,980.9,10.0,,,91,10,0.0,10,0.0,10,,,0.0,10,16.0,,,10.0,16.6,,,10.0,15.1,10.0,11.7,10,8.6,10.0,6.0,10.0
2008-05-17T01:00+00:00,5805,,,345.0,10.0,359.0,10.0,1.3,10.0,2.5,10.0,980.7,10.0,,,91,10,0.0,10,0.0,10,,,0.0,10,15.7,,,10.0,16.4,,,10.0,15.1,10.0,11.1,10,7.8,10.0,139.0,10.0
2008-05-17T02:00+00:00,5805,,,350.0,10.0,355.0,10.0,1.4,10.0,2.8,10.0,980.5,10.0,,,91,10,0.0,10,0.0,10,,,0.0,10,15.3,,,10.0,16.2,,,10.0,15.1,10.0,10.2,10,7.1,10.0,228.0,10.0
2008-05-17T03:00+00:00,5805,,,352.0,10.0,355.0,10.0,1.7,10.0,2.9,10.0,980.6,10.0,,,91,10,0.0,10,0.0,10,,,0.0,10,14.9,,,10.0,16.0,,,10.0,15.1,10.0,10.0,10,6.6,10.0,339.0,10.0
2008-05-17T04:00+00:00,5805,,,353.0,10.0,359.0,10.0,1.6,10.0,3.2,10.0,980.4,10.0,,,91,10,0.0,10,0.0,10,,,0.0,10,14.7,,,10.0,15.8,,,10.0,15.1,10.0,10.5,10,7.4,10.0,436.0,10.0
2008-05-17T05:00+00:00,5805,,,360.0,10.0,358.0,10.0,1.4,10.0,2.8,10.0,980.6,10.0,,,87,10,0.0,10,0.0,10,,,0.4,10,14.7,,,10.0,15.6,,,10.0,15.1,10.0,12.0,10,9.2,10.0,505.0,10.0
2008-05-17T06:00+00:00,5805,,,318.0,10.0,348.0,10.0,0.9,10.0,2.4,10.0,980.9,10.0,,,79,10,0.0,10,0.0,10,,,1.0,10,14.8,,,10.0,15.5,,,10.0,15.1,10.0,15.0,10,11.9,10.0,613.0,10.0
2008-05-17T07:00+00:00,5805,,,255.0,10.0,213.0,10.0,0.4,10.0,2.2,10.0,980.6,10.0,,,72,10,0.0,10,0.0,10,,,1.0,10,15.3,,,10.0,15.5,,,10.0,15.1,10.0,17.4,10,19.4,10.0,759.0,10.0
2008-05-17T08:00+00:00,5805,,,156.0,10.0,137.0,10.0,0.4,10.0,2.6,10.0,980.9,10.0,,,66,10,0.0,10,0.0,10,,,0.9,10,15.8,,,10.0,15.5,,,10.0,15.1,10.0,19.2,10,22.9,10.0,858.0,10.0
2008-05-17T09:00+00:00,5805,,,118.0,10.0,128.0,10.0,2.0,10.0,5.0,10.0,980.9,10.0,,,67,10,0.0,10,0.0,10,,,0.5,10,16.4,,,10.0,15.6,,,10.0,15.1,10.0,19.2,10,24.6,10.0,945.0,10.0
2008-05-17T10:00+00:00,5805,,,105.0,10.0,122.0,10.0,2.0,10.0,4.9,10.0,980.9,10.0,,,62,10,0.0,10,0.0,10,,,0.8,10,17.2,,,10.0,15.8,,,10.0,15.0,10.0,20.4,10,27.0,10.0,1020.0,10.0
2008-05-17T11:00+00:00,5805,,,110.0,10.0,123.0,10.0,1.5,10.0,5.3,10.0,980.7,10.0,,,59,10,0.0,10,0.0,10,,,0.9,10,17.9,,,10.0,16.0,,,10.0,15.0,10.0,21.5,10,28.4,10.0,1150.0,10.0
2008-05-17T12:00+00:00,5805,,,139.0,10.0,159.0,10.0,1.9,10.0,6.1,10.0,980.6,10.0,,,55,10,0.0,10,0.0,10,,,0.8,10,18.6,,,10.0,16.3,,,10.0,15.0,10.0,22.0,10,28.4,10.0,1244.0,10.0
2008-05-17T13:00+00:00,5805,,,127.0,10.0,113.0,10.0,2.1,10.0,5.6,10.0,980.2,10.0,,,54,10,0.0,10,0.0,10,,,1.0,10,19.2,,,10.0,16.7,,,10.0,15.0,10.0,23.6,10,30.7,10.0,1322.0,10.0
2008-05-17T14:00+00:00,5805,,,129.0,10.0,125.0,10.0,1.8,10.0,5.9,10.0,979.3,10.0,,,53,10,0.0,10,5.0,10,,,0.7,10,19.7,,,10.0,17.0,,,10.0,15.0,10.0,23.8,10,25.8,10.0,1401.0,10.0
2008-05-17T15:00+00:00,5805,,,86.0,10.0,45.0,10.0,1.7,10.0,5.3,10.0,978.8,10.0,,,54,10,0.0,10,6.0,10,,,0.1,10,19.8,,,10.0,17.3,,,10.0,15.0,10.0,23.5,10,24.3,10.0,1545.0,10.0
2008-05-17T16:00+00:00,5805,,,83.0,10.0,106.0,10.0,2.0,10.0,5.3,10.0,977.8,10.0,,,52,10,0.0,10,2.0,10,,,0.1,10,19.7,,,10.0,17.6,,,10.0,15.0,10.0,23.5,10,23.1,10.0,1649.0,10.0
2008-05-17T17:00+00:00,5805,,,54.0,10.0,112.0,10.0,1.8,10.0,5.0,10.0,976.9,10.0,,,55,10,0.0,10,0.0,10,,,0.0,10,19.6,,,10.0,17.7,,,10.0,15.0,10.0,22.9,10,21.9,10.0,1800.0,10.0
2008-05-17T18:00+00:00,5805,,,341.0,10.0,5.0,10.0,0.8,10.0,3.2,10.0,976.7,10.0,,,72,10,0.0,10,0.0,10,,,0.0,10,19.2,,,10.0,17.8,,,10.0,15.1,10.0,20.1,10,17.5,10.0,1823.0,10.0
2008-05-17T19:00+00:00,5805,,,343.0,10.0,322.0,10.0,0.4,10.0,2.1,10.0,977.7,10.0,,,82,10,0.0,10,0.0,10,,,0.0,10,18.7,,,10.0,17.8,,,10.0,15.1,10.0,17.9,10,14.2,10.0,2000.0,10.0
2008-05-17T20:00+00:00,5805,,,347.0,10.0,13.0,10.0,0.5,10.0,3.4,10.0,978.2,10.0,,,85,10,0.0,10,0.0,10,,,0.0,10,18.2,,,10.0,17.7,,,10.0,15.1,10.0,16.8,10,14.1,10.0,2038.0,10.0
2008-05-17T21:00+00:00,5805,,,360.0,10.0,308.0,10.0,0.3,10.0,2.0,10.0,978.4,10.0,,,89,10,0.0,10,0.0,10,,,0.0,10,17.8,,,10.0,17.6,,,10.0,15.2,10.0,15.5,10,12.0,10.0,2151.0,10.0
2008-05-17T22:00+00:00,5805,,,342.0,10.0,9.0,10.0,0.3,10.0,1.6,10.0,978.5,10.0,,,90,10,0.0,10,0.0,10,,,0.0,10,17.3,,,10.0,17.4,,,10.0,15.2,10.0,14.2,10,11.1,10.0,2243.0,10.0
2008-05-17T23:00+00:00,5805,,,357.0,10.0,353.0,10.0,0.4,10.0,1.8,10.0,978.6,10.0,,,91,10,0.0,10,0.0,10,,,0.0,10,16.9,,,10.0,17.2,,,10.0,15.3,10.0,13.1,10,9.8,10.0,2333.0,10.0
2008-05-18T00:00+00:00,5805,,,345.0,10.0,329.0,10.0,0.7,10.0,2.2,10.0,978.3,10.0,,,91,10,0.0,10,0.0,10,,,0.0,10,16.5,,,10.0,17.0,,,10.0,15.3,10.0,12.3,10,9.6,10.0,6.0,10.0
2008-05-18T01:00+00:00,5805,,,347.0,10.0,340.0,10.0,0.9,10.0,2.2,10.0,978.4,10.0,,,91,10,0.0,10,0.0,10,,,0.0,10,16.1,,,10.0,16.8,,,10.0,15.3,10.0,12.1,10,9.5,10.0,107.0,10.0
2008-05-18T02:00+00:00,5805,,,347.0,10.0,343.0,10.0,1.1,10.0,2.5,10.0,978.2,10.0,,,91,10,0.0,10,0.0,10,,,0.0,10,15.8,,,10.0,16.6,,,10.0,15.3,10.0,11.6,10,8.7,10.0,256.0,10.0
2008-05-18T03:00+00:00,5805,,,351.0,10.0,197.0,10.0,1.4,10.0,2.7,10.0,977.9,10.0,,,91,10,0.0,10,0.0,10,,,0.0,10,15.5,,,10.0,16.4,,,10.0,15.4,10.0,11.0,10,7.9,10.0,333.0,10.0
2008-05-18T04:00+00:00,5805,,,350.0,10.0,320.0,10.0,1.4,10.0,3.0,10.0,978.1,10.0,,,91,10,0.0,10,0.0,10,,,0.0,10,15.3,,,10.0,16.2,,,10.0,15.4,10.0,11.6,10,8.7,10.0,448.0,10.0
2008-05-18T05:00+00:00,5805,,,324.0,10.0,306.0,10.0,1.2,10.0,2.7,10.0,978.0,10.0,,,88,10,0.0,10,0.0,10,,,0.0,10,15.3,,,10.0,16.1,,,10.0,15.4,10.0,13.0,10,10.7,10.0,529.0,10.0
2008-05-18T06:00+00:00,5805,,,328.0,10.0,294.0,10.0,0.8,10.0,2.3,10.0,978.1,10.0,,,79,10,0.0,10,0.0,10,,,0.2,10,15.5,,,10.0,15.9,,,10.0,15.4,10.0,15.8,10,13.5,10.0,647.0,10.0
2008-05-18T07:00+00:00,5805,,,301.0,10.0,335.0,10.0,1.5,10.0,4.9,10.0,978.1,10.0,,,70,10,0.0,10,0.0,10,,,0.7,10,15.9,,,10.0,15.9,,,10.0,15.4,10.0,18.9,10,17.8,10.0,757.0,10.0
2008-05-18T08:00+00:00,5805,,,297.0,10.0,325.0,10.0,1.3,10.0,5.7,10.0,978.0,10.0,,,66,10,0.0,10,0.0,10,,,0.4,10,16.5,,,10.0,15.9,,,10.0,15.3,10.0,20.2,10,23.7,10.0,815.0,10.0
2008-05-18T09:00+00:00,5805,,,301.0,10.0,317.0,10.0,1.3,10.0,4.7,10.0,978.0,10.0,,,66,10,0.0,10,5.0,10,,,0.4,10,17.0,,,10.0,16.1,,,10.0,15.3,10.0,20.9,10,24.6,10.0,948.0,10.0
2008-05-18T10:00+00:00,5805,,,310.0,10.0,320.0,10.0,2.7,10.0,5.7,10.0,978.0,10.0,,,71,10,0.0,10,18.0,10,,,0.3,10,17.5,,,10.0,16.2,,,10.0,15.3,10.0,20.1,10,21.2,10.0,1045.0,10.0
2008-05-18T11:00+00:00,5805,,,305.0,10.0,326.0,10.0,2.2,10.0,5.0,10.0,977.8,10.0,,,71,10,0.0,10,32.0,10,,,0.2,10,17.8,,,10.0,16.4,,,10.0,15.3,10.0,20.6,10,20.0,10.0,1158.0,10.0
2008-05-18T12:00+00:00,5805,,,303.0,10.0,280.0,10.0,3.1,10.0,7.0,10.0,978.0,10.0,,,68,10,0.0,10,21.0,10,,,0.0,10,18.1,,,10.0,16.6,,,10.0,15.3,10.0,20.4,10,24.9,10.0,1255.0,10.0
2008-05-18T13:00+00:00,5805,,,296.0,10.0,288.0,10.0,2.6,10.0,7.2,10.0,977.9,10.0,,,67,10,0.0,10,0.0,10,,,0.0,10,18.2,,,10.0,16.8,,,10.0,15.3,10.0,20.6,10,22.9,10.0,1303.0,10.0
2008-05-18T14:00+00:00,5805,,,293.0,10.0,325.0,10.0,4.1,10.0,9.1,10.0,977.7,10.0,,,68,10,0.0,10,0.0,10,,,0.0,10,18.3,,,10.0,16.9,,,10.0,15.3,10.0,18.6,10,20.5,10.0,1452.0,10.0
2008-05-18T15:00+00:00,5805,,,296.0,10.0,322.0,10.0,3.2,10.0,7.7,10.0,978.3,10.0,,,82,10,0.2,10,35.0,10,,,0.0,10,18.0,,,10.0,17.0,,,10.0,15.3,10.0,16.3,10,15.0,10.0,1525.0,10.0
2008-05-18T16:00+00:00,5805,,,302.0,10.0,288.0,10.0,1.3,10.0,5.0,10.0,978.8,10.0,,,89,10,4.1,10,60.0,10,,,0.0,10,17.5,,,10.0,17.0,,,10.0,15.3,10.0,14.8,10,14.0,10.0,1656.0,10.0
2008-05-18T17:00+00:00,5805,,,325.0,10.0,282.0,10.0,0.8,10.0,3.7,10.0,979.1,10.0,,,91,10,4.6,10,50.0,10,,,0.0,10,17.1,,,10.0,17.0,,,10.0,15.3,10.0,14.4,10,13.8,10.0,1705.0,10.0
2008-05-18T18:00+00:00,5805,,,315.0,10.0,320.0,10.0,0.7,10.0,2.8,10.0,979.3,10.0,,,91,10,4.0,10,55.0,10,,,0.0,10,16.8,,,10.0,16.9,,,10.0,15.3,10.0,14.2,10,13.8,10.0,1837.0,10.0
2008-05-18T19:00+00:00,5805,,,338.0,10.0,308.0,10.0,0.6,10.0,2.9,10.0,979.6,10.0,,,91,10,3.1,10,54.0,10,,,0.0,10,16.5,,,10.0,16.7,,,10.0,15.3,10.0,14.0,10,13.3,10.0,1901.0,10.0
2008-05-18T20:00+00:00,5805,,,309.0,10.0,304.0,10.0,1.3,10.0,3.8,10.0,979.4,10.0,,,91,10,0.0,10,0.0,10,,,0.0,10,16.3,,,10.0,16.6,,,10.0,15.3,10.0,13.8,10,13.2,10.0,2025.0,10.0
2008-05-18T21:00+00:00,5805,,,294.0,10.0,283.0,10.0,1.8,10.0,4.2,10.0,979.6,10.0,,,91,10,0.0,10,1.0,10,,,0.0,10,16.2,,,10.0,16.5,,,10.0,15.3,10.0,14.1,10,13.2,10.0,2129.0,10.0
2008-05-18T22:00+00:00,5805,,,296.0,10.0,290.0,10.0,1.8,10.0,3.8,10.0,979.5,10.0,,,91,10,0.0,10,0.0,10,,,0.0,10,16.1,,,10.0,16.4,,,10.0,15.4,10.0,14.0,10,13.8,10.0,2202.0,10.0
2008-05-18T23:00+00:00,5805,,,303.0,10.0,304.0,10.0,1.6,10.0,3.6,10.0,979.2,10.0,,,91,10,0.2,10,33.0,10,,,0.0,10,16.0,,,10.0,16.3,,,10.0,15.4,10.0,14.0,10,13.7,10.0,2324.0,10.0
2008-05-19T00:00+00:00,5805,,,319.0,10.0,288.0,10.0,1.2,10.0,3.2,10.0,978.9,10.0,,,91,10,0.5,10,14.0,10,,,0.0,10,15.9,,,10.0,16.2,,,10.0,15.4,10.0,13.8,10,13.6,10.0,1.0,10.0
2008-05-19T01:00+00:00,5805,,,321.0,10.0,314.0,10.0,1.3,10.0,3.0,10.0,978.7,10.0,,,91,10,0.7,10,56.0,10,,,0.0,10,15.8,,,10.0,16.2,,,10.0,15.4,10.0,13.3,10,13.1,10.0,156.0,10.0
2008-05-19T02:00+00:00,5805,,,305.0,10.0,310.0,10.0,1.5,10.0,3.3,10.0,978.5,10.0,,,91,10,1.1,10,55.0,10,,,0.0,10,15.7,,,10.0,16.1,,,10.0,15.4,10.0,13.0,10,12.9,10.0,256.0,10.0
2008-05-19T03:00+00:00,5805,,,303.0,10.0,302.0,10.0,1.6,10.0,3.6,10.0,978.4,10.0,,,91,10,1.3,10,46.0,10,,,0.0,10,15.5,,,10.0,16.0,,,10.0,15.4,10.0,12.9,10,12.8,10.0,351.0,10.0
2008-05-19T04:00+00:00,5805,,,295.0,10.0,306.0,10.0,1.6,10.0,3.6,10.0,978.5,10.0,,,91,10,0.3,10,19.0,10,,,0.0,10,15.4,,,10.0,15.9,,,10.0,15.4,10.0,13.0,10,12.8,10.0,408.0,10.0
2008-05-19T05:00+00:00,5805,,,283.0,10.0,293.0,10.0,1.9,10.0,4.6,10.0,978.9,10.0,,,91,10,1.2,10,28.0,10,,,0.0,10,15.4,,,10.0,15.8,,,10.0,15.4,10.0,12.8,10,12.9,10.0,549.0,10.0
2008-05-19T06:00+00:00,5805,,,292.0,10.0,288.0,10.0,2.5,10.0,4.9,10.0,979.3,10.0,,,91,10,2.2,10,50.0,10,,,0.0,10,15.3,,,10.0,15.8,,,10.0,15.3,10.0,12.9,10,12.8,10.0,626.0,10.0
2008-05-19T07:00+00:00,5805,,,300.0,10.0,284.0,10.0,3.2,10.0,7.4,10.0,980.1,10.0,,,91,10,0.2,10,7.0,10,,,0.0,10,15.3,,,10.0,15.7,,,10.0,15.3,10.0,12.7,10,13.1,10.0,719.0,10.0
2008-05-19T08:00+00:00,5805,,,307.0,10.0,306.0,10.0,2.4,10.0,6.5,10.0,980.8,10.0,,,91,10,0.2,10,10.0,10,,,0.0,10,15.3,,,10.0,15.7,,,10.0,15.3,10.0,12.7,10,13.3,10.0,802.0,10.0
2008-05-19T09:00+00:00,5805,,,319.0,10.0,310.0,10.0,2.2,10.0,6.5,10.0,981.5,10.0,,,91,10,0.3,10,15.0,10,,,0.0,10,15.2,,,10.0,15.6,,,10.0,15.3,10.0,12.6,10,12.6,10.0,906.0,10.0
2008-05-19T10:00+00:00,5805,,,318.0,10.0,301.0,10.0,2.3,10.0,5.6,10.0,982.1,10.0,,,90,10,0.0,10,0.0,10,,,0.0,10,15.2,,,10.0,15.6,,,10.0,15.3,10.0,12.7,10,12.6,10.0,1013.0,10.0
2008-05-19T11:00+00:00,5805,,,319.0,10.0,315.0,10.0,1.8,10.0,6.4,10.0,982.7,10.0,,,83,10,0.0,10,0.0,10,,,0.0,10,15.3,,,10.0,15.5,,,10.0,15.3,10.0,13.9,10,13.7,10.0,1139.0,10.0
2008-05-19T12:00+00:00,5805,,,312.0,10.0,313.0,10.0,2.2,10.0,6.5,10.0,983.0,10.0,,,79,10,0.0,10,0.0,10,,,0.0,10,15.5,,,10.0,15.6,,,10.0,15.2,10.0,14.1,10,14.8,10.0,1246.0,10.0
2008-05-19T13:00+00:00,5805,,,333.0,10.0,20.0,10.0,1.8,10.0,6.2,10.0,983.1,10.0,,,77,10,0.0,10,0.0,10,,,0.0,10,15.7,,,10.0,15.6,,,10.0,15.2,10.0,13.8,10,15.7,10.0,1320.0,10.0
2008-05-19T14:00+00:00,5805,,,352.0,10.0,322.0,10.0,1.2,10.0,4.9,10.0,983.5,10.0,,,78,10,0.0,10,0.0,10,,,0.0,10,15.8,,,10.0,15.7,,,10.0,15.2,10.0,14.0,10,16.0,10.0,1415.0,10.0
2008-05-19T15:00+00:00,5805,,,357.0,10.0,347.0,10.0,1.4,10.0,5.2,10.0,983.7,10.0,,,79,10,0.0,10,0.0,10,,,0.0,10,15.9,,,10.0,15.7,,,10.0,15.2,10.0,13.6,10,15.8,10.0,1512.0,10.0
2008-05-19T16:00+00:00,5805,,,351.0,10.0,358.0,10.0,1.4,10.0,4.2,10.0,983.6,10.0,,,79,10,0.0,10,0.0,10,,,0.0,10,15.8,,,10.0,15.7,,,10.0,15.2,10.0,13.1,10,14.8,10.0,1631.0,10.0
2008-05-19T17:00+00:00,5805,,,339.0,10.0,304.0,10.0,1.7,10.0,5.9,10.0,983.8,10.0,,,78,10,0.0,10,0.0,10,,,0.0,10,15.7,,,10.0,15.8,,,10.0,15.2,10.0,12.6,10,13.8,10.0,1729.0,10.0
2008-05-19T18:00+00:00,5805,,,345.0,10.0,280.0,10.0,1.8,10.0,4.5,10.0,984.4,10.0,,,78,10,0.0,10,0.0,10,,,0.1,10,15.5,,,10.0,15.8,,,10.0,15.2,10.0,12.0,10,11.6,10.0,1817.0,10.0
2008-05-19T19:00+00:00,5805,,,354.0,10.0,306.0,10.0,1.6,10.0,4.2,10.0,984.8,10.0,,,79,10,0.0,10,0.0,10,,,0.0,10,15.3,,,10.0,15.7,,,10.0,15.2,10.0,11.3,10,10.0,10.0,2000.0,10.0
2008-05-19T20:00+00:00,5805,,,354.0,10.0,358.0,10.0,1.6,10.0,4.2,10.0,985.7,10.0,,,78,10,0.0,10,0.0,10,,,0.0,10,15.0,,,10.0,15.6,,,10.0,15.2,10.0,11.1,10,10.1,10.0,2005.0,10.0
2008-05-19T21:00+00:00,5805,,,360.0,10.0,29.0,10.0,1.4,10.0,3.5,10.0,985.7,10.0,,,79,10,0.0,10,0.0,10,,,0.0,10,14.8,,,10.0,15.5,,,10.0,15.1,10.0,11.0,10,10.5,10.0,2144.0,10.0
2008-05-19T22:00+00:00,5805,,,354.0,10.0,359.0,10.0,1.6,10.0,4.6,10.0,985.6,10.0,,,77,10,0.0,10,0.0,10,,,0.0,10,14.6,,,10.0,15.4,,,10.0,15.1,10.0,10.6,10,9.7,10.0,2246.0,10.0
2008-05-19T23:00+00:00,5805,,,340.0,10.0,311.0,10.0,1.6,10.0,5.8,10.0,985.4,10.0,,,79,10,0.0,10,0.0,10,,,0.0,10,14.3,,,10.0,15.3,,,10.0,15.1,10.0,10.2,10,8.9,10.0,2346.0,10.0
2008-05-20T00:00+00:00,5805,,,336.0,10.0,336.0,10.0,1.8,10.0,5.2,10.0,985.0,10.0,,,81,10,0.0,10,0.0,10,,,0.0,10,14.1,,,10.0,15.2,,,10.0,15.1,10.0,10.0,10,9.3,10.0,57.0,10.0
2008-05-20T01:00+00:00,5805,,,322.0,10.0,311.0,10.0,1.9,10.0,4.8,10.0,985.0,10.0,,,83,10,0.0,10,0.0,10,,,0.0,10,14.0,,,10.0,15.0,,,10.0,15.1,10.0,9.8,10,9.0,10.0,111.0,10.0
2008-05-20T02:00+00:00,5805,,,321.0,10.0,299.0,10.0,2.2,10.0,5.7,10.0,984.3,10.0,,,81,10,0.0,10,0.0,10,,,0.0,10,13.8,,,10.0,14.9,,,10.0,15.1,10.0,9.8,10,9.1,10.0,239.0,10.0
2008-05-20T03:00+00:00,5805,,,316.0,10.0,321.0,10.0,2.2,10.0,4.6,10.0,983.9,10.0,,,82,10,0.0,10,0.0,10,,,0.0,10,13.6,,,10.0,14.8,,,10.0,15.1,10.0,9.6,10,8.8,10.0,340.0,10.0
2008-05-20T04:00+00:00,5805,,,317.0,10.0,325.0,10.0,2.1,10.0,5.6,10.0,984.1,10.0,,,79,10,0.0,10,0.0,10,,,0.0,10,13.4,,,10.0,14.7,,,10.0,15.1,10.0,9.4,10,8.8,10.0,429.0,10.0
2008-05-20T05:00+00:00,5805,,,313.0,10.0,307.0,10.0,2.2,10.0,6.0,10.0,984.2,10.0,,,77,10,0.0,10,0.0,10,,,0.0,10,13.3,,,10.0,14.6,,,10.0,15.1,10.0,9.4,10,9.1,10.0,536.0,10.0
2008-05-20T06:00+00:00,5805,,,302.0,10.0,317.0,10.0,2.2,10.0,5.5,10.0,984.9,10.0,,,87,10,0.4,10,36.0,10,,,0.0,10,13.2,,,10.0,14.5,,,10.0,15.0,10.0,8.7,10,8.2,10.0,639.0,10.0
2008-05-20T07:00+00:00,5805,,,307.0,10.0,325.0,10.0,1.9,10.0,5.3,10.0,984.6,10.0,,,91,10,3.0,10,60.0,10,,,0.0,10,13.1,,,10.0,14.3,,,10.0,15.0,10.0,8.0,10,8.0,10.0,742.0,10.0
2008-05-20T08:00+00:00,5805,,,301.0,10.0,332.0,10.0,2.2,10.0,5.6,10.0,984.5,10.0,,,91,10,2.3,10,60.0,10,,,0.0,10,12.9,,,10.0,14.2,,,10.0,15.0,10.0,7.9,10,8.1,10.0,826.0,10.0
2008-05-20T09:00+00:00,5805,,,297.0,10.0,318.0,10.0,2.3,10.0,5.8,10.0,984.6,10.0,,,91,10,3.4,10,60.0,10,,,0.0,10,12.7,,,10.0,14.1,,,10.0,14.9,10.0,7.9,10,8.0,10.0,902.0,10.0
2008-05-20T10:00+00:00,5805,,,297.0,10.0,318.0,10.0,1.8,10.0,5.1,10.0,985.1,10.0,,,91,10,3.9,10,60.0,10,,,0.0,10,12.6,,,10.0,14.0,,,10.0,14.9,10.0,8.2,10,8.1,10.0,1008.0,10.0
2008-05-20T11:00+00:00,5805,,,313.0,10.0,309.0,10.0,2.6,10.0,6.7,10.0,984.6,10.0,,,90,10,1.1,10,27.0,10,,,0.0,10,12.6,,,10.0,13.9,,,10.0,14.9,10.0,8.6,10,8.7,10.0,1159.0,10.0
2008-05-20T12:00+00:00,5805,,,314.0,10.0,303.0,10.0,2.3,10.0,6.5,10.0,985.1,10.0,,,89,10,0.0,10,0.0,10,,,0.0,10,12.6,,,10.0,13.8,,,10.0,14.8,10.0,8.6,10,8.9,10.0,1203.0,10.0
2008-05-20T13:00+00:00,5805,,,316.0,10.0,327.0,10.0,2.1,10.0,5.5,10.0,984.7,10.0,,,90,10,0.0,10,0.0,10,,,0.0,10,12.6,,,10.0,13.7,,,10.0,14.8,10.0,8.8,10,8.8,10.0,1358.0,10.0
2008-05-20T14:00+00:00,5805,,,310.0,10.0,336.0,10.0,2.4,10.0,5.9,10.0,984.1,10.0,,,91,10,0.3,10,23.0,10,,,0.0,10,12.6,,,10.0,13.7,,,10.0,14.8,10.0,8.7,10,8.9,10.0,1442.0,10.0
2008-05-20T15:00+00:00,5805,,,291.0,10.0,297.0,10.0,2.6,10.0,7.0,10.0,985.1,10.0,,,91,10,1.9,10,43.0,10,,,0.0,10,12.5,,,10.0,13.6,,,10.0,14.7,10.0,8.6,10,8.6,10.0,1517.0,10.0
2008-05-20T16:00+00:00,5805,,,305.0,10.0,307.0,10.0,2.5,10.0,6.5,10.0,984.7,10.0,,,91,10,3.9,10,60.0,10,,,0.0,10,12.4,,,10.0,13.6,,,10.0,14.7,10.0,8.7,10,8.6,10.0,1646.0,10.0
2008-05-20T17:00+00:00,5805,,,305.0,10.0,287.0,10.0,2.5,10.0,6.6,10.0,985.2,10.0,,,91,10,1.1,10,28.0,10,,,0.0,10,12.3,,,10.0,13.5,,,10.0,14.6,10.0,9.0,10,8.8,10.0,1747.0,10.0
2008-05-20T18:00+00:00,5805,,,305.0,10.0,320.0,10.0,2.1,10.0,5.3,10.0,985.3,10.0,,,91,10,1.0,10,48.0,10,,,0.0,10,12.3,,,10.0,13.4,,,10.0,14.6,10.0,9.0,10,8.9,10.0,1821.0,10.0
2008-05-20T19:00+00:00,5805,,,299.0,10.0,309.0,10.0,2.2,10.0,5.5,10.0,985.6,10.0,,,91,10,0.3,10,28.0,10,,,0.0,10,12.3,,,10.0,13.4,,,10.0,14.6,10.0,9.0,10,8.8,10.0,1903.0,10.0
2008-05-20T20:00+00:00,5805,,,306.0,10.0,322.0,10.0,1.6,10.0,5.0,10.0,985.8,10.0,,,91,10,0.5,10,13.0,10,,,0.0,10,12.2,,,10.0,13.3,,,10.0,14.5,10.0,9.1,10,8.8,10.0,2001.0,10.0
2008-05-20T21:00+00:00,5805,,,305.0,10.0,308.0,10.0,1.8,10.0,5.1,10.0,986.0,10.0,,,91,10,0.0,10,0.0,10,,,0.0,10,12.2,,,10.0,13.3,,,10.0,14.5,10.0,9.0,10,8.8,10.0,2126.0,10.0
2008-05-20T22:00+00:00,5805,,,308.0,10.0,314.0,10.0,1.9,10.0,4.9,10.0,985.7,10.0,,,91,10,0.0,10,0.0,10,,,0.0,10,12.2,,,10.0,13.2,,,10.0,14.4,10.0,9.1,10,8.8,10.0,2216.0,10.0
2008-05-20T23:00+00:00,5805,,,307.0,10.0,306.0,10.0,2.1,10.0,5.5,10.0,985.6,10.0,,,91,10,0.0,10,0.0,10,,,0.0,10,12.2,,,10.0,13.2,,,10.0,14.4,10.0,9.1,10,8.8,10.0,2323.0,10.0
2008-05-21T00:00+00:00,5805,,,317.0,10.0,323.0,10.0,2.0,10.0,4.8,10.0,985.4,10.0,,,91,10,0.0,10,0.0,10,,,0.0,10,12.1,,,10.0,13.2,,,10.0,14.4,10.0,9.1,10,8.8,10.0,20.0,10.0
2008-05-21T01:00+00:00,5805,,,314.0,10.0,317.0,10.0,2.1,10.0,5.3,10.0,985.0,10.0,,,91,10,0.0,10,0.0,10,,,0.0,10,12.1,,,10.0,13.1,,,10.0,14.3,10.0,9.1,10,8.8,10.0,200.0,10.0
2008-05-21T02:00+00:00,5805,,,313.0,10.0,314.0,10.0,2.1,10.0,5.5,10.0,984.8,10.0,,,91,10,0.0,10,0.0,10,,,0.0,10,12.1,,,10.0,13.1,,,10.0,14.3,10.0,9.1,10,8.9,10.0,238.0,10.0
2008-05-21T03:00+00:00,5805,,,312.0,10.0,314.0,10.0,2.2,10.0,5.3,10.0,984.8,10.0,,,91,10,0.0,10,0.0,10,,,0.0,10,12.1,,,10.0,13.0,,,10.0,14.3,10.0,9.1,10,9.0,10.0,358.0,10.0
2008-05-21T04:00+00:00,5805,,,313.0,10.0,318.0,10.0,2.5,10.0,5.0,10.0,984.9,10.0,,,91,10,0.0,10,0.0,10,,,0.0,10,12.1,,,10.0,13.0,,,10.0,14.2,10.0,9.1,10,8.9,10.0,500.0,10.0
2008-05-21T05:00+00:00,5805,,,316.0,10.0,305.0,10.0,2.0,10.0,5.3,10.0,985.1,10.0,,,91,10,0.2,10,37.0,10,,,0.0,10,12.0,,,10.0,13.0,,,10.0,14.2,10.0,9.2,10,9.0,10.0,504.0,10.0
2008-05-21T06:00+00:00,5805,,,310.0,10.0,306.0,10.0,2.3,10.0,5.5,10.0,985.3,10.0,,,91,10,0.3,10,50.0,10,,,0.0,10,12.1,,,10.0,13.0,,,10.0,14.2,10.0,9.4,10,9.3,10.0,613.0,10.0
2008-05-21T07:00+00:00,5805,,,319.0,10.0,325.0,10.0,2.2,10.0,5.2,10.0,985.4,10.0,,,91,10,0.4,10,54.0,10,,,0.0,10,12.1,,,10.0,12.9,,,10.0,14.1,10.0,9.7,10,9.7,10.0,735.0,10.0
2008-05-21T08:00+00:00,5805,,,325.0,10.0,318.0,10.0,2.2,10.0,5.2,10.0,985.7,10.0,,,91,10,0.4,10,59.0,10,,,0.0,10,12.1,,,10.0,12.9,,,10.0,14.1,10.0,9.8,10,10.0,10.0,810.0,10.0
2008-05-21T09:00+00:00,5805,,,324.0,10.0,312.0,10.0,2.3,10.0,5.5,10.0,986.1,10.0,,,91,10,0.2,10,33.0,10,,,0.0,10,12.2,,,10.0,12.9,,,10.0,14.1,10.0,10.1,10,10.4,10.0,939.0,10.0
2008-05-21T10:00+00:00,5805,,,322.0,10.0,320.0,10.0,2.4,10.0,5.0,10.0,986.2,10.0,,,91,10,0.0,10,1.0,10,,,0.0,10,12.4,,,10.0,12.9,,,10.0,14.0,10.0,10.9,10,10.9,10.0,1016.0,10.0
2008-05-21T11:00+00:00,5805,,,323.0,10.0,324.0,10.0,2.2,10.0,5.0,10.0,986.4,10.0,,,89,10,0.0,10,0.0,10,,,0.0,10,12.6,,,10.0,13.0,,,10.0,14.0,10.0,11.1,10,11.4,10.0,1104.0,10.0
2008-05-21T12:00+00:00,5805,,,328.0,10.0,301.0,10.0,2.0,10.0,4.4,10.0,986.7,10.0,,,89,10,0.0,10,0.0,10,,,0.0,10,12.7,,,10.0,13.0,,,10.0,14.0,10.0,11.2,10,11.7,10.0,1215.0,10.0
2008-05-21T13:00+00:00,5805,,,320.0,10.0,319.0,10.0,2.0,10.0,4.1,10.0,986.7,10.0,,,87,10,0.0,10,0.0,10,,,0.0,10,12.9,,,10.0,13.1,,,10.0,13.9,10.0,11.7,10,12.4,10.0,1315.0,10.0
2008-05-21T14:00+00:00,5805,,,315.0,10.0,315.0,10.0,2.3,10.0,4.2,10.0,986.6,10.0,,,86,10,0.0,10,0.0,10,,,0.0,10,13.0,,,10.0,13.2,,,10.0,13.9,10.0,11.9,10,12.7,10.0,1417.0,10.0
2008-05-21T15:00+00:00,5805,,,303.0,10.0,302.0,10.0,2.6,10.0,5.4,10.0,986.5,10.0,,,82,10,0.0,10,0.0,10,,,0.0,10,13.2,,,10.0,13.2,,,10.0,13.9,10.0,12.8,10,13.4,10.0,1534.0,10.0
2008-05-21T16:00+00:00,5805,,,312.0,10.0,314.0,10.0,2.5,10.0,5.1,10.0,986.2,10.0,,,82,10,0.0,10,0.0,10,,,0.0,10,13.4,,,10.0,13.3,,,10.0,13.9,10.0,12.3,10,12.6,10.0,1626.0,10.0
2008-05-21T17:00+00:00,5805,,,325.0,10.0,325.0,10.0,1.8,10.0,3.9,10.0,986.8,10.0,,,85,10,0.0,10,0.0,10,,,0.0,10,13.4,,,10.0,13.4,,,10.0,13.9,10.0,12.3,10,12.2,10.0,1759.0,10.0
2008-05-21T18:00+00:00,5805,,,321.0,10.0,322.0,10.0,1.8,10.0,3.7,10.0,987.0,10.0,,,87,10,0.0,10,0.0,10,,,0.0,10,13.4,,,10.0,13.4,,,10.0,13.8,10.0,12.0,10,12.0,10.0,1807.0,10.0
2008-05-21T19:00+00:00,5805,,,333.0,10.0,359.0,10.0,1.5,10.0,3.0,10.0,987.2,10.0,,,89,10,0.0,10,0.0,10,,,0.0,10,13.3,,,10.0,13.5,,,10.0,13.8,10.0,11.8,10,11.3,10.0,1953.0,10.0
2008-05-21T20:00+00:00,5805,,,336.0,10.0,328.0,10.0,1.6,10.0,3.2,10.0,987.6,10.0,,,91,10,0.0,10,0.0,10,,,0.0,10,13.2,,,10.0,13.5,,,10.0,13.8,10.0,11.4,10,11.0,10.0,2032.0,10.0
2008-05-21T21:00+00:00,5805,,,334.0,10.0,359.0,10.0,1.7,10.0,3.2,10.0,987.6,10.0,,,91,10,0.0,10,0.0,10,,,0.0,10,13.2,,,10.0,13.5,,,10.0,13.8,10.0,11.2,10,10.8,10.0,2105.0,10.0
2008-05-21T22:00+00:00,5805,,,333.0,10.0,349.0,10.0,1.7,10.0,3.2,10.0,987.3,10.0,,,91,10,0.0,10,0.0,10,,,0.0,10,13.1,,,10.0,13.5,,,10.0,13.8,10.0,11.2,10,10.8,10.0,2228.0,10.0
2008-05-21T23:00+00:00,5805,,,330.0,10.0,326.0,10.0,1.9,10.0,4.0,10.0,987.3,10.0,,,91,10,0.0,10,5.0,10,,,0.0,10,13.0,,,10.0,13.4,,,10.0,13.8,10.0,11.2,10,10.7,10.0,2356.0,10.0
2008-05-22T00:00+00:00,5805,,,316.0,10.0,319.0,10.0,2.1,10.0,3.8,10.0,987.4,10.0,,,90,10,0.0,10,0.0,10,,,0.0,10,13.0,,,10.0,13.4,,,10.0,13.8,10.0,11.1,10,10.4,10.0,34.0,10.0
2008-05-22T01:00+00:00,5805,,,316.0,10.0,318.0,10.0,2.3,10.0,4.6,10.0,986.8,10.0,,,89,10,0.0,10,0.0,10,,,0.0,10,12.9,,,10.0,13.4,,,10.0,13.8,10.0,10.8,10,9.9,10.0,152.0,10.0
2008-05-22T02:00+00:00,5805,,,318.0,10.0,317.0,10.0,2.4,10.0,4.4,10.0,986.3,10.0,,,89,10,0.0,10,0.0,10,,,0.0,10,12.7,,,10.0,13.4,,,10.0,13.8,10.0,10.0,10,8.2,10.0,212.0,10.0
2008-05-22T03:00+00:00,5805,,,326.0,10.0,341.0,10.0,1.6,10.0,4.2,10.0,986.6,10.0,,,91,10,0.0,10,0.0,10,,,0.0,10,12.5,,,10.0,13.3,,,10.0,13.8,10.0,8.9,10,5.7,10.0,322.0,10.0
2008-05-22T04:00+00:00,5805,,,316.0,10.0,316.0,10.0,1.9,10.0,5.0,10.0,987.1,10.0,,,90,10,0.0,10,0.0,10,,,0.0,10,12.4,,,10.0,13.2,,,10.0,13.8,10.0,10.1,10,5.7,10.0,436.0,10.0
2008-05-22T05:00+00:00,5805,,,326.0,10.0,321.0,10.0,2.2,10.0,4.7,10.0,987.4,10.0,,,86,10,0.0,10,0.0,10,,,0.0,10,12.4,,,10.0,13.2,,,10.0,13.8,10.0,10.3,10,10.0,10.0,554.0,10.0
2008-05-22T06:00+00:00,5805,,,325.0,10.0,293.0,10.0,2.2,10.0,5.2,10.0,987.7,10.0,,,82,10,0.0,10,0.0,10,,,0.5,10,12.5,,,10.0,13.1,,,10.0,13.8,10.0,11.2,10,10.7,10.0,632.0,10.0
2008-05-22T07:00+00:00,5805,,,311.0,10.0,315.0,10.0,2.9,10.0,6.4,10.0,987.6,10.0,,,76,10,0.0,10,0.0,10,,,0.4,10,12.8,,,10.0,13.1,,,10.0,13.8,10.0,12.1,10,15.0,10.0,742.0,10.0
2008-05-22T08:00+00:00,5805,,,318.0,10.0,315.0,10.0,2.3,10.0,5.6,10.0,987.5,10.0,,,71,10,0.0,10,0.0,10,,,0.5,10,13.1,,,10.0,13.1,,,10.0,13.8,10.0,12.4,10,16.2,10.0,824.0,10.0
2008-05-22T09:00+00:00,5805,,,322.0,10.0,354.0,10.0,2.2,10.0,6.7,10.0,987.5,10.0,,,67,10,0.0,10,0.0,10,,,0.3,10,13.4,,,10.0,13.2,,,10.0,13.7,10.0,12.9,10,16.1,10.0,927.0,10.0
2008-05-22T10:00+00:00,5805,,,308.0,10.0,289.0,10.0,2.3,10.0,6.3,10.0,987.3,10.0,,,64,10,0.0,10,0.0,10,,,0.3,10,13.7,,,10.0,13.3,,,10.0,13.7,10.0,14.0,10,17.0,10.0,1051.0,10.0
2008-05-22T11:00+00:00,5805,,,314.0,10.0,349.0,10.0,2.4,10.0,7.2,10.0,987.1,10.0,,,63,10,0.0,10,0.0,10,,,0.2,10,14.0,,,10.0,13.5,,,10.0,13.7,10.0,14.9,10,17.1,10.0,1129.0,10.0
2008-05-22T12:00+00:00,5805,,,309.0,10.0,318.0,10.0,2.4,10.0,7.4,10.0,987.1,10.0,,,59,10,0.0,10,0.0,10,,,0.2,10,14.3,,,10.0,13.6,,,10.0,13.7,10.0,15.2,10,18.9,10.0,1203.0,10.0
2008-05-22T13:00+00:00,5805,,,299.0,10.0,310.0,10.0,3.0,10.0,8.7,10.0,986.9,10.0,,,57,10,0.0,10,0.0,10,,,0.7,10,14.7,,,10.0,13.8,,,10.0,13.7,10.0,16.1,10,20.0,10.0,1341.0,10.0
2008-05-22T14:00+00:00,5805,,,310.0,10.0,330.0,10.0,2.5,10.0,8.3,10.0,987.0,10.0,,,59,10,0.0,10,0.0,10,,,0.1,10,15.0,,,10.0,14.0,,,10.0,13.7,10.0,15.7,10,19.1,10.0,1450.0,10.0
2008-05-22T15:00+00:00,5805,,,305.0,10.0,307.0,10.0,2.4,10.0,6.3,10.0,987.0,10.0,,,61,10,0.0,10,0.0,10,,,0.2,10,15.1,,,10.0,14.2,,,10.0,13.7,10.0,15.4,10,19.2,10.0,1548.0,10.0
2008-05-22T16:00+00:00,5805,,,305.0,10.0,313.0,10.0,2.7,10.0,7.9,10.0,986.9,10.0,,,60,10,0.0,10,0.0,10,,,0.7,10,15.2,,,10.0,14.3,,,10.0,13.7,10.0,15.2,10,18.0,10.0,1658.0,10.0
2008-05-22T17:00+00:00,5805,,,305.0,10.0,295.0,10.0,2.3,10.0,6.1,10.0,987.0,10.0,,,64,10,0.0,10,0.0,10,,,0.8,10,15.2,,,10.0,14.4,,,10.0,13.7,10.0,14.9,10,15.6,10.0,1706.0,10.0
2008-05-22T18:00+00:00,5805,,,310.0,10.0,301.0,10.0,2.2,10.0,5.4,10.0,987.3,10.0,,,71,10,0.0,10,0.0,10,,,0.7,10,14.9,,,10.0,14.5,,,10.0,13.7,10.0,13.4,10,11.8,10.0,1810.0,10.0
2008-05-22T19:00+00:00,5805,,,314.0,10.0,304.0,10.0,1.9,10.0,3.8,10.0,987.5,10.0,,,81,10,0.0,10,0.0,10,,,0.0,10,14.6,,,10.0,14.5,,,10.0,13.8,10.0,11.8,10,8.3,10.0,1910.0,10.0
2008-05-22T20:00+00:00,5805,,,337.0,10.0,334.0,10.0,1.6,10.0,3.0,10.0,988.0,10.0,,,89,10,0.0,10,0.0,10,,,0.0,10,14.2,,,10.0,14.4,,,10.0,13.8,10.0,10.1,10,6.5,10.0,2015.0,10.0
2008-05-22T21:00+00:00,5805,,,343.0,10.0,339.0,10.0,1.7,10.0,3.2,10.0,988.0,10.0,,,90,10,0.0,10,0.0,10,,,0.0,10,13.8,,,10.0,14.3,,,10.0,13.8,10.0,9.7,10,6.1,10.0,2116.0,10.0
2008-05-22T22:00+00:00,5805,,,321.0,10.0,338.0,10.0,1.1,10.0,3.0,10.0,988.0,10.0,,,91,10,0.0,10,0.0,10,,,0.0,10,13.5,,,10.0,14.2,,,10.0,13.8,10.0,9.0,10,5.4,10.0,2205.0,10.0
2008-05-22T23:00+00:00,5805,,,310.0,10.0,329.0,10.0,1.2,10.0,3.3,10.0,987.9,10.0,,,91,10,0.0,10,0.0,10,,,0.0,10,13.1,,,10.0,14.1,,,10.0,13.9,10.0,8.3,10,4.8,10.0,2302.0,10.0
2008-05-23T00:00+00:00,5805,,,309.0,10.0,342.0,10.0,0.7,10.0,1.9,10.0,987.6,10.0,,,91,10,0.0,10,0.0,10,,,0.0,10,12.8,,,10.0,13.9,,,10.0,13.9,10.0,7.6,10,3.5,10.0,9.0,10.0
2008-05-23T01:00+00:00,5805,,,300.0,10.0,333.0,10.0,0.8,10.0,2.0,10.0,987.5,10.0,,,91,10,0.0,10,0.0,10,,,0.0,10,12.5,,,10.0,13.8,,,10.0,13.9,10.0,6.8,10,3.4,10.0,112.0,10.0
2008-05-23T02:00+00:00,5805,,,354.0,10.0,358.0,10.0,0.5,10.0,1.8,10.0,987.3,10.0,,,91,10,0.0,10,0.0,10,,,0.0,10,12.3,,,10.0,13.6,,,10.0,13.9,10.0,7.5,10,3.5,10.0,253.0,10.0
2008-05-23T03:00+00:00,5805,,,323.0,10.0,351.0,10.0,0.6,10.0,2.8,10.0,987.3,10.0,,,91,10,0.0,10,0.0,10,,,0.0,10,12.2,,,10.0,13.4,,,10.0,13.9,10.0,8.5,10,6.9,10.0,348.0,10.0
2008-05-23T04:00+00:00,5805,,,320.0,10.0,345.0,10.0,0.9,10.0,3.1,10.0,987.0,10.0,,,91,10,0.0,10,0.0,10,,,0.0,10,12.3,,,10.0,13.3,,,10.0,13.9,10.0,9.3,10,8.3,10.0,416.0,10.0
2008-05-23T05:00+00:00,5805,,,332.0,10.0,338.0,10.0,1.5,10.0,2.8,10.0,987.0,10.0,,,91,10,0.0,10,0.0,10,,,0.0,10,12.4,,,10.0,13.3,,,10.0,13.9,10.0,10.7,10,9.5,10.0,515.0,10.0
2008-05-23T06:00+00:00,5805,,,314.0,10.0,306.0,10.0,2.4,10.0,4.9,10.0,987.3,10.0,,,80,10,0.0,10,0.0,10,,,0.0,10,12.6,,,10.0,13.2,,,10.0,13.9,10.0,12.5,10,11.6,10.0,622.0,10.0
2008-05-23T07:00+00:00,5805,,,303.0,10.0,290.0,10.0,2.9,10.0,6.5,10.0,987.3,10.0,,,74,10,0.0,10,0.0,10,,,0.0,10,12.9,,,10.0,13.2,,,10.0,13.9,10.0,13.3,10,13.9,10.0,758.0,10.0
2008-05-23T08:00+00:00,5805,,,308.0,10.0,325.0,10.0,2.3,10.0,5.9,10.0,987.5,10.0,,,72,10,0.0,10,0.0,10,,,0.1,10,13.3,,,10.0,13.3,,,10.0,13.9,10.0,13.8,10,17.0,10.0,807.0,10.0
2008-05-23T09:00+00:00,5805,,,319.0,10.0,353.0,10.0,1.8,10.0,5.6,10.0,987.4,10.0,,,69,10,0.0,10,0.0,10,,,0.2,10,13.6,,,10.0,13.4,,,10.0,13.8,10.0,15.2,10,16.9,10.0,915.0,10.0
2008-05-23T10:00+00:00,5805,,,307.0,10.0,335.0,10.0,2.2,10.0,6.8,10.0,987.3,10.0,,,64,10,0.0,10,0.0,10,,,0.6,10,14.2,,,10.0,13.5,,,10.0,13.8,10.0,16.0,10,22.5,10.0,1056.0,10.0
2008-05-23T11:00+00:00,5805,,,310.0,10.0,306.0,10.0,2.0,10.0,6.9,10.0,987.1,10.0,,,59,10,0.0,10,0.0,10,,,0.2,10,14.7,,,10.0,13.7,,,10.0,13.8,10.0,17.2,10,21.4,10.0,1153.0,10.0
2008-05-23T12:00+00:00,5805,,,314.0,10.0,350.0,10.0,2.0,10.0,6.5,10.0,987.1,10.0,,,56,10,0.0,10,0.0,10,,,0.1,10,15.1,,,10.0,13.9,,,10.0,13.8,10.0,17.3,10,23.2,10.0,1300.0,10.0
2008-05-23T13:00+00:00,5805,,,296.0,10.0,326.0,10.0,2.8,10.0,6.5,10.0,986.8,10.0,,,58,10,0.0,10,0.0,10,,,0.2,10,15.4,,,10.0,14.1,,,10.0,13.8,10.0,17.4,10,22.2,10.0,1321.0,10.0
2008-05-23T14:00+00:00,5805,,,304.0,10.0,358.0,10.0,2.1,10.0,6.0,10.0,986.4,10.0,,,57,10,0.0,10,0.0,10,,,0.4,10,15.8,,,10.0,14.4,,,10.0,13.8,10.0,18.1,10,22.2,10.0,1436.0,10.0
2008-05-23T15:00+00:00,5805,,,304.0,10.0,332.0,10.0,2.2,10.0,6.3,10.0,986.2,10.0,,,56,10,0.0,10,0.0,10,,,0.5,10,16.1,,,10.0,14.6,,,10.0,13.8,10.0,17.7,10,22.3,10.0,1517.0,10.0
2008-05-23T16:00+00:00,5805,,,321.0,10.0,342.0,10.0,1.6,10.0,5.7,10.0,985.9,10.0,,,53,10,0.0,10,0.0,10,,,0.4,10,16.2,,,10.0,14.8,,,10.0,13.8,10.0,17.6,10,20.5,10.0,1625.0,10.0
2008-05-23T17:00+00:00,5805,,,305.0,10.0,312.0,10.0,1.8,10.0,4.2,10.0,986.0,10.0,,,56,10,0.0,10,0.0,10,,,0.8,10,16.2,,,10.0,14.9,,,10.0,13.8,10.0,17.7,10,19.1,10.0,1740.0,10.0
2008-05-23T18:00+00:00,5805,,,305.0,10.0,312.0,10.0,1.2,10.0,3.5,10.0,986.1,10.0,,,70,10,0.0,10,0.0,10,,,0.8,10,15.9,,,10.0,15.0,,,10.0,13.8,10.0,15.6,10,12.8,10.0,1811.0,10.0
2008-05-23T19:00+00:00,5805,,,320.0,10.0,340.0,10.0,1.0,10.0,2.3,10.0,986.4,10.0,,,82,10,0.0,10,0.0,10,,,0.1,10,15.5,,,10.0,15.1,,,10.0,13.9,10.0,13.3,10,9.8,10.0,1949.0,10.0
2008-05-23T20:00+00:00,5805,,,345.0,10.0,7.0,10.0,1.0,10.0,2.6,10.0,986.7,10.0,,,89,10,0.0,10,0.0,10,,,0.0,10,15.1,,,10.0,15.0,,,10.0,13.9,10.0,11.7,10,7.9,10.0,2056.0,10.0
2008-05-23T21:00+00:00,5805,,,355.0,10.0,359.0,10.0,1.3,10.0,2.7,10.0,986.7,10.0,,,90,10,0.0,10,0.0,10,,,0.0,10,14.7,,,10.0,14.9,,,10.0,13.9,10.0,10.8,10,7.3,10.0,2155.0,10.0
2008-05-23T22:00+00:00,5805,,,355.0,10.0,1.0,10.0,1.7,10.0,3.0,10.0,986.8,10.0,,,91,10,0.0,10,0.0,10,,,0.0,10,14.3,,,10.0,14.8,,,10.0,14.0,10.0,10.2,10,6.8,10.0,2207.0,10.0
2008-05-23T23:00+00:00,5805,,,350.0,10.0,359.0,10.0,1.4,10.0,2.9,10.0,986.7,10.0,,,91,10,0.0,10,0.0,10,,,0.0,10,14.0,,,10.0,14.7,,,10.0,14.0,10.0,9.7,10,6.8,10.0,2342.0,10.0
2008-05-24T00:00+00:00,5805,,,354.0,10.0,355.0,10.0,1.1,10.0,2.9,10.0,986.5,10.0,,,91,10,0.0,10,0.0,10,,,0.0,10,13.7,,,10.0,14.5,,,10.0,14.0,10.0,9.3,10,5.9,10.0,36.0,10.0
2008-05-24T01:00+00:00,5805,,,332.0,10.0,326.0,10.0,0.9,10.0,3.3,10.0,986.4,10.0,,,91,10,0.0,10,0.0,10,,,0.0,10,13.4,,,10.0,14.4,,,10.0,14.0,10.0,8.7,10,5.2,10.0,116.0,10.0
2008-05-24T02:00+00:00,5805,,,346.0,10.0,355.0,10.0,0.6,10.0,2.1,10.0,986.2,10.0,,,91,10,0.0,10,0.0,10,,,0.0,10,13.1,,,10.0,14.2,,,10.0,14.1,10.0,7.9,10,4.3,10.0,214.0,10.0
2008-05-24T03:00+00:00,5805,,,345.0,10.0,2.0,10.0,0.4,10.0,1.9,10.0,986.2,10.0,,,91,10,0.0,10,0.0,10,,,0.0,10,12.8,,,10.0,14.0,,,10.0,14.1,10.0,7.2,10,3.7,10.0,347.0,10.0
2008-05-24T04:00+00:00,5805,,,5.0,10.0,356.0,10.0,0.5,10.0,2.2,10.0,986.2,10.0,,,91,10,0.0,10,0.0,10,,,0.0,10,12.6,,,10.0,13.9,,,10.0,14.1,10.0,7.4,10,4.1,10.0,425.0,10.0
2008-05-24T05:00+00:00,5805,,,337.0,10.0,330.0,10.0,0.7,10.0,2.2,10.0,986.3,10.0,,,91,10,0.0,10,0.0,10,,,0.1,10,12.6,,,10.0,13.7,,,10.0,14.1,10.0,8.9,10,6.3,10.0,555.0,10.0
2008-05-24T06:00+00:00,5805,,,330.0,10.0,332.0,10.0,1.1,10.0,2.9,10.0,986.4,10.0,,,87,10,0.0,10,0.0,10,,,0.5,10,12.8,,,10.0,13.6,,,10.0,14.1,10.0,12.0,10,10.2,10.0,636.0,10.0
2008-05-24T07:00+00:00,5805,,,103.0,10.0,114.0,10.0,0.1,10.0,3.3,10.0,986.4,10.0,,,72,10,0.0,10,0.0,10,,,1.0,10,13.2,,,10.0,13.6,,,10.0,14.1,10.0,15.6,10,15.8,10.0,753.0,10.0
2008-05-24T08:00+00:00,5805,,,131.0,10.0,130.0,10.0,1.6,10.0,4.0,10.0,986.2,10.0,,,67,10,0.0,10,0.0,10,,,1.0,10,13.8,,,10.0,13.6,,,10.0,14.0,10.0,17.4,10,24.3,10.0,856.0,10.0
2008-05-24T09:00+00:00,5805,,,148.0,10.0,169.0,10.0,1.6,10.0,4.9,10.0,986.0,10.0,,,59,10,0.0,10,0.0,10,,,1.0,10,14.6,,,10.0,13.7,,,10.0,14.0,10.0,18.6,10,29.8,10.0,932.0,10.0
2008-05-24T10:00+00:00,5805,,,125.0,10.0,108.0,10.0,1.7,10.0,5.7,10.0,986.0,10.0,,,56,10,0.0,10,0.0,10,,,1.0,10,15.6,,,10.0,14.0,,,10.0,14.0,10.0,19.5,10,30.8,10.0,1050.0,10.0
2008-05-24T11:00+00:00,5805,,,100.0,10.0,130.0,10.0,1.2,10.0,4.1,10.0,985.8,10.0,,,54,10,0.0,10,0.0,10,,,0.4,10,16.1,,,10.0,14.3,,,10.0,14.0,10.0,19.5,10,23.9,10.0,1107.0,10.0
2008-05-24T12:00+00:00,5805,,,82.0,10.0,55.0,10.0,1.1,10.0,5.7,10.0,985.5,10.0,,,51,10,0.0,10,0.0,10,,,0.6,10,16.8,,,10.0,14.6,,,10.0,14.0,10.0,20.4,10,24.7,10.0,1249.0,10.0
2008-05-24T13:00+00:00,5805,,,85.0,10.0,146.0,10.0,0.9,10.0,5.4,10.0,985.1,10.0,,,48,10,0.0,10,0.0,10,,,0.9,10,17.5,,,10.0,15.0,,,10.0,14.0,10.0,21.3,10,29.2,10.0,1325.0,10.0
2008-05-24T14:00+00:00,5805,,,43.0,10.0,51.0,10.0,1.6,10.0,4.9,10.0,985.0,10.0,,,48,10,0.0,10,0.0,10,,,0.5,10,18.0,,,10.0,15.4,,,10.0,14.0,10.0,20.9,10,25.1,10.0,1412.0,10.0
2008-05-24T15:00+00:00,5805,,,126.0,10.0,166.0,10.0,1.4,10.0,4.6,10.0,985.2,10.0,,,48,10,0.0,10,0.0,10,,,0.7,10,18.3,,,10.0,15.7,,,10.0,14.0,10.0,20.7,10,24.7,10.0,1519.0,10.0
2008-05-24T16:00+00:00,5805,,,80.0,10.0,146.0,10.0,1.4,10.0,5.1,10.0,985.2,10.0,,,48,10,0.0,10,0.0,10,,,0.5,10,18.4,,,10.0,16.0,,,10.0,14.0,10.0,20.6,10,21.3,10.0,1630.0,10.0
2008-05-24T17:00+00:00,5805,,,102.0,10.0,58.0,10.0,1.2,10.0,4.2,10.0,985.2,10.0,,,47,10,0.0,10,0.0,10,,,0.9,10,18.3,,,10.0,16.3,,,10.0,14.0,10.0,20.6,10,20.5,10.0,1745.0,10.0
2008-05-24T18:00+00:00,5805,,,100.0,10.0,19.0,10.0,1.1,10.0,4.0,10.0,985.4,10.0,,,58,10,0.0,10,0.0,10,,,0.8,10,17.9,,,10.0,16.4,,,10.0,14.1,10.0,18.6,10,14.6,10.0,1819.0,10.0
2008-05-24T19:00+00:00,5805,,,286.0,10.0,307.0,10.0,0.4,10.0,1.9,10.0,985.5,10.0,,,71,10,0.0,10,0.0,10,,,0.0,10,17.4,,,10.0,16.4,,,10.0,14.1,10.0,16.6,10,13.5,10.0,1956.0,10.0
2008-05-24T20:00+00:00,5805,,,270.0,10.0,310.0,10.0,0.4,10.0,2.1,10.0,985.9,10.0,,,79,10,0.0,10,0.0,10,,,0.0,10,17.1,,,10.0,16.3,,,10.0,14.2,10.0,15.8,10,13.9,10.0,2042.0,10.0
2008-05-24T21:00+00:00,5805,,,143.0,10.0,141.0,10.0,0.2,10.0,2.7,10.0,986.1,10.0,,,74,10,0.0,10,0.0,10,,,0.0,10,16.7,,,10.0,16.3,,,10.0,14.2,10.0,16.1,10,13.7,10.0,2149.0,10.0
2008-05-24T22:00+00:00,5805,,,129.0,10.0,124.0,10.0,1.0,10.0,3.5,10.0,986.4,10.0,,,71,10,0.0,10,0.0,10,,,0.0,10,16.5,,,10.0,16.2,,,10.0,14.3,10.0,16.0,10,13.6,10.0,2248.0,10.0
2008-05-24T23:00+00:00,5805,,,96.0,10.0,110.0,10.0,0.7,10.0,3.1,10.0,986.2,10.0,,,76,10,0.0,10,12.0,10,,,0.0,10,16.3,,,10.0,16.1,,,10.0,14.4,10.0,15.3,10,12.5,10.0,2350.0,10.0
2008-05-25T00:00+00:00,5805,,,98.0,10.0,111.0,10.0,1.0,10.0,3.2,10.0,985.9,10.0,,,84,10,0.0,10,0.0,10,,,0.0,10,16.0,,,10.0,16.0,,,10.0,14.4,10.0,14.2,10,11.6,10.0,10.0,10.0
2008-05-25T01:00+00:00,5805,,,338.0,10.0,331.0,10.0,0.7,10.0,2.4,10.0,986.0,10.0,,,89,10,0.0,10,0.0,10,,,0.0,10,15.7,,,10.0,15.9,,,10.0,14.4,10.0,12.5,10,9.5,10.0,141.0,10.0
2008-05-25T02:00+00:00,5805,,,347.0,10.0,333.0,10.0,1.0,10.0,2.9,10.0,986.3,10.0,,,87,10,0.0,10,0.0,10,,,0.0,10,15.4,,,10.0,15.7,,,10.0,14.5,10.0,12.9,10,9.4,10.0,230.0,10.0
2008-05-25T03:00+00:00,5805,,,342.0,10.0,5.0,10.0,0.9,10.0,2.4,10.0,986.0,10.0,,,88,10,0.0,10,0.0,10,,,0.0,10,15.3,,,10.0,15.6,,,10.0,14.5,10.0,12.9,10,12.1,10.0,302.0,10.0
2008-05-25T04:00+00:00,5805,,,353.0,10.0,2.0,10.0,1.0,10.0,2.8,10.0,986.4,10.0,,,88,10,0.0,10,0.0,10,,,0.0,10,15.2,,,10.0,15.5,,,10.0,14.5,10.0,13.1,10,12.1,10.0,432.0,10.0
2008-05-25T05:00+00:00,5805,,,2.0,10.0,4.0,10.0,1.0,10.0,2.5,10.0,986.7,10.0,,,87,10,0.0,10,0.0,10,,,0.0,10,15.1,,,10.0,15.4,,,10.0,14.5,10.0,13.6,10,12.6,10.0,528.0,10.0
2008-05-25T06:00+00:00,5805,,,312.0,10.0,358.0,10.0,0.8,10.0,2.0,10.0,987.2,10.0,,,78,10,0.0,10,3.0,10,,,0.0,10,15.2,,,10.0,15.3,,,10.0,14.6,10.0,14.6,10,13.9,10.0,602.0,10.0
2008-05-25T07:00+00:00,5805,,,317.0,10.0,357.0,10.0,0.8,10.0,2.4,10.0,988.1,10.0,,,86,10,0.0,10,21.0,10,,,0.0,10,15.2,,,10.0,15.3,,,10.0,14.6,10.0,14.6,10,14.1,10.0,707.0,10.0
2008-05-25T08:00+00:00,5805,,,326.0,10.0,315.0,10.0,0.8,10.0,2.8,10.0,988.3,10.0,,,87,10,0.2,10,34.0,10,,,0.0,10,15.2,,,10.0,15.3,,,10.0,14.6,10.0,14.6,10,14.3,10.0,806.0,10.0
2008-05-25T09:00+00:00,5805,,,288.0,10.0,298.0,10.0,1.6,10.0,3.8,10.0,988.9,10.0,,,85,10,0.0,10,32.0,10,,,0.0,10,15.4,,,10.0,15.3,,,10.0,14.6,10.0,15.2,10,15.6,10.0,936.0,10.0
2008-05-25T10:00+00:00,5805,,,291.0,10.0,322.0,10.0,1.6,10.0,4.7,10.0,989.2,10.0,,,75,10,0.2,10,40.0,10,,,0.4,10,15.7,,,10.0,15.3,,,10.0,14.6,10.0,16.7,10,15.4,10.0,1016.0,10.0
2008-05-25T11:00+00:00,5805,,,222.0,10.0,151.0,10.0,0.6,10.0,3.6,10.0,989.3,10.0,,,55,10,0.0,10,5.0,10,,,0.9,10,16.4,,,10.0,15.3,,,10.0,14.6,10.0,19.3,10,21.4,10.0,1152.0,10.0
2008-05-25T12:00+00:00,5805,,,350.0,10.0,313.0,10.0,1.2,10.0,6.2,10.0,989.5,10.0,,,47,10,0.0,10,0.0,10,,,1.0,10,17.3,,,10.0,15.5,,,10.0,14.6,10.0,20.7,10,29.7,10.0,1215.0,10.0
2008-05-25T13:00+00:00,5805,,,22.0,10.0,37.0,10.0,1.0,10.0,4.8,10.0,989.2,10.0,,,50,10,0.0,10,0.0,10,,,1.0,10,18.1,,,10.0,15.8,,,10.0,14.6,10.0,21.3,10,32.0,10.0,1311.0,10.0
2008-05-25T14:00+00:00,5805,,,4.0,10.0,69.0,10.0,1.8,10.0,5.0,10.0,989.4,10.0,,,54,10,0.0,10,0.0,10,,,0.5,10,18.5,,,10.0,16.2,,,10.0,14.6,10.0,21.0,10,26.5,10.0,1436.0,10.0
2008-05-25T15:00+00:00,5805,,,8.0,10.0,4.0,10.0,1.4,10.0,4.8,10.0,989.5,10.0,,,52,10,0.0,10,0.0,10,,,0.7,10,18.8,,,10.0,16.5,,,10.0,14.6,10.0,21.7,10,26.7,10.0,1531.0,10.0
2008-05-25T16:00+00:00,5805,,,357.0,10.0,359.0,10.0,1.5,10.0,4.0,10.0,989.2,10.0,,,53,10,0.0,10,0.0,10,,,1.0,10,19.0,,,10.0,16.7,,,10.0,14.6,10.0,21.2,10,25.6,10.0,1615.0,10.0
2008-05-25T17:00+00:00,5805,,,29.0,10.0,34.0,10.0,0.2,10.0,3.3,10.0,989.4,10.0,,,56,10,0.0,10,0.0,10,,,0.2,10,18.9,,,10.0,16.9,,,10.0,14.6,10.0,20.8,10,21.5,10.0,1749.0,10.0
2008-05-25T18:00+00:00,5805,,,315.0,10.0,341.0,10.0,0.1,10.0,3.1,10.0,989.6,10.0,,,74,10,0.0,10,0.0,10,,,0.3,10,18.7,,,10.0,17.1,,,10.0,14.7,10.0,18.9,10,17.4,10.0,1825.0,10.0
2008-05-25T19:00+00:00,5805,,,315.0,10.0,6.0,10.0,0.3,10.0,2.0,10.0,989.9,10.0,,,85,10,0.0,10,0.0,10,,,0.0,10,18.2,,,10.0,17.1,,,10.0,14.7,10.0,16.3,10,12.3,10.0,1930.0,10.0
2008-05-25T20:00+00:00,5805,,,284.0,10.0,296.0,10.0,0.6,10.0,1.9,10.0,990.5,10.0,,,90,10,0.0,10,0.0,10,,,0.0,10,17.6,,,10.0,17.0,,,10.0,14.7,10.0,14.2,10,11.0,10.0,2039.0,10.0
2008-05-25T21:00+00:00,5805,,,316.0,10.0,263.0,10.0,0.7,10.0,2.5,10.0,990.5,10.0,,,91,10,0.0,10,0.0,10,,,0.0,10,17.1,,,10.0,16.9,,,10.0,14.8,10.0,12.9,10,9.6,10.0,2119.0,10.0
2008-05-25T22:00+00:00,5805,,,341.0,10.0,359.0,10.0,1.0,10.0,2.7,10.0,990.3,10.0,,,91,10,0.0,10,0.0,10,,,0.0,10,16.6,,,10.0,16.8,,,10.0,14.8,10.0,12.2,10,9.2,10.0,2241.0,10.0
2008-05-25T23:00+00:00,5805,,,349.0,10.0,103.0,10.0,1.0,10.0,2.4,10.0,990.4,10.0,,,89,10,0.0,10,0.0,10,,,0.0,10,16.2,,,10.0,16.6,,,10.0,14.9,10.0,12.1,10,9.1,10.0,2357.0,10.0
2008-05-26T00:00+00:00,5805,,,79.0,10.0,102.0,10.0,1.1,10.0,4.0,10.0,990.6,10.0,,,73,10,0.0,10,0.0,10,,,0.0,10,15.9,,,10.0,16.4,,,10.0,14.9,10.0,13.5,10,9.1,10.0,51.0,10.0
2008-05-26T01:00+00:00,5805,,,69.0,10.0,93.0,10.0,1.7,10.0,3.8,10.0,990.3,10.0,,,76,10,0.0,10,0.0,10,,,0.0,10,15.7,,,10.0,16.2,,,10.0,14.9,10.0,12.8,10,10.4,10.0,105.0,10.0
2008-05-26T02:00+00:00,5805,,,22.0,10.0,62.0,10.0,0.9,10.0,3.2,10.0,990.6,10.0,,,84,10,0.0,10,0.0,10,,,0.0,10,15.5,,,10.0,16.1,,,10.0,15.0,10.0,11.5,10,8.0,10.0,203.0,10.0
2008-05-26T03:00+00:00,5805,,,350.0,10.0,350.0,10.0,1.2,10.0,2.6,10.0,990.3,10.0,,,91,10,0.0,10,0.0,10,,,0.0,10,15.1,,,10.0,15.9,,,10.0,15.0,10.0,10.1,10,7.3,10.0,354.0,10.0
2008-05-26T04:00+00:00,5805,,,342.0,10.0,7.0,10.0,1.3,10.0,2.8,10.0,990.6,10.0,,,91,10,0.0,10,0.0,10,,,0.0,10,14.9,,,10.0,15.7,,,10.0,15.0,10.0,10.2,10,7.2,10.0,443.0,10.0
2008-05-26T05:00+00:00,5805,,,355.0,10.0,352.0,10.0,1.5,10.0,2.9,10.0,990.3,10.0,,,83,10,0.0,10,0.0,10,,,0.5,10,14.7,,,10.0,15.6,,,10.0,15.0,10.0,12.4,10,8.8,10.0,502.0,10.0
2008-05-26T06:00+00:00,5805,,,88.0,10.0,128.0,10.0,1.7,10.0,6.2,10.0,990.4,10.0,,,67,10,0.0,10,0.0,10,,,1.0,10,14.9,,,10.0,15.5,,,10.0,15.0,10.0,14.9,10,12.3,10.0,653.0,10.0
2008-05-26T07:00+00:00,5805,,,107.0,10.0,121.0,10.0,2.8,10.0,5.7,10.0,989.8,10.0,,,65,10,0.0,10,0.0,10,,,0.9,10,15.2,,,10.0,15.4,,,10.0,15.0,10.0,15.7,10,18.5,10.0,737.0,10.0
2008-05-26T08:00+00:00,5805,,,112.0,10.0,99.0,10.0,3.3,10.0,6.5,10.0,989.7,10.0,,,62,10,0.0,10,0.0,10,,,1.0,10,15.5,,,10.0,15.4,,,10.0,15.0,10.0,18.6,10,21.4,10.0,838.0,10.0
2008-05-26T09:00+00:00,5805,,,,10.0,,10.0,,10.0,,10.0,,10.0,,,61,10,0.0,10,0.0,10,,,1.0,10,,,,10.0,,,,10.0,,10.0,19.9,10,,10.0,,10.0
2008-05-26T10:00+00:00,5805,,,,10.0,,10.0,,10.0,,10.0,,10.0,,,59,10,0.0,10,0.0,10,,,1.0,10,,,,10.0,,,,10.0,,10.0,22.1,10,,10.0,,10.0
2008-05-26T11:00+00:00,5805,,,,10.0,,10.0,,10.0,,10.0,,10.0,,,60,10,0.0,10,0.0,10,,,1.0,10,,,,10.0,,,,10.0,,10.0,22.0,10,,10.0,,10.0
2008-05-26T12:00+00:00,5805,,,,10.0,,10.0,,10.0,,10.0,,10.0,,,57,10,0.0,10,0.0,10,,,1.0,10,,,,10.0,,,,10.0,,10.0,24.2,10,,10.0,,10.0
2008-05-26T13:00+00:00,5805,,,,10.0,,10.0,,10.0,,10.0,,10.0,,,59,10,0.0,10,0.0,10,,,0.9,10,,,,10.0,,,,10.0,,10.0,23.4,10,,10.0,,10.0
2008-05-26T14:00+00:00,5805,,,,10.0,,10.0,,10.0,,10.0,,10.0,,,64,10,0.0,10,0.0,10,,,0.6,10,,,,10.0,,,,10.0,,10.0,23.1,10,,10.0,,10.0
2008-05-26T15:00+00:00,5805,,,,10.0,,10.0,,10.0,,10.0,,10.0,,,65,10,0.0,10,0.0,10,,,0.7,10,,,,10.0,,,,10.0,,10.0,22.9,10,,10.0,,10.0
2008-05-26T16:00+00:00,5805,,,,10.0,,10.0,,10.0,,10.0,,10.0,,,67,10,0.0,10,0.0,10,,,0.3,10,,,,10.0,,,,10.0,,10.0,22.6,10,,10.0,,10.0
2008-05-26T17:00+00:00,5805,,,,10.0,,10.0,,10.0,,10.0,,10.0,,,69,10,0.0,10,0.0,10,,,0.8,10,,,,10.0,,,,10.0,,10.0,22.2,10,,10.0,,10.0
2008-05-26T18:00+00:00,5805,,,,10.0,,10.0,,10.0,,10.0,,10.0,,,73,10,0.0,10,0.0,10,,,0.7,10,,,,10.0,,,,10.0,,10.0,21.3,10,,10.0,,10.0
2008-05-26T19:00+00:00,5805,,,,10.0,,10.0,,10.0,,10.0,,10.0,,,75,10,0.0,10,0.0,10,,,0.0,10,,,,10.0,,,,10.0,,10.0,20.5,10,,10.0,,10.0
2008-05-26T20:00+00:00,5805,,,,10.0,,10.0,,10.0,,10.0,,10.0,,,82,10,0.0,10,0.0,10,,,0.0,10,,,,10.0,,,,10.0,,10.0,19.2,10,,10.0,,10.0
2008-05-26T21:00+00:00,5805,,,,10.0,,10.0,,10.0,,10.0,,10.0,,,86,10,0.0,10,0.0,10,,,0.0,10,,,,10.0,,,,10.0,,10.0,18.1,10,,10.0,,10.0
2008-05-26T22:00+00:00,5805,,,,10.0,,10.0,,10.0,,10.0,,10.0,,,92,10,0.0,10,0.0,10,,,0.0,10,,,,10.0,,,,10.0,,10.0,16.5,10,,10.0,,10.0
2008-05-26T23:00+00:00,5805,,,,10.0,,10.0,,10.0,,10.0,,10.0,,,96,10,0.0,10,0.0,10,,,0.0,10,,,,10.0,,,,10.0,,10.0,15.1,10,,10.0,,10.0
2008-05-27T00:00+00:00,5805,,,,,,,,,,,,,,,98,10,0.0,10,0.0,10,,,0.0,10,,,,,,,,,,,14.0,10,,,,
2008-05-27T01:00+00:00,5805,,,,,,,,,,,,,,,99,10,0.0,10,0.0,10,,,0.0,10,,,,,,,,,,,13.6,10,,,,
2008-05-27T02:00+00:00,5805,,,,,,,,,,,,,,,100,10,0.0,10,0.0,10,,,0.0,10,,,,,,,,,,,13.0,10,,,,
2008-05-27T03:00+00:00,5805,,,,,,,,,,,,,,,100,10,0.0,10,0.0,10,,,0.0,10,,,,,,,,,,,12.5,10,,,,
2008-05-27T04:00+00:00,5805,,,,,,,,,,,,,,,100,10,0.0,10,0.0,10,,,0.0,10,,,,,,,,,,,12.9,10,,,,
2008-05-27T05:00+00:00,5805,,,,,,,,,,,,,,,94,10,0.0,10,0.0,10,,,0.6,10,,,,,,,,,,,15.7,10,,,,
2008-05-27T06:00+00:00,5805,,,,,,,,,,,,,,,84,10,0.0,10,0.0,10,,,1.0,10,,,,,,,,,,,18.3,10,,,,
2008-05-27T07:00+00:00,5805,,,,,,,,,,,,,,,76,10,0.0,10,0.0,10,,,1.0,10,,,,,,,,,,,20.2,10,,,,
2008-05-27T08:00+00:00,5805,,,,,,,,,,,,,,,69,10,0.0,10,0.0,10,,,1.0,10,,,,,,,,,,,22.0,10,,,,
2008-05-27T09:00+00:00,5805,,,,,,,,,,,,,,,63,10,0.0,10,0.0,10,,,1.0,10,,,,,,,,,,,24.2,10,,,,
2008-05-27T10:00+00:00,5805,,,,,,,,,,,,,,,58,10,0.0,10,0.0,10,,,1.0,10,,,,,,,,,,,25.7,10,,,,
2008-05-27T11:00+00:00,5805,,,,,,,,,,,,,,,56,10,0.0,10,0.0,10,,,1.0,10,,,,,,,,,,,26.8,10,,,,
2008-05-27T12:00+00:00,5805,,,,,,,,,,,,,,,55,10,0.0,10,0.0,10,,,1.0,10,,,,,,,,,,,27.2,10,,,,
2008-05-27T13:00+00:00,5805,,,,,,,,,,,,,,,54,10,0.0,10,0.0,10,,,1.0,10,,,,,,,,,,,28.0,10,,,,
2008-05-27T14:00+00:00,5805,,,,,,,,,,,,,,,53,10,0.0,10,0.0,10,,,1.0,10,,,,,,,,,,,28.0,10,,,,
2008-05-27T15:00+00:00,5805,,,,,,,,,,,,,,,55,10,0.0,10,0.0,10,,,1.0,10,,,,,,,,,,,27.6,10,,,,
2008-05-27T16:00+00:00,5805,,,,,,,,,,,,,,,57,10,0.0,10,0.0,10,,,1.0,10,,,,,,,,,,,27.6,10,,,,
2008-05-27T17:00+00:00,5805,,,,,,,,,,,,,,,58,10,0.0,10,0.0,10,,,1.0,10,,,,,,,,,,,26.2,10,,,,
2008-05-27T18:00+00:00,5805,,,,,,,,,,,,,,,61,10,0.0,10,0.0,10,,,0.9,10,,,,,,,,,,,25.1,10,,,,
2008-05-27T19:00+00:00,5805,,,,,,,,,,,,,,,70,10,0.0,10,0.0,10,,,0.1,10,,,,,,,,,,,22.9,10,,,,
2008-05-27T20:00+00:00,5805,,,,,,,,,,,,,,,87,10,0.0,10,0.0,10,,,0.0,10,,,,,,,,,,,20.0,10,,,,
2008-05-27T21:00+00:00,5805,,,,,,,,,,,,,,,92,10,0.0,10,0.0,10,,,0.0,10,,,,,,,,,,,18.5,10,,,,
2008-05-27T22:00+00:00,5805,,,,,,,,,,,,,,,95,10,0.0,10,0.0,10,,,0.0,10,,,,,,,,,,,17.5,10,,,,
2008-05-27T23:00+00:00,5805,,,,,,,,,,,,,,,97,10,0.0,10,0.0,10,,,0.0,10,,,,,,,,,,,17.0,10,,,,
2008-05-28T00:00+00:00,5805,,0.0,,10.0,,10.0,,10.0,,10.0,,10.0,,,98,10,0.0,10,0.0,10,,,0.0,10,,,,10.0,,,,10.0,,10.0,16.2,10,,10.0,,10.0
2008-05-28T01:00+00:00,5805,,0.0,,10.0,,10.0,,10.0,,10.0,,10.0,,,99,10,0.0,10,0.0,10,,,0.0,10,,,,10.0,,,,10.0,,10.0,15.6,10,,10.0,,10.0
2008-05-28T02:00+00:00,5805,,0.0,,10.0,,10.0,,10.0,,10.0,,10.0,,,100,10,0.0,10,0.0,10,,,0.0,10,,,,10.0,,,,10.0,,10.0,15.0,10,,10.0,,10.0
2008-05-28T03:00+00:00,5805,,0.0,,10.0,,10.0,,10.0,,10.0,,10.0,,,100,10,0.0,10,0.0,10,,,0.0,10,,,,10.0,,,,10.0,,10.0,14.5,10,,10.0,,10.0
2008-05-28T04:00+00:00,5805,,0.0,,10.0,,10.0,,10.0,,10.0,,10.0,,,100,10,0.0,10,0.0,10,,,0.0,10,,,,10.0,,,,10.0,,10.0,14.9,10,,10.0,,10.0
2008-05-28T05:00+00:00,5805,,0.0,,10.0,,10.0,,10.0,,10.0,,10.0,,,93,10,0.0,10,0.0,10,,,0.6,10,,,,10.0,,,,10.0,,10.0,17.7,10,,10.0,,10.0
2008-05-28T06:00+00:00,5805,,0.0,,10.0,,10.0,,10.0,,10.0,,10.0,,,80,10,0.0,10,0.0,10,,,1.0,10,,,,10.0,,,,10.0,,10.0,20.9,10,,10.0,,10.0
2008-05-28T07:00+00:00,5805,,0.0,,10.0,,10.0,,10.0,,10.0,,10.0,,,72,10,0.0,10,0.0,10,,,1.0,10,,,,10.0,,,,10.0,,10.0,23.0,10,,10.0,,10.0
2008-05-28T08:00+00:00,5805,,0.0,,10.0,,10.0,,10.0,,10.0,,10.0,,,64,10,0.0,10,0.0,10,,,1.0,10,,,,10.0,,,,10.0,,10.0,25.0,10,,10.0,,10.0
2008-05-28T09:00+00:00,5805,,0.0,,10.0,,10.0,,10.0,,10.0,,10.0,,,59,10,0.0,10,0.0,10,,,1.0,10,,,,10.0,,,,10.0,,10.0,26.0,10,,10.0,,10.0
2008-05-28T10:00+00:00,5805,,0.0,,10.0,,10.0,,10.0,,10.0,,10.0,,,59,10,0.0,10,0.0,10,,,1.0,10,,,,10.0,,,,10.0,,10.0,27.4,10,,10.0,,10.0
2008-05-28T11:00+00:00,5805,,0.0,,10.0,,10.0,,10.0,,10.0,,10.0,,,56,10,0.0,10,0.0,10,,,1.0,10,,,,10.0,,,,10.0,,10.0,27.5,10,,10.0,,10.0
2008-05-28T12:00+00:00,5805,,0.0,,10.0,,10.0,,10.0,,10.0,,10.0,,,53,10,0.0,10,0.0,10,,,1.0,10,,,,10.0,,,,10.0,,10.0,28.9,10,,10.0,,10.0
2008-05-28T13:00+00:00,5805,,0.0,,10.0,,10.0,,10.0,,10.0,,10.0,,,56,10,0.0,10,0.0,10,,,1.0,10,,,,10.0,,,,10.0,,10.0,28.8,10,,10.0,,10.0
2008-05-28T14:00+00:00,5805,652.0,0.0,,10.0,,10.0,,10.0,,10.0,985.1,10.0,,,52,10,0.0,10,0.0,10,,,1.0,10,23.3,,,10.0,19.9,,,10.0,16.3,10.0,28.8,10,36.1,10.0,,10.0
2008-05-28T15:00+00:00,5805,446.0,0.0,,10.0,,10.0,,10.0,,10.0,985.1,10.0,,,54,10,0.0,10,0.0,10,,,0.7,10,23.2,,,10.0,20.1,,,10.0,16.3,10.0,28.4,10,33.0,10.0,,10.0
2008-05-28T16:00+00:00,5805,274.0,0.0,,10.0,,10.0,,10.0,,10.0,985.4,10.0,,,58,10,0.0,10,0.0,10,,,0.5,10,23.0,,,10.0,20.2,,,10.0,16.3,10.0,27.1,10,29.8,10.0,,10.0
2008-05-28T17:00+00:00,5805,134.0,0.0,57.0,10.0,81.0,10.0,0.4,10.0,4.3,10.0,986.0,10.0,,,61,10,0.0,10,0.0,10,,,0.1,10,22.5,,,10.0,20.4,,,10.0,16.4,10.0,25.2,10,26.2,10.0,1735.0,10.0
2008-05-28T18:00+00:00,5805,57.0,0.0,68.0,10.0,86.0,10.0,0.5,10.0,3.9,10.0,986.4,10.0,,,63,10,0.0,10,0.0,10,,,0.0,10,21.9,,,10.0,20.4,,,10.0,16.4,10.0,23.8,10,23.2,10.0,1801.0,10.0
2008-05-28T19:00+00:00,5805,9.0,0.0,358.0,10.0,352.0,10.0,0.3,10.0,2.1,10.0,986.9,10.0,,,68,10,0.0,10,0.0,10,,,0.0,10,21.3,,,10.0,20.3,,,10.0,16.5,10.0,21.9,10,20.2,10.0,1944.0,10.0
2008-05-28T20:00+00:00,5805,0.0,0.0,0.0,10.0,149.0,10.0,0.0,10.0,1.4,10.0,987.4,10.0,,,78,10,0.0,10,0.0,10,,,0.0,10,20.8,,,10.0,20.2,,,10.0,16.5,10.0,20.1,10,18.1,10.0,2008.0,10.0
2008-05-28T21:00+00:00,5805,0.0,0.0,0.0,10.0,280.0,10.0,0.0,10.0,1.4,10.0,987.6,10.0,,,85,10,0.0,10,0.0,10,,,0.0,10,20.3,,,10.0,20.0,,,10.0,16.6,10.0,19.0,10,16.9,10.0,2122.0,10.0
2008-05-28T22:00+00:00,5805,0.0,0.0,44.0,10.0,329.0,10.0,0.1,10.0,1.1,10.0,987.7,10.0,,,86,10,0.0,10,0.0,10,,,0.0,10,19.9,,,10.0,19.9,,,10.0,16.6,10.0,17.8,10,15.9,10.0,2228.0,10.0
2008-05-28T23:00+00:00,5805,0.0,0.0,344.0,10.0,299.0,10.0,0.1,10.0,2.1,10.0,988.5,10.0,,,87,10,0.0,10,0.0,10,,,0.0,10,19.5,,,10.0,19.7,,,10.0,16.7,10.0,17.3,10,15.6,10.0,2308.0,10.0
2008-05-29T00:00+00:00,5805,0.0,0.0,18.0,10.0,40.0,10.0,0.2,10.0,1.1,10.0,988.6,10.0,,,91,10,0.0,10,0.0,10,,,0.0,10,19.1,,,10.0,19.5,,,10.0,16.8,10.0,16.1,10,14.4,10.0,2.0,10.0
2008-05-29T01:00+00:00,5805,0.0,0.0,93.0,10.0,126.0,10.0,0.5,10.0,5.3,10.0,988.7,10.0,,,71,10,0.0,10,0.0,10,,,0.0,10,19.0,,,10.0,19.3,,,10.0,16.8,10.0,18.8,10,14.3,10.0,158.0,10.0
2008-05-29T02:00+00:00,5805,0.0,0.0,116.0,10.0,128.0,10.0,3.0,10.0,7.7,10.0,988.5,10.0,,,58,10,0.0,10,0.0,10,,,0.0,10,18.8,,,10.0,19.1,,,10.0,16.8,10.0,18.7,10,17.4,10.0,258.0,10.0
2008-05-29T03:00+00:00,5805,1.0,0.0,115.0,10.0,132.0,10.0,3.2,10.0,8.0,10.0,988.8,10.0,,,56,10,0.0,10,0.0,10,,,0.0,10,18.6,,,10.0,19.0,,,10.0,16.8,10.0,17.9,10,17.2,10.0,329.0,10.0
2008-05-29T04:00+00:00,5805,37.0,0.0,114.0,10.0,127.0,10.0,3.4,10.0,8.6,10.0,989.0,10.0,,,54,10,0.0,10,0.0,10,,,0.0,10,18.3,,,10.0,18.8,,,10.0,16.9,10.0,17.2,10,17.0,10.0,445.0,10.0
2008-05-29T05:00+00:00,5805,125.0,0.0,124.0,10.0,131.0,10.0,3.3,10.0,8.4,10.0,989.2,10.0,,,53,10,0.0,10,0.0,10,,,0.0,10,18.2,,,10.0,18.7,,,10.0,16.9,10.0,16.9,10,17.4,10.0,506.0,10.0
2008-05-29T06:00+00:00,5805,230.0,0.0,123.0,10.0,137.0,10.0,4.0,10.0,9.5,10.0,989.7,10.0,,,51,10,0.0,10,0.0,10,,,0.1,10,18.2,,,10.0,18.5,,,10.0,16.9,10.0,17.3,10,19.0,10.0,626.0,10.0
2008-05-29T07:00+00:00,5805,391.0,0.0,123.0,10.0,104.0,10.0,3.4,10.0,8.2,10.0,989.7,10.0,,,49,10,0.0,10,0.0,10,,,0.6,10,18.4,,,10.0,18.4,,,10.0,16.9,10.0,17.9,10,21.1,10.0,756.0,10.0
2008-05-29T08:00+00:00,5805,546.0,0.0,120.0,10.0,123.0,10.0,4.0,10.0,8.9,10.0,989.6,10.0,,,46,10,0.0,10,0.0,10,,,1.0,10,18.8,,,10.0,18.4,,,10.0,16.9,10.0,18.7,10,24.3,10.0,848.0,10.0
2008-05-29T09:00+00:00,5805,725.0,0.0,132.0,10.0,143.0,10.0,4.2,10.0,11.0,10.0,989.3,10.0,,,43,10,0.0,10,0.0,10,,,1.0,10,19.2,,,10.0,18.4,,,10.0,16.8,10.0,19.8,10,26.4,10.0,918.0,10.0
2008-05-29T10:00+00:00,5805,793.0,0.0,134.0,10.0,114.0,10.0,3.9,10.0,10.2,10.0,989.2,10.0,,,41,10,0.0,10,0.0,10,,,1.0,10,19.6,,,10.0,18.5,,,10.0,16.8,10.0,20.8,10,25.5,10.0,1043.0,10.0
2008-05-29T11:00+00:00,5805,838.0,0.0,135.0,10.0,151.0,10.0,4.0,10.0,10.7,10.0,988.9,10.0,,,39,10,0.0,10,0.0,10,,,1.0,10,20.0,,,10.0,18.7,,,10.0,16.8,10.0,22.3,10,29.5,10.0,1121.0,10.0
2008-05-29T12:00+00:00,5805,772.0,0.0,126.0,10.0,134.0,10.0,4.3,10.0,10.6,10.0,988.6,10.0,,,39,10,0.0,10,0.0,10,,,1.0,10,20.5,,,10.0,18.9,,,10.0,16.8,10.0,22.6,10,29.1,10.0,1215.0,10.0
2008-05-29T13:00+00:00,5805,772.0,0.0,123.0,10.0,112.0,10.0,4.5,10.0,11.1,10.0,987.8,10.0,,,38,10,0.0,10,0.0,10,,,1.0,10,20.8,,,10.0,19.1,,,10.0,16.8,10.0,23.3,10,31.3,10.0,1324.0,10.0
2008-05-29T14:00+00:00,5805,664.0,0.0,131.0,10.0,138.0,10.0,4.1,10.0,10.9,10.0,987.5,10.0,,,39,10,0.0,10,0.0,10,,,1.0,10,21.0,,,10.0,19.3,,,10.0,16.8,10.0,23.7,10,31.0,10.0,1411.0,10.0
2008-05-29T15:00+00:00,5805,544.0,0.0,132.0,10.0,127.0,10.0,3.7,10.0,9.7,10.0,986.9,10.0,,,40,10,0.0,10,0.0,10,,,1.0,10,21.1,,,10.0,19.5,,,10.0,16.8,10.0,24.2,10,30.3,10.0,1523.0,10.0
2008-05-29T16:00+00:00,5805,380.0,0.0,133.0,10.0,126.0,10.0,3.5,10.0,9.6,10.0,986.4,10.0,,,42,10,0.0,10,0.0,10,,,1.0,10,20.9,,,10.0,19.5,,,10.0,16.8,10.0,23.7,10,26.7,10.0,1654.0,10.0
2008-05-29T17:00+00:00,5805,204.0,0.0,134.0,10.0,145.0,10.0,3.1,10.0,9.5,10.0,986.3,10.0,,,45,10,0.0,10,0.0,10,,,1.0,10,20.6,,,10.0,19.6,,,10.0,16.9,10.0,23.3,10,24.0,10.0,1722.0,10.0
2008-05-29T18:00+00:00,5805,75.0,0.0,126.0,10.0,160.0,10.0,2.7,10.0,8.2,10.0,986.2,10.0,,,47,10,0.0,10,0.0,10,,,0.2,10,20.2,,,10.0,19.6,,,10.0,16.9,10.0,22.7,10,21.6,10.0,1812.0,10.0
2008-05-29T19:00+00:00,5805,10.0,0.0,114.0,10.0,106.0,10.0,3.0,10.0,7.9,10.0,986.4,10.0,,,52,10,0.0,10,0.0,10,,,0.0,10,19.9,,,10.0,19.5,,,10.0,16.9,10.0,21.9,10,20.2,10.0,1943.0,10.0
2008-05-29T20:00+00:00,5805,0.0,0.0,120.0,10.0,129.0,10.0,2.6,10.0,6.8,10.0,986.5,10.0,,,58,10,0.0,10,0.0,10,,,0.0,10,19.5,,,10.0,19.4,,,10.0,16.9,10.0,20.6,10,18.8,10.0,2007.0,10.0
2008-05-29T21:00+00:00,5805,0.0,0.0,124.0,10.0,111.0,10.0,2.2,10.0,6.3,10.0,986.7,10.0,,,60,10,0.0,10,0.0,10,,,0.0,10,19.2,,,10.0,19.3,,,10.0,17.0,10.0,19.4,10,17.1,10.0,2108.0,10.0
2008-05-29T22:00+00:00,5805,0.0,0.0,118.0,10.0,140.0,10.0,2.1,10.0,4.8,10.0,986.2,10.0,,,64,10,0.0,10,0.0,10,,,0.0,10,18.9,,,10.0,19.2,,,10.0,17.0,10.0,18.5,10,16.3,10.0,2212.0,10.0
2008-05-29T23:00+00:00,5805,0.0,0.0,115.0,10.0,117.0,10.0,1.9,10.0,5.4,10.0,986.2,10.0,,,69,10,0.0,10,0.0,10,,,0.0,10,18.6,,,10.0,19.0,,,10.0,17.0,10.0,17.9,10,15.9,10.0,2314.0,10.0
2008-05-30T00:00+00:00,5805,0.0,0.0,116.0,10.0,155.0,10.0,1.6,10.0,4.4,10.0,985.8,10.0,,,68,10,0.0,10,0.0,10,,,0.0,10,18.3,,,10.0,18.9,,,10.0,17.0,10.0,16.9,10,15.0,10.0,40.0,10.0
2008-05-30T01:00+00:00,5805,0.0,0.0,125.0,10.0,131.0,10.0,2.5,10.0,6.4,10.0,985.7,10.0,,,68,10,0.0,10,0.0,10,,,0.0,10,18.0,,,10.0,18.7,,,10.0,17.0,10.0,16.3,10,14.7,10.0,130.0,10.0
2008-05-30T02:00+00:00,5805,0.0,0.0,118.0,10.0,123.0,10.0,1.7,10.0,5.2,10.0,985.5,10.0,,,68,10,0.0,10,0.0,10,,,0.0,10,17.8,,,10.0,18.6,,,10.0,17.1,10.0,15.8,10,14.0,10.0,238.0,10.0
2008-05-30T03:00+00:00,5805,0.0,0.0,92.0,10.0,107.0,10.0,1.0,10.0,4.1,10.0,985.8,10.0,,,72,10,0.0,10,0.0,10,,,0.0,10,17.5,,,10.0,18.4,,,10.0,17.1,10.0,15.0,10,12.8,10.0,313.0,10.0
2008-05-30T04:00+00:00,5805,26.0,0.0,37.0,10.0,103.0,10.0,0.2,10.0,2.3,10.0,985.9,10.0,,,72,10,0.0,10,0.0,10,,,0.0,10,17.3,,,10.0,18.2,,,10.0,17.1,10.0,15.0,10,12.4,10.0,439.0,10.0
2008-05-30T05:00+00:00,5805,119.0,0.0,74.0,10.0,78.0,10.0,0.9,10.0,3.8,10.0,985.9,10.0,,,67,10,0.0,10,0.0,10,,,0.5,10,17.5,,,10.0,18.1,,,10.0,17.0,10.0,16.7,10,13.8,10.0,545.0,10.0
2008-05-30T06:00+00:00,5805,289.0,0.0,95.0,10.0,104.0,10.0,1.7,10.0,5.7,10.0,985.9,10.0,,,62,10,0.0,10,0.0,10,,,1.0,10,17.9,,,10.0,18.0,,,10.0,17.0,10.0,18.0,10,20.9,10.0,652.0,10.0
2008-05-30T07:00+00:00,5805,444.0,0.0,112.0,10.0,120.0,10.0,2.3,10.0,5.8,10.0,986.0,10.0,,,60,10,0.0,10,0.0,10,,,1.0,10,18.4,,,10.0,18.0,,,10.0,17.0,10.0,19.7,10,23.9,10.0,758.0,10.0
2008-05-30T08:00+00:00,5805,602.0,0.0,120.0,10.0,137.0,10.0,2.6,10.0,7.6,10.0,985.9,10.0,,,59,10,0.0,10,0.0,10,,,1.0,10,19.0,,,10.0,18.0,,,10.0,17.0,10.0,21.5,10,27.5,10.0,853.0,10.0
2008-05-30T09:00+00:00,5805,731.0,0.0,127.0,10.0,126.0,10.0,2.6,10.0,7.1,10.0,985.7,10.0,,,57,10,0.0,10,0.0,10,,,1.0,10,19.8,,,10.0,18.1,,,10.0,17.0,10.0,24.1,10,30.0,10.0,940.0,10.0
2008-05-30T10:00+00:00,5805,819.0,0.0,129.0,10.0,113.0,10.0,3.2,10.0,8.2,10.0,985.3,10.0,,,56,10,0.0,10,0.0,10,,,1.0,10,20.5,,,10.0,18.3,,,10.0,17.0,10.0,25.3,10,29.4,10.0,1042.0,10.0
2008-05-30T11:00+00:00,5805,856.0,0.0,132.0,10.0,142.0,10.0,3.1,10.0,7.9,10.0,984.8,10.0,,,56,10,0.0,10,0.0,10,,,1.0,10,21.2,,,10.0,18.6,,,10.0,16.9,10.0,26.1,10,34.5,10.0,1200.0,10.0
2008-05-30T12:00+00:00,5805,843.0,0.0,132.0,10.0,121.0,10.0,3.1,10.0,7.7,10.0,984.3,10.0,,,54,10,0.0,10,0.0,10,,,1.0,10,21.9,,,10.0,19.0,,,10.0,16.9,10.0,27.0,10,36.2,10.0,1254.0,10.0
2008-05-30T13:00+00:00,5805,785.0,0.0,132.0,10.0,161.0,10.0,3.5,10.0,9.5,10.0,984.3,10.0,,,54,10,0.0,10,0.0,10,,,1.0,10,22.3,,,10.0,19.3,,,10.0,16.9,10.0,27.1,10,36.6,10.0,1342.0,10.0
2008-05-30T14:00+00:00,5805,684.0,0.0,135.0,10.0,140.0,10.0,3.3,10.0,8.8,10.0,984.0,10.0,,,53,10,0.0,10,0.0,10,,,1.0,10,22.6,,,10.0,19.7,,,10.0,16.9,10.0,27.3,10,35.5,10.0,1435.0,10.0
2008-05-30T15:00+00:00,5805,551.0,0.0,133.0,10.0,121.0,10.0,3.3,10.0,9.7,10.0,983.7,10.0,,,53,10,0.0,10,0.0,10,,,1.0,10,22.7,,,10.0,19.9,,,10.0,16.9,10.0,27.6,10,34.2,10.0,1529.0,10.0
2008-05-30T16:00+00:00,5805,407.0,0.0,136.0,10.0,122.0,10.0,3.4,10.0,8.9,10.0,983.4,10.0,,,55,10,0.0,10,0.0,10,,,1.0,10,22.6,,,10.0,20.1,,,10.0,17.0,10.0,27.3,10,32.4,10.0,1627.0,10.0
2008-05-30T17:00+00:00,5805,245.0,0.0,131.0,10.0,172.0,10.0,3.1,10.0,8.2,10.0,983.3,10.0,,,55,10,0.0,10,0.0,10,,,1.0,10,22.2,,,10.0,20.2,,,10.0,17.0,10.0,26.7,10,27.4,10.0,1734.0,10.0
2008-05-30T18:00+00:00,5805,99.0,0.0,134.0,10.0,133.0,10.0,2.3,10.0,6.5,10.0,983.5,10.0,,,58,10,0.0,10,0.0,10,,,0.9,10,21.8,,,10.0,20.3,,,10.0,17.0,10.0,25.8,10,24.8,10.0,1802.0,10.0
2008-05-30T19:00+00:00,5805,16.0,0.0,141.0,10.0,126.0,10.0,2.0,10.0,6.4,10.0,984.0,10.0,,,63,10,0.0,10,0.0,10,,,0.0,10,21.3,,,10.0,20.3,,,10.0,17.1,10.0,24.2,10,22.2,10.0,1905.0,10.0
2008-05-30T20:00+00:00,5805,0.0,0.0,130.0,10.0,129.0,10.0,2.2,10.0,5.9,10.0,984.5,10.0,,,69,10,0.0,10,0.0,10,,,0.0,10,20.9,,,10.0,20.2,,,10.0,17.1,10.0,22.7,10,20.8,10.0,2005.0,10.0
2008-05-30T21:00+00:00,5805,0.0,0.0,111.0,10.0,126.0,10.0,0.9,10.0,3.9,10.0,984.5,10.0,,,74,10,0.0,10,0.0,10,,,0.0,10,20.5,,,10.0,20.1,,,10.0,17.2,10.0,21.5,10,19.1,10.0,2114.0,10.0
2008-05-30T22:00+00:00,5805,0.0,0.0,70.0,10.0,101.0,10.0,0.6,10.0,2.7,10.0,985.1,10.0,,,83,10,0.0,10,0.0,10,,,0.0,10,20.1,,,10.0,20.0,,,10.0,17.2,10.0,19.9,10,18.0,10.0,2207.0,10.0
2008-05-30T23:00+00:00,5805,0.0,0.0,285.0,10.0,234.0,10.0,0.1,10.0,1.8,10.0,984.6,10.0,,,89,10,0.0,10,0.0,10,,,0.0,10,19.7,,,10.0,19.8,,,10.0,17.3,10.0,18.4,10,15.8,10.0,2343.0,10.0
2008-05-31T00:00+00:00,5805,0.0,0.0,294.0,10.0,216.0,10.0,0.1,10.0,1.4,10.0,984.2,10.0,,,93,10,0.0,10,0.0,10,,,0.0,10,19.3,,,10.0,19.7,,,10.0,17.3,10.0,16.9,10,14.2,10.0,39.0,10.0
2008-05-31T01:00+00:00,5805,0.0,0.0,300.0,10.0,312.0,10.0,0.1,10.0,1.4,10.0,984.2,10.0,,,94,10,0.0,10,0.0,10,,,0.0,10,18.9,,,10.0,19.5,,,10.0,17.3,10.0,16.1,10,13.4,10.0,126.0,10.0
2008-05-31T02:00+00:00,5805,0.0,0.0,295.0,10.0,193.0,10.0,0.1,10.0,1.7,10.0,984.4,10.0,,,93,10,0.0,10,0.0,10,,,0.0,10,18.5,,,10.0,19.3,,,10.0,17.4,10.0,15.0,10,12.0,10.0,216.0,10.0
2008-05-31T03:00+00:00,5805,0.0,0.0,0.0,10.0,240.0,10.0,0.0,10.0,1.2,10.0,985.1,10.0,,,94,10,0.0,10,0.0,10,,,0.0,10,18.1,,,10.0,19.1,,,10.0,17.4,10.0,13.9,10,11.1,10.0,340.0,10.0
2008-05-31T04:00+00:00,5805,28.0,0.0,337.0,10.0,352.0,10.0,0.1,10.0,1.2,10.0,985.2,10.0,,,93,10,0.0,10,0.0,10,,,0.2,10,17.9,,,10.0,18.9,,,10.0,17.4,10.0,14.1,10,11.2,10.0,414.0,10.0
2008-05-31T05:00+00:00,5805,120.0,0.0,312.0,10.0,21.0,10.0,0.2,10.0,0.9,10.0,985.3,10.0,,,86,10,0.0,10,0.0,10,,,0.6,10,18.1,,,10.0,18.7,,,10.0,17.4,10.0,16.8,10,12.8,10.0,532.0,10.0
2008-05-31T06:00+00:00,5805,301.0,0.0,169.0,10.0,129.0,10.0,0.1,10.0,1.9,10.0,985.1,10.0,,,68,10,0.0,10,0.0,10,,,1.0,10,18.7,,,10.0,18.6,,,10.0,17.4,10.0,20.9,10,18.0,10.0,659.0,10.0
2008-05-31T07:00+00:00,5805,461.0,0.0,123.0,10.0,119.0,10.0,1.8,10.0,4.8,10.0,985.3,10.0,,,54,10,0.0,10,0.0,10,,,1.0,10,19.4,,,10.0,18.6,,,10.0,17.4,10.0,22.6,10,29.2,10.0,753.0,10.0
2008-05-31T08:00+00:00,5805,610.0,0.0,118.0,10.0,114.0,10.0,1.7,10.0,4.6,10.0,985.4,10.0,,,47,10,0.0,10,0.0,10,,,1.0,10,20.1,,,10.0,18.7,,,10.0,17.4,10.0,24.7,10,30.8,10.0,806.0,10.0
2008-05-31T09:00+00:00,5805,733.0,0.0,123.0,10.0,122.0,10.0,1.9,10.0,5.8,10.0,985.5,10.0,,,39,10,0.0,10,0.0,10,,,1.0,10,21.1,,,10.0,18.8,,,10.0,17.4,10.0,26.4,10,34.8,10.0,959.0,10.0
2008-05-31T10:00+00:00,5805,823.0,0.0,136.0,10.0,116.0,10.0,1.8,10.0,5.0,10.0,985.4,10.0,,,40,10,0.0,10,0.0,10,,,1.0,10,21.7,,,10.0,19.1,,,10.0,17.3,10.0,27.4,10,32.6,10.0,1038.0,10.0
2008-05-31T11:00+00:00,5805,869.0,0.0,139.0,10.0,112.0,10.0,2.2,10.0,7.3,10.0,985.1,10.0,,,37,10,0.0,10,0.0,10,,,1.0,10,22.3,,,10.0,19.4,,,10.0,17.3,10.0,28.4,10,38.0,10.0,1159.0,10.0
2008-05-31T12:00+00:00,5805,865.0,0.0,137.0,10.0,128.0,10.0,2.7,10.0,8.1,10.0,984.9,10.0,,,37,10,0.0,10,0.0,10,,,1.0,10,22.9,,,10.0,19.8,,,10.0,17.3,10.0,28.6,10,38.4,10.0,1216.0,10.0
2008-05-31T13:00+00:00,5805,822.0,0.0,137.0,10.0,134.0,10.0,2.7,10.0,7.1,10.0,984.6,10.0,,,36,10,0.0,10,0.0,10,,,1.0,10,23.4,,,10.0,20.1,,,10.0,17.3,10.0,29.0,10,39.1,10.0,1330.0,10.0
2008-05-31T14:00+00:00,5805,733.0,0.0,142.0,10.0,151.0,10.0,2.4,10.0,6.8,10.0,984.4,10.0,,,34,10,0.0,10,0.0,10,,,1.0,10,23.7,,,10.0,20.5,,,10.0,17.3,10.0,29.4,10,38.9,10.0,1416.0,10.0
2008-05-31T15:00+00:00,5805,600.0,0.0,133.0,10.0,125.0,10.0,2.2,10.0,6.7,10.0,984.1,10.0,,,35,10,0.0,10,0.0,10,,,1.0,10,23.8,,,10.0,20.7,,,10.0,17.3,10.0,28.8,10,37.5,10.0,1523.0,10.0
2008-05-31T16:00+00:00,5805,445.0,0.0,141.0,10.0,127.0,10.0,2.3,10.0,5.7,10.0,984.2,10.0,,,36,10,0.0,10,0.0,10,,,1.0,10,23.5,,,10.0,20.9,,,10.0,17.4,10.0,28.1,10,35.0,10.0,1609.0,10.0
2008-05-31T17:00+00:00,5805,292.0,0.0,134.0,10.0,131.0,10.0,1.9,10.0,5.4,10.0,984.4,10.0,,,38,10,0.0,10,0.0,10,,,1.0,10,23.0,,,10.0,21.0,,,10.0,17.4,10.0,27.0,10,27.4,10.0,1716.0,10.0
2008-05-31T18:00+00:00,5805,146.0,0.0,132.0,10.0,132.0,10.0,1.4,10.0,5.2,10.0,984.5,10.0,,,41,10,0.0,10,0.0,10,,,1.0,10,22.4,,,10.0,21.1,,,10.0,17.5,10.0,25.6,10,24.2,10.0,1803.0,10.0
2008-05-31T19:00+00:00,5805,18.0,0.0,193.0,10.0,126.0,10.0,0.1,10.0,3.5,10.0,985.1,10.0,,,62,10,0.0,10,0.0,10,,,0.1,10,21.7,,,10.0,21.0,,,10.0,17.5,10.0,21.2,10,18.4,10.0,1903.0,10.0
2008-05-31T20:00+00:00,5805,0.0,0.0,281.0,10.0,243.0,10.0,0.2,10.0,1.2,10.0,985.8,10.0,,,74,10,0.0,10,0.0,10,,,0.0,10,21.1,,,10.0,20.9,,,10.0,17.6,10.0,19.4,10,16.1,10.0,2013.0,10.0
2008-05-31T21:00+00:00,5805,0.0,0.0,360.0,10.0,311.0,10.0,0.1,10.0,1.0,10.0,985.8,10.0,,,80,10,0.0,10,0.0,10,,,0.0,10,20.5,,,10.0,20.7,,,10.0,17.7,10.0,17.8,10,14.4,10.0,2131.0,10.0
2008-05-31T22:00+00:00,5805,0.0,0.0,337.0,10.0,287.0,10.0,0.2,10.0,1.1,10.0,985.9,10.0,,,85,10,0.0,10,0.0,10,,,0.0,10,20.0,,,10.0,20.5,,,10.0,17.7,10.0,16.9,10,13.5,10.0,2219.0,10.0
2008-05-31T23:00+00:00,5805,0.0,0.0,344.0,10.0,20.0,10.0,0.2,10.0,1.4,10.0,986.2,10.0,,,91,10,0.0,10,0.0,10,,,0.0,10,19.5,,,10.0,20.2,,,10.0,17.7,10.0,15.4,10,12.7,10.0,2400.0,10.0
2008-06-01T00:00+00:00,5805,0.0,0.0,0.0,10.0,3.0,10.0,0.0,10.0,0.7,10.0,986.5,10.0,,,92,10,0.0,10,0.0,10,,,0.0,10,19.1,,,10.0,20.0,,,10.0,17.8,10.0,14.9,10,11.9,10.0,13.0,10.0
2008-06-01T01:00+00:00,5805,0.0,0.0,344.0,10.0,31.0,10.0,0.2,10.0,0.9,10.0,986.6,10.0,,,92,10,0.0,10,0.0,10,,,0.0,10,18.7,,,10.0,19.8,,,10.0,17.8,10.0,14.4,10,11.3,10.0,158.0,10.0
2008-06-01T02:00+00:00,5805,0.0,0.0,9.0,10.0,23.0,10.0,0.2,10.0,1.0,10.0,986.7,10.0,,,93,10,0.0,10,0.0,10,,,0.0,10,18.4,,,10.0,19.6,,,10.0,17.8,10.0,14.1,10,11.4,10.0,218.0,10.0
2008-06-01T03:00+00:00,5805,0.0,0.0,47.0,10.0,20.0,10.0,0.2,10.0,1.3,10.0,986.9,10.0,,,93,10,0.0,10,0.0,10,,,0.0,10,18.2,,,10.0,19.4,,,10.0,17.9,10.0,14.5,10,11.6,10.0,317.0,10.0
2008-06-01T04:00+00:00,5805,32.0,0.0,87.0,10.0,68.0,10.0,0.4,10.0,1.6,10.0,986.9,10.0,,,87,10,0.0,10,0.0,10,,,0.0,10,18.1,,,10.0,19.2,,,10.0,17.9,10.0,16.9,10,12.2,10.0,429.0,10.0
2008-06-01T05:00+00:00,5805,98.0,0.0,294.0,10.0,290.0,10.0,1.6,10.0,6.7,10.0,987.4,10.0,,,69,10,0.0,10,0.0,10,,,0.5,10,18.4,,,10.0,19.0,,,10.0,17.9,10.0,20.4,10,15.1,10.0,554.0,10.0
2008-06-01T06:00+00:00,5805,235.0,0.0,284.0,10.0,274.0,10.0,3.4,10.0,7.9,10.0,987.5,10.0,,,66,10,0.0,10,0.0,10,,,1.0,10,18.8,,,10.0,18.9,,,10.0,17.9,10.0,21.5,10,19.8,10.0,645.0,10.0
2008-06-01T07:00+00:00,5805,335.0,0.0,288.0,10.0,283.0,10.0,3.1,10.0,6.9,10.0,987.8,10.0,,,61,10,0.0,10,0.0,10,,,1.0,10,19.3,,,10.0,18.9,,,10.0,17.8,10.0,22.7,10,25.3,10.0,731.0,10.0
2008-06-01T08:00+00:00,5805,566.0,0.0,297.0,10.0,315.0,10.0,3.1,10.0,7.5,10.0,987.8,10.0,,,56,10,0.0,10,0.0,10,,,1.0,10,20.0,,,10.0,19.0,,,10.0,17.8,10.0,24.1,10,27.4,10.0,857.0,10.0
2008-06-01T09:00+00:00,5805,616.0,0.0,293.0,10.0,285.0,10.0,2.9,10.0,8.8,10.0,988.0,10.0,,,56,10,0.0,10,0.0,10,,,1.0,10,20.6,,,10.0,19.1,,,10.0,17.8,10.0,24.6,10,30.6,10.0,907.0,10.0
2008-06-01T10:00+00:00,5805,726.0,0.0,289.0,10.0,285.0,10.0,3.0,10.0,7.3,10.0,987.8,10.0,,,52,10,0.0,10,0.0,10,,,1.0,10,21.2,,,10.0,19.3,,,10.0,17.8,10.0,26.3,10,30.8,10.0,1047.0,10.0
2008-06-01T11:00+00:00,5805,814.0,0.0,315.0,10.0,316.0,10.0,1.7,10.0,6.2,10.0,988.0,10.0,,,50,10,0.0,10,0.0,10,,,1.0,10,22.1,,,10.0,19.6,,,10.0,17.7,10.0,27.1,10,35.6,10.0,1149.0,10.0
2008-06-01T12:00+00:00,5805,696.0,0.0,302.0,10.0,293.0,10.0,1.5,10.0,5.9,10.0,987.6,10.0,,,50,10,0.0,10,0.0,10,,,0.9,10,22.8,,,10.0,19.9,,,10.0,17.7,10.0,27.3,10,34.2,10.0,1212.0,10.0
2008-06-01T13:00+00:00,5805,574.0,0.0,337.0,10.0,306.0,10.0,0.5,10.0,4.0,10.0,987.4,10.0,,,49,10,0.0,10,0.0,10,,,0.9,10,23.3,,,10.0,20.3,,,10.0,17.7,10.0,28.2,10,33.2,10.0,1341.0,10.0
2008-06-01T14:00+00:00,5805,644.0,0.0,357.0,10.0,293.0,10.0,0.5,10.0,5.1,10.0,986.8,10.0,,,48,10,0.0,10,0.0,10,,,1.0,10,23.7,,,10.0,20.6,,,10.0,17.7,10.0,28.7,10,36.6,10.0,1426.0,10.0
2008-06-01T15:00+00:00,5805,573.0,0.0,30.0,10.0,80.0,10.0,0.3,10.0,5.0,10.0,986.8,10.0,,,47,10,0.0,10,0.0,10,,,1.0,10,24.1,,,10.0,20.8,,,10.0,17.7,10.0,28.6,10,37.0,10.0,1510.0,10.0
2008-06-01T16:00+00:00,5805,341.0,0.0,47.0,10.0,77.0,10.0,0.6,10.0,4.1,10.0,986.6,10.0,,,48,10,0.0,10,0.0,10,,,0.8,10,23.7,,,10.0,21.1,,,10.0,17.8,10.0,27.8,10,30.8,10.0,1640.0,10.0
2008-06-01T17:00+00:00,5805,106.0,0.0,266.0,10.0,278.0,10.0,0.1,10.0,3.4,10.0,987.0,10.0,,,56,10,0.0,10,0.0,10,,,0.0,10,23.2,,,10.0,21.2,,,10.0,17.8,10.0,24.2,10,24.7,10.0,1742.0,10.0
2008-06-01T18:00+00:00,5805,6.0,0.0,95.0,10.0,63.0,10.0,1.3,10.0,9.5,10.0,988.6,10.0,,,89,10,11.4,10,39.0,10,,,0.0,10,21.8,,,10.0,21.2,,,10.0,17.9,10.0,17.4,10,16.2,10.0,1831.0,10.0
2008-06-01T19:00+00:00,5805,0.0,0.0,293.0,10.0,298.0,10.0,0.7,10.0,3.8,10.0,989.3,10.0,,,92,10,0.2,10,18.0,10,,,0.0,10,21.2,,,10.0,21.1,,,10.0,17.9,10.0,17.0,10,16.3,10.0,1908.0,10.0
2008-06-01T20:00+00:00,5805,0.0,0.0,304.0,10.0,302.0,10.0,0.6,10.0,2.8,10.0,989.7,10.0,,,94,10,0.4,10,43.0,10,,,0.0,10,20.8,,,10.0,20.9,,,10.0,17.9,10.0,17.2,10,16.3,10.0,2053.0,10.0
2008-06-01T21:00+00:00,5805,0.0,0.0,281.0,10.0,263.0,10.0,0.7,10.0,2.8,10.0,988.7,10.0,,,94,10,0.5,10,39.0,10,,,0.0,10,20.4,,,10.0,20.7,,,10.0,18.0,10.0,17.2,10,16.5,10.0,2118.0,10.0
2008-06-01T22:00+00:00,5805,0.0,0.0,274.0,10.0,273.0,10.0,0.7,10.0,3.2,10.0,988.6,10.0,,,94,10,0.0,10,0.0,10,,,0.0,10,20.2,,,10.0,20.5,,,10.0,18.0,10.0,17.0,10,16.4,10.0,2206.0,10.0
2008-06-01T23:00+00:00,5805,0.0,0.0,291.0,10.0,318.0,10.0,0.7,10.0,2.5,10.0,988.7,10.0,,,94,10,0.0,10,0.0,10,,,0.0,10,19.9,,,10.0,20.4,,,10.0,18.0,10.0,17.1,10,16.3,10.0,2312.0,10.0
2008-06-02T00:00+00:00,5805,0.0,0.0,311.0,10.0,316.0,10.0,0.2,10.0,1.6,10.0,988.6,10.0,,,95,10,0.0,10,0.0,10,,,0.0,10,19.7,,,10.0,20.2,,,10.0,18.1,10.0,16.6,10,15.2,10.0,7.0,10.0
2008-06-02T01:00+00:00,5805,0.0,0.0,295.0,10.0,304.0,10.0,0.3,10.0,1.5,10.0,988.6,10.0,,,95,10,0.0,10,0.0,10,,,0.0,10,19.4,,,10.0,20.0,,,10.0,18.1,10.0,16.0,10,14.5,10.0,133.0,10.0
2008-06-02T02:00+00:00,5805,0.0,0.0,322.0,10.0,239.0,10.0,0.2,10.0,1.9,10.0,988.4,10.0,,,95,10,0.0,10,0.0,10,,,0.0,10,19.1,,,10.0,19.9,,,10.0,18.1,10.0,15.4,10,14.0,10.0,247.0,10.0
2008-06-02T03:00+00:00,5805,1.0,0.0,0.0,10.0,360.0,10.0,0.0,10.0,1.2,10.0,988.8,10.0,,,95,10,0.0,10,0.0,10,,,0.0,10,18.8,,,10.0,19.7,,,10.0,18.1,10.0,14.9,10,13.3,10.0,303.0,10.0
2008-06-02T04:00+00:00,5805,27.0,0.0,0.0,10.0,7.0,10.0,0.0,10.0,1.4,10.0,989.0,10.0,,,95,10,0.0,10,0.0,10,,,0.0,10,18.7,,,10.0,19.5,,,10.0,18.1,10.0,15.0,10,13.5,10.0,408.0,10.0
2008-06-02T05:00+00:00,5805,132.0,0.0,33.0,10.0,356.0,10.0,0.3,10.0,2.5,10.0,988.9,10.0,,,91,10,0.0,10,0.0,10,,,0.4,10,18.8,,,10.0,19.4,,,10.0,18.1,10.0,17.2,10,14.8,10.0,548.0,10.0
2008-06-02T06:00+00:00,5805,290.0,0.0,106.0,10.0,137.0,10.0,1.4,10.0,4.6,10.0,988.9,10.0,,,76,10,0.0,10,0.0,10,,,0.8,10,19.2,,,10.0,19.3,,,10.0,18.1,10.0,19.4,10,18.4,10.0,639.0,10.0
2008-06-02T07:00+00:00,5805,480.0,0.0,112.0,10.0,108.0,10.0,2.7,10.0,6.2,10.0,988.9,10.0,,,73,10,0.0,10,0.0,10,,,1.0,10,19.8,,,10.0,19.3,,,10.0,18.1,10.0,20.4,10,24.6,10.0,731.0,10.0
2008-06-02T08:00+00:00,5805,623.0,0.0,121.0,10.0,103.0,10.0,3.3,10.0,7.7,10.0,988.7,10.0,,,66,10,0.0,10,0.0,10,,,1.0,10,20.4,,,10.0,19.3,,,10.0,18.1,10.0,21.9,10,27.8,10.0,856.0,10.0
2008-06-02T09:00+00:00,5805,744.0,0.0,123.0,10.0,129.0,10.0,3.4,10.0,8.1,10.0,988.4,10.0,,,57,10,0.0,10,0.0,10,,,1.0,10,21.0,,,10.0,19.5,,,10.0,18.1,10.0,22.5,10,29.5,10.0,940.0,10.0
2008-06-02T10:00+00:00,5805,833.0,0.0,126.0,10.0,168.0,10.0,3.0,10.0,8.6,10.0,988.1,10.0,,,54,10,0.0,10,0.0,10,,,1.0,10,21.5,,,10.0,19.7,,,10.0,18.1,10.0,24.0,10,28.4,10.0,1030.0,10.0
2008-06-02T11:00+00:00,5805,879.0,0.0,132.0,10.0,146.0,10.0,3.3,10.0,8.8,10.0,988.1,10.0,,,50,10,0.0,10,0.0,10,,,1.0,10,22.1,,,10.0,20.0,,,10.0,18.0,10.0,24.4,10,33.1,10.0,1146.0,10.0
2008-06-02T12:00+00:00,5805,882.0,0.0,131.0,10.0,117.0,10.0,3.7,10.0,9.3,10.0,987.8,10.0,,,48,10,0.0,10,0.0,10,,,1.0,10,22.6,,,10.0,20.3,,,10.0,18.0,10.0,24.9,10,32.9,10.0,1208.0,10.0
2008-06-02T13:00+00:00,5805,826.0,0.0,128.0,10.0,130.0,10.0,3.6,10.0,9.5,10.0,987.3,10.0,,,46,10,0.0,10,0.0,10,,,1.0,10,23.1,,,10.0,20.7,,,10.0,18.0,10.0,25.9,10,34.3,10.0,1334.0,10.0
2008-06-02T14:00+00:00,5805,695.0,0.0,134.0,10.0,125.0,10.0,3.6,10.0,9.6,10.0,986.5,10.0,,,44,10,0.0,10,0.0,10,,,1.0,10,23.3,,,10.0,21.0,,,10.0,18.0,10.0,25.4,10,31.6,10.0,1438.0,10.0
2008-06-02T15:00+00:00,5805,554.0,0.0,130.0,10.0,130.0,10.0,3.5,10.0,9.2,10.0,985.9,10.0,,,41,10,0.0,10,0.0,10,,,1.0,10,23.4,,,10.0,21.2,,,10.0,18.1,10.0,25.9,10,30.1,10.0,1557.0,10.0
2008-06-02T16:00+00:00,5805,423.0,0.0,139.0,10.0,149.0,10.0,3.6,10.0,9.0,10.0,985.5,10.0,,,43,10,0.0,10,0.0,10,,,1.0,10,23.2,,,10.0,21.3,,,10.0,18.1,10.0,25.7,10,30.0,10.0,1607.0,10.0
2008-06-02T17:00+00:00,5805,285.0,0.0,131.0,10.0,111.0,10.0,3.6,10.0,9.0,10.0,985.4,10.0,,,43,10,0.0,10,0.0,10,,,1.0,10,22.8,,,10.0,21.4,,,10.0,18.1,10.0,25.3,10,25.3,10.0,1714.0,10.0
2008-06-02T18:00+00:00,5805,132.0,0.0,153.0,10.0,162.0,10.0,2.5,10.0,7.7,10.0,985.7,10.0,,,45,10,0.0,10,0.0,10,,,1.0,10,22.3,,,10.0,21.4,,,10.0,18.2,10.0,24.2,10,22.9,10.0,1812.0,10.0
2008-06-02T19:00+00:00,5805,19.0,0.0,151.0,10.0,143.0,10.0,1.5,10.0,5.5,10.0,985.8,10.0,,,49,10,0.0,10,0.0,10,,,0.1,10,21.7,,,10.0,21.3,,,10.0,18.2,10.0,22.4,10,19.8,10.0,1902.0,10.0
2008-06-02T20:00+00:00,5805,0.0,0.0,123.0,10.0,111.0,10.0,1.2,10.0,4.0,10.0,985.8,10.0,,,59,10,0.0,10,0.0,10,,,0.0,10,21.2,,,10.0,21.2,,,10.0,18.3,10.0,20.5,10,16.8,10.0,2022.0,10.0
2008-06-02T21:00+00:00,5805,0.0,0.0,111.0,10.0,103.0,10.0,0.5,10.0,1.9,10.0,985.7,10.0,,,75,10,0.0,10,0.0,10,,,0.0,10,20.8,,,10.0,21.0,,,10.0,18.3,10.0,18.6,10,15.3,10.0,2140.0,10.0
2008-06-02T22:00+00:00,5805,0.0,0.0,86.0,10.0,112.0,10.0,0.1,10.0,1.9,10.0,985.6,10.0,,,84,10,0.0,10,0.0,10,,,0.0,10,20.3,,,10.0,20.8,,,10.0,18.4,10.0,17.4,10,14.6,10.0,2223.0,10.0
2008-06-02T23:00+00:00,5805,0.0,0.0,0.0,10.0,133.0,10.0,0.0,10.0,1.6,10.0,985.5,10.0,,,89,10,0.0,10,0.0,10,,,0.0,10,19.9,,,10.0,20.6,,,10.0,18.4,10.0,16.3,10,13.7,10.0,2326.0,10.0
2008-06-03T00:00+00:00,5805,0.0,0.0,165.0,10.0,132.0,10.0,0.2,10.0,2.2,10.0,985.3,10.0,,,87,10,0.0,10,0.0,10,,,0.0,10,19.6,,,10.0,20.4,,,10.0,18.4,10.0,16.6,10,13.5,10.0,3.0,10.0
2008-06-03T01:00+00:00,5805,0.0,0.0,296.0,10.0,142.0,10.0,0.1,10.0,1.1,10.0,984.9,10.0,,,92,10,0.0,10,0.0,10,,,0.0,10,19.3,,,10.0,20.2,,,10.0,18.4,10.0,15.2,10,12.8,10.0,154.0,10.0
2008-06-03T02:00+00:00,5805,0.0,0.0,57.0,10.0,106.0,10.0,0.1,10.0,2.6,10.0,984.6,10.0,,,89,10,0.0,10,0.0,10,,,0.0,10,19.0,,,10.0,20.1,,,10.0,18.5,10.0,15.8,10,12.8,10.0,210.0,10.0
2008-06-03T03:00+00:00,5805,1.0,0.0,0.0,10.0,102.0,10.0,0.0,10.0,2.1,10.0,984.6,10.0,,,89,10,0.0,10,0.0,10,,,0.0,10,18.7,,,10.0,19.8,,,10.0,18.5,10.0,15.4,10,12.7,10.0,352.0,10.0
2008-06-03T04:00+00:00,5805,24.0,0.0,102.0,10.0,162.0,10.0,0.2,10.0,2.9,10.0,984.7,10.0,,,76,10,0.0,10,0.0,10,,,0.0,10,18.7,,,10.0,19.7,,,10.0,18.5,10.0,16.9,10,13.0,10.0,443.0,10.0
2008-06-03T05:00+00:00,5805,60.0,0.0,51.0,10.0,94.0,10.0,0.3,10.0,2.9,10.0,985.2,10.0,,,67,10,0.0,10,0.0,10,,,0.0,10,18.7,,,10.0,19.5,,,10.0,18.5,10.0,17.6,10,14.8,10.0,529.0,10.0
2008-06-03T06:00+00:00,5805,164.0,0.0,129.0,10.0,137.0,10.0,0.6,10.0,2.9,10.0,985.8,10.0,,,69,10,0.0,10,0.0,10,,,0.3,10,19.0,,,10.0,19.4,,,10.0,18.5,10.0,18.3,10,17.3,10.0,640.0,10.0
2008-06-03T07:00+00:00,5805,344.0,0.0,135.0,10.0,136.0,10.0,1.2,10.0,3.6,10.0,985.9,10.0,,,64,10,0.0,10,0.0,10,,,0.6,10,19.6,,,10.0,19.4,,,10.0,18.4,10.0,20.7,10,21.8,10.0,754.0,10.0
2008-06-03T08:00+00:00,5805,604.0,0.0,148.0,10.0,168.0,10.0,1.1,10.0,2.9,10.0,986.0,10.0,,,58,10,0.0,10,0.0,10,,,1.0,10,20.5,,,10.0,19.4,,,10.0,18.4,10.0,22.8,10,30.1,10.0,830.0,10.0
2008-06-03T09:00+00:00,5805,554.0,0.0,137.0,10.0,118.0,10.0,0.6,10.0,2.9,10.0,985.9,10.0,,,57,10,0.0,10,0.0,10,,,0.6,10,21.1,,,10.0,19.6,,,10.0,18.4,10.0,23.2,10,30.7,10.0,929.0,10.0
2008-06-03T10:00+00:00,5805,644.0,0.0,118.0,10.0,76.0,10.0,1.1,10.0,4.5,10.0,985.8,10.0,,,50,10,0.0,10,0.0,10,,,0.6,10,21.6,,,10.0,19.8,,,10.0,18.4,10.0,25.2,10,29.2,10.0,1057.0,10.0
2008-06-03T11:00+00:00,5805,461.0,0.0,320.0,10.0,270.0,10.0,1.0,10.0,4.8,10.0,985.8,10.0,,,55,10,0.0,10,0.0,10,,,0.4,10,22.0,,,10.0,20.1,,,10.0,18.4,10.0,24.4,10,29.4,10.0,1116.0,10.0
2008-06-03T12:00+00:00,5805,332.0,0.0,287.0,10.0,288.0,10.0,2.2,10.0,6.1,10.0,985.5,10.0,,,62,10,0.0,10,0.0,10,,,0.2,10,22.1,,,10.0,20.3,,,10.0,18.3,10.0,22.5,10,24.2,10.0,1237.0,10.0
2008-06-03T13:00+00:00,5805,44.0,0.0,276.0,10.0,298.0,10.0,1.4,10.0,5.7,10.0,985.7,10.0,,,77,10,0.2,10,14.0,10,,,0.0,10,21.6,,,10.0,20.5,,,10.0,18.3,10.0,20.4,10,18.9,10.0,1304.0,10.0
2008-06-03T14:00+00:00,5805,28.0,0.0,290.0,10.0,278.0,10.0,1.0,10.0,3.4,10.0,985.6,10.0,,,89,10,1.5,10,60.0,10,,,0.0,10,21.2,,,10.0,20.6,,,10.0,18.3,10.0,19.0,10,18.2,10.0,1406.0,10.0
2008-06-03T15:00+00:00,5805,259.0,0.0,291.0,10.0,271.0,10.0,0.8,10.0,3.0,10.0,985.1,10.0,,,83,10,0.2,10,13.0,10,,,0.3,10,21.3,,,10.0,20.6,,,10.0,18.3,10.0,20.9,10,18.5,10.0,1552.0,10.0
2008-06-03T16:00+00:00,5805,240.0,0.0,28.0,10.0,293.0,10.0,0.1,10.0,2.5,10.0,985.1,10.0,,,84,10,0.1,10,16.0,10,,,0.2,10,21.5,,,10.0,20.6,,,10.0,18.4,10.0,21.3,10,21.9,10.0,1700.0,10.0
2008-06-03T17:00+00:00,5805,85.0,0.0,315.0,10.0,319.0,10.0,0.2,10.0,1.7,10.0,985.1,10.0,,,92,10,2.4,10,60.0,10,,,0.0,10,21.5,,,10.0,20.6,,,10.0,18.4,10.0,20.9,10,20.8,10.0,1756.0,10.0
2008-06-03T18:00+00:00,5805,91.0,0.0,122.0,10.0,145.0,10.0,0.2,10.0,2.1,10.0,985.4,10.0,,,93,10,0.1,10,3.0,10,,,0.0,10,21.3,,,10.0,20.6,,,10.0,18.4,10.0,20.4,10,20.3,10.0,1853.0,10.0
2008-06-03T19:00+00:00,5805,10.0,0.0,156.0,10.0,156.0,10.0,1.0,10.0,4.9,10.0,986.2,10.0,,,87,10,0.0,10,0.0,10,,,0.0,10,21.1,,,10.0,20.6,,,10.0,18.4,10.0,19.3,10,18.2,10.0,1915.0,10.0
2008-06-03T20:00+00:00,5805,0.0,0.0,280.0,10.0,297.0,10.0,0.6,10.0,3.5,10.0,985.9,10.0,,,88,10,0.0,10,8.0,10,,,0.0,10,20.7,,,10.0,20.6,,,10.0,18.4,10.0,17.9,10,16.8,10.0,2017.0,10.0
2008-06-03T21:00+00:00,5805,0.0,0.0,298.0,10.0,279.0,10.0,0.9,10.0,3.0,10.0,985.5,10.0,,,92,10,0.1,10,27.0,10,,,0.0,10,20.4,,,10.0,20.5,,,10.0,18.5,10.0,16.9,10,16.2,10.0,2109.0,10.0
2008-06-03T22:00+00:00,5805,0.0,0.0,282.0,10.0,303.0,10.0,0.6,10.0,2.3,10.0,985.4,10.0,,,93,10,0.0,10,18.0,10,,,0.0,10,20.1,,,10.0,20.4,,,10.0,18.5,10.0,16.6,10,16.0,10.0,2201.0,10.0
2008-06-03T23:00+00:00,5805,0.0,0.0,302.0,10.0,310.0,10.0,0.9,10.0,3.3,10.0,985.1,10.0,,,92,10,0.1,10,20.0,10,,,0.0,10,19.9,,,10.0,20.3,,,10.0,18.5,10.0,16.6,10,15.8,10.0,2342.0,10.0
2008-06-04T00:00+00:00,5805,0.0,0.0,301.0,10.0,292.0,10.0,0.4,10.0,1.6,10.0,984.9,10.0,,,94,10,0.0,10,0.0,10,,,0.0,10,19.7,,,10.0,20.2,,,10.0,18.5,10.0,16.4,10,15.7,10.0,9.0,10.0
2008-06-04T01:00+00:00,5805,0.0,0.0,120.0,10.0,151.0,10.0,0.1,10.0,1.0,10.0,984.7,10.0,,,95,10,0.1,10,37.0,10,,,0.0,10,19.5,,,10.0,20.1,,,10.0,18.5,10.0,16.4,10,15.8,10.0,107.0,10.0
2008-06-04T02:00+00:00,5805,0.0,0.0,305.0,10.0,300.0,10.0,0.3,10.0,3.2,10.0,984.5,10.0,,,95,10,0.1,10,28.0,10,,,0.0,10,19.4,,,10.0,19.9,,,10.0,18.5,10.0,16.5,10,15.8,10.0,210.0,10.0
2008-06-04T03:00+00:00,5805,0.0,0.0,268.0,10.0,290.0,10.0,0.3,10.0,1.5,10.0,984.3,10.0,,,95,10,0.1,10,42.0,10,,,0.0,10,19.3,,,10.0,19.8,,,10.0,18.5,10.0,16.5,10,15.9,10.0,342.0,10.0
2008-06-04T04:00+00:00,5805,7.0,0.0,287.0,10.0,146.0,10.0,0.3,10.0,1.3,10.0,984.4,10.0,,,95,10,0.0,10,0.0,10,,,0.0,10,19.2,,,10.0,19.7,,,10.0,18.5,10.0,16.6,10,15.9,10.0,500.0,10.0
2008-06-04T05:00+00:00,5805,46.0,0.0,0.0,10.0,296.0,10.0,0.0,10.0,1.0,10.0,984.4,10.0,,,94,10,0.0,10,0.0,10,,,0.0,10,19.2,,,10.0,19.6,,,10.0,18.5,10.0,17.3,10,16.3,10.0,600.0,10.0
2008-06-04T06:00+00:00,5805,47.0,0.0,110.0,10.0,297.0,10.0,0.1,10.0,1.3,10.0,984.7,10.0,,,93,10,0.0,10,12.0,10,,,0.0,10,19.3,,,10.0,19.6,,,10.0,18.5,10.0,17.7,10,17.7,10.0,605.0,10.0
2008-06-04T07:00+00:00,5805,59.0,0.0,314.0,10.0,330.0,10.0,0.4,10.0,1.6,10.0,984.5,10.0,,,92,10,0.7,10,57.0,10,,,0.0,10,19.3,,,10.0,19.5,,,10.0,18.5,10.0,17.9,10,17.7,10.0,753.0,10.0
2008-06-04T08:00+00:00,5805,95.0,0.0,327.0,10.0,301.0,10.0,0.4,10.0,2.4,10.0,984.5,10.0,,,93,10,0.8,10,60.0,10,,,0.0,10,19.4,,,10.0,19.5,,,10.0,18.5,10.0,18.2,10,18.0,10.0,809.0,10.0
2008-06-04T09:00+00:00,5805,243.0,0.0,309.0,10.0,298.0,10.0,0.6,10.0,2.3,10.0,984.4,10.0,,,85,10,0.2,10,31.0,10,,,0.1,10,19.7,,,10.0,19.5,,,10.0,18.5,10.0,19.3,10,18.9,10.0,903.0,10.0
2008-06-04T10:00+00:00,5805,663.0,0.0,289.0,10.0,256.0,10.0,0.9,10.0,3.3,10.0,984.1,10.0,,,70,10,0.0,10,0.0,10,,,0.4,10,20.4,,,10.0,19.5,,,10.0,18.4,10.0,21.1,10,21.7,10.0,1058.0,10.0
2008-06-04T11:00+00:00,5805,517.0,0.0,11.0,10.0,317.0,10.0,0.5,10.0,3.0,10.0,983.6,10.0,,,73,10,0.0,10,0.0,10,,,0.5,10,21.2,,,10.0,19.7,,,10.0,18.4,10.0,21.6,10,27.0,10.0,1101.0,10.0
2008-06-04T12:00+00:00,5805,778.0,0.0,309.0,10.0,285.0,10.0,0.5,10.0,3.6,10.0,983.1,10.0,,,66,10,0.0,10,0.0,10,,,0.8,10,22.0,,,10.0,20.0,,,10.0,18.4,10.0,23.2,10,27.5,10.0,1252.0,10.0
2008-06-04T13:00+00:00,5805,278.0,0.0,14.0,10.0,295.0,10.0,0.6,10.0,3.4,10.0,982.7,10.0,,,72,10,0.0,10,5.0,10,,,0.2,10,22.3,,,10.0,20.3,,,10.0,18.4,10.0,21.6,10,23.6,10.0,1302.0,10.0
2008-06-04T14:00+00:00,5805,112.0,0.0,298.0,10.0,294.0,10.0,1.6,10.0,7.0,10.0,982.7,10.0,,,81,10,0.0,10,0.0,10,,,0.0,10,22.0,,,10.0,20.5,,,10.0,18.4,10.0,19.6,10,20.2,10.0,1452.0,10.0
2008-06-04T15:00+00:00,5805,8.0,0.0,273.0,10.0,243.0,10.0,1.6,10.0,7.9,10.0,983.0,10.0,,,94,10,25.1,10,45.0,10,,,0.0,10,20.6,,,10.0,20.6,,,10.0,18.4,10.0,17.6,10,16.6,10.0,1524.0,10.0
2008-06-04T16:00+00:00,5805,13.0,0.0,322.0,10.0,353.0,10.0,0.7,10.0,4.3,10.0,983.2,10.0,,,93,10,0.0,10,15.0,10,,,0.0,10,20.2,,,10.0,20.6,,,10.0,18.4,10.0,17.7,10,16.9,10.0,1611.0,10.0
2008-06-04T17:00+00:00,5805,19.0,0.0,333.0,10.0,349.0,10.0,0.3,10.0,2.2,10.0,983.4,10.0,,,93,10,0.1,10,7.0,10,,,0.0,10,20.1,,,10.0,20.4,,,10.0,18.4,10.0,17.6,10,17.2,10.0,1800.0,10.0
2008-06-04T18:00+00:00,5805,30.0,0.0,3.0,10.0,71.0,10.0,0.3,10.0,1.4,10.0,983.4,10.0,,,91,10,0.0,10,0.0,10,,,0.0,10,20.0,,,10.0,20.3,,,10.0,18.5,10.0,17.1,10,16.7,10.0,1842.0,10.0
2008-06-04T19:00+00:00,5805,8.0,0.0,309.0,10.0,300.0,10.0,0.7,10.0,2.2,10.0,983.4,10.0,,,94,10,0.0,10,0.0,10,,,0.0,10,19.8,,,10.0,20.2,,,10.0,18.5,10.0,16.4,10,15.9,10.0,1932.0,10.0
2008-06-04T20:00+00:00,5805,0.0,0.0,315.0,10.0,301.0,10.0,0.5,10.0,1.9,10.0,984.0,10.0,,,94,10,0.0,10,0.0,10,,,0.0,10,19.6,,,10.0,20.1,,,10.0,18.5,10.0,16.2,10,15.7,10.0,2047.0,10.0
2008-06-04T21:00+00:00,5805,0.0,0.0,321.0,10.0,290.0,10.0,0.5,10.0,2.0,10.0,984.0,10.0,,,94,10,0.0,10,0.0,10,,,0.0,10,19.5,,,10.0,20.0,,,10.0,18.6,10.0,16.0,10,15.1,10.0,2145.0,10.0
2008-06-04T22:00+00:00,5805,0.0,0.0,303.0,10.0,303.0,10.0,0.6,10.0,2.4,10.0,984.1,10.0,,,94,10,0.0,10,0.0,10,,,0.0,10,19.3,,,10.0,19.9,,,10.0,18.6,10.0,15.9,10,15.2,10.0,2233.0,10.0
2008-06-04T23:00+00:00,5805,0.0,0.0,322.0,10.0,303.0,10.0,0.4,10.0,2.2,10.0,983.6,10.0,,,94,10,0.0,10,0.0,10,,,0.0,10,19.1,,,10.0,19.8,,,10.0,18.6,10.0,15.9,10,14.9,10.0,2355.0,10.0
2008-06-05T00:00+00:00,5805,0.0,0.0,321.0,10.0,312.0,10.0,0.3,10.0,2.2,10.0,983.4,10.0,,,94,10,0.0,10,0.0,10,,,0.0,10,19.0,,,10.0,19.7,,,10.0,18.6,10.0,15.9,10,15.3,10.0,1.0,10.0
2008-06-05T01:00+00:00,5805,0.0,0.0,296.0,10.0,265.0,10.0,0.1,10.0,1.1,10.0,983.4,10.0,,,95,10,0.0,10,0.0,10,,,0.0,10,19.0,,,10.0,19.6,,,10.0,18.6,10.0,15.9,10,15.3,10.0,145.0,10.0
2008-06-05T02:00+00:00,5805,0.0,0.0,25.0,10.0,298.0,10.0,0.1,10.0,1.6,10.0,983.3,10.0,,,95,10,0.0,10,9.0,10,,,0.0,10,18.9,,,10.0,19.5,,,10.0,18.6,10.0,15.8,10,15.4,10.0,239.0,10.0
2008-06-05T03:00+00:00,5805,0.0,0.0,1.0,10.0,153.0,10.0,0.1,10.0,0.9,10.0,983.4,10.0,,,95,10,0.4,10,54.0,10,,,0.0,10,18.8,,,10.0,19.4,,,10.0,18.6,10.0,15.8,10,15.4,10.0,302.0,10.0
2008-06-05T04:00+00:00,5805,3.0,0.0,4.0,10.0,302.0,10.0,0.1,10.0,1.0,10.0,983.4,10.0,,,95,10,1.8,10,60.0,10,,,0.0,10,18.7,,,10.0,19.3,,,10.0,18.5,10.0,15.9,10,15.5,10.0,427.0,10.0
2008-06-05T05:00+00:00,5805,9.0,0.0,93.0,10.0,108.0,10.0,1.1,10.0,5.3,10.0,983.8,10.0,,,90,10,0.1,10,14.0,10,,,0.0,10,18.6,,,10.0,19.3,,,10.0,18.5,10.0,16.2,10,15.7,10.0,556.0,10.0
2008-06-05T06:00+00:00,5805,35.0,0.0,101.0,10.0,119.0,10.0,1.5,10.0,4.6,10.0,984.2,10.0,,,92,10,0.3,10,52.0,10,,,0.0,10,18.6,,,10.0,19.2,,,10.0,18.5,10.0,15.9,10,15.7,10.0,632.0,10.0
2008-06-05T07:00+00:00,5805,51.0,0.0,96.0,10.0,119.0,10.0,1.4,10.0,4.2,10.0,984.5,10.0,,,93,10,1.7,10,60.0,10,,,0.0,10,18.6,,,10.0,19.1,,,10.0,18.5,10.0,15.9,10,15.9,10.0,741.0,10.0
2008-06-05T08:00+00:00,5805,111.0,0.0,85.0,10.0,103.0,10.0,1.1,10.0,3.7,10.0,984.8,10.0,,,92,10,1.1,10,60.0,10,,,0.0,10,18.7,,,10.0,19.1,,,10.0,18.4,10.0,16.3,10,16.4,10.0,839.0,10.0
2008-06-05T09:00+00:00,5805,171.0,0.0,86.0,10.0,56.0,10.0,1.1,10.0,3.8,10.0,984.9,10.0,,,90,10,0.5,10,60.0,10,,,0.0,10,18.8,,,10.0,19.0,,,10.0,18.4,10.0,17.2,10,17.4,10.0,938.0,10.0
2008-06-05T10:00+00:00,5805,217.0,0.0,80.0,10.0,90.0,10.0,0.6,10.0,2.8,10.0,984.9,10.0,,,86,10,0.1,10,57.0,10,,,0.0,10,19.1,,,10.0,19.0,,,10.0,18.4,10.0,17.7,10,18.4,10.0,1016.0,10.0
2008-06-05T11:00+00:00,5805,283.0,0.0,36.0,10.0,67.0,10.0,0.5,10.0,3.2,10.0,984.9,10.0,,,84,10,0.1,10,47.0,10,,,0.0,10,19.4,,,10.0,19.1,,,10.0,18.4,10.0,17.9,10,19.2,10.0,1129.0,10.0
2008-06-05T12:00+00:00,5805,479.0,0.0,77.0,10.0,78.0,10.0,0.7,10.0,5.0,10.0,984.8,10.0,,,75,10,0.0,10,15.0,10,,,0.2,10,19.8,,,10.0,19.2,,,10.0,18.4,10.0,18.4,10,19.8,10.0,1243.0,10.0
2008-06-05T13:00+00:00,5805,200.0,0.0,60.0,10.0,87.0,10.0,0.6,10.0,3.5,10.0,984.8,10.0,,,78,10,0.0,10,0.0,10,,,0.0,10,20.0,,,10.0,19.3,,,10.0,18.4,10.0,17.7,10,19.9,10.0,1313.0,10.0
2008-06-05T14:00+00:00,5805,136.0,0.0,315.0,10.0,310.0,10.0,0.2,10.0,1.6,10.0,984.5,10.0,,,80,10,0.0,10,18.0,10,,,0.0,10,19.9,,,10.0,19.4,,,10.0,18.3,10.0,17.7,10,18.9,10.0,1423.0,10.0
2008-06-05T15:00+00:00,5805,110.0,0.0,305.0,10.0,316.0,10.0,0.5,10.0,1.8,10.0,984.2,10.0,,,81,10,0.0,10,1.0,10,,,0.0,10,19.9,,,10.0,19.5,,,10.0,18.3,10.0,18.0,10,19.6,10.0,1550.0,10.0
2008-06-05T16:00+00:00,5805,75.0,0.0,273.0,10.0,270.0,10.0,0.7,10.0,2.2,10.0,984.1,10.0,,,87,10,0.0,10,11.0,10,,,0.0,10,19.9,,,10.0,19.6,,,10.0,18.3,10.0,17.8,10,18.3,10.0,1642.0,10.0
2008-06-05T17:00+00:00,5805,104.0,0.0,298.0,10.0,315.0,10.0,0.8,10.0,2.3,10.0,984.2,10.0,,,85,10,0.0,10,0.0,10,,,0.0,10,19.8,,,10.0,19.6,,,10.0,18.3,10.0,18.1,10,18.8,10.0,1754.0,10.0
2008-06-05T18:00+00:00,5805,41.0,0.0,300.0,10.0,300.0,10.0,1.3,10.0,3.2,10.0,984.3,10.0,,,87,10,0.0,10,0.0,10,,,0.0,10,19.7,,,10.0,19.6,,,10.0,18.3,10.0,17.6,10,17.9,10.0,1859.0,10.0
2008-06-05T19:00+00:00,5805,8.0,0.0,298.0,10.0,309.0,10.0,1.0,10.0,3.2,10.0,984.6,10.0,,,86,10,0.0,10,0.0,10,,,0.0,10,19.6,,,10.0,19.6,,,10.0,18.3,10.0,16.7,10,16.3,10.0,1929.0,10.0
2008-06-05T20:00+00:00,5805,0.0,0.0,290.0,10.0,296.0,10.0,1.0,10.0,3.8,10.0,984.9,10.0,,,82,10,0.0,10,0.0,10,,,0.0,10,19.4,,,10.0,19.6,,,10.0,18.3,10.0,16.8,10,15.9,10.0,2042.0,10.0
2008-06-05T21:00+00:00,5805,0.0,0.0,310.0,10.0,292.0,10.0,0.5,10.0,2.5,10.0,985.1,10.0,,,83,10,0.0,10,0.0,10,,,0.0,10,19.2,,,10.0,19.5,,,10.0,18.3,10.0,16.4,10,15.7,10.0,2119.0,10.0
2008-06-05T22:00+00:00,5805,0.0,0.0,310.0,10.0,329.0,10.0,0.3,10.0,2.3,10.0,985.1,10.0,,,84,10,0.5,10,22.0,10,,,0.0,10,19.0,,,10.0,19.5,,,10.0,18.3,10.0,15.4,10,14.4,10.0,2244.0,10.0
2008-06-05T23:00+00:00,5805,0.0,0.0,314.0,10.0,295.0,10.0,0.3,10.0,1.9,10.0,985.1,10.0,,,90,10,0.0,10,0.0,10,,,0.0,10,18.8,,,10.0,19.4,,,10.0,18.3,10.0,14.8,10,14.3,10.0,2400.0,10.0
2008-06-06T00:00+00:00,5805,0.0,0.0,337.0,10.0,340.0,10.0,0.1,10.0,1.3,10.0,985.1,10.0,,,90,10,0.0,10,0.0,10,,,0.0,10,18.7,,,10.0,19.3,,,10.0,18.3,10.0,14.7,10,14.1,10.0,9.0,10.0
2008-06-06T01:00+00:00,5805,0.0,0.0,300.0,10.0,312.0,10.0,0.4,10.0,2.0,10.0,985.1,10.0,,,92,10,0.0,10,4.0,10,,,0.0,10,18.6,,,10.0,19.2,,,10.0,18.3,10.0,14.7,10,14.3,10.0,141.0,10.0
2008-06-06T02:00+00:00,5805,0.0,0.0,320.0,10.0,237.0,10.0,0.2,10.0,1.2,10.0,984.9,10.0,,,93,10,0.0,10,3.0,10,,,0.0,10,18.5,,,10.0,19.1,,,10.0,18.3,10.0,14.8,10,14.4,10.0,251.0,10.0
2008-06-06T03:00+00:00,5805,0.0,0.0,338.0,10.0,291.0,10.0,0.3,10.0,2.0,10.0,984.9,10.0,,,94,10,0.0,10,0.0,10,,,0.0,10,18.4,,,10.0,19.1,,,10.0,18.3,10.0,14.8,10,14.3,10.0,303.0,10.0
2008-06-06T04:00+00:00,5805,1.0,0.0,304.0,10.0,304.0,10.0,0.1,10.0,1.2,10.0,985.1,10.0,,,94,10,0.0,10,15.0,10,,,0.0,10,18.3,,,10.0,19.0,,,10.0,18.3,10.0,15.0,10,14.5,10.0,403.0,10.0
2008-06-06T05:00+00:00,5805,17.0,0.0,316.0,10.0,238.0,10.0,0.1,10.0,0.8,10.0,985.3,10.0,,,92,10,0.1,10,48.0,10,,,0.0,10,18.3,,,10.0,18.9,,,10.0,18.3,10.0,15.1,10,14.7,10.0,550.0,10.0
2008-06-06T06:00+00:00,5805,59.0,0.0,87.0,10.0,54.0,10.0,0.4,10.0,1.6,10.0,985.4,10.0,,,89,10,0.7,10,60.0,10,,,0.0,10,18.3,,,10.0,18.8,,,10.0,18.3,10.0,15.0,10,15.2,10.0,609.0,10.0
2008-06-06T07:00+00:00,5805,126.0,0.0,107.0,10.0,59.0,10.0,0.2,10.0,1.2,10.0,985.5,10.0,,,88,10,0.0,10,5.0,10,,,0.0,10,18.4,,,10.0,18.8,,,10.0,18.3,10.0,15.9,10,15.8,10.0,800.0,10.0
2008-06-06T08:00+00:00,5805,118.0,0.0,309.0,10.0,289.0,10.0,0.3,10.0,1.7,10.0,985.8,10.0,,,89,10,0.8,10,50.0,10,,,0.0,10,18.5,,,10.0,18.8,,,10.0,18.3,10.0,15.5,10,16.0,10.0,857.0,10.0
2008-06-06T09:00+00:00,5805,270.0,0.0,259.0,10.0,295.0,10.0,0.6,10.0,1.9,10.0,985.7,10.0,,,81,10,0.1,10,21.0,10,,,0.0,10,18.7,,,10.0,18.8,,,10.0,18.3,10.0,16.7,10,16.3,10.0,955.0,10.0
2008-06-06T10:00+00:00,5805,504.0,0.0,242.0,10.0,290.0,10.0,0.7,10.0,2.5,10.0,985.6,10.0,,,71,10,0.0,10,0.0,10,,,0.3,10,19.3,,,10.0,18.8,,,10.0,18.2,10.0,18.5,10,20.2,10.0,1023.0,10.0
2008-06-06T11:00+00:00,5805,704.0,0.0,272.0,10.0,302.0,10.0,0.6,10.0,3.7,10.0,985.4,10.0,,,65,10,0.0,10,0.0,10,,,0.7,10,20.0,,,10.0,18.9,,,10.0,18.2,10.0,20.4,10,23.7,10.0,1144.0,10.0
2008-06-06T12:00+00:00,5805,794.0,0.0,299.0,10.0,289.0,10.0,0.5,10.0,3.3,10.0,984.9,10.0,,,58,10,0.0,10,0.0,10,,,0.8,10,20.9,,,10.0,19.2,,,10.0,18.2,10.0,21.7,10,30.0,10.0,1208.0,10.0
2008-06-06T13:00+00:00,5805,579.0,0.0,305.0,10.0,316.0,10.0,1.6,10.0,5.2,10.0,984.6,10.0,,,65,10,0.0,10,0.0,10,,,0.5,10,21.4,,,10.0,19.5,,,10.0,18.2,10.0,21.5,10,24.4,10.0,1318.0,10.0
2008-06-06T14:00+00:00,5805,477.0,0.0,323.0,10.0,322.0,10.0,0.6,10.0,3.6,10.0,984.1,10.0,,,57,10,0.0,10,0.0,10,,,0.5,10,21.8,,,10.0,19.8,,,10.0,18.2,10.0,23.0,10,25.8,10.0,1421.0,10.0
2008-06-06T15:00+00:00,5805,631.0,0.0,10.0,10.0,85.0,10.0,0.7,10.0,3.9,10.0,983.6,10.0,,,52,10,0.0,10,0.0,10,,,1.0,10,22.3,,,10.0,20.1,,,10.0,18.2,10.0,23.4,10,31.2,10.0,1510.0,10.0
2008-06-06T16:00+00:00,5805,478.0,0.0,21.0,10.0,355.0,10.0,0.5,10.0,3.3,10.0,983.4,10.0,,,51,10,0.0,10,0.0,10,,,1.0,10,22.4,,,10.0,20.3,,,10.0,18.2,10.0,23.3,10,30.8,10.0,1615.0,10.0
2008-06-06T17:00+00:00,5805,244.0,0.0,51.0,10.0,77.0,10.0,0.9,10.0,7.6,10.0,983.7,10.0,,,69,10,0.0,10,11.0,10,,,0.6,10,22.1,,,10.0,20.5,,,10.0,18.2,10.0,20.0,10,21.1,10.0,1726.0,10.0
2008-06-06T18:00+00:00,5805,75.0,0.0,201.0,10.0,283.0,10.0,0.2,10.0,2.7,10.0,983.6,10.0,,,79,10,0.0,10,8.0,10,,,0.2,10,21.7,,,10.0,20.6,,,10.0,18.2,10.0,18.9,10,19.0,10.0,1821.0,10.0
2008-06-06T19:00+00:00,5805,18.0,0.0,143.0,10.0,159.0,10.0,0.1,10.0,1.8,10.0,984.3,10.0,,,87,10,0.0,10,0.0,10,,,0.0,10,21.2,,,10.0,20.6,,,10.0,18.3,10.0,17.3,10,16.7,10.0,1904.0,10.0
2008-06-06T20:00+00:00,5805,0.0,0.0,138.0,10.0,297.0,10.0,0.2,10.0,1.6,10.0,984.8,10.0,,,89,10,0.0,10,0.0,10,,,0.0,10,20.7,,,10.0,20.6,,,10.0,18.3,10.0,15.9,10,14.3,10.0,2012.0,10.0
2008-06-06T21:00+00:00,5805,0.0,0.0,109.0,10.0,140.0,10.0,0.5,10.0,2.0,10.0,985.2,10.0,,,88,10,0.0,10,0.0,10,,,0.0,10,20.3,,,10.0,20.5,,,10.0,18.3,10.0,15.9,10,14.3,10.0,2112.0,10.0
2008-06-06T22:00+00:00,5805,0.0,0.0,72.0,10.0,86.0,10.0,0.2,10.0,2.1,10.0,985.1,10.0,,,91,10,0.2,10,47.0,10,,,0.0,10,20.0,,,10.0,20.4,,,10.0,18.4,10.0,16.1,10,14.5,10.0,2234.0,10.0
2008-06-06T23:00+00:00,5805,0.0,0.0,0.0,10.0,184.0,10.0,0.0,10.0,1.3,10.0,985.1,10.0,,,93,10,0.0,10,5.0,10,,,0.0,10,19.8,,,10.0,20.2,,,10.0,18.4,10.0,15.4,10,14.7,10.0,2315.0,10.0
2008-06-07T00:00+00:00,5805,0.0,0.0,272.0,10.0,269.0,10.0,0.1,10.0,0.8,10.0,984.8,10.0,,,94,10,0.0,10,2.0,10,,,0.0,10,19.6,,,10.0,20.1,,,10.0,18.4,10.0,14.9,10,14.2,10.0,45.0,10.0
2008-06-07T01:00+00:00,5805,0.0,0.0,278.0,10.0,240.0,10.0,0.1,10.0,1.0,10.0,984.8,10.0,,,94,10,0.0,10,0.0,10,,,0.0,10,19.3,,,10.0,20.0,,,10.0,18.5,10.0,14.7,10,13.9,10.0,112.0,10.0
2008-06-07T02:00+00:00,5805,0.0,0.0,278.0,10.0,287.0,10.0,0.3,10.0,1.3,10.0,984.9,10.0,,,94,10,0.0,10,0.0,10,,,0.0,10,19.1,,,10.0,19.9,,,10.0,18.5,10.0,14.5,10,13.6,10.0,240.0,10.0
2008-06-07T03:00+00:00,5805,0.0,0.0,0.0,10.0,237.0,10.0,0.0,10.0,1.0,10.0,984.9,10.0,,,94,10,0.0,10,0.0,10,,,0.0,10,19.0,,,10.0,19.7,,,10.0,18.5,10.0,14.4,10,13.7,10.0,327.0,10.0
2008-06-07T04:00+00:00,5805,17.0,0.0,0.0,10.0,284.0,10.0,0.0,10.0,0.8,10.0,985.1,10.0,,,94,10,0.0,10,0.0,10,,,0.0,10,18.9,,,10.0,19.6,,,10.0,18.5,10.0,14.7,10,14.1,10.0,455.0,10.0
2008-06-07T05:00+00:00,5805,75.0,0.0,297.0,10.0,297.0,10.0,0.3,10.0,1.2,10.0,985.3,10.0,,,91,10,0.0,10,0.0,10,,,0.1,10,18.9,,,10.0,19.5,,,10.0,18.5,10.0,15.8,10,14.6,10.0,509.0,10.0
2008-06-07T06:00+00:00,5805,182.0,0.0,130.0,10.0,349.0,10.0,0.1,10.0,1.0,10.0,985.6,10.0,,,86,10,0.0,10,0.0,10,,,0.2,10,19.1,,,10.0,19.4,,,10.0,18.5,10.0,17.0,10,18.0,10.0,607.0,10.0
2008-06-07T07:00+00:00,5805,117.0,0.0,132.0,10.0,56.0,10.0,0.2,10.0,1.5,10.0,985.6,10.0,,,77,10,0.0,10,0.0,10,,,0.1,10,19.3,,,10.0,19.4,,,10.0,18.5,10.0,17.9,10,18.8,10.0,742.0,10.0
2008-06-07T08:00+00:00,5805,380.0,0.0,114.0,10.0,102.0,10.0,0.8,10.0,3.5,10.0,985.8,10.0,,,66,10,0.0,10,0.0,10,,,0.3,10,19.7,,,10.0,19.4,,,10.0,18.5,10.0,18.9,10,21.4,10.0,858.0,10.0
2008-06-07T09:00+00:00,5805,492.0,0.0,104.0,10.0,96.0,10.0,0.6,10.0,3.4,10.0,985.7,10.0,,,61,10,0.0,10,0.0,10,,,0.4,10,20.1,,,10.0,19.4,,,10.0,18.5,10.0,19.9,10,25.9,10.0,914.0,10.0
2008-06-07T10:00+00:00,5805,539.0,0.0,79.0,10.0,59.0,10.0,1.2,10.0,4.6,10.0,985.7,10.0,,,57,10,0.0,10,0.0,10,,,0.4,10,20.5,,,10.0,19.5,,,10.0,18.5,10.0,20.8,10,24.4,10.0,1043.0,10.0
2008-06-07T11:00+00:00,5805,518.0,0.0,112.0,10.0,109.0,10.0,1.5,10.0,5.2,10.0,985.5,10.0,,,57,10,0.0,10,0.0,10,,,0.3,10,20.9,,,10.0,19.7,,,10.0,18.4,10.0,21.8,10,28.0,10.0,1135.0,10.0
2008-06-07T12:00+00:00,5805,503.0,0.0,108.0,10.0,136.0,10.0,1.9,10.0,5.8,10.0,985.4,10.0,,,56,10,0.0,10,0.0,10,,,0.4,10,21.2,,,10.0,19.9,,,10.0,18.4,10.0,21.4,10,26.2,10.0,1248.0,10.0
2008-06-07T13:00+00:00,5805,764.0,0.0,116.0,10.0,114.0,10.0,2.0,10.0,6.2,10.0,985.1,10.0,,,56,10,0.0,10,0.0,10,,,0.8,10,21.6,,,10.0,20.1,,,10.0,18.4,10.0,21.6,10,29.2,10.0,1325.0,10.0
2008-06-07T14:00+00:00,5805,590.0,0.0,137.0,10.0,166.0,10.0,2.0,10.0,6.5,10.0,985.1,10.0,,,59,10,0.0,10,0.0,10,,,0.6,10,22.1,,,10.0,20.3,,,10.0,18.4,10.0,21.9,10,26.7,10.0,1408.0,10.0
2008-06-07T15:00+00:00,5805,374.0,0.0,85.0,10.0,78.0,10.0,1.1,10.0,4.4,10.0,984.7,10.0,,,54,10,0.0,10,0.0,10,,,0.6,10,22.2,,,10.0,20.5,,,10.0,18.4,10.0,22.4,10,27.3,10.0,1537.0,10.0
2008-06-07T16:00+00:00,5805,550.0,0.0,69.0,10.0,73.0,10.0,1.1,10.0,5.9,10.0,984.9,10.0,,,54,10,0.0,10,0.0,10,,,1.0,10,22.4,,,10.0,20.7,,,10.0,18.5,10.0,22.7,10,30.3,10.0,1635.0,10.0
2008-06-07T17:00+00:00,5805,243.0,0.0,132.0,10.0,71.0,10.0,1.7,10.0,7.4,10.0,985.2,10.0,,,59,10,0.0,10,0.0,10,,,0.8,10,22.2,,,10.0,20.8,,,10.0,18.5,10.0,19.8,10,23.0,10.0,1800.0,10.0
2008-06-07T18:00+00:00,5805,75.0,0.0,194.0,10.0,193.0,10.0,0.1,10.0,2.0,10.0,985.5,10.0,,,81,10,0.0,10,0.0,10,,,0.0,10,21.7,,,10.0,20.9,,,10.0,18.5,10.0,17.7,10,18.2,10.0,1836.0,10.0
2008-06-07T19:00+00:00,5805,13.0,0.0,253.0,10.0,140.0,10.0,0.3,10.0,3.2,10.0,986.2,10.0,,,84,10,0.0,10,0.0,10,,,0.0,10,21.2,,,10.0,20.9,,,10.0,18.5,10.0,16.9,10,16.3,10.0,1955.0,10.0
2008-06-07T20:00+00:00,5805,0.0,0.0,0.0,10.0,292.0,10.0,0.0,10.0,1.5,10.0,986.6,10.0,,,92,10,1.8,10,22.0,10,,,0.0,10,20.8,,,10.0,20.9,,,10.0,18.6,10.0,16.4,10,15.7,10.0,2027.0,10.0
2008-06-07T21:00+00:00,5805,0.0,0.0,283.0,10.0,305.0,10.0,0.7,10.0,2.7,10.0,986.9,10.0,,,93,10,0.1,10,15.0,10,,,0.0,10,20.5,,,10.0,20.8,,,10.0,18.6,10.0,15.9,10,14.8,10.0,2123.0,10.0
2008-06-07T22:00+00:00,5805,0.0,0.0,286.0,10.0,295.0,10.0,0.4,10.0,2.3,10.0,986.9,10.0,,,94,10,0.0,10,0.0,10,,,0.0,10,20.1,,,10.0,20.6,,,10.0,18.6,10.0,15.0,10,13.6,10.0,2300.0,10.0
2008-06-07T23:00+00:00,5805,0.0,0.0,284.0,10.0,278.0,10.0,0.4,10.0,1.8,10.0,987.0,10.0,,,95,10,0.0,10,0.0,10,,,0.0,10,19.8,,,10.0,20.5,,,10.0,18.7,10.0,14.3,10,12.4,10.0,2350.0,10.0
2008-06-08T00:00+00:00,5805,0.0,0.0,284.0,10.0,273.0,10.0,0.4,10.0,1.5,10.0,987.4,10.0,,,95,10,0.0,10,0.0,10,,,0.0,10,19.4,,,10.0,20.3,,,10.0,18.7,10.0,14.0,10,12.3,10.0,46.0,10.0
2008-06-08T01:00+00:00,5805,0.0,0.0,285.0,10.0,326.0,10.0,0.7,10.0,1.8,10.0,987.4,10.0,,,95,10,0.0,10,0.0,10,,,0.0,10,19.2,,,10.0,20.2,,,10.0,18.7,10.0,13.8,10,11.8,10.0,107.0,10.0
2008-06-08T02:00+00:00,5805,0.0,0.0,338.0,10.0,360.0,10.0,0.1,10.0,1.5,10.0,987.4,10.0,,,95,10,0.0,10,0.0,10,,,0.0,10,19.0,,,10.0,20.0,,,10.0,18.7,10.0,14.1,10,12.7,10.0,244.0,10.0
2008-06-08T03:00+00:00,5805,0.0,0.0,326.0,10.0,279.0,10.0,0.2,10.0,2.0,10.0,987.6,10.0,,,94,10,0.0,10,0.0,10,,,0.0,10,18.9,,,10.0,19.8,,,10.0,18.7,10.0,14.6,10,14.0,10.0,319.0,10.0
2008-06-08T04:00+00:00,5805,18.0,0.0,316.0,10.0,329.0,10.0,0.6,10.0,2.1,10.0,987.8,10.0,,,93,10,0.0,10,0.0,10,,,0.0,10,18.9,,,10.0,19.7,,,10.0,18.7,10.0,15.2,10,14.3,10.0,447.0,10.0
2008-06-08T05:00+00:00,5805,68.0,0.0,292.0,10.0,275.0,10.0,1.5,10.0,3.8,10.0,988.1,10.0,,,90,10,0.0,10,0.0,10,,,0.0,10,18.9,,,10.0,19.6,,,10.0,18.7,10.0,15.6,10,15.2,10.0,518.0,10.0
2008-06-08T06:00+00:00,5805,120.0,0.0,299.0,10.0,303.0,10.0,1.5,10.0,4.7,10.0,988.6,10.0,,,86,10,0.0,10,0.0,10,,,0.0,10,19.0,,,10.0,19.5,,,10.0,18.7,10.0,16.2,10,15.9,10.0,641.0,10.0
2008-06-08T07:00+00:00,5805,213.0,0.0,291.0,10.0,316.0,10.0,2.0,10.0,4.9,10.0,988.7,10.0,,,83,10,0.0,10,0.0,10,,,0.1,10,19.2,,,10.0,19.5,,,10.0,18.7,10.0,17.0,10,17.3,10.0,723.0,10.0
2008-06-08T08:00+00:00,5805,311.0,0.0,307.0,10.0,308.0,10.0,1.2,10.0,4.5,10.0,989.0,10.0,,,77,10,0.0,10,0.0,10,,,0.2,10,19.5,,,10.0,19.5,,,10.0,18.7,10.0,17.7,10,19.3,10.0,836.0,10.0
2008-06-08T09:00+00:00,5805,480.0,0.0,325.0,10.0,274.0,10.0,1.0,10.0,4.1,10.0,989.0,10.0,,,68,10,0.0,10,0.0,10,,,0.4,10,19.9,,,10.0,19.5,,,10.0,18.7,10.0,19.5,10,21.0,10.0,943.0,10.0
2008-06-08T10:00+00:00,5805,786.0,0.0,313.0,10.0,262.0,10.0,0.8,10.0,3.9,10.0,988.8,10.0,,,59,10,0.0,10,0.0,10,,,0.8,10,20.6,,,10.0,19.6,,,10.0,18.7,10.0,20.7,10,26.4,10.0,1051.0,10.0
2008-06-08T11:00+00:00,5805,342.0,0.0,314.0,10.0,37.0,10.0,0.7,10.0,4.0,10.0,989.0,10.0,,,63,10,0.0,10,0.0,10,,,0.1,10,20.9,,,10.0,19.8,,,10.0,18.7,10.0,20.2,10,24.0,10.0,1116.0,10.0
2008-06-08T12:00+00:00,5805,316.0,0.0,77.0,10.0,78.0,10.0,1.0,10.0,5.0,10.0,988.9,10.0,,,66,10,0.0,10,0.0,10,,,0.2,10,21.1,,,10.0,20.0,,,10.0,18.6,10.0,20.5,10,23.3,10.0,1243.0,10.0
2008-06-08T13:00+00:00,5805,273.0,0.0,97.0,10.0,74.0,10.0,1.5,10.0,4.4,10.0,988.7,10.0,,,73,10,0.0,10,16.0,10,,,0.0,10,21.2,,,10.0,20.2,,,10.0,18.6,10.0,19.7,10,23.5,10.0,1400.0,10.0
2008-06-08T14:00+00:00,5805,464.0,0.0,124.0,10.0,60.0,10.0,1.0,10.0,4.3,10.0,988.2,10.0,,,60,10,0.0,10,0.0,10,,,0.5,10,21.4,,,10.0,20.3,,,10.0,18.6,10.0,20.9,10,25.3,10.0,1455.0,10.0
2008-06-08T15:00+00:00,5805,519.0,0.0,85.0,10.0,62.0,10.0,1.1,10.0,4.9,10.0,988.1,10.0,,,54,10,0.0,10,0.0,10,,,0.9,10,21.9,,,10.0,20.4,,,10.0,18.6,10.0,22.2,10,28.0,10.0,1520.0,10.0
2008-06-08T16:00+00:00,5805,277.0,0.0,67.0,10.0,72.0,10.0,1.6,10.0,6.3,10.0,988.6,10.0,,,58,10,0.0,10,0.0,10,,,0.4,10,21.8,,,10.0,20.6,,,10.0,18.6,10.0,20.7,10,22.2,10.0,1626.0,10.0
2008-06-08T17:00+00:00,5805,77.0,0.0,67.0,10.0,75.0,10.0,1.2,10.0,4.0,10.0,988.9,10.0,,,64,10,0.0,10,0.0,10,,,0.0,10,21.5,,,10.0,20.7,,,10.0,18.7,10.0,19.9,10,20.5,10.0,1706.0,10.0
2008-06-08T18:00+00:00,5805,52.0,0.0,52.0,10.0,81.0,10.0,0.3,10.0,2.5,10.0,989.3,10.0,,,70,10,0.0,10,0.0,10,,,0.0,10,21.2,,,10.0,20.7,,,10.0,18.7,10.0,18.9,10,18.5,10.0,1832.0,10.0
2008-06-08T19:00+00:00,5805,8.0,0.0,274.0,10.0,284.0,10.0,0.3,10.0,1.6,10.0,989.8,10.0,,,83,10,0.0,10,0.0,10,,,0.0,10,20.8,,,10.0,20.7,,,10.0,18.7,10.0,17.6,10,16.5,10.0,1945.0,10.0
2008-06-08T20:00+00:00,5805,0.0,0.0,276.0,10.0,281.0,10.0,0.6,10.0,2.1,10.0,990.5,10.0,,,87,10,0.0,10,0.0,10,,,0.0,10,20.5,,,10.0,20.6,,,10.0,18.7,10.0,17.0,10,16.1,10.0,2031.0,10.0
2008-06-08T21:00+00:00,5805,0.0,0.0,93.0,10.0,58.0,10.0,0.2,10.0,2.8,10.0,991.0,10.0,,,92,10,4.4,10,32.0,10,,,0.0,10,20.2,,,10.0,20.5,,,10.0,18.7,10.0,16.2,10,15.6,10.0,2142.0,10.0
2008-06-08T22:00+00:00,5805,0.0,0.0,301.0,10.0,287.0,10.0,0.8,10.0,2.5,10.0,991.0,10.0,,,94,10,1.5,10,44.0,10,,,0.0,10,19.9,,,10.0,20.4,,,10.0,18.8,10.0,16.1,10,15.5,10.0,2246.0,10.0
2008-06-08T23:00+00:00,5805,0.0,0.0,0.0,10.0,318.0,10.0,0.0,10.0,1.7,10.0,991.2,10.0,,,95,10,0.1,10,16.0,10,,,0.0,10,19.7,,,10.0,20.3,,,10.0,18.8,10.0,15.8,10,14.8,10.0,2304.0,10.0
2008-06-09T00:00+00:00,5805,0.0,0.0,0.0,10.0,330.0,10.0,0.0,10.0,1.3,10.0,991.6,10.0,,,95,10,0.0,10,0.0,10,,,0.0,10,19.5,,,10.0,20.2,,,10.0,18.8,10.0,15.4,10,14.4,10.0,25.0,10.0
2008-06-09T01:00+00:00,5805,0.0,0.0,311.0,10.0,298.0,10.0,0.3,10.0,1.3,10.0,991.8,10.0,,,95,10,0.0,10,0.0,10,,,0.0,10,19.4,,,10.0,20.1,,,10.0,18.8,10.0,15.7,10,14.5,10.0,133.0,10.0
2008-06-09T02:00+00:00,5805,0.0,0.0,1.0,10.0,327.0,10.0,0.3,10.0,1.5,10.0,991.4,10.0,,,94,10,0.0,10,0.0,10,,,0.0,10,19.3,,,10.0,19.9,,,10.0,18.8,10.0,15.8,10,15.3,10.0,255.0,10.0
2008-06-09T03:00+00:00,5805,0.0,0.0,4.0,10.0,21.0,10.0,0.3,10.0,1.4,10.0,991.8,10.0,,,94,10,0.0,10,0.0,10,,,0.0,10,19.1,,,10.0,19.8,,,10.0,18.8,10.0,15.1,10,14.0,10.0,339.0,10.0
2008-06-09T04:00+00:00,5805,18.0,0.0,352.0,10.0,327.0,10.0,0.2,10.0,1.1,10.0,992.1,10.0,,,95,10,0.0,10,0.0,10,,,0.0,10,19.0,,,10.0,19.7,,,10.0,18.8,10.0,15.1,10,14.0,10.0,453.0,10.0
2008-06-09T05:00+00:00,5805,39.0,0.0,344.0,10.0,355.0,10.0,0.6,10.0,3.1,10.0,992.5,10.0,,,94,10,0.1,10,6.0,10,,,0.0,10,18.9,,,10.0,19.7,,,10.0,18.8,10.0,15.3,10,15.0,10.0,553.0,10.0
2008-06-09T06:00+00:00,5805,76.0,0.0,331.0,10.0,294.0,10.0,0.7,10.0,3.0,10.0,993.1,10.0,,,92,10,0.0,10,5.0,10,,,0.0,10,19.0,,,10.0,19.6,,,10.0,18.8,10.0,16.2,10,15.4,10.0,606.0,10.0
2008-06-09T07:00+00:00,5805,194.0,0.0,325.0,10.0,289.0,10.0,0.7,10.0,3.2,10.0,993.3,10.0,,,87,10,0.0,10,0.0,10,,,0.0,10,19.2,,,10.0,19.5,,,10.0,18.8,10.0,17.4,10,17.1,10.0,738.0,10.0
2008-06-09T08:00+00:00,5805,462.0,0.0,291.0,10.0,298.0,10.0,1.3,10.0,3.4,10.0,993.1,10.0,,,80,10,0.0,10,0.0,10,,,0.6,10,19.7,,,10.0,19.5,,,10.0,18.8,10.0,18.9,10,19.8,10.0,838.0,10.0
2008-06-09T09:00+00:00,5805,760.0,0.0,285.0,10.0,293.0,10.0,1.5,10.0,3.8,10.0,993.3,10.0,,,68,10,0.0,10,0.0,10,,,1.0,10,20.4,,,10.0,19.5,,,10.0,18.7,10.0,21.0,10,25.1,10.0,916.0,10.0
2008-06-09T10:00+00:00,5805,778.0,0.0,339.0,10.0,310.0,10.0,0.8,10.0,4.1,10.0,993.4,10.0,,,60,10,0.0,10,0.0,10,,,1.0,10,21.1,,,10.0,19.7,,,10.0,18.7,10.0,22.2,10,28.4,10.0,1042.0,10.0
2008-06-09T11:00+00:00,5805,622.0,0.0,307.0,10.0,264.0,10.0,0.7,10.0,4.0,10.0,993.2,10.0,,,58,10,0.0,10,0.0,10,,,0.6,10,21.7,,,10.0,20.0,,,10.0,18.7,10.0,22.8,10,29.2,10.0,1145.0,10.0
2008-06-09T12:00+00:00,5805,704.0,0.0,340.0,10.0,27.0,10.0,0.4,10.0,3.5,10.0,992.9,10.0,,,53,10,0.0,10,0.0,10,,,0.7,10,22.3,,,10.0,20.3,,,10.0,18.7,10.0,22.7,10,30.0,10.0,1211.0,10.0
2008-06-09T13:00+00:00,5805,495.0,0.0,236.0,10.0,236.0,10.0,0.7,10.0,3.3,10.0,992.6,10.0,,,53,10,0.0,10,0.0,10,,,0.6,10,22.7,,,10.0,20.6,,,10.0,18.7,10.0,23.7,10,27.9,10.0,1350.0,10.0
2008-06-09T14:00+00:00,5805,644.0,0.0,285.0,10.0,286.0,10.0,1.8,10.0,4.9,10.0,992.5,10.0,,,50,10,0.0,10,0.0,10,,,1.0,10,23.3,,,10.0,20.9,,,10.0,18.7,10.0,24.6,10,32.6,10.0,1445.0,10.0
2008-06-09T15:00+00:00,5805,633.0,0.0,291.0,10.0,293.0,10.0,1.1,10.0,4.4,10.0,992.3,10.0,,,51,10,0.0,10,0.0,10,,,0.9,10,23.7,,,10.0,21.2,,,10.0,18.7,10.0,24.4,10,31.0,10.0,1502.0,10.0
2008-06-09T16:00+00:00,5805,369.0,0.0,0.0,10.0,31.0,10.0,0.0,10.0,3.5,10.0,992.2,10.0,,,51,10,0.0,10,0.0,10,,,0.6,10,23.6,,,10.0,21.4,,,10.0,18.7,10.0,24.7,10,28.2,10.0,1649.0,10.0
2008-06-09T17:00+00:00,5805,232.0,0.0,305.0,10.0,293.0,10.0,0.7,10.0,5.0,10.0,992.3,10.0,,,70,10,0.0,10,0.0,10,,,0.4,10,23.3,,,10.0,21.6,,,10.0,18.7,10.0,22.2,10,24.4,10.0,1704.0,10.0
2008-06-09T18:00+00:00,5805,110.0,0.0,294.0,10.0,290.0,10.0,0.3,10.0,1.8,10.0,992.5,10.0,,,79,10,0.0,10,0.0,10,,,0.7,10,22.9,,,10.0,21.7,,,10.0,18.8,10.0,21.3,10,21.2,10.0,1808.0,10.0
2008-06-09T19:00+00:00,5805,15.0,0.0,328.0,10.0,3.0,10.0,0.5,10.0,2.0,10.0,992.7,10.0,,,89,10,0.0,10,0.0,10,,,0.0,10,22.3,,,10.0,21.7,,,10.0,18.8,10.0,18.9,10,17.8,10.0,1912.0,10.0
2008-06-09T20:00+00:00,5805,0.0,0.0,326.0,10.0,316.0,10.0,0.6,10.0,2.6,10.0,993.4,10.0,,,91,10,0.0,10,0.0,10,,,0.0,10,21.8,,,10.0,21.6,,,10.0,18.9,10.0,17.3,10,16.1,10.0,2054.0,10.0
2008-06-09T21:00+00:00,5805,0.0,0.0,304.0,10.0,300.0,10.0,0.3,10.0,1.4,10.0,993.6,10.0,,,92,10,0.0,10,0.0,10,,,0.0,10,21.3,,,10.0,21.5,,,10.0,18.9,10.0,16.5,10,14.3,10.0,2144.0,10.0
2008-06-09T22:00+00:00,5805,0.0,0.0,294.0,10.0,348.0,10.0,0.4,10.0,1.4,10.0,993.8,10.0,,,93,10,0.0,10,0.0,10,,,0.0,10,20.9,,,10.0,21.3,,,10.0,19.0,10.0,15.8,10,13.8,10.0,2207.0,10.0
2008-06-09T23:00+00:00,5805,0.0,0.0,322.0,10.0,322.0,10.0,0.4,10.0,2.0,10.0,993.8,10.0,,,94,10,0.0,10,0.0,10,,,0.0,10,20.5,,,10.0,21.2,,,10.0,19.0,10.0,15.3,10,13.0,10.0,2346.0,10.0
2008-06-10T00:00+00:00,5805,0.0,0.0,313.0,10.0,311.0,10.0,0.3,10.0,1.4,10.0,994.0,10.0,,,94,10,0.0,10,0.0,10,,,0.0,10,20.2,,,10.0,21.0,,,10.0,19.0,10.0,14.9,10,12.5,10.0,29.0,10.0
2008-06-10T01:00+00:00,5805,0.0,0.0,340.0,10.0,312.0,10.0,0.4,10.0,1.9,10.0,993.5,10.0,,,94,10,0.0,10,0.0,10,,,0.0,10,19.9,,,10.0,20.8,,,10.0,19.1,10.0,14.4,10,12.2,10.0,157.0,10.0
2008-06-10T02:00+00:00,5805,0.0,0.0,316.0,10.0,305.0,10.0,0.5,10.0,2.1,10.0,993.3,10.0,,,94,10,0.0,10,0.0,10,,,0.0,10,19.6,,,10.0,20.6,,,10.0,19.1,10.0,13.9,10,11.3,10.0,204.0,10.0
2008-06-10T03:00+00:00,5805,1.0,0.0,350.0,10.0,310.0,10.0,0.3,10.0,1.4,10.0,993.5,10.0,,,94,10,0.0,10,0.0,10,,,0.0,10,19.3,,,10.0,20.5,,,10.0,19.1,10.0,13.4,10,10.7,10.0,352.0,10.0
2008-06-10T04:00+00:00,5805,34.0,0.0,318.0,10.0,297.0,10.0,0.4,10.0,1.8,10.0,993.5,10.0,,,94,10,0.0,10,0.0,10,,,0.4,10,19.1,,,10.0,20.3,,,10.0,19.1,10.0,13.7,10,11.0,10.0,448.0,10.0
2008-06-10T05:00+00:00,5805,141.0,0.0,290.0,10.0,291.0,10.0,0.9,10.0,2.3,10.0,993.5,10.0,,,88,10,0.0,10,0.0,10,,,1.0,10,19.1,,,10.0,20.1,,,10.0,19.1,10.0,15.5,10,12.8,10.0,534.0,10.0
2008-06-10T06:00+00:00,5805,308.0,0.0,280.0,10.0,311.0,10.0,0.8,10.0,2.8,10.0,993.6,10.0,,,78,10,0.0,10,0.0,10,,,1.0,10,19.5,,,10.0,20.0,,,10.0,19.1,10.0,18.8,10,17.1,10.0,659.0,10.0
2008-06-10T07:00+00:00,5805,468.0,0.0,293.0,10.0,324.0,10.0,0.7,10.0,3.1,10.0,993.5,10.0,,,71,10,0.0,10,0.0,10,,,1.0,10,20.1,,,10.0,19.9,,,10.0,19.1,10.0,21.0,10,25.4,10.0,709.0,10.0
2008-06-10T08:00+00:00,5805,618.0,0.0,218.0,10.0,157.0,10.0,0.4,10.0,2.7,10.0,993.4,10.0,,,63,10,0.0,10,0.0,10,,,1.0,10,20.9,,,10.0,19.9,,,10.0,19.1,10.0,23.0,10,30.3,10.0,854.0,10.0
2008-06-10T09:00+00:00,5805,740.0,0.0,117.0,10.0,159.0,10.0,1.0,10.0,4.3,10.0,993.3,10.0,,,54,10,0.0,10,0.0,10,,,1.0,10,21.7,,,10.0,20.1,,,10.0,19.1,10.0,24.2,10,33.7,10.0,954.0,10.0
2008-06-10T10:00+00:00,5805,812.0,0.0,127.0,10.0,131.0,10.0,1.7,10.0,5.2,10.0,993.0,10.0,,,47,10,0.0,10,0.0,10,,,1.0,10,22.2,,,10.0,20.3,,,10.0,19.0,10.0,24.8,10,30.6,10.0,1010.0,10.0
2008-06-10T11:00+00:00,5805,867.0,0.0,149.0,10.0,133.0,10.0,1.0,10.0,3.7,10.0,992.3,10.0,,,46,10,0.0,10,0.0,10,,,1.0,10,22.9,,,10.0,20.6,,,10.0,19.0,10.0,25.7,10,36.7,10.0,1116.0,10.0
2008-06-10T12:00+00:00,5805,865.0,0.0,148.0,10.0,141.0,10.0,1.1,10.0,4.7,10.0,991.8,10.0,,,43,10,0.0,10,0.0,10,,,1.0,10,23.6,,,10.0,20.9,,,10.0,19.0,10.0,25.7,10,38.3,10.0,1209.0,10.0
2008-06-10T13:00+00:00,5805,783.0,0.0,145.0,10.0,140.0,10.0,1.2,10.0,4.8,10.0,991.2,10.0,,,43,10,0.0,10,0.0,10,,,1.0,10,24.1,,,10.0,21.3,,,10.0,19.0,10.0,26.4,10,35.6,10.0,1307.0,10.0
2008-06-10T14:00+00:00,5805,657.0,0.0,184.0,10.0,143.0,10.0,1.1,10.0,5.2,10.0,990.5,10.0,,,46,10,0.0,10,0.0,10,,,0.8,10,24.4,,,10.0,21.6,,,10.0,19.0,10.0,26.5,10,30.5,10.0,1456.0,10.0
2008-06-10T15:00+00:00,5805,596.0,0.0,154.0,10.0,172.0,10.0,1.5,10.0,5.8,10.0,990.0,10.0,,,48,10,0.0,10,0.0,10,,,1.0,10,24.6,,,10.0,21.9,,,10.0,19.0,10.0,25.9,10,34.3,10.0,1514.0,10.0
2008-06-10T16:00+00:00,5805,407.0,0.0,137.0,10.0,128.0,10.0,1.4,10.0,5.1,10.0,989.6,10.0,,,46,10,0.0,10,0.0,10,,,0.9,10,24.4,,,10.0,22.2,,,10.0,19.0,10.0,26.4,10,30.6,10.0,1611.0,10.0
2008-06-10T17:00+00:00,5805,292.0,0.0,179.0,10.0,178.0,10.0,0.9,10.0,2.8,10.0,988.9,10.0,,,48,10,0.0,10,0.0,10,,,1.0,10,24.1,,,10.0,22.3,,,10.0,19.1,10.0,25.6,10,27.8,10.0,1708.0,10.0
2008-06-10T18:00+00:00,5805,143.0,0.0,169.0,10.0,208.0,10.0,0.7,10.0,2.9,10.0,988.9,10.0,,,54,10,0.0,10,0.0,10,,,1.0,10,23.7,,,10.0,22.4,,,10.0,19.1,10.0,23.6,10,21.3,10.0,1816.0,10.0
2008-06-10T19:00+00:00,5805,24.0,0.0,273.0,10.0,221.0,10.0,0.5,10.0,1.6,10.0,989.3,10.0,,,73,10,0.0,10,0.0,10,,,0.3,10,23.0,,,10.0,22.4,,,10.0,19.2,10.0,20.6,10,17.2,10.0,1903.0,10.0
2008-06-10T20:00+00:00,5805,0.0,0.0,288.0,10.0,248.0,10.0,0.2,10.0,1.7,10.0,989.6,10.0,,,86,10,0.0,10,0.0,10,,,0.0,10,22.4,,,10.0,22.3,,,10.0,19.2,10.0,18.2,10,15.2,10.0,2011.0,10.0
2008-06-10T21:00+00:00,5805,0.0,0.0,293.0,10.0,289.0,10.0,0.2,10.0,1.2,10.0,989.3,10.0,,,89,10,0.0,10,0.0,10,,,0.0,10,21.9,,,10.0,22.1,,,10.0,19.3,10.0,17.2,10,13.9,10.0,2117.0,10.0
2008-06-10T22:00+00:00,5805,0.0,0.0,323.0,10.0,299.0,10.0,0.2,10.0,1.2,10.0,989.0,10.0,,,91,10,0.0,10,0.0,10,,,0.0,10,21.4,,,10.0,21.9,,,10.0,19.3,10.0,16.3,10,13.5,10.0,2232.0,10.0
2008-06-10T23:00+00:00,5805,0.0,0.0,290.0,10.0,259.0,10.0,0.2,10.0,1.6,10.0,988.9,10.0,,,92,10,0.0,10,0.0,10,,,0.0,10,20.9,,,10.0,21.7,,,10.0,19.4,10.0,15.6,10,12.5,10.0,2359.0,10.0
2008-06-11T00:00+00:00,5805,0.0,0.0,319.0,10.0,272.0,10.0,0.3,10.0,2.0,10.0,988.5,10.0,,,93,10,0.0,10,0.0,10,,,0.0,10,20.6,,,10.0,21.5,,,10.0,19.4,10.0,14.9,10,11.8,10.0,100.0,10.0
2008-06-11T01:00+00:00,5805,0.0,0.0,299.0,10.0,298.0,10.0,0.4,10.0,1.8,10.0,988.2,10.0,,,93,10,0.0,10,0.0,10,,,0.0,10,20.2,,,10.0,21.3,,,10.0,19.4,10.0,14.9,10,11.4,10.0,153.0,10.0
2008-06-11T02:00+00:00,5805,0.0,0.0,325.0,10.0,300.0,10.0,0.3,10.0,1.7,10.0,987.8,10.0,,,94,10,0.0,10,0.0,10,,,0.0,10,19.9,,,10.0,21.1,,,10.0,19.5,10.0,14.2,10,11.5,10.0,204.0,10.0
2008-06-11T03:00+00:00,5805,1.0,0.0,354.0,10.0,324.0,10.0,0.2,10.0,1.3,10.0,987.8,10.0,,,94,10,0.0,10,0.0,10,,,0.0,10,19.6,,,10.0,20.9,,,10.0,19.5,10.0,13.9,10,11.0,10.0,321.0,10.0
2008-06-11T04:00+00:00,5805,36.0,0.0,11.0,10.0,345.0,10.0,0.2,10.0,0.8,10.0,987.9,10.0,,,94,10,0.0,10,0.0,10,,,0.5,10,19.4,,,10.0,20.7,,,10.0,19.5,10.0,14.5,10,11.1,10.0,429.0,10.0
2008-06-11T05:00+00:00,5805,147.0,0.0,303.0,10.0,314.0,10.0,1.1,10.0,5.5,10.0,987.8,10.0,,,68,10,0.0,10,0.0,10,,,1.0,10,19.5,,,10.0,20.5,,,10.0,19.5,10.0,19.9,10,13.2,10.0,548.0,10.0
2008-06-11T06:00+00:00,5805,356.0,0.0,296.0,10.0,287.0,10.0,3.7,10.0,9.4,10.0,987.8,10.0,,,59,10,0.0,10,0.0,10,,,1.0,10,20.0,,,10.0,20.4,,,10.0,19.5,10.0,21.9,10,18.9,10.0,647.0,10.0
2008-06-11T07:00+00:00,5805,405.0,0.0,294.0,10.0,282.0,10.0,3.5,10.0,11.1,10.0,987.6,10.0,,,58,10,0.0,10,0.0,10,,,0.8,10,20.4,,,10.0,20.4,,,10.0,19.5,10.0,21.6,10,25.9,10.0,705.0,10.0
2008-06-11T08:00+00:00,5805,647.0,0.0,290.0,10.0,289.0,10.0,4.1,10.0,11.1,10.0,987.7,10.0,,,57,10,0.0,10,0.0,10,,,1.0,10,21.0,,,10.0,20.4,,,10.0,19.4,10.0,23.1,10,25.9,10.0,834.0,10.0
2008-06-11T09:00+00:00,5805,591.0,0.0,288.0,10.0,286.0,10.0,5.1,10.0,13.0,10.0,987.9,10.0,,,58,10,0.0,10,0.0,10,,,0.8,10,21.4,,,10.0,20.5,,,10.0,19.4,10.0,22.8,10,27.6,10.0,941.0,10.0
2008-06-11T10:00+00:00,5805,813.0,0.0,286.0,10.0,294.0,10.0,5.6,10.0,13.0,10.0,987.5,10.0,,,57,10,0.0,10,0.0,10,,,1.0,10,21.9,,,10.0,20.6,,,10.0,19.4,10.0,23.3,10,29.9,10.0,1001.0,10.0
2008-06-11T11:00+00:00,5805,819.0,0.0,287.0,10.0,294.0,10.0,4.6,10.0,11.5,10.0,987.0,10.0,,,56,10,0.0,10,0.0,10,,,0.9,10,22.4,,,10.0,20.8,,,10.0,19.4,10.0,24.2,10,27.6,10.0,1104.0,10.0
2008-06-11T12:00+00:00,5805,509.0,0.0,288.0,10.0,293.0,10.0,3.3,10.0,9.0,10.0,986.8,10.0,,,57,10,0.0,10,0.0,10,,,0.5,10,22.8,,,10.0,21.1,,,10.0,19.4,10.0,23.8,10,29.5,10.0,1208.0,10.0
2008-06-11T13:00+00:00,5805,426.0,0.0,282.0,10.0,285.0,10.0,2.5,10.0,7.7,10.0,986.3,10.0,,,56,10,0.0,10,0.0,10,,,0.2,10,22.9,,,10.0,21.3,,,10.0,19.3,10.0,23.6,10,28.0,10.0,1309.0,10.0
2008-06-11T14:00+00:00,5805,506.0,0.0,284.0,10.0,276.0,10.0,2.7,10.0,8.9,10.0,985.8,10.0,,,52,10,0.0,10,0.0,10,,,0.5,10,23.1,,,10.0,21.5,,,10.0,19.3,10.0,22.0,10,26.7,10.0,1442.0,10.0
2008-06-11T15:00+00:00,5805,253.0,0.0,314.0,10.0,29.0,10.0,1.0,10.0,5.7,10.0,986.0,10.0,,,82,10,3.2,10,12.0,10,,,0.2,10,22.7,,,10.0,21.6,,,10.0,19.3,10.0,19.9,10,20.5,10.0,1600.0,10.0
2008-06-11T16:00+00:00,5805,256.0,0.0,296.0,10.0,297.0,10.0,0.9,10.0,3.5,10.0,985.2,10.0,,,84,10,0.4,10,18.0,10,,,0.2,10,22.5,,,10.0,21.7,,,10.0,19.4,10.0,19.2,10,20.1,10.0,1607.0,10.0
2008-06-11T17:00+00:00,5805,68.0,0.0,295.0,10.0,291.0,10.0,1.8,10.0,6.4,10.0,984.9,10.0,,,88,10,0.9,10,17.0,10,,,0.0,10,22.1,,,10.0,21.7,,,10.0,19.4,10.0,17.2,10,16.7,10.0,1737.0,10.0
2008-06-11T18:00+00:00,5805,49.0,0.0,309.0,10.0,280.0,10.0,1.0,10.0,4.3,10.0,984.7,10.0,,,91,10,0.3,10,19.0,10,,,0.0,10,21.7,,,10.0,21.6,,,10.0,19.4,10.0,16.9,10,16.3,10.0,1816.0,10.0
2008-06-11T19:00+00:00,5805,8.0,0.0,303.0,10.0,308.0,10.0,1.4,10.0,6.9,10.0,985.2,10.0,,,91,10,0.0,10,0.0,10,,,0.0,10,21.4,,,10.0,21.6,,,10.0,19.4,10.0,16.6,10,15.8,10.0,1933.0,10.0
2008-06-11T20:00+00:00,5805,0.0,0.0,317.0,10.0,270.0,10.0,0.3,10.0,2.4,10.0,985.4,10.0,,,91,10,0.1,10,15.0,10,,,0.0,10,21.1,,,10.0,21.5,,,10.0,19.4,10.0,16.4,10,15.6,10.0,2053.0,10.0
2008-06-11T21:00+00:00,5805,0.0,0.0,305.0,10.0,303.0,10.0,0.5,10.0,2.1,10.0,985.7,10.0,,,92,10,0.0,10,0.0,10,,,0.0,10,20.9,,,10.0,21.3,,,10.0,19.5,10.0,16.2,10,15.4,10.0,2146.0,10.0
2008-06-11T22:00+00:00,5805,0.0,0.0,299.0,10.0,297.0,10.0,0.6,10.0,4.2,10.0,985.8,10.0,,,92,10,0.0,10,0.0,10,,,0.0,10,20.6,,,10.0,21.2,,,10.0,19.5,10.0,16.0,10,15.1,10.0,2257.0,10.0
2008-06-11T23:00+00:00,5805,0.0,0.0,290.0,10.0,291.0,10.0,2.0,10.0,4.9,10.0,985.7,10.0,,,87,10,0.0,10,0.0,10,,,0.0,10,20.4,,,10.0,21.1,,,10.0,19.5,10.0,16.3,10,15.0,10.0,2328.0,10.0
2008-06-12T00:00+00:00,5805,0.0,0.0,313.0,10.0,315.0,10.0,1.0,10.0,3.5,10.0,985.5,10.0,,,89,10,0.0,10,0.0,10,,,0.0,10,20.3,,,10.0,21.0,,,10.0,19.5,10.0,16.0,10,15.1,10.0,23.0,10.0
2008-06-12T01:00+00:00,5805,0.0,0.0,293.0,10.0,314.0,10.0,2.5,10.0,6.2,10.0,985.8,10.0,,,89,10,0.1,10,31.0,10,,,0.0,10,20.1,,,10.0,20.9,,,10.0,19.5,10.0,14.9,10,14.0,10.0,134.0,10.0
2008-06-12T02:00+00:00,5805,0.0,0.0,302.0,10.0,308.0,10.0,1.2,10.0,5.2,10.0,985.8,10.0,,,91,10,0.0,10,12.0,10,,,0.0,10,19.8,,,10.0,20.7,,,10.0,19.5,10.0,14.5,10,13.6,10.0,208.0,10.0
2008-06-12T03:00+00:00,5805,1.0,0.0,309.0,10.0,323.0,10.0,0.8,10.0,3.0,10.0,985.9,10.0,,,89,10,0.0,10,0.0,10,,,0.0,10,19.7,,,10.0,20.6,,,10.0,19.5,10.0,14.5,10,13.4,10.0,332.0,10.0
2008-06-12T04:00+00:00,5805,13.0,0.0,325.0,10.0,306.0,10.0,0.5,10.0,3.3,10.0,986.3,10.0,,,87,10,0.0,10,0.0,10,,,0.0,10,19.5,,,10.0,20.5,,,10.0,19.5,10.0,14.8,10,13.3,10.0,458.0,10.0
2008-06-12T05:00+00:00,5805,44.0,0.0,300.0,10.0,316.0,10.0,0.9,10.0,4.0,10.0,986.7,10.0,,,83,10,0.0,10,0.0,10,,,0.0,10,19.5,,,10.0,20.4,,,10.0,19.5,10.0,14.8,10,13.7,10.0,509.0,10.0
2008-06-12T06:00+00:00,5805,96.0,0.0,290.0,10.0,292.0,10.0,2.1,10.0,5.0,10.0,987.1,10.0,,,80,10,0.0,10,0.0,10,,,0.0,10,19.4,,,10.0,20.3,,,10.0,19.5,10.0,14.5,10,14.8,10.0,628.0,10.0
2008-06-12T07:00+00:00,5805,225.0,0.0,298.0,10.0,283.0,10.0,1.7,10.0,5.4,10.0,986.9,10.0,,,69,10,0.0,10,0.0,10,,,0.3,10,19.5,,,10.0,20.2,,,10.0,19.5,10.0,15.9,10,14.8,10.0,704.0,10.0
2008-06-12T08:00+00:00,5805,629.0,0.0,305.0,10.0,269.0,10.0,1.8,10.0,5.8,10.0,986.8,10.0,,,63,10,0.0,10,0.0,10,,,0.9,10,19.9,,,10.0,20.1,,,10.0,19.4,10.0,17.2,10,19.8,10.0,833.0,10.0
2008-06-12T09:00+00:00,5805,633.0,0.0,301.0,10.0,345.0,10.0,1.7,10.0,5.8,10.0,986.6,10.0,,,52,10,0.0,10,0.0,10,,,0.8,10,20.4,,,10.0,20.2,,,10.0,19.4,10.0,18.5,10,24.3,10.0,951.0,10.0
2008-06-12T10:00+00:00,5805,844.0,0.0,304.0,10.0,267.0,10.0,2.1,10.0,6.7,10.0,986.3,10.0,,,49,10,0.0,10,0.0,10,,,1.0,10,20.9,,,10.0,20.2,,,10.0,19.4,10.0,19.3,10,25.9,10.0,1045.0,10.0
2008-06-12T11:00+00:00,5805,850.0,0.0,311.0,10.0,320.0,10.0,1.8,10.0,5.9,10.0,985.7,10.0,,,48,10,0.0,10,0.0,10,,,0.9,10,21.5,,,10.0,20.4,,,10.0,19.4,10.0,20.4,10,26.5,10.0,1156.0,10.0
2008-06-12T12:00+00:00,5805,447.0,0.0,326.0,10.0,342.0,10.0,1.3,10.0,6.1,10.0,985.4,10.0,,,48,10,0.0,10,0.0,10,,,0.4,10,21.7,,,10.0,20.6,,,10.0,19.4,10.0,19.5,10,21.5,10.0,1210.0,10.0
2008-06-12T13:00+00:00,5805,654.0,0.0,300.0,10.0,290.0,10.0,1.6,10.0,5.4,10.0,984.6,10.0,,,47,10,0.0,10,0.0,10,,,0.6,10,22.1,,,10.0,20.9,,,10.0,19.4,10.0,20.1,10,26.4,10.0,1319.0,10.0
2008-06-12T14:00+00:00,5805,370.0,0.0,311.0,10.0,291.0,10.0,1.3,10.0,4.6,10.0,984.3,10.0,,,50,10,0.0,10,0.0,10,,,0.2,10,22.1,,,10.0,21.1,,,10.0,19.3,10.0,19.4,10,22.6,10.0,1402.0,10.0
2008-06-12T15:00+00:00,5805,319.0,0.0,287.0,10.0,287.0,10.0,2.1,10.0,6.0,10.0,983.8,10.0,,,52,10,0.0,10,0.0,10,,,0.2,10,22.1,,,10.0,21.2,,,10.0,19.3,10.0,19.4,10,22.6,10.0,1528.0,10.0
2008-06-12T16:00+00:00,5805,391.0,0.0,297.0,10.0,259.0,10.0,1.3,10.0,4.2,10.0,983.3,10.0,,,49,10,0.0,10,0.0,10,,,0.8,10,22.2,,,10.0,21.3,,,10.0,19.3,10.0,20.0,10,23.7,10.0,1603.0,10.0
2008-06-12T17:00+00:00,5805,249.0,0.0,314.0,10.0,309.0,10.0,0.7,10.0,3.4,10.0,983.1,10.0,,,52,10,0.0,10,0.0,10,,,1.0,10,22.0,,,10.0,21.3,,,10.0,19.4,10.0,19.8,10,22.5,10.0,1723.0,10.0
2008-06-12T18:00+00:00,5805,146.0,0.0,303.0,10.0,283.0,10.0,0.6,10.0,2.3,10.0,983.0,10.0,,,60,10,0.0,10,0.0,10,,,1.0,10,21.6,,,10.0,21.4,,,10.0,19.4,10.0,17.9,10,17.2,10.0,1805.0,10.0
2008-06-12T19:00+00:00,5805,36.0,0.0,314.0,10.0,305.0,10.0,0.6,10.0,2.3,10.0,983.0,10.0,,,74,10,0.0,10,0.0,10,,,0.3,10,21.2,,,10.0,21.3,,,10.0,19.4,10.0,16.3,10,14.9,10.0,1927.0,10.0
2008-06-12T20:00+00:00,5805,0.0,0.0,329.0,10.0,18.0,10.0,0.2,10.0,1.1,10.0,983.4,10.0,,,85,10,0.0,10,0.0,10,,,0.0,10,20.7,,,10.0,21.2,,,10.0,19.4,10.0,14.1,10,11.2,10.0,2027.0,10.0
2008-06-12T21:00+00:00,5805,0.0,0.0,319.0,10.0,318.0,10.0,0.4,10.0,1.9,10.0,983.3,10.0,,,86,10,0.0,10,0.0,10,,,0.0,10,20.2,,,10.0,21.1,,,10.0,19.4,10.0,13.3,10,11.1,10.0,2144.0,10.0
2008-06-12T22:00+00:00,5805,0.0,0.0,346.0,10.0,304.0,10.0,0.4,10.0,1.8,10.0,983.1,10.0,,,91,10,0.0,10,0.0,10,,,0.0,10,19.8,,,10.0,20.9,,,10.0,19.4,10.0,12.1,10,9.7,10.0,2214.0,10.0
2008-06-12T23:00+00:00,5805,0.0,0.0,17.0,10.0,302.0,10.0,0.4,10.0,1.4,10.0,982.7,10.0,,,93,10,0.0,10,0.0,10,,,0.0,10,19.4,,,10.0,20.8,,,10.0,19.5,10.0,11.4,10,9.2,10.0,2308.0,10.0
2008-06-13T00:00+00:00,5805,0.0,0.0,22.0,10.0,327.0,10.0,0.3,10.0,1.3,10.0,982.2,10.0,,,92,10,0.0,10,0.0,10,,,0.0,10,19.2,,,10.0,20.6,,,10.0,19.5,10.0,11.7,10,10.1,10.0,34.0,10.0
2008-06-13T01:00+00:00,5805,0.0,0.0,15.0,10.0,27.0,10.0,0.5,10.0,1.5,10.0,981.8,10.0,,,93,10,0.0,10,0.0,10,,,0.0,10,19.0,,,10.0,20.4,,,10.0,19.5,10.0,11.5,10,10.1,10.0,119.0,10.0
2008-06-13T02:00+00:00,5805,0.0,0.0,13.0,10.0,308.0,10.0,0.3,10.0,1.2,10.0,981.5,10.0,,,94,10,0.0,10,0.0,10,,,0.0,10,18.7,,,10.0,20.2,,,10.0,19.5,10.0,10.5,10,7.7,10.0,222.0,10.0
2008-06-13T03:00+00:00,5805,0.0,0.0,13.0,10.0,325.0,10.0,0.3,10.0,1.3,10.0,981.2,10.0,,,94,10,0.0,10,0.0,10,,,0.0,10,18.4,,,10.0,20.0,,,10.0,19.5,10.0,9.9,10,7.0,10.0,358.0,10.0
2008-06-13T04:00+00:00,5805,39.0,0.0,352.0,10.0,4.0,10.0,0.2,10.0,1.4,10.0,981.4,10.0,,,94,10,0.0,10,0.0,10,,,0.5,10,18.1,,,10.0,19.8,,,10.0,19.4,10.0,10.3,10,7.4,10.0,405.0,10.0
2008-06-13T05:00+00:00,5805,138.0,0.0,311.0,10.0,299.0,10.0,0.7,10.0,6.0,10.0,982.0,10.0,,,85,10,0.0,10,0.0,10,,,0.8,10,18.1,,,10.0,19.7,,,10.0,19.4,10.0,12.7,10,9.2,10.0,558.0,10.0
2008-06-13T06:00+00:00,5805,180.0,0.0,292.0,10.0,282.0,10.0,3.6,10.0,10.2,10.0,982.6,10.0,,,79,10,0.0,10,0.0,10,,,0.1,10,18.3,,,10.0,19.5,,,10.0,19.4,10.0,14.8,10,13.0,10.0,653.0,10.0
2008-06-13T07:00+00:00,5805,111.0,0.0,287.0,10.0,294.0,10.0,4.8,10.0,10.6,10.0,983.5,10.0,,,85,10,0.0,10,33.0,10,,,0.0,10,18.4,,,10.0,19.4,,,10.0,19.4,10.0,13.0,10,12.9,10.0,733.0,10.0
2008-06-13T08:00+00:00,5805,142.0,0.0,294.0,10.0,294.0,10.0,3.5,10.0,11.2,10.0,983.8,10.0,,,83,10,0.0,10,31.0,10,,,0.0,10,18.3,,,10.0,19.4,,,10.0,19.3,10.0,13.6,10,12.3,10.0,859.0,10.0
2008-06-13T09:00+00:00,5805,458.0,0.0,286.0,10.0,286.0,10.0,5.9,10.0,13.9,10.0,983.8,10.0,,,71,10,0.0,10,0.0,10,,,0.1,10,18.6,,,10.0,19.4,,,10.0,19.3,10.0,15.0,10,15.3,10.0,913.0,10.0
2008-06-13T10:00+00:00,5805,301.0,0.0,290.0,10.0,302.0,10.0,6.4,10.0,13.7,10.0,984.4,10.0,,,65,10,0.0,10,0.0,10,,,0.0,10,18.8,,,10.0,19.3,,,10.0,19.3,10.0,14.2,10,15.7,10.0,1002.0,10.0
2008-06-13T11:00+00:00,5805,173.0,0.0,291.0,10.0,286.0,10.0,6.4,10.0,15.4,10.0,984.6,10.0,,,64,10,0.0,10,0.0,10,,,0.0,10,18.7,,,10.0,19.4,,,10.0,19.2,10.0,14.0,10,15.2,10.0,1141.0,10.0
2008-06-13T12:00+00:00,5805,299.0,0.0,292.0,10.0,303.0,10.0,6.3,10.0,17.3,10.0,984.9,10.0,,,62,10,0.0,10,0.0,10,,,0.0,10,18.7,,,10.0,19.4,,,10.0,19.2,10.0,14.4,10,16.5,10.0,1243.0,10.0
2008-06-13T13:00+00:00,5805,241.0,0.0,292.0,10.0,283.0,10.0,6.0,10.0,14.1,10.0,985.4,10.0,,,62,10,0.0,10,0.0,10,,,0.0,10,18.6,,,10.0,19.4,,,10.0,19.2,10.0,13.6,10,15.2,10.0,1307.0,10.0
2008-06-13T14:00+00:00,5805,187.0,0.0,293.0,10.0,301.0,10.0,4.9,10.0,11.7,10.0,985.8,10.0,,,62,10,0.0,10,0.0,10,,,0.0,10,18.5,,,10.0,19.3,,,10.0,19.1,10.0,13.4,10,15.1,10.0,1416.0,10.0
2008-06-13T15:00+00:00,5805,162.0,0.0,294.0,10.0,294.0,10.0,5.2,10.0,11.5,10.0,985.8,10.0,,,62,10,0.0,10,0.0,10,,,0.0,10,18.4,,,10.0,19.3,,,10.0,19.1,10.0,13.6,10,14.7,10.0,1501.0,10.0
2008-06-13T16:00+00:00,5805,142.0,0.0,296.0,10.0,305.0,10.0,3.7,10.0,9.7,10.0,985.8,10.0,,,65,10,0.0,10,0.0,10,,,0.0,10,18.3,,,10.0,19.3,,,10.0,19.1,10.0,13.4,10,14.2,10.0,1625.0,10.0
2008-06-13T17:00+00:00,5805,119.0,0.0,295.0,10.0,284.0,10.0,3.4,10.0,8.9,10.0,986.2,10.0,,,65,10,0.0,10,0.0,10,,,0.0,10,18.3,,,10.0,19.2,,,10.0,19.1,10.0,13.6,10,14.1,10.0,1746.0,10.0
2008-06-13T18:00+00:00,5805,50.0,0.0,296.0,10.0,315.0,10.0,2.8,10.0,6.5,10.0,986.6,10.0,,,67,10,0.0,10,0.0,10,,,0.0,10,18.1,,,10.0,19.2,,,10.0,19.0,10.0,13.0,10,12.8,10.0,1802.0,10.0
2008-06-13T19:00+00:00,5805,36.0,0.0,293.0,10.0,289.0,10.0,2.8,10.0,7.3,10.0,986.8,10.0,,,68,10,0.0,10,0.0,10,,,0.3,10,17.9,,,10.0,19.1,,,10.0,19.0,10.0,12.6,10,11.0,10.0,1943.0,10.0
2008-06-13T20:00+00:00,5805,1.0,0.0,294.0,10.0,290.0,10.0,2.4,10.0,5.4,10.0,987.3,10.0,,,71,10,0.0,10,0.0,10,,,0.0,10,17.7,,,10.0,19.0,,,10.0,19.0,10.0,12.0,10,9.7,10.0,2029.0,10.0
2008-06-13T21:00+00:00,5805,0.0,0.0,296.0,10.0,303.0,10.0,2.0,10.0,5.4,10.0,987.6,10.0,,,72,10,0.0,10,0.0,10,,,0.0,10,17.4,,,10.0,18.9,,,10.0,19.0,10.0,11.6,10,8.5,10.0,2123.0,10.0
2008-06-13T22:00+00:00,5805,0.0,0.0,299.0,10.0,296.0,10.0,2.1,10.0,5.4,10.0,987.8,10.0,,,73,10,0.0,10,0.0,10,,,0.0,10,17.1,,,10.0,18.8,,,10.0,18.9,10.0,11.0,10,8.3,10.0,2217.0,10.0
2008-06-13T23:00+00:00,5805,0.0,0.0,320.0,10.0,325.0,10.0,0.9,10.0,3.3,10.0,987.8,10.0,,,76,10,0.0,10,0.0,10,,,0.0,10,16.9,,,10.0,18.7,,,10.0,18.9,10.0,10.3,10,6.5,10.0,2301.0,10.0
2008-06-14T00:00+00:00,5805,0.0,0.0,353.0,10.0,360.0,10.0,0.8,10.0,2.3,10.0,987.8,10.0,,,83,10,0.0,10,0.0,10,,,0.0,10,16.6,,,10.0,18.5,,,10.0,18.9,10.0,9.4,10,5.4,10.0,4.0,10.0
2008-06-14T01:00+00:00,5805,0.0,0.0,313.0,10.0,342.0,10.0,0.6,10.0,2.6,10.0,987.8,10.0,,,88,10,0.0,10,0.0,10,,,0.0,10,16.3,,,10.0,18.4,,,10.0,18.8,10.0,8.5,10,4.8,10.0,129.0,10.0
2008-06-14T02:00+00:00,5805,0.0,0.0,336.0,10.0,2.0,10.0,1.0,10.0,2.3,10.0,988.0,10.0,,,89,10,0.0,10,0.0,10,,,0.0,10,16.1,,,10.0,18.2,,,10.0,18.8,10.0,8.1,10,4.1,10.0,232.0,10.0
2008-06-14T03:00+00:00,5805,2.0,0.0,320.0,10.0,296.0,10.0,0.9,10.0,2.7,10.0,987.8,10.0,,,92,10,0.0,10,0.0,10,,,0.0,10,15.9,,,10.0,18.0,,,10.0,18.8,10.0,7.8,10,3.9,10.0,339.0,10.0
2008-06-14T04:00+00:00,5805,41.0,0.0,304.0,10.0,303.0,10.0,0.9,10.0,2.8,10.0,988.1,10.0,,,89,10,0.0,10,0.0,10,,,0.4,10,15.8,,,10.0,17.9,,,10.0,18.7,10.0,8.8,10,4.9,10.0,422.0,10.0
2008-06-14T05:00+00:00,5805,108.0,0.0,319.0,10.0,302.0,10.0,0.8,10.0,2.7,10.0,988.2,10.0,,,83,10,0.0,10,0.0,10,,,0.9,10,15.8,,,10.0,17.7,,,10.0,18.7,10.0,10.7,10,7.1,10.0,520.0,10.0
2008-06-14T06:00+00:00,5805,329.0,0.0,305.0,10.0,282.0,10.0,1.4,10.0,6.3,10.0,988.1,10.0,,,65,10,0.0,10,0.0,10,,,1.0,10,16.3,,,10.0,17.6,,,10.0,18.7,10.0,13.7,10,11.9,10.0,646.0,10.0
2008-06-14T07:00+00:00,5805,519.0,0.0,299.0,10.0,293.0,10.0,2.1,10.0,5.7,10.0,988.1,10.0,,,59,10,0.0,10,0.0,10,,,1.0,10,16.9,,,10.0,17.6,,,10.0,18.6,10.0,14.8,10,21.1,10.0,750.0,10.0
2008-06-14T08:00+00:00,5805,663.0,0.0,312.0,10.0,295.0,10.0,1.9,10.0,5.6,10.0,988.1,10.0,,,58,10,0.0,10,0.0,10,,,1.0,10,17.4,,,10.0,17.6,,,10.0,18.6,10.0,15.7,10,23.1,10.0,807.0,10.0
2008-06-14T09:00+00:00,5805,798.0,0.0,311.0,10.0,304.0,10.0,1.6,10.0,6.7,10.0,987.9,10.0,,,52,10,0.0,10,0.0,10,,,1.0,10,18.0,,,10.0,17.7,,,10.0,18.5,10.0,16.9,10,24.4,10.0,944.0,10.0
2008-06-14T10:00+00:00,5805,784.0,0.0,307.0,10.0,285.0,10.0,1.8,10.0,7.7,10.0,987.8,10.0,,,53,10,0.0,10,0.0,10,,,0.8,10,18.4,,,10.0,17.9,,,10.0,18.4,10.0,16.5,10,22.2,10.0,1028.0,10.0
2008-06-14T11:00+00:00,5805,625.0,0.0,319.0,10.0,296.0,10.0,1.2,10.0,6.0,10.0,987.4,10.0,,,47,10,0.0,10,0.0,10,,,0.5,10,19.0,,,10.0,18.1,,,10.0,18.4,10.0,17.8,10,22.4,10.0,1156.0,10.0
2008-06-14T12:00+00:00,5805,476.0,0.0,312.0,10.0,286.0,10.0,0.9,10.0,5.3,10.0,986.9,10.0,,,46,10,0.0,10,0.0,10,,,0.4,10,19.2,,,10.0,18.4,,,10.0,18.4,10.0,18.1,10,22.2,10.0,1226.0,10.0
2008-06-14T13:00+00:00,5805,413.0,0.0,318.0,10.0,347.0,10.0,0.8,10.0,4.4,10.0,986.6,10.0,,,46,10,0.0,10,0.0,10,,,0.2,10,19.5,,,10.0,18.6,,,10.0,18.3,10.0,18.0,10,23.6,10.0,1321.0,10.0
2008-06-14T14:00+00:00,5805,377.0,0.0,309.0,10.0,295.0,10.0,1.5,10.0,5.1,10.0,986.5,10.0,,,48,10,0.0,10,0.0,10,,,0.2,10,19.6,,,10.0,18.8,,,10.0,18.3,10.0,18.5,10,21.5,10.0,1427.0,10.0
2008-06-14T15:00+00:00,5805,281.0,0.0,308.0,10.0,303.0,10.0,1.1,10.0,3.8,10.0,986.2,10.0,,,45,10,0.0,10,0.0,10,,,0.2,10,19.6,,,10.0,18.9,,,10.0,18.3,10.0,18.2,10,21.2,10.0,1533.0,10.0
2008-06-14T16:00+00:00,5805,188.0,0.0,303.0,10.0,293.0,10.0,0.8,10.0,2.8,10.0,986.2,10.0,,,54,10,0.0,10,0.0,10,,,0.1,10,19.4,,,10.0,19.0,,,10.0,18.3,10.0,17.3,10,19.4,10.0,1636.0,10.0
2008-06-14T17:00+00:00,5805,138.0,0.0,302.0,10.0,329.0,10.0,1.0,10.0,2.9,10.0,986.3,10.0,,,55,10,0.0,10,0.0,10,,,0.0,10,19.3,,,10.0,19.1,,,10.0,18.3,10.0,17.0,10,18.1,10.0,1753.0,10.0
2008-06-14T18:00+00:00,5805,58.0,0.0,300.0,10.0,281.0,10.0,0.6,10.0,2.0,10.0,986.4,10.0,,,66,10,0.0,10,0.0,10,,,0.0,10,19.1,,,10.0,19.1,,,10.0,18.3,10.0,15.9,10,15.7,10.0,1900.0,10.0
2008-06-14T19:00+00:00,5805,11.0,0.0,316.0,10.0,316.0,10.0,0.6,10.0,2.6,10.0,986.6,10.0,,,69,10,0.0,10,0.0,10,,,0.0,10,18.8,,,10.0,19.1,,,10.0,18.3,10.0,15.0,10,13.4,10.0,1905.0,10.0
2008-06-14T20:00+00:00,5805,0.0,0.0,304.0,10.0,329.0,10.0,0.9,10.0,2.6,10.0,986.7,10.0,,,75,10,0.0,10,0.0,10,,,0.0,10,18.5,,,10.0,19.1,,,10.0,18.3,10.0,14.0,10,12.6,10.0,2021.0,10.0
2008-06-14T21:00+00:00,5805,0.0,0.0,293.0,10.0,300.0,10.0,0.9,10.0,2.9,10.0,986.7,10.0,,,75,10,0.0,10,0.0,10,,,0.0,10,18.2,,,10.0,19.0,,,10.0,18.3,10.0,13.5,10,11.2,10.0,2111.0,10.0
2008-06-14T22:00+00:00,5805,0.0,0.0,319.0,10.0,322.0,10.0,0.7,10.0,2.8,10.0,986.7,10.0,,,77,10,0.0,10,0.0,10,,,0.0,10,17.9,,,10.0,18.9,,,10.0,18.3,10.0,13.0,10,10.2,10.0,2252.0,10.0
2008-06-14T23:00+00:00,5805,0.0,0.0,344.0,10.0,319.0,10.0,0.2,10.0,2.2,10.0,986.9,10.0,,,78,10,0.0,10,0.0,10,,,0.0,10,17.7,,,10.0,18.8,,,10.0,18.3,10.0,12.8,10,10.4,10.0,2303.0,10.0
2008-06-15T00:00+00:00,5805,0.0,0.0,332.0,10.0,270.0,10.0,0.6,10.0,3.3,10.0,986.7,10.0,,,77,10,0.0,10,0.0,10,,,0.0,10,17.6,,,10.0,18.7,,,10.0,18.3,10.0,12.7,10,10.9,10.0,44.0,10.0
2008-06-15T01:00+00:00,5805,0.0,0.0,307.0,10.0,307.0,10.0,0.9,10.0,3.3,10.0,986.6,10.0,,,76,10,0.0,10,0.0,10,,,0.0,10,17.4,,,10.0,18.6,,,10.0,18.3,10.0,12.6,10,10.8,10.0,107.0,10.0
2008-06-15T02:00+00:00,5805,0.0,0.0,308.0,10.0,344.0,10.0,0.6,10.0,2.3,10.0,986.4,10.0,,,81,10,0.0,10,10.0,10,,,0.0,10,17.3,,,10.0,18.4,,,10.0,18.3,10.0,12.1,10,10.7,10.0,255.0,10.0
2008-06-15T03:00+00:00,5805,0.0,0.0,294.0,10.0,293.0,10.0,1.3,10.0,4.0,10.0,986.7,10.0,,,84,10,0.0,10,24.0,10,,,0.0,10,17.1,,,10.0,18.3,,,10.0,18.3,10.0,11.9,10,10.5,10.0,350.0,10.0
2008-06-15T04:00+00:00,5805,5.0,0.0,302.0,10.0,299.0,10.0,1.2,10.0,4.7,10.0,986.9,10.0,,,92,10,0.0,10,42.0,10,,,0.0,10,17.0,,,10.0,18.2,,,10.0,18.3,10.0,11.1,10,10.5,10.0,401.0,10.0
2008-06-15T05:00+00:00,5805,35.0,0.0,279.0,10.0,245.0,10.0,0.9,10.0,3.0,10.0,986.8,10.0,,,91,10,0.0,10,45.0,10,,,0.0,10,16.9,,,10.0,18.1,,,10.0,18.3,10.0,11.5,10,10.6,10.0,542.0,10.0
2008-06-15T06:00+00:00,5805,207.0,0.0,289.0,10.0,303.0,10.0,0.9,10.0,2.5,10.0,986.6,10.0,,,87,10,0.0,10,0.0,10,,,0.6,10,17.1,,,10.0,18.1,,,10.0,18.3,10.0,13.1,10,12.0,10.0,616.0,10.0
2008-06-15T07:00+00:00,5805,492.0,0.0,292.0,10.0,298.0,10.0,1.3,10.0,4.0,10.0,986.8,10.0,,,70,10,0.0,10,0.0,10,,,1.0,10,17.6,,,10.0,18.0,,,10.0,18.2,10.0,15.7,10,17.4,10.0,727.0,10.0
2008-06-15T08:00+00:00,5805,658.0,0.0,310.0,10.0,289.0,10.0,1.0,10.0,4.0,10.0,986.5,10.0,,,57,10,0.0,10,0.0,10,,,1.0,10,18.3,,,10.0,18.0,,,10.0,18.2,10.0,16.7,10,23.6,10.0,811.0,10.0
2008-06-15T09:00+00:00,5805,766.0,0.0,310.0,10.0,293.0,10.0,0.5,10.0,4.2,10.0,986.2,10.0,,,55,10,0.0,10,0.0,10,,,0.9,10,18.9,,,10.0,18.1,,,10.0,18.2,10.0,18.3,10,26.3,10.0,956.0,10.0
2008-06-15T10:00+00:00,5805,726.0,0.0,299.0,10.0,2.0,10.0,0.1,10.0,4.0,10.0,985.7,10.0,,,51,10,0.0,10,0.0,10,,,0.7,10,19.4,,,10.0,18.3,,,10.0,18.1,10.0,17.6,10,23.4,10.0,1049.0,10.0
2008-06-15T11:00+00:00,5805,810.0,0.0,212.0,10.0,151.0,10.0,0.3,10.0,3.2,10.0,985.2,10.0,,,46,10,0.0,10,0.0,10,,,0.8,10,19.9,,,10.0,18.6,,,10.0,18.1,10.0,18.6,10,22.9,10.0,1151.0,10.0
2008-06-15T12:00+00:00,5805,615.0,0.0,258.0,10.0,256.0,10.0,0.6,10.0,3.6,10.0,984.8,10.0,,,46,10,0.0,10,0.0,10,,,0.5,10,20.4,,,10.0,18.8,,,10.0,18.1,10.0,18.5,10,23.1,10.0,1233.0,10.0
2008-06-15T13:00+00:00,5805,155.0,0.0,297.0,10.0,297.0,10.0,1.3,10.0,5.3,10.0,984.8,10.0,,,58,10,0.0,10,0.0,10,,,0.0,10,20.1,,,10.0,19.1,,,10.0,18.1,10.0,17.3,10,18.5,10.0,1333.0,10.0
2008-06-15T14:00+00:00,5805,488.0,0.0,159.0,10.0,129.0,10.0,0.5,10.0,5.6,10.0,984.5,10.0,,,52,10,0.0,10,0.0,10,,,0.5,10,20.3,,,10.0,19.3,,,10.0,18.1,10.0,17.6,10,20.4,10.0,1441.0,10.0
2008-06-15T15:00+00:00,5805,532.0,0.0,127.0,10.0,131.0,10.0,2.1,10.0,6.7,10.0,983.8,10.0,,,48,10,0.0,10,0.0,10,,,1.0,10,20.4,,,10.0,19.4,,,10.0,18.1,10.0,18.5,10,26.8,10.0,1515.0,10.0
2008-06-15T16:00+00:00,5805,289.0,0.0,160.0,10.0,162.0,10.0,0.9,10.0,2.9,10.0,983.5,10.0,,,49,10,0.0,10,0.0,10,,,0.5,10,20.3,,,10.0,19.5,,,10.0,18.1,10.0,18.3,10,22.2,10.0,1609.0,10.0
2008-06-15T17:00+00:00,5805,139.0,0.0,149.0,10.0,144.0,10.0,0.6,10.0,2.1,10.0,983.4,10.0,,,52,10,0.0,10,0.0,10,,,0.0,10,20.1,,,10.0,19.5,,,10.0,18.1,10.0,17.8,10,19.3,10.0,1747.0,10.0
2008-06-15T18:00+00:00,5805,59.0,0.0,153.0,10.0,125.0,10.0,0.5,10.0,2.1,10.0,983.6,10.0,,,57,10,0.0,10,0.0,10,,,0.0,10,19.8,,,10.0,19.6,,,10.0,18.1,10.0,17.0,10,16.4,10.0,1847.0,10.0
2008-06-15T19:00+00:00,5805,14.0,0.0,133.0,10.0,132.0,10.0,1.0,10.0,4.1,10.0,983.5,10.0,,,59,10,0.0,10,0.0,10,,,0.0,10,19.4,,,10.0,19.5,,,10.0,18.1,10.0,15.9,10,13.8,10.0,1946.0,10.0
2008-06-15T20:00+00:00,5805,0.0,0.0,0.0,10.0,126.0,10.0,0.0,10.0,2.9,10.0,983.8,10.0,,,80,10,0.0,10,0.0,10,,,0.0,10,19.0,,,10.0,19.5,,,10.0,18.2,10.0,13.4,10,10.2,10.0,2002.0,10.0
2008-06-15T21:00+00:00,5805,0.0,0.0,0.0,10.0,299.0,10.0,0.0,10.0,0.8,10.0,983.7,10.0,,,89,10,0.0,10,0.0,10,,,0.0,10,18.5,,,10.0,19.4,,,10.0,18.2,10.0,11.9,10,9.0,10.0,2127.0,10.0
2008-06-15T22:00+00:00,5805,0.0,0.0,290.0,10.0,289.0,10.0,0.1,10.0,0.8,10.0,983.4,10.0,,,92,10,0.0,10,0.0,10,,,0.0,10,18.0,,,10.0,19.2,,,10.0,18.2,10.0,10.5,10,7.1,10.0,2201.0,10.0
2008-06-15T23:00+00:00,5805,0.0,0.0,308.0,10.0,312.0,10.0,0.1,10.0,1.2,10.0,983.3,10.0,,,94,10,0.0,10,0.0,10,,,0.0,10,17.6,,,10.0,19.0,,,10.0,18.2,10.0,10.3,10,6.9,10.0,2316.0,10.0
2008-06-16T00:00+00:00,5805,0.0,0.0,285.0,10.0,289.0,10.0,0.1,10.0,1.0,10.0,983.2,10.0,,,94,10,0.0,10,0.0,10,,,0.0,10,17.3,,,10.0,18.8,,,10.0,18.3,10.0,9.8,10,6.5,10.0,24.0,10.0
2008-06-16T01:00+00:00,5805,0.0,0.0,14.0,10.0,301.0,10.0,0.1,10.0,0.6,10.0,983.1,10.0,,,95,10,0.0,10,0.0,10,,,0.0,10,17.0,,,10.0,18.7,,,10.0,18.3,10.0,9.5,10,6.4,10.0,144.0,10.0
2008-06-16T02:00+00:00,5805,0.0,0.0,324.0,10.0,281.0,10.0,0.2,10.0,1.2,10.0,983.4,10.0,,,95,10,0.0,10,0.0,10,,,0.0,10,16.8,,,10.0,18.5,,,10.0,18.3,10.0,9.3,10,6.2,10.0,229.0,10.0
2008-06-16T03:00+00:00,5805,1.0,0.0,11.0,10.0,298.0,10.0,0.1,10.0,1.2,10.0,983.4,10.0,,,95,10,0.0,10,0.0,10,,,0.0,10,16.5,,,10.0,18.3,,,10.0,18.3,10.0,8.6,10,5.6,10.0,310.0,10.0
2008-06-16T04:00+00:00,5805,43.0,0.0,81.0,10.0,114.0,10.0,0.3,10.0,1.3,10.0,983.5,10.0,,,95,10,0.0,10,0.0,10,,,0.5,10,16.3,,,10.0,18.1,,,10.0,18.2,10.0,9.5,10,5.6,10.0,432.0,10.0
2008-06-16T05:00+00:00,5805,181.0,0.0,115.0,10.0,107.0,10.0,0.1,10.0,1.0,10.0,983.6,10.0,,,76,10,0.0,10,0.0,10,,,1.0,10,16.5,,,10.0,18.0,,,10.0,18.2,10.0,13.9,10,8.2,10.0,558.0,10.0
2008-06-16T06:00+00:00,5805,287.0,0.0,285.0,10.0,287.0,10.0,0.5,10.0,3.4,10.0,983.7,10.0,,,63,10,0.0,10,0.0,10,,,0.9,10,17.0,,,10.0,17.9,,,10.0,18.2,10.0,15.8,10,17.2,10.0,653.0,10.0
2008-06-16T07:00+00:00,5805,423.0,0.0,277.0,10.0,267.0,10.0,0.5,10.0,2.7,10.0,983.7,10.0,,,61,10,0.0,10,0.0,10,,,1.0,10,17.6,,,10.0,17.9,,,10.0,18.2,10.0,16.6,10,22.0,10.0,751.0,10.0
2008-06-16T08:00+00:00,5805,554.0,0.0,284.0,10.0,294.0,10.0,0.5,10.0,3.1,10.0,983.6,10.0,,,56,10,0.0,10,0.0,10,,,1.0,10,18.2,,,10.0,17.9,,,10.0,18.1,10.0,17.9,10,25.8,10.0,816.0,10.0
2008-06-16T09:00+00:00,5805,686.0,0.0,132.0,10.0,164.0,10.0,1.0,10.0,3.5,10.0,983.4,10.0,,,53,10,0.0,10,0.0,10,,,0.9,10,18.9,,,10.0,18.0,,,10.0,18.1,10.0,18.8,10,29.3,10.0,908.0,10.0
2008-06-16T10:00+00:00,5805,608.0,0.0,222.0,10.0,133.0,10.0,0.4,10.0,4.5,10.0,983.4,10.0,,,52,10,0.0,10,0.0,10,,,0.5,10,19.5,,,10.0,18.2,,,10.0,18.1,10.0,19.7,10,26.9,10.0,1031.0,10.0
2008-06-16T11:00+00:00,5805,492.0,0.0,147.0,10.0,155.0,10.0,0.9,10.0,4.1,10.0,983.1,10.0,,,52,10,0.0,10,0.0,10,,,0.3,10,19.7,,,10.0,18.4,,,10.0,18.0,10.0,19.8,10,25.8,10.0,1110.0,10.0
2008-06-16T12:00+00:00,5805,690.0,0.0,135.0,10.0,150.0,10.0,1.0,10.0,4.1,10.0,982.7,10.0,,,48,10,0.0,10,0.0,10,,,0.7,10,20.2,,,10.0,18.7,,,10.0,18.0,10.0,21.6,10,28.7,10.0,1240.0,10.0
2008-06-16T13:00+00:00,5805,594.0,0.0,168.0,10.0,158.0,10.0,1.0,10.0,5.4,10.0,982.3,10.0,,,51,10,0.0,10,0.0,10,,,0.6,10,20.6,,,10.0,18.9,,,10.0,18.0,10.0,21.1,10,29.0,10.0,1313.0,10.0
2008-06-16T14:00+00:00,5805,498.0,0.0,156.0,10.0,115.0,10.0,1.3,10.0,4.7,10.0,982.2,10.0,,,49,10,0.0,10,0.0,10,,,0.7,10,20.9,,,10.0,19.1,,,10.0,18.0,10.0,21.5,10,28.4,10.0,1457.0,10.0
2008-06-16T15:00+00:00,5805,317.0,0.0,152.0,10.0,99.0,10.0,1.0,10.0,3.7,10.0,981.9,10.0,,,49,10,0.0,10,0.0,10,,,0.1,10,20.9,,,10.0,19.4,,,10.0,18.0,10.0,21.5,10,26.1,10.0,1600.0,10.0
2008-06-16T16:00+00:00,5805,255.0,0.0,145.0,10.0,129.0,10.0,1.4,10.0,3.9,10.0,981.8,10.0,,,48,10,0.0,10,0.0,10,,,0.2,10,20.8,,,10.0,19.5,,,10.0,18.0,10.0,21.5,10,24.2,10.0,1624.0,10.0
2008-06-16T17:00+00:00,5805,219.0,0.0,135.0,10.0,152.0,10.0,1.0,10.0,3.3,10.0,981.5,10.0,,,49,10,0.0,10,0.0,10,,,0.7,10,20.6,,,10.0,19.6,,,10.0,18.0,10.0,21.2,10,22.9,10.0,1800.0,10.0
2008-06-16T18:00+00:00,5805,119.0,0.0,171.0,10.0,112.0,10.0,0.3,10.0,2.0,10.0,981.5,10.0,,,65,10,0.0,10,0.0,10,,,0.9,10,20.3,,,10.0,19.7,,,10.0,18.0,10.0,19.5,10,17.6,10.0,1805.0,10.0
2008-06-16T19:00+00:00,5805,27.0,0.0,298.0,10.0,305.0,10.0,0.5,10.0,2.1,10.0,981.8,10.0,,,79,10,0.0,10,0.0,10,,,0.4,10,19.8,,,10.0,19.7,,,10.0,18.0,10.0,16.7,10,13.8,10.0,1913.0,10.0
2008-06-16T20:00+00:00,5805,0.0,0.0,291.0,10.0,298.0,10.0,0.3,10.0,1.4,10.0,982.5,10.0,,,85,10,0.0,10,0.0,10,,,0.0,10,19.3,,,10.0,19.6,,,10.0,18.1,10.0,15.1,10,11.7,10.0,2001.0,10.0
2008-06-16T21:00+00:00,5805,0.0,0.0,306.0,10.0,303.0,10.0,0.3,10.0,1.7,10.0,982.6,10.0,,,90,10,0.0,10,0.0,10,,,0.0,10,18.9,,,10.0,19.5,,,10.0,18.1,10.0,13.9,10,10.4,10.0,2141.0,10.0
2008-06-16T22:00+00:00,5805,0.0,0.0,309.0,10.0,322.0,10.0,0.8,10.0,2.0,10.0,982.9,10.0,,,91,10,0.0,10,0.0,10,,,0.0,10,18.5,,,10.0,19.4,,,10.0,18.1,10.0,13.8,10,10.2,10.0,2216.0,10.0
2008-06-16T23:00+00:00,5805,0.0,0.0,307.0,10.0,286.0,10.0,0.5,10.0,3.6,10.0,983.3,10.0,,,90,10,0.0,10,0.0,10,,,0.0,10,18.2,,,10.0,19.2,,,10.0,18.1,10.0,13.6,10,9.9,10.0,2342.0,10.0
2008-06-17T00:00+00:00,5805,0.0,0.0,0.0,10.0,262.0,10.0,0.0,10.0,2.6,10.0,983.5,10.0,,,86,10,0.0,10,0.0,10,,,0.0,10,17.9,,,10.0,19.0,,,10.0,18.1,10.0,13.7,10,9.4,10.0,26.0,10.0
2008-06-17T01:00+00:00,5805,0.0,0.0,299.0,10.0,279.0,10.0,1.1,10.0,3.0,10.0,983.8,10.0,,,87,10,0.0,10,0.0,10,,,0.0,10,17.6,,,10.0,18.9,,,10.0,18.2,10.0,13.3,10,9.1,10.0,134.0,10.0
2008-06-17T02:00+00:00,5805,0.0,0.0,294.0,10.0,292.0,10.0,1.7,10.0,4.3,10.0,984.0,10.0,,,87,10,0.0,10,0.0,10,,,0.0,10,17.4,,,10.0,18.7,,,10.0,18.2,10.0,13.0,10,8.4,10.0,240.0,10.0
2008-06-17T03:00+00:00,5805,0.0,0.0,15.0,10.0,318.0,10.0,0.2,10.0,1.9,10.0,984.3,10.0,,,91,10,0.0,10,0.0,10,,,0.0,10,17.2,,,10.0,18.6,,,10.0,18.2,10.0,12.5,10,8.7,10.0,312.0,10.0
2008-06-17T04:00+00:00,5805,24.0,0.0,41.0,10.0,32.0,10.0,0.1,10.0,1.5,10.0,984.6,10.0,,,90,10,0.0,10,0.0,10,,,0.0,10,17.2,,,10.0,18.4,,,10.0,18.2,10.0,13.1,10,10.5,10.0,500.0,10.0
2008-06-17T05:00+00:00,5805,83.0,0.0,291.0,10.0,299.0,10.0,0.6,10.0,3.3,10.0,985.3,10.0,,,82,10,0.0,10,0.0,10,,,0.0,10,17.3,,,10.0,18.3,,,10.0,18.1,10.0,15.0,10,12.7,10.0,541.0,10.0
2008-06-17T06:00+00:00,5805,95.0,0.0,300.0,10.0,285.0,10.0,1.2,10.0,3.7,10.0,985.8,10.0,,,79,10,0.0,10,0.0,10,,,0.0,10,17.5,,,10.0,18.2,,,10.0,18.1,10.0,15.1,10,14.2,10.0,623.0,10.0
2008-06-17T07:00+00:00,5805,192.0,0.0,297.0,10.0,260.0,10.0,1.2,10.0,3.4,10.0,986.2,10.0,,,74,10,0.0,10,0.0,10,,,0.2,10,17.7,,,10.0,18.2,,,10.0,18.1,10.0,16.0,10,15.9,10.0,746.0,10.0
2008-06-17T08:00+00:00,5805,594.0,0.0,73.0,10.0,77.0,10.0,0.3,10.0,4.1,10.0,986.3,10.0,,,61,10,0.0,10,0.0,10,,,1.0,10,18.4,,,10.0,18.2,,,10.0,18.1,10.0,18.1,10,21.7,10.0,845.0,10.0
2008-06-17T09:00+00:00,5805,406.0,0.0,350.0,10.0,95.0,10.0,0.7,10.0,4.2,10.0,986.3,10.0,,,62,10,0.0,10,0.0,10,,,0.2,10,18.7,,,10.0,18.3,,,10.0,18.1,10.0,18.1,10,23.4,10.0,902.0,10.0
2008-06-17T10:00+00:00,5805,410.0,0.0,355.0,10.0,22.0,10.0,0.3,10.0,3.0,10.0,986.6,10.0,,,59,10,0.0,10,0.0,10,,,0.2,10,19.0,,,10.0,18.4,,,10.0,18.1,10.0,19.1,10,22.4,10.0,1037.0,10.0
2008-06-17T11:00+00:00,5805,416.0,0.0,59.0,10.0,146.0,10.0,0.5,10.0,3.2,10.0,986.4,10.0,,,59,10,0.0,10,0.0,10,,,0.0,10,19.2,,,10.0,18.5,,,10.0,18.0,10.0,19.4,10,25.1,10.0,1158.0,10.0
2008-06-17T12:00+00:00,5805,430.0,0.0,57.0,10.0,86.0,10.0,0.6,10.0,4.0,10.0,986.0,10.0,,,58,10,0.0,10,0.0,10,,,0.2,10,19.5,,,10.0,18.6,,,10.0,18.0,10.0,20.0,10,25.5,10.0,1253.0,10.0
2008-06-17T13:00+00:00,5805,441.0,0.0,96.0,10.0,61.0,10.0,0.6,10.0,4.2,10.0,985.7,10.0,,,57,10,0.0,10,0.0,10,,,0.2,10,19.7,,,10.0,18.8,,,10.0,18.0,10.0,20.0,10,25.3,10.0,1337.0,10.0
2008-06-17T14:00+00:00,5805,243.0,0.0,73.0,10.0,54.0,10.0,1.0,10.0,3.8,10.0,985.8,10.0,,,59,10,0.0,10,0.0,10,,,0.0,10,19.8,,,10.0,18.9,,,10.0,18.0,10.0,20.1,10,22.9,10.0,1419.0,10.0
2008-06-17T15:00+00:00,5805,157.0,0.0,71.0,10.0,74.0,10.0,0.9,10.0,4.0,10.0,985.8,10.0,,,60,10,0.0,10,0.0,10,,,0.0,10,19.7,,,10.0,19.0,,,10.0,18.0,10.0,19.9,10,21.8,10.0,1536.0,10.0
2008-06-17T16:00+00:00,5805,94.0,0.0,58.0,10.0,89.0,10.0,0.9,10.0,3.2,10.0,985.8,10.0,,,61,10,0.0,10,0.0,10,,,0.0,10,19.6,,,10.0,19.1,,,10.0,18.0,10.0,19.9,10,21.0,10.0,1646.0,10.0
2008-06-17T17:00+00:00,5805,35.0,0.0,25.0,10.0,65.0,10.0,0.6,10.0,2.9,10.0,985.9,10.0,,,66,10,0.0,10,0.0,10,,,0.0,10,19.5,,,10.0,19.2,,,10.0,18.0,10.0,19.2,10,19.1,10.0,1704.0,10.0
2008-06-17T18:00+00:00,5805,21.0,0.0,336.0,10.0,299.0,10.0,0.2,10.0,1.4,10.0,985.8,10.0,,,70,10,0.0,10,0.0,10,,,0.0,10,19.3,,,10.0,19.2,,,10.0,18.0,10.0,18.5,10,17.7,10.0,1854.0,10.0
2008-06-17T19:00+00:00,5805,3.0,0.0,271.0,10.0,272.0,10.0,0.6,10.0,1.6,10.0,986.2,10.0,,,78,10,0.0,10,0.0,10,,,0.0,10,19.1,,,10.0,19.2,,,10.0,18.0,10.0,17.7,10,17.0,10.0,1933.0,10.0
2008-06-17T20:00+00:00,5805,0.0,0.0,285.0,10.0,305.0,10.0,0.9,10.0,3.5,10.0,986.9,10.0,,,88,10,1.4,10,30.0,10,,,0.0,10,18.9,,,10.0,19.1,,,10.0,18.0,10.0,16.7,10,15.5,10.0,2043.0,10.0
2008-06-17T21:00+00:00,5805,0.0,0.0,284.0,10.0,257.0,10.0,0.6,10.0,1.8,10.0,986.9,10.0,,,94,10,2.8,10,60.0,10,,,0.0,10,18.7,,,10.0,19.1,,,10.0,18.0,10.0,15.7,10,15.0,10.0,2101.0,10.0
2008-06-17T22:00+00:00,5805,0.0,0.0,297.0,10.0,310.0,10.0,0.7,10.0,2.0,10.0,986.9,10.0,,,94,10,0.2,10,56.0,10,,,0.0,10,18.6,,,10.0,19.0,,,10.0,18.0,10.0,15.4,10,14.8,10.0,2244.0,10.0
2008-06-17T23:00+00:00,5805,0.0,0.0,314.0,10.0,302.0,10.0,0.4,10.0,1.9,10.0,987.0,10.0,,,94,10,0.0,10,0.0,10,,,0.0,10,18.4,,,10.0,18.9,,,10.0,18.1,10.0,15.3,10,14.9,10.0,2304.0,10.0
2008-06-18T00:00+00:00,5805,0.0,0.0,316.0,10.0,300.0,10.0,0.6,10.0,1.9,10.0,987.3,10.0,,,95,10,0.0,10,0.0,10,,,0.0,10,18.3,,,10.0,18.8,,,10.0,18.1,10.0,15.2,10,14.8,10.0,38.0,10.0
2008-06-18T01:00+00:00,5805,0.0,0.0,314.0,10.0,301.0,10.0,0.6,10.0,2.0,10.0,987.3,10.0,,,94,10,0.1,10,12.0,10,,,0.0,10,18.2,,,10.0,18.8,,,10.0,18.1,10.0,15.1,10,14.6,10.0,129.0,10.0
2008-06-18T02:00+00:00,5805,0.0,0.0,300.0,10.0,297.0,10.0,1.0,10.0,3.3,10.0,987.0,10.0,,,94,10,0.0,10,0.0,10,,,0.0,10,18.1,,,10.0,18.7,,,10.0,18.1,10.0,15.0,10,14.3,10.0,226.0,10.0
2008-06-18T03:00+00:00,5805,0.0,0.0,302.0,10.0,283.0,10.0,0.6,10.0,2.3,10.0,987.1,10.0,,,94,10,0.0,10,0.0,10,,,0.0,10,18.0,,,10.0,18.6,,,10.0,18.1,10.0,14.6,10,14.1,10.0,400.0,10.0
2008-06-18T04:00+00:00,5805,11.0,0.0,305.0,10.0,299.0,10.0,0.9,10.0,2.4,10.0,987.8,10.0,,,94,10,0.0,10,0.0,10,,,0.0,10,18.0,,,10.0,18.6,,,10.0,18.1,10.0,14.7,10,14.1,10.0,409.0,10.0
2008-06-18T05:00+00:00,5805,42.0,0.0,338.0,10.0,297.0,10.0,0.5,10.0,2.1,10.0,988.0,10.0,,,91,10,0.0,10,2.0,10,,,0.0,10,17.9,,,10.0,18.5,,,10.0,18.1,10.0,15.0,10,14.5,10.0,501.0,10.0
2008-06-18T06:00+00:00,5805,223.0,0.0,292.0,10.0,288.0,10.0,1.2,10.0,5.6,10.0,988.5,10.0,,,83,10,0.0,10,0.0,10,,,0.4,10,18.1,,,10.0,18.5,,,10.0,18.1,10.0,16.3,10,15.6,10.0,644.0,10.0
2008-06-18T07:00+00:00,5805,288.0,0.0,306.0,10.0,353.0,10.0,1.6,10.0,5.5,10.0,988.6,10.0,,,72,10,0.0,10,0.0,10,,,0.9,10,18.2,,,10.0,18.4,,,10.0,18.0,10.0,17.3,10,18.3,10.0,733.0,10.0
2008-06-18T08:00+00:00,5805,646.0,0.0,315.0,10.0,360.0,10.0,1.7,10.0,6.4,10.0,988.6,10.0,,,59,10,0.0,10,0.0,10,,,1.0,10,18.6,,,10.0,18.4,,,10.0,18.0,10.0,19.7,10,21.3,10.0,834.0,10.0
2008-06-18T09:00+00:00,5805,769.0,0.0,301.0,10.0,285.0,10.0,2.2,10.0,7.8,10.0,988.7,10.0,,,53,10,0.0,10,0.0,10,,,1.0,10,19.1,,,10.0,18.5,,,10.0,18.0,10.0,20.8,10,29.6,10.0,950.0,10.0
2008-06-18T10:00+00:00,5805,860.0,0.0,310.0,10.0,318.0,10.0,2.2,10.0,6.7,10.0,988.8,10.0,,,47,10,0.0,10,0.0,10,,,1.0,10,19.6,,,10.0,18.6,,,10.0,18.0,10.0,21.8,10,31.5,10.0,1046.0,10.0
2008-06-18T11:00+00:00,5805,908.0,0.0,296.0,10.0,314.0,10.0,2.5,10.0,7.3,10.0,988.9,10.0,,,43,10,0.0,10,0.0,10,,,1.0,10,20.3,,,10.0,18.9,,,10.0,18.0,10.0,22.9,10,32.5,10.0,1109.0,10.0
2008-06-18T12:00+00:00,5805,890.0,0.0,309.0,10.0,307.0,10.0,1.9,10.0,6.8,10.0,988.8,10.0,,,40,10,0.0,10,0.0,10,,,1.0,10,21.0,,,10.0,19.2,,,10.0,18.0,10.0,23.8,10,32.1,10.0,1259.0,10.0
2008-06-18T13:00+00:00,5805,862.0,0.0,296.0,10.0,275.0,10.0,2.2,10.0,6.8,10.0,988.7,10.0,,,39,10,0.0,10,0.0,10,,,1.0,10,21.7,,,10.0,19.5,,,10.0,18.0,10.0,24.6,10,32.7,10.0,1326.0,10.0
2008-06-18T14:00+00:00,5805,740.0,0.0,291.0,10.0,306.0,10.0,2.5,10.0,7.2,10.0,988.6,10.0,,,38,10,0.0,10,0.0,10,,,1.0,10,22.2,,,10.0,19.8,,,10.0,18.0,10.0,24.1,10,26.2,10.0,1425.0,10.0
2008-06-18T15:00+00:00,5805,590.0,0.0,284.0,10.0,294.0,10.0,2.7,10.0,7.1,10.0,988.6,10.0,,,46,10,0.0,10,0.0,10,,,1.0,10,22.3,,,10.0,20.1,,,10.0,18.0,10.0,24.3,10,25.5,10.0,1537.0,10.0
2008-06-18T16:00+00:00,5805,286.0,0.0,293.0,10.0,289.0,10.0,2.7,10.0,6.5,10.0,988.9,10.0,,,50,10,0.0,10,0.0,10,,,0.6,10,22.0,,,10.0,20.3,,,10.0,18.0,10.0,22.6,10,24.3,10.0,1613.0,10.0
2008-06-18T17:00+00:00,5805,182.0,0.0,294.0,10.0,262.0,10.0,2.5,10.0,7.6,10.0,989.1,10.0,,,55,10,0.0,10,0.0,10,,,0.4,10,21.6,,,10.0,20.5,,,10.0,18.0,10.0,21.3,10,21.7,10.0,1723.0,10.0
2008-06-18T18:00+00:00,5805,65.0,0.0,302.0,10.0,321.0,10.0,1.4,10.0,5.1,10.0,989.6,10.0,,,58,10,0.0,10,0.0,10,,,0.0,10,21.1,,,10.0,20.5,,,10.0,18.1,10.0,20.4,10,20.0,10.0,1830.0,10.0
2008-06-18T19:00+00:00,5805,24.0,0.0,299.0,10.0,307.0,10.0,1.3,10.0,4.3,10.0,990.0,10.0,,,63,10,0.0,10,0.0,10,,,0.1,10,20.7,,,10.0,20.4,,,10.0,18.1,10.0,19.0,10,16.6,10.0,1915.0,10.0
2008-06-18T20:00+00:00,5805,0.0,0.0,350.0,10.0,305.0,10.0,0.3,10.0,2.4,10.0,990.5,10.0,,,71,10,0.0,10,0.0,10,,,0.0,10,20.3,,,10.0,20.4,,,10.0,18.2,10.0,18.2,10,15.5,10.0,2058.0,10.0
2008-06-18T21:00+00:00,5805,0.0,0.0,321.0,10.0,300.0,10.0,0.7,10.0,3.8,10.0,990.4,10.0,,,73,10,0.0,10,0.0,10,,,0.0,10,20.0,,,10.0,20.2,,,10.0,18.2,10.0,17.8,10,15.5,10.0,2125.0,10.0
2008-06-18T22:00+00:00,5805,0.0,0.0,52.0,10.0,295.0,10.0,0.1,10.0,1.9,10.0,990.4,10.0,,,82,10,0.0,10,0.0,10,,,0.0,10,19.7,,,10.0,20.1,,,10.0,18.3,10.0,16.3,10,13.9,10.0,2204.0,10.0
2008-06-18T23:00+00:00,5805,0.0,0.0,293.0,10.0,299.0,10.0,0.3,10.0,1.7,10.0,990.4,10.0,,,88,10,0.0,10,0.0,10,,,0.0,10,19.3,,,10.0,20.0,,,10.0,18.3,10.0,14.9,10,12.7,10.0,2308.0,10.0
2008-06-19T00:00+00:00,5805,0.0,0.0,275.0,10.0,305.0,10.0,0.4,10.0,1.5,10.0,990.3,10.0,,,90,10,0.0,10,0.0,10,,,0.0,10,19.0,,,10.0,19.8,,,10.0,18.3,10.0,14.0,10,11.8,10.0,40.0,10.0
2008-06-19T01:00+00:00,5805,0.0,0.0,334.0,10.0,309.0,10.0,0.2,10.0,1.5,10.0,990.2,10.0,,,92,10,0.0,10,0.0,10,,,0.0,10,18.7,,,10.0,19.7,,,10.0,18.4,10.0,13.7,10,11.1,10.0,115.0,10.0
2008-06-19T02:00+00:00,5805,0.0,0.0,308.0,10.0,303.0,10.0,0.3,10.0,1.3,10.0,990.0,10.0,,,93,10,0.0,10,0.0,10,,,0.0,10,18.4,,,10.0,19.5,,,10.0,18.4,10.0,12.7,10,10.3,10.0,201.0,10.0
2008-06-19T03:00+00:00,5805,1.0,0.0,3.0,10.0,358.0,10.0,0.1,10.0,0.8,10.0,990.1,10.0,,,94,10,0.0,10,0.0,10,,,0.0,10,18.1,,,10.0,19.4,,,10.0,18.4,10.0,12.2,10,9.9,10.0,349.0,10.0
2008-06-19T04:00+00:00,5805,32.0,0.0,339.0,10.0,307.0,10.0,0.1,10.0,1.1,10.0,990.2,10.0,,,94,10,0.0,10,0.0,10,,,0.4,10,17.9,,,10.0,19.2,,,10.0,18.4,10.0,12.5,10,9.8,10.0,436.0,10.0
2008-06-19T05:00+00:00,5805,157.0,0.0,297.0,10.0,323.0,10.0,0.8,10.0,2.7,10.0,990.1,10.0,,,84,10,0.0,10,0.0,10,,,1.0,10,18.0,,,10.0,19.0,,,10.0,18.4,10.0,15.9,10,11.2,10.0,543.0,10.0
2008-06-19T06:00+00:00,5805,325.0,0.0,0.0,10.0,302.0,10.0,0.0,10.0,1.2,10.0,989.8,10.0,,,69,10,0.0,10,0.0,10,,,1.0,10,18.5,,,10.0,18.9,,,10.0,18.4,10.0,19.5,10,19.7,10.0,700.0,10.0
2008-06-19T07:00+00:00,5805,481.0,0.0,146.0,10.0,152.0,10.0,1.0,10.0,3.1,10.0,989.8,10.0,,,62,10,0.0,10,0.0,10,,,1.0,10,19.1,,,10.0,18.9,,,10.0,18.4,10.0,21.1,10,27.8,10.0,759.0,10.0
2008-06-19T08:00+00:00,5805,621.0,0.0,131.0,10.0,111.0,10.0,1.1,10.0,3.8,10.0,989.8,10.0,,,56,10,0.0,10,0.0,10,,,1.0,10,19.8,,,10.0,18.9,,,10.0,18.4,10.0,22.0,10,29.7,10.0,838.0,10.0
2008-06-19T09:00+00:00,5805,753.0,0.0,140.0,10.0,128.0,10.0,1.5,10.0,5.0,10.0,989.6,10.0,,,50,10,0.0,10,0.0,10,,,1.0,10,20.5,,,10.0,19.0,,,10.0,18.4,10.0,23.7,10,32.4,10.0,925.0,10.0
2008-06-19T10:00+00:00,5805,794.0,0.0,180.0,10.0,158.0,10.0,0.5,10.0,5.0,10.0,989.5,10.0,,,49,10,0.0,10,0.0,10,,,1.0,10,21.0,,,10.0,19.3,,,10.0,18.4,10.0,24.4,10,33.8,10.0,1006.0,10.0
2008-06-19T11:00+00:00,5805,908.0,0.0,149.0,10.0,290.0,10.0,0.1,10.0,3.2,10.0,989.1,10.0,,,46,10,0.0,10,0.0,10,,,1.0,10,21.7,,,10.0,19.5,,,10.0,18.3,10.0,25.4,10,34.3,10.0,1143.0,10.0
2008-06-19T12:00+00:00,5805,781.0,0.0,307.0,10.0,16.0,10.0,0.3,10.0,4.0,10.0,988.7,10.0,,,46,10,0.0,10,0.0,10,,,0.8,10,22.3,,,10.0,19.9,,,10.0,18.3,10.0,25.6,10,34.2,10.0,1220.0,10.0
2008-06-19T13:00+00:00,5805,856.0,0.0,275.0,10.0,265.0,10.0,2.3,10.0,7.2,10.0,988.5,10.0,,,38,10,0.0,10,0.0,10,,,1.0,10,23.0,,,10.0,20.2,,,10.0,18.3,10.0,26.6,10,34.3,10.0,1336.0,10.0
2008-06-19T14:00+00:00,5805,767.0,0.0,283.0,10.0,268.0,10.0,2.5,10.0,6.6,10.0,988.1,10.0,,,37,10,0.0,10,0.0,10,,,1.0,10,23.4,,,10.0,20.6,,,10.0,18.3,10.0,27.4,10,28.8,10.0,1409.0,10.0
2008-06-19T15:00+00:00,5805,624.0,0.0,283.0,10.0,272.0,10.0,2.5,10.0,7.7,10.0,988.1,10.0,,,38,10,0.0,10,0.0,10,,,1.0,10,23.5,,,10.0,20.9,,,10.0,18.3,10.0,27.1,10,27.5,10.0,1525.0,10.0
2008-06-19T16:00+00:00,5805,433.0,0.0,280.0,10.0,266.0,10.0,2.1,10.0,5.1,10.0,987.8,10.0,,,39,10,0.0,10,0.0,10,,,0.9,10,23.4,,,10.0,21.1,,,10.0,18.4,10.0,26.8,10,27.7,10.0,1602.0,10.0
2008-06-19T17:00+00:00,5805,315.0,0.0,285.0,10.0,321.0,10.0,1.6,10.0,5.2,10.0,987.8,10.0,,,40,10,0.0,10,0.0,10,,,1.0,10,23.2,,,10.0,21.2,,,10.0,18.4,10.0,26.4,10,29.5,10.0,1744.0,10.0
2008-06-19T18:00+00:00,5805,155.0,0.0,290.0,10.0,296.0,10.0,1.7,10.0,4.9,10.0,988.0,10.0,,,45,10,0.0,10,0.0,10,,,1.0,10,22.6,,,10.0,21.3,,,10.0,18.4,10.0,24.1,10,21.6,10.0,1804.0,10.0
2008-06-19T19:00+00:00,5805,18.0,0.0,278.0,10.0,277.0,10.0,0.5,10.0,2.1,10.0,988.6,10.0,,,64,10,0.0,10,0.0,10,,,0.2,10,21.9,,,10.0,21.3,,,10.0,18.5,10.0,20.3,10,16.9,10.0,2000.0,10.0
2008-06-19T20:00+00:00,5805,0.0,0.0,355.0,10.0,289.0,10.0,0.1,10.0,1.1,10.0,989.3,10.0,,,81,10,0.0,10,0.0,10,,,0.0,10,21.2,,,10.0,21.2,,,10.0,18.5,10.0,17.7,10,14.6,10.0,2036.0,10.0
2008-06-19T21:00+00:00,5805,0.0,0.0,27.0,10.0,351.0,10.0,0.1,10.0,0.9,10.0,989.5,10.0,,,87,10,0.0,10,0.0,10,,,0.0,10,20.7,,,10.0,21.1,,,10.0,18.6,10.0,16.2,10,13.6,10.0,2118.0,10.0
2008-06-19T22:00+00:00,5805,0.0,0.0,21.0,10.0,354.0,10.0,0.1,10.0,1.0,10.0,989.8,10.0,,,89,10,0.0,10,0.0,10,,,0.0,10,20.2,,,10.0,20.9,,,10.0,18.6,10.0,15.3,10,12.7,10.0,2205.0,10.0
2008-06-19T23:00+00:00,5805,0.0,0.0,360.0,10.0,312.0,10.0,0.2,10.0,1.0,10.0,990.0,10.0,,,91,10,0.0,10,0.0,10,,,0.0,10,19.9,,,10.0,20.7,,,10.0,18.7,10.0,14.5,10,12.3,10.0,2318.0,10.0
2008-06-20T00:00+00:00,5805,0.0,0.0,16.0,10.0,8.0,10.0,0.2,10.0,0.7,10.0,990.1,10.0,,,92,10,0.0,10,0.0,10,,,0.0,10,19.5,,,10.0,20.5,,,10.0,18.7,10.0,14.1,10,11.7,10.0,41.0,10.0
2008-06-20T01:00+00:00,5805,0.0,0.0,24.0,10.0,22.0,10.0,0.2,10.0,0.8,10.0,990.3,10.0,,,93,10,0.0,10,0.0,10,,,0.0,10,19.2,,,10.0,20.3,,,10.0,18.8,10.0,13.5,10,11.2,10.0,139.0,10.0
2008-06-20T02:00+00:00,5805,0.0,0.0,18.0,10.0,17.0,10.0,0.2,10.0,0.7,10.0,990.4,10.0,,,93,10,0.0,10,0.0,10,,,0.0,10,18.9,,,10.0,20.1,,,10.0,18.8,10.0,13.0,10,10.8,10.0,235.0,10.0
2008-06-20T03:00+00:00,5805,1.0,0.0,9.0,10.0,22.0,10.0,0.2,10.0,1.0,10.0,990.5,10.0,,,94,10,0.0,10,0.0,10,,,0.0,10,18.7,,,10.0,19.9,,,10.0,18.8,10.0,12.9,10,10.5,10.0,349.0,10.0
2008-06-20T04:00+00:00,5805,35.0,0.0,0.0,10.0,58.0,10.0,0.0,10.0,0.9,10.0,991.0,10.0,,,94,10,0.0,10,0.0,10,,,0.5,10,18.5,,,10.0,19.7,,,10.0,18.8,10.0,13.6,10,10.9,10.0,446.0,10.0
2008-06-20T05:00+00:00,5805,154.0,0.0,0.0,10.0,40.0,10.0,0.0,10.0,0.8,10.0,991.2,10.0,,,79,10,0.0,10,0.0,10,,,1.0,10,18.7,,,10.0,19.6,,,10.0,18.8,10.0,18.6,10,12.7,10.0,501.0,10.0
2008-06-20T06:00+00:00,5805,316.0,0.0,302.0,10.0,292.0,10.0,0.8,10.0,5.2,10.0,991.8,10.0,,,60,10,0.0,10,0.0,10,,,1.0,10,19.2,,,10.0,19.5,,,10.0,18.8,10.0,22.5,10,19.7,10.0,658.0,10.0
2008-06-20T07:00+00:00,5805,487.0,0.0,289.0,10.0,284.0,10.0,2.4,10.0,5.6,10.0,992.0,10.0,,,51,10,0.0,10,0.0,10,,,1.0,10,19.8,,,10.0,19.5,,,10.0,18.8,10.0,24.1,10,29.9,10.0,755.0,10.0
2008-06-20T08:00+00:00,5805,507.0,0.0,283.0,10.0,296.0,10.0,3.0,10.0,6.4,10.0,992.4,10.0,,,51,10,0.0,10,0.0,10,,,0.9,10,20.2,,,10.0,19.5,,,10.0,18.8,10.0,24.0,10,30.3,10.0,816.0,10.0
2008-06-20T09:00+00:00,5805,586.0,0.0,285.0,10.0,308.0,10.0,3.2,10.0,8.0,10.0,992.6,10.0,,,46,10,0.0,10,0.0,10,,,0.8,10,20.6,,,10.0,19.6,,,10.0,18.8,10.0,24.8,10,29.6,10.0,916.0,10.0
2008-06-20T10:00+00:00,5805,848.0,0.0,280.0,10.0,251.0,10.0,3.5,10.0,9.1,10.0,992.2,10.0,,,44,10,0.0,10,0.0,10,,,1.0,10,21.3,,,10.0,19.8,,,10.0,18.7,10.0,26.4,10,35.8,10.0,1059.0,10.0
2008-06-20T11:00+00:00,5805,896.0,0.0,279.0,10.0,320.0,10.0,4.7,10.0,10.6,10.0,991.8,10.0,,,41,10,0.0,10,0.0,10,,,1.0,10,22.0,,,10.0,20.0,,,10.0,18.7,10.0,27.4,10,34.9,10.0,1130.0,10.0
2008-06-20T12:00+00:00,5805,852.0,0.0,281.0,10.0,302.0,10.0,5.0,10.0,12.9,10.0,991.6,10.0,,,42,10,0.0,10,0.0,10,,,1.0,10,22.6,,,10.0,20.3,,,10.0,18.7,10.0,27.3,10,34.1,10.0,1228.0,10.0
2008-06-20T13:00+00:00,5805,697.0,0.0,280.0,10.0,275.0,10.0,4.2,10.0,10.1,10.0,991.4,10.0,,,42,10,0.0,10,0.0,10,,,1.0,10,23.0,,,10.0,20.6,,,10.0,18.7,10.0,27.3,10,33.2,10.0,1340.0,10.0
2008-06-20T14:00+00:00,5805,604.0,0.0,279.0,10.0,274.0,10.0,3.4,10.0,8.8,10.0,991.1,10.0,,,41,10,0.0,10,0.0,10,,,1.0,10,23.2,,,10.0,20.9,,,10.0,18.7,10.0,27.3,10,30.4,10.0,1415.0,10.0
2008-06-20T15:00+00:00,5805,552.0,0.0,278.0,10.0,274.0,10.0,4.1,10.0,9.8,10.0,991.1,10.0,,,40,10,0.0,10,0.0,10,,,1.0,10,23.3,,,10.0,21.1,,,10.0,18.7,10.0,27.3,10,29.2,10.0,1530.0,10.0
2008-06-20T16:00+00:00,5805,402.0,0.0,280.0,10.0,274.0,10.0,3.4,10.0,8.2,10.0,991.1,10.0,,,41,10,0.0,10,0.0,10,,,1.0,10,23.2,,,10.0,21.3,,,10.0,18.7,10.0,26.9,10,28.2,10.0,1636.0,10.0
2008-06-20T17:00+00:00,5805,312.0,0.0,277.0,10.0,284.0,10.0,3.0,10.0,7.0,10.0,991.1,10.0,,,42,10,0.0,10,0.0,10,,,1.0,10,23.0,,,10.0,21.4,,,10.0,18.8,10.0,26.9,10,29.4,10.0,1701.0,10.0
2008-06-20T18:00+00:00,5805,136.0,0.0,283.0,10.0,270.0,10.0,1.8,10.0,5.8,10.0,991.4,10.0,,,45,10,0.0,10,0.0,10,,,0.8,10,22.5,,,10.0,21.4,,,10.0,18.8,10.0,24.6,10,22.2,10.0,1804.0,10.0
2008-06-20T19:00+00:00,5805,24.0,0.0,288.0,10.0,303.0,10.0,0.2,10.0,2.3,10.0,991.8,10.0,,,67,10,0.0,10,0.0,10,,,0.4,10,21.9,,,10.0,21.4,,,10.0,18.8,10.0,20.8,10,17.7,10.0,1903.0,10.0
2008-06-20T20:00+00:00,5805,0.0,0.0,3.0,10.0,242.0,10.0,0.1,10.0,1.2,10.0,992.5,10.0,,,74,10,0.0,10,0.0,10,,,0.0,10,21.3,,,10.0,21.3,,,10.0,18.9,10.0,18.8,10,15.7,10.0,2022.0,10.0
2008-06-20T21:00+00:00,5805,0.0,0.0,317.0,10.0,319.0,10.0,0.1,10.0,1.8,10.0,993.2,10.0,,,82,10,0.0,10,0.0,10,,,0.0,10,20.8,,,10.0,21.2,,,10.0,18.9,10.0,17.5,10,14.5,10.0,2119.0,10.0
2008-06-20T22:00+00:00,5805,0.0,0.0,306.0,10.0,19.0,10.0,0.2,10.0,1.3,10.0,993.7,10.0,,,86,10,0.0,10,0.0,10,,,0.0,10,20.4,,,10.0,21.0,,,10.0,19.0,10.0,16.6,10,13.7,10.0,2224.0,10.0
2008-06-20T23:00+00:00,5805,0.0,0.0,360.0,10.0,326.0,10.0,0.2,10.0,1.2,10.0,993.3,10.0,,,90,10,0.0,10,0.0,10,,,0.0,10,20.1,,,10.0,20.8,,,10.0,19.0,10.0,15.4,10,12.8,10.0,2309.0,10.0
2008-06-21T00:00+00:00,5805,0.0,0.0,328.0,10.0,310.0,10.0,0.3,10.0,2.3,10.0,993.3,10.0,,,91,10,0.0,10,0.0,10,,,0.0,10,19.7,,,10.0,20.6,,,10.0,19.0,10.0,15.2,10,12.1,10.0,16.0,10.0
2008-06-21T01:00+00:00,5805,0.0,0.0,335.0,10.0,345.0,10.0,0.2,10.0,1.8,10.0,993.5,10.0,,,91,10,0.0,10,0.0,10,,,0.0,10,19.4,,,10.0,20.5,,,10.0,19.0,10.0,14.5,10,11.9,10.0,102.0,10.0
2008-06-21T02:00+00:00,5805,0.0,0.0,330.0,10.0,325.0,10.0,0.1,10.0,1.2,10.0,993.8,10.0,,,92,10,0.0,10,0.0,10,,,0.0,10,19.2,,,10.0,20.3,,,10.0,19.1,10.0,14.3,10,11.4,10.0,252.0,10.0
2008-06-21T03:00+00:00,5805,0.0,0.0,312.0,10.0,286.0,10.0,0.5,10.0,3.5,10.0,993.8,10.0,,,88,10,0.0,10,0.0,10,,,0.0,10,19.0,,,10.0,20.1,,,10.0,19.1,10.0,15.3,10,12.3,10.0,354.0,10.0
2008-06-21T04:00+00:00,5805,15.0,0.0,286.0,10.0,296.0,10.0,0.4,10.0,1.7,10.0,994.0,10.0,,,89,10,0.0,10,0.0,10,,,0.0,10,19.0,,,10.0,20.0,,,10.0,19.1,10.0,15.4,10,13.2,10.0,449.0,10.0
2008-06-21T05:00+00:00,5805,77.0,0.0,312.0,10.0,314.0,10.0,0.5,10.0,2.3,10.0,994.3,10.0,,,88,10,0.0,10,0.0,10,,,0.1,10,19.1,,,10.0,19.9,,,10.0,19.1,10.0,16.6,10,14.6,10.0,504.0,10.0
2008-06-21T06:00+00:00,5805,82.0,0.0,289.0,10.0,299.0,10.0,0.8,10.0,2.1,10.0,994.8,10.0,,,80,10,0.0,10,0.0,10,,,0.0,10,19.2,,,10.0,19.8,,,10.0,19.1,10.0,17.9,10,17.8,10.0,606.0,10.0
2008-06-21T07:00+00:00,5805,411.0,0.0,286.0,10.0,291.0,10.0,1.1,10.0,4.2,10.0,994.4,10.0,,,62,10,0.0,10,0.0,10,,,0.9,10,19.7,,,10.0,19.7,,,10.0,19.0,10.0,21.4,10,19.1,10.0,728.0,10.0
2008-06-21T08:00+00:00,5805,603.0,0.0,238.0,10.0,214.0,10.0,0.3,10.0,1.8,10.0,994.3,10.0,,,51,10,0.0,10,0.0,10,,,1.0,10,20.4,,,10.0,19.8,,,10.0,19.0,10.0,24.5,10,30.7,10.0,858.0,10.0
2008-06-21T09:00+00:00,5805,655.0,0.0,252.0,10.0,297.0,10.0,0.7,10.0,2.9,10.0,994.3,10.0,,,46,10,0.0,10,0.0,10,,,1.0,10,21.1,,,10.0,19.8,,,10.0,19.0,10.0,25.2,10,34.5,10.0,940.0,10.0
2008-06-21T10:00+00:00,5805,843.0,0.0,222.0,10.0,193.0,10.0,0.5,10.0,3.2,10.0,994.2,10.0,,,46,10,0.0,10,0.0,10,,,1.0,10,21.8,,,10.0,20.1,,,10.0,19.0,10.0,26.5,10,38.2,10.0,1054.0,10.0
2008-06-21T11:00+00:00,5805,884.0,0.0,230.0,10.0,256.0,10.0,0.4,10.0,5.3,10.0,993.6,10.0,,,44,10,0.0,10,0.0,10,,,1.0,10,22.7,,,10.0,20.4,,,10.0,19.0,10.0,27.6,10,38.4,10.0,1153.0,10.0
2008-06-21T12:00+00:00,5805,828.0,0.0,285.0,10.0,284.0,10.0,2.1,10.0,7.2,10.0,993.3,10.0,,,40,10,0.0,10,0.0,10,,,0.9,10,23.2,,,10.0,20.7,,,10.0,19.0,10.0,28.5,10,37.4,10.0,1244.0,10.0
2008-06-21T13:00+00:00,5805,842.0,0.0,282.0,10.0,292.0,10.0,2.6,10.0,6.8,10.0,993.0,10.0,,,37,10,0.0,10,0.0,10,,,1.0,10,24.0,,,10.0,21.1,,,10.0,19.0,10.0,29.9,10,37.6,10.0,1329.0,10.0
2008-06-21T14:00+00:00,5805,710.0,0.0,280.0,10.0,263.0,10.0,3.3,10.0,7.8,10.0,992.7,10.0,,,35,10,0.0,10,0.0,10,,,1.0,10,24.4,,,10.0,21.4,,,10.0,19.0,10.0,29.9,10,31.2,10.0,1436.0,10.0
2008-06-21T15:00+00:00,5805,623.0,0.0,281.0,10.0,282.0,10.0,2.7,10.0,7.9,10.0,992.5,10.0,,,36,10,0.0,10,0.0,10,,,1.0,10,24.5,,,10.0,21.7,,,10.0,19.0,10.0,30.2,10,29.4,10.0,1525.0,10.0
2008-06-21T16:00+00:00,5805,392.0,0.0,279.0,10.0,265.0,10.0,2.0,10.0,5.8,10.0,992.4,10.0,,,38,10,0.0,10,0.0,10,,,0.8,10,24.2,,,10.0,21.9,,,10.0,19.0,10.0,28.7,10,29.8,10.0,1615.0,10.0
2008-06-21T17:00+00:00,5805,259.0,0.0,347.0,10.0,324.0,10.0,0.3,10.0,3.7,10.0,992.6,10.0,,,43,10,0.0,10,0.0,10,,,0.8,10,24.0,,,10.0,22.0,,,10.0,19.0,10.0,28.3,10,30.2,10.0,1707.0,10.0
2008-06-21T18:00+00:00,5805,124.0,0.0,87.0,10.0,68.0,10.0,0.1,10.0,3.0,10.0,992.6,10.0,,,59,10,0.0,10,0.0,10,,,0.9,10,23.4,,,10.0,22.1,,,10.0,19.1,10.0,25.8,10,24.1,10.0,1855.0,10.0
2008-06-21T19:00+00:00,5805,35.0,0.0,296.0,10.0,70.0,10.0,0.4,10.0,2.9,10.0,992.9,10.0,,,69,10,0.0,10,0.0,10,,,0.4,10,22.9,,,10.0,22.0,,,10.0,19.1,10.0,22.9,10,20.5,10.0,1903.0,10.0
2008-06-21T20:00+00:00,5805,0.0,0.0,270.0,10.0,308.0,10.0,0.3,10.0,1.9,10.0,993.5,10.0,,,79,10,0.0,10,0.0,10,,,0.0,10,22.3,,,10.0,22.0,,,10.0,19.2,10.0,20.9,10,17.7,10.0,2026.0,10.0
2008-06-21T21:00+00:00,5805,0.0,0.0,314.0,10.0,267.0,10.0,0.1,10.0,1.1,10.0,993.8,10.0,,,85,10,0.0,10,0.0,10,,,0.0,10,21.8,,,10.0,21.8,,,10.0,19.2,10.0,19.2,10,16.1,10.0,2132.0,10.0
2008-06-21T22:00+00:00,5805,0.0,0.0,4.0,10.0,352.0,10.0,0.1,10.0,0.7,10.0,994.0,10.0,,,89,10,0.0,10,0.0,10,,,0.0,10,21.3,,,10.0,21.7,,,10.0,19.3,10.0,18.3,10,15.0,10.0,2224.0,10.0
2008-06-21T23:00+00:00,5805,0.0,0.0,15.0,10.0,23.0,10.0,0.2,10.0,0.7,10.0,994.1,10.0,,,92,10,0.0,10,0.0,10,,,0.0,10,20.9,,,10.0,21.5,,,10.0,19.3,10.0,17.2,10,14.4,10.0,2302.0,10.0
2008-06-22T00:00+00:00,5805,0.0,0.0,313.0,10.0,336.0,10.0,0.2,10.0,1.0,10.0,994.1,10.0,,,92,10,0.0,10,0.0,10,,,0.0,10,20.6,,,10.0,21.3,,,10.0,19.3,10.0,16.7,10,13.7,10.0,57.0,10.0
2008-06-22T01:00+00:00,5805,0.0,0.0,307.0,10.0,280.0,10.0,0.4,10.0,2.6,10.0,994.1,10.0,,,93,10,0.0,10,0.0,10,,,0.0,10,20.3,,,10.0,21.1,,,10.0,19.4,10.0,16.3,10,13.5,10.0,121.0,10.0
2008-06-22T02:00+00:00,5805,0.0,0.0,356.0,10.0,329.0,10.0,0.2,10.0,1.1,10.0,993.8,10.0,,,94,10,0.0,10,0.0,10,,,0.0,10,20.0,,,10.0,20.9,,,10.0,19.4,10.0,15.5,10,12.9,10.0,212.0,10.0
2008-06-22T03:00+00:00,5805,1.0,0.0,324.0,10.0,287.0,10.0,0.2,10.0,1.6,10.0,993.8,10.0,,,94,10,0.0,10,0.0,10,,,0.0,10,19.7,,,10.0,20.8,,,10.0,19.4,10.0,15.0,10,12.6,10.0,310.0,10.0
2008-06-22T04:00+00:00,5805,35.0,0.0,334.0,10.0,318.0,10.0,0.2,10.0,0.9,10.0,993.8,10.0,,,94,10,0.0,10,0.0,10,,,0.5,10,19.6,,,10.0,20.6,,,10.0,19.4,10.0,15.6,10,12.7,10.0,423.0,10.0
2008-06-22T05:00+00:00,5805,149.0,0.0,317.0,10.0,309.0,10.0,0.3,10.0,1.7,10.0,993.8,10.0,,,85,10,0.0,10,0.0,10,,,1.0,10,19.7,,,10.0,20.5,,,10.0,19.4,10.0,18.6,10,14.2,10.0,526.0,10.0
2008-06-22T06:00+00:00,5805,308.0,0.0,289.0,10.0,276.0,10.0,0.5,10.0,1.8,10.0,993.6,10.0,,,72,10,0.0,10,0.0,10,,,1.0,10,20.1,,,10.0,20.4,,,10.0,19.4,10.0,21.6,10,21.3,10.0,615.0,10.0
2008-06-22T07:00+00:00,5805,463.0,0.0,136.0,10.0,140.0,10.0,0.8,10.0,3.6,10.0,993.4,10.0,,,61,10,0.0,10,0.0,10,,,1.0,10,20.7,,,10.0,20.3,,,10.0,19.4,10.0,23.2,10,29.8,10.0,753.0,10.0
2008-06-22T08:00+00:00,5805,609.0,0.0,134.0,10.0,149.0,10.0,1.3,10.0,3.5,10.0,993.4,10.0,,,57,10,0.0,10,0.0,10,,,1.0,10,21.5,,,10.0,20.4,,,10.0,19.4,10.0,25.0,10,32.3,10.0,811.0,10.0
2008-06-22T09:00+00:00,5805,733.0,0.0,141.0,10.0,175.0,10.0,1.7,10.0,4.3,10.0,993.1,10.0,,,54,10,0.0,10,0.0,10,,,1.0,10,22.2,,,10.0,20.5,,,10.0,19.4,10.0,26.2,10,36.0,10.0,945.0,10.0
2008-06-22T10:00+00:00,5805,813.0,0.0,140.0,10.0,122.0,10.0,1.5,10.0,5.2,10.0,992.9,10.0,,,54,10,0.0,10,0.0,10,,,1.0,10,22.9,,,10.0,20.7,,,10.0,19.4,10.0,26.9,10,37.9,10.0,1012.0,10.0
2008-06-22T11:00+00:00,5805,858.0,0.0,119.0,10.0,90.0,10.0,1.3,10.0,4.3,10.0,992.5,10.0,,,53,10,0.0,10,0.0,10,,,1.0,10,23.6,,,10.0,21.0,,,10.0,19.4,10.0,28.1,10,38.7,10.0,1121.0,10.0
2008-06-22T12:00+00:00,5805,859.0,0.0,130.0,10.0,171.0,10.0,1.6,10.0,4.5,10.0,991.8,10.0,,,52,10,0.0,10,0.0,10,,,1.0,10,24.2,,,10.0,21.4,,,10.0,19.3,10.0,29.3,10,40.0,10.0,1206.0,10.0
2008-06-22T13:00+00:00,5805,818.0,0.0,140.0,10.0,105.0,10.0,1.2,10.0,4.6,10.0,991.3,10.0,,,49,10,0.0,10,0.0,10,,,1.0,10,24.9,,,10.0,21.7,,,10.0,19.3,10.0,30.5,10,39.8,10.0,1354.0,10.0
2008-06-22T14:00+00:00,5805,734.0,0.0,204.0,10.0,154.0,10.0,0.9,10.0,4.0,10.0,990.7,10.0,,,49,10,0.0,10,0.0,10,,,1.0,10,25.5,,,10.0,22.2,,,10.0,19.3,10.0,31.3,10,33.0,10.0,1404.0,10.0
2008-06-22T15:00+00:00,5805,595.0,0.0,187.0,10.0,162.0,10.0,0.9,10.0,4.8,10.0,990.2,10.0,,,46,10,0.0,10,0.0,10,,,1.0,10,25.8,,,10.0,22.5,,,10.0,19.4,10.0,31.9,10,31.9,10.0,1503.0,10.0
2008-06-22T16:00+00:00,5805,423.0,0.0,179.0,10.0,222.0,10.0,1.1,10.0,3.5,10.0,990.0,10.0,,,47,10,0.0,10,0.0,10,,,1.0,10,25.6,,,10.0,22.7,,,10.0,19.4,10.0,31.2,10,33.0,10.0,1615.0,10.0
2008-06-22T17:00+00:00,5805,295.0,0.0,163.0,10.0,172.0,10.0,1.4,10.0,4.2,10.0,989.7,10.0,,,49,10,0.0,10,0.0,10,,,1.0,10,25.3,,,10.0,22.9,,,10.0,19.4,10.0,30.6,10,33.5,10.0,1714.0,10.0
2008-06-22T18:00+00:00,5805,143.0,0.0,155.0,10.0,188.0,10.0,0.6,10.0,2.3,10.0,989.6,10.0,,,57,10,0.0,10,0.0,10,,,1.0,10,24.8,,,10.0,22.9,,,10.0,19.5,10.0,28.1,10,26.4,10.0,1815.0,10.0
2008-06-22T19:00+00:00,5805,25.0,0.0,209.0,10.0,150.0,10.0,0.2,10.0,2.3,10.0,989.3,10.0,,,80,10,0.0,10,0.0,10,,,0.3,10,24.1,,,10.0,23.0,,,10.0,19.5,10.0,24.5,10,21.8,10.0,1907.0,10.0
2008-06-22T20:00+00:00,5805,0.0,0.0,264.0,10.0,255.0,10.0,0.2,10.0,1.6,10.0,989.3,10.0,,,86,10,0.0,10,0.0,10,,,0.0,10,23.4,,,10.0,22.9,,,10.0,19.6,10.0,22.2,10,19.3,10.0,2007.0,10.0
2008-06-22T21:00+00:00,5805,0.0,0.0,301.0,10.0,296.0,10.0,0.2,10.0,2.2,10.0,989.6,10.0,,,87,10,0.0,10,0.0,10,,,0.0,10,22.9,,,10.0,22.7,,,10.0,19.6,10.0,21.2,10,17.8,10.0,2107.0,10.0
2008-06-22T22:00+00:00,5805,0.0,0.0,285.0,10.0,317.0,10.0,0.1,10.0,0.8,10.0,989.6,10.0,,,90,10,0.0,10,0.0,10,,,0.0,10,22.4,,,10.0,22.6,,,10.0,19.7,10.0,20.0,10,17.0,10.0,2207.0,10.0
2008-06-22T23:00+00:00,5805,0.0,0.0,0.0,10.0,241.0,10.0,0.0,10.0,0.7,10.0,989.3,10.0,,,91,10,0.0,10,0.0,10,,,0.0,10,22.0,,,10.0,22.4,,,10.0,19.8,10.0,19.4,10,16.2,10.0,2335.0,10.0
2008-06-23T00:00+00:00,5805,0.0,0.0,315.0,10.0,323.0,10.0,0.2,10.0,1.2,10.0,989.3,10.0,,,93,10,0.0,10,0.0,10,,,0.0,10,21.7,,,10.0,22.2,,,10.0,19.8,10.0,19.2,10,15.8,10.0,44.0,10.0
2008-06-23T01:00+00:00,5805,0.0,0.0,304.0,10.0,327.0,10.0,0.3,10.0,1.7,10.0,989.1,10.0,,,93,10,0.0,10,0.0,10,,,0.0,10,21.4,,,10.0,22.0,,,10.0,19.8,10.0,18.9,10,15.6,10.0,137.0,10.0
2008-06-23T02:00+00:00,5805,0.0,0.0,315.0,10.0,330.0,10.0,0.3,10.0,1.7,10.0,989.1,10.0,,,92,10,0.0,10,0.0,10,,,0.0,10,21.2,,,10.0,21.8,,,10.0,19.9,10.0,19.0,10,16.6,10.0,237.0,10.0
2008-06-23T03:00+00:00,5805,0.0,0.0,320.0,10.0,286.0,10.0,0.3,10.0,1.9,10.0,989.3,10.0,,,91,10,0.0,10,0.0,10,,,0.0,10,21.1,,,10.0,21.7,,,10.0,19.9,10.0,19.0,10,16.7,10.0,350.0,10.0
2008-06-23T04:00+00:00,5805,24.0,0.0,306.0,10.0,321.0,10.0,0.4,10.0,1.6,10.0,989.3,10.0,,,90,10,0.0,10,0.0,10,,,0.1,10,21.0,,,10.0,21.5,,,10.0,19.9,10.0,19.4,10,16.5,10.0,408.0,10.0
2008-06-23T05:00+00:00,5805,103.0,0.0,298.0,10.0,294.0,10.0,0.6,10.0,2.3,10.0,990.2,10.0,,,84,10,0.0,10,0.0,10,,,0.4,10,21.1,,,10.0,21.4,,,10.0,19.9,10.0,21.5,10,17.9,10.0,538.0,10.0
2008-06-23T06:00+00:00,5805,87.0,0.0,344.0,10.0,307.0,10.0,0.8,10.0,3.6,10.0,990.5,10.0,,,69,10,0.0,10,0.0,10,,,0.0,10,21.3,,,10.0,21.3,,,10.0,19.9,10.0,23.4,10,20.8,10.0,654.0,10.0
2008-06-23T07:00+00:00,5805,244.0,0.0,311.0,10.0,294.0,10.0,1.6,10.0,7.9,10.0,991.4,10.0,,,63,10,0.0,10,0.0,10,,,0.2,10,21.6,,,10.0,21.3,,,10.0,19.9,10.0,25.2,10,23.9,10.0,759.0,10.0
2008-06-23T08:00+00:00,5805,123.0,0.0,292.0,10.0,331.0,10.0,2.8,10.0,7.8,10.0,991.2,10.0,,,71,10,0.0,10,19.0,10,,,0.1,10,21.6,,,10.0,21.3,,,10.0,19.9,10.0,23.4,10,22.1,10.0,900.0,10.0
2008-06-23T09:00+00:00,5805,442.0,0.0,292.0,10.0,299.0,10.0,2.7,10.0,9.0,10.0,991.0,10.0,,,56,10,0.1,10,5.0,10,,,0.4,10,22.0,,,10.0,21.3,,,10.0,19.9,10.0,27.5,10,22.2,10.0,956.0,10.0
2008-06-23T10:00+00:00,5805,457.0,0.0,286.0,10.0,291.0,10.0,3.2,10.0,8.5,10.0,990.9,10.0,,,50,10,0.0,10,0.0,10,,,0.3,10,22.5,,,10.0,21.4,,,10.0,19.9,10.0,28.0,10,32.2,10.0,1048.0,10.0
2008-06-23T11:00+00:00,5805,538.0,0.0,295.0,10.0,311.0,10.0,2.9,10.0,9.2,10.0,991.0,10.0,,,48,10,0.0,10,0.0,10,,,0.4,10,23.0,,,10.0,21.6,,,10.0,19.9,10.0,27.8,10,30.3,10.0,1157.0,10.0
2008-06-23T12:00+00:00,5805,562.0,0.0,296.0,10.0,313.0,10.0,2.8,10.0,7.3,10.0,990.7,10.0,,,46,10,0.0,10,0.0,10,,,0.5,10,23.4,,,10.0,21.7,,,10.0,19.9,10.0,29.1,10,29.8,10.0,1258.0,10.0
2008-06-23T13:00+00:00,5805,784.0,0.0,287.0,10.0,290.0,10.0,3.2,10.0,9.0,10.0,990.2,10.0,,,43,10,0.0,10,0.0,10,,,0.8,10,24.2,,,10.0,21.9,,,10.0,19.9,10.0,30.7,10,34.2,10.0,1305.0,10.0
2008-06-23T14:00+00:00,5805,731.0,0.0,284.0,10.0,262.0,10.0,3.7,10.0,9.4,10.0,989.8,10.0,,,40,10,0.0,10,0.0,10,,,1.0,10,24.7,,,10.0,22.2,,,10.0,19.9,10.0,31.1,10,31.3,10.0,1426.0,10.0
2008-06-23T15:00+00:00,5805,633.0,0.0,280.0,10.0,295.0,10.0,3.3,10.0,8.1,10.0,989.3,10.0,,,42,10,0.0,10,0.0,10,,,1.0,10,25.2,,,10.0,22.5,,,10.0,19.9,10.0,31.5,10,30.9,10.0,1600.0,10.0
2008-06-23T16:00+00:00,5805,429.0,0.0,272.0,10.0,270.0,10.0,2.2,10.0,7.4,10.0,988.9,10.0,,,44,10,0.0,10,0.0,10,,,1.0,10,25.3,,,10.0,22.7,,,10.0,19.9,10.0,31.0,10,32.1,10.0,1602.0,10.0
2008-06-23T17:00+00:00,5805,275.0,0.0,262.0,10.0,280.0,10.0,1.2,10.0,4.3,10.0,988.6,10.0,,,51,10,0.0,10,0.0,10,,,1.0,10,25.2,,,10.0,22.8,,,10.0,19.9,10.0,30.2,10,33.1,10.0,1711.0,10.0
2008-06-23T18:00+00:00,5805,130.0,0.0,244.0,10.0,300.0,10.0,0.5,10.0,2.7,10.0,988.9,10.0,,,67,10,0.0,10,0.0,10,,,0.9,10,24.7,,,10.0,22.9,,,10.0,19.9,10.0,27.4,10,27.2,10.0,1804.0,10.0
2008-06-23T19:00+00:00,5805,24.0,0.0,299.0,10.0,250.0,10.0,0.6,10.0,2.4,10.0,989.6,10.0,,,73,10,0.0,10,0.0,10,,,0.0,10,24.2,,,10.0,23.0,,,10.0,19.9,10.0,25.7,10,23.5,10.0,1916.0,10.0
2008-06-23T20:00+00:00,5805,0.0,0.0,3.0,10.0,2.0,10.0,0.5,10.0,2.4,10.0,989.7,10.0,,,75,10,0.0,10,0.0,10,,,0.0,10,23.7,,,10.0,22.9,,,10.0,20.0,10.0,24.7,10,22.6,10.0,2017.0,10.0
2008-06-23T21:00+00:00,5805,0.0,0.0,349.0,10.0,340.0,10.0,0.4,10.0,2.7,10.0,990.5,10.0,,,78,10,0.2,10,10.0,10,,,0.0,10,23.4,,,10.0,22.8,,,10.0,20.0,10.0,23.9,10,21.4,10.0,2159.0,10.0
2008-06-23T22:00+00:00,5805,0.0,0.0,325.0,10.0,352.0,10.0,0.9,10.0,3.9,10.0,990.5,10.0,,,89,10,0.9,10,9.0,10,,,0.0,10,23.0,,,10.0,22.7,,,10.0,20.1,10.0,21.1,10,19.8,10.0,2300.0,10.0
2008-06-23T23:00+00:00,5805,0.0,0.0,6.0,10.0,6.0,10.0,0.4,10.0,2.7,10.0,991.1,10.0,,,92,10,0.0,10,0.0,10,,,0.0,10,22.6,,,10.0,22.6,,,10.0,20.1,10.0,20.2,10,19.3,10.0,2312.0,10.0
2008-06-24T00:00+00:00,5805,0.0,0.0,353.0,10.0,347.0,10.0,0.6,10.0,2.2,10.0,990.9,10.0,,,92,10,0.0,10,0.0,10,,,0.0,10,22.3,,,10.0,22.5,,,10.0,20.1,10.0,19.1,10,17.7,10.0,59.0,10.0
2008-06-24T01:00+00:00,5805,0.0,0.0,321.0,10.0,289.0,10.0,0.8,10.0,3.5,10.0,990.7,10.0,,,89,10,0.0,10,0.0,10,,,0.0,10,22.0,,,10.0,22.4,,,10.0,20.2,10.0,18.6,10,16.8,10.0,127.0,10.0
2008-06-24T02:00+00:00,5805,0.0,0.0,301.0,10.0,313.0,10.0,0.9,10.0,2.6,10.0,990.9,10.0,,,92,10,0.0,10,0.0,10,,,0.0,10,21.6,,,10.0,22.2,,,10.0,20.2,10.0,17.6,10,15.5,10.0,300.0,10.0
2008-06-24T03:00+00:00,5805,1.0,0.0,312.0,10.0,307.0,10.0,0.7,10.0,2.7,10.0,990.5,10.0,,,83,10,0.0,10,0.0,10,,,0.0,10,21.3,,,10.0,22.0,,,10.0,20.2,10.0,18.0,10,15.1,10.0,350.0,10.0
2008-06-24T04:00+00:00,5805,31.0,0.0,315.0,10.0,300.0,10.0,0.6,10.0,2.9,10.0,990.5,10.0,,,88,10,0.0,10,0.0,10,,,0.4,10,21.1,,,10.0,21.9,,,10.0,20.2,10.0,17.8,10,15.4,10.0,500.0,10.0
2008-06-24T05:00+00:00,5805,141.0,0.0,319.0,10.0,297.0,10.0,0.6,10.0,1.9,10.0,990.8,10.0,,,72,10,0.0,10,0.0,10,,,1.0,10,21.1,,,10.0,21.7,,,10.0,20.2,10.0,21.1,10,16.4,10.0,533.0,10.0
2008-06-24T06:00+00:00,5805,303.0,0.0,300.0,10.0,277.0,10.0,1.2,10.0,4.6,10.0,991.1,10.0,,,63,10,0.0,10,0.0,10,,,1.0,10,21.4,,,10.0,21.6,,,10.0,20.2,10.0,23.0,10,23.5,10.0,638.0,10.0
2008-06-24T07:00+00:00,5805,393.0,0.0,298.0,10.0,316.0,10.0,0.7,10.0,4.7,10.0,990.5,10.0,,,61,10,0.0,10,0.0,10,,,0.7,10,21.8,,,10.0,21.6,,,10.0,20.2,10.0,23.5,10,29.3,10.0,702.0,10.0
2008-06-24T08:00+00:00,5805,369.0,0.0,317.0,10.0,309.0,10.0,0.8,10.0,4.3,10.0,990.8,10.0,,,59,10,0.0,10,0.0,10,,,0.3,10,22.1,,,10.0,21.6,,,10.0,20.2,10.0,24.2,10,27.8,10.0,857.0,10.0
2008-06-24T09:00+00:00,5805,595.0,0.0,309.0,10.0,303.0,10.0,0.9,10.0,4.1,10.0,990.5,10.0,,,56,10,0.0,10,0.0,10,,,0.9,10,22.6,,,10.0,21.6,,,10.0,20.2,10.0,26.1,10,32.2,10.0,1000.0,10.0
2008-06-24T10:00+00:00,5805,811.0,0.0,343.0,10.0,302.0,10.0,0.3,10.0,3.1,10.0,990.3,10.0,,,57,10,0.0,10,0.0,10,,,1.0,10,23.3,,,10.0,21.8,,,10.0,20.2,10.0,26.5,10,27.1,10.0,1011.0,10.0
2008-06-24T11:00+00:00,5805,862.0,0.0,280.0,10.0,323.0,10.0,1.2,10.0,4.2,10.0,990.0,10.0,,,54,10,0.0,10,0.0,10,,,1.0,10,24.0,,,10.0,22.0,,,10.0,20.2,10.0,28.0,10,27.6,10.0,1132.0,10.0
2008-06-24T12:00+00:00,5805,856.0,0.0,292.0,10.0,72.0,10.0,0.6,10.0,5.2,10.0,989.3,10.0,,,49,10,0.0,10,0.0,10,,,1.0,10,24.9,,,10.0,22.4,,,10.0,20.2,10.0,29.0,10,31.1,10.0,1257.0,10.0
2008-06-24T13:00+00:00,5805,561.0,0.0,14.0,10.0,328.0,10.0,0.6,10.0,3.9,10.0,988.9,10.0,,,51,10,,10,,10,,,0.6,10,25.2,,,10.0,22.7,,,10.0,20.2,10.0,27.8,10,30.4,10.0,1313.0,10.0
2008-06-24T14:00+00:00,5805,160.0,0.0,104.0,10.0,116.0,10.0,1.0,10.0,9.5,10.0,990.0,10.0,,,65,10,,10,,10,,,0.0,10,24.8,,,10.0,23.0,,,10.0,20.2,10.0,22.8,10,23.9,10.0,1450.0,10.0
2008-06-24T15:00+00:00,5805,55.0,0.0,301.0,10.0,166.0,10.0,0.2,10.0,9.6,10.0,991.1,10.0,,,94,10,,10,,10,,,0.0,10,22.8,,,10.0,22.9,,,10.0,20.2,10.0,20.1,10,18.0,10.0,1510.0,10.0
2008-06-24T16:00+00:00,5805,96.0,0.0,261.0,10.0,292.0,10.0,0.6,10.0,4.0,10.0,991.0,10.0,,,92,10,,10,,10,,,0.0,10,22.7,,,10.0,22.8,,,10.0,20.2,10.0,20.5,10,20.5,10.0,1621.0,10.0
2008-06-24T17:00+00:00,5805,179.0,0.0,264.0,10.0,150.0,10.0,0.4,10.0,2.5,10.0,990.7,10.0,,,88,10,,10,,10,,,0.3,10,22.9,,,10.0,22.7,,,10.0,20.3,10.0,22.0,10,21.6,10.0,1717.0,10.0
2008-06-24T18:00+00:00,5805,147.0,0.0,301.0,10.0,305.0,10.0,0.7,10.0,2.4,10.0,990.5,10.0,,,90,10,0.0,10,0.0,10,,,1.0,10,22.9,,,10.0,22.6,,,10.0,20.3,10.0,21.1,10,20.8,10.0,1814.0,10.0
2008-06-24T19:00+00:00,5805,32.0,0.0,315.0,10.0,298.0,10.0,0.6,10.0,2.3,10.0,990.7,10.0,,,92,10,0.0,10,0.0,10,,,0.4,10,22.6,,,10.0,22.6,,,10.0,20.4,10.0,19.7,10,18.3,10.0,1942.0,10.0
2008-06-24T20:00+00:00,5805,0.0,0.0,360.0,10.0,18.0,10.0,0.3,10.0,1.5,10.0,991.2,10.0,,,95,10,0.0,10,0.0,10,,,0.0,10,22.3,,,10.0,22.5,,,10.0,20.4,10.0,18.7,10,16.9,10.0,2047.0,10.0
2008-06-24T21:00+00:00,5805,0.0,0.0,347.0,10.0,315.0,10.0,0.4,10.0,1.7,10.0,991.4,10.0,,,95,10,0.0,10,0.0,10,,,0.0,10,22.0,,,10.0,22.4,,,10.0,20.4,10.0,17.9,10,16.5,10.0,2159.0,10.0
2008-06-24T22:00+00:00,5805,0.0,0.0,314.0,10.0,306.0,10.0,0.7,10.0,2.8,10.0,991.2,10.0,,,96,10,0.0,10,0.0,10,,,0.0,10,21.8,,,10.0,22.3,,,10.0,20.4,10.0,18.0,10,16.3,10.0,2248.0,10.0
2008-06-24T23:00+00:00,5805,0.0,0.0,290.0,10.0,304.0,10.0,0.8,10.0,2.3,10.0,991.3,10.0,,,95,10,0.0,10,0.0,10,,,0.0,10,21.6,,,10.0,22.2,,,10.0,20.5,10.0,17.5,10,16.5,10.0,2303.0,10.0
2008-06-25T00:00+00:00,5805,0.0,0.0,324.0,10.0,293.0,10.0,0.5,10.0,1.8,10.0,991.5,10.0,,,95,10,0.0,10,0.0,10,,,0.0,10,21.5,,,10.0,22.0,,,10.0,20.5,10.0,16.5,10,15.6,10.0,55.0,10.0
2008-06-25T01:00+00:00,5805,0.0,0.0,22.0,10.0,22.0,10.0,0.4,10.0,1.5,10.0,991.4,10.0,,,96,10,0.0,10,0.0,10,,,0.0,10,21.3,,,10.0,21.9,,,10.0,20.5,10.0,16.5,10,16.1,10.0,102.0,10.0
2008-06-25T02:00+00:00,5805,0.0,0.0,347.0,10.0,304.0,10.0,0.2,10.0,1.2,10.0,991.3,10.0,,,95,10,0.0,10,0.0,10,,,0.0,10,21.2,,,10.0,21.8,,,10.0,20.5,10.0,16.7,10,16.6,10.0,253.0,10.0
2008-06-25T03:00+00:00,5805,0.0,0.0,272.0,10.0,287.0,10.0,0.1,10.0,0.9,10.0,991.0,10.0,,,94,10,0.0,10,0.0,10,,,0.0,10,21.1,,,10.0,21.7,,,10.0,20.5,10.0,16.4,10,16.1,10.0,346.0,10.0
2008-06-25T04:00+00:00,5805,29.0,0.0,273.0,10.0,231.0,10.0,0.2,10.0,1.4,10.0,991.1,10.0,,,94,10,0.0,10,0.0,10,,,0.0,10,20.9,,,10.0,21.6,,,10.0,20.5,10.0,16.4,10,15.3,10.0,429.0,10.0
2008-06-25T05:00+00:00,5805,120.0,0.0,289.0,10.0,268.0,10.0,0.1,10.0,1.0,10.0,990.9,10.0,,,92,10,0.0,10,0.0,10,,,0.4,10,21.0,,,10.0,21.5,,,10.0,20.5,10.0,18.0,10,16.7,10.0,504.0,10.0
2008-06-25T06:00+00:00,5805,146.0,0.0,116.0,10.0,166.0,10.0,0.2,10.0,2.7,10.0,991.2,10.0,,,89,10,0.0,10,0.0,10,,,0.1,10,21.1,,,10.0,21.5,,,10.0,20.5,10.0,19.4,10,20.8,10.0,654.0,10.0
2008-06-25T07:00+00:00,5805,391.0,0.0,130.0,10.0,113.0,10.0,1.2,10.0,3.4,10.0,991.2,10.0,,,76,10,0.0,10,0.0,10,,,0.7,10,21.5,,,10.0,21.4,,,10.0,20.5,10.0,21.6,10,23.4,10.0,734.0,10.0
2008-06-25T08:00+00:00,5805,594.0,0.0,129.0,10.0,135.0,10.0,1.7,10.0,5.2,10.0,990.7,10.0,,,72,10,0.0,10,0.0,10,,,1.0,10,22.1,,,10.0,21.5,,,10.0,20.4,10.0,23.0,10,32.0,10.0,852.0,10.0
2008-06-25T09:00+00:00,5805,708.0,0.0,118.0,10.0,126.0,10.0,2.8,10.0,7.2,10.0,990.7,10.0,,,69,10,0.0,10,0.0,10,,,1.0,10,22.6,,,10.0,21.6,,,10.0,20.4,10.0,23.9,10,33.4,10.0,945.0,10.0
2008-06-25T10:00+00:00,5805,796.0,0.0,134.0,10.0,164.0,10.0,2.6,10.0,6.5,10.0,990.2,10.0,,,65,10,0.0,10,0.0,10,,,1.0,10,23.2,,,10.0,21.7,,,10.0,20.4,10.0,25.1,10,34.2,10.0,1059.0,10.0
2008-06-25T11:00+00:00,5805,843.0,0.0,125.0,10.0,126.0,10.0,2.7,10.0,7.6,10.0,989.5,10.0,,,60,10,0.0,10,0.0,10,,,1.0,10,23.7,,,10.0,22.0,,,10.0,20.4,10.0,26.2,10,36.5,10.0,1150.0,10.0
2008-06-25T12:00+00:00,5805,839.0,0.0,140.0,10.0,146.0,10.0,2.5,10.0,6.9,10.0,988.9,10.0,,,60,10,0.0,10,0.0,10,,,1.0,10,24.3,,,10.0,22.2,,,10.0,20.4,10.0,27.1,10,37.2,10.0,1255.0,10.0
2008-06-25T13:00+00:00,5805,790.0,0.0,127.0,10.0,138.0,10.0,2.7,10.0,7.8,10.0,988.0,10.0,,,56,10,0.0,10,0.0,10,,,1.0,10,24.8,,,10.0,22.6,,,10.0,20.4,10.0,28.1,10,35.6,10.0,1352.0,10.0
2008-06-25T14:00+00:00,5805,697.0,0.0,126.0,10.0,100.0,10.0,2.9,10.0,7.6,10.0,987.3,10.0,,,53,10,0.0,10,0.0,10,,,1.0,10,25.1,,,10.0,22.9,,,10.0,20.4,10.0,28.5,10,31.0,10.0,1412.0,10.0
2008-06-25T15:00+00:00,5805,571.0,0.0,133.0,10.0,130.0,10.0,2.6,10.0,7.3,10.0,986.5,10.0,,,54,10,0.0,10,0.0,10,,,1.0,10,25.3,,,10.0,23.1,,,10.0,20.4,10.0,29.2,10,29.9,10.0,1505.0,10.0
2008-06-25T16:00+00:00,5805,417.0,0.0,128.0,10.0,108.0,10.0,2.7,10.0,7.3,10.0,985.8,10.0,,,54,10,0.0,10,0.0,10,,,1.0,10,25.3,,,10.0,23.3,,,10.0,20.4,10.0,29.2,10,30.5,10.0,1644.0,10.0
2008-06-25T17:00+00:00,5805,259.0,0.0,128.0,10.0,125.0,10.0,2.0,10.0,5.6,10.0,985.4,10.0,,,55,10,0.0,10,5.0,10,,,1.0,10,25.2,,,10.0,23.5,,,10.0,20.4,10.0,29.1,10,30.1,10.0,1711.0,10.0
2008-06-25T18:00+00:00,5805,119.0,0.0,118.0,10.0,138.0,10.0,2.1,10.0,6.1,10.0,984.4,10.0,,,59,10,0.0,10,3.0,10,,,0.9,10,24.9,,,10.0,23.5,,,10.0,20.5,10.0,28.1,10,26.6,10.0,1814.0,10.0
2008-06-25T19:00+00:00,5805,12.0,0.0,80.0,10.0,140.0,10.0,1.4,10.0,4.9,10.0,985.4,10.0,,,63,10,0.0,10,1.0,10,,,0.0,10,24.5,,,10.0,23.6,,,10.0,20.5,10.0,26.8,10,23.9,10.0,1903.0,10.0
2008-06-25T20:00+00:00,5805,0.0,0.0,347.0,10.0,349.0,10.0,0.2,10.0,4.6,10.0,987.7,10.0,,,92,10,2.4,10,22.0,10,,,0.0,10,24.2,,,10.0,23.5,,,10.0,20.6,10.0,23.5,10,22.6,10.0,2010.0,10.0
2008-06-25T21:00+00:00,5805,0.0,0.0,293.0,10.0,255.0,10.0,5.0,10.0,22.3,10.0,992.5,10.0,,,91,10,22.8,10,56.0,10,,,0.0,10,22.6,,,10.0,23.4,,,10.0,20.6,10.0,18.9,10,17.8,10.0,2114.0,10.0
2008-06-25T22:00+00:00,5805,0.0,0.0,304.0,10.0,303.0,10.0,2.7,10.0,8.3,10.0,991.5,10.0,,,91,10,2.1,10,60.0,10,,,0.0,10,22.2,,,10.0,23.2,,,10.0,20.7,10.0,18.5,10,17.7,10.0,2237.0,10.0
2008-06-25T23:00+00:00,5805,0.0,0.0,310.0,10.0,308.0,10.0,1.3,10.0,4.4,10.0,989.1,10.0,,,94,10,0.5,10,30.0,10,,,0.0,10,22.1,,,10.0,23.0,,,10.0,20.8,10.0,18.2,10,17.6,10.0,2353.0,10.0
2008-06-26T00:00+00:00,5805,0.0,0.0,311.0,10.0,329.0,10.0,1.7,10.0,5.2,10.0,990.2,10.0,,,87,10,0.0,10,0.0,10,,,0.0,10,22.0,,,10.0,22.8,,,10.0,20.8,10.0,18.6,10,17.5,10.0,35.0,10.0
2008-06-26T01:00+00:00,5805,0.0,0.0,300.0,10.0,319.0,10.0,2.5,10.0,7.0,10.0,990.7,10.0,,,84,10,0.0,10,0.0,10,,,0.0,10,21.9,,,10.0,22.6,,,10.0,20.9,10.0,19.1,10,17.5,10.0,145.0,10.0
2008-06-26T02:00+00:00,5805,0.0,0.0,299.0,10.0,272.0,10.0,1.9,10.0,5.5,10.0,990.7,10.0,,,84,10,0.0,10,6.0,10,,,0.0,10,21.8,,,10.0,22.5,,,10.0,20.9,10.0,19.4,10,17.6,10.0,253.0,10.0
2008-06-26T03:00+00:00,5805,0.0,0.0,293.0,10.0,288.0,10.0,1.3,10.0,5.1,10.0,991.4,10.0,,,86,10,0.0,10,0.0,10,,,0.0,10,21.7,,,10.0,22.4,,,10.0,20.9,10.0,19.3,10,17.7,10.0,341.0,10.0
2008-06-26T04:00+00:00,5805,21.0,0.0,314.0,10.0,300.0,10.0,0.9,10.0,3.8,10.0,991.8,10.0,,,90,10,0.0,10,0.0,10,,,0.0,10,21.6,,,10.0,22.3,,,10.0,20.9,10.0,18.9,10,17.6,10.0,455.0,10.0
2008-06-26T05:00+00:00,5805,122.0,0.0,298.0,10.0,292.0,10.0,1.7,10.0,5.0,10.0,992.1,10.0,,,80,10,0.0,10,0.0,10,,,0.8,10,21.6,,,10.0,22.2,,,10.0,20.9,10.0,21.1,10,18.0,10.0,558.0,10.0
2008-06-26T06:00+00:00,5805,271.0,0.0,291.0,10.0,302.0,10.0,2.2,10.0,4.9,10.0,992.2,10.0,,,74,10,0.0,10,0.0,10,,,1.0,10,21.8,,,10.0,22.1,,,10.0,20.9,10.0,22.5,10,23.0,10.0,650.0,10.0
2008-06-26T07:00+00:00,5805,340.0,0.0,292.0,10.0,299.0,10.0,1.9,10.0,5.1,10.0,992.3,10.0,,,73,10,0.0,10,13.0,10,,,0.7,10,22.1,,,10.0,22.1,,,10.0,20.9,10.0,23.3,10,28.3,10.0,727.0,10.0
2008-06-26T08:00+00:00,5805,409.0,0.0,299.0,10.0,317.0,10.0,2.1,10.0,5.8,10.0,992.6,10.0,,,67,10,0.0,10,32.0,10,,,0.5,10,22.4,,,10.0,22.1,,,10.0,20.9,10.0,24.3,10,27.4,10.0,856.0,10.0
2008-06-26T09:00+00:00,5805,696.0,0.0,290.0,10.0,291.0,10.0,2.8,10.0,6.7,10.0,992.9,10.0,,,62,10,0.0,10,36.0,10,,,1.0,10,22.9,,,10.0,22.1,,,10.0,20.9,10.0,25.5,10,33.4,10.0,940.0,10.0
2008-06-26T10:00+00:00,5805,536.0,0.0,288.0,10.0,305.0,10.0,2.3,10.0,5.5,10.0,992.9,10.0,,,63,10,0.0,10,15.0,10,,,0.6,10,23.3,,,10.0,22.2,,,10.0,20.9,10.0,25.4,10,32.9,10.0,1008.0,10.0
2008-06-26T11:00+00:00,5805,378.0,0.0,335.0,10.0,4.0,10.0,0.7,10.0,4.0,10.0,992.6,10.0,,,65,10,0.0,10,0.0,10,,,0.2,10,23.5,,,10.0,22.4,,,10.0,20.9,10.0,25.5,10,30.5,10.0,1104.0,10.0
2008-06-26T12:00+00:00,5805,369.0,0.0,333.0,10.0,356.0,10.0,0.8,10.0,4.0,10.0,992.1,10.0,,,64,10,0.0,10,0.0,10,,,0.1,10,23.8,,,10.0,22.6,,,10.0,20.9,10.0,25.9,10,31.7,10.0,1223.0,10.0
2008-06-26T13:00+00:00,5805,537.0,0.0,349.0,10.0,325.0,10.0,0.6,10.0,3.4,10.0,991.8,10.0,,,60,10,0.0,10,1.0,10,,,0.5,10,24.2,,,10.0,22.7,,,10.0,20.8,10.0,26.6,10,32.5,10.0,1318.0,10.0
2008-06-26T14:00+00:00,5805,535.0,0.0,323.0,10.0,299.0,10.0,0.9,10.0,3.8,10.0,991.8,10.0,,,57,10,0.0,10,13.0,10,,,0.5,10,24.5,,,10.0,22.8,,,10.0,20.8,10.0,26.0,10,31.6,10.0,1419.0,10.0
2008-06-26T15:00+00:00,5805,284.0,0.0,335.0,10.0,350.0,10.0,0.8,10.0,3.9,10.0,991.8,10.0,,,65,10,0.0,10,9.0,10,,,0.3,10,24.5,,,10.0,23.0,,,10.0,20.9,10.0,24.9,10,27.0,10.0,1528.0,10.0
2008-06-26T16:00+00:00,5805,97.0,0.0,305.0,10.0,349.0,10.0,0.7,10.0,5.6,10.0,992.1,10.0,,,89,10,1.5,10,39.0,10,,,0.0,10,24.0,,,10.0,23.1,,,10.0,20.9,10.0,21.3,10,20.4,10.0,1612.0,10.0
2008-06-26T17:00+00:00,5805,54.0,0.0,280.0,10.0,291.0,10.0,0.8,10.0,3.1,10.0,991.5,10.0,,,91,10,0.0,10,4.0,10,,,0.0,10,23.7,,,10.0,23.2,,,10.0,20.9,10.0,21.0,10,21.1,10.0,1743.0,10.0
2008-06-26T18:00+00:00,5805,23.0,0.0,280.0,10.0,290.0,10.0,0.7,10.0,2.9,10.0,991.9,10.0,,,94,10,0.2,10,6.0,10,,,0.0,10,23.5,,,10.0,23.1,,,10.0,20.9,10.0,20.5,10,20.2,10.0,1827.0,10.0
2008-06-26T19:00+00:00,5805,1.0,0.0,285.0,10.0,271.0,10.0,0.7,10.0,4.0,10.0,991.5,10.0,,,94,10,3.2,10,53.0,10,,,0.0,10,23.2,,,10.0,23.1,,,10.0,20.9,10.0,20.1,10,19.5,10.0,1952.0,10.0
2008-06-26T20:00+00:00,5805,0.0,0.0,269.0,10.0,278.0,10.0,0.5,10.0,3.1,10.0,992.1,10.0,,,94,10,0.6,10,45.0,10,,,0.0,10,23.0,,,10.0,23.1,,,10.0,20.9,10.0,19.8,10,19.3,10.0,2055.0,10.0
2008-06-26T21:00+00:00,5805,0.0,0.0,281.0,10.0,128.0,10.0,0.3,10.0,1.9,10.0,993.0,10.0,,,94,10,2.2,10,60.0,10,,,0.0,10,22.7,,,10.0,23.0,,,10.0,21.0,10.0,19.6,10,19.1,10.0,2105.0,10.0
2008-06-26T22:00+00:00,5805,0.0,0.0,0.0,10.0,302.0,10.0,0.0,10.0,1.8,10.0,993.0,10.0,,,94,10,2.4,10,60.0,10,,,0.0,10,22.6,,,10.0,22.9,,,10.0,21.0,10.0,19.1,10,18.8,10.0,2224.0,10.0
2008-06-26T23:00+00:00,5805,0.0,0.0,158.0,10.0,129.0,10.0,0.2,10.0,2.2,10.0,992.2,10.0,,,95,10,2.3,10,50.0,10,,,0.0,10,22.4,,,10.0,22.8,,,10.0,21.1,10.0,18.8,10,18.6,10.0,2315.0,10.0
2008-06-27T00:00+00:00,5805,0.0,0.0,296.0,10.0,292.0,10.0,0.1,10.0,2.6,10.0,992.2,10.0,,,95,10,0.2,10,28.0,10,,,0.0,10,22.2,,,10.0,22.7,,,10.0,21.1,10.0,18.7,10,18.4,10.0,20.0,10.0
2008-06-27T01:00+00:00,5805,0.0,0.0,290.0,10.0,208.0,10.0,0.1,10.0,1.7,10.0,990.4,10.0,,,95,10,0.0,10,0.0,10,,,0.0,10,22.1,,,10.0,22.6,,,10.0,21.1,10.0,18.4,10,18.0,10.0,133.0,10.0
2008-06-27T02:00+00:00,5805,0.0,0.0,295.0,10.0,275.0,10.0,0.3,10.0,1.6,10.0,990.2,10.0,,,95,10,0.0,10,0.0,10,,,0.0,10,22.0,,,10.0,22.5,,,10.0,21.1,10.0,18.1,10,17.3,10.0,222.0,10.0
2008-06-27T03:00+00:00,5805,0.0,0.0,322.0,10.0,299.0,10.0,0.4,10.0,2.3,10.0,990.2,10.0,,,95,10,0.0,10,0.0,10,,,0.0,10,21.8,,,10.0,22.4,,,10.0,21.1,10.0,17.8,10,17.2,10.0,346.0,10.0
2008-06-27T04:00+00:00,5805,19.0,0.0,315.0,10.0,348.0,10.0,0.1,10.0,1.2,10.0,990.4,10.0,,,95,10,0.0,10,0.0,10,,,0.0,10,21.7,,,10.0,22.3,,,10.0,21.1,10.0,17.9,10,17.2,10.0,455.0,10.0
2008-06-27T05:00+00:00,5805,100.0,0.0,360.0,10.0,354.0,10.0,0.4,10.0,1.7,10.0,991.0,10.0,,,91,10,0.0,10,0.0,10,,,0.1,10,21.7,,,10.0,22.2,,,10.0,21.1,10.0,18.9,10,18.0,10.0,536.0,10.0
2008-06-27T06:00+00:00,5805,217.0,0.0,321.0,10.0,320.0,10.0,1.0,10.0,3.4,10.0,991.1,10.0,,,85,10,0.0,10,0.0,10,,,0.7,10,21.8,,,10.0,22.2,,,10.0,21.1,10.0,19.9,10,21.3,10.0,641.0,10.0
2008-06-27T07:00+00:00,5805,464.0,0.0,288.0,10.0,315.0,10.0,1.7,10.0,6.3,10.0,990.7,10.0,,,71,10,0.0,10,0.0,10,,,1.0,10,22.1,,,10.0,22.1,,,10.0,21.1,10.0,22.4,10,24.5,10.0,759.0,10.0
2008-06-27T08:00+00:00,5805,553.0,0.0,296.0,10.0,318.0,10.0,2.4,10.0,6.2,10.0,990.9,10.0,,,66,10,0.0,10,0.0,10,,,1.0,10,22.4,,,10.0,22.1,,,10.0,21.1,10.0,23.1,10,31.5,10.0,855.0,10.0
2008-06-27T09:00+00:00,5805,703.0,0.0,298.0,10.0,321.0,10.0,2.1,10.0,7.1,10.0,990.5,10.0,,,59,10,0.0,10,0.0,10,,,0.9,10,22.9,,,10.0,22.2,,,10.0,21.1,10.0,24.7,10,34.9,10.0,948.0,10.0
2008-06-27T10:00+00:00,5805,610.0,0.0,289.0,10.0,310.0,10.0,2.4,10.0,6.4,10.0,990.5,10.0,,,59,10,0.0,10,0.0,10,,,0.5,10,23.3,,,10.0,22.3,,,10.0,21.1,10.0,24.9,10,32.3,10.0,1005.0,10.0
2008-06-27T11:00+00:00,5805,761.0,0.0,279.0,10.0,293.0,10.0,2.4,10.0,5.8,10.0,990.1,10.0,,,50,10,0.0,10,0.0,10,,,0.8,10,23.8,,,10.0,22.4,,,10.0,21.1,10.0,24.6,10,32.0,10.0,1118.0,10.0
2008-06-27T12:00+00:00,5805,248.0,0.0,280.0,10.0,303.0,10.0,2.2,10.0,4.6,10.0,990.2,10.0,,,59,10,0.0,10,9.0,10,,,0.0,10,23.8,,,10.0,22.7,,,10.0,21.1,10.0,24.0,10,27.8,10.0,1203.0,10.0
2008-06-27T13:00+00:00,5805,226.0,0.0,283.0,10.0,306.0,10.0,2.5,10.0,6.1,10.0,989.8,10.0,,,78,10,0.3,10,24.0,10,,,0.0,10,23.8,,,10.0,22.8,,,10.0,21.1,10.0,22.5,10,22.2,10.0,1359.0,10.0
2008-06-27T14:00+00:00,5805,525.0,0.0,278.0,10.0,288.0,10.0,3.2,10.0,7.6,10.0,989.5,10.0,,,57,10,0.0,10,0.0,10,,,0.6,10,23.9,,,10.0,22.9,,,10.0,21.1,10.0,24.4,10,23.1,10.0,1459.0,10.0
2008-06-27T15:00+00:00,5805,615.0,0.0,285.0,10.0,287.0,10.0,3.8,10.0,9.4,10.0,989.3,10.0,,,54,10,0.0,10,0.0,10,,,1.0,10,24.3,,,10.0,23.0,,,10.0,21.1,10.0,25.3,10,25.5,10.0,1517.0,10.0
2008-06-27T16:00+00:00,5805,468.0,0.0,288.0,10.0,287.0,10.0,3.9,10.0,9.6,10.0,989.0,10.0,,,53,10,0.0,10,0.0,10,,,1.0,10,24.5,,,10.0,23.1,,,10.0,21.1,10.0,25.1,10,26.2,10.0,1633.0,10.0
2008-06-27T17:00+00:00,5805,322.0,0.0,288.0,10.0,273.0,10.0,4.2,10.0,10.9,10.0,989.1,10.0,,,54,10,0.0,10,0.0,10,,,1.0,10,24.4,,,10.0,23.3,,,10.0,21.1,10.0,24.5,10,26.2,10.0,1708.0,10.0
2008-06-27T18:00+00:00,5805,102.0,0.0,298.0,10.0,309.0,10.0,2.7,10.0,7.7,10.0,989.5,10.0,,,58,10,0.0,10,0.0,10,,,0.5,10,23.9,,,10.0,23.3,,,10.0,21.1,10.0,22.7,10,20.5,10.0,1816.0,10.0
2008-06-27T19:00+00:00,5805,37.0,0.0,301.0,10.0,301.0,10.0,1.3,10.0,6.1,10.0,989.9,10.0,,,66,10,0.0,10,0.0,10,,,0.4,10,23.5,,,10.0,23.3,,,10.0,21.1,10.0,21.4,10,18.5,10.0,1928.0,10.0
2008-06-27T20:00+00:00,5805,0.0,0.0,296.0,10.0,289.0,10.0,1.8,10.0,4.3,10.0,990.7,10.0,,,70,10,0.0,10,0.0,10,,,0.0,10,23.1,,,10.0,23.2,,,10.0,21.2,10.0,20.7,10,17.2,10.0,2030.0,10.0
2008-06-27T21:00+00:00,5805,0.0,0.0,311.0,10.0,325.0,10.0,1.5,10.0,5.7,10.0,991.2,10.0,,,72,10,0.0,10,0.0,10,,,0.0,10,22.8,,,10.0,23.1,,,10.0,21.2,10.0,20.3,10,17.0,10.0,2115.0,10.0
2008-06-27T22:00+00:00,5805,0.0,0.0,334.0,10.0,297.0,10.0,1.0,10.0,3.6,10.0,991.9,10.0,,,79,10,0.0,10,0.0,10,,,0.0,10,22.5,,,10.0,23.0,,,10.0,21.2,10.0,18.4,10,15.8,10.0,2256.0,10.0
2008-06-27T23:00+00:00,5805,0.0,0.0,329.0,10.0,311.0,10.0,0.6,10.0,2.4,10.0,992.3,10.0,,,80,10,0.0,10,0.0,10,,,0.0,10,22.2,,,10.0,22.9,,,10.0,21.2,10.0,17.4,10,14.3,10.0,2351.0,10.0
2008-06-28T00:00+00:00,5805,0.0,0.0,100.0,10.0,351.0,10.0,0.1,10.0,2.0,10.0,993.1,10.0,,,90,10,0.0,10,0.0,10,,,0.0,10,21.9,,,10.0,22.7,,,10.0,21.2,10.0,15.7,10,13.5,10.0,100.0,10.0
2008-06-28T01:00+00:00,5805,0.0,0.0,104.0,10.0,132.0,10.0,0.2,10.0,1.4,10.0,993.5,10.0,,,92,10,0.0,10,0.0,10,,,0.0,10,21.6,,,10.0,22.6,,,10.0,21.3,10.0,14.9,10,13.0,10.0,140.0,10.0
2008-06-28T02:00+00:00,5805,0.0,0.0,85.0,10.0,84.0,10.0,0.1,10.0,1.3,10.0,993.6,10.0,,,91,10,0.0,10,0.0,10,,,0.0,10,21.3,,,10.0,22.4,,,10.0,21.3,10.0,14.3,10,12.2,10.0,221.0,10.0
2008-06-28T03:00+00:00,5805,1.0,0.0,314.0,10.0,300.0,10.0,0.3,10.0,1.4,10.0,994.2,10.0,,,93,10,0.0,10,0.0,10,,,0.0,10,21.0,,,10.0,22.3,,,10.0,21.3,10.0,13.4,10,11.3,10.0,350.0,10.0
2008-06-28T04:00+00:00,5805,19.0,0.0,304.0,10.0,289.0,10.0,0.2,10.0,1.5,10.0,994.1,10.0,,,90,10,0.0,10,0.0,10,,,0.0,10,20.8,,,10.0,22.1,,,10.0,21.3,10.0,14.1,10,11.8,10.0,425.0,10.0
2008-06-28T05:00+00:00,5805,85.0,0.0,293.0,10.0,304.0,10.0,0.8,10.0,3.5,10.0,994.1,10.0,,,83,10,0.0,10,0.0,10,,,0.0,10,20.8,,,10.0,22.0,,,10.0,21.3,10.0,15.9,10,13.9,10.0,518.0,10.0
2008-06-28T06:00+00:00,5805,292.0,0.0,291.0,10.0,270.0,10.0,0.2,10.0,1.4,10.0,994.5,10.0,,,61,10,0.0,10,0.0,10,,,1.0,10,21.0,,,10.0,21.9,,,10.0,21.2,10.0,19.6,10,17.8,10.0,603.0,10.0
2008-06-28T07:00+00:00,5805,468.0,0.0,275.0,10.0,276.0,10.0,0.7,10.0,4.0,10.0,994.3,10.0,,,56,10,0.0,10,0.0,10,,,1.0,10,21.3,,,10.0,21.8,,,10.0,21.2,10.0,20.8,10,29.5,10.0,757.0,10.0
2008-06-28T08:00+00:00,5805,524.0,0.0,287.0,10.0,269.0,10.0,2.3,10.0,6.7,10.0,993.8,10.0,,,55,10,0.0,10,0.0,10,,,0.8,10,21.6,,,10.0,21.7,,,10.0,21.2,10.0,21.6,10,29.8,10.0,857.0,10.0
2008-06-28T09:00+00:00,5805,662.0,0.0,282.0,10.0,290.0,10.0,3.9,10.0,10.2,10.0,993.5,10.0,,,52,10,0.0,10,0.0,10,,,0.8,10,22.0,,,10.0,21.8,,,10.0,21.2,10.0,22.9,10,28.8,10.0,951.0,10.0
2008-06-28T10:00+00:00,5805,814.0,0.0,283.0,10.0,272.0,10.0,3.6,10.0,9.1,10.0,993.3,10.0,,,50,10,0.0,10,0.0,10,,,1.0,10,22.5,,,10.0,21.8,,,10.0,21.2,10.0,23.3,10,35.2,10.0,1022.0,10.0
2008-06-28T11:00+00:00,5805,895.0,0.0,285.0,10.0,289.0,10.0,4.2,10.0,10.5,10.0,993.0,10.0,,,48,10,0.0,10,0.0,10,,,1.0,10,23.1,,,10.0,22.0,,,10.0,21.1,10.0,24.3,10,36.0,10.0,1148.0,10.0
2008-06-28T12:00+00:00,5805,914.0,0.0,284.0,10.0,294.0,10.0,4.1,10.0,10.1,10.0,992.6,10.0,,,47,10,0.0,10,0.0,10,,,1.0,10,23.7,,,10.0,22.2,,,10.0,21.1,10.0,25.5,10,36.1,10.0,1223.0,10.0
2008-06-28T13:00+00:00,5805,783.0,0.0,282.0,10.0,258.0,10.0,4.3,10.0,9.8,10.0,992.6,10.0,,,48,10,0.0,10,0.0,10,,,0.8,10,24.1,,,10.0,22.4,,,10.0,21.1,10.0,24.7,10,31.6,10.0,1341.0,10.0
2008-06-28T14:00+00:00,5805,296.0,0.0,289.0,10.0,303.0,10.0,3.1,10.0,9.0,10.0,992.6,10.0,,,49,10,0.0,10,0.0,10,,,0.1,10,24.0,,,10.0,22.7,,,10.0,21.1,10.0,23.8,10,26.7,10.0,1408.0,10.0
2008-06-28T15:00+00:00,5805,519.0,0.0,286.0,10.0,292.0,10.0,3.2,10.0,9.3,10.0,992.3,10.0,,,48,10,0.0,10,0.0,10,,,0.8,10,24.2,,,10.0,22.9,,,10.0,21.1,10.0,24.6,10,25.5,10.0,1544.0,10.0
2008-06-28T16:00+00:00,5805,429.0,0.0,291.0,10.0,312.0,10.0,3.0,10.0,8.4,10.0,992.2,10.0,,,46,10,0.0,10,0.0,10,,,0.9,10,24.2,,,10.0,23.0,,,10.0,21.1,10.0,25.2,10,25.5,10.0,1639.0,10.0
2008-06-28T17:00+00:00,5805,323.0,0.0,286.0,10.0,292.0,10.0,2.6,10.0,6.4,10.0,992.2,10.0,,,48,10,0.0,10,0.0,10,,,1.0,10,24.2,,,10.0,23.1,,,10.0,21.1,10.0,24.8,10,26.5,10.0,1740.0,10.0
2008-06-28T18:00+00:00,5805,160.0,0.0,294.0,10.0,295.0,10.0,1.8,10.0,5.2,10.0,992.5,10.0,,,54,10,0.0,10,0.0,10,,,1.0,10,23.8,,,10.0,23.1,,,10.0,21.1,10.0,22.7,10,20.1,10.0,1817.0,10.0
2008-06-28T19:00+00:00,5805,29.0,0.0,293.0,10.0,302.0,10.0,0.5,10.0,2.5,10.0,992.6,10.0,,,71,10,0.0,10,0.0,10,,,0.4,10,23.3,,,10.0,23.1,,,10.0,21.1,10.0,20.1,10,17.2,10.0,1904.0,10.0
2008-06-28T20:00+00:00,5805,0.0,0.0,9.0,10.0,300.0,10.0,0.2,10.0,1.0,10.0,993.1,10.0,,,84,10,0.0,10,0.0,10,,,0.0,10,22.9,,,10.0,23.1,,,10.0,21.1,10.0,18.4,10,15.9,10.0,2100.0,10.0
2008-06-28T21:00+00:00,5805,0.0,0.0,29.0,10.0,20.0,10.0,0.3,10.0,1.4,10.0,993.3,10.0,,,87,10,0.0,10,0.0,10,,,0.0,10,22.5,,,10.0,23.0,,,10.0,21.2,10.0,17.4,10,15.3,10.0,2159.0,10.0
2008-06-28T22:00+00:00,5805,0.0,0.0,18.0,10.0,24.0,10.0,0.3,10.0,1.4,10.0,993.5,10.0,,,89,10,0.0,10,0.0,10,,,0.0,10,22.2,,,10.0,22.8,,,10.0,21.2,10.0,16.5,10,14.3,10.0,2300.0,10.0
2008-06-28T23:00+00:00,5805,0.0,0.0,11.0,10.0,6.0,10.0,0.3,10.0,1.2,10.0,993.5,10.0,,,90,10,0.0,10,0.0,10,,,0.0,10,21.8,,,10.0,22.7,,,10.0,21.2,10.0,16.2,10,13.9,10.0,2359.0,10.0
2008-06-29T00:00+00:00,5805,0.0,0.0,12.0,10.0,357.0,10.0,0.2,10.0,1.4,10.0,993.6,10.0,,,92,10,0.0,10,0.0,10,,,0.0,10,21.6,,,10.0,22.6,,,10.0,21.2,10.0,15.5,10,13.4,10.0,2.0,10.0
