time,station,cglo,cglo_flag,dd,dd_flag,ddx,ddx_flag,ff,ff_flag,ffx,ffx_flag,p,p_flag,pred,pred_flag,rf,rf_flag,rr,rr_flag,rrm,rrm_flag,sh,sh_flag,so_h,so_h_flag,tb10,tb100,tb100_flag,tb10_flag,tb20,tb200,tb200_flag,tb20_flag,tb50,tb50_flag,tl,tl_flag,tsmin,tsmin_flag,zeitx,zeitx_flag
2008-01-01T00:00+00:00,5904,0,0,299,10,280,10,4.0,10,7.2,10,999.6,10,,,83,10,0.0,10,14,10,23.0,0.0,0.0,10,0.3,4.7,0,10,0.5,8.8,0,10,2.3,10,1.7,10,0.1,10,7,10
2008-01-01T01:00+00:00,5904,0,0,304,10,322,10,4.3,10,7.8,10,999.6,10,,,87,10,0.0,10,45,10,23.0,0.0,0.0,10,0.3,4.7,0,10,0.5,8.8,0,10,2.3,10,1.3,10,0.2,10,146,10
2008-01-01T02:00+00:00,5904,0,0,315,10,319,10,3.8,10,8.3,10,999.5,10,,,91,10,0.5,10,56,10,23.0,0.0,0.0,10,0.3,4.7,0,10,0.5,8.8,0,10,2.3,10,0.9,10,0.0,10,243,10
2008-01-01T03:00+00:00,5904,0,0,319,10,323,10,3.9,10,8.1,10,999.1,10,,,91,10,0.3,10,56,10,23.0,0.0,0.0,10,0.3,4.7,0,10,0.5,8.8,0,10,2.3,10,0.9,10,0.1,10,304,10
2008-01-01T04:00+00:00,5904,0,0,330,10,324,10,3.1,10,7.4,10,998.8,10,,,93,10,0.6,10,51,10,23.0,0.0,0.0,10,0.3,4.7,0,10,0.5,8.8,0,10,2.3,10,0.7,10,0.0,10,409,10
2008-01-01T05:00+00:00,5904,0,0,308,10,300,10,3.5,10,7.1,10,998.6,10,,,90,10,0.0,10,33,10,23.0,0.0,0.0,10,0.3,4.7,0,10,0.5,8.8,0,10,2.3,10,1.0,10,0.0,10,540,10
2008-01-01T06:00+00:00,5904,0,0,320,10,300,10,4.0,10,7.9,10,998.8,10,,,90,10,0.0,10,40,10,23.0,0.0,0.0,10,0.3,4.7,0,10,0.5,8.8,0,10,2.3,10,1.0,10,0.0,10,617,10
2008-01-01T07:00+00:00,5904,1,0,322,10,324,10,3.5,10,6.9,10,998.9,10,,,89,10,0.0,10,19,10,23.0,0.0,0.0,10,0.3,4.7,0,10,0.5,8.8,0,10,2.3,10,0.8,10,0.0,10,751,10
2008-01-01T08:00+00:00,5904,26,0,315,10,291,10,3.2,10,7.2,10,999.0,10,,,88,10,0.0,10,11,10,23.0,0.0,0.0,10,0.3,4.7,0,10,0.5,8.8,0,10,2.3,10,1.1,10,0.1,10,842,10
2008-01-01T09:00+00:00,5904,67,0,316,10,334,10,3.0,10,7.1,10,999.3,10,,,85,10,0.0,10,10,10,23.0,0.0,0.0,10,0.3,4.7,0,10,0.5,8.8,0,10,2.3,10,1.4,10,0.2,10,908,10
2008-01-01T10:00+00:00,5904,135,0,326,10,333,10,3.4,10,6.9,10,999.1,10,,,81,10,0.0,10,1,10,23.0,0.0,0.0,10,0.3,4.7,0,10,0.5,8.8,0,10,2.3,10,1.7,10,0.6,10,1032,10
2008-01-01T11:00+00:00,5904,120,0,329,10,321,10,4.1,10,8.7,10,998.9,10,,,81,10,0.0,10,12,10,23.0,0.0,0.0,10,0.3,4.7,0,10,0.5,8.8,0,10,2.3,10,1.5,10,0.6,10,1141,10
2008-01-01T12:00+00:00,5904,109,0,337,10,307,10,3.4,10,8.2,10,998.8,10,,,79,10,0.0,10,0,10,23.0,0.0,0.0,10,0.4,4.7,0,10,0.5,8.8,0,10,2.3,10,1.7,10,0.7,10,1300,10
2008-01-01T13:00+00:00,5904,93,0,330,10,320,10,3.2,10,7.2,10,998.6,10,,,78,10,0.0,10,0,10,23.0,0.0,0.2,10,0.4,4.7,0,10,0.5,8.8,0,10,2.3,10,1.4,10,-0.2,10,1324,10
2008-01-01T14:00+00:00,5904,118,0,323,10,322,10,3.8,10,6.9,10,998.7,10,,,79,10,0.0,10,0,10,23.0,0.0,0.7,10,0.3,4.7,0,10,0.5,8.8,0,10,2.3,10,1.0,10,-0.4,10,1416,10
2008-01-01T15:00+00:00,5904,24,0,334,10,329,10,3.5,10,8.1,10,999.0,10,,,76,10,0.0,10,0,10,23.0,0.0,0.0,10,0.4,4.7,0,10,0.5,8.8,0,10,2.3,10,1.2,10,-0.7,10,1535,10
2008-01-01T16:00+00:00,5904,1,0,339,10,332,10,3.4,10,8.0,10,999.0,10,,,78,10,0.0,10,0,10,23.0,0.0,0.0,10,0.4,4.6,0,10,0.5,8.8,0,10,2.3,10,1.0,10,0.0,10,1636,10
2008-01-01T17:00+00:00,5904,0,0,327,10,325,10,3.3,10,6.0,10,999.2,10,,,80,10,0.0,10,9,10,23.0,0.0,0.0,10,0.4,4.7,0,10,0.5,8.8,0,10,2.3,10,1.0,10,0.0,10,1714,10
2008-01-01T18:00+00:00,5904,0,0,332,10,335,10,3.1,10,6.2,10,999.1,10,,,82,10,0.0,10,1,10,23.0,0.0,0.0,10,0.4,4.7,0,10,0.5,8.8,0,10,2.3,10,0.3,10,-2.3,10,1823,10
2008-01-01T19:00+00:00,5904,0,0,334,10,340,10,2.2,10,5.1,10,999.4,10,,,85,10,0.0,10,0,10,23.0,0.0,0.0,10,0.3,4.7,0,10,0.5,8.8,0,10,2.3,10,-0.6,10,-3.4,10,2000,10
2008-01-01T20:00+00:00,5904,0,0,355,10,347,10,2.3,10,5.8,10,999.5,10,,,84,10,0.0,10,0,10,23.0,0.0,0.0,10,0.4,4.6,0,10,0.5,8.8,0,10,2.3,10,0.6,10,-3.4,10,2059,10
2008-01-01T21:00+00:00,5904,0,0,360,10,5,10,3.2,10,7.0,10,999.4,10,,,83,10,0.0,10,0,10,23.0,0.0,0.0,10,0.4,4.6,0,10,0.5,8.8,0,10,2.3,10,0.2,10,-0.5,10,2102,10
2008-01-01T22:00+00:00,5904,0,0,346,10,331,10,2.5,10,5.3,10,999.2,10,,,80,10,0.0,10,0,10,23.0,0.0,0.0,10,0.4,4.6,0,10,0.5,8.8,0,10,2.3,10,-0.3,10,-2.7,10,2214,10
2008-01-01T23:00+00:00,5904,0,0,344,10,333,10,2.7,10,5.8,10,999.3,10,,,80,10,0.0,10,0,10,23.0,0.0,0.0,10,0.4,4.6,0,10,0.5,8.8,0,10,2.3,10,-0.4,10,-2.0,10,2345,10
2008-01-02T00:00+00:00,5904,0,0,346,10,344,10,3.1,10,5.8,10,999.2,10,,,81,10,0.0,10,9,10,23.0,0.0,0.0,10,0.4,4.6,0,10,0.5,8.8,0,10,2.3,10,-0.6,10,-1.8,10,59,10
2008-01-02T01:00+00:00,5904,0,0,338,10,339,10,2.9,10,5.7,10,999.2,10,,,84,10,0.1,10,41,10,23.0,0.0,0.0,10,0.4,4.6,0,10,0.5,8.8,0,10,2.3,10,-0.7,10,-1.4,10,118,10
2008-01-02T02:00+00:00,5904,0,0,343,10,314,10,2.3,10,5.8,10,999.2,10,,,83,10,0.0,10,25,10,23.0,0.0,0.0,10,0.4,4.6,0,10,0.5,8.7,0,10,2.3,10,-0.9,10,-1.6,10,238,10
2008-01-02T03:00+00:00,5904,0,0,343,10,348,10,2.9,10,7.1,10,999.1,10,,,83,10,0.0,10,13,10,23.0,0.0,0.0,10,0.4,4.6,0,10,0.5,8.7,0,10,2.3,10,-1.0,10,-1.5,10,311,10
2008-01-02T04:00+00:00,5904,0,0,344,10,343,10,3.1,10,6.6,10,999.2,10,,,84,10,0.0,10,36,10,23.0,0.0,0.0,10,0.4,4.6,0,10,0.5,8.7,0,10,2.3,10,-1.1,10,-1.6,10,426,10
2008-01-02T05:00+00:00,5904,0,0,338,10,333,10,2.9,10,6.2,10,999.2,10,,,87,10,0.0,10,57,10,23.0,0.0,0.0,10,0.4,4.6,0,10,0.5,8.7,0,10,2.3,10,-1.3,10,-1.8,10,501,10
2008-01-02T06:00+00:00,5904,0,0,341,10,350,10,2.3,10,5.8,10,999.2,10,,,87,10,0.0,10,51,10,23.0,0.0,0.0,10,0.4,4.6,0,10,0.5,8.7,0,10,2.3,10,-1.4,10,-2.1,10,611,10
2008-01-02T07:00+00:00,5904,0,0,342,10,22,10,2.3,10,5.3,10,999.2,10,,,86,10,0.0,10,45,10,23.0,0.0,0.0,10,0.4,4.6,0,10,0.5,8.7,0,10,2.3,10,-1.4,10,-2.2,10,715,10
2008-01-02T08:00+00:00,5904,9,0,4,10,4,10,1.8,10,4.2,10,999.2,10,,,88,10,0.1,10,45,10,23.0,0.0,0.0,10,0.4,4.6,0,10,0.5,8.7,0,10,2.3,10,-1.4,10,-1.7,10,803,10
2008-01-02T09:00+00:00,5904,29,0,17,10,15,10,1.4,10,3.2,10,999.3,10,,,88,10,0.0,10,52,10,23.0,0.0,0.0,10,0.4,4.6,0,10,0.5,8.7,0,10,2.3,10,-1.4,10,-1.5,10,914,10
2008-01-02T10:00+00:00,5904,60,0,31,10,28,10,1.6,10,3.4,10,999.0,10,,,88,10,0.1,10,56,10,23.0,0.0,0.0,10,0.4,4.6,0,10,0.5,8.7,0,10,2.3,10,-1.2,10,-1.3,10,1042,10
2008-01-02T11:00+00:00,5904,129,0,33,10,39,10,1.4,10,3.4,10,998.6,10,,,87,10,0.0,10,18,10,23.0,0.0,0.0,10,0.4,4.6,0,10,0.5,8.7,0,10,2.3,10,-0.9,10,-0.5,10,1147,10
2008-01-02T12:00+00:00,5904,62,0,45,10,22,10,1.6,10,3.5,10,998.2,10,,,87,10,0.0,10,0,10,23.0,0.0,0.0,10,0.4,4.6,0,10,0.5,8.7,0,10,2.3,10,-1.1,10,-0.7,10,1202,10
2008-01-02T13:00+00:00,5904,56,0,35,10,51,10,1.4,10,3.3,10,997.8,10,,,86,10,0.0,10,1,10,23.0,0.0,0.0,10,0.4,4.6,0,10,0.5,8.7,0,10,2.3,10,-0.9,10,-0.7,10,1347,10
2008-01-02T14:00+00:00,5904,34,0,41,10,67,10,1.5,10,2.8,10,997.8,10,,,87,10,0.0,10,1,10,23.0,0.0,0.0,10,0.4,4.6,0,10,0.5,8.7,0,10,2.3,10,-0.9,10,-0.8,10,1407,10
2008-01-02T15:00+00:00,5904,15,0,35,10,36,10,1.5,10,3.0,10,997.7,10,,,87,10,0.0,10,0,10,23.0,0.0,0.0,10,0.4,4.6,0,10,0.5,8.7,0,10,2.3,10,-0.9,10,-1.1,10,1518,10
2008-01-02T16:00+00:00,5904,0,0,61,10,50,10,1.5,10,3.5,10,997.6,10,,,88,10,0.0,10,0,10,23.0,0.0,0.0,10,0.4,4.6,0,10,0.5,8.7,0,10,2.3,10,-1.1,10,-2.0,10,1655,10
2008-01-02T17:00+00:00,5904,0,0,65,10,77,10,2.2,10,4.6,10,997.2,10,,,90,10,0.0,10,0,10,23.0,0.0,0.0,10,0.4,4.6,0,10,0.5,8.7,0,10,2.3,10,-1.1,10,-2.1,10,1746,10
2008-01-02T18:00+00:00,5904,0,0,89,10,76,10,2.3,10,3.9,10,997.0,10,,,91,10,0.0,10,0,10,23.0,0.0,0.0,10,0.4,4.6,0,10,0.5,8.7,0,10,2.3,10,-1.3,10,-1.9,10,1821,10
2008-01-02T19:00+00:00,5904,0,0,92,10,103,10,3.1,10,5.3,10,996.8,10,,,92,10,0.0,10,0,10,23.0,0.0,0.0,10,0.4,4.6,0,10,0.5,8.7,0,10,2.3,10,-1.5,10,-1.8,10,1957,10
2008-01-02T20:00+00:00,5904,0,0,92,10,81,10,3.3,10,5.6,10,996.4,10,,,93,10,0.0,10,0,10,23.0,0.0,0.0,10,0.4,4.6,0,10,0.5,8.7,0,10,2.3,10,-1.5,10,-1.8,10,2002,10
2008-01-02T21:00+00:00,5904,0,0,110,10,137,10,2.4,10,4.9,10,996.0,10,,,93,10,0.0,10,0,10,23.0,0.0,0.0,10,0.4,4.6,0,10,0.5,8.7,0,10,2.3,10,-1.4,10,-1.7,10,2147,10
2008-01-02T22:00+00:00,5904,0,0,119,10,114,10,3.2,10,5.9,10,995.7,10,,,93,10,0.0,10,0,10,23.0,0.0,0.0,10,0.4,4.6,0,10,0.5,8.7,0,10,2.3,10,-1.4,10,-2.0,10,2258,10
2008-01-02T23:00+00:00,5904,0,0,124,10,132,10,4.1,10,8.3,10,995.4,10,,,90,10,0.0,10,0,10,23.0,0.0,0.0,10,0.4,4.6,0,10,0.5,8.7,0,10,2.3,10,-1.0,10,-1.7,10,2359,10
2008-01-03T00:00+00:00,5904,0,0,132,10,141,10,4.1,10,8.9,10,994.9,10,,,89,10,0.0,10,0,10,23.0,0.0,0.0,10,0.4,4.6,0,10,0.5,8.7,0,10,2.3,10,-0.9,10,-1.4,10,29,10
2008-01-03T01:00+00:00,5904,0,0,136,10,137,10,3.9,10,9.4,10,994.9,10,,,86,10,0.0,10,0,10,23.0,0.0,0.0,10,0.4,4.6,0,10,0.5,8.7,0,10,2.3,10,-1.0,10,-1.6,10,143,10
2008-01-03T02:00+00:00,5904,0,0,138,10,149,10,4.1,10,8.2,10,994.7,10,,,87,10,0.0,10,0,10,22.0,0.0,0.0,10,0.4,4.5,0,10,0.5,8.7,0,10,2.2,10,-1.6,10,-2.9,10,256,10
2008-01-03T03:00+00:00,5904,0,0,131,10,142,10,4.8,10,8.8,10,994.2,10,,,88,10,0.0,10,0,10,23.0,0.0,0.0,10,0.4,4.5,0,10,0.5,8.7,0,10,2.3,10,-2.0,10,-3.9,10,354,10
2008-01-03T04:00+00:00,5904,0,0,137,10,141,10,4.4,10,9.1,10,994.1,10,,,88,10,0.0,10,0,10,22.0,0.0,0.0,10,0.4,4.5,0,10,0.5,8.7,0,10,2.2,10,-2.2,10,-4.3,10,434,10
2008-01-03T05:00+00:00,5904,0,0,136,10,142,10,6.0,10,12.4,10,994.2,10,,,82,10,0.0,10,0,10,22.0,0.0,0.0,10,0.4,4.5,0,10,0.5,8.7,0,10,2.2,10,-1.7,10,-4.0,10,532,10
2008-01-03T06:00+00:00,5904,0,0,141,10,140,10,6.0,10,11.6,10,994.5,10,,,80,10,0.0,10,0,10,23.0,0.0,0.0,10,0.4,4.5,0,10,0.5,8.7,0,10,2.3,10,-1.6,10,-3.4,10,638,10
2008-01-03T07:00+00:00,5904,1,0,134,10,145,10,6.7,10,12.9,10,994.9,10,,,83,10,0.0,10,0,10,22.0,0.0,0.0,10,0.4,4.5,0,10,0.5,8.6,0,10,2.2,10,-1.3,10,-3.3,10,748,10
2008-01-03T08:00+00:00,5904,23,0,138,10,143,10,6.8,10,13.6,10,995.5,10,,,85,10,0.0,10,0,10,23.0,0.0,0.0,10,0.4,4.5,0,10,0.5,8.6,0,10,2.3,10,-0.9,10,-1.9,10,830,10
2008-01-03T09:00+00:00,5904,68,0,141,10,134,10,7.3,10,15.8,10,995.7,10,,,85,10,0.0,10,0,10,22.0,0.0,0.0,10,0.4,4.5,0,10,0.5,8.6,0,10,2.2,10,-0.7,10,-1.1,10,943,10
2008-01-03T10:00+00:00,5904,53,0,142,10,146,10,7.5,10,15.9,10,995.8,10,,,89,10,0.0,10,2,10,22.0,0.0,0.0,10,0.4,4.5,0,10,0.6,8.6,0,10,2.2,10,-1.3,10,-1.2,10,1002,10
2008-01-03T11:00+00:00,5904,56,0,144,10,156,10,6.8,10,16.6,10,995.5,10,,,87,10,0.0,10,2,10,22.0,0.0,0.0,10,0.4,4.5,0,10,0.5,8.6,0,10,2.2,10,-1.2,10,-1.2,10,1136,10
2008-01-03T12:00+00:00,5904,79,0,142,10,147,10,7.0,10,15.5,10,995.2,10,,,85,10,0.0,10,0,10,22.0,0.0,0.0,10,0.4,4.5,0,10,0.6,8.6,0,10,2.2,10,-1.0,10,-0.9,10,1211,10
2008-01-03T13:00+00:00,5904,56,0,141,10,154,10,6.9,10,13.5,10,995.1,10,,,83,10,0.0,10,0,10,22.0,0.0,0.0,10,0.4,4.5,0,10,0.5,8.6,0,10,2.2,10,-1.1,10,-1.1,10,1314,10
2008-01-03T14:00+00:00,5904,55,0,135,10,135,10,8.0,10,16.4,10,995.1,10,,,81,10,0.0,10,0,10,22.0,0.0,0.0,10,0.4,4.5,0,10,0.5,8.6,0,10,2.2,10,-1.2,10,-1.3,10,1419,10
2008-01-03T15:00+00:00,5904,16,0,139,10,131,10,8.2,10,15.8,10,995.0,10,,,82,10,0.0,10,0,10,22.0,0.0,0.0,10,0.4,4.5,0,10,0.5,8.6,0,10,2.2,10,-1.6,10,-1.8,10,1529,10
2008-01-03T16:00+00:00,5904,0,0,140,10,134,10,7.7,10,16.5,10,995.2,10,,,82,10,0.0,10,0,10,22.0,0.0,0.0,10,0.4,4.5,0,10,0.5,8.6,0,10,2.2,10,-1.7,10,-2.1,10,1638,10
2008-01-03T17:00+00:00,5904,0,0,140,10,135,10,7.7,10,14.7,10,995.5,10,,,82,10,0.0,10,0,10,22.0,0.0,0.0,10,0.4,4.5,0,10,0.5,8.6,0,10,2.2,10,-2.2,10,-2.4,10,1722,10
2008-01-03T18:00+00:00,5904,0,0,133,10,125,10,8.2,10,16.2,10,995.7,10,,,85,10,0.0,10,0,10,22.0,0.0,0.0,10,0.4,4.5,0,10,0.5,8.6,0,10,2.2,10,-3.0,10,-3.1,10,1855,10
2008-01-03T19:00+00:00,5904,0,0,134,10,142,10,8.3,10,16.5,10,995.6,10,,,86,10,0.0,10,0,10,22.0,0.0,0.0,10,0.4,4.5,0,10,0.5,8.6,0,10,2.2,10,-3.1,10,-3.2,10,1910,10
2008-01-03T20:00+00:00,5904,0,0,138,10,144,10,7.8,10,16.6,10,995.7,10,,,87,10,0.0,10,0,10,22.0,0.0,0.0,10,0.4,4.5,0,10,0.5,8.6,0,10,2.2,10,-3.4,10,-3.4,10,2049,10
2008-01-03T21:00+00:00,5904,0,0,138,10,148,10,8.6,10,16.5,10,995.4,10,,,88,10,0.0,10,0,10,22.0,0.0,0.0,10,0.4,4.5,0,10,0.5,8.6,0,10,2.2,10,-3.6,10,-3.7,10,2132,10
2008-01-03T22:00+00:00,5904,0,0,135,10,148,10,7.3,10,14.6,10,995.5,10,,,90,10,0.0,10,1,10,22.0,0.0,0.0,10,0.4,4.5,0,10,0.5,8.6,0,10,2.2,10,-3.7,10,-3.8,10,2249,10
2008-01-03T23:00+00:00,5904,0,0,135,10,136,10,7.9,10,16.0,10,995.4,10,,,91,10,0.0,10,0,10,22.0,0.0,0.0,10,0.4,4.5,0,10,0.5,8.6,0,10,2.2,10,-3.7,10,-3.8,10,2332,10
2008-01-04T00:00+00:00,5904,0,0,134,10,145,10,7.2,10,14.8,10,995.4,10,,,91,10,0.0,10,0,10,22.0,0.0,0.0,10,0.4,4.5,0,10,0.5,8.6,0,10,2.2,10,-3.5,10,-3.7,10,12,10
2008-01-04T01:00+00:00,5904,0,0,136,10,135,10,6.8,10,14.7,10,995.6,10,,,90,10,0.0,10,1,10,22.0,0.0,0.0,10,0.4,4.5,0,10,0.5,8.6,0,10,2.2,10,-3.4,10,-3.5,10,144,10
2008-01-04T02:00+00:00,5904,0,0,136,10,122,10,6.8,10,13.7,10,995.7,10,,,90,10,0.0,10,0,10,22.0,0.0,0.0,10,0.4,4.5,0,10,0.5,8.6,0,10,2.2,10,-3.3,10,-3.4,10,222,10
2008-01-04T03:00+00:00,5904,0,0,139,10,142,10,6.5,10,14.0,10,995.8,10,,,90,10,0.0,10,1,10,22.0,0.0,0.0,10,0.4,4.5,0,10,0.5,8.6,0,10,2.2,10,-3.3,10,-3.4,10,301,10
2008-01-04T04:00+00:00,5904,0,0,138,10,135,10,7.1,10,15.2,10,995.9,10,,,90,10,0.0,10,2,10,22.0,0.0,0.0,10,0.4,4.5,0,10,0.5,8.6,0,10,2.2,10,-3.3,10,-3.3,10,429,10
2008-01-04T05:00+00:00,5904,0,0,141,10,137,10,7.0,10,15.0,10,996.2,10,,,88,10,0.0,10,0,10,22.0,0.0,0.0,10,0.4,4.5,0,10,0.5,8.6,0,10,2.2,10,-3.2,10,-3.3,10,548,10
2008-01-04T06:00+00:00,5904,0,0,143,10,153,10,7.0,10,17.7,10,996.8,10,,,88,10,0.0,10,0,10,22.0,0.0,0.0,10,0.4,4.5,0,10,0.5,8.6,0,10,2.2,10,-3.3,10,-3.3,10,648,10
2008-01-04T07:00+00:00,5904,0,0,144,10,154,10,7.1,10,17.0,10,997.2,10,,,88,10,0.0,10,0,10,22.0,0.0,0.0,10,0.4,4.5,0,10,0.5,8.6,0,10,2.2,10,-3.3,10,-3.4,10,717,10
2008-01-04T08:00+00:00,5904,5,0,145,10,147,10,7.5,10,16.1,10,997.6,10,,,86,10,0.0,10,0,10,22.0,0.0,0.0,10,0.4,4.5,0,10,0.5,8.6,0,10,2.2,10,-3.2,10,-3.4,10,840,10
2008-01-04T09:00+00:00,5904,19,0,144,10,140,10,6.7,10,14.4,10,998.2,10,,,84,10,0.0,10,0,10,22.0,0.0,0.0,10,0.4,4.5,0,10,0.5,8.6,0,10,2.2,10,-3.0,10,-3.1,10,929,10
2008-01-04T10:00+00:00,5904,49,0,142,10,158,10,6.6,10,16.2,10,998.2,10,,,83,10,0.0,10,0,10,22.0,0.0,0.0,10,0.4,4.5,0,10,0.5,8.6,0,10,2.2,10,-2.7,10,-2.9,10,1046,10
2008-01-04T11:00+00:00,5904,49,0,146,10,165,10,7.0,10,15.4,10,997.9,10,,,84,10,0.0,10,0,10,22.0,0.0,0.0,10,0.4,4.5,0,10,0.5,8.6,0,10,2.2,10,-2.7,10,-2.6,10,1129,10
2008-01-04T12:00+00:00,5904,62,0,139,10,156,10,5.8,10,14.4,10,997.9,10,,,84,10,0.0,10,0,10,22.0,0.0,0.0,10,0.4,4.5,0,10,0.5,8.6,0,10,2.2,10,-2.9,10,-2.5,10,1204,10
2008-01-04T13:00+00:00,5904,34,0,131,10,124,10,6.4,10,14.4,10,997.7,10,,,84,10,0.0,10,0,10,22.0,0.0,0.0,10,0.4,4.5,0,10,0.5,8.5,0,10,2.2,10,-3.3,10,-3.2,10,1337,10
2008-01-04T14:00+00:00,5904,27,0,139,10,133,10,6.6,10,14.6,10,998.2,10,,,85,10,0.0,10,0,10,22.0,0.0,0.0,10,0.4,4.5,0,10,0.5,8.5,0,10,2.2,10,-3.7,10,-3.5,10,1412,10
2008-01-04T15:00+00:00,5904,7,0,137,10,153,10,5.1,10,11.8,10,998.6,10,,,85,10,0.0,10,0,10,22.0,0.0,0.0,10,0.4,4.5,0,10,0.5,8.5,0,10,2.2,10,-3.9,10,-3.9,10,1558,10
2008-01-04T16:00+00:00,5904,0,0,135,10,124,10,5.9,10,13.5,10,998.7,10,,,85,10,0.0,10,0,10,22.0,0.0,0.0,10,0.3,4.4,0,10,0.5,8.5,0,10,2.2,10,-4.1,10,-4.1,10,1628,10
2008-01-04T17:00+00:00,5904,0,0,132,10,141,10,6.7,10,12.7,10,999.1,10,,,85,10,0.0,10,0,10,22.0,0.0,0.0,10,0.3,4.4,0,10,0.5,8.5,0,10,2.2,10,-4.2,10,-4.2,10,1712,10
2008-01-04T18:00+00:00,5904,0,0,134,10,152,10,5.8,10,12.0,10,999.4,10,,,85,10,0.0,10,0,10,22.0,0.0,0.0,10,0.3,4.5,0,10,0.5,8.5,0,10,2.2,10,-4.3,10,-4.3,10,1831,10
2008-01-04T19:00+00:00,5904,0,0,137,10,145,10,4.7,10,10.4,10,999.5,10,,,85,10,0.0,10,0,10,22.0,0.0,0.0,10,0.3,4.4,0,10,0.5,8.5,0,10,2.2,10,-4.2,10,-4.3,10,1956,10
2008-01-04T20:00+00:00,5904,0,0,143,10,148,10,5.7,10,14.4,10,999.6,10,,,83,10,0.0,10,0,10,22.0,0.0,0.0,10,0.3,4.4,0,10,0.5,8.5,0,10,2.2,10,-4.5,10,-4.6,10,2053,10
2008-01-04T21:00+00:00,5904,0,0,139,10,146,10,5.9,10,13.3,10,999.6,10,,,83,10,0.0,10,0,10,22.0,0.0,0.0,10,0.3,4.4,0,10,0.5,8.5,0,10,2.2,10,-4.8,10,-4.8,10,2200,10
2008-01-04T22:00+00:00,5904,0,0,133,10,144,10,6.4,10,13.2,10,999.4,10,,,84,10,0.0,10,0,10,22.0,0.0,0.0,10,0.3,4.4,0,10,0.5,8.5,0,10,2.2,10,-4.9,10,-4.9,10,2236,10
2008-01-04T23:00+00:00,5904,0,0,139,10,157,10,6.6,10,12.8,10,999.3,10,,,84,10,0.0,10,0,10,22.0,0.0,0.0,10,0.3,4.4,0,10,0.5,8.5,0,10,2.2,10,-5.1,10,-5.1,10,2354,10
2008-01-05T00:00+00:00,5904,0,0,141,10,130,10,5.5,10,13.4,10,999.1,10,,,84,10,0.0,10,0,10,22.0,0.0,0.0,10,0.3,4.4,0,10,0.5,8.5,0,10,2.2,10,-5.3,10,-5.3,10,45,10
2008-01-05T01:00+00:00,5904,0,0,146,10,144,10,6.4,10,14.2,10,998.7,10,,,84,10,0.0,10,0,10,22.0,0.0,0.0,10,0.3,4.4,0,10,0.5,8.5,0,10,2.2,10,-5.5,10,-5.5,10,133,10
2008-01-05T02:00+00:00,5904,0,0,132,10,131,10,5.5,10,12.0,10,998.4,10,,,85,10,0.0,10,0,10,22.0,0.0,0.0,10,0.3,4.4,0,10,0.5,8.5,0,10,2.2,10,-6.3,10,-6.2,10,300,10
2008-01-05T03:00+00:00,5904,0,0,134,10,127,10,6.0,10,12.3,10,998.4,10,,,86,10,0.0,10,0,10,22.0,0.0,0.0,10,0.3,4.4,0,10,0.5,8.5,0,10,2.2,10,-6.6,10,-6.4,10,304,10
2008-01-05T04:00+00:00,5904,0,0,133,10,142,10,6.0,10,13.1,10,997.9,10,,,87,10,0.0,10,0,10,22.0,0.0,0.0,10,0.3,4.4,0,10,0.4,8.5,0,10,2.2,10,-7.0,10,-6.8,10,412,10
2008-01-05T05:00+00:00,5904,0,0,129,10,135,10,5.5,10,11.8,10,998.0,10,,,86,10,0.0,10,0,10,22.0,0.0,0.0,10,0.3,4.4,0,10,0.4,8.5,0,10,2.2,10,-6.9,10,-6.8,10,557,10
2008-01-05T06:00+00:00,5904,0,0,130,10,144,10,6.1,10,11.6,10,998.4,10,,,86,10,0.0,10,0,10,22.0,0.0,0.0,10,0.3,4.4,0,10,0.4,8.5,0,10,2.2,10,-7.1,10,-6.9,10,635,10
2008-01-05T07:00+00:00,5904,0,0,132,10,147,10,6.3,10,12.4,10,998.6,10,,,86,10,0.0,10,0,10,22.0,0.0,0.0,10,0.3,4.4,0,10,0.4,8.5,0,10,2.2,10,-7.1,10,-7.0,10,720,10
2008-01-05T08:00+00:00,5904,9,0,139,10,148,10,4.8,10,9.8,10,998.4,10,,,86,10,0.0,10,0,10,22.0,0.0,0.0,10,0.3,4.4,0,10,0.4,8.5,0,10,2.2,10,-6.7,10,-6.9,10,836,10
2008-01-05T09:00+00:00,5904,32,0,140,10,152,10,5.2,10,10.7,10,998.3,10,,,85,10,0.0,10,0,10,22.0,0.0,0.0,10,0.3,4.4,0,10,0.4,8.5,0,10,2.2,10,-6.3,10,-6.4,10,946,10
2008-01-05T10:00+00:00,5904,46,0,139,10,124,10,4.9,10,11.3,10,997.7,10,,,83,10,0.0,10,0,10,22.0,0.0,0.0,10,0.3,4.4,0,10,0.4,8.5,0,10,2.2,10,-5.4,10,-5.7,10,1033,10
2008-01-05T11:00+00:00,5904,63,0,131,10,152,10,6.4,10,12.4,10,996.7,10,,,82,10,0.0,10,0,10,22.0,0.0,0.0,10,0.3,4.4,0,10,0.4,8.5,0,10,2.2,10,-4.6,10,-5.0,10,1123,10
2008-01-05T12:00+00:00,5904,41,0,131,10,136,10,6.5,10,12.4,10,995.8,10,,,81,10,0.0,10,0,10,22.0,0.0,0.0,10,0.3,4.4,0,10,0.4,8.5,0,10,2.2,10,-4.5,10,-4.4,10,1247,10
2008-01-05T13:00+00:00,5904,32,0,129,10,136,10,6.3,10,13.1,10,995.0,10,,,81,10,0.0,10,0,10,22.0,0.0,0.0,10,0.3,4.4,0,10,0.4,8.5,0,10,2.2,10,-4.6,10,-4.3,10,1346,10
2008-01-05T14:00+00:00,5904,26,0,127,10,128,10,5.7,10,10.9,10,995.1,10,,,82,10,0.0,10,0,10,22.0,0.0,0.0,10,0.3,4.4,0,10,0.4,8.5,0,10,2.2,10,-4.4,10,-4.3,10,1420,10
2008-01-05T15:00+00:00,5904,10,0,129,10,128,10,5.3,10,10.5,10,994.7,10,,,82,10,0.0,10,0,10,22.0,0.0,0.0,10,0.3,4.4,0,10,0.4,8.5,0,10,2.2,10,-4.1,10,-4.3,10,1524,10
2008-01-05T16:00+00:00,5904,0,0,134,10,140,10,5.3,10,11.3,10,994.5,10,,,83,10,0.0,10,0,10,22.0,0.0,0.0,10,0.3,4.4,0,10,0.4,8.5,0,10,2.2,10,-4.0,10,-4.2,10,1634,10
2008-01-05T17:00+00:00,5904,0,0,137,10,157,10,5.2,10,10.9,10,994.3,10,,,83,10,0.0,10,0,10,22.0,0.0,0.0,10,0.3,4.4,0,10,0.4,8.5,0,10,2.2,10,-4.0,10,-4.1,10,1716,10
2008-01-05T18:00+00:00,5904,0,0,131,10,137,10,5.3,10,11.3,10,993.6,10,,,84,10,0.0,10,0,10,22.0,0.0,0.0,10,0.3,4.4,0,10,0.4,8.5,0,10,2.2,10,-4.1,10,-4.2,10,1828,10
2008-01-05T19:00+00:00,5904,0,0,131,10,145,10,4.3,10,8.6,10,993.5,10,,,85,10,0.0,10,0,10,22.0,0.0,0.0,10,0.3,4.4,0,10,0.4,8.5,0,10,2.2,10,-3.9,10,-4.1,10,1925,10
2008-01-05T20:00+00:00,5904,0,0,134,10,139,10,4.6,10,10.9,10,993.1,10,,,87,10,0.0,10,0,10,22.0,0.0,0.0,10,0.3,4.4,0,10,0.4,8.4,0,10,2.2,10,-3.9,10,-3.9,10,2056,10
2008-01-05T21:00+00:00,5904,0,0,130,10,130,10,5.2,10,11.0,10,992.8,10,,,88,10,0.0,10,0,10,22.0,0.0,0.0,10,0.2,4.4,0,10,0.4,8.5,0,10,2.2,10,-3.9,10,-3.9,10,2136,10
2008-01-05T22:00+00:00,5904,0,0,131,10,139,10,5.1,10,11.7,10,992.4,10,,,90,10,0.0,10,0,10,22.0,0.0,0.0,10,0.2,4.4,0,10,0.4,8.4,0,10,2.2,10,-3.9,10,-3.9,10,2229,10
2008-01-05T23:00+00:00,5904,0,0,129,10,133,10,4.9,10,10.0,10,991.7,10,,,91,10,0.0,10,0,10,22.0,0.0,0.0,10,0.3,4.4,0,10,0.4,8.4,0,10,2.2,10,-3.7,10,-3.9,10,2312,10
2008-01-06T00:00+00:00,5904,0,0,131,10,136,10,5.2,10,10.9,10,991.1,10,,,93,10,0.0,10,0,10,22.0,0.0,0.0,10,0.2,4.4,0,10,0.4,8.4,0,10,2.2,10,-3.7,10,-3.7,10,12,10
2008-01-06T01:00+00:00,5904,0,0,128,10,133,10,4.5,10,9.6,10,990.2,10,,,95,10,0.0,10,1,10,22.0,0.0,0.0,10,0.3,4.4,0,10,0.4,8.4,0,10,2.2,10,-3.6,10,-3.6,10,126,10
2008-01-06T02:00+00:00,5904,0,0,128,10,138,10,5.0,10,9.3,10,989.2,10,,,96,10,0.0,10,4,10,22.0,0.0,0.0,10,0.2,4.4,0,10,0.4,8.4,0,10,2.2,10,-3.4,10,-3.5,10,256,10
2008-01-06T03:00+00:00,5904,0,0,126,10,134,10,5.1,10,9.9,10,987.7,10,,,96,10,0.0,10,3,10,22.0,0.0,0.0,10,0.3,4.4,0,10,0.4,8.4,0,10,2.2,10,-3.2,10,-3.3,10,326,10
2008-01-06T04:00+00:00,5904,0,0,132,10,137,10,5.5,10,10.4,10,986.6,10,,,96,10,0.0,10,0,10,22.0,0.0,0.0,10,0.3,4.4,0,10,0.4,8.4,0,10,2.2,10,-2.9,10,-3.1,10,407,10
2008-01-06T05:00+00:00,5904,0,0,133,10,142,10,5.1,10,10.7,10,986.1,10,,,97,10,0.0,10,0,10,22.0,0.0,0.0,10,0.2,4.4,0,10,0.4,8.4,0,10,2.2,10,-2.5,10,-2.8,10,550,10
2008-01-06T06:00+00:00,5904,0,0,132,10,132,10,4.0,10,9.6,10,985.5,10,,,97,10,0.0,10,10,10,21.0,0.0,0.0,10,0.3,4.4,0,10,0.4,8.4,0,10,2.1,10,-2.2,10,-2.4,10,601,10
2008-01-06T07:00+00:00,5904,0,0,139,10,150,10,3.4,10,7.5,10,985.5,10,,,97,10,0.1,10,29,10,22.0,0.0,0.0,10,0.3,4.4,0,10,0.4,8.4,0,10,2.2,10,-1.8,10,-2.1,10,728,10
2008-01-06T08:00+00:00,5904,5,0,143,10,174,10,2.7,10,6.1,10,985.6,10,,,96,10,0.1,10,46,10,21.0,0.0,0.0,10,0.3,4.4,0,10,0.4,8.4,0,10,2.1,10,-1.3,10,-1.2,10,802,10
2008-01-06T09:00+00:00,5904,14,0,187,10,170,10,0.9,10,4.2,10,986.6,10,,,95,10,0.0,10,13,10,21.0,0.0,0.0,10,0.3,4.4,0,10,0.4,8.4,0,10,2.1,10,-0.7,10,-1.0,10,934,10
2008-01-06T10:00+00:00,5904,19,0,291,10,285,10,2.2,10,5.3,10,987.6,10,,,94,10,0.0,10,25,10,21.0,0.0,0.0,10,0.3,4.3,0,10,0.4,8.4,0,10,2.1,10,-0.9,10,-0.7,10,1045,10
2008-01-06T11:00+00:00,5904,68,0,256,10,259,10,1.3,10,3.4,10,987.1,10,,,90,10,0.0,10,16,10,21.0,0.0,0.0,10,0.3,4.4,0,10,0.4,8.4,0,10,2.1,10,-0.6,10,-0.8,10,1134,10
2008-01-06T12:00+00:00,5904,140,0,55,10,72,10,1.1,10,2.7,10,987.6,10,,,88,10,0.0,10,5,10,21.0,0.0,0.1,10,0.3,4.3,0,10,0.4,8.4,0,10,2.1,10,0.1,10,0.0,10,1251,10
2008-01-06T13:00+00:00,5904,89,0,113,10,180,10,0.5,10,2.2,10,988.4,10,,,88,10,0.0,10,10,10,21.0,0.0,0.0,10,0.3,4.3,0,10,0.4,8.4,0,10,2.1,10,0.4,10,0.3,10,1358,10
2008-01-06T14:00+00:00,5904,90,0,167,10,235,10,0.6,10,2.7,10,988.9,10,,,86,10,0.0,10,0,10,21.0,0.0,0.1,10,0.3,4.3,0,10,0.4,8.4,0,10,2.1,10,1.1,10,0.6,10,1413,10
2008-01-06T15:00+00:00,5904,29,0,62,10,73,10,1.5,10,3.1,10,989.8,10,,,89,10,0.0,10,0,10,21.0,0.0,0.0,10,0.3,4.3,0,10,0.4,8.4,0,10,2.1,10,0.6,10,-0.6,10,1559,10
2008-01-06T16:00+00:00,5904,2,0,75,10,323,10,1.7,10,4.1,10,990.7,10,,,92,10,0.0,10,0,10,21.0,0.0,0.0,10,0.3,4.3,0,10,0.4,8.4,0,10,2.1,10,0.0,10,-2.3,10,1659,10
2008-01-06T17:00+00:00,5904,0,0,279,10,281,10,3.5,10,9.7,10,991.4,10,,,85,10,0.0,10,0,10,21.0,0.0,0.0,10,0.3,4.3,0,10,0.4,8.4,0,10,2.1,10,3.3,10,-1.7,10,1753,10
2008-01-06T18:00+00:00,5904,0,0,272,10,282,10,4.6,10,8.1,10,992.1,10,,,83,10,0.0,10,6,10,21.0,0.0,0.0,10,0.3,4.3,0,10,0.4,8.4,0,10,2.1,10,3.3,10,0.3,10,1807,10
2008-01-06T19:00+00:00,5904,0,0,266,10,277,10,3.6,10,6.2,10,992.9,10,,,85,10,0.0,10,0,10,21.0,0.0,0.0,10,0.3,4.3,0,10,0.4,8.4,0,10,2.1,10,2.7,10,-0.4,10,1944,10
2008-01-06T20:00+00:00,5904,0,0,265,10,289,10,3.0,10,7.0,10,993.2,10,,,85,10,0.0,10,0,10,21.0,0.0,0.0,10,0.3,4.3,0,10,0.4,8.4,0,10,2.1,10,2.7,10,-1.6,10,2052,10
2008-01-06T21:00+00:00,5904,0,0,280,10,281,10,4.6,10,10.1,10,993.8,10,,,81,10,0.0,10,0,10,21.0,0.0,0.0,10,0.3,4.3,0,10,0.4,8.4,0,10,2.1,10,3.3,10,-1.8,10,2148,10
2008-01-06T22:00+00:00,5904,0,0,277,10,291,10,4.5,10,11.5,10,994.5,10,,,77,10,0.0,10,0,10,21.0,0.0,0.0,10,0.3,4.3,0,10,0.4,8.4,0,10,2.1,10,3.3,10,-0.1,10,2202,10
2008-01-06T23:00+00:00,5904,0,0,273,10,284,10,4.1,10,7.6,10,995.0,10,,,81,10,0.0,10,0,10,21.0,0.0,0.0,10,0.3,4.3,0,10,0.4,8.4,0,10,2.1,10,2.5,10,-2.0,10,2349,10
2008-01-07T00:00+00:00,5904,0,0,272,10,264,10,3.7,10,6.4,10,995.5,10,,,85,10,0.0,10,0,10,21.0,0.0,0.0,10,0.3,4.3,0,10,0.4,8.4,0,10,2.1,10,1.4,10,-3.6,10,3,10
2008-01-07T01:00+00:00,5904,0,0,273,10,274,10,3.7,10,6.6,10,995.8,10,,,84,10,0.0,10,0,10,21.0,0.0,0.0,10,0.3,4.3,0,10,0.4,8.4,0,10,2.1,10,1.4,10,-3.2,10,140,10
2008-01-07T02:00+00:00,5904,0,0,283,10,281,10,4.1,10,7.2,10,996.0,10,,,84,10,0.0,10,0,10,21.0,0.0,0.0,10,0.3,4.3,0,10,0.4,8.4,0,10,2.1,10,1.1,10,-4.2,10,213,10
2008-01-07T03:00+00:00,5904,0,0,263,10,291,10,2.8,10,4.4,10,995.9,10,,,88,10,0.0,10,0,10,21.0,0.0,0.0,10,0.3,4.3,0,10,0.4,8.4,0,10,2.1,10,-0.2,10,-4.2,10,301,10
2008-01-07T04:00+00:00,5904,0,0,262,10,257,10,1.3,10,3.9,10,995.8,10,,,91,10,0.0,10,0,10,21.0,0.0,0.0,10,0.3,4.3,0,10,0.4,8.3,0,10,2.1,10,-1.3,10,-5.1,10,406,10
2008-01-07T05:00+00:00,5904,0,0,18,10,50,10,0.6,10,2.2,10,995.3,10,,,93,10,0.0,10,0,10,21.0,0.0,0.0,10,0.3,4.3,0,10,0.4,8.3,0,10,2.1,10,-1.7,10,-5.7,10,503,10
2008-01-07T06:00+00:00,5904,0,0,237,10,216,10,1.2,10,2.6,10,995.1,10,,,93,10,0.0,10,0,10,21.0,0.0,0.0,10,0.3,4.3,0,10,0.4,8.3,0,10,2.1,10,-1.7,10,-5.0,10,614,10
2008-01-07T07:00+00:00,5904,2,0,262,10,261,10,1.1,10,3.1,10,994.6,10,,,94,10,0.0,10,0,10,21.0,0.0,0.0,10,0.3,4.3,0,10,0.4,8.3,0,10,2.1,10,-2.0,10,-5.4,10,734,10
2008-01-07T08:00+00:00,5904,50,0,47,10,87,10,0.5,10,2.1,10,994.0,10,,,94,10,0.0,10,0,10,21.0,0.0,0.9,10,0.3,4.3,0,10,0.4,8.3,0,10,2.1,10,-0.4,10,-5.7,10,819,10
2008-01-07T09:00+00:00,5904,155,0,69,10,81,10,1.2,10,3.0,10,993.1,10,,,90,10,0.0,10,0,10,21.0,0.0,1.0,10,0.3,4.3,0,10,0.4,8.3,0,10,2.1,10,0.6,10,-3.2,10,938,10
2008-01-07T10:00+00:00,5904,223,0,76,10,67,10,1.5,10,2.9,10,991.9,10,,,86,10,0.0,10,0,10,21.0,0.0,1.0,10,0.3,4.3,0,10,0.4,8.3,0,10,2.1,10,1.0,10,0.3,10,1002,10
2008-01-07T11:00+00:00,5904,145,0,54,10,40,10,0.7,10,2.3,10,990.7,10,,,83,10,0.0,10,0,10,21.0,0.0,0.1,10,0.3,4.3,0,10,0.4,8.3,0,10,2.1,10,2.0,10,1.3,10,1120,10
2008-01-07T12:00+00:00,5904,94,0,311,10,250,10,0.4,10,2.2,10,990.5,10,,,81,10,0.0,10,1,10,21.0,0.0,0.0,10,0.3,4.3,0,10,0.4,8.3,0,10,2.1,10,3.1,10,2.0,10,1204,10
2008-01-07T13:00+00:00,5904,39,0,27,10,66,10,0.6,10,2.4,10,990.6,10,,,89,10,0.3,10,57,10,21.0,0.0,0.0,10,0.3,4.3,0,10,0.4,8.3,0,10,2.1,10,2.9,10,1.7,10,1330,10
2008-01-07T14:00+00:00,5904,34,0,27,10,38,10,1.3,10,2.5,10,990.2,10,,,91,10,0.9,10,60,10,21.0,0.0,0.0,10,0.3,4.3,0,10,0.4,8.3,0,10,2.1,10,2.6,10,1.4,10,1456,10
2008-01-07T15:00+00:00,5904,18,0,325,10,255,10,0.4,10,2.8,10,990.9,10,,,94,10,0.7,10,35,10,21.0,0.0,0.0,10,0.3,4.3,0,10,0.4,8.3,0,10,2.1,10,2.7,10,1.2,10,1552,10
2008-01-07T16:00+00:00,5904,0,0,294,10,285,10,0.6,10,7.5,10,992.1,10,,,95,10,0.0,10,16,10,21.0,0.0,0.0,10,0.3,4.3,0,10,0.4,8.3,0,10,2.1,10,1.9,10,0.6,10,1657,10
2008-01-07T17:00+00:00,5904,0,0,262,10,264,10,5.3,10,11.0,10,993.3,10,,,86,10,0.0,10,0,10,21.0,0.0,0.0,10,0.3,4.3,0,10,0.4,8.3,0,10,2.1,10,5.2,10,0.5,10,1719,10
2008-01-07T18:00+00:00,5904,0,0,266,10,270,10,2.4,10,7.4,10,994.0,10,,,91,10,0.0,10,0,10,21.0,0.0,0.0,10,0.3,4.3,0,10,0.4,8.3,0,10,2.1,10,3.6,10,0.4,10,1803,10
2008-01-07T19:00+00:00,5904,0,0,270,10,276,10,3.2,10,6.6,10,994.8,10,,,90,10,0.0,10,0,10,21.0,0.0,0.0,10,0.3,4.3,0,10,0.4,8.3,0,10,2.1,10,4.1,10,0.8,10,1954,10
2008-01-07T20:00+00:00,5904,0,0,270,10,265,10,4.6,10,8.9,10,995.5,10,,,82,10,0.0,10,0,10,21.0,0.0,0.0,10,0.3,4.3,0,10,0.5,8.3,0,10,2.1,10,5.6,10,1.4,10,2052,10
2008-01-07T21:00+00:00,5904,0,0,264,10,282,10,4.5,10,9.5,10,995.9,10,,,83,10,0.0,10,0,10,21.0,0.0,0.0,10,0.3,4.3,0,10,0.5,8.3,0,10,2.1,10,4.6,10,1.0,10,2112,10
2008-01-07T22:00+00:00,5904,0,0,263,10,264,10,4.4,10,8.9,10,996.6,10,,,80,10,0.0,10,0,10,21.0,0.0,0.0,10,0.3,4.3,0,10,0.4,8.3,0,10,2.1,10,4.7,10,0.3,10,2238,10
2008-01-07T23:00+00:00,5904,0,0,271,10,274,10,4.7,10,9.2,10,997.1,10,,,81,10,0.0,10,0,10,21.0,0.0,0.0,10,0.3,4.3,0,10,0.4,8.3,0,10,2.1,10,4.5,10,-0.2,10,2349,10
2008-01-08T00:00+00:00,5904,0,0,274,10,254,10,3.2,10,7.1,10,997.4,10,,,84,10,0.0,10,0,10,21.0,0.0,0.0,10,0.3,4.3,0,10,0.4,8.3,0,10,2.1,10,3.1,10,-0.5,10,100,10
2008-01-08T01:00+00:00,5904,0,0,253,10,238,10,1.8,10,3.6,10,997.5,10,,,87,10,0.0,10,0,10,21.0,0.0,0.0,10,0.3,4.3,0,10,0.4,8.3,0,10,2.1,10,2.1,10,-0.7,10,148,10
2008-01-08T02:00+00:00,5904,0,0,257,10,283,10,2.0,10,3.8,10,997.8,10,,,91,10,0.0,10,0,10,21.0,0.0,0.0,10,0.3,4.3,0,10,0.4,8.3,0,10,2.1,10,0.9,10,-1.7,10,205,10
2008-01-08T03:00+00:00,5904,0,0,277,10,313,10,3.4,10,7.2,10,997.7,10,,,91,10,0.0,10,0,10,21.0,0.0,0.0,10,0.3,4.3,0,10,0.4,8.3,0,10,2.1,10,1.9,10,-2.7,10,347,10
2008-01-08T04:00+00:00,5904,0,0,247,10,252,10,3.4,10,6.5,10,998.0,10,,,88,10,0.0,10,0,10,21.0,0.0,0.0,10,0.3,4.2,0,10,0.4,8.3,0,10,2.1,10,2.1,10,-2.4,10,411,10
2008-01-08T05:00+00:00,5904,0,0,257,10,248,10,3.9,10,8.7,10,998.3,10,,,72,10,0.0,10,0,10,21.0,0.0,0.0,10,0.3,4.3,0,10,0.4,8.3,0,10,2.1,10,4.9,10,-1.7,10,536,10
2008-01-08T06:00+00:00,5904,0,0,259,10,256,10,4.7,10,9.6,10,998.8,10,,,66,10,0.0,10,0,10,21.0,0.0,0.0,10,0.3,4.2,0,10,0.5,8.3,0,10,2.1,10,5.8,10,0.4,10,652,10
2008-01-08T07:00+00:00,5904,2,0,255,10,261,10,4.5,10,8.9,10,999.3,10,,,64,10,0.0,10,0,10,21.0,0.0,0.0,10,0.3,4.3,0,10,0.5,8.3,0,10,2.1,10,5.7,10,2.0,10,737,10
2008-01-08T08:00+00:00,5904,23,0,255,10,236,10,4.7,10,8.9,10,999.8,10,,,59,10,0.0,10,0,10,21.0,0.0,0.0,10,0.3,4.2,0,10,0.5,8.3,0,10,2.1,10,6.6,10,2.5,10,859,10
2008-01-08T09:00+00:00,5904,75,0,260,10,257,10,5.7,10,11.7,10,1000.5,10,,,57,10,0.0,10,0,10,21.0,0.0,0.2,10,0.4,4.2,0,10,0.5,8.3,0,10,2.1,10,7.0,10,4.1,10,947,10
2008-01-08T10:00+00:00,5904,219,0,266,10,256,10,5.5,10,12.2,10,1000.7,10,,,54,10,0.0,10,0,10,21.0,0.0,0.8,10,0.4,4.2,0,10,0.5,8.3,0,10,2.1,10,8.0,10,5.1,10,1030,10
2008-01-08T11:00+00:00,5904,159,0,269,10,265,10,6.0,10,12.7,10,1000.8,10,,,57,10,0.0,10,0,10,21.0,0.0,0.3,10,0.4,4.2,0,10,0.5,8.3,0,10,2.1,10,7.1,10,5.4,10,1126,10
2008-01-08T12:00+00:00,5904,305,0,271,10,273,10,6.5,10,12.2,10,1000.5,10,,,53,10,0.0,10,0,10,21.0,0.0,1.0,10,0.4,4.2,0,10,0.5,8.3,0,10,2.1,10,8.2,10,6.0,10,1217,10
2008-01-08T13:00+00:00,5904,186,0,266,10,276,10,4.9,10,11.7,10,1000.6,10,,,55,10,0.0,10,0,10,21.0,0.0,0.9,10,0.4,4.2,0,10,0.5,8.2,0,10,2.1,10,7.4,10,5.2,10,1400,10
2008-01-08T14:00+00:00,5904,162,0,270,10,282,10,3.1,10,8.9,10,1000.4,10,,,55,10,0.0,10,0,10,21.0,0.0,1.0,10,0.4,4.2,0,10,0.5,8.3,0,10,2.1,10,7.3,10,4.2,10,1401,10
2008-01-08T15:00+00:00,5904,56,0,272,10,297,10,2.7,10,6.4,10,1000.6,10,,,60,10,0.0,10,0,10,21.0,0.0,1.0,10,0.3,4.2,0,10,0.5,8.3,0,10,2.1,10,5.5,10,0.9,10,1514,10
2008-01-08T16:00+00:00,5904,3,0,260,10,286,10,2.0,10,2.9,10,1000.6,10,,,71,10,0.0,10,0,10,21.0,0.0,0.1,10,0.3,4.2,0,10,0.5,8.2,0,10,2.1,10,3.5,10,-0.7,10,1604,10
2008-01-08T17:00+00:00,5904,0,0,309,10,324,10,1.5,10,2.5,10,1000.8,10,,,79,10,0.0,10,0,10,21.0,0.0,0.0,10,0.3,4.2,0,10,0.5,8.2,0,10,2.1,10,1.8,10,-1.2,10,1748,10
2008-01-08T18:00+00:00,5904,0,0,299,10,282,10,0.1,10,2.5,10,1001.1,10,,,85,10,0.0,10,0,10,21.0,0.0,0.0,10,0.3,4.2,0,10,0.4,8.2,0,10,2.1,10,1.0,10,-2.2,10,1856,10
2008-01-08T19:00+00:00,5904,0,0,265,10,290,10,1.4,10,2.5,10,1001.1,10,,,87,10,0.0,10,0,10,21.0,0.0,0.0,10,0.3,4.2,0,10,0.4,8.2,0,10,2.1,10,0.8,10,-2.2,10,1949,10
2008-01-08T20:00+00:00,5904,0,0,233,10,213,10,2.3,10,3.5,10,1000.8,10,,,88,10,0.0,10,0,10,21.0,0.0,0.0,10,0.3,4.2,0,10,0.4,8.2,0,10,2.1,10,0.4,10,-2.0,10,2031,10
2008-01-08T21:00+00:00,5904,0,0,249,10,244,10,2.8,10,3.7,10,1000.6,10,,,89,10,0.0,10,0,10,21.0,0.0,0.0,10,0.3,4.2,0,10,0.4,8.2,0,10,2.1,10,0.3,10,-2.4,10,2140,10
2008-01-08T22:00+00:00,5904,0,0,235,10,208,10,1.8,10,3.6,10,1000.2,10,,,90,10,0.0,10,0,10,21.0,0.0,0.0,10,0.3,4.2,0,10,0.4,8.2,0,10,2.1,10,0.0,10,-2.4,10,2208,10
2008-01-08T23:00+00:00,5904,0,0,206,10,220,10,1.1,10,3.2,10,999.7,10,,,92,10,0.0,10,0,10,21.0,0.0,0.0,10,0.3,4.2,0,10,0.4,8.2,0,10,2.1,10,-0.6,10,-3.0,10,2315,10
2008-01-09T00:00+00:00,5904,0,0,133,10,148,10,1.3,10,2.4,10,999.1,10,,,93,10,0.0,10,0,10,21.0,0.0,0.0,10,0.3,4.2,0,10,0.4,8.2,0,10,2.1,10,-0.7,10,-3.8,10,43,10
2008-01-09T01:00+00:00,5904,0,0,121,10,136,10,1.4,10,3.0,10,998.6,10,,,93,10,0.0,10,0,10,21.0,0.0,0.0,10,0.3,4.2,0,10,0.4,8.2,0,10,2.1,10,-1.0,10,-3.8,10,120,10
2008-01-09T02:00+00:00,5904,0,0,75,10,78,10,2.5,10,4.2,10,998.3,10,,,96,10,0.0,10,0,10,21.0,0.0,0.0,10,0.3,4.2,0,10,0.5,8.2,0,10,2.1,10,-1.2,10,-3.9,10,234,10
2008-01-09T03:00+00:00,5904,0,0,132,10,145,10,1.8,10,5.5,10,997.7,10,,,96,10,0.0,10,0,10,21.0,0.0,0.0,10,0.3,4.2,0,10,0.5,8.2,0,10,2.1,10,-0.2,10,-1.3,10,353,10
2008-01-09T04:00+00:00,5904,0,0,139,10,154,10,3.2,10,7.0,10,997.2,10,,,97,10,0.0,10,0,10,21.0,0.0,0.0,10,0.3,4.2,0,10,0.5,8.2,0,10,2.1,10,-0.2,10,-0.3,10,441,10
2008-01-09T05:00+00:00,5904,0,0,137,10,102,10,3.1,10,7.7,10,997.1,10,,,97,10,0.0,10,0,10,21.0,0.0,0.0,10,0.3,4.2,0,10,0.5,8.2,0,10,2.1,10,-0.1,10,-0.3,10,511,10
2008-01-09T06:00+00:00,5904,0,0,151,10,154,10,3.4,10,6.8,10,996.9,10,,,94,10,0.0,10,0,10,21.0,0.0,0.0,10,0.4,4.2,0,10,0.5,8.2,0,10,2.1,10,0.3,10,-0.2,10,603,10
2008-01-09T07:00+00:00,5904,0,0,128,10,122,10,3.1,10,5.8,10,996.9,10,,,94,10,0.0,10,0,10,21.0,0.0,0.0,10,0.4,4.2,0,10,0.5,8.2,0,10,2.1,10,0.3,10,-0.1,10,759,10
2008-01-09T08:00+00:00,5904,14,0,145,10,157,10,4.3,10,9.6,10,997.2,10,,,94,10,0.0,10,0,10,21.0,0.0,0.0,10,0.4,4.2,0,10,0.5,8.2,0,10,2.1,10,0.4,10,0.0,10,842,10
2008-01-09T09:00+00:00,5904,30,0,148,10,157,10,4.8,10,10.6,10,997.5,10,,,92,10,0.0,10,0,10,21.0,0.0,0.0,10,0.4,4.2,0,10,0.5,8.2,0,10,2.1,10,0.5,10,0.0,10,910,10
2008-01-09T10:00+00:00,5904,40,0,139,10,129,10,4.0,10,9.5,10,998.0,10,,,91,10,0.0,10,0,10,21.0,0.0,0.0,10,0.4,4.2,0,10,0.5,8.2,0,10,2.1,10,0.3,10,0.2,10,1008,10
2008-01-09T11:00+00:00,5904,57,0,132,10,132,10,3.2,10,6.3,10,998.2,10,,,90,10,0.0,10,0,10,21.0,0.0,0.0,10,0.4,4.2,0,10,0.5,8.2,0,10,2.1,10,0.2,10,0.4,10,1129,10
2008-01-09T12:00+00:00,5904,69,0,131,10,121,10,2.1,10,4.5,10,997.5,10,,,89,10,0.0,10,0,10,21.0,0.0,0.0,10,0.4,4.2,0,10,0.5,8.2,0,10,2.1,10,0.8,10,0.6,10,1258,10
2008-01-09T13:00+00:00,5904,55,0,142,10,162,10,2.4,10,5.9,10,997.5,10,,,88,10,0.0,10,0,10,21.0,0.0,0.0,10,0.4,4.2,0,10,0.5,8.2,0,10,2.1,10,1.3,10,1.3,10,1358,10
2008-01-09T14:00+00:00,5904,30,0,157,10,176,10,2.6,10,5.3,10,997.7,10,,,88,10,0.0,10,0,10,20.0,0.0,0.0,10,0.4,4.2,0,10,0.5,8.2,0,10,2.0,10,1.0,10,0.9,10,1412,10
2008-01-09T15:00+00:00,5904,10,0,158,10,212,10,2.6,10,5.5,10,997.8,10,,,89,10,0.0,10,0,10,21.0,0.0,0.0,10,0.4,4.2,0,10,0.5,8.2,0,10,2.1,10,1.0,10,0.8,10,1538,10
2008-01-09T16:00+00:00,5904,0,0,182,10,182,10,3.7,10,6.7,10,997.9,10,,,90,10,0.0,10,0,10,21.0,0.0,0.0,10,0.4,4.2,0,10,0.5,8.2,0,10,2.1,10,1.0,10,0.8,10,1637,10
2008-01-09T17:00+00:00,5904,0,0,175,10,166,10,3.1,10,6.9,10,997.7,10,,,88,10,0.0,10,0,10,20.0,0.0,0.0,10,0.4,4.2,0,10,0.5,8.2,0,10,2.0,10,1.2,10,0.7,10,1726,10
2008-01-09T18:00+00:00,5904,0,0,159,10,160,10,3.2,10,7.0,10,997.8,10,,,89,10,0.0,10,0,10,20.0,0.0,0.0,10,0.4,4.2,0,10,0.5,8.2,0,10,2.0,10,0.9,10,0.7,10,1850,10
2008-01-09T19:00+00:00,5904,0,0,159,10,144,10,3.0,10,6.3,10,997.9,10,,,89,10,0.0,10,0,10,20.0,0.0,0.0,10,0.4,4.2,0,10,0.5,8.2,0,10,2.0,10,1.0,10,0.6,10,1903,10
2008-01-09T20:00+00:00,5904,0,0,163,10,144,10,3.1,10,6.6,10,998.3,10,,,89,10,0.0,10,0,10,20.0,0.0,0.0,10,0.4,4.2,0,10,0.5,8.2,0,10,2.0,10,0.7,10,0.5,10,2050,10
2008-01-09T21:00+00:00,5904,0,0,162,10,153,10,3.1,10,6.1,10,998.6,10,,,90,10,0.0,10,0,10,20.0,0.0,0.0,10,0.4,4.2,0,10,0.5,8.2,0,10,2.0,10,0.5,10,0.3,10,2117,10
2008-01-09T22:00+00:00,5904,0,0,156,10,159,10,3.1,10,5.6,10,998.6,10,,,91,10,0.0,10,32,10,20.0,0.0,0.0,10,0.4,4.2,0,10,0.5,8.2,0,10,2.0,10,0.4,10,0.1,10,2232,10
2008-01-09T23:00+00:00,5904,0,0,158,10,168,10,2.6,10,5.1,10,998.7,10,,,91,10,0.0,10,19,10,20.0,0.0,0.0,10,0.4,4.2,0,10,0.5,8.2,0,10,2.0,10,0.2,10,0.0,10,2342,10
2008-01-10T00:00+00:00,5904,0,0,151,10,162,10,2.4,10,4.9,10,998.6,10,,,91,10,0.0,10,1,10,20.0,0.0,0.0,10,0.4,4.2,0,10,0.5,8.2,0,10,2.0,10,0.0,10,-0.1,10,39,10
2008-01-10T01:00+00:00,5904,0,0,167,10,151,10,2.5,10,4.6,10,998.7,10,,,92,10,0.0,10,1,10,20.0,0.0,0.0,10,0.4,4.2,0,10,0.5,8.1,0,10,2.0,10,0.1,10,-0.1,10,103,10
2008-01-10T02:00+00:00,5904,0,0,195,10,214,10,2.3,10,5.5,10,999.0,10,,,93,10,0.0,10,28,10,20.0,0.0,0.0,10,0.4,4.2,0,10,0.5,8.1,0,10,2.0,10,0.1,10,-0.1,10,224,10
2008-01-10T03:00+00:00,5904,0,0,167,10,194,10,1.7,10,3.5,10,998.8,10,,,92,10,0.0,10,2,10,20.0,0.0,0.0,10,0.4,4.2,0,10,0.5,8.1,0,10,2.0,10,0.2,10,-0.1,10,315,10
2008-01-10T04:00+00:00,5904,0,0,170,10,183,10,1.9,10,4.0,10,998.7,10,,,92,10,0.0,10,0,10,20.0,0.0,0.0,10,0.4,4.2,0,10,0.5,8.1,0,10,2.0,10,0.2,10,-0.1,10,424,10
2008-01-10T05:00+00:00,5904,0,0,176,10,190,10,2.1,10,4.2,10,999.0,10,,,91,10,0.0,10,0,10,20.0,0.0,0.0,10,0.4,4.2,0,10,0.5,8.1,0,10,2.0,10,0.3,10,0.0,10,518,10
2008-01-10T06:00+00:00,5904,0,0,136,10,121,10,1.9,10,3.8,10,999.0,10,,,92,10,0.0,10,0,10,20.0,0.0,0.0,10,0.4,4.1,0,10,0.5,8.1,0,10,2.0,10,0.0,10,-0.2,10,647,10
2008-01-10T07:00+00:00,5904,0,0,162,10,170,10,2.3,10,4.7,10,999.5,10,,,92,10,0.0,10,0,10,20.0,0.0,0.0,10,0.4,4.1,0,10,0.5,8.1,0,10,2.0,10,0.2,10,-0.2,10,745,10
2008-01-10T08:00+00:00,5904,11,0,153,10,163,10,2.7,10,4.8,10,999.9,10,,,92,10,0.0,10,0,10,20.0,0.0,0.0,10,0.4,4.1,0,10,0.5,8.1,0,10,2.0,10,0.2,10,0.0,10,805,10
2008-01-10T09:00+00:00,5904,44,0,165,10,162,10,1.9,10,4.1,10,1000.0,10,,,90,10,0.0,10,0,10,20.0,0.0,0.0,10,0.4,4.1,0,10,0.5,8.1,0,10,2.0,10,0.7,10,0.3,10,904,10
2008-01-10T10:00+00:00,5904,93,0,167,10,167,10,2.4,10,5.5,10,1000.0,10,,,87,10,0.0,10,0,10,20.0,0.0,0.0,10,0.4,4.1,0,10,0.5,8.1,0,10,2.0,10,1.2,10,1.1,10,1045,10
2008-01-10T11:00+00:00,5904,122,0,169,10,175,10,2.3,10,4.9,10,999.7,10,,,86,10,0.0,10,0,10,20.0,0.0,0.0,10,0.4,4.1,0,10,0.5,8.1,0,10,2.0,10,1.4,10,1.8,10,1105,10
2008-01-10T12:00+00:00,5904,104,0,132,10,115,10,2.5,10,5.0,10,999.0,10,,,88,10,0.0,10,0,10,20.0,0.0,0.0,10,0.4,4.1,0,10,0.5,8.1,0,10,2.0,10,1.0,10,1.9,10,1238,10
2008-01-10T13:00+00:00,5904,81,0,149,10,193,10,2.8,10,5.2,10,998.6,10,,,88,10,0.0,10,0,10,20.0,0.0,0.0,10,0.4,4.1,0,10,0.5,8.1,0,10,2.0,10,0.9,10,1.4,10,1311,10
2008-01-10T14:00+00:00,5904,35,0,149,10,119,10,2.9,10,5.6,10,998.6,10,,,90,10,0.0,10,0,10,20.0,0.0,0.0,10,0.4,4.1,0,10,0.5,8.1,0,10,2.0,10,0.6,10,0.8,10,1459,10
2008-01-10T15:00+00:00,5904,11,0,149,10,163,10,3.9,10,6.8,10,998.6,10,,,93,10,0.0,10,0,10,20.0,0.0,0.0,10,0.4,4.1,0,10,0.5,8.1,0,10,2.0,10,-0.6,10,-0.5,10,1536,10
2008-01-10T16:00+00:00,5904,1,0,159,10,154,10,3.3,10,6.7,10,998.7,10,,,94,10,0.0,10,0,10,20.0,0.0,0.0,10,0.4,4.1,0,10,0.5,8.1,0,10,2.0,10,-0.6,10,-0.6,10,1618,10
2008-01-10T17:00+00:00,5904,0,0,163,10,151,10,3.0,10,7.0,10,998.6,10,,,94,10,0.0,10,0,10,20.0,0.0,0.0,10,0.4,4.1,0,10,0.5,8.1,0,10,2.0,10,-0.5,10,-0.6,10,1712,10
2008-01-10T18:00+00:00,5904,0,0,152,10,168,10,2.9,10,6.3,10,998.5,10,,,94,10,0.0,10,0,10,20.0,0.0,0.0,10,0.4,4.1,0,10,0.5,8.1,0,10,2.0,10,-0.5,10,-0.6,10,1821,10
2008-01-10T19:00+00:00,5904,0,0,153,10,166,10,2.6,10,5.3,10,998.6,10,,,95,10,0.0,10,1,10,20.0,0.0,0.0,10,0.4,4.1,0,10,0.5,8.1,0,10,2.0,10,-0.6,10,-0.6,10,1958,10
2008-01-10T20:00+00:00,5904,0,0,160,10,153,10,2.6,10,6.7,10,998.6,10,,,95,10,0.0,10,6,10,20.0,0.0,0.0,10,0.4,4.1,0,10,0.5,8.1,0,10,2.0,10,-0.7,10,-0.7,10,2100,10
2008-01-10T21:00+00:00,5904,0,0,146,10,146,10,2.7,10,5.5,10,998.5,10,,,96,10,0.0,10,14,10,20.0,0.0,0.0,10,0.4,4.1,0,10,0.5,8.1,0,10,2.0,10,-1.0,10,-1.0,10,2138,10
2008-01-10T22:00+00:00,5904,0,0,144,10,144,10,3.4,10,6.9,10,998.5,10,,,96,10,0.0,10,0,10,20.0,0.0,0.0,10,0.4,4.1,0,10,0.5,8.1,0,10,2.0,10,-1.1,10,-1.1,10,2213,10
2008-01-10T23:00+00:00,5904,0,0,150,10,135,10,3.3,10,6.0,10,998.2,10,,,96,10,0.0,10,7,10,20.0,0.0,0.0,10,0.4,4.1,0,10,0.5,8.1,0,10,2.0,10,-1.1,10,-1.1,10,2322,10
2008-01-11T00:00+00:00,5904,0,0,164,10,175,10,3.5,10,6.5,10,997.8,10,,,96,10,0.0,10,5,10,20.0,0.0,0.0,10,0.4,4.1,0,10,0.5,8.1,0,10,2.0,10,-1.3,10,-1.4,10,38,10
2008-01-11T01:00+00:00,5904,0,0,155,10,153,10,2.7,10,5.8,10,997.6,10,,,96,10,0.0,10,9,10,20.0,0.0,0.0,10,0.4,4.1,0,10,0.5,8.1,0,10,2.0,10,-1.2,10,-1.3,10,104,10
2008-01-11T02:00+00:00,5904,0,0,149,10,156,10,2.8,10,5.8,10,997.3,10,,,96,10,0.0,10,0,10,20.0,0.0,0.0,10,0.4,4.1,0,10,0.5,8.1,0,10,2.0,10,-1.2,10,-1.2,10,251,10
2008-01-11T03:00+00:00,5904,0,0,166,10,170,10,3.4,10,6.1,10,996.8,10,,,96,10,0.0,10,0,10,20.0,0.0,0.0,10,0.4,4.1,0,10,0.5,8.1,0,10,2.0,10,-1.1,10,-1.2,10,304,10
2008-01-11T04:00+00:00,5904,0,0,151,10,178,10,3.1,10,6.0,10,996.5,10,,,96,10,0.0,10,0,10,20.0,0.0,0.0,10,0.4,4.1,0,10,0.5,8.1,0,10,2.0,10,-0.9,10,-1.1,10,407,10
2008-01-11T05:00+00:00,5904,0,0,138,10,148,10,3.4,10,7.0,10,996.3,10,,,96,10,0.0,10,2,10,20.0,0.0,0.0,10,0.4,4.1,0,10,0.5,8.1,0,10,2.0,10,-0.7,10,-0.9,10,526,10
2008-01-11T06:00+00:00,5904,0,0,143,10,155,10,3.6,10,6.9,10,996.0,10,,,96,10,0.0,10,7,10,20.0,0.0,0.0,10,0.4,4.1,0,10,0.5,8.1,0,10,2.0,10,-0.7,10,-0.8,10,648,10
2008-01-11T07:00+00:00,5904,0,0,138,10,133,10,3.8,10,7.7,10,995.7,10,,,96,10,0.0,10,12,10,20.0,0.0,0.0,10,0.4,4.1,0,10,0.5,8.1,0,10,2.0,10,-0.6,10,-0.7,10,758,10
2008-01-11T08:00+00:00,5904,4,0,138,10,136,10,4.1,10,7.6,10,995.6,10,,,96,10,0.0,10,3,10,20.0,0.0,0.0,10,0.4,4.1,0,10,0.5,8.1,0,10,2.0,10,-0.5,10,-0.6,10,839,10
2008-01-11T09:00+00:00,5904,16,0,145,10,155,10,3.7,10,8.0,10,995.5,10,,,95,10,0.0,10,1,10,20.0,0.0,0.0,10,0.4,4.1,0,10,0.5,8.1,0,10,2.0,10,-0.4,10,-0.5,10,935,10
2008-01-11T10:00+00:00,5904,22,0,132,10,111,10,3.9,10,7.3,10,994.9,10,,,95,10,0.0,10,0,10,20.0,0.0,0.0,10,0.4,4.1,0,10,0.5,8.1,0,10,2.0,10,-0.2,10,-0.3,10,1034,10
2008-01-11T11:00+00:00,5904,22,0,129,10,134,10,3.5,10,7.6,10,994.1,10,,,96,10,0.0,10,19,10,20.0,0.0,0.0,10,0.4,4.1,0,10,0.5,8.1,0,10,2.0,10,-0.1,10,-0.1,10,1127,10
2008-01-11T12:00+00:00,5904,22,0,119,10,131,10,4.2,10,7.6,10,993.2,10,,,96,10,0.0,10,15,10,20.0,0.0,0.0,10,0.4,4.1,0,10,0.5,8.1,0,10,2.0,10,0.0,10,0.0,10,1232,10
2008-01-11T13:00+00:00,5904,25,0,141,10,140,10,3.2,10,6.4,10,992.5,10,,,94,10,0.0,10,3,10,20.0,0.0,0.0,10,0.4,4.1,0,10,0.5,8.1,0,10,2.0,10,0.0,10,0.0,10,1304,10
2008-01-11T14:00+00:00,5904,18,0,147,10,144,10,2.6,10,5.7,10,992.3,10,,,94,10,0.0,10,2,10,20.0,0.0,0.0,10,0.4,4.1,0,10,0.5,8.0,0,10,2.0,10,0.2,10,0.0,10,1401,10
2008-01-11T15:00+00:00,5904,5,0,134,10,154,10,2.3,10,4.8,10,991.6,10,,,95,10,0.0,10,14,10,20.0,0.0,0.0,10,0.4,4.1,0,10,0.5,8.0,0,10,2.0,10,0.3,10,0.1,10,1543,10
2008-01-11T16:00+00:00,5904,0,0,131,10,138,10,2.1,10,4.1,10,991.1,10,,,96,10,0.0,10,8,10,20.0,0.0,0.0,10,0.4,4.1,0,10,0.5,8.0,0,10,2.0,10,0.4,10,0.1,10,1601,10
2008-01-11T17:00+00:00,5904,0,0,127,10,183,10,1.6,10,3.5,10,990.3,10,,,96,10,0.0,10,2,10,20.0,0.0,0.0,10,0.4,4.1,0,10,0.5,8.0,0,10,2.0,10,0.7,10,0.2,10,1706,10
2008-01-11T18:00+00:00,5904,0,0,118,10,103,10,1.7,10,3.8,10,989.8,10,,,96,10,0.0,10,0,10,20.0,0.0,0.0,10,0.4,4.1,0,10,0.5,8.0,0,10,2.0,10,0.8,10,0.4,10,1805,10
2008-01-11T19:00+00:00,5904,0,0,148,10,128,10,1.6,10,4.0,10,989.1,10,,,96,10,0.0,10,0,10,20.0,0.0,0.0,10,0.4,4.1,0,10,0.5,8.0,0,10,2.0,10,1.2,10,0.6,10,1920,10
2008-01-11T20:00+00:00,5904,0,0,139,10,126,10,1.4,10,2.8,10,988.6,10,,,96,10,0.0,10,0,10,20.0,0.0,0.0,10,0.4,4.1,0,10,0.5,8.0,0,10,2.0,10,1.1,10,0.8,10,2019,10
2008-01-11T21:00+00:00,5904,0,0,76,10,91,10,1.3,10,2.6,10,987.8,10,,,96,10,0.0,10,0,10,20.0,0.0,0.0,10,0.4,4.1,0,10,0.5,8.0,0,10,2.0,10,1.2,10,0.7,10,2124,10
2008-01-11T22:00+00:00,5904,0,0,59,10,77,10,1.0,10,2.0,10,987.1,10,,,96,10,0.0,10,0,10,20.0,0.0,0.0,10,0.4,4.1,0,10,0.5,8.0,0,10,2.0,10,1.2,10,0.7,10,2259,10
2008-01-11T23:00+00:00,5904,0,0,64,10,87,10,0.5,10,2.3,10,986.6,10,,,96,10,0.0,10,0,10,20.0,0.0,0.0,10,0.4,4.1,0,10,0.5,8.0,0,10,2.0,10,1.4,10,0.7,10,2304,10
2008-01-12T00:00+00:00,5904,0,0,29,10,22,10,1.0,10,2.0,10,985.6,10,,,96,10,0.0,10,0,10,20.0,0.0,0.0,10,0.4,4.1,0,10,0.5,8.0,0,10,2.0,10,1.4,10,0.9,10,43,10
2008-01-12T01:00+00:00,5904,0,0,61,10,83,10,1.4,10,2.6,10,985.0,10,,,96,10,0.0,10,0,10,20.0,0.0,0.0,10,0.4,4.1,0,10,0.5,8.0,0,10,2.0,10,1.1,10,0.7,10,106,10
2008-01-12T02:00+00:00,5904,0,0,22,10,27,10,1.2,10,2.7,10,984.5,10,,,96,10,0.0,10,0,10,20.0,0.0,0.0,10,0.4,4.1,0,10,0.5,8.0,0,10,2.0,10,0.8,10,0.4,10,243,10
2008-01-12T03:00+00:00,5904,0,0,31,10,38,10,1.2,10,3.1,10,984.0,10,,,96,10,0.0,10,0,10,20.0,0.0,0.0,10,0.4,4.1,0,10,0.5,8.0,0,10,2.0,10,0.4,10,-0.2,10,351,10
2008-01-12T04:00+00:00,5904,0,0,334,10,355,10,0.6,10,2.1,10,983.7,10,,,96,10,0.0,10,0,10,20.0,0.0,0.0,10,0.4,4.1,0,10,0.5,8.0,0,10,2.0,10,-0.5,10,-1.9,10,404,10
2008-01-12T05:00+00:00,5904,0,0,22,10,42,10,1.0,10,3.3,10,983.6,10,,,96,10,0.0,10,0,10,20.0,0.0,0.0,10,0.4,4.1,0,10,0.5,8.0,0,10,2.0,10,0.2,10,-1.7,10,523,10
2008-01-12T06:00+00:00,5904,0,0,5,10,23,10,1.0,10,2.7,10,983.7,10,,,96,10,0.0,10,0,10,20.0,0.0,0.0,10,0.4,4.1,0,10,0.5,8.0,0,10,2.0,10,0.5,10,-0.3,10,613,10
2008-01-12T07:00+00:00,5904,2,0,31,10,46,10,1.5,10,3.6,10,983.6,10,,,96,10,0.0,10,0,10,20.0,0.0,0.0,10,0.4,4.1,0,10,0.5,8.0,0,10,2.0,10,0.6,10,-0.3,10,726,10
2008-01-12T08:00+00:00,5904,31,0,26,10,25,10,1.3,10,3.1,10,983.7,10,,,96,10,0.0,10,0,10,20.0,0.0,0.0,10,0.4,4.1,0,10,0.5,8.0,0,10,2.0,10,1.3,10,0.0,10,900,10
2008-01-12T09:00+00:00,5904,81,0,32,10,26,10,0.9,10,2.5,10,983.8,10,,,96,10,0.0,10,0,10,20.0,0.0,0.2,10,0.4,4.1,0,10,0.6,8.0,0,10,2.0,10,2.2,10,1.1,10,959,10
2008-01-12T10:00+00:00,5904,188,0,40,10,30,10,0.7,10,2.7,10,983.8,10,,,96,10,0.0,10,0,10,20.0,0.0,0.8,10,0.5,4.1,0,10,0.6,8.0,0,10,2.0,10,3.7,10,2.4,10,1100,10
2008-01-12T11:00+00:00,5904,237,0,44,10,62,10,1.5,10,3.1,10,983.5,10,,,96,10,0.0,10,0,10,20.0,0.0,0.9,10,0.5,4.1,0,10,0.6,8.0,0,10,2.0,10,4.6,10,4.5,10,1129,10
2008-01-12T12:00+00:00,5904,183,0,11,10,29,10,1.0,10,2.2,10,983.3,10,,,93,10,0.0,10,0,10,20.0,0.0,0.1,10,0.5,4.1,0,10,0.6,8.0,0,10,2.0,10,5.7,10,5.0,10,1201,10
2008-01-12T13:00+00:00,5904,113,0,29,10,250,10,1.0,10,2.6,10,984.2,10,,,91,10,0.0,10,0,10,20.0,0.0,0.0,10,0.5,4.1,0,10,0.6,8.0,0,10,2.0,10,4.6,10,4.1,10,1359,10
2008-01-12T14:00+00:00,5904,68,0,268,10,293,10,3.6,10,12.1,10,985.2,10,,,70,10,0.0,10,0,10,20.0,0.0,0.0,10,0.5,4.1,0,10,0.6,8.0,0,10,2.0,10,4.6,10,3.3,10,1451,10
2008-01-12T15:00+00:00,5904,25,0,261,10,271,10,3.3,10,11.3,10,986.5,10,,,69,10,0.0,10,0,10,20.0,0.0,0.0,10,0.5,4.1,0,10,0.6,8.0,0,10,2.0,10,5.7,10,3.0,10,1557,10
2008-01-12T16:00+00:00,5904,1,0,273,10,273,10,5.1,10,13.3,10,988.0,10,,,70,10,0.0,10,0,10,20.0,0.0,0.0,10,0.5,4.0,0,10,0.6,8.0,0,10,2.0,10,5.1,10,3.4,10,1604,10
2008-01-12T17:00+00:00,5904,0,0,266,10,261,10,1.9,10,7.9,10,989.3,10,,,73,10,0.0,10,0,10,20.0,0.0,0.0,10,0.5,4.0,0,10,0.6,8.0,0,10,2.0,10,4.4,10,2.1,10,1705,10
2008-01-12T18:00+00:00,5904,0,0,278,10,281,10,2.5,10,7.0,10,990.3,10,,,73,10,0.0,10,0,10,20.0,0.0,0.0,10,0.5,4.0,0,10,0.6,8.0,0,10,2.0,10,4.8,10,1.8,10,1847,10
2008-01-12T19:00+00:00,5904,0,0,275,10,278,10,3.0,10,7.3,10,991.5,10,,,76,10,0.0,10,0,10,20.0,0.0,0.0,10,0.4,4.0,0,10,0.6,8.0,0,10,2.0,10,3.9,10,0.7,10,1915,10
2008-01-12T20:00+00:00,5904,0,0,284,10,300,10,1.5,10,8.3,10,992.0,10,,,75,10,0.0,10,0,10,20.0,0.0,0.0,10,0.4,4.0,0,10,0.6,8.0,0,10,2.0,10,5.0,10,0.5,10,2058,10
2008-01-12T21:00+00:00,5904,0,0,285,10,292,10,3.8,10,11.1,10,992.7,10,,,72,10,0.0,10,0,10,20.0,0.0,0.0,10,0.5,4.0,0,10,0.6,8.0,0,10,2.0,10,5.7,10,3.0,10,2110,10
2008-01-12T22:00+00:00,5904,0,0,280,10,285,10,3.2,10,7.8,10,993.5,10,,,73,10,0.0,10,0,10,20.0,0.0,0.0,10,0.5,4.0,0,10,0.6,8.0,0,10,2.0,10,5.8,10,4.4,10,2218,10
2008-01-12T23:00+00:00,5904,0,0,287,10,274,10,2.2,10,7.9,10,994.1,10,,,77,10,0.0,10,21,10,20.0,0.0,0.0,10,0.5,4.0,0,10,0.6,8.0,0,10,2.0,10,5.6,10,3.9,10,2320,10
2008-01-13T00:00+00:00,5904,0,0,305,10,338,10,2.2,10,6.3,10,994.6,10,,,84,10,0.1,10,59,10,20.0,0.0,0.0,10,0.5,4.0,0,10,0.6,8.0,0,10,2.0,10,4.9,10,3.1,10,24,10
2008-01-13T01:00+00:00,5904,0,0,282,10,290,10,3.3,10,6.6,10,995.1,10,,,87,10,0.1,10,58,10,20.0,0.0,0.0,10,0.5,4.0,0,10,0.6,8.0,0,10,2.0,10,4.6,10,2.8,10,154,10
2008-01-13T02:00+00:00,5904,0,0,282,10,285,10,3.7,10,6.7,10,995.3,10,,,86,10,0.0,10,5,10,20.0,0.0,0.0,10,0.5,4.0,0,10,0.6,7.9,0,10,2.0,10,4.7,10,2.7,10,243,10
2008-01-13T03:00+00:00,5904,0,0,288,10,282,10,3.0,10,6.7,10,995.4,10,,,85,10,0.0,10,20,10,20.0,0.0,0.0,10,0.5,4.0,0,10,0.6,7.9,0,10,2.0,10,4.6,10,2.8,10,302,10
2008-01-13T04:00+00:00,5904,0,0,296,10,291,10,1.9,10,7.1,10,995.6,10,,,83,10,0.0,10,0,10,20.0,0.0,0.0,10,0.5,4.0,0,10,0.6,7.9,0,10,2.0,10,4.9,10,2.4,10,451,10
2008-01-13T05:00+00:00,5904,0,0,293,10,291,10,3.6,10,7.2,10,996.0,10,,,81,10,0.0,10,0,10,20.0,0.0,0.0,10,0.5,4.0,0,10,0.6,7.9,0,10,2.0,10,4.9,10,3.3,10,545,10
2008-01-13T06:00+00:00,5904,0,0,319,10,309,10,1.0,10,5.6,10,996.7,10,,,83,10,0.0,10,13,10,20.0,0.0,0.0,10,0.5,4.0,0,10,0.6,7.9,0,10,2.0,10,4.3,10,2.6,10,700,10
2008-01-13T07:00+00:00,5904,1,0,69,10,129,10,0.2,10,2.7,10,997.1,10,,,84,10,0.0,10,0,10,20.0,0.0,0.0,10,0.5,4.0,0,10,0.6,7.9,0,10,2.0,10,4.1,10,2.6,10,703,10
2008-01-13T08:00+00:00,5904,14,0,70,10,54,10,0.5,10,2.1,10,997.4,10,,,86,10,0.0,10,0,10,20.0,0.0,0.0,10,0.5,4.0,0,10,0.6,7.9,0,10,2.0,10,3.8,10,2.2,10,838,10
2008-01-13T09:00+00:00,5904,75,0,132,10,128,10,0.6,10,2.0,10,997.9,10,,,86,10,0.0,10,0,10,20.0,0.0,0.1,10,0.5,4.0,0,10,0.6,7.9,0,10,2.0,10,4.0,10,2.4,10,928,10
2008-01-13T10:00+00:00,5904,118,0,67,10,59,10,0.7,10,3.0,10,997.7,10,,,84,10,0.0,10,0,10,20.0,0.0,0.0,10,0.6,4.0,0,10,0.7,7.9,0,10,2.0,10,5.1,10,4.0,10,1016,10
2008-01-13T11:00+00:00,5904,128,0,103,10,98,10,1.0,10,2.6,10,997.2,10,,,81,10,0.0,10,0,10,20.0,0.0,0.0,10,0.6,4.0,0,10,0.7,7.9,0,10,2.0,10,5.4,10,5.7,10,1132,10
2008-01-13T12:00+00:00,5904,149,0,60,10,36,10,1.7,10,3.7,10,996.5,10,,,79,10,0.0,10,0,10,20.0,0.0,0.0,10,0.6,4.0,0,10,0.7,7.9,0,10,2.0,10,5.8,10,5.8,10,1258,10
2008-01-13T13:00+00:00,5904,110,0,36,10,28,10,2.1,10,4.6,10,995.8,10,,,77,10,0.0,10,0,10,20.0,0.0,0.0,10,0.6,4.0,0,10,0.7,7.9,0,10,2.0,10,5.6,10,5.4,10,1323,10
2008-01-13T14:00+00:00,5904,115,0,59,10,57,10,1.6,10,3.4,10,995.6,10,,,77,10,0.0,10,0,10,20.0,0.0,0.3,10,0.6,4.0,0,10,0.7,7.9,0,10,2.0,10,5.3,10,3.6,10,1410,10
2008-01-13T15:00+00:00,5904,38,0,68,10,95,10,1.8,10,2.9,10,995.7,10,,,81,10,0.0,10,0,10,20.0,0.0,0.1,10,0.6,4.0,0,10,0.6,7.9,0,10,2.0,10,4.5,10,0.7,10,1507,10
2008-01-13T16:00+00:00,5904,3,0,40,10,42,10,1.9,10,2.9,10,995.8,10,,,86,10,0.0,10,0,10,20.0,0.0,0.0,10,0.5,4.0,0,10,0.6,7.9,0,10,2.0,10,3.2,10,-0.7,10,1700,10
2008-01-13T17:00+00:00,5904,0,0,34,10,29,10,1.6,10,3.0,10,995.8,10,,,88,10,0.0,10,0,10,20.0,0.0,0.0,10,0.5,4.0,0,10,0.6,7.9,0,10,2.0,10,2.8,10,-0.7,10,1703,10
2008-01-13T18:00+00:00,5904,0,0,68,10,73,10,1.3,10,2.6,10,995.8,10,,,90,10,0.0,10,0,10,20.0,0.0,0.0,10,0.5,4.0,0,10,0.6,7.9,0,10,2.0,10,2.4,10,-1.3,10,1843,10
2008-01-13T19:00+00:00,5904,0,0,66,10,82,10,1.2,10,2.6,10,995.9,10,,,90,10,0.0,10,0,10,20.0,0.0,0.0,10,0.5,4.0,0,10,0.6,7.9,0,10,2.0,10,2.8,10,0.6,10,1938,10
2008-01-13T20:00+00:00,5904,0,0,121,10,119,10,1.1,10,2.3,10,995.9,10,,,89,10,0.0,10,0,10,20.0,0.0,0.0,10,0.5,4.0,0,10,0.6,7.9,0,10,2.0,10,3.2,10,1.2,10,2019,10
2008-01-13T21:00+00:00,5904,0,0,132,10,137,10,1.6,10,3.2,10,995.8,10,,,89,10,0.0,10,0,10,20.0,0.0,0.0,10,0.5,4.0,0,10,0.6,7.9,0,10,2.0,10,3.2,10,0.6,10,2130,10
2008-01-13T22:00+00:00,5904,0,0,121,10,118,10,2.5,10,5.6,10,995.5,10,,,89,10,0.0,10,0,10,20.0,0.0,0.0,10,0.5,4.0,0,10,0.6,7.9,0,10,2.0,10,3.5,10,0.7,10,2254,10
2008-01-13T23:00+00:00,5904,0,0,119,10,112,10,2.9,10,5.0,10,995.2,10,,,89,10,0.0,10,0,10,20.0,0.0,0.0,10,0.5,4.0,0,10,0.6,7.9,0,10,2.0,10,2.8,10,-0.3,10,2341,10
2008-01-14T00:00+00:00,5904,0,0,130,10,131,10,2.8,10,6.7,10,994.9,10,,,88,10,0.0,10,0,10,20.0,0.0,0.0,10,0.5,4.0,0,10,0.6,7.9,0,10,2.0,10,2.3,10,-0.2,10,14,10
2008-01-14T01:00+00:00,5904,0,0,147,10,164,10,3.1,10,6.7,10,994.7,10,,,89,10,0.0,10,0,10,20.0,0.0,0.0,10,0.5,4.0,0,10,0.6,7.9,0,10,2.0,10,2.2,10,-0.1,10,115,10
2008-01-14T02:00+00:00,5904,0,0,145,10,173,10,2.4,10,5.0,10,994.6,10,,,90,10,0.0,10,0,10,20.0,0.0,0.0,10,0.5,4.0,0,10,0.6,7.9,0,10,2.0,10,1.7,10,-2.0,10,251,10
2008-01-14T03:00+00:00,5904,0,0,159,10,157,10,2.4,10,5.5,10,994.2,10,,,90,10,0.0,10,0,10,20.0,0.0,0.0,10,0.5,4.0,0,10,0.6,7.9,0,10,2.0,10,1.8,10,-1.0,10,303,10
2008-01-14T04:00+00:00,5904,0,0,152,10,153,10,2.4,10,5.8,10,993.9,10,,,90,10,0.0,10,0,10,20.0,0.0,0.0,10,0.5,4.0,0,10,0.6,7.9,0,10,2.0,10,1.6,10,-0.9,10,401,10
2008-01-14T05:00+00:00,5904,0,0,139,10,146,10,1.8,10,3.8,10,993.7,10,,,90,10,0.0,10,0,10,20.0,0.0,0.0,10,0.5,4.0,0,10,0.6,7.9,0,10,2.0,10,1.1,10,-2.3,10,509,10
2008-01-14T06:00+00:00,5904,0,0,149,10,148,10,2.4,10,6.2,10,993.7,10,,,89,10,0.0,10,0,10,20.0,0.0,0.0,10,0.5,4.0,0,10,0.6,7.9,0,10,2.0,10,1.6,10,-2.3,10,657,10
2008-01-14T07:00+00:00,5904,0,0,146,10,148,10,2.3,10,4.8,10,993.4,10,,,89,10,0.0,10,0,10,20.0,0.0,0.0,10,0.5,4.0,0,10,0.6,7.9,0,10,2.0,10,1.7,10,-0.4,10,711,10
2008-01-14T08:00+00:00,5904,28,0,132,10,149,10,2.4,10,5.8,10,993.5,10,,,89,10,0.0,10,0,10,20.0,0.0,0.0,10,0.5,4.0,0,10,0.6,7.9,0,10,2.0,10,2.3,10,0.9,10,859,10
2008-01-14T09:00+00:00,5904,16,0,123,10,122,10,2.7,10,5.6,10,993.7,10,,,89,10,0.0,10,0,10,20.0,0.0,0.0,10,0.5,4.0,0,10,0.7,7.9,0,10,2.0,10,2.3,10,1.7,10,914,10
2008-01-14T10:00+00:00,5904,26,0,138,10,160,10,3.1,10,6.8,10,993.3,10,,,90,10,0.0,10,0,10,20.0,0.0,0.0,10,0.6,4.0,0,10,0.7,7.9,0,10,2.0,10,2.8,10,1.9,10,1053,10
2008-01-14T11:00+00:00,5904,46,0,131,10,161,10,3.3,10,6.4,10,992.7,10,,,91,10,0.0,10,0,10,20.0,0.0,0.0,10,0.6,4.0,0,10,0.7,7.9,0,10,2.0,10,3.1,10,2.7,10,1111,10
2008-01-14T12:00+00:00,5904,62,0,121,10,121,10,4.4,10,8.3,10,991.9,10,,,91,10,0.0,10,0,10,20.0,0.0,0.0,10,0.6,4.0,0,10,0.7,7.9,0,10,2.0,10,3.7,10,3.3,10,1259,10
2008-01-14T13:00+00:00,5904,56,0,123,10,134,10,4.3,10,8.7,10,991.7,10,,,89,10,0.0,10,0,10,20.0,0.0,0.0,10,0.7,4.0,0,10,0.8,7.9,0,10,2.0,10,4.3,10,3.9,10,1301,10
2008-01-14T14:00+00:00,5904,49,0,129,10,109,10,3.4,10,7.6,10,991.5,10,,,87,10,0.0,10,0,10,20.0,0.0,0.0,10,0.8,4.0,0,10,0.8,7.9,0,10,2.0,10,4.5,10,4.5,10,1410,10
2008-01-14T15:00+00:00,5904,30,0,120,10,128,10,3.5,10,7.7,10,991.5,10,,,88,10,0.0,10,0,10,20.0,0.0,0.0,10,0.8,4.0,0,10,0.9,7.9,0,10,2.0,10,4.5,10,3.8,10,1542,10
2008-01-14T16:00+00:00,5904,3,0,127,10,136,10,3.5,10,7.2,10,991.7,10,,,89,10,0.0,10,0,10,20.0,0.0,0.0,10,0.8,4.0,0,10,0.9,7.9,0,10,2.0,10,3.9,10,1.7,10,1622,10
2008-01-14T17:00+00:00,5904,0,0,141,10,149,10,4.1,10,8.5,10,991.7,10,,,90,10,0.0,10,0,10,20.0,0.0,0.0,10,0.9,4.0,0,10,0.9,7.9,0,10,2.0,10,3.8,10,2.8,10,1709,10
2008-01-14T18:00+00:00,5904,0,0,153,10,148,10,4.1,10,8.7,10,992.1,10,,,90,10,0.0,10,0,10,20.0,0.0,0.0,10,0.9,4.0,0,10,0.9,7.8,0,10,2.0,10,3.8,10,3.4,10,1858,10
2008-01-14T19:00+00:00,5904,0,0,160,10,172,10,3.8,10,8.1,10,992.0,10,,,91,10,0.0,10,0,10,20.0,0.0,0.0,10,0.9,4.0,0,10,1.0,7.9,0,10,2.0,10,3.8,10,3.4,10,1955,10
2008-01-14T20:00+00:00,5904,0,0,160,10,177,10,4.4,10,9.4,10,992.3,10,,,91,10,0.0,10,0,10,20.0,0.0,0.0,10,1.0,4.0,0,10,1.0,7.9,0,10,2.0,10,3.9,10,3.4,10,2051,10
2008-01-14T21:00+00:00,5904,0,0,156,10,155,10,4.7,10,9.7,10,992.1,10,,,91,10,0.0,10,0,10,20.0,0.0,0.0,10,1.0,4.0,0,10,1.0,7.8,0,10,2.0,10,3.7,10,3.3,10,2111,10
2008-01-14T22:00+00:00,5904,0,0,161,10,173,10,4.3,10,9.7,10,992.0,10,,,91,10,0.0,10,0,10,20.0,0.0,0.0,10,1.1,4.0,0,10,1.1,7.8,0,10,2.0,10,3.7,10,3.3,10,2232,10
2008-01-14T23:00+00:00,5904,0,0,158,10,170,10,3.3,10,9.2,10,992.0,10,,,91,10,0.0,10,0,10,20.0,0.0,0.0,10,1.1,4.0,0,10,1.1,7.8,0,10,2.0,10,3.7,10,3.2,10,2310,10
2008-01-15T00:00+00:00,5904,0,0,148,10,148,10,3.9,10,8.1,10,991.9,10,,,90,10,0.0,10,0,10,20.0,0.0,0.0,10,1.1,4.0,0,10,1.1,7.8,0,10,2.0,10,3.6,10,3.2,10,36,10
2008-01-15T01:00+00:00,5904,0,0,145,10,156,10,3.8,10,7.6,10,991.9,10,,,90,10,0.0,10,0,10,20.0,0.0,0.0,10,1.1,4.0,0,10,1.1,7.8,0,10,2.0,10,3.5,10,3.1,10,107,10
2008-01-15T02:00+00:00,5904,0,0,136,10,145,10,3.1,10,6.9,10,991.8,10,,,90,10,0.0,10,0,10,20.0,0.0,0.0,10,1.1,4.0,0,10,1.2,7.8,0,10,2.0,10,3.5,10,2.9,10,219,10
2008-01-15T03:00+00:00,5904,0,0,138,10,149,10,3.2,10,6.4,10,991.5,10,,,89,10,0.0,10,0,10,20.0,0.0,0.0,10,1.2,4.0,0,10,1.2,7.8,0,10,2.0,10,3.4,10,2.9,10,316,10
2008-01-15T04:00+00:00,5904,0,0,144,10,145,10,3.4,10,6.5,10,991.6,10,,,89,10,0.0,10,0,10,20.0,0.0,0.0,10,1.2,4.0,0,10,1.2,7.8,0,10,2.0,10,3.3,10,2.9,10,422,10
2008-01-15T05:00+00:00,5904,0,0,138,10,143,10,2.6,10,5.4,10,991.5,10,,,89,10,0.0,10,0,10,20.0,0.0,0.0,10,1.2,4.0,0,10,1.2,7.8,0,10,2.0,10,3.2,10,2.5,10,536,10
2008-01-15T06:00+00:00,5904,0,0,126,10,147,10,2.1,10,4.7,10,992.2,10,,,90,10,0.0,10,0,10,20.0,0.0,0.0,10,1.2,4.0,0,10,1.2,7.8,0,10,2.0,10,3.1,10,2.4,10,611,10
2008-01-15T07:00+00:00,5904,0,0,104,10,114,10,1.9,10,3.7,10,992.8,10,,,90,10,0.0,10,0,10,20.0,0.0,0.0,10,1.2,4.0,0,10,1.2,7.8,0,10,2.0,10,3.1,10,2.4,10,711,10
2008-01-15T08:00+00:00,5904,12,0,91,10,105,10,1.7,10,3.6,10,992.9,10,,,90,10,0.0,10,0,10,20.0,0.0,0.0,10,1.2,4.0,0,10,1.2,7.8,0,10,2.0,10,3.3,10,2.3,10,819,10
2008-01-15T09:00+00:00,5904,37,0,102,10,107,10,2.6,10,4.8,10,992.7,10,,,90,10,0.0,10,0,10,20.0,0.0,0.0,10,1.2,4.0,0,10,1.3,7.8,0,10,2.0,10,3.5,10,3.1,10,925,10
2008-01-15T10:00+00:00,5904,60,0,118,10,80,10,2.4,10,4.6,10,993.0,10,,,89,10,0.0,10,0,10,20.0,0.0,0.0,10,1.3,4.0,0,10,1.3,7.8,0,10,2.0,10,3.6,10,4.0,10,1014,10
2008-01-15T11:00+00:00,5904,64,0,127,10,140,10,2.9,10,5.5,10,992.1,10,,,88,10,0.0,10,0,10,20.0,0.0,0.0,10,1.4,4.0,0,10,1.4,7.8,0,10,2.0,10,3.5,10,4.0,10,1137,10
2008-01-15T12:00+00:00,5904,39,0,120,10,136,10,3.1,10,6.5,10,991.6,10,,,88,10,0.0,10,0,10,20.0,0.0,0.0,10,1.4,4.0,0,10,1.4,7.8,0,10,2.0,10,3.5,10,3.5,10,1209,10
2008-01-15T13:00+00:00,5904,46,0,119,10,135,10,3.3,10,6.1,10,991.0,10,,,88,10,0.0,10,0,10,20.0,0.0,0.0,10,1.5,4.0,0,10,1.5,7.8,0,10,2.0,10,3.6,10,3.6,10,1347,10
2008-01-15T14:00+00:00,5904,27,0,125,10,122,10,3.3,10,7.1,10,990.3,10,,,87,10,0.0,10,0,10,20.0,0.0,0.0,10,1.5,4.0,0,10,1.5,7.8,0,10,2.0,10,3.8,10,3.7,10,1445,10
2008-01-15T15:00+00:00,5904,14,0,123,10,116,10,3.6,10,7.1,10,989.9,10,,,86,10,0.0,10,0,10,20.0,0.0,0.0,10,1.6,4.0,0,10,1.5,7.8,0,10,2.0,10,4.2,10,3.7,10,1527,10
2008-01-15T16:00+00:00,5904,1,0,113,10,131,10,3.6,10,6.7,10,989.0,10,,,87,10,0.0,10,0,10,20.0,0.0,0.0,10,1.6,4.0,0,10,1.6,7.8,0,10,2.0,10,4.6,10,3.7,10,1633,10
2008-01-15T17:00+00:00,5904,0,0,113,10,139,10,3.9,10,7.7,10,988.1,10,,,89,10,0.0,10,0,10,20.0,0.0,0.0,10,1.6,3.9,0,10,1.5,7.8,0,10,2.0,10,4.0,10,1.4,10,1719,10
2008-01-15T18:00+00:00,5904,0,0,112,10,120,10,3.2,10,7.2,10,987.4,10,,,89,10,0.0,10,0,10,21.0,0.0,0.0,10,1.6,4.0,0,10,1.6,7.8,0,10,2.1,10,3.8,10,2.7,10,1808,10
2008-01-15T19:00+00:00,5904,0,0,127,10,124,10,4.2,10,8.2,10,986.2,10,,,89,10,0.0,10,0,10,21.0,0.0,0.0,10,1.5,4.0,0,10,1.5,7.8,0,10,2.1,10,3.7,10,1.5,10,1932,10
2008-01-15T20:00+00:00,5904,0,0,140,10,124,10,3.1,10,8.3,10,985.5,10,,,89,10,0.0,10,0,10,21.0,0.0,0.0,10,1.5,3.9,0,10,1.5,7.8,0,10,2.1,10,3.5,10,0.8,10,2020,10
2008-01-15T21:00+00:00,5904,0,0,143,10,144,10,3.5,10,8.2,10,985.1,10,,,86,10,0.0,10,0,10,21.0,0.0,0.0,10,1.4,4.0,0,10,1.5,7.8,0,10,2.1,10,3.7,10,1.0,10,2150,10
2008-01-15T22:00+00:00,5904,0,0,149,10,145,10,2.5,10,7.0,10,984.4,10,,,85,10,0.0,10,0,10,21.0,0.0,0.0,10,1.3,4.0,0,10,1.4,7.8,0,10,2.1,10,3.7,10,0.1,10,2254,10
2008-01-15T23:00+00:00,5904,0,0,158,10,138,10,2.5,10,6.7,10,983.6,10,,,84,10,0.0,10,0,10,21.0,0.0,0.0,10,1.3,3.9,0,10,1.4,7.8,0,10,2.1,10,3.6,10,0.7,10,2312,10
2008-01-16T00:00+00:00,5904,0,0,153,10,168,10,3.0,10,6.6,10,982.7,10,,,82,10,0.0,10,0,10,21.0,0.0,0.0,10,1.2,3.9,0,10,1.3,7.8,0,10,2.1,10,3.8,10,0.7,10,42,10
2008-01-16T01:00+00:00,5904,0,0,155,10,140,10,2.8,10,7.1,10,981.9,10,,,81,10,0.0,10,0,10,21.0,0.0,0.0,10,1.2,3.9,0,10,1.3,7.8,0,10,2.1,10,3.8,10,0.9,10,138,10
2008-01-16T02:00+00:00,5904,0,0,139,10,140,10,1.9,10,5.1,10,981.3,10,,,83,10,0.0,10,0,10,21.0,0.0,0.0,10,1.1,3.9,0,10,1.2,7.8,0,10,2.1,10,3.5,10,-0.4,10,258,10
2008-01-16T03:00+00:00,5904,0,0,143,10,141,10,2.6,10,6.8,10,980.5,10,,,83,10,0.0,10,0,10,21.0,0.0,0.0,10,1.1,3.9,0,10,1.2,7.8,0,10,2.1,10,3.5,10,0.0,10,312,10
2008-01-16T04:00+00:00,5904,0,0,131,10,155,10,2.2,10,4.8,10,980.2,10,,,84,10,0.0,10,0,10,21.0,0.0,0.0,10,1.1,3.9,0,10,1.2,7.8,0,10,2.1,10,3.6,10,-1.0,10,445,10
2008-01-16T05:00+00:00,5904,0,0,163,10,172,10,2.6,10,8.4,10,979.7,10,,,79,10,0.0,10,0,10,21.0,0.0,0.0,10,1.0,3.9,0,10,1.2,7.8,0,10,2.1,10,5.1,10,-0.2,10,542,10
2008-01-16T06:00+00:00,5904,0,0,169,10,173,10,3.2,10,8.7,10,979.8,10,,,79,10,0.0,10,0,10,21.0,0.0,0.0,10,1.0,3.9,0,10,1.1,7.8,0,10,2.1,10,5.4,10,2.1,10,615,10
2008-01-16T07:00+00:00,5904,4,0,153,10,145,10,2.5,10,6.6,10,979.9,10,,,80,10,0.0,10,0,10,21.0,0.0,0.2,10,1.0,3.9,0,10,1.1,7.8,0,10,2.1,10,5.2,10,2.2,10,708,10
2008-01-16T08:00+00:00,5904,34,0,117,10,117,10,2.0,10,4.3,10,980.0,10,,,81,10,0.0,10,0,10,21.0,0.0,0.0,10,1.0,3.9,0,10,1.1,7.8,0,10,2.1,10,5.1,10,1.7,10,827,10
2008-01-16T09:00+00:00,5904,82,0,104,10,110,10,1.7,10,4.2,10,980.2,10,,,79,10,0.0,10,0,10,21.0,0.0,0.0,10,1.1,3.9,0,10,1.2,7.8,0,10,2.1,10,6.1,10,2.3,10,911,10
2008-01-16T10:00+00:00,5904,80,0,82,10,124,10,1.8,10,4.1,10,980.1,10,,,76,10,0.0,10,0,10,21.0,0.0,0.0,10,1.2,3.9,0,10,1.2,7.8,0,10,2.1,10,6.9,10,5.4,10,1009,10
2008-01-16T11:00+00:00,5904,160,0,83,10,138,10,1.9,10,5.6,10,979.5,10,,,73,10,0.0,10,0,10,21.0,0.0,0.3,10,1.4,3.9,0,10,1.3,7.8,0,10,2.1,10,8.2,10,6.1,10,1105,10
2008-01-16T12:00+00:00,5904,186,0,41,10,51,10,2.4,10,3.8,10,979.2,10,,,71,10,0.0,10,0,10,21.0,0.0,0.4,10,1.6,3.9,0,10,1.5,7.8,0,10,2.1,10,8.6,10,8.9,10,1212,10
2008-01-16T13:00+00:00,5904,136,0,34,10,35,10,2.2,10,3.7,10,979.3,10,,,72,10,0.0,10,0,10,21.0,0.0,0.0,10,1.8,3.9,0,10,1.6,7.7,0,10,2.1,10,8.2,10,8.6,10,1355,10
2008-01-16T14:00+00:00,5904,49,0,38,10,46,10,1.7,10,3.6,10,979.9,10,,,77,10,0.0,10,0,10,21.0,0.0,0.0,10,1.9,3.9,0,10,1.7,7.7,0,10,2.1,10,5.9,10,5.5,10,1403,10
2008-01-16T15:00+00:00,5904,29,0,37,10,34,10,1.9,10,3.2,10,980.4,10,,,81,10,0.0,10,0,10,21.0,0.0,0.0,10,1.9,3.9,0,10,1.8,7.7,0,10,2.1,10,4.5,10,2.2,10,1543,10
2008-01-16T16:00+00:00,5904,2,0,347,10,33,10,0.2,10,2.6,10,980.8,10,,,84,10,0.0,10,0,10,21.0,0.0,0.0,10,1.9,3.9,0,10,1.8,7.7,0,10,2.1,10,3.4,10,0.4,10,1602,10
2008-01-16T17:00+00:00,5904,0,0,177,10,121,10,0.4,10,1.5,10,981.2,10,,,87,10,0.0,10,0,10,21.0,0.0,0.0,10,1.8,3.9,0,10,1.8,7.7,0,10,2.1,10,2.7,10,-0.1,10,1702,10
2008-01-16T18:00+00:00,5904,0,0,283,10,279,10,0.5,10,1.5,10,981.7,10,,,90,10,0.0,10,0,10,21.0,0.0,0.0,10,1.7,3.9,0,10,1.7,7.7,0,10,2.1,10,2.4,10,-0.4,10,1841,10
2008-01-16T19:00+00:00,5904,0,0,273,10,58,10,0.3,10,1.5,10,981.9,10,,,91,10,0.0,10,0,10,21.0,0.0,0.0,10,1.6,3.9,0,10,1.6,7.7,0,10,2.1,10,1.9,10,-0.9,10,1912,10
2008-01-16T20:00+00:00,5904,0,0,23,10,24,10,1.1,10,3.2,10,982.7,10,,,93,10,0.0,10,0,10,21.0,0.0,0.0,10,1.5,3.9,0,10,1.6,7.7,0,10,2.1,10,2.0,10,-1.1,10,2051,10
2008-01-16T21:00+00:00,5904,0,0,17,10,29,10,1.9,10,3.4,10,983.3,10,,,93,10,0.0,10,0,10,22.0,0.0,0.0,10,1.5,3.9,0,10,1.6,7.7,0,10,2.2,10,2.4,10,-0.7,10,2105,10
2008-01-16T22:00+00:00,5904,0,0,19,10,25,10,0.8,10,2.6,10,983.7,10,,,93,10,0.0,10,0,10,22.0,0.0,0.0,10,1.4,3.9,0,10,1.5,7.7,0,10,2.2,10,2.6,10,-0.2,10,2300,10
2008-01-16T23:00+00:00,5904,0,0,274,10,245,10,0.6,10,2.3,10,984.0,10,,,94,10,0.0,10,0,10,22.0,0.0,0.0,10,1.4,3.9,0,10,1.5,7.7,0,10,2.2,10,2.2,10,0.2,10,2342,10
2008-01-17T00:00+00:00,5904,0,0,252,10,252,10,0.8,10,1.6,10,984.4,10,,,94,10,0.0,10,0,10,22.0,0.0,0.0,10,1.4,3.9,0,10,1.5,7.7,0,10,2.2,10,1.8,10,-0.4,10,4,10
2008-01-17T01:00+00:00,5904,0,0,225,10,242,10,1.1,10,1.9,10,985.0,10,,,94,10,0.0,10,0,10,22.0,0.0,0.0,10,1.3,3.9,0,10,1.4,7.7,0,10,2.2,10,1.6,10,-0.6,10,120,10
2008-01-17T02:00+00:00,5904,0,0,182,10,277,10,0.3,10,1.5,10,985.3,10,,,93,10,0.0,10,0,10,22.0,0.0,0.0,10,1.3,3.9,0,10,1.4,7.7,0,10,2.2,10,1.4,10,-1.0,10,246,10
2008-01-17T03:00+00:00,5904,0,0,221,10,274,10,0.3,10,2.1,10,985.9,10,,,94,10,0.0,10,0,10,22.0,0.0,0.0,10,1.3,3.9,0,10,1.4,7.7,0,10,2.2,10,2.0,10,-0.5,10,348,10
2008-01-17T04:00+00:00,5904,0,0,146,10,91,10,0.6,10,1.9,10,986.3,10,,,94,10,0.0,10,2,10,22.0,0.0,0.0,10,1.3,3.9,0,10,1.4,7.7,0,10,2.2,10,2.4,10,1.3,10,405,10
2008-01-17T05:00+00:00,5904,0,0,279,10,293,10,0.2,10,1.7,10,987.4,10,,,93,10,0.0,10,0,10,22.0,0.0,0.0,10,1.3,3.9,0,10,1.4,7.7,0,10,2.2,10,2.8,10,1.7,10,557,10
2008-01-17T06:00+00:00,5904,0,0,46,10,240,10,0.1,10,2.2,10,988.4,10,,,93,10,0.0,10,0,10,22.0,0.0,0.0,10,1.3,3.9,0,10,1.4,7.7,0,10,2.2,10,3.0,10,2.1,10,659,10
2008-01-17T07:00+00:00,5904,0,0,280,10,286,10,2.1,10,4.5,10,989.4,10,,,91,10,0.0,10,0,10,22.0,0.0,0.0,10,1.4,3.9,0,10,1.4,7.7,0,10,2.2,10,3.7,10,2.2,10,736,10
2008-01-17T08:00+00:00,5904,23,0,278,10,293,10,2.4,10,5.8,10,990.2,10,,,90,10,0.0,10,0,10,22.0,0.0,0.0,10,1.4,3.9,0,10,1.5,7.7,0,10,2.2,10,3.7,10,2.3,10,830,10
2008-01-17T09:00+00:00,5904,90,0,286,10,276,10,0.2,10,2.5,10,991.0,10,,,86,10,0.0,10,0,10,22.0,0.0,0.4,10,1.5,3.9,0,10,1.5,7.7,0,10,2.2,10,4.2,10,1.6,10,906,10
2008-01-17T10:00+00:00,5904,171,0,54,10,61,10,0.9,10,2.7,10,991.6,10,,,83,10,0.0,10,0,10,22.0,0.0,1.0,10,1.6,3.9,0,10,1.6,7.7,0,10,2.2,10,5.1,10,4.0,10,1036,10
2008-01-17T11:00+00:00,5904,159,0,84,10,86,10,1.3,10,2.8,10,991.8,10,,,82,10,0.0,10,0,10,22.0,0.0,0.4,10,1.8,3.9,0,10,1.7,7.7,0,10,2.2,10,5.5,10,6.3,10,1130,10
2008-01-17T12:00+00:00,5904,77,0,101,10,83,10,1.6,10,3.4,10,991.8,10,,,84,10,0.0,10,0,10,22.0,0.0,0.0,10,1.9,3.9,0,10,1.8,7.7,0,10,2.2,10,5.3,10,6.1,10,1218,10
2008-01-17T13:00+00:00,5904,66,0,112,10,168,10,1.0,10,2.3,10,992.1,10,,,85,10,0.0,10,32,10,22.0,0.0,0.0,10,2.1,3.9,0,10,1.9,7.7,0,10,2.2,10,5.5,10,5.7,10,1304,10
2008-01-17T14:00+00:00,5904,47,0,214,10,201,10,1.1,10,3.7,10,992.6,10,,,87,10,0.1,10,58,10,22.0,0.0,0.0,10,2.2,3.9,0,10,2.0,7.7,0,10,2.2,10,5.6,10,4.9,10,1453,10
2008-01-17T15:00+00:00,5904,16,0,212,10,213,10,2.0,10,3.4,10,992.9,10,,,88,10,0.0,10,40,10,22.0,0.0,0.0,10,2.2,3.9,0,10,2.1,7.7,0,10,2.2,10,5.2,10,4.2,10,1509,10
2008-01-17T16:00+00:00,5904,0,0,201,10,209,10,1.0,10,3.0,10,993.1,10,,,90,10,0.0,10,50,10,22.0,0.0,0.0,10,2.2,3.9,0,10,2.1,7.7,0,10,2.2,10,4.8,10,3.5,10,1612,10
2008-01-17T17:00+00:00,5904,0,0,133,10,144,10,1.8,10,3.6,10,993.2,10,,,91,10,0.0,10,37,10,22.0,0.0,0.0,10,2.2,3.9,0,10,2.1,7.7,0,10,2.2,10,4.5,10,3.5,10,1753,10
2008-01-17T18:00+00:00,5904,0,0,148,10,148,10,2.3,10,4.6,10,993.4,10,,,91,10,0.0,10,0,10,22.0,0.0,0.0,10,2.2,3.9,0,10,2.2,7.7,0,10,2.2,10,4.5,10,3.6,10,1824,10
2008-01-17T19:00+00:00,5904,0,0,173,10,140,10,2.0,10,4.6,10,993.5,10,,,91,10,0.0,10,12,10,23.0,0.0,0.0,10,2.2,3.9,0,10,2.2,7.7,0,10,2.3,10,4.5,10,3.8,10,1902,10
2008-01-17T20:00+00:00,5904,0,0,186,10,185,10,1.7,10,3.8,10,993.1,10,,,91,10,0.0,10,8,10,23.0,0.0,0.0,10,2.2,3.9,0,10,2.2,7.7,0,10,2.3,10,4.5,10,3.7,10,2008,10
2008-01-17T21:00+00:00,5904,0,0,134,10,126,10,2.3,10,4.4,10,992.9,10,,,92,10,0.0,10,0,10,23.0,0.0,0.0,10,2.3,3.9,0,10,2.2,7.7,0,10,2.3,10,3.9,10,3.4,10,2133,10
2008-01-17T22:00+00:00,5904,0,0,130,10,124,10,2.6,10,5.6,10,992.1,10,,,93,10,0.0,10,1,10,23.0,0.0,0.0,10,2.3,3.9,0,10,2.2,7.7,0,10,2.3,10,3.8,10,3.3,10,2235,10
2008-01-17T23:00+00:00,5904,0,0,134,10,155,10,3.1,10,7.1,10,991.6,10,,,93,10,0.0,10,32,10,23.0,0.0,0.0,10,2.3,3.9,0,10,2.2,7.7,0,10,2.3,10,3.9,10,3.2,10,2358,10
2008-01-18T00:00+00:00,5904,0,0,131,10,128,10,2.8,10,6.5,10,990.6,10,,,94,10,0.0,10,20,10,23.0,0.0,0.0,10,2.3,3.9,0,10,2.2,7.7,0,10,2.3,10,3.8,10,3.3,10,3,10
2008-01-18T01:00+00:00,5904,0,0,132,10,148,10,2.1,10,6.4,10,990.3,10,,,94,10,0.0,10,0,10,23.0,0.0,0.0,10,2.3,3.9,0,10,2.2,7.7,0,10,2.3,10,4.0,10,3.3,10,103,10
2008-01-18T02:00+00:00,5904,0,0,140,10,148,10,2.3,10,5.3,10,989.8,10,,,93,10,0.0,10,0,10,23.0,0.0,0.0,10,2.3,3.9,0,10,2.3,7.7,0,10,2.3,10,4.3,10,3.3,10,259,10
2008-01-18T03:00+00:00,5904,0,0,134,10,145,10,3.0,10,5.8,10,989.2,10,,,93,10,0.0,10,0,10,24.0,0.0,0.0,10,2.3,3.9,0,10,2.3,7.7,0,10,2.4,10,4.2,10,3.4,10,330,10
2008-01-18T04:00+00:00,5904,0,0,128,10,125,10,2.0,10,4.7,10,989.2,10,,,93,10,0.0,10,0,10,24.0,0.0,0.0,10,2.3,3.9,0,10,2.3,7.7,0,10,2.4,10,4.4,10,3.5,10,500,10
2008-01-18T05:00+00:00,5904,0,0,146,10,169,10,1.7,10,3.9,10,989.8,10,,,92,10,0.0,10,0,10,24.0,0.0,0.0,10,2.3,3.9,0,10,2.3,7.7,0,10,2.4,10,4.2,10,0.9,10,503,10
2008-01-18T06:00+00:00,5904,0,0,123,10,152,10,0.9,10,3.1,10,990.8,10,,,93,10,0.0,10,0,10,24.0,0.0,0.0,10,2.2,3.9,0,10,2.2,7.6,0,10,2.4,10,3.9,10,1.1,10,604,10
2008-01-18T07:00+00:00,5904,3,0,281,10,254,10,1.9,10,7.0,10,992.6,10,,,91,10,0.0,10,0,10,24.0,0.0,0.0,10,2.2,3.9,0,10,2.2,7.7,0,10,2.4,10,4.1,10,1.8,10,730,10
2008-01-18T08:00+00:00,5904,22,0,263,10,281,10,2.8,10,8.6,10,992.9,10,,,81,10,0.0,10,13,10,24.0,0.0,0.0,10,2.2,3.9,0,10,2.2,7.7,0,10,2.4,10,5.3,10,2.4,10,848,10
2008-01-18T09:00+00:00,5904,62,0,235,10,275,10,1.2,10,5.2,10,993.4,10,,,76,10,0.0,10,8,10,24.0,0.0,0.0,10,2.3,3.9,0,10,2.3,7.6,0,10,2.4,10,6.2,10,4.2,10,914,10
2008-01-18T10:00+00:00,5904,132,0,75,10,254,10,0.9,10,4.1,10,994.3,10,,,74,10,0.0,10,0,10,24.0,0.0,0.0,10,2.5,3.9,0,10,2.4,7.6,0,10,2.4,10,7.4,10,5.6,10,1050,10
2008-01-18T11:00+00:00,5904,192,0,272,10,279,10,3.9,10,12.8,10,994.6,10,,,64,10,0.0,10,0,10,24.0,0.0,0.2,10,2.7,3.9,0,10,2.6,7.6,0,10,2.4,10,9.9,10,7.9,10,1124,10
2008-01-18T12:00+00:00,5904,206,0,266,10,259,10,4.0,10,9.5,10,994.9,10,,,62,10,0.0,10,0,10,25.0,0.0,0.5,10,2.9,4.0,0,10,2.7,7.6,0,10,2.5,10,10.0,10,9.6,10,1208,10
2008-01-18T13:00+00:00,5904,205,0,260,10,273,10,3.0,10,9.4,10,994.8,10,,,60,10,0.0,10,0,10,25.0,0.0,0.8,10,3.1,3.9,0,10,2.9,7.6,0,10,2.5,10,10.1,10,8.6,10,1336,10
2008-01-18T14:00+00:00,5904,160,0,264,10,263,10,4.2,10,10.2,10,995.9,10,,,62,10,0.0,10,3,10,25.0,0.0,0.8,10,3.2,3.9,0,10,3.0,7.6,0,10,2.5,10,9.6,10,8.4,10,1433,10
2008-01-18T15:00+00:00,5904,38,0,268,10,267,10,6.0,10,12.4,10,996.7,10,,,66,10,0.0,10,0,10,25.0,0.0,0.0,10,3.2,4.0,0,10,3.0,7.6,0,10,2.5,10,8.7,10,7.2,10,1509,10
2008-01-18T16:00+00:00,5904,8,0,260,10,266,10,4.0,10,9.9,10,997.6,10,,,67,10,0.0,10,0,10,25.0,0.0,0.0,10,3.2,4.0,0,10,3.1,7.6,0,10,2.5,10,8.3,10,6.5,10,1700,10
2008-01-18T17:00+00:00,5904,0,0,250,10,246,10,2.8,10,6.6,10,997.9,10,,,69,10,0.0,10,0,10,25.0,0.0,0.0,10,3.2,4.0,0,10,3.1,7.6,0,10,2.5,10,7.8,10,5.2,10,1754,10
2008-01-18T18:00+00:00,5904,0,0,269,10,285,10,3.9,10,7.0,10,998.5,10,,,68,10,0.0,10,4,10,25.0,0.0,0.0,10,3.2,4.0,0,10,3.1,7.6,0,10,2.5,10,7.7,10,4.8,10,1845,10
2008-01-18T19:00+00:00,5904,0,0,265,10,265,10,3.3,10,7.3,10,999.1,10,,,72,10,0.0,10,0,10,26.0,0.0,0.0,10,3.1,4.0,0,10,3.0,7.6,0,10,2.6,10,6.8,10,1.9,10,1910,10
2008-01-18T20:00+00:00,5904,0,0,253,10,268,10,3.1,10,6.1,10,999.5,10,,,71,10,0.0,10,0,10,26.0,0.0,0.0,10,3.1,4.0,0,10,3.0,7.6,0,10,2.6,10,7.6,10,2.5,10,2009,10
2008-01-18T21:00+00:00,5904,0,0,243,10,266,10,3.2,10,5.7,10,999.6,10,,,72,10,0.0,10,3,10,26.0,0.0,0.0,10,3.1,4.0,0,10,3.0,7.6,0,10,2.6,10,7.8,10,5.3,10,2109,10
2008-01-18T22:00+00:00,5904,0,0,240,10,253,10,2.7,10,4.5,10,999.5,10,,,74,10,0.0,10,1,10,26.0,0.0,0.0,10,3.1,4.0,0,10,3.0,7.6,0,10,2.6,10,7.4,10,5.6,10,2202,10
2008-01-18T23:00+00:00,5904,0,0,241,10,243,10,2.2,10,3.8,10,999.3,10,,,78,10,0.0,10,0,10,26.0,0.0,0.0,10,3.1,4.0,0,10,3.0,7.6,0,10,2.6,10,6.8,10,3.5,10,2400,10
2008-01-19T00:00+00:00,5904,0,0,252,10,251,10,2.1,10,3.2,10,999.0,10,,,79,10,0.0,10,2,10,27.0,0.0,0.0,10,3.0,4.0,0,10,3.0,7.6,0,10,2.7,10,6.5,10,4.0,10,36,10
2008-01-19T01:00+00:00,5904,0,0,215,10,235,10,2.0,10,4.3,10,998.9,10,,,86,10,0.1,10,45,10,27.0,0.0,0.0,10,3.0,4.0,0,10,3.0,7.6,0,10,2.7,10,6.4,10,4.3,10,155,10
2008-01-19T02:00+00:00,5904,0,0,237,10,246,10,2.9,10,6.4,10,998.7,10,,,90,10,0.6,10,60,10,27.0,0.0,0.0,10,3.0,4.0,0,10,3.0,7.6,0,10,2.7,10,7.0,10,5.0,10,237,10
2008-01-19T03:00+00:00,5904,0,0,236,10,237,10,3.2,10,6.3,10,998.1,10,,,92,10,1.1,10,60,10,27.0,0.0,0.0,10,3.1,4.0,0,10,3.0,7.6,0,10,2.7,10,6.9,10,5.7,10,304,10
2008-01-19T04:00+00:00,5904,0,0,237,10,243,10,2.5,10,3.7,10,997.8,10,,,93,10,0.8,10,60,10,27.0,0.0,0.0,10,3.1,4.0,0,10,3.0,7.6,0,10,2.7,10,6.8,10,5.6,10,407,10
2008-01-19T05:00+00:00,5904,0,0,200,10,240,10,1.8,10,4.5,10,996.9,10,,,93,10,1.4,10,60,10,27.0,0.0,0.0,10,3.2,4.0,0,10,3.1,7.6,0,10,2.7,10,6.6,10,5.6,10,559,10
2008-01-19T06:00+00:00,5904,0,0,253,10,256,10,3.9,10,9.6,10,997.0,10,,,91,10,1.6,10,60,10,28.0,0.0,0.0,10,3.2,4.0,0,10,3.1,7.6,0,10,2.8,10,8.7,10,5.7,10,623,10
2008-01-19T07:00+00:00,5904,1,0,260,10,283,10,5.0,10,10.6,10,997.1,10,,,86,10,0.0,10,32,10,28.0,0.0,0.0,10,3.3,4.0,0,10,3.2,7.6,0,10,2.8,10,9.3,10,7.5,10,750,10
2008-01-19T08:00+00:00,5904,11,0,263,10,259,10,6.6,10,13.6,10,996.9,10,,,90,10,1.5,10,60,10,28.0,0.0,0.0,10,3.4,4.0,0,10,3.3,7.6,0,10,2.8,10,9.2,10,7.8,10,854,10
2008-01-19T09:00+00:00,5904,35,0,270,10,272,10,8.8,10,21.3,10,996.7,10,,,87,10,1.7,10,55,10,28.0,0.0,0.0,10,3.6,4.0,0,10,3.4,7.6,0,10,2.8,10,9.7,10,8.3,10,954,10
2008-01-19T10:00+00:00,5904,142,0,269,10,260,10,10.2,10,20.1,10,997.1,10,,,80,10,0.0,10,4,10,28.0,0.0,0.0,10,3.8,4.0,0,10,3.5,7.6,0,10,2.8,10,10.7,10,8.9,10,1001,10
2008-01-19T11:00+00:00,5904,168,0,266,10,273,10,10.2,10,19.2,10,997.2,10,,,75,10,0.0,10,1,10,28.0,0.0,0.0,10,4.0,4.0,0,10,3.7,7.6,0,10,2.8,10,11.3,10,10.2,10,1103,10
2008-01-19T12:00+00:00,5904,163,0,263,10,276,10,8.8,10,17.6,10,997.5,10,,,73,10,0.0,10,0,10,28.0,0.0,0.0,10,4.2,4.0,0,10,3.9,7.6,0,10,2.8,10,11.7,10,10.9,10,1243,10
2008-01-19T13:00+00:00,5904,166,0,265,10,268,10,8.7,10,18.4,10,997.3,10,,,70,10,0.0,10,0,10,29.0,0.0,0.4,10,4.4,4.0,0,10,4.1,7.6,0,10,2.9,10,12.0,10,11.1,10,1308,10
2008-01-19T14:00+00:00,5904,121,0,268,10,276,10,10.3,10,20.2,10,997.3,10,,,68,10,0.0,10,0,10,29.0,0.0,0.4,10,4.6,4.0,0,10,4.2,7.6,0,10,2.9,10,12.0,10,11.2,10,1433,10
2008-01-19T15:00+00:00,5904,34,0,273,10,276,10,11.0,10,21.2,10,997.1,10,,,66,10,0.0,10,0,10,29.0,0.0,0.0,10,4.7,4.0,0,10,4.3,7.6,0,10,2.9,10,12.1,10,11.3,10,1520,10
2008-01-19T16:00+00:00,5904,4,0,273,10,265,10,11.5,10,23.4,10,997.0,10,,,62,10,0.0,10,0,10,29.0,0.0,0.0,10,4.7,4.0,0,10,4.4,7.6,0,10,2.9,10,12.5,10,11.0,10,1637,10
2008-01-19T17:00+00:00,5904,0,0,274,10,267,10,11.9,10,24.0,10,997.5,10,,,62,10,0.0,10,0,10,30.0,0.0,0.0,10,4.8,4.0,0,10,4.4,7.6,0,10,3.0,10,12.3,10,10.9,10,1722,10
2008-01-19T18:00+00:00,5904,0,0,277,10,277,10,11.3,10,23.1,10,997.3,10,,,61,10,0.0,10,0,10,30.0,0.0,0.0,10,4.8,4.0,0,10,4.5,7.6,0,10,3.0,10,12.4,10,10.7,10,1811,10
2008-01-19T19:00+00:00,5904,0,0,280,10,275,10,12.2,10,22.1,10,997.6,10,,,61,10,0.0,10,0,10,30.0,0.0,0.0,10,4.8,4.0,0,10,4.5,7.6,0,10,3.0,10,12.3,10,10.8,10,1915,10
2008-01-19T20:00+00:00,5904,0,0,275,10,274,10,11.2,10,23.0,10,998.2,10,,,57,10,0.0,10,0,10,30.0,0.0,0.0,10,4.8,4.1,0,10,4.6,7.6,0,10,3.0,10,12.7,10,11.1,10,2057,10
2008-01-19T21:00+00:00,5904,0,0,271,10,267,10,11.8,10,22.5,10,998.5,10,,,56,10,0.0,10,1,10,31.0,0.0,0.0,10,4.9,4.1,0,10,4.6,7.6,0,10,3.1,10,12.5,10,11.4,10,2104,10
2008-01-19T22:00+00:00,5904,0,0,271,10,276,10,11.1,10,24.3,10,998.9,10,,,55,10,0.0,10,2,10,31.0,0.0,0.0,10,4.9,4.1,0,10,4.6,7.6,0,10,3.1,10,12.3,10,11.1,10,2248,10
2008-01-19T23:00+00:00,5904,0,0,270,10,261,10,10.1,10,22.5,10,999.4,10,,,54,10,0.0,10,3,10,31.0,0.0,0.0,10,4.9,4.1,0,10,4.7,7.6,0,10,3.1,10,12.2,10,11.0,10,2319,10
2008-01-20T00:00+00:00,5904,0,0,262,10,261,10,9.5,10,17.8,10,999.1,10,,,52,10,0.0,10,0,10,32.0,0.0,0.0,10,4.9,4.1,0,10,4.7,7.6,0,10,3.2,10,12.5,10,11.2,10,30,10
2008-01-20T01:00+00:00,5904,0,0,265,10,264,10,10.4,10,19.5,10,999.6,10,,,53,10,0.0,10,0,10,32.0,0.0,0.0,10,4.9,4.1,0,10,4.7,7.6,0,10,3.2,10,12.3,10,11.1,10,107,10
2008-01-20T02:00+00:00,5904,0,0,263,10,274,10,9.8,10,18.5,10,1000.1,10,,,59,10,0.0,10,6,10,32.0,0.0,0.0,10,5.0,4.1,0,10,4.7,7.6,0,10,3.2,10,11.6,10,9.8,10,259,10
2008-01-20T03:00+00:00,5904,0,0,263,10,269,10,8.9,10,18.8,10,1000.1,10,,,57,10,0.0,10,8,10,32.0,0.0,0.0,10,5.0,4.1,0,10,4.8,7.6,0,10,3.2,10,11.8,10,8.9,10,400,10
2008-01-20T04:00+00:00,5904,0,0,264,10,267,10,8.3,10,17.6,10,1000.0,10,,,56,10,0.0,10,0,10,33.0,0.0,0.0,10,5.0,4.1,0,10,4.8,7.6,0,10,3.3,10,11.8,10,10.5,10,404,10
2008-01-20T05:00+00:00,5904,0,0,265,10,249,10,9.1,10,19.6,10,999.6,10,,,56,10,0.0,10,4,10,33.0,0.0,0.0,10,5.0,4.1,0,10,4.8,7.6,0,10,3.3,10,12.0,10,10.8,10,511,10
2008-01-20T06:00+00:00,5904,0,0,271,10,273,10,8.4,10,18.5,10,999.7,10,,,57,10,0.0,10,15,10,33.0,0.0,0.0,10,5.1,4.1,0,10,4.8,7.6,0,10,3.3,10,11.8,10,10.3,10,615,10
2008-01-20T07:00+00:00,5904,2,0,265,10,262,10,8.2,10,17.0,10,999.6,10,,,56,10,0.0,10,0,10,34.0,0.0,0.0,10,5.1,4.1,0,10,4.9,7.6,0,10,3.4,10,11.9,10,10.6,10,749,10
2008-01-20T08:00+00:00,5904,33,0,268,10,270,10,8.5,10,18.8,10,999.6,10,,,57,10,0.0,10,0,10,34.0,0.0,0.0,10,5.1,4.1,0,10,4.9,7.6,0,10,3.4,10,11.7,10,10.4,10,857,10
2008-01-20T09:00+00:00,5904,62,0,269,10,263,10,9.1,10,19.6,10,1000.1,10,,,56,10,0.0,10,0,10,34.0,0.0,0.1,10,5.1,4.1,0,10,4.9,7.6,0,10,3.4,10,11.8,10,10.8,10,952,10
2008-01-20T10:00+00:00,5904,97,0,265,10,268,10,7.9,10,16.9,10,999.8,10,,,53,10,0.0,10,0,10,35.0,0.0,0.2,10,5.2,4.1,0,10,5.0,7.5,0,10,3.5,10,12.7,10,11.3,10,1020,10
2008-01-20T11:00+00:00,5904,218,0,267,10,268,10,9.4,10,19.1,10,999.3,10,,,53,10,0.0,10,0,10,35.0,0.0,1.0,10,5.4,4.1,0,10,5.1,7.5,0,10,3.5,10,12.3,10,12.0,10,1140,10
2008-01-20T12:00+00:00,5904,144,0,269,10,270,10,8.7,10,18.3,10,998.6,10,,,53,10,0.0,10,0,10,35.0,0.0,0.5,10,5.5,4.1,0,10,5.2,7.5,0,10,3.5,10,12.3,10,11.7,10,1230,10
2008-01-20T13:00+00:00,5904,104,0,275,10,271,10,9.2,10,17.6,10,998.1,10,,,53,10,0.0,10,0,10,35.0,0.0,0.0,10,5.5,4.2,0,10,5.2,7.5,0,10,3.5,10,12.3,10,11.4,10,1305,10
2008-01-20T14:00+00:00,5904,80,0,274,10,264,10,8.4,10,16.5,10,997.9,10,,,53,10,0.0,10,0,10,36.0,0.0,0.0,10,5.5,4.2,0,10,5.3,7.5,0,10,3.6,10,12.5,10,11.2,10,1433,10
2008-01-20T15:00+00:00,5904,42,0,273,10,271,10,8.4,10,16.6,10,997.3,10,,,53,10,0.0,10,0,10,36.0,0.0,0.0,10,5.6,4.2,0,10,5.3,7.5,0,10,3.6,10,12.4,10,10.9,10,1504,10
2008-01-20T16:00+00:00,5904,4,0,275,10,282,10,9.3,10,18.4,10,997.2,10,,,52,10,0.0,10,0,10,36.0,0.0,0.0,10,5.5,4.2,0,10,5.3,7.5,0,10,3.6,10,12.2,10,10.6,10,1615,10
2008-01-20T17:00+00:00,5904,0,0,278,10,291,10,10.4,10,18.6,10,997.1,10,,,52,10,0.0,10,0,10,37.0,0.0,0.0,10,5.5,4.2,0,10,5.3,7.5,0,10,3.7,10,12.1,10,10.6,10,1715,10
2008-01-20T18:00+00:00,5904,0,0,273,10,277,10,9.2,10,17.7,10,997.1,10,,,51,10,0.0,10,0,10,37.0,0.0,0.0,10,5.5,4.2,0,10,5.3,7.5,0,10,3.7,10,12.3,10,10.8,10,1802,10
2008-01-20T19:00+00:00,5904,0,0,269,10,270,10,9.2,10,17.5,10,996.3,10,,,51,10,0.0,10,0,10,37.0,0.0,0.0,10,5.5,4.2,0,10,5.3,7.5,0,10,3.7,10,12.3,10,10.9,10,1949,10
2008-01-20T20:00+00:00,5904,0,0,270,10,268,10,9.3,10,18.8,10,996.4,10,,,52,10,0.0,10,0,10,38.0,0.0,0.0,10,5.5,4.2,0,10,5.3,7.5,0,10,3.8,10,12.2,10,10.9,10,2026,10
2008-01-20T21:00+00:00,5904,0,0,272,10,272,10,9.9,10,18.7,10,996.0,10,,,53,10,0.0,10,0,10,38.0,0.0,0.0,10,5.5,4.2,0,10,5.3,7.5,0,10,3.8,10,11.8,10,10.2,10,2152,10
2008-01-20T22:00+00:00,5904,0,0,273,10,273,10,9.4,10,21.0,10,996.0,10,,,55,10,0.0,10,0,10,38.0,0.0,0.0,10,5.5,4.2,0,10,5.3,7.5,0,10,3.8,10,11.3,10,9.5,10,2226,10
2008-01-20T23:00+00:00,5904,0,0,271,10,267,10,9.7,10,20.0,10,996.0,10,,,56,10,0.0,10,0,10,38.0,0.0,0.0,10,5.4,4.3,0,10,5.3,7.5,0,10,3.8,10,11.0,10,9.2,10,2316,10
2008-01-21T00:00+00:00,5904,0,0,270,10,251,10,9.3,10,18.4,10,996.0,10,,,57,10,0.0,10,0,10,39.0,0.0,0.0,10,5.4,4.3,0,10,5.2,7.5,0,10,3.9,10,10.5,10,8.7,10,35,10
2008-01-21T01:00+00:00,5904,0,0,269,10,276,10,10.1,10,19.5,10,995.5,10,,,58,10,0.0,10,0,10,39.0,0.0,0.0,10,5.3,4.3,0,10,5.2,7.5,0,10,3.9,10,10.2,10,8.5,10,119,10
2008-01-21T02:00+00:00,5904,0,0,270,10,255,10,8.7,10,17.3,10,995.0,10,,,59,10,0.0,10,0,10,39.0,0.0,0.0,10,5.2,4.3,0,10,5.2,7.5,0,10,3.9,10,10.1,10,8.2,10,227,10
2008-01-21T03:00+00:00,5904,0,0,267,10,262,10,10.0,10,20.2,10,994.6,10,,,59,10,0.0,10,0,10,39.0,0.0,0.0,10,5.2,4.3,0,10,5.1,7.5,0,10,3.9,10,10.3,10,8.2,10,314,10
2008-01-21T04:00+00:00,5904,0,0,276,10,276,10,8.6,10,17.0,10,994.9,10,,,60,10,0.0,10,0,10,40.0,0.0,0.0,10,5.2,4.3,0,10,5.1,7.5,0,10,4.0,10,9.6,10,7.7,10,428,10
2008-01-21T05:00+00:00,5904,0,0,282,10,292,10,6.8,10,14.7,10,994.7,10,,,61,10,0.0,10,0,10,40.0,0.0,0.0,10,5.1,4.3,0,10,5.0,7.5,0,10,4.0,10,9.1,10,7.1,10,514,10
2008-01-21T06:00+00:00,5904,0,0,278,10,275,10,7.2,10,16.2,10,994.7,10,,,62,10,0.0,10,0,10,40.0,0.0,0.0,10,5.1,4.3,0,10,5.0,7.5,0,10,4.0,10,8.9,10,7.1,10,626,10
2008-01-21T07:00+00:00,5904,3,0,273,10,269,10,8.2,10,19.1,10,994.8,10,,,63,10,0.0,10,0,10,40.0,0.0,0.1,10,5.0,4.3,0,10,5.0,7.5,0,10,4.0,10,8.7,10,6.9,10,740,10
2008-01-21T08:00+00:00,5904,74,0,269,10,269,10,8.8,10,19.2,10,995.0,10,,,61,10,0.0,10,0,10,41.0,0.0,1.0,10,5.0,4.3,0,10,5.0,7.5,0,10,4.1,10,9.9,10,7.1,10,856,10
2008-01-21T09:00+00:00,5904,181,0,265,10,269,10,8.5,10,16.7,10,994.8,10,,,58,10,0.0,10,0,10,41.0,0.0,1.0,10,5.1,4.4,0,10,5.0,7.5,0,10,4.1,10,10.5,10,10.3,10,925,10
2008-01-21T10:00+00:00,5904,223,0,264,10,257,10,8.7,10,16.8,10,994.5,10,,,57,10,0.0,10,0,10,41.0,0.0,0.9,10,5.2,4.4,0,10,5.1,7.5,0,10,4.1,10,10.5,10,11.1,10,1057,10
2008-01-21T11:00+00:00,5904,134,0,272,10,270,10,11.3,10,22.5,10,993.7,10,,,58,10,0.0,10,0,10,41.0,0.0,0.2,10,5.3,4.4,0,10,5.2,7.5,0,10,4.1,10,10.3,10,10.0,10,1125,10
2008-01-21T12:00+00:00,5904,114,0,278,10,280,10,10.6,10,20.3,10,992.6,10,,,55,10,0.0,10,0,10,41.0,0.0,0.1,10,5.4,4.4,0,10,5.3,7.5,0,10,4.1,10,10.6,10,10.0,10,1243,10
2008-01-21T13:00+00:00,5904,114,0,280,10,294,10,9.2,10,18.5,10,991.9,10,,,55,10,0.0,10,0,10,42.0,0.0,0.3,10,5.5,4.4,0,10,5.3,7.5,0,10,4.2,10,10.6,10,9.8,10,1317,10
2008-01-21T14:00+00:00,5904,185,0,289,10,296,10,6.9,10,14.3,10,991.2,10,,,54,10,0.0,10,0,10,42.0,0.0,1.0,10,5.5,4.4,0,10,5.3,7.5,0,10,4.2,10,11.1,10,9.8,10,1438,10
2008-01-21T15:00+00:00,5904,86,0,281,10,293,10,5.9,10,13.1,10,990.5,10,,,55,10,0.0,10,0,10,42.0,0.0,0.7,10,5.5,4.4,0,10,5.4,7.5,0,10,4.2,10,10.5,10,9.4,10,1519,10
2008-01-21T16:00+00:00,5904,9,0,274,10,272,10,4.8,10,13.1,10,989.8,10,,,56,10,0.0,10,0,10,42.0,0.0,0.3,10,5.5,4.4,0,10,5.3,7.5,0,10,4.2,10,10.1,10,8.6,10,1659,10
2008-01-21T17:00+00:00,5904,0,0,265,10,286,10,4.9,10,13.4,10,989.7,10,,,57,10,0.0,10,0,10,42.0,0.0,0.0,10,5.4,4.4,0,10,5.3,7.5,0,10,4.2,10,9.5,10,7.4,10,1726,10
2008-01-21T18:00+00:00,5904,0,0,253,10,244,10,3.9,10,9.3,10,989.3,10,,,61,10,0.0,10,0,10,42.0,0.0,0.0,10,5.3,4.5,0,10,5.3,7.5,0,10,4.2,10,8.6,10,6.0,10,1812,10
2008-01-21T19:00+00:00,5904,0,0,232,10,236,10,2.8,10,6.9,10,988.8,10,,,63,10,0.0,10,0,10,43.0,0.0,0.0,10,5.2,4.5,0,10,5.2,7.5,0,10,4.3,10,7.8,10,4.1,10,1912,10
2008-01-21T20:00+00:00,5904,0,0,217,10,229,10,2.2,10,5.1,10,987.8,10,,,62,10,0.0,10,0,10,43.0,0.0,0.0,10,5.1,4.5,0,10,5.1,7.5,0,10,4.3,10,8.0,10,3.7,10,2054,10
2008-01-21T21:00+00:00,5904,0,0,248,10,242,10,3.5,10,8.6,10,987.0,10,,,60,10,0.0,10,0,10,43.0,0.0,0.0,10,5.0,4.5,0,10,5.1,7.5,0,10,4.3,10,8.9,10,5.3,10,2158,10
2008-01-21T22:00+00:00,5904,0,0,255,10,263,10,4.6,10,10.7,10,986.0,10,,,61,10,0.0,10,0,10,43.0,0.0,0.0,10,5.0,4.5,0,10,5.0,7.5,0,10,4.3,10,8.6,10,6.2,10,2236,10
2008-01-21T23:00+00:00,5904,0,0,259,10,252,10,5.2,10,13.3,10,985.3,10,,,58,10,0.0,10,0,10,43.0,0.0,0.0,10,4.9,4.5,0,10,5.0,7.5,0,10,4.3,10,9.4,10,6.6,10,2350,10
2008-01-22T00:00+00:00,5904,0,0,262,10,274,10,6.3,10,15.3,10,984.4,10,,,58,10,0.0,10,0,10,44.0,0.0,0.0,10,4.9,4.5,0,10,4.9,7.5,0,10,4.4,10,9.5,10,7.7,10,16,10
2008-01-22T01:00+00:00,5904,0,0,263,10,260,10,6.3,10,16.4,10,983.7,10,,,58,10,0.0,10,0,10,44.0,0.0,0.0,10,4.9,4.5,0,10,4.9,7.5,0,10,4.4,10,9.4,10,7.8,10,108,10
2008-01-22T02:00+00:00,5904,0,0,265,10,280,10,5.7,10,15.3,10,982.9,10,,,58,10,0.0,10,0,10,44.0,0.0,0.0,10,4.9,4.6,0,10,4.9,7.5,0,10,4.4,10,9.3,10,7.7,10,252,10
2008-01-22T03:00+00:00,5904,0,0,270,10,290,10,7.6,10,16.2,10,983.0,10,,,61,10,0.0,10,12,10,44.0,0.0,0.0,10,5.0,4.6,0,10,4.9,7.5,0,10,4.4,10,9.2,10,7.4,10,304,10
2008-01-22T04:00+00:00,5904,0,0,266,10,269,10,6.5,10,18.4,10,982.8,10,,,61,10,0.0,10,4,10,44.0,0.0,0.0,10,5.0,4.6,0,10,4.9,7.5,0,10,4.4,10,9.0,10,7.2,10,435,10
2008-01-22T05:00+00:00,5904,0,0,255,10,266,10,5.7,10,14.2,10,982.0,10,,,64,10,0.0,10,0,10,44.0,0.0,0.0,10,5.0,4.6,0,10,4.9,7.5,0,10,4.4,10,8.9,10,7.7,10,528,10
2008-01-22T06:00+00:00,5904,0,0,260,10,266,10,6.2,10,15.3,10,981.6,10,,,64,10,0.0,10,0,10,44.0,0.0,0.0,10,5.0,4.6,0,10,4.9,7.5,0,10,4.4,10,9.1,10,7.1,10,648,10
2008-01-22T07:00+00:00,5904,1,0,264,10,271,10,7.9,10,18.0,10,981.6,10,,,65,10,0.0,10,0,10,44.0,0.0,0.0,10,5.0,4.6,0,10,5.0,7.5,0,10,4.4,10,9.9,10,8.0,10,715,10
2008-01-22T08:00+00:00,5904,27,0,260,10,252,10,7.6,10,15.4,10,981.1,10,,,64,10,0.0,10,0,10,44.0,0.0,0.0,10,5.0,4.6,0,10,5.0,7.5,0,10,4.4,10,10.2,10,8.4,10,821,10
2008-01-22T09:00+00:00,5904,68,0,262,10,270,10,7.6,10,17.3,10,981.4,10,,,66,10,0.0,10,0,10,45.0,0.0,0.0,10,5.1,4.6,0,10,5.0,7.5,0,10,4.5,10,9.9,10,9.2,10,903,10
2008-01-22T10:00+00:00,5904,133,0,271,10,281,10,7.1,10,14.3,10,980.9,10,,,64,10,0.0,10,0,10,45.0,0.0,0.0,10,5.2,4.6,0,10,5.1,7.5,0,10,4.5,10,10.1,10,9.5,10,1035,10
2008-01-22T11:00+00:00,5904,155,0,274,10,270,10,7.4,10,20.0,10,980.9,10,,,65,10,0.0,10,0,10,45.0,0.0,0.0,10,5.3,4.7,0,10,5.2,7.5,0,10,4.5,10,10.1,10,10.3,10,1102,10
2008-01-22T12:00+00:00,5904,189,0,269,10,279,10,7.1,10,15.5,10,980.5,10,,,63,10,0.0,10,20,10,45.0,0.0,0.9,10,5.5,4.7,0,10,5.3,7.5,0,10,4.5,10,11.0,10,10.5,10,1258,10
2008-01-22T13:00+00:00,5904,228,0,271,10,276,10,7.7,10,16.1,10,981.3,10,,,63,10,0.0,10,11,10,45.0,0.0,0.7,10,5.7,4.7,0,10,5.5,7.5,0,10,4.5,10,10.8,10,11.6,10,1354,10
2008-01-22T14:00+00:00,5904,71,0,316,10,343,10,7.1,10,20.9,10,985.0,10,,,77,10,2.9,10,26,10,45.0,0.0,0.0,10,5.7,4.7,0,10,5.5,7.5,0,10,4.5,10,5.2,10,3.0,10,1425,10
2008-01-22T15:00+00:00,5904,31,0,331,10,345,10,8.6,10,19.5,10,987.3,10,,,67,10,0.0,10,0,10,45.0,0.0,0.0,10,5.6,4.7,0,10,5.5,7.5,0,10,4.5,10,5.1,10,3.7,10,1501,10
2008-01-22T16:00+00:00,5904,4,0,318,10,333,10,7.1,10,15.4,10,990.8,10,,,66,10,0.0,10,3,10,45.0,0.0,0.0,10,5.4,4.7,0,10,5.4,7.5,0,10,4.5,10,4.9,10,3.5,10,1611,10
2008-01-22T17:00+00:00,5904,0,0,313,10,309,10,8.3,10,17.0,10,992.2,10,,,58,10,0.0,10,0,10,45.0,0.0,0.0,10,5.3,4.7,0,10,5.3,7.5,0,10,4.5,10,4.2,10,2.0,10,1735,10
2008-01-22T18:00+00:00,5904,0,0,301,10,298,10,7.8,10,15.2,10,993.6,10,,,57,10,0.0,10,0,10,45.0,0.0,0.0,10,5.1,4.7,0,10,5.2,7.5,0,10,4.5,10,4.0,10,1.7,10,1820,10
2008-01-22T19:00+00:00,5904,0,0,302,10,301,10,7.9,10,17.5,10,994.8,10,,,64,10,0.0,10,0,10,46.0,0.0,0.0,10,4.9,4.7,0,10,5.0,7.5,0,10,4.6,10,3.5,10,1.7,10,1949,10
2008-01-22T20:00+00:00,5904,0,0,308,10,298,10,8.7,10,19.4,10,996.1,10,,,64,10,0.0,10,0,10,46.0,0.0,0.0,10,4.8,4.7,0,10,4.9,7.5,0,10,4.6,10,3.2,10,1.9,10,2046,10
2008-01-22T21:00+00:00,5904,0,0,308,10,310,10,7.5,10,17.3,10,997.1,10,,,63,10,0.0,10,0,10,46.0,0.0,0.0,10,4.6,4.8,0,10,4.8,7.5,0,10,4.6,10,2.7,10,1.3,10,2113,10
2008-01-22T22:00+00:00,5904,0,0,303,10,328,10,8.7,10,18.7,10,998.6,10,,,60,10,0.0,10,0,10,46.0,0.0,0.0,10,4.4,4.8,0,10,4.6,7.5,0,10,4.6,10,2.9,10,1.3,10,2243,10
2008-01-22T23:00+00:00,5904,0,0,306,10,323,10,7.0,10,16.5,10,999.6,10,,,60,10,0.0,10,0,10,46.0,0.0,0.0,10,4.3,4.8,0,10,4.5,7.5,0,10,4.6,10,2.7,10,1.1,10,2322,10
2008-01-23T00:00+00:00,5904,0,0,302,10,280,10,6.5,10,13.8,10,1000.4,10,,,59,10,0.0,10,0,10,46.0,0.0,0.0,10,4.2,4.8,0,10,4.4,7.5,0,10,4.6,10,2.8,10,1.4,10,11,10
2008-01-23T01:00+00:00,5904,0,0,305,10,298,10,6.3,10,15.4,10,1001.5,10,,,59,10,0.0,10,0,10,46.0,0.0,0.0,10,4.1,4.8,0,10,4.3,7.5,0,10,4.6,10,2.8,10,1.1,10,116,10
2008-01-23T02:00+00:00,5904,0,0,306,10,302,10,7.0,10,14.3,10,1002.6,10,,,56,10,0.0,10,0,10,46.0,0.0,0.0,10,4.0,4.8,0,10,4.2,7.5,0,10,4.6,10,2.7,10,2.0,10,206,10
2008-01-23T03:00+00:00,5904,0,0,316,10,329,10,6.9,10,14.7,10,1003.3,10,,,59,10,0.0,10,0,10,46.0,0.0,0.0,10,4.0,4.8,0,10,4.2,7.5,0,10,4.6,10,2.4,10,1.8,10,330,10
2008-01-23T04:00+00:00,5904,0,0,306,10,310,10,6.1,10,15.9,10,1003.8,10,,,57,10,0.0,10,1,10,46.0,0.0,0.0,10,3.9,4.8,0,10,4.1,7.5,0,10,4.6,10,2.9,10,1.6,10,457,10
2008-01-23T05:00+00:00,5904,0,0,302,10,299,10,5.7,10,13.4,10,1004.5,10,,,60,10,0.0,10,0,10,46.0,0.0,0.0,10,3.8,4.8,0,10,4.0,7.5,0,10,4.6,10,2.6,10,1.7,10,600,10
2008-01-23T06:00+00:00,5904,0,0,299,10,317,10,5.9,10,11.7,10,1005.0,10,,,62,10,0.0,10,0,10,46.0,0.0,0.0,10,3.8,4.8,0,10,4.0,7.4,0,10,4.6,10,2.6,10,1.6,10,638,10
2008-01-23T07:00+00:00,5904,3,0,297,10,286,10,4.7,10,12.3,10,1006.0,10,,,63,10,0.0,10,0,10,46.0,0.0,0.0,10,3.7,4.9,0,10,3.9,7.5,0,10,4.6,10,2.3,10,0.6,10,725,10
2008-01-23T08:00+00:00,5904,75,0,296,10,295,10,5.0,10,11.0,10,1006.0,10,,,61,10,0.0,10,0,10,46.0,0.0,0.6,10,3.6,4.9,0,10,3.9,7.5,0,10,4.6,10,3.3,10,0.8,10,857,10
2008-01-23T09:00+00:00,5904,199,0,303,10,301,10,5.2,10,10.2,10,1006.2,10,,,62,10,0.0,10,0,10,46.0,0.0,1.0,10,3.7,4.9,0,10,3.9,7.4,0,10,4.6,10,3.7,10,4.2,10,936,10
2008-01-23T10:00+00:00,5904,270,0,302,10,293,10,6.1,10,12.2,10,1007.1,10,,,61,10,0.0,10,0,10,46.0,0.0,1.0,10,3.8,4.9,0,10,3.9,7.5,0,10,4.6,10,4.1,10,5.1,10,1035,10
2008-01-23T11:00+00:00,5904,247,0,306,10,287,10,4.0,10,8.9,10,1007.4,10,,,60,10,0.0,10,0,10,46.0,0.0,0.5,10,4.0,4.9,0,10,4.1,7.4,0,10,4.6,10,4.9,10,5.3,10,1101,10
2008-01-23T12:00+00:00,5904,207,0,300,10,320,10,3.5,10,7.9,10,1007.0,10,,,60,10,0.0,10,1,10,46.0,0.0,0.3,10,4.2,4.9,0,10,4.2,7.4,0,10,4.6,10,5.0,10,6.2,10,1248,10
2008-01-23T13:00+00:00,5904,121,0,321,10,343,10,3.6,10,8.7,10,1007.2,10,,,56,10,0.0,10,0,10,46.0,0.0,0.1,10,4.3,4.9,0,10,4.3,7.5,0,10,4.6,10,5.0,10,5.4,10,1340,10
2008-01-23T14:00+00:00,5904,117,0,298,10,307,10,3.2,10,8.4,10,1007.2,10,,,60,10,0.0,10,0,10,46.0,0.0,0.3,10,4.3,4.9,0,10,4.3,7.4,0,10,4.6,10,4.5,10,3.0,10,1405,10
2008-01-23T15:00+00:00,5904,48,0,279,10,276,10,3.4,10,6.0,10,1007.5,10,,,62,10,0.0,10,0,10,46.0,0.0,0.1,10,4.3,4.9,0,10,4.3,7.5,0,10,4.6,10,3.9,10,1.0,10,1523,10
2008-01-23T16:00+00:00,5904,8,0,269,10,270,10,3.1,10,5.3,10,1007.5,10,,,66,10,0.0,10,0,10,46.0,0.0,0.0,10,4.1,4.9,0,10,4.2,7.5,0,10,4.6,10,3.0,10,-0.9,10,1651,10
2008-01-23T17:00+00:00,5904,0,0,277,10,272,10,3.6,10,5.9,10,1007.8,10,,,67,10,0.0,10,0,10,46.0,0.0,0.0,10,3.9,4.9,0,10,4.1,7.4,0,10,4.6,10,2.3,10,-2.1,10,1715,10
2008-01-23T18:00+00:00,5904,0,0,278,10,268,10,3.5,10,6.5,10,1008.0,10,,,69,10,0.0,10,0,10,46.0,0.0,0.0,10,3.7,4.9,0,10,3.9,7.4,0,10,4.6,10,1.7,10,-3.2,10,1803,10
2008-01-23T19:00+00:00,5904,0,0,271,10,264,10,3.2,10,5.3,10,1008.3,10,,,71,10,0.0,10,0,10,46.0,0.0,0.0,10,3.6,5.0,0,10,3.8,7.4,0,10,4.6,10,0.8,10,-3.8,10,1902,10
2008-01-23T20:00+00:00,5904,0,0,265,10,267,10,2.4,10,3.9,10,1008.5,10,,,74,10,0.0,10,0,10,46.0,0.0,0.0,10,3.4,5.0,0,10,3.7,7.4,0,10,4.6,10,0.4,10,-4.3,10,2030,10
2008-01-23T21:00+00:00,5904,0,0,261,10,253,10,2.4,10,3.1,10,1008.2,10,,,77,10,0.0,10,0,10,46.0,0.0,0.0,10,3.2,5.0,0,10,3.6,7.5,0,10,4.6,10,-0.1,10,-4.3,10,2159,10
2008-01-23T22:00+00:00,5904,0,0,244,10,243,10,2.9,10,3.6,10,1008.0,10,,,78,10,0.0,10,0,10,46.0,0.0,0.0,10,3.1,5.0,0,10,3.4,7.4,0,10,4.6,10,-0.3,10,-3.6,10,2230,10
2008-01-23T23:00+00:00,5904,0,0,246,10,222,10,2.5,10,3.6,10,1007.6,10,,,76,10,0.0,10,0,10,45.0,0.0,0.0,10,3.0,5.0,0,10,3.4,7.4,0,10,4.5,10,0.3,10,-3.5,10,2309,10
2008-01-24T00:00+00:00,5904,0,0,247,10,220,10,2.3,10,3.2,10,1007.4,10,,,76,10,0.0,10,0,10,45.0,0.0,0.0,10,2.9,5.0,0,10,3.3,7.4,0,10,4.5,10,0.3,10,-3.0,10,58,10
2008-01-24T01:00+00:00,5904,0,0,247,10,229,10,2.0,10,3.2,10,1007.1,10,,,76,10,0.0,10,0,10,45.0,0.0,0.0,10,2.9,5.0,0,10,3.2,7.4,0,10,4.5,10,0.2,10,-2.9,10,102,10
2008-01-24T02:00+00:00,5904,0,0,244,10,246,10,2.0,10,2.8,10,1006.4,10,,,74,10,0.0,10,0,10,45.0,0.0,0.0,10,2.8,5.0,0,10,3.1,7.4,0,10,4.5,10,0.5,10,-1.9,10,211,10
2008-01-24T03:00+00:00,5904,0,0,196,10,212,10,0.6,10,3.6,10,1006.3,10,,,71,10,0.0,10,0,10,45.0,0.0,0.0,10,2.8,5.0,0,10,3.1,7.4,0,10,4.5,10,1.1,10,-1.5,10,304,10
2008-01-24T04:00+00:00,5904,0,0,222,10,227,10,0.7,10,1.6,10,1006.0,10,,,70,10,0.0,10,0,10,45.0,0.0,0.0,10,2.8,5.0,0,10,3.1,7.4,0,10,4.5,10,1.5,10,0.0,10,424,10
2008-01-24T05:00+00:00,5904,0,0,23,10,349,10,0.3,10,1.8,10,1006.0,10,,,72,10,0.0,10,0,10,45.0,0.0,0.0,10,2.8,5.0,0,10,3.0,7.4,0,10,4.5,10,1.5,10,-0.1,10,543,10
2008-01-24T06:00+00:00,5904,0,0,67,10,53,10,0.9,10,2.9,10,1006.1,10,,,73,10,0.0,10,0,10,45.0,0.0,0.0,10,2.8,5.0,0,10,3.0,7.4,0,10,4.5,10,1.7,10,0.6,10,656,10
2008-01-24T07:00+00:00,5904,1,0,47,10,56,10,1.3,10,3.3,10,1006.3,10,,,74,10,0.0,10,0,10,45.0,0.0,0.0,10,2.8,5.0,0,10,3.0,7.4,0,10,4.5,10,1.3,10,0.8,10,701,10
2008-01-24T08:00+00:00,5904,27,0,44,10,87,10,1.2,10,2.7,10,1006.8,10,,,74,10,0.0,10,0,10,44.0,0.0,0.0,10,2.8,5.0,0,10,3.0,7.5,0,10,4.4,10,1.4,10,1.1,10,823,10
2008-01-24T09:00+00:00,5904,162,0,88,10,74,10,0.6,10,2.3,10,1007.1,10,,,67,10,0.0,10,0,10,44.0,0.0,0.8,10,3.0,5.0,0,10,3.1,7.4,0,10,4.4,10,2.8,10,0.7,10,948,10
2008-01-24T10:00+00:00,5904,233,0,97,10,90,10,1.4,10,2.7,10,1007.0,10,,,63,10,0.0,10,0,10,44.0,0.0,1.0,10,3.1,5.0,0,10,3.2,7.4,0,10,4.4,10,4.1,10,4.3,10,1017,10
2008-01-24T11:00+00:00,5904,284,0,89,10,77,10,1.5,10,3.4,10,1006.4,10,,,55,10,0.0,10,0,10,44.0,0.0,1.0,10,3.4,5.0,0,10,3.4,7.4,0,10,4.4,10,5.5,10,6.7,10,1156,10
2008-01-24T12:00+00:00,5904,325,0,120,10,72,10,1.4,10,3.6,10,1005.6,10,,,46,10,0.0,10,0,10,44.0,0.0,1.0,10,3.6,5.1,0,10,3.6,7.4,0,10,4.4,10,7.2,10,8.2,10,1214,10
2008-01-24T13:00+00:00,5904,263,0,117,10,123,10,2.4,10,4.1,10,1004.8,10,,,45,10,0.0,10,0,10,44.0,0.0,1.0,10,3.8,5.1,0,10,3.7,7.4,0,10,4.4,10,7.5,10,7.6,10,1329,10
2008-01-24T14:00+00:00,5904,159,0,123,10,124,10,2.8,10,5.3,10,1004.5,10,,,49,10,0.0,10,0,10,43.0,0.0,1.0,10,3.9,5.1,0,10,3.8,7.4,0,10,4.3,10,6.9,10,5.0,10,1413,10
2008-01-24T15:00+00:00,5904,100,0,134,10,146,10,2.7,10,5.3,10,1004.0,10,,,55,10,0.0,10,0,10,43.0,0.0,1.0,10,3.9,5.1,0,10,3.9,7.4,0,10,4.3,10,6.1,10,4.2,10,1549,10
2008-01-24T16:00+00:00,5904,11,0,140,10,147,10,2.6,10,5.4,10,1004.3,10,,,56,10,0.0,10,0,10,43.0,0.0,0.4,10,3.8,5.1,0,10,3.8,7.4,0,10,4.3,10,4.9,10,0.8,10,1627,10
2008-01-24T17:00+00:00,5904,0,0,140,10,150,10,2.3,10,5.0,10,1004.1,10,,,57,10,0.0,10,0,10,43.0,0.0,0.0,10,3.7,5.1,0,10,3.7,7.4,0,10,4.3,10,4.3,10,-0.2,10,1715,10
2008-01-24T18:00+00:00,5904,0,0,93,10,119,10,1.6,10,3.1,10,1003.8,10,,,69,10,0.0,10,0,10,43.0,0.0,0.0,10,3.5,5.1,0,10,3.6,7.4,0,10,4.3,10,2.8,10,-1.6,10,1816,10
2008-01-24T19:00+00:00,5904,0,0,71,10,79,10,1.3,10,2.5,10,1003.9,10,,,74,10,0.0,10,0,10,43.0,0.0,0.0,10,3.4,5.1,0,10,3.5,7.4,0,10,4.3,10,1.9,10,-2.1,10,1935,10
2008-01-24T20:00+00:00,5904,0,0,34,10,57,10,1.0,10,1.9,10,1003.9,10,,,78,10,0.0,10,0,10,43.0,0.0,0.0,10,3.2,5.1,0,10,3.4,7.4,0,10,4.3,10,1.3,10,-2.1,10,2012,10
2008-01-24T21:00+00:00,5904,0,0,27,10,24,10,1.5,10,2.4,10,1004.3,10,,,80,10,0.0,10,0,10,43.0,0.0,0.0,10,3.1,5.1,0,10,3.3,7.4,0,10,4.3,10,0.7,10,-3.0,10,2149,10
2008-01-24T22:00+00:00,5904,0,0,27,10,35,10,1.9,10,3.1,10,1004.5,10,,,82,10,0.0,10,0,10,43.0,0.0,0.0,10,3.0,5.1,0,10,3.2,7.4,0,10,4.3,10,-0.2,10,-3.5,10,2256,10
2008-01-24T23:00+00:00,5904,0,0,30,10,27,10,1.8,10,3.5,10,1004.8,10,,,84,10,0.0,10,0,10,43.0,0.0,0.0,10,2.8,5.1,0,10,3.1,7.5,0,10,4.3,10,-0.1,10,-3.5,10,2319,10
2008-01-25T00:00+00:00,5904,0,0,37,10,39,10,1.5,10,2.9,10,1005.0,10,,,86,10,0.0,10,0,10,43.0,0.0,0.0,10,2.7,5.1,0,10,3.0,7.4,0,10,4.3,10,-0.2,10,-3.3,10,10,10
2008-01-25T01:00+00:00,5904,0,0,59,10,54,10,1.9,10,3.5,10,1005.1,10,,,85,10,0.0,10,0,10,43.0,0.0,0.0,10,2.7,5.1,0,10,3.0,7.4,0,10,4.3,10,0.5,10,-2.6,10,123,10
2008-01-25T02:00+00:00,5904,0,0,346,10,294,10,0.9,10,10.3,10,1005.5,10,,,68,10,0.0,10,0,10,43.0,0.0,0.0,10,2.6,5.1,0,10,2.9,7.4,0,10,4.3,10,4.5,10,-0.4,10,252,10
2008-01-25T03:00+00:00,5904,0,0,281,10,315,10,4.4,10,11.2,10,1006.4,10,,,56,10,0.0,10,14,10,43.0,0.0,0.0,10,2.7,5.1,0,10,3.0,7.4,0,10,4.3,10,7.4,10,2.2,10,338,10
2008-01-25T04:00+00:00,5904,0,0,278,10,285,10,5.1,10,12.5,10,1007.2,10,,,56,10,0.0,10,11,10,42.0,0.0,0.0,10,2.8,5.1,0,10,3.0,7.4,0,10,4.2,10,7.4,10,5.1,10,446,10
2008-01-25T05:00+00:00,5904,0,0,273,10,259,10,5.7,10,10.6,10,1008.4,10,,,80,10,0.7,10,45,10,42.0,0.0,0.0,10,2.9,5.1,0,10,3.0,7.5,0,10,4.2,10,5.2,10,3.5,10,558,10
2008-01-25T06:00+00:00,5904,0,0,283,10,302,10,6.0,10,11.6,10,1010.0,10,,,88,10,1.5,10,60,10,42.0,0.0,0.0,10,2.9,5.1,0,10,3.1,7.4,0,10,4.2,10,4.7,10,3.5,10,641,10
2008-01-25T07:00+00:00,5904,2,0,291,10,280,10,5.8,10,11.0,10,1010.9,10,,,84,10,0.1,10,12,10,42.0,0.0,0.0,10,3.0,5.1,0,10,3.1,7.4,0,10,4.2,10,5.0,10,3.3,10,740,10
2008-01-25T08:00+00:00,5904,31,0,294,10,283,10,5.3,10,11.9,10,1012.0,10,,,80,10,0.0,10,0,10,42.0,0.0,0.0,10,3.1,5.1,0,10,3.1,7.4,0,10,4.2,10,5.1,10,3.5,10,851,10
2008-01-25T09:00+00:00,5904,92,0,301,10,307,10,5.2,10,11.7,10,1012.8,10,,,74,10,0.0,10,0,10,42.0,0.0,0.0,10,3.1,5.1,0,10,3.2,7.4,0,10,4.2,10,5.3,10,3.7,10,901,10
2008-01-25T10:00+00:00,5904,153,0,299,10,309,10,4.2,10,9.8,10,1013.1,10,,,75,10,0.0,10,0,10,42.0,0.0,0.0,10,3.2,5.1,0,10,3.3,7.4,0,10,4.2,10,5.8,10,4.5,10,1021,10
2008-01-25T11:00+00:00,5904,197,0,287,10,284,10,5.6,10,11.8,10,1012.8,10,,,75,10,0.0,10,0,10,42.0,0.0,0.4,10,3.4,5.1,0,10,3.4,7.4,0,10,4.2,10,5.8,10,5.7,10,1135,10
2008-01-25T12:00+00:00,5904,306,0,284,10,279,10,6.2,10,12.1,10,1012.6,10,,,66,10,0.0,10,0,10,42.0,0.0,1.0,10,3.6,5.1,0,10,3.5,7.4,0,10,4.2,10,7.3,10,5.5,10,1218,10
2008-01-25T13:00+00:00,5904,312,0,279,10,302,10,5.0,10,9.2,10,1012.4,10,,,63,10,0.0,10,0,10,41.0,0.0,1.0,10,3.8,5.1,0,10,3.6,7.5,0,10,4.1,10,6.9,10,6.1,10,1319,10
2008-01-25T14:00+00:00,5904,222,0,268,10,279,10,4.8,10,10.0,10,1012.4,10,,,62,10,0.0,10,0,10,41.0,0.0,1.0,10,3.8,5.1,0,10,3.7,7.4,0,10,4.1,10,6.8,10,5.3,10,1408,10
2008-01-25T15:00+00:00,5904,100,0,264,10,268,10,4.7,10,12.1,10,1011.9,10,,,62,10,0.0,10,0,10,41.0,0.0,1.0,10,3.8,5.1,0,10,3.8,7.4,0,10,4.1,10,5.9,10,3.8,10,1555,10
2008-01-25T16:00+00:00,5904,10,0,265,10,274,10,6.2,10,12.3,10,1011.8,10,,,66,10,0.0,10,0,10,41.0,0.0,0.5,10,3.7,5.1,0,10,3.7,7.4,0,10,4.1,10,4.9,10,2.6,10,1644,10
2008-01-25T17:00+00:00,5904,0,0,259,10,279,10,5.4,10,10.4,10,1011.9,10,,,68,10,0.0,10,0,10,41.0,0.0,0.0,10,3.6,5.1,0,10,3.6,7.4,0,10,4.1,10,4.5,10,1.9,10,1707,10
2008-01-25T18:00+00:00,5904,0,0,254,10,247,10,4.5,10,10.1,10,1010.9,10,,,71,10,0.0,10,0,10,41.0,0.0,0.0,10,3.5,5.1,0,10,3.6,7.4,0,10,4.1,10,4.5,10,1.5,10,1851,10
2008-01-25T19:00+00:00,5904,0,0,255,10,255,10,3.6,10,12.1,10,1011.1,10,,,74,10,0.0,10,0,10,41.0,0.0,0.0,10,3.4,5.1,0,10,3.5,7.5,0,10,4.1,10,3.5,10,0.2,10,1913,10
2008-01-25T20:00+00:00,5904,0,0,262,10,244,10,1.7,10,8.0,10,1011.0,10,,,75,10,0.0,10,0,10,41.0,0.0,0.0,10,3.2,5.1,0,10,3.4,7.5,0,10,4.1,10,3.3,10,-0.9,10,2048,10
2008-01-25T21:00+00:00,5904,0,0,239,10,249,10,2.1,10,7.1,10,1010.6,10,,,77,10,0.0,10,0,10,41.0,0.0,0.0,10,3.2,5.1,0,10,3.3,7.4,0,10,4.1,10,3.4,10,-0.8,10,2158,10
2008-01-25T22:00+00:00,5904,0,0,247,10,246,10,3.9,10,9.9,10,1009.9,10,,,76,10,0.0,10,0,10,41.0,0.0,0.0,10,3.1,5.1,0,10,3.3,7.4,0,10,4.1,10,3.8,10,0.6,10,2210,10
2008-01-25T23:00+00:00,5904,0,0,259,10,282,10,3.4,10,10.7,10,1009.8,10,,,69,10,0.0,10,0,10,41.0,0.0,0.0,10,3.0,5.1,0,10,3.2,7.4,0,10,4.1,10,4.8,10,0.9,10,2358,10
2008-01-26T00:00+00:00,5904,0,0,274,10,290,10,4.8,10,13.4,10,1009.3,10,,,72,10,0.0,10,0,10,41.0,0.0,0.0,10,2.9,5.1,0,10,3.1,7.5,0,10,4.1,10,4.5,10,2.3,10,11,10
2008-01-26T01:00+00:00,5904,0,0,274,10,294,10,3.3,10,10.6,10,1009.4,10,,,73,10,0.0,10,0,10,41.0,0.0,0.0,10,2.9,5.1,0,10,3.1,7.5,0,10,4.1,10,4.5,10,2.2,10,123,10
2008-01-26T02:00+00:00,5904,0,0,275,10,270,10,6.5,10,13.7,10,1009.1,10,,,75,10,0.0,10,0,10,41.0,0.0,0.0,10,2.8,5.1,0,10,3.0,7.5,0,10,4.1,10,4.0,10,1.7,10,239,10
2008-01-26T03:00+00:00,5904,0,0,273,10,280,10,5.9,10,11.5,10,1009.3,10,,,75,10,0.0,10,0,10,41.0,0.0,0.0,10,2.8,5.1,0,10,3.0,7.4,0,10,4.1,10,3.7,10,0.5,10,304,10
2008-01-26T04:00+00:00,5904,0,0,269,10,281,10,6.5,10,11.9,10,1008.8,10,,,73,10,0.0,10,0,10,41.0,0.0,0.0,10,2.7,5.1,0,10,2.9,7.4,0,10,4.1,10,3.8,10,0.0,10,451,10
2008-01-26T05:00+00:00,5904,0,0,275,10,281,10,4.8,10,10.9,10,1009.3,10,,,71,10,0.0,10,0,10,41.0,0.0,0.0,10,2.7,5.1,0,10,2.9,7.4,0,10,4.1,10,3.2,10,-0.8,10,600,10
2008-01-26T06:00+00:00,5904,0,0,282,10,275,10,4.6,10,8.9,10,1009.4,10,,,70,10,0.0,10,0,10,41.0,0.0,0.0,10,2.6,5.1,0,10,2.8,7.5,0,10,4.1,10,2.9,10,-1.1,10,656,10
2008-01-26T07:00+00:00,5904,9,0,272,10,260,10,5.4,10,9.6,10,1009.3,10,,,70,10,0.0,10,0,10,41.0,0.0,0.3,10,2.5,5.1,0,10,2.8,7.4,0,10,4.1,10,2.6,10,-0.2,10,742,10
2008-01-26T08:00+00:00,5904,81,0,270,10,298,10,6.0,10,12.1,10,1009.6,10,,,69,10,0.0,10,0,10,41.0,0.0,1.0,10,2.5,5.1,0,10,2.7,7.5,0,10,4.1,10,3.7,10,0.6,10,859,10
2008-01-26T09:00+00:00,5904,182,0,267,10,272,10,7.8,10,15.8,10,1009.2,10,,,68,10,0.0,10,0,10,41.0,0.0,1.0,10,2.6,5.1,0,10,2.8,7.4,0,10,4.1,10,4.3,10,4.6,10,925,10
2008-01-26T10:00+00:00,5904,287,0,268,10,273,10,7.2,10,14.9,10,1009.0,10,,,64,10,0.0,10,0,10,41.0,0.0,1.0,10,2.7,5.1,0,10,2.9,7.5,0,10,4.1,10,5.1,10,5.7,10,1056,10
2008-01-26T11:00+00:00,5904,316,0,278,10,297,10,7.3,10,15.4,10,1007.1,10,,,63,10,0.0,10,0,10,41.0,0.0,1.0,10,3.0,5.1,0,10,3.0,7.5,0,10,4.1,10,5.8,10,6.9,10,1122,10
2008-01-26T12:00+00:00,5904,281,0,269,10,254,10,8.0,10,18.4,10,1005.6,10,,,57,10,0.0,10,0,10,40.0,0.0,1.0,10,3.2,5.1,0,10,3.2,7.5,0,10,4.0,10,7.0,10,7.1,10,1242,10
2008-01-26T13:00+00:00,5904,316,0,264,10,269,10,10.0,10,20.7,10,1003.4,10,,,52,10,0.0,10,0,10,40.0,0.0,1.0,10,3.4,5.1,0,10,3.3,7.5,0,10,4.0,10,7.5,10,7.8,10,1343,10
2008-01-26T14:00+00:00,5904,234,0,270,10,279,10,12.4,10,26.4,10,1002.3,10,,,49,10,0.0,10,0,10,40.0,0.0,1.0,10,3.5,5.1,0,10,3.5,7.5,0,10,4.0,10,8.1,10,6.8,10,1442,10
2008-01-26T15:00+00:00,5904,144,0,275,10,280,10,12.7,10,25.8,10,1002.6,10,,,50,10,0.0,10,0,10,40.0,0.0,0.7,10,3.6,5.1,0,10,3.5,7.4,0,10,4.0,10,7.5,10,6.5,10,1515,10
2008-01-26T16:00+00:00,5904,16,0,270,10,269,10,13.6,10,25.7,10,1001.5,10,,,48,10,0.0,10,0,10,40.0,0.0,0.3,10,3.6,5.1,0,10,3.5,7.5,0,10,4.0,10,7.8,10,6.1,10,1651,10
2008-01-26T17:00+00:00,5904,0,0,271,10,266,10,12.0,10,21.8,10,1000.7,10,,,44,10,0.0,10,0,10,40.0,0.0,0.0,10,3.5,5.1,0,10,3.5,7.5,0,10,4.0,10,8.4,10,5.8,10,1750,10
2008-01-26T18:00+00:00,5904,0,0,272,10,271,10,13.0,10,26.8,10,1000.1,10,,,44,10,0.0,10,0,10,40.0,0.0,0.0,10,3.5,5.1,0,10,3.5,7.5,0,10,4.0,10,8.4,10,6.3,10,1834,10
2008-01-26T19:00+00:00,5904,0,0,272,10,261,10,13.8,10,25.6,10,1000.3,10,,,44,10,0.0,10,0,10,40.0,0.0,0.0,10,3.4,5.1,0,10,3.5,7.5,0,10,4.0,10,8.6,10,6.4,10,1922,10
2008-01-26T20:00+00:00,5904,0,0,277,10,276,10,11.5,10,21.8,10,1000.2,10,,,44,10,0.0,10,0,10,40.0,0.0,0.0,10,3.4,5.1,0,10,3.5,7.5,0,10,4.0,10,8.3,10,6.6,10,2001,10
2008-01-26T21:00+00:00,5904,0,0,274,10,278,10,9.7,10,18.6,10,1000.2,10,,,41,10,0.0,10,0,10,40.0,0.0,0.0,10,3.4,5.1,0,10,3.5,7.5,0,10,4.0,10,9.1,10,6.6,10,2105,10
2008-01-26T22:00+00:00,5904,0,0,272,10,285,10,8.7,10,16.5,10,1000.3,10,,,40,10,0.0,10,0,10,40.0,0.0,0.0,10,3.4,5.1,0,10,3.5,7.5,0,10,4.0,10,9.1,10,7.4,10,2206,10
2008-01-26T23:00+00:00,5904,0,0,272,10,268,10,8.5,10,16.5,10,999.8,10,,,41,10,0.0,10,0,10,40.0,0.0,0.0,10,3.4,5.1,0,10,3.5,7.5,0,10,4.0,10,8.6,10,7.1,10,2359,10
2008-01-27T00:00+00:00,5904,0,0,269,10,270,10,8.6,10,15.5,10,998.6,10,,,42,10,0.0,10,0,10,40.0,0.0,0.0,10,3.4,5.1,0,10,3.5,7.5,0,10,4.0,10,8.7,10,7.0,10,24,10
2008-01-27T01:00+00:00,5904,0,0,269,10,265,10,8.5,10,16.9,10,998.3,10,,,47,10,0.0,10,29,10,40.0,0.0,0.0,10,3.5,5.1,0,10,3.5,7.5,0,10,4.0,10,8.1,10,6.1,10,107,10
2008-01-27T02:00+00:00,5904,0,0,269,10,268,10,7.7,10,17.8,10,998.2,10,,,63,10,0.0,10,56,10,40.0,0.0,0.0,10,3.5,5.1,0,10,3.5,7.5,0,10,4.0,10,6.1,10,3.9,10,204,10
2008-01-27T03:00+00:00,5904,0,0,277,10,274,10,5.7,10,12.0,10,997.3,10,,,70,10,0.8,10,59,10,40.0,0.0,0.0,10,3.5,5.1,0,10,3.5,7.5,0,10,4.0,10,5.2,10,3.2,10,322,10
2008-01-27T04:00+00:00,5904,0,0,277,10,261,10,4.9,10,11.0,10,996.5,10,,,56,10,0.1,10,21,10,40.0,0.0,0.0,10,3.5,5.0,0,10,3.5,7.5,0,10,4.0,10,6.4,10,3.1,10,450,10
2008-01-27T05:00+00:00,5904,0,0,278,10,279,10,5.0,10,10.8,10,995.9,10,,,51,10,0.1,10,11,10,40.0,0.0,0.0,10,3.5,5.0,0,10,3.5,7.5,0,10,4.0,10,6.8,10,2.6,10,534,10
2008-01-27T06:00+00:00,5904,0,0,335,10,287,10,2.1,10,5.7,10,995.2,10,,,56,10,0.0,10,11,10,40.0,0.0,0.0,10,3.4,5.0,0,10,3.5,7.5,0,10,4.0,10,6.2,10,3.4,10,601,10
2008-01-27T07:00+00:00,5904,0,0,321,10,282,10,2.9,10,8.2,10,994.7,10,,,62,10,0.2,10,44,10,40.0,0.0,0.0,10,3.4,5.0,0,10,3.5,7.5,0,10,4.0,10,6.3,10,3.2,10,733,10
2008-01-27T08:00+00:00,5904,5,0,319,10,280,10,3.7,10,13.4,10,994.7,10,,,61,10,0.3,10,42,10,40.0,0.0,0.0,10,3.5,5.0,0,10,3.5,7.5,0,10,4.0,10,7.6,10,3.4,10,854,10
2008-01-27T09:00+00:00,5904,19,0,285,10,272,10,8.4,10,20.5,10,994.1,10,,,67,10,0.4,10,44,10,40.0,0.0,0.0,10,3.5,5.0,0,10,3.5,7.5,0,10,4.0,10,6.4,10,4.2,10,928,10
2008-01-27T10:00+00:00,5904,42,0,272,10,270,10,9.5,10,19.2,10,994.5,10,,,83,10,0.8,10,40,10,40.0,0.0,0.0,10,3.5,5.0,0,10,3.6,7.5,0,10,4.0,10,4.9,10,3.8,10,1026,10
2008-01-27T11:00+00:00,5904,32,0,275,10,274,10,9.3,10,17.7,10,993.5,10,,,81,10,0.5,10,39,10,40.0,0.0,0.0,10,3.6,5.0,0,10,3.6,7.5,0,10,4.0,10,5.3,10,3.7,10,1114,10
2008-01-27T12:00+00:00,5904,39,0,275,10,268,10,9.6,10,18.9,10,992.8,10,,,76,10,0.0,10,0,10,40.0,0.0,0.0,10,3.6,5.0,0,10,3.6,7.5,0,10,4.0,10,5.9,10,4.2,10,1215,10
2008-01-27T13:00+00:00,5904,39,0,273,10,273,10,10.4,10,21.0,10,992.0,10,,,74,10,0.0,10,0,10,40.0,0.0,0.0,10,3.7,5.0,0,10,3.6,7.5,0,10,4.0,10,6.1,10,5.0,10,1345,10
2008-01-27T14:00+00:00,5904,34,0,269,10,264,10,11.7,10,23.4,10,992.2,10,,,72,10,0.0,10,12,10,40.0,0.0,0.0,10,3.7,5.0,0,10,3.7,7.5,0,10,4.0,10,5.9,10,4.5,10,1431,10
2008-01-27T15:00+00:00,5904,10,0,270,10,262,10,12.2,10,22.9,10,992.2,10,,,68,10,0.0,10,0,10,40.0,0.0,0.0,10,3.7,5.0,0,10,3.7,7.5,0,10,4.0,10,6.2,10,4.7,10,1529,10
2008-01-27T16:00+00:00,5904,3,0,271,10,273,10,13.1,10,29.2,10,992.5,10,,,69,10,0.0,10,13,10,40.0,0.0,0.0,10,3.7,5.0,0,10,3.7,7.5,0,10,4.0,10,6.0,10,4.3,10,1636,10
2008-01-27T17:00+00:00,5904,0,0,268,10,265,10,14.3,10,28.3,10,993.0,10,,,75,10,0.0,10,55,10,40.0,0.0,0.0,10,3.7,5.0,0,10,3.7,7.5,0,10,4.0,10,5.5,10,3.9,10,1741,10
2008-01-27T18:00+00:00,5904,0,0,269,10,271,10,13.4,10,26.2,10,993.9,10,,,74,10,0.0,10,11,10,40.0,0.0,0.0,10,3.7,5.0,0,10,3.7,7.5,0,10,4.0,10,5.8,10,4.0,10,1815,10
2008-01-27T19:00+00:00,5904,0,0,273,10,274,10,12.2,10,25.5,10,994.6,10,,,81,10,0.2,10,50,10,40.0,0.0,0.0,10,3.7,5.0,0,10,3.7,7.5,0,10,4.0,10,5.1,10,3.8,10,1907,10
2008-01-27T20:00+00:00,5904,0,0,273,10,269,10,12.4,10,24.1,10,995.1,10,,,77,10,0.2,10,54,10,40.0,0.0,0.0,10,3.7,5.0,0,10,3.7,7.5,0,10,4.0,10,5.8,10,3.8,10,2027,10
2008-01-27T21:00+00:00,5904,0,0,279,10,278,10,11.4,10,23.6,10,996.1,10,,,75,10,0.0,10,30,10,40.0,0.0,0.0,10,3.7,5.0,0,10,3.7,7.5,0,10,4.0,10,6.0,10,4.1,10,2117,10
2008-01-27T22:00+00:00,5904,0,0,283,10,286,10,10.2,10,23.4,10,997.3,10,,,82,10,0.7,10,48,10,40.0,0.0,0.0,10,3.7,5.0,0,10,3.7,7.5,0,10,4.0,10,5.2,10,3.9,10,2203,10
2008-01-27T23:00+00:00,5904,0,0,284,10,289,10,10.7,10,21.8,10,998.5,10,,,88,10,1.9,10,60,10,40.0,0.0,0.0,10,3.7,5.0,0,10,3.7,7.5,0,10,4.0,10,4.8,10,3.8,10,2320,10
2008-01-28T00:00+00:00,5904,0,0,294,10,284,10,9.0,10,16.4,10,1000.2,10,,,90,10,3.4,10,60,10,40.0,0.0,0.0,10,3.7,5.0,0,10,3.7,7.5,0,10,4.0,10,4.5,10,3.7,10,37,10
2008-01-28T01:00+00:00,5904,0,0,298,10,305,10,7.6,10,16.2,10,1002.0,10,,,93,10,7.4,10,60,10,40.0,0.0,0.0,10,3.7,5.0,0,10,3.7,7.5,0,10,4.0,10,4.1,10,3.4,10,200,10
2008-01-28T02:00+00:00,5904,0,0,307,10,323,10,6.7,10,14.0,10,1002.6,10,,,91,10,2.6,10,59,10,40.0,0.0,0.0,10,3.7,5.0,0,10,3.8,7.5,0,10,4.0,10,5.0,10,3.5,10,226,10
2008-01-28T03:00+00:00,5904,0,0,311,10,312,10,7.2,10,14.1,10,1003.0,10,,,84,10,0.1,10,6,10,40.0,0.0,0.0,10,3.7,5.0,0,10,3.8,7.5,0,10,4.0,10,5.3,10,4.1,10,336,10
2008-01-28T04:00+00:00,5904,0,0,313,10,309,10,6.9,10,16.6,10,1004.0,10,,,77,10,0.0,10,0,10,40.0,0.0,0.0,10,3.7,5.0,0,10,3.7,7.5,0,10,4.0,10,5.1,10,2.8,10,417,10
2008-01-28T05:00+00:00,5904,0,0,311,10,315,10,5.4,10,13.0,10,1005.0,10,,,78,10,0.0,10,0,10,40.0,0.0,0.0,10,3.7,5.0,0,10,3.7,7.5,0,10,4.0,10,5.2,10,2.5,10,529,10
2008-01-28T06:00+00:00,5904,0,0,312,10,307,10,4.6,10,10.0,10,1005.8,10,,,79,10,0.0,10,0,10,40.0,0.0,0.0,10,3.6,5.0,0,10,3.7,7.5,0,10,4.0,10,4.9,10,2.2,10,605,10
2008-01-28T07:00+00:00,5904,10,0,320,10,305,10,4.8,10,10.4,10,1006.4,10,,,76,10,0.0,10,0,10,40.0,0.0,0.5,10,3.5,5.0,0,10,3.6,7.5,0,10,4.0,10,4.8,10,1.8,10,741,10
2008-01-28T08:00+00:00,5904,98,0,322,10,324,10,5.1,10,10.6,10,1007.2,10,,,67,10,0.0,10,0,10,40.0,0.0,1.0,10,3.5,5.0,0,10,3.6,7.5,0,10,4.0,10,6.1,10,3.2,10,825,10
2008-01-28T09:00+00:00,5904,219,0,324,10,327,10,5.0,10,10.9,10,1007.6,10,,,56,10,0.0,10,0,10,40.0,0.0,1.0,10,3.6,5.0,0,10,3.7,7.5,0,10,4.0,10,6.7,10,6.7,10,927,10
2008-01-28T10:00+00:00,5904,242,0,345,10,323,10,4.3,10,9.8,10,1007.8,10,,,53,10,0.0,10,0,10,41.0,0.0,0.7,10,3.8,5.0,0,10,3.7,7.5,0,10,4.1,10,6.7,10,6.6,10,1012,10
2008-01-28T11:00+00:00,5904,207,0,352,10,351,10,3.6,10,7.2,10,1007.5,10,,,57,10,0.0,10,0,10,40.0,0.0,0.2,10,4.0,5.0,0,10,3.9,7.5,0,10,4.0,10,7.0,10,7.6,10,1131,10
2008-01-28T12:00+00:00,5904,151,0,342,10,33,10,2.4,10,6.9,10,1007.2,10,,,65,10,0.0,10,0,10,41.0,0.0,0.0,10,4.2,5.0,0,10,4.1,7.5,0,10,4.1,10,7.5,10,7.9,10,1257,10
2008-01-28T13:00+00:00,5904,190,0,327,10,306,10,3.4,10,7.5,10,1007.2,10,,,74,10,0.0,10,15,10,41.0,0.0,0.1,10,4.4,5.0,0,10,4.2,7.5,0,10,4.1,10,7.8,10,8.3,10,1357,10
2008-01-28T14:00+00:00,5904,115,0,347,10,318,10,2.6,10,7.8,10,1007.3,10,,,77,10,0.0,10,11,10,41.0,0.0,0.0,10,4.5,5.0,0,10,4.3,7.5,0,10,4.1,10,7.5,10,7.7,10,1406,10
2008-01-28T15:00+00:00,5904,35,0,354,10,14,10,2.8,10,6.2,10,1007.3,10,,,77,10,0.0,10,11,10,41.0,0.0,0.0,10,4.6,5.0,0,10,4.4,7.5,0,10,4.1,10,7.0,10,6.1,10,1518,10
2008-01-28T16:00+00:00,5904,4,0,341,10,342,10,2.3,10,6.1,10,1007.0,10,,,77,10,0.0,10,9,10,41.0,0.0,0.0,10,4.6,5.0,0,10,4.5,7.5,0,10,4.1,10,6.6,10,5.7,10,1603,10
2008-01-28T17:00+00:00,5904,0,0,302,10,302,10,1.7,10,3.1,10,1007.0,10,,,78,10,0.0,10,0,10,41.0,0.0,0.0,10,4.6,5.0,0,10,4.5,7.5,0,10,4.1,10,6.3,10,5.3,10,1725,10
2008-01-28T18:00+00:00,5904,0,0,250,10,242,10,1.1,10,2.4,10,1006.9,10,,,82,10,0.0,10,0,10,41.0,0.0,0.0,10,4.5,5.0,0,10,4.5,7.5,0,10,4.1,10,6.2,10,5.0,10,1818,10
2008-01-28T19:00+00:00,5904,0,0,242,10,239,10,1.1,10,2.6,10,1006.7,10,,,84,10,0.0,10,0,10,41.0,0.0,0.0,10,4.5,5.0,0,10,4.4,7.5,0,10,4.1,10,5.8,10,4.2,10,1921,10
2008-01-28T20:00+00:00,5904,0,0,142,10,142,10,1.1,10,2.6,10,1006.6,10,,,74,10,0.0,10,0,10,41.0,0.0,0.0,10,4.4,5.0,0,10,4.4,7.5,0,10,4.1,10,5.6,10,4.4,10,2005,10
2008-01-28T21:00+00:00,5904,0,0,200,10,167,10,1.8,10,4.4,10,1006.3,10,,,86,10,0.0,10,0,10,41.0,0.0,0.0,10,4.4,5.0,0,10,4.4,7.5,0,10,4.1,10,5.8,10,4.6,10,2142,10
2008-01-28T22:00+00:00,5904,0,0,219,10,215,10,2.0,10,4.6,10,1006.2,10,,,88,10,0.0,10,0,10,41.0,0.0,0.0,10,4.4,5.0,0,10,4.4,7.5,0,10,4.1,10,5.4,10,4.6,10,2208,10
2008-01-28T23:00+00:00,5904,0,0,193,10,196,10,0.4,10,2.0,10,1006.0,10,,,88,10,0.0,10,0,10,41.0,0.0,0.0,10,4.4,5.0,0,10,4.4,7.5,0,10,4.1,10,5.4,10,4.2,10,2356,10
2008-01-29T00:00+00:00,5904,0,0,236,10,242,10,1.0,10,2.1,10,1005.3,10,,,89,10,0.0,10,0,10,42.0,0.0,0.0,10,4.4,5.0,0,10,4.3,7.5,0,10,4.2,10,5.3,10,4.0,10,55,10
2008-01-29T01:00+00:00,5904,0,0,252,10,263,10,1.8,10,3.1,10,1004.6,10,,,91,10,0.0,10,28,10,42.0,0.0,0.0,10,4.3,5.0,0,10,4.3,7.5,0,10,4.2,10,4.9,10,3.1,10,142,10
2008-01-29T02:00+00:00,5904,0,0,226,10,235,10,0.4,10,2.7,10,1004.4,10,,,94,10,0.1,10,15,10,42.0,0.0,0.0,10,4.3,5.0,0,10,4.3,7.5,0,10,4.2,10,5.1,10,3.2,10,207,10
2008-01-29T03:00+00:00,5904,0,0,33,10,18,10,1.4,10,2.8,10,1004.2,10,,,94,10,0.0,10,1,10,42.0,0.0,0.0,10,4.2,5.0,0,10,4.3,7.5,0,10,4.2,10,4.0,10,2.7,10,312,10
2008-01-29T04:00+00:00,5904,0,0,35,10,53,10,0.4,10,2.9,10,1003.7,10,,,94,10,0.0,10,0,10,42.0,0.0,0.0,10,4.2,5.0,0,10,4.2,7.5,0,10,4.2,10,4.1,10,2.6,10,414,10
2008-01-29T05:00+00:00,5904,0,0,21,10,38,10,0.4,10,2.9,10,1003.9,10,,,94,10,0.0,10,4,10,42.0,0.0,0.0,10,4.1,5.0,0,10,4.2,7.5,0,10,4.2,10,4.1,10,2.1,10,551,10
2008-01-29T06:00+00:00,5904,0,0,3,10,41,10,0.3,10,2.3,10,1004.0,10,,,94,10,0.1,10,23,10,42.0,0.0,0.0,10,4.1,5.0,0,10,4.2,7.5,0,10,4.2,10,4.0,10,3.0,10,626,10
2008-01-29T07:00+00:00,5904,5,0,127,10,42,10,0.6,10,3.4,10,1004.4,10,,,94,10,0.0,10,0,10,42.0,0.0,0.0,10,4.1,5.0,0,10,4.1,7.5,0,10,4.2,10,3.8,10,2.2,10,742,10
2008-01-29T08:00+00:00,5904,31,0,79,10,88,10,0.7,10,2.0,10,1004.7,10,,,93,10,0.0,10,0,10,42.0,0.0,0.0,10,4.1,5.0,0,10,4.1,7.5,0,10,4.2,10,4.6,10,3.2,10,805,10
2008-01-29T09:00+00:00,5904,59,0,23,10,255,10,0.2,10,3.3,10,1004.9,10,,,91,10,0.0,10,0,10,43.0,0.0,0.0,10,4.1,5.0,0,10,4.2,7.5,0,10,4.3,10,5.2,10,4.6,10,914,10
2008-01-29T10:00+00:00,5904,120,0,112,10,130,10,1.1,10,2.4,10,1005.0,10,,,86,10,0.0,10,0,10,43.0,0.0,0.0,10,4.3,5.0,0,10,4.2,7.5,0,10,4.3,10,6.7,10,5.4,10,1037,10
2008-01-29T11:00+00:00,5904,154,0,261,10,267,10,1.2,10,4.7,10,1004.7,10,,,80,10,0.0,10,0,10,43.0,0.0,0.0,10,4.5,5.0,0,10,4.4,7.5,0,10,4.3,10,7.7,10,8.0,10,1153,10
2008-01-29T12:00+00:00,5904,155,0,238,10,259,10,1.8,10,4.3,10,1004.2,10,,,77,10,0.0,10,0,10,43.0,0.0,0.0,10,4.7,5.0,0,10,4.5,7.5,0,10,4.3,10,7.9,10,8.3,10,1201,10
2008-01-29T13:00+00:00,5904,123,0,344,10,319,10,1.3,10,4.2,10,1003.9,10,,,73,10,0.0,10,0,10,43.0,0.0,0.0,10,4.9,5.0,0,10,4.7,7.5,0,10,4.3,10,8.1,10,8.3,10,1340,10
2008-01-29T14:00+00:00,5904,100,0,321,10,338,10,1.4,10,4.4,10,1003.9,10,,,69,10,0.0,10,0,10,43.0,0.0,0.0,10,5.0,5.0,0,10,4.8,7.5,0,10,4.3,10,8.2,10,7.9,10,1416,10
2008-01-29T15:00+00:00,5904,30,0,21,10,335,10,0.8,10,2.6,10,1003.7,10,,,74,10,0.0,10,0,10,43.0,0.0,0.0,10,5.0,5.0,0,10,4.9,7.5,0,10,4.3,10,7.5,10,6.6,10,1506,10
2008-01-29T16:00+00:00,5904,7,0,267,10,268,10,0.5,10,2.1,10,1003.9,10,,,76,10,0.0,10,0,10,43.0,0.0,0.0,10,5.0,5.0,0,10,4.9,7.5,0,10,4.3,10,7.0,10,5.3,10,1644,10
2008-01-29T17:00+00:00,5904,0,0,28,10,83,10,0.9,10,3.6,10,1004.2,10,,,80,10,0.0,10,0,10,43.0,0.0,0.0,10,5.0,5.0,0,10,4.9,7.5,0,10,4.3,10,7.0,10,4.8,10,1756,10
2008-01-29T18:00+00:00,5904,0,0,71,10,85,10,1.7,10,3.8,10,1004.3,10,,,86,10,0.0,10,0,10,43.0,0.0,0.0,10,4.9,5.0,0,10,4.8,7.5,0,10,4.3,10,6.4,10,5.2,10,1805,10
2008-01-29T19:00+00:00,5904,0,0,74,10,81,10,1.6,10,2.6,10,1003.9,10,,,89,10,0.0,10,0,10,43.0,0.0,0.0,10,4.9,5.0,0,10,4.8,7.5,0,10,4.3,10,5.8,10,4.7,10,1908,10
2008-01-29T20:00+00:00,5904,0,0,54,10,68,10,1.2,10,2.3,10,1003.7,10,,,90,10,0.0,10,0,10,43.0,0.0,0.0,10,4.8,5.0,0,10,4.8,7.5,0,10,4.3,10,5.4,10,3.5,10,2049,10
2008-01-29T21:00+00:00,5904,0,0,87,10,108,10,1.9,10,4.9,10,1003.5,10,,,90,10,0.0,10,0,10,44.0,0.0,0.0,10,4.7,5.0,0,10,4.7,7.5,0,10,4.4,10,4.8,10,1.9,10,2157,10
2008-01-29T22:00+00:00,5904,0,0,136,10,123,10,1.9,10,3.5,10,1002.9,10,,,90,10,0.0,10,0,10,44.0,0.0,0.0,10,4.6,5.0,0,10,4.7,7.5,0,10,4.4,10,4.3,10,2.2,10,2202,10
2008-01-29T23:00+00:00,5904,0,0,137,10,155,10,1.8,10,3.7,10,1002.5,10,,,91,10,0.0,10,0,10,44.0,0.0,0.0,10,4.5,5.0,0,10,4.6,7.5,0,10,4.4,10,3.5,10,0.0,10,2305,10
2008-01-30T00:00+00:00,5904,0,0,86,10,112,10,2.3,10,4.6,10,1001.7,10,,,95,10,0.0,10,0,10,44.0,0.0,0.0,10,4.4,5.0,0,10,4.5,7.5,0,10,4.4,10,2.9,10,0.2,10,59,10
2008-01-30T01:00+00:00,5904,0,0,113,10,103,10,2.2,10,4.8,10,1001.3,10,,,95,10,0.0,10,0,10,44.0,0.0,0.0,10,4.4,5.0,0,10,4.5,7.5,0,10,4.4,10,3.3,10,2.7,10,104,10
2008-01-30T02:00+00:00,5904,0,0,129,10,112,10,3.5,10,9.3,10,1000.5,10,,,94,10,0.0,10,0,10,44.0,0.0,0.0,10,4.4,5.0,0,10,4.4,7.5,0,10,4.4,10,3.7,10,3.1,10,226,10
2008-01-30T03:00+00:00,5904,0,0,125,10,140,10,3.5,10,7.9,10,999.9,10,,,94,10,0.0,10,0,10,44.0,0.0,0.0,10,4.3,5.0,0,10,4.4,7.5,0,10,4.4,10,3.4,10,3.1,10,309,10
2008-01-30T04:00+00:00,5904,0,0,116,10,125,10,3.4,10,7.3,10,999.3,10,,,93,10,0.0,10,0,10,44.0,0.0,0.0,10,4.3,5.1,0,10,4.4,7.5,0,10,4.4,10,3.1,10,2.9,10,456,10
2008-01-30T05:00+00:00,5904,0,0,117,10,130,10,3.8,10,8.0,10,998.8,10,,,93,10,0.0,10,0,10,45.0,0.0,0.0,10,4.3,5.1,0,10,4.4,7.5,0,10,4.5,10,2.6,10,2.4,10,511,10
2008-01-30T06:00+00:00,5904,0,0,116,10,134,10,3.1,10,7.3,10,998.3,10,,,91,10,0.0,10,0,10,45.0,0.0,0.0,10,4.3,5.1,0,10,4.3,7.5,0,10,4.5,10,2.3,10,2.1,10,659,10
2008-01-30T07:00+00:00,5904,9,0,131,10,149,10,3.7,10,7.3,10,997.9,10,,,89,10,0.0,10,0,10,45.0,0.0,0.1,10,4.2,5.1,0,10,4.3,7.5,0,10,4.5,10,2.0,10,0.5,10,733,10
2008-01-30T08:00+00:00,5904,96,0,134,10,130,10,3.1,10,6.8,10,997.6,10,,,76,10,0.0,10,0,10,45.0,0.0,1.0,10,4.1,5.1,0,10,4.3,7.5,0,10,4.5,10,3.8,10,1.2,10,807,10
2008-01-30T09:00+00:00,5904,206,0,130,10,135,10,3.4,10,7.0,10,997.3,10,,,69,10,0.0,10,0,10,45.0,0.0,1.0,10,4.2,5.1,0,10,4.3,7.5,0,10,4.5,10,4.9,10,6.2,10,912,10
2008-01-30T10:00+00:00,5904,278,0,141,10,149,10,3.9,10,9.0,10,997.3,10,,,63,10,0.0,10,0,10,45.0,0.0,1.0,10,4.3,5.1,0,10,4.4,7.5,0,10,4.5,10,5.3,10,6.8,10,1013,10
2008-01-30T11:00+00:00,5904,256,0,154,10,149,10,3.8,10,7.5,10,997.0,10,,,59,10,0.0,10,0,10,45.0,0.0,0.9,10,4.5,5.1,0,10,4.5,7.5,0,10,4.5,10,5.7,10,6.9,10,1101,10
2008-01-30T12:00+00:00,5904,171,0,154,10,164,10,4.0,10,8.7,10,996.3,10,,,56,10,0.0,10,0,10,45.0,0.0,0.0,10,4.7,5.1,0,10,4.6,7.5,0,10,4.5,10,5.8,10,6.8,10,1218,10
2008-01-30T13:00+00:00,5904,153,0,163,10,140,10,3.0,10,7.6,10,995.7,10,,,54,10,0.0,10,0,10,45.0,0.0,0.0,10,4.8,5.1,0,10,4.7,7.5,0,10,4.5,10,6.4,10,6.8,10,1306,10
2008-01-30T14:00+00:00,5904,103,0,171,10,146,10,2.6,10,5.9,10,995.3,10,,,55,10,0.0,10,0,10,45.0,0.0,0.0,10,4.9,5.1,0,10,4.8,7.5,0,10,4.5,10,6.5,10,6.7,10,1427,10
2008-01-30T15:00+00:00,5904,48,0,191,10,183,10,2.8,10,5.4,10,995.4,10,,,57,10,0.0,10,0,10,45.0,0.0,0.0,10,4.9,5.1,0,10,4.8,7.5,0,10,4.5,10,6.4,10,6.2,10,1502,10
2008-01-30T16:00+00:00,5904,10,0,236,10,234,10,2.3,10,6.8,10,995.6,10,,,66,10,0.0,10,0,10,45.0,0.0,0.0,10,4.9,5.1,0,10,4.8,7.5,0,10,4.5,10,6.2,10,5.6,10,1659,10
2008-01-30T17:00+00:00,5904,0,0,253,10,221,10,3.2,10,8.2,10,995.8,10,,,71,10,0.0,10,0,10,45.0,0.0,0.0,10,4.8,5.1,0,10,4.8,7.5,0,10,4.5,10,5.5,10,4.5,10,1800,10
2008-01-30T18:00+00:00,5904,0,0,267,10,291,10,2.7,10,8.0,10,995.6,10,,,75,10,0.0,10,0,10,45.0,0.0,0.0,10,4.7,5.1,0,10,4.7,7.5,0,10,4.5,10,5.0,10,3.8,10,1837,10
2008-01-30T19:00+00:00,5904,0,0,270,10,274,10,5.4,10,12.1,10,995.5,10,,,75,10,0.0,10,0,10,45.0,0.0,0.0,10,4.7,5.1,0,10,4.7,7.5,0,10,4.5,10,4.8,10,3.7,10,1941,10
2008-01-30T20:00+00:00,5904,0,0,271,10,251,10,6.2,10,11.5,10,995.7,10,,,76,10,0.0,10,0,10,45.0,0.0,0.0,10,4.6,5.1,0,10,4.6,7.5,0,10,4.5,10,4.7,10,3.2,10,2054,10
2008-01-30T21:00+00:00,5904,0,0,273,10,274,10,5.5,10,11.7,10,996.0,10,,,76,10,0.0,10,0,10,46.0,0.0,0.0,10,4.5,5.1,0,10,4.6,7.5,0,10,4.6,10,4.4,10,3.3,10,2112,10
2008-01-30T22:00+00:00,5904,0,0,279,10,285,10,4.6,10,10.1,10,995.9,10,,,75,10,0.0,10,0,10,46.0,0.0,0.0,10,4.4,5.1,0,10,4.5,7.5,0,10,4.6,10,4.7,10,3.2,10,2227,10
2008-01-30T23:00+00:00,5904,0,0,277,10,278,10,4.2,10,8.9,10,996.2,10,,,86,10,0.2,10,41,10,46.0,0.0,0.0,10,4.4,5.1,0,10,4.5,7.5,0,10,4.6,10,4.2,10,3.2,10,2332,10
2008-01-31T00:00+00:00,5904,0,0,279,10,281,10,4.0,10,9.4,10,996.5,10,,,90,10,0.3,10,60,10,46.0,0.0,0.0,10,4.4,5.1,0,10,4.4,7.5,0,10,4.6,10,3.9,10,3.1,10,38,10
2008-01-31T01:00+00:00,5904,0,0,280,10,270,10,4.3,10,9.3,10,996.6,10,,,91,10,0.5,10,57,10,46.0,0.0,0.0,10,4.3,5.1,0,10,4.4,7.5,0,10,4.6,10,3.9,10,3.0,10,111,10
2008-01-31T02:00+00:00,5904,0,0,285,10,318,10,3.8,10,9.6,10,996.6,10,,,89,10,0.3,10,57,10,46.0,0.0,0.0,10,4.3,5.1,0,10,4.4,7.5,0,10,4.6,10,4.1,10,3.2,10,244,10
2008-01-31T03:00+00:00,5904,0,0,273,10,308,10,3.5,10,8.2,10,996.6,10,,,86,10,0.0,10,33,10,46.0,0.0,0.0,10,4.3,5.1,0,10,4.4,7.5,0,10,4.6,10,4.4,10,3.0,10,400,10
2008-01-31T04:00+00:00,5904,0,0,279,10,296,10,4.2,10,9.4,10,997.1,10,,,84,10,0.1,10,25,10,46.0,0.0,0.0,10,4.3,5.1,0,10,4.4,7.4,0,10,4.6,10,4.5,10,3.3,10,452,10
2008-01-31T05:00+00:00,5904,0,0,283,10,287,10,4.3,10,9.7,10,997.5,10,,,90,10,0.6,10,60,10,46.0,0.0,0.0,10,4.3,5.1,0,10,4.3,7.5,0,10,4.6,10,3.7,10,2.9,10,504,10
2008-01-31T06:00+00:00,5904,0,0,291,10,301,10,5.5,10,11.9,10,998.6,10,,,90,10,1.1,10,60,10,46.0,0.0,0.0,10,4.2,5.1,0,10,4.3,7.5,0,10,4.6,10,3.4,10,2.7,10,624,10
2008-01-31T07:00+00:00,5904,5,0,301,10,296,10,5.4,10,11.6,10,999.5,10,,,85,10,0.2,10,33,10,46.0,0.0,0.0,10,4.2,5.1,0,10,4.3,7.5,0,10,4.6,10,3.4,10,2.1,10,714,10
2008-01-31T08:00+00:00,5904,26,0,299,10,303,10,4.7,10,9.6,10,999.9,10,,,82,10,0.0,10,10,10,46.0,0.0,0.0,10,4.2,5.2,0,10,4.3,7.5,0,10,4.6,10,3.7,10,2.4,10,823,10
2008-01-31T09:00+00:00,5904,45,0,297,10,315,10,3.7,10,7.7,10,1000.1,10,,,77,10,0.0,10,0,10,46.0,0.0,0.0,10,4.2,5.2,0,10,4.3,7.5,0,10,4.6,10,3.8,10,3.0,10,959,10
2008-01-31T10:00+00:00,5904,147,0,296,10,315,10,3.5,10,7.4,10,999.8,10,,,70,10,0.0,10,0,10,46.0,0.0,0.4,10,4.2,5.2,0,10,4.3,7.5,0,10,4.6,10,4.9,10,2.5,10,1057,10
2008-01-31T11:00+00:00,5904,268,0,297,10,293,10,3.8,10,7.9,10,999.4,10,,,70,10,0.0,10,0,10,46.0,0.0,0.6,10,4.4,5.2,0,10,4.4,7.5,0,10,4.6,10,4.8,10,4.8,10,1153,10
2008-01-31T12:00+00:00,5904,186,0,278,10,284,10,3.6,10,7.8,10,998.6,10,,,70,10,0.0,10,0,10,46.0,0.0,0.3,10,4.5,5.2,0,10,4.5,7.4,0,10,4.6,10,5.0,10,5.0,10,1249,10
2008-01-31T13:00+00:00,5904,182,0,264,10,298,10,2.9,10,6.4,10,997.8,10,,,68,10,0.0,10,0,10,46.0,0.0,0.2,10,4.6,5.2,0,10,4.6,7.5,0,10,4.6,10,5.2,10,5.2,10,1308,10
2008-01-31T14:00+00:00,5904,156,0,248,10,247,10,3.0,10,5.5,10,997.4,10,,,72,10,0.0,10,0,10,46.0,0.0,0.6,10,4.7,5.2,0,10,4.7,7.5,0,10,4.6,10,4.8,10,3.0,10,1459,10
2008-01-31T15:00+00:00,5904,66,0,255,10,242,10,2.1,10,5.3,10,996.9,10,,,75,10,0.0,10,0,10,46.0,0.0,0.6,10,4.7,5.2,0,10,4.6,7.5,0,10,4.6,10,3.7,10,0.6,10,1600,10
2008-01-31T16:00+00:00,5904,14,0,329,10,315,10,0.7,10,2.2,10,996.2,10,,,81,10,0.0,10,0,10,46.0,0.0,0.6,10,4.5,5.2,0,10,4.6,7.5,0,10,4.6,10,2.7,10,-1.4,10,1631,10
2008-01-31T17:00+00:00,5904,0,0,226,10,236,10,0.3,10,2.3,10,996.1,10,,,86,10,0.0,10,0,10,46.0,0.0,0.0,10,4.4,5.2,0,10,4.4,7.5,0,10,4.6,10,1.8,10,-1.4,10,1759,10
2008-01-31T18:00+00:00,5904,0,0,230,10,201,10,1.6,10,3.1,10,995.3,10,,,86,10,0.0,10,0,10,46.0,0.0,0.0,10,4.2,5.2,0,10,4.3,7.5,0,10,4.6,10,1.6,10,-1.6,10,1859,10
2008-01-31T19:00+00:00,5904,0,0,190,10,195,10,2.9,10,6.7,10,994.8,10,,,74,10,0.0,10,0,10,46.0,0.0,0.0,10,4.1,5.2,0,10,4.2,7.5,0,10,4.6,10,3.7,10,-1.2,10,1938,10
2008-01-31T20:00+00:00,5904,0,0,169,10,161,10,3.4,10,7.9,10,993.8,10,,,72,10,0.0,10,0,10,46.0,0.0,0.0,10,4.0,5.2,0,10,4.2,7.4,0,10,4.6,10,3.2,10,0.3,10,2058,10
2008-01-31T21:00+00:00,5904,0,0,177,10,192,10,3.2,10,6.7,10,993.3,10,,,75,10,0.0,10,0,10,46.0,0.0,0.0,10,3.9,5.2,0,10,4.1,7.4,0,10,4.6,10,2.5,10,0.1,10,2148,10
2008-01-31T22:00+00:00,5904,0,0,195,10,177,10,2.7,10,6.4,10,992.4,10,,,79,10,0.0,10,0,10,46.0,0.0,0.0,10,3.8,5.2,0,10,4.0,7.4,0,10,4.6,10,1.9,10,-1.4,10,2205,10
2008-01-31T23:00+00:00,5904,0,0,193,10,197,10,2.7,10,5.3,10,991.5,10,,,80,10,0.0,10,0,10,47.0,0.0,0.0,10,3.7,5.2,0,10,3.9,7.4,0,10,4.7,10,2.1,10,-1.4,10,2311,10
2008-02-01T00:00+00:00,5904,0,0,137,10,156,10,0.7,10,2.4,10,990.8,10,,,87,10,0.0,10,0,10,,,0.0,10,3.6,5.2,0,10,3.8,7.4,0,10,4.7,10,0.6,10,-2.7,10,32,10
2008-02-01T01:00+00:00,5904,0,0,73,10,125,10,0.5,10,2.1,10,990.0,10,,,89,10,0.0,10,0,10,,,0.0,10,3.5,5.2,0,10,3.7,7.4,0,10,4.7,10,0.2,10,-3.1,10,111,10
2008-02-01T02:00+00:00,5904,0,0,39,10,30,10,0.6,10,2.1,10,989.4,10,,,92,10,0.0,10,0,10,,,0.0,10,3.4,5.2,0,10,3.6,7.4,0,10,4.6,10,-0.3,10,-3.2,10,226,10
2008-02-01T03:00+00:00,5904,0,0,250,10,264,10,0.8,10,2.4,10,988.5,10,,,93,10,0.0,10,0,10,,,0.0,10,3.2,5.2,0,10,3.5,7.4,0,10,4.7,10,-0.8,10,-3.6,10,321,10
2008-02-01T04:00+00:00,5904,0,0,37,10,5,10,0.9,10,2.3,10,987.8,10,,,94,10,0.0,10,0,10,,,0.0,10,3.1,5.2,0,10,3.4,7.5,0,10,4.7,10,-1.0,10,-4.1,10,414,10
2008-02-01T05:00+00:00,5904,0,0,16,10,35,10,1.3,10,3.1,10,987.8,10,,,94,10,0.0,10,0,10,,,0.0,10,3.0,5.2,0,10,3.3,7.4,0,10,4.6,10,-0.7,10,-3.9,10,539,10
2008-02-01T06:00+00:00,5904,0,0,11,10,350,10,0.6,10,1.6,10,987.8,10,,,95,10,0.0,10,0,10,,,0.0,10,2.9,5.2,0,10,3.2,7.4,0,10,4.6,10,-1.3,10,-4.2,10,608,10
2008-02-01T07:00+00:00,5904,17,0,30,10,91,10,0.4,10,1.7,10,987.7,10,,,95,10,0.0,10,0,10,,,0.0,10,2.8,5.2,0,10,3.1,7.4,0,10,4.6,10,-0.4,10,-4.3,10,751,10
2008-02-01T08:00+00:00,5904,98,0,122,10,124,10,1.1,10,3.5,10,987.2,10,,,93,10,0.0,10,0,10,,,0.4,10,2.8,5.2,0,10,3.1,7.4,0,10,4.6,10,1.3,10,-1.7,10,835,10
2008-02-01T09:00+00:00,5904,79,0,117,10,128,10,2.4,10,5.1,10,987.4,10,,,92,10,0.0,10,0,10,,,0.0,10,2.8,5.2,0,10,3.1,7.4,0,10,4.6,10,1.8,10,1.3,10,959,10
2008-02-01T10:00+00:00,5904,68,0,118,10,128,10,3.6,10,6.6,10,987.1,10,,,91,10,0.0,10,0,10,,,0.0,10,2.8,5.2,0,10,3.1,7.4,0,10,4.6,10,2.1,10,2.0,10,1044,10
2008-02-01T11:00+00:00,5904,67,0,126,10,136,10,4.2,10,8.5,10,985.0,10,,,91,10,0.0,10,0,10,,,0.0,10,2.9,5.2,0,10,3.1,7.4,0,10,4.6,10,2.6,10,2.4,10,1151,10
2008-02-01T12:00+00:00,5904,68,0,136,10,164,10,3.4,10,8.1,10,984.5,10,,,87,10,0.0,10,0,10,,,0.0,10,3.1,5.2,0,10,3.2,7.4,0,10,4.6,10,3.3,10,3.1,10,1212,10
2008-02-01T13:00+00:00,5904,145,0,146,10,152,10,3.2,10,6.8,10,984.0,10,,,82,10,0.0,10,0,10,,,0.0,10,3.2,5.3,0,10,3.3,7.5,0,10,4.5,10,4.5,10,3.7,10,1307,10
2008-02-01T14:00+00:00,5904,92,0,134,10,118,10,2.5,10,5.7,10,984.0,10,,,81,10,0.0,10,0,10,,,0.0,10,3.4,5.3,0,10,3.4,7.4,0,10,4.5,10,4.8,10,4.7,10,1402,10
2008-02-01T15:00+00:00,5904,57,0,123,10,112,10,1.1,10,3.9,10,983.9,10,,,80,10,0.0,10,0,10,,,0.0,10,3.5,5.3,0,10,3.5,7.4,0,10,4.5,10,5.3,10,4.7,10,1518,10
2008-02-01T16:00+00:00,5904,12,0,65,10,79,10,1.5,10,3.0,10,983.5,10,,,85,10,0.0,10,0,10,,,0.0,10,3.5,5.3,0,10,3.5,7.4,0,10,4.5,10,4.7,10,2.9,10,1615,10
2008-02-01T17:00+00:00,5904,0,0,93,10,80,10,1.6,10,3.5,10,983.0,10,,,89,10,0.0,10,0,10,,,0.0,10,3.5,5.3,0,10,3.5,7.4,0,10,4.5,10,3.5,10,-0.3,10,1706,10
2008-02-01T18:00+00:00,5904,0,0,120,10,133,10,1.7,10,4.3,10,982.5,10,,,91,10,0.0,10,0,10,,,0.0,10,3.4,5.3,0,10,3.5,7.4,0,10,4.5,10,3.2,10,-0.5,10,1846,10
2008-02-01T19:00+00:00,5904,0,0,121,10,112,10,2.2,10,3.5,10,981.8,10,,,92,10,0.0,10,0,10,,,0.0,10,3.3,5.3,0,10,3.4,7.4,0,10,4.4,10,2.4,10,-1.5,10,1910,10
2008-02-01T20:00+00:00,5904,0,0,121,10,147,10,1.9,10,4.4,10,981.0,10,,,93,10,0.0,10,0,10,,,0.0,10,3.2,5.3,0,10,3.3,7.4,0,10,4.4,10,2.3,10,-1.1,10,2057,10
2008-02-01T21:00+00:00,5904,0,0,138,10,109,10,1.3,10,3.6,10,980.5,10,,,93,10,0.0,10,0,10,,,0.0,10,3.1,5.3,0,10,3.3,7.4,0,10,4.4,10,2.3,10,-1.0,10,2114,10
2008-02-01T22:00+00:00,5904,0,0,179,10,155,10,1.3,10,4.4,10,979.8,10,,,91,10,0.0,10,0,10,,,0.0,10,3.0,5.3,0,10,3.2,7.4,0,10,4.4,10,2.7,10,0.0,10,2219,10
2008-02-01T23:00+00:00,5904,0,0,167,10,183,10,1.6,10,3.4,10,979.1,10,,,90,10,0.0,10,0,10,,,0.0,10,3.0,5.3,0,10,3.2,7.4,0,10,4.4,10,3.0,10,0.7,10,2309,10
2008-02-02T00:00+00:00,5904,0,0,197,10,155,10,1.1,10,4.1,10,978.5,10,,,89,10,0.0,10,0,10,,,0.0,10,2.9,5.3,0,10,3.1,7.4,0,10,4.4,10,3.0,10,1.2,10,100,10
2008-02-02T01:00+00:00,5904,0,0,290,10,306,10,1.6,10,3.2,10,978.8,10,,,89,10,0.0,10,0,10,,,0.0,10,2.9,5.3,0,10,3.1,7.4,0,10,4.4,10,2.7,10,0.8,10,123,10
2008-02-02T02:00+00:00,5904,0,0,5,10,25,10,2.2,10,4.3,10,978.6,10,,,87,10,0.0,10,0,10,,,0.0,10,2.9,5.3,0,10,3.1,7.4,0,10,4.4,10,3.1,10,0.6,10,254,10
2008-02-02T03:00+00:00,5904,0,0,10,10,18,10,2.7,10,7.5,10,979.2,10,,,86,10,0.0,10,0,10,,,0.0,10,2.9,5.3,0,10,3.1,7.4,0,10,4.4,10,3.8,10,1.3,10,334,10
2008-02-02T04:00+00:00,5904,0,0,345,10,14,10,2.9,10,5.7,10,980.6,10,,,86,10,0.0,10,0,10,,,0.0,10,2.9,5.3,0,10,3.1,7.4,0,10,4.3,10,3.4,10,1.8,10,409,10
2008-02-02T05:00+00:00,5904,0,0,281,10,282,10,2.5,10,6.4,10,981.6,10,,,87,10,0.0,10,0,10,,,0.0,10,2.9,5.3,0,10,3.1,7.4,0,10,4.3,10,2.5,10,0.8,10,553,10
2008-02-02T06:00+00:00,5904,0,0,280,10,276,10,2.7,10,6.9,10,982.9,10,,,88,10,0.0,10,0,10,,,0.0,10,2.9,5.3,0,10,3.0,7.4,0,10,4.3,10,2.5,10,0.6,10,700,10
2008-02-02T07:00+00:00,5904,0,0,274,10,272,10,3.9,10,11.7,10,984.1,10,,,75,10,0.0,10,0,10,,,0.0,10,2.9,5.3,0,10,3.1,7.4,0,10,4.3,10,5.1,10,1.6,10,756,10
2008-02-02T08:00+00:00,5904,7,0,270,10,265,10,6.8,10,12.5,10,984.8,10,,,75,10,0.0,10,3,10,,,0.0,10,3.0,5.3,0,10,3.1,7.4,0,10,4.3,10,5.4,10,3.9,10,826,10
2008-02-02T09:00+00:00,5904,18,0,269,10,268,10,5.7,10,11.7,10,986.0,10,,,71,10,0.0,10,10,10,,,0.0,10,3.0,5.3,0,10,3.1,7.4,0,10,4.3,10,6.1,10,4.3,10,957,10
2008-02-02T10:00+00:00,5904,30,0,264,10,254,10,7.2,10,13.1,10,987.8,10,,,84,10,0.1,10,56,10,,,0.0,10,3.1,5.3,0,10,3.2,7.4,0,10,4.3,10,4.2,10,3.6,10,1042,10
2008-02-02T11:00+00:00,5904,49,0,271,10,262,10,5.7,10,12.4,10,988.5,10,,,87,10,0.4,10,60,10,,,0.0,10,3.2,5.3,0,10,3.2,7.4,0,10,4.3,10,3.8,10,3.2,10,1116,10
2008-02-02T12:00+00:00,5904,80,0,266,10,255,10,4.8,10,10.6,10,988.8,10,,,77,10,0.0,10,3,10,,,0.0,10,3.2,5.3,0,10,3.3,7.4,0,10,4.3,10,4.6,10,3.4,10,1237,10
2008-02-02T13:00+00:00,5904,105,0,268,10,269,10,5.5,10,11.9,10,989.3,10,,,74,10,0.0,10,0,10,,,0.0,10,3.4,,0,10,3.4,,0,10,4.3,10,5.1,10,4.1,10,1326,10
2008-02-02T14:00+00:00,5904,63,0,269,10,281,10,5.1,10,10.6,10,990.1,10,,,69,10,0.0,10,0,10,,,0.0,10,3.4,5.3,0,10,3.4,7.4,0,10,4.2,10,5.3,10,4.0,10,1413,10
2008-02-02T15:00+00:00,5904,27,0,273,10,282,10,4.8,10,12.4,10,991.1,10,,,69,10,0.0,10,0,10,,,0.0,10,3.5,5.3,0,10,3.5,7.4,0,10,4.2,10,5.4,10,3.8,10,1503,10
2008-02-02T16:00+00:00,5904,8,0,276,10,290,10,4.5,10,9.7,10,992.3,10,,,66,10,0.0,10,0,10,,,0.0,10,3.5,5.3,0,10,3.5,7.4,0,10,4.2,10,5.2,10,3.6,10,1653,10
2008-02-02T17:00+00:00,5904,0,0,279,10,279,10,6.2,10,12.5,10,993.7,10,,,64,10,0.0,10,0,10,,,0.0,10,3.5,5.3,0,10,3.5,7.4,0,10,4.2,10,5.3,10,3.6,10,1723,10
2008-02-02T18:00+00:00,5904,0,0,282,10,280,10,5.0,10,11.9,10,994.9,10,,,62,10,0.0,10,0,10,,,0.0,10,3.4,5.3,0,10,3.5,7.4,0,10,4.2,10,5.2,10,3.6,10,1811,10
2008-02-02T19:00+00:00,5904,0,0,284,10,319,10,4.0,10,9.4,10,996.3,10,,,60,10,0.0,10,0,10,,,0.0,10,3.4,5.3,0,10,3.5,7.4,0,10,4.2,10,5.0,10,3.5,10,1904,10
2008-02-02T20:00+00:00,5904,0,0,288,10,299,10,5.1,10,10.5,10,997.4,10,,,58,10,0.0,10,0,10,,,0.0,10,3.4,5.3,0,10,3.4,7.4,0,10,4.2,10,4.7,10,3.4,10,2038,10
2008-02-02T21:00+00:00,5904,0,0,286,10,297,10,4.8,10,9.8,10,998.3,10,,,61,10,0.0,10,0,10,,,0.0,10,3.3,5.3,0,10,3.4,7.4,0,10,4.2,10,3.9,10,1.7,10,2120,10
2008-02-02T22:00+00:00,5904,0,0,280,10,289,10,4.0,10,8.2,10,999.3,10,,,65,10,0.0,10,0,10,,,0.0,10,3.2,5.3,0,10,3.3,7.4,0,10,4.2,10,3.0,10,-1.4,10,2206,10
2008-02-02T23:00+00:00,5904,0,0,272,10,270,10,3.6,10,7.4,10,1000.2,10,,,70,10,0.0,10,0,10,,,0.0,10,3.1,5.3,0,10,3.3,7.4,0,10,4.2,10,2.1,10,-2.6,10,2303,10
2008-02-03T00:00+00:00,5904,0,0,280,10,281,10,3.9,10,6.7,10,1000.4,10,,,70,10,0.0,10,0,10,,,0.0,10,3.0,5.3,0,10,3.2,7.4,0,10,4.2,10,2.1,10,-2.6,10,44,10
2008-02-03T01:00+00:00,5904,0,0,288,10,285,10,4.1,10,7.4,10,1000.7,10,,,69,10,0.0,10,0,10,,,0.0,10,2.9,5.2,0,10,3.1,7.4,0,10,4.2,10,2.2,10,-2.5,10,124,10
2008-02-03T02:00+00:00,5904,0,0,286,10,291,10,3.1,10,6.2,10,1001.1,10,,,73,10,0.0,10,0,10,,,0.0,10,2.8,5.2,0,10,3.0,7.4,0,10,4.2,10,1.0,10,-3.8,10,202,10
2008-02-03T03:00+00:00,5904,0,0,273,10,294,10,2.4,10,3.5,10,1001.3,10,,,80,10,0.0,10,0,10,,,0.0,10,2.6,5.2,0,10,2.9,7.4,0,10,4.2,10,-0.2,10,-4.2,10,303,10
2008-02-03T04:00+00:00,5904,0,0,284,10,269,10,1.4,10,2.9,10,1001.6,10,,,83,10,0.0,10,0,10,,,0.0,10,2.5,5.2,0,10,2.8,7.4,0,10,4.2,10,-0.6,10,-4.4,10,500,10
2008-02-03T05:00+00:00,5904,0,0,237,10,324,10,0.4,10,1.9,10,1001.9,10,,,87,10,0.0,10,0,10,,,0.0,10,2.4,5.2,0,10,2.7,7.4,0,10,4.2,10,-1.0,10,-4.7,10,524,10
2008-02-03T06:00+00:00,5904,0,0,232,10,246,10,0.7,10,1.9,10,1002.0,10,,,87,10,0.0,10,0,10,,,0.0,10,2.3,5.2,0,10,2.6,7.4,0,10,4.2,10,-1.1,10,-4.5,10,619,10
2008-02-03T07:00+00:00,5904,14,0,231,10,249,10,1.5,10,3.0,10,1002.0,10,,,87,10,0.0,10,0,10,,,0.5,10,2.2,5.2,0,10,2.5,7.4,0,10,4.2,10,-0.8,10,-4.3,10,758,10
2008-02-03T08:00+00:00,5904,113,0,235,10,263,10,0.8,10,2.8,10,1001.9,10,,,76,10,0.0,10,0,10,,,1.0,10,2.1,5.2,0,10,2.5,7.4,0,10,4.2,10,2.5,10,-1.8,10,814,10
2008-02-03T09:00+00:00,5904,242,0,120,10,126,10,2.4,10,7.2,10,1001.5,10,,,63,10,0.0,10,0,10,,,1.0,10,2.2,5.2,0,10,2.5,7.4,0,10,4.2,10,3.6,10,4.7,10,958,10
2008-02-03T10:00+00:00,5904,332,0,135,10,134,10,4.3,10,11.8,10,1001.0,10,,,58,10,0.0,10,0,10,,,1.0,10,2.3,5.2,0,10,2.5,7.4,0,10,4.1,10,5.3,10,4.7,10,1040,10
2008-02-03T11:00+00:00,5904,385,0,141,10,145,10,5.9,10,12.4,10,1000.0,10,,,59,10,0.0,10,0,10,,,1.0,10,2.6,5.2,0,10,2.7,7.4,0,10,4.1,10,5.6,10,7.4,10,1154,10
2008-02-03T12:00+00:00,5904,394,0,141,10,143,10,6.4,10,14.0,10,999.0,10,,,56,10,0.0,10,0,10,,,1.0,10,2.9,5.2,0,10,2.9,7.4,0,10,4.1,10,6.3,10,8.0,10,1227,10
2008-02-03T13:00+00:00,5904,347,0,143,10,158,10,6.5,10,14.9,10,998.0,10,,,57,10,0.0,10,0,10,,,1.0,10,3.2,5.2,0,10,3.1,7.4,0,10,4.1,10,6.6,10,9.3,10,1351,10
2008-02-03T14:00+00:00,5904,255,0,153,10,164,10,7.2,10,15.5,10,997.7,10,,,57,10,0.0,10,0,10,,,1.0,10,3.4,5.2,0,10,3.3,7.4,0,10,4.1,10,6.3,10,5.8,10,1437,10
2008-02-03T15:00+00:00,5904,121,0,149,10,141,10,7.3,10,15.7,10,997.1,10,,,59,10,0.0,10,0,10,,,1.0,10,3.4,5.2,0,10,3.3,7.4,0,10,4.1,10,5.6,10,4.6,10,1518,10
2008-02-03T16:00+00:00,5904,18,0,152,10,158,10,6.8,10,14.5,10,997.0,10,,,62,10,0.0,10,0,10,,,0.7,10,3.4,5.2,0,10,3.4,7.4,0,10,4.1,10,5.0,10,3.8,10,1614,10
2008-02-03T17:00+00:00,5904,0,0,148,10,158,10,5.8,10,13.1,10,996.9,10,,,65,10,0.0,10,0,10,,,0.0,10,3.3,5.2,0,10,3.3,7.4,0,10,4.1,10,4.4,10,3.0,10,1751,10
2008-02-03T18:00+00:00,5904,0,0,151,10,150,10,5.0,10,11.9,10,996.5,10,,,70,10,0.0,10,0,10,,,0.0,10,3.2,5.2,0,10,3.3,7.4,0,10,4.0,10,4.0,10,2.4,10,1827,10
2008-02-03T19:00+00:00,5904,0,0,148,10,155,10,5.7,10,12.8,10,996.2,10,,,71,10,0.0,10,0,10,,,0.0,10,3.2,5.2,0,10,3.3,7.4,0,10,4.0,10,3.9,10,2.2,10,1917,10
2008-02-03T20:00+00:00,5904,0,0,147,10,151,10,6.5,10,12.7,10,995.8,10,,,73,10,0.0,10,0,10,,,0.0,10,3.1,5.2,0,10,3.2,7.4,0,10,4.0,10,3.7,10,2.3,10,2003,10
2008-02-03T21:00+00:00,5904,0,0,148,10,138,10,6.6,10,13.2,10,995.3,10,,,73,10,0.0,10,0,10,,,0.0,10,3.0,5.2,0,10,3.2,7.4,0,10,4.0,10,3.6,10,2.1,10,2124,10
2008-02-03T22:00+00:00,5904,0,0,150,10,154,10,6.0,10,13.2,10,994.6,10,,,75,10,0.0,10,0,10,,,0.0,10,3.0,,0,10,3.1,,0,10,4.0,10,3.4,10,1.9,10,2227,10
2008-02-03T23:00+00:00,5904,0,0,160,10,167,10,5.2,10,10.9,10,994.3,10,,,77,10,0.0,10,0,10,,,0.0,10,2.9,5.2,0,10,3.1,7.4,0,10,4.0,10,3.6,10,1.9,10,2323,10
2008-02-04T00:00+00:00,5904,0,0,163,10,163,10,4.9,10,10.6,10,993.7,10,,,79,10,0.0,10,0,10,,,0.0,10,2.9,5.2,0,10,3.0,7.4,0,10,4.0,10,3.5,10,2.0,10,20,10
2008-02-04T01:00+00:00,5904,0,0,161,10,161,10,5.1,10,10.3,10,993.3,10,,,81,10,0.0,10,0,10,,,0.0,10,2.9,5.2,0,10,3.0,7.4,0,10,4.0,10,3.5,10,2.0,10,135,10
2008-02-04T02:00+00:00,5904,0,0,160,10,160,10,4.6,10,11.0,10,992.7,10,,,81,10,0.0,10,0,10,,,0.0,10,2.8,5.2,0,10,3.0,7.4,0,10,4.0,10,3.9,10,1.9,10,240,10
2008-02-04T03:00+00:00,5904,0,0,165,10,154,10,4.0,10,10.4,10,991.8,10,,,82,10,0.0,10,0,10,,,0.0,10,2.8,5.2,0,10,2.9,7.4,0,10,4.0,10,3.8,10,2.1,10,355,10
2008-02-04T04:00+00:00,5904,0,0,163,10,152,10,3.8,10,10.3,10,991.3,10,,,83,10,0.0,10,0,10,,,0.0,10,2.8,5.2,0,10,2.9,7.4,0,10,4.0,10,3.8,10,2.1,10,449,10
2008-02-04T05:00+00:00,5904,0,0,147,10,153,10,3.9,10,9.3,10,991.1,10,,,83,10,0.0,10,0,10,,,0.0,10,2.8,5.2,0,10,2.9,7.4,0,10,4.0,10,3.9,10,2.2,10,510,10
2008-02-04T06:00+00:00,5904,0,0,164,10,184,10,4.0,10,10.9,10,991.1,10,,,81,10,0.0,10,0,10,,,0.0,10,2.8,5.2,0,10,2.9,7.4,0,10,4.0,10,4.9,10,2.5,10,653,10
2008-02-04T07:00+00:00,5904,2,0,163,10,174,10,6.0,10,13.9,10,990.9,10,,,81,10,0.0,10,0,10,,,0.0,10,2.8,5.2,0,10,2.9,7.4,0,10,4.0,10,4.5,10,3.8,10,740,10
2008-02-04T08:00+00:00,5904,17,0,160,10,166,10,6.6,10,15.1,10,990.5,10,,,82,10,0.0,10,0,10,,,0.0,10,2.9,5.2,0,10,3.0,7.4,0,10,4.0,10,4.5,10,3.9,10,801,10
2008-02-04T09:00+00:00,5904,46,0,157,10,149,10,4.4,10,12.8,10,990.8,10,,,83,10,0.0,10,0,10,,,0.0,10,2.9,5.2,0,10,3.0,7.4,0,10,4.0,10,5.0,10,4.1,10,904,10
2008-02-04T10:00+00:00,5904,69,0,141,10,155,10,3.9,10,9.6,10,990.1,10,,,82,10,0.0,10,0,10,,,0.0,10,3.0,5.2,0,10,3.1,7.4,0,10,4.0,10,5.7,10,5.0,10,1034,10
2008-02-04T11:00+00:00,5904,273,0,139,10,152,10,5.1,10,12.3,10,988.9,10,,,77,10,0.0,10,0,10,,,0.4,10,3.2,5.2,0,10,3.2,7.4,0,10,4.0,10,7.4,10,6.4,10,1140,10
2008-02-04T12:00+00:00,5904,231,0,135,10,148,10,6.0,10,13.2,10,987.6,10,,,75,10,0.0,10,0,10,,,0.4,10,3.5,5.2,0,10,3.4,7.4,0,10,4.0,10,8.2,10,7.6,10,1253,10
2008-02-04T13:00+00:00,5904,246,0,145,10,166,10,5.8,10,12.6,10,986.5,10,,,73,10,0.0,10,0,10,,,0.9,10,3.8,5.2,0,10,3.6,7.4,0,10,4.0,10,9.0,10,9.4,10,1336,10
2008-02-04T14:00+00:00,5904,172,0,153,10,171,10,6.2,10,13.2,10,986.2,10,,,72,10,0.0,10,0,10,,,0.8,10,4.0,5.2,0,10,3.7,7.4,0,10,4.0,10,8.9,10,8.6,10,1445,10
2008-02-04T15:00+00:00,5904,90,0,158,10,158,10,6.0,10,16.3,10,985.9,10,,,71,10,0.0,10,0,10,,,0.1,10,4.1,5.2,0,10,3.9,7.4,0,10,4.0,10,8.7,10,8.0,10,1518,10
2008-02-04T16:00+00:00,5904,28,0,166,10,150,10,4.8,10,11.9,10,985.7,10,,,72,10,0.0,10,0,10,,,0.0,10,4.1,5.2,0,10,3.9,7.4,0,10,4.0,10,8.5,10,6.8,10,1645,10
2008-02-04T17:00+00:00,5904,0,0,169,10,176,10,3.1,10,7.9,10,985.8,10,,,71,10,0.0,10,0,10,,,0.0,10,4.1,5.2,0,10,3.9,7.4,0,10,4.0,10,8.5,10,6.1,10,1717,10
2008-02-04T18:00+00:00,5904,0,0,183,10,179,10,2.2,10,6.5,10,986.1,10,,,74,10,0.0,10,0,10,,,0.0,10,4.0,5.1,0,10,3.9,7.4,0,10,4.0,10,7.3,10,3.6,10,1824,10
2008-02-04T19:00+00:00,5904,0,0,154,10,160,10,1.8,10,3.7,10,986.4,10,,,78,10,0.0,10,0,10,,,0.0,10,3.9,5.1,0,10,3.9,7.4,0,10,4.0,10,6.6,10,2.8,10,1933,10
2008-02-04T20:00+00:00,5904,0,0,255,10,268,10,1.1,10,2.7,10,986.8,10,,,84,10,0.0,10,0,10,,,0.0,10,3.8,5.1,0,10,3.8,7.4,0,10,4.0,10,5.0,10,1.9,10,2059,10
2008-02-04T21:00+00:00,5904,0,0,272,10,264,10,2.0,10,3.0,10,987.5,10,,,86,10,0.0,10,0,10,,,0.0,10,3.7,5.1,0,10,3.7,7.4,0,10,4.0,10,4.7,10,2.0,10,2101,10
2008-02-04T22:00+00:00,5904,0,0,355,10,40,10,0.9,10,3.4,10,988.4,10,,,86,10,0.0,10,0,10,,,0.0,10,3.6,5.1,0,10,3.7,7.4,0,10,4.0,10,4.4,10,0.5,10,2249,10
2008-02-04T23:00+00:00,5904,0,0,338,10,16,10,0.9,10,3.0,10,989.4,10,,,87,10,0.0,10,0,10,,,0.0,10,3.5,5.1,0,10,3.6,7.4,0,10,4.0,10,3.8,10,0.8,10,2314,10
2008-02-05T00:00+00:00,5904,0,0,357,10,40,10,0.8,10,4.6,10,990.1,10,,,82,10,0.0,10,0,10,,,0.0,10,3.5,5.1,0,10,3.6,7.4,0,10,4.0,10,5.6,10,1.0,10,46,10
2008-02-05T01:00+00:00,5904,0,0,242,10,242,10,1.2,10,5.0,10,991.1,10,,,77,10,0.0,10,0,10,,,0.0,10,3.4,5.1,0,10,3.5,7.4,0,10,4.0,10,5.6,10,1.3,10,138,10
2008-02-05T02:00+00:00,5904,0,0,269,10,255,10,2.8,10,9.1,10,991.9,10,,,71,10,0.0,10,0,10,,,0.0,10,3.3,5.1,0,10,3.5,7.4,0,10,4.0,10,6.0,10,2.1,10,211,10
2008-02-05T03:00+00:00,5904,0,0,267,10,275,10,2.9,10,7.3,10,992.5,10,,,71,10,0.0,10,0,10,,,0.0,10,3.3,5.1,0,10,3.4,7.4,0,10,4.0,10,5.6,10,1.6,10,355,10
2008-02-05T04:00+00:00,5904,0,0,252,10,248,10,2.5,10,5.8,10,993.6,10,,,75,10,0.0,10,0,10,,,0.0,10,3.2,5.1,0,10,3.3,7.4,0,10,4.0,10,5.0,10,0.2,10,453,10
2008-02-05T05:00+00:00,5904,0,0,268,10,285,10,3.0,10,7.1,10,994.3,10,,,80,10,0.0,10,0,10,,,0.0,10,3.1,5.1,0,10,3.3,7.4,0,10,4.0,10,4.0,10,0.8,10,513,10
2008-02-05T06:00+00:00,5904,0,0,263,10,304,10,2.4,10,7.4,10,995.4,10,,,81,10,0.0,10,0,10,,,0.0,10,3.1,5.1,0,10,3.2,7.4,0,10,4.0,10,4.8,10,0.2,10,629,10
2008-02-05T07:00+00:00,5904,11,0,260,10,300,10,2.7,10,5.2,10,996.5,10,,,83,10,0.0,10,0,10,,,0.0,10,3.0,5.1,0,10,3.2,7.4,0,10,4.0,10,4.7,10,1.6,10,708,10
2008-02-05T08:00+00:00,5904,48,0,264,10,256,10,2.9,10,6.5,10,997.1,10,,,80,10,0.0,10,0,10,,,0.0,10,3.1,5.1,0,10,3.2,7.4,0,10,4.0,10,5.7,10,2.2,10,855,10
2008-02-05T09:00+00:00,5904,141,0,280,10,266,10,2.4,10,6.5,10,997.5,10,,,73,10,0.0,10,0,10,,,0.3,10,3.2,5.1,0,10,3.3,7.4,0,10,4.0,10,7.2,10,5.5,10,915,10
2008-02-05T10:00+00:00,5904,132,0,276,10,283,10,2.8,10,6.1,10,998.1,10,,,72,10,0.0,10,0,10,,,0.0,10,3.4,5.1,0,10,3.4,7.4,0,10,4.0,10,7.4,10,8.1,10,1028,10
2008-02-05T11:00+00:00,5904,193,0,273,10,253,10,2.4,10,5.4,10,997.7,10,,,70,10,0.0,10,0,10,,,0.1,10,3.7,5.1,0,10,3.6,7.4,0,10,4.0,10,8.0,10,8.7,10,1137,10
2008-02-05T12:00+00:00,5904,233,0,260,10,276,10,1.3,10,5.2,10,997.5,10,,,66,10,0.0,10,0,10,,,0.2,10,4.0,5.1,0,10,3.8,7.4,0,10,4.0,10,8.9,10,10.0,10,1258,10
2008-02-05T13:00+00:00,5904,207,0,280,10,262,10,3.2,10,6.7,10,997.5,10,,,67,10,0.0,10,0,10,,,0.2,10,4.2,5.1,0,10,4.0,7.4,0,10,4.0,10,8.6,10,10.0,10,1353,10
2008-02-05T14:00+00:00,5904,198,0,282,10,276,10,2.7,10,6.4,10,997.5,10,,,65,10,0.0,10,0,10,,,0.4,10,4.5,5.1,0,10,4.2,7.4,0,10,4.0,10,8.9,10,9.5,10,1412,10
2008-02-05T15:00+00:00,5904,112,0,277,10,289,10,2.6,10,6.2,10,997.4,10,,,67,10,0.0,10,0,10,,,0.9,10,4.5,5.1,0,10,4.3,7.4,0,10,4.0,10,8.2,10,6.0,10,1504,10
2008-02-05T16:00+00:00,5904,15,0,285,10,259,10,2.4,10,5.3,10,997.8,10,,,70,10,0.0,10,0,10,,,0.1,10,4.4,5.1,0,10,4.3,7.4,0,10,4.0,10,6.7,10,2.3,10,1607,10
2008-02-05T17:00+00:00,5904,0,0,278,10,279,10,1.2,10,2.5,10,998.2,10,,,76,10,0.0,10,0,10,,,0.0,10,4.3,5.1,0,10,4.2,7.4,0,10,4.0,10,5.6,10,1.4,10,1800,10
2008-02-05T18:00+00:00,5904,0,0,246,10,292,10,1.3,10,3.1,10,998.5,10,,,81,10,0.0,10,0,10,,,0.0,10,4.1,5.1,0,10,4.1,7.4,0,10,4.0,10,4.5,10,0.0,10,1812,10
2008-02-05T19:00+00:00,5904,0,0,256,10,272,10,2.3,10,3.4,10,998.4,10,,,83,10,0.0,10,0,10,,,0.0,10,3.9,5.1,0,10,4.0,7.4,0,10,4.0,10,3.9,10,-0.5,10,1934,10
2008-02-05T20:00+00:00,5904,0,0,252,10,258,10,2.9,10,3.9,10,998.4,10,,,86,10,0.0,10,0,10,,,0.0,10,3.8,5.1,0,10,3.9,7.4,0,10,4.1,10,3.6,10,-0.1,10,2058,10
2008-02-05T21:00+00:00,5904,0,0,250,10,231,10,3.0,10,4.3,10,998.2,10,,,85,10,0.0,10,0,10,,,0.0,10,3.6,5.1,0,10,3.8,7.4,0,10,4.1,10,3.8,10,0.2,10,2148,10
2008-02-05T22:00+00:00,5904,0,0,257,10,251,10,2.6,10,3.6,10,998.1,10,,,87,10,0.0,10,0,10,,,0.0,10,3.5,5.1,0,10,3.7,7.4,0,10,4.1,10,3.1,10,-0.2,10,2258,10
2008-02-05T23:00+00:00,5904,0,0,210,10,248,10,1.4,10,3.7,10,997.5,10,,,86,10,0.0,10,0,10,,,0.0,10,3.5,5.1,0,10,3.6,7.4,0,10,4.1,10,4.2,10,0.0,10,2320,10
2008-02-06T00:00+00:00,5904,0,0,239,10,225,10,1.7,10,3.3,10,997.2,10,,,85,10,0.0,10,1,10,,,0.0,10,3.5,5.1,0,10,3.6,7.4,0,10,4.1,10,4.2,10,1.7,10,51,10
2008-02-06T01:00+00:00,5904,0,0,220,10,233,10,2.0,10,3.1,10,996.6,10,,,83,10,0.0,10,0,10,,,0.0,10,3.5,5.1,0,10,3.6,7.4,0,10,4.1,10,4.5,10,2.6,10,102,10
2008-02-06T02:00+00:00,5904,0,0,225,10,207,10,1.6,10,3.0,10,996.3,10,,,85,10,0.0,10,0,10,,,0.0,10,3.5,5.1,0,10,3.6,7.4,0,10,4.1,10,4.2,10,2.0,10,216,10
2008-02-06T03:00+00:00,5904,0,0,69,10,82,10,0.6,10,3.1,10,996.1,10,,,86,10,0.0,10,0,10,,,0.0,10,3.4,5.1,0,10,3.5,7.4,0,10,4.1,10,3.7,10,0.7,10,341,10
2008-02-06T04:00+00:00,5904,0,0,348,10,256,10,0.2,10,2.7,10,995.9,10,,,88,10,0.0,10,0,10,,,0.0,10,3.4,5.1,0,10,3.5,7.4,0,10,4.1,10,3.1,10,0.7,10,445,10
2008-02-06T05:00+00:00,5904,0,0,236,10,267,10,1.8,10,3.6,10,995.8,10,,,88,10,0.0,10,0,10,,,0.0,10,3.3,5.1,0,10,3.5,7.4,0,10,4.1,10,3.4,10,1.0,10,529,10
2008-02-06T06:00+00:00,5904,0,0,220,10,240,10,1.9,10,4.0,10,996.0,10,,,89,10,0.0,10,0,10,,,0.0,10,3.3,5.1,0,10,3.4,7.4,0,10,4.1,10,2.9,10,0.0,10,609,10
2008-02-06T07:00+00:00,5904,8,0,223,10,299,10,1.0,10,2.8,10,996.2,10,,,86,10,0.0,10,0,10,,,0.0,10,3.2,5.1,0,10,3.4,7.4,0,10,4.1,10,3.8,10,0.9,10,741,10
2008-02-06T08:00+00:00,5904,27,0,236,10,267,10,1.3,10,3.2,10,996.1,10,,,85,10,0.0,10,30,10,,,0.0,10,3.3,5.1,0,10,3.4,7.4,0,10,4.1,10,4.7,10,3.2,10,827,10
2008-02-06T09:00+00:00,5904,26,0,217,10,250,10,1.2,10,5.5,10,996.4,10,,,83,10,0.0,10,34,10,,,0.0,10,3.4,5.1,0,10,3.4,7.4,0,10,4.1,10,5.3,10,4.4,10,914,10
2008-02-06T10:00+00:00,5904,46,0,223,10,300,10,0.7,10,11.9,10,996.0,10,,,73,10,0.0,10,0,10,,,0.0,10,3.4,5.1,0,10,3.5,7.4,0,10,4.1,10,7.7,10,4.7,10,1054,10
2008-02-06T11:00+00:00,5904,72,0,266,10,271,10,4.7,10,11.2,10,995.4,10,,,56,10,0.0,10,0,10,,,0.0,10,3.6,5.1,0,10,3.6,7.4,0,10,4.1,10,11.8,10,6.7,10,1107,10
2008-02-06T12:00+00:00,5904,114,0,266,10,240,10,6.4,10,16.3,10,994.9,10,,,51,10,0.0,10,0,10,,,0.0,10,3.8,5.1,0,10,3.8,7.4,0,10,4.1,10,13.5,10,11.3,10,1249,10
2008-02-06T13:00+00:00,5904,177,0,256,10,270,10,7.1,10,17.7,10,994.4,10,,,50,10,0.0,10,2,10,,,0.1,10,4.1,5.1,0,10,3.9,7.4,0,10,4.1,10,13.7,10,13.2,10,1323,10
2008-02-06T14:00+00:00,5904,226,0,252,10,252,10,6.6,10,14.1,10,994.4,10,,,51,10,0.0,10,0,10,,,0.7,10,4.4,5.1,0,10,4.1,7.4,0,10,4.1,10,13.7,10,12.7,10,1439,10
2008-02-06T15:00+00:00,5904,72,0,281,10,292,10,5.7,10,14.9,10,995.4,10,,,84,10,1.0,10,20,10,,,0.4,10,4.5,5.1,0,10,4.3,7.4,0,10,4.1,10,9.7,10,7.9,10,1533,10
2008-02-06T16:00+00:00,5904,31,0,272,10,288,10,1.6,10,5.3,10,995.8,10,,,82,10,0.0,10,0,10,,,0.7,10,4.5,5.1,0,10,4.3,7.4,0,10,4.1,10,8.8,10,4.3,10,1700,10
2008-02-06T17:00+00:00,5904,0,0,268,10,282,10,3.5,10,7.4,10,996.7,10,,,83,10,0.0,10,0,10,,,0.0,10,4.4,5.1,0,10,4.3,7.4,0,10,4.1,10,7.7,10,2.3,10,1713,10
2008-02-06T18:00+00:00,5904,0,0,271,10,313,10,4.6,10,11.3,10,997.1,10,,,71,10,0.0,10,0,10,,,0.0,10,4.4,5.1,0,10,4.3,7.4,0,10,4.1,10,9.0,10,3.5,10,1839,10
2008-02-06T19:00+00:00,5904,0,0,268,10,263,10,6.0,10,13.8,10,997.0,10,,,71,10,0.0,10,0,10,,,0.0,10,4.3,5.1,0,10,4.3,7.4,0,10,4.1,10,8.7,10,5.4,10,1954,10
2008-02-06T20:00+00:00,5904,0,0,274,10,268,10,6.1,10,12.6,10,997.6,10,,,67,10,0.0,10,0,10,,,0.0,10,4.3,5.1,0,10,4.2,7.4,0,10,4.1,10,9.2,10,5.5,10,2006,10
2008-02-06T21:00+00:00,5904,0,0,273,10,284,10,5.4,10,10.1,10,997.7,10,,,70,10,0.0,10,10,10,,,0.0,10,4.2,5.1,0,10,4.2,7.4,0,10,4.1,10,8.5,10,4.9,10,2143,10
2008-02-06T22:00+00:00,5904,0,0,276,10,284,10,6.0,10,12.2,10,998.1,10,,,71,10,0.0,10,0,10,,,0.0,10,4.2,5.1,0,10,4.2,7.4,0,10,4.2,10,7.9,10,4.7,10,2222,10
2008-02-06T23:00+00:00,5904,0,0,275,10,278,10,7.5,10,14.9,10,998.5,10,,,76,10,0.0,10,0,10,,,0.0,10,4.2,5.1,0,10,4.2,7.4,0,10,4.2,10,7.7,10,4.8,10,2341,10
2008-02-07T00:00+00:00,5904,0,0,276,10,297,10,7.8,10,15.0,10,999.0,10,,,76,10,0.0,10,6,10,,,0.0,10,4.1,5.1,0,10,4.1,7.4,0,10,4.2,10,7.7,10,5.1,10,20,10
2008-02-07T01:00+00:00,5904,0,0,277,10,283,10,7.1,10,12.7,10,999.7,10,,,78,10,0.0,10,35,10,,,0.0,10,4.1,5.1,0,10,4.1,7.4,0,10,4.2,10,7.6,10,5.8,10,129,10
2008-02-07T02:00+00:00,5904,0,0,300,10,298,10,7.5,10,18.0,10,1001.3,10,,,79,10,0.9,10,47,10,,,0.0,10,4.1,5.1,0,10,4.1,7.4,0,10,4.2,10,6.2,10,4.7,10,241,10
2008-02-07T03:00+00:00,5904,0,0,318,10,338,10,6.9,10,18.1,10,1001.9,10,,,72,10,0.0,10,16,10,,,0.0,10,4.1,5.1,0,10,4.1,7.4,0,10,4.2,10,6.1,10,3.7,10,304,10
2008-02-07T04:00+00:00,5904,0,0,305,10,333,10,5.9,10,13.5,10,1003.0,10,,,72,10,0.0,10,0,10,,,0.0,10,4.1,5.1,0,10,4.1,7.4,0,10,4.2,10,5.6,10,3.1,10,433,10
2008-02-07T05:00+00:00,5904,0,0,303,10,289,10,6.9,10,14.4,10,1003.7,10,,,73,10,0.0,10,0,10,,,0.0,10,4.0,5.1,0,10,4.1,7.4,0,10,4.2,10,5.5,10,3.0,10,525,10
2008-02-07T06:00+00:00,5904,0,0,301,10,306,10,6.7,10,14.0,10,1004.8,10,,,74,10,0.0,10,0,10,,,0.0,10,4.0,5.1,0,10,4.0,7.4,0,10,4.2,10,5.5,10,3.0,10,620,10
2008-02-07T07:00+00:00,5904,24,0,307,10,296,10,6.9,10,15.6,10,1006.2,10,,,69,10,0.0,10,0,10,,,0.3,10,3.9,5.1,0,10,4.0,7.4,0,10,4.2,10,5.0,10,3.2,10,707,10
2008-02-07T08:00+00:00,5904,126,0,303,10,301,10,6.2,10,12.4,10,1006.7,10,,,64,10,0.0,10,0,10,,,1.0,10,3.9,5.1,0,10,4.0,7.4,0,10,4.3,10,5.6,10,3.5,10,848,10
2008-02-07T09:00+00:00,5904,232,0,305,10,307,10,6.5,10,15.2,10,1007.2,10,,,64,10,0.0,10,0,10,,,1.0,10,4.0,5.1,0,10,4.0,7.4,0,10,4.3,10,6.1,10,6.1,10,943,10
2008-02-07T10:00+00:00,5904,336,0,308,10,285,10,7.0,10,15.0,10,1007.6,10,,,57,10,0.0,10,0,10,,,0.9,10,4.1,5.1,0,10,4.1,7.4,0,10,4.3,10,6.4,10,6.0,10,1055,10
2008-02-07T11:00+00:00,5904,273,0,309,10,303,10,7.2,10,14.8,10,1007.9,10,,,56,10,0.0,10,0,10,,,0.3,10,4.3,5.1,0,10,4.3,7.4,0,10,4.3,10,6.2,10,7.4,10,1103,10
2008-02-07T12:00+00:00,5904,207,0,307,10,299,10,6.3,10,15.6,10,1008.0,10,,,54,10,0.0,10,0,10,,,0.1,10,4.5,5.1,0,10,4.4,7.4,0,10,4.3,10,6.0,10,7.0,10,1232,10
2008-02-07T13:00+00:00,5904,299,0,320,10,302,10,6.3,10,13.7,10,1008.0,10,,,48,10,0.0,10,0,10,,,0.6,10,4.7,5.1,0,10,4.5,7.4,0,10,4.3,10,6.2,10,7.3,10,1336,10
2008-02-07T14:00+00:00,5904,308,0,320,10,346,10,6.9,10,15.4,10,1008.2,10,,,48,10,0.0,10,0,10,,,0.8,10,4.8,5.1,0,10,4.6,7.4,0,10,4.3,10,6.8,10,6.6,10,1401,10
2008-02-07T15:00+00:00,5904,99,0,309,10,301,10,5.7,10,13.2,10,1008.9,10,,,49,10,0.0,10,0,10,,,0.2,10,4.9,5.1,0,10,4.7,7.4,0,10,4.3,10,5.9,10,5.8,10,1545,10
2008-02-07T16:00+00:00,5904,32,0,302,10,321,10,5.4,10,12.7,10,1009.4,10,,,50,10,0.0,10,0,10,,,0.1,10,4.8,5.1,0,10,4.7,7.4,0,10,4.3,10,5.4,10,4.3,10,1610,10
2008-02-07T17:00+00:00,5904,0,0,297,10,313,10,5.8,10,11.3,10,1009.6,10,,,50,10,0.0,10,0,10,,,0.0,10,4.7,5.1,0,10,4.6,7.4,0,10,4.3,10,5.5,10,4.4,10,1730,10
2008-02-07T18:00+00:00,5904,0,0,295,10,321,10,5.6,10,10.6,10,1010.2,10,,,51,10,0.0,10,0,10,,,0.0,10,4.6,5.1,0,10,4.6,7.4,0,10,4.3,10,5.5,10,3.9,10,1846,10
2008-02-07T19:00+00:00,5904,0,0,296,10,303,10,5.4,10,13.5,10,1010.7,10,,,52,10,0.0,10,0,10,,,0.0,10,4.5,5.1,0,10,4.5,7.4,0,10,4.3,10,5.3,10,4.1,10,1944,10
2008-02-07T20:00+00:00,5904,0,0,298,10,310,10,6.4,10,13.5,10,1011.3,10,,,53,10,0.0,10,0,10,,,0.0,10,4.4,5.1,0,10,4.4,7.4,0,10,4.3,10,5.5,10,4.0,10,2030,10
2008-02-07T21:00+00:00,5904,0,0,295,10,294,10,5.7,10,11.6,10,1011.5,10,,,53,10,0.0,10,0,10,,,0.0,10,4.3,5.1,0,10,4.4,7.4,0,10,4.3,10,5.4,10,4.6,10,2124,10
2008-02-07T22:00+00:00,5904,0,0,298,10,302,10,5.5,10,13.0,10,1011.6,10,,,54,10,0.0,10,0,10,,,0.0,10,4.3,5.1,0,10,4.3,7.4,0,10,4.4,10,5.1,10,4.5,10,2226,10
2008-02-07T23:00+00:00,5904,0,0,299,10,302,10,5.6,10,11.4,10,1011.9,10,,,56,10,0.0,10,0,10,,,0.0,10,4.2,5.1,0,10,4.3,7.4,0,10,4.4,10,4.9,10,4.3,10,2355,10
2008-02-08T00:00+00:00,5904,0,0,295,10,292,10,6.6,10,12.8,10,1012.3,10,,,58,10,0.0,10,1,10,,,0.0,10,4.2,5.1,0,10,4.2,7.4,0,10,4.4,10,4.7,10,4.0,10,9,10
2008-02-08T01:00+00:00,5904,0,0,293,10,296,10,6.6,10,11.7,10,1012.4,10,,,60,10,0.0,10,0,10,,,0.0,10,4.1,5.1,0,10,4.2,7.4,0,10,4.4,10,4.5,10,3.9,10,141,10
2008-02-08T02:00+00:00,5904,0,0,293,10,288,10,6.1,10,11.5,10,1012.3,10,,,61,10,0.0,10,0,10,,,0.0,10,4.1,5.1,0,10,4.2,7.4,0,10,4.4,10,4.3,10,3.7,10,259,10
2008-02-08T03:00+00:00,5904,0,0,295,10,288,10,6.3,10,12.4,10,1012.5,10,,,62,10,0.0,10,0,10,,,0.0,10,4.0,5.1,0,10,4.1,7.4,0,10,4.4,10,4.0,10,3.2,10,317,10
2008-02-08T04:00+00:00,5904,0,0,304,10,305,10,6.1,10,11.5,10,1012.9,10,,,64,10,0.0,10,0,10,,,0.0,10,4.0,5.1,0,10,4.1,7.4,0,10,4.4,10,3.7,10,3.1,10,429,10
2008-02-08T05:00+00:00,5904,0,0,303,10,318,10,6.7,10,11.7,10,1012.8,10,,,66,10,0.0,10,0,10,,,0.0,10,3.9,5.1,0,10,4.0,7.4,0,10,4.4,10,3.4,10,2.3,10,508,10
2008-02-08T06:00+00:00,5904,0,0,300,10,300,10,5.6,10,10.5,10,1013.3,10,,,67,10,0.0,10,0,10,,,0.0,10,3.8,5.1,0,10,4.0,7.4,0,10,4.4,10,2.8,10,1.2,10,602,10
2008-02-08T07:00+00:00,5904,12,0,292,10,291,10,4.0,10,9.3,10,1013.9,10,,,68,10,0.0,10,0,10,,,0.0,10,3.7,5.1,0,10,3.9,7.4,0,10,4.4,10,2.7,10,0.5,10,749,10
2008-02-08T08:00+00:00,5904,64,0,292,10,291,10,5.6,10,11.1,10,1014.1,10,,,66,10,0.0,10,0,10,,,0.0,10,3.7,5.1,0,10,3.8,7.4,0,10,4.4,10,3.5,10,1.6,10,824,10
2008-02-08T09:00+00:00,5904,144,0,297,10,302,10,6.0,10,10.4,10,1013.9,10,,,64,10,0.0,10,0,10,,,0.4,10,3.7,5.1,0,10,3.9,7.4,0,10,4.4,10,4.7,10,3.6,10,912,10
2008-02-08T10:00+00:00,5904,245,0,304,10,295,10,4.3,10,9.1,10,1014.2,10,,,62,10,0.0,10,0,10,,,0.8,10,3.8,5.2,0,10,3.9,7.4,0,10,4.4,10,5.5,10,5.1,10,1002,10
2008-02-08T11:00+00:00,5904,363,0,309,10,305,10,4.7,10,9.4,10,1013.8,10,,,62,10,0.0,10,0,10,,,0.9,10,4.1,5.2,0,10,4.1,7.4,0,10,4.4,10,5.8,10,7.7,10,1147,10
2008-02-08T12:00+00:00,5904,294,0,312,10,336,10,4.2,10,10.2,10,1013.1,10,,,58,10,0.0,10,0,10,,,0.7,10,4.4,5.1,0,10,4.3,7.4,0,10,4.4,10,7.1,10,6.9,10,1248,10
2008-02-08T13:00+00:00,5904,323,0,312,10,337,10,4.2,10,10.1,10,1012.8,10,,,57,10,0.0,10,0,10,,,0.7,10,4.7,5.2,0,10,4.4,7.4,0,10,4.4,10,7.1,10,8.7,10,1347,10
2008-02-08T14:00+00:00,5904,364,0,340,10,306,10,3.9,10,8.6,10,1012.6,10,,,54,10,0.0,10,0,10,,,1.0,10,5.0,5.2,0,10,4.7,7.4,0,10,4.4,10,7.8,10,8.7,10,1447,10
2008-02-08T15:00+00:00,5904,116,0,357,10,3,10,4.0,10,8.8,10,1012.8,10,,,56,10,0.0,10,0,10,,,0.6,10,5.1,5.2,0,10,4.8,7.4,0,10,4.4,10,6.8,10,5.6,10,1505,10
2008-02-08T16:00+00:00,5904,23,0,2,10,346,10,2.6,10,6.7,10,1012.8,10,,,58,10,0.0,10,0,10,,,0.4,10,4.9,5.2,0,10,4.8,7.4,0,10,4.4,10,5.6,10,2.1,10,1604,10
2008-02-08T17:00+00:00,5904,1,0,355,10,5,10,1.9,10,4.1,10,1013.2,10,,,62,10,0.0,10,0,10,,,0.0,10,4.7,5.2,0,10,4.7,7.4,0,10,4.4,10,4.5,10,-0.2,10,1720,10
2008-02-08T18:00+00:00,5904,0,0,339,10,337,10,1.8,10,3.0,10,1013.2,10,,,67,10,0.0,10,0,10,,,0.0,10,4.5,5.2,0,10,4.6,7.4,0,10,4.5,10,3.8,10,-0.1,10,1843,10
2008-02-08T19:00+00:00,5904,0,0,341,10,343,10,1.8,10,3.1,10,1013.3,10,,,70,10,0.0,10,0,10,,,0.0,10,4.4,5.2,0,10,4.5,7.4,0,10,4.5,10,3.0,10,-0.3,10,1941,10
2008-02-08T20:00+00:00,5904,0,0,356,10,19,10,2.3,10,3.8,10,1013.2,10,,,73,10,0.0,10,0,10,,,0.0,10,4.2,5.2,0,10,4.3,7.4,0,10,4.5,10,2.4,10,-1.5,10,2036,10
2008-02-08T21:00+00:00,5904,0,0,2,10,36,10,2.3,10,3.7,10,1013.1,10,,,79,10,0.0,10,0,10,,,0.0,10,4.0,5.2,0,10,4.2,7.4,0,10,4.5,10,1.2,10,-2.0,10,2200,10
2008-02-08T22:00+00:00,5904,0,0,285,10,295,10,1.9,10,3.2,10,1013.1,10,,,80,10,0.0,10,0,10,,,0.0,10,3.8,5.2,0,10,4.1,7.4,0,10,4.5,10,0.9,10,-2.6,10,2239,10
2008-02-08T23:00+00:00,5904,0,0,317,10,300,10,1.3,10,3.3,10,1013.0,10,,,83,10,0.0,10,0,10,,,0.0,10,3.7,5.2,0,10,3.9,7.4,0,10,4.5,10,0.4,10,-3.0,10,2302,10
2008-02-09T00:00+00:00,5904,0,0,299,10,298,10,1.9,10,3.3,10,1012.9,10,,,84,10,0.0,10,0,10,,,0.0,10,3.5,5.2,0,10,3.8,7.4,0,10,4.5,10,-0.4,10,-4.0,10,9,10
2008-02-09T01:00+00:00,5904,0,0,316,10,320,10,1.0,10,3.2,10,1013.1,10,,,87,10,0.0,10,0,10,,,0.0,10,3.3,5.2,0,10,3.7,7.4,0,10,4.5,10,-0.6,10,-4.4,10,107,10
2008-02-09T02:00+00:00,5904,0,0,232,10,227,10,1.1,10,2.2,10,1012.8,10,,,86,10,0.0,10,0,10,,,0.0,10,3.2,5.2,0,10,3.6,7.4,0,10,4.5,10,-0.4,10,-4.6,10,226,10
2008-02-09T03:00+00:00,5904,0,0,263,10,307,10,0.4,10,1.7,10,1012.6,10,,,88,10,0.0,10,0,10,,,0.0,10,3.1,5.2,0,10,3.5,7.4,0,10,4.5,10,-0.5,10,-3.4,10,331,10
2008-02-09T04:00+00:00,5904,0,0,178,10,128,10,0.6,10,1.6,10,1012.8,10,,,87,10,0.0,10,0,10,,,0.0,10,3.0,5.2,0,10,3.4,7.4,0,10,4.5,10,-0.3,10,-3.4,10,453,10
2008-02-09T05:00+00:00,5904,0,0,156,10,209,10,0.5,10,1.8,10,1012.7,10,,,87,10,0.0,10,0,10,,,0.0,10,3.0,5.2,0,10,3.3,7.4,0,10,4.5,10,-0.2,10,-2.3,10,516,10
2008-02-09T06:00+00:00,5904,0,0,147,10,94,10,0.3,10,1.3,10,1012.8,10,,,87,10,0.0,10,0,10,,,0.0,10,2.9,5.2,0,10,3.2,7.4,0,10,4.5,10,-0.2,10,-2.3,10,700,10
2008-02-09T07:00+00:00,5904,25,0,245,10,249,10,0.2,10,1.3,10,1013.0,10,,,87,10,0.0,10,0,10,,,0.5,10,2.9,5.2,0,10,3.2,7.4,0,10,4.5,10,0.0,10,-2.4,10,749,10
2008-02-09T08:00+00:00,5904,107,0,214,10,270,10,0.1,10,1.6,10,1013.3,10,,,80,10,0.0,10,0,10,,,1.0,10,2.8,5.2,0,10,3.2,7.4,0,10,4.5,10,2.3,10,-1.2,10,815,10
2008-02-09T09:00+00:00,5904,264,0,341,10,331,10,1.7,10,4.9,10,1013.3,10,,,66,10,0.0,10,0,10,,,1.0,10,3.0,5.2,0,10,3.3,7.4,0,10,4.5,10,5.6,10,3.5,10,922,10
2008-02-09T10:00+00:00,5904,297,0,338,10,338,10,1.9,10,5.3,10,1013.2,10,,,62,10,0.0,10,0,10,,,1.0,10,3.3,5.2,0,10,3.4,7.4,0,10,4.5,10,5.6,10,8.3,10,1059,10
2008-02-09T11:00+00:00,5904,318,0,35,10,46,10,3.1,10,5.9,10,1012.7,10,,,69,10,0.0,10,0,10,,,0.9,10,3.7,5.2,0,10,3.6,7.4,0,10,4.5,10,4.7,10,7.8,10,1116,10
2008-02-09T12:00+00:00,5904,397,0,13,10,25,10,2.8,10,6.3,10,1012.2,10,,,61,10,0.0,10,0,10,,,1.0,10,4.0,5.2,0,10,3.9,7.4,0,10,4.4,10,6.5,10,7.9,10,1231,10
2008-02-09T13:00+00:00,5904,365,0,352,10,342,10,2.9,10,6.9,10,1011.7,10,,,61,10,0.0,10,0,10,,,1.0,10,4.4,5.2,0,10,4.1,7.4,0,10,4.4,10,6.5,10,11.4,10,1345,10
2008-02-09T14:00+00:00,5904,234,0,355,10,16,10,3.3,10,6.9,10,1011.6,10,,,62,10,0.0,10,0,10,,,0.9,10,4.7,5.2,0,10,4.3,7.4,0,10,4.4,10,6.4,10,6.4,10,1428,10
2008-02-09T15:00+00:00,5904,85,0,11,10,342,10,2.3,10,5.8,10,1011.7,10,,,65,10,0.0,10,0,10,,,0.1,10,4.7,5.2,0,10,4.4,7.4,0,10,4.4,10,5.7,10,4.9,10,1504,10
2008-02-09T16:00+00:00,5904,36,0,38,10,40,10,2.8,10,5.2,10,1012.0,10,,,70,10,0.0,10,0,10,,,0.1,10,4.6,5.2,0,10,4.4,7.4,0,10,4.4,10,4.8,10,3.0,10,1618,10
2008-02-09T17:00+00:00,5904,1,0,18,10,38,10,2.0,10,3.9,10,1012.1,10,,,76,10,0.0,10,0,10,,,0.0,10,4.4,5.2,0,10,4.4,7.4,0,10,4.4,10,3.1,10,-1.7,10,1703,10
2008-02-09T18:00+00:00,5904,0,0,2,10,32,10,2.2,10,3.1,10,1012.2,10,,,79,10,0.0,10,0,10,,,0.0,10,4.2,5.2,0,10,4.3,7.4,0,10,4.4,10,3.0,10,-1.7,10,1820,10
2008-02-09T19:00+00:00,5904,0,0,325,10,309,10,1.6,10,2.7,10,1012.2,10,,,78,10,0.0,10,0,10,,,0.0,10,4.1,5.2,0,10,4.2,7.4,0,10,4.4,10,3.4,10,0.3,10,1951,10
2008-02-09T20:00+00:00,5904,0,0,286,10,273,10,1.7,10,2.3,10,1011.9,10,,,77,10,0.0,10,0,10,,,0.0,10,4.0,5.2,0,10,4.1,7.4,0,10,4.4,10,3.7,10,2.1,10,2048,10
2008-02-09T21:00+00:00,5904,0,0,311,10,319,10,0.8,10,1.8,10,1011.9,10,,,81,10,0.0,10,0,10,,,0.0,10,3.9,5.2,0,10,4.0,7.4,0,10,4.4,10,2.3,10,-1.3,10,2138,10
2008-02-09T22:00+00:00,5904,0,0,240,10,259,10,0.9,10,2.0,10,1011.9,10,,,86,10,0.0,10,0,10,,,0.0,10,3.8,5.2,0,10,3.9,7.4,0,10,4.4,10,1.3,10,-2.5,10,2243,10
2008-02-09T23:00+00:00,5904,0,0,289,10,330,10,1.1,10,3.0,10,1012.0,10,,,88,10,0.0,10,0,10,,,0.0,10,3.6,5.2,0,10,3.8,7.4,0,10,4.4,10,0.3,10,-3.4,10,2348,10
2008-02-10T00:00+00:00,5904,0,0,0,10,331,10,0.0,10,2.6,10,1011.7,10,,,90,10,0.0,10,0,10,,,0.0,10,3.4,5.2,0,10,3.7,7.4,0,10,4.4,10,0.3,10,-3.7,10,14,10
2008-02-10T01:00+00:00,5904,0,0,264,10,222,10,1.1,10,2.1,10,1011.5,10,,,91,10,0.0,10,0,10,,,0.0,10,3.2,5.2,0,10,3.5,7.4,0,10,4.4,10,-0.6,10,-4.2,10,200,10
2008-02-10T02:00+00:00,5904,0,0,167,10,112,10,0.3,10,1.5,10,1011.3,10,,,93,10,0.0,10,0,10,,,0.0,10,3.1,5.2,0,10,3.4,7.4,0,10,4.4,10,-1.2,10,-4.7,10,216,10
2008-02-10T03:00+00:00,5904,0,0,132,10,89,10,0.2,10,1.6,10,1011.2,10,,,93,10,0.0,10,0,10,,,0.0,10,2.9,5.2,0,10,3.3,7.4,0,10,4.4,10,-1.3,10,-4.9,10,344,10
2008-02-10T04:00+00:00,5904,0,0,288,10,269,10,0.5,10,2.5,10,1011.1,10,,,93,10,0.0,10,0,10,,,0.0,10,2.8,5.2,0,10,3.2,7.4,0,10,4.4,10,-1.7,10,-5.1,10,430,10
2008-02-10T05:00+00:00,5904,0,0,198,10,219,10,0.5,10,2.0,10,1010.9,10,,,94,10,0.0,10,0,10,,,0.0,10,2.6,5.2,0,10,3.0,7.4,0,10,4.4,10,-1.6,10,-5.3,10,549,10
2008-02-10T06:00+00:00,5904,0,0,280,10,274,10,0.8,10,2.0,10,1010.9,10,,,94,10,0.0,10,0,10,,,0.0,10,2.5,5.2,0,10,2.9,7.4,0,10,4.4,10,-1.9,10,-5.4,10,614,10
2008-02-10T07:00+00:00,5904,19,0,0,10,55,10,0.0,10,2.3,10,1011.3,10,,,94,10,0.0,10,0,10,,,0.2,10,2.4,5.2,0,10,2.8,7.4,0,10,4.4,10,-1.7,10,-5.5,10,702,10
2008-02-10T08:00+00:00,5904,112,0,90,10,90,10,0.8,10,1.8,10,1011.5,10,,,90,10,0.0,10,0,10,,,1.0,10,2.4,5.2,0,10,2.8,7.4,0,10,4.4,10,0.2,10,-3.1,10,844,10
2008-02-10T09:00+00:00,5904,237,0,116,10,126,10,1.2,10,2.1,10,1011.7,10,,,86,10,0.0,10,0,10,,,1.0,10,2.5,5.2,0,10,2.8,7.4,0,10,4.4,10,1.4,10,0.9,10,909,10
2008-02-10T10:00+00:00,5904,340,0,73,10,70,10,1.8,10,3.8,10,1011.3,10,,,78,10,0.0,10,0,10,,,1.0,10,2.8,5.2,0,10,3.0,7.4,0,10,4.4,10,2.9,10,4.2,10,1029,10
2008-02-10T11:00+00:00,5904,394,0,44,10,52,10,2.8,10,5.0,10,1011.0,10,,,83,10,0.0,10,0,10,,,1.0,10,3.1,5.2,0,10,3.2,7.4,0,10,4.4,10,2.4,10,5.7,10,1151,10
2008-02-10T12:00+00:00,5904,402,0,38,10,38,10,3.4,10,6.6,10,1010.8,10,,,77,10,0.0,10,0,10,,,1.0,10,3.5,5.2,0,10,3.4,7.4,0,10,4.4,10,3.4,10,5.8,10,1254,10
2008-02-10T13:00+00:00,5904,365,0,37,10,52,10,3.2,10,5.7,10,1010.4,10,,,75,10,0.0,10,0,10,,,1.0,10,3.8,5.2,0,10,3.6,7.4,0,10,4.4,10,4.1,10,8.4,10,1302,10
2008-02-10T14:00+00:00,5904,285,0,23,10,24,10,2.5,10,5.7,10,1010.4,10,,,68,10,0.0,10,0,10,,,1.0,10,4.1,5.2,0,10,3.8,7.4,0,10,4.3,10,4.7,10,4.9,10,1428,10
2008-02-10T15:00+00:00,5904,142,0,23,10,26,10,2.1,10,4.9,10,1010.3,10,,,68,10,0.0,10,0,10,,,1.0,10,4.1,5.2,0,10,3.9,7.4,0,10,4.3,10,4.6,10,3.2,10,1518,10
2008-02-10T16:00+00:00,5904,31,0,1,10,36,10,1.8,10,3.7,10,1010.5,10,,,75,10,0.0,10,0,10,,,0.8,10,4.0,5.2,0,10,3.9,7.4,0,10,4.3,10,3.3,10,-0.8,10,1601,10
2008-02-10T17:00+00:00,5904,1,0,320,10,322,10,2.5,10,3.5,10,1010.8,10,,,80,10,0.0,10,0,10,,,0.0,10,3.8,5.2,0,10,3.8,7.4,0,10,4.3,10,1.9,10,-1.6,10,1758,10
2008-02-10T18:00+00:00,5904,0,0,318,10,328,10,2.7,10,4.0,10,1011.0,10,,,82,10,0.0,10,0,10,,,0.0,10,3.6,5.2,0,10,3.7,7.4,0,10,4.3,10,1.3,10,-2.1,10,1832,10
2008-02-10T19:00+00:00,5904,0,0,314,10,320,10,2.6,10,4.2,10,1011.0,10,,,83,10,0.0,10,0,10,,,0.0,10,3.4,5.2,0,10,3.6,7.4,0,10,4.3,10,1.0,10,-2.3,10,1944,10
2008-02-10T20:00+00:00,5904,0,0,341,10,336,10,1.8,10,4.0,10,1011.2,10,,,85,10,0.0,10,0,10,,,0.0,10,3.2,5.2,0,10,3.4,7.4,0,10,4.3,10,0.4,10,-3.6,10,2007,10
2008-02-10T21:00+00:00,5904,0,0,310,10,304,10,2.3,10,3.6,10,1011.3,10,,,87,10,0.0,10,0,10,,,0.0,10,3.0,5.2,0,10,3.3,7.4,0,10,4.3,10,-0.3,10,-4.0,10,2136,10
2008-02-10T22:00+00:00,5904,0,0,308,10,308,10,2.5,10,4.1,10,1011.1,10,,,88,10,0.0,10,0,10,,,0.0,10,2.9,5.2,0,10,3.2,7.4,0,10,4.3,10,0.2,10,-4.4,10,2239,10
2008-02-10T23:00+00:00,5904,0,0,315,10,317,10,2.0,10,3.2,10,1011.5,10,,,90,10,0.0,10,0,10,,,0.0,10,2.7,5.2,0,10,3.1,7.4,0,10,4.3,10,-0.8,10,-4.8,10,2355,10
2008-02-11T00:00+00:00,5904,0,0,326,10,333,10,1.8,10,3.8,10,1011.5,10,,,90,10,0.0,10,0,10,,,0.0,10,2.6,5.2,0,10,2.9,7.4,0,10,4.3,10,-0.5,10,-4.8,10,33,10
2008-02-11T01:00+00:00,5904,0,0,315,10,307,10,2.2,10,4.3,10,1011.7,10,,,90,10,0.0,10,0,10,,,0.0,10,2.5,5.2,0,10,2.8,7.4,0,10,4.3,10,-0.9,10,-5.0,10,118,10
2008-02-11T02:00+00:00,5904,0,0,287,10,324,10,1.6,10,3.1,10,1011.4,10,,,91,10,0.0,10,0,10,,,0.0,10,2.3,5.2,0,10,2.7,7.4,0,10,4.3,10,-1.4,10,-4.9,10,211,10
2008-02-11T03:00+00:00,5904,0,0,288,10,295,10,2.1,10,3.8,10,1011.0,10,,,92,10,0.0,10,0,10,,,0.0,10,2.2,5.2,0,10,2.6,7.4,0,10,4.3,10,-1.8,10,-5.3,10,319,10
2008-02-11T04:00+00:00,5904,0,0,288,10,287,10,0.9,10,2.2,10,1011.2,10,,,93,10,0.0,10,0,10,,,0.0,10,2.1,5.2,0,10,2.5,7.4,0,10,4.3,10,-2.1,10,-6.1,10,459,10
2008-02-11T05:00+00:00,5904,0,0,312,10,340,10,2.1,10,4.9,10,1011.2,10,,,92,10,0.0,10,0,10,,,0.0,10,2.0,5.2,0,10,2.4,7.4,0,10,4.3,10,-1.9,10,-5.6,10,537,10
2008-02-11T06:00+00:00,5904,0,0,309,10,315,10,1.3,10,3.9,10,1011.4,10,,,92,10,0.0,10,0,10,,,0.0,10,1.9,5.2,0,10,2.3,7.4,0,10,4.2,10,-1.8,10,-5.9,10,700,10
2008-02-11T07:00+00:00,5904,23,0,229,10,270,10,0.7,10,2.1,10,1011.7,10,,,93,10,0.0,10,0,10,,,0.4,10,1.9,5.2,0,10,2.3,7.4,0,10,4.2,10,-2.0,10,-5.9,10,702,10
2008-02-11T08:00+00:00,5904,131,0,168,10,108,10,0.4,10,1.8,10,1011.7,10,,,87,10,0.0,10,0,10,,,1.0,10,1.8,5.2,0,10,2.2,7.4,0,10,4.2,10,0.3,10,-4.2,10,856,10
2008-02-11T09:00+00:00,5904,249,0,94,10,89,10,1.3,10,2.5,10,1011.6,10,,,81,10,0.0,10,0,10,,,1.0,10,1.9,5.2,0,10,2.3,7.4,0,10,4.2,10,1.8,10,1.0,10,941,10
2008-02-11T10:00+00:00,5904,349,0,98,10,80,10,1.6,10,2.9,10,1011.8,10,,,76,10,0.0,10,0,10,,,1.0,10,2.2,5.2,0,10,2.4,7.4,0,10,4.2,10,3.1,10,4.0,10,1059,10
2008-02-11T11:00+00:00,5904,403,0,83,10,68,10,1.8,10,3.8,10,1011.4,10,,,68,10,0.0,10,0,10,,,1.0,10,2.6,5.2,0,10,2.6,7.4,0,10,4.2,10,4.6,10,7.8,10,1159,10
2008-02-11T12:00+00:00,5904,408,0,53,10,36,10,2.5,10,4.6,10,1011.1,10,,,65,10,0.0,10,0,10,,,1.0,10,3.0,5.2,0,10,2.9,7.4,0,10,4.1,10,5.1,10,8.4,10,1240,10
2008-02-11T13:00+00:00,5904,357,0,40,10,30,10,2.1,10,4.7,10,1010.7,10,,,62,10,0.0,10,0,10,,,1.0,10,3.4,5.2,0,10,3.2,7.4,0,10,4.1,10,5.6,10,10.1,10,1319,10
2008-02-11T14:00+00:00,5904,272,0,54,10,55,10,1.8,10,3.6,10,1010.2,10,,,61,10,0.0,10,0,10,,,1.0,10,3.7,5.2,0,10,3.4,7.4,0,10,4.1,10,5.5,10,5.4,10,1406,10
2008-02-11T15:00+00:00,5904,144,0,59,10,66,10,1.6,10,3.6,10,1010.2,10,,,67,10,0.0,10,0,10,,,1.0,10,3.8,5.2,0,10,3.6,7.4,0,10,4.1,10,5.1,10,3.6,10,1531,10
2008-02-11T16:00+00:00,5904,38,0,106,10,86,10,1.9,10,3.5,10,1010.2,10,,,75,10,0.0,10,0,10,,,0.4,10,3.7,5.2,0,10,3.6,7.4,0,10,4.1,10,3.5,10,-0.8,10,1607,10
2008-02-11T17:00+00:00,5904,1,0,111,10,117,10,1.2,10,2.5,10,1010.4,10,,,83,10,0.0,10,0,10,,,0.0,10,3.5,5.2,0,10,3.5,7.4,0,10,4.1,10,2.0,10,-2.6,10,1800,10
2008-02-11T18:00+00:00,5904,0,0,144,10,113,10,0.5,10,1.5,10,1010.6,10,,,88,10,0.0,10,0,10,,,0.0,10,3.3,5.2,0,10,3.4,7.4,0,10,4.1,10,0.7,10,-3.0,10,1829,10
2008-02-11T19:00+00:00,5904,0,0,267,10,281,10,0.7,10,2.0,10,1010.6,10,,,90,10,0.0,10,0,10,,,0.0,10,3.1,5.2,0,10,3.3,7.4,0,10,4.0,10,0.0,10,-3.3,10,1958,10
2008-02-11T20:00+00:00,5904,0,0,264,10,251,10,1.8,10,2.6,10,1010.7,10,,,91,10,0.0,10,0,10,,,0.0,10,2.9,5.2,0,10,3.1,7.4,0,10,4.0,10,-0.4,10,-3.5,10,2018,10
2008-02-11T21:00+00:00,5904,0,0,284,10,269,10,0.5,10,1.7,10,1010.6,10,,,90,10,0.0,10,0,10,,,0.0,10,2.7,5.2,0,10,3.0,7.4,0,10,4.0,10,-0.4,10,-3.8,10,2200,10
2008-02-11T22:00+00:00,5904,0,0,272,10,292,10,0.1,10,1.7,10,1010.6,10,,,91,10,0.0,10,0,10,,,0.0,10,2.6,5.2,0,10,2.9,7.4,0,10,4.0,10,-1.3,10,-4.6,10,2216,10
2008-02-11T23:00+00:00,5904,0,0,74,10,92,10,0.2,10,1.8,10,1010.7,10,,,93,10,0.0,10,0,10,,,0.0,10,2.4,5.2,0,10,2.7,7.4,0,10,4.0,10,-1.6,10,-5.0,10,2314,10
2008-02-12T00:00+00:00,5904,0,0,21,10,52,10,0.7,10,1.7,10,1010.5,10,,,94,10,0.0,10,0,10,,,0.0,10,2.3,5.2,0,10,2.6,7.4,0,10,4.0,10,-2.0,10,-5.5,10,36,10
2008-02-12T01:00+00:00,5904,0,0,38,10,57,10,1.1,10,2.4,10,1010.5,10,,,95,10,0.0,10,0,10,,,0.0,10,2.1,5.2,0,10,2.5,7.4,0,10,4.0,10,-2.2,10,-5.9,10,159,10
2008-02-12T02:00+00:00,5904,0,0,34,10,43,10,1.5,10,2.7,10,1010.4,10,,,96,10,0.0,10,0,10,,,0.0,10,2.0,5.2,0,10,2.4,7.4,0,10,4.0,10,-2.5,10,-5.6,10,203,10
2008-02-12T03:00+00:00,5904,0,0,19,10,8,10,0.5,10,1.7,10,1010.3,10,,,96,10,0.0,10,0,10,,,0.0,10,1.9,5.2,0,10,2.3,7.4,0,10,4.0,10,-3.0,10,-6.5,10,318,10
2008-02-12T04:00+00:00,5904,0,0,36,10,32,10,0.5,10,1.6,10,1010.6,10,,,95,10,0.0,10,0,10,,,0.0,10,1.8,5.2,0,10,2.2,7.4,0,10,4.0,10,-3.1,10,-6.8,10,455,10
2008-02-12T05:00+00:00,5904,0,0,42,10,33,10,1.4,10,2.3,10,1010.9,10,,,97,10,0.0,10,0,10,,,0.0,10,1.7,5.2,0,10,2.1,7.4,0,10,4.0,10,-3.3,10,-6.5,10,554,10
2008-02-12T06:00+00:00,5904,0,0,40,10,22,10,1.4,10,2.4,10,1011.2,10,,,98,10,0.0,10,0,10,,,0.0,10,1.7,5.2,0,10,2.1,7.4,0,10,4.0,10,-2.7,10,-4.2,10,637,10
2008-02-12T07:00+00:00,5904,5,0,57,10,117,10,1.1,10,2.6,10,1011.5,10,,,98,10,0.0,10,0,10,,,0.0,10,1.7,5.2,0,10,2.0,7.4,0,10,4.0,10,-2.5,10,-2.5,10,754,10
2008-02-12T08:00+00:00,5904,32,0,92,10,109,10,1.5,10,2.8,10,1011.8,10,,,98,10,0.0,10,0,10,,,0.0,10,1.6,5.2,0,10,2.0,7.4,0,10,4.0,10,-2.7,10,-2.1,10,849,10
2008-02-12T09:00+00:00,5904,67,0,97,10,137,10,1.1,10,3.1,10,1011.9,10,,,98,10,0.0,10,0,10,,,0.0,10,1.6,5.2,0,10,2.0,7.4,0,10,4.0,10,-2.3,10,-1.8,10,937,10
2008-02-12T10:00+00:00,5904,96,0,128,10,116,10,1.6,10,4.3,10,1012.1,10,,,98,10,0.0,10,0,10,,,0.0,10,1.7,5.2,0,10,2.0,7.4,0,10,3.9,10,-1.8,10,-1.1,10,1023,10
2008-02-12T11:00+00:00,5904,110,0,117,10,155,10,1.4,10,3.0,10,1011.9,10,,,97,10,0.0,10,0,10,,,0.0,10,1.8,5.2,0,10,2.0,7.4,0,10,3.9,10,-1.3,10,-0.6,10,1105,10
2008-02-12T12:00+00:00,5904,161,0,111,10,167,10,0.9,10,3.0,10,1011.5,10,,,94,10,0.0,10,0,10,,,0.0,10,1.9,5.2,0,10,2.1,7.4,0,10,3.9,10,0.3,10,0.0,10,1256,10
2008-02-12T13:00+00:00,5904,272,0,80,10,95,10,1.6,10,3.4,10,1011.2,10,,,88,10,0.0,10,0,10,,,0.3,10,2.2,5.2,0,10,2.3,7.4,0,10,3.9,10,0.9,10,1.5,10,1326,10
2008-02-12T14:00+00:00,5904,233,0,85,10,73,10,1.9,10,3.6,10,1011.1,10,,,83,10,0.0,10,0,10,,,0.9,10,2.5,5.2,0,10,2.4,7.4,0,10,3.9,10,2.2,10,1.5,10,1414,10
2008-02-12T15:00+00:00,5904,139,0,117,10,114,10,3.1,10,7.1,10,1010.9,10,,,69,10,0.0,10,0,10,,,1.0,10,2.5,5.2,0,10,2.5,7.4,0,10,3.9,10,3.0,10,1.4,10,1557,10
2008-02-12T16:00+00:00,5904,35,0,124,10,121,10,3.9,10,7.5,10,1010.7,10,,,73,10,0.0,10,0,10,,,0.6,10,2.5,5.2,0,10,2.5,7.4,0,10,3.8,10,2.0,10,-0.9,10,1608,10
2008-02-12T17:00+00:00,5904,1,0,113,10,121,10,2.1,10,4.9,10,1010.9,10,,,80,10,0.0,10,0,10,,,0.0,10,2.3,5.1,0,10,2.5,7.4,0,10,3.8,10,0.6,10,-3.2,10,1725,10
2008-02-12T18:00+00:00,5904,0,0,113,10,124,10,2.3,10,4.3,10,1011.0,10,,,85,10,0.0,10,0,10,,,0.0,10,2.2,5.2,0,10,2.4,7.4,0,10,3.8,10,0.3,10,-3.9,10,1826,10
2008-02-12T19:00+00:00,5904,0,0,122,10,122,10,1.6,10,3.5,10,1011.3,10,,,89,10,0.0,10,0,10,,,0.0,10,2.1,5.1,0,10,2.3,7.4,0,10,3.8,10,-0.5,10,-3.9,10,1902,10
2008-02-12T20:00+00:00,5904,0,0,82,10,92,10,1.6,10,2.7,10,1011.4,10,,,90,10,0.0,10,0,10,,,0.0,10,1.9,5.1,0,10,2.2,7.4,0,10,3.8,10,-0.9,10,-5.0,10,2034,10
2008-02-12T21:00+00:00,5904,0,0,50,10,41,10,1.4,10,2.5,10,1011.5,10,,,92,10,0.0,10,0,10,,,0.0,10,1.8,5.1,0,10,2.1,7.4,0,10,3.8,10,-1.5,10,-5.3,10,2103,10
2008-02-12T22:00+00:00,5904,0,0,72,10,85,10,1.1,10,2.0,10,1011.4,10,,,92,10,0.0,10,0,10,,,0.0,10,1.7,5.1,0,10,2.0,7.4,0,10,3.8,10,-1.7,10,-5.5,10,2239,10
2008-02-12T23:00+00:00,5904,0,0,40,10,47,10,1.8,10,2.9,10,1011.5,10,,,96,10,0.0,10,0,10,,,0.0,10,1.6,5.1,0,10,2.0,7.4,0,10,3.7,10,-1.9,10,-5.2,10,2309,10
2008-02-13T00:00+00:00,5904,0,0,50,10,42,10,1.2,10,2.7,10,1011.2,10,,,97,10,0.0,10,0,10,,,0.0,10,1.6,5.1,0,10,1.9,7.4,0,10,3.7,10,-2.3,10,-2.1,10,10,10
2008-02-13T01:00+00:00,5904,0,0,49,10,48,10,1.3,10,2.5,10,1011.3,10,,,97,10,0.0,10,0,10,,,0.0,10,1.6,5.1,0,10,1.9,7.4,0,10,3.7,10,-2.4,10,-2.2,10,116,10
2008-02-13T02:00+00:00,5904,0,0,38,10,42,10,2.0,10,3.5,10,1011.0,10,,,97,10,0.0,10,0,10,,,0.0,10,1.5,5.1,0,10,1.8,7.4,0,10,3.7,10,-2.5,10,-2.4,10,224,10
2008-02-13T03:00+00:00,5904,0,0,8,10,14,10,0.5,10,2.2,10,1010.8,10,,,97,10,0.0,10,0,10,,,0.0,10,1.5,5.1,0,10,1.8,7.4,0,10,3.7,10,-2.4,10,-2.3,10,307,10
2008-02-13T04:00+00:00,5904,0,0,41,10,43,10,0.7,10,2.3,10,1010.9,10,,,97,10,0.0,10,0,10,,,0.0,10,1.5,5.1,0,10,1.8,7.4,0,10,3.7,10,-2.4,10,-2.3,10,427,10
2008-02-13T05:00+00:00,5904,0,0,47,10,44,10,1.2,10,3.2,10,1011.0,10,,,97,10,0.0,10,0,10,,,0.0,10,1.5,5.1,0,10,1.8,7.4,0,10,3.7,10,-2.8,10,-2.5,10,554,10
2008-02-13T06:00+00:00,5904,0,0,39,10,55,10,1.2,10,3.5,10,1011.2,10,,,96,10,0.0,10,0,10,,,0.0,10,1.5,5.1,0,10,1.7,7.4,0,10,3.7,10,-2.9,10,-2.7,10,619,10
2008-02-13T07:00+00:00,5904,5,0,31,10,50,10,1.5,10,3.2,10,1011.4,10,,,96,10,0.0,10,0,10,,,0.0,10,1.5,5.1,0,10,1.7,7.4,0,10,3.7,10,-2.8,10,-2.7,10,712,10
2008-02-13T08:00+00:00,5904,27,0,336,10,18,10,0.9,10,3.0,10,1011.3,10,,,96,10,0.0,10,0,10,,,0.0,10,1.5,5.1,0,10,1.7,7.4,0,10,3.6,10,-2.7,10,-2.4,10,852,10
2008-02-13T09:00+00:00,5904,67,0,295,10,15,10,0.8,10,2.5,10,1011.1,10,,,96,10,0.0,10,0,10,,,0.0,10,1.5,5.1,0,10,1.7,7.4,0,10,3.6,10,-2.3,10,-2.0,10,959,10
2008-02-13T10:00+00:00,5904,96,0,24,10,22,10,1.0,10,4.4,10,1011.3,10,,,93,10,0.0,10,0,10,,,0.0,10,1.6,5.1,0,10,1.8,7.4,0,10,3.6,10,-1.8,10,-1.4,10,1058,10
2008-02-13T11:00+00:00,5904,137,0,357,10,8,10,1.8,10,3.8,10,1010.8,10,,,88,10,0.0,10,0,10,,,0.0,10,1.7,5.1,0,10,1.9,7.4,0,10,3.6,10,-1.3,10,-0.7,10,1144,10
2008-02-13T12:00+00:00,5904,98,0,331,10,338,10,1.7,10,4.0,10,1010.5,10,,,87,10,0.0,10,0,10,,,0.0,10,1.8,5.1,0,10,1.9,7.4,0,10,3.6,10,-1.2,10,0.0,10,1223,10
2008-02-13T13:00+00:00,5904,89,0,331,10,342,10,1.9,10,3.8,10,1009.8,10,,,85,10,0.0,10,0,10,,,0.0,10,1.9,5.1,0,10,2.0,7.4,0,10,3.6,10,-0.9,10,0.2,10,1349,10
2008-02-13T14:00+00:00,5904,70,0,323,10,343,10,1.5,10,4.2,10,1009.3,10,,,85,10,0.0,10,0,10,,,0.0,10,2.0,5.1,0,10,2.1,7.4,0,10,3.5,10,-0.7,10,0.1,10,1445,10
2008-02-13T15:00+00:00,5904,47,0,329,10,321,10,1.7,10,4.4,10,1009.0,10,,,85,10,0.0,10,0,10,,,0.0,10,2.0,5.1,0,10,2.1,7.4,0,10,3.5,10,-0.7,10,-0.2,10,1545,10
2008-02-13T16:00+00:00,5904,24,0,290,10,278,10,1.3,10,4.2,10,1009.1,10,,,84,10,0.0,10,0,10,,,0.0,10,2.0,5.1,0,10,2.1,7.4,0,10,3.5,10,-1.2,10,-1.2,10,1631,10
2008-02-13T17:00+00:00,5904,1,0,294,10,339,10,0.8,10,2.4,10,1009.1,10,,,85,10,0.0,10,0,10,,,0.0,10,2.0,5.0,0,10,2.1,7.4,0,10,3.5,10,-1.9,10,-3.9,10,1731,10
2008-02-13T18:00+00:00,5904,0,0,269,10,290,10,0.9,10,2.3,10,1008.9,10,,,89,10,0.0,10,0,10,,,0.0,10,1.8,5.0,0,10,2.0,7.4,0,10,3.5,10,-2.5,10,-5.9,10,1826,10
2008-02-13T19:00+00:00,5904,0,0,296,10,345,10,1.1,10,2.8,10,1008.7,10,,,90,10,0.0,10,0,10,,,0.0,10,1.7,5.0,0,10,1.9,7.4,0,10,3.5,10,-2.6,10,-6.3,10,1957,10
2008-02-13T20:00+00:00,5904,0,0,134,10,232,10,0.4,10,3.2,10,1008.3,10,,,91,10,0.0,10,0,10,,,0.0,10,1.6,5.0,0,10,1.8,7.4,0,10,3.5,10,-2.9,10,-6.2,10,2048,10
2008-02-13T21:00+00:00,5904,0,0,45,10,67,10,1.0,10,2.7,10,1008.6,10,,,92,10,0.0,10,0,10,,,0.0,10,1.5,5.0,0,10,1.7,7.4,0,10,3.5,10,-2.7,10,-6.1,10,2120,10
2008-02-13T22:00+00:00,5904,0,0,262,10,263,10,2.6,10,6.1,10,1008.2,10,,,90,10,0.0,10,0,10,,,0.0,10,1.4,5.0,0,10,1.7,7.4,0,10,3.5,10,-2.2,10,-5.9,10,2245,10
2008-02-13T23:00+00:00,5904,0,0,265,10,270,10,4.1,10,6.8,10,1008.4,10,,,85,10,0.0,10,0,10,,,0.0,10,1.3,5.0,0,10,1.6,7.4,0,10,3.4,10,-1.3,10,-4.7,10,2317,10
2008-02-14T00:00+00:00,5904,0,0,262,10,267,10,1.6,10,5.8,10,1008.7,10,,,87,10,0.0,10,0,10,,,0.0,10,1.2,5.0,0,10,1.5,7.4,0,10,3.4,10,-2.1,10,-5.5,10,8,10
2008-02-14T01:00+00:00,5904,0,0,308,10,268,10,1.7,10,5.6,10,1009.1,10,,,86,10,0.0,10,0,10,,,0.0,10,1.2,5.0,0,10,1.5,7.4,0,10,3.4,10,-1.2,10,-5.1,10,132,10
2008-02-14T02:00+00:00,5904,0,0,256,10,238,10,0.7,10,3.7,10,1008.5,10,,,86,10,0.0,10,0,10,,,0.0,10,1.2,5.0,0,10,1.5,7.4,0,10,3.4,10,-1.0,10,-1.8,10,209,10
2008-02-14T03:00+00:00,5904,0,0,316,10,26,10,0.9,10,6.0,10,1008.3,10,,,83,10,0.0,10,0,10,,,0.0,10,1.2,5.0,0,10,1.5,7.4,0,10,3.4,10,-0.6,10,-1.6,10,327,10
2008-02-14T04:00+00:00,5904,0,0,11,10,17,10,1.2,10,4.5,10,1008.5,10,,,83,10,0.0,10,0,10,,,0.0,10,1.2,5.0,0,10,1.4,7.4,0,10,3.4,10,-0.3,10,-1.4,10,442,10
2008-02-14T05:00+00:00,5904,0,0,4,10,15,10,1.5,10,4.1,10,1008.3,10,,,83,10,0.0,10,0,10,,,0.0,10,1.2,5.0,0,10,1.4,7.4,0,10,3.4,10,-0.6,10,-1.2,10,542,10
2008-02-14T06:00+00:00,5904,0,0,329,10,295,10,3.0,10,6.1,10,1008.6,10,,,83,10,0.0,10,0,10,,,0.0,10,1.2,5.0,0,10,1.4,7.4,0,10,3.4,10,-0.6,10,-1.3,10,639,10
2008-02-14T07:00+00:00,5904,8,0,306,10,323,10,3.2,10,7.4,10,1008.8,10,,,82,10,0.0,10,0,10,,,0.0,10,1.1,5.0,0,10,1.4,7.4,0,10,3.4,10,0.0,10,-1.1,10,759,10
2008-02-14T08:00+00:00,5904,32,0,308,10,320,10,3.4,10,6.7,10,1009.0,10,,,80,10,0.0,10,0,10,,,0.0,10,1.2,5.0,0,10,1.4,7.4,0,10,3.4,10,0.4,10,-0.1,10,900,10
2008-02-14T09:00+00:00,5904,59,0,297,10,315,10,3.0,10,5.6,10,1009.2,10,,,79,10,0.0,10,0,10,,,0.0,10,1.2,5.0,0,10,1.4,7.4,0,10,3.3,10,0.8,10,0.7,10,904,10
2008-02-14T10:00+00:00,5904,72,0,283,10,294,10,3.1,10,6.7,10,1009.2,10,,,77,10,0.0,10,0,10,,,0.0,10,1.3,5.0,0,10,1.5,7.4,0,10,3.3,10,1.3,10,1.7,10,1046,10
2008-02-14T11:00+00:00,5904,122,0,291,10,305,10,3.8,10,8.7,10,1008.6,10,,,75,10,0.0,10,0,10,,,0.0,10,1.4,4.9,0,10,1.5,7.4,0,10,3.3,10,1.8,10,2.2,10,1158,10
2008-02-14T12:00+00:00,5904,178,0,284,10,283,10,3.9,10,7.9,10,1007.9,10,,,71,10,0.0,10,0,10,,,0.0,10,1.6,4.9,0,10,1.7,7.4,0,10,3.3,10,3.1,10,2.8,10,1210,10
2008-02-14T13:00+00:00,5904,175,0,300,10,300,10,5.0,10,10.6,10,1007.4,10,,,71,10,0.0,10,0,10,,,0.0,10,1.8,4.9,0,10,1.8,7.4,0,10,3.3,10,2.6,10,3.8,10,1322,10
2008-02-14T14:00+00:00,5904,82,0,299,10,313,10,4.2,10,8.9,10,1007.3,10,,,72,10,0.0,10,0,10,,,0.0,10,2.0,4.9,0,10,1.9,7.4,0,10,3.3,10,2.5,10,3.0,10,1407,10
2008-02-14T15:00+00:00,5904,33,0,300,10,280,10,3.5,10,7.6,10,1007.0,10,,,75,10,0.0,10,0,10,,,0.0,10,2.0,4.9,0,10,2.0,7.4,0,10,3.3,10,2.3,10,2.3,10,1523,10
2008-02-14T16:00+00:00,5904,8,0,293,10,291,10,2.8,10,6.3,10,1006.7,10,,,76,10,0.0,10,0,10,,,0.0,10,2.0,4.9,0,10,2.0,7.4,0,10,3.2,10,2.3,10,1.9,10,1700,10
2008-02-14T17:00+00:00,5904,0,0,303,10,294,10,2.9,10,5.7,10,1006.8,10,,,77,10,0.0,10,0,10,,,0.0,10,2.0,4.9,0,10,2.1,7.4,0,10,3.2,10,2.3,10,1.8,10,1702,10
2008-02-14T18:00+00:00,5904,0,0,303,10,302,10,2.9,10,5.5,10,1006.8,10,,,79,10,0.0,10,0,10,,,0.0,10,2.0,4.9,0,10,2.1,7.4,0,10,3.2,10,2.1,10,1.7,10,1813,10
2008-02-14T19:00+00:00,5904,0,0,309,10,300,10,3.2,10,6.5,10,1006.7,10,,,85,10,0.0,10,0,10,,,0.0,10,2.0,4.9,0,10,2.1,7.4,0,10,3.2,10,1.8,10,1.4,10,1936,10
2008-02-14T20:00+00:00,5904,0,0,316,10,329,10,3.5,10,6.5,10,1006.7,10,,,84,10,0.0,10,0,10,,,0.0,10,2.0,4.9,0,10,2.1,7.4,0,10,3.2,10,1.9,10,1.4,10,2053,10
2008-02-14T21:00+00:00,5904,0,0,334,10,348,10,3.7,10,6.9,10,1006.8,10,,,82,10,0.0,10,2,10,,,0.0,10,2.0,4.9,0,10,2.1,7.4,0,10,3.2,10,1.8,10,1.4,10,2125,10
2008-02-14T22:00+00:00,5904,0,0,343,10,353,10,3.7,10,8.1,10,1006.5,10,,,79,10,0.0,10,7,10,,,0.0,10,2.0,4.9,0,10,2.1,7.4,0,10,3.2,10,1.8,10,1.2,10,2213,10
2008-02-14T23:00+00:00,5904,0,0,338,10,337,10,3.8,10,8.3,10,1006.4,10,,,77,10,0.0,10,4,10,,,0.0,10,2.0,4.9,0,10,2.1,7.4,0,10,3.2,10,1.7,10,1.3,10,2325,10
2008-02-15T00:00+00:00,5904,0,0,319,10,322,10,3.0,10,6.1,10,1006.2,10,,,79,10,0.0,10,3,10,,,0.0,10,2.0,4.9,0,10,2.0,7.4,0,10,3.2,10,1.4,10,1.0,10,51,10
2008-02-15T01:00+00:00,5904,0,0,327,10,332,10,3.7,10,7.2,10,1006.2,10,,,67,10,0.0,10,0,10,,,0.0,10,1.9,4.9,0,10,2.0,7.4,0,10,3.2,10,1.5,10,1.0,10,134,10
2008-02-15T02:00+00:00,5904,0,0,304,10,305,10,3.5,10,7.2,10,1005.8,10,,,67,10,0.0,10,0,10,,,0.0,10,1.9,4.9,0,10,2.0,7.4,0,10,3.2,10,1.4,10,0.8,10,244,10
2008-02-15T03:00+00:00,5904,0,0,300,10,285,10,4.0,10,9.4,10,1005.7,10,,,65,10,0.0,10,0,10,,,0.0,10,1.9,4.8,0,10,2.0,7.4,0,10,3.2,10,1.4,10,0.8,10,352,10
2008-02-15T04:00+00:00,5904,0,0,303,10,296,10,4.2,10,10.1,10,1005.8,10,,,65,10,0.0,10,0,10,,,0.0,10,1.9,4.8,0,10,2.0,7.4,0,10,3.2,10,1.4,10,0.8,10,433,10
2008-02-15T05:00+00:00,5904,0,0,280,10,273,10,4.2,10,8.4,10,1004.7,10,,,70,10,0.0,10,0,10,,,0.0,10,1.8,4.8,0,10,2.0,7.4,0,10,3.2,10,1.3,10,0.6,10,529,10
2008-02-15T06:00+00:00,5904,0,0,289,10,280,10,5.3,10,10.4,10,1005.2,10,,,69,10,0.0,10,0,10,,,0.0,10,1.8,4.8,0,10,2.0,7.4,0,10,3.2,10,1.5,10,0.7,10,645,10
2008-02-15T07:00+00:00,5904,5,0,291,10,298,10,5.5,10,10.5,10,1005.5,10,,,72,10,0.0,10,14,10,,,0.0,10,1.8,4.8,0,10,1.9,7.4,0,10,3.2,10,1.5,10,0.9,10,748,10
2008-02-15T08:00+00:00,5904,24,0,305,10,312,10,5.6,10,14.7,10,1006.1,10,,,82,10,0.0,10,49,10,,,0.0,10,1.8,4.8,0,10,1.9,7.4,0,10,3.2,10,0.9,10,0.2,10,858,10
2008-02-15T09:00+00:00,5904,96,0,1,10,332,10,5.9,10,12.6,10,1007.2,10,,,54,10,0.1,10,21,10,,,0.0,10,1.8,4.8,0,10,1.9,7.4,0,10,3.2,10,0.5,10,0.0,10,907,10
2008-02-15T10:00+00:00,5904,352,0,6,10,357,10,5.8,10,13.2,10,1007.7,10,,,48,10,0.0,10,0,10,,,0.9,10,2.0,4.8,0,10,2.1,7.4,0,10,3.2,10,1.8,10,0.5,10,1050,10
2008-02-15T11:00+00:00,5904,485,0,6,10,3,10,5.4,10,11.4,10,1007.9,10,,,41,10,0.0,10,0,10,,,1.0,10,2.3,4.8,0,10,2.3,7.4,0,10,3.2,10,2.8,10,6.7,10,1200,10
2008-02-15T12:00+00:00,5904,277,0,358,10,17,10,5.3,10,12.1,10,1007.7,10,,,41,10,0.0,10,0,10,,,0.4,10,2.5,4.8,0,10,2.4,7.4,0,10,3.2,10,2.2,10,3.4,10,1227,10
2008-02-15T13:00+00:00,5904,192,0,352,10,355,10,5.3,10,12.1,10,1007.6,10,,,45,10,0.0,10,0,10,,,0.1,10,2.7,4.8,0,10,2.6,7.4,0,10,3.2,10,2.0,10,2.4,10,1336,10
2008-02-15T14:00+00:00,5904,202,0,353,10,12,10,6.1,10,13.7,10,1008.2,10,,,44,10,0.0,10,0,10,,,0.3,10,2.8,4.8,0,10,2.6,7.4,0,10,3.2,10,1.5,10,2.4,10,1406,10
2008-02-15T15:00+00:00,5904,150,0,337,10,322,10,4.6,10,10.1,10,1008.3,10,,,42,10,0.0,10,0,10,,,0.5,10,2.8,4.8,0,10,2.7,7.4,0,10,3.2,10,1.8,10,1.6,10,1504,10
2008-02-15T16:00+00:00,5904,38,0,340,10,342,10,4.9,10,10.1,10,1008.6,10,,,45,10,0.0,10,0,10,,,0.0,10,2.7,4.8,0,10,2.6,7.3,0,10,3.2,10,0.8,10,-0.2,10,1617,10
2008-02-15T17:00+00:00,5904,1,0,343,10,344,10,4.4,10,9.8,10,1009.4,10,,,48,10,0.0,10,1,10,,,0.0,10,2.5,4.8,0,10,2.6,7.3,0,10,3.2,10,0.3,10,-0.7,10,1737,10
2008-02-15T18:00+00:00,5904,0,0,337,10,320,10,4.1,10,9.1,10,1009.8,10,,,45,10,0.0,10,0,10,,,0.0,10,2.4,4.8,0,10,2.5,7.4,0,10,3.2,10,0.0,10,-1.2,10,1825,10
2008-02-15T19:00+00:00,5904,0,0,335,10,331,10,4.6,10,10.3,10,1010.3,10,,,47,10,0.0,10,0,10,,,0.0,10,2.2,4.8,0,10,2.4,7.4,0,10,3.2,10,-0.3,10,-2.0,10,1959,10
2008-02-15T20:00+00:00,5904,0,0,334,10,343,10,4.3,10,9.7,10,1010.8,10,,,47,10,0.0,10,0,10,,,0.0,10,2.0,4.8,0,10,2.2,7.4,0,10,3.2,10,-0.7,10,-2.4,10,2056,10
2008-02-15T21:00+00:00,5904,0,0,329,10,333,10,3.9,10,9.1,10,1011.0,10,,,48,10,0.0,10,0,10,,,0.0,10,1.9,4.8,0,10,2.1,7.4,0,10,3.2,10,-1.2,10,-3.1,10,2129,10
2008-02-15T22:00+00:00,5904,0,0,319,10,326,10,3.6,10,8.0,10,1011.0,10,,,49,10,0.0,10,0,10,,,0.0,10,1.8,4.8,0,10,2.0,7.3,0,10,3.2,10,-1.4,10,-3.2,10,2259,10
2008-02-15T23:00+00:00,5904,0,0,319,10,327,10,3.8,10,7.2,10,1011.2,10,,,50,10,0.0,10,0,10,,,0.0,10,1.7,4.8,0,10,1.9,7.4,0,10,3.2,10,-1.5,10,-3.5,10,2311,10
2008-02-16T00:00+00:00,5904,0,0,317,10,319,10,3.9,10,8.5,10,1010.9,10,,,57,10,0.0,10,6,10,,,0.0,10,1.6,4.7,0,10,1.8,7.3,0,10,3.2,10,-1.5,10,-3.0,10,50,10
2008-02-16T01:00+00:00,5904,0,0,313,10,314,10,4.2,10,8.6,10,1010.6,10,,,54,10,0.0,10,0,10,,,0.0,10,1.5,4.7,0,10,1.8,7.3,0,10,3.2,10,-1.1,10,-2.4,10,115,10
2008-02-16T02:00+00:00,5904,0,0,316,10,312,10,4.1,10,8.4,10,1010.5,10,,,53,10,0.0,10,0,10,,,0.0,10,1.4,4.7,0,10,1.7,7.3,0,10,3.2,10,-1.3,10,-2.5,10,223,10
2008-02-16T03:00+00:00,5904,0,0,323,10,319,10,4.9,10,11.3,10,1010.6,10,,,53,10,0.0,10,0,10,,,0.0,10,1.4,4.7,0,10,1.6,7.3,0,10,3.2,10,-1.5,10,-2.7,10,346,10
2008-02-16T04:00+00:00,5904,0,0,329,10,343,10,5.7,10,11.9,10,1011.3,10,,,51,10,0.0,10,0,10,,,0.0,10,1.3,4.7,0,10,1.6,7.3,0,10,3.2,10,-2.2,10,-3.4,10,451,10
2008-02-16T05:00+00:00,5904,0,0,327,10,334,10,6.1,10,13.4,10,1011.6,10,,,50,10,0.0,10,0,10,,,0.0,10,1.2,4.7,0,10,1.5,7.3,0,10,3.2,10,-2.8,10,-3.8,10,524,10
2008-02-16T06:00+00:00,5904,0,0,323,10,347,10,5.8,10,13.0,10,1012.0,10,,,53,10,0.0,10,0,10,,,0.0,10,1.2,4.7,0,10,1.4,7.3,0,10,3.2,10,-3.6,10,-4.8,10,604,10
2008-02-16T07:00+00:00,5904,34,0,306,10,304,10,6.7,10,14.2,10,1012.4,10,,,53,10,0.0,10,0,10,,,0.7,10,1.1,4.7,0,10,1.4,7.3,0,10,3.2,10,-3.7,10,-5.0,10,744,10
2008-02-16T08:00+00:00,5904,123,0,298,10,307,10,7.8,10,14.5,10,1012.6,10,,,50,10,0.0,10,0,10,,,0.3,10,1.1,4.7,0,10,1.4,7.3,0,10,3.2,10,-2.5,10,-4.0,10,848,10
2008-02-16T09:00+00:00,5904,323,0,306,10,293,10,7.4,10,16.0,10,1013.2,10,,,48,10,0.0,10,0,10,,,1.0,10,1.1,4.7,0,10,1.5,7.3,0,10,3.2,10,-1.0,10,0.9,10,902,10
2008-02-16T10:00+00:00,5904,249,0,337,10,356,10,7.6,10,16.4,10,1014.2,10,,,52,10,0.0,10,3,10,,,0.4,10,1.1,4.7,0,10,1.4,7.3,0,10,3.2,10,-1.7,10,-1.1,10,1015,10
2008-02-16T11:00+00:00,5904,333,0,354,10,342,10,7.9,10,18.4,10,1015.0,10,,,54,10,0.0,10,13,10,,,0.6,10,1.1,4.7,0,10,1.4,7.3,0,10,3.2,10,-1.4,10,-2.7,10,1130,10
2008-02-16T12:00+00:00,5904,379,0,11,10,8,10,6.0,10,14.7,10,1015.5,10,,,43,10,0.0,10,0,10,,,0.7,10,1.3,4.7,0,10,1.5,7.3,0,10,3.2,10,-1.1,10,0.2,10,1300,10
2008-02-16T13:00+00:00,5904,405,0,12,10,26,10,6.2,10,13.1,10,1015.9,10,,,34,10,0.0,10,0,10,,,0.9,10,1.5,4.7,0,10,1.6,7.3,0,10,3.2,10,-1.1,10,1.5,10,1349,10
2008-02-16T14:00+00:00,5904,354,0,3,10,32,10,6.1,10,12.7,10,1016.4,10,,,32,10,0.0,10,0,10,,,1.0,10,1.7,4.7,0,10,1.7,7.3,0,10,3.2,10,-1.2,10,-1.3,10,1407,10
2008-02-16T15:00+00:00,5904,212,0,9,10,24,10,5.8,10,12.4,10,1017.1,10,,,32,10,0.0,10,0,10,,,1.0,10,1.6,4.7,0,10,1.7,7.3,0,10,3.1,10,-1.5,10,-2.4,10,1542,10
2008-02-16T16:00+00:00,5904,48,0,4,10,345,10,4.7,10,10.1,10,1017.6,10,,,32,10,0.0,10,0,10,,,1.0,10,1.5,4.7,0,10,1.6,7.3,0,10,3.1,10,-2.1,10,-3.4,10,1640,10
2008-02-16T17:00+00:00,5904,3,0,9,10,20,10,3.6,10,8.2,10,1018.4,10,,,34,10,0.0,10,0,10,,,0.0,10,1.3,4.7,0,10,1.5,7.3,0,10,3.1,10,-2.8,10,-5.2,10,1701,10
2008-02-16T18:00+00:00,5904,0,0,356,10,12,10,2.9,10,6.1,10,1019.1,10,,,36,10,0.0,10,0,10,,,0.0,10,1.2,4.7,0,10,1.5,7.3,0,10,3.1,10,-3.4,10,-6.4,10,1851,10
2008-02-16T19:00+00:00,5904,0,0,347,10,346,10,3.3,10,7.9,10,1019.6,10,,,36,10,0.0,10,0,10,,,0.0,10,1.1,4.7,0,10,1.4,7.3,0,10,3.1,10,-3.6,10,-5.8,10,1939,10
2008-02-16T20:00+00:00,5904,0,0,346,10,349,10,3.6,10,7.8,10,1020.2,10,,,37,10,0.0,10,0,10,,,0.0,10,1.1,4.7,0,10,1.3,7.3,0,10,3.1,10,-3.8,10,-5.7,10,2035,10
2008-02-16T21:00+00:00,5904,0,0,352,10,357,10,3.5,10,8.0,10,1020.6,10,,,39,10,0.0,10,0,10,,,0.0,10,1.0,4.7,0,10,1.3,7.3,0,10,3.1,10,-4.3,10,-6.1,10,2101,10
2008-02-16T22:00+00:00,5904,0,0,346,10,335,10,2.8,10,5.9,10,1021.1,10,,,41,10,0.0,10,0,10,,,0.0,10,0.9,4.7,0,10,1.2,7.3,0,10,3.1,10,-4.7,10,-8.1,10,2257,10
2008-02-16T23:00+00:00,5904,0,0,346,10,13,10,3.1,10,6.4,10,1021.3,10,,,42,10,0.0,10,0,10,,,0.0,10,0.9,4.7,0,10,1.2,7.3,0,10,3.1,10,-4.8,10,-7.2,10,2319,10
2008-02-17T00:00+00:00,5904,0,0,343,10,347,10,2.3,10,4.8,10,1020.9,10,,,44,10,0.0,10,0,10,,,0.0,10,0.8,4.7,0,10,1.1,7.3,0,10,3.1,10,-5.5,10,-7.7,10,19,10
2008-02-17T01:00+00:00,5904,0,0,319,10,324,10,2.3,10,4.1,10,1020.7,10,,,47,10,0.0,10,0,10,,,0.0,10,0.8,4.6,0,10,1.0,7.3,0,10,3.0,10,-6.2,10,-9.3,10,149,10
2008-02-17T02:00+00:00,5904,0,0,307,10,320,10,2.4,10,4.0,10,1020.1,10,,,51,10,0.0,10,0,10,,,0.0,10,0.7,4.6,0,10,1.0,7.3,0,10,3.0,10,-7.0,10,-9.8,10,300,10
2008-02-17T03:00+00:00,5904,0,0,287,10,326,10,2.3,10,4.0,10,1019.7,10,,,56,10,0.0,10,0,10,,,0.0,10,0.7,4.6,0,10,1.0,7.3,0,10,3.0,10,-7.4,10,-10.7,10,301,10
2008-02-17T04:00+00:00,5904,0,0,277,10,269,10,2.4,10,3.4,10,1019.0,10,,,56,10,0.0,10,0,10,,,0.0,10,0.7,4.6,0,10,0.9,7.3,0,10,3.0,10,-7.6,10,-11.0,10,415,10
2008-02-17T05:00+00:00,5904,0,0,336,10,297,10,0.3,10,2.1,10,1018.7,10,,,62,10,0.0,10,0,10,,,0.0,10,0.6,4.6,0,10,0.9,7.3,0,10,3.0,10,-8.5,10,-11.7,10,501,10
2008-02-17T06:00+00:00,5904,0,0,58,10,80,10,0.2,10,1.3,10,1018.2,10,,,71,10,0.0,10,0,10,,,0.0,10,0.6,4.6,0,10,0.8,7.3,0,10,3.0,10,-8.9,10,-12.0,10,601,10
2008-02-17T07:00+00:00,5904,44,0,130,10,132,10,0.8,10,1.8,10,1018.3,10,,,69,10,0.0,10,0,10,,,0.9,10,0.6,4.6,0,10,0.9,7.3,0,10,3.0,10,-7.5,10,-11.9,10,745,10
2008-02-17T08:00+00:00,5904,181,0,102,10,148,10,1.0,10,2.7,10,1018.1,10,,,61,10,0.0,10,0,10,,,1.0,10,0.6,4.6,0,10,0.9,7.3,0,10,3.0,10,-4.4,10,-8.4,10,859,10
2008-02-17T09:00+00:00,5904,318,0,111,10,137,10,1.3,10,3.2,10,1018.1,10,,,54,10,0.0,10,0,10,,,1.0,10,0.6,4.6,0,10,1.0,7.3,0,10,3.0,10,-2.9,10,0.8,10,959,10
2008-02-17T10:00+00:00,5904,415,0,105,10,81,10,1.8,10,4.6,10,1017.4,10,,,47,10,0.0,10,0,10,,,1.0,10,0.6,4.6,0,10,1.0,7.3,0,10,2.9,10,-2.2,10,-0.3,10,1054,10
2008-02-17T11:00+00:00,5904,481,0,150,10,155,10,1.6,10,5.0,10,1016.4,10,,,37,10,0.0,10,0,10,,,1.0,10,0.7,4.6,0,10,1.0,7.3,0,10,2.9,10,-0.8,10,4.2,10,1135,10
2008-02-17T12:00+00:00,5904,370,0,194,10,207,10,2.4,10,5.2,10,1015.0,10,,,37,10,0.0,10,0,10,,,1.0,10,0.7,4.6,0,10,1.0,7.3,0,10,2.9,10,-0.5,10,3.0,10,1208,10
2008-02-17T13:00+00:00,5904,364,0,171,10,178,10,1.5,10,4.1,10,1014.1,10,,,35,10,0.0,10,0,10,,,0.8,10,0.7,4.6,0,10,1.0,7.3,0,10,2.9,10,0.5,10,3.4,10,1354,10
2008-02-17T14:00+00:00,5904,279,0,198,10,210,10,1.5,10,4.1,10,1013.4,10,,,34,10,0.0,10,0,10,,,1.0,10,0.7,4.6,0,10,1.0,7.3,0,10,2.9,10,1.0,10,2.4,10,1500,10
2008-02-17T15:00+00:00,5904,149,0,122,10,185,10,0.5,10,3.3,10,1012.5,10,,,35,10,0.0,10,0,10,,,0.2,10,0.7,4.6,0,10,0.9,7.3,0,10,2.9,10,0.5,10,0.3,10,1516,10
2008-02-17T16:00+00:00,5904,49,0,48,10,42,10,1.5,10,2.7,10,1011.8,10,,,36,10,0.0,10,0,10,,,0.0,10,0.6,4.6,0,10,0.8,7.3,0,10,2.9,10,-0.6,10,-3.3,10,1700,10
2008-02-17T17:00+00:00,5904,3,0,7,10,45,10,0.9,10,2.1,10,1011.6,10,,,40,10,0.0,10,0,10,,,0.0,10,0.6,4.6,0,10,0.8,7.3,0,10,2.9,10,-1.0,10,-4.7,10,1707,10
2008-02-17T18:00+00:00,5904,0,0,296,10,321,10,1.2,10,2.4,10,1010.8,10,,,42,10,0.0,10,0,10,,,0.0,10,0.6,4.6,0,10,0.8,7.3,0,10,2.9,10,-1.0,10,-4.5,10,1820,10
2008-02-17T19:00+00:00,5904,0,0,196,10,223,10,0.8,10,2.1,10,1009.8,10,,,43,10,0.0,10,0,10,,,0.0,10,0.6,4.6,0,10,0.8,7.3,0,10,2.8,10,-1.2,10,-3.7,10,1920,10
2008-02-17T20:00+00:00,5904,0,0,195,10,215,10,0.8,10,4.2,10,1009.4,10,,,46,10,0.0,10,0,10,,,0.0,10,0.6,4.6,0,10,0.8,7.3,0,10,2.8,10,-1.0,10,-4.5,10,2049,10
2008-02-17T21:00+00:00,5904,0,0,57,10,74,10,1.3,10,3.9,10,1008.7,10,,,44,10,0.0,10,0,10,,,0.0,10,0.6,4.6,0,10,0.8,7.3,0,10,2.8,10,-0.3,10,-4.6,10,2139,10
2008-02-17T22:00+00:00,5904,0,0,272,10,252,10,4.3,10,12.4,10,1007.7,10,,,37,10,0.0,10,0,10,,,0.0,10,0.6,4.6,0,10,0.8,7.3,0,10,2.8,10,2.1,10,-3.7,10,2244,10
2008-02-17T23:00+00:00,5904,0,0,276,10,267,10,6.3,10,12.4,10,1007.2,10,,,38,10,0.0,10,0,10,,,0.0,10,0.6,4.6,0,10,0.8,7.3,0,10,2.8,10,2.4,10,0.4,10,2308,10
2008-02-18T00:00+00:00,5904,0,0,275,10,274,10,7.0,10,13.3,10,1006.4,10,,,41,10,0.0,10,0,10,,,0.0,10,0.6,4.6,0,10,0.8,7.3,0,10,2.8,10,1.9,10,-0.2,10,50,10
2008-02-18T01:00+00:00,5904,0,0,277,10,279,10,7.7,10,13.5,10,1005.9,10,,,42,10,0.0,10,0,10,,,0.0,10,0.6,4.6,0,10,0.8,7.3,0,10,2.8,10,1.6,10,-0.4,10,110,10
2008-02-18T02:00+00:00,5904,0,0,278,10,284,10,7.3,10,13.5,10,1005.0,10,,,41,10,0.0,10,0,10,,,0.0,10,0.6,4.6,0,10,0.8,7.3,0,10,2.8,10,1.9,10,-0.8,10,221,10
2008-02-18T03:00+00:00,5904,0,0,278,10,270,10,7.8,10,14.4,10,1004.5,10,,,41,10,0.0,10,0,10,,,0.0,10,0.6,4.5,0,10,0.8,7.3,0,10,2.7,10,2.0,10,-0.6,10,400,10
2008-02-18T04:00+00:00,5904,0,0,275,10,275,10,8.1,10,15.2,10,1003.7,10,,,42,10,0.0,10,0,10,,,0.0,10,0.6,4.5,0,10,0.8,7.3,0,10,2.7,10,2.0,10,-0.5,10,432,10
2008-02-18T05:00+00:00,5904,0,0,274,10,280,10,8.2,10,14.3,10,1003.7,10,,,42,10,0.0,10,0,10,,,0.0,10,0.6,4.5,0,10,0.8,7.3,0,10,2.7,10,2.4,10,-0.5,10,513,10
2008-02-18T06:00+00:00,5904,0,0,274,10,270,10,7.7,10,14.2,10,1003.2,10,,,42,10,0.0,10,0,10,,,0.0,10,0.6,4.5,0,10,0.8,7.3,0,10,2.7,10,2.6,10,1.1,10,657,10
2008-02-18T07:00+00:00,5904,36,0,272,10,269,10,7.9,10,15.8,10,1003.3,10,,,42,10,0.0,10,0,10,,,0.2,10,0.6,4.5,0,10,0.8,7.3,0,10,2.7,10,3.0,10,1.5,10,800,10
2008-02-18T08:00+00:00,5904,69,0,280,10,272,10,7.5,10,14.3,10,1003.0,10,,,41,10,0.0,10,0,10,,,0.2,10,0.7,4.5,0,10,0.9,7.3,0,10,2.7,10,3.6,10,1.9,10,844,10
2008-02-18T09:00+00:00,5904,83,0,278,10,283,10,6.8,10,13.2,10,1002.7,10,,,41,10,0.0,10,0,10,,,0.0,10,0.7,4.5,0,10,0.9,7.3,0,10,2.7,10,4.1,10,3.6,10,959,10
2008-02-18T10:00+00:00,5904,161,0,274,10,269,10,8.3,10,17.4,10,1002.2,10,,,38,10,0.0,10,0,10,,,0.0,10,0.7,4.5,0,10,0.9,7.3,0,10,2.7,10,5.1,10,4.6,10,1057,10
2008-02-18T11:00+00:00,5904,192,0,271,10,268,10,9.1,10,17.6,10,1001.7,10,,,36,10,0.0,10,0,10,,,0.0,10,0.8,4.5,0,10,1.0,7.3,0,10,2.7,10,6.1,10,6.6,10,1200,10
2008-02-18T12:00+00:00,5904,199,0,273,10,269,10,8.3,10,15.2,10,1001.8,10,,,35,10,0.0,10,0,10,,,0.1,10,0.8,4.5,0,10,1.0,7.3,0,10,2.7,10,6.0,10,7.0,10,1250,10
2008-02-18T13:00+00:00,5904,146,0,271,10,268,10,8.1,10,16.2,10,1000.8,10,,,35,10,0.0,10,0,10,,,0.0,10,0.9,4.5,0,10,1.0,7.3,0,10,2.7,10,6.6,10,6.8,10,1342,10
2008-02-18T14:00+00:00,5904,115,0,273,10,279,10,8.9,10,16.4,10,1000.6,10,,,35,10,0.0,10,0,10,,,0.0,10,0.9,4.5,0,10,1.0,7.3,0,10,2.6,10,6.6,10,6.6,10,1426,10
2008-02-18T15:00+00:00,5904,39,0,275,10,300,10,7.5,10,14.7,10,1000.7,10,,,35,10,0.0,10,0,10,,,0.0,10,1.0,4.5,0,10,1.1,7.3,0,10,2.6,10,6.6,10,6.3,10,1513,10
2008-02-18T16:00+00:00,5904,23,0,275,10,278,10,6.4,10,14.0,10,1000.2,10,,,35,10,0.0,10,0,10,,,0.0,10,1.1,4.5,0,10,1.2,7.3,0,10,2.6,10,7.0,10,6.1,10,1623,10
2008-02-18T17:00+00:00,5904,3,0,278,10,273,10,6.6,10,13.8,10,1000.5,10,,,35,10,0.0,10,0,10,,,0.0,10,1.2,4.5,0,10,1.2,7.3,0,10,2.6,10,7.0,10,6.0,10,1728,10
2008-02-18T18:00+00:00,5904,0,0,278,10,276,10,5.0,10,11.8,10,1000.7,10,,,35,10,0.0,10,0,10,,,0.0,10,1.2,4.5,0,10,1.2,7.3,0,10,2.6,10,6.7,10,4.9,10,1813,10
2008-02-18T19:00+00:00,5904,0,0,285,10,281,10,4.4,10,10.3,10,1001.3,10,,,36,10,0.0,10,0,10,,,0.0,10,1.2,4.5,0,10,1.3,7.3,0,10,2.6,10,7.2,10,4.5,10,1901,10
2008-02-18T20:00+00:00,5904,0,0,287,10,306,10,5.0,10,10.6,10,1000.7,10,,,40,10,0.0,10,1,10,,,0.0,10,1.3,4.5,0,10,1.3,7.3,0,10,2.6,10,6.7,10,5.7,10,2030,10
2008-02-18T21:00+00:00,5904,0,0,278,10,277,10,5.7,10,11.7,10,1000.7,10,,,42,10,0.0,10,5,10,,,0.0,10,1.3,4.5,0,10,1.3,7.3,0,10,2.6,10,6.6,10,5.3,10,2150,10
2008-02-18T22:00+00:00,5904,0,0,289,10,297,10,6.4,10,16.4,10,1001.0,10,,,49,10,0.0,10,10,10,,,0.0,10,1.4,4.5,0,10,1.4,7.3,0,10,2.6,10,6.7,10,5.0,10,2229,10
2008-02-18T23:00+00:00,5904,0,0,283,10,300,10,5.2,10,9.8,10,1000.7,10,,,47,10,0.0,10,1,10,,,0.0,10,1.4,4.4,0,10,1.4,7.3,0,10,2.6,10,7.1,10,5.3,10,2338,10
2008-02-19T00:00+00:00,5904,0,0,293,10,320,10,5.7,10,11.8,10,1000.4,10,,,54,10,0.0,10,22,10,,,0.0,10,1.5,4.4,0,10,1.5,7.3,0,10,2.6,10,7.0,10,4.0,10,59,10
2008-02-19T01:00+00:00,5904,0,0,303,10,300,10,4.9,10,12.0,10,1000.3,10,,,53,10,0.0,10,2,10,,,0.0,10,1.5,4.4,0,10,1.5,7.3,0,10,2.6,10,6.8,10,4.5,10,142,10
2008-02-19T02:00+00:00,5904,0,0,303,10,287,10,4.3,10,10.0,10,999.8,10,,,52,10,0.0,10,0,10,,,0.0,10,1.6,4.4,0,10,1.6,7.3,0,10,2.6,10,6.6,10,4.4,10,206,10
2008-02-19T03:00+00:00,5904,0,0,310,10,300,10,4.5,10,10.7,10,999.6,10,,,55,10,0.0,10,0,10,,,0.0,10,1.6,4.4,0,10,1.6,7.3,0,10,2.6,10,6.5,10,5.2,10,306,10
2008-02-19T04:00+00:00,5904,0,0,319,10,313,10,4.0,10,12.3,10,999.5,10,,,60,10,0.0,10,0,10,,,0.0,10,1.6,4.4,0,10,1.6,7.3,0,10,2.6,10,6.5,10,4.3,10,458,10
2008-02-19T05:00+00:00,5904,0,0,320,10,338,10,5.1,10,12.1,10,999.7,10,,,63,10,0.0,10,0,10,,,0.0,10,1.6,4.4,0,10,1.7,7.3,0,10,2.6,10,5.9,10,5.0,10,512,10
2008-02-19T06:00+00:00,5904,0,0,307,10,288,10,3.8,10,10.3,10,999.9,10,,,65,10,0.0,10,0,10,,,0.0,10,1.7,4.4,0,10,1.7,7.3,0,10,2.6,10,5.8,10,4.6,10,624,10
2008-02-19T07:00+00:00,5904,8,0,313,10,313,10,2.9,10,8.8,10,1000.9,10,,,63,10,0.0,10,0,10,,,0.0,10,1.7,4.4,0,10,1.7,7.3,0,10,2.6,10,5.7,10,4.7,10,753,10
2008-02-19T08:00+00:00,5904,26,0,316,10,335,10,4.4,10,10.3,10,1000.9,10,,,67,10,0.0,10,0,10,,,0.0,10,1.8,4.4,0,10,1.8,7.2,0,10,2.6,10,6.0,10,5.2,10,845,10
2008-02-19T09:00+00:00,5904,45,0,293,10,299,10,3.4,10,9.8,10,1001.4,10,,,67,10,0.0,10,0,10,,,0.0,10,1.9,4.4,0,10,1.8,7.3,0,10,2.6,10,6.4,10,5.8,10,924,10
2008-02-19T10:00+00:00,5904,99,0,305,10,297,10,3.3,10,8.8,10,1001.6,10,,,64,10,0.0,10,0,10,,,0.0,10,2.0,4.4,0,10,2.0,7.2,0,10,2.6,10,7.1,10,6.4,10,1021,10
2008-02-19T11:00+00:00,5904,167,0,314,10,306,10,3.0,10,8.4,10,1001.3,10,,,62,10,0.0,10,0,10,,,0.0,10,2.2,4.4,0,10,2.1,7.2,0,10,2.6,10,7.8,10,8.5,10,1132,10
2008-02-19T12:00+00:00,5904,320,0,312,10,322,10,4.4,10,8.7,10,1001.0,10,,,59,10,0.0,10,0,10,,,0.4,10,2.6,4.4,0,10,2.4,7.2,0,10,2.6,10,9.0,10,10.2,10,1222,10
2008-02-19T13:00+00:00,5904,244,0,313,10,321,10,3.7,10,7.6,10,1000.5,10,,,59,10,0.0,10,0,10,,,0.0,10,2.9,4.4,0,10,2.7,7.2,0,10,2.6,10,9.0,10,11.1,10,1335,10
2008-02-19T14:00+00:00,5904,197,0,295,10,312,10,2.1,10,6.0,10,999.9,10,,,58,10,0.0,10,0,10,,,0.4,10,3.2,4.4,0,10,2.9,7.2,0,10,2.6,10,9.2,10,9.1,10,1419,10
2008-02-19T15:00+00:00,5904,176,0,313,10,335,10,2.4,10,6.6,10,999.6,10,,,56,10,0.0,10,0,10,,,0.9,10,3.2,4.4,0,10,3.0,7.2,0,10,2.6,10,9.4,10,7.7,10,1504,10
2008-02-19T16:00+00:00,5904,75,0,301,10,286,10,2.0,10,4.3,10,999.5,10,,,58,10,0.0,10,0,10,,,1.0,10,3.2,4.4,0,10,3.0,7.2,0,10,2.6,10,8.3,10,4.6,10,1607,10
2008-02-19T17:00+00:00,5904,4,0,293,10,296,10,1.3,10,3.0,10,999.7,10,,,62,10,0.0,10,0,10,,,0.1,10,3.1,4.3,0,10,2.9,7.2,0,10,2.6,10,7.3,10,2.8,10,1704,10
2008-02-19T18:00+00:00,5904,0,0,282,10,274,10,1.7,10,2.7,10,999.8,10,,,65,10,0.0,10,0,10,,,0.0,10,2.9,4.4,0,10,2.9,7.2,0,10,2.6,10,5.9,10,1.5,10,1852,10
2008-02-19T19:00+00:00,5904,0,0,308,10,298,10,1.7,10,2.7,10,999.8,10,,,70,10,0.0,10,0,10,,,0.0,10,2.8,4.3,0,10,2.8,7.2,0,10,2.6,10,3.9,10,-0.4,10,1920,10
2008-02-19T20:00+00:00,5904,0,0,40,10,38,10,2.5,10,3.9,10,1000.3,10,,,73,10,0.0,10,0,10,,,0.0,10,2.6,4.3,0,10,2.6,7.2,0,10,2.7,10,4.3,10,-1.5,10,2048,10
2008-02-19T21:00+00:00,5904,0,0,47,10,42,10,3.0,10,5.0,10,1000.5,10,,,77,10,0.0,10,0,10,,,0.0,10,2.4,4.3,0,10,2.5,7.2,0,10,2.7,10,4.0,10,-0.7,10,2127,10
2008-02-19T22:00+00:00,5904,0,0,49,10,61,10,2.5,10,4.2,10,1000.5,10,,,82,10,0.0,10,0,10,,,0.0,10,2.3,4.3,0,10,2.4,7.2,0,10,2.7,10,3.1,10,-1.7,10,2206,10
2008-02-19T23:00+00:00,5904,0,0,42,10,35,10,1.2,10,3.2,10,1000.3,10,,,88,10,0.0,10,0,10,,,0.0,10,2.1,4.3,0,10,2.3,7.2,0,10,2.7,10,1.8,10,-1.6,10,2400,10
2008-02-20T00:00+00:00,5904,0,0,63,10,55,10,0.8,10,3.1,10,1000.1,10,,,89,10,0.0,10,0,10,,,0.0,10,2.0,4.3,0,10,2.2,7.2,0,10,2.7,10,1.5,10,-2.7,10,54,10
2008-02-20T01:00+00:00,5904,0,0,25,10,66,10,1.6,10,3.0,10,999.9,10,,,91,10,0.0,10,0,10,,,0.0,10,1.9,4.3,0,10,2.1,7.2,0,10,2.7,10,0.7,10,-2.7,10,101,10
2008-02-20T02:00+00:00,5904,0,0,15,10,62,10,1.1,10,2.0,10,999.3,10,,,92,10,0.0,10,0,10,,,0.0,10,1.8,4.3,0,10,2.0,7.2,0,10,2.8,10,0.0,10,-2.7,10,221,10
2008-02-20T03:00+00:00,5904,0,0,224,10,236,10,0.7,10,2.4,10,998.9,10,,,93,10,0.0,10,0,10,,,0.0,10,1.6,4.3,0,10,1.9,7.2,0,10,2.8,10,-0.3,10,-3.3,10,356,10
2008-02-20T04:00+00:00,5904,0,0,37,10,35,10,1.5,10,3.1,10,998.8,10,,,93,10,0.0,10,0,10,,,0.0,10,1.5,4.3,0,10,1.8,7.2,0,10,2.8,10,-0.2,10,-4.0,10,434,10
2008-02-20T05:00+00:00,5904,0,0,27,10,33,10,2.1,10,3.2,10,998.8,10,,,93,10,0.0,10,0,10,,,0.0,10,1.4,4.3,0,10,1.7,7.2,0,10,2.8,10,0.0,10,-3.9,10,555,10
2008-02-20T06:00+00:00,5904,1,0,35,10,48,10,2.7,10,4.1,10,998.8,10,,,93,10,0.0,10,0,10,,,0.0,10,1.4,4.3,0,10,1.6,7.2,0,10,2.8,10,-0.1,10,-4.0,10,636,10
2008-02-20T07:00+00:00,5904,44,0,64,10,85,10,1.3,10,2.7,10,999.2,10,,,92,10,0.0,10,0,10,,,0.6,10,1.3,4.3,0,10,1.6,7.2,0,10,2.8,10,0.8,10,-3.7,10,725,10
2008-02-20T08:00+00:00,5904,149,0,106,10,169,10,0.5,10,2.7,10,999.4,10,,,85,10,0.0,10,0,10,,,0.9,10,1.4,4.3,0,10,1.6,7.2,0,10,2.8,10,2.7,10,-1.0,10,850,10
2008-02-20T09:00+00:00,5904,287,0,114,10,126,10,2.1,10,4.7,10,999.3,10,,,80,10,0.0,10,0,10,,,0.8,10,1.5,4.3,0,10,1.7,7.2,0,10,2.8,10,4.2,10,4.4,10,940,10
2008-02-20T10:00+00:00,5904,394,0,119,10,121,10,2.0,10,4.5,10,999.2,10,,,74,10,0.0,10,0,10,,,1.0,10,1.9,4.3,0,10,2.0,7.2,0,10,2.8,10,4.8,10,7.9,10,1003,10
2008-02-20T11:00+00:00,5904,446,0,132,10,130,10,1.7,10,4.6,10,998.5,10,,,67,10,0.0,10,0,10,,,1.0,10,2.5,4.3,0,10,2.4,7.2,0,10,2.8,10,6.6,10,11.4,10,1157,10
2008-02-20T12:00+00:00,5904,458,0,117,10,143,10,1.3,10,4.1,10,998.0,10,,,63,10,0.0,10,0,10,,,1.0,10,3.0,4.3,0,10,2.8,7.2,0,10,2.8,10,7.6,10,12.8,10,1208,10
2008-02-20T13:00+00:00,5904,406,0,99,10,118,10,2.0,10,4.6,10,997.5,10,,,60,10,0.0,10,0,10,,,1.0,10,3.6,4.3,0,10,3.1,7.2,0,10,2.8,10,8.1,10,14.1,10,1303,10
2008-02-20T14:00+00:00,5904,329,0,89,10,43,10,1.6,10,3.9,10,997.2,10,,,59,10,0.0,10,0,10,,,1.0,10,3.9,4.3,0,10,3.4,7.2,0,10,2.8,10,8.4,10,8.9,10,1458,10
2008-02-20T15:00+00:00,5904,198,0,60,10,47,10,1.8,10,4.3,10,996.9,10,,,60,10,0.0,10,0,10,,,1.0,10,4.0,4.3,0,10,3.6,7.2,0,10,2.8,10,8.2,10,7.1,10,1600,10
2008-02-20T16:00+00:00,5904,80,0,50,10,50,10,1.3,10,3.2,10,996.8,10,,,64,10,0.0,10,0,10,,,0.9,10,3.9,4.3,0,10,3.6,7.2,0,10,2.8,10,6.9,10,2.4,10,1603,10
2008-02-20T17:00+00:00,5904,3,0,101,10,121,10,1.7,10,2.8,10,997.1,10,,,70,10,0.0,10,0,10,,,0.0,10,3.7,4.3,0,10,3.5,7.2,0,10,2.8,10,5.4,10,0.5,10,1724,10
2008-02-20T18:00+00:00,5904,0,0,57,10,86,10,1.0,10,1.8,10,997.0,10,,,77,10,0.0,10,0,10,,,0.0,10,3.4,4.3,0,10,3.4,7.2,0,10,2.8,10,3.6,10,0.0,10,1900,10
2008-02-20T19:00+00:00,5904,0,0,299,10,279,10,0.6,10,2.0,10,997.1,10,,,81,10,0.0,10,0,10,,,0.0,10,3.2,4.3,0,10,3.2,7.2,0,10,2.8,10,2.9,10,-0.7,10,1957,10
2008-02-20T20:00+00:00,5904,0,0,281,10,276,10,1.1,10,2.4,10,997.3,10,,,83,10,0.0,10,0,10,,,0.0,10,3.0,4.3,0,10,3.1,7.2,0,10,2.9,10,2.0,10,-1.9,10,2009,10
2008-02-20T21:00+00:00,5904,0,0,306,10,276,10,0.7,10,2.1,10,997.4,10,,,84,10,0.0,10,0,10,,,0.0,10,2.8,4.3,0,10,2.9,7.2,0,10,2.9,10,1.2,10,-2.8,10,2118,10
2008-02-20T22:00+00:00,5904,0,0,204,10,211,10,0.5,10,2.4,10,997.5,10,,,86,10,0.0,10,0,10,,,0.0,10,2.6,4.3,0,10,2.8,7.2,0,10,2.9,10,0.8,10,-3.1,10,2249,10
2008-02-20T23:00+00:00,5904,0,0,233,10,268,10,1.3,10,3.3,10,997.8,10,,,88,10,0.0,10,0,10,,,0.0,10,2.5,4.3,0,10,2.7,7.2,0,10,2.9,10,0.0,10,-3.8,10,2325,10
2008-02-21T00:00+00:00,5904,0,0,258,10,276,10,0.4,10,2.7,10,998.1,10,,,90,10,0.0,10,0,10,,,0.0,10,2.3,4.3,0,10,2.5,7.2,0,10,2.9,10,0.0,10,-4.0,10,13,10
2008-02-21T01:00+00:00,5904,0,0,126,10,78,10,0.1,10,1.9,10,998.1,10,,,89,10,0.0,10,0,10,,,0.0,10,2.2,4.3,0,10,2.4,7.2,0,10,3.0,10,0.6,10,-3.2,10,132,10
2008-02-21T02:00+00:00,5904,0,0,76,10,50,10,0.3,10,2.2,10,998.0,10,,,88,10,0.0,10,0,10,,,0.0,10,2.2,4.3,0,10,2.4,7.2,0,10,3.0,10,1.1,10,-1.2,10,230,10
2008-02-21T03:00+00:00,5904,0,0,124,10,89,10,0.4,10,2.7,10,997.7,10,,,89,10,0.0,10,4,10,,,0.0,10,2.2,4.3,0,10,2.3,7.2,0,10,3.0,10,1.2,10,-0.3,10,310,10
2008-02-21T04:00+00:00,5904,0,0,76,10,86,10,0.8,10,3.0,10,998.2,10,,,88,10,0.0,10,1,10,,,0.0,10,2.1,4.3,0,10,2.3,7.2,0,10,3.0,10,1.6,10,-0.3,10,421,10
2008-02-21T05:00+00:00,5904,0,0,158,10,135,10,0.4,10,2.3,10,998.2,10,,,89,10,0.0,10,2,10,,,0.0,10,2.1,4.3,0,10,2.3,7.2,0,10,3.0,10,1.2,10,-0.6,10,559,10
2008-02-21T06:00+00:00,5904,0,0,152,10,271,10,0.7,10,3.0,10,998.4,10,,,88,10,0.0,10,24,10,,,0.0,10,2.1,4.3,0,10,2.3,7.2,0,10,3.0,10,2.0,10,-0.6,10,659,10
2008-02-21T07:00+00:00,5904,14,0,277,10,281,10,1.5,10,8.3,10,998.5,10,,,87,10,0.0,10,13,10,,,0.0,10,2.1,4.3,0,10,2.3,7.2,0,10,3.0,10,2.8,10,0.8,10,757,10
2008-02-21T08:00+00:00,5904,39,0,277,10,286,10,4.9,10,11.3,10,999.2,10,,,81,10,0.3,10,42,10,,,0.0,10,2.3,4.3,0,10,2.3,7.2,0,10,3.0,10,7.0,10,2.1,10,802,10
2008-02-21T09:00+00:00,5904,183,0,269,10,286,10,5.6,10,12.7,10,999.6,10,,,71,10,0.0,10,30,10,,,0.3,10,2.5,4.3,0,10,2.5,7.2,0,10,3.0,10,8.8,10,5.8,10,954,10
2008-02-21T10:00+00:00,5904,145,0,269,10,283,10,7.8,10,13.8,10,1000.1,10,,,70,10,0.0,10,0,10,,,0.0,10,2.7,4.3,0,10,2.7,7.2,0,10,3.0,10,8.8,10,7.9,10,1034,10
2008-02-21T11:00+00:00,5904,300,0,265,10,261,10,6.8,10,12.8,10,1000.0,10,,,67,10,0.0,10,0,10,,,0.4,10,3.0,4.3,0,10,2.9,7.2,0,10,3.0,10,10.4,10,8.7,10,1145,10
2008-02-21T12:00+00:00,5904,399,0,268,10,286,10,6.6,10,14.2,10,999.7,10,,,65,10,0.0,10,0,10,,,0.7,10,3.5,4.3,0,10,3.3,7.2,0,10,3.0,10,10.5,10,12.6,10,1216,10
2008-02-21T13:00+00:00,5904,279,0,255,10,249,10,6.1,10,12.1,10,999.3,10,,,66,10,0.0,10,0,10,,,0.5,10,3.9,4.3,0,10,3.6,7.2,0,10,3.0,10,10.4,10,11.0,10,1344,10
2008-02-21T14:00+00:00,5904,288,0,254,10,241,10,6.2,10,11.5,10,999.4,10,,,67,10,0.0,10,0,10,,,0.7,10,4.2,4.3,0,10,3.8,7.2,0,10,3.0,10,10.0,10,10.5,10,1416,10
2008-02-21T15:00+00:00,5904,162,0,256,10,238,10,5.3,10,12.9,10,999.5,10,,,68,10,0.0,10,0,10,,,0.7,10,4.3,4.3,0,10,3.9,7.2,0,10,3.0,10,9.7,10,8.4,10,1547,10
2008-02-21T16:00+00:00,5904,80,0,265,10,270,10,5.9,10,12.2,10,999.6,10,,,65,10,0.0,10,0,10,,,0.9,10,4.2,4.3,0,10,4.0,7.2,0,10,3.1,10,9.0,10,7.0,10,1619,10
2008-02-21T17:00+00:00,5904,7,0,266,10,261,10,5.0,10,9.3,10,1000.5,10,,,69,10,0.0,10,0,10,,,0.0,10,4.1,4.3,0,10,3.9,7.2,0,10,3.1,10,8.2,10,5.0,10,1708,10
2008-02-21T18:00+00:00,5904,0,0,269,10,265,10,3.6,10,7.0,10,1000.6,10,,,73,10,0.0,10,0,10,,,0.0,10,4.0,4.3,0,10,3.9,7.2,0,10,3.1,10,7.2,10,2.8,10,1807,10
2008-02-21T19:00+00:00,5904,0,0,269,10,274,10,3.9,10,6.6,10,1000.7,10,,,73,10,0.0,10,0,10,,,0.0,10,3.9,4.3,0,10,3.8,7.2,0,10,3.1,10,7.8,10,2.3,10,1923,10
2008-02-21T20:00+00:00,5904,0,0,251,10,258,10,2.6,10,5.3,10,1000.6,10,,,76,10,0.0,10,0,10,,,0.0,10,3.8,4.3,0,10,3.7,7.2,0,10,3.1,10,7.6,10,5.3,10,2008,10
2008-02-21T21:00+00:00,5904,0,0,254,10,272,10,2.8,10,4.6,10,1000.7,10,,,79,10,0.0,10,0,10,,,0.0,10,3.8,4.3,0,10,3.7,7.2,0,10,3.1,10,7.7,10,5.1,10,2109,10
2008-02-21T22:00+00:00,5904,0,0,241,10,244,10,1.9,10,3.1,10,1000.5,10,,,81,10,0.0,10,0,10,,,0.0,10,3.7,4.3,0,10,3.7,7.2,0,10,3.2,10,7.4,10,5.1,10,2300,10
2008-02-21T23:00+00:00,5904,0,0,244,10,276,10,1.3,10,5.7,10,1000.6,10,,,79,10,0.0,10,0,10,,,0.0,10,3.7,4.3,0,10,3.7,7.2,0,10,3.2,10,7.9,10,5.3,10,2357,10
2008-02-22T00:00+00:00,5904,0,0,253,10,259,10,3.7,10,8.8,10,1000.4,10,,,73,10,0.0,10,0,10,,,0.0,10,3.7,4.3,0,10,3.7,7.2,0,10,3.2,10,9.4,10,5.9,10,36,10
2008-02-22T01:00+00:00,5904,0,0,260,10,260,10,3.5,10,9.3,10,1000.2,10,,,70,10,0.0,10,0,10,,,0.0,10,3.8,4.3,0,10,3.7,7.2,0,10,3.2,10,9.5,10,7.3,10,149,10
2008-02-22T02:00+00:00,5904,0,0,261,10,281,10,3.9,10,8.8,10,999.8,10,,,73,10,0.0,10,0,10,,,0.0,10,3.8,4.3,0,10,3.7,7.2,0,10,3.2,10,9.1,10,5.9,10,258,10
2008-02-22T03:00+00:00,5904,0,0,270,10,279,10,5.2,10,9.8,10,999.6,10,,,73,10,0.0,10,0,10,,,0.0,10,3.7,4.3,0,10,3.7,7.1,0,10,3.3,10,9.2,10,6.0,10,325,10
2008-02-22T04:00+00:00,5904,0,0,265,10,271,10,5.1,10,11.4,10,999.7,10,,,73,10,0.0,10,1,10,,,0.0,10,3.7,4.3,0,10,3.7,7.1,0,10,3.3,10,9.1,10,7.1,10,456,10
2008-02-22T05:00+00:00,5904,0,0,265,10,263,10,6.1,10,13.2,10,999.6,10,,,73,10,0.0,10,14,10,,,0.0,10,3.8,4.3,0,10,3.7,7.1,0,10,3.3,10,9.4,10,7.6,10,552,10
2008-02-22T06:00+00:00,5904,0,0,263,10,264,10,8.3,10,18.6,10,999.2,10,,,79,10,0.3,10,58,10,,,0.0,10,3.8,4.3,0,10,3.8,7.1,0,10,3.3,10,8.9,10,6.9,10,658,10
2008-02-22T07:00+00:00,5904,30,0,266,10,271,10,8.7,10,19.5,10,999.3,10,,,72,10,0.0,10,44,10,,,0.0,10,3.9,4.3,0,10,3.8,7.1,0,10,3.3,10,9.7,10,6.6,10,720,10
2008-02-22T08:00+00:00,5904,102,0,271,10,256,10,9.0,10,18.0,10,999.5,10,,,68,10,0.0,10,10,10,,,0.0,10,4.0,4.3,0,10,3.9,7.1,0,10,3.3,10,10.3,10,8.1,10,855,10
2008-02-22T09:00+00:00,5904,156,0,274,10,283,10,11.1,10,21.4,10,999.2,10,,,65,10,0.0,10,0,10,,,0.0,10,4.2,4.3,0,10,4.1,7.1,0,10,3.4,10,11.2,10,9.3,10,954,10
2008-02-22T10:00+00:00,5904,176,0,271,10,275,10,12.4,10,23.7,10,999.2,10,,,64,10,0.0,10,6,10,,,0.0,10,4.4,4.3,0,10,4.2,7.1,0,10,3.4,10,11.5,10,11.0,10,1047,10
2008-02-22T11:00+00:00,5904,124,0,269,10,285,10,11.4,10,23.7,10,999.1,10,,,63,10,0.0,10,10,10,,,0.0,10,4.6,4.3,0,10,4.4,7.1,0,10,3.4,10,11.9,10,11.1,10,1102,10
2008-02-22T12:00+00:00,5904,118,0,273,10,270,10,9.7,10,18.6,10,998.0,10,,,59,10,0.0,10,1,10,,,0.0,10,4.8,4.3,0,10,4.5,7.1,0,10,3.4,10,12.8,10,12.0,10,1235,10
2008-02-22T13:00+00:00,5904,240,0,271,10,273,10,11.4,10,23.3,10,997.1,10,,,52,10,0.0,10,1,10,,,0.4,10,5.0,4.3,0,10,4.7,7.1,0,10,3.4,10,14.6,10,13.3,10,1349,10
2008-02-22T14:00+00:00,5904,291,0,272,10,276,10,11.8,10,23.2,10,996.9,10,,,51,10,0.0,10,0,10,,,0.6,10,5.3,4.3,0,10,4.9,7.1,0,10,3.4,10,14.6,10,14.9,10,1429,10
2008-02-22T15:00+00:00,5904,268,0,273,10,278,10,10.9,10,22.5,10,997.3,10,,,49,10,0.0,10,0,10,,,1.0,10,5.6,4.3,0,10,5.1,7.1,0,10,3.5,10,14.9,10,14.7,10,1511,10
2008-02-22T16:00+00:00,5904,69,0,269,10,269,10,9.1,10,19.9,10,997.9,10,,,50,10,0.0,10,0,10,,,0.8,10,5.6,4.3,0,10,5.2,7.1,0,10,3.5,10,14.1,10,13.2,10,1610,10
2008-02-22T17:00+00:00,5904,7,0,269,10,260,10,7.0,10,13.7,10,997.8,10,,,50,10,0.0,10,0,10,,,0.0,10,5.6,4.3,0,10,5.2,7.1,0,10,3.5,10,13.6,10,11.6,10,1753,10
2008-02-22T18:00+00:00,5904,0,0,265,10,249,10,6.0,10,13.1,10,997.5,10,,,50,10,0.0,10,0,10,,,0.0,10,5.5,4.3,0,10,5.2,7.1,0,10,3.5,10,13.5,10,10.9,10,1849,10
2008-02-22T19:00+00:00,5904,0,0,260,10,251,10,5.9,10,11.7,10,997.6,10,,,49,10,0.0,10,0,10,,,0.0,10,5.5,4.3,0,10,5.2,7.1,0,10,3.6,10,13.7,10,11.4,10,1932,10
2008-02-22T20:00+00:00,5904,0,0,266,10,268,10,6.6,10,16.4,10,997.5,10,,,49,10,0.0,10,0,10,,,0.0,10,5.4,4.3,0,10,5.2,7.1,0,10,3.6,10,13.5,10,11.0,10,2051,10
2008-02-22T21:00+00:00,5904,0,0,266,10,270,10,6.3,10,13.6,10,997.4,10,,,51,10,0.0,10,0,10,,,0.0,10,5.4,4.3,0,10,5.2,7.1,0,10,3.6,10,13.0,10,10.9,10,2109,10
2008-02-22T22:00+00:00,5904,0,0,273,10,269,10,9.0,10,20.8,10,996.9,10,,,52,10,0.0,10,0,10,,,0.0,10,5.4,4.3,0,10,5.2,7.1,0,10,3.6,10,13.1,10,10.8,10,2249,10
2008-02-22T23:00+00:00,5904,0,0,275,10,273,10,10.5,10,24.4,10,996.9,10,,,53,10,0.0,10,0,10,,,0.0,10,5.4,4.3,0,10,5.2,7.1,0,10,3.7,10,12.8,10,11.7,10,2310,10
2008-02-23T00:00+00:00,5904,0,0,273,10,274,10,9.9,10,23.6,10,997.2,10,,,57,10,0.0,10,14,10,,,0.0,10,5.4,4.3,0,10,5.2,7.1,0,10,3.7,10,12.2,10,10.1,10,12,10
2008-02-23T01:00+00:00,5904,0,0,270,10,270,10,10.4,10,22.3,10,996.6,10,,,64,10,0.2,10,31,10,,,0.0,10,5.4,4.4,0,10,5.2,7.1,0,10,3.7,10,11.4,10,8.4,10,133,10
2008-02-23T02:00+00:00,5904,0,0,268,10,264,10,10.6,10,21.6,10,996.1,10,,,65,10,0.2,10,34,10,,,0.0,10,5.4,4.3,0,10,5.2,7.1,0,10,3.8,10,11.4,10,8.4,10,246,10
2008-02-23T03:00+00:00,5904,0,0,265,10,269,10,9.8,10,21.0,10,996.8,10,,,63,10,0.0,10,0,10,,,0.0,10,5.4,4.4,0,10,5.2,7.1,0,10,3.8,10,11.7,10,8.5,10,308,10
2008-02-23T04:00+00:00,5904,0,0,277,10,277,10,8.3,10,20.8,10,997.8,10,,,64,10,0.0,10,0,10,,,0.0,10,5.4,4.4,0,10,5.2,7.1,0,10,3.8,10,11.1,10,8.8,10,428,10
2008-02-23T05:00+00:00,5904,0,0,272,10,274,10,7.5,10,16.5,10,998.2,10,,,64,10,0.0,10,0,10,,,0.0,10,5.4,4.4,0,10,5.3,7.1,0,10,3.9,10,11.2,10,8.7,10,525,10
2008-02-23T06:00+00:00,5904,1,0,259,10,258,10,5.2,10,11.6,10,998.8,10,,,65,10,0.0,10,0,10,,,0.0,10,5.4,4.4,0,10,5.2,7.1,0,10,3.9,10,10.6,10,7.9,10,608,10
2008-02-23T07:00+00:00,5904,14,0,272,10,288,10,4.3,10,13.3,10,999.4,10,,,64,10,0.0,10,0,10,,,0.0,10,5.4,4.4,0,10,5.2,7.1,0,10,3.9,10,11.1,10,8.0,10,752,10
2008-02-23T08:00+00:00,5904,55,0,282,10,292,10,6.3,10,14.3,10,999.9,10,,,61,10,0.0,10,0,10,,,0.0,10,5.4,4.4,0,10,5.3,7.1,0,10,3.9,10,11.9,10,10.1,10,827,10
2008-02-23T09:00+00:00,5904,60,0,288,10,296,10,6.2,10,14.6,10,1000.6,10,,,61,10,0.0,10,0,10,,,0.0,10,5.5,4.4,0,10,5.3,7.1,0,10,4.0,10,12.0,10,11.3,10,914,10
2008-02-23T10:00+00:00,5904,262,0,278,10,291,10,6.4,10,14.3,10,1000.5,10,,,57,10,0.0,10,0,10,,,0.5,10,5.7,4.4,0,10,5.6,7.1,0,10,4.0,10,13.7,10,11.8,10,1051,10
2008-02-23T11:00+00:00,5904,461,0,277,10,286,10,8.2,10,15.8,10,1000.0,10,,,54,10,0.0,10,0,10,,,1.0,10,6.1,4.4,0,10,5.8,7.1,0,10,4.0,10,14.0,10,18.6,10,1126,10
2008-02-23T12:00+00:00,5904,496,0,279,10,273,10,7.3,10,18.2,10,999.9,10,,,48,10,0.0,10,0,10,,,1.0,10,6.7,4.4,0,10,6.2,7.1,0,10,4.0,10,14.9,10,18.8,10,1231,10
2008-02-23T13:00+00:00,5904,433,0,283,10,269,10,7.4,10,16.3,10,1000.0,10,,,48,10,0.0,10,0,10,,,1.0,10,7.1,4.4,0,10,6.5,7.1,0,10,4.1,10,14.8,10,18.5,10,1309,10
2008-02-23T14:00+00:00,5904,300,0,288,10,281,10,7.1,10,15.1,10,1000.3,10,,,47,10,0.0,10,0,10,,,0.8,10,7.3,4.4,0,10,6.7,7.1,0,10,4.1,10,13.9,10,13.9,10,1412,10
2008-02-23T15:00+00:00,5904,159,0,289,10,281,10,6.2,10,13.7,10,1000.7,10,,,47,10,0.0,10,0,10,,,0.8,10,7.3,4.4,0,10,6.8,7.1,0,10,4.1,10,13.6,10,12.7,10,1530,10
2008-02-23T16:00+00:00,5904,66,0,291,10,278,10,5.7,10,12.8,10,1000.9,10,,,49,10,0.0,10,0,10,,,0.6,10,7.2,4.4,0,10,6.8,7.1,0,10,4.2,10,12.6,10,10.9,10,1632,10
2008-02-23T17:00+00:00,5904,7,0,275,10,306,10,3.9,10,9.0,10,1001.4,10,,,53,10,0.0,10,0,10,,,0.0,10,7.0,4.4,0,10,6.7,7.1,0,10,4.2,10,11.1,10,7.0,10,1800,10
2008-02-23T18:00+00:00,5904,0,0,281,10,297,10,3.3,10,7.2,10,1002.0,10,,,55,10,0.0,10,0,10,,,0.0,10,6.7,4.5,0,10,6.5,7.1,0,10,4.2,10,10.5,10,5.3,10,1859,10
2008-02-23T19:00+00:00,5904,0,0,269,10,302,10,3.5,10,8.0,10,1002.6,10,,,57,10,0.0,10,0,10,,,0.0,10,6.5,4.5,0,10,6.4,7.1,0,10,4.2,10,10.3,10,5.1,10,1903,10
2008-02-23T20:00+00:00,5904,0,0,280,10,285,10,3.5,10,7.9,10,1002.9,10,,,60,10,0.0,10,0,10,,,0.0,10,6.3,4.5,0,10,6.2,7.1,0,10,4.3,10,9.6,10,5.2,10,2047,10
2008-02-23T21:00+00:00,5904,0,0,276,10,281,10,4.3,10,6.9,10,1003.0,10,,,64,10,0.0,10,0,10,,,0.0,10,6.1,4.5,0,10,6.1,7.1,0,10,4.3,10,9.1,10,4.8,10,2112,10
2008-02-23T22:00+00:00,5904,0,0,275,10,265,10,3.7,10,6.5,10,1003.1,10,,,68,10,0.0,10,0,10,,,0.0,10,6.0,4.5,0,10,6.0,7.1,0,10,4.4,10,7.8,10,2.8,10,2222,10
2008-02-23T23:00+00:00,5904,0,0,266,10,251,10,2.3,10,4.4,10,1002.8,10,,,74,10,0.0,10,0,10,,,0.0,10,5.8,4.5,0,10,5.8,7.1,0,10,4.4,10,7.2,10,1.7,10,2336,10
2008-02-24T00:00+00:00,5904,0,0,253,10,249,10,2.1,10,4.8,10,1002.6,10,,,72,10,0.0,10,0,10,,,0.0,10,5.7,4.5,0,10,5.7,7.1,0,10,4.4,10,8.8,10,2.9,10,1,10
2008-02-24T01:00+00:00,5904,0,0,261,10,245,10,1.8,10,4.5,10,1002.6,10,,,71,10,0.0,10,0,10,,,0.0,10,5.7,4.5,0,10,5.7,7.1,0,10,4.5,10,9.1,10,6.5,10,105,10
2008-02-24T02:00+00:00,5904,0,0,60,10,64,10,1.8,10,3.0,10,1002.2,10,,,71,10,0.0,10,0,10,,,0.0,10,5.7,4.5,0,10,5.7,7.1,0,10,4.5,10,8.8,10,6.3,10,214,10
2008-02-24T03:00+00:00,5904,0,0,255,10,265,10,1.5,10,2.4,10,1001.8,10,,,75,10,0.0,10,0,10,,,0.0,10,5.6,4.5,0,10,5.6,7.1,0,10,4.5,10,7.8,10,4.6,10,339,10
2008-02-24T04:00+00:00,5904,0,0,242,10,224,10,1.3,10,2.3,10,1001.6,10,,,80,10,0.0,10,0,10,,,0.0,10,5.5,4.5,0,10,5.5,7.1,0,10,4.6,10,6.5,10,2.5,10,408,10
2008-02-24T05:00+00:00,5904,0,0,42,10,98,10,0.5,10,3.9,10,1001.6,10,,,84,10,0.0,10,0,10,,,0.0,10,5.3,4.6,0,10,5.4,7.1,0,10,4.6,10,5.8,10,1.5,10,507,10
2008-02-24T06:00+00:00,5904,1,0,19,10,340,10,0.9,10,2.8,10,1001.7,10,,,87,10,0.0,10,0,10,,,0.0,10,5.2,4.6,0,10,5.3,7.1,0,10,4.6,10,4.9,10,1.0,10,613,10
2008-02-24T07:00+00:00,5904,62,0,269,10,265,10,1.3,10,2.5,10,1001.7,10,,,86,10,0.0,10,0,10,,,0.9,10,5.1,4.6,0,10,5.2,7.1,0,10,4.6,10,5.8,10,1.3,10,728,10
2008-02-24T08:00+00:00,5904,200,0,161,10,113,10,0.5,10,2.5,10,1001.5,10,,,67,10,0.0,10,0,10,,,1.0,10,5.1,4.6,0,10,5.2,7.1,0,10,4.6,10,10.8,10,4.1,10,854,10
2008-02-24T09:00+00:00,5904,332,0,103,10,95,10,1.9,10,3.4,10,1001.3,10,,,63,10,0.0,10,0,10,,,1.0,10,5.4,4.6,0,10,5.5,7.1,0,10,4.7,10,11.3,10,16.2,10,946,10
2008-02-24T10:00+00:00,5904,441,0,123,10,124,10,1.6,10,3.8,10,1000.8,10,,,57,10,0.0,10,0,10,,,1.0,10,5.9,4.6,0,10,5.8,7.1,0,10,4.7,10,12.6,10,19.1,10,1037,10
2008-02-24T11:00+00:00,5904,499,0,106,10,136,10,1.9,10,4.2,10,1000.1,10,,,50,10,0.0,10,0,10,,,1.0,10,6.6,4.6,0,10,6.3,7.1,0,10,4.7,10,14.4,10,21.2,10,1158,10
2008-02-24T12:00+00:00,5904,503,0,110,10,112,10,2.4,10,5.7,10,999.1,10,,,49,10,0.0,10,0,10,,,1.0,10,7.2,4.6,0,10,6.7,7.1,0,10,4.7,10,15.4,10,22.8,10,1243,10
2008-02-24T13:00+00:00,5904,462,0,126,10,147,10,2.3,10,5.0,10,998.1,10,,,48,10,0.0,10,0,10,,,1.0,10,7.8,4.6,0,10,7.2,7.1,0,10,4.7,10,16.4,10,23.2,10,1333,10
2008-02-24T14:00+00:00,5904,361,0,105,10,104,10,2.4,10,5.8,10,997.4,10,,,47,10,0.0,10,0,10,,,1.0,10,8.2,4.6,0,10,7.5,7.1,0,10,4.7,10,17.0,10,16.2,10,1442,10
2008-02-24T15:00+00:00,5904,219,0,112,10,109,10,4.0,10,7.5,10,996.9,10,,,47,10,0.0,10,0,10,,,1.0,10,8.2,4.7,0,10,7.6,7.1,0,10,4.7,10,16.4,10,14.3,10,1549,10
2008-02-24T16:00+00:00,5904,95,0,124,10,126,10,3.3,10,6.3,10,996.6,10,,,50,10,0.0,10,0,10,,,1.0,10,8.1,4.7,0,10,7.6,7.1,0,10,4.8,10,14.9,10,11.2,10,1603,10
2008-02-24T17:00+00:00,5904,8,0,128,10,124,10,1.9,10,4.4,10,996.3,10,,,56,10,0.0,10,0,10,,,0.2,10,7.8,4.7,0,10,7.5,7.1,0,10,4.8,10,12.9,10,8.1,10,1707,10
2008-02-24T18:00+00:00,5904,0,0,114,10,109,10,1.3,10,2.3,10,996.1,10,,,64,10,0.0,10,0,10,,,0.0,10,7.6,4.7,0,10,7.4,7.1,0,10,4.8,10,10.9,10,6.8,10,1848,10
2008-02-24T19:00+00:00,5904,0,0,64,10,75,10,1.0,10,1.7,10,995.9,10,,,71,10,0.0,10,0,10,,,0.0,10,7.3,4.7,0,10,7.2,7.1,0,10,4.8,10,9.6,10,5.4,10,1935,10
2008-02-24T20:00+00:00,5904,0,0,231,10,292,10,0.1,10,1.7,10,995.7,10,,,75,10,0.0,10,0,10,,,0.0,10,7.1,4.7,0,10,7.0,7.0,0,10,4.9,10,8.5,10,4.4,10,2030,10
2008-02-24T21:00+00:00,5904,0,0,94,10,105,10,0.6,10,1.3,10,995.2,10,,,79,10,0.0,10,0,10,,,0.0,10,6.9,4.7,0,10,6.9,7.0,0,10,4.9,10,7.4,10,3.0,10,2118,10
2008-02-24T22:00+00:00,5904,0,0,26,10,32,10,1.0,10,3.8,10,995.4,10,,,82,10,0.0,10,0,10,,,0.0,10,6.7,4.7,0,10,6.7,7.0,0,10,4.9,10,6.7,10,2.2,10,2257,10
2008-02-24T23:00+00:00,5904,0,0,29,10,353,10,0.8,10,3.1,10,995.1,10,,,83,10,0.0,10,0,10,,,0.0,10,6.5,4.8,0,10,6.5,7.0,0,10,5.0,10,6.3,10,1.9,10,2340,10
2008-02-25T00:00+00:00,5904,0,0,240,10,267,10,0.4,10,3.1,10,995.1,10,,,86,10,0.0,10,0,10,,,0.0,10,6.3,4.8,0,10,6.4,7.1,0,10,5.0,10,5.5,10,1.5,10,19,10
2008-02-25T01:00+00:00,5904,0,0,226,10,246,10,0.9,10,2.4,10,995.0,10,,,88,10,0.0,10,0,10,,,0.0,10,6.1,4.8,0,10,6.2,7.0,0,10,5.0,10,5.1,10,0.8,10,126,10
2008-02-25T02:00+00:00,5904,0,0,256,10,254,10,1.2,10,2.0,10,994.8,10,,,90,10,0.0,10,0,10,,,0.0,10,5.9,4.8,0,10,6.1,7.0,0,10,5.1,10,4.6,10,0.7,10,228,10
2008-02-25T03:00+00:00,5904,0,0,277,10,283,10,0.6,10,2.0,10,994.7,10,,,90,10,0.0,10,0,10,,,0.0,10,5.7,4.8,0,10,5.9,7.0,0,10,5.1,10,4.8,10,0.2,10,312,10
2008-02-25T04:00+00:00,5904,0,0,181,10,149,10,0.7,10,1.7,10,994.7,10,,,91,10,0.0,10,0,10,,,0.0,10,5.6,4.8,0,10,5.8,7.0,0,10,5.1,10,4.1,10,0.2,10,445,10
2008-02-25T05:00+00:00,5904,0,0,252,10,266,10,0.2,10,2.1,10,994.7,10,,,91,10,0.0,10,0,10,,,0.0,10,5.4,4.8,0,10,5.7,7.0,0,10,5.2,10,4.0,10,0.2,10,551,10
2008-02-25T06:00+00:00,5904,2,0,99,10,102,10,1.0,10,3.5,10,994.8,10,,,92,10,0.0,10,0,10,,,0.0,10,5.3,4.8,0,10,5.5,7.0,0,10,5.2,10,4.3,10,0.4,10,656,10
2008-02-25T07:00+00:00,5904,70,0,66,10,72,10,1.6,10,3.7,10,995.3,10,,,86,10,0.0,10,0,10,,,1.0,10,5.2,4.8,0,10,5.5,7.0,0,10,5.2,10,5.5,10,1.5,10,739,10
2008-02-25T08:00+00:00,5904,201,0,300,10,282,10,1.9,10,15.3,10,995.4,10,,,48,10,0.0,10,0,10,,,1.0,10,5.3,4.9,0,10,5.5,7.0,0,10,5.2,10,14.7,10,3.7,10,857,10
2008-02-25T09:00+00:00,5904,341,0,279,10,286,10,9.0,10,17.7,10,995.6,10,,,43,10,0.0,10,0,10,,,1.0,10,5.7,4.9,0,10,5.7,7.0,0,10,5.2,10,15.6,10,16.3,10,939,10
2008-02-25T10:00+00:00,5904,414,0,278,10,287,10,7.9,10,17.5,10,995.6,10,,,42,10,0.0,10,0,10,,,1.0,10,6.2,4.9,0,10,6.1,7.0,0,10,5.2,10,16.0,10,18.6,10,1037,10
2008-02-25T11:00+00:00,5904,352,0,279,10,276,10,7.4,10,17.9,10,995.7,10,,,41,10,0.0,10,0,10,,,1.0,10,6.7,4.9,0,10,6.4,7.0,0,10,5.2,10,17.0,10,16.3,10,1115,10
2008-02-25T12:00+00:00,5904,390,0,277,10,271,10,6.7,10,14.3,10,995.6,10,,,41,10,0.0,10,0,10,,,0.8,10,7.2,4.9,0,10,6.8,7.0,0,10,5.2,10,18.1,10,18.2,10,1233,10
2008-02-25T13:00+00:00,5904,474,0,271,10,266,10,6.6,10,16.3,10,995.4,10,,,41,10,0.0,10,0,10,,,1.0,10,7.8,4.9,0,10,7.2,7.0,0,10,5.2,10,18.0,10,21.3,10,1329,10
2008-02-25T14:00+00:00,5904,302,0,272,10,295,10,6.7,10,14.9,10,995.4,10,,,43,10,0.0,10,0,10,,,0.7,10,8.1,4.9,0,10,7.5,7.0,0,10,5.2,10,17.8,10,18.2,10,1458,10
2008-02-25T15:00+00:00,5904,183,0,286,10,308,10,5.1,10,12.9,10,995.8,10,,,42,10,0.0,10,0,10,,,0.6,10,8.3,4.9,0,10,7.7,7.0,0,10,5.2,10,17.4,10,16.3,10,1553,10
2008-02-25T16:00+00:00,5904,73,0,320,10,310,10,5.0,10,12.7,10,996.7,10,,,50,10,0.0,10,0,10,,,0.3,10,8.3,4.9,0,10,7.8,7.0,0,10,5.3,10,15.1,10,14.0,10,1604,10
2008-02-25T17:00+00:00,5904,5,0,347,10,339,10,4.2,10,8.5,10,997.4,10,,,55,10,0.0,10,0,10,,,0.0,10,8.1,5.0,0,10,7.7,7.0,0,10,5.3,10,13.2,10,10.8,10,1727,10
2008-02-25T18:00+00:00,5904,0,0,335,10,334,10,3.2,10,6.9,10,997.7,10,,,60,10,0.0,10,0,10,,,0.0,10,7.9,5.0,0,10,7.6,7.0,0,10,5.3,10,11.6,10,7.3,10,1821,10
2008-02-25T19:00+00:00,5904,0,0,270,10,322,10,1.2,10,2.7,10,997.6,10,,,69,10,0.0,10,0,10,,,0.0,10,7.6,5.0,0,10,7.5,7.0,0,10,5.3,10,10.2,10,5.2,10,1906,10
2008-02-25T20:00+00:00,5904,0,0,276,10,267,10,1.3,10,2.5,10,997.8,10,,,73,10,0.0,10,0,10,,,0.0,10,7.4,5.0,0,10,7.3,7.0,0,10,5.3,10,9.4,10,4.7,10,2059,10
2008-02-25T21:00+00:00,5904,0,0,287,10,254,10,1.2,10,2.5,10,997.6,10,,,78,10,0.0,10,0,10,,,0.0,10,7.2,5.0,0,10,7.1,7.0,0,10,5.4,10,8.1,10,4.4,10,2102,10
2008-02-25T22:00+00:00,5904,0,0,278,10,294,10,2.1,10,2.8,10,997.6,10,,,82,10,0.0,10,0,10,,,0.0,10,7.0,5.0,0,10,7.0,7.0,0,10,5.4,10,7.2,10,3.8,10,2209,10
2008-02-25T23:00+00:00,5904,0,0,294,10,282,10,1.9,10,2.8,10,997.2,10,,,84,10,0.0,10,0,10,,,0.0,10,6.8,5.0,0,10,6.8,7.0,0,10,5.4,10,6.7,10,3.3,10,2329,10
2008-02-26T00:00+00:00,5904,0,0,296,10,342,10,0.8,10,2.9,10,997.0,10,,,86,10,0.0,10,0,10,,,0.0,10,6.6,5.0,0,10,6.7,7.0,0,10,5.4,10,5.9,10,2.0,10,7,10
2008-02-26T01:00+00:00,5904,0,0,226,10,237,10,1.8,10,3.2,10,996.8,10,,,88,10,0.0,10,0,10,,,0.0,10,6.4,5.1,0,10,6.5,7.0,0,10,5.5,10,5.6,10,1.9,10,149,10
2008-02-26T02:00+00:00,5904,0,0,270,10,271,10,1.9,10,3.4,10,996.1,10,,,89,10,0.0,10,0,10,,,0.0,10,6.2,5.1,0,10,6.4,7.0,0,10,5.5,10,5.2,10,1.5,10,215,10
2008-02-26T03:00+00:00,5904,0,0,48,10,281,10,0.7,10,1.9,10,995.9,10,,,91,10,0.0,10,0,10,,,0.0,10,6.1,5.1,0,10,6.2,7.0,0,10,5.5,10,4.2,10,0.3,10,400,10
2008-02-26T04:00+00:00,5904,0,0,243,10,230,10,1.0,10,2.3,10,995.6,10,,,93,10,0.0,10,0,10,,,0.0,10,5.9,5.1,0,10,6.1,7.0,0,10,5.5,10,3.4,10,-0.5,10,415,10
2008-02-26T05:00+00:00,5904,0,0,110,10,68,10,0.1,10,2.0,10,995.3,10,,,94,10,0.0,10,0,10,,,0.0,10,5.7,5.1,0,10,6.0,7.0,0,10,5.6,10,2.8,10,-0.6,10,558,10
2008-02-26T06:00+00:00,5904,3,0,317,10,259,10,0.5,10,2.4,10,995.0,10,,,94,10,0.0,10,0,10,,,0.0,10,5.6,5.1,0,10,5.8,7.0,0,10,5.6,10,3.3,10,-0.9,10,657,10
2008-02-26T07:00+00:00,5904,60,0,243,10,245,10,2.0,10,2.7,10,994.8,10,,,90,10,0.0,10,0,10,,,0.8,10,5.5,5.1,0,10,5.7,7.0,0,10,5.6,10,5.2,10,0.0,10,724,10
2008-02-26T08:00+00:00,5904,189,0,185,10,133,10,0.6,10,2.3,10,994.6,10,,,76,10,0.0,10,0,10,,,1.0,10,5.5,5.1,0,10,5.7,7.0,0,10,5.6,10,9.1,10,3.5,10,858,10
2008-02-26T09:00+00:00,5904,318,0,123,10,129,10,1.4,10,3.5,10,994.3,10,,,67,10,0.0,10,0,10,,,1.0,10,5.8,5.1,0,10,6.0,7.0,0,10,5.6,10,10.6,10,12.1,10,950,10
2008-02-26T10:00+00:00,5904,428,0,165,10,191,10,2.4,10,5.7,10,993.6,10,,,59,10,0.0,10,0,10,,,1.0,10,6.4,5.2,0,10,6.3,7.0,0,10,5.6,10,12.4,10,16.5,10,1032,10
2008-02-26T11:00+00:00,5904,483,0,149,10,204,10,2.2,10,4.7,10,992.8,10,,,57,10,0.0,10,0,10,,,1.0,10,7.0,5.2,0,10,6.7,7.0,0,10,5.6,10,13.7,10,20.2,10,1105,10
2008-02-26T12:00+00:00,5904,493,0,150,10,134,10,2.2,10,5.1,10,991.8,10,,,52,10,0.0,10,0,10,,,1.0,10,7.6,5.2,0,10,7.2,7.0,0,10,5.6,10,15.3,10,21.2,10,1218,10
2008-02-26T13:00+00:00,5904,446,0,115,10,141,10,2.1,10,4.9,10,990.8,10,,,49,10,0.0,10,0,10,,,1.0,10,8.2,5.2,0,10,7.6,7.0,0,10,5.6,10,16.5,10,22.8,10,1400,10
2008-02-26T14:00+00:00,5904,355,0,131,10,99,10,2.0,10,5.4,10,990.1,10,,,48,10,0.0,10,0,10,,,1.0,10,8.6,5.2,0,10,7.9,7.0,0,10,5.6,10,16.4,10,15.8,10,1451,10
2008-02-26T15:00+00:00,5904,214,0,130,10,157,10,3.3,10,6.2,10,989.5,10,,,49,10,0.0,10,0,10,,,1.0,10,8.6,5.2,0,10,8.1,7.0,0,10,5.6,10,15.7,10,14.1,10,1545,10
2008-02-26T16:00+00:00,5904,95,0,133,10,154,10,3.1,10,6.9,10,989.0,10,,,51,10,0.0,10,0,10,,,1.0,10,8.5,5.2,0,10,8.1,7.0,0,10,5.6,10,14.0,10,10.5,10,1622,10
2008-02-26T17:00+00:00,5904,8,0,150,10,161,10,2.7,10,6.0,10,988.8,10,,,53,10,0.0,10,0,10,,,0.1,10,8.3,5.2,0,10,8.0,7.0,0,10,5.6,10,13.0,10,8.6,10,1740,10
2008-02-26T18:00+00:00,5904,0,0,211,10,222,10,2.4,10,5.8,10,988.8,10,,,57,10,0.0,10,0,10,,,0.0,10,8.0,5.2,0,10,7.9,7.0,0,10,5.7,10,12.3,10,6.8,10,1847,10
2008-02-26T19:00+00:00,5904,0,0,254,10,256,10,2.6,10,3.9,10,988.5,10,,,65,10,0.0,10,0,10,,,0.0,10,7.8,5.2,0,10,7.7,7.0,0,10,5.7,10,10.4,10,6.0,10,1909,10
2008-02-26T20:00+00:00,5904,0,0,253,10,247,10,2.2,10,3.3,10,988.1,10,,,71,10,0.0,10,0,10,,,0.0,10,7.6,5.3,0,10,7.5,7.0,0,10,5.7,10,9.0,10,5.1,10,2038,10
2008-02-26T21:00+00:00,5904,0,0,344,10,52,10,0.2,10,2.0,10,988.0,10,,,78,10,0.0,10,0,10,,,0.0,10,7.4,5.3,0,10,7.4,7.0,0,10,5.7,10,7.8,10,3.5,10,2148,10
2008-02-26T22:00+00:00,5904,0,0,48,10,60,10,0.7,10,1.9,10,987.9,10,,,82,10,0.0,10,0,10,,,0.0,10,7.2,5.3,0,10,7.2,7.0,0,10,5.7,10,7.4,10,3.0,10,2217,10
2008-02-26T23:00+00:00,5904,0,0,308,10,287,10,0.8,10,1.9,10,987.4,10,,,84,10,0.0,10,0,10,,,0.0,10,7.0,5.3,0,10,7.1,7.0,0,10,5.8,10,6.7,10,2.4,10,2315,10
2008-02-27T00:00+00:00,5904,0,0,184,10,237,10,0.4,10,2.7,10,987.3,10,,,85,10,0.0,10,0,10,,,0.0,10,6.8,5.3,0,10,6.9,7.0,0,10,5.8,10,6.5,10,2.4,10,17,10
2008-02-27T01:00+00:00,5904,0,0,144,10,79,10,0.3,10,2.2,10,987.3,10,,,87,10,0.0,10,0,10,,,0.0,10,6.6,5.3,0,10,6.8,7.0,0,10,5.8,10,5.8,10,1.9,10,112,10
2008-02-27T02:00+00:00,5904,0,0,171,10,157,10,2.0,10,3.7,10,986.7,10,,,87,10,0.0,10,0,10,,,0.0,10,6.5,5.3,0,10,6.7,7.0,0,10,5.8,10,6.1,10,2.2,10,256,10
2008-02-27T03:00+00:00,5904,0,0,157,10,164,10,1.5,10,3.5,10,986.4,10,,,87,10,0.0,10,0,10,,,0.0,10,6.3,5.3,0,10,6.5,7.0,0,10,5.9,10,6.1,10,2.4,10,305,10
2008-02-27T04:00+00:00,5904,0,0,268,10,271,10,5.1,10,18.2,10,986.4,10,,,62,10,0.0,10,0,10,,,0.0,10,6.3,5.3,0,10,6.5,7.0,0,10,5.9,10,12.0,10,2.5,10,446,10
2008-02-27T05:00+00:00,5904,0,0,277,10,266,10,5.8,10,14.3,10,987.2,10,,,84,10,0.2,10,30,10,,,0.0,10,6.4,5.4,0,10,6.5,7.0,0,10,5.9,10,10.4,10,8.6,10,532,10
2008-02-27T06:00+00:00,5904,1,0,266,10,268,10,6.3,10,13.8,10,987.3,10,,,80,10,0.1,10,8,10,,,0.0,10,6.5,5.4,0,10,6.5,7.0,0,10,5.9,10,10.8,10,8.4,10,625,10
2008-02-27T07:00+00:00,5904,32,0,266,10,263,10,7.1,10,15.0,10,987.9,10,,,80,10,0.0,10,0,10,,,0.0,10,6.5,5.4,0,10,6.5,7.0,0,10,5.9,10,11.2,10,8.8,10,728,10
2008-02-27T08:00+00:00,5904,99,0,272,10,275,10,7.2,10,15.6,10,988.4,10,,,75,10,0.0,10,0,10,,,0.0,10,6.6,5.4,0,10,6.6,7.0,0,10,5.9,10,12.0,10,9.6,10,818,10
2008-02-27T09:00+00:00,5904,203,0,265,10,272,10,6.1,10,14.2,10,988.8,10,,,68,10,0.0,10,0,10,,,0.4,10,6.8,5.4,0,10,6.8,7.0,0,10,5.9,10,13.3,10,11.3,10,926,10
2008-02-27T10:00+00:00,5904,455,0,266,10,293,10,5.7,10,11.4,10,988.7,10,,,61,10,0.0,10,0,10,,,1.0,10,7.2,5.4,0,10,7.1,7.0,0,10,5.9,10,14.7,10,16.4,10,1024,10
2008-02-27T11:00+00:00,5904,416,0,262,10,262,10,7.4,10,17.3,10,989.3,10,,,58,10,0.0,10,0,10,,,0.8,10,7.7,5.4,0,10,7.4,7.0,0,10,5.9,10,13.6,10,15.4,10,1159,10
2008-02-27T12:00+00:00,5904,443,0,264,10,269,10,8.9,10,19.2,10,989.4,10,,,56,10,0.0,10,0,10,,,0.9,10,8.2,5.4,0,10,7.7,7.0,0,10,6.0,10,13.1,10,15.7,10,1214,10
2008-02-27T13:00+00:00,5904,520,0,267,10,274,10,9.5,10,21.5,10,989.3,10,,,49,10,0.0,10,0,10,,,1.0,10,8.6,5.4,0,10,8.1,7.0,0,10,6.0,10,13.5,10,16.9,10,1307,10
2008-02-27T14:00+00:00,5904,300,0,256,10,272,10,7.3,10,18.0,10,990.0,10,,,49,10,0.0,10,0,10,,,0.9,10,8.7,5.4,0,10,8.2,7.0,0,10,6.0,10,12.8,10,13.0,10,1410,10
2008-02-27T15:00+00:00,5904,257,0,268,10,271,10,7.1,10,16.2,10,990.8,10,,,49,10,0.0,10,0,10,,,1.0,10,8.7,5.5,0,10,8.3,7.0,0,10,6.0,10,11.9,10,10.9,10,1505,10
2008-02-27T16:00+00:00,5904,119,0,269,10,270,10,6.4,10,14.7,10,991.3,10,,,51,10,0.0,10,0,10,,,1.0,10,8.5,5.5,0,10,8.2,7.0,0,10,6.0,10,10.8,10,9.0,10,1652,10
2008-02-27T17:00+00:00,5904,11,0,269,10,264,10,6.0,10,13.1,10,992.4,10,,,58,10,0.0,10,0,10,,,0.3,10,8.3,5.5,0,10,8.1,7.0,0,10,6.0,10,9.4,10,6.3,10,1717,10
2008-02-27T18:00+00:00,5904,0,0,277,10,271,10,4.5,10,9.7,10,993.3,10,,,61,10,0.0,10,0,10,,,0.0,10,8.0,5.5,0,10,7.9,7.0,0,10,6.0,10,8.7,10,5.6,10,1802,10
2008-02-27T19:00+00:00,5904,0,0,288,10,277,10,3.3,10,7.2,10,994.1,10,,,60,10,0.0,10,0,10,,,0.0,10,7.7,5.5,0,10,7.7,7.0,0,10,6.0,10,8.4,10,4.6,10,1904,10
2008-02-27T20:00+00:00,5904,0,0,281,10,297,10,3.1,10,8.6,10,995.1,10,,,60,10,0.0,10,0,10,,,0.0,10,7.5,5.5,0,10,7.5,7.0,0,10,6.1,10,7.6,10,2.8,10,2010,10
2008-02-27T21:00+00:00,5904,0,0,278,10,317,10,3.2,10,7.4,10,995.5,10,,,56,10,0.0,10,0,10,,,0.0,10,7.3,5.5,0,10,7.4,7.0,0,10,6.1,10,7.4,10,2.3,10,2139,10
2008-02-27T22:00+00:00,5904,0,0,262,10,252,10,3.2,10,6.9,10,995.8,10,,,56,10,0.0,10,0,10,,,0.0,10,7.1,5.5,0,10,7.2,7.0,0,10,6.1,10,7.4,10,2.8,10,2249,10
2008-02-27T23:00+00:00,5904,0,0,258,10,262,10,2.8,10,5.3,10,995.9,10,,,55,10,0.0,10,0,10,,,0.0,10,7.0,5.5,0,10,7.1,7.0,0,10,6.1,10,7.9,10,4.3,10,2343,10
2008-02-28T00:00+00:00,5904,0,0,262,10,264,10,3.0,10,6.7,10,996.0,10,,,57,10,0.0,10,0,10,,,0.0,10,6.9,5.5,0,10,7.0,7.0,0,10,6.2,10,7.8,10,5.8,10,31,10
2008-02-28T01:00+00:00,5904,0,0,264,10,259,10,2.7,10,6.0,10,996.1,10,,,58,10,0.0,10,0,10,,,0.0,10,6.8,5.6,0,10,6.9,7.0,0,10,6.2,10,7.5,10,5.4,10,140,10
2008-02-28T02:00+00:00,5904,0,0,268,10,271,10,3.3,10,6.5,10,996.3,10,,,59,10,0.0,10,0,10,,,0.0,10,6.7,5.6,0,10,6.9,7.0,0,10,6.2,10,7.6,10,5.5,10,246,10
2008-02-28T03:00+00:00,5904,0,0,275,10,281,10,4.0,10,8.1,10,996.5,10,,,60,10,0.0,10,0,10,,,0.0,10,6.7,5.6,0,10,6.8,7.0,0,10,6.2,10,7.5,10,5.9,10,324,10
2008-02-28T04:00+00:00,5904,0,0,274,10,298,10,3.9,10,9.1,10,997.0,10,,,60,10,0.0,10,0,10,,,0.0,10,6.6,5.6,0,10,6.7,7.0,0,10,6.2,10,7.4,10,5.3,10,417,10
2008-02-28T05:00+00:00,5904,0,0,270,10,275,10,3.3,10,5.7,10,997.3,10,,,61,10,0.0,10,0,10,,,0.0,10,6.5,5.6,0,10,6.7,7.0,0,10,6.2,10,6.7,10,4.0,10,505,10
2008-02-28T06:00+00:00,5904,2,0,268,10,294,10,3.0,10,5.3,10,997.9,10,,,61,10,0.0,10,0,10,,,0.0,10,6.4,5.6,0,10,6.6,7.0,0,10,6.2,10,6.7,10,3.8,10,633,10
2008-02-28T07:00+00:00,5904,35,0,270,10,269,10,2.9,10,5.6,10,998.6,10,,,60,10,0.0,10,0,10,,,0.0,10,6.4,5.6,0,10,6.5,7.0,0,10,6.2,10,7.3,10,3.9,10,737,10
2008-02-28T08:00+00:00,5904,190,0,291,10,301,10,3.2,10,7.9,10,999.0,10,,,52,10,0.0,10,0,10,,,0.7,10,6.4,5.6,0,10,6.6,7.0,0,10,6.3,10,9.9,10,6.7,10,829,10
2008-02-28T09:00+00:00,5904,371,0,296,10,305,10,3.8,10,9.0,10,999.2,10,,,49,10,0.0,10,0,10,,,1.0,10,6.7,5.6,0,10,6.8,7.0,0,10,6.3,10,10.8,10,14.9,10,1000,10
2008-02-28T10:00+00:00,5904,439,0,301,10,290,10,4.0,10,8.3,10,998.9,10,,,45,10,0.0,10,0,10,,,0.7,10,7.1,5.6,0,10,7.0,7.0,0,10,6.3,10,11.4,10,13.1,10,1049,10
2008-02-28T11:00+00:00,5904,479,0,281,10,265,10,4.2,10,11.3,10,998.6,10,,,45,10,0.0,10,0,10,,,1.0,10,7.6,5.7,0,10,7.4,7.0,0,10,6.3,10,11.7,10,16.4,10,1149,10
2008-02-28T12:00+00:00,5904,545,0,293,10,264,10,5.4,10,10.8,10,997.8,10,,,45,10,0.0,10,0,10,,,1.0,10,8.2,5.7,0,10,7.8,7.0,0,10,6.3,10,12.0,10,17.7,10,1211,10
2008-02-28T13:00+00:00,5904,461,0,282,10,288,10,3.7,10,9.0,10,997.1,10,,,44,10,0.0,10,0,10,,,1.0,10,8.6,5.7,0,10,8.1,7.0,0,10,6.3,10,12.9,10,16.4,10,1358,10
2008-02-28T14:00+00:00,5904,366,0,289,10,273,10,4.6,10,10.4,10,996.6,10,,,45,10,0.0,10,0,10,,,1.0,10,8.9,5.7,0,10,8.3,7.0,0,10,6.3,10,13.0,10,12.2,10,1437,10
2008-02-28T15:00+00:00,5904,230,0,293,10,303,10,3.7,10,10.1,10,996.4,10,,,46,10,0.0,10,0,10,,,1.0,10,8.8,5.7,0,10,8.3,7.0,0,10,6.3,10,12.6,10,10.7,10,1517,10
2008-02-28T16:00+00:00,5904,96,0,271,10,265,10,3.5,10,8.3,10,996.4,10,,,47,10,0.0,10,0,10,,,0.7,10,8.6,5.7,0,10,8.3,7.0,0,10,6.3,10,11.5,10,7.9,10,1602,10
2008-02-28T17:00+00:00,5904,11,0,329,10,284,10,0.9,10,3.3,10,996.7,10,,,53,10,0.0,10,0,10,,,0.2,10,8.3,5.7,0,10,8.1,7.0,0,10,6.3,10,9.4,10,3.4,10,1703,10
2008-02-28T18:00+00:00,5904,0,0,282,10,179,10,0.9,10,2.4,10,996.9,10,,,57,10,0.0,10,0,10,,,0.0,10,8.0,5.7,0,10,7.9,7.0,0,10,6.3,10,8.0,10,3.6,10,1839,10
2008-02-28T19:00+00:00,5904,0,0,11,10,21,10,2.4,10,4.0,10,997.2,10,,,56,10,0.0,10,0,10,,,0.0,10,7.7,5.7,0,10,7.8,7.0,0,10,6.3,10,7.2,10,2.2,10,1909,10
2008-02-28T20:00+00:00,5904,0,0,357,10,34,10,1.9,10,3.8,10,997.5,10,,,57,10,0.0,10,0,10,,,0.0,10,7.4,5.7,0,10,7.6,7.0,0,10,6.3,10,6.7,10,1.7,10,2100,10
2008-02-28T21:00+00:00,5904,0,0,9,10,24,10,1.6,10,2.9,10,997.5,10,,,60,10,0.0,10,0,10,,,0.0,10,7.2,5.8,0,10,7.4,7.0,0,10,6.4,10,5.8,10,1.9,10,2159,10
2008-02-28T22:00+00:00,5904,0,0,334,10,320,10,2.0,10,3.5,10,997.7,10,,,67,10,0.0,10,0,10,,,0.0,10,7.0,5.8,0,10,7.2,7.0,0,10,6.4,10,4.8,10,0.7,10,2257,10
2008-02-28T23:00+00:00,5904,0,0,307,10,319,10,2.4,10,3.8,10,997.7,10,,,72,10,0.0,10,0,10,,,0.0,10,6.8,5.8,0,10,7.0,7.1,0,10,6.4,10,4.4,10,0.2,10,2339,10
2008-02-29T00:00+00:00,5904,0,0,274,10,277,10,1.7,10,3.3,10,997.6,10,,,76,10,0.0,10,0,10,,,0.0,10,6.6,5.8,0,10,6.9,7.0,0,10,6.4,10,3.9,10,-1.0,10,51,10
2008-02-29T01:00+00:00,5904,0,0,283,10,309,10,2.0,10,4.1,10,997.0,10,,,76,10,0.0,10,0,10,,,0.0,10,6.4,5.8,0,10,6.7,7.0,0,10,6.4,10,3.0,10,-1.2,10,136,10
2008-02-29T02:00+00:00,5904,0,0,247,10,294,10,0.8,10,2.0,10,996.5,10,,,80,10,0.0,10,0,10,,,0.0,10,6.2,5.8,0,10,6.5,7.1,0,10,6.4,10,2.1,10,-1.9,10,202,10
2008-02-29T03:00+00:00,5904,0,0,249,10,246,10,0.3,10,1.8,10,996.3,10,,,81,10,0.0,10,0,10,,,0.0,10,6.0,5.8,0,10,6.4,7.0,0,10,6.5,10,2.1,10,-1.8,10,350,10
2008-02-29T04:00+00:00,5904,0,0,268,10,245,10,0.4,10,2.6,10,995.9,10,,,81,10,0.0,10,0,10,,,0.0,10,5.9,5.8,0,10,6.3,7.1,0,10,6.5,10,2.6,10,-1.6,10,420,10
2008-02-29T05:00+00:00,5904,0,0,159,10,153,10,0.2,10,2.0,10,995.9,10,,,80,10,0.0,10,19,10,,,0.0,10,5.9,5.8,0,10,6.2,7.1,0,10,6.5,10,3.4,10,1.5,10,516,10
2008-02-29T06:00+00:00,5904,0,0,123,10,211,10,0.4,10,2.8,10,995.7,10,,,87,10,0.2,10,49,10,,,0.0,10,5.8,5.8,0,10,6.1,7.1,0,10,6.5,10,3.4,10,2.4,10,642,10
2008-02-29T07:00+00:00,5904,14,0,304,10,256,10,0.1,10,1.8,10,995.6,10,,,92,10,0.3,10,60,10,,,0.0,10,5.9,5.8,0,10,6.1,7.0,0,10,6.5,10,4.1,10,2.9,10,757,10
2008-02-29T08:00+00:00,5904,51,0,240,10,266,10,0.5,10,1.5,10,995.6,10,,,92,10,0.5,10,60,10,,,0.0,10,5.9,5.9,0,10,6.1,7.1,0,10,6.5,10,5.1,10,4.0,10,857,10
2008-02-29T09:00+00:00,5904,126,0,242,10,243,10,1.5,10,2.8,10,994.8,10,,,90,10,0.4,10,60,10,,,0.0,10,6.1,5.9,0,10,6.2,7.1,0,10,6.5,10,6.8,10,5.4,10,925,10
2008-02-29T10:00+00:00,5904,125,0,220,10,201,10,1.7,10,3.9,10,994.1,10,,,89,10,0.7,10,60,10,,,0.0,10,6.3,5.9,0,10,6.3,7.1,0,10,6.5,10,7.4,10,7.0,10,1047,10
2008-02-29T11:00+00:00,5904,185,0,203,10,212,10,2.2,10,4.5,10,993.3,10,,,88,10,0.4,10,59,10,,,0.0,10,6.5,5.9,0,10,6.5,7.1,0,10,6.4,10,8.1,10,8.5,10,1134,10
2008-02-29T12:00+00:00,5904,125,0,198,10,197,10,2.3,10,4.7,10,992.3,10,,,89,10,0.6,10,60,10,,,0.0,10,6.7,5.9,0,10,6.6,7.1,0,10,6.4,10,8.2,10,8.0,10,1216,10
2008-02-29T13:00+00:00,5904,123,0,209,10,240,10,1.7,10,4.1,10,991.5,10,,,90,10,0.9,10,60,10,,,0.0,10,6.9,5.9,0,10,6.7,7.1,0,10,6.4,10,8.5,10,8.3,10,1302,10
2008-02-29T14:00+00:00,5904,88,0,194,10,184,10,1.8,10,3.8,10,990.6,10,,,91,10,0.8,10,60,10,,,0.0,10,7.0,5.9,0,10,6.9,7.1,0,10,6.4,10,8.5,10,8.4,10,1453,10
2008-02-29T15:00+00:00,5904,37,0,203,10,206,10,2.0,10,4.1,10,990.0,10,,,90,10,0.1,10,26,10,,,0.0,10,7.1,5.9,0,10,6.9,7.1,0,10,6.4,10,8.3,10,7.9,10,1557,10
2008-02-29T16:00+00:00,5904,17,0,206,10,196,10,1.7,10,3.9,10,989.3,10,,,91,10,0.1,10,52,10,,,0.0,10,7.1,5.9,0,10,7.0,7.1,0,10,6.4,10,8.1,10,7.6,10,1603,10
2008-02-29T17:00+00:00,5904,4,0,179,10,254,10,1.4,10,3.8,10,988.7,10,,,93,10,0.6,10,60,10,,,0.0,10,7.1,5.9,0,10,7.0,7.1,0,10,6.4,10,8.1,10,7.2,10,1759,10
2008-02-29T18:00+00:00,5904,0,0,255,10,269,10,5.8,10,15.9,10,988.5,10,,,82,10,0.0,10,5,10,,,0.0,10,7.1,5.9,0,10,7.0,7.1,0,10,6.4,10,11.0,10,7.2,10,1835,10
2008-02-29T19:00+00:00,5904,0,0,259,10,269,10,6.0,10,12.6,10,988.4,10,,,79,10,0.0,10,2,10,,,0.0,10,7.1,5.9,0,10,7.0,7.1,0,10,6.4,10,11.3,10,9.1,10,1901,10
2008-02-29T20:00+00:00,5904,0,0,257,10,271,10,4.5,10,10.3,10,987.9,10,,,79,10,0.0,10,19,10,,,0.0,10,7.1,6.0,0,10,7.0,7.1,0,10,6.4,10,11.2,10,9.1,10,2003,10
2008-02-29T21:00+00:00,5904,0,0,255,10,257,10,4.4,10,8.6,10,987.0,10,,,81,10,0.0,10,14,10,,,0.0,10,7.1,6.0,0,10,7.1,7.1,0,10,6.4,10,11.0,10,9.1,10,2112,10
2008-02-29T22:00+00:00,5904,0,0,250,10,250,10,4.5,10,10.6,10,985.7,10,,,76,10,0.0,10,0,10,,,0.0,10,7.1,6.0,0,10,7.1,7.1,0,10,6.4,10,11.3,10,9.1,10,2251,10
2008-02-29T23:00+00:00,5904,0,0,242,10,242,10,3.8,10,8.3,10,984.6,10,,,77,10,0.0,10,0,10,,,0.0,10,7.2,6.0,0,10,7.1,7.1,0,10,6.4,10,11.2,10,9.1,10,2301,10
2008-03-01T00:00+00:00,5904,0,0,214,10,222,10,3.3,10,6.5,10,982.5,10,,,79,10,0.0,10,0,10,,,0.0,10,7.2,6.0,0,10,7.1,7.1,0,10,6.4,10,10.8,10,9.2,10,9,10
2008-03-01T01:00+00:00,5904,0,0,213,10,201,10,2.5,10,4.8,10,980.8,10,,,80,10,0.0,10,2,10,,,0.0,10,7.2,6.0,0,10,7.1,7.1,0,10,6.4,10,10.2,10,8.2,10,116,10
2008-03-01T02:00+00:00,5904,0,0,227,10,236,10,3.1,10,11.7,10,978.9,10,,,63,10,0.0,10,0,10,,,0.0,10,7.2,6.0,0,10,7.1,7.1,0,10,6.4,10,12.4,10,8.4,10,254,10
2008-03-01T03:00+00:00,5904,0,0,235,10,234,10,7.1,10,15.6,10,977.6,10,,,61,10,0.0,10,0,10,,,0.0,10,7.2,6.0,0,10,7.1,7.1,0,10,6.4,10,12.8,10,9.9,10,343,10
2008-03-01T04:00+00:00,5904,0,0,228,10,247,10,5.5,10,15.4,10,976.4,10,,,58,10,0.0,10,20,10,,,0.0,10,7.2,6.0,0,10,7.2,7.1,0,10,6.4,10,13.1,10,9.9,10,457,10
2008-03-01T05:00+00:00,5904,0,0,234,10,207,10,5.6,10,12.1,10,974.7,10,,,60,10,0.0,10,0,10,,,0.0,10,7.3,6.0,0,10,7.2,7.1,0,10,6.4,10,12.6,10,10.8,10,522,10
2008-03-01T06:00+00:00,5904,0,0,239,10,249,10,5.9,10,12.5,10,973.0,10,,,64,10,0.0,10,1,10,,,0.0,10,7.3,6.0,0,10,7.2,7.1,0,10,6.4,10,12.0,10,10.9,10,638,10
2008-03-01T07:00+00:00,5904,11,0,227,10,245,10,4.8,10,11.4,10,971.0,10,,,65,10,0.0,10,0,10,,,0.0,10,7.3,6.0,0,10,7.2,7.1,0,10,6.4,10,11.9,10,10.7,10,723,10
2008-03-01T08:00+00:00,5904,59,0,207,10,216,10,3.5,10,10.1,10,970.1,10,,,67,10,0.0,10,0,10,,,0.0,10,7.3,6.0,0,10,7.3,7.1,0,10,6.4,10,11.3,10,11.0,10,805,10
2008-03-01T09:00+00:00,5904,50,0,250,10,267,10,6.9,10,20.3,10,968.5,10,,,63,10,0.0,10,4,10,,,0.0,10,7.4,6.0,0,10,7.3,7.1,0,10,6.5,10,12.9,10,11.3,10,945,10
2008-03-01T10:00+00:00,5904,197,0,251,10,239,10,11.3,10,24.1,10,966.0,10,,,58,10,0.0,10,0,10,,,0.2,10,7.5,6.0,0,10,7.5,7.1,0,10,6.5,10,15.1,10,12.2,10,1051,10
2008-03-01T11:00+00:00,5904,405,0,264,10,256,10,11.1,10,23.4,10,965.6,10,,,55,10,0.0,10,0,10,,,0.7,10,7.9,6.1,0,10,7.7,7.1,0,10,6.5,10,15.1,10,15.1,10,1126,10
2008-03-01T12:00+00:00,5904,31,0,303,10,304,10,11.0,10,32.5,10,972.0,10,,,86,10,6.2,10,44,10,,,0.0,10,7.6,6.1,0,10,7.6,7.1,0,10,6.5,10,5.7,10,2.0,10,1205,10
2008-03-01T13:00+00:00,5904,117,0,264,10,246,10,7.0,10,16.3,10,973.1,10,,,76,10,0.0,10,0,10,,,0.0,10,7.5,6.1,0,10,7.5,7.1,0,10,6.5,10,8.0,10,4.9,10,1353,10
2008-03-01T14:00+00:00,5904,129,0,264,10,272,10,10.2,10,22.9,10,973.8,10,,,73,10,0.0,10,14,10,,,0.0,10,7.5,6.1,0,10,7.5,7.1,0,10,6.5,10,7.3,10,6.3,10,1424,10
2008-03-01T15:00+00:00,5904,71,0,261,10,264,10,10.6,10,23.6,10,974.3,10,,,73,10,0.0,10,31,10,,,0.0,10,7.5,6.1,0,10,7.4,7.1,0,10,6.5,10,6.8,10,5.4,10,1542,10
2008-03-01T16:00+00:00,5904,22,0,254,10,260,10,8.8,10,17.7,10,973.8,10,,,71,10,0.1,10,26,10,,,0.1,10,7.4,6.1,0,10,7.4,7.1,0,10,6.5,10,7.2,10,5.1,10,1615,10
2008-03-01T17:00+00:00,5904,9,0,260,10,253,10,7.7,10,18.0,10,973.8,10,,,69,10,0.0,10,0,10,,,0.2,10,7.3,6.1,0,10,7.3,7.1,0,10,6.5,10,7.5,10,5.6,10,1705,10
2008-03-01T18:00+00:00,5904,0,0,264,10,269,10,8.4,10,18.4,10,974.5,10,,,64,10,0.0,10,0,10,,,0.0,10,7.2,6.1,0,10,7.3,7.1,0,10,6.5,10,8.7,10,5.5,10,1851,10
2008-03-01T19:00+00:00,5904,0,0,268,10,272,10,7.7,10,16.8,10,975.5,10,,,61,10,0.0,10,1,10,,,0.0,10,7.1,6.1,0,10,7.2,7.1,0,10,6.6,10,9.1,10,7.2,10,1933,10
2008-03-01T20:00+00:00,5904,0,0,279,10,265,10,8.3,10,17.8,10,977.1,10,,,53,10,0.0,10,0,10,,,0.0,10,7.1,6.1,0,10,7.1,7.1,0,10,6.6,10,9.4,10,7.1,10,2022,10
2008-03-01T21:00+00:00,5904,0,0,285,10,294,10,7.6,10,17.2,10,978.8,10,,,52,10,0.0,10,0,10,,,0.0,10,7.0,6.1,0,10,7.1,7.1,0,10,6.6,10,9.1,10,7.0,10,2148,10
2008-03-01T22:00+00:00,5904,0,0,276,10,293,10,7.3,10,16.1,10,979.2,10,,,50,10,0.0,10,0,10,,,0.0,10,6.9,6.1,0,10,7.0,7.1,0,10,6.6,10,9.0,10,7.1,10,2235,10
2008-03-01T23:00+00:00,5904,0,0,271,10,290,10,6.9,10,14.7,10,979.1,10,,,51,10,0.0,10,0,10,,,0.0,10,6.8,6.1,0,10,6.9,7.1,0,10,6.6,10,8.7,10,6.5,10,2354,10
2008-03-02T00:00+00:00,5904,0,0,277,10,266,10,6.9,10,17.0,10,979.7,10,,,51,10,0.0,10,0,10,,,0.0,10,6.7,6.1,0,10,6.8,7.1,0,10,6.6,10,8.6,10,6.6,10,13,10
2008-03-02T01:00+00:00,5904,0,0,285,10,323,10,7.0,10,15.5,10,979.6,10,,,51,10,0.0,10,14,10,,,0.0,10,6.7,6.1,0,10,6.8,7.1,0,10,6.6,10,8.7,10,7.1,10,124,10
2008-03-02T02:00+00:00,5904,0,0,270,10,260,10,5.7,10,12.1,10,978.9,10,,,56,10,0.0,10,3,10,,,0.0,10,6.6,6.1,0,10,6.7,7.1,0,10,6.6,10,8.2,10,6.4,10,244,10
2008-03-02T03:00+00:00,5904,0,0,283,10,286,10,6.8,10,16.8,10,979.2,10,,,68,10,0.1,10,24,10,,,0.0,10,6.6,6.1,0,10,6.7,7.1,0,10,6.6,10,7.5,10,5.2,10,327,10
2008-03-02T04:00+00:00,5904,0,0,307,10,335,10,2.9,10,9.3,10,979.6,10,,,72,10,0.0,10,8,10,,,0.0,10,6.5,6.1,0,10,6.7,7.1,0,10,6.6,10,7.0,10,5.2,10,448,10
2008-03-02T05:00+00:00,5904,0,0,284,10,301,10,3.9,10,9.6,10,979.0,10,,,73,10,0.0,10,0,10,,,0.0,10,6.5,6.2,0,10,6.6,7.1,0,10,6.6,10,6.5,10,3.9,10,507,10
2008-03-02T06:00+00:00,5904,1,0,261,10,265,10,3.9,10,8.4,10,978.7,10,,,64,10,0.0,10,6,10,,,0.0,10,6.5,6.2,0,10,6.6,7.1,0,10,6.6,10,8.2,10,3.5,10,618,10
2008-03-02T07:00+00:00,5904,11,0,268,10,294,10,4.3,10,13.3,10,978.1,10,,,75,10,0.2,10,35,10,,,0.0,10,6.4,6.2,0,10,6.6,7.1,0,10,6.6,10,7.4,10,5.7,10,704,10
2008-03-02T08:00+00:00,5904,102,0,265,10,259,10,5.0,10,13.5,10,977.1,10,,,71,10,0.3,10,40,10,,,0.1,10,6.5,6.2,0,10,6.6,7.1,0,10,6.6,10,8.7,10,5.7,10,849,10
2008-03-02T09:00+00:00,5904,230,0,263,10,285,10,8.2,10,17.7,10,976.4,10,,,70,10,0.0,10,4,10,,,0.3,10,6.7,6.2,0,10,6.7,7.1,0,10,6.6,10,10.1,10,7.1,10,928,10
2008-03-02T10:00+00:00,5904,156,0,257,10,260,10,8.0,10,18.3,10,976.2,10,,,76,10,0.1,10,27,10,,,0.1,10,6.9,6.2,0,10,6.8,7.1,0,10,6.6,10,9.8,10,7.8,10,1005,10
2008-03-02T11:00+00:00,5904,137,0,255,10,254,10,6.3,10,11.6,10,975.7,10,,,72,10,0.0,10,5,10,,,0.0,10,7.0,6.2,0,10,6.9,7.1,0,10,6.6,10,10.8,10,9.0,10,1106,10
2008-03-02T12:00+00:00,5904,140,0,258,10,265,10,6.4,10,13.4,10,975.0,10,,,73,10,0.0,10,0,10,,,0.0,10,7.2,6.2,0,10,7.1,7.1,0,10,6.6,10,11.4,10,10.6,10,1214,10
2008-03-02T13:00+00:00,5904,142,0,260,10,240,10,6.3,10,14.3,10,974.4,10,,,68,10,0.0,10,2,10,,,0.0,10,7.4,6.2,0,10,7.2,7.1,0,10,6.6,10,12.4,10,11.1,10,1358,10
2008-03-02T14:00+00:00,5904,154,0,260,10,263,10,8.7,10,18.0,10,974.7,10,,,66,10,0.0,10,1,10,,,0.1,10,7.5,6.2,0,10,7.3,7.1,0,10,6.6,10,12.8,10,11.6,10,1446,10
2008-03-02T15:00+00:00,5904,109,0,270,10,275,10,9.3,10,18.9,10,975.6,10,,,63,10,0.0,10,0,10,,,0.0,10,7.6,6.2,0,10,7.4,7.1,0,10,6.6,10,13.1,10,12.1,10,1538,10
2008-03-02T16:00+00:00,5904,64,0,269,10,269,10,8.6,10,18.2,10,976.4,10,,,66,10,0.0,10,1,10,,,0.0,10,7.7,6.2,0,10,7.5,7.1,0,10,6.6,10,12.5,10,11.6,10,1654,10
2008-03-02T17:00+00:00,5904,9,0,273,10,263,10,7.9,10,18.0,10,978.2,10,,,59,10,0.0,10,0,10,,,0.0,10,7.7,6.2,0,10,7.5,7.1,0,10,6.6,10,13.0,10,11.6,10,1752,10
2008-03-02T18:00+00:00,5904,0,0,277,10,294,10,7.1,10,18.8,10,980.0,10,,,65,10,0.0,10,9,10,,,0.0,10,7.7,6.2,0,10,7.6,7.1,0,10,6.6,10,12.2,10,10.7,10,1809,10
2008-03-02T19:00+00:00,5904,0,0,317,10,335,10,3.8,10,10.8,10,981.8,10,,,87,10,1.9,10,56,10,,,0.0,10,7.7,6.2,0,10,7.5,7.2,0,10,6.6,10,9.8,10,8.5,10,1947,10
2008-03-02T20:00+00:00,5904,0,0,326,10,324,10,3.6,10,9.0,10,982.8,10,,,92,10,3.5,10,60,10,,,0.0,10,7.6,6.2,0,10,7.5,7.2,0,10,6.6,10,8.9,10,8.1,10,2023,10
2008-03-02T21:00+00:00,5904,0,0,302,10,299,10,3.5,10,8.6,10,983.3,10,,,91,10,3.2,10,58,10,,,0.0,10,7.6,6.2,0,10,7.5,7.1,0,10,6.6,10,9.3,10,8.0,10,2143,10
2008-03-02T22:00+00:00,5904,0,0,296,10,297,10,4.2,10,14.3,10,984.1,10,,,80,10,0.9,10,52,10,,,0.0,10,7.6,6.3,0,10,7.5,7.1,0,10,6.6,10,10.2,10,8.2,10,2245,10
2008-03-02T23:00+00:00,5904,0,0,273,10,263,10,8.9,10,20.1,10,983.3,10,,,69,10,0.0,10,0,10,,,0.0,10,7.6,6.3,0,10,7.5,7.2,0,10,6.6,10,11.3,10,8.2,10,2350,10
2008-03-03T00:00+00:00,5904,0,0,278,10,283,10,9.0,10,19.7,10,983.5,10,,,69,10,0.0,10,11,10,,,0.0,10,7.6,6.3,0,10,7.5,7.2,0,10,6.7,10,11.1,10,8.3,10,17,10
2008-03-03T01:00+00:00,5904,0,0,276,10,280,10,8.4,10,16.7,10,983.2,10,,,64,10,0.0,10,0,10,,,0.0,10,7.5,6.3,0,10,7.5,7.2,0,10,6.7,10,11.5,10,8.2,10,146,10
2008-03-03T02:00+00:00,5904,0,0,283,10,287,10,9.0,10,16.5,10,982.9,10,,,65,10,0.0,10,0,10,,,0.0,10,7.5,6.3,0,10,7.5,7.2,0,10,6.7,10,11.2,10,8.4,10,202,10
2008-03-03T03:00+00:00,5904,0,0,280,10,278,10,9.4,10,19.3,10,982.7,10,,,68,10,0.0,10,0,10,,,0.0,10,7.5,6.3,0,10,7.4,7.2,0,10,6.7,10,11.0,10,8.2,10,316,10
2008-03-03T04:00+00:00,5904,0,0,283,10,288,10,8.9,10,16.8,10,982.7,10,,,68,10,0.0,10,0,10,,,0.0,10,7.4,6.3,0,10,7.4,7.2,0,10,6.7,10,11.3,10,8.6,10,431,10
2008-03-03T05:00+00:00,5904,0,0,279,10,274,10,7.9,10,16.1,10,983.2,10,,,71,10,0.0,10,19,10,,,0.0,10,7.4,6.3,0,10,7.4,7.2,0,10,6.7,10,11.0,10,8.8,10,527,10
2008-03-03T06:00+00:00,5904,5,0,276,10,296,10,6.5,10,13.2,10,983.0,10,,,79,10,0.3,10,50,10,,,0.0,10,7.4,6.3,0,10,7.4,7.2,0,10,6.7,10,10.1,10,7.5,10,656,10
2008-03-03T07:00+00:00,5904,39,0,277,10,267,10,8.4,10,16.5,10,983.3,10,,,70,10,0.0,10,8,10,,,0.0,10,7.4,6.3,0,10,7.4,7.2,0,10,6.7,10,11.4,10,7.7,10,745,10
2008-03-03T08:00+00:00,5904,136,0,272,10,277,10,8.0,10,18.5,10,983.6,10,,,68,10,0.0,10,13,10,,,0.2,10,7.5,6.3,0,10,7.4,7.2,0,10,6.8,10,12.5,10,9.1,10,805,10
2008-03-03T09:00+00:00,5904,170,0,270,10,264,10,8.9,10,17.9,10,983.6,10,,,66,10,0.0,10,0,10,,,0.4,10,7.6,6.3,0,10,7.5,7.2,0,10,6.8,10,12.5,10,11.2,10,928,10
2008-03-03T10:00+00:00,5904,355,0,270,10,269,10,8.4,10,18.6,10,983.6,10,,,59,10,0.0,10,0,10,,,0.8,10,7.8,6.3,0,10,7.7,7.2,0,10,6.8,10,14.2,10,11.5,10,1035,10
2008-03-03T11:00+00:00,5904,398,0,266,10,268,10,7.6,10,16.5,10,983.5,10,,,57,10,0.0,10,9,10,,,0.7,10,8.2,6.3,0,10,8.0,7.2,0,10,6.8,10,15.1,10,15.4,10,1128,10
2008-03-03T12:00+00:00,5904,328,0,265,10,247,10,7.6,10,20.5,10,983.0,10,,,64,10,0.1,10,34,10,,,0.2,10,8.6,6.3,0,10,8.2,7.2,0,10,6.8,10,13.6,10,12.6,10,1242,10
2008-03-03T13:00+00:00,5904,405,0,267,10,267,10,8.1,10,15.8,10,982.2,10,,,58,10,0.0,10,10,10,,,0.7,10,9.0,6.3,0,10,8.5,7.2,0,10,6.8,10,14.7,10,12.6,10,1344,10
2008-03-03T14:00+00:00,5904,389,0,270,10,259,10,7.3,10,17.5,10,981.5,10,,,53,10,0.0,10,0,10,,,1.0,10,9.2,6.3,0,10,8.7,7.2,0,10,6.8,10,16.1,10,15.6,10,1425,10
2008-03-03T15:00+00:00,5904,193,0,271,10,272,10,6.6,10,16.1,10,981.2,10,,,52,10,0.0,10,0,10,,,0.6,10,9.3,6.3,0,10,8.9,7.2,0,10,6.8,10,15.2,10,14.6,10,1525,10
2008-03-03T16:00+00:00,5904,141,0,271,10,286,10,5.6,10,14.3,10,980.8,10,,,52,10,0.0,10,0,10,,,1.0,10,9.2,6.3,0,10,8.9,7.2,0,10,6.8,10,14.9,10,13.0,10,1628,10
2008-03-03T17:00+00:00,5904,15,0,259,10,275,10,5.3,10,12.8,10,980.6,10,,,54,10,0.0,10,0,10,,,0.5,10,9.1,6.4,0,10,8.8,7.2,0,10,6.8,10,13.8,10,10.8,10,1712,10
2008-03-03T18:00+00:00,5904,0,0,264,10,256,10,3.4,10,8.5,10,980.8,10,,,57,10,0.0,10,0,10,,,0.0,10,9.0,6.4,0,10,8.8,7.2,0,10,6.9,10,13.4,10,10.1,10,1801,10
2008-03-03T19:00+00:00,5904,0,0,264,10,244,10,1.2,10,5.6,10,980.7,10,,,62,10,0.0,10,0,10,,,0.0,10,8.8,6.4,0,10,8.7,7.2,0,10,6.9,10,12.3,10,9.5,10,1902,10
2008-03-03T20:00+00:00,5904,0,0,310,10,300,10,3.1,10,7.2,10,981.0,10,,,62,10,0.0,10,1,10,,,0.0,10,8.7,6.4,0,10,8.7,7.2,0,10,6.9,10,12.2,10,8.9,10,2059,10
2008-03-03T21:00+00:00,5904,0,0,303,10,313,10,6.0,10,13.0,10,982.6,10,,,72,10,0.1,10,26,10,,,0.0,10,8.7,6.4,0,10,8.6,7.2,0,10,6.9,10,9.1,10,7.3,10,2137,10
2008-03-03T22:00+00:00,5904,0,0,318,10,336,10,5.9,10,12.3,10,984.0,10,,,87,10,1.1,10,60,10,,,0.0,10,8.5,6.4,0,10,8.5,7.2,0,10,7.0,10,6.8,10,5.8,10,2240,10
2008-03-03T23:00+00:00,5904,0,0,282,10,273,10,4.1,10,10.3,10,984.3,10,,,85,10,1.0,10,49,10,,,0.0,10,8.4,6.4,0,10,8.4,7.2,0,10,7.0,10,6.2,10,5.1,10,2330,10
2008-03-04T00:00+00:00,5904,0,0,277,10,290,10,5.4,10,13.0,10,984.5,10,,,84,10,0.1,10,21,10,,,0.0,10,8.3,6.4,0,10,8.3,7.2,0,10,7.0,10,6.1,10,4.8,10,27,10
2008-03-04T01:00+00:00,5904,0,0,272,10,266,10,6.0,10,15.2,10,985.3,10,,,80,10,0.0,10,10,10,,,0.0,10,8.1,6.4,0,10,8.2,7.2,0,10,7.0,10,6.2,10,4.8,10,146,10
2008-03-04T02:00+00:00,5904,0,0,299,10,277,10,5.8,10,13.6,10,985.6,10,,,72,10,0.0,10,18,10,,,0.0,10,8.0,6.4,0,10,8.1,7.2,0,10,7.0,10,5.5,10,3.8,10,300,10
2008-03-04T03:00+00:00,5904,0,0,302,10,299,10,5.6,10,13.3,10,985.5,10,,,74,10,0.0,10,0,10,,,0.0,10,7.9,6.4,0,10,8.0,7.2,0,10,7.1,10,4.8,10,3.4,10,310,10
2008-03-04T04:00+00:00,5904,0,0,312,10,310,10,4.4,10,9.8,10,986.5,10,,,71,10,0.0,10,0,10,,,0.0,10,7.7,6.4,0,10,7.9,7.2,0,10,7.1,10,4.8,10,3.3,10,416,10
2008-03-04T05:00+00:00,5904,0,0,307,10,319,10,3.6,10,7.7,10,986.6,10,,,74,10,0.0,10,0,10,,,0.0,10,7.6,6.4,0,10,7.8,7.2,0,10,7.1,10,4.5,10,3.0,10,531,10
2008-03-04T06:00+00:00,5904,1,0,309,10,313,10,4.2,10,9.8,10,987.2,10,,,71,10,0.0,10,0,10,,,0.0,10,7.5,6.4,0,10,7.7,7.2,0,10,7.1,10,4.6,10,3.0,10,650,10
2008-03-04T07:00+00:00,5904,39,0,307,10,315,10,5.2,10,11.0,10,987.1,10,,,68,10,0.0,10,0,10,,,0.0,10,7.4,6.4,0,10,7.6,7.2,0,10,7.1,10,4.4,10,3.2,10,748,10
2008-03-04T08:00+00:00,5904,80,0,300,10,295,10,5.1,10,10.2,10,988.2,10,,,63,10,0.0,10,0,10,,,0.0,10,7.3,6.4,0,10,7.5,7.2,0,10,7.2,10,4.6,10,3.5,10,849,10
2008-03-04T09:00+00:00,5904,134,0,308,10,318,10,4.2,10,9.8,10,988.1,10,,,59,10,0.0,10,0,10,,,0.0,10,7.3,6.4,0,10,7.5,7.2,0,10,7.2,10,4.9,10,3.9,10,913,10
2008-03-04T10:00+00:00,5904,157,0,292,10,308,10,2.5,10,7.6,10,988.4,10,,,53,10,0.0,10,0,10,,,0.0,10,7.3,6.5,0,10,7.4,7.2,0,10,7.2,10,5.3,10,5.1,10,1014,10
2008-03-04T11:00+00:00,5904,225,0,307,10,315,10,3.3,10,7.3,10,988.6,10,,,49,10,0.0,10,0,10,,,0.0,10,7.4,6.5,0,10,7.5,7.2,0,10,7.2,10,5.8,10,6.2,10,1147,10
2008-03-04T12:00+00:00,5904,234,0,303,10,305,10,2.5,10,6.3,10,988.2,10,,,46,10,0.0,10,0,10,,,0.0,10,7.5,6.5,0,10,7.6,7.2,0,10,7.2,10,6.0,10,7.8,10,1247,10
2008-03-04T13:00+00:00,5904,207,0,306,10,318,10,2.9,10,6.5,10,987.8,10,,,45,10,0.0,10,0,10,,,0.0,10,7.7,6.5,0,10,7.6,7.2,0,10,7.2,10,6.1,10,7.6,10,1303,10
2008-03-04T14:00+00:00,5904,161,0,326,10,337,10,2.9,10,6.6,10,988.0,10,,,46,10,0.0,10,0,10,,,0.0,10,7.7,6.5,0,10,7.7,7.2,0,10,7.2,10,6.2,10,7.0,10,1413,10
2008-03-04T15:00+00:00,5904,94,0,319,10,341,10,2.5,10,5.8,10,987.8,10,,,46,10,0.0,10,0,10,,,0.0,10,7.7,6.5,0,10,7.7,7.2,0,10,7.2,10,5.7,10,5.7,10,1502,10
2008-03-04T16:00+00:00,5904,51,0,321,10,328,10,1.7,10,4.5,10,987.9,10,,,47,10,0.0,10,0,10,,,0.0,10,7.6,6.5,0,10,7.6,7.2,0,10,7.2,10,5.4,10,4.8,10,1618,10
2008-03-04T17:00+00:00,5904,10,0,351,10,320,10,2.0,10,5.0,10,988.4,10,,,50,10,0.0,10,0,10,,,0.0,10,7.5,6.5,0,10,7.6,7.2,0,10,7.2,10,4.9,10,2.7,10,1720,10
2008-03-04T18:00+00:00,5904,0,0,341,10,339,10,2.0,10,4.2,10,989.1,10,,,52,10,0.0,10,0,10,,,0.0,10,7.3,6.5,0,10,7.5,7.2,0,10,7.2,10,4.4,10,2.0,10,1854,10
2008-03-04T19:00+00:00,5904,0,0,337,10,331,10,2.5,10,5.3,10,989.3,10,,,54,10,0.0,10,0,10,,,0.0,10,7.2,6.5,0,10,7.3,7.2,0,10,7.2,10,4.1,10,2.0,10,1929,10
2008-03-04T20:00+00:00,5904,0,0,347,10,343,10,2.5,10,5.2,10,989.8,10,,,57,10,0.0,10,0,10,,,0.0,10,7.0,6.5,0,10,7.2,7.2,0,10,7.2,10,3.8,10,1.3,10,2014,10
2008-03-04T21:00+00:00,5904,0,0,330,10,351,10,2.7,10,4.8,10,989.9,10,,,58,10,0.0,10,0,10,,,0.0,10,6.8,6.5,0,10,7.1,7.3,0,10,7.2,10,3.7,10,1.4,10,2110,10
2008-03-04T22:00+00:00,5904,0,0,312,10,320,10,2.9,10,5.2,10,989.8,10,,,60,10,0.0,10,0,10,,,0.0,10,6.7,6.6,0,10,7.0,7.3,0,10,7.2,10,3.4,10,1.8,10,2229,10
2008-03-04T23:00+00:00,5904,0,0,300,10,313,10,3.4,10,5.9,10,990.1,10,,,62,10,0.0,10,0,10,,,0.0,10,6.6,6.6,0,10,6.9,7.3,0,10,7.2,10,3.3,10,1.6,10,2355,10
2008-03-05T00:00+00:00,5904,0,0,300,10,305,10,3.7,10,5.7,10,989.8,10,,,62,10,0.0,10,0,10,,,0.0,10,6.5,6.6,0,10,6.8,7.3,0,10,7.2,10,3.4,10,1.8,10,36,10
2008-03-05T01:00+00:00,5904,0,0,306,10,320,10,3.8,10,7.7,10,990.0,10,,,62,10,0.0,10,0,10,,,0.0,10,6.4,6.6,0,10,6.7,7.3,0,10,7.2,10,3.6,10,2.2,10,122,10
2008-03-05T02:00+00:00,5904,0,0,306,10,300,10,4.0,10,6.5,10,989.8,10,,,63,10,0.0,10,0,10,,,0.0,10,6.3,6.6,0,10,6.6,7.3,0,10,7.2,10,3.4,10,2.4,10,215,10
2008-03-05T03:00+00:00,5904,0,0,308,10,313,10,4.0,10,7.6,10,990.3,10,,,64,10,0.0,10,0,10,,,0.0,10,6.2,6.6,0,10,6.5,7.3,0,10,7.2,10,3.5,10,2.4,10,324,10
2008-03-05T04:00+00:00,5904,0,0,320,10,335,10,3.8,10,8.6,10,990.9,10,,,65,10,0.0,10,0,10,,,0.0,10,6.2,6.6,0,10,6.5,7.3,0,10,7.2,10,3.3,10,2.6,10,433,10
2008-03-05T05:00+00:00,5904,0,0,326,10,334,10,4.4,10,8.6,10,991.4,10,,,69,10,0.0,10,1,10,,,0.0,10,6.1,6.6,0,10,6.4,7.3,0,10,7.2,10,3.0,10,2.5,10,504,10
2008-03-05T06:00+00:00,5904,2,0,328,10,327,10,4.5,10,8.6,10,992.0,10,,,72,10,0.0,10,10,10,,,0.0,10,6.0,6.6,0,10,6.3,7.3,0,10,7.1,10,2.8,10,2.3,10,656,10
2008-03-05T07:00+00:00,5904,41,0,333,10,327,10,5.7,10,12.5,10,993.1,10,,,69,10,0.0,10,13,10,,,0.0,10,6.0,6.6,0,10,6.3,7.3,0,10,7.1,10,2.7,10,2.2,10,741,10
2008-03-05T08:00+00:00,5904,149,0,335,10,329,10,5.7,10,14.6,10,993.4,10,,,66,10,0.0,10,0,10,,,0.0,10,6.0,6.6,0,10,6.3,7.3,0,10,7.1,10,3.3,10,3.0,10,846,10
2008-03-05T09:00+00:00,5904,231,0,341,10,357,10,6.3,10,13.4,10,994.2,10,,,66,10,0.0,10,0,10,,,0.2,10,6.1,6.6,0,10,6.3,7.3,0,10,7.1,10,3.4,10,5.0,10,935,10
2008-03-05T10:00+00:00,5904,136,0,341,10,349,10,5.7,10,12.0,10,995.3,10,,,69,10,0.0,10,1,10,,,0.0,10,6.2,6.6,0,10,6.3,7.3,0,10,7.1,10,3.2,10,4.1,10,1001,10
2008-03-05T11:00+00:00,5904,189,0,336,10,320,10,5.6,10,10.7,10,996.1,10,,,63,10,0.0,10,1,10,,,0.1,10,6.2,6.6,0,10,6.4,7.3,0,10,7.1,10,3.7,10,3.4,10,1129,10
2008-03-05T12:00+00:00,5904,287,0,342,10,341,10,5.1,10,10.5,10,996.3,10,,,58,10,0.0,10,0,10,,,0.1,10,6.4,6.7,0,10,6.5,7.3,0,10,7.1,10,4.5,10,6.3,10,1218,10
2008-03-05T13:00+00:00,5904,213,0,339,10,14,10,5.6,10,13.2,10,996.7,10,,,56,10,0.0,10,0,10,,,0.2,10,6.5,6.7,0,10,6.5,7.3,0,10,7.0,10,4.1,10,5.2,10,1325,10
2008-03-05T14:00+00:00,5904,318,0,333,10,353,10,5.9,10,13.5,10,997.2,10,,,49,10,0.0,10,0,10,,,0.8,10,6.6,6.7,0,10,6.6,7.3,0,10,7.0,10,4.5,10,5.1,10,1417,10
2008-03-05T15:00+00:00,5904,271,0,346,10,350,10,5.9,10,14.6,10,998.0,10,,,46,10,0.0,10,0,10,,,1.0,10,6.6,6.7,0,10,6.6,7.3,0,10,7.0,10,4.3,10,3.5,10,1509,10
2008-03-05T16:00+00:00,5904,145,0,336,10,305,10,5.8,10,12.5,10,998.9,10,,,44,10,0.0,10,0,10,,,1.0,10,6.4,6.7,0,10,6.5,7.3,0,10,7.0,10,3.4,10,2.4,10,1656,10
2008-03-05T17:00+00:00,5904,14,0,325,10,301,10,5.4,10,11.7,10,999.9,10,,,44,10,0.0,10,0,10,,,0.5,10,6.2,6.7,0,10,6.4,7.3,0,10,7.0,10,2.5,10,0.8,10,1800,10
2008-03-05T18:00+00:00,5904,0,0,327,10,334,10,4.8,10,10.1,10,1000.8,10,,,46,10,0.0,10,0,10,,,0.0,10,6.0,6.7,0,10,6.3,7.3,0,10,7.0,10,1.9,10,0.0,10,1859,10
2008-03-05T19:00+00:00,5904,0,0,321,10,311,10,4.9,10,10.6,10,1001.6,10,,,49,10,0.0,10,0,10,,,0.0,10,5.7,6.7,0,10,6.1,7.3,0,10,6.9,10,1.4,10,-0.5,10,1957,10
2008-03-05T20:00+00:00,5904,0,0,321,10,324,10,5.1,10,10.6,10,1002.5,10,,,54,10,0.0,10,0,10,,,0.0,10,5.5,6.7,0,10,5.9,7.3,0,10,6.9,10,0.7,10,-0.8,10,2024,10
2008-03-05T21:00+00:00,5904,0,0,316,10,309,10,4.8,10,10.1,10,1002.9,10,,,58,10,0.0,10,0,10,,,0.0,10,5.4,6.7,0,10,5.8,7.3,0,10,6.9,10,0.5,10,-1.6,10,2105,10
2008-03-05T22:00+00:00,5904,0,0,308,10,322,10,4.9,10,10.8,10,1003.2,10,,,61,10,0.0,10,0,10,,,0.0,10,5.2,6.7,0,10,5.6,7.3,0,10,6.9,10,0.1,10,-1.7,10,2247,10
2008-03-05T23:00+00:00,5904,0,0,306,10,309,10,4.7,10,8.8,10,1002.9,10,,,61,10,0.0,10,0,10,,,0.0,10,5.0,6.7,0,10,5.5,7.3,0,10,6.9,10,0.0,10,-2.1,10,2347,10
2008-03-06T00:00+00:00,5904,0,0,313,10,320,10,4.4,10,9.2,10,1003.3,10,,,61,10,0.0,10,0,10,,,0.0,10,4.9,6.7,0,10,5.3,7.3,0,10,6.9,10,-0.1,10,-1.9,10,5,10
2008-03-06T01:00+00:00,5904,0,0,313,10,316,10,3.9,10,8.2,10,1002.9,10,,,62,10,0.0,10,0,10,,,0.0,10,4.7,6.7,0,10,5.2,7.3,0,10,6.9,10,-0.3,10,-2.8,10,120,10
2008-03-06T02:00+00:00,5904,0,0,307,10,315,10,3.6,10,7.5,10,1003.0,10,,,62,10,0.0,10,0,10,,,0.0,10,4.6,6.7,0,10,5.1,7.3,0,10,6.9,10,-0.6,10,-2.8,10,202,10
2008-03-06T03:00+00:00,5904,0,0,305,10,310,10,3.8,10,6.2,10,1003.1,10,,,62,10,0.0,10,0,10,,,0.0,10,4.4,6.7,0,10,4.9,7.3,0,10,6.8,10,-0.9,10,-3.8,10,338,10
2008-03-06T04:00+00:00,5904,0,0,305,10,308,10,3.9,10,6.8,10,1002.9,10,,,62,10,0.0,10,0,10,,,0.0,10,4.3,6.7,0,10,4.8,7.3,0,10,6.8,10,-1.1,10,-4.1,10,451,10
2008-03-06T05:00+00:00,5904,0,0,302,10,297,10,3.9,10,6.8,10,1002.7,10,,,61,10,0.0,10,0,10,,,0.0,10,4.1,6.7,0,10,4.7,7.3,0,10,6.8,10,-1.2,10,-4.5,10,552,10
2008-03-06T06:00+00:00,5904,10,0,304,10,310,10,4.3,10,6.5,10,1002.7,10,,,60,10,0.0,10,0,10,,,0.5,10,4.0,6.7,0,10,4.6,7.3,0,10,6.8,10,-0.8,10,-4.1,10,635,10
2008-03-06T07:00+00:00,5904,126,0,300,10,293,10,3.1,10,6.6,10,1002.5,10,,,57,10,0.0,10,0,10,,,1.0,10,3.9,6.7,0,10,4.5,7.3,0,10,6.7,10,0.7,10,-2.8,10,701,10
2008-03-06T08:00+00:00,5904,285,0,304,10,285,10,2.4,10,5.4,10,1002.6,10,,,51,10,0.0,10,0,10,,,1.0,10,3.9,6.7,0,10,4.4,7.3,0,10,6.7,10,2.6,10,0.4,10,837,10
2008-03-06T09:00+00:00,5904,432,0,333,10,11,10,2.6,10,5.7,10,1002.2,10,,,47,10,0.0,10,0,10,,,1.0,10,4.2,6.7,0,10,4.6,7.3,0,10,6.7,10,3.2,10,9.0,10,920,10
2008-03-06T10:00+00:00,5904,534,0,309,10,324,10,1.6,10,5.6,10,1002.1,10,,,45,10,0.0,10,0,10,,,1.0,10,4.7,6.7,0,10,4.9,7.3,0,10,6.7,10,3.7,10,10.3,10,1100,10
2008-03-06T11:00+00:00,5904,604,0,329,10,329,10,2.3,10,6.9,10,1000.9,10,,,40,10,0.0,10,0,10,,,1.0,10,5.3,6.7,0,10,5.3,7.3,0,10,6.6,10,4.5,10,11.3,10,1155,10
2008-03-06T12:00+00:00,5904,610,0,322,10,332,10,2.0,10,6.8,10,1000.5,10,,,39,10,0.0,10,0,10,,,1.0,10,6.0,6.7,0,10,5.7,7.3,0,10,6.6,10,5.8,10,12.3,10,1215,10
2008-03-06T13:00+00:00,5904,547,0,249,10,266,10,1.1,10,4.6,10,999.6,10,,,37,10,0.0,10,0,10,,,1.0,10,6.6,6.7,0,10,6.1,7.3,0,10,6.6,10,6.2,10,10.6,10,1328,10
2008-03-06T14:00+00:00,5904,448,0,40,10,46,10,1.3,10,6.5,10,998.9,10,,,37,10,0.0,10,0,10,,,1.0,10,6.9,6.7,0,10,6.4,7.3,0,10,6.5,10,6.2,10,5.8,10,1437,10
2008-03-06T15:00+00:00,5904,311,0,47,10,92,10,1.4,10,4.6,10,998.0,10,,,38,10,0.0,10,0,10,,,1.0,10,6.8,6.7,0,10,6.5,7.3,0,10,6.5,10,5.8,10,4.0,10,1546,10
2008-03-06T16:00+00:00,5904,143,0,62,10,110,10,1.5,10,3.7,10,997.8,10,,,41,10,0.0,10,0,10,,,1.0,10,6.6,6.7,0,10,6.5,7.3,0,10,6.5,10,4.8,10,1.9,10,1653,10
2008-03-06T17:00+00:00,5904,17,0,124,10,117,10,3.2,10,5.6,10,998.0,10,,,45,10,0.0,10,0,10,,,0.6,10,6.3,6.7,0,10,6.4,7.3,0,10,6.5,10,3.7,10,0.9,10,1718,10
2008-03-06T18:00+00:00,5904,0,0,143,10,127,10,2.4,10,5.0,10,997.5,10,,,45,10,0.0,10,0,10,,,0.0,10,6.1,6.7,0,10,6.2,7.4,0,10,6.4,10,3.1,10,-1.7,10,1829,10
2008-03-06T19:00+00:00,5904,0,0,173,10,185,10,2.6,10,5.3,10,998.0,10,,,45,10,0.0,10,0,10,,,0.0,10,5.8,6.7,0,10,6.0,7.4,0,10,6.4,10,3.0,10,-2.0,10,1958,10
2008-03-06T20:00+00:00,5904,0,0,214,10,168,10,1.8,10,4.9,10,998.4,10,,,50,10,0.0,10,0,10,,,0.0,10,5.6,6.7,0,10,5.8,7.4,0,10,6.4,10,1.7,10,-2.3,10,2100,10
2008-03-06T21:00+00:00,5904,0,0,269,10,283,10,2.0,10,2.8,10,998.1,10,,,58,10,0.0,10,0,10,,,0.0,10,5.3,6.7,0,10,5.7,7.4,0,10,6.4,10,1.2,10,-2.7,10,2109,10
2008-03-06T22:00+00:00,5904,0,0,258,10,249,10,1.9,10,2.7,10,997.9,10,,,59,10,0.0,10,0,10,,,0.0,10,5.2,6.7,0,10,5.6,7.4,0,10,6.4,10,1.3,10,-1.0,10,2254,10
2008-03-06T23:00+00:00,5904,0,0,257,10,264,10,2.3,10,3.3,10,997.3,10,,,60,10,0.0,10,0,10,,,0.0,10,5.0,6.7,0,10,5.4,7.4,0,10,6.4,10,0.5,10,-3.4,10,2352,10
2008-03-07T00:00+00:00,5904,0,0,268,10,285,10,0.9,10,3.3,10,996.9,10,,,62,10,0.0,10,0,10,,,0.0,10,4.9,6.7,0,10,5.3,7.4,0,10,6.4,10,-0.1,10,-4.3,10,12,10
2008-03-07T01:00+00:00,5904,0,0,21,10,39,10,1.1,10,3.4,10,996.7,10,,,65,10,0.0,10,0,10,,,0.0,10,4.7,6.7,0,10,5.1,7.4,0,10,6.4,10,-0.8,10,-4.1,10,133,10
2008-03-07T02:00+00:00,5904,0,0,162,10,191,10,0.8,10,2.5,10,996.5,10,,,67,10,0.0,10,0,10,,,0.0,10,4.5,6.7,0,10,5.0,7.4,0,10,6.4,10,-0.8,10,-4.3,10,233,10
2008-03-07T03:00+00:00,5904,0,0,45,10,47,10,1.3,10,2.6,10,996.1,10,,,70,10,0.0,10,0,10,,,0.0,10,4.4,6.7,0,10,4.8,7.4,0,10,6.4,10,-1.3,10,-4.6,10,352,10
2008-03-07T04:00+00:00,5904,0,0,45,10,89,10,0.8,10,2.4,10,995.5,10,,,71,10,0.0,10,0,10,,,0.0,10,4.2,6.7,0,10,4.7,7.4,0,10,6.4,10,-1.0,10,-4.9,10,409,10
2008-03-07T05:00+00:00,5904,0,0,295,10,329,10,0.5,10,2.0,10,995.1,10,,,71,10,0.0,10,0,10,,,0.0,10,4.1,6.7,0,10,4.6,7.4,0,10,6.4,10,-1.1,10,-4.4,10,503,10
2008-03-07T06:00+00:00,5904,7,0,275,10,268,10,1.2,10,2.4,10,994.7,10,,,73,10,0.0,10,0,10,,,0.1,10,4.0,6.7,0,10,4.5,7.4,0,10,6.4,10,-1.1,10,-4.2,10,658,10
2008-03-07T07:00+00:00,5904,115,0,348,10,273,10,0.3,10,2.2,10,994.6,10,,,69,10,0.0,10,0,10,,,1.0,10,3.9,6.7,0,10,4.4,7.4,0,10,6.4,10,1.3,10,-3.6,10,800,10
2008-03-07T08:00+00:00,5904,259,0,85,10,81,10,1.4,10,2.9,10,994.3,10,,,64,10,0.0,10,0,10,,,1.0,10,4.0,6.7,0,10,4.4,7.4,0,10,6.3,10,3.6,10,1.3,10,848,10
2008-03-07T09:00+00:00,5904,379,0,89,10,109,10,2.2,10,4.3,10,993.8,10,,,57,10,0.0,10,0,10,,,1.0,10,4.2,6.7,0,10,4.6,7.4,0,10,6.3,10,4.8,10,10.1,10,938,10
2008-03-07T10:00+00:00,5904,493,0,99,10,111,10,2.2,10,5.7,10,993.3,10,,,52,10,0.0,10,0,10,,,1.0,10,4.7,6.7,0,10,4.9,7.4,0,10,6.3,10,6.1,10,12.6,10,1043,10
2008-03-07T11:00+00:00,5904,568,0,102,10,133,10,2.9,10,6.1,10,992.3,10,,,48,10,0.0,10,0,10,,,1.0,10,5.4,6.7,0,10,5.3,7.4,0,10,6.3,10,7.3,10,14.7,10,1156,10
2008-03-07T12:00+00:00,5904,490,0,116,10,108,10,3.1,10,6.6,10,991.6,10,,,43,10,0.0,10,0,10,,,1.0,10,6.0,6.7,0,10,5.7,7.4,0,10,6.3,10,8.1,10,13.8,10,1212,10
2008-03-07T13:00+00:00,5904,443,0,113,10,121,10,3.6,10,7.2,10,990.7,10,,,40,10,0.0,10,0,10,,,1.0,10,6.4,6.7,0,10,6.0,7.4,0,10,6.2,10,8.0,10,11.2,10,1315,10
2008-03-07T14:00+00:00,5904,289,0,123,10,101,10,3.5,10,7.0,10,989.8,10,,,43,10,0.0,10,0,10,,,1.0,10,6.6,6.7,0,10,6.2,7.4,0,10,6.2,10,7.7,10,8.4,10,1500,10
2008-03-07T15:00+00:00,5904,158,0,113,10,122,10,2.8,10,5.9,10,988.9,10,,,46,10,0.0,10,0,10,,,0.8,10,6.6,6.7,0,10,6.3,7.4,0,10,6.2,10,7.0,10,6.5,10,1506,10
2008-03-07T16:00+00:00,5904,79,0,104,10,87,10,2.9,10,5.0,10,988.5,10,,,48,10,0.0,10,0,10,,,0.0,10,6.5,6.7,0,10,6.3,7.4,0,10,6.2,10,6.3,10,4.7,10,1618,10
2008-03-07T17:00+00:00,5904,14,0,113,10,110,10,2.2,10,4.4,10,988.1,10,,,49,10,0.0,10,0,10,,,0.0,10,6.3,6.6,0,10,6.3,7.4,0,10,6.2,10,6.0,10,4.2,10,1701,10
2008-03-07T18:00+00:00,5904,0,0,122,10,130,10,2.3,10,4.5,10,988.2,10,,,51,10,0.0,10,0,10,,,0.0,10,6.2,6.6,0,10,6.2,7.4,0,10,6.2,10,5.0,10,1.3,10,1809,10
2008-03-07T19:00+00:00,5904,0,0,120,10,130,10,1.9,10,4.2,10,987.7,10,,,52,10,0.0,10,0,10,,,0.0,10,6.0,6.6,0,10,6.1,7.4,0,10,6.1,10,5.8,10,0.5,10,1911,10
2008-03-07T20:00+00:00,5904,0,0,80,10,129,10,1.0,10,2.5,10,987.8,10,,,52,10,0.0,10,0,10,,,0.0,10,5.9,6.6,0,10,6.1,7.4,0,10,6.1,10,5.5,10,4.6,10,2058,10
2008-03-07T21:00+00:00,5904,0,0,129,10,113,10,0.7,10,2.3,10,987.6,10,,,53,10,0.0,10,0,10,,,0.0,10,5.9,6.6,0,10,6.0,7.4,0,10,6.2,10,5.7,10,4.5,10,2106,10
2008-03-07T22:00+00:00,5904,0,0,192,10,205,10,1.3,10,3.5,10,987.4,10,,,51,10,0.0,10,0,10,,,0.0,10,5.8,6.6,0,10,6.0,7.4,0,10,6.2,10,6.2,10,4.7,10,2252,10
2008-03-07T23:00+00:00,5904,0,0,218,10,232,10,1.1,10,3.0,10,987.0,10,,,52,10,0.0,10,0,10,,,0.0,10,5.8,6.6,0,10,5.9,7.4,0,10,6.2,10,5.9,10,4.8,10,2308,10
2008-03-08T00:00+00:00,5904,0,0,287,10,199,10,0.7,10,2.3,10,986.4,10,,,53,10,0.0,10,0,10,,,0.0,10,5.7,6.6,0,10,5.9,7.4,0,10,6.2,10,5.6,10,3.9,10,5,10
2008-03-08T01:00+00:00,5904,0,0,260,10,106,10,0.4,10,1.7,10,985.8,10,,,55,10,0.0,10,0,10,,,0.0,10,5.7,6.6,0,10,5.8,7.4,0,10,6.2,10,5.4,10,3.9,10,159,10
2008-03-08T02:00+00:00,5904,0,0,85,10,93,10,1.3,10,2.7,10,985.4,10,,,58,10,0.0,10,0,10,,,0.0,10,5.7,6.6,0,10,5.8,7.4,0,10,6.2,10,5.2,10,4.3,10,216,10
2008-03-08T03:00+00:00,5904,0,0,346,10,303,10,1.0,10,5.3,10,985.7,10,,,59,10,0.0,10,0,10,,,0.0,10,5.6,6.6,0,10,5.8,7.4,0,10,6.2,10,5.3,10,4.3,10,356,10
2008-03-08T04:00+00:00,5904,0,0,279,10,290,10,4.5,10,11.2,10,985.1,10,,,58,10,0.0,10,0,10,,,0.0,10,5.6,6.6,0,10,5.7,7.4,0,10,6.2,10,4.9,10,4.2,10,458,10
2008-03-08T05:00+00:00,5904,0,0,279,10,273,10,7.4,10,13.1,10,984.7,10,,,58,10,0.0,10,0,10,,,0.0,10,5.5,6.6,0,10,5.7,7.4,0,10,6.2,10,5.0,10,4.4,10,525,10
2008-03-08T06:00+00:00,5904,2,0,276,10,273,10,7.4,10,16.1,10,985.0,10,,,58,10,0.0,10,13,10,,,0.0,10,5.5,6.6,0,10,5.7,7.4,0,10,6.2,10,4.9,10,4.4,10,649,10
2008-03-08T07:00+00:00,5904,28,0,275,10,288,10,6.5,10,14.4,10,985.2,10,,,58,10,0.0,10,15,10,,,0.0,10,5.5,6.6,0,10,5.6,7.4,0,10,6.2,10,5.1,10,4.4,10,712,10
2008-03-08T08:00+00:00,5904,77,0,282,10,293,10,6.1,10,14.1,10,985.5,10,,,56,10,0.0,10,3,10,,,0.0,10,5.5,6.6,0,10,5.6,7.4,0,10,6.2,10,5.7,10,5.1,10,815,10
2008-03-08T09:00+00:00,5904,77,0,285,10,276,10,6.7,10,14.1,10,985.2,10,,,57,10,0.0,10,1,10,,,0.0,10,5.5,6.6,0,10,5.6,7.4,0,10,6.2,10,6.1,10,6.1,10,934,10
2008-03-08T10:00+00:00,5904,175,0,277,10,276,10,7.7,10,15.7,10,985.0,10,,,57,10,0.0,10,3,10,,,0.0,10,5.6,6.6,0,10,5.7,7.4,0,10,6.2,10,7.1,10,6.8,10,1041,10
2008-03-08T11:00+00:00,5904,192,0,277,10,291,10,7.5,10,15.8,10,984.8,10,,,59,10,0.0,10,23,10,,,0.0,10,5.7,6.6,0,10,5.8,7.4,0,10,6.2,10,7.0,10,7.2,10,1136,10
2008-03-08T12:00+00:00,5904,226,0,276,10,288,10,8.0,10,16.3,10,984.4,10,,,60,10,0.0,10,10,10,,,0.0,10,5.9,6.6,0,10,5.9,7.4,0,10,6.2,10,7.4,10,7.0,10,1213,10
2008-03-08T13:00+00:00,5904,386,0,269,10,269,10,7.5,10,15.1,10,984.3,10,,,59,10,0.0,10,0,10,,,1.0,10,6.2,6.6,0,10,6.1,7.4,0,10,6.2,10,8.4,10,9.9,10,1337,10
2008-03-08T14:00+00:00,5904,289,0,269,10,270,10,7.8,10,16.5,10,984.2,10,,,61,10,0.0,10,0,10,,,0.9,10,6.4,6.6,0,10,6.2,7.4,0,10,6.2,10,8.1,10,8.5,10,1418,10
2008-03-08T15:00+00:00,5904,193,0,259,10,263,10,6.3,10,13.8,10,984.2,10,,,66,10,0.0,10,0,10,,,0.8,10,6.4,6.6,0,10,6.3,7.5,0,10,6.2,10,6.8,10,6.1,10,1600,10
2008-03-08T16:00+00:00,5904,73,0,265,10,269,10,8.2,10,14.8,10,984.4,10,,,70,10,0.0,10,0,10,,,0.3,10,6.3,6.6,0,10,6.3,7.4,0,10,6.1,10,6.0,10,5.0,10,1609,10
2008-03-08T17:00+00:00,5904,17,0,270,10,281,10,8.0,10,14.5,10,984.7,10,,,73,10,0.0,10,0,10,,,0.0,10,6.2,6.6,0,10,6.2,7.4,0,10,6.2,10,5.7,10,4.1,10,1748,10
2008-03-08T18:00+00:00,5904,0,0,275,10,276,10,8.1,10,13.5,10,985.4,10,,,74,10,0.0,10,0,10,,,0.0,10,6.0,6.6,0,10,6.1,7.5,0,10,6.1,10,5.4,10,3.8,10,1822,10
2008-03-08T19:00+00:00,5904,0,0,279,10,286,10,8.1,10,14.3,10,985.6,10,,,74,10,0.0,10,0,10,,,0.0,10,5.9,6.6,0,10,6.0,7.5,0,10,6.2,10,5.7,10,3.8,10,1949,10
2008-03-08T20:00+00:00,5904,0,0,281,10,276,10,7.4,10,15.3,10,985.8,10,,,74,10,0.0,10,0,10,,,0.0,10,5.8,6.6,0,10,6.0,7.5,0,10,6.2,10,6.0,10,3.9,10,2005,10
2008-03-08T21:00+00:00,5904,0,0,288,10,280,10,7.1,10,13.6,10,986.1,10,,,75,10,0.0,10,0,10,,,0.0,10,5.7,6.5,0,10,5.9,7.5,0,10,6.2,10,5.8,10,4.3,10,2111,10
2008-03-08T22:00+00:00,5904,0,0,284,10,293,10,5.1,10,11.4,10,986.2,10,,,74,10,0.0,10,0,10,,,0.0,10,5.6,6.5,0,10,5.8,7.5,0,10,6.2,10,5.7,10,3.4,10,2217,10
2008-03-08T23:00+00:00,5904,0,0,280,10,285,10,4.3,10,10.5,10,986.1,10,,,77,10,0.0,10,0,10,,,0.0,10,5.5,6.5,0,10,5.7,7.5,0,10,6.2,10,5.2,10,2.4,10,2301,10
2008-03-09T00:00+00:00,5904,0,0,276,10,283,10,4.7,10,9.1,10,986.1,10,,,78,10,0.0,10,0,10,,,0.0,10,5.4,6.5,0,10,5.6,7.5,0,10,6.2,10,4.9,10,2.4,10,9,10
2008-03-09T01:00+00:00,5904,0,0,279,10,282,10,5.4,10,9.0,10,986.2,10,,,78,10,0.0,10,0,10,,,0.0,10,5.3,6.5,0,10,5.6,7.5,0,10,6.2,10,4.8,10,1.6,10,116,10
2008-03-09T02:00+00:00,5904,0,0,280,10,289,10,4.8,10,8.7,10,985.9,10,,,79,10,0.0,10,0,10,,,0.0,10,5.2,6.5,0,10,5.5,7.5,0,10,6.2,10,4.7,10,1.3,10,249,10
2008-03-09T03:00+00:00,5904,0,0,286,10,290,10,3.7,10,7.6,10,986.0,10,,,80,10,0.0,10,0,10,,,0.0,10,5.1,6.5,0,10,5.4,7.5,0,10,6.2,10,4.1,10,0.4,10,307,10
2008-03-09T04:00+00:00,5904,0,0,284,10,300,10,3.2,10,6.3,10,985.7,10,,,83,10,0.0,10,0,10,,,0.0,10,5.0,6.5,0,10,5.3,7.5,0,10,6.2,10,3.2,10,-1.4,10,406,10
2008-03-09T05:00+00:00,5904,0,0,284,10,297,10,2.9,10,5.7,10,985.5,10,,,84,10,0.0,10,0,10,,,0.0,10,4.9,6.5,0,10,5.2,7.5,0,10,6.2,10,3.4,10,-1.4,10,539,10
2008-03-09T06:00+00:00,5904,7,0,283,10,288,10,2.4,10,5.7,10,985.8,10,,,80,10,0.0,10,0,10,,,0.0,10,4.8,6.5,0,10,5.1,7.5,0,10,6.2,10,4.9,10,1.3,10,650,10
2008-03-09T07:00+00:00,5904,76,0,269,10,289,10,1.3,10,5.3,10,986.1,10,,,82,10,0.0,10,0,10,,,0.2,10,4.9,6.5,0,10,5.1,7.5,0,10,6.2,10,5.1,10,3.1,10,759,10
2008-03-09T08:00+00:00,5904,230,0,286,10,289,10,2.5,10,6.1,10,986.2,10,,,72,10,0.0,10,0,10,,,1.0,10,5.0,6.5,0,10,5.2,7.5,0,10,6.2,10,7.7,10,4.9,10,836,10
2008-03-09T09:00+00:00,5904,432,0,281,10,286,10,2.2,10,5.6,10,986.0,10,,,60,10,0.0,10,0,10,,,1.0,10,5.3,6.5,0,10,5.5,7.5,0,10,6.2,10,10.3,10,10.9,10,921,10
2008-03-09T10:00+00:00,5904,515,0,69,10,54,10,2.0,10,5.9,10,985.7,10,,,64,10,0.0,10,0,10,,,1.0,10,5.9,6.5,0,10,5.8,7.5,0,10,6.1,10,9.8,10,17.3,10,1049,10
2008-03-09T11:00+00:00,5904,568,0,58,10,52,10,2.8,10,5.3,10,985.0,10,,,61,10,0.0,10,0,10,,,1.0,10,6.6,6.5,0,10,6.3,7.5,0,10,6.1,10,10.5,10,17.5,10,1109,10
2008-03-09T12:00+00:00,5904,563,0,96,10,116,10,2.3,10,5.6,10,984.3,10,,,58,10,0.0,10,0,10,,,1.0,10,7.3,6.5,0,10,6.8,7.5,0,10,6.1,10,11.5,10,18.8,10,1249,10
2008-03-09T13:00+00:00,5904,508,0,96,10,97,10,3.7,10,7.1,10,983.5,10,,,57,10,0.0,10,0,10,,,1.0,10,7.9,6.5,0,10,7.2,7.5,0,10,6.1,10,12.5,10,15.7,10,1343,10
2008-03-09T14:00+00:00,5904,415,0,123,10,108,10,3.6,10,8.9,10,982.9,10,,,54,10,0.0,10,0,10,,,1.0,10,8.2,6.5,0,10,7.5,7.5,0,10,6.1,10,12.7,10,12.6,10,1458,10
2008-03-09T15:00+00:00,5904,284,0,130,10,118,10,4.1,10,8.7,10,982.6,10,,,55,10,0.0,10,0,10,,,1.0,10,8.1,6.5,0,10,7.6,7.5,0,10,6.1,10,12.3,10,11.1,10,1542,10
2008-03-09T16:00+00:00,5904,136,0,127,10,148,10,4.5,10,8.6,10,982.3,10,,,58,10,0.0,10,0,10,,,1.0,10,8.0,6.5,0,10,7.6,7.5,0,10,6.1,10,11.3,10,9.4,10,1608,10
2008-03-09T17:00+00:00,5904,25,0,131,10,128,10,4.9,10,9.8,10,982.2,10,,,62,10,0.0,10,0,10,,,0.5,10,7.8,6.5,0,10,7.6,7.5,0,10,6.1,10,10.3,10,7.8,10,1759,10
2008-03-09T18:00+00:00,5904,0,0,143,10,148,10,4.8,10,9.6,10,982.4,10,,,67,10,0.0,10,0,10,,,0.0,10,7.6,6.5,0,10,7.5,7.5,0,10,6.1,10,9.8,10,7.6,10,1813,10
2008-03-09T19:00+00:00,5904,0,0,159,10,163,10,3.7,10,8.1,10,982.6,10,,,71,10,0.0,10,0,10,,,0.0,10,7.4,6.5,0,10,7.3,7.5,0,10,6.1,10,8.9,10,6.2,10,1902,10
2008-03-09T20:00+00:00,5904,0,0,168,10,161,10,3.1,10,6.8,10,982.8,10,,,75,10,0.0,10,0,10,,,0.0,10,7.2,6.5,0,10,7.2,7.5,0,10,6.2,10,8.3,10,4.9,10,2043,10
2008-03-09T21:00+00:00,5904,0,0,178,10,172,10,2.4,10,6.5,10,982.9,10,,,79,10,0.0,10,0,10,,,0.0,10,7.0,6.5,0,10,7.1,7.5,0,10,6.2,10,7.4,10,3.8,10,2107,10
2008-03-09T22:00+00:00,5904,0,0,167,10,162,10,1.7,10,4.2,10,982.8,10,,,83,10,0.0,10,0,10,,,0.0,10,6.8,6.5,0,10,6.9,7.5,0,10,6.2,10,6.6,10,2.1,10,2258,10
2008-03-09T23:00+00:00,5904,0,0,151,10,157,10,2.0,10,4.6,10,982.5,10,,,86,10,0.0,10,0,10,,,0.0,10,6.7,6.5,0,10,6.8,7.5,0,10,6.2,10,5.7,10,0.8,10,2319,10
2008-03-10T00:00+00:00,5904,0,0,89,10,106,10,1.5,10,2.8,10,982.3,10,,,90,10,0.0,10,0,10,,,0.0,10,6.4,6.5,0,10,6.6,7.5,0,10,6.2,10,4.4,10,0.1,10,38,10
2008-03-10T01:00+00:00,5904,0,0,31,10,29,10,2.0,10,2.9,10,982.2,10,,,92,10,0.0,10,0,10,,,0.0,10,6.2,6.5,0,10,6.5,7.5,0,10,6.3,10,3.5,10,-0.2,10,105,10
2008-03-10T02:00+00:00,5904,0,0,6,10,323,10,1.4,10,3.0,10,982.0,10,,,93,10,0.0,10,0,10,,,0.0,10,6.0,6.5,0,10,6.3,7.5,0,10,6.3,10,2.6,10,-0.7,10,241,10
2008-03-10T03:00+00:00,5904,0,0,26,10,20,10,2.3,10,3.6,10,982.0,10,,,94,10,0.0,10,0,10,,,0.0,10,5.9,6.5,0,10,6.2,7.5,0,10,6.3,10,2.5,10,-1.7,10,359,10
2008-03-10T04:00+00:00,5904,0,0,20,10,22,10,2.1,10,3.8,10,981.9,10,,,95,10,0.0,10,0,10,,,0.0,10,5.7,6.5,0,10,6.0,7.5,0,10,6.3,10,2.0,10,-1.7,10,401,10
2008-03-10T05:00+00:00,5904,0,0,14,10,29,10,1.4,10,3.0,10,982.1,10,,,95,10,0.0,10,0,10,,,0.0,10,5.5,6.5,0,10,5.9,7.5,0,10,6.3,10,1.4,10,-2.4,10,559,10
2008-03-10T06:00+00:00,5904,11,0,11,10,22,10,1.5,10,3.2,10,982.3,10,,,95,10,0.0,10,0,10,,,0.0,10,5.4,6.5,0,10,5.8,7.5,0,10,6.3,10,2.1,10,-2.4,10,612,10
2008-03-10T07:00+00:00,5904,89,0,71,10,101,10,0.2,10,1.7,10,982.2,10,,,90,10,0.0,10,0,10,,,0.1,10,5.4,6.5,0,10,5.7,7.5,0,10,6.4,10,4.2,10,0.0,10,752,10
2008-03-10T08:00+00:00,5904,186,0,89,10,78,10,0.7,10,2.4,10,982.3,10,,,86,10,0.0,10,0,10,,,0.2,10,5.6,6.5,0,10,5.8,7.5,0,10,6.4,10,5.0,10,4.9,10,847,10
2008-03-10T09:00+00:00,5904,365,0,82,10,71,10,1.3,10,3.4,10,981.8,10,,,80,10,0.0,10,0,10,,,0.8,10,5.9,6.5,0,10,6.0,7.5,0,10,6.4,10,6.8,10,6.8,10,946,10
2008-03-10T10:00+00:00,5904,512,0,109,10,107,10,2.6,10,5.6,10,980.8,10,,,71,10,0.0,10,0,10,,,1.0,10,6.4,6.5,0,10,6.3,7.5,0,10,6.4,10,8.4,10,14.5,10,1054,10
2008-03-10T11:00+00:00,5904,562,0,127,10,145,10,3.3,10,7.3,10,980.0,10,,,66,10,0.0,10,0,10,,,1.0,10,7.0,6.5,0,10,6.8,7.5,0,10,6.4,10,9.7,10,16.3,10,1153,10
2008-03-10T12:00+00:00,5904,582,0,128,10,111,10,5.0,10,9.5,10,978.6,10,,,59,10,0.0,10,0,10,,,1.0,10,7.7,6.5,0,10,7.2,7.5,0,10,6.4,10,11.4,10,15.7,10,1250,10
2008-03-10T13:00+00:00,5904,375,0,128,10,157,10,4.1,10,8.5,10,977.4,10,,,60,10,0.0,10,0,10,,,0.7,10,8.1,6.5,0,10,7.5,7.5,0,10,6.3,10,11.6,10,13.6,10,1310,10
2008-03-10T14:00+00:00,5904,363,0,120,10,144,10,4.8,10,9.8,10,976.1,10,,,55,10,0.0,10,0,10,,,0.7,10,8.4,6.5,0,10,7.8,7.5,0,10,6.3,10,11.9,10,11.7,10,1453,10
2008-03-10T15:00+00:00,5904,240,0,117,10,124,10,4.2,10,10.3,10,974.3,10,,,54,10,0.0,10,0,10,,,0.7,10,8.4,6.5,0,10,7.9,7.5,0,10,6.3,10,13.1,10,11.3,10,1522,10
2008-03-10T16:00+00:00,5904,120,0,105,10,164,10,3.0,10,9.4,10,972.8,10,,,51,10,0.0,10,0,10,,,0.6,10,8.2,6.5,0,10,7.9,7.5,0,10,6.3,10,13.0,10,9.0,10,1657,10
2008-03-10T17:00+00:00,5904,17,0,169,10,166,10,6.1,10,12.6,10,972.1,10,,,49,10,0.0,10,0,10,,,0.5,10,8.1,6.5,0,10,7.9,7.5,0,10,6.4,10,12.8,10,9.7,10,1734,10
2008-03-10T18:00+00:00,5904,0,0,170,10,163,10,4.9,10,9.8,10,971.7,10,,,51,10,0.0,10,0,10,,,0.0,10,7.9,6.5,0,10,7.8,7.5,0,10,6.4,10,11.5,10,9.2,10,1829,10
2008-03-10T19:00+00:00,5904,0,0,178,10,162,10,4.9,10,10.7,10,971.3,10,,,52,10,0.0,10,0,10,,,0.0,10,7.7,6.5,0,10,7.7,7.5,0,10,6.4,10,10.8,10,8.4,10,1942,10
2008-03-10T20:00+00:00,5904,0,0,186,10,177,10,4.4,10,9.7,10,970.9,10,,,53,10,0.0,10,0,10,,,0.0,10,7.6,6.5,0,10,7.5,7.5,0,10,6.4,10,10.3,10,8.0,10,2052,10
2008-03-10T21:00+00:00,5904,0,0,178,10,173,10,3.7,10,7.8,10,970.6,10,,,55,10,0.0,10,0,10,,,0.0,10,7.4,6.5,0,10,7.4,7.5,0,10,6.4,10,9.3,10,6.8,10,2143,10
2008-03-10T22:00+00:00,5904,0,0,187,10,179,10,3.5,10,7.5,10,970.2,10,,,56,10,0.0,10,0,10,,,0.0,10,7.2,6.5,0,10,7.3,7.5,0,10,6.4,10,8.9,10,5.7,10,2222,10
2008-03-10T23:00+00:00,5904,0,0,197,10,198,10,2.5,10,5.7,10,970.0,10,,,59,10,0.0,10,0,10,,,0.0,10,7.0,6.5,0,10,7.2,7.5,0,10,6.5,10,8.1,10,3.4,10,2400,10
2008-03-11T00:00+00:00,5904,0,0,223,10,197,10,1.1,10,4.6,10,970.1,10,,,68,10,0.0,10,0,10,,,0.0,10,6.9,6.5,0,10,7.0,7.5,0,10,6.5,10,5.8,10,2.5,10,5,10
2008-03-11T01:00+00:00,5904,0,0,257,10,285,10,1.2,10,2.2,10,970.2,10,,,75,10,0.0,10,0,10,,,0.0,10,6.7,6.5,0,10,6.9,7.5,0,10,6.5,10,4.7,10,1.1,10,159,10
2008-03-11T02:00+00:00,5904,0,0,260,10,262,10,1.6,10,2.7,10,970.1,10,,,78,10,0.0,10,0,10,,,0.0,10,6.5,6.5,0,10,6.7,7.5,0,10,6.5,10,4.2,10,0.9,10,249,10
2008-03-11T03:00+00:00,5904,0,0,207,10,246,10,0.4,10,2.6,10,970.2,10,,,81,10,0.0,10,0,10,,,0.0,10,6.3,6.5,0,10,6.6,7.5,0,10,6.5,10,3.7,10,0.0,10,400,10
2008-03-11T04:00+00:00,5904,0,0,350,10,38,10,0.3,10,3.3,10,970.8,10,,,82,10,0.0,10,0,10,,,0.0,10,6.2,6.5,0,10,6.5,7.5,0,10,6.6,10,3.4,10,0.5,10,459,10
2008-03-11T05:00+00:00,5904,0,0,12,10,276,10,1.6,10,5.6,10,972.2,10,,,84,10,0.0,10,0,10,,,0.0,10,6.1,6.5,0,10,6.4,7.5,0,10,6.6,10,4.1,10,1.5,10,559,10
2008-03-11T06:00+00:00,5904,11,0,281,10,284,10,1.7,10,5.9,10,972.6,10,,,77,10,0.0,10,0,10,,,0.1,10,6.0,6.5,0,10,6.3,7.5,0,10,6.6,10,5.8,10,1.8,10,619,10
2008-03-11T07:00+00:00,5904,93,0,278,10,277,10,3.9,10,10.2,10,973.1,10,,,65,10,0.0,10,0,10,,,0.2,10,6.1,6.5,0,10,6.3,7.5,0,10,6.6,10,9.3,10,4.8,10,738,10
2008-03-11T08:00+00:00,5904,151,0,269,10,271,10,5.1,10,11.4,10,974.3,10,,,67,10,0.0,10,1,10,,,0.3,10,6.2,6.5,0,10,6.4,7.5,0,10,6.6,10,9.7,10,9.4,10,849,10
2008-03-11T09:00+00:00,5904,102,0,264,10,269,10,5.9,10,12.5,10,975.0,10,,,80,10,0.0,10,46,10,,,0.0,10,6.4,6.5,0,10,6.4,7.5,0,10,6.6,10,8.3,10,7.9,10,903,10
2008-03-11T10:00+00:00,5904,113,0,268,10,266,10,7.1,10,14.0,10,975.9,10,,,84,10,0.3,10,60,10,,,0.0,10,6.5,6.5,0,10,6.5,7.6,0,10,6.6,10,7.6,10,7.1,10,1017,10
2008-03-11T11:00+00:00,5904,123,0,274,10,260,10,4.4,10,9.5,10,976.4,10,,,88,10,0.9,10,60,10,,,0.0,10,6.7,6.5,0,10,6.6,7.6,0,10,6.6,10,8.0,10,7.0,10,1115,10
2008-03-11T12:00+00:00,5904,269,0,272,10,284,10,3.5,10,7.2,10,976.2,10,,,76,10,0.1,10,34,10,,,0.0,10,6.9,6.5,0,10,6.8,7.5,0,10,6.6,10,9.8,10,8.5,10,1205,10
2008-03-11T13:00+00:00,5904,286,0,280,10,293,10,3.4,10,8.6,10,975.9,10,,,61,10,0.0,10,4,10,,,0.1,10,7.2,6.5,0,10,7.0,7.6,0,10,6.6,10,11.2,10,11.1,10,1353,10
2008-03-11T14:00+00:00,5904,254,0,272,10,259,10,4.2,10,8.8,10,976.1,10,,,58,10,0.0,10,0,10,,,0.1,10,7.5,6.6,0,10,7.2,7.6,0,10,6.6,10,11.7,10,11.1,10,1428,10
2008-03-11T15:00+00:00,5904,128,0,275,10,281,10,3.7,10,7.3,10,976.3,10,,,58,10,0.0,10,0,10,,,0.0,10,7.6,6.6,0,10,7.4,7.6,0,10,6.6,10,11.4,10,9.9,10,1515,10
2008-03-11T16:00+00:00,5904,67,0,272,10,272,10,2.9,10,6.7,10,976.7,10,,,56,10,0.0,10,0,10,,,0.0,10,7.7,6.6,0,10,7.4,7.6,0,10,6.6,10,11.0,10,9.1,10,1618,10
2008-03-11T17:00+00:00,5904,19,0,277,10,268,10,2.5,10,5.7,10,977.3,10,,,56,10,0.0,10,0,10,,,0.2,10,7.6,6.6,0,10,7.4,7.6,0,10,6.6,10,10.3,10,6.6,10,1720,10
2008-03-11T18:00+00:00,5904,0,0,268,10,280,10,2.2,10,4.6,10,977.9,10,,,64,10,0.0,10,0,10,,,0.0,10,7.5,6.6,0,10,7.4,7.6,0,10,6.6,10,8.3,10,3.8,10,1805,10
2008-03-11T19:00+00:00,5904,0,0,245,10,245,10,2.3,10,3.0,10,978.1,10,,,70,10,0.0,10,0,10,,,0.0,10,7.3,6.6,0,10,7.2,7.6,0,10,6.6,10,6.6,10,1.9,10,1955,10
2008-03-11T20:00+00:00,5904,0,0,248,10,252,10,2.8,10,3.8,10,978.5,10,,,75,10,0.0,10,0,10,,,0.0,10,7.0,6.6,0,10,7.1,7.6,0,10,6.6,10,5.5,10,1.3,10,2004,10
2008-03-11T21:00+00:00,5904,0,0,233,10,230,10,2.9,10,4.0,10,978.6,10,,,77,10,0.0,10,0,10,,,0.0,10,6.8,6.6,0,10,7.0,7.6,0,10,6.6,10,4.8,10,0.9,10,2121,10
2008-03-11T22:00+00:00,5904,0,0,223,10,244,10,2.9,10,4.1,10,978.6,10,,,79,10,0.0,10,0,10,,,0.0,10,6.6,6.6,0,10,6.8,7.6,0,10,6.6,10,4.2,10,0.6,10,2205,10
2008-03-11T23:00+00:00,5904,0,0,251,10,265,10,3.2,10,4.2,10,978.2,10,,,79,10,0.0,10,0,10,,,0.0,10,6.4,6.6,0,10,6.7,7.6,0,10,6.6,10,3.8,10,-0.1,10,2320,10
2008-03-12T00:00+00:00,5904,0,0,247,10,254,10,3.1,10,4.4,10,977.6,10,,,78,10,0.0,10,0,10,,,0.0,10,6.3,6.6,0,10,6.5,7.6,0,10,6.6,10,3.8,10,0.3,10,43,10
2008-03-12T01:00+00:00,5904,0,0,232,10,216,10,2.7,10,4.1,10,977.4,10,,,75,10,0.0,10,0,10,,,0.0,10,6.2,6.6,0,10,6.5,7.6,0,10,6.6,10,5.0,10,1.3,10,126,10
2008-03-12T02:00+00:00,5904,0,0,207,10,226,10,1.6,10,4.4,10,977.1,10,,,82,10,0.1,10,21,10,,,0.0,10,6.2,6.6,0,10,6.4,7.6,0,10,6.7,10,5.2,10,3.0,10,214,10
2008-03-12T03:00+00:00,5904,0,0,232,10,219,10,2.0,10,4.3,10,976.1,10,,,78,10,0.0,10,2,10,,,0.0,10,6.1,6.6,0,10,6.4,7.6,0,10,6.7,10,5.8,10,3.6,10,325,10
2008-03-12T04:00+00:00,5904,0,0,244,10,285,10,2.0,10,4.0,10,975.0,10,,,78,10,0.0,10,10,10,,,0.0,10,6.1,6.6,0,10,6.3,7.6,0,10,6.7,10,5.9,10,4.1,10,415,10
2008-03-12T05:00+00:00,5904,0,0,245,10,229,10,1.7,10,3.0,10,974.2,10,,,82,10,0.1,10,14,10,,,0.0,10,6.1,6.6,0,10,6.3,7.6,0,10,6.7,10,5.6,10,3.9,10,523,10
2008-03-12T06:00+00:00,5904,4,0,265,10,280,10,1.9,10,3.7,10,974.7,10,,,79,10,0.0,10,1,10,,,0.0,10,6.1,6.6,0,10,6.3,7.6,0,10,6.7,10,6.5,10,3.7,10,659,10
2008-03-12T07:00+00:00,5904,9,0,251,10,284,10,1.4,10,3.6,10,974.3,10,,,92,10,1.6,10,59,10,,,0.0,10,6.1,6.6,0,10,6.3,7.6,0,10,6.7,10,6.2,10,4.9,10,725,10
2008-03-12T08:00+00:00,5904,60,0,255,10,250,10,1.7,10,3.7,10,974.8,10,,,90,10,0.1,10,9,10,,,0.0,10,6.2,6.6,0,10,6.3,7.6,0,10,6.7,10,7.6,10,5.8,10,837,10
2008-03-12T09:00+00:00,5904,61,0,35,10,16,10,1.9,10,6.8,10,975.7,10,,,93,10,0.8,10,45,10,,,0.0,10,6.3,6.6,0,10,6.4,7.6,0,10,6.7,10,6.8,10,6.8,10,953,10
2008-03-12T10:00+00:00,5904,213,0,181,10,148,10,0.6,10,4.9,10,975.7,10,,,90,10,0.4,10,33,10,,,0.0,10,6.5,6.6,0,10,6.5,7.6,0,10,6.7,10,8.7,10,6.7,10,1015,10
2008-03-12T11:00+00:00,5904,278,0,137,10,140,10,1.0,10,2.8,10,975.8,10,,,90,10,0.6,10,56,10,,,0.1,10,6.9,6.6,0,10,6.8,7.6,0,10,6.7,10,10.6,10,10.5,10,1138,10
2008-03-12T12:00+00:00,5904,197,0,235,10,246,10,2.7,10,9.4,10,976.0,10,,,86,10,0.5,10,53,10,,,0.0,10,7.2,6.6,0,10,7.0,7.6,0,10,6.7,10,11.2,10,10.9,10,1244,10
2008-03-12T13:00+00:00,5904,252,0,241,10,241,10,5.3,10,11.3,10,975.0,10,,,78,10,0.2,10,36,10,,,0.1,10,7.5,6.6,0,10,7.2,7.6,0,10,6.6,10,11.4,10,10.9,10,1346,10
2008-03-12T14:00+00:00,5904,292,0,264,10,264,10,8.5,10,21.5,10,975.0,10,,,66,10,0.0,10,0,10,,,0.5,10,7.8,6.6,0,10,7.4,7.6,0,10,6.6,10,11.5,10,10.4,10,1436,10
2008-03-12T15:00+00:00,5904,345,0,270,10,266,10,9.5,10,22.2,10,974.1,10,,,59,10,0.0,10,0,10,,,1.0,10,7.9,6.6,0,10,7.5,7.6,0,10,6.6,10,12.5,10,9.5,10,1537,10
2008-03-12T16:00+00:00,5904,181,0,268,10,271,10,8.3,10,20.5,10,974.0,10,,,59,10,0.0,10,0,10,,,1.0,10,7.8,6.6,0,10,7.6,7.6,0,10,6.6,10,12.3,10,9.5,10,1602,10
2008-03-12T17:00+00:00,5904,27,0,265,10,268,10,8.7,10,17.7,10,974.9,10,,,61,10,0.0,10,0,10,,,0.6,10,7.7,6.6,0,10,7.6,7.6,0,10,6.6,10,11.7,10,9.4,10,1742,10
2008-03-12T18:00+00:00,5904,0,0,284,10,298,10,6.0,10,14.6,10,976.4,10,,,67,10,0.0,10,0,10,,,0.0,10,7.6,6.6,0,10,7.5,7.6,0,10,6.6,10,10.7,10,8.0,10,1813,10
2008-03-12T19:00+00:00,5904,0,0,273,10,282,10,3.6,10,12.0,10,977.3,10,,,59,10,0.0,10,0,10,,,0.0,10,7.5,6.6,0,10,7.4,7.6,0,10,6.6,10,10.9,10,6.7,10,1952,10
2008-03-12T20:00+00:00,5904,0,0,279,10,312,10,5.9,10,13.7,10,978.5,10,,,52,10,0.0,10,0,10,,,0.0,10,7.4,6.6,0,10,7.4,7.6,0,10,6.7,10,10.6,10,8.0,10,2015,10
2008-03-12T21:00+00:00,5904,0,0,272,10,275,10,4.9,10,15.0,10,980.1,10,,,59,10,0.0,10,0,10,,,0.0,10,7.2,6.6,0,10,7.3,7.6,0,10,6.7,10,9.4,10,6.7,10,2103,10
2008-03-12T22:00+00:00,5904,0,0,267,10,228,10,5.0,10,11.0,10,980.9,10,,,56,10,0.0,10,0,10,,,0.0,10,7.1,6.7,0,10,7.2,7.6,0,10,6.7,10,8.3,10,5.5,10,2206,10
2008-03-12T23:00+00:00,5904,0,0,273,10,288,10,5.3,10,12.3,10,981.4,10,,,56,10,0.0,10,0,10,,,0.0,10,7.0,6.7,0,10,7.1,7.6,0,10,6.7,10,7.9,10,4.8,10,2336,10
2008-03-13T00:00+00:00,5904,0,0,268,10,281,10,5.3,10,11.1,10,982.3,10,,,58,10,0.0,10,0,10,,,0.0,10,6.8,6.7,0,10,7.0,7.6,0,10,6.7,10,7.4,10,4.5,10,44,10
2008-03-13T01:00+00:00,5904,0,0,264,10,261,10,5.1,10,11.3,10,983.0,10,,,60,10,0.0,10,0,10,,,0.0,10,6.7,6.7,0,10,6.9,7.6,0,10,6.7,10,7.0,10,4.4,10,139,10
2008-03-13T02:00+00:00,5904,0,0,260,10,287,10,5.3,10,10.8,10,983.7,10,,,64,10,0.0,10,0,10,,,0.0,10,6.6,6.7,0,10,6.8,7.6,0,10,6.7,10,6.6,10,4.0,10,233,10
2008-03-13T03:00+00:00,5904,0,0,265,10,263,10,6.3,10,14.0,10,984.0,10,,,64,10,0.0,10,0,10,,,0.0,10,6.5,6.7,0,10,6.7,7.6,0,10,6.7,10,6.3,10,4.1,10,354,10
2008-03-13T04:00+00:00,5904,0,0,273,10,274,10,7.3,10,16.9,10,984.6,10,,,62,10,0.0,10,0,10,,,0.0,10,6.4,6.7,0,10,6.6,7.6,0,10,6.8,10,6.4,10,4.2,10,500,10
2008-03-13T05:00+00:00,5904,0,0,272,10,270,10,7.1,10,14.4,10,985.3,10,,,62,10,0.0,10,0,10,,,0.0,10,6.3,6.7,0,10,6.5,7.6,0,10,6.8,10,6.1,10,4.1,10,516,10
2008-03-13T06:00+00:00,5904,15,0,269,10,296,10,6.5,10,14.4,10,985.8,10,,,60,10,0.0,10,0,10,,,0.3,10,6.2,6.7,0,10,6.4,7.6,0,10,6.8,10,6.3,10,3.7,10,610,10
2008-03-13T07:00+00:00,5904,157,0,270,10,278,10,8.4,10,22.2,10,986.2,10,,,56,10,0.0,10,0,10,,,1.0,10,6.1,6.7,0,10,6.4,7.6,0,10,6.8,10,7.4,10,4.9,10,756,10
2008-03-13T08:00+00:00,5904,245,0,269,10,273,10,9.8,10,18.8,10,987.1,10,,,56,10,0.0,10,0,10,,,0.7,10,6.2,6.7,0,10,6.4,7.6,0,10,6.8,10,7.3,10,7.8,10,900,10
2008-03-13T09:00+00:00,5904,254,0,272,10,285,10,9.0,10,18.8,10,987.2,10,,,56,10,0.0,10,0,10,,,0.2,10,6.4,6.7,0,10,6.5,7.6,0,10,6.8,10,8.1,10,8.7,10,906,10
2008-03-13T10:00+00:00,5904,428,0,269,10,274,10,8.8,10,18.0,10,987.3,10,,,54,10,0.0,10,4,10,,,1.0,10,6.7,6.7,0,10,6.7,7.6,0,10,6.8,10,8.8,10,11.0,10,1016,10
2008-03-13T11:00+00:00,5904,206,0,273,10,269,10,7.7,10,17.4,10,987.7,10,,,56,10,0.1,10,27,10,,,0.0,10,6.9,6.7,0,10,6.8,7.6,0,10,6.8,10,8.3,10,5.7,10,1131,10
2008-03-13T12:00+00:00,5904,61,0,264,10,290,10,7.0,10,15.0,10,987.2,10,,,56,10,0.2,10,43,10,,,0.0,10,6.9,6.7,0,10,6.8,7.6,0,10,6.8,10,7.7,10,5.3,10,1201,10
2008-03-13T13:00+00:00,5904,126,0,260,10,269,10,7.0,10,16.4,10,987.0,10,,,58,10,0.0,10,15,10,,,0.0,10,6.9,6.7,0,10,6.9,7.6,0,10,6.8,10,8.1,10,5.7,10,1318,10
2008-03-13T14:00+00:00,5904,214,0,259,10,262,10,6.5,10,11.8,10,986.7,10,,,60,10,0.0,10,0,10,,,0.2,10,7.0,6.7,0,10,7.0,7.6,0,10,6.8,10,8.9,10,7.4,10,1412,10
2008-03-13T15:00+00:00,5904,305,0,264,10,272,10,7.3,10,16.4,10,986.3,10,,,60,10,0.0,10,0,10,,,0.9,10,7.0,6.7,0,10,7.0,7.6,0,10,6.8,10,8.6,10,6.6,10,1556,10
2008-03-13T16:00+00:00,5904,121,0,269,10,256,10,8.2,10,15.1,10,987.2,10,,,63,10,0.0,10,0,10,,,0.5,10,7.0,6.7,0,10,7.0,7.6,0,10,6.7,10,7.8,10,6.1,10,1649,10
2008-03-13T17:00+00:00,5904,19,0,323,10,336,10,4.3,10,13.4,10,987.7,10,,,90,10,1.7,10,38,10,,,0.2,10,6.8,6.7,0,10,6.9,7.6,0,10,6.7,10,4.5,10,1.9,10,1702,10
2008-03-13T18:00+00:00,5904,0,0,276,10,283,10,5.6,10,12.2,10,988.1,10,,,79,10,0.0,10,0,10,,,0.0,10,6.7,6.7,0,10,6.8,7.6,0,10,6.7,10,5.9,10,1.5,10,1841,10
2008-03-13T19:00+00:00,5904,0,0,280,10,298,10,6.4,10,12.5,10,988.9,10,,,74,10,0.0,10,0,10,,,0.0,10,6.5,6.7,0,10,6.7,7.6,0,10,6.7,10,5.7,10,2.7,10,1925,10
2008-03-13T20:00+00:00,5904,0,0,273,10,274,10,5.6,10,10.6,10,989.1,10,,,73,10,0.0,10,0,10,,,0.0,10,6.4,6.7,0,10,6.6,7.6,0,10,6.7,10,6.1,10,2.7,10,2039,10
2008-03-13T21:00+00:00,5904,0,0,270,10,272,10,6.5,10,12.9,10,989.0,10,,,76,10,0.0,10,0,10,,,0.0,10,6.3,6.7,0,10,6.5,7.6,0,10,6.7,10,6.1,10,3.7,10,2121,10
2008-03-13T22:00+00:00,5904,0,0,270,10,273,10,6.1,10,10.5,10,989.7,10,,,73,10,0.0,10,0,10,,,0.0,10,6.3,6.7,0,10,6.5,7.6,0,10,6.8,10,5.7,10,3.0,10,2244,10
2008-03-13T23:00+00:00,5904,0,0,270,10,266,10,6.6,10,12.3,10,989.7,10,,,71,10,0.0,10,0,10,,,0.0,10,6.2,6.7,0,10,6.4,7.6,0,10,6.8,10,6.1,10,2.9,10,2321,10
2008-03-14T00:00+00:00,5904,0,0,270,10,278,10,6.3,10,11.9,10,989.4,10,,,76,10,0.0,10,0,10,,,0.0,10,6.2,6.7,0,10,6.3,7.6,0,10,6.8,10,5.7,10,3.1,10,18,10
2008-03-14T01:00+00:00,5904,0,0,272,10,264,10,6.4,10,11.9,10,989.3,10,,,75,10,0.0,10,0,10,,,0.0,10,6.1,6.7,0,10,6.3,7.6,0,10,6.8,10,5.9,10,3.1,10,127,10
2008-03-14T02:00+00:00,5904,0,0,277,10,279,10,5.8,10,11.3,10,989.1,10,,,73,10,0.0,10,0,10,,,0.0,10,6.0,6.7,0,10,6.2,7.6,0,10,6.8,10,6.0,10,3.8,10,248,10
2008-03-14T03:00+00:00,5904,0,0,281,10,276,10,5.3,10,9.9,10,989.3,10,,,71,10,0.0,10,0,10,,,0.0,10,6.0,6.7,0,10,6.2,7.6,0,10,6.7,10,5.8,10,4.0,10,358,10
2008-03-14T04:00+00:00,5904,0,0,276,10,286,10,4.9,10,10.2,10,989.5,10,,,74,10,0.0,10,0,10,,,0.0,10,6.0,6.7,0,10,6.1,7.6,0,10,6.7,10,5.8,10,4.0,10,409,10
2008-03-14T05:00+00:00,5904,0,0,276,10,277,10,4.1,10,8.3,10,989.5,10,,,74,10,0.0,10,0,10,,,0.0,10,5.9,6.7,0,10,6.1,7.6,0,10,6.7,10,5.9,10,3.9,10,513,10
2008-03-14T06:00+00:00,5904,11,0,254,10,290,10,3.0,10,6.5,10,989.3,10,,,74,10,0.0,10,0,10,,,0.1,10,5.9,6.7,0,10,6.1,7.6,0,10,6.7,10,6.1,10,3.7,10,604,10
2008-03-14T07:00+00:00,5904,76,0,265,10,268,10,3.6,10,7.7,10,989.0,10,,,73,10,0.0,10,0,10,,,0.0,10,5.9,6.7,0,10,6.1,7.6,0,10,6.7,10,7.2,10,4.9,10,749,10
2008-03-14T08:00+00:00,5904,145,0,260,10,273,10,4.6,10,9.9,10,988.8,10,,,71,10,0.0,10,0,10,,,0.0,10,6.1,6.7,0,10,6.2,7.6,0,10,6.7,10,8.1,10,6.8,10,802,10
2008-03-14T09:00+00:00,5904,119,0,216,10,232,10,3.5,10,7.9,10,988.5,10,,,71,10,0.0,10,15,10,,,0.0,10,6.2,6.8,0,10,6.2,7.6,0,10,6.7,10,7.9,10,7.6,10,912,10
2008-03-14T10:00+00:00,5904,94,0,226,10,224,10,2.5,10,5.7,10,987.9,10,,,82,10,0.3,10,59,10,,,0.0,10,6.3,6.8,0,10,6.3,7.6,0,10,6.7,10,7.5,10,7.1,10,1006,10
2008-03-14T11:00+00:00,5904,124,0,183,10,194,10,2.4,10,6.1,10,987.3,10,,,87,10,0.5,10,60,10,,,0.0,10,6.4,6.8,0,10,6.4,7.6,0,10,6.7,10,7.2,10,7.2,10,1140,10
2008-03-14T12:00+00:00,5904,117,0,201,10,206,10,2.6,10,6.1,10,986.4,10,,,91,10,0.9,10,60,10,,,0.0,10,6.6,6.8,0,10,6.5,7.6,0,10,6.7,10,7.1,10,7.4,10,1240,10
2008-03-14T13:00+00:00,5904,95,0,196,10,192,10,2.9,10,5.7,10,985.5,10,,,92,10,0.9,10,60,10,,,0.0,10,6.7,6.8,0,10,6.6,7.6,0,10,6.7,10,7.2,10,7.2,10,1310,10
2008-03-14T14:00+00:00,5904,72,0,210,10,211,10,2.1,10,4.5,10,985.0,10,,,92,10,0.8,10,60,10,,,0.0,10,6.7,6.8,0,10,6.7,7.6,0,10,6.7,10,7.3,10,7.2,10,1439,10
2008-03-14T15:00+00:00,5904,53,0,202,10,181,10,2.3,10,4.2,10,984.6,10,,,94,10,2.0,10,60,10,,,0.0,10,6.8,6.8,0,10,6.7,7.6,0,10,6.7,10,7.4,10,7.3,10,1559,10
2008-03-14T16:00+00:00,5904,36,0,221,10,248,10,2.7,10,5.3,10,984.3,10,,,94,10,1.1,10,60,10,,,0.0,10,6.8,6.8,0,10,6.8,7.6,0,10,6.7,10,7.9,10,7.4,10,1630,10
2008-03-14T17:00+00:00,5904,9,0,260,10,278,10,3.5,10,7.7,10,984.2,10,,,91,10,0.7,10,56,10,,,0.0,10,6.9,6.8,0,10,6.8,7.6,0,10,6.7,10,8.6,10,7.6,10,1751,10
2008-03-14T18:00+00:00,5904,0,0,280,10,287,10,4.9,10,10.6,10,984.4,10,,,91,10,0.5,10,58,10,,,0.0,10,6.9,6.8,0,10,6.8,7.6,0,10,6.7,10,8.5,10,7.4,10,1817,10
2008-03-14T19:00+00:00,5904,0,0,275,10,291,10,3.9,10,8.0,10,984.9,10,,,89,10,0.6,10,58,10,,,0.0,10,6.9,6.8,0,10,6.8,7.6,0,10,6.7,10,8.6,10,7.2,10,1930,10
2008-03-14T20:00+00:00,5904,0,0,283,10,273,10,5.1,10,12.4,10,985.8,10,,,81,10,0.0,10,26,10,,,0.0,10,6.9,6.8,0,10,6.8,7.6,0,10,6.7,10,8.9,10,7.1,10,2040,10
2008-03-14T21:00+00:00,5904,0,0,296,10,300,10,6.4,10,13.8,10,986.5,10,,,73,10,0.0,10,1,10,,,0.0,10,6.9,6.8,0,10,6.8,7.6,0,10,6.7,10,9.3,10,7.3,10,2142,10
2008-03-14T22:00+00:00,5904,0,0,304,10,311,10,6.5,10,13.8,10,987.2,10,,,65,10,0.0,10,0,10,,,0.0,10,6.8,6.8,0,10,6.8,7.6,0,10,6.7,10,8.9,10,5.9,10,2234,10
2008-03-14T23:00+00:00,5904,0,0,304,10,300,10,5.2,10,12.6,10,988.2,10,,,64,10,0.0,10,0,10,,,0.0,10,6.8,6.8,0,10,6.8,7.6,0,10,6.7,10,8.5,10,5.5,10,2400,10
2008-03-15T00:00+00:00,5904,0,0,300,10,296,10,4.4,10,10.3,10,988.5,10,,,65,10,0.0,10,0,10,,,0.0,10,6.7,6.8,0,10,6.7,7.6,0,10,6.7,10,8.2,10,4.9,10,47,10
2008-03-15T01:00+00:00,5904,0,0,302,10,316,10,5.1,10,11.5,10,989.1,10,,,66,10,0.0,10,0,10,,,0.0,10,6.6,6.8,0,10,6.7,7.6,0,10,6.7,10,8.1,10,5.1,10,200,10
2008-03-15T02:00+00:00,5904,0,0,304,10,293,10,4.3,10,10.2,10,989.5,10,,,60,10,0.0,10,0,10,,,0.0,10,6.5,6.8,0,10,6.6,7.6,0,10,6.7,10,7.5,10,4.2,10,247,10
2008-03-15T03:00+00:00,5904,0,0,308,10,336,10,3.9,10,9.8,10,990.0,10,,,60,10,0.0,10,0,10,,,0.0,10,6.4,6.8,0,10,6.5,7.6,0,10,6.7,10,7.2,10,2.6,10,314,10
2008-03-15T04:00+00:00,5904,0,0,314,10,295,10,3.9,10,10.1,10,990.8,10,,,58,10,0.0,10,0,10,,,0.0,10,6.3,6.8,0,10,6.4,7.6,0,10,6.7,10,6.7,10,2.8,10,430,10
2008-03-15T05:00+00:00,5904,0,0,308,10,310,10,3.4,10,9.1,10,991.3,10,,,59,10,0.0,10,0,10,,,0.0,10,6.1,6.8,0,10,6.3,7.6,0,10,6.7,10,6.5,10,1.6,10,526,10
2008-03-15T06:00+00:00,5904,22,0,293,10,314,10,3.1,10,6.8,10,991.8,10,,,62,10,0.0,10,0,10,,,0.7,10,6.0,6.8,0,10,6.2,7.6,0,10,6.7,10,6.4,10,1.6,10,611,10
2008-03-15T07:00+00:00,5904,157,0,284,10,291,10,3.3,10,7.9,10,992.1,10,,,57,10,0.0,10,0,10,,,1.0,10,6.0,6.8,0,10,6.2,7.6,0,10,6.7,10,8.3,10,3.3,10,751,10
2008-03-15T08:00+00:00,5904,327,0,298,10,298,10,5.1,10,10.9,10,992.4,10,,,52,10,0.0,10,0,10,,,1.0,10,6.1,6.8,0,10,6.2,7.6,0,10,6.7,10,9.6,10,7.0,10,830,10
2008-03-15T09:00+00:00,5904,468,0,311,10,339,10,3.8,10,9.3,10,992.2,10,,,50,10,0.0,10,0,10,,,1.0,10,6.4,6.8,0,10,6.4,7.6,0,10,6.7,10,10.3,10,14.8,10,909,10
2008-03-15T10:00+00:00,5904,588,0,291,10,281,10,3.2,10,7.8,10,991.9,10,,,49,10,0.0,10,0,10,,,1.0,10,6.9,6.8,0,10,6.8,7.6,0,10,6.7,10,11.0,10,17.9,10,1024,10
2008-03-15T11:00+00:00,5904,643,0,287,10,277,10,3.3,10,8.3,10,991.3,10,,,48,10,0.0,10,0,10,,,1.0,10,7.6,6.8,0,10,7.3,7.6,0,10,6.7,10,12.2,10,19.6,10,1157,10
2008-03-15T12:00+00:00,5904,649,0,300,10,274,10,2.4,10,7.7,10,990.4,10,,,45,10,0.0,10,0,10,,,1.0,10,8.3,6.8,0,10,7.8,7.6,0,10,6.7,10,12.6,10,20.9,10,1201,10
2008-03-15T13:00+00:00,5904,597,0,28,10,94,10,0.2,10,5.1,10,989.7,10,,,43,10,0.0,10,0,10,,,1.0,10,9.0,6.8,0,10,8.3,7.7,0,10,6.7,10,13.1,10,15.5,10,1350,10
2008-03-15T14:00+00:00,5904,491,0,97,10,107,10,2.5,10,6.0,10,989.0,10,,,42,10,0.0,10,0,10,,,1.0,10,9.4,6.8,0,10,8.6,7.6,0,10,6.7,10,13.7,10,12.6,10,1429,10
2008-03-15T15:00+00:00,5904,333,0,112,10,112,10,3.2,10,7.3,10,988.2,10,,,47,10,0.0,10,0,10,,,1.0,10,9.3,6.8,0,10,8.7,7.7,0,10,6.7,10,12.8,10,10.9,10,1526,10
2008-03-15T16:00+00:00,5904,184,0,109,10,118,10,4.3,10,7.8,10,987.7,10,,,50,10,0.0,10,0,10,,,1.0,10,9.1,6.8,0,10,8.7,7.7,0,10,6.7,10,11.6,10,9.7,10,1635,10
2008-03-15T17:00+00:00,5904,38,0,101,10,99,10,3.6,10,7.1,10,987.1,10,,,56,10,0.0,10,0,10,,,0.6,10,8.9,6.8,0,10,8.6,7.7,0,10,6.7,10,10.5,10,7.3,10,1719,10
2008-03-15T18:00+00:00,5904,0,0,109,10,117,10,3.2,10,6.3,10,986.6,10,,,63,10,0.0,10,0,10,,,0.0,10,8.7,6.8,0,10,8.5,7.7,0,10,6.7,10,9.5,10,5.7,10,1825,10
2008-03-15T19:00+00:00,5904,0,0,102,10,124,10,2.0,10,5.0,10,985.8,10,,,69,10,0.0,10,0,10,,,0.0,10,8.4,6.8,0,10,8.4,7.7,0,10,6.7,10,8.5,10,4.2,10,1936,10
2008-03-15T20:00+00:00,5904,0,0,131,10,143,10,2.1,10,4.9,10,984.8,10,,,73,10,0.0,10,0,10,,,0.0,10,8.2,6.8,0,10,8.2,7.7,0,10,6.8,10,8.2,10,3.6,10,2019,10
2008-03-15T21:00+00:00,5904,0,0,154,10,176,10,2.5,10,6.0,10,983.9,10,,,76,10,0.0,10,0,10,,,0.0,10,8.0,6.8,0,10,8.1,7.7,0,10,6.8,10,8.3,10,3.6,10,2113,10
2008-03-15T22:00+00:00,5904,0,0,146,10,174,10,1.4,10,4.2,10,982.9,10,,,79,10,0.0,10,0,10,,,0.0,10,7.8,6.8,0,10,7.9,7.7,0,10,6.8,10,7.9,10,4.7,10,2203,10
2008-03-15T23:00+00:00,5904,0,0,107,10,98,10,1.3,10,2.5,10,981.9,10,,,81,10,0.0,10,0,10,,,0.0,10,7.7,6.8,0,10,7.8,7.7,0,10,6.8,10,7.4,10,4.2,10,2317,10
2008-03-16T00:00+00:00,5904,0,0,73,10,66,10,1.8,10,3.1,10,981.5,10,,,81,10,0.0,10,0,10,,,0.0,10,7.6,6.8,0,10,7.7,7.7,0,10,6.9,10,7.5,10,4.2,10,37,10
2008-03-16T01:00+00:00,5904,0,0,77,10,73,10,2.0,10,3.3,10,980.6,10,,,82,10,0.0,10,0,10,,,0.0,10,7.5,6.8,0,10,7.6,7.7,0,10,6.9,10,7.1,10,4.5,10,106,10
2008-03-16T02:00+00:00,5904,0,0,87,10,106,10,1.6,10,2.9,10,979.9,10,,,84,10,0.0,10,0,10,,,0.0,10,7.4,6.8,0,10,7.5,7.7,0,10,6.9,10,6.5,10,3.4,10,203,10
2008-03-16T03:00+00:00,5904,0,0,43,10,74,10,1.7,10,3.0,10,979.2,10,,,87,10,0.0,10,0,10,,,0.0,10,7.2,6.8,0,10,7.4,7.7,0,10,7.0,10,5.7,10,2.7,10,307,10
2008-03-16T04:00+00:00,5904,0,0,21,10,24,10,1.9,10,3.0,10,978.8,10,,,90,10,0.0,10,0,10,,,0.0,10,7.1,6.8,0,10,7.3,7.7,0,10,7.0,10,5.2,10,1.9,10,435,10
2008-03-16T05:00+00:00,5904,0,0,14,10,22,10,2.2,10,3.8,10,978.9,10,,,90,10,0.0,10,0,10,,,0.0,10,7.0,6.8,0,10,7.2,7.7,0,10,7.0,10,5.3,10,2.1,10,559,10
2008-03-16T06:00+00:00,5904,16,0,351,10,20,10,1.7,10,4.5,10,979.7,10,,,90,10,0.0,10,0,10,,,0.0,10,6.9,6.8,0,10,7.1,7.7,0,10,7.0,10,5.4,10,3.2,10,606,10
2008-03-16T07:00+00:00,5904,67,0,285,10,305,10,1.4,10,4.8,10,980.0,10,,,84,10,0.0,10,0,10,,,0.0,10,6.9,6.8,0,10,7.1,7.7,0,10,7.0,10,6.8,10,4.3,10,751,10
2008-03-16T08:00+00:00,5904,188,0,60,10,242,10,1.7,10,6.4,10,979.6,10,,,78,10,0.0,10,0,10,,,0.2,10,7.0,6.8,0,10,7.2,7.7,0,10,7.0,10,8.3,10,6.5,10,857,10
2008-03-16T09:00+00:00,5904,297,0,269,10,271,10,6.1,10,13.5,10,980.0,10,,,63,10,0.0,10,0,10,,,0.5,10,7.3,6.8,0,10,7.3,7.7,0,10,7.0,10,13.0,10,13.5,10,929,10
2008-03-16T10:00+00:00,5904,60,0,279,10,272,10,6.0,10,13.3,10,980.7,10,,,65,10,0.0,10,1,10,,,0.0,10,7.5,6.8,0,10,7.4,7.7,0,10,7.0,10,11.7,10,11.4,10,1009,10
2008-03-16T11:00+00:00,5904,194,0,272,10,274,10,5.5,10,13.4,10,980.7,10,,,66,10,0.0,10,4,10,,,0.0,10,7.6,6.8,0,10,7.6,7.7,0,10,7.0,10,12.6,10,11.7,10,1140,10
2008-03-16T12:00+00:00,5904,227,0,269,10,284,10,6.8,10,14.9,10,980.4,10,,,66,10,0.0,10,3,10,,,0.0,10,7.9,6.8,0,10,7.7,7.7,0,10,7.0,10,12.2,10,12.8,10,1251,10
2008-03-16T13:00+00:00,5904,124,0,266,10,291,10,6.3,10,15.8,10,980.0,10,,,64,10,0.0,10,8,10,,,0.0,10,8.0,6.8,0,10,7.8,7.7,0,10,7.0,10,12.1,10,12.1,10,1313,10
2008-03-16T14:00+00:00,5904,77,0,268,10,262,10,6.1,10,13.4,10,979.6,10,,,72,10,0.2,10,48,10,,,0.0,10,8.1,6.8,0,10,7.9,7.7,0,10,7.0,10,11.0,10,9.4,10,1410,10
2008-03-16T15:00+00:00,5904,57,0,268,10,280,10,4.6,10,10.4,10,978.8,10,,,68,10,0.0,10,6,10,,,0.0,10,8.1,6.8,0,10,8.0,7.7,0,10,7.0,10,11.8,10,9.4,10,1554,10
2008-03-16T16:00+00:00,5904,32,0,272,10,302,10,4.5,10,12.0,10,978.6,10,,,66,10,0.0,10,27,10,,,0.0,10,8.1,6.8,0,10,8.0,7.7,0,10,7.0,10,11.1,10,9.0,10,1646,10
2008-03-16T17:00+00:00,5904,10,0,268,10,271,10,5.2,10,13.3,10,978.6,10,,,64,10,0.0,10,10,10,,,0.0,10,8.1,6.8,0,10,8.0,7.7,0,10,7.1,10,10.8,10,8.7,10,1800,10
2008-03-16T18:00+00:00,5904,0,0,273,10,293,10,4.0,10,8.8,10,978.4,10,,,64,10,0.0,10,0,10,,,0.0,10,8.0,6.9,0,10,7.9,7.7,0,10,7.1,10,10.6,10,8.6,10,1828,10
2008-03-16T19:00+00:00,5904,0,0,274,10,274,10,5.3,10,12.0,10,978.3,10,,,62,10,0.0,10,0,10,,,0.0,10,7.9,6.9,0,10,7.9,7.7,0,10,7.1,10,10.4,10,8.7,10,1920,10
2008-03-16T20:00+00:00,5904,0,0,266,10,258,10,4.5,10,9.2,10,978.7,10,,,63,10,0.0,10,0,10,,,0.0,10,7.9,6.9,0,10,7.9,7.7,0,10,7.1,10,10.1,10,8.3,10,2009,10
2008-03-16T21:00+00:00,5904,0,0,240,10,253,10,3.0,10,6.6,10,978.5,10,,,65,10,0.0,10,0,10,,,0.0,10,7.8,6.9,0,10,7.8,7.7,0,10,7.1,10,9.7,10,8.0,10,2133,10
2008-03-16T22:00+00:00,5904,0,0,248,10,257,10,3.4,10,6.6,10,978.4,10,,,65,10,0.0,10,0,10,,,0.0,10,7.8,6.9,0,10,7.8,7.7,0,10,7.1,10,9.6,10,7.5,10,2217,10
2008-03-16T23:00+00:00,5904,0,0,265,10,269,10,5.6,10,12.0,10,978.2,10,,,65,10,0.0,10,2,10,,,0.0,10,7.7,6.9,0,10,7.7,7.7,0,10,7.1,10,9.7,10,7.7,10,2354,10
2008-03-17T00:00+00:00,5904,0,0,270,10,266,10,6.6,10,12.8,10,977.8,10,,,65,10,0.0,10,11,10,,,0.0,10,7.7,6.9,0,10,7.7,7.7,0,10,7.1,10,9.8,10,8.1,10,100,10
2008-03-17T01:00+00:00,5904,0,0,272,10,271,10,6.0,10,14.0,10,977.9,10,,,69,10,0.1,10,26,10,,,0.0,10,7.6,6.9,0,10,7.7,7.7,0,10,7.1,10,9.2,10,6.9,10,118,10
2008-03-17T02:00+00:00,5904,0,0,282,10,286,10,5.5,10,10.7,10,977.2,10,,,68,10,0.2,10,23,10,,,0.0,10,7.6,6.9,0,10,7.6,7.7,0,10,7.1,10,9.1,10,6.4,10,236,10
2008-03-17T03:00+00:00,5904,0,0,278,10,285,10,5.6,10,11.4,10,976.9,10,,,67,10,0.0,10,0,10,,,0.0,10,7.5,6.9,0,10,7.6,7.7,0,10,7.2,10,9.1,10,6.0,10,340,10
2008-03-17T04:00+00:00,5904,0,0,270,10,269,10,6.0,10,13.2,10,976.8,10,,,68,10,0.0,10,0,10,,,0.0,10,7.4,6.9,0,10,7.5,7.7,0,10,7.2,10,8.7,10,5.5,10,459,10
2008-03-17T05:00+00:00,5904,0,0,269,10,272,10,7.1,10,15.4,10,976.8,10,,,68,10,0.0,10,1,10,,,0.0,10,7.4,6.9,0,10,7.5,7.7,0,10,7.2,10,9.0,10,5.6,10,532,10
2008-03-17T06:00+00:00,5904,23,0,265,10,266,10,6.0,10,12.4,10,977.1,10,,,70,10,0.0,10,27,10,,,0.0,10,7.3,6.9,0,10,7.4,7.7,0,10,7.2,10,8.8,10,6.5,10,604,10
2008-03-17T07:00+00:00,5904,67,0,262,10,258,10,5.9,10,14.6,10,977.0,10,,,71,10,0.0,10,0,10,,,0.1,10,7.3,6.9,0,10,7.4,7.7,0,10,7.2,10,8.9,10,6.5,10,717,10
2008-03-17T08:00+00:00,5904,134,0,259,10,264,10,6.5,10,16.3,10,976.5,10,,,67,10,0.0,10,0,10,,,0.3,10,7.3,6.9,0,10,7.4,7.7,0,10,7.2,10,10.3,10,7.4,10,857,10
2008-03-17T09:00+00:00,5904,353,0,269,10,266,10,8.7,10,19.3,10,976.6,10,,,65,10,0.0,10,8,10,,,0.6,10,7.5,6.9,0,10,7.5,7.7,0,10,7.2,10,11.2,10,11.7,10,940,10
2008-03-17T10:00+00:00,5904,400,0,268,10,272,10,8.7,10,18.6,10,976.7,10,,,69,10,0.0,10,18,10,,,0.7,10,7.9,6.9,0,10,7.8,7.7,0,10,7.2,10,11.5,10,12.8,10,1031,10
2008-03-17T11:00+00:00,5904,320,0,267,10,266,10,9.0,10,21.0,10,976.8,10,,,65,10,0.2,10,38,10,,,0.4,10,8.2,6.9,0,10,8.0,7.7,0,10,7.2,10,11.6,10,9.9,10,1151,10
2008-03-17T12:00+00:00,5904,449,0,262,10,258,10,8.4,10,17.5,10,977.9,10,,,77,10,0.4,10,14,10,,,0.6,10,8.5,6.9,0,10,8.2,7.7,0,10,7.2,10,9.5,10,9.1,10,1204,10
2008-03-17T13:00+00:00,5904,266,0,319,10,295,10,5.2,10,11.1,10,978.7,10,,,77,10,0.5,10,48,10,,,0.1,10,8.7,6.9,0,10,8.4,7.7,0,10,7.2,10,8.8,10,8.3,10,1302,10
2008-03-17T14:00+00:00,5904,163,0,320,10,306,10,5.4,10,11.3,10,979.5,10,,,77,10,0.7,10,60,10,,,0.0,10,8.8,6.9,0,10,8.5,7.7,0,10,7.2,10,7.6,10,6.9,10,1412,10
2008-03-17T15:00+00:00,5904,55,0,319,10,332,10,4.9,10,11.2,10,980.1,10,,,68,10,0.0,10,6,10,,,0.0,10,8.7,6.9,0,10,8.5,7.7,0,10,7.2,10,7.2,10,5.8,10,1529,10
2008-03-17T16:00+00:00,5904,17,0,317,10,316,10,4.1,10,10.8,10,980.6,10,,,68,10,0.0,10,0,10,,,0.0,10,8.6,6.9,0,10,8.4,7.7,0,10,7.2,10,7.0,10,5.4,10,1606,10
2008-03-17T17:00+00:00,5904,16,0,302,10,288,10,3.4,10,8.1,10,981.0,10,,,67,10,0.0,10,0,10,,,0.0,10,8.4,6.9,0,10,8.4,7.7,0,10,7.2,10,6.9,10,5.2,10,1757,10
2008-03-17T18:00+00:00,5904,0,0,300,10,296,10,4.2,10,9.4,10,981.3,10,,,67,10,0.0,10,1,10,,,0.0,10,8.3,7.0,0,10,8.3,7.7,0,10,7.2,10,6.6,10,4.6,10,1823,10
2008-03-17T19:00+00:00,5904,0,0,308,10,296,10,4.6,10,9.5,10,981.5,10,,,67,10,0.0,10,0,10,,,0.0,10,8.1,6.9,0,10,8.1,7.7,0,10,7.2,10,6.1,10,3.6,10,1933,10
2008-03-17T20:00+00:00,5904,0,0,307,10,316,10,4.5,10,9.0,10,981.3,10,,,62,10,0.0,10,0,10,,,0.0,10,7.9,7.0,0,10,8.0,7.7,0,10,7.3,10,6.1,10,3.6,10,2048,10
2008-03-17T21:00+00:00,5904,0,0,298,10,300,10,4.8,10,11.7,10,981.3,10,,,62,10,0.0,10,0,10,,,0.0,10,7.8,7.0,0,10,7.9,7.7,0,10,7.3,10,5.6,10,2.4,10,2152,10
2008-03-17T22:00+00:00,5904,0,0,304,10,305,10,5.1,10,11.7,10,981.1,10,,,60,10,0.0,10,0,10,,,0.0,10,7.6,7.0,0,10,7.8,7.7,0,10,7.3,10,5.7,10,2.5,10,2241,10
2008-03-17T23:00+00:00,5904,0,0,297,10,295,10,4.5,10,11.0,10,981.4,10,,,61,10,0.0,10,0,10,,,0.0,10,7.4,7.0,0,10,7.6,7.7,0,10,7.3,10,5.4,10,2.6,10,2328,10
2008-03-18T00:00+00:00,5904,0,0,317,10,317,10,4.2,10,10.5,10,981.3,10,,,60,10,0.0,10,0,10,,,0.0,10,7.3,7.0,0,10,7.5,7.7,0,10,7.3,10,5.1,10,3.0,10,58,10
2008-03-18T01:00+00:00,5904,0,0,305,10,328,10,4.9,10,10.6,10,981.5,10,,,57,10,0.0,10,2,10,,,0.0,10,7.2,7.0,0,10,7.4,7.7,0,10,7.3,10,4.6,10,2.2,10,124,10
2008-03-18T02:00+00:00,5904,0,0,297,10,296,10,4.3,10,9.8,10,981.1,10,,,57,10,0.0,10,3,10,,,0.0,10,7.1,7.0,0,10,7.3,7.7,0,10,7.3,10,4.6,10,2.9,10,233,10
2008-03-18T03:00+00:00,5904,0,0,303,10,304,10,3.5,10,7.6,10,980.7,10,,,57,10,0.0,10,0,10,,,0.0,10,7.0,7.0,0,10,7.2,7.7,0,10,7.4,10,4.4,10,3.0,10,318,10
2008-03-18T04:00+00:00,5904,0,0,299,10,300,10,3.6,10,8.4,10,980.9,10,,,55,10,0.0,10,0,10,,,0.0,10,6.9,7.0,0,10,7.1,7.7,0,10,7.4,10,4.3,10,2.4,10,456,10
2008-03-18T05:00+00:00,5904,0,0,268,10,275,10,3.0,10,5.5,10,981.1,10,,,64,10,0.0,10,0,10,,,0.0,10,6.7,7.0,0,10,7.0,7.7,0,10,7.4,10,3.7,10,1.0,10,513,10
2008-03-18T06:00+00:00,5904,29,0,269,10,252,10,4.1,10,9.1,10,981.2,10,,,67,10,0.0,10,0,10,,,0.3,10,6.6,7.0,0,10,6.9,7.7,0,10,7.4,10,3.7,10,-0.4,10,647,10
2008-03-18T07:00+00:00,5904,155,0,271,10,269,10,5.8,10,13.0,10,981.5,10,,,66,10,0.0,10,0,10,,,0.8,10,6.6,7.0,0,10,6.9,7.7,0,10,7.4,10,4.5,10,2.9,10,715,10
2008-03-18T08:00+00:00,5904,181,0,293,10,273,10,6.5,10,17.8,10,982.7,10,,,79,10,0.7,10,16,10,,,0.3,10,6.5,7.0,0,10,6.8,7.7,0,10,7.4,10,2.0,10,0.3,10,821,10
2008-03-18T09:00+00:00,5904,229,0,303,10,301,10,4.7,10,9.8,10,983.1,10,,,70,10,0.0,10,6,10,,,0.1,10,6.6,7.0,0,10,6.8,7.7,0,10,7.4,10,3.6,10,1.7,10,919,10
2008-03-18T10:00+00:00,5904,305,0,308,10,307,10,4.8,10,12.4,10,983.3,10,,,61,10,0.0,10,1,10,,,0.2,10,6.7,7.0,0,10,6.9,7.7,0,10,7.4,10,4.1,10,4.7,10,1044,10
2008-03-18T11:00+00:00,5904,481,0,311,10,303,10,4.1,10,10.6,10,982.9,10,,,50,10,0.0,10,4,10,,,0.6,10,7.0,7.0,0,10,7.1,7.7,0,10,7.4,10,6.3,10,4.7,10,1145,10
2008-03-18T12:00+00:00,5904,575,0,309,10,327,10,5.6,10,14.4,10,982.6,10,,,41,10,0.0,10,0,10,,,0.8,10,7.5,7.0,0,10,7.4,7.7,0,10,7.3,10,6.4,10,8.0,10,1236,10
2008-03-18T13:00+00:00,5904,620,0,303,10,286,10,6.0,10,13.2,10,982.2,10,,,36,10,0.0,10,0,10,,,1.0,10,8.0,7.0,0,10,7.7,7.7,0,10,7.3,10,8.0,10,9.4,10,1328,10
2008-03-18T14:00+00:00,5904,418,0,313,10,336,10,6.5,10,16.2,10,982.3,10,,,36,10,0.0,10,0,10,,,0.7,10,8.2,7.0,0,10,7.9,7.7,0,10,7.3,10,6.7,10,6.5,10,1413,10
2008-03-18T15:00+00:00,5904,127,0,311,10,328,10,4.8,10,13.0,10,982.2,10,,,38,10,0.0,10,0,10,,,0.0,10,8.2,7.0,0,10,8.0,7.7,0,10,7.3,10,6.8,10,6.3,10,1559,10
2008-03-18T16:00+00:00,5904,175,0,290,10,304,10,6.3,10,13.5,10,982.5,10,,,40,10,0.0,10,0,10,,,0.7,10,8.0,7.1,0,10,8.0,7.7,0,10,7.3,10,6.2,10,4.4,10,1610,10
2008-03-18T17:00+00:00,5904,28,0,290,10,325,10,5.5,10,11.6,10,982.7,10,,,42,10,0.0,10,0,10,,,0.7,10,7.8,7.1,0,10,7.8,7.7,0,10,7.3,10,5.4,10,2.3,10,1707,10
2008-03-18T18:00+00:00,5904,1,0,278,10,281,10,4.8,10,10.0,10,983.3,10,,,45,10,0.0,10,0,10,,,0.0,10,7.5,7.1,0,10,7.7,7.7,0,10,7.3,10,4.8,10,1.4,10,1822,10
2008-03-18T19:00+00:00,5904,0,0,294,10,304,10,3.9,10,12.8,10,984.1,10,,,61,10,0.0,10,4,10,,,0.0,10,7.3,7.1,0,10,7.5,7.7,0,10,7.3,10,3.7,10,1.4,10,1926,10
2008-03-18T20:00+00:00,5904,0,0,284,10,296,10,3.1,10,6.7,10,984.3,10,,,61,10,0.0,10,0,10,,,0.0,10,7.2,7.1,0,10,7.4,7.7,0,10,7.3,10,3.8,10,1.4,10,2023,10
2008-03-18T21:00+00:00,5904,0,0,305,10,310,10,3.2,10,6.8,10,984.7,10,,,62,10,0.0,10,0,10,,,0.0,10,7.0,7.1,0,10,7.3,7.7,0,10,7.3,10,3.6,10,2.4,10,2155,10
2008-03-18T22:00+00:00,5904,0,0,300,10,298,10,4.9,10,13.3,10,985.3,10,,,79,10,0.0,10,24,10,,,0.0,10,6.9,7.1,0,10,7.2,7.7,0,10,7.3,10,2.2,10,1.1,10,2238,10
2008-03-18T23:00+00:00,5904,0,0,296,10,312,10,4.6,10,10.5,10,985.1,10,,,84,10,0.2,10,25,10,,,0.0,10,6.8,7.1,0,10,7.1,7.7,0,10,7.3,10,2.0,10,0.2,10,2310,10
2008-03-19T00:00+00:00,5904,0,0,289,10,298,10,4.6,10,10.6,10,985.0,10,,,76,10,0.0,10,0,10,,,0.0,10,6.6,7.1,0,10,6.9,7.7,0,10,7.3,10,2.4,10,-0.4,10,28,10
2008-03-19T01:00+00:00,5904,0,0,282,10,293,10,3.7,10,9.3,10,985.3,10,,,77,10,0.0,10,0,10,,,0.0,10,6.5,7.1,0,10,6.8,7.7,0,10,7.3,10,1.9,10,-0.9,10,106,10
2008-03-19T02:00+00:00,5904,0,0,281,10,332,10,2.2,10,5.1,10,985.1,10,,,71,10,0.0,10,0,10,,,0.0,10,6.4,7.1,0,10,6.7,7.7,0,10,7.3,10,2.6,10,-0.1,10,259,10
2008-03-19T03:00+00:00,5904,0,0,294,10,291,10,4.8,10,10.6,10,985.1,10,,,73,10,0.0,10,0,10,,,0.0,10,6.3,7.1,0,10,6.6,7.7,0,10,7.3,10,1.7,10,-0.4,10,350,10
2008-03-19T04:00+00:00,5904,0,0,291,10,293,10,4.7,10,10.5,10,985.2,10,,,75,10,0.0,10,0,10,,,0.0,10,6.1,7.1,0,10,6.5,7.8,0,10,7.3,10,1.1,10,-1.3,10,453,10
2008-03-19T05:00+00:00,5904,0,0,293,10,293,10,5.6,10,10.9,10,985.4,10,,,75,10,0.0,10,0,10,,,0.0,10,6.0,7.1,0,10,6.4,7.7,0,10,7.3,10,1.3,10,-1.3,10,524,10
2008-03-19T06:00+00:00,5904,28,0,283,10,313,10,4.0,10,9.1,10,985.6,10,,,72,10,0.0,10,0,10,,,0.8,10,5.8,7.1,0,10,6.3,7.7,0,10,7.3,10,1.6,10,-1.9,10,602,10
2008-03-19T07:00+00:00,5904,176,0,291,10,310,10,4.1,10,9.7,10,985.8,10,,,62,10,0.0,10,0,10,,,1.0,10,5.8,7.1,0,10,6.2,7.8,0,10,7.3,10,4.0,10,-0.2,10,741,10
2008-03-19T08:00+00:00,5904,360,0,295,10,300,10,4.6,10,11.1,10,985.9,10,,,58,10,0.0,10,0,10,,,1.0,10,5.8,7.1,0,10,6.2,7.7,0,10,7.3,10,5.3,10,3.5,10,840,10
2008-03-19T09:00+00:00,5904,402,0,287,10,303,10,4.6,10,10.1,10,985.9,10,,,56,10,0.0,10,0,10,,,0.7,10,6.0,7.1,0,10,6.3,7.8,0,10,7.3,10,4.9,10,7.2,10,930,10
2008-03-19T10:00+00:00,5904,277,0,278,10,252,10,3.7,10,8.5,10,985.8,10,,,57,10,0.0,10,0,10,,,0.2,10,6.4,7.1,0,10,6.4,7.7,0,10,7.3,10,5.3,10,6.7,10,1012,10
2008-03-19T11:00+00:00,5904,387,0,264,10,290,10,4.2,10,10.3,10,985.3,10,,,54,10,0.0,10,0,10,,,0.4,10,6.7,7.1,0,10,6.7,7.8,0,10,7.3,10,6.4,10,6.6,10,1139,10
2008-03-19T12:00+00:00,5904,412,0,262,10,271,10,4.9,10,11.7,10,985.1,10,,,61,10,0.0,10,23,10,,,0.5,10,7.0,7.1,0,10,6.9,7.8,0,10,7.2,10,5.4,10,7.1,10,1222,10
2008-03-19T13:00+00:00,5904,411,0,268,10,232,10,2.9,10,10.1,10,984.1,10,,,55,10,0.0,10,12,10,,,0.6,10,7.3,7.1,0,10,7.2,7.8,0,10,7.2,10,7.3,10,5.8,10,1315,10
2008-03-19T14:00+00:00,5904,350,0,272,10,279,10,5.1,10,13.5,10,983.8,10,,,50,10,0.0,10,5,10,,,0.5,10,7.6,7.1,0,10,7.3,7.8,0,10,7.2,10,7.3,10,8.7,10,1446,10
2008-03-19T15:00+00:00,5904,166,0,264,10,265,10,6.0,10,19.7,10,984.1,10,,,73,10,0.1,10,20,10,,,0.4,10,7.6,7.1,0,10,7.4,7.8,0,10,7.2,10,4.9,10,3.2,10,1509,10
2008-03-19T16:00+00:00,5904,146,0,262,10,267,10,6.8,10,14.6,10,984.0,10,,,66,10,0.0,10,0,10,,,0.9,10,7.5,7.1,0,10,7.4,7.8,0,10,7.2,10,4.9,10,3.4,10,1659,10
2008-03-19T17:00+00:00,5904,34,0,263,10,270,10,6.5,10,14.1,10,984.6,10,,,66,10,0.0,10,0,10,,,0.2,10,7.3,7.1,0,10,7.3,7.8,0,10,7.2,10,4.4,10,2.1,10,1708,10
2008-03-19T18:00+00:00,5904,1,0,267,10,271,10,6.2,10,13.5,10,985.3,10,,,69,10,0.0,10,0,10,,,0.0,10,7.1,7.1,0,10,7.2,7.8,0,10,7.2,10,4.1,10,1.8,10,1859,10
2008-03-19T19:00+00:00,5904,0,0,278,10,261,10,4.2,10,11.1,10,986.3,10,,,72,10,0.0,10,0,10,,,0.0,10,6.9,7.1,0,10,7.1,7.8,0,10,7.2,10,3.6,10,2.1,10,1907,10
2008-03-19T20:00+00:00,5904,0,0,299,10,295,10,3.7,10,8.3,10,986.7,10,,,78,10,0.0,10,14,10,,,0.0,10,6.8,7.1,0,10,7.0,7.8,0,10,7.2,10,3.0,10,2.3,10,2023,10
2008-03-19T21:00+00:00,5904,0,0,287,10,285,10,4.0,10,9.8,10,987.1,10,,,88,10,0.3,10,56,10,,,0.0,10,6.6,7.1,0,10,6.9,7.8,0,10,7.2,10,1.9,10,0.8,10,2107,10
2008-03-19T22:00+00:00,5904,0,0,281,10,291,10,4.9,10,8.7,10,987.2,10,,,86,10,0.0,10,11,10,,,0.0,10,6.5,7.1,0,10,6.8,7.8,0,10,7.2,10,1.8,10,-0.4,10,2251,10
2008-03-19T23:00+00:00,5904,0,0,279,10,298,10,4.0,10,7.7,10,987.3,10,,,86,10,0.0,10,0,10,,,0.0,10,6.4,7.1,0,10,6.7,7.8,0,10,7.2,10,1.5,10,-1.1,10,2305,10
2008-03-20T00:00+00:00,5904,0,0,281,10,282,10,4.3,10,8.0,10,987.6,10,,,86,10,0.0,10,0,10,,,0.0,10,6.2,7.1,0,10,6.5,7.8,0,10,7.2,10,1.3,10,-1.2,10,47,10
2008-03-20T01:00+00:00,5904,0,0,280,10,288,10,4.3,10,6.9,10,987.5,10,,,87,10,0.0,10,0,10,,,0.0,10,6.0,7.1,0,10,6.4,7.8,0,10,7.2,10,0.9,10,-1.6,10,107,10
2008-03-20T02:00+00:00,5904,0,0,276,10,280,10,3.5,10,6.5,10,987.3,10,,,88,10,0.0,10,0,10,,,0.0,10,5.9,7.1,0,10,6.3,7.8,0,10,7.2,10,0.9,10,-1.7,10,259,10
2008-03-20T03:00+00:00,5904,0,0,275,10,289,10,3.2,10,6.3,10,987.2,10,,,87,10,0.0,10,0,10,,,0.0,10,5.8,7.1,0,10,6.2,7.8,0,10,7.2,10,0.2,10,-3.3,10,308,10
2008-03-20T04:00+00:00,5904,0,0,286,10,299,10,3.0,10,6.7,10,987.1,10,,,80,10,0.0,10,0,10,,,0.0,10,5.6,7.1,0,10,6.1,7.8,0,10,7.2,10,1.1,10,-3.3,10,451,10
2008-03-20T05:00+00:00,5904,0,0,273,10,287,10,3.6,10,6.5,10,987.2,10,,,85,10,0.0,10,0,10,,,0.0,10,5.5,7.1,0,10,5.9,7.8,0,10,7.1,10,0.5,10,-2.5,10,538,10
2008-03-20T06:00+00:00,5904,26,0,269,10,269,10,4.1,10,7.6,10,987.4,10,,,84,10,0.0,10,0,10,,,0.0,10,5.4,7.1,0,10,5.9,7.8,0,10,7.1,10,1.3,10,-1.7,10,622,10
2008-03-20T07:00+00:00,5904,89,0,268,10,273,10,4.6,10,8.4,10,987.4,10,,,80,10,0.0,10,0,10,,,0.2,10,5.4,7.1,0,10,5.8,7.8,0,10,7.1,10,2.1,10,-0.4,10,732,10
2008-03-20T08:00+00:00,5904,280,0,264,10,265,10,5.0,10,11.8,10,987.5,10,,,73,10,0.0,10,0,10,,,0.7,10,5.5,7.1,0,10,5.9,7.8,0,10,7.1,10,3.8,10,1.7,10,834,10
2008-03-20T09:00+00:00,5904,448,0,262,10,267,10,5.3,10,10.1,10,987.2,10,,,66,10,0.0,10,0,10,,,0.8,10,5.8,7.2,0,10,6.0,7.8,0,10,7.1,10,5.1,10,4.5,10,928,10
2008-03-20T10:00+00:00,5904,249,0,269,10,286,10,4.4,10,12.7,10,987.0,10,,,72,10,0.3,10,27,10,,,0.3,10,6.1,7.1,0,10,6.1,7.8,0,10,7.1,10,3.4,10,1.0,10,1059,10
2008-03-20T11:00+00:00,5904,273,0,270,10,265,10,4.4,10,11.7,10,986.5,10,,,70,10,0.5,10,41,10,,,0.3,10,6.2,7.1,0,10,6.3,7.8,0,10,7.1,10,5.2,10,1.3,10,1150,10
2008-03-20T12:00+00:00,5904,263,0,263,10,267,10,5.5,10,14.3,10,985.7,10,,,60,10,0.0,10,5,10,,,0.2,10,6.4,7.2,0,10,6.4,7.8,0,10,7.1,10,5.1,10,5.1,10,1214,10
2008-03-20T13:00+00:00,5904,175,0,274,10,268,10,4.4,10,14.4,10,985.3,10,,,82,10,0.6,10,35,10,,,0.2,10,6.4,7.2,0,10,6.5,7.8,0,10,7.0,10,3.3,10,0.2,10,1307,10
2008-03-20T14:00+00:00,5904,330,0,297,10,285,10,4.0,10,9.4,10,984.6,10,,,78,10,0.2,10,32,10,,,0.5,10,6.5,7.1,0,10,6.5,7.8,0,10,7.0,10,4.3,10,2.2,10,1418,10
2008-03-20T15:00+00:00,5904,33,0,331,10,313,10,5.1,10,14.1,10,984.3,10,,,90,10,1.9,10,50,10,,,0.0,10,6.4,7.1,0,10,6.5,7.8,0,10,7.0,10,0.8,10,0.0,10,1547,10
2008-03-20T16:00+00:00,5904,64,0,301,10,324,10,5.3,10,11.7,10,984.0,10,,,88,10,0.1,10,14,10,,,0.0,10,6.2,7.1,0,10,6.4,7.8,0,10,7.0,10,1.1,10,0.0,10,1602,10
2008-03-20T17:00+00:00,5904,35,0,293,10,318,10,3.4,10,8.3,10,984.0,10,,,88,10,0.0,10,7,10,,,0.0,10,6.1,7.1,0,10,6.3,7.8,0,10,7.0,10,1.1,10,0.0,10,1704,10
2008-03-20T18:00+00:00,5904,0,0,267,10,293,10,3.3,10,6.1,10,984.2,10,,,93,10,0.3,10,39,10,,,0.0,10,6.0,7.1,0,10,6.2,7.8,0,10,7.0,10,0.8,10,0.0,10,1841,10
2008-03-20T19:00+00:00,5904,0,0,271,10,305,10,3.7,10,8.5,10,983.9,10,,,94,10,0.5,10,49,10,,,0.0,10,5.9,7.1,0,10,6.1,7.8,0,10,7.0,10,0.9,10,0.0,10,1953,10
2008-03-20T20:00+00:00,5904,0,0,273,10,282,10,3.7,10,7.9,10,983.0,10,,,95,10,0.1,10,24,10,,,0.0,10,5.8,7.1,0,10,6.0,7.8,0,10,6.9,10,0.3,10,-0.2,10,2008,10
2008-03-20T21:00+00:00,5904,0,0,262,10,270,10,4.1,10,8.4,10,982.3,10,,,92,10,0.0,10,0,10,,,0.0,10,5.7,7.1,0,10,5.9,7.8,0,10,6.9,10,0.8,10,-0.2,10,2135,10
2008-03-20T22:00+00:00,5904,0,0,267,10,280,10,4.6,10,11.1,10,981.3,10,,,90,10,0.0,10,10,10,,,0.0,10,5.6,7.1,0,10,5.9,7.8,0,10,6.9,10,1.2,10,-0.3,10,2254,10
2008-03-20T23:00+00:00,5904,0,0,271,10,264,10,5.8,10,12.0,10,980.2,10,,,86,10,0.0,10,0,10,,,0.0,10,5.5,7.1,0,10,5.8,7.8,0,10,6.9,10,1.4,10,-0.9,10,2310,10
2008-03-21T00:00+00:00,5904,0,0,268,10,279,10,6.7,10,13.9,10,979.1,10,,,82,10,0.0,10,0,10,,,0.0,10,5.4,7.1,0,10,5.7,7.8,0,10,6.9,10,2.0,10,-0.6,10,38,10
2008-03-21T01:00+00:00,5904,0,0,267,10,270,10,6.3,10,13.5,10,977.8,10,,,77,10,0.0,10,0,10,,,0.0,10,5.3,7.1,0,10,5.6,7.8,0,10,6.9,10,2.0,10,0.0,10,109,10
2008-03-21T02:00+00:00,5904,0,0,255,10,273,10,4.5,10,10.2,10,976.2,10,,,75,10,0.0,10,0,10,,,0.0,10,5.2,7.1,0,10,5.6,7.8,0,10,6.9,10,1.9,10,-0.4,10,210,10
2008-03-21T03:00+00:00,5904,0,0,189,10,215,10,2.8,10,6.0,10,974.5,10,,,76,10,0.0,10,0,10,,,0.0,10,5.2,7.1,0,10,5.5,7.8,0,10,6.9,10,1.7,10,-1.5,10,400,10
2008-03-21T04:00+00:00,5904,0,0,214,10,208,10,2.5,10,5.7,10,973.0,10,,,75,10,0.0,10,0,10,,,0.0,10,5.1,7.1,0,10,5.5,7.8,0,10,6.9,10,1.6,10,-0.9,10,455,10
2008-03-21T05:00+00:00,5904,0,0,215,10,221,10,3.1,10,6.5,10,971.5,10,,,74,10,0.0,10,0,10,,,0.0,10,5.1,7.1,0,10,5.4,7.8,0,10,6.9,10,1.8,10,-0.5,10,502,10
2008-03-21T06:00+00:00,5904,17,0,201,10,197,10,4.5,10,9.1,10,970.1,10,,,61,10,0.0,10,0,10,,,0.0,10,5.0,7.1,0,10,5.4,7.8,0,10,6.8,10,2.9,10,0.0,10,636,10
2008-03-21T07:00+00:00,5904,60,0,194,10,174,10,4.4,10,9.8,10,968.5,10,,,59,10,0.0,10,0,10,,,0.0,10,5.0,7.1,0,10,5.3,7.8,0,10,6.8,10,3.3,10,0.1,10,741,10
2008-03-21T08:00+00:00,5904,86,0,195,10,190,10,3.8,10,9.0,10,967.7,10,,,52,10,0.0,10,0,10,,,0.0,10,5.0,7.1,0,10,5.3,7.8,0,10,6.8,10,4.1,10,0.5,10,804,10
2008-03-21T09:00+00:00,5904,136,0,181,10,178,10,3.9,10,8.3,10,966.6,10,,,50,10,0.0,10,0,10,,,0.0,10,5.0,7.1,0,10,5.3,7.8,0,10,6.8,10,4.9,10,1.0,10,938,10
2008-03-21T10:00+00:00,5904,268,0,179,10,164,10,5.4,10,10.6,10,965.3,10,,,48,10,0.0,10,0,10,,,0.0,10,5.2,7.1,0,10,5.4,7.8,0,10,6.8,10,6.4,10,4.1,10,1056,10
2008-03-21T11:00+00:00,5904,438,0,174,10,143,10,6.4,10,12.6,10,964.3,10,,,46,10,0.0,10,0,10,,,0.5,10,5.5,7.1,0,10,5.6,7.8,0,10,6.8,10,7.9,10,7.1,10,1151,10
2008-03-21T12:00+00:00,5904,127,0,181,10,186,10,5.2,10,10.2,10,963.5,10,,,46,10,0.0,10,9,10,,,0.0,10,5.7,7.1,0,10,5.7,7.8,0,10,6.7,10,7.8,10,6.7,10,1300,10
2008-03-21T13:00+00:00,5904,82,0,184,10,204,10,3.8,10,10.3,10,962.5,10,,,47,10,0.0,10,27,10,,,0.0,10,5.8,7.1,0,10,5.8,7.8,0,10,6.7,10,7.7,10,5.8,10,1358,10
2008-03-21T14:00+00:00,5904,66,0,199,10,204,10,3.9,10,10.6,10,961.8,10,,,47,10,0.0,10,15,10,,,0.0,10,5.8,7.1,0,10,5.9,7.8,0,10,6.7,10,7.9,10,6.5,10,1418,10
2008-03-21T15:00+00:00,5904,57,0,209,10,193,10,2.9,10,7.0,10,960.8,10,,,48,10,0.0,10,0,10,,,0.0,10,5.9,7.1,0,10,5.9,7.8,0,10,6.7,10,8.1,10,7.1,10,1507,10
2008-03-21T16:00+00:00,5904,53,0,166,10,199,10,2.8,10,6.7,10,959.6,10,,,50,10,0.0,10,0,10,,,0.0,10,5.9,7.1,0,10,6.0,7.8,0,10,6.7,10,8.1,10,7.5,10,1619,10
2008-03-21T17:00+00:00,5904,33,0,154,10,163,10,3.2,10,6.9,10,958.9,10,,,51,10,0.0,10,0,10,,,0.0,10,5.9,7.1,0,10,6.0,7.8,0,10,6.7,10,8.1,10,6.5,10,1752,10
2008-03-21T18:00+00:00,5904,1,0,162,10,144,10,2.9,10,6.2,10,958.9,10,,,54,10,0.0,10,0,10,,,0.0,10,5.9,7.1,0,10,6.0,7.8,0,10,6.7,10,7.1,10,4.4,10,1818,10
2008-03-21T19:00+00:00,5904,0,0,179,10,195,10,2.2,10,5.1,10,958.9,10,,,57,10,0.0,10,0,10,,,0.0,10,5.8,7.1,0,10,5.9,7.8,0,10,6.7,10,6.0,10,1.6,10,1955,10
2008-03-21T20:00+00:00,5904,0,0,256,10,219,10,2.5,10,5.8,10,959.2,10,,,61,10,0.0,10,0,10,,,0.0,10,5.7,7.1,0,10,5.9,7.8,0,10,6.6,10,5.0,10,0.9,10,2013,10
2008-03-21T21:00+00:00,5904,0,0,285,10,306,10,1.9,10,3.8,10,959.7,10,,,66,10,0.0,10,0,10,,,0.0,10,5.6,7.1,0,10,5.8,7.8,0,10,6.6,10,4.3,10,-0.4,10,2107,10
2008-03-21T22:00+00:00,5904,0,0,276,10,270,10,7.2,10,15.5,10,960.4,10,,,78,10,0.0,10,0,10,,,0.0,10,5.5,7.1,0,10,5.7,7.8,0,10,6.6,10,5.8,10,0.0,10,2236,10
2008-03-21T23:00+00:00,5904,0,0,270,10,268,10,7.0,10,14.2,10,960.9,10,,,75,10,0.0,10,0,10,,,0.0,10,5.5,7.1,0,10,5.7,7.8,0,10,6.6,10,5.9,10,4.5,10,2326,10
2008-03-22T00:00+00:00,5904,0,0,266,10,278,10,6.6,10,13.4,10,961.4,10,,,73,10,0.0,10,8,10,,,0.0,10,5.4,7.1,0,10,5.7,7.8,0,10,6.6,10,5.5,10,4.5,10,16,10
2008-03-22T01:00+00:00,5904,0,0,265,10,262,10,6.0,10,12.8,10,961.5,10,,,68,10,0.0,10,0,10,,,0.0,10,5.4,7.1,0,10,5.6,7.8,0,10,6.6,10,5.1,10,4.1,10,149,10
2008-03-22T02:00+00:00,5904,0,0,263,10,257,10,5.0,10,10.2,10,961.9,10,,,69,10,0.0,10,0,10,,,0.0,10,5.4,7.1,0,10,5.6,7.8,0,10,6.6,10,4.7,10,3.5,10,207,10
2008-03-22T03:00+00:00,5904,0,0,268,10,257,10,4.4,10,10.1,10,962.3,10,,,71,10,0.0,10,0,10,,,0.0,10,5.3,7.1,0,10,5.6,7.8,0,10,6.6,10,4.4,10,3.0,10,324,10
2008-03-22T04:00+00:00,5904,0,0,268,10,275,10,3.8,10,8.7,10,962.7,10,,,69,10,0.0,10,0,10,,,0.0,10,5.3,7.1,0,10,5.5,7.8,0,10,6.6,10,4.2,10,2.7,10,403,10
2008-03-22T05:00+00:00,5904,0,0,275,10,283,10,4.6,10,9.0,10,963.0,10,,,69,10,0.0,10,0,10,,,0.0,10,5.2,7.1,0,10,5.5,7.8,0,10,6.6,10,3.8,10,2.4,10,513,10
2008-03-22T06:00+00:00,5904,23,0,282,10,298,10,4.8,10,11.1,10,963.1,10,,,69,10,0.0,10,0,10,,,0.0,10,5.2,7.1,0,10,5.4,7.8,0,10,6.6,10,4.0,10,2.2,10,625,10
2008-03-22T07:00+00:00,5904,101,0,279,10,264,10,5.3,10,11.4,10,963.4,10,,,63,10,0.0,10,0,10,,,0.0,10,5.2,7.1,0,10,5.4,7.8,0,10,6.6,10,4.9,10,3.1,10,746,10
2008-03-22T08:00+00:00,5904,139,0,279,10,283,10,4.7,10,10.1,10,963.8,10,,,58,10,0.0,10,0,10,,,0.0,10,5.3,7.1,0,10,5.5,7.8,0,10,6.6,10,5.7,10,5.1,10,817,10
2008-03-22T09:00+00:00,5904,289,0,279,10,299,10,4.2,10,11.8,10,964.0,10,,,53,10,0.0,10,0,10,,,0.3,10,5.5,7.1,0,10,5.6,7.8,0,10,6.5,10,6.9,10,7.4,10,959,10
2008-03-22T10:00+00:00,5904,407,0,278,10,288,10,5.9,10,12.6,10,964.5,10,,,53,10,0.0,10,0,10,,,0.8,10,5.8,7.0,0,10,5.8,7.8,0,10,6.5,10,8.2,10,10.4,10,1031,10
2008-03-22T11:00+00:00,5904,562,0,278,10,276,10,5.3,10,11.9,10,965.0,10,,,49,10,0.0,10,0,10,,,0.8,10,6.2,7.0,0,10,6.1,7.8,0,10,6.5,10,8.6,10,13.1,10,1136,10
2008-03-22T12:00+00:00,5904,397,0,274,10,292,10,5.2,10,10.9,10,964.8,10,,,48,10,0.0,10,0,10,,,0.5,10,6.7,7.0,0,10,6.4,7.9,0,10,6.5,10,9.0,10,11.2,10,1212,10
2008-03-22T13:00+00:00,5904,388,0,288,10,288,10,4.9,10,10.4,10,964.7,10,,,46,10,0.0,10,0,10,,,0.5,10,7.0,7.0,0,10,6.7,7.8,0,10,6.5,10,9.7,10,11.1,10,1348,10
2008-03-22T14:00+00:00,5904,332,0,278,10,278,10,5.0,10,10.5,10,965.1,10,,,47,10,0.0,10,0,10,,,0.8,10,7.2,7.0,0,10,6.9,7.9,0,10,6.5,10,9.2,10,10.2,10,1414,10
2008-03-22T15:00+00:00,5904,333,0,266,10,242,10,4.5,10,10.2,10,965.5,10,,,48,10,0.0,10,0,10,,,0.9,10,7.2,7.0,0,10,7.0,7.9,0,10,6.5,10,8.9,10,9.2,10,1512,10
2008-03-22T16:00+00:00,5904,131,0,287,10,301,10,3.5,10,8.8,10,965.8,10,,,49,10,0.0,10,0,10,,,0.8,10,7.2,7.0,0,10,7.0,7.9,0,10,6.5,10,7.7,10,5.6,10,1605,10
2008-03-22T17:00+00:00,5904,34,0,286,10,275,10,2.1,10,6.1,10,966.4,10,,,52,10,0.0,10,0,10,,,0.0,10,7.0,7.0,0,10,6.9,7.8,0,10,6.5,10,6.0,10,1.9,10,1707,10
2008-03-22T18:00+00:00,5904,1,0,257,10,290,10,0.7,10,2.3,10,966.9,10,,,61,10,0.0,10,0,10,,,0.0,10,6.8,7.0,0,10,6.8,7.9,0,10,6.5,10,4.7,10,-0.3,10,1802,10
2008-03-22T19:00+00:00,5904,0,0,273,10,285,10,2.1,10,2.8,10,967.7,10,,,68,10,0.0,10,0,10,,,0.0,10,6.5,7.0,0,10,6.6,7.9,0,10,6.5,10,3.4,10,-1.1,10,1959,10
2008-03-22T20:00+00:00,5904,0,0,284,10,288,10,2.2,10,2.9,10,968.1,10,,,72,10,0.0,10,0,10,,,0.0,10,6.3,7.0,0,10,6.5,7.9,0,10,6.5,10,2.6,10,-1.6,10,2040,10
2008-03-22T21:00+00:00,5904,0,0,252,10,207,10,2.6,10,4.2,10,968.3,10,,,73,10,0.0,10,0,10,,,0.0,10,6.0,7.0,0,10,6.3,7.9,0,10,6.5,10,2.6,10,-1.8,10,2126,10
2008-03-22T22:00+00:00,5904,0,0,265,10,277,10,2.7,10,4.0,10,968.8,10,,,74,10,0.0,10,0,10,,,0.0,10,5.8,7.0,0,10,6.1,7.9,0,10,6.5,10,2.0,10,-2.3,10,2203,10
2008-03-22T23:00+00:00,5904,0,0,284,10,261,10,1.6,10,3.6,10,968.7,10,,,78,10,0.0,10,0,10,,,0.0,10,5.7,7.0,0,10,6.0,7.9,0,10,6.5,10,0.9,10,-3.0,10,2400,10
2008-03-23T00:00+00:00,5904,0,0,333,10,312,10,0.5,10,2.4,10,968.3,10,,,81,10,0.0,10,0,10,,,0.0,10,5.5,7.0,0,10,5.8,7.9,0,10,6.5,10,0.7,10,-3.3,10,19,10
2008-03-23T01:00+00:00,5904,0,0,217,10,217,10,1.2,10,2.1,10,968.8,10,,,83,10,0.0,10,0,10,,,0.0,10,5.3,7.0,0,10,5.7,7.9,0,10,6.5,10,0.5,10,-3.9,10,128,10
2008-03-23T02:00+00:00,5904,0,0,258,10,288,10,1.1,10,2.0,10,968.7,10,,,85,10,0.0,10,0,10,,,0.0,10,5.2,7.0,0,10,5.6,7.9,0,10,6.5,10,0.1,10,-3.6,10,238,10
2008-03-23T03:00+00:00,5904,0,0,52,10,46,10,1.0,10,2.3,10,968.9,10,,,87,10,0.0,10,0,10,,,0.0,10,5.1,7.0,0,10,5.5,7.9,0,10,6.6,10,0.2,10,-2.6,10,347,10
2008-03-23T04:00+00:00,5904,0,0,212,10,92,10,0.5,10,1.8,10,969.3,10,,,90,10,0.0,10,0,10,,,0.0,10,4.9,7.0,0,10,5.3,7.9,0,10,6.6,10,-0.5,10,-4.2,10,405,10
2008-03-23T05:00+00:00,5904,0,0,286,10,288,10,0.6,10,2.2,10,969.3,10,,,92,10,0.0,10,0,10,,,0.0,10,4.8,7.0,0,10,5.2,7.9,0,10,6.6,10,-0.7,10,-4.3,10,525,10
2008-03-23T06:00+00:00,5904,33,0,219,10,238,10,1.2,10,2.3,10,970.0,10,,,90,10,0.0,10,0,10,,,0.0,10,4.7,7.0,0,10,5.1,7.9,0,10,6.6,10,0.7,10,-4.0,10,636,10
2008-03-23T07:00+00:00,5904,90,0,105,10,92,10,0.3,10,2.0,10,970.6,10,,,85,10,0.0,10,0,10,,,0.0,10,4.7,7.0,0,10,5.1,7.9,0,10,6.6,10,2.0,10,-0.2,10,754,10
2008-03-23T08:00+00:00,5904,245,0,97,10,112,10,1.2,10,2.5,10,971.0,10,,,77,10,0.0,10,0,10,,,0.5,10,4.9,7.0,0,10,5.2,7.9,0,10,6.5,10,3.5,10,3.1,10,829,10
2008-03-23T09:00+00:00,5904,298,0,88,10,85,10,2.2,10,3.9,10,970.9,10,,,69,10,0.0,10,0,10,,,0.7,10,5.1,7.0,0,10,5.3,7.9,0,10,6.5,10,5.1,10,5.4,10,957,10
2008-03-23T10:00+00:00,5904,249,0,106,10,114,10,2.3,10,4.7,10,971.1,10,,,67,10,0.0,10,0,10,,,0.0,10,5.4,7.0,0,10,5.5,7.9,0,10,6.5,10,6.2,10,9.2,10,1057,10
2008-03-23T11:00+00:00,5904,199,0,156,10,133,10,2.4,10,5.3,10,971.7,10,,,67,10,0.0,10,21,10,,,0.0,10,5.6,7.0,0,10,5.6,7.9,0,10,6.5,10,6.2,10,7.4,10,1126,10
2008-03-23T12:00+00:00,5904,173,0,183,10,165,10,2.0,10,5.8,10,971.4,10,,,78,10,0.1,10,49,10,,,0.0,10,5.8,7.0,0,10,5.8,7.9,0,10,6.5,10,5.5,10,6.0,10,1218,10
2008-03-23T13:00+00:00,5904,181,0,104,10,77,10,2.3,10,4.5,10,971.0,10,,,79,10,0.1,10,53,10,,,0.0,10,6.0,7.0,0,10,5.9,7.9,0,10,6.5,10,5.2,10,6.2,10,1328,10
2008-03-23T14:00+00:00,5904,167,0,90,10,59,10,1.4,10,3.1,10,970.5,10,,,78,10,0.0,10,37,10,,,0.0,10,6.1,7.0,0,10,6.0,7.9,0,10,6.5,10,5.3,10,6.0,10,1500,10
2008-03-23T15:00+00:00,5904,262,0,110,10,113,10,0.7,10,2.9,10,970.2,10,,,75,10,0.0,10,18,10,,,0.6,10,6.2,7.0,0,10,6.1,7.9,0,10,6.4,10,5.8,10,6.3,10,1532,10
2008-03-23T16:00+00:00,5904,110,0,119,10,124,10,1.1,10,3.0,10,970.3,10,,,75,10,0.0,10,0,10,,,0.0,10,6.3,6.9,0,10,6.2,7.9,0,10,6.4,10,5.6,10,5.2,10,1609,10
2008-03-23T17:00+00:00,5904,32,0,90,10,131,10,1.1,10,3.0,10,969.9,10,,,76,10,0.0,10,0,10,,,0.0,10,6.3,6.9,0,10,6.2,7.9,0,10,6.4,10,5.0,10,3.4,10,1705,10
2008-03-23T18:00+00:00,5904,1,0,21,10,9,10,1.3,10,2.7,10,969.5,10,,,79,10,0.0,10,0,10,,,0.0,10,6.2,6.9,0,10,6.2,7.9,0,10,6.4,10,4.6,10,2.1,10,1848,10
2008-03-23T19:00+00:00,5904,0,0,29,10,34,10,1.4,10,2.8,10,970.1,10,,,82,10,0.0,10,0,10,,,0.0,10,6.0,6.9,0,10,6.1,7.9,0,10,6.4,10,4.5,10,1.8,10,1933,10
2008-03-23T20:00+00:00,5904,0,0,8,10,358,10,1.6,10,3.3,10,969.5,10,,,83,10,0.0,10,0,10,,,0.0,10,6.0,6.9,0,10,6.1,7.9,0,10,6.4,10,4.4,10,2.5,10,2053,10
2008-03-23T21:00+00:00,5904,0,0,343,10,354,10,1.0,10,3.1,10,968.9,10,,,83,10,0.0,10,1,10,,,0.0,10,5.9,6.9,0,10,6.0,7.9,0,10,6.4,10,4.2,10,2.5,10,2155,10
2008-03-23T22:00+00:00,5904,0,0,8,10,18,10,2.8,10,7.0,10,968.4,10,,,84,10,0.0,10,40,10,,,0.0,10,5.8,6.9,0,10,6.0,7.9,0,10,6.4,10,4.1,10,2.6,10,2250,10
2008-03-23T23:00+00:00,5904,0,0,7,10,17,10,2.9,10,7.0,10,967.7,10,,,92,10,1.3,10,60,10,,,0.0,10,5.8,6.9,0,10,5.9,7.9,0,10,6.4,10,3.2,10,2.7,10,2306,10
2008-03-24T00:00+00:00,5904,0,0,355,10,8,10,2.9,10,6.7,10,967.5,10,,,94,10,2.8,10,60,10,,,0.0,10,5.7,6.9,0,10,5.9,7.9,0,10,6.4,10,2.1,10,1.6,10,40,10
2008-03-24T01:00+00:00,5904,0,0,356,10,17,10,2.0,10,6.1,10,967.0,10,,,96,10,3.5,10,60,10,,,0.0,10,5.6,6.9,0,10,5.8,7.9,0,10,6.4,10,1.2,10,0.0,10,110,10
2008-03-24T02:00+00:00,5904,0,0,320,10,307,10,2.5,10,6.8,10,966.1,10,,,96,10,2.0,10,60,10,,,0.0,10,5.4,6.9,0,10,5.6,7.9,0,10,6.4,10,1.5,10,0.0,10,239,10
2008-03-24T03:00+00:00,5904,0,0,308,10,320,10,4.2,10,9.9,10,965.8,10,,,95,10,1.5,10,60,10,,,0.0,10,5.2,6.9,0,10,5.5,7.9,0,10,6.4,10,1.4,10,0.4,10,358,10
2008-03-24T04:00+00:00,5904,0,0,304,10,297,10,6.2,10,13.0,10,965.7,10,,,94,10,1.4,10,60,10,,,0.0,10,5.1,6.9,0,10,5.4,7.9,0,10,6.4,10,1.3,10,0.1,10,455,10
2008-03-24T05:00+00:00,5904,0,0,298,10,310,10,7.1,10,14.8,10,966.2,10,,,94,10,1.4,10,60,10,,,0.0,10,5.0,6.9,0,10,5.3,7.9,0,10,6.4,10,1.1,10,0.1,10,521,10
2008-03-24T06:00+00:00,5904,19,0,299,10,306,10,7.4,10,15.9,10,966.8,10,,,94,10,1.1,10,60,10,,,0.0,10,4.9,6.9,0,10,5.2,7.9,0,10,6.4,10,0.9,10,0.1,10,602,10
2008-03-24T07:00+00:00,5904,74,0,292,10,302,10,8.6,10,17.5,10,967.6,10,,,91,10,0.5,10,57,10,,,0.0,10,4.8,6.9,0,10,5.1,7.9,0,10,6.4,10,0.9,10,0.1,10,734,10
2008-03-24T08:00+00:00,5904,164,0,292,10,306,10,8.5,10,17.3,10,968.2,10,,,91,10,0.2,10,59,10,,,0.0,10,4.7,6.9,0,10,5.0,7.9,0,10,6.4,10,1.2,10,0.3,10,842,10
2008-03-24T09:00+00:00,5904,303,0,292,10,310,10,7.0,10,14.7,10,968.7,10,,,81,10,0.0,10,20,10,,,0.2,10,4.8,6.9,0,10,5.1,7.9,0,10,6.4,10,2.9,10,1.8,10,929,10
2008-03-24T10:00+00:00,5904,508,0,295,10,302,10,5.6,10,12.5,10,969.1,10,,,64,10,0.0,10,0,10,,,0.9,10,5.1,6.9,0,10,5.2,7.9,0,10,6.4,10,4.0,10,6.8,10,1013,10
2008-03-24T11:00+00:00,5904,419,0,285,10,257,10,5.3,10,12.1,10,968.7,10,,,69,10,0.0,10,0,10,,,0.5,10,5.5,6.9,0,10,5.5,7.9,0,10,6.4,10,4.2,10,6.7,10,1154,10
2008-03-24T12:00+00:00,5904,397,0,291,10,287,10,4.2,10,11.6,10,967.8,10,,,60,10,0.0,10,0,10,,,0.4,10,5.9,6.9,0,10,5.7,7.9,0,10,6.3,10,5.0,10,6.4,10,1209,10
2008-03-24T13:00+00:00,5904,303,0,303,10,250,10,3.8,10,9.7,10,967.9,10,,,50,10,0.0,10,0,10,,,0.2,10,6.1,6.9,0,10,6.0,7.9,0,10,6.3,10,5.6,10,6.3,10,1338,10
2008-03-24T14:00+00:00,5904,183,0,303,10,334,10,4.1,10,10.2,10,968.7,10,,,55,10,0.0,10,0,10,,,0.1,10,6.3,6.9,0,10,6.1,7.9,0,10,6.3,10,5.1,10,5.7,10,1402,10
2008-03-24T15:00+00:00,5904,83,0,268,10,283,10,4.7,10,9.3,10,968.9,10,,,55,10,0.0,10,0,10,,,0.0,10,6.2,6.9,0,10,6.1,7.9,0,10,6.3,10,4.5,10,4.7,10,1557,10
2008-03-24T16:00+00:00,5904,76,0,269,10,249,10,4.8,10,10.2,10,969.4,10,,,55,10,0.0,10,0,10,,,0.1,10,6.2,6.9,0,10,6.1,7.9,0,10,6.3,10,3.9,10,4.3,10,1658,10
2008-03-24T17:00+00:00,5904,89,0,280,10,281,10,4.5,10,10.0,10,969.8,10,,,54,10,0.0,10,0,10,,,0.3,10,6.1,6.9,0,10,6.1,7.9,0,10,6.3,10,3.5,10,2.6,10,1741,10
2008-03-24T18:00+00:00,5904,1,0,283,10,293,10,3.9,10,10.2,10,969.9,10,,,54,10,0.0,10,0,10,,,0.0,10,6.0,6.9,0,10,6.0,7.9,0,10,6.3,10,2.6,10,0.2,10,1844,10
2008-03-24T19:00+00:00,5904,0,0,283,10,295,10,3.7,10,7.1,10,970.1,10,,,56,10,0.0,10,0,10,,,0.0,10,5.8,6.9,0,10,5.9,7.9,0,10,6.3,10,2.3,10,-0.8,10,1956,10
2008-03-24T20:00+00:00,5904,0,0,279,10,270,10,3.3,10,7.6,10,970.1,10,,,61,10,0.0,10,0,10,,,0.0,10,5.6,6.9,0,10,5.8,7.9,0,10,6.3,10,1.6,10,-1.7,10,2055,10
2008-03-24T21:00+00:00,5904,0,0,280,10,292,10,3.8,10,7.6,10,970.2,10,,,62,10,0.0,10,0,10,,,0.0,10,5.4,6.9,0,10,5.7,7.9,0,10,6.3,10,1.4,10,-1.7,10,2154,10
2008-03-24T22:00+00:00,5904,0,0,300,10,306,10,3.8,10,8.4,10,970.2,10,,,56,10,0.0,10,0,10,,,0.0,10,5.3,6.9,0,10,5.5,7.9,0,10,6.3,10,1.8,10,-1.1,10,2236,10
2008-03-24T23:00+00:00,5904,0,0,305,10,312,10,3.8,10,9.6,10,969.8,10,,,57,10,0.0,10,0,10,,,0.0,10,5.1,6.9,0,10,5.4,7.9,0,10,6.3,10,1.4,10,-0.5,10,2318,10
2008-03-25T00:00+00:00,5904,0,0,301,10,302,10,3.3,10,6.8,10,969.7,10,,,57,10,0.0,10,0,10,,,0.0,10,5.0,6.9,0,10,5.3,7.9,0,10,6.3,10,1.0,10,-2.2,10,30,10
2008-03-25T01:00+00:00,5904,0,0,310,10,316,10,3.4,10,7.2,10,969.8,10,,,61,10,0.0,10,0,10,,,0.0,10,4.8,6.9,0,10,5.2,7.9,0,10,6.3,10,0.4,10,-2.7,10,142,10
2008-03-25T02:00+00:00,5904,0,0,304,10,321,10,3.1,10,6.4,10,969.6,10,,,69,10,0.0,10,0,10,,,0.0,10,4.7,6.9,0,10,5.1,7.9,0,10,6.3,10,-0.2,10,-3.3,10,202,10
2008-03-25T03:00+00:00,5904,0,0,300,10,311,10,2.8,10,5.3,10,969.5,10,,,72,10,0.0,10,0,10,,,0.0,10,4.6,6.9,0,10,5.0,7.9,0,10,6.3,10,-0.4,10,-4.2,10,302,10
2008-03-25T04:00+00:00,5904,0,0,312,10,333,10,1.7,10,3.9,10,969.6,10,,,77,10,0.0,10,1,10,,,0.0,10,4.5,6.9,0,10,4.9,7.9,0,10,6.3,10,-0.3,10,-3.6,10,430,10
2008-03-25T05:00+00:00,5904,0,0,272,10,271,10,2.7,10,6.9,10,969.8,10,,,83,10,0.0,10,24,10,,,0.0,10,4.4,6.9,0,10,4.8,7.9,0,10,6.3,10,0.4,10,-2.1,10,550,10
2008-03-25T06:00+00:00,5904,52,0,272,10,293,10,4.3,10,8.1,10,970.2,10,,,77,10,0.0,10,10,10,,,0.0,10,4.3,6.8,0,10,4.7,7.9,0,10,6.3,10,1.1,10,-1.0,10,653,10
2008-03-25T07:00+00:00,5904,207,0,287,10,286,10,5.3,10,10.9,10,970.7,10,,,68,10,0.0,10,0,10,,,0.7,10,4.4,6.8,0,10,4.7,7.9,0,10,6.3,10,2.6,10,0.6,10,725,10
2008-03-25T08:00+00:00,5904,347,0,291,10,267,10,3.6,10,8.5,10,970.9,10,,,55,10,0.0,10,0,10,,,1.0,10,4.5,6.8,0,10,4.8,7.9,0,10,6.3,10,4.5,10,4.0,10,813,10
2008-03-25T09:00+00:00,5904,497,0,292,10,325,10,4.2,10,9.5,10,971.2,10,,,51,10,0.0,10,0,10,,,0.9,10,4.8,6.8,0,10,5.0,7.9,0,10,6.2,10,4.9,10,11.0,10,901,10
2008-03-25T10:00+00:00,5904,381,0,278,10,276,10,5.1,10,10.4,10,971.3,10,,,56,10,0.0,10,0,10,,,0.4,10,5.1,6.8,0,10,5.2,7.9,0,10,6.2,10,5.3,10,6.4,10,1038,10
2008-03-25T11:00+00:00,5904,296,0,283,10,267,10,5.5,10,13.4,10,971.7,10,,,80,10,0.1,10,23,10,,,0.2,10,5.4,6.8,0,10,5.3,7.9,0,10,6.2,10,2.8,10,1.8,10,1139,10
2008-03-25T12:00+00:00,5904,264,0,269,10,267,10,7.3,10,16.8,10,972.6,10,,,86,10,0.2,10,38,10,,,0.2,10,5.6,6.8,0,10,5.5,7.9,0,10,6.2,10,1.3,10,0.1,10,1232,10
2008-03-25T13:00+00:00,5904,186,0,282,10,272,10,5.6,10,13.0,10,972.9,10,,,85,10,0.7,10,34,10,,,0.1,10,5.6,6.8,0,10,5.6,7.9,0,10,6.2,10,2.3,10,0.0,10,1308,10
2008-03-25T14:00+00:00,5904,245,0,286,10,275,10,5.5,10,13.9,10,973.1,10,,,84,10,0.7,10,18,10,,,0.5,10,5.6,6.8,0,10,5.6,7.9,0,10,6.2,10,1.9,10,0.1,10,1433,10
2008-03-25T15:00+00:00,5904,66,0,287,10,270,10,7.3,10,17.9,10,974.0,10,,,78,10,0.0,10,31,10,,,0.0,10,5.5,6.8,0,10,5.6,7.9,0,10,6.2,10,0.9,10,0.0,10,1531,10
2008-03-25T16:00+00:00,5904,80,0,270,10,296,10,5.8,10,11.7,10,974.4,10,,,87,10,0.2,10,36,10,,,0.1,10,5.4,6.8,0,10,5.5,7.9,0,10,6.1,10,0.6,10,0.0,10,1602,10
2008-03-25T17:00+00:00,5904,33,0,292,10,334,10,5.0,10,12.0,10,975.1,10,,,88,10,1.9,10,32,10,,,0.2,10,5.3,6.8,0,10,5.4,7.9,0,10,6.1,10,-0.2,10,-0.4,10,1726,10
2008-03-25T18:00+00:00,5904,3,0,279,10,280,10,6.2,10,11.6,10,975.9,10,,,83,10,0.0,10,0,10,,,0.0,10,5.2,6.8,0,10,5.3,7.9,0,10,6.1,10,0.2,10,-2.1,10,1856,10
2008-03-25T19:00+00:00,5904,0,0,272,10,272,10,7.2,10,13.0,10,977.0,10,,,80,10,0.0,10,0,10,,,0.0,10,5.0,6.8,0,10,5.2,7.9,0,10,6.1,10,0.0,10,-2.3,10,1913,10
2008-03-25T20:00+00:00,5904,0,0,271,10,268,10,6.7,10,13.4,10,977.5,10,,,79,10,0.0,10,0,10,,,0.0,10,4.9,6.8,0,10,5.2,7.9,0,10,6.1,10,-0.3,10,-2.6,10,2026,10
2008-03-25T21:00+00:00,5904,0,0,266,10,269,10,6.2,10,12.5,10,977.8,10,,,77,10,0.0,10,0,10,,,0.0,10,4.8,6.8,0,10,5.1,7.9,0,10,6.1,10,-0.1,10,-2.7,10,2112,10
2008-03-25T22:00+00:00,5904,0,0,265,10,261,10,6.6,10,13.2,10,978.0,10,,,76,10,0.0,10,0,10,,,0.0,10,4.7,6.8,0,10,5.0,7.9,0,10,6.1,10,-0.1,10,-2.6,10,2221,10
2008-03-25T23:00+00:00,5904,0,0,270,10,262,10,6.1,10,12.2,10,978.1,10,,,77,10,0.0,10,0,10,,,0.0,10,4.6,6.8,0,10,4.9,7.9,0,10,6.1,10,-0.2,10,-2.6,10,2340,10
2008-03-26T00:00+00:00,5904,0,0,268,10,273,10,7.4,10,15.5,10,978.1,10,,,74,10,0.0,10,0,10,,,0.0,10,4.6,6.8,0,10,4.9,7.9,0,10,6.1,10,0.6,10,-2.7,10,28,10
2008-03-26T01:00+00:00,5904,0,0,265,10,272,10,8.1,10,16.4,10,978.0,10,,,70,10,0.0,10,0,10,,,0.0,10,4.5,6.8,0,10,4.8,7.9,0,10,6.1,10,0.8,10,-1.7,10,141,10
2008-03-26T02:00+00:00,5904,0,0,264,10,270,10,8.4,10,16.6,10,977.5,10,,,70,10,0.0,10,0,10,,,0.0,10,4.4,6.8,0,10,4.7,7.9,0,10,6.1,10,0.8,10,-1.6,10,214,10
2008-03-26T03:00+00:00,5904,0,0,261,10,264,10,8.1,10,16.6,10,977.4,10,,,67,10,0.0,10,0,10,,,0.0,10,4.3,6.8,0,10,4.7,7.9,0,10,6.1,10,0.9,10,-1.9,10,330,10
2008-03-26T04:00+00:00,5904,0,0,266,10,270,10,7.7,10,17.3,10,977.6,10,,,67,10,0.0,10,0,10,,,0.0,10,4.3,6.8,0,10,4.6,7.9,0,10,6.1,10,0.7,10,-2.2,10,417,10
2008-03-26T05:00+00:00,5904,1,0,264,10,276,10,7.3,10,14.8,10,978.0,10,,,67,10,0.0,10,0,10,,,0.0,10,4.2,6.8,0,10,4.5,7.9,0,10,6.1,10,0.6,10,-2.4,10,552,10
2008-03-26T06:00+00:00,5904,67,0,265,10,276,10,7.3,10,13.4,10,978.5,10,,,66,10,0.0,10,0,10,,,0.7,10,4.1,6.8,0,10,4.5,7.9,0,10,6.1,10,1.5,10,-2.1,10,605,10
2008-03-26T07:00+00:00,5904,181,0,265,10,265,10,7.2,10,15.3,10,979.1,10,,,67,10,0.0,10,0,10,,,0.9,10,4.1,6.8,0,10,4.4,7.9,0,10,6.1,10,1.9,10,0.4,10,759,10
2008-03-26T08:00+00:00,5904,336,0,265,10,268,10,6.4,10,13.5,10,979.4,10,,,60,10,0.0,10,0,10,,,0.9,10,4.1,6.8,0,10,4.4,7.9,0,10,6.0,10,4.0,10,0.8,10,822,10
2008-03-26T09:00+00:00,5904,544,0,265,10,270,10,7.4,10,15.6,10,980.0,10,,,58,10,0.0,10,0,10,,,1.0,10,4.3,6.8,0,10,4.6,7.9,0,10,6.0,10,3.9,10,5.1,10,945,10
2008-03-26T10:00+00:00,5904,439,0,267,10,265,10,8.3,10,16.3,10,979.9,10,,,56,10,0.0,10,7,10,,,0.6,10,4.7,6.8,0,10,4.8,7.9,0,10,6.0,10,4.1,10,5.1,10,1051,10
2008-03-26T11:00+00:00,5904,619,0,266,10,275,10,8.5,10,16.5,10,979.6,10,,,51,10,0.0,10,1,10,,,0.8,10,5.1,6.8,0,10,5.1,7.9,0,10,6.0,10,4.6,10,5.6,10,1126,10
2008-03-26T12:00+00:00,5904,734,0,268,10,265,10,6.3,10,13.2,10,978.9,10,,,47,10,0.0,10,0,10,,,1.0,10,5.7,6.7,0,10,5.5,7.9,0,10,6.0,10,5.9,10,12.3,10,1210,10
2008-03-26T13:00+00:00,5904,680,0,259,10,260,10,6.1,10,12.6,10,978.3,10,,,44,10,0.0,10,0,10,,,1.0,10,6.4,6.8,0,10,6.0,7.9,0,10,6.0,10,6.8,10,8.2,10,1302,10
2008-03-26T14:00+00:00,5904,380,0,262,10,262,10,6.6,10,13.2,10,978.2,10,,,44,10,0.0,10,0,10,,,0.6,10,6.7,6.7,0,10,6.2,7.9,0,10,6.0,10,5.7,10,7.0,10,1405,10
2008-03-26T15:00+00:00,5904,242,0,261,10,271,10,6.4,10,15.4,10,978.1,10,,,49,10,0.0,10,0,10,,,0.2,10,6.8,6.7,0,10,6.4,7.9,0,10,6.0,10,5.7,10,6.8,10,1523,10
2008-03-26T16:00+00:00,5904,161,0,260,10,248,10,4.3,10,9.5,10,977.9,10,,,51,10,0.0,10,0,10,,,0.4,10,6.7,6.7,0,10,6.5,7.9,0,10,5.9,10,5.2,10,4.7,10,1616,10
2008-03-26T17:00+00:00,5904,41,0,266,10,277,10,2.5,10,7.5,10,977.9,10,,,53,10,0.0,10,0,10,,,0.0,10,6.6,6.7,0,10,6.4,7.9,0,10,5.9,10,5.0,10,4.3,10,1725,10
2008-03-26T18:00+00:00,5904,1,0,260,10,268,10,2.5,10,6.4,10,978.3,10,,,64,10,0.0,10,20,10,,,0.0,10,6.4,6.7,0,10,6.4,7.9,0,10,5.9,10,4.3,10,3.4,10,1855,10
2008-03-26T19:00+00:00,5904,0,0,307,10,287,10,1.6,10,5.1,10,978.7,10,,,80,10,0.0,10,57,10,,,0.0,10,6.3,6.7,0,10,6.3,7.9,0,10,5.9,10,3.3,10,2.4,10,2000,10
2008-03-26T20:00+00:00,5904,0,0,320,10,267,10,1.4,10,2.7,10,978.8,10,,,86,10,0.1,10,57,10,,,0.0,10,6.1,6.7,0,10,6.2,7.9,0,10,6.0,10,2.9,10,2.3,10,2058,10
2008-03-26T21:00+00:00,5904,0,0,243,10,231,10,1.9,10,3.3,10,978.5,10,,,89,10,0.2,10,59,10,,,0.0,10,6.0,6.7,0,10,6.1,7.9,0,10,6.0,10,2.9,10,2.3,10,2159,10
2008-03-26T22:00+00:00,5904,0,0,265,10,270,10,2.6,10,4.2,10,978.2,10,,,92,10,0.1,10,41,10,,,0.0,10,5.9,6.7,0,10,6.0,7.9,0,10,6.0,10,2.6,10,2.0,10,2222,10
2008-03-26T23:00+00:00,5904,0,0,239,10,248,10,1.6,10,3.2,10,978.2,10,,,90,10,0.0,10,11,10,,,0.0,10,5.8,6.7,0,10,6.0,7.9,0,10,6.0,10,3.1,10,2.1,10,2317,10
2008-03-27T00:00+00:00,5904,0,0,121,10,104,10,1.0,10,2.7,10,978.0,10,,,91,10,0.0,10,1,10,,,0.0,10,5.8,6.7,0,10,5.9,7.9,0,10,6.0,10,3.1,10,2.3,10,14,10
2008-03-27T01:00+00:00,5904,0,0,90,10,152,10,0.6,10,2.9,10,978.0,10,,,90,10,0.0,10,0,10,,,0.0,10,5.7,6.7,0,10,5.8,7.9,0,10,6.0,10,2.9,10,2.3,10,107,10
2008-03-27T02:00+00:00,5904,0,0,84,10,151,10,0.5,10,2.3,10,977.6,10,,,91,10,0.0,10,0,10,,,0.0,10,5.6,6.7,0,10,5.8,7.9,0,10,6.0,10,2.5,10,1.1,10,249,10
2008-03-27T03:00+00:00,5904,0,0,14,10,355,10,1.0,10,2.0,10,977.6,10,,,91,10,0.0,10,0,10,,,0.0,10,5.5,6.7,0,10,5.7,7.9,0,10,6.0,10,2.4,10,1.2,10,318,10
2008-03-27T04:00+00:00,5904,0,0,92,10,110,10,1.4,10,3.3,10,977.8,10,,,88,10,0.0,10,0,10,,,0.0,10,5.4,6.7,0,10,5.7,7.9,0,10,6.1,10,2.2,10,1.1,10,434,10
2008-03-27T05:00+00:00,5904,1,0,128,10,132,10,2.0,10,4.0,10,977.9,10,,,88,10,0.0,10,0,10,,,0.0,10,5.4,6.7,0,10,5.6,7.9,0,10,6.1,10,2.0,10,0.8,10,515,10
2008-03-27T06:00+00:00,5904,38,0,148,10,148,10,2.0,10,4.2,10,978.5,10,,,86,10,0.0,10,0,10,,,0.0,10,5.3,6.7,0,10,5.5,7.9,0,10,6.1,10,2.5,10,0.9,10,657,10
2008-03-27T07:00+00:00,5904,158,0,147,10,148,10,2.3,10,4.5,10,978.9,10,,,83,10,0.0,10,0,10,,,0.2,10,5.3,6.7,0,10,5.5,7.9,0,10,6.1,10,3.3,10,2.3,10,725,10
2008-03-27T08:00+00:00,5904,214,0,140,10,145,10,2.2,10,4.5,10,979.2,10,,,79,10,0.0,10,0,10,,,0.0,10,5.5,6.7,0,10,5.6,7.9,0,10,6.1,10,4.1,10,4.7,10,828,10
2008-03-27T09:00+00:00,5904,407,0,114,10,135,10,1.8,10,4.2,10,979.4,10,,,73,10,0.0,10,0,10,,,0.5,10,5.7,6.7,0,10,5.8,7.9,0,10,6.1,10,5.7,10,6.1,10,904,10
2008-03-27T10:00+00:00,5904,593,0,97,10,109,10,1.9,10,5.3,10,979.2,10,,,63,10,0.0,10,0,10,,,1.0,10,6.2,6.7,0,10,6.1,7.9,0,10,6.1,10,7.5,10,12.1,10,1046,10
2008-03-27T11:00+00:00,5904,698,0,95,10,77,10,2.4,10,5.6,10,979.2,10,,,58,10,0.0,10,0,10,,,1.0,10,6.9,6.7,0,10,6.6,7.9,0,10,6.1,10,9.2,10,15.9,10,1138,10
2008-03-27T12:00+00:00,5904,703,0,114,10,127,10,2.9,10,6.8,10,979.0,10,,,57,10,0.0,10,0,10,,,1.0,10,7.6,6.7,0,10,7.1,7.9,0,10,6.1,10,10.3,10,17.8,10,1235,10
2008-03-27T13:00+00:00,5904,499,0,102,10,116,10,3.5,10,8.1,10,978.8,10,,,54,10,0.0,10,0,10,,,0.8,10,8.2,6.7,0,10,7.5,7.9,0,10,6.1,10,10.5,10,13.5,10,1347,10
2008-03-27T14:00+00:00,5904,342,0,115,10,117,10,3.9,10,7.9,10,978.8,10,,,55,10,0.0,10,0,10,,,0.6,10,8.4,6.7,0,10,7.8,7.9,0,10,6.1,10,10.7,10,11.8,10,1439,10
2008-03-27T15:00+00:00,5904,230,0,114,10,84,10,4.1,10,8.7,10,978.9,10,,,55,10,0.0,10,0,10,,,0.5,10,8.4,6.7,0,10,7.9,7.9,0,10,6.1,10,10.3,10,10.7,10,1514,10
2008-03-27T16:00+00:00,5904,137,0,115,10,112,10,4.6,10,9.2,10,979.2,10,,,55,10,0.0,10,0,10,,,0.1,10,8.3,6.7,0,10,8.0,7.9,0,10,6.1,10,9.9,10,9.7,10,1700,10
2008-03-27T17:00+00:00,5904,47,0,113,10,115,10,4.0,10,7.3,10,979.6,10,,,56,10,0.0,10,0,10,,,0.0,10,8.2,6.6,0,10,7.9,7.9,0,10,6.1,10,9.3,10,7.7,10,1729,10
2008-03-27T18:00+00:00,5904,2,0,112,10,110,10,2.8,10,6.9,10,980.2,10,,,59,10,0.0,10,0,10,,,0.0,10,8.0,6.7,0,10,7.8,7.9,0,10,6.2,10,8.8,10,6.0,10,1809,10
2008-03-27T19:00+00:00,5904,0,0,93,10,105,10,2.3,10,4.4,10,980.8,10,,,63,10,0.0,10,0,10,,,0.0,10,7.8,6.6,0,10,7.7,7.9,0,10,6.2,10,8.3,10,5.6,10,1911,10
2008-03-27T20:00+00:00,5904,0,0,91,10,98,10,2.5,10,4.8,10,981.3,10,,,65,10,0.0,10,8,10,,,0.0,10,7.6,6.7,0,10,7.6,7.9,0,10,6.2,10,8.2,10,5.9,10,2018,10
2008-03-27T21:00+00:00,5904,0,0,78,10,76,10,1.9,10,3.4,10,981.8,10,,,67,10,0.0,10,7,10,,,0.0,10,7.5,6.6,0,10,7.5,7.9,0,10,6.2,10,7.8,10,6.0,10,2200,10
2008-03-27T22:00+00:00,5904,0,0,69,10,114,10,1.4,10,3.4,10,982.1,10,,,69,10,0.0,10,1,10,,,0.0,10,7.4,6.6,0,10,7.5,7.9,0,10,6.3,10,7.7,10,5.5,10,2206,10
2008-03-27T23:00+00:00,5904,0,0,43,10,53,10,2.3,10,3.8,10,982.7,10,,,73,10,0.0,10,0,10,,,0.0,10,7.3,6.6,0,10,7.4,7.9,0,10,6.3,10,7.3,10,5.3,10,2312,10
2008-03-28T00:00+00:00,5904,0,0,49,10,85,10,2.1,10,5.1,10,983.1,10,,,73,10,0.0,10,0,10,,,0.0,10,7.2,6.6,0,10,7.3,7.9,0,10,6.3,10,7.2,10,5.5,10,5,10
2008-03-28T01:00+00:00,5904,0,0,49,10,62,10,1.8,10,3.2,10,983.8,10,,,75,10,0.0,10,0,10,,,0.0,10,7.1,6.6,0,10,7.2,7.9,0,10,6.4,10,6.5,10,2.7,10,144,10
2008-03-28T02:00+00:00,5904,0,0,54,10,86,10,2.6,10,4.8,10,984.3,10,,,77,10,0.0,10,0,10,,,0.0,10,6.9,6.6,0,10,7.1,7.9,0,10,6.4,10,5.9,10,1.8,10,225,10
2008-03-28T03:00+00:00,5904,0,0,49,10,64,10,2.4,10,3.7,10,985.1,10,,,78,10,0.0,10,0,10,,,0.0,10,6.8,6.6,0,10,7.0,7.9,0,10,6.4,10,5.8,10,2.0,10,335,10
2008-03-28T04:00+00:00,5904,0,0,61,10,67,10,2.2,10,3.9,10,986.1,10,,,79,10,0.0,10,0,10,,,0.0,10,6.7,6.6,0,10,6.9,7.9,0,10,6.4,10,5.6,10,4.5,10,418,10
2008-03-28T05:00+00:00,5904,1,0,97,10,103,10,1.8,10,3.5,10,986.8,10,,,79,10,0.0,10,0,10,,,0.0,10,6.7,6.6,0,10,6.8,7.9,0,10,6.5,10,5.3,10,3.5,10,511,10
2008-03-28T06:00+00:00,5904,39,0,153,10,140,10,1.3,10,3.1,10,987.5,10,,,75,10,0.0,10,0,10,,,0.0,10,6.6,6.6,0,10,6.8,7.9,0,10,6.5,10,6.3,10,3.5,10,657,10
2008-03-28T07:00+00:00,5904,135,0,154,10,162,10,1.9,10,4.4,10,988.3,10,,,69,10,0.0,10,0,10,,,0.0,10,6.7,6.6,0,10,6.8,7.9,0,10,6.5,10,7.5,10,6.4,10,735,10
2008-03-28T08:00+00:00,5904,253,0,159,10,134,10,1.8,10,4.5,10,989.1,10,,,66,10,0.0,10,0,10,,,0.0,10,6.9,6.6,0,10,6.9,7.9,0,10,6.5,10,8.5,10,10.0,10,858,10
2008-03-28T09:00+00:00,5904,266,0,103,10,106,10,1.7,10,4.2,10,989.7,10,,,64,10,0.0,10,0,10,,,0.0,10,7.1,6.6,0,10,7.1,7.9,0,10,6.5,10,8.7,10,11.5,10,902,10
2008-03-28T10:00+00:00,5904,352,0,146,10,155,10,1.0,10,4.1,10,990.0,10,,,60,10,0.0,10,0,10,,,0.0,10,7.4,6.6,0,10,7.3,7.9,0,10,6.5,10,9.6,10,12.9,10,1037,10
2008-03-28T11:00+00:00,5904,470,0,146,10,86,10,0.6,10,3.4,10,990.1,10,,,58,10,0.0,10,0,10,,,0.7,10,7.8,6.7,0,10,7.5,7.9,0,10,6.5,10,11.1,10,16.1,10,1126,10
2008-03-28T12:00+00:00,5904,502,0,92,10,78,10,2.0,10,5.0,10,990.1,10,,,58,10,0.0,10,0,10,,,0.7,10,8.2,6.7,0,10,7.9,7.9,0,10,6.6,10,11.2,10,16.9,10,1216,10
2008-03-28T13:00+00:00,5904,271,0,81,10,55,10,1.6,10,3.9,10,989.9,10,,,59,10,0.0,10,0,10,,,0.0,10,8.5,6.7,0,10,8.1,7.9,0,10,6.6,10,11.3,10,14.4,10,1315,10
2008-03-28T14:00+00:00,5904,317,0,83,10,102,10,2.3,10,5.7,10,989.8,10,,,58,10,0.0,10,0,10,,,0.2,10,8.7,6.7,0,10,8.3,7.9,0,10,6.6,10,11.8,10,14.5,10,1440,10
2008-03-28T15:00+00:00,5904,185,0,92,10,71,10,2.2,10,5.0,10,989.7,10,,,58,10,0.0,10,0,10,,,0.2,10,8.8,6.7,0,10,8.4,7.9,0,10,6.6,10,11.5,10,12.6,10,1501,10
2008-03-28T16:00+00:00,5904,127,0,113,10,100,10,2.9,10,5.4,10,989.7,10,,,61,10,0.0,10,0,10,,,0.0,10,8.8,6.7,0,10,8.5,7.9,0,10,6.6,10,11.1,10,10.8,10,1638,10
2008-03-28T17:00+00:00,5904,50,0,123,10,103,10,3.1,10,5.6,10,990.0,10,,,61,10,0.0,10,0,10,,,0.0,10,8.8,6.7,0,10,8.5,7.9,0,10,6.6,10,10.8,10,9.8,10,1735,10
2008-03-28T18:00+00:00,5904,3,0,129,10,126,10,3.4,10,6.8,10,990.1,10,,,67,10,0.0,10,37,10,,,0.0,10,8.6,6.7,0,10,8.5,7.9,0,10,6.6,10,10.0,10,7.7,10,1857,10
2008-03-28T19:00+00:00,5904,0,0,131,10,154,10,3.2,10,6.1,10,990.0,10,,,69,10,0.0,10,12,10,,,0.0,10,8.5,6.7,0,10,8.4,7.9,0,10,6.7,10,9.5,10,6.4,10,1931,10
2008-03-28T20:00+00:00,5904,0,0,135,10,151,10,2.5,10,5.2,10,990.1,10,,,71,10,0.0,10,0,10,,,0.0,10,8.3,6.7,0,10,8.3,7.9,0,10,6.7,10,9.2,10,6.1,10,2054,10
2008-03-28T21:00+00:00,5904,0,0,160,10,156,10,3.2,10,6.9,10,990.1,10,,,70,10,0.0,10,0,10,,,0.0,10,8.2,6.7,0,10,8.2,7.9,0,10,6.7,10,9.5,10,6.9,10,2141,10
2008-03-28T22:00+00:00,5904,0,0,181,10,170,10,3.8,10,6.6,10,990.3,10,,,72,10,0.0,10,15,10,,,0.0,10,8.1,6.7,0,10,8.1,7.9,0,10,6.7,10,9.2,10,7.5,10,2202,10
2008-03-28T23:00+00:00,5904,0,0,178,10,152,10,3.4,10,7.2,10,989.9,10,,,74,10,0.0,10,2,10,,,0.0,10,8.0,6.7,0,10,8.0,7.9,0,10,6.8,10,8.8,10,6.7,10,2316,10
2008-03-29T00:00+00:00,5904,0,0,196,10,187,10,3.1,10,6.4,10,989.6,10,,,74,10,0.0,10,0,10,,,0.0,10,7.9,6.7,0,10,8.0,7.9,0,10,6.8,10,9.0,10,6.6,10,6,10
2008-03-29T01:00+00:00,5904,0,0,205,10,225,10,2.2,10,5.4,10,989.1,10,,,77,10,0.0,10,0,10,,,0.0,10,7.8,6.7,0,10,7.9,7.9,0,10,6.8,10,7.8,10,4.3,10,132,10
2008-03-29T02:00+00:00,5904,0,0,194,10,207,10,2.4,10,4.6,10,989.0,10,,,79,10,0.0,10,0,10,,,0.0,10,7.7,6.7,0,10,7.8,7.9,0,10,6.9,10,8.0,10,3.5,10,232,10
2008-03-29T03:00+00:00,5904,0,0,195,10,200,10,2.3,10,5.3,10,989.3,10,,,82,10,0.0,10,0,10,,,0.0,10,7.6,6.7,0,10,7.7,7.9,0,10,6.9,10,7.6,10,4.4,10,324,10
2008-03-29T04:00+00:00,5904,0,0,241,10,191,10,1.5,10,3.8,10,990.1,10,,,85,10,0.0,10,0,10,,,0.0,10,7.5,6.7,0,10,7.6,7.9,0,10,6.9,10,6.9,10,4.3,10,401,10
2008-03-29T05:00+00:00,5904,1,0,272,10,285,10,1.2,10,2.7,10,990.8,10,,,88,10,0.0,10,0,10,,,0.0,10,7.4,6.7,0,10,7.5,7.9,0,10,6.9,10,6.7,10,4.5,10,528,10
2008-03-29T06:00+00:00,5904,18,0,251,10,263,10,1.7,10,5.7,10,992.3,10,,,83,10,0.0,10,1,10,,,0.0,10,7.4,6.7,0,10,7.5,7.9,0,10,6.9,10,7.7,10,4.8,10,650,10
2008-03-29T07:00+00:00,5904,73,0,272,10,238,10,1.7,10,7.6,10,993.1,10,,,72,10,0.0,10,29,10,,,0.0,10,7.4,6.7,0,10,7.5,7.9,0,10,7.0,10,9.9,10,6.5,10,722,10
2008-03-29T08:00+00:00,5904,212,0,265,10,268,10,4.0,10,10.2,10,993.2,10,,,62,10,0.0,10,0,10,,,0.3,10,7.5,6.7,0,10,7.6,7.9,0,10,7.0,10,11.5,10,10.7,10,851,10
2008-03-29T09:00+00:00,5904,214,0,268,10,281,10,6.7,10,14.4,10,994.0,10,,,60,10,0.0,10,0,10,,,0.0,10,7.7,6.7,0,10,7.7,7.9,0,10,7.0,10,11.9,10,12.9,10,939,10
2008-03-29T10:00+00:00,5904,666,0,273,10,269,10,7.0,10,15.0,10,994.9,10,,,50,10,0.0,10,0,10,,,1.0,10,8.1,6.7,0,10,8.1,7.9,0,10,7.0,10,14.3,10,13.6,10,1022,10
2008-03-29T11:00+00:00,5904,573,0,270,10,265,10,7.7,10,14.4,10,995.5,10,,,52,10,0.0,10,0,10,,,0.8,10,8.7,6.7,0,10,8.4,7.9,0,10,7.0,10,13.2,10,18.7,10,1153,10
2008-03-29T12:00+00:00,5904,560,0,279,10,300,10,6.5,10,14.2,10,995.9,10,,,45,10,0.0,10,0,10,,,0.7,10,9.3,6.8,0,10,8.8,7.9,0,10,7.0,10,13.8,10,16.6,10,1238,10
2008-03-29T13:00+00:00,5904,386,0,281,10,304,10,5.4,10,12.6,10,995.6,10,,,44,10,0.0,10,0,10,,,0.5,10,9.6,6.8,0,10,9.1,7.9,0,10,7.0,10,13.8,10,16.0,10,1326,10
2008-03-29T14:00+00:00,5904,249,0,274,10,275,10,5.3,10,12.0,10,995.7,10,,,45,10,0.0,10,0,10,,,0.0,10,9.7,6.8,0,10,9.2,7.9,0,10,7.0,10,12.8,10,13.7,10,1424,10
2008-03-29T15:00+00:00,5904,156,0,278,10,305,10,4.5,10,10.7,10,995.8,10,,,43,10,0.0,10,0,10,,,0.0,10,9.6,6.8,0,10,9.3,7.9,0,10,7.0,10,12.7,10,12.5,10,1518,10
2008-03-29T16:00+00:00,5904,230,0,276,10,293,10,4.0,10,8.7,10,995.7,10,,,42,10,0.0,10,0,10,,,0.6,10,9.6,6.8,0,10,9.3,7.9,0,10,7.1,10,13.2,10,12.3,10,1614,10
2008-03-29T17:00+00:00,5904,71,0,304,10,282,10,3.0,10,8.3,10,996.2,10,,,42,10,0.0,10,0,10,,,0.6,10,9.5,6.8,0,10,9.2,7.9,0,10,7.1,10,12.1,10,7.6,10,1757,10
2008-03-29T18:00+00:00,5904,4,0,289,10,297,10,2.3,10,5.2,10,996.7,10,,,47,10,0.0,10,0,10,,,0.0,10,9.2,6.8,0,10,9.1,7.9,0,10,7.1,10,9.5,10,3.4,10,1801,10
2008-03-29T19:00+00:00,5904,0,0,269,10,286,10,2.4,10,3.2,10,997.2,10,,,55,10,0.0,10,0,10,,,0.0,10,8.9,6.8,0,10,8.9,7.9,0,10,7.1,10,7.6,10,2.5,10,1937,10
2008-03-29T20:00+00:00,5904,0,0,274,10,261,10,2.8,10,3.8,10,997.5,10,,,60,10,0.0,10,0,10,,,0.0,10,8.6,6.8,0,10,8.7,7.9,0,10,7.2,10,6.8,10,1.6,10,2004,10
2008-03-29T21:00+00:00,5904,0,0,299,10,290,10,2.0,10,3.5,10,997.5,10,,,67,10,0.0,10,0,10,,,0.0,10,8.4,6.8,0,10,8.5,7.9,0,10,7.2,10,5.5,10,0.3,10,2103,10
2008-03-29T22:00+00:00,5904,0,0,295,10,292,10,2.8,10,3.9,10,997.7,10,,,64,10,0.0,10,0,10,,,0.0,10,8.1,6.8,0,10,8.3,7.9,0,10,7.2,10,5.9,10,0.3,10,2257,10
2008-03-29T23:00+00:00,5904,0,0,305,10,300,10,1.3,10,3.5,10,998.0,10,,,68,10,0.0,10,0,10,,,0.0,10,7.9,6.8,0,10,8.1,7.9,0,10,7.2,10,4.5,10,-0.5,10,2400,10
2008-03-30T00:00+00:00,5904,0,0,27,10,64,10,0.3,10,1.5,10,997.7,10,,,71,10,0.0,10,0,10,,,0.0,10,7.7,6.8,0,10,8.0,7.9,0,10,7.3,10,3.9,10,-0.9,10,47,10
2008-03-30T01:00+00:00,5904,0,0,212,10,196,10,0.6,10,4.6,10,997.8,10,,,72,10,0.0,10,0,10,,,0.0,10,7.5,6.8,0,10,7.8,7.9,0,10,7.3,10,4.0,10,-1.3,10,149,10
2008-03-30T02:00+00:00,5904,0,0,263,10,186,10,0.8,10,2.3,10,997.4,10,,,77,10,0.0,10,0,10,,,0.0,10,7.3,6.9,0,10,7.6,7.9,0,10,7.3,10,3.1,10,-0.5,10,300,10
2008-03-30T03:00+00:00,5904,0,0,222,10,247,10,1.2,10,2.3,10,997.3,10,,,77,10,0.0,10,0,10,,,0.0,10,7.1,6.9,0,10,7.5,7.9,0,10,7.3,10,3.2,10,-0.8,10,330,10
2008-03-30T04:00+00:00,5904,0,0,30,10,39,10,0.7,10,3.1,10,997.0,10,,,81,10,0.0,10,0,10,,,0.0,10,7.0,6.9,0,10,7.3,7.9,0,10,7.4,10,2.1,10,-1.9,10,457,10
2008-03-30T05:00+00:00,5904,3,0,40,10,42,10,1.8,10,3.0,10,997.2,10,,,83,10,0.0,10,0,10,,,0.0,10,6.8,6.9,0,10,7.2,7.9,0,10,7.4,10,1.6,10,-2.1,10,505,10
2008-03-30T06:00+00:00,5904,78,0,293,10,284,10,0.7,10,3.4,10,996.9,10,,,81,10,0.0,10,0,10,,,1.0,10,6.7,6.9,0,10,7.1,7.9,0,10,7.4,10,3.9,10,-1.6,10,635,10
2008-03-30T07:00+00:00,5904,225,0,94,10,67,10,0.8,10,3.3,10,996.8,10,,,73,10,0.0,10,0,10,,,1.0,10,6.7,6.9,0,10,7.1,7.9,0,10,7.4,10,6.7,10,2.6,10,759,10
2008-03-30T08:00+00:00,5904,414,0,112,10,106,10,2.5,10,5.2,10,996.5,10,,,70,10,0.0,10,0,10,,,1.0,10,6.8,6.9,0,10,7.1,7.9,0,10,7.4,10,8.7,10,8.1,10,816,10
2008-03-30T09:00+00:00,5904,561,0,105,10,112,10,2.2,10,5.0,10,995.8,10,,,62,10,0.0,10,0,10,,,1.0,10,7.3,6.9,0,10,7.4,7.9,0,10,7.4,10,11.6,10,17.7,10,913,10
2008-03-30T10:00+00:00,5904,665,0,112,10,120,10,3.3,10,7.6,10,995.1,10,,,54,10,0.0,10,0,10,,,1.0,10,7.9,6.9,0,10,7.8,7.9,0,10,7.4,10,13.8,10,22.7,10,1044,10
2008-03-30T11:00+00:00,5904,730,0,126,10,149,10,4.4,10,10.9,10,993.9,10,,,40,10,0.0,10,0,10,,,1.0,10,8.8,6.9,0,10,8.4,7.9,0,10,7.4,10,16.6,10,24.8,10,1146,10
2008-03-30T12:00+00:00,5904,735,0,150,10,172,10,4.2,10,9.4,10,993.3,10,,,38,10,0.0,10,0,10,,,1.0,10,9.6,6.9,0,10,9.0,7.9,0,10,7.4,10,17.2,10,25.5,10,1237,10
2008-03-30T13:00+00:00,5904,663,0,131,10,145,10,5.0,10,10.1,10,992.6,10,,,38,10,0.0,10,0,10,,,1.0,10,10.3,6.9,0,10,9.5,7.9,0,10,7.4,10,17.4,10,19.0,10,1319,10
2008-03-30T14:00+00:00,5904,546,0,129,10,140,10,5.2,10,10.6,10,991.9,10,,,39,10,0.0,10,0,10,,,1.0,10,10.7,6.9,0,10,9.8,7.9,0,10,7.4,10,17.8,10,16.4,10,1448,10
2008-03-30T15:00+00:00,5904,417,0,115,10,132,10,5.8,10,11.5,10,991.4,10,,,40,10,0.0,10,0,10,,,1.0,10,10.6,6.9,0,10,10.0,7.9,0,10,7.4,10,16.8,10,14.4,10,1547,10
2008-03-30T16:00+00:00,5904,209,0,116,10,112,10,6.3,10,11.3,10,991.2,10,,,42,10,0.0,10,0,10,,,1.0,10,10.4,7.0,0,10,10.0,7.9,0,10,7.4,10,15.4,10,12.3,10,1625,10
2008-03-30T17:00+00:00,5904,86,0,122,10,149,10,5.4,10,10.5,10,991.3,10,,,46,10,0.0,10,0,10,,,1.0,10,10.1,7.0,0,10,9.9,7.9,0,10,7.4,10,14.3,10,11.0,10,1736,10
2008-03-30T18:00+00:00,5904,3,0,121,10,132,10,4.3,10,8.8,10,991.3,10,,,49,10,0.0,10,0,10,,,0.1,10,9.9,7.0,0,10,9.7,7.9,0,10,7.4,10,12.8,10,8.1,10,1900,10
2008-03-30T19:00+00:00,5904,0,0,125,10,123,10,4.3,10,9.1,10,991.2,10,,,51,10,0.0,10,0,10,,,0.0,10,9.6,7.0,0,10,9.6,7.9,0,10,7.4,10,12.0,10,7.6,10,1935,10
2008-03-30T20:00+00:00,5904,0,0,127,10,133,10,4.2,10,8.5,10,991.0,10,,,53,10,0.0,10,0,10,,,0.0,10,9.4,7.0,0,10,9.4,7.9,0,10,7.5,10,11.6,10,7.5,10,2039,10
2008-03-30T21:00+00:00,5904,0,0,144,10,147,10,4.4,10,9.4,10,990.9,10,,,54,10,0.0,10,0,10,,,0.0,10,9.2,7.0,0,10,9.3,7.9,0,10,7.5,10,11.0,10,6.9,10,2142,10
2008-03-30T22:00+00:00,5904,0,0,151,10,138,10,4.5,10,9.3,10,991.1,10,,,55,10,0.0,10,0,10,,,0.0,10,9.0,7.0,0,10,9.1,7.9,0,10,7.5,10,10.3,10,7.6,10,2232,10
2008-03-30T23:00+00:00,5904,0,0,150,10,161,10,4.6,10,11.9,10,991.0,10,,,56,10,0.0,10,0,10,,,0.0,10,8.8,7.0,0,10,9.0,7.9,0,10,7.6,10,9.4,10,6.7,10,2317,10
2008-03-31T00:00+00:00,5904,0,0,151,10,146,10,4.4,10,9.0,10,990.8,10,,,56,10,0.0,10,0,10,,,0.0,10,8.7,7.0,0,10,8.8,7.9,0,10,7.6,10,9.2,10,6.2,10,49,10
2008-03-31T01:00+00:00,5904,0,0,149,10,147,10,4.6,10,10.2,10,990.3,10,,,57,10,0.0,10,0,10,,,0.0,10,8.5,7.0,0,10,8.7,7.9,0,10,7.6,10,8.6,10,5.9,10,127,10
2008-03-31T02:00+00:00,5904,0,0,144,10,169,10,4.9,10,9.5,10,990.0,10,,,59,10,0.0,10,0,10,,,0.0,10,8.3,7.0,0,10,8.6,7.9,0,10,7.6,10,8.1,10,5.6,10,217,10
2008-03-31T03:00+00:00,5904,0,0,150,10,152,10,4.4,10,10.1,10,989.8,10,,,60,10,0.0,10,0,10,,,0.0,10,8.2,7.0,0,10,8.4,7.9,0,10,7.7,10,7.7,10,5.1,10,358,10
2008-03-31T04:00+00:00,5904,0,0,153,10,151,10,4.4,10,12.1,10,990.1,10,,,60,10,0.0,10,0,10,,,0.0,10,8.0,7.0,0,10,8.3,7.9,0,10,7.7,10,7.4,10,4.4,10,432,10
2008-03-31T05:00+00:00,5904,5,0,139,10,147,10,3.5,10,7.5,10,990.4,10,,,64,10,0.0,10,0,10,,,0.1,10,7.9,7.0,0,10,8.2,7.9,0,10,7.7,10,6.6,10,2.7,10,547,10
2008-03-31T06:00+00:00,5904,79,0,135,10,127,10,4.4,10,8.4,10,990.7,10,,,64,10,0.0,10,0,10,,,1.0,10,7.8,7.1,0,10,8.1,7.9,0,10,7.7,10,7.6,10,3.4,10,622,10
2008-03-31T07:00+00:00,5904,72,0,139,10,152,10,4.9,10,10.0,10,990.9,10,,,59,10,0.0,10,0,10,,,0.8,10,7.8,,0,10,8.1,,0,10,7.7,10,9.9,10,6.9,10,800,10
2008-03-31T08:00+00:00,5904,424,0,149,10,167,10,6.1,10,11.7,10,991.2,10,,,55,10,0.0,10,0,10,,,0.8,10,7.9,,0,10,8.1,,0,10,7.7,10,11.3,10,10.6,10,823,10
2008-03-31T09:00+00:00,5904,554,0,145,10,186,10,5.2,10,11.0,10,991.1,10,,,50,10,0.0,10,0,10,,,1.0,10,8.2,7.1,0,10,8.3,7.9,0,10,7.8,10,13.6,10,17.2,10,958,10
2008-03-31T10:00+00:00,5904,663,0,157,10,180,10,6.1,10,13.0,10,991.1,10,,,48,10,0.0,10,0,10,,,1.0,10,8.8,7.1,0,10,8.7,7.9,0,10,7.8,10,14.6,10,21.2,10,1049,10
2008-03-31T11:00+00:00,5904,721,0,146,10,144,10,5.6,10,11.0,10,991.1,10,,,46,10,0.0,10,0,10,,,1.0,10,9.5,7.1,0,10,9.2,7.9,0,10,7.8,10,15.8,10,23.0,10,1109,10
2008-03-31T12:00+00:00,5904,721,0,149,10,196,10,4.7,10,10.0,10,990.9,10,,,44,10,0.0,10,0,10,,,1.0,10,10.2,7.1,0,10,9.7,7.9,0,10,7.8,10,16.8,10,24.3,10,1250,10
2008-03-31T13:00+00:00,5904,663,0,137,10,162,10,5.0,10,10.8,10,990.6,10,,,45,10,0.0,10,0,10,,,1.0,10,10.9,7.1,0,10,10.2,7.9,0,10,7.8,10,17.5,10,19.7,10,1336,10
2008-03-31T14:00+00:00,5904,560,0,139,10,168,10,4.6,10,8.9,10,990.4,10,,,42,10,0.0,10,0,10,,,1.0,10,11.3,7.1,0,10,10.5,7.9,0,10,7.8,10,17.4,10,16.2,10,1410,10
2008-03-31T15:00+00:00,5904,415,0,136,10,150,10,4.2,10,7.9,10,990.4,10,,,42,10,0.0,10,0,10,,,1.0,10,11.2,7.1,0,10,10.6,7.9,0,10,7.8,10,17.2,10,14.6,10,1508,10
2008-03-31T16:00+00:00,5904,252,0,130,10,148,10,3.5,10,7.8,10,990.6,10,,,44,10,0.0,10,0,10,,,1.0,10,10.9,7.1,0,10,10.6,7.9,0,10,7.8,10,16.1,10,12.7,10,1604,10
2008-03-31T17:00+00:00,5904,72,0,118,10,124,10,4.0,10,7.4,10,991.0,10,,,45,10,0.0,10,0,10,,,1.0,10,10.7,7.2,0,10,10.5,7.9,0,10,7.8,10,15.1,10,10.4,10,1705,10
2008-03-31T18:00+00:00,5904,7,0,123,10,116,10,3.3,10,6.1,10,991.6,10,,,48,10,0.0,10,0,10,,,0.1,10,10.4,7.2,0,10,10.3,7.9,0,10,7.8,10,13.5,10,6.9,10,1843,10
2008-03-31T19:00+00:00,5904,0,0,118,10,120,10,2.8,10,6.0,10,992.3,10,,,52,10,0.0,10,0,10,,,0.0,10,10.1,7.2,0,10,10.1,7.9,0,10,7.8,10,12.1,10,5.5,10,1902,10
2008-03-31T20:00+00:00,5904,0,0,59,10,100,10,1.0,10,3.4,10,992.8,10,,,60,10,0.0,10,0,10,,,0.0,10,9.9,7.2,0,10,9.9,7.9,0,10,7.9,10,10.1,10,5.1,10,2008,10
2008-03-31T21:00+00:00,5904,0,0,337,10,335,10,1.1,10,2.4,10,993.0,10,,,64,10,0.0,10,0,10,,,0.0,10,9.6,7.2,0,10,9.7,7.9,0,10,7.9,10,9.4,10,4.6,10,2135,10
2008-03-31T22:00+00:00,5904,0,0,290,10,280,10,1.8,10,2.4,10,993.1,10,,,66,10,0.0,10,0,10,,,0.0,10,9.4,7.2,0,10,9.6,7.9,0,10,7.9,10,9.1,10,4.5,10,2213,10
2008-03-31T23:00+00:00,5904,0,0,281,10,284,10,2.5,10,3.5,10,993.0,10,,,69,10,0.0,10,0,10,,,0.0,10,9.2,7.2,0,10,9.4,7.9,0,10,8.0,10,8.5,10,4.3,10,2358,10
2008-04-01T00:00+00:00,5904,0,0,300,10,287,10,2.1,10,3.5,10,993.1,10,,,72,10,0.0,10,0,10,80.0,0.0,0.0,10,9.0,7.2,0,10,9.3,7.9,0,10,8.0,10,7.4,10,2.9,10,100,10
2008-04-01T01:00+00:00,5904,0,0,315,10,308,10,1.1,10,3.0,10,993.0,10,,,75,10,0.0,10,0,10,80.0,0.0,0.0,10,8.8,7.2,0,10,9.1,7.9,0,10,8.0,10,6.7,10,1.6,10,116,10
2008-04-01T02:00+00:00,5904,0,0,220,10,222,10,0.6,10,2.5,10,993.2,10,,,76,10,0.0,10,0,10,81.0,0.0,0.0,10,8.6,7.2,0,10,8.9,7.9,0,10,8.1,10,6.0,10,1.4,10,249,10
2008-04-01T03:00+00:00,5904,0,0,175,10,206,10,1.0,10,3.0,10,993.4,10,,,79,10,0.0,10,0,10,81.0,0.0,0.0,10,8.5,7.2,0,10,8.8,7.9,0,10,8.1,10,6.0,10,0.9,10,348,10
2008-04-01T04:00+00:00,5904,0,0,288,10,288,10,2.2,10,8.0,10,993.4,10,,,72,10,0.0,10,0,10,81.0,0.0,0.0,10,8.3,7.2,0,10,8.6,7.9,0,10,8.1,10,9.2,10,1.3,10,456,10
2008-04-01T05:00+00:00,5904,4,0,293,10,306,10,5.6,10,10.0,10,993.6,10,,,77,10,0.0,10,0,10,81.0,0.0,0.0,10,8.2,7.2,0,10,8.5,7.9,0,10,8.1,10,9.7,10,4.4,10,535,10
2008-04-01T06:00+00:00,5904,83,0,295,10,303,10,6.6,10,10.6,10,994.0,10,,,71,10,0.0,10,0,10,81.0,0.0,1.0,10,8.2,7.3,0,10,8.5,7.9,0,10,8.1,10,10.6,10,7.2,10,625,10
2008-04-01T07:00+00:00,5904,228,0,289,10,300,10,6.0,10,11.2,10,994.1,10,,,66,10,0.0,10,0,10,82.0,0.0,0.9,10,8.3,7.3,0,10,8.5,7.9,0,10,8.2,10,12.7,10,9.5,10,735,10
2008-04-01T08:00+00:00,5904,293,0,301,10,300,10,5.1,10,10.1,10,994.4,10,,,62,10,0.0,10,0,10,82.0,0.0,0.6,10,8.5,7.3,0,10,8.6,7.9,0,10,8.2,10,12.9,10,14.4,10,848,10
2008-04-01T09:00+00:00,5904,490,0,300,10,302,10,6.3,10,11.0,10,994.4,10,,,59,10,0.0,10,0,10,82.0,0.0,0.9,10,8.8,7.3,0,10,8.9,7.9,0,10,8.2,10,14.6,10,14.8,10,936,10
2008-04-01T10:00+00:00,5904,640,0,312,10,335,10,5.0,10,10.0,10,994.5,10,,,57,10,0.0,10,0,10,82.0,0.0,1.0,10,9.4,7.3,0,10,9.3,7.9,0,10,8.2,10,15.0,10,21.9,10,1038,10
2008-04-01T11:00+00:00,5904,644,0,328,10,334,10,4.1,10,9.0,10,993.9,10,,,53,10,0.0,10,0,10,82.0,0.0,0.9,10,10.1,7.3,0,10,9.7,7.9,0,10,8.2,10,16.5,10,21.7,10,1148,10
2008-04-01T12:00+00:00,5904,602,0,1,10,9,10,4.1,10,10.2,10,993.4,10,,,49,10,0.0,10,0,10,82.0,0.0,0.8,10,10.8,7.3,0,10,10.2,7.9,0,10,8.2,10,17.1,10,21.4,10,1300,10
2008-04-01T13:00+00:00,5904,508,0,340,10,355,10,4.1,10,9.4,10,993.0,10,,,48,10,0.0,10,0,10,82.0,0.0,0.7,10,11.2,7.3,0,10,10.6,7.9,0,10,8.2,10,18.1,10,18.4,10,1323,10
2008-04-01T14:00+00:00,5904,392,0,334,10,337,10,4.5,10,9.8,10,992.6,10,,,44,10,0.0,10,0,10,82.0,0.0,0.6,10,11.5,7.3,0,10,10.8,7.9,0,10,8.2,10,17.9,10,16.1,10,1448,10
2008-04-01T15:00+00:00,5904,320,0,276,10,274,10,5.4,10,10.0,10,992.4,10,,,55,10,0.0,10,0,10,82.0,0.0,0.8,10,11.5,7.3,0,10,11.0,7.9,0,10,8.2,10,16.6,10,15.8,10,1528,10
2008-04-01T16:00+00:00,5904,148,0,272,10,274,10,4.9,10,8.9,10,992.2,10,,,58,10,0.0,10,0,10,82.0,0.0,0.5,10,11.4,7.4,0,10,11.0,7.9,0,10,8.2,10,15.5,10,13.9,10,1609,10
2008-04-01T17:00+00:00,5904,39,0,270,10,272,10,4.9,10,9.3,10,992.6,10,,,62,10,0.0,10,0,10,82.0,0.0,0.0,10,11.2,7.4,0,10,10.9,7.9,0,10,8.2,10,14.4,10,12.4,10,1709,10
2008-04-01T18:00+00:00,5904,4,0,271,10,261,10,4.6,10,7.6,10,993.0,10,,,65,10,0.0,10,0,10,82.0,0.0,0.0,10,11.0,7.4,0,10,10.8,7.9,0,10,8.2,10,13.6,10,10.2,10,1810,10
2008-04-01T19:00+00:00,5904,0,0,277,10,281,10,4.7,10,8.4,10,993.4,10,,,68,10,0.0,10,0,10,82.0,0.0,0.0,10,10.8,7.4,0,10,10.7,7.9,0,10,8.2,10,13.2,10,10.5,10,1915,10
2008-04-01T20:00+00:00,5904,0,0,280,10,295,10,5.9,10,11.3,10,993.4,10,,,71,10,0.0,10,0,10,83.0,0.0,0.0,10,10.6,7.4,0,10,10.6,7.9,0,10,8.3,10,12.3,10,9.9,10,2030,10
2008-04-01T21:00+00:00,5904,0,0,279,10,287,10,5.9,10,11.3,10,993.4,10,,,73,10,0.0,10,0,10,83.0,0.0,0.0,10,10.5,7.4,0,10,10.5,7.9,0,10,8.3,10,12.1,10,9.8,10,2130,10
2008-04-01T22:00+00:00,5904,0,0,276,10,276,10,5.5,10,9.3,10,993.0,10,,,75,10,0.0,10,0,10,83.0,0.0,0.0,10,10.3,7.4,0,10,10.4,7.9,0,10,8.3,10,11.5,10,9.1,10,2232,10
2008-04-01T23:00+00:00,5904,0,0,276,10,279,10,5.7,10,9.8,10,993.0,10,,,76,10,0.0,10,5,10,84.0,0.0,0.0,10,10.2,7.4,0,10,10.3,7.9,0,10,8.4,10,11.5,10,9.0,10,2312,10
2008-04-02T00:00+00:00,5904,0,0,274,10,276,10,5.3,10,9.9,10,992.5,10,,,76,10,0.0,10,39,10,84.0,0.0,0.0,10,10.1,7.4,0,10,10.2,7.9,0,10,8.4,10,11.4,10,9.4,10,3,10
2008-04-02T01:00+00:00,5904,0,0,275,10,283,10,4.8,10,8.4,10,992.2,10,,,76,10,0.0,10,34,10,84.0,0.0,0.0,10,10.0,7.4,0,10,10.1,7.9,0,10,8.4,10,11.3,10,8.7,10,137,10
2008-04-02T02:00+00:00,5904,0,0,272,10,282,10,5.0,10,9.5,10,991.4,10,,,75,10,0.0,10,6,10,85.0,0.0,0.0,10,9.9,7.4,0,10,10.0,7.9,0,10,8.5,10,11.2,10,8.8,10,256,10
2008-04-02T03:00+00:00,5904,0,0,267,10,269,10,5.2,10,10.8,10,990.8,10,,,73,10,0.0,10,0,10,85.0,0.0,0.0,10,9.9,7.4,0,10,9.9,7.9,0,10,8.5,10,11.2,10,8.8,10,357,10
2008-04-02T04:00+00:00,5904,0,0,270,10,272,10,5.6,10,11.8,10,990.6,10,,,73,10,0.0,10,0,10,85.0,0.0,0.0,10,9.8,7.4,0,10,9.9,7.9,0,10,8.5,10,10.8,10,8.5,10,410,10
2008-04-02T05:00+00:00,5904,0,0,271,10,264,10,4.5,10,8.6,10,991.1,10,,,88,10,0.5,10,43,10,85.0,0.0,0.0,10,9.7,7.5,0,10,9.8,7.9,0,10,8.5,10,9.4,10,8.2,10,514,10
2008-04-02T06:00+00:00,5904,23,0,272,10,277,10,4.5,10,8.3,10,990.6,10,,,87,10,0.1,10,49,10,86.0,0.0,0.0,10,9.6,7.5,0,10,9.7,7.9,0,10,8.6,10,9.5,10,8.0,10,658,10
2008-04-02T07:00+00:00,5904,129,0,270,10,262,10,4.8,10,8.8,10,990.6,10,,,78,10,0.0,10,17,10,86.0,0.0,0.3,10,9.6,7.5,0,10,9.7,7.9,0,10,8.6,10,10.6,10,8.6,10,703,10
2008-04-02T08:00+00:00,5904,361,0,293,10,282,10,5.2,10,12.8,10,990.3,10,,,63,10,0.0,10,0,10,86.0,0.0,0.8,10,9.7,7.5,0,10,9.8,7.9,0,10,8.6,10,12.2,10,9.4,10,852,10
2008-04-02T09:00+00:00,5904,341,0,298,10,304,10,5.5,10,10.9,10,990.7,10,,,73,10,1.5,10,9,10,86.0,0.0,0.5,10,10.0,7.5,0,10,9.9,7.9,0,10,8.6,10,10.0,10,5.0,10,923,10
2008-04-02T10:00+00:00,5904,240,0,287,10,293,10,5.9,10,13.9,10,990.9,10,,,85,10,2.7,10,29,10,86.0,0.0,0.2,10,9.9,7.5,0,10,9.9,7.9,0,10,8.6,10,9.0,10,4.4,10,1045,10
2008-04-02T11:00+00:00,5904,603,0,265,10,257,10,6.8,10,12.2,10,990.2,10,,,71,10,0.0,10,0,10,86.0,0.0,0.8,10,10.1,7.5,0,10,10.1,7.9,0,10,8.6,10,11.7,10,9.1,10,1119,10
2008-04-02T12:00+00:00,5904,294,0,276,10,281,10,7.9,10,15.7,10,990.5,10,,,80,10,0.0,10,18,10,86.0,0.0,0.2,10,10.4,7.5,0,10,10.2,7.9,0,10,8.6,10,8.9,10,9.2,10,1213,10
2008-04-02T13:00+00:00,5904,275,0,280,10,291,10,4.8,10,11.2,10,990.6,10,,,75,10,0.0,10,9,10,86.0,0.0,0.1,10,10.5,7.5,0,10,10.3,7.9,0,10,8.6,10,10.6,10,9.1,10,1325,10
2008-04-02T14:00+00:00,5904,72,0,301,10,286,10,4.6,10,11.9,10,991.5,10,,,84,10,0.7,10,34,10,87.0,0.0,0.0,10,10.5,7.5,0,10,10.3,7.9,0,10,8.7,10,7.6,10,6.5,10,1405,10
2008-04-02T15:00+00:00,5904,206,0,322,10,324,10,3.8,10,9.4,10,990.1,10,,,87,10,1.9,10,42,10,87.0,0.0,0.2,10,10.4,7.6,0,10,10.3,7.9,0,10,8.7,10,9.2,10,6.5,10,1507,10
2008-04-02T16:00+00:00,5904,277,0,281,10,300,10,4.6,10,10.2,10,990.2,10,,,83,10,0.0,10,0,10,87.0,0.0,0.9,10,10.4,7.6,0,10,10.3,7.9,0,10,8.7,10,9.0,10,7.0,10,1619,10
2008-04-02T17:00+00:00,5904,50,0,274,10,294,10,5.0,10,8.8,10,990.8,10,,,88,10,0.9,10,26,10,87.0,0.0,0.0,10,10.3,7.6,0,10,10.2,7.9,0,10,8.7,10,8.0,10,7.0,10,1753,10
2008-04-02T18:00+00:00,5904,10,0,275,10,273,10,3.7,10,7.2,10,991.1,10,,,90,10,0.0,10,0,10,87.0,0.0,0.0,10,10.1,7.6,0,10,10.1,7.9,0,10,8.7,10,7.1,10,3.5,10,1848,10
2008-04-02T19:00+00:00,5904,0,0,273,10,288,10,6.0,10,12.4,10,991.6,10,,,85,10,0.0,10,0,10,87.0,0.0,0.0,10,9.9,7.6,0,10,10.0,7.9,0,10,8.7,10,7.3,10,4.4,10,1948,10
2008-04-02T20:00+00:00,5904,0,0,277,10,289,10,5.2,10,10.5,10,991.8,10,,,86,10,0.0,10,3,10,87.0,0.0,0.0,10,9.7,7.6,0,10,9.9,7.9,0,10,8.7,10,6.8,10,4.9,10,2022,10
2008-04-02T21:00+00:00,5904,0,0,281,10,274,10,5.3,10,10.1,10,991.8,10,,,90,10,0.1,10,21,10,88.0,0.0,0.0,10,9.6,7.6,0,10,9.8,7.9,0,10,8.8,10,6.4,10,4.8,10,2101,10
2008-04-02T22:00+00:00,5904,0,0,276,10,282,10,5.5,10,9.8,10,991.4,10,,,88,10,0.0,10,0,10,88.0,0.0,0.0,10,9.5,7.6,0,10,9.6,7.9,0,10,8.8,10,6.3,10,4.4,10,2258,10
2008-04-02T23:00+00:00,5904,0,0,280,10,276,10,6.6,10,12.3,10,991.2,10,,,86,10,0.0,10,0,10,88.0,0.0,0.0,10,9.3,7.6,0,10,9.5,7.9,0,10,8.8,10,6.1,10,3.7,10,2318,10
2008-04-03T00:00+00:00,5904,0,0,281,10,283,10,5.9,10,11.0,10,991.2,10,,,86,10,0.0,10,0,10,88.0,0.0,0.0,10,9.2,7.6,0,10,9.4,8.0,0,10,8.8,10,6.0,10,3.1,10,36,10
2008-04-03T01:00+00:00,5904,0,0,276,10,275,10,5.1,10,9.3,10,991.0,10,,,87,10,0.0,10,0,10,88.0,0.0,0.0,10,9.0,7.7,0,10,9.3,8.0,0,10,8.8,10,5.8,10,3.0,10,107,10
2008-04-03T02:00+00:00,5904,0,0,279,10,290,10,4.5,10,8.5,10,990.6,10,,,87,10,0.0,10,0,10,88.0,0.0,0.0,10,8.9,7.7,0,10,9.2,8.0,0,10,8.8,10,5.8,10,3.4,10,226,10
2008-04-03T03:00+00:00,5904,0,0,281,10,289,10,4.3,10,9.8,10,990.6,10,,,88,10,0.0,10,0,10,88.0,0.0,0.0,10,8.8,7.7,0,10,9.1,7.9,0,10,8.8,10,5.8,10,2.9,10,305,10
2008-04-03T04:00+00:00,5904,0,0,286,10,291,10,3.9,10,8.2,10,990.5,10,,,88,10,0.0,10,2,10,88.0,0.0,0.0,10,8.7,7.7,0,10,9.0,8.0,0,10,8.8,10,5.9,10,3.9,10,434,10
2008-04-03T05:00+00:00,5904,3,0,295,10,307,10,4.4,10,9.7,10,990.4,10,,,84,10,0.0,10,0,10,88.0,0.0,0.0,10,8.6,7.7,0,10,8.9,8.0,0,10,8.8,10,6.1,10,3.5,10,559,10
2008-04-03T06:00+00:00,5904,56,0,277,10,282,10,1.1,10,8.4,10,991.0,10,,,84,10,0.0,10,0,10,88.0,0.0,0.1,10,8.5,7.7,0,10,8.8,8.0,0,10,8.8,10,6.8,10,3.8,10,602,10
2008-04-03T07:00+00:00,5904,269,0,308,10,342,10,3.3,10,7.6,10,991.2,10,,,73,10,0.0,10,0,10,88.0,0.0,0.8,10,8.6,7.7,0,10,8.8,8.0,0,10,8.8,10,9.6,10,6.8,10,740,10
2008-04-03T08:00+00:00,5904,318,0,313,10,324,10,4.2,10,9.4,10,991.6,10,,,74,10,0.0,10,0,10,88.0,0.0,0.5,10,8.7,7.7,0,10,8.9,7.9,0,10,8.8,10,8.6,10,10.0,10,806,10
2008-04-03T09:00+00:00,5904,349,0,306,10,300,10,4.5,10,8.7,10,992.0,10,,,71,10,0.0,10,0,10,88.0,0.0,0.3,10,9.0,7.7,0,10,9.0,8.0,0,10,8.8,10,9.0,10,10.4,10,912,10
2008-04-03T10:00+00:00,5904,216,0,314,10,307,10,3.6,10,8.6,10,992.3,10,,,70,10,0.0,10,0,10,88.0,0.0,0.0,10,9.2,7.7,0,10,9.2,8.0,0,10,8.8,10,9.2,10,10.2,10,1018,10
2008-04-03T11:00+00:00,5904,161,0,334,10,328,10,3.7,10,8.3,10,992.6,10,,,70,10,0.0,10,3,10,88.0,0.0,0.0,10,9.3,7.8,0,10,9.3,8.0,0,10,8.8,10,9.2,10,8.8,10,1117,10
2008-04-03T12:00+00:00,5904,182,0,285,10,283,10,4.0,10,8.2,10,992.7,10,,,76,10,0.0,10,11,10,88.0,0.0,0.0,10,9.4,7.8,0,10,9.3,8.0,0,10,8.8,10,8.8,10,9.6,10,1215,10
2008-04-03T13:00+00:00,5904,271,0,273,10,278,10,3.9,10,11.2,10,992.7,10,,,69,10,0.0,10,3,10,88.0,0.0,0.0,10,9.5,7.8,0,10,9.5,8.0,0,10,8.8,10,9.3,10,9.3,10,1310,10
2008-04-03T14:00+00:00,5904,377,0,275,10,277,10,3.2,10,6.9,10,992.4,10,,,60,10,0.0,10,0,10,88.0,0.0,0.3,10,9.8,7.8,0,10,9.6,8.0,0,10,8.8,10,11.7,10,12.6,10,1428,10
2008-04-03T15:00+00:00,5904,267,0,331,10,5,10,3.3,10,12.6,10,993.0,10,,,83,10,0.7,10,22,10,88.0,0.0,0.4,10,9.9,7.8,0,10,9.7,8.0,0,10,8.8,10,7.4,10,6.6,10,1546,10
2008-04-03T16:00+00:00,5904,72,0,297,10,290,10,4.6,10,9.5,10,993.0,10,,,89,10,1.8,10,52,10,88.0,0.0,0.0,10,9.8,7.8,0,10,9.7,8.0,0,10,8.8,10,7.3,10,6.3,10,1633,10
2008-04-03T17:00+00:00,5904,88,0,278,10,275,10,5.1,10,9.6,10,993.4,10,,,84,10,0.0,10,0,10,88.0,0.0,0.8,10,9.7,7.8,0,10,9.7,8.0,0,10,8.8,10,7.5,10,5.5,10,1737,10
2008-04-03T18:00+00:00,5904,11,0,274,10,268,10,4.4,10,8.6,10,994.1,10,,,85,10,0.0,10,0,10,88.0,0.0,0.1,10,9.6,7.8,0,10,9.6,8.0,0,10,8.8,10,6.6,10,3.9,10,1825,10
2008-04-03T19:00+00:00,5904,0,0,282,10,287,10,5.6,10,12.0,10,994.9,10,,,83,10,0.0,10,0,10,88.0,0.0,0.0,10,9.4,7.8,0,10,9.5,8.0,0,10,8.8,10,6.7,10,4.0,10,1947,10
2008-04-03T20:00+00:00,5904,0,0,286,10,297,10,6.2,10,11.6,10,995.6,10,,,83,10,0.0,10,0,10,88.0,0.0,0.0,10,9.3,7.8,0,10,9.4,8.0,0,10,8.8,10,6.6,10,4.1,10,2013,10
2008-04-03T21:00+00:00,5904,0,0,288,10,294,10,5.7,10,10.9,10,996.0,10,,,83,10,0.0,10,0,10,88.0,0.0,0.0,10,9.1,7.8,0,10,9.3,8.0,0,10,8.8,10,6.4,10,3.7,10,2113,10
2008-04-03T22:00+00:00,5904,0,0,287,10,290,10,5.6,10,11.7,10,996.7,10,,,82,10,0.0,10,0,10,88.0,0.0,0.0,10,9.0,7.9,0,10,9.2,8.0,0,10,8.8,10,6.4,10,3.5,10,2241,10
2008-04-03T23:00+00:00,5904,0,0,295,10,299,10,4.5,10,9.6,10,997.0,10,,,82,10,0.0,10,0,10,88.0,0.0,0.0,10,8.8,7.9,0,10,9.1,8.0,0,10,8.8,10,6.5,10,3.8,10,2316,10
2008-04-04T00:00+00:00,5904,0,0,301,10,279,10,4.5,10,10.5,10,997.2,10,,,81,10,0.0,10,0,10,88.0,0.0,0.0,10,8.7,7.9,0,10,9.0,8.0,0,10,8.8,10,6.8,10,4.9,10,28,10
2008-04-04T01:00+00:00,5904,0,0,300,10,296,10,5.1,10,9.4,10,997.2,10,,,83,10,0.0,10,14,10,88.0,0.0,0.0,10,8.7,7.9,0,10,8.9,8.0,0,10,8.8,10,6.5,10,5.2,10,117,10
2008-04-04T02:00+00:00,5904,0,0,305,10,299,10,4.6,10,9.8,10,997.3,10,,,82,10,0.0,10,0,10,88.0,0.0,0.0,10,8.6,7.9,0,10,8.8,8.0,0,10,8.8,10,6.5,10,5.2,10,253,10
2008-04-04T03:00+00:00,5904,0,0,302,10,293,10,5.3,10,9.4,10,997.4,10,,,82,10,0.0,10,0,10,88.0,0.0,0.0,10,8.5,7.9,0,10,8.8,8.0,0,10,8.8,10,6.2,10,4.1,10,301,10
2008-04-04T04:00+00:00,5904,0,0,302,10,298,10,5.7,10,10.2,10,997.5,10,,,83,10,0.0,10,0,10,88.0,0.0,0.0,10,8.5,7.9,0,10,8.7,8.0,0,10,8.8,10,5.9,10,3.4,10,452,10
2008-04-04T05:00+00:00,5904,7,0,301,10,305,10,5.3,10,10.1,10,997.8,10,,,83,10,0.0,10,0,10,88.0,0.0,0.0,10,8.3,7.9,0,10,8.6,8.0,0,10,8.8,10,5.9,10,3.4,10,517,10
2008-04-04T06:00+00:00,5904,40,0,301,10,307,10,4.0,10,7.6,10,998.4,10,,,82,10,0.0,10,0,10,88.0,0.0,0.0,10,8.3,7.9,0,10,8.6,8.0,0,10,8.8,10,6.4,10,3.8,10,625,10
2008-04-04T07:00+00:00,5904,89,0,310,10,320,10,3.3,10,7.7,10,998.6,10,,,80,10,0.0,10,0,10,88.0,0.0,0.0,10,8.3,7.9,0,10,8.5,8.0,0,10,8.8,10,7.2,10,5.9,10,754,10
2008-04-04T08:00+00:00,5904,160,0,305,10,339,10,3.8,10,8.3,10,998.9,10,,,78,10,0.0,10,0,10,88.0,0.0,0.0,10,8.4,7.9,0,10,8.6,8.0,0,10,8.8,10,8.1,10,7.5,10,855,10
2008-04-04T09:00+00:00,5904,207,0,316,10,297,10,4.2,10,8.9,10,999.1,10,,,77,10,0.0,10,0,10,88.0,0.0,0.0,10,8.5,7.9,0,10,8.6,8.0,0,10,8.8,10,8.7,10,9.2,10,911,10
2008-04-04T10:00+00:00,5904,383,0,326,10,321,10,5.3,10,13.0,10,998.7,10,,,69,10,0.0,10,0,10,88.0,0.0,0.2,10,8.8,7.9,0,10,8.8,8.0,0,10,8.8,10,10.2,10,9.8,10,1058,10
2008-04-04T11:00+00:00,5904,272,0,321,10,324,10,5.9,10,12.1,10,998.2,10,,,65,10,0.0,10,0,10,88.0,0.0,0.0,10,9.0,8.0,0,10,8.9,8.0,0,10,8.8,10,10.1,10,11.2,10,1120,10
2008-04-04T12:00+00:00,5904,210,0,324,10,334,10,4.9,10,11.8,10,997.8,10,,,65,10,0.0,10,0,10,88.0,0.0,0.0,10,9.2,8.0,0,10,9.1,8.0,0,10,8.8,10,10.1,10,11.1,10,1252,10
2008-04-04T13:00+00:00,5904,256,0,316,10,309,10,5.2,10,10.9,10,997.2,10,,,64,10,0.0,10,3,10,87.0,0.0,0.0,10,9.3,8.0,0,10,9.2,8.0,0,10,8.7,10,10.7,10,11.3,10,1309,10
2008-04-04T14:00+00:00,5904,465,0,321,10,338,10,6.0,10,11.2,10,996.6,10,,,60,10,0.0,10,0,10,87.0,0.0,0.6,10,9.5,8.0,0,10,9.4,8.0,0,10,8.7,10,11.1,10,13.0,10,1422,10
2008-04-04T15:00+00:00,5904,325,0,318,10,320,10,5.1,10,10.2,10,996.2,10,,,58,10,0.0,10,0,10,87.0,0.0,0.6,10,9.7,8.0,0,10,9.5,8.0,0,10,8.7,10,11.6,10,11.4,10,1506,10
2008-04-04T16:00+00:00,5904,151,0,318,10,327,10,4.5,10,10.7,10,995.8,10,,,60,10,0.0,10,0,10,87.0,0.0,0.3,10,9.7,8.0,0,10,9.5,8.0,0,10,8.7,10,10.9,10,9.9,10,1619,10
2008-04-04T17:00+00:00,5904,80,0,306,10,301,10,4.0,10,8.0,10,995.8,10,,,62,10,0.0,10,0,10,87.0,0.0,0.5,10,9.6,8.0,0,10,9.5,8.0,0,10,8.7,10,10.2,10,8.4,10,1728,10
2008-04-04T18:00+00:00,5904,1,0,318,10,345,10,4.0,10,9.3,10,996.0,10,,,65,10,0.0,10,11,10,87.0,0.0,0.0,10,9.5,8.0,0,10,9.5,8.0,0,10,8.7,10,9.7,10,8.0,10,1850,10
2008-04-04T19:00+00:00,5904,0,0,316,10,327,10,4.5,10,9.4,10,996.0,10,,,66,10,0.0,10,0,10,87.0,0.0,0.0,10,9.4,8.0,0,10,9.4,8.0,0,10,8.7,10,9.2,10,7.7,10,1910,10
2008-04-04T20:00+00:00,5904,0,0,310,10,304,10,4.7,10,9.0,10,995.9,10,,,68,10,0.0,10,3,10,87.0,0.0,0.0,10,9.3,8.0,0,10,9.4,8.0,0,10,8.7,10,8.8,10,7.4,10,2028,10
2008-04-04T21:00+00:00,5904,0,0,304,10,315,10,4.2,10,8.8,10,995.8,10,,,70,10,0.0,10,0,10,87.0,0.0,0.0,10,9.2,8.0,0,10,9.3,8.0,0,10,8.7,10,8.7,10,7.0,10,2113,10
2008-04-04T22:00+00:00,5904,0,0,300,10,297,10,3.8,10,7.2,10,995.4,10,,,72,10,0.0,10,0,10,87.0,0.0,0.0,10,9.1,8.0,0,10,9.2,8.0,0,10,8.7,10,8.1,10,6.5,10,2217,10
2008-04-04T23:00+00:00,5904,0,0,300,10,309,10,4.0,10,7.3,10,994.9,10,,,74,10,0.0,10,0,10,87.0,0.0,0.0,10,9.0,8.0,0,10,9.2,8.0,0,10,8.7,10,7.5,10,5.4,10,2358,10
2008-04-05T00:00+00:00,5904,0,0,290,10,292,10,4.6,10,8.4,10,994.4,10,,,76,10,0.0,10,0,10,87.0,0.0,0.0,10,8.9,8.0,0,10,9.1,8.0,0,10,8.7,10,7.0,10,4.4,10,12,10
2008-04-05T01:00+00:00,5904,0,0,303,10,293,10,4.5,10,7.5,10,993.8,10,,,79,10,0.0,10,0,10,87.0,0.0,0.0,10,8.8,8.0,0,10,9.0,8.0,0,10,8.7,10,6.3,10,3.4,10,112,10
2008-04-05T02:00+00:00,5904,0,0,304,10,296,10,4.4,10,7.9,10,993.2,10,,,79,10,0.0,10,0,10,88.0,0.0,0.0,10,8.7,8.0,0,10,8.9,8.0,0,10,8.8,10,6.2,10,3.4,10,258,10
2008-04-05T03:00+00:00,5904,0,0,297,10,303,10,4.7,10,8.1,10,992.7,10,,,82,10,0.0,10,0,10,88.0,0.0,0.0,10,8.5,8.0,0,10,8.8,8.0,0,10,8.8,10,5.5,10,2.5,10,308,10
2008-04-05T04:00+00:00,5904,0,0,295,10,295,10,4.3,10,7.1,10,992.4,10,,,84,10,0.0,10,0,10,88.0,0.0,0.0,10,8.4,8.0,0,10,8.7,8.0,0,10,8.8,10,5.6,10,2.0,10,431,10
2008-04-05T05:00+00:00,5904,3,0,293,10,295,10,4.1,10,6.9,10,992.0,10,,,83,10,0.0,10,0,10,88.0,0.0,0.0,10,8.3,8.0,0,10,8.6,8.0,0,10,8.8,10,5.8,10,4.0,10,546,10
2008-04-05T06:00+00:00,5904,50,0,297,10,299,10,3.7,10,6.5,10,991.6,10,,,81,10,0.0,10,0,10,88.0,0.0,0.0,10,8.3,8.0,0,10,8.5,8.0,0,10,8.8,10,6.5,10,5.2,10,641,10
2008-04-05T07:00+00:00,5904,129,0,298,10,302,10,4.1,10,7.5,10,991.3,10,,,79,10,0.0,10,0,10,88.0,0.0,0.0,10,8.3,8.0,0,10,8.5,8.0,0,10,8.8,10,7.0,10,7.0,10,759,10
2008-04-05T08:00+00:00,5904,324,0,305,10,291,10,4.6,10,9.2,10,990.9,10,,,72,10,0.0,10,0,10,88.0,0.0,0.8,10,8.5,8.1,0,10,8.6,8.0,0,10,8.8,10,8.6,10,7.7,10,817,10
2008-04-05T09:00+00:00,5904,505,0,303,10,308,10,4.2,10,8.7,10,990.1,10,,,66,10,0.0,10,0,10,88.0,0.0,0.7,10,8.7,8.1,0,10,8.8,8.0,0,10,8.8,10,10.0,10,11.7,10,913,10
2008-04-05T10:00+00:00,5904,557,0,320,10,310,10,3.0,10,8.2,10,989.0,10,,,63,10,0.0,10,0,10,87.0,0.0,0.8,10,9.2,8.1,0,10,9.1,8.1,0,10,8.7,10,10.0,10,15.1,10,1040,10
2008-04-05T11:00+00:00,5904,570,0,308,10,339,10,3.1,10,9.2,10,988.0,10,,,55,10,0.0,10,0,10,88.0,0.0,0.7,10,9.6,8.1,0,10,9.5,8.1,0,10,8.8,10,11.6,10,13.9,10,1124,10
2008-04-05T12:00+00:00,5904,664,0,297,10,280,10,3.5,10,8.6,10,986.8,10,,,52,10,0.0,10,0,10,87.0,0.0,0.8,10,10.2,8.1,0,10,9.9,8.1,0,10,8.7,10,12.6,10,17.9,10,1225,10
2008-04-05T13:00+00:00,5904,507,0,293,10,286,10,3.4,10,8.6,10,985.8,10,,,51,10,0.0,10,0,10,87.0,0.0,0.5,10,10.7,8.1,0,10,10.2,8.1,0,10,8.7,10,12.0,10,15.1,10,1349,10
2008-04-05T14:00+00:00,5904,356,0,309,10,302,10,3.5,10,8.9,10,984.9,10,,,49,10,0.0,10,0,10,87.0,0.0,0.5,10,10.9,8.1,0,10,10.4,8.0,0,10,8.7,10,12.2,10,12.5,10,1435,10
2008-04-05T15:00+00:00,5904,323,0,293,10,265,10,3.1,10,7.3,10,984.0,10,,,48,10,0.0,10,0,10,87.0,0.0,0.6,10,10.9,8.1,0,10,10.5,8.1,0,10,8.7,10,12.8,10,11.0,10,1543,10
2008-04-05T16:00+00:00,5904,316,0,301,10,300,10,2.8,10,7.6,10,983.4,10,,,47,10,0.0,10,0,10,87.0,0.0,0.9,10,10.8,8.1,0,10,10.5,8.1,0,10,8.7,10,12.5,10,12.5,10,1632,10
2008-04-05T17:00+00:00,5904,97,0,281,10,265,10,4.0,10,8.7,10,983.1,10,,,48,10,0.0,10,0,10,87.0,0.0,0.8,10,10.7,8.1,0,10,10.5,8.1,0,10,8.7,10,11.0,10,7.3,10,1702,10
2008-04-05T18:00+00:00,5904,8,0,286,10,297,10,3.0,10,5.9,10,982.9,10,,,52,10,0.0,10,0,10,87.0,0.0,0.0,10,10.4,8.1,0,10,10.3,8.1,0,10,8.7,10,9.4,10,3.5,10,1803,10
2008-04-05T19:00+00:00,5904,0,0,277,10,288,10,3.5,10,4.9,10,982.6,10,,,59,10,0.0,10,0,10,88.0,0.0,0.0,10,10.1,8.1,0,10,10.2,8.1,0,10,8.8,10,7.8,10,2.0,10,1924,10
2008-04-05T20:00+00:00,5904,0,0,273,10,270,10,3.6,10,4.9,10,982.0,10,,,64,10,0.0,10,0,10,88.0,0.0,0.0,10,9.8,8.1,0,10,10.0,8.1,0,10,8.8,10,7.2,10,1.0,10,2056,10
2008-04-05T21:00+00:00,5904,0,0,276,10,273,10,3.7,10,5.0,10,981.3,10,,,65,10,0.0,10,0,10,88.0,0.0,0.0,10,9.6,8.1,0,10,9.8,8.1,0,10,8.8,10,6.9,10,0.8,10,2104,10
2008-04-05T22:00+00:00,5904,0,0,276,10,279,10,3.7,10,5.0,10,980.8,10,,,66,10,0.0,10,0,10,88.0,0.0,0.0,10,9.3,8.1,0,10,9.6,8.1,0,10,8.8,10,6.5,10,0.2,10,2234,10
2008-04-05T23:00+00:00,5904,0,0,269,10,273,10,1.7,10,4.2,10,980.4,10,,,73,10,0.0,10,0,10,88.0,0.0,0.0,10,9.1,8.1,0,10,9.4,8.1,0,10,8.8,10,5.1,10,-0.5,10,2302,10
2008-04-06T00:00+00:00,5904,0,0,248,10,249,10,1.7,10,3.1,10,979.7,10,,,77,10,0.0,10,0,10,89.0,0.0,0.0,10,8.9,8.1,0,10,9.3,8.1,0,10,8.9,10,4.5,10,0.0,10,58,10
2008-04-06T01:00+00:00,5904,0,0,281,10,250,10,0.3,10,3.3,10,979.0,10,,,81,10,0.0,10,0,10,89.0,0.0,0.0,10,8.7,8.1,0,10,9.1,8.1,0,10,8.9,10,3.2,10,-1.4,10,103,10
2008-04-06T02:00+00:00,5904,0,0,148,10,140,10,0.4,10,2.7,10,978.1,10,,,85,10,0.0,10,0,10,89.0,0.0,0.0,10,8.5,8.1,0,10,8.9,8.1,0,10,8.9,10,3.2,10,-1.4,10,300,10
2008-04-06T03:00+00:00,5904,0,0,287,10,289,10,1.3,10,2.1,10,977.3,10,,,87,10,0.0,10,0,10,89.0,0.0,0.0,10,8.3,8.1,0,10,8.8,8.1,0,10,8.9,10,2.0,10,-1.5,10,329,10
2008-04-06T04:00+00:00,5904,0,0,47,10,136,10,0.2,10,1.9,10,976.9,10,,,88,10,0.0,10,0,10,89.0,0.0,0.0,10,8.1,8.1,0,10,8.6,8.1,0,10,8.9,10,1.6,10,-2.3,10,500,10
2008-04-06T05:00+00:00,5904,8,0,31,10,26,10,1.2,10,2.4,10,976.5,10,,,92,10,0.0,10,0,10,89.0,0.0,0.0,10,8.0,8.1,0,10,8.5,8.1,0,10,8.9,10,1.8,10,-2.6,10,554,10
2008-04-06T06:00+00:00,5904,111,0,38,10,36,10,0.4,10,2.1,10,976.3,10,,,86,10,0.0,10,0,10,89.0,0.0,1.0,10,7.9,8.1,0,10,8.3,8.1,0,10,8.9,10,3.1,10,-1.5,10,700,10
2008-04-06T07:00+00:00,5904,281,0,138,10,119,10,0.4,10,2.1,10,976.1,10,,,71,10,0.0,10,0,10,89.0,0.0,1.0,10,7.9,8.1,0,10,8.3,8.1,0,10,8.9,10,7.1,10,2.0,10,748,10
2008-04-06T08:00+00:00,5904,452,0,88,10,99,10,1.5,10,2.9,10,976.0,10,,,61,10,0.0,10,0,10,89.0,0.0,1.0,10,8.1,8.1,0,10,8.4,8.1,0,10,8.9,10,9.1,10,9.9,10,837,10
2008-04-06T09:00+00:00,5904,571,0,97,10,116,10,1.8,10,4.9,10,975.8,10,,,54,10,0.0,10,0,10,89.0,0.0,1.0,10,8.5,8.1,0,10,8.6,8.1,0,10,8.9,10,11.4,10,18.3,10,948,10
2008-04-06T10:00+00:00,5904,682,0,107,10,111,10,1.6,10,4.4,10,975.6,10,,,51,10,0.0,10,0,10,89.0,0.0,1.0,10,9.1,8.1,0,10,9.0,8.1,0,10,8.9,10,12.9,10,22.5,10,1011,10
2008-04-06T11:00+00:00,5904,627,0,1,10,343,10,1.9,10,6.1,10,975.4,10,,,48,10,0.0,10,0,10,89.0,0.0,1.0,10,9.8,8.2,0,10,9.5,8.1,0,10,8.9,10,13.5,10,21.2,10,1136,10
2008-04-06T12:00+00:00,5904,748,0,320,10,20,10,2.4,10,6.1,10,975.2,10,,,44,10,0.0,10,0,10,89.0,0.0,1.0,10,10.4,8.2,0,10,10.0,8.1,0,10,8.9,10,14.6,10,20.8,10,1248,10
2008-04-06T13:00+00:00,5904,398,0,315,10,328,10,3.0,10,7.2,10,975.0,10,,,45,10,0.0,10,0,10,89.0,0.0,0.3,10,10.9,8.2,0,10,10.4,8.1,0,10,8.9,10,13.4,10,16.1,10,1359,10
2008-04-06T14:00+00:00,5904,153,0,326,10,320,10,2.8,10,7.2,10,975.2,10,,,48,10,0.0,10,16,10,89.0,0.0,0.0,10,10.9,8.2,0,10,10.5,8.1,0,10,8.9,10,12.6,10,12.1,10,1442,10
2008-04-06T15:00+00:00,5904,156,0,314,10,306,10,1.6,10,7.5,10,975.2,10,,,53,10,0.0,10,29,10,89.0,0.0,0.0,10,10.9,8.2,0,10,10.6,8.1,0,10,8.9,10,12.8,10,11.2,10,1528,10
2008-04-06T16:00+00:00,5904,190,0,47,10,17,10,1.9,10,4.6,10,975.2,10,,,51,10,0.0,10,4,10,88.0,0.0,0.4,10,10.9,8.2,0,10,10.6,8.1,0,10,8.8,10,12.5,10,12.4,10,1621,10
2008-04-06T17:00+00:00,5904,46,0,123,10,104,10,1.5,10,4.2,10,975.3,10,,,54,10,0.0,10,4,10,89.0,0.0,0.0,10,10.8,8.2,0,10,10.6,8.1,0,10,8.9,10,11.9,10,10.1,10,1707,10
2008-04-06T18:00+00:00,5904,3,0,288,10,296,10,2.5,10,8.8,10,975.9,10,,,66,10,0.0,10,0,10,89.0,0.0,0.0,10,10.6,8.2,0,10,10.5,8.1,0,10,8.9,10,9.7,10,8.6,10,1859,10
2008-04-06T19:00+00:00,5904,0,0,288,10,279,10,5.0,10,9.5,10,976.5,10,,,80,10,0.0,10,19,10,89.0,0.0,0.0,10,10.4,8.2,0,10,10.4,8.1,0,10,8.9,10,7.9,10,6.7,10,1957,10
2008-04-06T20:00+00:00,5904,0,0,282,10,295,10,5.7,10,11.2,10,976.6,10,,,85,10,0.0,10,12,10,89.0,0.0,0.0,10,10.3,8.2,0,10,10.3,8.1,0,10,8.9,10,7.2,10,5.8,10,2034,10
2008-04-06T21:00+00:00,5904,0,0,281,10,272,10,5.2,10,10.7,10,976.6,10,,,84,10,0.0,10,16,10,89.0,0.0,0.0,10,10.1,8.2,0,10,10.2,8.1,0,10,8.9,10,6.7,10,5.5,10,2140,10
2008-04-06T22:00+00:00,5904,0,0,284,10,290,10,3.0,10,7.6,10,976.2,10,,,83,10,0.0,10,4,10,89.0,0.0,0.0,10,9.9,8.2,0,10,10.1,8.1,0,10,8.9,10,5.9,10,3.9,10,2300,10
2008-04-06T23:00+00:00,5904,0,0,246,10,326,10,0.5,10,5.7,10,975.8,10,,,89,10,0.0,10,0,10,89.0,0.0,0.0,10,9.7,8.2,0,10,9.9,8.1,0,10,8.9,10,4.4,10,1.1,10,2317,10
2008-04-07T00:00+00:00,5904,0,0,201,10,273,10,0.7,10,4.1,10,975.5,10,,,85,10,0.0,10,0,10,90.0,0.0,0.0,10,9.5,8.2,0,10,9.8,8.1,0,10,9.0,10,5.7,10,1.2,10,12,10
2008-04-07T01:00+00:00,5904,0,0,224,10,239,10,0.8,10,2.0,10,974.7,10,,,87,10,0.0,10,0,10,90.0,0.0,0.0,10,9.4,8.2,0,10,9.6,8.1,0,10,9.0,10,4.3,10,0.1,10,111,10
2008-04-07T02:00+00:00,5904,0,0,278,10,274,10,0.9,10,2.0,10,974.0,10,,,92,10,0.0,10,0,10,90.0,0.0,0.0,10,9.2,8.2,0,10,9.5,8.1,0,10,9.0,10,3.5,10,-0.1,10,239,10
2008-04-07T03:00+00:00,5904,0,0,261,10,236,10,1.7,10,3.1,10,973.0,10,,,93,10,0.0,10,0,10,90.0,0.0,0.0,10,9.0,8.2,0,10,9.3,8.1,0,10,9.0,10,3.2,10,-0.2,10,316,10
2008-04-07T04:00+00:00,5904,0,0,287,10,264,10,0.7,10,1.6,10,972.3,10,,,94,10,0.0,10,0,10,90.0,0.0,0.0,10,8.8,8.2,0,10,9.2,8.1,0,10,9.0,10,3.4,10,-0.6,10,401,10
2008-04-07T05:00+00:00,5904,2,0,175,10,270,10,0.1,10,2.2,10,972.5,10,,,91,10,0.0,10,0,10,91.0,0.0,0.0,10,8.7,8.2,0,10,9.1,8.1,0,10,9.1,10,4.7,10,3.1,10,547,10
2008-04-07T06:00+00:00,5904,42,0,139,10,110,10,2.3,10,6.1,10,971.6,10,,,90,10,0.0,10,0,10,91.0,0.0,0.0,10,8.7,8.2,0,10,9.0,8.1,0,10,9.1,10,5.3,10,4.4,10,646,10
2008-04-07T07:00+00:00,5904,50,0,138,10,147,10,2.8,10,5.4,10,971.8,10,,,90,10,0.0,10,4,10,91.0,0.0,0.0,10,8.7,8.2,0,10,9.0,8.2,0,10,9.1,10,5.6,10,5.1,10,705,10
2008-04-07T08:00+00:00,5904,45,0,178,10,246,10,1.8,10,8.4,10,972.9,10,,,86,10,0.0,10,4,10,91.0,0.0,0.0,10,8.7,8.2,0,10,9.0,8.2,0,10,9.1,10,6.5,10,5.3,10,857,10
2008-04-07T09:00+00:00,5904,48,0,248,10,278,10,4.5,10,10.3,10,973.4,10,,,85,10,0.2,10,42,10,91.0,0.0,0.0,10,8.7,8.2,0,10,8.9,8.2,0,10,9.1,10,5.5,10,5.2,10,950,10
2008-04-07T10:00+00:00,5904,143,0,260,10,268,10,6.7,10,16.9,10,974.2,10,,,79,10,0.0,10,0,10,91.0,0.0,0.0,10,8.7,8.2,0,10,8.9,8.2,0,10,9.1,10,6.5,10,5.3,10,1048,10
2008-04-07T11:00+00:00,5904,312,0,260,10,248,10,6.9,10,14.9,10,974.4,10,,,72,10,0.0,10,0,10,91.0,0.0,0.0,10,8.9,8.2,0,10,9.0,8.2,0,10,9.1,10,7.5,10,6.9,10,1157,10
2008-04-07T12:00+00:00,5904,525,0,270,10,273,10,8.6,10,19.5,10,975.0,10,,,62,10,0.0,10,6,10,91.0,0.0,0.4,10,9.1,8.2,0,10,9.2,8.2,0,10,9.1,10,9.3,10,10.0,10,1239,10
2008-04-07T13:00+00:00,5904,409,0,270,10,274,10,9.4,10,21.4,10,976.2,10,,,66,10,0.0,10,24,10,90.0,0.0,0.4,10,9.4,8.3,0,10,9.3,8.2,0,10,9.0,10,7.1,10,10.5,10,1354,10
2008-04-07T14:00+00:00,5904,305,0,269,10,268,10,11.7,10,23.4,10,977.6,10,,,60,10,0.0,10,27,10,90.0,0.0,0.2,10,9.5,8.3,0,10,9.4,8.2,0,10,9.0,10,7.0,10,8.2,10,1409,10
2008-04-07T15:00+00:00,5904,207,0,277,10,275,10,10.7,10,21.2,10,978.6,10,,,51,10,0.0,10,2,10,90.0,0.0,0.1,10,9.5,8.3,0,10,9.4,8.2,0,10,9.0,10,6.2,10,7.1,10,1556,10
2008-04-07T16:00+00:00,5904,154,0,281,10,286,10,9.0,10,20.7,10,979.4,10,,,51,10,0.0,10,0,10,90.0,0.0,0.3,10,9.4,8.3,0,10,9.4,8.2,0,10,9.0,10,6.6,10,5.8,10,1616,10
2008-04-07T17:00+00:00,5904,25,0,280,10,268,10,8.3,10,17.0,10,981.1,10,,,49,10,0.0,10,0,10,90.0,0.0,0.0,10,9.2,8.3,0,10,9.3,8.2,0,10,9.0,10,5.8,10,5.0,10,1721,10
2008-04-07T18:00+00:00,5904,4,0,279,10,272,10,6.2,10,14.5,10,981.2,10,,,50,10,0.0,10,0,10,90.0,0.0,0.0,10,9.0,8.3,0,10,9.2,8.2,0,10,9.0,10,5.2,10,3.4,10,1829,10
2008-04-07T19:00+00:00,5904,0,0,278,10,272,10,5.8,10,16.1,10,982.1,10,,,51,10,0.0,10,0,10,90.0,0.0,0.0,10,8.8,8.3,0,10,9.1,8.2,0,10,9.0,10,5.2,10,2.9,10,1948,10
2008-04-07T20:00+00:00,5904,0,0,283,10,292,10,3.5,10,11.2,10,982.9,10,,,52,10,0.0,10,0,10,90.0,0.0,0.0,10,8.7,8.3,0,10,9.0,8.2,0,10,9.0,10,4.5,10,1.5,10,2100,10
2008-04-07T21:00+00:00,5904,0,0,282,10,301,10,2.7,10,5.4,10,983.1,10,,,55,10,0.0,10,0,10,90.0,0.0,0.0,10,8.5,8.3,0,10,8.8,8.2,0,10,9.0,10,4.4,10,1.1,10,2111,10
2008-04-07T22:00+00:00,5904,0,0,296,10,292,10,2.1,10,5.6,10,983.1,10,,,54,10,0.0,10,0,10,90.0,0.0,0.0,10,8.4,8.3,0,10,8.7,8.2,0,10,9.0,10,4.4,10,2.0,10,2300,10
2008-04-07T23:00+00:00,5904,0,0,288,10,286,10,2.7,10,6.7,10,983.3,10,,,54,10,0.0,10,0,10,90.0,0.0,0.0,10,8.3,8.3,0,10,8.6,8.2,0,10,9.0,10,4.1,10,1.4,10,2302,10
2008-04-08T00:00+00:00,5904,0,0,284,10,282,10,3.2,10,7.4,10,983.6,10,,,55,10,0.0,10,0,10,90.0,0.0,0.0,10,8.1,8.3,0,10,8.5,8.2,0,10,9.0,10,4.0,10,1.5,10,34,10
2008-04-08T01:00+00:00,5904,0,0,269,10,276,10,2.2,10,5.9,10,983.7,10,,,55,10,0.0,10,0,10,90.0,0.0,0.0,10,8.0,8.3,0,10,8.4,8.2,0,10,9.0,10,3.9,10,2.1,10,110,10
2008-04-08T02:00+00:00,5904,0,0,257,10,251,10,2.1,10,6.4,10,983.6,10,,,55,10,0.0,10,0,10,90.0,0.0,0.0,10,8.0,8.3,0,10,8.3,8.2,0,10,9.0,10,3.9,10,2.0,10,251,10
2008-04-08T03:00+00:00,5904,0,0,246,10,250,10,2.8,10,5.6,10,983.9,10,,,57,10,0.0,10,0,10,90.0,0.0,0.0,10,7.9,8.3,0,10,8.2,8.2,0,10,9.0,10,3.2,10,0.3,10,324,10
2008-04-08T04:00+00:00,5904,0,0,245,10,245,10,1.7,10,4.8,10,984.1,10,,,59,10,0.0,10,0,10,90.0,0.0,0.0,10,7.8,8.3,0,10,8.2,8.2,0,10,9.0,10,3.2,10,-0.5,10,405,10
2008-04-08T05:00+00:00,5904,7,0,282,10,298,10,1.7,10,3.5,10,983.8,10,,,60,10,0.0,10,0,10,90.0,0.0,0.0,10,7.7,8.3,0,10,8.1,8.2,0,10,9.0,10,3.4,10,1.4,10,556,10
2008-04-08T06:00+00:00,5904,68,0,227,10,202,10,1.2,10,3.1,10,984.0,10,,,58,10,0.0,10,0,10,90.0,0.0,0.0,10,7.7,8.3,0,10,8.0,8.2,0,10,9.0,10,4.7,10,2.4,10,619,10
2008-04-08T07:00+00:00,5904,156,0,25,10,56,10,0.5,10,2.9,10,984.1,10,,,57,10,0.0,10,0,10,90.0,0.0,0.0,10,7.8,8.3,0,10,8.1,8.2,0,10,9.0,10,5.4,10,5.7,10,751,10
2008-04-08T08:00+00:00,5904,314,0,91,10,91,10,3.0,10,7.1,10,983.7,10,,,55,10,0.0,10,0,10,89.0,0.0,0.6,10,7.9,8.3,0,10,8.2,8.2,0,10,8.9,10,7.3,10,8.5,10,858,10
2008-04-08T09:00+00:00,5904,606,0,121,10,173,10,3.2,10,7.7,10,983.0,10,,,50,10,0.0,10,1,10,89.0,0.0,1.0,10,8.3,8.3,0,10,8.4,8.2,0,10,8.9,10,9.7,10,15.4,10,956,10
2008-04-08T10:00+00:00,5904,705,0,157,10,158,10,5.2,10,12.0,10,982.5,10,,,48,10,0.0,10,0,10,89.0,0.0,1.0,10,8.8,8.3,0,10,8.8,8.2,0,10,8.9,10,10.4,10,18.8,10,1053,10
2008-04-08T11:00+00:00,5904,782,0,159,10,151,10,6.4,10,15.5,10,981.9,10,,,49,10,0.0,10,0,10,89.0,0.0,1.0,10,9.4,8.3,0,10,9.2,8.2,0,10,8.9,10,10.8,10,19.4,10,1141,10
2008-04-08T12:00+00:00,5904,531,0,167,10,164,10,6.4,10,13.2,10,981.5,10,,,47,10,0.0,10,0,10,89.0,0.0,0.9,10,9.8,8.3,0,10,9.5,8.2,0,10,8.9,10,11.2,10,13.5,10,1228,10
2008-04-08T13:00+00:00,5904,681,0,153,10,143,10,6.1,10,12.8,10,981.0,10,,,48,10,0.0,10,0,10,89.0,0.0,1.0,10,10.2,8.3,0,10,9.8,8.2,0,10,8.9,10,11.2,10,15.2,10,1316,10
2008-04-08T14:00+00:00,5904,593,0,140,10,143,10,5.8,10,12.5,10,980.4,10,,,48,10,0.0,10,0,10,88.0,0.0,1.0,10,10.6,8.4,0,10,10.0,8.2,0,10,8.8,10,11.5,10,11.4,10,1425,10
2008-04-08T15:00+00:00,5904,444,0,136,10,120,10,6.1,10,12.7,10,980.5,10,,,51,10,0.0,10,0,10,88.0,0.0,1.0,10,10.6,8.4,0,10,10.2,8.2,0,10,8.8,10,10.5,10,9.9,10,1530,10
2008-04-08T16:00+00:00,5904,185,0,135,10,147,10,6.0,10,12.2,10,980.2,10,,,56,10,0.0,10,0,10,88.0,0.0,0.6,10,10.4,8.4,0,10,10.2,8.2,0,10,8.8,10,9.5,10,9.4,10,1700,10
2008-04-08T17:00+00:00,5904,75,0,136,10,126,10,5.3,10,10.5,10,979.8,10,,,58,10,0.0,10,0,10,88.0,0.0,0.0,10,10.2,8.4,0,10,10.1,8.2,0,10,8.8,10,8.9,10,7.8,10,1731,10
2008-04-08T18:00+00:00,5904,9,0,131,10,141,10,4.5,10,9.1,10,979.8,10,,,60,10,0.0,10,0,10,88.0,0.0,0.0,10,10.0,8.4,0,10,10.0,8.2,0,10,8.8,10,8.2,10,5.6,10,1809,10
2008-04-08T19:00+00:00,5904,0,0,130,10,126,10,3.0,10,6.5,10,980.0,10,,,64,10,0.0,10,0,10,88.0,0.0,0.0,10,9.7,8.4,0,10,9.9,8.2,0,10,8.8,10,7.8,10,4.7,10,1913,10
2008-04-08T20:00+00:00,5904,0,0,117,10,131,10,3.0,10,5.6,10,979.5,10,,,66,10,0.0,10,0,10,89.0,0.0,0.0,10,9.5,8.4,0,10,9.7,8.2,0,10,8.9,10,7.3,10,4.0,10,2029,10
2008-04-08T21:00+00:00,5904,0,0,100,10,132,10,2.8,10,6.2,10,979.0,10,,,70,10,0.0,10,0,10,89.0,0.0,0.0,10,9.3,8.4,0,10,9.6,8.2,0,10,8.9,10,6.4,10,2.8,10,2113,10
2008-04-08T22:00+00:00,5904,0,0,101,10,86,10,2.0,10,4.1,10,978.9,10,,,75,10,0.0,10,0,10,89.0,0.0,0.0,10,9.1,8.4,0,10,9.4,8.2,0,10,8.9,10,5.8,10,1.5,10,2222,10
2008-04-08T23:00+00:00,5904,0,0,113,10,116,10,1.6,10,4.2,10,979.1,10,,,79,10,0.0,10,0,10,89.0,0.0,0.0,10,8.9,8.4,0,10,9.3,8.3,0,10,8.9,10,5.3,10,1.2,10,2310,10
2008-04-09T00:00+00:00,5904,0,0,30,10,36,10,2.1,10,3.1,10,979.0,10,,,81,10,0.0,10,0,10,89.0,0.0,0.0,10,8.8,8.4,0,10,9.1,8.2,0,10,8.9,10,4.7,10,0.5,10,38,10
2008-04-09T01:00+00:00,5904,0,0,13,10,31,10,1.8,10,2.9,10,978.9,10,,,84,10,0.0,10,0,10,89.0,0.0,0.0,10,8.6,8.4,0,10,9.0,8.3,0,10,8.9,10,4.0,10,0.0,10,112,10
2008-04-09T02:00+00:00,5904,0,0,360,10,9,10,1.7,10,2.7,10,978.7,10,,,88,10,0.0,10,0,10,89.0,0.0,0.0,10,8.4,8.4,0,10,8.8,8.3,0,10,8.9,10,3.6,10,-0.6,10,242,10
2008-04-09T03:00+00:00,5904,0,0,312,10,318,10,0.8,10,2.3,10,978.3,10,,,89,10,0.0,10,0,10,90.0,0.0,0.0,10,8.2,8.4,0,10,8.7,8.3,0,10,9.0,10,2.7,10,-0.7,10,311,10
2008-04-09T04:00+00:00,5904,0,0,293,10,266,10,0.7,10,3.1,10,978.1,10,,,91,10,0.0,10,0,10,90.0,0.0,0.0,10,8.1,8.4,0,10,8.5,8.3,0,10,9.0,10,2.8,10,-1.0,10,437,10
2008-04-09T05:00+00:00,5904,15,0,124,10,281,10,0.3,10,2.2,10,978.5,10,,,92,10,0.0,10,0,10,90.0,0.0,0.2,10,7.9,8.4,0,10,8.4,8.3,0,10,9.0,10,3.0,10,-0.9,10,556,10
2008-04-09T06:00+00:00,5904,120,0,328,10,314,10,0.2,10,1.9,10,979.0,10,,,84,10,0.0,10,0,10,90.0,0.0,0.9,10,7.9,8.4,0,10,8.3,8.3,0,10,9.0,10,5.4,10,0.6,10,607,10
2008-04-09T07:00+00:00,5904,263,0,82,10,56,10,1.1,10,3.2,10,979.1,10,,,73,10,0.0,10,0,10,90.0,0.0,1.0,10,7.9,8.4,0,10,8.3,8.3,0,10,9.0,10,8.5,10,4.6,10,747,10
2008-04-09T08:00+00:00,5904,450,0,92,10,99,10,1.6,10,3.8,10,978.9,10,,,69,10,0.0,10,0,10,90.0,0.0,1.0,10,8.2,8.4,0,10,8.5,8.3,0,10,9.0,10,9.8,10,12.9,10,854,10
2008-04-09T09:00+00:00,5904,593,0,93,10,112,10,2.4,10,4.9,10,978.5,10,,,67,10,0.0,10,0,10,90.0,0.0,1.0,10,8.6,8.4,0,10,8.7,8.3,0,10,9.0,10,11.1,10,19.9,10,933,10
2008-04-09T10:00+00:00,5904,698,0,128,10,145,10,2.4,10,6.1,10,977.5,10,,,63,10,0.0,10,0,10,89.0,0.0,1.0,10,9.3,8.4,0,10,9.2,8.3,0,10,8.9,10,12.8,10,23.2,10,1054,10
2008-04-09T11:00+00:00,5904,764,0,126,10,107,10,3.6,10,9.2,10,976.4,10,,,59,10,0.0,10,0,10,89.0,0.0,1.0,10,10.0,8.4,0,10,9.7,8.3,0,10,8.9,10,14.8,10,24.8,10,1153,10
2008-04-09T12:00+00:00,5904,765,0,128,10,122,10,4.5,10,9.5,10,975.6,10,,,58,10,0.0,10,3,10,89.0,0.0,1.0,10,10.8,8.4,0,10,10.3,8.3,0,10,8.9,10,16.0,10,25.6,10,1216,10
2008-04-09T13:00+00:00,5904,695,0,144,10,145,10,4.8,10,8.9,10,975.1,10,,,57,10,0.0,10,0,10,89.0,0.0,1.0,10,11.5,8.4,0,10,10.8,8.3,0,10,8.9,10,17.2,10,21.2,10,1315,10
2008-04-09T14:00+00:00,5904,583,0,141,10,144,10,4.9,10,11.2,10,973.7,10,,,53,10,0.0,10,0,10,89.0,0.0,1.0,10,12.0,8.4,0,10,11.2,8.3,0,10,8.9,10,18.9,10,17.4,10,1440,10
2008-04-09T15:00+00:00,5904,363,0,135,10,147,10,5.6,10,13.6,10,972.1,10,,,50,10,0.0,10,0,10,89.0,0.0,1.0,10,12.1,8.4,0,10,11.4,8.3,0,10,8.9,10,18.9,10,17.5,10,1557,10
2008-04-09T16:00+00:00,5904,183,0,160,10,178,10,6.8,10,17.7,10,971.6,10,,,53,10,0.0,10,0,10,89.0,0.0,0.4,10,12.0,8.4,0,10,11.5,8.3,0,10,8.9,10,18.3,10,17.3,10,1619,10
2008-04-09T17:00+00:00,5904,59,0,154,10,140,10,5.5,10,11.9,10,971.4,10,,,54,10,0.0,10,0,10,89.0,0.0,0.0,10,11.8,8.4,0,10,11.5,8.3,0,10,8.9,10,17.5,10,15.6,10,1719,10
2008-04-09T18:00+00:00,5904,8,0,157,10,171,10,5.2,10,12.7,10,971.2,10,,,53,10,0.0,10,0,10,89.0,0.0,0.0,10,11.6,8.4,0,10,11.4,8.3,0,10,8.9,10,16.8,10,14.6,10,1821,10
2008-04-09T19:00+00:00,5904,0,0,145,10,194,10,3.7,10,8.1,10,970.9,10,,,54,10,0.0,10,0,10,90.0,0.0,0.0,10,11.5,8.4,0,10,11.3,8.3,0,10,9.0,10,15.8,10,13.5,10,1901,10
2008-04-09T20:00+00:00,5904,0,0,178,10,150,10,3.4,10,7.4,10,971.1,10,,,54,10,0.0,10,1,10,90.0,0.0,0.0,10,11.3,8.4,0,10,11.2,8.3,0,10,9.0,10,15.4,10,12.3,10,2004,10
2008-04-09T21:00+00:00,5904,0,0,194,10,189,10,3.7,10,8.8,10,971.0,10,,,56,10,0.0,10,0,10,90.0,0.0,0.0,10,11.1,8.4,0,10,11.1,8.3,0,10,9.0,10,14.3,10,11.5,10,2124,10
2008-04-09T22:00+00:00,5904,0,0,209,10,195,10,2.3,10,5.0,10,971.1,10,,,61,10,0.0,10,0,10,90.0,0.0,0.0,10,11.0,8.4,0,10,11.0,8.3,0,10,9.0,10,12.6,10,7.5,10,2217,10
2008-04-09T23:00+00:00,5904,0,0,238,10,219,10,2.2,10,4.4,10,971.2,10,,,68,10,0.0,10,0,10,91.0,0.0,0.0,10,10.8,8.4,0,10,10.9,8.3,0,10,9.1,10,11.5,10,7.5,10,2307,10
2008-04-10T00:00+00:00,5904,0,0,242,10,239,10,1.4,10,2.8,10,971.4,10,,,74,10,0.0,10,0,10,91.0,0.0,0.0,10,10.6,8.4,0,10,10.7,8.3,0,10,9.1,10,10.6,10,7.2,10,7,10
2008-04-10T01:00+00:00,5904,0,0,31,10,22,10,0.2,10,2.1,10,971.8,10,,,78,10,0.0,10,0,10,91.0,0.0,0.0,10,10.5,8.4,0,10,10.6,8.3,0,10,9.1,10,10.2,10,7.0,10,159,10
2008-04-10T02:00+00:00,5904,0,0,19,10,54,10,0.8,10,2.4,10,972.0,10,,,82,10,0.0,10,0,10,92.0,0.0,0.0,10,10.3,8.4,0,10,10.5,8.3,0,10,9.2,10,8.5,10,4.2,10,257,10
2008-04-10T03:00+00:00,5904,0,0,35,10,28,10,2.1,10,3.6,10,972.5,10,,,85,10,0.0,10,0,10,92.0,0.0,0.0,10,10.1,8.4,0,10,10.3,8.3,0,10,9.2,10,7.8,10,3.4,10,343,10
2008-04-10T04:00+00:00,5904,0,0,29,10,23,10,2.0,10,3.7,10,972.9,10,,,88,10,0.0,10,0,10,92.0,0.0,0.0,10,9.9,8.4,0,10,10.2,8.3,0,10,9.2,10,7.2,10,3.0,10,413,10
2008-04-10T05:00+00:00,5904,28,0,329,10,50,10,0.8,10,3.3,10,973.5,10,,,87,10,0.0,10,0,10,93.0,0.0,0.5,10,9.8,8.4,0,10,10.1,8.3,0,10,9.3,10,8.6,10,3.0,10,600,10
2008-04-10T06:00+00:00,5904,118,0,114,10,81,10,0.7,10,2.3,10,974.1,10,,,79,10,0.0,10,0,10,93.0,0.0,1.0,10,9.7,8.4,0,10,10.0,8.3,0,10,9.3,10,9.7,10,5.6,10,612,10
2008-04-10T07:00+00:00,5904,271,0,85,10,102,10,1.1,10,2.7,10,974.2,10,,,68,10,0.0,10,0,10,93.0,0.0,1.0,10,9.8,8.4,0,10,10.0,8.3,0,10,9.3,10,13.4,10,8.5,10,734,10
2008-04-10T08:00+00:00,5904,461,0,83,10,52,10,1.7,10,3.6,10,974.5,10,,,61,10,0.0,10,0,10,93.0,0.0,1.0,10,10.1,8.4,0,10,10.2,8.3,0,10,9.3,10,16.0,10,18.3,10,852,10
2008-04-10T09:00+00:00,5904,617,0,82,10,58,10,2.1,10,4.5,10,974.7,10,,,52,10,0.0,10,0,10,93.0,0.0,1.0,10,10.6,8.4,0,10,10.6,8.3,0,10,9.3,10,19.3,10,25.9,10,938,10
2008-04-10T10:00+00:00,5904,712,0,90,10,109,10,2.7,10,5.9,10,974.4,10,,,50,10,0.0,10,0,10,93.0,0.0,1.0,10,11.3,8.4,0,10,11.1,8.3,0,10,9.3,10,19.1,10,30.2,10,1042,10
2008-04-10T11:00+00:00,5904,703,0,115,10,149,10,3.0,10,5.8,10,974.5,10,,,48,10,0.0,10,0,10,94.0,0.0,0.9,10,12.0,8.4,0,10,11.6,8.3,0,10,9.4,10,20.3,10,26.5,10,1149,10
2008-04-10T12:00+00:00,5904,775,0,129,10,144,10,3.5,10,8.9,10,974.0,10,,,45,10,0.0,10,0,10,94.0,0.0,1.0,10,12.8,8.4,0,10,12.1,8.3,0,10,9.4,10,20.4,10,31.2,10,1233,10
2008-04-10T13:00+00:00,5904,570,0,116,10,117,10,4.6,10,10.1,10,973.8,10,,,46,10,0.0,10,0,10,94.0,0.0,1.0,10,13.4,8.4,0,10,12.5,8.3,0,10,9.4,10,20.6,10,24.4,10,1333,10
2008-04-10T14:00+00:00,5904,558,0,120,10,113,10,5.3,10,10.5,10,973.6,10,,,47,10,0.0,10,0,10,94.0,0.0,1.0,10,13.8,8.5,0,10,12.9,8.3,0,10,9.4,10,20.7,10,18.9,10,1407,10
2008-04-10T15:00+00:00,5904,462,0,117,10,133,10,3.8,10,8.4,10,973.0,10,,,45,10,0.0,10,0,10,94.0,0.0,1.0,10,13.8,8.5,0,10,13.0,8.3,0,10,9.4,10,21.0,10,17.1,10,1600,10
2008-04-10T16:00+00:00,5904,299,0,130,10,163,10,3.8,10,8.4,10,972.6,10,,,47,10,0.0,10,0,10,94.0,0.0,1.0,10,13.6,8.5,0,10,13.0,8.3,0,10,9.4,10,20.3,10,16.4,10,1618,10
2008-04-10T17:00+00:00,5904,114,0,121,10,124,10,5.0,10,9.6,10,972.3,10,,,50,10,0.0,10,0,10,94.0,0.0,0.9,10,13.3,8.5,0,10,13.0,8.3,0,10,9.4,10,19.5,10,15.4,10,1719,10
2008-04-10T18:00+00:00,5904,18,0,128,10,132,10,4.0,10,9.6,10,972.3,10,,,54,10,0.0,10,0,10,95.0,0.0,0.2,10,13.1,8.5,0,10,12.8,8.3,0,10,9.5,10,18.3,10,14.0,10,1857,10
2008-04-10T19:00+00:00,5904,0,0,137,10,128,10,4.3,10,9.6,10,972.5,10,,,60,10,0.0,10,0,10,95.0,0.0,0.0,10,12.8,8.5,0,10,12.7,8.4,0,10,9.5,10,17.0,10,13.2,10,1914,10
2008-04-10T20:00+00:00,5904,0,0,149,10,142,10,3.5,10,7.7,10,972.8,10,,,65,10,0.0,10,0,10,96.0,0.0,0.0,10,12.6,8.5,0,10,12.6,8.4,0,10,9.6,10,15.8,10,12.2,10,2010,10
2008-04-10T21:00+00:00,5904,0,0,145,10,159,10,2.0,10,5.0,10,972.5,10,,,69,10,0.0,10,0,10,96.0,0.0,0.0,10,12.4,8.5,0,10,12.4,8.3,0,10,9.6,10,14.9,10,11.1,10,2102,10
2008-04-10T22:00+00:00,5904,0,0,122,10,116,10,2.5,10,5.5,10,972.2,10,,,75,10,0.0,10,0,10,96.0,0.0,0.0,10,12.3,8.5,0,10,12.3,8.3,0,10,9.6,10,13.8,10,10.0,10,2233,10
2008-04-10T23:00+00:00,5904,0,0,129,10,135,10,2.5,10,5.2,10,972.1,10,,,79,10,0.0,10,0,10,97.0,0.0,0.0,10,12.1,8.5,0,10,12.1,8.4,0,10,9.7,10,13.1,10,8.3,10,2304,10
2008-04-11T00:00+00:00,5904,0,0,112,10,136,10,1.4,10,4.3,10,972.0,10,,,83,10,0.0,10,0,10,97.0,0.0,0.0,10,11.9,8.5,0,10,12.0,8.4,0,10,9.7,10,11.8,10,7.3,10,1,10
2008-04-11T01:00+00:00,5904,0,0,152,10,127,10,0.6,10,2.4,10,971.7,10,,,88,10,0.0,10,0,10,98.0,0.0,0.0,10,11.7,8.5,0,10,11.9,8.4,0,10,9.8,10,10.9,10,6.9,10,101,10
2008-04-11T02:00+00:00,5904,0,0,322,10,298,10,0.9,10,2.4,10,971.6,10,,,90,10,0.0,10,1,10,98.0,0.0,0.0,10,11.5,8.5,0,10,11.7,8.4,0,10,9.8,10,9.9,10,5.7,10,256,10
2008-04-11T03:00+00:00,5904,0,0,353,10,339,10,0.6,10,2.9,10,971.7,10,,,92,10,0.0,10,0,10,99.0,0.0,0.0,10,11.3,8.5,0,10,11.5,8.4,0,10,9.9,10,9.0,10,4.8,10,314,10
2008-04-11T04:00+00:00,5904,0,0,220,10,105,10,0.2,10,2.4,10,972.1,10,,,93,10,0.0,10,0,10,99.0,0.0,0.0,10,11.1,8.5,0,10,11.4,8.4,0,10,9.9,10,8.4,10,4.4,10,422,10
2008-04-11T05:00+00:00,5904,19,0,245,10,265,10,1.0,10,3.1,10,972.5,10,,,92,10,0.0,10,0,10,99.0,0.0,0.4,10,11.0,8.5,0,10,11.2,8.4,0,10,9.9,10,9.0,10,4.2,10,549,10
2008-04-11T06:00+00:00,5904,141,0,73,10,260,10,0.4,10,2.6,10,972.9,10,,,85,10,0.0,10,0,10,99.0,0.0,1.0,10,10.9,8.5,0,10,11.1,8.4,0,10,9.9,10,11.5,10,5.9,10,700,10
2008-04-11T07:00+00:00,5904,303,0,93,10,115,10,1.4,10,3.2,10,973.6,10,,,74,10,0.0,10,0,10,100.0,0.0,1.0,10,10.9,8.6,0,10,11.1,8.4,0,10,10.0,10,14.3,10,9.5,10,737,10
2008-04-11T08:00+00:00,5904,466,0,88,10,107,10,1.6,10,3.5,10,974.4,10,,,67,10,0.0,10,0,10,100.0,0.0,1.0,10,11.2,8.6,0,10,11.3,8.4,0,10,10.0,10,16.3,10,18.8,10,813,10
2008-04-11T09:00+00:00,5904,599,0,69,10,76,10,1.8,10,4.5,10,974.4,10,,,64,10,0.0,10,0,10,100.0,0.0,1.0,10,11.7,8.6,0,10,11.6,8.4,0,10,10.0,10,18.0,10,27.4,10,920,10
2008-04-11T10:00+00:00,5904,700,0,92,10,82,10,2.4,10,5.3,10,974.4,10,,,58,10,0.0,10,0,10,100.0,0.0,1.0,10,12.4,8.6,0,10,12.1,8.4,0,10,10.0,10,19.1,10,29.0,10,1045,10
2008-04-11T11:00+00:00,5904,765,0,109,10,132,10,2.2,10,5.6,10,974.0,10,,,49,10,0.0,10,0,10,100.0,0.0,1.0,10,13.1,8.6,0,10,12.7,8.4,0,10,10.0,10,21.4,10,31.6,10,1157,10
2008-04-11T12:00+00:00,5904,582,0,105,10,110,10,3.1,10,6.5,10,973.7,10,,,45,10,0.0,10,0,10,100.0,0.0,1.0,10,13.8,8.6,0,10,13.1,8.4,0,10,10.0,10,22.1,10,28.2,10,1238,10
2008-04-11T13:00+00:00,5904,699,0,93,10,95,10,4.0,10,7.6,10,973.0,10,,,43,10,0.0,10,0,10,101.0,0.0,1.0,10,14.4,8.6,0,10,13.5,8.4,0,10,10.1,10,23.4,10,27.0,10,1308,10
2008-04-11T14:00+00:00,5904,560,0,105,10,112,10,4.5,10,8.8,10,972.3,10,,,43,10,0.0,10,0,10,101.0,0.0,1.0,10,14.8,8.6,0,10,13.9,8.4,0,10,10.1,10,23.9,10,20.7,10,1420,10
2008-04-11T15:00+00:00,5904,386,0,123,10,153,10,4.5,10,10.4,10,971.7,10,,,41,10,0.0,10,0,10,101.0,0.0,0.8,10,14.9,8.6,0,10,14.0,8.4,0,10,10.1,10,23.8,10,20.4,10,1551,10
2008-04-11T16:00+00:00,5904,214,0,167,10,172,10,5.2,10,12.0,10,971.4,10,,,44,10,0.0,10,0,10,101.0,0.0,0.7,10,14.7,8.7,0,10,14.1,8.4,0,10,10.1,10,22.1,10,20.0,10,1641,10
2008-04-11T17:00+00:00,5904,62,0,173,10,165,10,5.1,10,12.2,10,971.2,10,,,47,10,0.0,10,0,10,101.0,0.0,0.0,10,14.4,8.7,0,10,14.0,8.4,0,10,10.1,10,20.7,10,18.0,10,1723,10
2008-04-11T18:00+00:00,5904,10,0,181,10,172,10,5.7,10,12.2,10,971.2,10,,,49,10,0.0,10,0,10,102.0,0.0,0.0,10,14.2,8.7,0,10,13.9,8.4,0,10,10.2,10,19.5,10,16.4,10,1847,10
2008-04-11T19:00+00:00,5904,0,0,197,10,209,10,4.8,10,11.7,10,971.4,10,,,54,10,0.0,10,0,10,102.0,0.0,0.0,10,13.9,8.7,0,10,13.8,8.4,0,10,10.2,10,18.3,10,14.9,10,1905,10
2008-04-11T20:00+00:00,5904,0,0,191,10,202,10,4.1,10,10.1,10,971.7,10,,,57,10,0.0,10,0,10,102.0,0.0,0.0,10,13.7,8.7,0,10,13.6,8.4,0,10,10.2,10,17.7,10,14.0,10,2013,10
2008-04-11T21:00+00:00,5904,0,0,189,10,196,10,3.4,10,7.8,10,971.6,10,,,61,10,0.0,10,0,10,103.0,0.0,0.0,10,13.5,8.7,0,10,13.5,8.4,0,10,10.3,10,16.5,10,12.7,10,2114,10
2008-04-11T22:00+00:00,5904,0,0,201,10,215,10,3.4,10,7.0,10,972.0,10,,,61,10,0.0,10,0,10,103.0,0.0,0.0,10,13.3,8.7,0,10,13.3,8.4,0,10,10.3,10,15.4,10,10.9,10,2232,10
2008-04-11T23:00+00:00,5904,0,0,234,10,241,10,2.1,10,3.6,10,972.4,10,,,71,10,0.0,10,0,10,104.0,0.0,0.0,10,13.1,8.7,0,10,13.2,8.4,0,10,10.4,10,13.6,10,8.6,10,2345,10
2008-04-12T00:00+00:00,5904,0,0,265,10,284,10,3.5,10,14.8,10,973.6,10,,,65,10,0.0,10,0,10,104.0,0.0,0.0,10,12.9,8.7,0,10,13.0,8.4,0,10,10.4,10,15.2,10,8.9,10,59,10
2008-04-12T01:00+00:00,5904,0,0,269,10,268,10,13.6,10,28.8,10,974.2,10,,,69,10,0.0,10,0,10,105.0,0.0,0.0,10,12.8,8.7,0,10,12.9,8.4,0,10,10.5,10,12.5,10,11.0,10,139,10
2008-04-12T02:00+00:00,5904,0,0,268,10,263,10,15.1,10,27.8,10,975.8,10,,,67,10,0.0,10,2,10,105.0,0.0,0.0,10,12.6,8.7,0,10,12.7,8.4,0,10,10.5,10,11.7,10,10.2,10,209,10
2008-04-12T03:00+00:00,5904,0,0,268,10,271,10,16.7,10,30.4,10,977.4,10,,,71,10,0.0,10,50,10,105.0,0.0,0.0,10,12.4,8.8,0,10,12.6,8.4,0,10,10.5,10,9.3,10,7.2,10,321,10
2008-04-12T04:00+00:00,5904,0,0,271,10,275,10,14.3,10,29.2,10,978.5,10,,,68,10,0.0,10,15,10,106.0,0.0,0.0,10,12.2,8.8,0,10,12.4,8.4,0,10,10.6,10,9.4,10,6.9,10,435,10
2008-04-12T05:00+00:00,5904,9,0,270,10,281,10,12.8,10,27.0,10,980.5,10,,,69,10,0.0,10,0,10,106.0,0.0,0.0,10,12.0,8.8,0,10,12.3,8.4,0,10,10.6,10,9.2,10,7.6,10,526,10
2008-04-12T06:00+00:00,5904,59,0,274,10,265,10,7.2,10,19.8,10,981.9,10,,,69,10,0.0,10,0,10,106.0,0.0,0.1,10,11.9,8.8,0,10,12.1,8.4,0,10,10.6,10,9.2,10,8.4,10,609,10
2008-04-12T07:00+00:00,5904,142,0,279,10,287,10,5.5,10,14.5,10,984.0,10,,,67,10,0.0,10,0,10,107.0,0.0,0.1,10,11.8,8.8,0,10,12.1,8.4,0,10,10.7,10,9.8,10,9.1,10,713,10
2008-04-12T08:00+00:00,5904,192,0,287,10,280,10,4.1,10,12.4,10,984.9,10,,,65,10,0.0,10,0,10,107.0,0.0,0.0,10,11.9,8.8,0,10,12.0,8.4,0,10,10.7,10,10.2,10,11.0,10,858,10
2008-04-12T09:00+00:00,5904,251,0,289,10,290,10,5.9,10,12.3,10,985.1,10,,,63,10,0.0,10,0,10,107.0,0.0,0.0,10,11.9,8.8,0,10,12.0,8.4,0,10,10.7,10,10.8,10,12.4,10,918,10
2008-04-12T10:00+00:00,5904,447,0,315,10,300,10,6.1,10,15.9,10,984.8,10,,,56,10,0.0,10,0,10,107.0,0.0,0.4,10,12.1,8.8,0,10,12.1,8.4,0,10,10.7,10,11.8,10,13.3,10,1029,10
2008-04-12T11:00+00:00,5904,507,0,313,10,313,10,5.7,10,14.4,10,984.3,10,,,53,10,0.0,10,0,10,107.0,0.0,0.6,10,12.3,8.8,0,10,12.3,8.4,0,10,10.7,10,12.4,10,15.9,10,1138,10
2008-04-12T12:00+00:00,5904,362,0,317,10,323,10,5.8,10,13.4,10,985.2,10,,,53,10,0.0,10,0,10,107.0,0.0,0.2,10,12.6,8.9,0,10,12.4,8.4,0,10,10.7,10,12.0,10,12.9,10,1219,10
2008-04-12T13:00+00:00,5904,508,0,339,10,347,10,4.5,10,10.1,10,984.2,10,,,52,10,0.0,10,0,10,108.0,0.0,0.5,10,12.8,8.9,0,10,12.6,8.4,0,10,10.8,10,13.9,10,13.0,10,1313,10
2008-04-12T14:00+00:00,5904,292,0,350,10,17,10,3.9,10,9.7,10,984.7,10,,,48,10,0.0,10,0,10,108.0,0.0,0.3,10,13.0,8.9,0,10,12.7,8.4,0,10,10.8,10,13.4,10,14.4,10,1500,10
2008-04-12T15:00+00:00,5904,200,0,347,10,354,10,3.8,10,8.2,10,984.4,10,,,48,10,0.0,10,0,10,108.0,0.0,0.0,10,13.0,8.9,0,10,12.7,8.4,0,10,10.8,10,13.4,10,14.0,10,1501,10
2008-04-12T16:00+00:00,5904,117,0,330,10,331,10,3.5,10,8.8,10,984.8,10,,,48,10,0.0,10,0,10,108.0,0.0,0.0,10,12.9,8.9,0,10,12.7,8.4,0,10,10.8,10,13.0,10,12.0,10,1612,10
2008-04-12T17:00+00:00,5904,67,0,283,10,290,10,3.0,10,6.9,10,984.7,10,,,54,10,0.0,10,0,10,108.0,0.0,0.0,10,12.8,8.9,0,10,12.7,8.4,0,10,10.8,10,12.0,10,9.7,10,1708,10
2008-04-12T18:00+00:00,5904,19,0,282,10,281,10,2.7,10,4.5,10,984.9,10,,,59,10,0.0,10,0,10,108.0,0.0,0.0,10,12.5,9.0,0,10,12.5,8.5,0,10,10.8,10,10.6,10,4.6,10,1900,10
2008-04-12T19:00+00:00,5904,0,0,289,10,286,10,3.2,10,5.0,10,985.6,10,,,60,10,0.0,10,0,10,108.0,0.0,0.0,10,12.2,9.0,0,10,12.4,8.4,0,10,10.8,10,9.4,10,3.5,10,1918,10
2008-04-12T20:00+00:00,5904,0,0,280,10,276,10,3.8,10,6.4,10,986.5,10,,,63,10,0.0,10,0,10,108.0,0.0,0.0,10,12.0,9.0,0,10,12.2,8.4,0,10,10.8,10,8.9,10,2.5,10,2057,10
2008-04-12T21:00+00:00,5904,0,0,278,10,271,10,5.5,10,10.1,10,986.7,10,,,64,10,0.0,10,0,10,108.0,0.0,0.0,10,11.8,9.0,0,10,12.0,8.5,0,10,10.8,10,9.7,10,3.0,10,2157,10
2008-04-12T22:00+00:00,5904,0,0,276,10,264,10,5.6,10,9.9,10,987.2,10,,,66,10,0.0,10,0,10,108.0,0.0,0.0,10,11.6,9.0,0,10,11.9,8.5,0,10,10.8,10,8.9,10,5.5,10,2210,10
2008-04-12T23:00+00:00,5904,0,0,275,10,278,10,5.3,10,9.0,10,987.6,10,,,68,10,0.0,10,0,10,108.0,0.0,0.0,10,11.4,9.0,0,10,11.7,8.5,0,10,10.8,10,8.4,10,4.3,10,2304,10
2008-04-13T00:00+00:00,5904,0,0,274,10,284,10,5.4,10,9.1,10,987.8,10,,,68,10,0.0,10,0,10,109.0,0.0,0.0,10,11.3,9.0,0,10,11.6,8.5,0,10,10.9,10,8.3,10,4.0,10,51,10
2008-04-13T01:00+00:00,5904,0,0,274,10,279,10,5.4,10,9.1,10,988.1,10,,,69,10,0.0,10,0,10,109.0,0.0,0.0,10,11.1,9.0,0,10,11.5,8.5,0,10,10.9,10,8.2,10,4.4,10,132,10
2008-04-13T02:00+00:00,5904,0,0,279,10,271,10,5.2,10,8.1,10,988.4,10,,,70,10,0.0,10,0,10,109.0,0.0,0.0,10,10.9,9.1,0,10,11.3,8.5,0,10,10.9,10,7.7,10,3.3,10,300,10
2008-04-13T03:00+00:00,5904,0,0,280,10,284,10,5.4,10,8.8,10,988.9,10,,,71,10,0.0,10,0,10,109.0,0.0,0.0,10,10.8,9.1,0,10,11.2,8.5,0,10,10.9,10,7.5,10,3.5,10,336,10
2008-04-13T04:00+00:00,5904,0,0,280,10,292,10,5.2,10,8.4,10,989.4,10,,,71,10,0.0,10,0,10,109.0,0.0,0.0,10,10.6,9.1,0,10,11.1,8.5,0,10,10.9,10,7.4,10,3.1,10,418,10
2008-04-13T05:00+00:00,5904,20,0,284,10,285,10,4.5,10,7.8,10,990.1,10,,,69,10,0.0,10,0,10,109.0,0.0,0.2,10,10.5,9.1,0,10,10.9,8.5,0,10,10.9,10,8.1,10,3.0,10,530,10
2008-04-13T06:00+00:00,5904,74,0,281,10,292,10,4.1,10,8.2,10,990.7,10,,,66,10,0.0,10,0,10,109.0,0.0,0.2,10,10.5,9.1,0,10,10.9,8.5,0,10,10.9,10,9.1,10,5.4,10,624,10
2008-04-13T07:00+00:00,5904,249,0,282,10,268,10,3.9,10,7.5,10,991.1,10,,,59,10,0.0,10,0,10,109.0,0.0,0.9,10,10.5,9.1,0,10,10.9,8.5,0,10,10.9,10,12.5,10,7.0,10,715,10
2008-04-13T08:00+00:00,5904,479,0,287,10,298,10,4.0,10,7.4,10,991.5,10,,,52,10,0.0,10,0,10,109.0,0.0,1.0,10,10.8,9.1,0,10,11.0,8.5,0,10,10.9,10,14.4,10,17.6,10,801,10
2008-04-13T09:00+00:00,5904,606,0,285,10,284,10,2.5,10,6.5,10,991.9,10,,,48,10,0.0,10,0,10,109.0,0.0,1.0,10,11.2,9.1,0,10,11.3,8.5,0,10,10.9,10,15.1,10,22.9,10,916,10
2008-04-13T10:00+00:00,5904,598,0,271,10,277,10,1.6,10,5.7,10,991.8,10,,,47,10,0.0,10,0,10,109.0,0.0,0.8,10,11.7,9.2,0,10,11.6,8.5,0,10,10.9,10,15.4,10,21.1,10,1037,10
2008-04-13T11:00+00:00,5904,530,0,272,10,280,10,2.4,10,7.9,10,991.7,10,,,43,10,0.0,10,0,10,108.0,0.0,0.6,10,12.2,9.2,0,10,11.9,8.5,0,10,10.8,10,15.4,10,17.7,10,1137,10
2008-04-13T12:00+00:00,5904,737,0,219,10,246,10,0.7,10,6.2,10,991.1,10,,,40,10,0.0,10,0,10,108.0,0.0,0.9,10,12.7,9.2,0,10,12.4,8.5,0,10,10.8,10,16.8,10,22.5,10,1220,10
2008-04-13T13:00+00:00,5904,240,0,47,10,53,10,2.4,10,5.7,10,990.9,10,,,44,10,0.0,10,0,10,108.0,0.0,0.1,10,13.0,9.2,0,10,12.5,8.5,0,10,10.8,10,15.3,10,15.9,10,1313,10
2008-04-13T14:00+00:00,5904,334,0,72,10,54,10,1.9,10,4.0,10,990.5,10,,,43,10,0.0,10,0,10,108.0,0.0,0.3,10,13.1,9.2,0,10,12.7,8.5,0,10,10.8,10,15.7,10,16.0,10,1500,10
2008-04-13T15:00+00:00,5904,119,0,131,10,116,10,1.9,10,5.2,10,990.4,10,,,42,10,0.0,10,0,10,108.0,0.0,0.0,10,13.1,9.2,0,10,12.8,8.5,0,10,10.8,10,15.1,10,14.1,10,1514,10
2008-04-13T16:00+00:00,5904,102,0,198,10,197,10,1.7,10,5.8,10,990.3,10,,,42,10,0.0,10,0,10,108.0,0.0,0.0,10,13.0,9.2,0,10,12.8,8.5,0,10,10.8,10,15.0,10,13.3,10,1630,10
2008-04-13T17:00+00:00,5904,117,0,175,10,174,10,1.6,10,4.9,10,990.2,10,,,44,10,0.0,10,0,10,108.0,0.0,0.4,10,12.8,9.2,0,10,12.7,8.5,0,10,10.8,10,14.4,10,11.2,10,1755,10
2008-04-13T18:00+00:00,5904,25,0,168,10,190,10,2.4,10,4.7,10,990.3,10,,,46,10,0.0,10,0,10,108.0,0.0,0.1,10,12.6,9.2,0,10,12.6,8.5,0,10,10.8,10,13.1,10,7.7,10,1816,10
2008-04-13T19:00+00:00,5904,0,0,164,10,169,10,2.6,10,4.6,10,990.8,10,,,49,10,0.0,10,0,10,108.0,0.0,0.0,10,12.4,9.3,0,10,12.4,8.5,0,10,10.8,10,12.2,10,6.5,10,1933,10
2008-04-13T20:00+00:00,5904,0,0,216,10,178,10,0.9,10,3.2,10,990.9,10,,,59,10,0.0,10,0,10,108.0,0.0,0.0,10,12.1,9.3,0,10,12.3,8.5,0,10,10.8,10,10.1,10,5.6,10,2100,10
2008-04-13T21:00+00:00,5904,0,0,230,10,243,10,2.0,10,4.5,10,990.9,10,,,64,10,0.0,10,0,10,108.0,0.0,0.0,10,11.9,9.3,0,10,12.1,8.5,0,10,10.8,10,9.2,10,4.7,10,2128,10
2008-04-13T22:00+00:00,5904,0,0,243,10,216,10,1.3,10,2.4,10,990.8,10,,,71,10,0.0,10,0,10,109.0,0.0,0.0,10,11.6,9.3,0,10,11.9,8.5,0,10,10.9,10,7.9,10,3.1,10,2300,10
2008-04-13T23:00+00:00,5904,0,0,238,10,245,10,1.2,10,2.7,10,990.8,10,,,75,10,0.0,10,0,10,109.0,0.0,0.0,10,11.4,9.3,0,10,11.8,8.5,0,10,10.9,10,7.0,10,2.6,10,2348,10
2008-04-14T00:00+00:00,5904,0,0,243,10,246,10,0.5,10,2.3,10,990.4,10,,,79,10,0.0,10,0,10,109.0,0.0,0.0,10,11.2,9.3,0,10,11.6,8.5,0,10,10.9,10,6.0,10,1.6,10,100,10
2008-04-14T01:00+00:00,5904,0,0,39,10,28,10,1.1,10,2.2,10,990.0,10,,,81,10,0.0,10,0,10,109.0,0.0,0.0,10,11.0,9.3,0,10,11.4,8.5,0,10,10.9,10,5.6,10,1.2,10,144,10
2008-04-14T02:00+00:00,5904,0,0,69,10,64,10,0.6,10,1.6,10,989.9,10,,,85,10,0.0,10,0,10,109.0,0.0,0.0,10,10.8,9.3,0,10,11.2,8.5,0,10,10.9,10,4.8,10,0.5,10,229,10
2008-04-14T03:00+00:00,5904,0,0,206,10,242,10,0.4,10,1.3,10,989.8,10,,,87,10,0.0,10,0,10,109.0,0.0,0.0,10,10.6,9.3,0,10,11.0,8.5,0,10,10.9,10,4.4,10,0.3,10,331,10
2008-04-14T04:00+00:00,5904,0,0,105,10,145,10,0.8,10,1.6,10,989.7,10,,,89,10,0.0,10,0,10,109.0,0.0,0.0,10,10.4,9.3,0,10,10.9,8.5,0,10,10.9,10,4.1,10,-0.1,10,403,10
2008-04-14T05:00+00:00,5904,24,0,38,10,29,10,0.9,10,1.8,10,989.7,10,,,90,10,0.0,10,0,10,109.0,0.0,0.4,10,10.2,9.3,0,10,10.7,8.5,0,10,10.9,10,4.9,10,0.1,10,521,10
2008-04-14T06:00+00:00,5904,146,0,68,10,87,10,0.9,10,2.6,10,989.9,10,,,82,10,0.0,10,0,10,109.0,0.0,1.0,10,10.1,9.4,0,10,10.6,8.5,0,10,10.9,10,7.5,10,1.7,10,646,10
2008-04-14T07:00+00:00,5904,310,0,109,10,151,10,1.6,10,4.0,10,989.7,10,,,71,10,0.0,10,0,10,109.0,0.0,1.0,10,10.2,9.4,0,10,10.6,8.5,0,10,10.9,10,10.5,10,5.6,10,759,10
2008-04-14T08:00+00:00,5904,466,0,123,10,151,10,2.6,10,5.7,10,989.7,10,,,69,10,0.0,10,0,10,109.0,0.0,1.0,10,10.5,9.4,0,10,10.8,8.5,0,10,10.9,10,12.4,10,16.8,10,859,10
2008-04-14T09:00+00:00,5904,618,0,137,10,135,10,3.2,10,7.2,10,989.3,10,,,63,10,0.0,10,0,10,109.0,0.0,1.0,10,11.0,9.4,0,10,11.1,8.5,0,10,10.9,10,14.6,10,21.9,10,944,10
2008-04-14T10:00+00:00,5904,730,0,133,10,116,10,3.8,10,8.7,10,988.7,10,,,55,10,0.0,10,0,10,109.0,0.0,1.0,10,11.6,9.4,0,10,11.5,8.5,0,10,10.9,10,15.4,10,26.5,10,1029,10
2008-04-14T11:00+00:00,5904,791,0,138,10,125,10,4.0,10,9.5,10,988.0,10,,,52,10,0.0,10,0,10,109.0,0.0,1.0,10,12.3,9.4,0,10,12.0,8.6,0,10,10.9,10,16.8,10,27.3,10,1154,10
2008-04-14T12:00+00:00,5904,797,0,126,10,126,10,4.2,10,10.1,10,987.5,10,,,49,10,0.0,10,0,10,109.0,0.0,1.0,10,13.1,9.4,0,10,12.5,8.6,0,10,10.9,10,17.5,10,29.2,10,1239,10
2008-04-14T13:00+00:00,5904,692,0,143,10,139,10,4.2,10,12.3,10,987.0,10,,,47,10,0.0,10,0,10,109.0,0.0,1.0,10,13.7,9.4,0,10,13.0,8.6,0,10,10.9,10,17.7,10,22.2,10,1312,10
2008-04-14T14:00+00:00,5904,635,0,132,10,139,10,5.1,10,10.8,10,986.4,10,,,47,10,0.0,10,0,10,109.0,0.0,1.0,10,14.1,9.4,0,10,13.3,8.6,0,10,10.9,10,18.7,10,17.4,10,1444,10
2008-04-14T15:00+00:00,5904,453,0,134,10,139,10,6.0,10,11.5,10,986.2,10,,,48,10,0.0,10,0,10,109.0,0.0,0.9,10,14.2,9.4,0,10,13.4,8.6,0,10,10.9,10,17.4,10,15.4,10,1513,10
2008-04-14T16:00+00:00,5904,234,0,137,10,145,10,5.5,10,10.9,10,985.9,10,,,49,10,0.0,10,0,10,109.0,0.0,0.4,10,13.9,9.4,0,10,13.5,8.6,0,10,10.9,10,16.2,10,14.2,10,1606,10
2008-04-14T17:00+00:00,5904,68,0,133,10,159,10,5.1,10,9.6,10,986.0,10,,,50,10,0.0,10,0,10,109.0,0.0,0.0,10,13.6,9.4,0,10,13.4,8.6,0,10,10.9,10,15.6,10,12.4,10,1705,10
2008-04-14T18:00+00:00,5904,16,0,124,10,125,10,4.3,10,8.0,10,986.1,10,,,54,10,0.0,10,0,10,109.0,0.0,0.3,10,13.3,9.5,0,10,13.2,8.6,0,10,10.9,10,14.3,10,10.2,10,1843,10
2008-04-14T19:00+00:00,5904,0,0,125,10,135,10,3.8,10,7.6,10,986.5,10,,,57,10,0.0,10,0,10,109.0,0.0,0.0,10,13.0,9.5,0,10,13.0,8.6,0,10,10.9,10,13.5,10,9.1,10,1907,10
2008-04-14T20:00+00:00,5904,0,0,118,10,123,10,4.5,10,9.3,10,986.5,10,,,67,10,0.0,10,0,10,109.0,0.0,0.0,10,12.8,9.5,0,10,12.9,8.6,0,10,10.9,10,12.5,10,9.2,10,2037,10
2008-04-14T21:00+00:00,5904,0,0,127,10,126,10,3.7,10,8.4,10,986.7,10,,,69,10,0.0,10,0,10,109.0,0.0,0.0,10,12.6,9.5,0,10,12.7,8.6,0,10,10.9,10,11.7,10,8.7,10,2118,10
2008-04-14T22:00+00:00,5904,0,0,169,10,183,10,1.8,10,5.0,10,986.8,10,,,74,10,0.0,10,0,10,110.0,0.0,0.0,10,12.4,9.5,0,10,12.6,8.6,0,10,11.0,10,10.9,10,6.5,10,2249,10
2008-04-14T23:00+00:00,5904,0,0,209,10,140,10,1.6,10,6.1,10,987.2,10,,,76,10,0.0,10,0,10,110.0,0.0,0.0,10,12.2,9.5,0,10,12.4,8.6,0,10,11.0,10,10.2,10,7.0,10,2313,10
2008-04-15T00:00+00:00,5904,0,0,260,10,264,10,3.2,10,9.3,10,986.8,10,,,73,10,0.0,10,0,10,110.0,0.0,0.0,10,12.1,9.5,0,10,12.3,8.6,0,10,11.0,10,9.7,10,6.6,10,33,10
2008-04-15T01:00+00:00,5904,0,0,273,10,269,10,7.7,10,14.9,10,986.2,10,,,73,10,0.0,10,0,10,110.0,0.0,0.0,10,11.9,9.5,0,10,12.2,8.6,0,10,11.0,10,9.7,10,7.1,10,127,10
2008-04-15T02:00+00:00,5904,0,0,269,10,272,10,6.8,10,13.9,10,986.1,10,,,73,10,0.0,10,0,10,111.0,0.0,0.0,10,11.8,9.5,0,10,12.1,8.6,0,10,11.1,10,9.2,10,8.2,10,202,10
2008-04-15T03:00+00:00,5904,0,0,267,10,270,10,7.4,10,13.4,10,985.9,10,,,74,10,0.0,10,0,10,111.0,0.0,0.0,10,11.7,9.5,0,10,11.9,8.6,0,10,11.1,10,8.4,10,7.4,10,356,10
2008-04-15T04:00+00:00,5904,0,0,266,10,265,10,5.6,10,12.7,10,986.3,10,,,75,10,0.0,10,0,10,111.0,0.0,0.0,10,11.5,9.5,0,10,11.8,8.6,0,10,11.1,10,7.9,10,6.4,10,403,10
2008-04-15T05:00+00:00,5904,15,0,270,10,273,10,4.4,10,10.3,10,986.6,10,,,76,10,0.0,10,0,10,111.0,0.0,0.0,10,11.4,9.5,0,10,11.7,8.6,0,10,11.1,10,7.6,10,6.7,10,550,10
2008-04-15T06:00+00:00,5904,90,0,270,10,270,10,4.2,10,10.9,10,986.9,10,,,75,10,0.0,10,0,10,111.0,0.0,0.1,10,11.3,9.5,0,10,11.6,8.6,0,10,11.1,10,8.3,10,6.7,10,624,10
2008-04-15T07:00+00:00,5904,139,0,270,10,300,10,3.4,10,9.0,10,987.0,10,,,75,10,0.0,10,0,10,111.0,0.0,0.0,10,11.3,9.5,0,10,11.6,8.6,0,10,11.1,10,8.6,10,9.0,10,744,10
2008-04-15T08:00+00:00,5904,237,0,279,10,295,10,6.0,10,13.4,10,987.3,10,,,74,10,0.0,10,0,10,111.0,0.0,0.0,10,11.4,9.5,0,10,11.6,8.6,0,10,11.1,10,9.3,10,9.6,10,830,10
2008-04-15T09:00+00:00,5904,197,0,275,10,267,10,4.9,10,12.4,10,987.4,10,,,73,10,0.0,10,12,10,111.0,0.0,0.0,10,11.5,9.5,0,10,11.6,8.6,0,10,11.1,10,9.6,10,10.8,10,907,10
2008-04-15T10:00+00:00,5904,277,0,282,10,281,10,7.7,10,16.0,10,987.3,10,,,73,10,0.0,10,0,10,111.0,0.0,0.0,10,11.6,9.6,0,10,11.7,8.6,0,10,11.1,10,9.8,10,11.6,10,1044,10
2008-04-15T11:00+00:00,5904,269,0,281,10,278,10,7.5,10,16.2,10,987.2,10,,,73,10,0.0,10,0,10,111.0,0.0,0.0,10,11.7,9.6,0,10,11.7,8.6,0,10,11.1,10,9.9,10,11.9,10,1122,10
2008-04-15T12:00+00:00,5904,277,0,283,10,277,10,8.7,10,16.2,10,987.1,10,,,73,10,0.0,10,9,10,111.0,0.0,0.0,10,11.8,9.6,0,10,11.8,8.6,0,10,11.1,10,10.1,10,11.7,10,1201,10
2008-04-15T13:00+00:00,5904,360,0,284,10,273,10,8.3,10,16.2,10,986.9,10,,,72,10,0.0,10,0,10,111.0,0.0,0.0,10,11.9,9.6,0,10,11.9,8.6,0,10,11.1,10,10.8,10,13.5,10,1311,10
2008-04-15T14:00+00:00,5904,573,0,288,10,293,10,8.2,10,16.5,10,986.4,10,,,70,10,0.0,10,0,10,111.0,0.0,0.8,10,12.2,9.6,0,10,12.0,8.6,0,10,11.1,10,11.4,10,12.0,10,1415,10
2008-04-15T15:00+00:00,5904,481,0,283,10,292,10,8.7,10,16.6,10,986.2,10,,,67,10,0.0,10,0,10,111.0,0.0,1.0,10,12.4,9.6,0,10,12.1,8.6,0,10,11.1,10,11.9,10,10.7,10,1542,10
2008-04-15T16:00+00:00,5904,279,0,289,10,294,10,6.8,10,15.4,10,986.7,10,,,68,10,0.0,10,0,10,111.0,0.0,0.9,10,12.3,9.6,0,10,12.2,8.6,0,10,11.1,10,11.3,10,10.1,10,1611,10
2008-04-15T17:00+00:00,5904,147,0,300,10,302,10,5.4,10,13.0,10,987.1,10,,,69,10,0.0,10,0,10,111.0,0.0,0.4,10,12.2,9.6,0,10,12.1,8.6,0,10,11.1,10,10.5,10,9.9,10,1720,10
2008-04-15T18:00+00:00,5904,14,0,309,10,302,10,5.6,10,13.0,10,987.5,10,,,70,10,0.0,10,3,10,111.0,0.0,0.0,10,12.0,9.6,0,10,12.0,8.6,0,10,11.1,10,10.0,10,8.2,10,1856,10
2008-04-15T19:00+00:00,5904,0,0,301,10,302,10,5.5,10,12.8,10,987.7,10,,,71,10,0.0,10,0,10,111.0,0.0,0.0,10,11.8,9.6,0,10,11.9,8.6,0,10,11.1,10,9.6,10,7.6,10,1913,10
2008-04-15T20:00+00:00,5904,0,0,305,10,313,10,7.2,10,14.4,10,988.6,10,,,75,10,0.0,10,42,10,111.0,0.0,0.0,10,11.7,9.6,0,10,11.8,8.6,0,10,11.1,10,9.3,10,7.2,10,2100,10
2008-04-15T21:00+00:00,5904,0,0,300,10,307,10,7.2,10,15.9,10,988.7,10,,,84,10,0.3,10,54,10,111.0,0.0,0.0,10,11.5,9.6,0,10,11.7,8.7,0,10,11.1,10,8.5,10,7.0,10,2129,10
2008-04-15T22:00+00:00,5904,0,0,297,10,327,10,6.8,10,13.5,10,988.7,10,,,87,10,0.3,10,52,10,111.0,0.0,0.0,10,11.4,9.6,0,10,11.6,8.7,0,10,11.1,10,8.2,10,6.7,10,2224,10
2008-04-15T23:00+00:00,5904,0,0,294,10,304,10,6.9,10,13.2,10,989.0,10,,,89,10,0.9,10,59,10,111.0,0.0,0.0,10,11.3,9.7,0,10,11.5,8.7,0,10,11.1,10,7.8,10,6.8,10,2322,10
2008-04-16T00:00+00:00,5904,0,0,290,10,286,10,6.7,10,14.5,10,989.0,10,,,90,10,0.5,10,60,10,111.0,0.0,0.0,10,11.2,9.6,0,10,11.5,8.7,0,10,11.1,10,7.4,10,6.4,10,54,10
2008-04-16T01:00+00:00,5904,0,0,290,10,296,10,7.2,10,13.9,10,988.8,10,,,88,10,0.1,10,56,10,111.0,0.0,0.0,10,11.1,9.7,0,10,11.4,8.7,0,10,11.1,10,7.1,10,6.0,10,158,10
2008-04-16T02:00+00:00,5904,0,0,293,10,280,10,8.6,10,16.9,10,988.6,10,,,88,10,0.4,10,60,10,111.0,0.0,0.0,10,11.0,9.7,0,10,11.3,8.7,0,10,11.1,10,6.7,10,5.7,10,218,10
2008-04-16T03:00+00:00,5904,0,0,291,10,301,10,7.9,10,18.0,10,988.7,10,,,91,10,0.7,10,60,10,111.0,0.0,0.0,10,10.9,9.7,0,10,11.2,8.7,0,10,11.1,10,6.2,10,5.4,10,322,10
2008-04-16T04:00+00:00,5904,0,0,290,10,313,10,7.6,10,14.9,10,988.8,10,,,93,10,1.8,10,60,10,111.0,0.0,0.0,10,10.7,9.7,0,10,11.1,8.7,0,10,11.1,10,5.9,10,5.3,10,437,10
2008-04-16T05:00+00:00,5904,8,0,287,10,285,10,6.7,10,14.4,10,988.9,10,,,93,10,0.6,10,60,10,111.0,0.0,0.0,10,10.6,9.7,0,10,11.0,8.7,0,10,11.1,10,5.8,10,5.2,10,510,10
2008-04-16T06:00+00:00,5904,50,0,290,10,302,10,7.0,10,13.4,10,989.2,10,,,91,10,0.3,10,60,10,111.0,0.0,0.0,10,10.5,9.7,0,10,10.9,8.7,0,10,11.1,10,6.1,10,5.4,10,614,10
2008-04-16T07:00+00:00,5904,120,0,286,10,296,10,6.5,10,14.7,10,989.6,10,,,86,10,0.1,10,57,10,111.0,0.0,0.0,10,10.5,9.7,0,10,10.8,8.7,0,10,11.1,10,6.6,10,6.2,10,743,10
2008-04-16T08:00+00:00,5904,214,0,291,10,284,10,6.8,10,14.6,10,989.7,10,,,82,10,0.0,10,50,10,111.0,0.0,0.0,10,10.6,9.7,0,10,10.8,8.7,0,10,11.1,10,7.2,10,6.9,10,822,10
2008-04-16T09:00+00:00,5904,225,0,294,10,282,10,6.6,10,15.1,10,989.8,10,,,80,10,0.0,10,44,10,111.0,0.0,0.0,10,10.7,9.7,0,10,10.9,8.7,0,10,11.1,10,7.6,10,7.9,10,921,10
2008-04-16T10:00+00:00,5904,205,0,292,10,295,10,6.1,10,11.7,10,989.8,10,,,76,10,0.0,10,26,10,111.0,0.0,0.0,10,10.7,9.7,0,10,10.9,8.7,0,10,11.1,10,8.0,10,7.5,10,1012,10
2008-04-16T11:00+00:00,5904,230,0,291,10,298,10,6.2,10,12.6,10,989.6,10,,,72,10,0.0,10,12,10,111.0,0.0,0.0,10,10.8,9.7,0,10,10.9,8.7,0,10,11.1,10,8.5,10,8.6,10,1116,10
2008-04-16T12:00+00:00,5904,209,0,294,10,285,10,6.0,10,13.7,10,989.4,10,,,68,10,0.0,10,11,10,111.0,0.0,0.0,10,10.9,9.7,0,10,11.0,8.7,0,10,11.1,10,9.2,10,9.3,10,1213,10
2008-04-16T13:00+00:00,5904,245,0,294,10,307,10,4.9,10,12.4,10,989.1,10,,,65,10,0.0,10,11,10,111.0,0.0,0.0,10,11.0,9.7,0,10,11.1,8.7,0,10,11.1,10,9.8,10,10.2,10,1320,10
2008-04-16T14:00+00:00,5904,155,0,289,10,309,10,4.5,10,10.8,10,989.0,10,,,65,10,0.0,10,0,10,110.0,0.0,0.0,10,11.1,9.7,0,10,11.1,8.7,0,10,11.0,10,9.3,10,8.9,10,1417,10
2008-04-16T15:00+00:00,5904,119,0,297,10,320,10,4.1,10,9.2,10,989.0,10,,,64,10,0.0,10,2,10,110.0,0.0,0.1,10,11.1,9.7,0,10,11.2,8.7,0,10,11.0,10,9.5,10,8.1,10,1527,10
2008-04-16T16:00+00:00,5904,175,0,305,10,304,10,4.6,10,11.4,10,988.9,10,,,63,10,0.0,10,6,10,110.0,0.0,0.1,10,11.1,9.7,0,10,11.2,8.7,0,10,11.0,10,9.7,10,9.0,10,1604,10
2008-04-16T17:00+00:00,5904,75,0,286,10,272,10,3.9,10,9.3,10,988.9,10,,,73,10,0.0,10,8,10,110.0,0.0,0.0,10,11.1,9.8,0,10,11.2,8.7,0,10,11.0,10,8.3,10,7.2,10,1720,10
2008-04-16T18:00+00:00,5904,15,0,274,10,269,10,4.3,10,9.1,10,989.0,10,,,80,10,0.0,10,5,10,110.0,0.0,0.0,10,11.0,9.8,0,10,11.1,8.7,0,10,11.0,10,6.8,10,4.1,10,1812,10
2008-04-16T19:00+00:00,5904,0,0,278,10,293,10,4.2,10,9.3,10,989.3,10,,,83,10,0.0,10,3,10,110.0,0.0,0.0,10,10.8,9.8,0,10,11.0,8.7,0,10,11.0,10,6.2,10,3.4,10,1913,10
2008-04-16T20:00+00:00,5904,0,0,274,10,273,10,3.6,10,6.3,10,989.3,10,,,85,10,0.0,10,0,10,110.0,0.0,0.0,10,10.7,9.8,0,10,10.9,8.7,0,10,11.0,10,5.8,10,2.5,10,2039,10
2008-04-16T21:00+00:00,5904,0,0,272,10,272,10,3.8,10,6.7,10,989.3,10,,,87,10,0.0,10,0,10,110.0,0.0,0.0,10,10.5,9.8,0,10,10.8,8.7,0,10,11.0,10,5.0,10,0.6,10,2105,10
2008-04-16T22:00+00:00,5904,0,0,284,10,289,10,3.8,10,6.3,10,989.2,10,,,86,10,0.0,10,0,10,110.0,0.0,0.0,10,10.3,9.8,0,10,10.7,8.7,0,10,11.0,10,5.1,10,0.7,10,2215,10
2008-04-16T23:00+00:00,5904,0,0,300,10,293,10,3.0,10,6.8,10,988.7,10,,,83,10,0.0,10,0,10,110.0,0.0,0.0,10,10.1,9.8,0,10,10.5,8.7,0,10,11.0,10,4.9,10,-0.3,10,2301,10
2008-04-17T00:00+00:00,5904,0,0,272,10,246,10,2.7,10,4.4,10,988.7,10,,,89,10,0.0,10,0,10,110.0,0.0,0.0,10,9.9,9.8,0,10,10.4,8.7,0,10,11.0,10,3.6,10,-0.8,10,21,10
2008-04-17T01:00+00:00,5904,0,0,300,10,302,10,2.7,10,4.6,10,988.0,10,,,90,10,0.0,10,0,10,109.0,0.0,0.0,10,9.7,9.8,0,10,10.2,8.7,0,10,10.9,10,2.6,10,-1.7,10,117,10
2008-04-17T02:00+00:00,5904,0,0,269,10,315,10,1.1,10,4.2,10,987.7,10,,,92,10,0.0,10,0,10,109.0,0.0,0.0,10,9.6,9.8,0,10,10.1,8.7,0,10,10.9,10,2.9,10,-1.7,10,223,10
2008-04-17T03:00+00:00,5904,0,0,273,10,245,10,2.0,10,3.3,10,987.2,10,,,93,10,0.0,10,0,10,109.0,0.0,0.0,10,9.4,9.8,0,10,9.9,8.7,0,10,10.9,10,2.3,10,-1.0,10,346,10
2008-04-17T04:00+00:00,5904,0,0,286,10,259,10,1.3,10,3.5,10,987.0,10,,,93,10,0.0,10,0,10,109.0,0.0,0.0,10,9.3,9.8,0,10,9.8,8.7,0,10,10.9,10,2.6,10,-1.2,10,435,10
2008-04-17T05:00+00:00,5904,23,0,55,10,68,10,0.5,10,2.6,10,986.6,10,,,94,10,0.0,10,0,10,109.0,0.0,0.1,10,9.2,9.8,0,10,9.7,8.8,0,10,10.9,10,3.1,10,1.2,10,519,10
2008-04-17T06:00+00:00,5904,52,0,158,10,206,10,0.6,10,1.7,10,986.6,10,,,91,10,0.0,10,1,10,109.0,0.0,0.1,10,9.2,9.8,0,10,9.7,8.8,0,10,10.9,10,4.5,10,2.0,10,621,10
2008-04-17T07:00+00:00,5904,106,0,116,10,154,10,0.9,10,3.1,10,986.2,10,,,87,10,0.0,10,35,10,109.0,0.0,0.0,10,9.3,9.8,0,10,9.7,8.8,0,10,10.9,10,5.9,10,5.3,10,757,10
2008-04-17T08:00+00:00,5904,78,0,117,10,118,10,2.6,10,5.1,10,985.9,10,,,88,10,0.3,10,49,10,108.0,0.0,0.0,10,9.4,9.8,0,10,9.7,8.8,0,10,10.8,10,5.6,10,6.1,10,852,10
2008-04-17T09:00+00:00,5904,335,0,122,10,127,10,3.2,10,6.6,10,985.3,10,,,82,10,0.0,10,1,10,108.0,0.0,0.3,10,9.5,9.8,0,10,9.8,8.8,0,10,10.8,10,7.8,10,6.7,10,942,10
2008-04-17T10:00+00:00,5904,233,0,143,10,132,10,4.5,10,9.2,10,984.8,10,,,78,10,0.0,10,0,10,108.0,0.0,0.0,10,9.8,9.8,0,10,9.9,8.8,0,10,10.8,10,7.8,10,9.3,10,1010,10
2008-04-17T11:00+00:00,5904,168,0,133,10,125,10,3.9,10,7.7,10,983.9,10,,,78,10,0.0,10,0,10,108.0,0.0,0.0,10,9.9,9.8,0,10,10.0,8.8,0,10,10.8,10,8.5,10,8.7,10,1108,10
2008-04-17T12:00+00:00,5904,274,0,116,10,127,10,3.8,10,7.6,10,983.4,10,,,76,10,0.0,10,0,10,108.0,0.0,0.1,10,10.1,9.8,0,10,10.1,8.8,0,10,10.8,10,9.0,10,10.4,10,1201,10
2008-04-17T13:00+00:00,5904,616,0,109,10,101,10,4.4,10,9.1,10,982.7,10,,,72,10,0.0,10,0,10,107.0,0.0,0.6,10,10.5,9.8,0,10,10.4,8.8,0,10,10.7,10,11.0,10,12.8,10,1314,10
2008-04-17T14:00+00:00,5904,493,0,107,10,113,10,4.2,10,7.9,10,981.6,10,,,71,10,0.0,10,0,10,107.0,0.0,0.7,10,11.0,9.8,0,10,10.7,8.8,0,10,10.7,10,11.5,10,12.6,10,1409,10
2008-04-17T15:00+00:00,5904,334,0,93,10,77,10,3.9,10,7.9,10,980.7,10,,,70,10,0.0,10,0,10,107.0,0.0,0.4,10,11.2,9.8,0,10,10.9,8.8,0,10,10.7,10,12.4,10,13.5,10,1558,10
2008-04-17T16:00+00:00,5904,259,0,78,10,83,10,5.2,10,9.3,10,980.3,10,,,76,10,0.0,10,0,10,107.0,0.0,0.7,10,11.3,9.8,0,10,11.0,8.8,0,10,10.7,10,11.2,10,11.4,10,1601,10
2008-04-17T17:00+00:00,5904,131,0,69,10,81,10,5.2,10,9.9,10,979.8,10,,,80,10,0.0,10,0,10,107.0,0.0,0.5,10,11.2,9.8,0,10,11.1,8.8,0,10,10.7,10,9.9,10,8.7,10,1732,10
2008-04-17T18:00+00:00,5904,19,0,66,10,92,10,3.8,10,8.6,10,979.9,10,,,82,10,0.0,10,0,10,106.0,0.0,0.0,10,11.1,9.8,0,10,11.0,8.8,0,10,10.6,10,8.9,10,6.8,10,1801,10
2008-04-17T19:00+00:00,5904,0,0,32,10,30,10,4.0,10,7.7,10,980.1,10,,,83,10,0.0,10,0,10,106.0,0.0,0.0,10,10.9,9.8,0,10,11.0,8.8,0,10,10.6,10,7.8,10,5.2,10,1907,10
2008-04-17T20:00+00:00,5904,0,0,27,10,28,10,3.6,10,7.1,10,980.1,10,,,85,10,0.0,10,0,10,106.0,0.0,0.0,10,10.7,9.8,0,10,10.8,8.8,0,10,10.6,10,7.5,10,4.3,10,2007,10
2008-04-17T21:00+00:00,5904,0,0,28,10,26,10,3.3,10,7.0,10,979.8,10,,,86,10,0.0,10,0,10,106.0,0.0,0.0,10,10.5,9.8,0,10,10.7,8.8,0,10,10.6,10,7.1,10,4.1,10,2123,10
2008-04-17T22:00+00:00,5904,0,0,12,10,16,10,2.7,10,7.1,10,979.7,10,,,87,10,0.0,10,0,10,106.0,0.0,0.0,10,10.4,9.8,0,10,10.6,8.8,0,10,10.6,10,6.6,10,2.5,10,2201,10
2008-04-17T23:00+00:00,5904,0,0,17,10,38,10,3.1,10,6.6,10,979.3,10,,,86,10,0.0,10,0,10,106.0,0.0,0.0,10,10.2,9.8,0,10,10.5,8.8,0,10,10.6,10,6.9,10,2.5,10,2345,10
2008-04-18T00:00+00:00,5904,0,0,24,10,20,10,3.2,10,8.3,10,978.8,10,,,86,10,0.0,10,0,10,106.0,0.0,0.0,10,10.1,9.8,0,10,10.4,8.8,0,10,10.6,10,7.0,10,3.1,10,46,10
2008-04-18T01:00+00:00,5904,0,0,27,10,62,10,3.1,10,7.1,10,978.5,10,,,85,10,0.0,10,0,10,106.0,0.0,0.0,10,10.0,9.8,0,10,10.3,8.8,0,10,10.6,10,6.8,10,3.9,10,146,10
2008-04-18T02:00+00:00,5904,0,0,26,10,25,10,2.7,10,6.5,10,978.2,10,,,85,10,0.0,10,0,10,106.0,0.0,0.0,10,9.9,9.8,0,10,10.2,8.8,0,10,10.6,10,6.8,10,3.1,10,230,10
2008-04-18T03:00+00:00,5904,0,0,324,10,19,10,1.8,10,5.2,10,978.1,10,,,88,10,0.0,10,0,10,106.0,0.0,0.0,10,9.8,9.8,0,10,10.1,8.8,0,10,10.6,10,5.8,10,2.2,10,308,10
2008-04-18T04:00+00:00,5904,0,0,286,10,330,10,1.5,10,3.4,10,977.7,10,,,90,10,0.0,10,0,10,106.0,0.0,0.0,10,9.7,9.8,0,10,10.0,8.8,0,10,10.6,10,5.0,10,2.0,10,456,10
2008-04-18T05:00+00:00,5904,31,0,302,10,326,10,1.7,10,5.1,10,977.9,10,,,91,10,0.0,10,0,10,106.0,0.0,0.0,10,9.6,9.8,0,10,9.9,8.8,0,10,10.6,10,5.5,10,1.7,10,557,10
2008-04-18T06:00+00:00,5904,59,0,323,10,315,10,1.6,10,4.2,10,978.3,10,,,86,10,0.0,10,0,10,106.0,0.0,0.0,10,9.5,9.8,0,10,9.9,8.8,0,10,10.6,10,6.6,10,4.3,10,700,10
2008-04-18T07:00+00:00,5904,91,0,15,10,329,10,1.1,10,3.5,10,978.4,10,,,86,10,0.0,10,0,10,106.0,0.0,0.0,10,9.6,9.8,0,10,9.9,8.8,0,10,10.6,10,6.9,10,7.2,10,713,10
2008-04-18T08:00+00:00,5904,126,0,25,10,31,10,1.8,10,4.1,10,978.4,10,,,85,10,0.0,10,0,10,106.0,0.0,0.0,10,9.7,9.8,0,10,9.9,8.9,0,10,10.6,10,7.1,10,8.4,10,859,10
2008-04-18T09:00+00:00,5904,341,0,15,10,24,10,2.0,10,4.3,10,977.9,10,,,79,10,0.0,10,0,10,106.0,0.0,0.2,10,9.9,9.8,0,10,10.1,8.9,0,10,10.6,10,10.0,10,9.2,10,926,10
2008-04-18T10:00+00:00,5904,537,0,69,10,57,10,2.5,10,5.4,10,977.5,10,,,76,10,0.0,10,0,10,106.0,0.0,0.5,10,10.3,9.8,0,10,10.3,8.9,0,10,10.6,10,10.7,10,17.4,10,1045,10
2008-04-18T11:00+00:00,5904,445,0,78,10,74,10,2.5,10,5.4,10,977.4,10,,,76,10,0.0,10,0,10,105.0,0.0,0.3,10,10.8,9.8,0,10,10.5,8.9,0,10,10.5,10,11.5,10,16.9,10,1131,10
2008-04-18T12:00+00:00,5904,494,0,85,10,114,10,2.4,10,5.4,10,976.9,10,,,72,10,0.0,10,0,10,105.0,0.0,0.5,10,11.1,9.8,0,10,10.9,8.9,0,10,10.5,10,12.3,10,16.1,10,1216,10
2008-04-18T13:00+00:00,5904,598,0,84,10,68,10,3.0,10,6.0,10,976.4,10,,,69,10,0.0,10,0,10,105.0,0.0,1.0,10,11.6,9.8,0,10,11.2,8.9,0,10,10.5,10,13.8,10,20.5,10,1327,10
2008-04-18T14:00+00:00,5904,558,0,96,10,76,10,2.9,10,6.1,10,976.0,10,,,67,10,0.0,10,0,10,105.0,0.0,1.0,10,12.1,9.8,0,10,11.5,8.9,0,10,10.5,10,14.4,10,15.4,10,1459,10
2008-04-18T15:00+00:00,5904,451,0,99,10,112,10,3.3,10,7.2,10,975.3,10,,,61,10,0.0,10,0,10,105.0,0.0,1.0,10,12.3,9.8,0,10,11.7,8.9,0,10,10.5,10,16.1,10,14.9,10,1513,10
2008-04-18T16:00+00:00,5904,266,0,107,10,98,10,3.8,10,7.2,10,974.6,10,,,65,10,0.0,10,0,10,105.0,0.0,1.0,10,12.3,9.8,0,10,11.8,8.9,0,10,10.5,10,16.0,10,14.0,10,1648,10
2008-04-18T17:00+00:00,5904,96,0,94,10,101,10,3.6,10,7.6,10,974.2,10,,,64,10,0.0,10,0,10,105.0,0.0,0.4,10,12.2,9.8,0,10,11.9,8.9,0,10,10.5,10,16.4,10,13.7,10,1721,10
2008-04-18T18:00+00:00,5904,11,0,154,10,162,10,4.5,10,10.6,10,974.5,10,,,64,10,0.0,10,0,10,105.0,0.0,0.0,10,12.1,9.8,0,10,11.9,8.9,0,10,10.5,10,15.9,10,13.6,10,1811,10
2008-04-18T19:00+00:00,5904,0,0,146,10,148,10,3.9,10,8.8,10,974.3,10,,,66,10,0.0,10,0,10,105.0,0.0,0.0,10,12.0,9.8,0,10,11.9,8.9,0,10,10.5,10,15.2,10,13.0,10,1955,10
2008-04-18T20:00+00:00,5904,0,0,145,10,141,10,4.5,10,9.8,10,974.1,10,,,71,10,0.0,10,0,10,105.0,0.0,0.0,10,11.9,9.8,0,10,11.8,8.9,0,10,10.5,10,14.0,10,11.1,10,2006,10
2008-04-18T21:00+00:00,5904,0,0,137,10,135,10,4.2,10,9.2,10,973.5,10,,,79,10,0.0,10,0,10,105.0,0.0,0.0,10,11.7,9.8,0,10,11.7,8.9,0,10,10.5,10,12.8,10,8.7,10,2129,10
2008-04-18T22:00+00:00,5904,0,0,145,10,140,10,4.1,10,8.8,10,972.9,10,,,82,10,0.0,10,0,10,105.0,0.0,0.0,10,11.6,9.8,0,10,11.6,8.9,0,10,10.5,10,12.2,10,8.7,10,2211,10
2008-04-18T23:00+00:00,5904,0,0,145,10,163,10,3.9,10,9.2,10,972.2,10,,,80,10,0.0,10,0,10,105.0,0.0,0.0,10,11.5,9.8,0,10,11.6,8.9,0,10,10.5,10,11.5,10,7.8,10,2323,10
2008-04-19T00:00+00:00,5904,0,0,171,10,166,10,3.2,10,7.7,10,971.5,10,,,77,10,0.0,10,0,10,106.0,0.0,0.0,10,11.3,9.8,0,10,11.4,8.9,0,10,10.6,10,11.1,10,6.8,10,9,10
2008-04-19T01:00+00:00,5904,0,0,180,10,192,10,2.7,10,7.2,10,970.7,10,,,76,10,0.0,10,0,10,106.0,0.0,0.0,10,11.2,9.8,0,10,11.4,8.9,0,10,10.6,10,10.8,10,7.3,10,118,10
2008-04-19T02:00+00:00,5904,0,0,192,10,185,10,2.5,10,5.4,10,970.2,10,,,75,10,0.0,10,0,10,106.0,0.0,0.0,10,11.1,9.8,0,10,11.3,8.9,0,10,10.6,10,11.0,10,7.5,10,219,10
2008-04-19T03:00+00:00,5904,0,0,194,10,209,10,2.6,10,5.6,10,969.8,10,,,73,10,0.0,10,0,10,106.0,0.0,0.0,10,11.0,9.8,0,10,11.2,8.9,0,10,10.6,10,11.1,10,8.0,10,301,10
2008-04-19T04:00+00:00,5904,0,0,208,10,197,10,1.8,10,5.1,10,970.0,10,,,76,10,0.0,10,0,10,106.0,0.0,0.0,10,11.0,9.8,0,10,11.1,8.9,0,10,10.6,10,10.6,10,7.8,10,406,10
2008-04-19T05:00+00:00,5904,20,0,249,10,235,10,1.3,10,2.6,10,970.2,10,,,80,10,0.0,10,0,10,106.0,0.0,0.0,10,10.9,9.8,0,10,11.1,8.9,0,10,10.6,10,10.1,10,7.2,10,559,10
2008-04-19T06:00+00:00,5904,166,0,233,10,164,10,1.7,10,4.2,10,970.3,10,,,69,10,0.0,10,0,10,106.0,0.0,0.6,10,10.9,9.8,0,10,11.1,8.9,0,10,10.6,10,13.4,10,8.2,10,659,10
2008-04-19T07:00+00:00,5904,255,0,179,10,183,10,4.6,10,10.8,10,970.0,10,,,60,10,0.0,10,0,10,107.0,0.0,0.6,10,11.0,9.8,0,10,11.1,8.9,0,10,10.7,10,14.8,10,12.9,10,752,10
2008-04-19T08:00+00:00,5904,264,0,187,10,192,10,5.4,10,11.2,10,970.3,10,,,63,10,0.0,10,0,10,107.0,0.0,0.2,10,11.2,9.8,0,10,11.2,8.9,0,10,10.7,10,14.8,10,16.1,10,842,10
2008-04-19T09:00+00:00,5904,226,0,189,10,180,10,3.2,10,8.5,10,970.3,10,,,63,10,0.0,10,0,10,107.0,0.0,0.0,10,11.3,9.8,0,10,11.3,8.9,0,10,10.7,10,15.0,10,15.3,10,903,10
2008-04-19T10:00+00:00,5904,429,0,184,10,172,10,3.0,10,7.1,10,970.7,10,,,61,10,0.0,10,0,10,107.0,0.0,0.5,10,11.6,9.8,0,10,11.4,8.9,0,10,10.7,10,16.3,10,17.7,10,1008,10
2008-04-19T11:00+00:00,5904,397,0,107,10,41,10,0.2,10,3.8,10,971.3,10,,,59,10,0.0,10,0,10,107.0,0.0,0.2,10,11.9,9.8,0,10,11.7,8.9,0,10,10.7,10,17.1,10,19.4,10,1159,10
2008-04-19T12:00+00:00,5904,253,0,314,10,278,10,3.0,10,9.7,10,972.4,10,,,59,10,0.0,10,0,10,107.0,0.0,0.0,10,12.1,9.8,0,10,11.8,9.0,0,10,10.7,10,16.9,10,17.2,10,1239,10
2008-04-19T13:00+00:00,5904,341,0,328,10,329,10,3.8,10,8.9,10,973.1,10,,,58,10,0.0,10,5,10,107.0,0.0,0.2,10,12.4,9.8,0,10,12.0,9.0,0,10,10.7,10,17.1,10,17.5,10,1320,10
2008-04-19T14:00+00:00,5904,408,0,309,10,328,10,4.6,10,13.9,10,974.1,10,,,60,10,0.0,10,6,10,107.0,0.0,0.5,10,12.6,9.8,0,10,12.2,9.0,0,10,10.7,10,17.2,10,16.0,10,1423,10
2008-04-19T15:00+00:00,5904,521,0,276,10,268,10,6.9,10,14.2,10,975.0,10,,,51,10,0.0,10,0,10,107.0,0.0,1.0,10,12.8,9.8,0,10,12.3,9.0,0,10,10.7,10,17.1,10,14.6,10,1542,10
2008-04-19T16:00+00:00,5904,313,0,271,10,281,10,6.5,10,14.7,10,976.3,10,,,58,10,0.0,10,0,10,107.0,0.0,1.0,10,12.7,9.8,0,10,12.4,9.0,0,10,10.7,10,15.5,10,13.2,10,1626,10
2008-04-19T17:00+00:00,5904,155,0,261,10,265,10,5.9,10,12.8,10,977.0,10,,,62,10,0.0,10,0,10,107.0,0.0,0.7,10,12.6,9.8,0,10,12.4,9.0,0,10,10.7,10,14.6,10,12.7,10,1712,10
2008-04-19T18:00+00:00,5904,25,0,263,10,266,10,4.7,10,9.2,10,977.9,10,,,64,10,0.0,10,0,10,107.0,0.0,0.0,10,12.5,9.8,0,10,12.3,9.0,0,10,10.7,10,13.5,10,10.0,10,1809,10
2008-04-19T19:00+00:00,5904,0,0,264,10,266,10,4.0,10,7.9,10,978.9,10,,,71,10,0.0,10,0,10,107.0,0.0,0.0,10,12.3,9.8,0,10,12.2,9.0,0,10,10.7,10,12.3,10,7.5,10,1907,10
2008-04-19T20:00+00:00,5904,0,0,274,10,279,10,4.0,10,8.9,10,979.2,10,,,72,10,0.0,10,0,10,108.0,0.0,0.0,10,12.1,9.8,0,10,12.1,9.0,0,10,10.8,10,11.8,10,7.3,10,2016,10
2008-04-19T21:00+00:00,5904,0,0,266,10,274,10,3.8,10,9.1,10,979.6,10,,,74,10,0.0,10,0,10,108.0,0.0,0.0,10,11.9,9.8,0,10,12.0,9.0,0,10,10.8,10,11.1,10,6.5,10,2104,10
2008-04-19T22:00+00:00,5904,0,0,271,10,288,10,3.6,10,7.3,10,980.0,10,,,74,10,0.0,10,0,10,108.0,0.0,0.0,10,11.7,9.8,0,10,11.9,9.0,0,10,10.8,10,11.2,10,5.8,10,2252,10
2008-04-19T23:00+00:00,5904,0,0,274,10,280,10,3.7,10,8.7,10,980.3,10,,,74,10,0.0,10,0,10,108.0,0.0,0.0,10,11.6,9.8,0,10,11.8,9.0,0,10,10.8,10,10.8,10,6.5,10,2311,10
2008-04-20T00:00+00:00,5904,0,0,262,10,283,10,3.5,10,5.8,10,980.6,10,,,77,10,0.0,10,0,10,108.0,0.0,0.0,10,11.5,9.8,0,10,11.7,9.0,0,10,10.8,10,9.8,10,4.7,10,3,10
2008-04-20T01:00+00:00,5904,0,0,269,10,263,10,2.6,10,6.4,10,980.7,10,,,78,10,0.0,10,0,10,108.0,0.0,0.0,10,11.3,9.8,0,10,11.6,9.0,0,10,10.8,10,10.1,10,4.7,10,104,10
2008-04-20T02:00+00:00,5904,0,0,268,10,286,10,2.3,10,5.5,10,981.1,10,,,83,10,0.0,10,0,10,109.0,0.0,0.0,10,11.2,9.8,0,10,11.4,9.0,0,10,10.9,10,8.4,10,3.5,10,231,10
2008-04-20T03:00+00:00,5904,0,0,287,10,293,10,2.3,10,3.9,10,981.4,10,,,88,10,0.0,10,0,10,109.0,0.0,0.0,10,11.0,9.8,0,10,11.3,9.0,0,10,10.9,10,7.3,10,2.3,10,324,10
2008-04-20T04:00+00:00,5904,0,0,290,10,298,10,2.9,10,5.0,10,981.6,10,,,90,10,0.0,10,0,10,109.0,0.0,0.0,10,10.9,9.8,0,10,11.2,9.0,0,10,10.9,10,6.9,10,2.1,10,420,10
2008-04-20T05:00+00:00,5904,42,0,309,10,268,10,0.2,10,2.9,10,982.1,10,,,91,10,0.0,10,0,10,109.0,0.0,0.9,10,10.7,9.9,0,10,11.0,9.0,0,10,10.9,10,8.0,10,2.2,10,525,10
2008-04-20T06:00+00:00,5904,189,0,4,10,269,10,0.3,10,3.5,10,982.2,10,,,82,10,0.0,10,0,10,109.0,0.0,1.0,10,10.6,9.9,0,10,11.0,9.0,0,10,10.9,10,10.4,10,3.9,10,640,10
2008-04-20T07:00+00:00,5904,358,0,67,10,50,10,2.0,10,3.8,10,982.6,10,,,74,10,0.0,10,0,10,109.0,0.0,1.0,10,10.7,9.9,0,10,11.0,9.0,0,10,10.9,10,12.8,10,7.7,10,717,10
2008-04-20T08:00+00:00,5904,530,0,84,10,88,10,2.2,10,4.8,10,982.7,10,,,62,10,0.0,10,0,10,109.0,0.0,1.0,10,11.0,9.9,0,10,11.1,9.0,0,10,10.9,10,15.4,10,20.1,10,859,10
2008-04-20T09:00+00:00,5904,655,0,47,10,55,10,2.2,10,6.1,10,982.9,10,,,56,10,0.0,10,0,10,109.0,0.0,1.0,10,11.5,9.9,0,10,11.4,9.0,0,10,10.9,10,15.7,10,25.6,10,926,10
2008-04-20T10:00+00:00,5904,782,0,54,10,55,10,2.4,10,6.5,10,982.8,10,,,53,10,0.0,10,0,10,109.0,0.0,1.0,10,12.1,9.9,0,10,11.9,9.0,0,10,10.9,10,16.4,10,26.4,10,1037,10
2008-04-20T11:00+00:00,5904,831,0,61,10,69,10,2.3,10,5.3,10,982.6,10,,,52,10,0.0,10,0,10,109.0,0.0,1.0,10,12.7,9.9,0,10,12.4,9.0,0,10,10.9,10,17.3,10,28.2,10,1121,10
2008-04-20T12:00+00:00,5904,830,0,68,10,103,10,2.3,10,6.8,10,982.6,10,,,51,10,0.0,10,0,10,109.0,0.0,1.0,10,13.4,9.9,0,10,12.9,9.0,0,10,10.9,10,18.2,10,29.4,10,1235,10
2008-04-20T13:00+00:00,5904,720,0,57,10,79,10,2.4,10,6.2,10,982.5,10,,,49,10,0.0,10,0,10,109.0,0.0,0.9,10,14.0,9.9,0,10,13.3,9.0,0,10,10.9,10,18.6,10,23.8,10,1331,10
2008-04-20T14:00+00:00,5904,636,0,69,10,79,10,3.2,10,8.1,10,982.3,10,,,51,10,0.0,10,0,10,109.0,0.0,1.0,10,14.5,9.9,0,10,13.6,9.0,0,10,10.9,10,18.6,10,17.6,10,1436,10
2008-04-20T15:00+00:00,5904,455,0,72,10,74,10,3.7,10,8.3,10,982.2,10,,,53,10,0.0,10,0,10,109.0,0.0,0.7,10,14.6,9.9,0,10,13.8,9.0,0,10,10.9,10,18.8,10,17.0,10,1516,10
2008-04-20T16:00+00:00,5904,280,0,62,10,56,10,4.7,10,9.5,10,982.3,10,,,54,10,0.0,10,0,10,109.0,0.0,0.9,10,14.4,9.9,0,10,13.8,9.0,0,10,10.9,10,17.0,10,14.0,10,1631,10
2008-04-20T17:00+00:00,5904,154,0,54,10,57,10,4.5,10,8.8,10,982.3,10,,,57,10,0.0,10,0,10,109.0,0.0,1.0,10,14.1,9.9,0,10,13.7,9.0,0,10,10.9,10,15.8,10,12.9,10,1707,10
2008-04-20T18:00+00:00,5904,27,0,52,10,72,10,4.4,10,8.7,10,983.2,10,,,65,10,0.0,10,0,10,109.0,0.0,0.4,10,13.8,9.9,0,10,13.6,9.0,0,10,10.9,10,13.9,10,11.0,10,1819,10
2008-04-20T19:00+00:00,5904,0,0,45,10,58,10,3.3,10,7.2,10,983.5,10,,,69,10,0.0,10,0,10,110.0,0.0,0.0,10,13.5,9.9,0,10,13.4,9.0,0,10,11.0,10,12.4,10,9.2,10,1909,10
2008-04-20T20:00+00:00,5904,0,0,36,10,47,10,3.2,10,5.8,10,983.9,10,,,73,10,0.0,10,0,10,110.0,0.0,0.0,10,13.3,9.9,0,10,13.3,9.0,0,10,11.0,10,11.2,10,7.5,10,2001,10
2008-04-20T21:00+00:00,5904,0,0,28,10,24,10,3.0,10,5.4,10,983.7,10,,,77,10,0.0,10,0,10,110.0,0.0,0.0,10,13.0,9.9,0,10,13.1,9.0,0,10,11.0,10,10.3,10,6.7,10,2144,10
2008-04-20T22:00+00:00,5904,0,0,27,10,43,10,3.5,10,6.8,10,983.7,10,,,78,10,0.0,10,0,10,111.0,0.0,0.0,10,12.8,9.9,0,10,12.9,9.1,0,10,11.1,10,10.0,10,6.6,10,2250,10
2008-04-20T23:00+00:00,5904,0,0,36,10,29,10,2.8,10,6.1,10,983.5,10,,,80,10,0.0,10,0,10,111.0,0.0,0.0,10,12.6,9.9,0,10,12.8,9.1,0,10,11.1,10,9.1,10,5.7,10,2318,10
2008-04-21T00:00+00:00,5904,0,0,35,10,25,10,2.1,10,5.1,10,983.2,10,,,84,10,0.0,10,0,10,111.0,0.0,0.0,10,12.4,9.9,0,10,12.6,9.0,0,10,11.1,10,8.3,10,4.1,10,28,10
2008-04-21T01:00+00:00,5904,0,0,35,10,44,10,1.9,10,4.8,10,982.6,10,,,88,10,0.0,10,0,10,112.0,0.0,0.0,10,12.2,9.9,0,10,12.4,9.1,0,10,11.2,10,7.6,10,3.7,10,141,10
2008-04-21T02:00+00:00,5904,0,0,39,10,28,10,1.6,10,4.4,10,981.9,10,,,90,10,0.0,10,0,10,112.0,0.0,0.0,10,11.9,9.9,0,10,12.3,9.1,0,10,11.2,10,7.1,10,3.2,10,257,10
2008-04-21T03:00+00:00,5904,0,0,44,10,40,10,2.1,10,4.4,10,981.5,10,,,91,10,0.0,10,0,10,112.0,0.0,0.0,10,11.8,9.9,0,10,12.1,9.1,0,10,11.2,10,7.0,10,3.2,10,304,10
2008-04-21T04:00+00:00,5904,0,0,40,10,40,10,2.0,10,4.2,10,981.2,10,,,91,10,0.0,10,0,10,113.0,0.0,0.0,10,11.6,9.9,0,10,12.0,9.1,0,10,11.3,10,6.8,10,2.9,10,443,10
2008-04-21T05:00+00:00,5904,40,0,30,10,27,10,2.5,10,4.5,10,981.1,10,,,90,10,0.0,10,0,10,113.0,0.0,0.4,10,11.5,9.9,0,10,11.8,9.1,0,10,11.3,10,7.6,10,3.1,10,557,10
2008-04-21T06:00+00:00,5904,125,0,38,10,34,10,1.9,10,4.5,10,981.1,10,,,86,10,0.0,10,0,10,113.0,0.0,0.7,10,11.4,9.9,0,10,11.7,9.1,0,10,11.3,10,8.4,10,5.8,10,700,10
2008-04-21T07:00+00:00,5904,278,0,72,10,104,10,1.5,10,6.7,10,980.9,10,,,79,10,0.0,10,0,10,113.0,0.0,1.0,10,11.5,9.9,0,10,11.7,9.1,0,10,11.3,10,11.2,10,8.0,10,757,10
2008-04-21T08:00+00:00,5904,494,0,113,10,117,10,3.0,10,6.7,10,980.5,10,,,73,10,0.0,10,0,10,113.0,0.0,1.0,10,11.7,10.0,0,10,11.9,9.1,0,10,11.3,10,13.7,10,17.4,10,857,10
2008-04-21T09:00+00:00,5904,655,0,121,10,136,10,4.1,10,9.0,10,979.9,10,,,69,10,0.0,10,0,10,113.0,0.0,1.0,10,12.1,10.0,0,10,12.2,9.1,0,10,11.3,10,16.4,10,23.2,10,949,10
2008-04-21T10:00+00:00,5904,659,0,122,10,121,10,5.6,10,10.9,10,979.2,10,,,66,10,0.0,10,0,10,113.0,0.0,1.0,10,12.7,10.0,0,10,12.5,9.1,0,10,11.3,10,17.2,10,24.9,10,1033,10
2008-04-21T11:00+00:00,5904,617,0,120,10,117,10,5.8,10,10.8,10,978.3,10,,,64,10,0.0,10,0,10,113.0,0.0,0.9,10,13.2,10.0,0,10,12.9,9.1,0,10,11.3,10,17.7,10,23.6,10,1112,10
2008-04-21T12:00+00:00,5904,614,0,119,10,139,10,6.2,10,12.7,10,977.5,10,,,58,10,0.0,10,0,10,113.0,0.0,0.8,10,13.7,10.0,0,10,13.3,9.1,0,10,11.3,10,19.6,10,23.6,10,1204,10
2008-04-21T13:00+00:00,5904,559,0,115,10,106,10,6.0,10,12.6,10,976.3,10,,,55,10,0.0,10,0,10,113.0,0.0,0.8,10,14.1,10.0,0,10,13.6,9.1,0,10,11.3,10,21.2,10,22.9,10,1357,10
2008-04-21T14:00+00:00,5904,411,0,116,10,152,10,6.3,10,13.5,10,975.3,10,,,49,10,0.0,10,0,10,113.0,0.0,0.6,10,14.5,10.0,0,10,13.8,9.1,0,10,11.3,10,20.9,10,20.7,10,1433,10
2008-04-21T15:00+00:00,5904,163,0,105,10,108,10,6.3,10,12.6,10,974.9,10,,,50,10,0.0,10,0,10,113.0,0.0,0.0,10,14.5,10.0,0,10,14.0,9.1,0,10,11.3,10,20.3,10,19.3,10,1534,10
2008-04-21T16:00+00:00,5904,94,0,101,10,107,10,6.9,10,14.0,10,974.4,10,,,54,10,0.0,10,0,10,113.0,0.0,0.0,10,14.4,10.0,0,10,14.0,9.1,0,10,11.3,10,19.5,10,17.4,10,1613,10
2008-04-21T17:00+00:00,5904,48,0,92,10,104,10,7.4,10,14.6,10,973.5,10,,,52,10,0.0,10,0,10,114.0,0.0,0.0,10,14.3,10.0,0,10,14.0,9.1,0,10,11.4,10,19.0,10,16.4,10,1709,10
2008-04-21T18:00+00:00,5904,4,0,93,10,81,10,7.6,10,14.5,10,973.5,10,,,54,10,0.0,10,14,10,114.0,0.0,0.0,10,14.1,10.0,0,10,13.9,9.1,0,10,11.4,10,18.4,10,14.8,10,1841,10
2008-04-21T19:00+00:00,5904,0,0,135,10,111,10,4.6,10,17.1,10,975.0,10,,,94,10,8.9,10,60,10,114.0,0.0,0.0,10,13.9,10.0,0,10,13.8,9.1,0,10,11.4,10,13.0,10,12.3,10,1914,10
2008-04-21T20:00+00:00,5904,0,0,124,10,181,10,2.3,10,9.1,10,974.2,10,,,94,10,9.5,10,60,10,114.0,0.0,0.0,10,13.7,10.0,0,10,13.7,9.1,0,10,11.4,10,11.6,10,11.0,10,2006,10
2008-04-21T21:00+00:00,5904,0,0,62,10,78,10,3.2,10,7.3,10,975.0,10,,,94,10,1.6,10,30,10,115.0,0.0,0.0,10,13.5,10.0,0,10,13.6,9.1,0,10,11.5,10,11.3,10,10.3,10,2123,10
2008-04-21T22:00+00:00,5904,0,0,112,10,128,10,2.1,10,4.7,10,975.0,10,,,94,10,0.0,10,0,10,115.0,0.0,0.0,10,13.4,10.1,0,10,13.4,9.1,0,10,11.5,10,11.4,10,10.4,10,2258,10
2008-04-21T23:00+00:00,5904,0,0,117,10,119,10,3.7,10,7.9,10,974.8,10,,,94,10,0.0,10,0,10,115.0,0.0,0.0,10,13.3,10.1,0,10,13.4,9.1,0,10,11.5,10,11.5,10,11.3,10,2343,10
2008-04-22T00:00+00:00,5904,0,0,136,10,155,10,3.1,10,7.1,10,974.3,10,,,93,10,0.0,10,0,10,115.0,0.0,0.0,10,13.2,10.1,0,10,13.3,9.1,0,10,11.5,10,10.9,10,9.4,10,32,10
2008-04-22T01:00+00:00,5904,0,0,109,10,134,10,2.9,10,6.0,10,974.3,10,,,93,10,0.0,10,0,10,116.0,0.0,0.0,10,13.1,10.1,0,10,13.2,9.1,0,10,11.6,10,10.7,10,8.9,10,109,10
2008-04-22T02:00+00:00,5904,0,0,97,10,134,10,3.8,10,7.4,10,974.1,10,,,92,10,0.0,10,0,10,116.0,0.0,0.0,10,13.0,10.1,0,10,13.1,9.1,0,10,11.6,10,10.6,10,9.9,10,244,10
2008-04-22T03:00+00:00,5904,0,0,109,10,104,10,3.2,10,6.6,10,973.7,10,,,92,10,0.0,10,0,10,116.0,0.0,0.0,10,13.0,10.1,0,10,13.1,9.1,0,10,11.6,10,10.6,10,10.3,10,315,10
2008-04-22T04:00+00:00,5904,0,0,112,10,127,10,4.0,10,7.9,10,973.6,10,,,92,10,0.0,10,0,10,116.0,0.0,0.0,10,12.9,10.1,0,10,13.0,9.1,0,10,11.6,10,10.2,10,10.1,10,455,10
2008-04-22T05:00+00:00,5904,17,0,118,10,114,10,3.4,10,7.1,10,973.8,10,,,92,10,0.0,10,0,10,117.0,0.0,0.0,10,12.8,10.1,0,10,12.9,9.1,0,10,11.7,10,10.1,10,10.0,10,524,10
2008-04-22T06:00+00:00,5904,42,0,137,10,147,10,3.3,10,6.1,10,974.0,10,,,90,10,0.0,10,0,10,117.0,0.0,0.0,10,12.8,10.1,0,10,12.9,9.1,0,10,11.7,10,9.9,10,10.2,10,624,10
2008-04-22T07:00+00:00,5904,123,0,122,10,126,10,2.8,10,5.4,10,974.2,10,,,85,10,0.0,10,0,10,117.0,0.0,0.0,10,12.8,10.1,0,10,12.9,9.1,0,10,11.7,10,10.5,10,10.9,10,701,10
2008-04-22T08:00+00:00,5904,390,0,118,10,107,10,2.3,10,5.1,10,974.7,10,,,76,10,0.0,10,0,10,117.0,0.0,0.3,10,12.9,10.1,0,10,12.9,9.1,0,10,11.7,10,13.8,10,13.3,10,818,10
2008-04-22T09:00+00:00,5904,560,0,101,10,118,10,2.1,10,5.1,10,975.1,10,,,68,10,0.0,10,0,10,117.0,0.0,0.8,10,13.1,10.1,0,10,13.1,9.1,0,10,11.7,10,14.8,10,18.4,10,919,10
2008-04-22T10:00+00:00,5904,633,0,107,10,150,10,1.7,10,4.9,10,975.1,10,,,64,10,0.0,10,0,10,117.0,0.0,0.8,10,13.5,10.1,0,10,13.3,9.2,0,10,11.7,10,15.2,10,19.6,10,1026,10
2008-04-22T11:00+00:00,5904,594,0,58,10,80,10,1.9,10,4.6,10,975.1,10,,,56,10,0.0,10,0,10,117.0,0.0,0.6,10,13.8,10.1,0,10,13.6,9.1,0,10,11.7,10,16.9,10,19.1,10,1152,10
2008-04-22T12:00+00:00,5904,256,0,42,10,53,10,3.0,10,7.5,10,975.4,10,,,61,10,0.0,10,0,10,117.0,0.0,0.1,10,14.0,10.2,0,10,13.8,9.2,0,10,11.7,10,16.3,10,17.5,10,1220,10
2008-04-22T13:00+00:00,5904,196,0,41,10,48,10,3.4,10,6.6,10,975.4,10,,,60,10,0.0,10,0,10,118.0,0.0,0.0,10,14.1,10.2,0,10,13.9,9.2,0,10,11.8,10,16.5,10,17.2,10,1359,10
2008-04-22T14:00+00:00,5904,42,0,3,10,274,10,2.8,10,11.3,10,975.9,10,,,71,10,0.0,10,13,10,118.0,0.0,0.0,10,14.1,10.2,0,10,13.9,9.2,0,10,11.8,10,13.9,10,13.0,10,1455,10
2008-04-22T15:00+00:00,5904,16,0,284,10,273,10,5.0,10,9.0,10,976.8,10,,,87,10,3.5,10,53,10,118.0,0.0,0.0,10,13.9,10.2,0,10,13.8,9.2,0,10,11.8,10,9.9,10,7.8,10,1538,10
2008-04-22T16:00+00:00,5904,7,0,260,10,271,10,3.3,10,7.5,10,977.7,10,,,92,10,0.3,10,46,10,118.0,0.0,0.0,10,13.5,10.2,0,10,13.6,9.2,0,10,11.8,10,10.0,10,8.6,10,1623,10
2008-04-22T17:00+00:00,5904,1,0,274,10,274,10,4.5,10,8.0,10,978.8,10,,,92,10,1.9,10,59,10,118.0,0.0,0.0,10,13.3,10.2,0,10,13.5,9.2,0,10,11.8,10,10.3,10,9.4,10,1723,10
2008-04-22T18:00+00:00,5904,0,0,288,10,307,10,3.4,10,8.4,10,979.6,10,,,93,10,3.6,10,60,10,118.0,0.0,0.0,10,13.1,10.2,0,10,13.3,9.2,0,10,11.8,10,10.1,10,9.7,10,1835,10
2008-04-22T19:00+00:00,5904,0,0,302,10,322,10,0.7,10,7.8,10,980.7,10,,,91,10,2.0,10,60,10,118.0,0.0,0.0,10,13.0,10.2,0,10,13.2,9.2,0,10,11.8,10,9.7,10,9.1,10,1920,10
2008-04-22T20:00+00:00,5904,0,0,305,10,339,10,0.7,10,6.7,10,981.8,10,,,90,10,0.2,10,23,10,119.0,0.0,0.0,10,12.9,10.2,0,10,13.1,9.2,0,10,11.9,10,9.7,10,9.0,10,2059,10
2008-04-22T21:00+00:00,5904,0,0,349,10,10,10,2.8,10,8.5,10,982.5,10,,,89,10,0.0,10,0,10,119.0,0.0,0.0,10,12.8,10.2,0,10,13.0,9.2,0,10,11.9,10,9.0,10,8.6,10,2143,10
2008-04-22T22:00+00:00,5904,0,0,340,10,341,10,3.7,10,8.3,10,982.7,10,,,84,10,0.0,10,0,10,119.0,0.0,0.0,10,12.7,10.2,0,10,12.9,9.2,0,10,11.9,10,8.7,10,8.0,10,2258,10
2008-04-22T23:00+00:00,5904,0,0,336,10,340,10,3.6,10,8.9,10,983.4,10,,,83,10,0.0,10,0,10,119.0,0.0,0.0,10,12.6,10.2,0,10,12.8,9.2,0,10,11.9,10,8.7,10,7.8,10,2312,10
2008-04-23T00:00+00:00,5904,0,0,340,10,6,10,3.8,10,9.0,10,983.7,10,,,79,10,0.0,10,0,10,119.0,0.0,0.0,10,12.5,10.3,0,10,12.7,9.2,0,10,11.9,10,8.9,10,7.7,10,34,10
2008-04-23T01:00+00:00,5904,0,0,325,10,333,10,3.9,10,8.1,10,984.1,10,,,80,10,0.0,10,0,10,119.0,0.0,0.0,10,12.4,10.3,0,10,12.7,9.2,0,10,11.9,10,8.7,10,7.2,10,145,10
2008-04-23T02:00+00:00,5904,0,0,310,10,309,10,3.9,10,9.0,10,984.5,10,,,79,10,0.0,10,0,10,120.0,0.0,0.0,10,12.4,10.3,0,10,12.6,9.2,0,10,12.0,10,8.8,10,7.7,10,225,10
2008-04-23T03:00+00:00,5904,0,0,312,10,321,10,3.8,10,7.7,10,984.9,10,,,80,10,0.0,10,0,10,120.0,0.0,0.0,10,12.3,10.3,0,10,12.5,9.2,0,10,12.0,10,8.9,10,7.8,10,346,10
2008-04-23T04:00+00:00,5904,0,0,315,10,315,10,3.7,10,8.4,10,985.3,10,,,78,10,0.0,10,0,10,120.0,0.0,0.0,10,12.2,10.3,0,10,12.4,9.2,0,10,12.0,10,9.0,10,8.0,10,419,10
2008-04-23T05:00+00:00,5904,9,0,320,10,323,10,4.4,10,8.8,10,986.0,10,,,78,10,0.0,10,0,10,120.0,0.0,0.0,10,12.2,10.3,0,10,12.4,9.2,0,10,12.0,10,9.1,10,8.0,10,527,10
2008-04-23T06:00+00:00,5904,29,0,326,10,346,10,4.1,10,9.1,10,987.0,10,,,74,10,0.0,10,0,10,120.0,0.0,0.0,10,12.1,10.3,0,10,12.3,9.2,0,10,12.0,10,9.4,10,8.3,10,635,10
2008-04-23T07:00+00:00,5904,64,0,332,10,322,10,4.4,10,8.9,10,987.8,10,,,71,10,0.0,10,0,10,120.0,0.0,0.0,10,12.1,10.3,0,10,12.3,9.2,0,10,12.0,10,9.8,10,8.5,10,704,10
2008-04-23T08:00+00:00,5904,118,0,332,10,348,10,4.4,10,10.1,10,988.6,10,,,68,10,0.0,10,0,10,120.0,0.0,0.0,10,12.1,10.3,0,10,12.3,9.2,0,10,12.0,10,10.6,10,9.3,10,856,10
2008-04-23T09:00+00:00,5904,219,0,328,10,326,10,4.8,10,10.3,10,989.5,10,,,65,10,0.0,10,0,10,120.0,0.0,0.0,10,12.1,10.3,0,10,12.3,9.2,0,10,12.0,10,10.7,10,11.0,10,912,10
2008-04-23T10:00+00:00,5904,144,0,339,10,349,10,4.6,10,9.8,10,990.1,10,,,61,10,0.0,10,0,10,120.0,0.0,0.0,10,12.2,10.3,0,10,12.3,9.2,0,10,12.0,10,11.2,10,11.0,10,1002,10
2008-04-23T11:00+00:00,5904,270,0,338,10,343,10,4.2,10,9.1,10,990.5,10,,,58,10,0.0,10,0,10,120.0,0.0,0.0,10,12.3,10.4,0,10,12.4,9.2,0,10,12.0,10,12.8,10,11.9,10,1121,10
2008-04-23T12:00+00:00,5904,118,0,317,10,313,10,4.3,10,9.2,10,991.2,10,,,74,10,0.2,10,23,10,120.0,0.0,0.0,10,12.4,10.4,0,10,12.4,9.2,0,10,12.0,10,10.6,10,9.6,10,1249,10
2008-04-23T13:00+00:00,5904,311,0,301,10,293,10,4.2,10,8.2,10,991.5,10,,,72,10,0.0,10,32,10,120.0,0.0,0.1,10,12.5,10.4,0,10,12.5,9.2,0,10,12.0,10,11.8,10,10.5,10,1328,10
2008-04-23T14:00+00:00,5904,277,0,280,10,263,10,4.1,10,9.8,10,991.7,10,,,74,10,0.0,10,0,10,120.0,0.0,0.1,10,12.7,10.4,0,10,12.6,9.2,0,10,12.0,10,12.1,10,12.4,10,1459,10
2008-04-23T15:00+00:00,5904,181,0,282,10,276,10,4.3,10,10.5,10,992.2,10,,,77,10,0.3,10,23,10,119.0,0.0,0.0,10,12.8,10.4,0,10,12.7,9.2,0,10,11.9,10,12.2,10,10.6,10,1510,10
2008-04-23T16:00+00:00,5904,333,0,286,10,278,10,3.6,10,7.8,10,992.7,10,,,69,10,0.0,10,0,10,119.0,0.0,0.7,10,12.9,10.4,0,10,12.8,9.2,0,10,11.9,10,13.0,10,12.6,10,1643,10
2008-04-23T17:00+00:00,5904,114,0,284,10,289,10,4.3,10,7.9,10,993.3,10,,,72,10,0.0,10,0,10,119.0,0.0,0.1,10,12.9,10.4,0,10,12.9,9.2,0,10,11.9,10,12.1,10,11.4,10,1748,10
2008-04-23T18:00+00:00,5904,36,0,297,10,278,10,4.1,10,7.9,10,994.1,10,,,76,10,0.0,10,0,10,119.0,0.0,0.0,10,12.8,10.4,0,10,12.8,9.2,0,10,11.9,10,11.1,10,8.8,10,1805,10
2008-04-23T19:00+00:00,5904,1,0,302,10,300,10,4.0,10,6.5,10,995.1,10,,,77,10,0.0,10,0,10,119.0,0.0,0.0,10,12.7,10.4,0,10,12.7,9.2,0,10,11.9,10,10.2,10,7.4,10,1906,10
2008-04-23T20:00+00:00,5904,0,0,302,10,302,10,4.2,10,5.9,10,995.7,10,,,75,10,0.0,10,0,10,119.0,0.0,0.0,10,12.5,10.4,0,10,12.6,9.2,0,10,11.9,10,9.4,10,5.7,10,2026,10
2008-04-23T21:00+00:00,5904,0,0,306,10,330,10,3.6,10,6.5,10,996.4,10,,,74,10,0.0,10,0,10,119.0,0.0,0.0,10,12.3,10.4,0,10,12.5,9.2,0,10,11.9,10,8.9,10,4.8,10,2119,10
2008-04-23T22:00+00:00,5904,0,0,310,10,334,10,3.9,10,6.7,10,996.8,10,,,74,10,0.0,10,0,10,119.0,0.0,0.0,10,12.1,10.4,0,10,12.3,9.2,0,10,11.9,10,8.4,10,4.0,10,2230,10
2008-04-23T23:00+00:00,5904,0,0,306,10,314,10,3.9,10,6.9,10,997.3,10,,,72,10,0.0,10,0,10,119.0,0.0,0.0,10,11.9,10.5,0,10,12.2,9.2,0,10,11.9,10,8.9,10,4.0,10,2346,10
2008-04-24T00:00+00:00,5904,0,0,305,10,313,10,4.1,10,6.9,10,997.3,10,,,78,10,0.0,10,0,10,119.0,0.0,0.0,10,11.8,10.5,0,10,12.0,9.3,0,10,11.9,10,8.3,10,4.5,10,54,10
2008-04-24T01:00+00:00,5904,0,0,302,10,302,10,4.1,10,6.8,10,997.4,10,,,78,10,0.0,10,0,10,119.0,0.0,0.0,10,11.6,10.5,0,10,11.9,9.3,0,10,11.9,10,7.8,10,4.4,10,102,10
2008-04-24T02:00+00:00,5904,0,0,301,10,295,10,3.7,10,5.4,10,997.4,10,,,76,10,0.0,10,0,10,119.0,0.0,0.0,10,11.4,10.5,0,10,11.7,9.3,0,10,11.9,10,6.7,10,2.0,10,254,10
2008-04-24T03:00+00:00,5904,0,0,306,10,310,10,3.4,10,6.2,10,997.6,10,,,75,10,0.0,10,0,10,119.0,0.0,0.0,10,11.3,10.5,0,10,11.6,9.3,0,10,11.9,10,6.4,10,1.7,10,332,10
2008-04-24T04:00+00:00,5904,0,0,310,10,316,10,3.4,10,6.0,10,998.0,10,,,75,10,0.0,10,0,10,119.0,0.0,0.0,10,11.1,10.5,0,10,11.4,9.3,0,10,11.9,10,5.8,10,1.4,10,417,10
2008-04-24T05:00+00:00,5904,50,0,308,10,318,10,3.3,10,6.2,10,998.6,10,,,67,10,0.0,10,0,10,119.0,0.0,0.7,10,10.9,10.5,0,10,11.3,9.3,0,10,11.9,10,8.2,10,1.1,10,550,10
2008-04-24T06:00+00:00,5904,199,0,310,10,314,10,3.1,10,5.8,10,999.1,10,,,58,10,0.0,10,0,10,119.0,0.0,1.0,10,10.9,10.5,0,10,11.2,9.3,0,10,11.9,10,10.6,10,4.2,10,645,10
2008-04-24T07:00+00:00,5904,366,0,312,10,303,10,3.2,10,6.1,10,999.5,10,,,48,10,0.0,10,0,10,119.0,0.0,1.0,10,10.9,10.5,0,10,11.3,9.3,0,10,11.9,10,13.2,10,8.8,10,706,10
2008-04-24T08:00+00:00,5904,530,0,330,10,335,10,3.0,10,6.2,10,999.8,10,,,44,10,0.0,10,0,10,119.0,0.0,1.0,10,11.2,10.5,0,10,11.5,9.3,0,10,11.9,10,14.2,10,17.7,10,806,10
2008-04-24T09:00+00:00,5904,681,0,2,10,42,10,2.6,10,6.4,10,999.9,10,,,39,10,0.0,10,0,10,119.0,0.0,1.0,10,11.8,10.5,0,10,11.9,9.3,0,10,11.9,10,14.7,10,21.5,10,940,10
2008-04-24T10:00+00:00,5904,838,0,14,10,57,10,3.0,10,7.8,10,999.7,10,,,37,10,0.0,10,0,10,119.0,0.0,1.0,10,12.4,10.5,0,10,12.3,9.3,0,10,11.9,10,14.8,10,23.9,10,1026,10
2008-04-24T11:00+00:00,5904,862,0,10,10,18,10,2.8,10,8.7,10,999.4,10,,,39,10,0.0,10,0,10,118.0,0.0,1.0,10,13.1,10.5,0,10,12.9,9.3,0,10,11.8,10,15.3,10,24.0,10,1115,10
2008-04-24T12:00+00:00,5904,813,0,18,10,26,10,2.6,10,7.2,10,999.2,10,,,39,10,0.0,10,0,10,118.0,0.0,0.9,10,13.8,10.5,0,10,13.4,9.3,0,10,11.8,10,16.1,10,21.7,10,1223,10
2008-04-24T13:00+00:00,5904,785,0,346,10,302,10,1.9,10,6.7,10,998.7,10,,,36,10,0.0,10,0,10,118.0,0.0,1.0,10,14.3,10.5,0,10,13.9,9.3,0,10,11.8,10,16.5,10,24.3,10,1314,10
2008-04-24T14:00+00:00,5904,681,0,344,10,292,10,2.4,10,7.2,10,998.2,10,,,37,10,0.0,10,0,10,118.0,0.0,1.0,10,14.7,10.5,0,10,14.2,9.3,0,10,11.8,10,17.2,10,17.2,10,1405,10
2008-04-24T15:00+00:00,5904,482,0,23,10,15,10,2.8,10,6.4,10,998.0,10,,,37,10,0.0,10,0,10,118.0,0.0,0.9,10,14.7,10.5,0,10,14.4,9.3,0,10,11.8,10,16.2,10,15.3,10,1510,10
2008-04-24T16:00+00:00,5904,150,0,350,10,343,10,2.0,10,6.0,10,998.0,10,,,41,10,0.0,10,0,10,118.0,0.0,0.4,10,14.5,10.5,0,10,14.3,9.3,0,10,11.8,10,14.6,10,11.9,10,1603,10
2008-04-24T17:00+00:00,5904,165,0,36,10,29,10,1.2,10,3.1,10,997.7,10,,,41,10,0.0,10,0,10,118.0,0.0,1.0,10,14.2,10.6,0,10,14.2,9.3,0,10,11.8,10,14.1,10,10.5,10,1724,10
2008-04-24T18:00+00:00,5904,25,0,29,10,49,10,0.9,10,2.6,10,998.0,10,,,50,10,0.0,10,0,10,118.0,0.0,0.7,10,13.9,10.6,0,10,14.0,9.3,0,10,11.8,10,12.6,10,8.0,10,1805,10
2008-04-24T19:00+00:00,5904,1,0,292,10,292,10,2.3,10,3.0,10,998.6,10,,,61,10,0.0,10,0,10,118.0,0.0,0.0,10,13.6,10.6,0,10,13.7,9.3,0,10,11.8,10,10.5,10,6.2,10,1913,10
2008-04-24T20:00+00:00,5904,0,0,273,10,260,10,2.1,10,3.1,10,998.9,10,,,68,10,0.0,10,0,10,118.0,0.0,0.0,10,13.3,10.6,0,10,13.5,9.3,0,10,11.8,10,9.3,10,6.0,10,2059,10
2008-04-24T21:00+00:00,5904,0,0,263,10,256,10,2.8,10,4.2,10,999.0,10,,,69,10,0.0,10,0,10,118.0,0.0,0.0,10,13.1,10.6,0,10,13.3,9.3,0,10,11.8,10,8.6,10,4.8,10,2125,10
2008-04-24T22:00+00:00,5904,0,0,253,10,285,10,1.3,10,2.9,10,999.1,10,,,75,10,0.0,10,0,10,119.0,0.0,0.0,10,12.8,10.6,0,10,13.1,9.3,0,10,11.9,10,8.2,10,3.9,10,2202,10
2008-04-24T23:00+00:00,5904,0,0,242,10,251,10,2.1,10,3.9,10,999.2,10,,,76,10,0.0,10,0,10,119.0,0.0,0.0,10,12.6,10.6,0,10,12.9,9.3,0,10,11.9,10,7.7,10,4.2,10,2323,10
2008-04-25T00:00+00:00,5904,0,0,256,10,274,10,1.9,10,5.3,10,999.1,10,,,77,10,0.0,10,0,10,119.0,0.0,0.0,10,12.4,10.6,0,10,12.7,9.3,0,10,11.9,10,8.2,10,4.2,10,54,10
2008-04-25T01:00+00:00,5904,0,0,272,10,275,10,3.8,10,7.3,10,998.8,10,,,72,10,0.0,10,0,10,119.0,0.0,0.0,10,12.3,10.6,0,10,12.6,9.3,0,10,11.9,10,10.7,10,5.7,10,116,10
2008-04-25T02:00+00:00,5904,0,0,276,10,274,10,4.8,10,8.6,10,998.7,10,,,71,10,0.0,10,0,10,120.0,0.0,0.0,10,12.2,10.6,0,10,12.5,9.3,0,10,12.0,10,10.7,10,7.5,10,254,10
2008-04-25T03:00+00:00,5904,0,0,270,10,281,10,3.9,10,8.8,10,998.7,10,,,73,10,0.0,10,0,10,120.0,0.0,0.0,10,12.1,10.6,0,10,12.4,9.3,0,10,12.0,10,10.3,10,6.9,10,400,10
2008-04-25T04:00+00:00,5904,1,0,262,10,252,10,1.4,10,5.7,10,998.7,10,,,79,10,0.0,10,0,10,120.0,0.0,0.0,10,11.9,10.6,0,10,12.2,9.3,0,10,12.0,10,8.8,10,4.7,10,436,10
2008-04-25T05:00+00:00,5904,58,0,274,10,275,10,2.3,10,6.4,10,998.7,10,,,71,10,0.0,10,0,10,120.0,0.0,0.4,10,11.8,10.6,0,10,12.2,9.3,0,10,12.0,10,11.5,10,4.9,10,552,10
2008-04-25T06:00+00:00,5904,148,0,275,10,260,10,3.1,10,7.0,10,998.6,10,,,64,10,0.0,10,0,10,120.0,0.0,0.4,10,11.9,10.6,0,10,12.1,9.3,0,10,12.0,10,13.6,10,10.3,10,609,10
2008-04-25T07:00+00:00,5904,119,0,276,10,268,10,1.7,10,6.5,10,998.8,10,,,62,10,0.0,10,0,10,120.0,0.0,0.1,10,11.9,10.6,0,10,12.1,9.3,0,10,12.0,10,13.3,10,13.0,10,757,10
2008-04-25T08:00+00:00,5904,262,0,270,10,267,10,4.5,10,10.7,10,998.7,10,,,65,10,0.0,10,7,10,120.0,0.0,0.2,10,12.1,10.6,0,10,12.2,9.3,0,10,12.0,10,13.2,10,13.6,10,844,10
2008-04-25T09:00+00:00,5904,227,0,241,10,254,10,3.7,10,9.8,10,998.9,10,,,70,10,0.0,10,27,10,120.0,0.0,0.2,10,12.2,10.6,0,10,12.3,9.4,0,10,12.0,10,13.5,10,10.6,10,901,10
2008-04-25T10:00+00:00,5904,636,0,254,10,258,10,4.5,10,8.9,10,998.4,10,,,60,10,0.0,10,0,10,120.0,0.0,1.0,10,12.6,10.6,0,10,12.6,9.4,0,10,12.0,10,16.1,10,17.5,10,1015,10
2008-04-25T11:00+00:00,5904,412,0,267,10,257,10,5.9,10,10.9,10,998.1,10,,,60,10,0.0,10,0,10,120.0,0.0,0.2,10,13.0,10.6,0,10,12.9,9.4,0,10,12.0,10,15.5,10,18.6,10,1148,10
2008-04-25T12:00+00:00,5904,222,0,274,10,262,10,8.7,10,19.4,10,998.7,10,,,86,10,1.1,10,37,10,120.0,0.0,0.0,10,13.1,10.6,0,10,13.0,9.4,0,10,12.0,10,10.2,10,9.9,10,1253,10
2008-04-25T13:00+00:00,5904,89,0,280,10,279,10,6.7,10,17.6,10,999.8,10,,,92,10,7.2,10,60,10,120.0,0.0,0.0,10,13.0,10.6,0,10,13.0,9.4,0,10,12.0,10,9.2,10,9.0,10,1309,10
2008-04-25T14:00+00:00,5904,155,0,278,10,310,10,3.5,10,7.6,10,999.1,10,,,88,10,0.6,10,35,10,120.0,0.0,0.0,10,12.9,10.6,0,10,12.9,9.4,0,10,12.0,10,10.0,10,9.3,10,1408,10
2008-04-25T15:00+00:00,5904,197,0,276,10,291,10,4.3,10,10.7,10,998.8,10,,,81,10,0.0,10,0,10,120.0,0.0,0.0,10,12.9,10.6,0,10,12.9,9.4,0,10,12.0,10,10.8,10,11.1,10,1547,10
2008-04-25T16:00+00:00,5904,120,0,274,10,272,10,4.5,10,10.2,10,998.8,10,,,89,10,0.6,10,25,10,120.0,0.0,0.0,10,12.9,10.7,0,10,12.9,9.4,0,10,12.0,10,10.1,10,9.6,10,1613,10
2008-04-25T17:00+00:00,5904,80,0,277,10,277,10,4.4,10,8.7,10,998.6,10,,,86,10,0.1,10,9,10,120.0,0.0,0.4,10,12.9,10.7,0,10,12.9,9.4,0,10,12.0,10,9.6,10,8.7,10,1800,10
2008-04-25T18:00+00:00,5904,11,0,283,10,265,10,4.6,10,9.8,10,999.3,10,,,83,10,0.0,10,15,10,120.0,0.0,0.0,10,12.8,10.7,0,10,12.8,9.4,0,10,12.0,10,9.6,10,8.5,10,1850,10
2008-04-25T19:00+00:00,5904,0,0,297,10,288,10,4.4,10,8.7,10,1000.1,10,,,80,10,0.0,10,3,10,120.0,0.0,0.0,10,12.7,10.7,0,10,12.8,9.4,0,10,12.0,10,9.6,10,8.3,10,1906,10
2008-04-25T20:00+00:00,5904,0,0,305,10,288,10,3.9,10,8.7,10,1000.6,10,,,86,10,0.5,10,49,10,120.0,0.0,0.0,10,12.6,10.7,0,10,12.7,9.4,0,10,12.0,10,8.7,10,7.9,10,2058,10
2008-04-25T21:00+00:00,5904,0,0,305,10,300,10,5.2,10,12.1,10,1000.6,10,,,85,10,0.1,10,8,10,120.0,0.0,0.0,10,12.4,10.7,0,10,12.6,9.4,0,10,12.0,10,8.6,10,7.6,10,2116,10
2008-04-25T22:00+00:00,5904,0,0,297,10,315,10,5.2,10,11.6,10,1000.6,10,,,84,10,0.0,10,0,10,120.0,0.0,0.0,10,12.3,10.7,0,10,12.5,9.4,0,10,12.0,10,8.7,10,6.9,10,2206,10
2008-04-25T23:00+00:00,5904,0,0,296,10,311,10,3.5,10,9.8,10,1000.7,10,,,84,10,0.0,10,0,10,120.0,0.0,0.0,10,12.2,10.7,0,10,12.4,9.4,0,10,12.0,10,8.9,10,7.3,10,2334,10
2008-04-26T00:00+00:00,5904,0,0,292,10,295,10,4.6,10,10.1,10,1000.9,10,,,83,10,0.0,10,0,10,120.0,0.0,0.0,10,12.1,10.7,0,10,12.3,9.4,0,10,12.0,10,9.0,10,7.5,10,21,10
2008-04-26T01:00+00:00,5904,0,0,293,10,280,10,5.2,10,10.8,10,1001.1,10,,,82,10,0.0,10,0,10,120.0,0.0,0.0,10,12.0,10.7,0,10,12.2,9.4,0,10,12.0,10,9.0,10,7.1,10,121,10
2008-04-26T02:00+00:00,5904,0,0,303,10,305,10,5.0,10,9.7,10,1001.4,10,,,82,10,0.0,10,0,10,120.0,0.0,0.0,10,11.9,10.7,0,10,12.1,9.4,0,10,12.0,10,9.1,10,6.8,10,256,10
2008-04-26T03:00+00:00,5904,0,0,312,10,293,10,2.6,10,7.8,10,1001.4,10,,,82,10,0.0,10,0,10,120.0,0.0,0.0,10,11.8,10.7,0,10,12.0,9.4,0,10,12.0,10,9.2,10,7.0,10,328,10
2008-04-26T04:00+00:00,5904,1,0,307,10,310,10,4.6,10,10.5,10,1001.6,10,,,81,10,0.0,10,0,10,120.0,0.0,0.0,10,11.7,10.7,0,10,11.9,9.4,0,10,12.0,10,9.4,10,7.9,10,452,10
2008-04-26T05:00+00:00,5904,32,0,323,10,313,10,4.5,10,8.8,10,1002.3,10,,,82,10,0.0,10,0,10,120.0,0.0,0.0,10,11.7,10.7,0,10,11.9,9.4,0,10,12.0,10,9.1,10,7.3,10,549,10
2008-04-26T06:00+00:00,5904,144,0,301,10,288,10,5.1,10,9.8,10,1002.6,10,,,78,10,0.0,10,0,10,120.0,0.0,0.2,10,11.6,10.7,0,10,11.9,9.4,0,10,12.0,10,10.2,10,7.8,10,642,10
2008-04-26T07:00+00:00,5904,175,0,305,10,304,10,4.6,10,9.6,10,1002.9,10,,,77,10,0.0,10,0,10,120.0,0.0,0.1,10,11.7,10.7,0,10,11.9,9.4,0,10,12.0,10,10.7,10,10.1,10,709,10
2008-04-26T08:00+00:00,5904,339,0,305,10,296,10,4.4,10,10.2,10,1003.3,10,,,73,10,0.0,10,0,10,120.0,0.0,0.4,10,11.8,10.7,0,10,12.0,9.4,0,10,12.0,10,12.2,10,10.8,10,813,10
2008-04-26T09:00+00:00,5904,640,0,308,10,337,10,4.1,10,8.9,10,1003.2,10,,,65,10,0.0,10,0,10,120.0,0.0,1.0,10,12.2,10.7,0,10,12.3,9.4,0,10,12.0,10,13.9,10,16.6,10,913,10
2008-04-26T10:00+00:00,5904,558,0,300,10,310,10,4.0,10,9.5,10,1003.1,10,,,65,10,0.0,10,0,10,120.0,0.0,0.6,10,12.7,10.7,0,10,12.6,9.4,0,10,12.0,10,13.6,10,17.7,10,1021,10
2008-04-26T11:00+00:00,5904,582,0,305,10,296,10,3.7,10,8.7,10,1002.8,10,,,61,10,0.0,10,0,10,120.0,0.0,0.6,10,13.1,10.7,0,10,13.0,9.4,0,10,12.0,10,15.1,10,17.4,10,1158,10
2008-04-26T12:00+00:00,5904,706,0,309,10,293,10,4.1,10,9.1,10,1002.6,10,,,59,10,0.0,10,0,10,120.0,0.0,0.9,10,13.6,10.7,0,10,13.4,9.4,0,10,12.0,10,16.1,10,20.5,10,1255,10
2008-04-26T13:00+00:00,5904,728,0,300,10,286,10,4.3,10,9.4,10,1002.2,10,,,55,10,0.0,10,0,10,119.0,0.0,0.9,10,14.2,10.7,0,10,13.8,9.4,0,10,11.9,10,16.8,10,23.0,10,1338,10
2008-04-26T14:00+00:00,5904,588,0,312,10,282,10,3.8,10,9.1,10,1001.6,10,,,53,10,0.0,10,0,10,119.0,0.0,0.9,10,14.6,10.7,0,10,14.1,9.4,0,10,11.9,10,16.5,10,17.9,10,1403,10
2008-04-26T15:00+00:00,5904,477,0,311,10,316,10,4.8,10,9.2,10,1001.3,10,,,52,10,0.0,10,0,10,119.0,0.0,0.9,10,14.8,10.7,0,10,14.4,9.4,0,10,11.9,10,17.2,10,16.5,10,1528,10
2008-04-26T16:00+00:00,5904,290,0,300,10,305,10,5.3,10,10.4,10,1001.3,10,,,55,10,0.0,10,0,10,119.0,0.0,0.9,10,14.6,10.8,0,10,14.4,9.4,0,10,11.9,10,15.5,10,15.0,10,1657,10
2008-04-26T17:00+00:00,5904,147,0,301,10,295,10,5.6,10,11.4,10,1001.8,10,,,56,10,0.0,10,2,10,119.0,0.0,0.5,10,14.4,10.8,0,10,14.3,9.5,0,10,11.9,10,14.5,10,13.4,10,1705,10
2008-04-26T18:00+00:00,5904,24,0,313,10,322,10,4.7,10,9.6,10,1002.3,10,,,57,10,0.0,10,0,10,120.0,0.0,0.0,10,14.2,10.8,0,10,14.2,9.4,0,10,12.0,10,13.1,10,10.4,10,1843,10
2008-04-26T19:00+00:00,5904,1,0,312,10,317,10,4.6,10,8.2,10,1002.9,10,,,60,10,0.0,10,0,10,120.0,0.0,0.0,10,13.9,10.8,0,10,14.0,9.5,0,10,12.0,10,12.3,10,9.3,10,1913,10
2008-04-26T20:00+00:00,5904,0,0,303,10,303,10,4.7,10,7.7,10,1003.0,10,,,63,10,0.0,10,0,10,120.0,0.0,0.0,10,13.7,10.8,0,10,13.8,9.5,0,10,12.0,10,11.7,10,8.2,10,2010,10
2008-04-26T21:00+00:00,5904,0,0,307,10,291,10,4.3,10,7.3,10,1002.9,10,,,63,10,0.0,10,0,10,120.0,0.0,0.0,10,13.4,10.8,0,10,13.6,9.5,0,10,12.0,10,11.5,10,7.4,10,2103,10
2008-04-26T22:00+00:00,5904,0,0,311,10,315,10,4.3,10,7.3,10,1002.9,10,,,64,10,0.0,10,0,10,120.0,0.0,0.0,10,13.2,10.8,0,10,13.4,9.5,0,10,12.0,10,11.2,10,7.6,10,2232,10
2008-04-26T23:00+00:00,5904,0,0,315,10,310,10,3.1,10,6.6,10,1002.7,10,,,66,10,0.0,10,0,10,121.0,0.0,0.0,10,13.0,10.8,0,10,13.2,9.5,0,10,12.1,10,10.5,10,6.0,10,2327,10
2008-04-27T00:00+00:00,5904,0,0,307,10,310,10,2.3,10,6.0,10,1002.4,10,,,71,10,0.0,10,0,10,121.0,0.0,0.0,10,12.8,10.8,0,10,13.1,9.5,0,10,12.1,10,9.9,10,4.5,10,51,10
2008-04-27T01:00+00:00,5904,0,0,289,10,286,10,1.5,10,4.6,10,1002.1,10,,,78,10,0.0,10,0,10,121.0,0.0,0.0,10,12.6,10.8,0,10,12.9,9.5,0,10,12.1,10,8.8,10,4.5,10,103,10
2008-04-27T02:00+00:00,5904,0,0,266,10,282,10,0.7,10,2.9,10,1002.0,10,,,84,10,0.0,10,0,10,121.0,0.0,0.0,10,12.4,10.8,0,10,12.7,9.5,0,10,12.1,10,7.9,10,3.8,10,300,10
2008-04-27T03:00+00:00,5904,0,0,311,10,319,10,1.9,10,5.0,10,1001.7,10,,,86,10,0.0,10,0,10,121.0,0.0,0.0,10,12.3,10.8,0,10,12.6,9.5,0,10,12.1,10,7.5,10,3.6,10,315,10
2008-04-27T04:00+00:00,5904,2,0,306,10,317,10,1.9,10,4.8,10,1001.6,10,,,88,10,0.0,10,0,10,122.0,0.0,0.0,10,12.1,10.8,0,10,12.4,9.5,0,10,12.2,10,6.9,10,3.2,10,500,10
2008-04-27T05:00+00:00,5904,57,0,291,10,316,10,0.8,10,3.7,10,1001.6,10,,,89,10,0.0,10,0,10,122.0,0.0,0.7,10,11.9,10.8,0,10,12.3,9.5,0,10,12.2,10,7.7,10,3.3,10,522,10
2008-04-27T06:00+00:00,5904,197,0,140,10,127,10,0.4,10,1.7,10,1001.8,10,,,80,10,0.0,10,0,10,122.0,0.0,1.0,10,11.9,10.8,0,10,12.2,9.5,0,10,12.2,10,10.2,10,5.9,10,642,10
2008-04-27T07:00+00:00,5904,357,0,78,10,329,10,0.9,10,2.7,10,1001.8,10,,,63,10,0.0,10,0,10,122.0,0.0,1.0,10,11.9,10.8,0,10,12.2,9.5,0,10,12.2,10,13.3,10,8.7,10,745,10
2008-04-27T08:00+00:00,5904,532,0,61,10,69,10,2.4,10,4.8,10,1001.6,10,,,64,10,0.0,10,0,10,122.0,0.0,1.0,10,12.3,10.8,0,10,12.5,9.5,0,10,12.2,10,14.5,10,20.4,10,858,10
2008-04-27T09:00+00:00,5904,683,0,65,10,74,10,2.9,10,5.7,10,1001.2,10,,,57,10,0.0,10,0,10,122.0,0.0,1.0,10,12.8,10.8,0,10,12.8,9.5,0,10,12.2,10,15.3,10,23.3,10,946,10
2008-04-27T10:00+00:00,5904,793,0,59,10,52,10,2.2,10,5.0,10,1000.7,10,,,49,10,0.0,10,0,10,122.0,0.0,1.0,10,13.5,10.8,0,10,13.4,9.5,0,10,12.2,10,16.6,10,25.7,10,1025,10
2008-04-27T11:00+00:00,5904,844,0,83,10,114,10,2.1,10,6.8,10,999.8,10,,,41,10,0.0,10,0,10,122.0,0.0,1.0,10,14.2,10.8,0,10,14.0,9.5,0,10,12.2,10,18.0,10,27.7,10,1153,10
2008-04-27T12:00+00:00,5904,852,0,87,10,77,10,1.6,10,6.1,10,999.0,10,,,40,10,0.0,10,0,10,122.0,0.0,1.0,10,14.9,10.8,0,10,14.5,9.5,0,10,12.2,10,19.2,10,28.8,10,1211,10
2008-04-27T13:00+00:00,5904,789,0,119,10,63,10,1.0,10,4.8,10,998.3,10,,,34,10,0.0,10,0,10,122.0,0.0,1.0,10,15.6,10.8,0,10,15.0,9.5,0,10,12.2,10,19.1,10,28.5,10,1305,10
2008-04-27T14:00+00:00,5904,683,0,104,10,134,10,2.4,10,6.7,10,997.5,10,,,37,10,0.0,10,0,10,122.0,0.0,1.0,10,15.9,10.8,0,10,15.4,9.5,0,10,12.2,10,19.5,10,20.1,10,1432,10
2008-04-27T15:00+00:00,5904,537,0,115,10,109,10,2.2,10,6.7,10,996.7,10,,,38,10,0.0,10,0,10,122.0,0.0,1.0,10,16.0,10.8,0,10,15.6,9.5,0,10,12.2,10,18.9,10,17.4,10,1529,10
2008-04-27T16:00+00:00,5904,333,0,120,10,113,10,2.6,10,5.7,10,996.2,10,,,36,10,0.0,10,0,10,122.0,0.0,1.0,10,15.7,10.8,0,10,15.5,9.5,0,10,12.2,10,17.9,10,14.4,10,1636,10
2008-04-27T17:00+00:00,5904,194,0,97,10,106,10,2.6,10,4.9,10,995.6,10,,,40,10,0.0,10,0,10,122.0,0.0,1.0,10,15.4,10.8,0,10,15.3,9.5,0,10,12.2,10,16.3,10,12.1,10,1729,10
2008-04-27T18:00+00:00,5904,38,0,86,10,78,10,2.3,10,4.2,10,995.3,10,,,44,10,0.0,10,0,10,122.0,0.0,0.8,10,15.1,10.8,0,10,15.1,9.5,0,10,12.2,10,14.5,10,9.0,10,1816,10
2008-04-27T19:00+00:00,5904,1,0,124,10,116,10,1.4,10,3.1,10,995.4,10,,,53,10,0.0,10,0,10,122.0,0.0,0.0,10,14.7,10.9,0,10,14.9,9.5,0,10,12.2,10,12.5,10,7.4,10,1913,10
2008-04-27T20:00+00:00,5904,0,0,246,10,236,10,1.5,10,4.4,10,995.4,10,,,65,10,0.0,10,0,10,123.0,0.0,0.0,10,14.4,10.9,0,10,14.6,9.5,0,10,12.3,10,10.9,10,6.8,10,2045,10
2008-04-27T21:00+00:00,5904,0,0,259,10,257,10,2.8,10,3.5,10,995.0,10,,,70,10,0.0,10,0,10,123.0,0.0,0.0,10,14.2,10.9,0,10,14.4,9.5,0,10,12.3,10,9.9,10,5.8,10,2134,10
2008-04-27T22:00+00:00,5904,0,0,256,10,252,10,2.2,10,3.2,10,994.5,10,,,75,10,0.0,10,0,10,123.0,0.0,0.0,10,13.9,10.9,0,10,14.1,9.5,0,10,12.3,10,8.8,10,4.7,10,2211,10
2008-04-27T23:00+00:00,5904,0,0,205,10,253,10,0.2,10,1.8,10,993.9,10,,,78,10,0.0,10,0,10,124.0,0.0,0.0,10,13.6,10.9,0,10,13.9,9.5,0,10,12.4,10,8.0,10,3.7,10,2301,10
2008-04-28T00:00+00:00,5904,0,0,226,10,184,10,0.3,10,1.0,10,993.3,10,,,79,10,0.0,10,0,10,124.0,0.0,0.0,10,13.4,10.9,0,10,13.7,9.5,0,10,12.4,10,7.3,10,3.0,10,12,10
2008-04-28T01:00+00:00,5904,0,0,206,10,181,10,0.9,10,2.0,10,992.7,10,,,82,10,0.0,10,0,10,124.0,0.0,0.0,10,13.1,10.9,0,10,13.5,9.5,0,10,12.4,10,6.8,10,2.7,10,130,10
2008-04-28T02:00+00:00,5904,0,0,0,10,281,10,0.0,10,2.0,10,992.1,10,,,84,10,0.0,10,0,10,125.0,0.0,0.0,10,12.9,10.9,0,10,13.3,9.5,0,10,12.5,10,6.2,10,2.6,10,205,10
2008-04-28T03:00+00:00,5904,0,0,63,10,61,10,0.7,10,2.8,10,991.5,10,,,88,10,0.0,10,0,10,125.0,0.0,0.0,10,12.7,10.9,0,10,13.1,9.5,0,10,12.5,10,6.4,10,2.3,10,343,10
2008-04-28T04:00+00:00,5904,1,0,33,10,35,10,1.3,10,2.2,10,991.0,10,,,90,10,0.0,10,0,10,125.0,0.0,0.0,10,12.5,10.9,0,10,12.9,9.6,0,10,12.5,10,5.2,10,1.9,10,458,10
2008-04-28T05:00+00:00,5904,67,0,30,10,47,10,1.0,10,2.0,10,990.9,10,,,85,10,0.0,10,0,10,125.0,0.0,1.0,10,12.3,10.9,0,10,12.8,9.6,0,10,12.5,10,6.9,10,1.9,10,503,10
2008-04-28T06:00+00:00,5904,213,0,89,10,145,10,0.6,10,2.4,10,990.7,10,,,71,10,0.0,10,0,10,125.0,0.0,1.0,10,12.3,10.9,0,10,12.6,9.6,0,10,12.5,10,9.6,10,5.0,10,658,10
2008-04-28T07:00+00:00,5904,375,0,106,10,116,10,1.3,10,3.5,10,990.4,10,,,62,10,0.0,10,0,10,125.0,0.0,1.0,10,12.3,10.9,0,10,12.7,9.6,0,10,12.5,10,13.1,10,7.3,10,715,10
2008-04-28T08:00+00:00,5904,548,0,118,10,114,10,2.3,10,5.4,10,989.8,10,,,49,10,0.0,10,0,10,125.0,0.0,1.0,10,12.6,10.9,0,10,12.9,9.6,0,10,12.5,10,16.4,10,21.0,10,842,10
2008-04-28T09:00+00:00,5904,695,0,131,10,158,10,3.9,10,8.9,10,989.2,10,,,43,10,0.0,10,0,10,125.0,0.0,1.0,10,13.2,10.9,0,10,13.3,9.6,0,10,12.5,10,18.3,10,25.8,10,939,10
2008-04-28T10:00+00:00,5904,799,0,131,10,130,10,5.2,10,9.9,10,988.6,10,,,42,10,0.0,10,0,10,125.0,0.0,1.0,10,13.9,10.9,0,10,13.8,9.6,0,10,12.5,10,19.2,10,27.1,10,1015,10
2008-04-28T11:00+00:00,5904,849,0,136,10,114,10,5.3,10,10.7,10,987.6,10,,,40,10,0.0,10,0,10,125.0,0.0,1.0,10,14.6,10.9,0,10,14.4,9.6,0,10,12.5,10,20.1,10,28.4,10,1153,10
2008-04-28T12:00+00:00,5904,846,0,128,10,116,10,5.6,10,11.1,10,986.7,10,,,37,10,0.0,10,0,10,125.0,0.0,1.0,10,15.3,10.9,0,10,15.0,9.6,0,10,12.5,10,20.9,10,29.3,10,1220,10
2008-04-28T13:00+00:00,5904,779,0,129,10,134,10,5.7,10,11.6,10,986.0,10,,,37,10,0.0,10,0,10,125.0,0.0,1.0,10,15.9,11.0,0,10,15.4,9.6,0,10,12.5,10,21.2,10,28.5,10,1340,10
2008-04-28T14:00+00:00,5904,642,0,127,10,137,10,5.5,10,11.0,10,985.5,10,,,36,10,0.0,10,0,10,125.0,0.0,0.9,10,16.3,11.0,0,10,15.8,9.6,0,10,12.5,10,20.5,10,20.9,10,1406,10
2008-04-28T15:00+00:00,5904,513,0,125,10,103,10,5.4,10,10.9,10,985.2,10,,,35,10,0.0,10,0,10,125.0,0.0,1.0,10,16.3,11.0,0,10,16.0,9.6,0,10,12.5,10,20.4,10,18.8,10,1530,10
2008-04-28T16:00+00:00,5904,302,0,133,10,147,10,5.2,10,9.6,10,984.7,10,,,36,10,0.0,10,0,10,125.0,0.0,1.0,10,16.1,11.0,0,10,15.9,9.6,0,10,12.5,10,19.3,10,16.8,10,1657,10
2008-04-28T17:00+00:00,5904,173,0,138,10,142,10,5.0,10,9.9,10,984.3,10,,,36,10,0.0,10,0,10,126.0,0.0,1.0,10,15.7,11.0,0,10,15.7,9.6,0,10,12.6,10,18.4,10,15.9,10,1751,10
2008-04-28T18:00+00:00,5904,57,0,129,10,145,10,3.7,10,8.8,10,984.2,10,,,39,10,0.0,10,0,10,126.0,0.0,0.8,10,15.5,11.0,0,10,15.5,9.6,0,10,12.6,10,17.2,10,13.8,10,1900,10
2008-04-28T19:00+00:00,5904,2,0,122,10,147,10,3.8,10,7.3,10,984.3,10,,,40,10,0.0,10,0,10,126.0,0.0,0.0,10,15.2,11.0,0,10,15.3,9.6,0,10,12.6,10,15.8,10,11.2,10,1903,10
2008-04-28T20:00+00:00,5904,0,0,124,10,112,10,3.5,10,7.7,10,984.2,10,,,44,10,0.0,10,0,10,126.0,0.0,0.0,10,15.0,11.0,0,10,15.1,9.6,0,10,12.6,10,14.8,10,9.8,10,2003,10
2008-04-28T21:00+00:00,5904,0,0,133,10,139,10,4.0,10,7.8,10,983.9,10,,,45,10,0.0,10,0,10,127.0,0.0,0.0,10,14.7,11.0,0,10,14.9,9.6,0,10,12.7,10,14.5,10,9.8,10,2105,10
2008-04-28T22:00+00:00,5904,0,0,137,10,133,10,3.1,10,7.2,10,983.7,10,,,48,10,0.0,10,0,10,127.0,0.0,0.0,10,14.5,11.0,0,10,14.7,9.6,0,10,12.7,10,13.5,10,8.5,10,2201,10
2008-04-28T23:00+00:00,5904,0,0,153,10,161,10,2.9,10,6.2,10,983.1,10,,,49,10,0.0,10,0,10,127.0,0.0,0.0,10,14.3,11.0,0,10,14.5,9.6,0,10,12.7,10,13.3,10,8.3,10,2329,10
2008-04-29T00:00+00:00,5904,0,0,140,10,151,10,2.2,10,4.9,10,982.3,10,,,56,10,0.0,10,0,10,128.0,0.0,0.0,10,14.1,11.0,0,10,14.3,9.6,0,10,12.8,10,11.4,10,6.6,10,4,10
2008-04-29T01:00+00:00,5904,0,0,136,10,136,10,1.7,10,6.5,10,981.8,10,,,61,10,0.0,10,0,10,128.0,0.0,0.0,10,13.9,11.0,0,10,14.2,9.6,0,10,12.8,10,11.1,10,5.8,10,156,10
2008-04-29T02:00+00:00,5904,0,0,163,10,139,10,2.1,10,7.1,10,981.6,10,,,60,10,0.0,10,0,10,128.0,0.0,0.0,10,13.7,11.0,0,10,14.0,9.6,0,10,12.8,10,11.4,10,6.0,10,300,10
2008-04-29T03:00+00:00,5904,0,0,194,10,180,10,1.5,10,4.1,10,981.2,10,,,63,10,0.0,10,0,10,128.0,0.0,0.0,10,13.6,11.0,0,10,13.9,9.6,0,10,12.8,10,11.0,10,8.5,10,306,10
2008-04-29T04:00+00:00,5904,1,0,38,10,30,10,0.9,10,3.1,10,980.9,10,,,67,10,0.0,10,0,10,129.0,0.0,0.0,10,13.4,11.1,0,10,13.7,9.6,0,10,12.9,10,10.0,10,6.8,10,455,10
2008-04-29T05:00+00:00,5904,59,0,48,10,28,10,1.6,10,2.9,10,981.0,10,,,68,10,0.0,10,0,10,129.0,0.0,0.3,10,13.3,11.1,0,10,13.6,9.6,0,10,12.9,10,10.8,10,7.0,10,504,10
2008-04-29T06:00+00:00,5904,286,0,119,10,118,10,2.8,10,6.4,10,980.8,10,,,58,10,0.0,10,0,10,129.0,0.0,0.9,10,13.3,11.1,0,10,13.6,9.6,0,10,12.9,10,13.2,10,8.8,10,640,10
2008-04-29T07:00+00:00,5904,250,0,112,10,139,10,2.7,10,6.4,10,980.6,10,,,58,10,0.0,10,0,10,129.0,0.0,0.5,10,13.4,11.1,0,10,13.6,9.6,0,10,12.9,10,13.6,10,15.0,10,722,10
2008-04-29T08:00+00:00,5904,230,0,115,10,99,10,2.5,10,6.1,10,980.5,10,,,56,10,0.0,10,0,10,129.0,0.0,0.3,10,13.6,11.1,0,10,13.7,9.6,0,10,12.9,10,13.6,10,14.5,10,817,10
2008-04-29T09:00+00:00,5904,142,0,125,10,120,10,2.3,10,4.2,10,980.1,10,,,58,10,0.0,10,0,10,129.0,0.0,0.0,10,13.7,11.1,0,10,13.8,9.6,0,10,12.9,10,14.0,10,14.0,10,906,10
2008-04-29T10:00+00:00,5904,396,0,120,10,116,10,2.8,10,5.8,10,979.9,10,,,55,10,0.0,10,0,10,129.0,0.0,0.3,10,13.9,11.1,0,10,14.0,9.7,0,10,12.9,10,16.0,10,15.7,10,1057,10
2008-04-29T11:00+00:00,5904,602,0,103,10,94,10,3.6,10,7.3,10,979.3,10,,,54,10,0.0,10,0,10,129.0,0.0,0.5,10,14.4,11.1,0,10,14.3,9.7,0,10,12.9,10,16.8,10,22.7,10,1131,10
2008-04-29T12:00+00:00,5904,417,0,121,10,109,10,3.5,10,6.8,10,978.9,10,,,50,10,0.0,10,0,10,129.0,0.0,0.2,10,14.7,11.1,0,10,14.5,9.7,0,10,12.9,10,17.9,10,20.6,10,1202,10
2008-04-29T13:00+00:00,5904,570,0,146,10,136,10,2.3,10,7.4,10,978.8,10,,,46,10,0.0,10,0,10,129.0,0.0,0.4,10,15.1,11.1,0,10,14.9,9.7,0,10,12.9,10,18.5,10,23.2,10,1345,10
2008-04-29T14:00+00:00,5904,371,0,253,10,267,10,3.4,10,12.4,10,979.0,10,,,67,10,0.0,10,0,10,129.0,0.0,0.3,10,15.3,11.1,0,10,15.0,9.7,0,10,12.9,10,15.4,10,18.5,10,1442,10
2008-04-29T15:00+00:00,5904,356,0,272,10,274,10,7.1,10,13.2,10,979.5,10,,,70,10,0.0,10,0,10,129.0,0.0,0.3,10,15.4,11.1,0,10,15.2,9.7,0,10,12.9,10,14.4,10,16.5,10,1540,10
2008-04-29T16:00+00:00,5904,143,0,272,10,274,10,8.6,10,16.6,10,979.6,10,,,72,10,0.0,10,0,10,129.0,0.0,0.1,10,15.3,11.2,0,10,15.2,9.7,0,10,12.9,10,12.7,10,13.4,10,1627,10
2008-04-29T17:00+00:00,5904,75,0,274,10,264,10,8.2,10,16.5,10,979.8,10,,,72,10,0.0,10,0,10,129.0,0.0,0.0,10,15.1,11.2,0,10,15.1,9.7,0,10,12.9,10,12.2,10,12.1,10,1710,10
2008-04-29T18:00+00:00,5904,19,0,272,10,278,10,7.9,10,14.7,10,980.3,10,,,74,10,0.0,10,0,10,129.0,0.0,0.0,10,14.9,11.2,0,10,14.9,9.7,0,10,12.9,10,11.6,10,10.9,10,1831,10
2008-04-29T19:00+00:00,5904,0,0,272,10,281,10,7.7,10,15.5,10,980.8,10,,,74,10,0.0,10,0,10,129.0,0.0,0.0,10,14.7,11.2,0,10,14.8,9.7,0,10,12.9,10,11.1,10,10.4,10,1908,10
2008-04-29T20:00+00:00,5904,0,0,269,10,266,10,7.3,10,15.2,10,981.0,10,,,73,10,0.0,10,0,10,130.0,0.0,0.0,10,14.5,11.2,0,10,14.6,9.7,0,10,13.0,10,10.8,10,10.2,10,2012,10
2008-04-29T21:00+00:00,5904,0,0,268,10,273,10,7.3,10,14.5,10,981.2,10,,,74,10,0.0,10,0,10,130.0,0.0,0.0,10,14.3,11.2,0,10,14.5,9.7,0,10,13.0,10,10.6,10,9.9,10,2112,10
2008-04-29T22:00+00:00,5904,0,0,268,10,272,10,6.2,10,14.2,10,981.4,10,,,75,10,0.0,10,0,10,130.0,0.0,0.0,10,14.2,11.2,0,10,14.3,9.7,0,10,13.0,10,10.6,10,10.0,10,2209,10
2008-04-29T23:00+00:00,5904,0,0,263,10,290,10,4.1,10,10.1,10,981.8,10,,,77,10,0.0,10,0,10,130.0,0.0,0.0,10,14.0,11.2,0,10,14.2,9.7,0,10,13.0,10,10.5,10,9.9,10,2316,10
2008-04-30T00:00+00:00,5904,0,0,264,10,282,10,2.7,10,6.4,10,981.5,10,,,76,10,0.0,10,1,10,130.0,0.0,0.0,10,13.9,11.2,0,10,14.1,9.7,0,10,13.0,10,10.3,10,9.4,10,45,10
2008-04-30T01:00+00:00,5904,0,0,263,10,292,10,3.1,10,7.9,10,981.4,10,,,78,10,0.0,10,0,10,130.0,0.0,0.0,10,13.8,11.2,0,10,14.0,9.7,0,10,13.0,10,10.0,10,8.7,10,107,10
2008-04-30T02:00+00:00,5904,0,0,262,10,253,10,2.7,10,5.3,10,981.4,10,,,80,10,0.0,10,0,10,130.0,0.0,0.0,10,13.6,11.2,0,10,13.9,9.7,0,10,13.0,10,9.7,10,8.2,10,223,10
2008-04-30T03:00+00:00,5904,0,0,274,10,256,10,1.2,10,3.0,10,981.6,10,,,80,10,0.0,10,0,10,131.0,0.0,0.0,10,13.5,11.2,0,10,13.8,9.7,0,10,13.1,10,9.5,10,7.7,10,347,10
2008-04-30T04:00+00:00,5904,1,0,265,10,265,10,2.1,10,3.4,10,981.6,10,,,82,10,0.0,10,0,10,131.0,0.0,0.0,10,13.4,11.3,0,10,13.6,9.7,0,10,13.1,10,8.4,10,4.8,10,437,10
2008-04-30T05:00+00:00,5904,60,0,259,10,265,10,2.2,10,3.3,10,981.9,10,,,83,10,0.0,10,0,10,131.0,0.0,0.3,10,13.2,11.3,0,10,13.5,9.7,0,10,13.1,10,9.1,10,4.7,10,501,10
2008-04-30T06:00+00:00,5904,161,0,247,10,243,10,1.4,10,2.8,10,981.9,10,,,78,10,0.0,10,0,10,131.0,0.0,0.7,10,13.2,11.3,0,10,13.4,9.7,0,10,13.1,10,10.4,10,7.9,10,611,10
2008-04-30T07:00+00:00,5904,390,0,168,10,132,10,0.3,10,4.2,10,981.8,10,,,66,10,0.0,10,0,10,131.0,0.0,1.0,10,13.2,11.3,0,10,13.5,9.7,0,10,13.1,10,13.9,10,10.1,10,754,10
2008-04-30T08:00+00:00,5904,429,0,120,10,143,10,2.7,10,5.6,10,981.8,10,,,66,10,0.0,10,0,10,131.0,0.0,0.9,10,13.4,11.3,0,10,13.6,9.7,0,10,13.1,10,14.7,10,17.5,10,823,10
2008-04-30T09:00+00:00,5904,701,0,136,10,119,10,4.1,10,8.5,10,981.6,10,,,63,10,0.0,10,0,10,131.0,0.0,1.0,10,13.9,11.3,0,10,14.0,9.7,0,10,13.1,10,16.2,10,24.0,10,937,10
2008-04-30T10:00+00:00,5904,748,0,152,10,153,10,4.2,10,9.8,10,981.3,10,,,61,10,0.0,10,0,10,131.0,0.0,0.9,10,14.5,11.3,0,10,14.5,9.7,0,10,13.1,10,16.8,10,23.1,10,1016,10
2008-04-30T11:00+00:00,5904,782,0,144,10,167,10,5.1,10,10.8,10,981.0,10,,,57,10,0.0,10,0,10,131.0,0.0,0.8,10,15.1,11.3,0,10,15.0,9.7,0,10,13.1,10,17.6,10,23.3,10,1134,10
2008-04-30T12:00+00:00,5904,721,0,141,10,168,10,5.3,10,11.8,10,980.6,10,,,56,10,0.0,10,0,10,131.0,0.0,0.8,10,15.7,11.3,0,10,15.4,9.7,0,10,13.1,10,17.6,10,24.3,10,1208,10
2008-04-30T13:00+00:00,5904,681,0,141,10,169,10,5.8,10,12.2,10,980.1,10,,,56,10,0.0,10,0,10,131.0,0.0,0.8,10,16.1,11.3,0,10,15.7,9.7,0,10,13.1,10,17.2,10,21.9,10,1328,10
2008-04-30T14:00+00:00,5904,453,0,133,10,140,10,5.8,10,11.0,10,979.4,10,,,59,10,0.0,10,0,10,131.0,0.0,0.5,10,16.2,11.3,0,10,15.9,9.7,0,10,13.1,10,17.6,10,18.7,10,1449,10
2008-04-30T15:00+00:00,5904,509,0,143,10,143,10,5.9,10,11.5,10,979.0,10,,,53,10,0.0,10,0,10,131.0,0.0,1.0,10,16.3,11.3,0,10,16.1,9.7,0,10,13.1,10,19.0,10,17.7,10,1600,10
2008-04-30T16:00+00:00,5904,269,0,148,10,145,10,5.6,10,11.9,10,978.9,10,,,53,10,0.0,10,0,10,131.0,0.0,0.7,10,16.1,11.3,0,10,16.0,9.7,0,10,13.1,10,18.2,10,16.6,10,1649,10
2008-04-30T17:00+00:00,5904,167,0,149,10,155,10,5.8,10,12.0,10,978.9,10,,,54,10,0.0,10,0,10,131.0,0.0,0.6,10,15.9,11.4,0,10,15.9,9.7,0,10,13.1,10,17.9,10,16.6,10,1714,10
2008-04-30T18:00+00:00,5904,50,0,145,10,160,10,4.8,10,11.2,10,979.0,10,,,57,10,0.0,10,0,10,131.0,0.0,0.8,10,15.7,11.4,0,10,15.7,9.7,0,10,13.1,10,16.9,10,14.4,10,1802,10
2008-04-30T19:00+00:00,5904,2,0,139,10,146,10,3.7,10,8.3,10,979.5,10,,,60,10,0.0,10,0,10,131.0,0.0,0.0,10,15.4,11.4,0,10,15.5,9.7,0,10,13.1,10,15.6,10,11.5,10,1907,10
2008-04-30T20:00+00:00,5904,0,0,140,10,142,10,2.9,10,6.9,10,979.8,10,,,61,10,0.0,10,0,10,131.0,0.0,0.0,10,15.2,11.4,0,10,15.4,9.7,0,10,13.1,10,15.0,10,11.6,10,2017,10
2008-04-30T21:00+00:00,5904,0,0,148,10,138,10,2.4,10,5.2,10,980.1,10,,,65,10,0.0,10,0,10,132.0,0.0,0.0,10,15.0,11.4,0,10,15.2,9.8,0,10,13.2,10,13.6,10,9.0,10,2102,10
2008-04-30T22:00+00:00,5904,0,0,139,10,122,10,2.1,10,5.8,10,980.3,10,,,67,10,0.0,10,0,10,132.0,0.0,0.0,10,14.8,11.4,0,10,15.0,9.8,0,10,13.2,10,13.1,10,8.0,10,2242,10
2008-04-30T23:00+00:00,5904,0,0,173,10,163,10,2.0,10,5.0,10,981.4,10,,,73,10,0.0,10,0,10,132.0,0.0,0.0,10,14.6,11.4,0,10,14.8,9.8,0,10,13.2,10,11.6,10,7.1,10,2400,10
2008-05-01T00:00+00:00,5904,0,0,266,10,273,10,3.6,10,13.2,10,981.5,10,,,76,10,0.0,10,0,10,132.0,0.0,0.0,10,14.4,11.4,0,10,14.7,9.8,0,10,13.2,10,12.9,10,7.4,10,46,10
2008-05-01T01:00+00:00,5904,0,0,271,10,270,10,9.0,10,19.5,10,981.9,10,,,73,10,0.0,10,0,10,133.0,0.0,0.0,10,14.3,11.4,0,10,14.5,9.8,0,10,13.3,10,12.9,10,10.9,10,158,10
2008-05-01T02:00+00:00,5904,0,0,269,10,264,10,10.0,10,18.8,10,982.7,10,,,73,10,0.0,10,0,10,133.0,0.0,0.0,10,14.2,11.4,0,10,14.4,9.8,0,10,13.3,10,12.6,10,11.2,10,238,10
2008-05-01T03:00+00:00,5904,0,0,275,10,268,10,8.3,10,15.5,10,983.8,10,,,74,10,0.0,10,0,10,133.0,0.0,0.0,10,14.1,11.4,0,10,14.3,9.8,0,10,13.3,10,11.9,10,10.6,10,311,10
2008-05-01T04:00+00:00,5904,2,0,268,10,288,10,5.2,10,11.7,10,985.2,10,,,76,10,0.0,10,0,10,133.0,0.0,0.0,10,13.9,11.4,0,10,14.2,9.8,0,10,13.3,10,11.5,10,10.3,10,416,10
2008-05-01T05:00+00:00,5904,31,0,269,10,271,10,4.2,10,8.5,10,986.1,10,,,74,10,0.0,10,0,10,133.0,0.0,0.0,10,13.9,11.4,0,10,14.1,9.8,0,10,13.3,10,11.8,10,10.2,10,519,10
2008-05-01T06:00+00:00,5904,97,0,267,10,281,10,3.3,10,8.0,10,986.9,10,,,72,10,0.0,10,0,10,134.0,0.0,0.0,10,13.8,11.4,0,10,14.1,9.8,0,10,13.4,10,12.5,10,11.2,10,611,10
2008-05-01T07:00+00:00,5904,274,0,259,10,298,10,3.7,10,10.0,10,987.7,10,,,68,10,0.0,10,2,10,134.0,0.0,0.5,10,13.9,11.5,0,10,14.1,9.8,0,10,13.4,10,13.8,10,13.8,10,711,10
2008-05-01T08:00+00:00,5904,528,0,267,10,269,10,5.2,10,10.2,10,988.3,10,,,62,10,0.0,10,0,10,134.0,0.0,0.8,10,14.2,11.5,0,10,14.3,9.8,0,10,13.4,10,15.8,10,18.1,10,831,10
2008-05-01T09:00+00:00,5904,295,0,261,10,269,10,5.7,10,11.5,10,988.9,10,,,66,10,0.0,10,0,10,134.0,0.0,0.0,10,14.4,11.5,0,10,14.4,9.8,0,10,13.4,10,14.3,10,16.9,10,904,10
2008-05-01T10:00+00:00,5904,212,0,266,10,259,10,4.3,10,9.1,10,989.2,10,,,67,10,0.0,10,4,10,134.0,0.0,0.0,10,14.5,11.5,0,10,14.5,9.8,0,10,13.4,10,13.8,10,15.5,10,1015,10
2008-05-01T11:00+00:00,5904,209,0,276,10,274,10,3.9,10,8.4,10,989.5,10,,,67,10,0.0,10,41,10,134.0,0.0,0.0,10,14.6,11.5,0,10,14.6,9.8,0,10,13.4,10,14.1,10,14.9,10,1118,10
2008-05-01T12:00+00:00,5904,513,0,294,10,305,10,3.4,10,7.6,10,989.3,10,,,60,10,0.0,10,3,10,134.0,0.0,0.4,10,14.8,11.5,0,10,14.8,9.8,0,10,13.4,10,15.8,10,14.5,10,1256,10
2008-05-01T13:00+00:00,5904,395,0,293,10,269,10,3.7,10,8.8,10,989.6,10,,,58,10,0.0,10,0,10,134.0,0.0,0.1,10,15.1,11.5,0,10,15.0,9.8,0,10,13.4,10,15.9,10,19.3,10,1347,10
2008-05-01T14:00+00:00,5904,318,0,281,10,309,10,4.2,10,8.0,10,989.4,10,,,58,10,0.0,10,0,10,134.0,0.0,0.0,10,15.3,11.5,0,10,15.2,9.8,0,10,13.4,10,16.0,10,18.2,10,1431,10
2008-05-01T15:00+00:00,5904,182,0,288,10,320,10,3.2,10,7.1,10,989.9,10,,,58,10,0.0,10,0,10,134.0,0.0,0.0,10,15.3,11.5,0,10,15.2,9.8,0,10,13.4,10,15.3,10,15.3,10,1501,10
2008-05-01T16:00+00:00,5904,75,0,271,10,261,10,2.7,10,5.7,10,990.2,10,,,61,10,0.0,10,3,10,134.0,0.0,0.0,10,15.2,11.5,0,10,15.2,9.8,0,10,13.4,10,14.9,10,14.6,10,1624,10
2008-05-01T17:00+00:00,5904,79,0,262,10,267,10,2.9,10,6.8,10,990.6,10,,,62,10,0.0,10,3,10,134.0,0.0,0.2,10,15.1,11.5,0,10,15.2,9.8,0,10,13.4,10,14.7,10,14.1,10,1752,10
2008-05-01T18:00+00:00,5904,40,0,269,10,267,10,3.7,10,8.3,10,991.1,10,,,64,10,0.0,10,0,10,134.0,0.0,0.0,10,15.0,11.5,0,10,15.1,9.8,0,10,13.4,10,13.9,10,11.8,10,1859,10
2008-05-01T19:00+00:00,5904,2,0,272,10,282,10,4.9,10,9.8,10,991.9,10,,,69,10,0.0,10,0,10,134.0,0.0,0.0,10,14.9,11.5,0,10,14.9,9.8,0,10,13.4,10,12.6,10,10.9,10,1920,10
2008-05-01T20:00+00:00,5904,0,0,270,10,305,10,4.1,10,7.6,10,992.2,10,,,69,10,0.0,10,0,10,134.0,0.0,0.0,10,14.7,11.6,0,10,14.8,9.8,0,10,13.4,10,12.4,10,10.5,10,2008,10
2008-05-01T21:00+00:00,5904,0,0,278,10,281,10,4.8,10,9.6,10,992.2,10,,,66,10,0.0,10,0,10,134.0,0.0,0.0,10,14.5,11.6,0,10,14.7,9.8,0,10,13.4,10,13.0,10,10.8,10,2155,10
2008-05-01T22:00+00:00,5904,0,0,283,10,284,10,5.3,10,9.8,10,992.4,10,,,66,10,0.0,10,0,10,134.0,0.0,0.0,10,14.4,11.6,0,10,14.6,9.8,0,10,13.4,10,12.8,10,11.2,10,2219,10
2008-05-01T23:00+00:00,5904,0,0,287,10,276,10,5.4,10,9.8,10,992.9,10,,,68,10,0.0,10,0,10,134.0,0.0,0.0,10,14.3,11.6,0,10,14.4,9.8,0,10,13.4,10,12.2,10,9.7,10,2304,10
2008-05-02T00:00+00:00,5904,0,0,281,10,285,10,4.5,10,8.3,10,993.5,10,,,68,10,0.0,10,0,10,134.0,0.0,0.0,10,14.1,11.6,0,10,14.3,9.8,0,10,13.4,10,11.8,10,9.0,10,9,10
2008-05-02T01:00+00:00,5904,0,0,282,10,282,10,5.0,10,9.5,10,993.6,10,,,68,10,0.0,10,0,10,134.0,0.0,0.0,10,14.0,11.6,0,10,14.2,9.8,0,10,13.4,10,11.8,10,8.9,10,147,10
2008-05-02T02:00+00:00,5904,0,0,284,10,281,10,4.7,10,8.7,10,993.9,10,,,69,10,0.0,10,0,10,135.0,0.0,0.0,10,13.8,11.6,0,10,14.1,9.8,0,10,13.5,10,11.3,10,8.0,10,216,10
2008-05-02T03:00+00:00,5904,0,0,284,10,281,10,3.8,10,8.5,10,994.3,10,,,71,10,0.0,10,0,10,135.0,0.0,0.0,10,13.7,11.6,0,10,13.9,9.9,0,10,13.5,10,10.8,10,7.1,10,352,10
2008-05-02T04:00+00:00,5904,3,0,291,10,293,10,5.3,10,9.9,10,994.8,10,,,68,10,0.0,10,0,10,135.0,0.0,0.0,10,13.5,11.6,0,10,13.8,9.9,0,10,13.5,10,10.8,10,7.6,10,434,10
2008-05-02T05:00+00:00,5904,80,0,287,10,302,10,5.1,10,9.0,10,995.7,10,,,69,10,0.0,10,0,10,135.0,0.0,0.9,10,13.4,11.6,0,10,13.7,9.9,0,10,13.5,10,11.4,10,7.6,10,507,10
2008-05-02T06:00+00:00,5904,224,0,292,10,306,10,4.9,10,10.4,10,996.3,10,,,64,10,0.0,10,0,10,135.0,0.0,1.0,10,13.3,11.6,0,10,13.6,9.9,0,10,13.5,10,13.1,10,9.5,10,650,10
2008-05-02T07:00+00:00,5904,397,0,296,10,293,10,4.9,10,11.6,10,996.7,10,,,60,10,0.0,10,0,10,135.0,0.0,1.0,10,13.4,11.6,0,10,13.7,9.9,0,10,13.5,10,15.1,10,11.9,10,732,10
2008-05-02T08:00+00:00,5904,515,0,298,10,334,10,4.8,10,8.9,10,997.0,10,,,58,10,0.0,10,0,10,135.0,0.0,1.0,10,13.7,11.6,0,10,13.9,9.9,0,10,13.5,10,15.7,10,22.4,10,810,10
2008-05-02T09:00+00:00,5904,628,0,304,10,309,10,3.0,10,7.6,10,997.0,10,,,56,10,0.0,10,0,10,135.0,0.0,1.0,10,14.2,11.7,0,10,14.3,9.9,0,10,13.5,10,17.0,10,19.9,10,904,10
2008-05-02T10:00+00:00,5904,793,0,294,10,294,10,3.9,10,9.4,10,996.9,10,,,51,10,0.0,10,0,10,134.0,0.0,1.0,10,14.8,11.7,0,10,14.8,9.9,0,10,13.4,10,18.3,10,26.9,10,1044,10
2008-05-02T11:00+00:00,5904,538,0,296,10,341,10,3.9,10,11.0,10,996.5,10,,,46,10,0.0,10,0,10,134.0,0.0,0.5,10,15.3,11.7,0,10,15.2,9.9,0,10,13.4,10,18.4,10,20.6,10,1151,10
2008-05-02T12:00+00:00,5904,844,0,308,10,306,10,4.8,10,10.4,10,996.2,10,,,41,10,0.0,10,0,10,134.0,0.0,1.0,10,15.9,11.7,0,10,15.7,9.9,0,10,13.4,10,19.6,10,25.6,10,1223,10
2008-05-02T13:00+00:00,5904,815,0,303,10,284,10,5.0,10,11.3,10,996.2,10,,,40,10,0.0,10,0,10,134.0,0.0,1.0,10,16.5,11.7,0,10,16.1,9.9,0,10,13.4,10,20.0,10,28.4,10,1332,10
2008-05-02T14:00+00:00,5904,731,0,274,10,267,10,5.9,10,11.2,10,996.1,10,,,43,10,0.0,10,0,10,134.0,0.0,1.0,10,16.9,11.7,0,10,16.5,9.9,0,10,13.4,10,19.5,10,19.9,10,1416,10
2008-05-02T15:00+00:00,5904,568,0,282,10,260,10,5.6,10,10.8,10,996.0,10,,,44,10,0.0,10,0,10,134.0,0.0,1.0,10,17.0,11.7,0,10,16.7,9.9,0,10,13.4,10,19.3,10,17.4,10,1506,10
2008-05-02T16:00+00:00,5904,372,0,288,10,300,10,5.1,10,10.4,10,995.9,10,,,42,10,0.0,10,0,10,134.0,0.0,1.0,10,16.7,11.7,0,10,16.6,9.9,0,10,13.4,10,18.5,10,16.1,10,1700,10
2008-05-02T17:00+00:00,5904,202,0,288,10,289,10,4.4,10,8.1,10,996.0,10,,,43,10,0.0,10,0,10,134.0,0.0,1.0,10,16.4,11.7,0,10,16.4,9.9,0,10,13.4,10,17.5,10,13.5,10,1710,10
2008-05-02T18:00+00:00,5904,48,0,277,10,281,10,4.1,10,11.6,10,996.6,10,,,50,10,0.0,10,0,10,134.0,0.0,0.1,10,16.1,11.7,0,10,16.2,9.9,0,10,13.4,10,15.9,10,11.6,10,1855,10
2008-05-02T19:00+00:00,5904,2,0,276,10,276,10,6.0,10,11.3,10,997.2,10,,,57,10,0.0,10,0,10,135.0,0.0,0.0,10,15.8,11.7,0,10,16.0,9.9,0,10,13.5,10,14.3,10,10.4,10,1928,10
2008-05-02T20:00+00:00,5904,0,0,281,10,294,10,6.1,10,10.8,10,997.2,10,,,59,10,0.0,10,0,10,135.0,0.0,0.0,10,15.5,11.7,0,10,15.7,9.9,0,10,13.5,10,13.9,10,10.4,10,2024,10
2008-05-02T21:00+00:00,5904,0,0,287,10,289,10,5.2,10,9.8,10,997.4,10,,,60,10,0.0,10,0,10,135.0,0.0,0.0,10,15.3,11.7,0,10,15.5,9.9,0,10,13.5,10,13.8,10,10.9,10,2117,10
2008-05-02T22:00+00:00,5904,0,0,300,10,326,10,4.5,10,9.3,10,997.7,10,,,60,10,0.0,10,0,10,135.0,0.0,0.0,10,15.1,11.7,0,10,15.4,9.9,0,10,13.5,10,13.7,10,11.2,10,2244,10
2008-05-02T23:00+00:00,5904,0,0,315,10,300,10,4.5,10,12.9,10,998.7,10,,,66,10,0.0,10,2,10,136.0,0.0,0.0,10,15.0,11.7,0,10,15.2,9.9,0,10,13.6,10,12.8,10,11.2,10,2358,10
2008-05-03T00:00+00:00,5904,0,0,296,10,309,10,6.3,10,13.7,10,998.5,10,,,71,10,0.0,10,16,10,136.0,0.0,0.0,10,14.8,11.8,0,10,15.1,9.9,0,10,13.6,10,11.2,10,9.1,10,12,10
2008-05-03T01:00+00:00,5904,0,0,284,10,276,10,2.1,10,5.7,10,997.9,10,,,70,10,0.0,10,0,10,136.0,0.0,0.0,10,14.6,11.8,0,10,14.9,9.9,0,10,13.6,10,11.0,10,8.9,10,118,10
2008-05-03T02:00+00:00,5904,0,0,308,10,330,10,2.0,10,7.3,10,998.3,10,,,70,10,0.0,10,0,10,136.0,0.0,0.0,10,14.5,11.8,0,10,14.8,9.9,0,10,13.6,10,10.9,10,6.6,10,247,10
2008-05-03T03:00+00:00,5904,0,0,304,10,316,10,4.4,10,9.6,10,998.3,10,,,71,10,0.0,10,0,10,137.0,0.0,0.0,10,14.3,11.8,0,10,14.6,9.9,0,10,13.7,10,10.6,10,7.8,10,344,10
2008-05-03T04:00+00:00,5904,3,0,301,10,307,10,4.0,10,7.5,10,998.6,10,,,73,10,0.0,10,0,10,137.0,0.0,0.0,10,14.1,11.8,0,10,14.4,9.9,0,10,13.7,10,10.2,10,6.1,10,443,10
2008-05-03T05:00+00:00,5904,79,0,305,10,290,10,4.4,10,9.5,10,999.2,10,,,72,10,0.0,10,0,10,137.0,0.0,1.0,10,14.0,11.8,0,10,14.3,9.9,0,10,13.7,10,10.9,10,6.4,10,540,10
2008-05-03T06:00+00:00,5904,201,0,309,10,307,10,3.6,10,7.6,10,999.8,10,,,70,10,0.0,10,0,10,137.0,0.0,0.9,10,13.9,11.8,0,10,14.2,9.9,0,10,13.7,10,11.6,10,9.5,10,637,10
2008-05-03T07:00+00:00,5904,150,0,316,10,322,10,3.9,10,8.9,10,1000.0,10,,,70,10,0.0,10,0,10,137.0,0.0,0.3,10,13.8,11.8,0,10,14.1,9.9,0,10,13.7,10,11.8,10,10.3,10,715,10
2008-05-03T08:00+00:00,5904,561,0,333,10,335,10,4.1,10,8.7,10,1000.2,10,,,64,10,0.0,10,0,10,137.0,0.0,1.0,10,14.1,11.8,0,10,14.3,10.0,0,10,13.7,10,14.8,10,11.2,10,820,10
2008-05-03T09:00+00:00,5904,714,0,324,10,333,10,4.2,10,10.1,10,1000.1,10,,,61,10,0.0,10,0,10,137.0,0.0,1.0,10,14.6,11.8,0,10,14.7,10.0,0,10,13.7,10,15.7,10,24.7,10,941,10
2008-05-03T10:00+00:00,5904,575,0,316,10,349,10,4.5,10,10.6,10,999.9,10,,,61,10,0.0,10,0,10,137.0,0.0,0.5,10,15.1,11.8,0,10,15.1,10.0,0,10,13.7,10,15.5,10,18.6,10,1013,10
2008-05-03T11:00+00:00,5904,459,0,319,10,339,10,4.2,10,9.3,10,999.7,10,,,59,10,0.0,10,12,10,137.0,0.0,0.4,10,15.4,11.8,0,10,15.4,10.0,0,10,13.7,10,16.1,10,15.5,10,1143,10
2008-05-03T12:00+00:00,5904,806,0,329,10,306,10,4.1,10,10.2,10,999.3,10,,,55,10,0.0,10,0,10,137.0,0.0,1.0,10,15.9,11.8,0,10,15.8,10.0,0,10,13.7,10,17.7,10,21.8,10,1232,10
2008-05-03T13:00+00:00,5904,784,0,316,10,284,10,4.6,10,10.5,10,999.1,10,,,50,10,0.0,10,0,10,137.0,0.0,1.0,10,16.6,11.8,0,10,16.3,10.0,0,10,13.7,10,18.5,10,26.0,10,1358,10
2008-05-03T14:00+00:00,5904,639,0,334,10,339,10,4.8,10,10.5,10,999.1,10,,,57,10,0.0,10,5,10,137.0,0.0,0.8,10,16.9,11.9,0,10,16.6,10.0,0,10,13.7,10,16.3,10,17.4,10,1429,10
2008-05-03T15:00+00:00,5904,331,0,323,10,306,10,2.9,10,11.6,10,999.1,10,,,70,10,1.1,10,24,10,137.0,0.0,0.5,10,16.9,11.9,0,10,16.7,10.0,0,10,13.7,10,15.5,10,12.7,10,1536,10
2008-05-03T16:00+00:00,5904,176,0,302,10,298,10,5.1,10,10.8,10,998.8,10,,,62,10,0.0,10,9,10,137.0,0.0,0.2,10,16.6,11.9,0,10,16.6,10.0,0,10,13.7,10,14.5,10,12.2,10,1615,10
2008-05-03T17:00+00:00,5904,115,0,305,10,300,10,4.5,10,9.3,10,998.9,10,,,61,10,0.0,10,0,10,137.0,0.0,0.4,10,16.4,11.9,0,10,16.4,10.0,0,10,13.7,10,14.5,10,11.2,10,1732,10
2008-05-03T18:00+00:00,5904,59,0,348,10,355,10,3.3,10,11.1,10,999.4,10,,,69,10,0.0,10,0,10,137.0,0.0,0.3,10,16.1,11.9,0,10,16.2,10.0,0,10,13.7,10,13.0,10,9.7,10,1814,10
2008-05-03T19:00+00:00,5904,2,0,321,10,328,10,2.6,10,5.6,10,999.5,10,,,71,10,0.0,10,0,10,138.0,0.0,0.0,10,15.8,11.9,0,10,16.0,10.0,0,10,13.8,10,11.6,10,6.8,10,1956,10
2008-05-03T20:00+00:00,5904,0,0,332,10,324,10,3.3,10,5.6,10,1000.0,10,,,70,10,0.0,10,0,10,138.0,0.0,0.0,10,15.5,11.9,0,10,15.7,10.0,0,10,13.8,10,11.8,10,6.8,10,2041,10
2008-05-03T21:00+00:00,5904,0,0,325,10,326,10,3.7,10,6.1,10,1000.0,10,,,73,10,0.0,10,0,10,138.0,0.0,0.0,10,15.2,11.9,0,10,15.5,10.0,0,10,13.8,10,11.5,10,6.6,10,2118,10
2008-05-03T22:00+00:00,5904,0,0,319,10,310,10,2.6,10,5.6,10,999.8,10,,,78,10,0.0,10,0,10,138.0,0.0,0.0,10,15.0,11.9,0,10,15.3,10.0,0,10,13.8,10,10.1,10,5.8,10,2228,10
2008-05-03T23:00+00:00,5904,0,0,322,10,326,10,2.3,10,5.1,10,999.6,10,,,80,10,0.0,10,0,10,138.0,0.0,0.0,10,14.8,11.9,0,10,15.1,10.0,0,10,13.8,10,9.6,10,5.0,10,2326,10
2008-05-04T00:00+00:00,5904,0,0,325,10,321,10,2.4,10,6.8,10,999.3,10,,,74,10,0.0,10,0,10,139.0,0.0,0.0,10,14.6,11.9,0,10,14.9,10.0,0,10,13.9,10,11.4,10,5.0,10,27,10
2008-05-04T01:00+00:00,5904,0,0,326,10,332,10,3.1,10,7.1,10,999.0,10,,,74,10,0.0,10,0,10,139.0,0.0,0.0,10,14.4,11.9,0,10,14.7,10.0,0,10,13.9,10,10.7,10,6.2,10,113,10
2008-05-04T02:00+00:00,5904,0,0,330,10,331,10,3.3,10,7.2,10,998.8,10,,,75,10,0.0,10,0,10,139.0,0.0,0.0,10,14.2,11.9,0,10,14.6,10.0,0,10,13.9,10,10.3,10,5.7,10,228,10
2008-05-04T03:00+00:00,5904,0,0,329,10,311,10,3.4,10,6.6,10,998.6,10,,,74,10,0.0,10,0,10,139.0,0.0,0.0,10,14.0,11.9,0,10,14.4,10.0,0,10,13.9,10,10.2,10,5.6,10,319,10
2008-05-04T04:00+00:00,5904,4,0,309,10,299,10,1.7,10,4.8,10,998.7,10,,,77,10,0.0,10,0,10,139.0,0.0,0.0,10,13.9,12.0,0,10,14.3,10.0,0,10,13.9,10,9.7,10,6.1,10,434,10
2008-05-04T05:00+00:00,5904,82,0,317,10,339,10,1.4,10,4.8,10,999.1,10,,,73,10,0.0,10,0,10,139.0,0.0,1.0,10,13.8,11.9,0,10,14.1,10.0,0,10,13.9,10,10.8,10,6.9,10,524,10
2008-05-04T06:00+00:00,5904,232,0,310,10,324,10,2.0,10,5.6,10,999.3,10,,,68,10,0.0,10,0,10,139.0,0.0,1.0,10,13.7,12.0,0,10,14.1,10.0,0,10,13.9,10,12.1,10,8.3,10,655,10
2008-05-04T07:00+00:00,5904,402,0,318,10,288,10,2.7,10,6.1,10,999.4,10,,,65,10,0.0,10,0,10,139.0,0.0,1.0,10,13.8,12.0,0,10,14.1,10.0,0,10,13.9,10,14.0,10,10.0,10,732,10
2008-05-04T08:00+00:00,5904,568,0,332,10,352,10,2.4,10,5.8,10,999.2,10,,,62,10,0.0,10,0,10,139.0,0.0,1.0,10,14.1,12.0,0,10,14.4,10.0,0,10,13.9,10,15.4,10,19.5,10,832,10
2008-05-04T09:00+00:00,5904,711,0,342,10,348,10,2.9,10,7.0,10,999.0,10,,,61,10,0.0,10,0,10,139.0,0.0,1.0,10,14.7,12.0,0,10,14.8,10.0,0,10,13.9,10,15.8,10,23.0,10,938,10
2008-05-04T10:00+00:00,5904,626,0,360,10,20,10,3.4,10,7.7,10,998.6,10,,,57,10,0.0,10,0,10,139.0,0.0,0.7,10,15.2,12.0,0,10,15.1,10.0,0,10,13.9,10,16.1,10,19.1,10,1028,10
2008-05-04T11:00+00:00,5904,438,0,18,10,60,10,1.9,10,7.9,10,998.0,10,,,52,10,0.0,10,0,10,139.0,0.0,0.3,10,15.5,12.0,0,10,15.5,10.0,0,10,13.9,10,16.4,10,17.4,10,1156,10
2008-05-04T12:00+00:00,5904,641,0,23,10,321,10,2.6,10,8.7,10,998.0,10,,,52,10,0.0,10,5,10,139.0,0.0,0.7,10,16.0,12.0,0,10,15.8,10.0,0,10,13.9,10,16.2,10,18.1,10,1254,10
2008-05-04T13:00+00:00,5904,194,0,308,10,282,10,4.9,10,11.4,10,997.9,10,,,66,10,0.1,10,40,10,139.0,0.0,0.0,10,16.0,12.0,0,10,15.9,10.1,0,10,13.9,10,13.9,10,13.1,10,1355,10
2008-05-04T14:00+00:00,5904,179,0,289,10,258,10,4.5,10,9.6,10,997.5,10,,,60,10,0.0,10,5,10,139.0,0.0,0.0,10,15.9,12.0,0,10,15.9,10.1,0,10,13.9,10,14.3,10,14.3,10,1401,10
2008-05-04T15:00+00:00,5904,222,0,281,10,298,10,3.3,10,5.9,10,997.0,10,,,57,10,0.0,10,0,10,139.0,0.0,0.1,10,15.8,12.0,0,10,15.9,10.1,0,10,13.9,10,15.9,10,13.9,10,1553,10
2008-05-04T16:00+00:00,5904,366,0,1,10,354,10,3.0,10,6.4,10,996.6,10,,,54,10,0.0,10,0,10,139.0,0.0,1.0,10,15.8,12.0,0,10,15.8,10.1,0,10,13.9,10,16.3,10,14.9,10,1615,10
2008-05-04T17:00+00:00,5904,136,0,314,10,283,10,2.9,10,7.7,10,996.4,10,,,57,10,0.0,10,0,10,139.0,0.0,0.4,10,15.7,12.1,0,10,15.7,10.1,0,10,13.9,10,14.5,10,11.0,10,1758,10
2008-05-04T18:00+00:00,5904,64,0,306,10,292,10,2.0,10,6.4,10,996.9,10,,,62,10,0.0,10,0,10,139.0,0.0,0.8,10,15.4,12.0,0,10,15.6,10.1,0,10,13.9,10,12.5,10,8.5,10,1801,10
2008-05-04T19:00+00:00,5904,3,0,8,10,17,10,2.6,10,7.9,10,997.8,10,,,62,10,0.0,10,0,10,139.0,0.0,0.0,10,15.2,12.1,0,10,15.4,10.1,0,10,13.9,10,13.1,10,6.8,10,1956,10
2008-05-04T20:00+00:00,5904,0,0,8,10,17,10,2.4,10,6.3,10,998.0,10,,,66,10,0.0,10,13,10,139.0,0.0,0.0,10,15.0,12.1,0,10,15.2,10.1,0,10,13.9,10,12.0,10,9.1,10,2010,10
2008-05-04T21:00+00:00,5904,0,0,27,10,26,10,2.8,10,4.2,10,998.1,10,,,68,10,0.0,10,0,10,139.0,0.0,0.0,10,14.8,12.1,0,10,15.0,10.1,0,10,13.9,10,10.8,10,5.1,10,2115,10
2008-05-04T22:00+00:00,5904,0,0,25,10,27,10,3.3,10,6.1,10,998.1,10,,,69,10,0.0,10,0,10,139.0,0.0,0.0,10,14.5,12.1,0,10,14.9,10.1,0,10,13.9,10,10.4,10,4.8,10,2229,10
2008-05-04T23:00+00:00,5904,0,0,15,10,9,10,2.8,10,5.0,10,998.0,10,,,71,10,0.0,10,0,10,139.0,0.0,0.0,10,14.3,12.1,0,10,14.7,10.1,0,10,13.9,10,10.2,10,4.2,10,2335,10
2008-05-05T00:00+00:00,5904,0,0,357,10,11,10,1.6,10,4.1,10,997.9,10,,,78,10,0.0,10,0,10,140.0,0.0,0.0,10,14.1,12.1,0,10,14.5,10.1,0,10,14.0,10,8.4,10,3.4,10,9,10
2008-05-05T01:00+00:00,5904,0,0,325,10,316,10,3.5,10,6.4,10,997.8,10,,,76,10,0.0,10,0,10,140.0,0.0,0.0,10,13.9,12.1,0,10,14.3,10.1,0,10,14.0,10,9.2,10,3.3,10,120,10
2008-05-05T02:00+00:00,5904,0,0,315,10,342,10,2.9,10,5.2,10,997.6,10,,,78,10,0.0,10,0,10,140.0,0.0,0.0,10,13.7,12.1,0,10,14.1,10.1,0,10,14.0,10,8.9,10,3.2,10,204,10
2008-05-05T03:00+00:00,5904,0,0,315,10,309,10,3.7,10,6.5,10,997.6,10,,,77,10,0.0,10,0,10,140.0,0.0,0.0,10,13.5,12.1,0,10,13.9,10.1,0,10,14.0,10,9.3,10,3.3,10,348,10
2008-05-05T04:00+00:00,5904,2,0,307,10,324,10,3.2,10,6.5,10,997.7,10,,,77,10,0.0,10,0,10,140.0,0.0,0.0,10,13.4,12.1,0,10,13.8,10.1,0,10,14.0,10,9.9,10,5.0,10,414,10
2008-05-05T05:00+00:00,5904,17,0,298,10,291,10,4.1,10,7.9,10,998.2,10,,,80,10,0.0,10,17,10,140.0,0.0,0.0,10,13.4,12.1,0,10,13.8,10.1,0,10,14.0,10,9.5,10,7.8,10,520,10
2008-05-05T06:00+00:00,5904,50,0,301,10,301,10,3.4,10,6.3,10,998.7,10,,,79,10,0.0,10,7,10,140.0,0.0,0.0,10,13.4,12.1,0,10,13.7,10.1,0,10,14.0,10,10.0,10,8.4,10,605,10
2008-05-05T07:00+00:00,5904,34,0,307,10,312,10,3.0,10,6.3,10,999.0,10,,,80,10,0.0,10,11,10,140.0,0.0,0.0,10,13.4,12.1,0,10,13.7,10.1,0,10,14.0,10,9.9,10,9.2,10,727,10
2008-05-05T08:00+00:00,5904,48,0,306,10,305,10,3.1,10,6.5,10,999.3,10,,,81,10,0.0,10,10,10,140.0,0.0,0.0,10,13.4,12.1,0,10,13.7,10.1,0,10,14.0,10,10.2,10,8.9,10,806,10
2008-05-05T09:00+00:00,5904,241,0,300,10,298,10,3.8,10,7.7,10,999.4,10,,,76,10,0.0,10,0,10,139.0,0.0,0.0,10,13.5,12.1,0,10,13.7,10.1,0,10,13.9,10,12.2,10,10.0,10,923,10
2008-05-05T10:00+00:00,5904,186,0,313,10,322,10,2.5,10,6.5,10,999.5,10,,,76,10,0.0,10,0,10,139.0,0.0,0.0,10,13.7,12.2,0,10,13.8,10.1,0,10,13.9,10,12.3,10,13.7,10,1038,10
2008-05-05T11:00+00:00,5904,392,0,297,10,297,10,3.7,10,8.2,10,999.3,10,,,74,10,0.0,10,0,10,139.0,0.0,0.0,10,13.9,12.2,0,10,14.0,10.1,0,10,13.9,10,13.9,10,14.2,10,1132,10
2008-05-05T12:00+00:00,5904,658,0,292,10,307,10,4.5,10,8.9,10,998.6,10,,,69,10,0.0,10,0,10,139.0,0.0,0.7,10,14.4,12.2,0,10,14.4,10.1,0,10,13.9,10,16.2,10,18.4,10,1221,10
2008-05-05T13:00+00:00,5904,405,0,302,10,307,10,3.6,10,8.1,10,998.4,10,,,71,10,0.0,10,8,10,139.0,0.0,0.3,10,14.8,12.2,0,10,14.6,10.2,0,10,13.9,10,14.8,10,16.6,10,1353,10
2008-05-05T14:00+00:00,5904,241,0,295,10,293,10,4.4,10,8.9,10,998.1,10,,,71,10,0.0,10,14,10,139.0,0.0,0.1,10,14.9,12.2,0,10,14.8,10.2,0,10,13.9,10,15.0,10,14.9,10,1454,10
2008-05-05T15:00+00:00,5904,160,0,292,10,312,10,3.7,10,8.2,10,998.2,10,,,73,10,0.0,10,3,10,138.0,0.0,0.0,10,14.9,12.2,0,10,14.9,10.2,0,10,13.8,10,14.7,10,14.3,10,1523,10
2008-05-05T16:00+00:00,5904,32,0,280,10,317,10,1.5,10,6.5,10,998.1,10,,,92,10,0.9,10,47,10,138.0,0.0,0.0,10,14.8,12.2,0,10,14.9,10.2,0,10,13.8,10,12.9,10,12.1,10,1607,10
2008-05-05T17:00+00:00,5904,37,0,263,10,266,10,2.6,10,4.6,10,997.8,10,,,91,10,0.2,10,47,10,138.0,0.0,0.0,10,14.8,12.2,0,10,14.8,10.2,0,10,13.8,10,12.6,10,12.3,10,1743,10
2008-05-05T18:00+00:00,5904,11,0,297,10,291,10,3.4,10,9.1,10,997.5,10,,,86,10,0.0,10,16,10,138.0,0.0,0.0,10,14.7,12.2,0,10,14.7,10.2,0,10,13.8,10,12.3,10,11.2,10,1858,10
2008-05-05T19:00+00:00,5904,2,0,278,10,260,10,3.1,10,9.1,10,997.9,10,,,91,10,0.0,10,8,10,138.0,0.0,0.0,10,14.5,12.2,0,10,14.7,10.2,0,10,13.8,10,11.7,10,10.6,10,1903,10
2008-05-05T20:00+00:00,5904,0,0,278,10,300,10,1.6,10,5.6,10,998.5,10,,,91,10,1.1,10,16,10,138.0,0.0,0.0,10,14.4,12.2,0,10,14.6,10.2,0,10,13.8,10,11.9,10,10.6,10,2024,10
2008-05-05T21:00+00:00,5904,0,0,331,10,345,10,2.7,10,8.7,10,998.6,10,,,93,10,2.1,10,47,10,138.0,0.0,0.0,10,14.3,12.2,0,10,14.5,10.2,0,10,13.8,10,11.2,10,10.6,10,2112,10
2008-05-05T22:00+00:00,5904,0,0,295,10,293,10,3.2,10,6.2,10,998.4,10,,,93,10,0.0,10,0,10,138.0,0.0,0.0,10,14.2,12.2,0,10,14.4,10.2,0,10,13.8,10,11.3,10,9.3,10,2251,10
2008-05-05T23:00+00:00,5904,0,0,291,10,296,10,3.3,10,6.7,10,998.5,10,,,93,10,0.0,10,0,10,138.0,0.0,0.0,10,14.1,12.2,0,10,14.3,10.2,0,10,13.8,10,10.5,10,7.3,10,2332,10
2008-05-06T00:00+00:00,5904,0,0,279,10,288,10,2.2,10,5.7,10,998.2,10,,,93,10,0.0,10,0,10,138.0,0.0,0.0,10,13.9,12.2,0,10,14.2,10.2,0,10,13.8,10,10.3,10,6.4,10,43,10
2008-05-06T01:00+00:00,5904,0,0,288,10,297,10,1.9,10,5.8,10,998.2,10,,,93,10,0.0,10,0,10,138.0,0.0,0.0,10,13.8,12.2,0,10,14.0,10.2,0,10,13.8,10,9.9,10,6.5,10,145,10
2008-05-06T02:00+00:00,5904,0,0,281,10,302,10,2.4,10,4.8,10,998.5,10,,,92,10,0.0,10,0,10,138.0,0.0,0.0,10,13.6,12.2,0,10,13.9,10.2,0,10,13.8,10,10.2,10,6.9,10,236,10
2008-05-06T03:00+00:00,5904,0,0,288,10,288,10,3.0,10,5.7,10,998.4,10,,,91,10,0.0,10,0,10,138.0,0.0,0.0,10,13.5,12.2,0,10,13.8,10.2,0,10,13.8,10,10.1,10,7.7,10,324,10
2008-05-06T04:00+00:00,5904,7,0,287,10,299,10,2.5,10,5.8,10,998.3,10,,,92,10,0.0,10,0,10,138.0,0.0,0.1,10,13.5,12.2,0,10,13.7,10.2,0,10,13.8,10,9.4,10,6.1,10,500,10
2008-05-06T05:00+00:00,5904,84,0,265,10,13,10,0.4,10,3.8,10,998.6,10,,,90,10,0.0,10,0,10,138.0,0.0,0.9,10,13.4,12.3,0,10,13.7,10.2,0,10,13.8,10,10.4,10,5.9,10,525,10
2008-05-06T06:00+00:00,5904,145,0,283,10,293,10,2.0,10,5.0,10,998.6,10,,,83,10,0.0,10,0,10,138.0,0.0,0.4,10,13.3,12.3,0,10,13.6,10.2,0,10,13.8,10,11.4,10,9.3,10,631,10
2008-05-06T07:00+00:00,5904,342,0,296,10,281,10,2.1,10,5.4,10,998.7,10,,,73,10,0.0,10,0,10,138.0,0.0,0.7,10,13.5,12.3,0,10,13.7,10.2,0,10,13.8,10,13.9,10,11.2,10,755,10
2008-05-06T08:00+00:00,5904,475,0,260,10,277,10,2.3,10,6.0,10,998.6,10,,,71,10,0.0,10,0,10,138.0,0.0,0.8,10,13.8,12.2,0,10,13.9,10.2,0,10,13.8,10,14.9,10,17.7,10,804,10
2008-05-06T09:00+00:00,5904,483,0,312,10,306,10,3.0,10,8.7,10,998.8,10,,,68,10,0.0,10,0,10,138.0,0.0,0.5,10,14.1,12.3,0,10,14.2,10.2,0,10,13.8,10,15.6,10,18.4,10,956,10
2008-05-06T10:00+00:00,5904,813,0,324,10,330,10,4.6,10,9.4,10,998.3,10,,,61,10,0.0,10,0,10,138.0,0.0,1.0,10,14.7,12.3,0,10,14.6,10.2,0,10,13.8,10,17.4,10,24.4,10,1014,10
2008-05-06T11:00+00:00,5904,681,0,337,10,48,10,3.2,10,8.2,10,998.0,10,,,59,10,0.0,10,5,10,137.0,0.0,0.7,10,15.4,12.3,0,10,15.1,10.2,0,10,13.7,10,17.3,10,22.3,10,1152,10
2008-05-06T12:00+00:00,5904,438,0,39,10,65,10,4.7,10,12.6,10,998.2,10,,,68,10,0.9,10,19,10,137.0,0.0,0.4,10,15.6,12.3,0,10,15.4,10.2,0,10,13.7,10,16.4,10,13.8,10,1218,10
2008-05-06T13:00+00:00,5904,363,0,32,10,54,10,4.9,10,10.3,10,998.5,10,,,61,10,0.0,10,0,10,137.0,0.0,0.2,10,15.8,12.3,0,10,15.6,10.2,0,10,13.7,10,16.3,10,16.7,10,1311,10
2008-05-06T14:00+00:00,5904,309,0,16,10,20,10,3.5,10,9.2,10,998.0,10,,,61,10,0.0,10,0,10,137.0,0.0,0.2,10,15.8,12.3,0,10,15.7,10.2,0,10,13.7,10,16.3,10,16.9,10,1402,10
2008-05-06T15:00+00:00,5904,497,0,24,10,30,10,4.0,10,9.2,10,997.5,10,,,48,10,0.0,10,0,10,137.0,0.0,0.9,10,16.0,12.3,0,10,15.9,10.2,0,10,13.7,10,17.7,10,16.0,10,1530,10
2008-05-06T16:00+00:00,5904,362,0,20,10,26,10,4.2,10,10.2,10,997.4,10,,,46,10,0.0,10,0,10,137.0,0.0,1.0,10,16.0,12.3,0,10,15.9,10.2,0,10,13.7,10,17.6,10,14.9,10,1630,10
2008-05-06T17:00+00:00,5904,215,0,23,10,30,10,3.6,10,8.7,10,997.3,10,,,48,10,0.0,10,0,10,137.0,0.0,1.0,10,15.8,12.3,0,10,15.8,10.3,0,10,13.7,10,16.6,10,13.4,10,1753,10
2008-05-06T18:00+00:00,5904,42,0,14,10,17,10,3.4,10,8.6,10,997.7,10,,,47,10,0.0,10,0,10,137.0,0.0,0.1,10,15.6,12.3,0,10,15.7,10.3,0,10,13.7,10,16.0,10,12.6,10,1806,10
2008-05-06T19:00+00:00,5904,2,0,328,10,341,10,2.9,10,5.6,10,998.1,10,,,56,10,0.0,10,0,10,137.0,0.0,0.0,10,15.4,12.3,0,10,15.5,10.3,0,10,13.7,10,14.3,10,9.6,10,1936,10
2008-05-06T20:00+00:00,5904,0,0,307,10,306,10,4.1,10,6.8,10,998.5,10,,,62,10,0.0,10,0,10,137.0,0.0,0.0,10,15.2,12.3,0,10,15.3,10.3,0,10,13.7,10,13.8,10,9.0,10,2006,10
2008-05-06T21:00+00:00,5904,0,0,329,10,332,10,3.5,10,7.6,10,998.6,10,,,57,10,0.0,10,0,10,138.0,0.0,0.0,10,15.0,12.3,0,10,15.2,10.3,0,10,13.8,10,13.8,10,9.9,10,2122,10
2008-05-06T22:00+00:00,5904,0,0,329,10,330,10,3.8,10,7.5,10,998.6,10,,,56,10,0.0,10,0,10,138.0,0.0,0.0,10,14.8,12.3,0,10,15.0,10.3,0,10,13.8,10,13.1,10,8.5,10,2238,10
2008-05-06T23:00+00:00,5904,0,0,335,10,332,10,4.1,10,8.7,10,998.6,10,,,54,10,0.0,10,0,10,138.0,0.0,0.0,10,14.7,12.3,0,10,14.9,10.3,0,10,13.8,10,13.0,10,8.7,10,2342,10
2008-05-07T00:00+00:00,5904,0,0,344,10,332,10,3.6,10,7.9,10,998.4,10,,,58,10,0.0,10,0,10,138.0,0.0,0.0,10,14.5,12.3,0,10,14.7,10.3,0,10,13.8,10,12.1,10,7.3,10,3,10
2008-05-07T01:00+00:00,5904,0,0,338,10,338,10,3.5,10,7.3,10,998.2,10,,,58,10,0.0,10,0,10,138.0,0.0,0.0,10,14.3,12.3,0,10,14.6,10.3,0,10,13.8,10,11.7,10,6.2,10,200,10
2008-05-07T02:00+00:00,5904,0,0,331,10,346,10,3.3,10,6.5,10,998.1,10,,,66,10,0.0,10,0,10,139.0,0.0,0.0,10,14.1,12.3,0,10,14.4,10.3,0,10,13.9,10,10.6,10,5.3,10,245,10
2008-05-07T03:00+00:00,5904,0,0,321,10,339,10,3.6,10,6.9,10,998.1,10,,,68,10,0.0,10,0,10,139.0,0.0,0.0,10,13.9,12.3,0,10,14.2,10.3,0,10,13.9,10,10.0,10,5.6,10,308,10
2008-05-07T04:00+00:00,5904,7,0,301,10,318,10,2.0,10,5.7,10,998.2,10,,,75,10,0.0,10,0,10,139.0,0.0,0.3,10,13.7,12.3,0,10,14.1,10.3,0,10,13.9,10,8.4,10,3.8,10,407,10
2008-05-07T05:00+00:00,5904,95,0,227,10,336,10,0.2,10,4.7,10,998.3,10,,,66,10,0.0,10,0,10,139.0,0.0,1.0,10,13.6,12.3,0,10,13.9,10.3,0,10,13.9,10,10.3,10,3.8,10,555,10
2008-05-07T06:00+00:00,5904,256,0,4,10,17,10,0.6,10,4.1,10,998.5,10,,,60,10,0.0,10,0,10,139.0,0.0,1.0,10,13.5,12.3,0,10,13.8,10.3,0,10,13.9,10,11.7,10,6.6,10,602,10
2008-05-07T07:00+00:00,5904,427,0,327,10,311,10,2.8,10,6.7,10,998.5,10,,,57,10,0.0,10,0,10,139.0,0.0,1.0,10,13.5,12.3,0,10,13.9,10.3,0,10,13.9,10,13.9,10,9.4,10,712,10
2008-05-07T08:00+00:00,5904,583,0,342,10,18,10,3.5,10,7.2,10,998.5,10,,,54,10,0.0,10,0,10,139.0,0.0,1.0,10,13.9,12.3,0,10,14.1,10.3,0,10,13.9,10,15.2,10,22.4,10,833,10
2008-05-07T09:00+00:00,5904,745,0,347,10,337,10,3.1,10,6.9,10,998.6,10,,,50,10,0.0,10,0,10,139.0,0.0,1.0,10,14.4,12.3,0,10,14.5,10.3,0,10,13.9,10,15.7,10,25.6,10,931,10
2008-05-07T10:00+00:00,5904,823,0,354,10,6,10,3.5,10,8.7,10,998.2,10,,,48,10,0.0,10,0,10,139.0,0.0,1.0,10,15.0,12.3,0,10,15.0,10.3,0,10,13.9,10,16.0,10,26.3,10,1034,10
2008-05-07T11:00+00:00,5904,914,0,4,10,11,10,3.6,10,7.7,10,997.7,10,,,44,10,0.0,10,0,10,139.0,0.0,1.0,10,15.7,12.3,0,10,15.6,10.3,0,10,13.9,10,17.1,10,27.6,10,1129,10
2008-05-07T12:00+00:00,5904,886,0,2,10,315,10,3.1,10,8.1,10,997.2,10,,,40,10,0.0,10,0,10,139.0,0.0,1.0,10,16.4,12.3,0,10,16.1,10.3,0,10,13.9,10,18.1,10,29.0,10,1251,10
2008-05-07T13:00+00:00,5904,843,0,10,10,337,10,3.1,10,7.6,10,996.7,10,,,40,10,0.0,10,0,10,138.0,0.0,1.0,10,17.0,12.3,0,10,16.6,10.3,0,10,13.8,10,18.0,10,28.7,10,1336,10
2008-05-07T14:00+00:00,5904,726,0,326,10,350,10,2.8,10,9.1,10,996.0,10,,,40,10,0.0,10,0,10,139.0,0.0,1.0,10,17.3,12.3,0,10,17.0,10.3,0,10,13.9,10,19.0,10,19.3,10,1421,10
2008-05-07T15:00+00:00,5904,619,0,329,10,351,10,3.4,10,7.9,10,995.7,10,,,38,10,0.0,10,0,10,138.0,0.0,1.0,10,17.4,12.3,0,10,17.2,10.3,0,10,13.8,10,19.5,10,18.8,10,1528,10
2008-05-07T16:00+00:00,5904,276,0,335,10,334,10,3.7,10,7.9,10,995.4,10,,,40,10,0.0,10,0,10,139.0,0.0,0.7,10,17.2,12.3,0,10,17.1,10.3,0,10,13.9,10,18.6,10,17.1,10,1616,10
2008-05-07T17:00+00:00,5904,185,0,328,10,345,10,3.3,10,7.6,10,995.2,10,,,39,10,0.0,10,0,10,139.0,0.0,0.8,10,16.9,12.3,0,10,16.9,10.3,0,10,13.9,10,17.4,10,14.1,10,1708,10
2008-05-07T18:00+00:00,5904,104,0,317,10,350,10,2.1,10,5.0,10,995.0,10,,,42,10,0.0,10,0,10,139.0,0.0,1.0,10,16.7,12.3,0,10,16.7,10.3,0,10,13.9,10,15.8,10,11.0,10,1801,10
2008-05-07T19:00+00:00,5904,7,0,313,10,317,10,2.4,10,3.6,10,995.2,10,,,52,10,0.0,10,0,10,139.0,0.0,0.0,10,16.3,12.3,0,10,16.5,10.3,0,10,13.9,10,12.9,10,7.1,10,1949,10
2008-05-07T20:00+00:00,5904,0,0,2,10,31,10,2.1,10,4.3,10,995.5,10,,,58,10,0.0,10,0,10,139.0,0.0,0.0,10,16.0,12.3,0,10,16.2,10.4,0,10,13.9,10,12.1,10,6.1,10,2057,10
2008-05-07T21:00+00:00,5904,0,0,14,10,21,10,2.8,10,4.3,10,995.5,10,,,56,10,0.0,10,0,10,139.0,0.0,0.0,10,15.7,12.3,0,10,16.0,10.3,0,10,13.9,10,12.0,10,5.9,10,2136,10
2008-05-07T22:00+00:00,5904,0,0,1,10,16,10,2.7,10,4.4,10,995.5,10,,,58,10,0.0,10,0,10,140.0,0.0,0.0,10,15.4,12.3,0,10,15.7,10.4,0,10,14.0,10,11.4,10,5.4,10,2209,10
2008-05-07T23:00+00:00,5904,0,0,354,10,23,10,2.6,10,4.5,10,995.4,10,,,58,10,0.0,10,0,10,140.0,0.0,0.0,10,15.2,12.3,0,10,15.5,10.4,0,10,14.0,10,11.2,10,5.4,10,2335,10
2008-05-08T00:00+00:00,5904,0,0,347,10,6,10,2.5,10,4.1,10,995.2,10,,,62,10,0.0,10,0,10,140.0,0.0,0.0,10,14.9,12.4,0,10,15.3,10.4,0,10,14.0,10,10.2,10,4.9,10,52,10
2008-05-08T01:00+00:00,5904,0,0,331,10,344,10,2.4,10,4.0,10,994.8,10,,,65,10,0.0,10,0,10,141.0,0.0,0.0,10,14.7,12.4,0,10,15.1,10.4,0,10,14.1,10,9.3,10,4.1,10,131,10
2008-05-08T02:00+00:00,5904,0,0,339,10,334,10,1.7,10,4.2,10,994.9,10,,,75,10,0.0,10,0,10,141.0,0.0,0.0,10,14.5,12.4,0,10,14.9,10.4,0,10,14.1,10,8.2,10,3.5,10,203,10
2008-05-08T03:00+00:00,5904,0,0,335,10,332,10,2.0,10,5.2,10,994.7,10,,,77,10,0.0,10,0,10,141.0,0.0,0.0,10,14.3,12.4,0,10,14.7,10.4,0,10,14.1,10,8.2,10,3.5,10,330,10
2008-05-08T04:00+00:00,5904,4,0,350,10,341,10,0.6,10,3.3,10,994.7,10,,,78,10,0.0,10,0,10,141.0,0.0,0.1,10,14.1,12.4,0,10,14.5,10.4,0,10,14.1,10,8.2,10,3.4,10,439,10
2008-05-08T05:00+00:00,5904,95,0,46,10,349,10,0.5,10,3.2,10,995.0,10,,,79,10,0.0,10,0,10,141.0,0.0,1.0,10,13.9,12.4,0,10,14.4,10.4,0,10,14.1,10,9.7,10,4.0,10,511,10
2008-05-08T06:00+00:00,5904,257,0,334,10,318,10,0.8,10,5.2,10,995.1,10,,,56,10,0.0,10,0,10,142.0,0.0,1.0,10,13.9,12.4,0,10,14.3,10.4,0,10,14.2,10,13.6,10,6.2,10,656,10
2008-05-08T07:00+00:00,5904,427,0,332,10,326,10,2.3,10,5.2,10,995.2,10,,,49,10,0.0,10,0,10,142.0,0.0,1.0,10,14.0,12.4,0,10,14.3,10.4,0,10,14.2,10,16.6,10,9.1,10,706,10
2008-05-08T08:00+00:00,5904,593,0,333,10,324,10,3.3,10,6.3,10,995.2,10,,,47,10,0.0,10,0,10,142.0,0.0,1.0,10,14.3,12.4,0,10,14.6,10.4,0,10,14.2,10,17.3,10,24.6,10,835,10
2008-05-08T09:00+00:00,5904,734,0,326,10,314,10,3.3,10,6.5,10,995.0,10,,,46,10,0.0,10,0,10,141.0,0.0,1.0,10,14.9,12.4,0,10,15.0,10.4,0,10,14.1,10,18.5,10,27.7,10,947,10
2008-05-08T10:00+00:00,5904,837,0,354,10,335,10,3.0,10,7.0,10,994.8,10,,,45,10,0.0,10,0,10,141.0,0.0,1.0,10,15.6,12.4,0,10,15.6,10.4,0,10,14.1,10,18.2,10,29.8,10,1006,10
2008-05-08T11:00+00:00,5904,882,0,331,10,324,10,2.8,10,7.3,10,994.1,10,,,45,10,0.0,10,0,10,141.0,0.0,1.0,10,16.4,12.4,0,10,16.2,10.4,0,10,14.1,10,19.4,10,30.1,10,1125,10
2008-05-08T12:00+00:00,5904,887,0,14,10,32,10,2.3,10,7.2,10,993.7,10,,,42,10,0.0,10,0,10,141.0,0.0,1.0,10,17.1,12.4,0,10,16.8,10.4,0,10,14.1,10,19.7,10,30.4,10,1202,10
2008-05-08T13:00+00:00,5904,797,0,16,10,38,10,2.7,10,7.2,10,993.5,10,,,38,10,0.0,10,0,10,141.0,0.0,1.0,10,17.7,12.4,0,10,17.3,10.4,0,10,14.1,10,20.3,10,27.5,10,1344,10
2008-05-08T14:00+00:00,5904,633,0,2,10,27,10,1.7,10,7.4,10,992.8,10,,,37,10,0.0,10,0,10,141.0,0.0,0.9,10,17.9,12.4,0,10,17.5,10.4,0,10,14.1,10,21.0,10,18.7,10,1440,10
2008-05-08T15:00+00:00,5904,501,0,336,10,325,10,2.5,10,7.7,10,992.4,10,,,37,10,0.0,10,0,10,141.0,0.0,0.9,10,17.9,12.4,0,10,17.7,10.4,0,10,14.1,10,21.2,10,17.3,10,1551,10
2008-05-08T16:00+00:00,5904,346,0,306,10,336,10,2.5,10,6.5,10,992.0,10,,,38,10,0.0,10,0,10,141.0,0.0,1.0,10,17.7,12.4,0,10,17.6,10.4,0,10,14.1,10,20.9,10,16.3,10,1624,10
2008-05-08T17:00+00:00,5904,236,0,286,10,285,10,3.2,10,7.2,10,991.8,10,,,40,10,0.0,10,0,10,141.0,0.0,1.0,10,17.4,12.4,0,10,17.4,10.4,0,10,14.1,10,20.1,10,15.1,10,1800,10
2008-05-08T18:00+00:00,5904,73,0,283,10,291,10,2.9,10,5.6,10,991.9,10,,,41,10,0.0,10,2,10,142.0,0.0,0.5,10,17.1,12.4,0,10,17.2,10.4,0,10,14.2,10,19.3,10,15.4,10,1846,10
2008-05-08T19:00+00:00,5904,4,0,290,10,295,10,3.0,10,4.5,10,992.1,10,,,46,10,0.0,10,0,10,142.0,0.0,0.0,10,16.9,12.4,0,10,17.0,10.4,0,10,14.2,10,16.9,10,9.8,10,1903,10
2008-05-08T20:00+00:00,5904,0,0,298,10,16,10,3.6,10,8.0,10,992.6,10,,,46,10,0.0,10,0,10,142.0,0.0,0.0,10,16.6,12.4,0,10,16.8,10.4,0,10,14.2,10,17.8,10,9.7,10,2055,10
2008-05-08T21:00+00:00,5904,0,0,18,10,342,10,2.0,10,6.5,10,992.7,10,,,53,10,0.0,10,10,10,142.0,0.0,0.0,10,16.5,12.5,0,10,16.7,10.4,0,10,14.2,10,16.3,10,13.0,10,2101,10
2008-05-08T22:00+00:00,5904,0,0,14,10,355,10,1.8,10,5.4,10,993.2,10,,,56,10,0.0,10,0,10,143.0,0.0,0.0,10,16.3,12.4,0,10,16.5,10.4,0,10,14.3,10,16.1,10,11.1,10,2259,10
2008-05-08T23:00+00:00,5904,0,0,27,10,17,10,2.6,10,6.4,10,993.0,10,,,58,10,0.0,10,20,10,143.0,0.0,0.0,10,16.2,12.5,0,10,16.4,10.5,0,10,14.3,10,15.4,10,11.9,10,2400,10
2008-05-09T00:00+00:00,5904,0,0,354,10,31,10,1.3,10,2.9,10,992.9,10,,,66,10,0.0,10,0,10,143.0,0.0,0.0,10,16.0,12.5,0,10,16.2,10.5,0,10,14.3,10,13.3,10,8.0,10,1,10
2008-05-09T01:00+00:00,5904,0,0,332,10,354,10,1.9,10,2.6,10,992.8,10,,,72,10,0.0,10,0,10,144.0,0.0,0.0,10,15.7,12.5,0,10,16.0,10.5,0,10,14.4,10,12.2,10,7.2,10,130,10
2008-05-09T02:00+00:00,5904,0,0,340,10,17,10,1.2,10,2.4,10,993.0,10,,,77,10,0.0,10,0,10,144.0,0.0,0.0,10,15.5,12.5,0,10,15.8,10.5,0,10,14.4,10,11.4,10,7.3,10,240,10
2008-05-09T03:00+00:00,5904,0,0,303,10,329,10,1.1,10,3.0,10,993.0,10,,,79,10,0.0,10,0,10,144.0,0.0,0.0,10,15.3,12.5,0,10,15.7,10.5,0,10,14.4,10,10.6,10,5.9,10,319,10
2008-05-09T04:00+00:00,5904,7,0,271,10,341,10,0.6,10,2.7,10,993.1,10,,,84,10,0.0,10,0,10,144.0,0.0,0.0,10,15.1,12.5,0,10,15.5,10.5,0,10,14.4,10,10.1,10,5.5,10,415,10
2008-05-09T05:00+00:00,5904,79,0,223,10,243,10,0.4,10,2.0,10,993.3,10,,,82,10,0.0,10,0,10,144.0,0.0,0.6,10,15.0,12.5,0,10,15.3,10.5,0,10,14.4,10,11.3,10,5.9,10,517,10
2008-05-09T06:00+00:00,5904,232,0,81,10,81,10,0.6,10,2.3,10,993.5,10,,,74,10,0.0,10,0,10,145.0,0.0,1.0,10,14.9,12.5,0,10,15.2,10.5,0,10,14.5,10,13.9,10,8.6,10,642,10
2008-05-09T07:00+00:00,5904,414,0,52,10,75,10,1.3,10,4.6,10,993.6,10,,,60,10,0.0,10,0,10,145.0,0.0,1.0,10,15.0,12.5,0,10,15.3,10.5,0,10,14.5,10,17.2,10,12.9,10,759,10
2008-05-09T08:00+00:00,5904,571,0,37,10,61,10,2.7,10,5.7,10,993.6,10,,,58,10,0.0,10,0,10,145.0,0.0,1.0,10,15.3,12.5,0,10,15.5,10.5,0,10,14.5,10,17.6,10,24.6,10,815,10
2008-05-09T09:00+00:00,5904,687,0,17,10,8,10,2.1,10,5.4,10,993.6,10,,,54,10,0.0,10,0,10,145.0,0.0,1.0,10,15.8,12.5,0,10,15.9,10.5,0,10,14.5,10,18.5,10,26.4,10,959,10
2008-05-09T10:00+00:00,5904,863,0,348,10,337,10,2.9,10,6.4,10,993.3,10,,,51,10,0.0,10,0,10,145.0,0.0,1.0,10,16.5,12.5,0,10,16.5,10.5,0,10,14.5,10,19.8,10,29.8,10,1032,10
2008-05-09T11:00+00:00,5904,819,0,14,10,16,10,2.7,10,6.1,10,993.0,10,,,48,10,0.0,10,0,10,145.0,0.0,0.8,10,17.2,12.5,0,10,17.0,10.5,0,10,14.5,10,19.8,10,26.0,10,1107,10
2008-05-09T12:00+00:00,5904,447,0,27,10,346,10,2.8,10,6.9,10,993.0,10,,,49,10,0.0,10,0,10,145.0,0.0,0.4,10,17.5,12.5,0,10,17.3,10.5,0,10,14.5,10,19.8,10,19.1,10,1217,10
2008-05-09T13:00+00:00,5904,516,0,17,10,44,10,1.8,10,6.3,10,993.0,10,,,47,10,0.0,10,0,10,145.0,0.0,0.5,10,17.8,12.5,0,10,17.6,10.5,0,10,14.5,10,19.6,10,20.0,10,1357,10
2008-05-09T14:00+00:00,5904,521,0,25,10,51,10,2.5,10,6.6,10,992.7,10,,,43,10,0.0,10,0,10,145.0,0.0,0.7,10,17.9,12.5,0,10,17.7,10.5,0,10,14.5,10,21.0,10,18.6,10,1428,10
2008-05-09T15:00+00:00,5904,534,0,45,10,46,10,3.5,10,6.9,10,992.8,10,,,41,10,0.0,10,0,10,145.0,0.0,0.9,10,18.0,12.6,0,10,17.9,10.5,0,10,14.5,10,20.7,10,18.2,10,1555,10
2008-05-09T16:00+00:00,5904,363,0,48,10,55,10,3.7,10,7.3,10,992.7,10,,,43,10,0.0,10,0,10,145.0,0.0,1.0,10,17.9,12.6,0,10,17.8,10.5,0,10,14.5,10,20.0,10,16.2,10,1658,10
2008-05-09T17:00+00:00,5904,222,0,53,10,71,10,3.1,10,6.7,10,992.7,10,,,45,10,0.0,10,0,10,145.0,0.0,1.0,10,17.6,12.6,0,10,17.6,10.5,0,10,14.5,10,18.8,10,14.1,10,1717,10
2008-05-09T18:00+00:00,5904,73,0,56,10,74,10,3.1,10,6.6,10,993.2,10,,,44,10,0.0,10,0,10,145.0,0.0,1.0,10,17.3,12.6,0,10,17.4,10.5,0,10,14.5,10,17.5,10,11.7,10,1850,10
2008-05-09T19:00+00:00,5904,4,0,56,10,60,10,2.6,10,6.5,10,993.8,10,,,49,10,0.0,10,0,10,146.0,0.0,0.0,10,17.0,12.6,0,10,17.2,10.5,0,10,14.6,10,15.5,10,9.4,10,1906,10
2008-05-09T20:00+00:00,5904,0,0,11,10,33,10,2.0,10,4.1,10,994.1,10,,,55,10,0.0,10,0,10,146.0,0.0,0.0,10,16.7,12.6,0,10,16.9,10.5,0,10,14.6,10,14.0,10,7.8,10,2031,10
2008-05-09T21:00+00:00,5904,0,0,13,10,25,10,2.3,10,4.6,10,994.5,10,,,53,10,0.0,10,0,10,146.0,0.0,0.0,10,16.4,12.6,0,10,16.7,10.5,0,10,14.6,10,14.2,10,7.0,10,2156,10
2008-05-09T22:00+00:00,5904,0,0,21,10,23,10,2.9,10,5.6,10,994.8,10,,,52,10,0.0,10,0,10,146.0,0.0,0.0,10,16.2,12.6,0,10,16.5,10.5,0,10,14.6,10,14.2,10,7.1,10,2222,10
2008-05-09T23:00+00:00,5904,0,0,20,10,26,10,3.3,10,6.4,10,994.9,10,,,53,10,0.0,10,0,10,147.0,0.0,0.0,10,15.9,12.6,0,10,16.3,10.5,0,10,14.7,10,13.7,10,7.2,10,2324,10
2008-05-10T00:00+00:00,5904,0,0,26,10,15,10,3.4,10,6.1,10,994.8,10,,,55,10,0.0,10,0,10,147.0,0.0,0.0,10,15.7,12.6,0,10,16.1,10.5,0,10,14.7,10,12.9,10,7.0,10,33,10
2008-05-10T01:00+00:00,5904,0,0,20,10,19,10,2.7,10,5.0,10,994.8,10,,,58,10,0.0,10,0,10,147.0,0.0,0.0,10,15.5,12.6,0,10,15.9,10.5,0,10,14.7,10,12.0,10,6.1,10,136,10
2008-05-10T02:00+00:00,5904,0,0,23,10,26,10,2.3,10,4.9,10,995.0,10,,,65,10,0.0,10,0,10,147.0,0.0,0.0,10,15.3,12.6,0,10,15.7,10.5,0,10,14.7,10,10.3,10,5.0,10,233,10
2008-05-10T03:00+00:00,5904,0,0,19,10,18,10,2.5,10,4.5,10,994.9,10,,,67,10,0.0,10,0,10,148.0,0.0,0.0,10,15.1,12.6,0,10,15.5,10.5,0,10,14.8,10,10.3,10,4.3,10,320,10
2008-05-10T04:00+00:00,5904,8,0,37,10,33,10,1.8,10,4.4,10,995.3,10,,,74,10,0.0,10,0,10,148.0,0.0,0.3,10,14.9,12.6,0,10,15.3,10.5,0,10,14.8,10,9.3,10,4.0,10,426,10
2008-05-10T05:00+00:00,5904,103,0,38,10,39,10,2.4,10,4.8,10,995.6,10,,,67,10,0.0,10,0,10,148.0,0.0,1.0,10,14.7,12.7,0,10,15.1,10.6,0,10,14.8,10,11.6,10,4.5,10,523,10
2008-05-10T06:00+00:00,5904,260,0,41,10,26,10,2.2,10,5.0,10,995.8,10,,,64,10,0.0,10,0,10,148.0,0.0,1.0,10,14.6,12.7,0,10,15.0,10.6,0,10,14.8,10,12.5,10,7.5,10,632,10
2008-05-10T07:00+00:00,5904,429,0,49,10,56,10,2.4,10,4.7,10,996.0,10,,,62,10,0.0,10,0,10,148.0,0.0,1.0,10,14.7,12.7,0,10,15.1,10.6,0,10,14.8,10,14.5,10,10.0,10,702,10
2008-05-10T08:00+00:00,5904,589,0,89,10,99,10,2.5,10,5.7,10,996.2,10,,,58,10,0.0,10,0,10,148.0,0.0,1.0,10,15.1,12.7,0,10,15.3,10.6,0,10,14.8,10,16.9,10,23.3,10,837,10
2008-05-10T09:00+00:00,5904,725,0,93,10,100,10,3.5,10,7.6,10,996.2,10,,,56,10,0.0,10,0,10,148.0,0.0,1.0,10,15.6,12.7,0,10,15.7,10.6,0,10,14.8,10,18.0,10,28.8,10,941,10
2008-05-10T10:00+00:00,5904,824,0,87,10,64,10,4.2,10,8.1,10,996.1,10,,,54,10,0.0,10,0,10,148.0,0.0,1.0,10,16.2,12.7,0,10,16.2,10.6,0,10,14.8,10,18.5,10,32.0,10,1021,10
2008-05-10T11:00+00:00,5904,881,0,89,10,83,10,4.1,10,9.1,10,996.1,10,,,49,10,0.0,10,0,10,148.0,0.0,1.0,10,16.9,12.7,0,10,16.8,10.6,0,10,14.8,10,18.7,10,32.4,10,1107,10
2008-05-10T12:00+00:00,5904,901,0,97,10,102,10,3.6,10,9.0,10,995.8,10,,,48,10,0.0,10,0,10,148.0,0.0,1.0,10,17.6,12.7,0,10,17.4,10.6,0,10,14.8,10,20.5,10,32.0,10,1230,10
2008-05-10T13:00+00:00,5904,863,0,112,10,71,10,3.3,10,7.7,10,995.6,10,,,47,10,0.0,10,0,10,147.0,0.0,1.0,10,18.1,12.7,0,10,17.8,10.6,0,10,14.7,10,20.8,10,31.6,10,1305,10
2008-05-10T14:00+00:00,5904,544,0,88,10,95,10,3.2,10,7.0,10,995.2,10,,,46,10,0.0,10,0,10,147.0,0.0,0.6,10,18.3,12.7,0,10,18.0,10.6,0,10,14.7,10,19.4,10,20.6,10,1405,10
2008-05-10T15:00+00:00,5904,258,0,77,10,87,10,2.7,10,6.1,10,995.1,10,,,48,10,0.0,10,0,10,147.0,0.0,0.2,10,18.1,12.7,0,10,18.1,10.6,0,10,14.7,10,19.4,10,19.4,10,1543,10
2008-05-10T16:00+00:00,5904,281,0,103,10,91,10,2.5,10,7.6,10,995.0,10,,,47,10,0.0,10,0,10,147.0,0.0,0.8,10,18.0,12.7,0,10,17.9,10.6,0,10,14.7,10,18.7,10,16.0,10,1630,10
2008-05-10T17:00+00:00,5904,283,0,83,10,58,10,2.2,10,6.5,10,994.9,10,,,47,10,0.0,10,0,10,147.0,0.0,1.0,10,17.8,12.7,0,10,17.8,10.6,0,10,14.7,10,18.7,10,16.0,10,1726,10
2008-05-10T18:00+00:00,5904,79,0,118,10,141,10,1.7,10,4.4,10,995.0,10,,,50,10,0.0,10,0,10,148.0,0.0,1.0,10,17.5,12.8,0,10,17.6,10.6,0,10,14.8,10,16.4,10,11.2,10,1801,10
2008-05-10T19:00+00:00,5904,4,0,5,10,329,10,0.6,10,1.8,10,995.5,10,,,58,10,0.0,10,0,10,148.0,0.0,0.1,10,17.2,12.8,0,10,17.4,10.6,0,10,14.8,10,14.8,10,8.9,10,1934,10
2008-05-10T20:00+00:00,5904,0,0,331,10,337,10,1.5,10,2.7,10,995.7,10,,,64,10,0.0,10,0,10,148.0,0.0,0.0,10,16.9,12.8,0,10,17.2,10.6,0,10,14.8,10,13.4,10,7.9,10,2059,10
2008-05-10T21:00+00:00,5904,0,0,13,10,20,10,2.7,10,5.1,10,995.8,10,,,60,10,0.0,10,0,10,148.0,0.0,0.0,10,16.6,12.8,0,10,16.9,10.6,0,10,14.8,10,14.0,10,7.9,10,2106,10
2008-05-10T22:00+00:00,5904,0,0,24,10,20,10,2.0,10,4.2,10,995.9,10,,,61,10,0.0,10,0,10,149.0,0.0,0.0,10,16.4,12.8,0,10,16.7,10.6,0,10,14.9,10,13.0,10,6.8,10,2248,10
2008-05-10T23:00+00:00,5904,0,0,26,10,53,10,2.4,10,4.3,10,996.0,10,,,63,10,0.0,10,0,10,149.0,0.0,0.0,10,16.1,12.8,0,10,16.5,10.6,0,10,14.9,10,12.0,10,6.2,10,2303,10
2008-05-11T00:00+00:00,5904,0,0,27,10,37,10,2.0,10,3.9,10,996.0,10,,,69,10,0.0,10,0,10,149.0,0.0,0.0,10,15.9,12.8,0,10,16.3,10.6,0,10,14.9,10,10.9,10,5.7,10,4,10
2008-05-11T01:00+00:00,5904,0,0,19,10,40,10,1.5,10,3.4,10,996.2,10,,,74,10,0.0,10,0,10,149.0,0.0,0.0,10,15.6,12.8,0,10,16.0,10.6,0,10,14.9,10,10.1,10,5.1,10,148,10
2008-05-11T02:00+00:00,5904,0,0,30,10,34,10,2.2,10,3.1,10,996.6,10,,,80,10,0.0,10,0,10,150.0,0.0,0.0,10,15.4,12.8,0,10,15.8,10.6,0,10,15.0,10,9.5,10,4.9,10,206,10
2008-05-11T03:00+00:00,5904,0,0,255,10,227,10,0.5,10,3.2,10,996.7,10,,,85,10,0.0,10,0,10,150.0,0.0,0.0,10,15.2,12.8,0,10,15.7,10.6,0,10,15.0,10,9.1,10,4.8,10,328,10
2008-05-11T04:00+00:00,5904,9,0,249,10,240,10,1.9,10,2.8,10,996.9,10,,,86,10,0.0,10,0,10,150.0,0.0,0.2,10,15.0,12.8,0,10,15.5,10.6,0,10,15.0,10,9.3,10,4.8,10,415,10
2008-05-11T05:00+00:00,5904,132,0,229,10,235,10,1.0,10,2.5,10,997.3,10,,,76,10,0.0,10,0,10,150.0,0.0,1.0,10,14.9,12.8,0,10,15.4,10.6,0,10,15.0,10,11.9,10,5.7,10,504,10
2008-05-11T06:00+00:00,5904,278,0,133,10,121,10,1.6,10,4.5,10,997.4,10,,,62,10,0.0,10,0,10,150.0,0.0,1.0,10,14.9,12.8,0,10,15.3,10.6,0,10,15.0,10,13.8,10,10.4,10,659,10
2008-05-11T07:00+00:00,5904,425,0,127,10,150,10,2.9,10,6.1,10,997.5,10,,,54,10,0.0,10,0,10,150.0,0.0,1.0,10,15.0,12.9,0,10,15.3,10.6,0,10,15.0,10,16.0,10,11.0,10,737,10
2008-05-11T08:00+00:00,5904,589,0,129,10,100,10,2.6,10,6.4,10,997.5,10,,,48,10,0.0,10,0,10,150.0,0.0,1.0,10,15.3,12.9,0,10,15.6,10.6,0,10,15.0,10,17.9,10,23.3,10,849,10
2008-05-11T09:00+00:00,5904,734,0,105,10,121,10,3.9,10,7.3,10,997.4,10,,,45,10,0.0,10,0,10,150.0,0.0,1.0,10,15.9,12.9,0,10,16.0,10.7,0,10,15.0,10,18.8,10,29.4,10,938,10
2008-05-11T10:00+00:00,5904,838,0,112,10,117,10,3.2,10,7.5,10,997.4,10,,,43,10,0.0,10,0,10,150.0,0.0,1.0,10,16.5,12.9,0,10,16.5,10.7,0,10,15.0,10,19.3,10,32.2,10,1018,10
2008-05-11T11:00+00:00,5904,888,0,113,10,126,10,3.1,10,7.7,10,997.2,10,,,40,10,0.0,10,0,10,150.0,0.0,1.0,10,17.1,12.9,0,10,17.0,10.7,0,10,15.0,10,19.7,10,32.5,10,1150,10
2008-05-11T12:00+00:00,5904,892,0,122,10,122,10,2.8,10,7.0,10,996.9,10,,,41,10,0.0,10,0,10,150.0,0.0,1.0,10,17.8,12.9,0,10,17.5,10.7,0,10,15.0,10,20.3,10,33.5,10,1254,10
2008-05-11T13:00+00:00,5904,833,0,114,10,123,10,3.0,10,6.9,10,996.5,10,,,39,10,0.0,10,0,10,150.0,0.0,1.0,10,18.2,12.9,0,10,17.9,10.7,0,10,15.0,10,20.7,10,30.7,10,1325,10
2008-05-11T14:00+00:00,5904,728,0,106,10,162,10,2.4,10,7.7,10,995.8,10,,,38,10,0.0,10,0,10,150.0,0.0,1.0,10,18.5,12.9,0,10,18.2,10.7,0,10,15.0,10,20.6,10,18.8,10,1429,10
2008-05-11T15:00+00:00,5904,418,0,94,10,103,10,1.7,10,5.4,10,995.4,10,,,39,10,0.0,10,0,10,150.0,0.0,0.7,10,18.3,12.9,0,10,18.2,10.7,0,10,15.0,10,20.1,10,16.8,10,1526,10
2008-05-11T16:00+00:00,5904,381,0,85,10,121,10,1.4,10,4.6,10,995.1,10,,,38,10,0.0,10,0,10,150.0,0.0,1.0,10,18.1,12.9,0,10,18.1,10.7,0,10,15.0,10,19.9,10,15.4,10,1613,10
2008-05-11T17:00+00:00,5904,228,0,124,10,110,10,1.3,10,5.3,10,994.8,10,,,41,10,0.0,10,0,10,150.0,0.0,1.0,10,17.9,12.9,0,10,18.0,10.7,0,10,15.0,10,18.7,10,13.6,10,1751,10
2008-05-11T18:00+00:00,5904,73,0,85,10,151,10,0.9,10,3.6,10,994.7,10,,,43,10,0.0,10,0,10,150.0,0.0,1.0,10,17.6,12.9,0,10,17.7,10.7,0,10,15.0,10,17.2,10,10.8,10,1815,10
2008-05-11T19:00+00:00,5904,5,0,13,10,13,10,1.4,10,2.7,10,994.9,10,,,51,10,0.0,10,0,10,150.0,0.0,0.1,10,17.3,13.0,0,10,17.5,10.7,0,10,15.0,10,15.1,10,8.8,10,1922,10
2008-05-11T20:00+00:00,5904,0,0,293,10,279,10,1.6,10,2.6,10,995.1,10,,,58,10,0.0,10,0,10,150.0,0.0,0.0,10,17.0,13.0,0,10,17.3,10.7,0,10,15.0,10,13.6,10,7.9,10,2025,10
2008-05-11T21:00+00:00,5904,0,0,280,10,273,10,2.2,10,3.2,10,995.0,10,,,64,10,0.0,10,0,10,151.0,0.0,0.0,10,16.7,13.0,0,10,17.0,10.7,0,10,15.1,10,12.5,10,7.4,10,2159,10
2008-05-11T22:00+00:00,5904,0,0,272,10,275,10,3.0,10,3.7,10,994.7,10,,,66,10,0.0,10,0,10,151.0,0.0,0.0,10,16.4,13.0,0,10,16.8,10.7,0,10,15.1,10,12.1,10,6.9,10,2217,10
2008-05-11T23:00+00:00,5904,0,0,278,10,272,10,2.3,10,3.7,10,994.7,10,,,68,10,0.0,10,0,10,151.0,0.0,0.0,10,16.2,13.0,0,10,16.6,10.7,0,10,15.1,10,11.0,10,6.1,10,2312,10
2008-05-12T00:00+00:00,5904,0,0,301,10,295,10,0.5,10,2.9,10,994.5,10,,,72,10,0.0,10,0,10,151.0,0.0,0.0,10,16.0,13.0,0,10,16.4,10.7,0,10,15.1,10,10.4,10,5.6,10,6,10
2008-05-12T01:00+00:00,5904,0,0,59,10,18,10,0.6,10,1.7,10,994.3,10,,,75,10,0.0,10,0,10,152.0,0.0,0.0,10,15.7,13.0,0,10,16.2,10.7,0,10,15.2,10,10.2,10,5.3,10,133,10
2008-05-12T02:00+00:00,5904,0,0,65,10,50,10,0.7,10,3.7,10,994.2,10,,,79,10,0.0,10,0,10,152.0,0.0,0.0,10,15.5,13.0,0,10,16.0,10.7,0,10,15.2,10,9.3,10,4.9,10,226,10
2008-05-12T03:00+00:00,5904,0,0,242,10,272,10,0.3,10,1.7,10,994.0,10,,,82,10,0.0,10,0,10,152.0,0.0,0.0,10,15.3,13.0,0,10,15.8,10.7,0,10,15.2,10,8.8,10,4.4,10,353,10
2008-05-12T04:00+00:00,5904,9,0,248,10,252,10,1.7,10,2.5,10,994.0,10,,,81,10,0.0,10,0,10,152.0,0.0,0.3,10,15.1,13.0,0,10,15.6,10.7,0,10,15.2,10,8.9,10,4.6,10,434,10
2008-05-12T05:00+00:00,5904,104,0,74,10,65,10,0.5,10,1.5,10,994.1,10,,,80,10,0.0,10,0,10,152.0,0.0,1.0,10,15.0,13.0,0,10,15.4,10.7,0,10,15.2,10,10.5,10,5.3,10,540,10
2008-05-12T06:00+00:00,5904,262,0,101,10,89,10,0.8,10,2.8,10,994.4,10,,,73,10,0.0,10,0,10,152.0,0.0,1.0,10,14.9,13.0,0,10,15.3,10.7,0,10,15.2,10,13.0,10,7.5,10,657,10
2008-05-12T07:00+00:00,5904,433,0,83,10,93,10,1.5,10,3.0,10,994.7,10,,,60,10,0.0,10,0,10,152.0,0.0,1.0,10,15.0,13.0,0,10,15.4,10.7,0,10,15.2,10,16.1,10,10.3,10,726,10
2008-05-12T08:00+00:00,5904,591,0,86,10,74,10,1.8,10,3.8,10,994.8,10,,,55,10,0.0,10,0,10,152.0,0.0,1.0,10,15.4,13.0,0,10,15.7,10.7,0,10,15.2,10,18.8,10,24.6,10,842,10
2008-05-12T09:00+00:00,5904,724,0,93,10,107,10,1.4,10,3.6,10,994.8,10,,,46,10,0.0,10,0,10,152.0,0.0,1.0,10,16.0,13.1,0,10,16.1,10.7,0,10,15.2,10,20.4,10,30.1,10,904,10
2008-05-12T10:00+00:00,5904,816,0,96,10,77,10,2.0,10,5.3,10,994.4,10,,,44,10,0.0,10,0,10,152.0,0.0,1.0,10,16.6,13.1,0,10,16.6,10.7,0,10,15.2,10,20.7,10,33.9,10,1059,10
2008-05-12T11:00+00:00,5904,872,0,101,10,97,10,2.4,10,6.0,10,994.1,10,,,43,10,0.0,10,0,10,152.0,0.0,1.0,10,17.3,13.1,0,10,17.2,10.7,0,10,15.2,10,21.4,10,34.0,10,1148,10
2008-05-12T12:00+00:00,5904,871,0,95,10,139,10,2.0,10,5.7,10,993.6,10,,,41,10,0.0,10,0,10,152.0,0.0,1.0,10,18.0,13.1,0,10,17.7,10.8,0,10,15.2,10,22.0,10,34.1,10,1220,10
2008-05-12T13:00+00:00,5904,812,0,100,10,94,10,2.1,10,6.0,10,993.3,10,,,42,10,0.0,10,0,10,152.0,0.0,1.0,10,18.5,13.1,0,10,18.2,10.8,0,10,15.2,10,22.7,10,32.7,10,1304,10
2008-05-12T14:00+00:00,5904,710,0,97,10,92,10,2.8,10,7.1,10,992.8,10,,,41,10,0.0,10,0,10,152.0,0.0,1.0,10,18.7,13.1,0,10,18.5,10.8,0,10,15.2,10,22.8,10,20.2,10,1449,10
2008-05-12T15:00+00:00,5904,561,0,85,10,58,10,3.0,10,7.1,10,992.5,10,,,41,10,0.0,10,0,10,152.0,0.0,1.0,10,18.7,13.1,0,10,18.6,10.8,0,10,15.2,10,22.8,10,19.0,10,1541,10
2008-05-12T16:00+00:00,5904,357,0,111,10,103,10,2.1,10,5.7,10,992.2,10,,,40,10,0.0,10,0,10,152.0,0.0,1.0,10,18.5,13.1,0,10,18.5,10.8,0,10,15.2,10,22.2,10,17.4,10,1611,10
2008-05-12T17:00+00:00,5904,241,0,127,10,117,10,2.5,10,5.8,10,992.2,10,,,43,10,0.0,10,0,10,152.0,0.0,0.8,10,18.3,13.1,0,10,18.4,10.8,0,10,15.2,10,20.8,10,17.0,10,1756,10
2008-05-12T18:00+00:00,5904,60,0,114,10,127,10,3.0,10,5.3,10,992.2,10,,,44,10,0.0,10,0,10,152.0,0.0,0.7,10,18.1,13.1,0,10,18.2,10.8,0,10,15.2,10,19.2,10,12.5,10,1804,10
2008-05-12T19:00+00:00,5904,5,0,141,10,128,10,1.3,10,3.2,10,992.4,10,,,51,10,0.0,10,0,10,152.0,0.0,0.0,10,17.8,13.1,0,10,17.9,10.8,0,10,15.2,10,17.1,10,10.4,10,1903,10
2008-05-12T20:00+00:00,5904,0,0,265,10,265,10,2.0,10,2.9,10,992.6,10,,,62,10,0.0,10,0,10,153.0,0.0,0.0,10,17.5,13.1,0,10,17.7,10.8,0,10,15.3,10,15.2,10,9.6,10,2050,10
2008-05-12T21:00+00:00,5904,0,0,261,10,258,10,2.6,10,3.3,10,992.5,10,,,67,10,0.0,10,0,10,153.0,0.0,0.0,10,17.2,13.1,0,10,17.5,10.8,0,10,15.3,10,14.3,10,9.2,10,2124,10
2008-05-12T22:00+00:00,5904,0,0,270,10,270,10,2.5,10,3.1,10,992.5,10,,,69,10,0.0,10,0,10,153.0,0.0,0.0,10,17.0,13.1,0,10,17.3,10.8,0,10,15.3,10,13.5,10,8.3,10,2208,10
2008-05-12T23:00+00:00,5904,0,0,268,10,268,10,1.3,10,2.5,10,992.5,10,,,71,10,0.0,10,0,10,153.0,0.0,0.0,10,16.7,13.2,0,10,17.1,10.8,0,10,15.3,10,12.7,10,7.6,10,2302,10
2008-05-13T00:00+00:00,5904,0,0,60,10,342,10,0.9,10,1.7,10,992.4,10,,,72,10,0.0,10,0,10,154.0,0.0,0.0,10,16.5,13.2,0,10,16.8,10.8,0,10,15.4,10,11.9,10,6.7,10,16,10
2008-05-13T01:00+00:00,5904,0,0,25,10,60,10,0.6,10,1.4,10,992.2,10,,,74,10,0.0,10,0,10,154.0,0.0,0.0,10,16.3,13.2,0,10,16.6,10.8,0,10,15.4,10,11.3,10,6.4,10,200,10
2008-05-13T02:00+00:00,5904,0,0,81,10,121,10,0.6,10,1.4,10,992.4,10,,,78,10,0.0,10,0,10,154.0,0.0,0.0,10,16.0,13.2,0,10,16.4,10.8,0,10,15.4,10,10.6,10,5.9,10,208,10
2008-05-13T03:00+00:00,5904,0,0,42,10,38,10,1.4,10,2.6,10,992.2,10,,,81,10,0.0,10,0,10,154.0,0.0,0.0,10,15.8,13.2,0,10,16.2,10.8,0,10,15.4,10,9.9,10,5.4,10,335,10
2008-05-13T04:00+00:00,5904,11,0,233,10,70,10,0.2,10,1.9,10,992.5,10,,,86,10,0.0,10,0,10,154.0,0.0,0.3,10,15.6,13.2,0,10,16.1,10.8,0,10,15.4,10,9.5,10,5.2,10,401,10
2008-05-13T05:00+00:00,5904,90,0,276,10,285,10,0.5,10,1.6,10,992.8,10,,,83,10,0.0,10,0,10,155.0,0.0,0.8,10,15.5,13.2,0,10,15.9,10.8,0,10,15.5,10,11.0,10,5.7,10,548,10
2008-05-13T06:00+00:00,5904,260,0,0,10,96,10,0.0,10,2.4,10,992.8,10,,,71,10,0.0,10,0,10,155.0,0.0,1.0,10,15.4,13.2,0,10,15.8,10.8,0,10,15.5,10,14.1,10,8.7,10,656,10
2008-05-13T07:00+00:00,5904,426,0,80,10,59,10,1.1,10,2.5,10,992.8,10,,,63,10,0.0,10,0,10,155.0,0.0,1.0,10,15.5,13.2,0,10,15.9,10.8,0,10,15.5,10,17.5,10,11.4,10,716,10
2008-05-13T08:00+00:00,5904,580,0,82,10,50,10,1.4,10,3.0,10,992.6,10,,,57,10,0.0,10,0,10,155.0,0.0,1.0,10,15.9,13.2,0,10,16.1,10.8,0,10,15.5,10,19.9,10,25.1,10,850,10
2008-05-13T09:00+00:00,5904,712,0,83,10,122,10,2.4,10,5.8,10,992.4,10,,,49,10,0.0,10,0,10,155.0,0.0,1.0,10,16.4,13.2,0,10,16.5,10.8,0,10,15.5,10,21.7,10,31.0,10,946,10
2008-05-13T10:00+00:00,5904,820,0,143,10,137,10,2.8,10,6.8,10,992.0,10,,,43,10,0.0,10,0,10,155.0,0.0,1.0,10,17.1,13.2,0,10,17.1,10.8,0,10,15.5,10,22.6,10,34.0,10,1055,10
2008-05-13T11:00+00:00,5904,856,0,149,10,136,10,3.0,10,7.8,10,991.4,10,,,41,10,0.0,10,0,10,155.0,0.0,1.0,10,17.7,13.2,0,10,17.7,10.8,0,10,15.5,10,23.0,10,34.4,10,1105,10
2008-05-13T12:00+00:00,5904,776,0,133,10,128,10,3.2,10,9.2,10,990.8,10,,,41,10,0.0,10,0,10,154.0,0.0,0.9,10,18.3,13.2,0,10,18.1,10.8,0,10,15.4,10,23.4,10,30.3,10,1254,10
2008-05-13T13:00+00:00,5904,800,0,137,10,118,10,3.9,10,9.4,10,990.2,10,,,38,10,0.0,10,0,10,154.0,0.0,1.0,10,18.8,13.2,0,10,18.5,10.8,0,10,15.4,10,23.9,10,32.3,10,1355,10
2008-05-13T14:00+00:00,5904,673,0,139,10,123,10,3.5,10,9.0,10,989.6,10,,,40,10,0.0,10,0,10,154.0,0.0,0.9,10,19.0,13.3,0,10,18.7,10.8,0,10,15.4,10,23.9,10,20.4,10,1444,10
2008-05-13T15:00+00:00,5904,454,0,121,10,131,10,3.6,10,8.8,10,989.2,10,,,40,10,0.0,10,0,10,154.0,0.0,0.7,10,19.0,13.3,0,10,18.9,10.8,0,10,15.4,10,22.4,10,18.5,10,1506,10
2008-05-13T16:00+00:00,5904,194,0,126,10,110,10,3.7,10,7.6,10,988.8,10,,,40,10,0.0,10,0,10,154.0,0.0,0.5,10,18.7,13.3,0,10,18.7,10.9,0,10,15.4,10,21.7,10,16.3,10,1616,10
2008-05-13T17:00+00:00,5904,202,0,113,10,130,10,3.2,10,6.1,10,988.7,10,,,41,10,0.0,10,0,10,155.0,0.0,0.9,10,18.4,13.3,0,10,18.5,10.8,0,10,15.5,10,21.0,10,14.9,10,1751,10
2008-05-13T18:00+00:00,5904,88,0,105,10,114,10,3.7,10,7.0,10,988.9,10,,,46,10,0.0,10,0,10,155.0,0.0,1.0,10,18.2,13.3,0,10,18.3,10.9,0,10,15.5,10,19.8,10,12.9,10,1826,10
2008-05-13T19:00+00:00,5904,8,0,85,10,94,10,2.6,10,5.3,10,989.2,10,,,53,10,0.0,10,0,10,155.0,0.0,0.1,10,17.9,13.3,0,10,18.1,10.9,0,10,15.5,10,17.6,10,10.4,10,1902,10
2008-05-13T20:00+00:00,5904,0,0,74,10,99,10,1.6,10,3.3,10,989.5,10,,,60,10,0.0,10,0,10,155.0,0.0,0.0,10,17.6,13.3,0,10,17.9,10.9,0,10,15.5,10,16.3,10,10.0,10,2041,10
2008-05-13T21:00+00:00,5904,0,0,42,10,28,10,1.9,10,4.8,10,989.7,10,,,63,10,0.0,10,0,10,156.0,0.0,0.0,10,17.4,13.3,0,10,17.7,10.9,0,10,15.6,10,15.6,10,9.3,10,2136,10
2008-05-13T22:00+00:00,5904,0,0,25,10,28,10,2.3,10,4.5,10,990.0,10,,,66,10,0.0,10,0,10,156.0,0.0,0.0,10,17.1,13.3,0,10,17.4,10.9,0,10,15.6,10,14.6,10,8.3,10,2249,10
2008-05-13T23:00+00:00,5904,0,0,36,10,33,10,1.8,10,4.1,10,990.1,10,,,70,10,0.0,10,0,10,156.0,0.0,0.0,10,16.9,13.3,0,10,17.2,10.9,0,10,15.6,10,13.2,10,7.8,10,2301,10
2008-05-14T00:00+00:00,5904,0,0,38,10,32,10,2.6,10,4.8,10,989.9,10,,,74,10,0.0,10,0,10,156.0,0.0,0.0,10,16.7,13.3,0,10,17.0,10.9,0,10,15.6,10,12.8,10,7.3,10,47,10
2008-05-14T01:00+00:00,5904,0,0,34,10,30,10,2.9,10,5.3,10,990.0,10,,,76,10,0.0,10,0,10,157.0,0.0,0.0,10,16.4,13.3,0,10,16.8,10.9,0,10,15.7,10,12.8,10,7.1,10,139,10
2008-05-14T02:00+00:00,5904,0,0,36,10,38,10,2.1,10,4.6,10,989.9,10,,,80,10,0.0,10,0,10,157.0,0.0,0.0,10,16.2,13.3,0,10,16.6,10.9,0,10,15.7,10,11.7,10,6.7,10,205,10
2008-05-14T03:00+00:00,5904,0,0,268,10,262,10,0.6,10,2.3,10,989.7,10,,,86,10,0.0,10,0,10,157.0,0.0,0.0,10,16.0,13.4,0,10,16.5,10.9,0,10,15.7,10,10.8,10,6.5,10,356,10
2008-05-14T04:00+00:00,5904,9,0,338,10,276,10,0.4,10,1.9,10,989.7,10,,,86,10,0.0,10,0,10,157.0,0.0,0.3,10,15.9,13.4,0,10,16.3,10.9,0,10,15.7,10,10.7,10,6.3,10,500,10
2008-05-14T05:00+00:00,5904,103,0,36,10,28,10,0.6,10,2.2,10,989.9,10,,,85,10,0.0,10,0,10,157.0,0.0,1.0,10,15.7,13.4,0,10,16.2,10.9,0,10,15.7,10,12.2,10,6.8,10,521,10
2008-05-14T06:00+00:00,5904,262,0,74,10,59,10,1.2,10,3.9,10,990.2,10,,,72,10,0.0,10,0,10,157.0,0.0,1.0,10,15.7,13.4,0,10,16.1,10.9,0,10,15.7,10,15.1,10,9.3,10,659,10
2008-05-14T07:00+00:00,5904,428,0,57,10,37,10,2.6,10,4.9,10,990.6,10,,,68,10,0.0,10,0,10,157.0,0.0,1.0,10,15.8,13.4,0,10,16.1,10.9,0,10,15.7,10,17.5,10,12.3,10,725,10
2008-05-14T08:00+00:00,5904,579,0,71,10,48,10,1.8,10,4.0,10,990.6,10,,,59,10,0.0,10,0,10,157.0,0.0,1.0,10,16.1,13.4,0,10,16.4,10.9,0,10,15.7,10,18.9,10,24.5,10,852,10
2008-05-14T09:00+00:00,5904,718,0,75,10,126,10,1.7,10,4.7,10,990.5,10,,,55,10,0.0,10,0,10,157.0,0.0,1.0,10,16.7,13.4,0,10,16.8,10.9,0,10,15.7,10,20.3,10,29.6,10,951,10
2008-05-14T10:00+00:00,5904,808,0,86,10,108,10,2.0,10,5.1,10,990.1,10,,,54,10,0.0,10,0,10,157.0,0.0,1.0,10,17.3,13.4,0,10,17.4,10.9,0,10,15.7,10,21.2,10,32.7,10,1052,10
2008-05-14T11:00+00:00,5904,858,0,95,10,102,10,2.5,10,6.5,10,989.5,10,,,51,10,0.0,10,0,10,157.0,0.0,1.0,10,18.0,13.4,0,10,18.0,10.9,0,10,15.7,10,22.6,10,35.2,10,1139,10
2008-05-14T12:00+00:00,5904,877,0,89,10,88,10,3.1,10,6.4,10,988.9,10,,,44,10,0.0,10,0,10,157.0,0.0,1.0,10,18.7,13.4,0,10,18.5,10.9,0,10,15.7,10,23.3,10,36.4,10,1231,10
2008-05-14T13:00+00:00,5904,816,0,80,10,76,10,3.0,10,6.9,10,988.4,10,,,37,10,0.0,10,0,10,157.0,0.0,1.0,10,19.2,13.4,0,10,18.9,10.9,0,10,15.7,10,24.0,10,32.9,10,1333,10
2008-05-14T14:00+00:00,5904,740,0,87,10,67,10,2.8,10,9.1,10,987.7,10,,,43,10,0.0,10,0,10,157.0,0.0,1.0,10,19.5,13.4,0,10,19.1,10.9,0,10,15.7,10,23.8,10,21.5,10,1453,10
2008-05-14T15:00+00:00,5904,421,0,88,10,57,10,3.8,10,8.5,10,987.6,10,,,43,10,0.0,10,0,10,157.0,0.0,0.7,10,19.3,13.5,0,10,19.2,10.9,0,10,15.7,10,23.6,10,19.2,10,1501,10
2008-05-14T16:00+00:00,5904,365,0,74,10,79,10,3.3,10,6.8,10,987.3,10,,,42,10,0.0,10,0,10,157.0,0.0,1.0,10,19.1,13.5,0,10,19.0,10.9,0,10,15.7,10,23.1,10,17.9,10,1622,10
2008-05-14T17:00+00:00,5904,223,0,96,10,118,10,3.3,10,6.8,10,987.5,10,,,46,10,0.0,10,0,10,157.0,0.0,1.0,10,18.9,13.5,0,10,18.9,10.9,0,10,15.7,10,21.3,10,16.1,10,1738,10
2008-05-14T18:00+00:00,5904,77,0,114,10,130,10,3.3,10,6.0,10,987.8,10,,,47,10,0.0,10,0,10,157.0,0.0,0.9,10,18.6,13.5,0,10,18.7,11.0,0,10,15.7,10,20.3,10,13.8,10,1825,10
2008-05-14T19:00+00:00,5904,8,0,126,10,162,10,2.8,10,6.1,10,988.1,10,,,50,10,0.0,10,0,10,157.0,0.0,0.0,10,18.3,13.5,0,10,18.5,11.0,0,10,15.7,10,19.2,10,12.7,10,1955,10
2008-05-14T20:00+00:00,5904,0,0,136,10,129,10,1.7,10,5.3,10,988.7,10,,,54,10,0.0,10,0,10,158.0,0.0,0.0,10,18.1,13.5,0,10,18.3,10.9,0,10,15.8,10,18.3,10,11.9,10,2030,10
2008-05-14T21:00+00:00,5904,0,0,6,10,28,10,1.7,10,3.6,10,988.5,10,,,65,10,0.0,10,0,10,158.0,0.0,0.0,10,17.8,13.5,0,10,18.1,11.0,0,10,15.8,10,15.7,10,9.8,10,2113,10
2008-05-14T22:00+00:00,5904,0,0,5,10,22,10,0.7,10,2.1,10,988.3,10,,,72,10,0.0,10,0,10,158.0,0.0,0.0,10,17.6,13.5,0,10,17.9,11.0,0,10,15.8,10,14.4,10,9.2,10,2223,10
2008-05-14T23:00+00:00,5904,0,0,232,10,245,10,0.6,10,2.8,10,988.0,10,,,76,10,0.0,10,0,10,158.0,0.0,0.0,10,17.3,13.5,0,10,17.6,11.0,0,10,15.8,10,13.8,10,8.8,10,2307,10
2008-05-15T00:00+00:00,5904,0,0,76,10,122,10,0.5,10,1.5,10,987.5,10,,,80,10,0.0,10,0,10,159.0,0.0,0.0,10,17.1,13.5,0,10,17.4,11.0,0,10,15.9,10,13.1,10,8.2,10,15,10
2008-05-15T01:00+00:00,5904,0,0,248,10,273,10,1.3,10,2.3,10,987.1,10,,,82,10,0.0,10,0,10,159.0,0.0,0.0,10,16.9,13.5,0,10,17.3,11.0,0,10,15.9,10,12.7,10,8.0,10,145,10
2008-05-15T02:00+00:00,5904,0,0,38,10,354,10,0.3,10,2.3,10,986.8,10,,,84,10,0.0,10,0,10,159.0,0.0,0.0,10,16.7,13.5,0,10,17.1,11.0,0,10,15.9,10,11.7,10,7.3,10,251,10
2008-05-15T03:00+00:00,5904,0,0,23,10,37,10,1.8,10,2.6,10,986.5,10,,,88,10,0.0,10,0,10,159.0,0.0,0.0,10,16.5,13.5,0,10,16.9,11.0,0,10,15.9,10,10.9,10,6.5,10,324,10
2008-05-15T04:00+00:00,5904,9,0,19,10,41,10,1.4,10,2.8,10,986.5,10,,,90,10,0.0,10,0,10,160.0,0.0,0.1,10,16.3,13.5,0,10,16.7,11.0,0,10,16.0,10,10.6,10,6.4,10,459,10
2008-05-15T05:00+00:00,5904,106,0,43,10,50,10,1.6,10,3.1,10,986.7,10,,,86,10,0.0,10,0,10,160.0,0.0,1.0,10,16.1,13.6,0,10,16.5,11.0,0,10,16.0,10,12.6,10,6.8,10,504,10
2008-05-15T06:00+00:00,5904,259,0,59,10,66,10,1.6,10,2.9,10,986.7,10,,,79,10,0.0,10,0,10,160.0,0.0,1.0,10,16.1,13.6,0,10,16.4,11.0,0,10,16.0,10,14.1,10,10.0,10,645,10
2008-05-15T07:00+00:00,5904,423,0,76,10,80,10,1.3,10,3.5,10,986.8,10,,,70,10,0.0,10,0,10,160.0,0.0,1.0,10,16.2,13.6,0,10,16.5,11.0,0,10,16.0,10,16.9,10,12.5,10,737,10
2008-05-15T08:00+00:00,5904,585,0,54,10,80,10,1.6,10,3.7,10,986.7,10,,,62,10,0.0,10,0,10,160.0,0.0,1.0,10,16.5,13.6,0,10,16.7,11.0,0,10,16.0,10,18.9,10,24.0,10,804,10
2008-05-15T09:00+00:00,5904,718,0,69,10,25,10,2.1,10,4.8,10,986.5,10,,,61,10,0.0,10,0,10,160.0,0.0,1.0,10,17.1,13.6,0,10,17.1,11.0,0,10,16.0,10,20.4,10,29.0,10,945,10
2008-05-15T10:00+00:00,5904,794,0,81,10,108,10,2.0,10,4.5,10,986.2,10,,,57,10,0.0,10,0,10,160.0,0.0,1.0,10,17.7,13.6,0,10,17.6,11.0,0,10,16.0,10,21.8,10,34.0,10,1016,10
2008-05-15T11:00+00:00,5904,842,0,89,10,73,10,2.6,10,5.8,10,985.7,10,,,53,10,0.0,10,0,10,160.0,0.0,1.0,10,18.4,13.6,0,10,18.2,11.0,0,10,16.0,10,22.9,10,35.4,10,1148,10
2008-05-15T12:00+00:00,5904,845,0,84,10,108,10,2.8,10,5.9,10,985.2,10,,,50,10,0.0,10,0,10,160.0,0.0,1.0,10,19.1,13.6,0,10,18.7,11.0,0,10,16.0,10,24.3,10,36.1,10,1209,10
2008-05-15T13:00+00:00,5904,758,0,67,10,62,10,2.4,10,5.9,10,984.5,10,,,44,10,0.0,10,0,10,159.0,0.0,1.0,10,19.5,13.6,0,10,19.1,11.0,0,10,15.9,10,25.1,10,32.7,10,1336,10
2008-05-15T14:00+00:00,5904,762,0,55,10,47,10,2.5,10,6.2,10,984.0,10,,,38,10,0.0,10,0,10,159.0,0.0,1.0,10,19.8,13.6,0,10,19.5,11.0,0,10,15.9,10,25.9,10,24.1,10,1421,10
2008-05-15T15:00+00:00,5904,513,0,70,10,45,10,2.4,10,6.1,10,983.6,10,,,41,10,0.0,10,0,10,159.0,0.0,0.8,10,19.8,13.6,0,10,19.6,11.0,0,10,15.9,10,24.6,10,22.4,10,1513,10
2008-05-15T16:00+00:00,5904,180,0,164,10,195,10,2.0,10,6.4,10,983.0,10,,,41,10,0.0,10,0,10,160.0,0.0,0.2,10,19.6,13.7,0,10,19.5,11.0,0,10,16.0,10,24.5,10,20.6,10,1658,10
2008-05-15T17:00+00:00,5904,273,0,174,10,165,10,3.5,10,8.1,10,983.0,10,,,43,10,0.0,10,0,10,160.0,0.0,1.0,10,19.4,13.7,0,10,19.4,11.0,0,10,16.0,10,23.6,10,20.0,10,1740,10
2008-05-15T18:00+00:00,5904,82,0,180,10,177,10,3.4,10,7.2,10,983.0,10,,,43,10,0.0,10,0,10,160.0,0.0,0.9,10,19.1,13.7,0,10,19.2,11.0,0,10,16.0,10,22.2,10,16.1,10,1813,10
2008-05-15T19:00+00:00,5904,8,0,175,10,203,10,2.7,10,5.2,10,983.1,10,,,48,10,0.0,10,0,10,160.0,0.0,0.1,10,18.9,13.7,0,10,19.0,11.0,0,10,16.0,10,20.4,10,13.6,10,1957,10
2008-05-15T20:00+00:00,5904,0,0,229,10,190,10,1.5,10,6.0,10,983.1,10,,,60,10,0.0,10,0,10,160.0,0.0,0.0,10,18.6,13.7,0,10,18.7,11.0,0,10,16.0,10,17.6,10,11.4,10,2001,10
2008-05-15T21:00+00:00,5904,0,0,305,10,288,10,1.2,10,1.9,10,983.1,10,,,67,10,0.0,10,0,10,161.0,0.0,0.0,10,18.3,13.7,0,10,18.5,11.1,0,10,16.1,10,16.0,10,10.5,10,2106,10
2008-05-15T22:00+00:00,5904,0,0,45,10,345,10,0.8,10,2.4,10,983.3,10,,,71,10,0.0,10,0,10,161.0,0.0,0.0,10,18.0,13.7,0,10,18.3,11.1,0,10,16.1,10,15.4,10,10.4,10,2213,10
2008-05-15T23:00+00:00,5904,0,0,273,10,276,10,1.7,10,3.0,10,983.1,10,,,77,10,0.0,10,0,10,161.0,0.0,0.0,10,17.8,13.7,0,10,18.1,11.1,0,10,16.1,10,14.7,10,9.7,10,2338,10
2008-05-16T00:00+00:00,5904,0,0,12,10,37,10,0.9,10,3.1,10,982.8,10,,,82,10,0.0,10,0,10,162.0,0.0,0.0,10,17.6,13.7,0,10,17.9,11.1,0,10,16.2,10,13.2,10,8.7,10,57,10
2008-05-16T01:00+00:00,5904,0,0,37,10,62,10,0.7,10,2.8,10,982.7,10,,,83,10,0.0,10,0,10,162.0,0.0,0.0,10,17.3,13.7,0,10,17.7,11.1,0,10,16.2,10,13.3,10,8.6,10,138,10
2008-05-16T02:00+00:00,5904,0,0,276,10,23,10,2.0,10,4.8,10,982.9,10,,,77,10,0.0,10,0,10,162.0,0.0,0.0,10,17.2,13.7,0,10,17.5,11.1,0,10,16.2,10,14.5,10,10.7,10,205,10
2008-05-16T03:00+00:00,5904,0,0,277,10,305,10,2.8,10,6.1,10,983.4,10,,,75,10,0.0,10,0,10,162.0,0.0,0.0,10,17.1,13.7,0,10,17.4,11.1,0,10,16.2,10,14.7,10,12.1,10,318,10
2008-05-16T04:00+00:00,5904,7,0,290,10,274,10,1.6,10,7.2,10,983.8,10,,,68,10,0.0,10,8,10,162.0,0.0,0.0,10,17.0,13.8,0,10,17.3,11.1,0,10,16.2,10,16.0,10,12.2,10,458,10
2008-05-16T05:00+00:00,5904,56,0,268,10,267,10,3.7,10,9.1,10,984.1,10,,,74,10,0.0,10,0,10,163.0,0.0,0.0,10,17.0,13.8,0,10,17.3,11.1,0,10,16.3,10,16.3,10,13.1,10,558,10
2008-05-16T06:00+00:00,5904,201,0,273,10,297,10,3.6,10,9.7,10,984.7,10,,,72,10,0.0,10,0,10,163.0,0.0,0.5,10,17.0,13.8,0,10,17.2,11.1,0,10,16.3,10,17.0,10,15.2,10,649,10
2008-05-16T07:00+00:00,5904,241,0,273,10,279,10,4.7,10,10.5,10,985.2,10,,,71,10,0.0,10,0,10,163.0,0.0,0.1,10,17.1,13.8,0,10,17.3,11.1,0,10,16.3,10,17.9,10,17.6,10,732,10
2008-05-16T08:00+00:00,5904,420,0,277,10,277,10,4.2,10,9.0,10,985.5,10,,,65,10,0.0,10,0,10,163.0,0.0,0.8,10,17.4,13.8,0,10,17.4,11.1,0,10,16.3,10,19.7,10,20.0,10,835,10
2008-05-16T09:00+00:00,5904,593,0,284,10,276,10,5.4,10,11.3,10,985.7,10,,,66,10,0.0,10,0,10,163.0,0.0,0.7,10,17.7,13.8,0,10,17.7,11.1,0,10,16.3,10,19.4,10,24.5,10,906,10
2008-05-16T10:00+00:00,5904,473,0,268,10,276,10,3.8,10,7.2,10,985.7,10,,,67,10,0.0,10,11,10,163.0,0.0,0.3,10,18.0,13.8,0,10,17.9,11.1,0,10,16.3,10,19.5,10,24.4,10,1001,10
2008-05-16T11:00+00:00,5904,753,0,268,10,305,10,2.5,10,6.4,10,985.3,10,,,57,10,0.0,10,1,10,163.0,0.0,0.8,10,18.5,13.8,0,10,18.4,11.1,0,10,16.3,10,22.0,10,25.0,10,1146,10
2008-05-16T12:00+00:00,5904,808,0,279,10,268,10,3.9,10,9.5,10,985.2,10,,,52,10,0.0,10,0,10,163.0,0.0,1.0,10,19.1,13.8,0,10,18.8,11.1,0,10,16.3,10,23.5,10,32.5,10,1201,10
2008-05-16T13:00+00:00,5904,786,0,279,10,272,10,3.6,10,8.0,10,984.9,10,,,49,10,0.0,10,0,10,163.0,0.0,1.0,10,19.6,13.8,0,10,19.2,11.1,0,10,16.3,10,23.5,10,32.2,10,1359,10
2008-05-16T14:00+00:00,5904,662,0,270,10,273,10,2.4,10,7.4,10,984.3,10,,,51,10,0.0,10,0,10,163.0,0.0,0.9,10,19.9,13.8,0,10,19.5,11.1,0,10,16.3,10,23.2,10,21.9,10,1500,10
2008-05-16T15:00+00:00,5904,591,0,246,10,253,10,2.4,10,6.5,10,984.0,10,,,48,10,0.0,10,0,10,163.0,0.0,0.9,10,20.0,13.8,0,10,19.7,11.1,0,10,16.3,10,24.3,10,22.0,10,1505,10
2008-05-16T16:00+00:00,5904,402,0,181,10,168,10,3.2,10,7.9,10,983.1,10,,,52,10,0.0,10,0,10,163.0,0.0,1.0,10,19.8,13.8,0,10,19.6,11.1,0,10,16.3,10,22.9,10,19.9,10,1634,10
2008-05-16T17:00+00:00,5904,231,0,176,10,170,10,3.8,10,7.8,10,983.4,10,,,52,10,0.0,10,0,10,163.0,0.0,1.0,10,19.5,13.8,0,10,19.4,11.1,0,10,16.3,10,21.9,10,18.1,10,1737,10
2008-05-16T18:00+00:00,5904,83,0,177,10,185,10,3.5,10,7.5,10,983.6,10,,,53,10,0.0,10,0,10,163.0,0.0,1.0,10,19.3,13.9,0,10,19.3,11.1,0,10,16.3,10,21.0,10,16.2,10,1801,10
2008-05-16T19:00+00:00,5904,9,0,184,10,181,10,2.6,10,5.0,10,983.7,10,,,56,10,0.0,10,0,10,163.0,0.0,0.0,10,19.0,13.9,0,10,19.1,11.1,0,10,16.3,10,19.8,10,14.7,10,1945,10
2008-05-16T20:00+00:00,5904,0,0,209,10,207,10,2.3,10,5.5,10,984.2,10,,,59,10,0.0,10,0,10,163.0,0.0,0.0,10,18.8,13.9,0,10,18.9,11.1,0,10,16.3,10,18.7,10,13.6,10,2015,10
2008-05-16T21:00+00:00,5904,0,0,219,10,213,10,2.5,10,5.1,10,983.9,10,,,64,10,0.0,10,0,10,164.0,0.0,0.0,10,18.6,13.9,0,10,18.7,11.2,0,10,16.4,10,18.4,10,13.6,10,2121,10
2008-05-16T22:00+00:00,5904,0,0,249,10,229,10,1.7,10,3.3,10,983.6,10,,,74,10,0.0,10,0,10,164.0,0.0,0.0,10,18.4,13.9,0,10,18.5,11.2,0,10,16.4,10,16.4,10,12.0,10,2218,10
2008-05-16T23:00+00:00,5904,0,0,256,10,272,10,1.7,10,2.9,10,983.4,10,,,78,10,0.0,10,0,10,164.0,0.0,0.0,10,18.1,13.9,0,10,18.4,11.2,0,10,16.4,10,15.7,10,11.4,10,2340,10
2008-05-17T00:00+00:00,5904,0,0,266,10,293,10,1.3,10,2.1,10,982.9,10,,,81,10,0.0,10,0,10,164.0,0.0,0.0,10,17.9,13.9,0,10,18.2,11.2,0,10,16.4,10,15.1,10,11.0,10,23,10
2008-05-17T01:00+00:00,5904,0,0,335,10,22,10,1.2,10,4.1,10,982.6,10,,,86,10,0.0,10,0,10,165.0,0.0,0.0,10,17.7,13.9,0,10,18.0,11.2,0,10,16.5,10,14.3,10,9.9,10,158,10
2008-05-17T02:00+00:00,5904,0,0,27,10,32,10,1.8,10,4.2,10,982.4,10,,,90,10,0.0,10,0,10,165.0,0.0,0.0,10,17.5,13.9,0,10,17.8,11.2,0,10,16.5,10,13.3,10,9.0,10,201,10
2008-05-17T03:00+00:00,5904,0,0,12,10,24,10,1.2,10,3.0,10,982.4,10,,,90,10,0.0,10,0,10,165.0,0.0,0.0,10,17.3,13.9,0,10,17.7,11.2,0,10,16.5,10,13.0,10,8.6,10,324,10
2008-05-17T04:00+00:00,5904,17,0,46,10,42,10,1.9,10,4.4,10,982.5,10,,,90,10,0.0,10,0,10,165.0,0.0,0.0,10,17.1,13.9,0,10,17.5,11.2,0,10,16.5,10,12.9,10,8.6,10,457,10
2008-05-17T05:00+00:00,5904,103,0,32,10,34,10,2.4,10,4.5,10,982.9,10,,,90,10,0.0,10,0,10,165.0,0.0,0.7,10,17.1,14.0,0,10,17.4,11.2,0,10,16.5,10,13.8,10,10.9,10,531,10
2008-05-17T06:00+00:00,5904,242,0,50,10,76,10,0.9,10,2.9,10,982.9,10,,,86,10,0.0,10,0,10,165.0,0.0,1.0,10,17.1,14.0,0,10,17.3,11.2,0,10,16.5,10,15.1,10,13.5,10,648,10
2008-05-17T07:00+00:00,5904,399,0,58,10,70,10,1.5,10,4.2,10,982.9,10,,,78,10,0.0,10,0,10,165.0,0.0,1.0,10,17.2,14.0,0,10,17.4,11.2,0,10,16.5,10,17.6,10,15.6,10,736,10
2008-05-17T08:00+00:00,5904,533,0,65,10,73,10,2.3,10,5.1,10,983.3,10,,,74,10,0.0,10,0,10,165.0,0.0,1.0,10,17.5,14.0,0,10,17.6,11.2,0,10,16.5,10,18.9,10,24.4,10,851,10
2008-05-17T09:00+00:00,5904,556,0,87,10,105,10,2.6,10,5.6,10,983.3,10,,,70,10,0.0,10,0,10,165.0,0.0,0.7,10,17.8,14.0,0,10,17.9,11.2,0,10,16.5,10,19.5,10,25.7,10,944,10
2008-05-17T10:00+00:00,5904,644,0,100,10,96,10,2.9,10,6.0,10,983.2,10,,,68,10,0.0,10,0,10,165.0,0.0,0.8,10,18.3,14.0,0,10,18.2,11.2,0,10,16.5,10,20.4,10,27.7,10,1024,10
2008-05-17T11:00+00:00,5904,636,0,115,10,117,10,2.1,10,4.8,10,983.1,10,,,63,10,0.0,10,0,10,165.0,0.0,0.9,10,18.7,14.0,0,10,18.6,11.2,0,10,16.5,10,21.4,10,28.4,10,1158,10
2008-05-17T12:00+00:00,5904,583,0,101,10,97,10,3.0,10,5.9,10,982.6,10,,,61,10,0.0,10,0,10,165.0,0.0,0.8,10,19.1,14.0,0,10,18.9,11.2,0,10,16.5,10,22.4,10,28.1,10,1235,10
2008-05-17T13:00+00:00,5904,687,0,116,10,97,10,3.1,10,7.4,10,982.4,10,,,56,10,0.0,10,0,10,165.0,0.0,1.0,10,19.5,14.0,0,10,19.3,11.2,0,10,16.5,10,24.2,10,31.2,10,1343,10
2008-05-17T14:00+00:00,5904,595,0,124,10,71,10,3.1,10,6.9,10,981.6,10,,,55,10,0.0,10,0,10,165.0,0.0,1.0,10,19.8,14.0,0,10,19.5,11.2,0,10,16.5,10,24.2,10,24.0,10,1411,10
2008-05-17T15:00+00:00,5904,318,0,96,10,98,10,3.3,10,5.8,10,981.2,10,,,56,10,0.0,10,0,10,165.0,0.0,0.3,10,19.9,14.1,0,10,19.6,11.2,0,10,16.5,10,23.5,10,24.7,10,1529,10
2008-05-17T16:00+00:00,5904,198,0,105,10,112,10,3.1,10,7.1,10,980.2,10,,,55,10,0.0,10,7,10,165.0,0.0,0.1,10,19.8,14.1,0,10,19.7,11.2,0,10,16.5,10,23.3,10,22.6,10,1611,10
2008-05-17T17:00+00:00,5904,113,0,78,10,79,10,3.3,10,6.2,10,979.1,10,,,57,10,0.0,10,0,10,165.0,0.0,0.0,10,19.7,14.1,0,10,19.6,11.2,0,10,16.5,10,22.7,10,21.0,10,1724,10
2008-05-17T18:00+00:00,5904,47,0,131,10,142,10,2.2,10,5.6,10,978.7,10,,,57,10,0.0,10,0,10,166.0,0.0,0.0,10,19.6,14.1,0,10,19.5,11.2,0,10,16.6,10,21.4,10,17.3,10,1821,10
2008-05-17T19:00+00:00,5904,4,0,189,10,197,10,3.3,10,9.9,10,979.6,10,,,54,10,0.0,10,0,10,166.0,0.0,0.0,10,19.4,14.1,0,10,19.4,11.2,0,10,16.6,10,21.6,10,16.2,10,1943,10
2008-05-17T20:00+00:00,5904,0,0,216,10,223,10,4.1,10,9.9,10,980.2,10,,,57,10,0.0,10,0,10,166.0,0.0,0.0,10,19.1,14.1,0,10,19.2,11.2,0,10,16.6,10,20.2,10,15.9,10,2002,10
2008-05-17T21:00+00:00,5904,0,0,244,10,220,10,2.7,10,4.8,10,980.3,10,,,64,10,0.0,10,0,10,166.0,0.0,0.0,10,18.9,14.1,0,10,19.0,11.3,0,10,16.6,10,18.5,10,12.9,10,2200,10
2008-05-17T22:00+00:00,5904,0,0,251,10,273,10,2.5,10,4.2,10,980.5,10,,,68,10,0.0,10,0,10,166.0,0.0,0.0,10,18.7,14.1,0,10,18.8,11.2,0,10,16.6,10,17.5,10,12.4,10,2206,10
2008-05-17T23:00+00:00,5904,0,0,261,10,269,10,2.2,10,3.8,10,980.5,10,,,71,10,0.0,10,0,10,167.0,0.0,0.0,10,18.5,14.1,0,10,18.7,11.3,0,10,16.7,10,16.8,10,11.9,10,2330,10
2008-05-18T00:00+00:00,5904,0,0,272,10,285,10,1.8,10,3.1,10,980.1,10,,,75,10,0.0,10,0,10,167.0,0.0,0.0,10,18.2,14.1,0,10,18.5,11.3,0,10,16.7,10,15.9,10,11.5,10,55,10
2008-05-18T01:00+00:00,5904,0,0,311,10,330,10,1.1,10,3.1,10,980.2,10,,,78,10,0.0,10,0,10,167.0,0.0,0.0,10,18.1,14.1,0,10,18.3,11.3,0,10,16.7,10,15.1,10,11.5,10,142,10
2008-05-18T02:00+00:00,5904,0,0,270,10,264,10,1.4,10,2.5,10,980.0,10,,,81,10,0.0,10,0,10,167.0,0.0,0.0,10,17.9,14.1,0,10,18.2,11.3,0,10,16.7,10,14.7,10,10.8,10,237,10
2008-05-18T03:00+00:00,5904,0,0,276,10,83,10,0.9,10,2.9,10,979.7,10,,,83,10,0.0,10,0,10,167.0,0.0,0.0,10,17.7,14.1,0,10,18.0,11.3,0,10,16.7,10,13.8,10,10.4,10,358,10
2008-05-18T04:00+00:00,5904,11,0,5,10,93,10,1.0,10,2.4,10,979.9,10,,,82,10,0.0,10,0,10,167.0,0.0,0.0,10,17.6,14.2,0,10,17.9,11.3,0,10,16.7,10,14.6,10,10.7,10,402,10
2008-05-18T05:00+00:00,5904,99,0,271,10,137,10,0.3,10,4.4,10,980.0,10,,,79,10,0.0,10,0,10,168.0,0.0,0.2,10,17.5,14.2,0,10,17.8,11.3,0,10,16.8,10,16.4,10,12.3,10,559,10
2008-05-18T06:00+00:00,5904,149,0,50,10,128,10,0.7,10,4.9,10,980.2,10,,,78,10,0.0,10,0,10,168.0,0.0,0.2,10,17.6,14.2,0,10,17.8,11.3,0,10,16.8,10,17.2,10,16.6,10,700,10
2008-05-18T07:00+00:00,5904,310,0,122,10,76,10,0.7,10,2.2,10,980.2,10,,,72,10,0.0,10,0,10,168.0,0.0,0.7,10,17.8,14.2,0,10,17.8,11.3,0,10,16.8,10,19.8,10,18.2,10,747,10
2008-05-18T08:00+00:00,5904,462,0,79,10,101,10,1.0,10,3.6,10,980.2,10,,,68,10,0.0,10,0,10,168.0,0.0,0.5,10,18.0,14.2,0,10,18.1,11.3,0,10,16.8,10,20.5,10,24.2,10,828,10
2008-05-18T09:00+00:00,5904,510,0,41,10,49,10,1.1,10,3.9,10,980.0,10,,,64,10,0.0,10,8,10,168.0,0.0,0.7,10,18.4,14.2,0,10,18.4,11.3,0,10,16.8,10,21.9,10,25.2,10,932,10
2008-05-18T10:00+00:00,5904,451,0,56,10,15,10,0.3,10,3.6,10,979.9,10,,,62,10,0.0,10,3,10,168.0,0.0,0.4,10,18.7,14.2,0,10,18.6,11.3,0,10,16.8,10,22.2,10,24.1,10,1059,10
2008-05-18T11:00+00:00,5904,360,0,298,10,263,10,1.4,10,4.0,10,979.8,10,,,70,10,0.0,10,19,10,168.0,0.0,0.0,10,18.9,14.2,0,10,18.8,11.3,0,10,16.8,10,21.4,10,23.7,10,1149,10
2008-05-18T12:00+00:00,5904,373,0,270,10,300,10,2.8,10,6.9,10,980.0,10,,,70,10,0.0,10,13,10,168.0,0.0,0.1,10,19.2,14.2,0,10,19.0,11.3,0,10,16.8,10,21.2,10,24.2,10,1254,10
2008-05-18T13:00+00:00,5904,328,0,266,10,284,10,4.0,10,7.6,10,980.0,10,,,67,10,0.0,10,21,10,168.0,0.0,0.0,10,19.3,14.2,0,10,19.1,11.3,0,10,16.8,10,20.9,10,23.0,10,1317,10
2008-05-18T14:00+00:00,5904,414,0,276,10,291,10,4.9,10,10.1,10,979.5,10,,,66,10,0.0,10,0,10,168.0,0.0,0.3,10,19.4,14.2,0,10,19.3,11.3,0,10,16.8,10,20.2,10,23.6,10,1459,10
2008-05-18T15:00+00:00,5904,95,0,278,10,260,10,5.8,10,12.3,10,980.1,10,,,75,10,0.0,10,14,10,168.0,0.0,0.0,10,19.3,14.3,0,10,19.2,11.3,0,10,16.8,10,17.5,10,16.4,10,1548,10
2008-05-18T16:00+00:00,5904,14,0,281,10,269,10,1.6,10,8.7,10,980.5,10,,,92,10,13.2,10,55,10,168.0,0.0,0.0,10,18.9,14.3,0,10,18.9,11.3,0,10,16.8,10,15.2,10,14.5,10,1700,10
2008-05-18T17:00+00:00,5904,7,0,277,10,277,10,3.5,10,8.5,10,981.0,10,,,93,10,3.7,10,60,10,168.0,0.0,0.0,10,18.5,14.3,0,10,18.7,11.3,0,10,16.8,10,14.7,10,14.2,10,1706,10
2008-05-18T18:00+00:00,5904,5,0,266,10,293,10,2.0,10,5.1,10,981.1,10,,,93,10,4.1,10,60,10,168.0,0.0,0.0,10,18.2,14.3,0,10,18.5,11.3,0,10,16.8,10,14.5,10,14.2,10,1856,10
2008-05-18T19:00+00:00,5904,0,0,280,10,304,10,2.7,10,5.2,10,981.6,10,,,92,10,1.5,10,53,10,168.0,0.0,0.0,10,18.1,14.3,0,10,18.3,11.3,0,10,16.8,10,14.4,10,13.9,10,1901,10
2008-05-18T20:00+00:00,5904,0,0,289,10,295,10,3.1,10,6.6,10,981.4,10,,,93,10,0.1,10,14,10,168.0,0.0,0.0,10,17.9,14.3,0,10,18.2,11.3,0,10,16.8,10,14.2,10,13.3,10,2002,10
2008-05-18T21:00+00:00,5904,0,0,270,10,318,10,1.2,10,5.9,10,981.6,10,,,93,10,0.0,10,5,10,168.0,0.0,0.0,10,17.8,14.3,0,10,18.1,11.3,0,10,16.8,10,14.3,10,13.6,10,2103,10
2008-05-18T22:00+00:00,5904,0,0,289,10,301,10,1.8,10,5.1,10,981.6,10,,,92,10,0.0,10,0,10,168.0,0.0,0.0,10,17.8,14.3,0,10,18.0,11.3,0,10,16.8,10,14.4,10,14.0,10,2254,10
2008-05-18T23:00+00:00,5904,0,0,296,10,302,10,1.4,10,4.2,10,981.2,10,,,93,10,0.0,10,19,10,168.0,0.0,0.0,10,17.7,14.3,0,10,17.9,11.3,0,10,16.8,10,14.2,10,14.0,10,2306,10
2008-05-19T00:00+00:00,5904,0,0,318,10,278,10,0.8,10,2.8,10,981.0,10,,,92,10,0.4,10,28,10,169.0,0.0,0.0,10,17.6,14.3,0,10,17.8,11.3,0,10,16.9,10,14.1,10,13.9,10,20,10
2008-05-19T01:00+00:00,5904,0,0,296,10,284,10,1.4,10,3.8,10,980.7,10,,,93,10,0.6,10,32,10,169.0,0.0,0.0,10,17.6,14.3,0,10,17.8,11.3,0,10,16.9,10,13.9,10,14.0,10,107,10
2008-05-19T02:00+00:00,5904,0,0,262,10,312,10,0.3,10,2.2,10,980.5,10,,,93,10,1.9,10,53,10,169.0,0.0,0.0,10,17.5,14.3,0,10,17.7,11.3,0,10,16.9,10,13.8,10,14.0,10,206,10
2008-05-19T03:00+00:00,5904,0,0,270,10,259,10,1.3,10,2.5,10,980.6,10,,,93,10,3.6,10,48,10,168.0,0.0,0.0,10,17.4,14.4,0,10,17.6,11.4,0,10,16.8,10,13.6,10,13.5,10,305,10
2008-05-19T04:00+00:00,5904,3,0,290,10,256,10,1.0,10,2.4,10,980.6,10,,,93,10,0.0,10,0,10,168.0,0.0,0.0,10,17.3,14.4,0,10,17.5,11.4,0,10,16.8,10,13.5,10,13.7,10,402,10
2008-05-19T05:00+00:00,5904,14,0,299,10,332,10,0.8,10,2.4,10,980.8,10,,,93,10,0.1,10,7,10,168.0,0.0,0.0,10,17.2,14.4,0,10,17.5,11.4,0,10,16.8,10,13.6,10,14.0,10,522,10
2008-05-19T06:00+00:00,5904,48,0,283,10,263,10,1.6,10,4.4,10,981.3,10,,,92,10,1.2,10,48,10,168.0,0.0,0.0,10,17.2,14.4,0,10,17.4,11.4,0,10,16.8,10,13.7,10,14.2,10,621,10
2008-05-19T07:00+00:00,5904,98,0,310,10,296,10,3.4,10,7.5,10,982.1,10,,,90,10,0.3,10,27,10,168.0,0.0,0.0,10,17.2,14.4,0,10,17.4,11.4,0,10,16.8,10,13.0,10,14.3,10,753,10
2008-05-19T08:00+00:00,5904,88,0,308,10,288,10,2.7,10,6.4,10,982.9,10,,,90,10,0.0,10,0,10,168.0,0.0,0.0,10,17.2,14.4,0,10,17.4,11.4,0,10,16.8,10,13.1,10,13.9,10,801,10
2008-05-19T09:00+00:00,5904,115,0,321,10,320,10,3.5,10,7.5,10,983.6,10,,,88,10,0.3,10,29,10,168.0,0.0,0.0,10,17.2,14.4,0,10,17.3,11.4,0,10,16.8,10,13.2,10,13.9,10,907,10
2008-05-19T10:00+00:00,5904,148,0,320,10,352,10,3.0,10,7.8,10,984.3,10,,,88,10,0.1,10,16,10,168.0,0.0,0.0,10,17.2,14.4,0,10,17.3,11.4,0,10,16.8,10,13.1,10,14.2,10,1013,10
2008-05-19T11:00+00:00,5904,177,0,326,10,327,10,2.9,10,7.0,10,984.9,10,,,85,10,0.0,10,0,10,168.0,0.0,0.0,10,17.2,14.4,0,10,17.3,11.4,0,10,16.8,10,13.3,10,14.9,10,1131,10
2008-05-19T12:00+00:00,5904,264,0,341,10,332,10,3.3,10,7.1,10,985.3,10,,,79,10,0.0,10,0,10,168.0,0.0,0.0,10,17.2,14.4,0,10,17.4,11.4,0,10,16.8,10,13.7,10,15.9,10,1227,10
2008-05-19T13:00+00:00,5904,199,0,341,10,351,10,4.0,10,8.0,10,985.4,10,,,79,10,0.0,10,0,10,168.0,0.0,0.0,10,17.3,14.4,0,10,17.4,11.4,0,10,16.8,10,13.5,10,14.6,10,1322,10
2008-05-19T14:00+00:00,5904,246,0,360,10,8,10,3.5,10,8.1,10,985.8,10,,,78,10,0.0,10,0,10,168.0,0.0,0.1,10,17.3,14.5,0,10,17.4,11.4,0,10,16.8,10,13.5,10,15.0,10,1434,10
2008-05-19T15:00+00:00,5904,141,0,7,10,346,10,4.1,10,9.4,10,986.0,10,,,80,10,0.0,10,0,10,168.0,0.0,0.0,10,17.3,14.5,0,10,17.4,11.4,0,10,16.8,10,12.8,10,13.2,10,1527,10
2008-05-19T16:00+00:00,5904,91,0,5,10,24,10,4.4,10,9.0,10,985.9,10,,,79,10,0.0,10,0,10,167.0,0.0,0.0,10,17.3,14.5,0,10,17.4,11.4,0,10,16.7,10,12.4,10,12.6,10,1621,10
2008-05-19T17:00+00:00,5904,120,0,3,10,8,10,4.2,10,8.7,10,986.1,10,,,76,10,0.0,10,0,10,167.0,0.0,0.0,10,17.2,14.5,0,10,17.4,11.4,0,10,16.7,10,12.2,10,12.7,10,1726,10
2008-05-19T18:00+00:00,5904,90,0,2,10,10,10,4.2,10,10.6,10,986.4,10,,,74,10,0.0,10,0,10,167.0,0.0,0.1,10,17.1,14.5,0,10,17.3,11.5,0,10,16.7,10,12.0,10,11.1,10,1850,10
2008-05-19T19:00+00:00,5904,10,0,360,10,8,10,3.3,10,7.9,10,987.0,10,,,76,10,0.0,10,0,10,167.0,0.0,0.0,10,17.0,14.5,0,10,17.2,11.5,0,10,16.7,10,11.5,10,10.2,10,1955,10
2008-05-19T20:00+00:00,5904,0,0,358,10,3,10,3.8,10,8.4,10,987.8,10,,,74,10,0.0,10,0,10,167.0,0.0,0.0,10,16.8,14.5,0,10,17.1,11.5,0,10,16.7,10,11.3,10,9.8,10,2045,10
2008-05-19T21:00+00:00,5904,0,0,3,10,13,10,4.2,10,9.4,10,987.9,10,,,74,10,0.0,10,0,10,167.0,0.0,0.0,10,16.7,14.5,0,10,17.0,11.5,0,10,16.7,10,11.1,10,10.2,10,2145,10
2008-05-19T22:00+00:00,5904,0,0,7,10,7,10,4.0,10,10.9,10,987.8,10,,,75,10,0.0,10,0,10,167.0,0.0,0.0,10,16.6,14.5,0,10,16.9,11.5,0,10,16.7,10,10.6,10,9.4,10,2234,10
2008-05-19T23:00+00:00,5904,0,0,2,10,6,10,4.3,10,8.8,10,987.5,10,,,76,10,0.0,10,0,10,167.0,0.0,0.0,10,16.4,14.5,0,10,16.8,11.5,0,10,16.7,10,10.2,10,8.7,10,2321,10
2008-05-20T00:00+00:00,5904,0,0,350,10,11,10,4.1,10,10.2,10,986.8,10,,,75,10,0.0,10,0,10,167.0,0.0,0.0,10,16.3,14.5,0,10,16.6,11.5,0,10,16.7,10,10.3,10,8.6,10,44,10
2008-05-20T01:00+00:00,5904,0,0,343,10,339,10,4.1,10,10.2,10,986.7,10,,,75,10,0.0,10,0,10,167.0,0.0,0.0,10,16.2,14.5,0,10,16.5,11.5,0,10,16.7,10,10.2,10,8.6,10,103,10
2008-05-20T02:00+00:00,5904,0,0,342,10,344,10,4.3,10,9.0,10,986.5,10,,,73,10,0.0,10,0,10,166.0,0.0,0.0,10,16.1,14.5,0,10,16.4,11.5,0,10,16.6,10,10.0,10,9.2,10,225,10
2008-05-20T03:00+00:00,5904,0,0,340,10,330,10,5.2,10,10.3,10,985.8,10,,,72,10,0.0,10,0,10,166.0,0.0,0.0,10,16.0,14.5,0,10,16.3,11.5,0,10,16.6,10,9.8,10,8.9,10,354,10
2008-05-20T04:00+00:00,5904,5,0,340,10,334,10,5.0,10,11.9,10,985.9,10,,,71,10,0.0,10,0,10,166.0,0.0,0.0,10,15.8,14.5,0,10,16.2,11.5,0,10,16.6,10,9.6,10,8.6,10,415,10
2008-05-20T05:00+00:00,5904,29,0,341,10,328,10,4.5,10,11.1,10,985.9,10,,,70,10,0.0,10,0,10,166.0,0.0,0.0,10,15.7,14.5,0,10,16.1,11.5,0,10,16.6,10,9.6,10,8.9,10,516,10
2008-05-20T06:00+00:00,5904,27,0,323,10,334,10,3.5,10,8.4,10,987.0,10,,,75,10,0.1,10,24,10,166.0,0.0,0.0,10,15.7,14.5,0,10,16.0,11.5,0,10,16.6,10,9.2,10,9.0,10,601,10
2008-05-20T07:00+00:00,5904,36,0,321,10,323,10,3.6,10,7.4,10,986.5,10,,,87,10,1.7,10,60,10,166.0,0.0,0.0,10,15.6,14.6,0,10,15.9,11.5,0,10,16.6,10,8.2,10,8.6,10,716,10
2008-05-20T08:00+00:00,5904,52,0,329,10,347,10,4.2,10,10.4,10,986.5,10,,,86,10,2.2,10,60,10,166.0,0.0,0.0,10,15.5,14.6,0,10,15.8,11.5,0,10,16.6,10,8.0,10,8.2,10,830,10
2008-05-20T09:00+00:00,5904,91,0,331,10,358,10,4.2,10,10.4,10,986.4,10,,,90,10,2.2,10,60,10,165.0,0.0,0.0,10,15.4,14.6,0,10,15.7,11.5,0,10,16.5,10,8.1,10,8.4,10,935,10
2008-05-20T10:00+00:00,5904,88,0,334,10,349,10,4.3,10,9.8,10,987.0,10,,,90,10,2.3,10,60,10,165.0,0.0,0.0,10,15.2,14.6,0,10,15.6,11.5,0,10,16.5,10,8.3,10,8.4,10,1010,10
2008-05-20T11:00+00:00,5904,255,0,329,10,332,10,5.1,10,11.3,10,986.5,10,,,87,10,0.7,10,43,10,165.0,0.0,0.0,10,15.2,14.6,0,10,15.6,11.5,0,10,16.5,10,9.1,10,9.0,10,1140,10
2008-05-20T12:00+00:00,5904,159,0,326,10,322,10,4.2,10,12.1,10,987.1,10,,,87,10,0.0,10,2,10,165.0,0.0,0.0,10,15.2,14.6,0,10,15.5,11.5,0,10,16.5,10,9.0,10,9.7,10,1211,10
2008-05-20T13:00+00:00,5904,61,0,333,10,341,10,4.4,10,9.5,10,986.3,10,,,87,10,0.0,10,5,10,165.0,0.0,0.0,10,15.2,14.6,0,10,15.5,11.5,0,10,16.5,10,9.2,10,9.3,10,1324,10
2008-05-20T14:00+00:00,5904,59,0,320,10,332,10,3.9,10,7.9,10,986.0,10,,,90,10,0.1,10,34,10,164.0,0.0,0.0,10,15.2,14.6,0,10,15.5,11.5,0,10,16.4,10,9.2,10,9.4,10,1442,10
2008-05-20T15:00+00:00,5904,40,0,302,10,334,10,3.3,10,8.2,10,987.1,10,,,91,10,1.4,10,31,10,164.0,0.0,0.0,10,15.1,14.6,0,10,15.4,11.5,0,10,16.4,10,9.2,10,9.1,10,1506,10
2008-05-20T16:00+00:00,5904,26,0,304,10,323,10,3.5,10,7.6,10,986.7,10,,,93,10,2.7,10,60,10,164.0,0.0,0.0,10,15.0,14.6,0,10,15.4,11.5,0,10,16.4,10,9.2,10,9.0,10,1632,10
2008-05-20T17:00+00:00,5904,24,0,312,10,305,10,4.0,10,8.0,10,987.0,10,,,93,10,1.1,10,52,10,163.0,0.0,0.0,10,14.9,14.6,0,10,15.3,11.5,0,10,16.3,10,9.3,10,9.2,10,1724,10
2008-05-20T18:00+00:00,5904,14,0,311,10,327,10,3.7,10,8.1,10,987.1,10,,,93,10,1.5,10,59,10,163.0,0.0,0.0,10,14.9,14.6,0,10,15.2,11.5,0,10,16.3,10,9.3,10,9.1,10,1835,10
2008-05-20T19:00+00:00,5904,1,0,303,10,321,10,3.9,10,7.2,10,987.4,10,,,92,10,0.0,10,1,10,163.0,0.0,0.0,10,14.8,14.6,0,10,15.2,11.5,0,10,16.3,10,9.4,10,9.1,10,1926,10
2008-05-20T20:00+00:00,5904,0,0,310,10,325,10,3.7,10,8.1,10,987.7,10,,,92,10,0.1,10,16,10,163.0,0.0,0.0,10,14.8,14.6,0,10,15.1,11.5,0,10,16.3,10,9.4,10,9.1,10,2059,10
2008-05-20T21:00+00:00,5904,0,0,308,10,315,10,3.6,10,7.3,10,987.9,10,,,92,10,0.1,10,15,10,162.0,0.0,0.0,10,14.7,14.6,0,10,15.1,11.5,0,10,16.2,10,9.4,10,9.1,10,2138,10
2008-05-20T22:00+00:00,5904,0,0,305,10,315,10,3.7,10,7.8,10,987.6,10,,,92,10,0.0,10,0,10,162.0,0.0,0.0,10,14.7,14.6,0,10,15.0,11.5,0,10,16.2,10,9.4,10,9.0,10,2244,10
2008-05-20T23:00+00:00,5904,0,0,304,10,307,10,4.1,10,7.7,10,987.5,10,,,90,10,0.0,10,0,10,162.0,0.0,0.0,10,14.6,14.6,0,10,15.0,11.5,0,10,16.2,10,9.4,10,9.0,10,2354,10
2008-05-21T00:00+00:00,5904,0,0,304,10,316,10,3.9,10,7.1,10,987.2,10,,,90,10,0.0,10,0,10,161.0,0.0,0.0,10,14.6,14.6,0,10,14.9,11.6,0,10,16.1,10,9.4,10,9.0,10,42,10
2008-05-21T01:00+00:00,5904,0,0,303,10,297,10,3.7,10,6.8,10,987.1,10,,,92,10,0.1,10,24,10,161.0,0.0,0.0,10,14.6,14.6,0,10,14.9,11.6,0,10,16.1,10,9.3,10,9.0,10,103,10
2008-05-21T02:00+00:00,5904,0,0,303,10,313,10,3.9,10,6.7,10,986.8,10,,,92,10,0.0,10,0,10,161.0,0.0,0.0,10,14.5,14.6,0,10,14.9,11.6,0,10,16.1,10,9.3,10,9.0,10,225,10
2008-05-21T03:00+00:00,5904,0,0,302,10,305,10,3.3,10,7.3,10,986.7,10,,,92,10,0.0,10,0,10,160.0,0.0,0.0,10,14.5,14.6,0,10,14.8,11.6,0,10,16.0,10,9.4,10,9.1,10,305,10
2008-05-21T04:00+00:00,5904,1,0,302,10,293,10,3.3,10,6.3,10,986.9,10,,,92,10,0.0,10,0,10,160.0,0.0,0.0,10,14.5,14.6,0,10,14.8,11.6,0,10,16.0,10,9.5,10,9.2,10,413,10
2008-05-21T05:00+00:00,5904,9,0,303,10,325,10,2.9,10,6.3,10,987.1,10,,,92,10,0.1,10,43,10,160.0,0.0,0.0,10,14.4,14.6,0,10,14.8,11.6,0,10,16.0,10,9.5,10,9.3,10,506,10
2008-05-21T06:00+00:00,5904,25,0,299,10,289,10,3.4,10,6.4,10,987.4,10,,,92,10,0.1,10,50,10,160.0,0.0,0.0,10,14.4,14.6,0,10,14.7,11.6,0,10,16.0,10,9.7,10,9.6,10,619,10
2008-05-21T07:00+00:00,5904,67,0,305,10,318,10,3.1,10,6.6,10,987.4,10,,,91,10,0.4,10,59,10,159.0,0.0,0.0,10,14.4,14.6,0,10,14.7,11.6,0,10,15.9,10,10.0,10,10.0,10,756,10
2008-05-21T08:00+00:00,5904,99,0,317,10,327,10,2.7,10,6.3,10,987.8,10,,,90,10,0.5,10,60,10,159.0,0.0,0.0,10,14.4,14.6,0,10,14.7,11.6,0,10,15.9,10,10.4,10,10.9,10,830,10
2008-05-21T09:00+00:00,5904,116,0,318,10,322,10,2.6,10,5.6,10,988.1,10,,,90,10,0.5,10,59,10,159.0,0.0,0.0,10,14.5,14.6,0,10,14.7,11.6,0,10,15.9,10,10.6,10,11.3,10,926,10
2008-05-21T10:00+00:00,5904,150,0,316,10,340,10,2.7,10,6.1,10,988.3,10,,,90,10,0.0,10,35,10,159.0,0.0,0.0,10,14.5,14.6,0,10,14.8,11.6,0,10,15.9,10,10.9,10,11.8,10,1059,10
2008-05-21T11:00+00:00,5904,103,0,307,10,299,10,2.4,10,5.3,10,988.6,10,,,89,10,0.0,10,7,10,158.0,0.0,0.0,10,14.6,14.6,0,10,14.8,11.6,0,10,15.8,10,11.0,10,11.7,10,1113,10
2008-05-21T12:00+00:00,5904,135,0,306,10,292,10,1.8,10,4.0,10,988.7,10,,,86,10,0.0,10,11,10,158.0,0.0,0.0,10,14.6,14.6,0,10,14.8,11.6,0,10,15.8,10,11.6,10,12.0,10,1214,10
2008-05-21T13:00+00:00,5904,198,0,292,10,316,10,2.5,10,5.2,10,988.7,10,,,82,10,0.0,10,0,10,158.0,0.0,0.0,10,14.7,14.6,0,10,14.9,11.6,0,10,15.8,10,12.3,10,13.0,10,1311,10
2008-05-21T14:00+00:00,5904,201,0,301,10,285,10,2.2,10,4.6,10,988.7,10,,,78,10,0.0,10,0,10,157.0,0.0,0.1,10,14.8,14.6,0,10,15.0,11.6,0,10,15.7,10,13.3,10,13.0,10,1405,10
2008-05-21T15:00+00:00,5904,97,0,315,10,312,10,2.2,10,5.1,10,988.6,10,,,82,10,0.0,10,0,10,157.0,0.0,0.0,10,14.9,14.6,0,10,15.0,11.6,0,10,15.7,10,12.5,10,12.7,10,1501,10
2008-05-21T16:00+00:00,5904,132,0,326,10,327,10,2.7,10,5.0,10,988.2,10,,,78,10,0.0,10,0,10,157.0,0.0,0.0,10,14.9,14.5,0,10,15.1,11.7,0,10,15.7,10,13.1,10,13.1,10,1605,10
2008-05-21T17:00+00:00,5904,79,0,317,10,309,10,2.4,10,5.4,10,988.8,10,,,80,10,0.0,10,0,10,157.0,0.0,0.0,10,15.0,14.6,0,10,15.1,11.7,0,10,15.7,10,12.7,10,12.7,10,1749,10
2008-05-21T18:00+00:00,5904,32,0,315,10,343,10,2.1,10,5.7,10,989.0,10,,,82,10,0.0,10,0,10,156.0,0.0,0.0,10,15.0,14.5,0,10,15.1,11.7,0,10,15.6,10,12.4,10,12.1,10,1813,10
2008-05-21T19:00+00:00,5904,3,0,308,10,301,10,1.7,10,3.3,10,989.3,10,,,83,10,0.0,10,0,10,156.0,0.0,0.0,10,14.9,14.5,0,10,15.1,11.7,0,10,15.6,10,12.2,10,11.5,10,1942,10
2008-05-21T20:00+00:00,5904,0,0,304,10,322,10,1.9,10,3.6,10,989.7,10,,,85,10,0.0,10,0,10,156.0,0.0,0.0,10,14.9,14.5,0,10,15.1,11.7,0,10,15.6,10,12.0,10,11.2,10,2010,10
2008-05-21T21:00+00:00,5904,0,0,298,10,297,10,2.5,10,4.1,10,989.6,10,,,84,10,0.0,10,0,10,156.0,0.0,0.0,10,14.9,14.5,0,10,15.1,11.7,0,10,15.6,10,12.0,10,11.1,10,2136,10
2008-05-21T22:00+00:00,5904,0,0,311,10,310,10,2.7,10,5.2,10,989.4,10,,,83,10,0.0,10,0,10,156.0,0.0,0.0,10,14.8,14.5,0,10,15.0,11.7,0,10,15.6,10,12.0,10,10.9,10,2258,10
2008-05-21T23:00+00:00,5904,0,0,323,10,338,10,2.8,10,5.4,10,989.4,10,,,85,10,0.0,10,0,10,156.0,0.0,0.0,10,14.8,14.5,0,10,15.0,11.7,0,10,15.6,10,11.9,10,10.7,10,2324,10
2008-05-22T00:00+00:00,5904,0,0,330,10,332,10,3.1,10,6.8,10,989.4,10,,,82,10,0.0,10,0,10,155.0,0.0,0.0,10,14.8,14.5,0,10,15.0,11.7,0,10,15.5,10,11.7,10,10.5,10,58,10
2008-05-22T01:00+00:00,5904,0,0,324,10,332,10,3.7,10,6.6,10,988.9,10,,,84,10,0.0,10,0,10,155.0,0.0,0.0,10,14.7,14.5,0,10,14.9,11.7,0,10,15.5,10,11.0,10,8.6,10,135,10
2008-05-22T02:00+00:00,5904,0,0,313,10,305,10,2.9,10,6.1,10,988.4,10,,,85,10,0.0,10,0,10,155.0,0.0,0.0,10,14.6,14.5,0,10,14.9,11.7,0,10,15.5,10,10.4,10,7.8,10,249,10
2008-05-22T03:00+00:00,5904,0,0,324,10,301,10,2.4,10,6.1,10,988.6,10,,,82,10,0.0,10,0,10,155.0,0.0,0.0,10,14.5,14.5,0,10,14.8,11.7,0,10,15.5,10,10.2,10,7.8,10,400,10
2008-05-22T04:00+00:00,5904,8,0,316,10,329,10,2.2,10,6.4,10,989.1,10,,,86,10,0.0,10,0,10,155.0,0.0,0.0,10,14.5,14.5,0,10,14.7,11.7,0,10,15.5,10,9.7,10,6.0,10,458,10
2008-05-22T05:00+00:00,5904,113,0,309,10,315,10,4.9,10,9.6,10,989.2,10,,,82,10,0.0,10,0,10,155.0,0.0,0.8,10,14.4,14.5,0,10,14.7,11.7,0,10,15.5,10,10.8,10,6.4,10,531,10
2008-05-22T06:00+00:00,5904,263,0,312,10,318,10,5.0,10,9.5,10,989.5,10,,,78,10,0.0,10,0,10,155.0,0.0,0.9,10,14.3,14.5,0,10,14.6,11.7,0,10,15.5,10,11.5,10,8.8,10,700,10
2008-05-22T07:00+00:00,5904,192,0,313,10,315,10,3.4,10,8.7,10,989.5,10,,,74,10,0.0,10,0,10,155.0,0.0,0.3,10,14.3,14.5,0,10,14.6,11.7,0,10,15.5,10,12.1,10,9.9,10,705,10
2008-05-22T08:00+00:00,5904,492,0,314,10,310,10,4.3,10,9.2,10,989.4,10,,,65,10,0.0,10,0,10,154.0,0.0,0.7,10,14.4,14.5,0,10,14.7,11.7,0,10,15.4,10,13.7,10,12.0,10,814,10
2008-05-22T09:00+00:00,5904,581,0,301,10,282,10,3.5,10,7.7,10,989.4,10,,,60,10,0.0,10,0,10,154.0,0.0,0.6,10,14.7,14.5,0,10,14.8,11.7,0,10,15.4,10,14.8,10,18.5,10,946,10
2008-05-22T10:00+00:00,5904,539,0,325,10,344,10,3.2,10,8.1,10,989.4,10,,,62,10,0.0,10,0,10,154.0,0.0,0.4,10,15.0,14.5,0,10,15.0,11.7,0,10,15.4,10,14.3,10,20.3,10,1024,10
2008-05-22T11:00+00:00,5904,438,0,321,10,324,10,3.4,10,7.0,10,989.1,10,,,62,10,0.0,10,0,10,154.0,0.0,0.2,10,15.2,14.4,0,10,15.2,11.7,0,10,15.4,10,15.5,10,17.1,10,1138,10
2008-05-22T12:00+00:00,5904,497,0,323,10,355,10,3.8,10,8.7,10,989.1,10,,,57,10,0.0,10,0,10,154.0,0.0,0.3,10,15.4,14.4,0,10,15.4,11.7,0,10,15.4,10,15.5,10,20.0,10,1257,10
2008-05-22T13:00+00:00,5904,430,0,331,10,330,10,3.6,10,9.3,10,989.1,10,,,56,10,0.0,10,0,10,154.0,0.0,0.2,10,15.6,14.4,0,10,15.5,11.7,0,10,15.4,10,16.0,10,18.9,10,1302,10
2008-05-22T14:00+00:00,5904,366,0,348,10,11,10,3.7,10,8.4,10,989.2,10,,,59,10,0.0,10,0,10,153.0,0.0,0.2,10,15.8,14.4,0,10,15.7,11.8,0,10,15.3,10,15.4,10,18.0,10,1456,10
2008-05-22T15:00+00:00,5904,525,0,322,10,331,10,4.2,10,8.9,10,989.1,10,,,54,10,0.0,10,0,10,153.0,0.0,0.9,10,15.9,14.4,0,10,15.8,11.8,0,10,15.3,10,16.7,10,15.9,10,1517,10
2008-05-22T16:00+00:00,5904,334,0,324,10,356,10,3.8,10,8.0,10,989.0,10,,,59,10,0.0,10,0,10,153.0,0.0,0.8,10,16.0,14.4,0,10,15.9,11.8,0,10,15.3,10,15.7,10,13.3,10,1618,10
2008-05-22T17:00+00:00,5904,139,0,343,10,339,10,3.4,10,7.5,10,989.1,10,,,63,10,0.0,10,0,10,153.0,0.0,0.3,10,15.9,14.4,0,10,15.9,11.8,0,10,15.3,10,14.4,10,12.5,10,1752,10
2008-05-22T18:00+00:00,5904,73,0,334,10,344,10,4.0,10,8.1,10,989.3,10,,,68,10,0.0,10,0,10,153.0,0.0,0.6,10,15.8,14.4,0,10,15.9,11.8,0,10,15.3,10,13.6,10,10.4,10,1815,10
2008-05-22T19:00+00:00,5904,12,0,325,10,333,10,2.9,10,5.9,10,989.4,10,,,74,10,0.0,10,0,10,153.0,0.0,0.0,10,15.7,14.4,0,10,15.8,11.8,0,10,15.3,10,12.5,10,9.2,10,1908,10
2008-05-22T20:00+00:00,5904,0,0,310,10,305,10,2.9,10,5.9,10,989.9,10,,,77,10,0.0,10,0,10,153.0,0.0,0.0,10,15.5,14.4,0,10,15.7,11.8,0,10,15.3,10,12.3,10,8.0,10,2057,10
2008-05-22T21:00+00:00,5904,0,0,302,10,315,10,4.0,10,7.1,10,989.8,10,,,78,10,0.0,10,0,10,153.0,0.0,0.0,10,15.4,14.4,0,10,15.6,11.8,0,10,15.3,10,12.3,10,8.4,10,2137,10
2008-05-22T22:00+00:00,5904,0,0,302,10,291,10,3.7,10,5.8,10,989.9,10,,,79,10,0.0,10,0,10,153.0,0.0,0.0,10,15.3,14.4,0,10,15.5,11.8,0,10,15.3,10,11.9,10,8.9,10,2224,10
2008-05-22T23:00+00:00,5904,0,0,307,10,318,10,3.7,10,6.5,10,989.8,10,,,80,10,0.0,10,0,10,153.0,0.0,0.0,10,15.2,14.4,0,10,15.4,11.8,0,10,15.3,10,11.4,10,6.4,10,2356,10
2008-05-23T00:00+00:00,5904,0,0,309,10,302,10,3.3,10,5.4,10,989.5,10,,,82,10,0.0,10,0,10,153.0,0.0,0.0,10,15.1,14.4,0,10,15.3,11.8,0,10,15.3,10,10.6,10,5.7,10,36,10
2008-05-23T01:00+00:00,5904,0,0,306,10,309,10,3.6,10,5.8,10,989.3,10,,,83,10,0.0,10,0,10,153.0,0.0,0.0,10,14.9,14.4,0,10,15.2,11.8,0,10,15.3,10,10.7,10,5.3,10,103,10
2008-05-23T02:00+00:00,5904,0,0,306,10,296,10,3.8,10,6.6,10,989.2,10,,,79,10,0.0,10,0,10,153.0,0.0,0.0,10,14.8,14.4,0,10,15.1,11.8,0,10,15.3,10,11.7,10,5.7,10,236,10
2008-05-23T03:00+00:00,5904,0,0,309,10,316,10,3.3,10,7.1,10,989.1,10,,,78,10,0.0,10,0,10,153.0,0.0,0.0,10,14.8,14.3,0,10,15.1,11.8,0,10,15.3,10,11.9,10,9.7,10,330,10
2008-05-23T04:00+00:00,5904,5,0,308,10,294,10,3.7,10,7.4,10,989.0,10,,,78,10,0.0,10,0,10,153.0,0.0,0.0,10,14.7,14.3,0,10,15.0,11.8,0,10,15.3,10,12.0,10,10.0,10,434,10
2008-05-23T05:00+00:00,5904,55,0,317,10,302,10,3.3,10,6.5,10,989.0,10,,,77,10,0.0,10,0,10,153.0,0.0,0.0,10,14.7,14.3,0,10,15.0,11.8,0,10,15.3,10,12.4,10,10.5,10,546,10
2008-05-23T06:00+00:00,5904,120,0,312,10,294,10,3.2,10,6.8,10,989.4,10,,,75,10,0.0,10,0,10,153.0,0.0,0.0,10,14.7,14.3,0,10,15.0,11.8,0,10,15.3,10,13.0,10,12.4,10,647,10
2008-05-23T07:00+00:00,5904,252,0,304,10,297,10,3.8,10,7.4,10,989.4,10,,,73,10,0.0,10,0,10,153.0,0.0,0.0,10,14.8,14.3,0,10,15.0,11.8,0,10,15.3,10,13.8,10,14.5,10,747,10
2008-05-23T08:00+00:00,5904,498,0,317,10,334,10,3.6,10,8.5,10,989.4,10,,,68,10,0.0,10,0,10,153.0,0.0,0.6,10,15.0,14.3,0,10,15.1,11.8,0,10,15.3,10,15.4,10,17.7,10,836,10
2008-05-23T09:00+00:00,5904,497,0,308,10,312,10,3.4,10,8.3,10,989.4,10,,,66,10,0.0,10,0,10,153.0,0.0,0.5,10,15.3,14.3,0,10,15.3,11.8,0,10,15.3,10,15.2,10,19.3,10,902,10
2008-05-23T10:00+00:00,5904,515,0,326,10,340,10,3.2,10,7.9,10,989.3,10,,,60,10,0.0,10,0,10,153.0,0.0,0.4,10,15.5,14.3,0,10,15.5,11.8,0,10,15.3,10,16.7,10,18.1,10,1057,10
2008-05-23T11:00+00:00,5904,638,0,318,10,303,10,3.3,10,7.6,10,989.3,10,,,61,10,0.0,10,0,10,153.0,0.0,0.5,10,15.8,14.3,0,10,15.7,11.8,0,10,15.3,10,16.9,10,23.3,10,1129,10
2008-05-23T12:00+00:00,5904,372,0,308,10,342,10,2.5,10,6.2,10,989.3,10,,,61,10,0.0,10,0,10,153.0,0.0,0.0,10,16.0,14.3,0,10,15.9,11.8,0,10,15.3,10,17.1,10,20.6,10,1203,10
2008-05-23T13:00+00:00,5904,563,0,313,10,298,10,3.1,10,6.9,10,988.9,10,,,51,10,0.0,10,0,10,153.0,0.0,0.6,10,16.2,14.3,0,10,16.1,11.9,0,10,15.3,10,18.2,10,21.3,10,1347,10
2008-05-23T14:00+00:00,5904,336,0,329,10,296,10,2.7,10,5.7,10,988.5,10,,,57,10,0.0,10,0,10,153.0,0.0,0.1,10,16.4,14.3,0,10,16.2,11.9,0,10,15.3,10,17.8,10,20.1,10,1500,10
2008-05-23T15:00+00:00,5904,327,0,310,10,304,10,3.2,10,7.5,10,988.3,10,,,56,10,0.0,10,0,10,153.0,0.0,0.1,10,16.5,14.3,0,10,16.4,11.9,0,10,15.3,10,17.9,10,20.1,10,1546,10
2008-05-23T16:00+00:00,5904,232,0,309,10,307,10,3.0,10,6.5,10,988.0,10,,,56,10,0.0,10,0,10,153.0,0.0,0.1,10,16.5,14.3,0,10,16.4,11.9,0,10,15.3,10,17.6,10,18.9,10,1603,10
2008-05-23T17:00+00:00,5904,154,0,325,10,309,10,2.8,10,5.7,10,988.1,10,,,58,10,0.0,10,0,10,153.0,0.0,0.1,10,16.5,14.3,0,10,16.4,11.9,0,10,15.3,10,17.5,10,17.4,10,1743,10
2008-05-23T18:00+00:00,5904,121,0,325,10,328,10,1.9,10,5.4,10,988.1,10,,,64,10,0.0,10,0,10,153.0,0.0,1.0,10,16.5,14.3,0,10,16.4,11.9,0,10,15.3,10,16.1,10,12.3,10,1811,10
2008-05-23T19:00+00:00,5904,14,0,294,10,313,10,1.2,10,3.1,10,988.4,10,,,72,10,0.0,10,0,10,153.0,0.0,0.2,10,16.3,14.3,0,10,16.4,11.9,0,10,15.3,10,14.5,10,9.5,10,1908,10
2008-05-23T20:00+00:00,5904,0,0,289,10,313,10,1.5,10,3.3,10,988.6,10,,,78,10,0.0,10,0,10,153.0,0.0,0.0,10,16.1,14.3,0,10,16.2,11.9,0,10,15.3,10,13.3,10,8.6,10,2014,10
2008-05-23T21:00+00:00,5904,0,0,289,10,289,10,2.1,10,3.1,10,988.6,10,,,84,10,0.0,10,0,10,153.0,0.0,0.0,10,16.0,14.3,0,10,16.1,11.9,0,10,15.3,10,12.2,10,8.1,10,2159,10
2008-05-23T22:00+00:00,5904,0,0,307,10,313,10,2.8,10,3.7,10,988.6,10,,,85,10,0.0,10,0,10,153.0,0.0,0.0,10,15.8,14.3,0,10,16.0,11.9,0,10,15.3,10,11.6,10,7.7,10,2250,10
2008-05-23T23:00+00:00,5904,0,0,299,10,310,10,1.8,10,3.5,10,988.6,10,,,87,10,0.0,10,0,10,153.0,0.0,0.0,10,15.6,14.3,0,10,15.9,11.9,0,10,15.3,10,11.3,10,7.3,10,2304,10
2008-05-24T00:00+00:00,5904,0,0,325,10,310,10,1.1,10,2.0,10,988.4,10,,,89,10,0.0,10,0,10,153.0,0.0,0.0,10,15.5,14.3,0,10,15.8,11.9,0,10,15.3,10,11.0,10,7.2,10,9,10
2008-05-24T01:00+00:00,5904,0,0,269,10,249,10,0.7,10,2.3,10,988.3,10,,,90,10,0.0,10,0,10,153.0,0.0,0.0,10,15.4,14.3,0,10,15.6,11.9,0,10,15.3,10,10.7,10,7.2,10,148,10
2008-05-24T02:00+00:00,5904,0,0,316,10,292,10,1.1,10,2.4,10,988.2,10,,,92,10,0.0,10,0,10,154.0,0.0,0.0,10,15.2,14.3,0,10,15.5,11.9,0,10,15.4,10,9.9,10,6.1,10,210,10
2008-05-24T03:00+00:00,5904,0,0,278,10,238,10,1.0,10,1.9,10,988.0,10,,,92,10,0.0,10,0,10,154.0,0.0,0.0,10,15.1,14.3,0,10,15.4,11.9,0,10,15.4,10,10.0,10,6.0,10,315,10
2008-05-24T04:00+00:00,5904,14,0,311,10,281,10,0.8,10,1.9,10,988.0,10,,,92,10,0.0,10,0,10,154.0,0.0,0.1,10,15.0,14.2,0,10,15.3,11.9,0,10,15.4,10,10.3,10,7.1,10,423,10
2008-05-24T05:00+00:00,5904,100,0,10,10,49,10,0.6,10,1.8,10,988.3,10,,,88,10,0.0,10,0,10,154.0,0.0,0.4,10,15.0,14.2,0,10,15.3,11.9,0,10,15.4,10,12.1,10,8.6,10,551,10
2008-05-24T06:00+00:00,5904,241,0,50,10,65,10,1.5,10,3.8,10,988.6,10,,,78,10,0.0,10,0,10,154.0,0.0,0.6,10,15.0,14.2,0,10,15.2,11.9,0,10,15.4,10,13.9,10,12.6,10,630,10
2008-05-24T07:00+00:00,5904,448,0,51,10,40,10,2.1,10,4.6,10,988.6,10,,,71,10,0.0,10,0,10,154.0,0.0,1.0,10,15.1,14.2,0,10,15.3,11.9,0,10,15.4,10,16.5,10,12.8,10,754,10
2008-05-24T08:00+00:00,5904,612,0,50,10,53,10,2.1,10,4.6,10,988.5,10,,,68,10,0.0,10,0,10,154.0,0.0,1.0,10,15.3,14.2,0,10,15.4,11.9,0,10,15.4,10,17.6,10,21.6,10,835,10
2008-05-24T09:00+00:00,5904,749,0,48,10,29,10,2.5,10,5.4,10,988.4,10,,,61,10,0.0,10,0,10,154.0,0.0,1.0,10,15.6,14.2,0,10,15.7,11.9,0,10,15.4,10,18.4,10,27.6,10,928,10
2008-05-24T10:00+00:00,5904,806,0,49,10,37,10,2.4,10,5.2,10,988.2,10,,,56,10,0.0,10,0,10,154.0,0.0,1.0,10,16.1,14.2,0,10,16.0,11.9,0,10,15.4,10,18.9,10,29.0,10,1042,10
2008-05-24T11:00+00:00,5904,680,0,61,10,37,10,2.0,10,7.2,10,988.1,10,,,53,10,0.0,10,0,10,154.0,0.0,0.7,10,16.5,14.2,0,10,16.4,11.9,0,10,15.4,10,19.4,10,22.7,10,1111,10
2008-05-24T12:00+00:00,5904,779,0,44,10,334,10,1.5,10,5.2,10,987.7,10,,,52,10,0.0,10,0,10,153.0,0.0,0.8,10,16.9,14.2,0,10,16.7,11.9,0,10,15.3,10,20.7,10,26.5,10,1234,10
2008-05-24T13:00+00:00,5904,738,0,49,10,45,10,1.8,10,5.5,10,987.5,10,,,49,10,0.0,10,0,10,153.0,0.0,0.9,10,17.3,14.2,0,10,17.0,11.9,0,10,15.3,10,21.5,10,25.2,10,1337,10
2008-05-24T14:00+00:00,5904,725,0,48,10,67,10,2.3,10,6.1,10,987.3,10,,,47,10,0.0,10,0,10,153.0,0.0,1.0,10,17.6,14.2,0,10,17.3,11.9,0,10,15.3,10,21.6,10,21.3,10,1427,10
2008-05-24T15:00+00:00,5904,521,0,67,10,69,10,2.4,10,5.7,10,987.4,10,,,42,10,0.0,10,0,10,153.0,0.0,1.0,10,17.8,14.2,0,10,17.5,11.9,0,10,15.3,10,22.0,10,19.1,10,1503,10
2008-05-24T16:00+00:00,5904,397,0,31,10,52,10,1.9,10,5.0,10,987.4,10,,,43,10,0.0,10,0,10,153.0,0.0,1.0,10,17.8,14.2,0,10,17.5,11.9,0,10,15.3,10,21.6,10,18.5,10,1654,10
2008-05-24T17:00+00:00,5904,259,0,59,10,99,10,1.9,10,6.1,10,987.4,10,,,48,10,0.0,10,0,10,154.0,0.0,1.0,10,17.7,14.2,0,10,17.5,11.9,0,10,15.4,10,20.2,10,17.4,10,1756,10
2008-05-24T18:00+00:00,5904,113,0,76,10,75,10,3.1,10,5.9,10,987.6,10,,,51,10,0.0,10,0,10,154.0,0.0,1.0,10,17.6,14.2,0,10,17.5,11.9,0,10,15.4,10,18.8,10,13.8,10,1819,10
2008-05-24T19:00+00:00,5904,14,0,66,10,44,10,2.4,10,5.2,10,987.6,10,,,53,10,0.0,10,0,10,154.0,0.0,0.1,10,17.4,14.2,0,10,17.4,11.9,0,10,15.4,10,18.5,10,13.1,10,1959,10
2008-05-24T20:00+00:00,5904,0,0,34,10,28,10,2.6,10,4.6,10,988.0,10,,,59,10,0.0,10,0,10,154.0,0.0,0.0,10,17.3,14.2,0,10,17.3,12.0,0,10,15.4,10,17.7,10,13.9,10,2045,10
2008-05-24T21:00+00:00,5904,0,0,35,10,22,10,2.4,10,4.0,10,988.4,10,,,62,10,0.0,10,0,10,154.0,0.0,0.0,10,17.2,14.2,0,10,17.2,11.9,0,10,15.4,10,16.9,10,14.0,10,2148,10
2008-05-24T22:00+00:00,5904,0,0,31,10,33,10,2.4,10,4.8,10,988.6,10,,,63,10,0.0,10,0,10,155.0,0.0,0.0,10,17.1,14.2,0,10,17.2,12.0,0,10,15.5,10,16.5,10,13.8,10,2259,10
2008-05-24T23:00+00:00,5904,0,0,41,10,44,10,2.4,10,4.6,10,988.4,10,,,68,10,0.0,10,0,10,155.0,0.0,0.0,10,17.0,14.2,0,10,17.1,12.0,0,10,15.5,10,15.7,10,13.3,10,2314,10
2008-05-25T00:00+00:00,5904,0,0,13,10,27,10,1.8,10,3.3,10,988.4,10,,,72,10,0.0,10,0,10,155.0,0.0,0.0,10,16.9,14.2,0,10,17.0,12.0,0,10,15.5,10,15.0,10,11.2,10,33,10
2008-05-25T01:00+00:00,5904,0,0,23,10,28,10,2.1,10,3.6,10,988.1,10,,,77,10,0.0,10,0,10,155.0,0.0,0.0,10,16.7,14.2,0,10,16.9,12.0,0,10,15.5,10,13.9,10,9.7,10,103,10
2008-05-25T02:00+00:00,5904,0,0,17,10,23,10,1.2,10,2.6,10,988.5,10,,,76,10,0.0,10,0,10,156.0,0.0,0.0,10,16.6,14.2,0,10,16.8,12.0,0,10,15.6,10,14.3,10,9.7,10,238,10
2008-05-25T03:00+00:00,5904,0,0,33,10,46,10,2.2,10,4.3,10,988.1,10,,,73,10,0.0,10,0,10,156.0,0.0,0.0,10,16.5,14.2,0,10,16.7,12.0,0,10,15.6,10,14.2,10,12.5,10,358,10
2008-05-25T04:00+00:00,5904,17,0,42,10,29,10,2.5,10,5.0,10,988.4,10,,,76,10,0.0,10,0,10,156.0,0.0,0.0,10,16.5,14.2,0,10,16.6,12.0,0,10,15.6,10,14.2,10,12.5,10,426,10
2008-05-25T05:00+00:00,5904,50,0,50,10,44,10,1.7,10,4.3,10,989.0,10,,,75,10,0.0,10,0,10,156.0,0.0,0.0,10,16.4,14.2,0,10,16.6,12.0,0,10,15.6,10,14.3,10,13.2,10,505,10
2008-05-25T06:00+00:00,5904,146,0,37,10,45,10,2.5,10,6.0,10,989.4,10,,,72,10,0.0,10,0,10,156.0,0.0,0.1,10,16.4,14.2,0,10,16.6,12.0,0,10,15.6,10,14.9,10,14.5,10,618,10
2008-05-25T07:00+00:00,5904,74,0,13,10,17,10,1.5,10,4.5,10,990.3,10,,,82,10,0.3,10,30,10,156.0,0.0,0.0,10,16.4,14.2,0,10,16.5,12.0,0,10,15.6,10,14.4,10,13.7,10,800,10
2008-05-25T08:00+00:00,5904,127,0,356,10,340,10,1.1,10,2.7,10,990.5,10,,,81,10,0.3,10,19,10,157.0,0.0,0.0,10,16.4,14.2,0,10,16.5,12.0,0,10,15.7,10,15.2,10,14.6,10,805,10
2008-05-25T09:00+00:00,5904,228,0,341,10,19,10,2.0,10,5.2,10,991.0,10,,,73,10,0.0,10,9,10,157.0,0.0,0.0,10,16.5,14.2,0,10,16.6,12.0,0,10,15.7,10,15.8,10,15.7,10,944,10
2008-05-25T10:00+00:00,5904,444,0,347,10,20,10,1.4,10,5.3,10,991.3,10,,,64,10,0.2,10,32,10,157.0,0.0,0.5,10,16.6,14.2,0,10,16.7,12.0,0,10,15.7,10,17.8,10,15.5,10,1057,10
2008-05-25T11:00+00:00,5904,843,0,32,10,31,10,2.4,10,6.1,10,991.6,10,,,52,10,0.0,10,0,10,157.0,0.0,1.0,10,17.1,14.2,0,10,17.0,12.0,0,10,15.7,10,18.9,10,25.0,10,1117,10
2008-05-25T12:00+00:00,5904,735,0,11,10,18,10,1.8,10,6.1,10,991.6,10,,,57,10,0.0,10,0,10,157.0,0.0,1.0,10,17.5,14.2,0,10,17.3,12.0,0,10,15.7,10,20.1,10,25.2,10,1255,10
2008-05-25T13:00+00:00,5904,801,0,351,10,317,10,2.7,10,6.9,10,991.5,10,,,55,10,0.0,10,0,10,157.0,0.0,1.0,10,17.9,14.2,0,10,17.6,12.0,0,10,15.7,10,21.6,10,27.5,10,1336,10
2008-05-25T14:00+00:00,5904,444,0,343,10,24,10,2.3,10,5.8,10,991.4,10,,,55,10,0.0,10,0,10,157.0,0.0,0.5,10,18.1,14.2,0,10,17.8,12.0,0,10,15.7,10,21.6,10,22.7,10,1404,10
2008-05-25T15:00+00:00,5904,358,0,356,10,20,10,2.1,10,4.8,10,991.6,10,,,53,10,0.0,10,0,10,157.0,0.0,0.4,10,18.2,14.2,0,10,17.9,12.0,0,10,15.7,10,21.1,10,21.9,10,1508,10
2008-05-25T16:00+00:00,5904,383,0,7,10,24,10,0.8,10,4.2,10,991.3,10,,,51,10,0.0,10,0,10,157.0,0.0,0.9,10,18.2,14.2,0,10,18.0,12.0,0,10,15.7,10,21.4,10,17.9,10,1643,10
2008-05-25T17:00+00:00,5904,158,0,9,10,22,10,1.0,10,3.1,10,991.5,10,,,53,10,0.0,10,0,10,157.0,0.0,0.3,10,18.2,14.2,0,10,18.0,12.0,0,10,15.7,10,20.7,10,17.8,10,1723,10
2008-05-25T18:00+00:00,5904,96,0,47,10,70,10,2.0,10,4.0,10,991.9,10,,,57,10,0.0,10,0,10,157.0,0.0,0.4,10,18.1,14.2,0,10,17.9,12.0,0,10,15.7,10,19.2,10,15.8,10,1847,10
2008-05-25T19:00+00:00,5904,17,0,68,10,76,10,2.7,10,4.9,10,991.9,10,,,61,10,0.0,10,0,10,158.0,0.0,0.0,10,17.9,14.2,0,10,17.9,12.0,0,10,15.8,10,17.4,10,12.2,10,1918,10
2008-05-25T20:00+00:00,5904,0,0,49,10,58,10,2.7,10,6.0,10,992.8,10,,,65,10,0.0,10,0,10,158.0,0.0,0.0,10,17.7,14.2,0,10,17.7,12.0,0,10,15.8,10,16.9,10,11.4,10,2011,10
2008-05-25T21:00+00:00,5904,0,0,34,10,38,10,3.1,10,5.6,10,992.7,10,,,69,10,0.0,10,0,10,158.0,0.0,0.0,10,17.5,14.2,0,10,17.6,12.0,0,10,15.8,10,15.2,10,10.3,10,2127,10
2008-05-25T22:00+00:00,5904,0,0,28,10,25,10,2.9,10,5.0,10,992.6,10,,,71,10,0.0,10,0,10,158.0,0.0,0.0,10,17.4,14.2,0,10,17.5,12.0,0,10,15.8,10,14.5,10,9.5,10,2243,10
2008-05-25T23:00+00:00,5904,0,0,30,10,38,10,3.1,10,5.4,10,992.6,10,,,72,10,0.0,10,0,10,158.0,0.0,0.0,10,17.2,14.2,0,10,17.3,12.0,0,10,15.8,10,13.8,10,9.5,10,2359,10
2008-05-26T00:00+00:00,5904,0,0,34,10,36,10,3.1,10,6.5,10,992.8,10,,,74,10,0.0,10,0,10,159.0,0.0,0.0,10,17.0,14.2,0,10,17.2,12.0,0,10,15.9,10,13.3,10,9.9,10,3,10
2008-05-26T01:00+00:00,5904,0,0,49,10,51,10,2.0,10,5.2,10,992.7,10,,,76,10,0.0,10,0,10,159.0,0.0,0.0,10,16.9,14.2,0,10,17.1,12.0,0,10,15.9,10,12.6,10,10.4,10,104,10
2008-05-26T02:00+00:00,5904,0,0,37,10,39,10,1.9,10,3.8,10,992.7,10,,,76,10,0.0,10,0,10,159.0,0.0,0.0,10,16.8,14.3,0,10,17.0,12.0,0,10,15.9,10,12.5,10,10.4,10,237,10
2008-05-26T03:00+00:00,5904,0,0,36,10,41,10,2.4,10,4.4,10,992.6,10,,,78,10,0.0,10,0,10,159.0,0.0,0.0,10,16.6,14.3,0,10,16.9,12.0,0,10,15.9,10,11.8,10,8.6,10,341,10
2008-05-26T04:00+00:00,5904,26,0,19,10,16,10,1.3,10,2.7,10,992.8,10,,,81,10,0.0,10,0,10,159.0,0.0,0.0,10,16.5,14.3,0,10,16.7,12.0,0,10,15.9,10,11.6,10,8.5,10,500,10
2008-05-26T05:00+00:00,5904,99,0,310,10,300,10,0.5,10,1.6,10,992.6,10,,,79,10,0.0,10,0,10,160.0,0.0,0.6,10,16.4,14.3,0,10,16.7,12.1,0,10,16.0,10,12.6,10,9.7,10,533,10
2008-05-26T06:00+00:00,5904,273,0,115,10,130,10,1.0,10,5.1,10,992.7,10,,,70,10,0.0,10,0,10,160.0,0.0,1.0,10,16.4,14.3,0,10,16.6,12.0,0,10,16.0,10,15.5,10,11.1,10,654,10
2008-05-26T07:00+00:00,5904,382,0,116,10,131,10,3.2,10,6.1,10,992.4,10,,,70,10,0.0,10,0,10,160.0,0.0,1.0,10,16.4,14.3,0,10,16.6,12.0,0,10,16.0,10,16.1,10,15.2,10,722,10
2008-05-26T08:00+00:00,5904,599,0,109,10,119,10,3.7,10,7.2,10,992.0,10,,,69,10,0.0,10,0,10,160.0,0.0,1.0,10,16.6,14.3,0,10,16.7,12.0,0,10,16.0,10,18.3,10,20.9,10,856,10
2008-05-26T09:00+00:00,5904,683,0,115,10,125,10,4.5,10,9.9,10,991.6,10,,,68,10,0.0,10,0,10,160.0,0.0,1.0,10,16.9,14.3,0,10,16.9,12.1,0,10,16.0,10,19.1,10,28.7,10,948,10
2008-05-26T10:00+00:00,5904,764,0,122,10,114,10,4.8,10,10.3,10,991.0,10,,,62,10,0.0,10,0,10,160.0,0.0,1.0,10,17.3,14.3,0,10,17.2,12.0,0,10,16.0,10,21.0,10,27.9,10,1015,10
2008-05-26T11:00+00:00,5904,823,0,144,10,111,10,4.7,10,10.4,10,991.1,10,,,61,10,0.0,10,0,10,160.0,0.0,1.0,10,17.7,14.3,0,10,17.6,12.1,0,10,16.0,10,22.1,10,30.2,10,1133,10
2008-05-26T12:00+00:00,5904,853,0,139,10,153,10,4.2,10,9.4,10,990.9,10,,,62,10,0.0,10,0,10,160.0,0.0,1.0,10,18.1,14.3,0,10,17.9,12.1,0,10,16.0,10,23.4,10,30.6,10,1208,10
2008-05-26T13:00+00:00,5904,632,0,117,10,128,10,4.8,10,9.8,10,990.3,10,,,60,10,0.0,10,0,10,160.0,0.0,1.0,10,18.5,14.3,0,10,18.2,12.1,0,10,16.0,10,22.6,10,27.9,10,1316,10
2008-05-26T14:00+00:00,5904,399,0,132,10,117,10,4.2,10,9.8,10,990.0,10,,,62,10,0.0,10,0,10,160.0,0.0,0.4,10,18.7,14.3,0,10,18.4,12.1,0,10,16.0,10,22.8,10,24.6,10,1418,10
2008-05-26T15:00+00:00,5904,449,0,130,10,138,10,4.9,10,9.4,10,989.8,10,,,63,10,0.0,10,0,10,160.0,0.0,0.7,10,18.8,14.3,0,10,18.5,12.1,0,10,16.0,10,23.2,10,23.9,10,1543,10
2008-05-26T16:00+00:00,5904,252,0,135,10,148,10,4.2,10,7.9,10,989.0,10,,,64,10,0.0,10,0,10,160.0,0.0,0.4,10,18.8,14.3,0,10,18.6,12.1,0,10,16.0,10,22.8,10,22.6,10,1606,10
2008-05-26T17:00+00:00,5904,233,0,137,10,151,10,4.1,10,8.4,10,989.1,10,,,66,10,0.0,10,0,10,160.0,0.0,0.8,10,18.8,14.3,0,10,18.6,12.1,0,10,16.0,10,22.2,10,20.5,10,1722,10
2008-05-26T18:00+00:00,5904,88,0,123,10,105,10,3.7,10,7.3,10,988.8,10,,,69,10,0.0,10,0,10,160.0,0.0,0.7,10,18.7,14.3,0,10,18.6,12.1,0,10,16.0,10,21.2,10,18.0,10,1818,10
2008-05-26T19:00+00:00,5904,14,0,121,10,122,10,2.8,10,6.0,10,988.9,10,,,73,10,0.0,10,0,10,161.0,0.0,0.0,10,18.6,14.3,0,10,18.6,12.1,0,10,16.1,10,20.3,10,16.4,10,1909,10
2008-05-26T20:00+00:00,5904,0,0,121,10,128,10,2.5,10,5.3,10,989.4,10,,,79,10,0.0,10,0,10,161.0,0.0,0.0,10,18.5,14.3,0,10,18.5,12.1,0,10,16.1,10,19.2,10,15.0,10,2010,10
2008-05-26T21:00+00:00,5904,0,0,121,10,118,10,1.8,10,3.7,10,989.3,10,,,82,10,0.0,10,0,10,161.0,0.0,0.0,10,18.4,14.3,0,10,18.4,12.1,0,10,16.1,10,18.3,10,14.4,10,2116,10
2008-05-26T22:00+00:00,5904,0,0,130,10,148,10,1.9,10,3.9,10,989.0,10,,,84,10,0.0,10,0,10,161.0,0.0,0.0,10,18.2,14.3,0,10,18.3,12.1,0,10,16.1,10,17.6,10,13.2,10,2205,10
2008-05-26T23:00+00:00,5904,0,0,141,10,130,10,1.8,10,3.3,10,989.0,10,,,87,10,0.0,10,0,10,162.0,0.0,0.0,10,18.1,14.4,0,10,18.2,12.1,0,10,16.2,10,16.7,10,12.6,10,2307,10
2008-05-27T00:00+00:00,5904,0,0,134,10,129,10,1.8,10,3.8,10,988.9,10,,,89,10,0.0,10,0,10,162.0,0.0,0.0,10,17.9,14.4,0,10,18.0,12.1,0,10,16.2,10,16.1,10,12.1,10,100,10
2008-05-27T01:00+00:00,5904,0,0,121,10,147,10,1.3,10,3.0,10,989.1,10,,,91,10,0.0,10,0,10,162.0,0.0,0.0,10,17.8,14.4,0,10,17.9,12.1,0,10,16.2,10,15.5,10,11.6,10,113,10
2008-05-27T02:00+00:00,5904,0,0,105,10,102,10,1.2,10,3.2,10,988.8,10,,,91,10,0.0,10,0,10,162.0,0.0,0.0,10,17.6,14.4,0,10,17.8,12.1,0,10,16.2,10,14.9,10,11.3,10,258,10
2008-05-27T03:00+00:00,5904,0,0,120,10,119,10,1.8,10,3.8,10,988.8,10,,,91,10,0.0,10,0,10,163.0,0.0,0.0,10,17.5,14.4,0,10,17.7,12.1,0,10,16.3,10,14.8,10,11.1,10,326,10
2008-05-27T04:00+00:00,5904,23,0,224,10,208,10,0.9,10,2.7,10,989.1,10,,,90,10,0.0,10,0,10,163.0,0.0,0.1,10,17.3,14.4,0,10,17.6,12.1,0,10,16.3,10,14.7,10,11.1,10,443,10
2008-05-27T05:00+00:00,5904,114,0,161,10,148,10,1.5,10,3.6,10,989.6,10,,,83,10,0.0,10,0,10,163.0,0.0,1.0,10,17.3,14.4,0,10,17.5,12.1,0,10,16.3,10,16.5,10,12.4,10,532,10
2008-05-27T06:00+00:00,5904,251,0,124,10,119,10,1.8,10,4.1,10,989.6,10,,,76,10,0.0,10,0,10,163.0,0.0,1.0,10,17.3,14.4,0,10,17.4,12.1,0,10,16.3,10,18.4,10,15.5,10,659,10
2008-05-27T07:00+00:00,5904,419,0,127,10,117,10,1.7,10,4.0,10,989.8,10,,,69,10,0.0,10,0,10,163.0,0.0,1.0,10,17.4,14.4,0,10,17.5,12.1,0,10,16.3,10,19.9,10,17.6,10,707,10
2008-05-27T08:00+00:00,5904,571,0,90,10,89,10,2.1,10,4.4,10,990.2,10,,,67,10,0.0,10,0,10,164.0,0.0,1.0,10,17.5,14.4,0,10,17.6,12.1,0,10,16.4,10,20.9,10,24.8,10,835,10
2008-05-27T09:00+00:00,5904,704,0,92,10,99,10,1.9,10,5.0,10,990.1,10,,,64,10,0.0,10,0,10,164.0,0.0,1.0,10,17.9,14.4,0,10,17.9,12.1,0,10,16.4,10,22.7,10,31.0,10,954,10
2008-05-27T10:00+00:00,5904,798,0,79,10,73,10,2.5,10,5.9,10,990.3,10,,,62,10,0.0,10,0,10,164.0,0.0,1.0,10,18.4,14.4,0,10,18.4,12.1,0,10,16.4,10,23.5,10,32.7,10,1049,10
2008-05-27T11:00+00:00,5904,844,0,109,10,114,10,2.6,10,5.4,10,990.0,10,,,57,10,0.0,10,0,10,164.0,0.0,1.0,10,19.2,14.4,0,10,19.1,12.1,0,10,16.4,10,25.0,10,34.5,10,1104,10
2008-05-27T12:00+00:00,5904,845,0,92,10,94,10,3.8,10,7.4,10,989.7,10,,,57,10,0.0,10,0,10,164.0,0.0,1.0,10,20.0,14.4,0,10,19.7,12.1,0,10,16.4,10,25.2,10,36.0,10,1207,10
2008-05-27T13:00+00:00,5904,789,0,108,10,93,10,3.4,10,7.1,10,989.3,10,,,54,10,0.0,10,0,10,164.0,0.0,1.0,10,20.7,14.4,0,10,20.2,12.1,0,10,16.4,10,26.5,10,35.9,10,1302,10
2008-05-27T14:00+00:00,5904,689,0,107,10,111,10,3.2,10,6.7,10,989.1,10,,,54,10,0.0,10,0,10,164.0,0.0,1.0,10,21.1,14.4,0,10,20.7,12.1,0,10,16.4,10,27.1,10,28.0,10,1411,10
2008-05-27T15:00+00:00,5904,548,0,115,10,137,10,3.6,10,6.6,10,988.9,10,,,54,10,0.0,10,0,10,164.0,0.0,1.0,10,21.2,14.5,0,10,20.9,12.1,0,10,16.4,10,26.9,10,27.3,10,1522,10
2008-05-27T16:00+00:00,5904,362,0,108,10,97,10,3.8,10,7.0,10,988.6,10,,,54,10,0.0,10,0,10,164.0,0.0,1.0,10,21.2,14.5,0,10,20.9,12.1,0,10,16.4,10,26.4,10,25.4,10,1632,10
2008-05-27T17:00+00:00,5904,245,0,100,10,104,10,4.7,10,7.9,10,988.6,10,,,54,10,0.0,10,0,10,164.0,0.0,1.0,10,21.1,14.5,0,10,20.9,12.1,0,10,16.4,10,25.5,10,23.5,10,1753,10
2008-05-27T18:00+00:00,5904,102,0,93,10,96,10,4.1,10,7.8,10,988.7,10,,,60,10,0.0,10,0,10,165.0,0.0,1.0,10,21.0,14.5,0,10,20.8,12.1,0,10,16.5,10,24.4,10,21.4,10,1818,10
2008-05-27T19:00+00:00,5904,15,0,88,10,92,10,2.9,10,6.1,10,988.7,10,,,64,10,0.0,10,0,10,165.0,0.0,0.1,10,20.8,14.5,0,10,20.7,12.1,0,10,16.5,10,23.1,10,19.1,10,1906,10
2008-05-27T20:00+00:00,5904,0,0,63,10,43,10,2.5,10,4.3,10,989.1,10,,,71,10,0.0,10,0,10,166.0,0.0,0.0,10,20.6,14.5,0,10,20.5,12.1,0,10,16.6,10,21.9,10,18.2,10,2016,10
2008-05-27T21:00+00:00,5904,0,0,51,10,53,10,2.0,10,3.6,10,989.2,10,,,77,10,0.0,10,0,10,166.0,0.0,0.0,10,20.4,14.5,0,10,20.4,12.1,0,10,16.6,10,21.4,10,17.7,10,2135,10
2008-05-27T22:00+00:00,5904,0,0,38,10,39,10,2.3,10,3.6,10,989.2,10,,,81,10,0.0,10,0,10,167.0,0.0,0.0,10,20.2,14.5,0,10,20.2,12.1,0,10,16.7,10,20.4,10,16.7,10,2250,10
2008-05-27T23:00+00:00,5904,0,0,37,10,25,10,2.7,10,4.6,10,989.2,10,,,80,10,0.0,10,0,10,167.0,0.0,0.0,10,20.0,14.5,0,10,20.0,12.1,0,10,16.7,10,20.0,10,16.4,10,2354,10
2008-05-28T00:00+00:00,5904,0,0,32,10,46,10,2.9,10,5.1,10,989.0,10,,,81,10,0.0,10,0,10,168.0,0.0,0.0,10,19.8,14.5,0,10,19.9,12.1,0,10,16.8,10,19.8,10,16.2,10,11,10
2008-05-28T01:00+00:00,5904,0,0,37,10,37,10,3.7,10,7.2,10,988.6,10,,,82,10,0.0,10,0,10,168.0,0.0,0.0,10,19.6,14.5,0,10,19.7,12.1,0,10,16.8,10,19.3,10,16.6,10,142,10
2008-05-28T02:00+00:00,5904,0,0,38,10,32,10,3.4,10,6.1,10,988.6,10,,,82,10,0.0,10,0,10,169.0,0.0,0.0,10,19.4,14.5,0,10,19.6,12.1,0,10,16.9,10,18.9,10,16.4,10,216,10
2008-05-28T03:00+00:00,5904,0,0,35,10,38,10,3.1,10,6.6,10,988.5,10,,,82,10,0.0,10,0,10,169.0,0.0,0.0,10,19.3,14.5,0,10,19.4,12.1,0,10,16.9,10,18.5,10,15.7,10,341,10
2008-05-28T04:00+00:00,5904,25,0,37,10,49,10,2.1,10,5.3,10,988.8,10,,,84,10,0.0,10,0,10,169.0,0.0,0.2,10,19.1,14.5,0,10,19.3,12.2,0,10,16.9,10,17.8,10,15.4,10,401,10
2008-05-28T05:00+00:00,5904,120,0,37,10,44,10,2.5,10,5.6,10,988.8,10,,,78,10,0.0,10,0,10,170.0,0.0,1.0,10,19.0,14.5,0,10,19.2,12.1,0,10,17.0,10,18.9,10,15.8,10,525,10
2008-05-28T06:00+00:00,5904,259,0,48,10,48,10,1.9,10,4.4,10,989.2,10,,,74,10,0.0,10,0,10,170.0,0.0,1.0,10,19.0,14.6,0,10,19.1,12.2,0,10,17.0,10,20.2,10,18.2,10,603,10
2008-05-28T07:00+00:00,5904,418,0,40,10,56,10,2.1,10,4.2,10,989.0,10,,,70,10,0.0,10,0,10,170.0,0.0,1.0,10,19.0,14.6,0,10,19.2,12.2,0,10,17.0,10,21.5,10,20.5,10,716,10
2008-05-28T08:00+00:00,5904,569,0,31,10,46,10,2.4,10,5.6,10,988.9,10,,,67,10,0.0,10,0,10,171.0,0.0,1.0,10,19.3,14.6,0,10,19.4,12.2,0,10,17.1,10,22.9,10,28.1,10,836,10
2008-05-28T09:00+00:00,5904,684,0,48,10,41,10,2.0,10,5.0,10,988.9,10,,,65,10,0.0,10,0,10,171.0,0.0,1.0,10,19.8,14.6,0,10,19.9,12.2,0,10,17.1,10,24.1,10,31.5,10,926,10
2008-05-28T10:00+00:00,5904,767,0,47,10,50,10,2.1,10,5.3,10,988.8,10,,,64,10,0.0,10,0,10,171.0,0.0,1.0,10,20.4,14.6,0,10,20.4,12.2,0,10,17.1,10,24.7,10,33.0,10,1056,10
2008-05-28T11:00+00:00,5904,808,0,51,10,51,10,2.0,10,5.6,10,988.7,10,,,61,10,0.0,10,0,10,171.0,0.0,1.0,10,21.1,14.6,0,10,21.0,12.2,0,10,17.1,10,26.1,10,34.3,10,1106,10
2008-05-28T12:00+00:00,5904,813,0,75,10,76,10,2.7,10,6.5,10,988.3,10,,,60,10,0.0,10,0,10,171.0,0.0,1.0,10,21.8,14.6,0,10,21.5,12.2,0,10,17.1,10,27.6,10,36.3,10,1246,10
2008-05-28T13:00+00:00,5904,736,0,91,10,82,10,3.2,10,7.1,10,988.1,10,,,60,10,0.0,10,0,10,171.0,0.0,1.0,10,22.4,14.6,0,10,22.0,12.2,0,10,17.1,10,28.0,10,35.5,10,1323,10
2008-05-28T14:00+00:00,5904,634,0,86,10,81,10,3.4,10,6.8,10,987.9,10,,,59,10,0.0,10,0,10,172.0,0.0,1.0,10,22.7,14.6,0,10,22.4,12.2,0,10,17.2,10,28.9,10,31.1,10,1419,10
2008-05-28T15:00+00:00,5904,470,0,76,10,43,10,2.8,10,7.5,10,988.0,10,,,60,10,0.0,10,0,10,172.0,0.0,0.8,10,22.9,14.7,0,10,22.6,12.2,0,10,17.2,10,28.5,10,30.0,10,1559,10
2008-05-28T16:00+00:00,5904,296,0,33,10,25,10,4.7,10,8.3,10,988.2,10,,,63,10,0.0,10,0,10,172.0,0.0,0.7,10,22.9,14.7,0,10,22.6,12.2,0,10,17.2,10,26.1,10,25.8,10,1630,10
2008-05-28T17:00+00:00,5904,147,0,28,10,20,10,3.6,10,8.3,10,988.7,10,,,63,10,0.0,10,0,10,173.0,0.0,0.4,10,22.7,14.7,0,10,22.5,12.2,0,10,17.3,10,24.8,10,24.4,10,1743,10
2008-05-28T18:00+00:00,5904,64,0,19,10,50,10,3.0,10,7.0,10,989.1,10,,,64,10,0.0,10,0,10,173.0,0.0,0.0,10,22.5,14.7,0,10,22.4,12.2,0,10,17.3,10,23.7,10,22.2,10,1802,10
2008-05-28T19:00+00:00,5904,11,0,360,10,24,10,2.1,10,4.7,10,989.7,10,,,64,10,0.0,10,0,10,174.0,0.0,0.0,10,22.3,14.7,0,10,22.2,12.2,0,10,17.4,10,22.1,10,19.6,10,1922,10
2008-05-28T20:00+00:00,5904,0,0,13,10,14,10,2.4,10,5.2,10,990.0,10,,,64,10,0.0,10,0,10,174.0,0.0,0.0,10,22.0,14.7,0,10,21.9,12.2,0,10,17.4,10,21.1,10,18.4,10,2019,10
2008-05-28T21:00+00:00,5904,0,0,28,10,34,10,2.6,10,5.9,10,990.2,10,,,64,10,0.0,10,0,10,175.0,0.0,0.0,10,21.7,14.7,0,10,21.7,12.2,0,10,17.5,10,20.1,10,17.9,10,2139,10
2008-05-28T22:00+00:00,5904,0,0,36,10,349,10,2.2,10,5.2,10,990.5,10,,,66,10,0.0,10,0,10,175.0,0.0,0.0,10,21.4,14.7,0,10,21.5,12.2,0,10,17.5,10,18.9,10,16.6,10,2204,10
2008-05-28T23:00+00:00,5904,0,0,36,10,47,10,2.7,10,5.4,10,991.0,10,,,65,10,0.0,10,0,10,176.0,0.0,0.0,10,21.1,14.8,0,10,21.2,12.2,0,10,17.6,10,18.9,10,16.3,10,2319,10
2008-05-29T00:00+00:00,5904,0,0,37,10,42,10,2.3,10,4.0,10,991.4,10,,,72,10,0.0,10,0,10,176.0,0.0,0.0,10,20.9,14.8,0,10,21.0,12.2,0,10,17.6,10,18.3,10,15.0,10,38,10
2008-05-29T01:00+00:00,5904,0,0,70,10,146,10,1.6,10,5.2,10,991.6,10,,,72,10,0.0,10,0,10,177.0,0.0,0.0,10,20.7,14.8,0,10,20.8,12.2,0,10,17.7,10,18.5,10,14.7,10,154,10
2008-05-29T02:00+00:00,5904,0,0,128,10,146,10,3.9,10,9.7,10,991.4,10,,,62,10,0.0,10,0,10,177.0,0.0,0.0,10,20.5,14.8,0,10,20.7,12.2,0,10,17.7,10,18.7,10,17.7,10,250,10
2008-05-29T03:00+00:00,5904,0,0,133,10,137,10,5.0,10,10.5,10,991.6,10,,,58,10,0.0,10,0,10,178.0,0.0,0.0,10,20.3,14.8,0,10,20.5,12.2,0,10,17.8,10,18.1,10,17.2,10,335,10
2008-05-29T04:00+00:00,5904,22,0,132,10,137,10,5.0,10,10.7,10,992.1,10,,,57,10,0.0,10,0,10,178.0,0.0,0.0,10,20.2,14.8,0,10,20.3,12.2,0,10,17.8,10,17.4,10,17.1,10,437,10
2008-05-29T05:00+00:00,5904,138,0,128,10,141,10,5.1,10,10.1,10,992.2,10,,,57,10,0.0,10,0,10,178.0,0.0,0.8,10,20.0,14.8,0,10,20.2,12.2,0,10,17.8,10,17.1,10,16.6,10,538,10
2008-05-29T06:00+00:00,5904,242,0,126,10,133,10,5.4,10,11.8,10,992.5,10,,,54,10,0.0,10,0,10,179.0,0.0,0.4,10,19.9,14.8,0,10,20.1,12.2,0,10,17.9,10,17.4,10,17.2,10,629,10
2008-05-29T07:00+00:00,5904,433,0,128,10,137,10,5.9,10,11.2,10,992.6,10,,,51,10,0.0,10,0,10,179.0,0.0,0.7,10,19.9,14.9,0,10,20.1,12.2,0,10,17.9,10,18.7,10,19.9,10,706,10
2008-05-29T08:00+00:00,5904,531,0,123,10,134,10,5.9,10,11.0,10,992.5,10,,,49,10,0.0,10,0,10,179.0,0.0,1.0,10,20.0,14.9,0,10,20.2,12.2,0,10,17.9,10,19.3,10,24.2,10,836,10
2008-05-29T09:00+00:00,5904,711,0,123,10,121,10,5.9,10,11.1,10,992.3,10,,,49,10,0.0,10,0,10,179.0,0.0,1.0,10,20.3,14.9,0,10,20.5,12.2,0,10,17.9,10,20.4,10,25.9,10,928,10
2008-05-29T10:00+00:00,5904,805,0,129,10,130,10,5.9,10,11.3,10,992.2,10,,,45,10,0.0,10,0,10,179.0,0.0,1.0,10,20.8,14.9,0,10,20.9,12.2,0,10,17.9,10,21.0,10,29.2,10,1030,10
2008-05-29T11:00+00:00,5904,850,0,137,10,136,10,6.0,10,11.7,10,991.8,10,,,45,10,0.0,10,0,10,179.0,0.0,1.0,10,21.3,14.9,0,10,21.3,12.2,0,10,17.9,10,22.1,10,28.9,10,1200,10
2008-05-29T12:00+00:00,5904,837,0,133,10,145,10,6.0,10,12.1,10,991.4,10,,,45,10,0.0,10,0,10,180.0,0.0,1.0,10,21.8,14.9,0,10,21.7,12.2,0,10,18.0,10,23.4,10,31.2,10,1222,10
2008-05-29T13:00+00:00,5904,778,0,122,10,116,10,5.8,10,12.3,10,990.8,10,,,46,10,0.0,10,0,10,180.0,0.0,1.0,10,22.1,14.9,0,10,22.0,12.2,0,10,18.0,10,23.8,10,30.5,10,1321,10
2008-05-29T14:00+00:00,5904,676,0,131,10,130,10,5.7,10,11.5,10,990.3,10,,,45,10,0.0,10,0,10,180.0,0.0,1.0,10,22.4,15.0,0,10,22.2,12.2,0,10,18.0,10,24.6,10,25.6,10,1414,10
2008-05-29T15:00+00:00,5904,529,0,140,10,145,10,5.9,10,12.2,10,989.9,10,,,46,10,0.0,10,0,10,180.0,0.0,1.0,10,22.4,15.0,0,10,22.2,12.2,0,10,18.0,10,24.3,10,25.2,10,1502,10
2008-05-29T16:00+00:00,5904,355,0,140,10,135,10,6.2,10,11.2,10,989.2,10,,,47,10,0.0,10,0,10,180.0,0.0,1.0,10,22.2,15.0,0,10,22.2,12.2,0,10,18.0,10,24.0,10,23.9,10,1605,10
2008-05-29T17:00+00:00,5904,207,0,136,10,122,10,6.0,10,11.5,10,989.2,10,,,49,10,0.0,10,0,10,180.0,0.0,1.0,10,22.1,15.0,0,10,22.0,12.2,0,10,18.0,10,23.3,10,22.3,10,1719,10
2008-05-29T18:00+00:00,5904,82,0,140,10,145,10,5.2,10,10.3,10,989.0,10,,,51,10,0.0,10,0,10,181.0,0.0,0.1,10,21.8,15.0,0,10,21.9,12.2,0,10,18.1,10,22.9,10,20.8,10,1832,10
2008-05-29T19:00+00:00,5904,14,0,121,10,126,10,4.0,10,6.7,10,989.1,10,,,60,10,0.0,10,0,10,181.0,0.0,0.0,10,21.6,15.0,0,10,21.7,12.2,0,10,18.1,10,21.4,10,18.1,10,1956,10
2008-05-29T20:00+00:00,5904,0,0,126,10,132,10,3.8,10,6.9,10,989.4,10,,,62,10,0.0,10,0,10,181.0,0.0,0.0,10,21.4,15.1,0,10,21.5,12.3,0,10,18.1,10,20.6,10,16.6,10,2017,10
2008-05-29T21:00+00:00,5904,0,0,142,10,145,10,4.0,10,8.7,10,989.3,10,,,62,10,0.0,10,0,10,182.0,0.0,0.0,10,21.1,15.1,0,10,21.3,12.3,0,10,18.2,10,20.0,10,16.6,10,2128,10
2008-05-29T22:00+00:00,5904,0,0,145,10,148,10,3.7,10,7.8,10,989.0,10,,,60,10,0.0,10,0,10,182.0,0.0,0.0,10,20.9,15.1,0,10,21.1,12.3,0,10,18.2,10,19.8,10,16.2,10,2248,10
2008-05-29T23:00+00:00,5904,0,0,140,10,142,10,4.0,10,7.4,10,988.9,10,,,59,10,0.0,10,0,10,182.0,0.0,0.0,10,20.6,15.1,0,10,20.8,12.3,0,10,18.2,10,18.7,10,15.7,10,2351,10
2008-05-30T00:00+00:00,5904,0,0,137,10,133,10,2.8,10,6.9,10,988.6,10,,,60,10,0.0,10,0,10,183.0,0.0,0.0,10,20.4,15.1,0,10,20.6,12.3,0,10,18.3,10,17.8,10,14.3,10,4,10
2008-05-30T01:00+00:00,5904,0,0,150,10,148,10,3.7,10,7.5,10,988.4,10,,,60,10,0.0,10,0,10,183.0,0.0,0.0,10,20.2,15.1,0,10,20.4,12.3,0,10,18.3,10,17.3,10,14.9,10,116,10
2008-05-30T02:00+00:00,5904,0,0,152,10,153,10,3.5,10,7.5,10,988.2,10,,,61,10,0.0,10,0,10,183.0,0.0,0.0,10,20.0,15.2,0,10,20.2,12.3,0,10,18.3,10,16.9,10,14.5,10,251,10
2008-05-30T03:00+00:00,5904,0,0,133,10,144,10,2.9,10,7.3,10,988.5,10,,,64,10,0.0,10,0,10,183.0,0.0,0.0,10,19.7,15.2,0,10,20.0,12.3,0,10,18.3,10,15.6,10,12.1,10,302,10
2008-05-30T04:00+00:00,5904,23,0,132,10,143,10,2.5,10,4.7,10,988.5,10,,,65,10,0.0,10,0,10,184.0,0.0,0.0,10,19.5,15.2,0,10,19.8,12.3,0,10,18.4,10,15.7,10,11.8,10,416,10
2008-05-30T05:00+00:00,5904,120,0,137,10,137,10,2.6,10,5.7,10,988.6,10,,,62,10,0.0,10,0,10,184.0,0.0,1.0,10,19.4,15.2,0,10,19.7,12.3,0,10,18.4,10,16.9,10,12.9,10,501,10
2008-05-30T06:00+00:00,5904,264,0,125,10,126,10,2.5,10,4.8,10,988.5,10,,,59,10,0.0,10,0,10,184.0,0.0,1.0,10,19.3,15.2,0,10,19.6,12.3,0,10,18.4,10,19.3,10,16.1,10,642,10
2008-05-30T07:00+00:00,5904,420,0,159,10,173,10,3.8,10,8.2,10,988.7,10,,,57,10,0.0,10,0,10,184.0,0.0,1.0,10,19.4,15.2,0,10,19.6,12.3,0,10,18.4,10,21.1,10,19.1,10,729,10
2008-05-30T08:00+00:00,5904,576,0,163,10,178,10,3.9,10,7.9,10,988.6,10,,,57,10,0.0,10,1,10,184.0,0.0,1.0,10,19.6,15.2,0,10,19.8,12.3,0,10,18.4,10,23.0,10,26.4,10,820,10
2008-05-30T09:00+00:00,5904,703,0,138,10,124,10,3.8,10,7.8,10,988.4,10,,,56,10,0.0,10,0,10,184.0,0.0,1.0,10,20.1,15.3,0,10,20.2,12.3,0,10,18.4,10,23.9,10,32.1,10,957,10
2008-05-30T10:00+00:00,5904,786,0,127,10,137,10,4.5,10,9.6,10,987.9,10,,,56,10,0.0,10,0,10,184.0,0.0,1.0,10,20.8,15.3,0,10,20.8,12.3,0,10,18.4,10,25.7,10,33.4,10,1017,10
2008-05-30T11:00+00:00,5904,834,0,108,10,114,10,4.9,10,9.2,10,987.5,10,,,56,10,0.0,10,0,10,184.0,0.0,1.0,10,21.5,15.3,0,10,21.4,12.3,0,10,18.4,10,26.4,10,35.7,10,1137,10
2008-05-30T12:00+00:00,5904,837,0,143,10,162,10,4.6,10,9.9,10,987.0,10,,,54,10,0.0,10,0,10,184.0,0.0,1.0,10,22.2,15.3,0,10,22.0,12.3,0,10,18.4,10,27.7,10,35.8,10,1250,10
2008-05-30T13:00+00:00,5904,785,0,142,10,131,10,5.0,10,10.4,10,987.0,10,,,54,10,0.0,10,0,10,184.0,0.0,1.0,10,22.7,15.3,0,10,22.4,12.3,0,10,18.4,10,28.0,10,35.0,10,1301,10
2008-05-30T14:00+00:00,5904,686,0,139,10,136,10,5.6,10,11.3,10,986.6,10,,,53,10,0.0,10,0,10,184.0,0.0,1.0,10,23.0,15.4,0,10,22.7,12.3,0,10,18.4,10,27.8,10,28.4,10,1453,10
2008-05-30T15:00+00:00,5904,547,0,142,10,159,10,5.5,10,10.9,10,986.3,10,,,54,10,0.0,10,0,10,184.0,0.0,1.0,10,23.1,15.4,0,10,22.9,12.3,0,10,18.4,10,28.2,10,28.2,10,1522,10
2008-05-30T16:00+00:00,5904,354,0,136,10,130,10,5.5,10,10.6,10,986.0,10,,,55,10,0.0,10,0,10,184.0,0.0,1.0,10,23.0,15.4,0,10,22.8,12.3,0,10,18.4,10,27.4,10,26.5,10,1613,10
2008-05-30T17:00+00:00,5904,237,0,138,10,119,10,5.4,10,9.9,10,986.0,10,,,56,10,0.0,10,0,10,184.0,0.0,1.0,10,22.9,15.4,0,10,22.8,12.3,0,10,18.4,10,26.6,10,25.2,10,1706,10
2008-05-30T18:00+00:00,5904,103,0,134,10,145,10,4.2,10,9.0,10,986.1,10,,,59,10,0.0,10,0,10,184.0,0.0,0.9,10,22.7,15.4,0,10,22.6,12.3,0,10,18.4,10,25.8,10,23.5,10,1855,10
2008-05-30T19:00+00:00,5904,22,0,146,10,149,10,4.0,10,8.3,10,986.5,10,,,62,10,0.0,10,0,10,184.0,0.0,0.0,10,22.5,15.4,0,10,22.5,12.3,0,10,18.4,10,24.7,10,22.4,10,1945,10
2008-05-30T20:00+00:00,5904,0,0,158,10,161,10,3.8,10,8.9,10,986.9,10,,,65,10,0.0,10,0,10,185.0,0.0,0.0,10,22.3,15.4,0,10,22.3,12.3,0,10,18.5,10,23.4,10,20.8,10,2005,10
2008-05-30T21:00+00:00,5904,0,0,177,10,180,10,3.5,10,8.3,10,987.0,10,,,67,10,0.0,10,0,10,185.0,0.0,0.0,10,22.1,15.5,0,10,22.1,12.3,0,10,18.5,10,22.6,10,20.4,10,2110,10
2008-05-30T22:00+00:00,5904,0,0,197,10,206,10,2.0,10,4.9,10,987.6,10,,,71,10,0.0,10,0,10,186.0,0.0,0.0,10,21.8,15.5,0,10,21.9,12.3,0,10,18.6,10,21.8,10,17.3,10,2256,10
2008-05-30T23:00+00:00,5904,0,0,198,10,193,10,1.9,10,5.1,10,987.2,10,,,74,10,0.0,10,0,10,186.0,0.0,0.0,10,21.6,15.5,0,10,21.7,12.3,0,10,18.6,10,21.0,10,17.8,10,2400,10
2008-05-31T00:00+00:00,5904,0,0,231,10,205,10,1.8,10,4.5,10,986.6,10,,,82,10,0.0,10,0,10,186.0,0.0,0.0,10,21.4,15.5,0,10,21.5,12.3,0,10,18.6,10,19.5,10,15.7,10,19,10
2008-05-31T01:00+00:00,5904,0,0,253,10,277,10,1.8,10,3.1,10,986.4,10,,,85,10,0.0,10,0,10,187.0,0.0,0.0,10,21.1,15.5,0,10,21.3,12.3,0,10,18.7,10,18.3,10,14.7,10,200,10
2008-05-31T02:00+00:00,5904,0,0,253,10,187,10,0.6,10,3.6,10,986.7,10,,,85,10,0.0,10,0,10,187.0,0.0,0.0,10,20.9,15.5,0,10,21.1,12.3,0,10,18.7,10,17.3,10,14.3,10,231,10
2008-05-31T03:00+00:00,5904,0,0,238,10,234,10,2.2,10,3.2,10,987.2,10,,,85,10,0.0,10,0,10,187.0,0.0,0.0,10,20.7,15.5,0,10,20.9,12.3,0,10,18.7,10,16.6,10,13.0,10,325,10
2008-05-31T04:00+00:00,5904,24,0,255,10,242,10,1.8,10,2.6,10,987.5,10,,,85,10,0.0,10,0,10,188.0,0.0,0.2,10,20.5,15.5,0,10,20.7,12.3,0,10,18.8,10,16.7,10,13.6,10,413,10
2008-05-31T05:00+00:00,5904,124,0,56,10,54,10,1.0,10,2.7,10,987.7,10,,,81,10,0.0,10,0,10,188.0,0.0,1.0,10,20.3,15.6,0,10,20.6,12.3,0,10,18.8,10,18.5,10,14.5,10,524,10
2008-05-31T06:00+00:00,5904,273,0,83,10,90,10,1.2,10,2.6,10,987.7,10,,,69,10,0.0,10,0,10,188.0,0.0,1.0,10,20.3,15.6,0,10,20.5,12.4,0,10,18.8,10,21.1,10,16.4,10,638,10
2008-05-31T07:00+00:00,5904,438,0,106,10,120,10,1.8,10,4.4,10,987.8,10,,,62,10,0.0,10,0,10,188.0,0.0,1.0,10,20.3,15.6,0,10,20.5,12.4,0,10,18.8,10,23.3,10,20.2,10,748,10
2008-05-31T08:00+00:00,5904,588,0,112,10,124,10,2.2,10,4.5,10,987.9,10,,,54,10,0.0,10,0,10,188.0,0.0,1.0,10,20.6,15.6,0,10,20.8,12.4,0,10,18.8,10,24.7,10,31.0,10,844,10
2008-05-31T09:00+00:00,5904,718,0,143,10,149,10,2.2,10,5.5,10,987.9,10,,,47,10,0.0,10,0,10,188.0,0.0,1.0,10,21.1,15.6,0,10,21.3,12.4,0,10,18.8,10,26.8,10,34.7,10,955,10
2008-05-31T10:00+00:00,5904,815,0,147,10,149,10,3.7,10,6.9,10,987.8,10,,,45,10,0.0,10,0,10,188.0,0.0,1.0,10,21.8,15.6,0,10,21.9,12.4,0,10,18.8,10,27.8,10,36.4,10,1049,10
2008-05-31T11:00+00:00,5904,868,0,151,10,140,10,4.3,10,9.9,10,987.7,10,,,43,10,0.0,10,0,10,188.0,0.0,1.0,10,22.5,15.6,0,10,22.4,12.4,0,10,18.8,10,28.5,10,36.9,10,1156,10
2008-05-31T12:00+00:00,5904,863,0,150,10,182,10,4.6,10,10.0,10,987.5,10,,,43,10,0.0,10,0,10,188.0,0.0,1.0,10,23.1,15.7,0,10,22.9,12.4,0,10,18.8,10,28.7,10,36.8,10,1252,10
2008-05-31T13:00+00:00,5904,801,0,150,10,163,10,3.9,10,9.0,10,987.1,10,,,43,10,0.0,10,0,10,188.0,0.0,1.0,10,23.6,15.7,0,10,23.3,12.4,0,10,18.8,10,29.1,10,36.9,10,1311,10
2008-05-31T14:00+00:00,5904,721,0,138,10,118,10,4.2,10,9.6,10,987.0,10,,,42,10,0.0,10,0,10,188.0,0.0,1.0,10,23.9,15.7,0,10,23.6,12.4,0,10,18.8,10,29.1,10,28.5,10,1448,10
2008-05-31T15:00+00:00,5904,556,0,119,10,96,10,3.8,10,8.5,10,986.5,10,,,43,10,0.0,10,0,10,188.0,0.0,1.0,10,23.9,15.7,0,10,23.7,12.4,0,10,18.8,10,28.3,10,27.5,10,1520,10
2008-05-31T16:00+00:00,5904,376,0,116,10,114,10,4.8,10,9.6,10,986.7,10,,,43,10,0.0,10,0,10,189.0,0.0,1.0,10,23.8,15.7,0,10,23.6,12.4,0,10,18.9,10,27.9,10,25.4,10,1607,10
2008-05-31T17:00+00:00,5904,287,0,116,10,121,10,4.3,10,7.6,10,986.9,10,,,43,10,0.0,10,0,10,189.0,0.0,1.0,10,23.6,15.7,0,10,23.5,12.4,0,10,18.9,10,26.6,10,23.7,10,1705,10
2008-05-31T18:00+00:00,5904,147,0,120,10,125,10,3.9,10,7.6,10,986.9,10,,,45,10,0.0,10,0,10,189.0,0.0,1.0,10,23.4,15.7,0,10,23.4,12.4,0,10,18.9,10,25.5,10,22.0,10,1815,10
2008-05-31T19:00+00:00,5904,25,0,142,10,133,10,2.4,10,5.3,10,987.3,10,,,47,10,0.0,10,0,10,189.0,0.0,0.2,10,23.1,15.8,0,10,23.2,12.4,0,10,18.9,10,24.2,10,19.5,10,1910,10
2008-05-31T20:00+00:00,5904,0,0,176,10,152,10,1.9,10,4.6,10,988.0,10,,,52,10,0.0,10,0,10,190.0,0.0,0.0,10,22.8,15.8,0,10,22.9,12.4,0,10,19.0,10,22.8,10,18.1,10,2028,10
2008-05-31T21:00+00:00,5904,0,0,248,10,255,10,2.5,10,4.1,10,987.9,10,,,62,10,0.0,10,0,10,190.0,0.0,0.0,10,22.5,15.8,0,10,22.7,12.4,0,10,19.0,10,21.2,10,16.3,10,2137,10
2008-05-31T22:00+00:00,5904,0,0,267,10,268,10,3.1,10,4.6,10,988.0,10,,,66,10,0.0,10,0,10,191.0,0.0,0.0,10,22.3,15.8,0,10,22.4,12.4,0,10,19.1,10,20.3,10,15.3,10,2235,10
2008-05-31T23:00+00:00,5904,0,0,271,10,250,10,2.5,10,4.3,10,988.2,10,,,71,10,0.0,10,0,10,191.0,0.0,0.0,10,22.0,15.8,0,10,22.2,12.4,0,10,19.1,10,19.2,10,15.2,10,2347,10
2008-06-01T00:00+00:00,5904,0,0,261,10,239,10,1.2,10,3.2,10,988.4,10,,,73,10,0.0,10,0,10,192.0,0.0,0.0,10,21.7,15.8,0,10,22.0,12.4,0,10,19.2,10,18.5,10,14.0,10,47,10
2008-06-01T01:00+00:00,5904,0,0,290,10,337,10,1.9,10,5.4,10,988.5,10,,,73,10,0.0,10,0,10,192.0,0.0,0.0,10,21.5,15.8,0,10,21.7,12.4,0,10,19.2,10,19.1,10,13.8,10,125,10
2008-06-01T02:00+00:00,5904,0,0,273,10,272,10,2.6,10,5.9,10,988.4,10,,,73,10,0.0,10,0,10,192.0,0.0,0.0,10,21.2,15.9,0,10,21.5,12.4,0,10,19.2,10,19.4,10,14.1,10,259,10
2008-06-01T03:00+00:00,5904,0,0,278,10,302,10,3.8,10,8.4,10,988.4,10,,,69,10,0.0,10,0,10,192.0,0.0,0.0,10,21.1,15.9,0,10,21.3,12.4,0,10,19.2,10,21.1,10,14.9,10,348,10
2008-06-01T04:00+00:00,5904,26,0,289,10,294,10,4.1,10,10.2,10,988.7,10,,,71,10,0.0,10,0,10,193.0,0.0,0.0,10,20.9,15.9,0,10,21.2,12.4,0,10,19.3,10,20.6,10,17.7,10,425,10
2008-06-01T05:00+00:00,5904,96,0,265,10,269,10,1.9,10,7.2,10,989.4,10,,,70,10,0.0,10,0,10,193.0,0.0,0.7,10,20.8,15.9,0,10,21.1,12.4,0,10,19.3,10,20.6,10,18.2,10,556,10
2008-06-01T06:00+00:00,5904,246,0,277,10,277,10,4.3,10,8.4,10,989.7,10,,,68,10,0.0,10,0,10,193.0,0.0,1.0,10,20.8,15.9,0,10,21.0,12.4,0,10,19.3,10,22.4,10,19.2,10,607,10
2008-06-01T07:00+00:00,5904,370,0,282,10,287,10,3.9,10,10.9,10,989.9,10,,,65,10,0.0,10,0,10,193.0,0.0,1.0,10,20.9,15.9,0,10,21.0,12.4,0,10,19.3,10,23.3,10,22.1,10,759,10
2008-06-01T08:00+00:00,5904,549,0,290,10,282,10,4.5,10,11.8,10,990.1,10,,,61,10,0.0,10,0,10,193.0,0.0,1.0,10,21.1,15.9,0,10,21.3,12.4,0,10,19.3,10,24.4,10,27.3,10,900,10
2008-06-01T09:00+00:00,5904,605,0,286,10,316,10,3.1,10,10.2,10,990.2,10,,,62,10,0.0,10,0,10,193.0,0.0,1.0,10,21.5,16.0,0,10,21.6,12.5,0,10,19.3,10,25.1,10,30.7,10,903,10
2008-06-01T10:00+00:00,5904,678,0,298,10,285,10,2.7,10,7.1,10,990.2,10,,,59,10,0.0,10,0,10,193.0,0.0,1.0,10,22.1,16.0,0,10,22.1,12.5,0,10,19.3,10,26.1,10,32.7,10,1001,10
2008-06-01T11:00+00:00,5904,819,0,318,10,290,10,3.4,10,7.9,10,990.4,10,,,56,10,0.0,10,0,10,193.0,0.0,1.0,10,22.7,16.0,0,10,22.6,12.5,0,10,19.3,10,27.1,10,33.5,10,1113,10
2008-06-01T12:00+00:00,5904,646,0,337,10,330,10,2.6,10,6.8,10,990.0,10,,,57,10,0.0,10,0,10,193.0,0.0,1.0,10,23.3,16.0,0,10,23.0,12.5,0,10,19.3,10,27.1,10,32.3,10,1208,10
2008-06-01T13:00+00:00,5904,748,0,11,10,20,10,3.4,10,7.1,10,989.7,10,,,55,10,0.0,10,0,10,193.0,0.0,1.0,10,23.8,16.0,0,10,23.4,12.5,0,10,19.3,10,28.0,10,34.0,10,1355,10
2008-06-01T14:00+00:00,5904,649,0,13,10,26,10,3.3,10,7.5,10,989.2,10,,,55,10,0.0,10,0,10,193.0,0.0,1.0,10,24.1,16.0,0,10,23.7,12.5,0,10,19.3,10,27.8,10,28.9,10,1433,10
2008-06-01T15:00+00:00,5904,554,0,1,10,9,10,2.2,10,7.1,10,989.2,10,,,53,10,0.0,10,0,10,193.0,0.0,1.0,10,24.3,16.0,0,10,23.9,12.5,0,10,19.3,10,28.6,10,28.3,10,1507,10
2008-06-01T16:00+00:00,5904,382,0,2,10,342,10,2.5,10,5.7,10,988.8,10,,,51,10,0.0,10,0,10,193.0,0.0,1.0,10,24.2,16.1,0,10,23.9,12.5,0,10,19.3,10,28.1,10,27.0,10,1629,10
2008-06-01T17:00+00:00,5904,193,0,19,10,52,10,2.0,10,4.9,10,988.9,10,,,56,10,0.0,10,0,10,194.0,0.0,0.4,10,24.1,16.1,0,10,23.9,12.5,0,10,19.4,10,27.0,10,26.3,10,1752,10
2008-06-01T18:00+00:00,5904,5,0,291,10,357,10,0.3,10,9.3,10,990.5,10,,,86,10,4.5,10,29,10,194.0,0.0,0.0,10,23.8,16.1,0,10,23.6,12.5,0,10,19.4,10,18.4,10,16.4,10,1829,10
2008-06-01T19:00+00:00,5904,0,0,272,10,285,10,2.7,10,5.2,10,991.2,10,,,90,10,1.4,10,58,10,194.0,0.0,0.0,10,23.3,16.1,0,10,23.4,12.5,0,10,19.4,10,17.9,10,16.4,10,1928,10
2008-06-01T20:00+00:00,5904,0,0,273,10,269,10,2.4,10,6.1,10,991.6,10,,,91,10,1.1,10,59,10,194.0,0.0,0.0,10,23.0,16.1,0,10,23.1,12.5,0,10,19.4,10,18.0,10,17.1,10,2038,10
2008-06-01T21:00+00:00,5904,0,0,279,10,300,10,1.6,10,4.2,10,990.7,10,,,92,10,0.3,10,55,10,195.0,0.0,0.0,10,22.7,16.1,0,10,22.8,12.5,0,10,19.5,10,18.6,10,17.3,10,2159,10
2008-06-01T22:00+00:00,5904,0,0,325,10,336,10,1.9,10,6.6,10,990.3,10,,,86,10,0.0,10,2,10,195.0,0.0,0.0,10,22.5,16.1,0,10,22.6,12.5,0,10,19.5,10,18.5,10,17.5,10,2258,10
2008-06-01T23:00+00:00,5904,0,0,252,10,332,10,0.8,10,6.8,10,990.7,10,,,89,10,0.0,10,0,10,195.0,0.0,0.0,10,22.3,16.1,0,10,22.5,12.5,0,10,19.5,10,18.0,10,17.0,10,2400,10
2008-06-02T00:00+00:00,5904,0,0,266,10,201,10,1.3,10,3.8,10,990.7,10,,,92,10,0.0,10,0,10,196.0,0.0,0.0,10,22.1,16.2,0,10,22.3,12.5,0,10,19.6,10,17.6,10,15.9,10,5,10
2008-06-02T01:00+00:00,5904,0,0,292,10,273,10,1.2,10,2.8,10,990.7,10,,,92,10,0.0,10,0,10,196.0,0.0,0.0,10,21.9,16.2,0,10,22.1,12.5,0,10,19.6,10,17.3,10,15.8,10,132,10
2008-06-02T02:00+00:00,5904,0,0,23,10,350,10,1.0,10,2.4,10,990.6,10,,,92,10,0.0,10,0,10,196.0,0.0,0.0,10,21.7,16.2,0,10,21.9,12.5,0,10,19.6,10,16.7,10,14.6,10,212,10
2008-06-02T03:00+00:00,5904,1,0,244,10,149,10,0.3,10,2.9,10,991.0,10,,,93,10,0.0,10,0,10,196.0,0.0,0.0,10,21.5,16.2,0,10,21.7,12.5,0,10,19.6,10,16.3,10,14.0,10,355,10
2008-06-02T04:00+00:00,5904,25,0,257,10,277,10,1.8,10,3.3,10,991.4,10,,,92,10,0.0,10,0,10,197.0,0.0,0.0,10,21.3,16.2,0,10,21.5,12.5,0,10,19.7,10,16.6,10,14.1,10,436,10
2008-06-02T05:00+00:00,5904,111,0,116,10,165,10,0.6,10,2.4,10,991.4,10,,,89,10,0.0,10,0,10,197.0,0.0,0.9,10,21.1,16.2,0,10,21.4,12.5,0,10,19.7,10,17.8,10,15.4,10,600,10
2008-06-02T06:00+00:00,5904,269,0,112,10,125,10,1.9,10,5.8,10,991.5,10,,,75,10,0.0,10,0,10,197.0,0.0,1.0,10,21.1,16.2,0,10,21.3,12.6,0,10,19.7,10,19.8,10,18.4,10,659,10
2008-06-02T07:00+00:00,5904,437,0,132,10,135,10,3.7,10,8.7,10,991.4,10,,,68,10,0.0,10,0,10,197.0,0.0,1.0,10,21.2,16.3,0,10,21.3,12.5,0,10,19.7,10,21.2,10,18.8,10,756,10
2008-06-02T08:00+00:00,5904,596,0,124,10,110,10,4.4,10,8.3,10,991.3,10,,,60,10,0.0,10,0,10,197.0,0.0,1.0,10,21.4,16.3,0,10,21.6,12.6,0,10,19.7,10,22.4,10,25.0,10,849,10
2008-06-02T09:00+00:00,5904,720,0,118,10,126,10,4.7,10,10.3,10,990.9,10,,,54,10,0.0,10,0,10,197.0,0.0,1.0,10,21.9,16.3,0,10,22.0,12.6,0,10,19.7,10,23.5,10,30.2,10,906,10
2008-06-02T10:00+00:00,5904,787,0,116,10,131,10,5.1,10,10.2,10,990.7,10,,,50,10,0.0,10,0,10,197.0,0.0,1.0,10,22.5,16.3,0,10,22.5,12.6,0,10,19.7,10,24.2,10,32.1,10,1031,10
2008-06-02T11:00+00:00,5904,875,0,121,10,126,10,5.0,10,9.5,10,990.7,10,,,47,10,0.0,10,0,10,197.0,0.0,1.0,10,23.1,16.3,0,10,23.1,12.6,0,10,19.7,10,25.1,10,34.7,10,1115,10
2008-06-02T12:00+00:00,5904,878,0,141,10,154,10,5.2,10,10.3,10,990.3,10,,,46,10,0.0,10,0,10,197.0,0.0,1.0,10,23.7,16.3,0,10,23.6,12.6,0,10,19.7,10,25.7,10,33.9,10,1218,10
2008-06-02T13:00+00:00,5904,824,0,134,10,118,10,5.3,10,10.8,10,989.7,10,,,45,10,0.0,10,0,10,197.0,0.0,1.0,10,24.2,,0,10,23.9,,0,10,19.7,10,26.1,10,34.5,10,1307,10
2008-06-02T14:00+00:00,5904,727,0,120,10,122,10,4.9,10,10.4,10,989.1,10,,,45,10,0.0,10,0,10,197.0,0.0,1.0,10,24.5,16.4,0,10,24.2,12.6,0,10,19.7,10,26.5,10,26.8,10,1416,10
2008-06-02T15:00+00:00,5904,584,0,122,10,138,10,5.3,10,11.1,10,988.6,10,,,47,10,0.0,10,0,10,197.0,0.0,1.0,10,24.6,16.4,0,10,24.4,12.6,0,10,19.7,10,26.3,10,26.4,10,1530,10
2008-06-02T16:00+00:00,5904,385,0,127,10,132,10,5.4,10,11.0,10,988.1,10,,,43,10,0.0,10,0,10,197.0,0.0,1.0,10,24.4,16.4,0,10,24.3,12.6,0,10,19.7,10,26.2,10,24.4,10,1607,10
2008-06-02T17:00+00:00,5904,274,0,127,10,138,10,5.2,10,10.7,10,987.9,10,,,46,10,0.0,10,0,10,197.0,0.0,1.0,10,24.2,16.4,0,10,24.2,12.6,0,10,19.7,10,25.1,10,22.8,10,1715,10
2008-06-02T18:00+00:00,5904,126,0,136,10,115,10,4.4,10,9.0,10,988.0,10,,,46,10,0.0,10,0,10,198.0,0.0,1.0,10,24.0,16.4,0,10,24.0,12.6,0,10,19.8,10,24.4,10,22.1,10,1803,10
2008-06-02T19:00+00:00,5904,26,0,154,10,167,10,4.0,10,8.6,10,988.2,10,,,47,10,0.0,10,0,10,198.0,0.0,0.4,10,23.7,16.4,0,10,23.8,12.6,0,10,19.8,10,23.1,10,20.1,10,1910,10
2008-06-02T20:00+00:00,5904,0,0,141,10,145,10,2.6,10,5.3,10,988.3,10,,,51,10,0.0,10,0,10,198.0,0.0,0.0,10,23.4,16.4,0,10,23.5,12.6,0,10,19.8,10,21.4,10,17.0,10,2008,10
2008-06-02T21:00+00:00,5904,0,0,144,10,175,10,2.2,10,4.0,10,988.2,10,,,57,10,0.0,10,0,10,199.0,0.0,0.0,10,23.1,16.5,0,10,23.3,12.6,0,10,19.9,10,20.7,10,16.1,10,2136,10
2008-06-02T22:00+00:00,5904,0,0,140,10,171,10,1.8,10,4.0,10,988.0,10,,,65,10,0.0,10,0,10,199.0,0.0,0.0,10,22.8,16.5,0,10,23.0,12.6,0,10,19.9,10,19.5,10,15.4,10,2203,10
2008-06-02T23:00+00:00,5904,0,0,114,10,132,10,1.9,10,3.7,10,988.1,10,,,69,10,0.0,10,0,10,199.0,0.0,0.0,10,22.5,16.5,0,10,22.8,12.6,0,10,19.9,10,18.7,10,14.6,10,2338,10
2008-06-03T00:00+00:00,5904,0,0,98,10,79,10,1.3,10,3.0,10,987.7,10,,,77,10,0.0,10,0,10,200.0,0.0,0.0,10,22.3,16.5,0,10,22.5,12.6,0,10,20.0,10,18.0,10,14.3,10,16,10
2008-06-03T01:00+00:00,5904,0,0,121,10,128,10,2.2,10,4.5,10,987.2,10,,,74,10,0.0,10,0,10,200.0,0.0,0.0,10,22.0,16.5,0,10,22.3,12.6,0,10,20.0,10,17.7,10,13.8,10,112,10
2008-06-03T02:00+00:00,5904,0,0,145,10,153,10,1.9,10,6.8,10,987.1,10,,,71,10,0.0,10,0,10,200.0,0.0,0.0,10,21.8,16.5,0,10,22.1,12.6,0,10,20.0,10,18.0,10,13.5,10,251,10
2008-06-03T03:00+00:00,5904,0,0,156,10,167,10,1.5,10,4.2,10,987.0,10,,,75,10,0.0,10,0,10,201.0,0.0,0.0,10,21.6,16.5,0,10,21.9,12.6,0,10,20.1,10,17.0,10,13.1,10,313,10
2008-06-03T04:00+00:00,5904,27,0,107,10,133,10,1.5,10,4.9,10,987.2,10,,,69,10,0.0,10,0,10,201.0,0.0,0.5,10,21.4,16.5,0,10,21.7,12.6,0,10,20.1,10,17.4,10,13.3,10,443,10
2008-06-03T05:00+00:00,5904,81,0,136,10,126,10,2.5,10,5.6,10,987.5,10,,,64,10,0.0,10,0,10,201.0,0.0,0.2,10,21.3,16.6,0,10,21.6,12.7,0,10,20.1,10,18.4,10,16.1,10,522,10
2008-06-03T06:00+00:00,5904,285,0,160,10,144,10,2.9,10,6.6,10,988.1,10,,,60,10,0.0,10,0,10,201.0,0.0,0.9,10,21.2,16.6,0,10,21.5,12.7,0,10,20.1,10,20.0,10,18.9,10,615,10
2008-06-03T07:00+00:00,5904,483,0,133,10,106,10,2.1,10,5.2,10,988.2,10,,,59,10,0.0,10,0,10,201.0,0.0,1.0,10,21.4,16.6,0,10,21.6,12.7,0,10,20.1,10,21.9,10,20.5,10,711,10
2008-06-03T08:00+00:00,5904,485,0,104,10,102,10,2.3,10,4.8,10,988.4,10,,,57,10,0.0,10,0,10,201.0,0.0,0.8,10,21.6,16.6,0,10,21.8,12.7,0,10,20.1,10,22.8,10,25.6,10,849,10
2008-06-03T09:00+00:00,5904,727,0,91,10,97,10,2.2,10,4.8,10,988.4,10,,,55,10,0.0,10,0,10,201.0,0.0,1.0,10,22.1,16.6,0,10,22.2,12.7,0,10,20.1,10,23.9,10,32.9,10,947,10
2008-06-03T10:00+00:00,5904,836,0,102,10,98,10,2.5,10,6.0,10,988.2,10,,,54,10,0.0,10,0,10,201.0,0.0,1.0,10,22.7,16.6,0,10,22.8,12.7,0,10,20.1,10,25.2,10,34.6,10,1046,10
2008-06-03T11:00+00:00,5904,853,0,85,10,102,10,2.4,10,6.0,10,988.1,10,,,53,10,0.0,10,0,10,201.0,0.0,1.0,10,23.4,16.6,0,10,23.3,12.7,0,10,20.1,10,25.6,10,35.5,10,1117,10
2008-06-03T12:00+00:00,5904,482,0,61,10,86,10,0.4,10,5.9,10,987.6,10,,,56,10,0.0,10,0,10,201.0,0.0,0.5,10,23.8,16.7,0,10,23.6,12.7,0,10,20.1,10,24.7,10,27.1,10,1206,10
2008-06-03T13:00+00:00,5904,31,0,270,10,252,10,4.5,10,15.4,10,987.7,10,,,89,10,10.3,10,48,10,201.0,0.0,0.0,10,23.5,16.7,0,10,23.6,12.7,0,10,20.1,10,18.0,10,16.3,10,1356,10
2008-06-03T14:00+00:00,5904,26,0,286,10,281,10,3.0,10,10.1,10,987.8,10,,,91,10,0.2,10,22,10,201.0,0.0,0.0,10,22.8,16.7,0,10,23.1,12.7,0,10,20.1,10,18.5,10,15.6,10,1500,10
2008-06-03T15:00+00:00,5904,135,0,324,10,26,10,1.3,10,4.3,10,987.3,10,,,90,10,0.6,10,39,10,201.0,0.0,0.0,10,22.6,16.7,0,10,22.8,12.7,0,10,20.1,10,19.8,10,18.3,10,1515,10
2008-06-03T16:00+00:00,5904,254,0,264,10,278,10,2.3,10,4.7,10,987.2,10,,,86,10,0.0,10,3,10,201.0,0.0,0.3,10,22.7,16.7,0,10,22.8,12.7,0,10,20.1,10,20.9,10,21.0,10,1642,10
2008-06-03T17:00+00:00,5904,99,0,271,10,293,10,2.4,10,4.2,10,987.1,10,,,89,10,0.0,10,51,10,201.0,0.0,0.0,10,22.7,16.7,0,10,22.8,12.7,0,10,20.1,10,20.8,10,20.8,10,1702,10
2008-06-03T18:00+00:00,5904,75,0,263,10,282,10,2.8,10,6.0,10,987.7,10,,,91,10,0.1,10,9,10,201.0,0.0,0.0,10,22.6,16.7,0,10,22.7,12.7,0,10,20.1,10,19.9,10,19.6,10,1815,10
2008-06-03T19:00+00:00,5904,9,0,178,10,205,10,2.6,10,7.0,10,988.3,10,,,83,10,0.0,10,1,10,201.0,0.0,0.0,10,22.5,16.8,0,10,22.6,12.7,0,10,20.1,10,19.4,10,18.3,10,1959,10
2008-06-03T20:00+00:00,5904,0,0,233,10,227,10,3.0,10,6.8,10,988.1,10,,,88,10,0.0,10,20,10,201.0,0.0,0.0,10,22.4,16.8,0,10,22.5,12.7,0,10,20.1,10,18.1,10,17.2,10,2100,10
2008-06-03T21:00+00:00,5904,0,0,265,10,266,10,3.6,10,6.0,10,987.6,10,,,91,10,0.7,10,54,10,201.0,0.0,0.0,10,22.2,16.8,0,10,22.4,12.7,0,10,20.1,10,17.3,10,16.8,10,2151,10
2008-06-03T22:00+00:00,5904,0,0,242,10,248,10,2.5,10,4.2,10,987.6,10,,,92,10,0.2,10,39,10,202.0,0.0,0.0,10,22.0,,0,10,22.2,,0,10,20.2,10,16.9,10,16.5,10,2235,10
2008-06-03T23:00+00:00,5904,0,0,293,10,330,10,1.6,10,3.9,10,987.1,10,,,93,10,0.6,10,51,10,202.0,0.0,0.0,10,21.9,16.8,0,10,22.1,12.7,0,10,20.2,10,16.8,10,16.5,10,2339,10
2008-06-04T00:00+00:00,5904,0,0,145,10,164,10,1.4,10,2.8,10,987.1,10,,,93,10,0.0,10,0,10,202.0,0.0,0.0,10,21.7,16.8,0,10,21.9,12.7,0,10,20.2,10,17.1,10,15.9,10,29,10
2008-06-04T01:00+00:00,5904,0,0,30,10,38,10,1.7,10,3.1,10,986.9,10,,,92,10,0.3,10,37,10,202.0,0.0,0.0,10,21.6,16.8,0,10,21.8,12.7,0,10,20.2,10,17.2,10,16.4,10,126,10
2008-06-04T02:00+00:00,5904,0,0,27,10,25,10,1.2,10,3.5,10,986.8,10,,,93,10,0.2,10,47,10,202.0,0.0,0.0,10,21.4,16.8,0,10,21.7,12.7,0,10,20.2,10,17.0,10,16.5,10,232,10
2008-06-04T03:00+00:00,5904,0,0,326,10,334,10,0.8,10,3.0,10,986.5,10,,,93,10,1.6,10,36,10,202.0,0.0,0.0,10,21.3,16.8,0,10,21.5,12.8,0,10,20.2,10,16.9,10,16.6,10,307,10
2008-06-04T04:00+00:00,5904,3,0,91,10,82,10,0.7,10,2.6,10,986.5,10,,,93,10,0.0,10,14,10,202.0,0.0,0.0,10,21.2,16.9,0,10,21.4,12.8,0,10,20.2,10,17.1,10,16.7,10,436,10
2008-06-04T05:00+00:00,5904,11,0,127,10,125,10,0.5,10,1.7,10,986.6,10,,,93,10,0.0,10,8,10,202.0,0.0,0.0,10,21.1,16.9,0,10,21.3,12.8,0,10,20.2,10,17.3,10,16.9,10,510,10
2008-06-04T06:00+00:00,5904,19,0,80,10,120,10,1.6,10,5.0,10,986.9,10,,,93,10,2.3,10,26,10,202.0,0.0,0.0,10,21.0,16.9,0,10,21.2,12.8,0,10,20.2,10,17.4,10,17.2,10,636,10
2008-06-04T07:00+00:00,5904,62,0,283,10,296,10,1.7,10,2.9,10,986.6,10,,,93,10,3.5,10,60,10,202.0,0.0,0.0,10,20.9,16.9,0,10,21.1,12.8,0,10,20.2,10,17.9,10,17.2,10,714,10
2008-06-04T08:00+00:00,5904,116,0,311,10,309,10,0.8,10,2.6,10,986.7,10,,,91,10,0.2,10,32,10,202.0,0.0,0.0,10,20.9,16.9,0,10,21.1,12.8,0,10,20.2,10,18.3,10,18.4,10,848,10
2008-06-04T09:00+00:00,5904,317,0,77,10,48,10,0.8,10,2.4,10,986.7,10,,,84,10,0.0,10,2,10,202.0,0.0,0.0,10,21.0,16.9,0,10,21.1,12.8,0,10,20.2,10,19.7,10,19.5,10,959,10
2008-06-04T10:00+00:00,5904,624,0,30,10,21,10,2.0,10,4.4,10,986.4,10,,,72,10,0.0,10,0,10,202.0,0.0,0.5,10,21.3,16.9,0,10,21.3,12.8,0,10,20.2,10,21.0,10,22.7,10,1052,10
2008-06-04T11:00+00:00,5904,741,0,39,10,39,10,1.3,10,4.4,10,985.8,10,,,66,10,0.0,10,0,10,201.0,0.0,0.8,10,21.9,16.9,0,10,21.7,12.8,0,10,20.1,10,22.3,10,26.8,10,1120,10
2008-06-04T12:00+00:00,5904,642,0,85,10,108,10,1.7,10,4.7,10,985.4,10,,,67,10,0.0,10,0,10,201.0,0.0,0.6,10,22.4,16.9,0,10,22.1,12.8,0,10,20.1,10,22.0,10,25.4,10,1232,10
2008-06-04T13:00+00:00,5904,292,0,44,10,22,10,0.8,10,3.3,10,985.1,10,,,68,10,0.0,10,1,10,201.0,0.0,0.0,10,22.6,17.0,0,10,22.4,12.8,0,10,20.1,10,22.3,10,24.2,10,1355,10
2008-06-04T14:00+00:00,5904,365,0,53,10,61,10,1.5,10,4.2,10,985.0,10,,,67,10,0.0,10,0,10,201.0,0.0,0.2,10,22.8,17.0,0,10,22.6,12.8,0,10,20.1,10,22.1,10,24.6,10,1428,10
2008-06-04T15:00+00:00,5904,44,0,45,10,46,10,0.9,10,8.1,10,985.3,10,,,75,10,0.0,10,5,10,201.0,0.0,0.0,10,22.8,17.0,0,10,22.7,12.8,0,10,20.1,10,19.7,10,19.4,10,1521,10
2008-06-04T16:00+00:00,5904,42,0,290,10,271,10,3.2,10,8.3,10,985.5,10,,,86,10,0.8,10,45,10,201.0,0.0,0.0,10,22.6,17.0,0,10,22.6,12.8,0,10,20.1,10,18.2,10,17.4,10,1615,10
2008-06-04T17:00+00:00,5904,49,0,6,10,353,10,3.6,10,8.5,10,985.6,10,,,81,10,0.0,10,4,10,201.0,0.0,0.0,10,22.5,17.0,0,10,22.5,12.8,0,10,20.1,10,18.0,10,17.1,10,1716,10
2008-06-04T18:00+00:00,5904,50,0,41,10,46,10,2.6,10,6.8,10,985.4,10,,,82,10,0.0,10,0,10,201.0,0.0,0.0,10,22.3,17.0,0,10,22.3,12.8,0,10,20.1,10,17.7,10,16.6,10,1825,10
2008-06-04T19:00+00:00,5904,11,0,5,10,9,10,1.9,10,4.4,10,985.4,10,,,84,10,0.0,10,0,10,201.0,0.0,0.0,10,22.1,17.0,0,10,22.2,12.8,0,10,20.1,10,17.5,10,16.4,10,1905,10
2008-06-04T20:00+00:00,5904,0,0,330,10,338,10,0.8,10,3.1,10,985.9,10,,,83,10,0.0,10,0,10,201.0,0.0,0.0,10,21.9,17.0,0,10,22.0,12.8,0,10,20.1,10,17.4,10,16.2,10,2058,10
2008-06-04T21:00+00:00,5904,0,0,308,10,305,10,2.1,10,4.5,10,986.0,10,,,85,10,0.0,10,0,10,201.0,0.0,0.0,10,21.7,17.0,0,10,21.9,12.9,0,10,20.1,10,17.2,10,15.6,10,2141,10
2008-06-04T22:00+00:00,5904,0,0,288,10,303,10,1.0,10,3.7,10,986.0,10,,,87,10,0.0,10,0,10,201.0,0.0,0.0,10,21.6,17.0,0,10,21.8,12.9,0,10,20.1,10,17.0,10,16.0,10,2205,10
2008-06-04T23:00+00:00,5904,0,0,290,10,287,10,1.4,10,3.5,10,985.7,10,,,86,10,0.0,10,0,10,201.0,0.0,0.0,10,21.4,17.0,0,10,21.6,12.9,0,10,20.1,10,17.1,10,15.5,10,2312,10
2008-06-05T00:00+00:00,5904,0,0,327,10,25,10,0.8,10,4.1,10,985.6,10,,,88,10,0.0,10,0,10,201.0,0.0,0.0,10,21.3,17.0,0,10,21.5,12.9,0,10,20.1,10,16.7,10,15.4,10,58,10
2008-06-05T01:00+00:00,5904,0,0,360,10,346,10,1.4,10,4.5,10,985.8,10,,,86,10,0.0,10,9,10,201.0,0.0,0.0,10,21.2,17.1,0,10,21.4,12.9,0,10,20.1,10,16.9,10,15.4,10,138,10
2008-06-05T02:00+00:00,5904,0,0,44,10,87,10,1.6,10,3.5,10,985.5,10,,,89,10,0.4,10,42,10,201.0,0.0,0.0,10,21.1,17.1,0,10,21.3,12.9,0,10,20.1,10,16.7,10,15.9,10,214,10
2008-06-05T03:00+00:00,5904,0,0,12,10,353,10,1.9,10,3.6,10,985.5,10,,,91,10,1.1,10,56,10,201.0,0.0,0.0,10,20.9,17.1,0,10,21.2,12.9,0,10,20.1,10,16.3,10,15.7,10,348,10
2008-06-05T04:00+00:00,5904,5,0,24,10,40,10,2.3,10,4.9,10,985.7,10,,,92,10,0.7,10,48,10,201.0,0.0,0.0,10,20.8,17.1,0,10,21.0,12.9,0,10,20.1,10,16.3,10,15.6,10,447,10
2008-06-05T05:00+00:00,5904,18,0,58,10,82,10,2.6,10,6.1,10,986.1,10,,,92,10,0.1,10,37,10,201.0,0.0,0.0,10,20.7,17.1,0,10,20.9,12.9,0,10,20.1,10,16.2,10,16.0,10,533,10
2008-06-05T06:00+00:00,5904,31,0,72,10,66,10,2.7,10,5.7,10,986.6,10,,,92,10,1.1,10,52,10,201.0,0.0,0.0,10,20.6,17.1,0,10,20.9,12.9,0,10,20.1,10,15.9,10,15.9,10,658,10
2008-06-05T07:00+00:00,5904,50,0,41,10,49,10,2.7,10,5.5,10,986.8,10,,,92,10,2.4,10,60,10,201.0,0.0,0.0,10,20.6,17.1,0,10,20.8,12.9,0,10,20.1,10,15.9,10,15.9,10,707,10
2008-06-05T08:00+00:00,5904,110,0,36,10,37,10,2.6,10,4.8,10,987.1,10,,,92,10,0.8,10,60,10,201.0,0.0,0.0,10,20.5,17.1,0,10,20.7,12.9,0,10,20.1,10,16.4,10,16.2,10,857,10
2008-06-05T09:00+00:00,5904,208,0,37,10,33,10,2.6,10,5.2,10,987.1,10,,,89,10,0.1,10,45,10,201.0,0.0,0.0,10,20.5,17.1,0,10,20.7,12.9,0,10,20.1,10,16.9,10,17.2,10,951,10
2008-06-05T10:00+00:00,5904,244,0,30,10,23,10,2.6,10,5.9,10,987.2,10,,,86,10,0.1,10,49,10,201.0,0.0,0.0,10,20.6,17.1,0,10,20.7,12.9,0,10,20.1,10,17.2,10,18.3,10,1053,10
2008-06-05T11:00+00:00,5904,315,0,27,10,29,10,2.7,10,5.3,10,987.2,10,,,84,10,0.4,10,60,10,201.0,0.0,0.0,10,20.7,17.1,0,10,20.8,12.9,0,10,20.1,10,17.6,10,18.5,10,1124,10
2008-06-05T12:00+00:00,5904,315,0,17,10,7,10,3.5,10,6.1,10,987.1,10,,,82,10,0.1,10,30,10,200.0,0.0,0.0,10,20.9,17.1,0,10,20.9,12.9,0,10,20.0,10,17.6,10,18.9,10,1220,10
2008-06-05T13:00+00:00,5904,161,0,5,10,11,10,2.3,10,5.8,10,987.0,10,,,81,10,0.1,10,54,10,200.0,0.0,0.0,10,21.0,17.2,0,10,21.0,13.0,0,10,20.0,10,17.1,10,17.1,10,1303,10
2008-06-05T14:00+00:00,5904,127,0,341,10,319,10,1.4,10,3.3,10,986.6,10,,,86,10,0.0,10,6,10,200.0,0.0,0.0,10,21.0,17.2,0,10,21.0,12.9,0,10,20.0,10,17.2,10,17.3,10,1433,10
2008-06-05T15:00+00:00,5904,120,0,314,10,27,10,0.6,10,3.1,10,986.2,10,,,85,10,0.0,10,0,10,200.0,0.0,0.0,10,21.0,17.2,0,10,21.0,13.0,0,10,20.0,10,17.8,10,17.6,10,1515,10
2008-06-05T16:00+00:00,5904,124,0,301,10,315,10,1.1,10,2.6,10,986.0,10,,,83,10,0.0,10,2,10,200.0,0.0,0.0,10,21.0,17.2,0,10,21.1,13.0,0,10,20.0,10,18.2,10,18.5,10,1654,10
2008-06-05T17:00+00:00,5904,91,0,354,10,33,10,1.7,10,5.6,10,986.1,10,,,77,10,0.0,10,2,10,200.0,0.0,0.0,10,21.0,17.2,0,10,21.0,13.0,0,10,20.0,10,18.2,10,17.4,10,1728,10
2008-06-05T18:00+00:00,5904,52,0,356,10,348,10,3.2,10,6.6,10,986.2,10,,,65,10,0.0,10,0,10,199.0,0.0,0.0,10,20.9,17.2,0,10,21.0,13.0,0,10,19.9,10,18.5,10,16.5,10,1829,10
2008-06-05T19:00+00:00,5904,14,0,353,10,4,10,3.9,10,7.9,10,986.5,10,,,59,10,0.0,10,0,10,199.0,0.0,0.0,10,20.8,17.2,0,10,20.9,13.0,0,10,19.9,10,18.6,10,15.9,10,1908,10
2008-06-05T20:00+00:00,5904,0,0,353,10,5,10,4.1,10,9.7,10,986.9,10,,,59,10,0.0,10,0,10,199.0,0.0,0.0,10,20.7,17.2,0,10,20.8,13.0,0,10,19.9,10,18.3,10,16.0,10,2051,10
2008-06-05T21:00+00:00,5904,0,0,6,10,9,10,4.3,10,9.5,10,986.9,10,,,60,10,0.0,10,0,10,199.0,0.0,0.0,10,20.5,17.2,0,10,20.7,13.0,0,10,19.9,10,17.6,10,15.8,10,2147,10
2008-06-05T22:00+00:00,5904,0,0,16,10,29,10,5.0,10,10.6,10,986.8,10,,,62,10,0.0,10,9,10,199.0,0.0,0.0,10,20.4,17.2,0,10,20.6,13.0,0,10,19.9,10,17.1,10,15.3,10,2236,10
2008-06-05T23:00+00:00,5904,0,0,31,10,29,10,3.7,10,9.5,10,987.1,10,,,66,10,0.0,10,1,10,199.0,0.0,0.0,10,20.2,17.2,0,10,20.5,13.0,0,10,19.9,10,16.7,10,15.7,10,2303,10
2008-06-06T00:00+00:00,5904,0,0,35,10,44,10,3.0,10,6.0,10,987.2,10,,,72,10,0.0,10,13,10,199.0,0.0,0.0,10,20.1,17.2,0,10,20.4,13.0,0,10,19.9,10,16.4,10,15.7,10,6,10
2008-06-06T01:00+00:00,5904,0,0,37,10,36,10,3.1,10,5.2,10,987.3,10,,,74,10,0.0,10,2,10,199.0,0.0,0.0,10,20.0,17.2,0,10,20.3,13.0,0,10,19.9,10,16.2,10,15.6,10,126,10
2008-06-06T02:00+00:00,5904,0,0,44,10,45,10,2.8,10,5.0,10,987.2,10,,,78,10,0.0,10,17,10,199.0,0.0,0.0,10,20.0,17.2,0,10,20.2,13.0,0,10,19.9,10,15.9,10,15.4,10,209,10
2008-06-06T03:00+00:00,5904,0,0,55,10,56,10,1.8,10,3.3,10,987.2,10,,,80,10,0.0,10,15,10,199.0,0.0,0.0,10,19.9,17.2,0,10,20.1,13.0,0,10,19.9,10,15.9,10,15.2,10,331,10
2008-06-06T04:00+00:00,5904,8,0,33,10,27,10,1.9,10,3.8,10,987.3,10,,,81,10,0.0,10,23,10,199.0,0.0,0.0,10,19.8,17.2,0,10,20.1,13.0,0,10,19.9,10,15.6,10,15.0,10,449,10
2008-06-06T05:00+00:00,5904,48,0,36,10,40,10,2.0,10,4.2,10,987.5,10,,,79,10,0.0,10,12,10,198.0,0.0,0.0,10,19.7,17.2,0,10,20.0,13.0,0,10,19.8,10,15.5,10,15.2,10,505,10
2008-06-06T06:00+00:00,5904,64,0,36,10,39,10,1.9,10,3.8,10,987.6,10,,,80,10,0.0,10,1,10,198.0,0.0,0.0,10,19.7,17.2,0,10,19.9,13.0,0,10,19.8,10,15.3,10,16.0,10,654,10
2008-06-06T07:00+00:00,5904,77,0,39,10,55,10,1.4,10,3.8,10,987.8,10,,,89,10,0.6,10,45,10,198.0,0.0,0.0,10,19.7,17.2,0,10,19.9,13.0,0,10,19.8,10,15.0,10,15.1,10,713,10
2008-06-06T08:00+00:00,5904,129,0,332,10,27,10,0.5,10,1.8,10,987.9,10,,,88,10,0.0,10,4,10,198.0,0.0,0.0,10,19.7,17.2,0,10,19.9,13.0,0,10,19.8,10,16.0,10,15.4,10,811,10
2008-06-06T09:00+00:00,5904,377,0,27,10,55,10,1.1,10,3.4,10,987.9,10,,,71,10,0.0,10,0,10,198.0,0.0,0.1,10,19.8,17.3,0,10,20.0,13.1,0,10,19.8,10,18.0,10,17.7,10,946,10
2008-06-06T10:00+00:00,5904,449,0,18,10,12,10,1.3,10,3.5,10,987.7,10,,,66,10,0.0,10,0,10,197.0,0.0,0.0,10,20.1,17.3,0,10,20.1,13.1,0,10,19.7,10,19.3,10,20.5,10,1052,10
2008-06-06T11:00+00:00,5904,878,0,35,10,65,10,1.4,10,4.8,10,987.5,10,,,61,10,0.0,10,0,10,197.0,0.0,1.0,10,20.6,17.3,0,10,20.5,13.1,0,10,19.7,10,21.3,10,24.2,10,1157,10
2008-06-06T12:00+00:00,5904,665,0,8,10,39,10,1.7,10,5.7,10,987.0,10,,,57,10,0.0,10,0,10,197.0,0.0,0.6,10,21.1,17.3,0,10,20.9,13.1,0,10,19.7,10,22.0,10,26.1,10,1219,10
2008-06-06T13:00+00:00,5904,616,0,4,10,340,10,1.7,10,5.6,10,986.7,10,,,54,10,0.0,10,0,10,197.0,0.0,0.6,10,21.6,17.3,0,10,21.3,13.1,0,10,19.7,10,22.1,10,25.4,10,1319,10
2008-06-06T14:00+00:00,5904,664,0,11,10,346,10,2.7,10,6.2,10,986.3,10,,,54,10,0.0,10,0,10,197.0,0.0,0.9,10,21.9,17.3,0,10,21.6,13.1,0,10,19.7,10,23.6,10,23.5,10,1451,10
2008-06-06T15:00+00:00,5904,642,0,351,10,343,10,3.0,10,5.9,10,985.8,10,,,50,10,0.0,10,0,10,196.0,0.0,1.0,10,22.2,17.3,0,10,21.9,13.1,0,10,19.6,10,23.5,10,23.5,10,1552,10
2008-06-06T16:00+00:00,5904,458,0,2,10,355,10,2.7,10,6.1,10,985.6,10,,,49,10,0.0,10,0,10,196.0,0.0,0.9,10,22.3,17.3,0,10,22.0,13.1,0,10,19.6,10,23.7,10,23.0,10,1645,10
2008-06-06T17:00+00:00,5904,135,0,8,10,77,10,1.9,10,10.6,10,985.7,10,,,74,10,0.2,10,35,10,196.0,0.0,0.1,10,22.2,17.3,0,10,22.1,13.1,0,10,19.6,10,20.2,10,18.1,10,1705,10
2008-06-06T18:00+00:00,5904,61,0,22,10,42,10,2.5,10,10.2,10,985.7,10,,,66,10,0.0,10,2,10,196.0,0.0,0.0,10,22.1,17.3,0,10,22.0,13.1,0,10,19.6,10,18.7,10,16.2,10,1810,10
2008-06-06T19:00+00:00,5904,19,0,22,10,77,10,1.0,10,5.4,10,986.5,10,,,67,10,0.0,10,1,10,196.0,0.0,0.0,10,21.9,17.3,0,10,21.9,13.1,0,10,19.6,10,18.3,10,15.3,10,1947,10
2008-06-06T20:00+00:00,5904,0,0,25,10,343,10,2.3,10,5.1,10,987.0,10,,,73,10,0.0,10,0,10,196.0,0.0,0.0,10,21.7,17.3,0,10,21.8,13.1,0,10,19.6,10,16.8,10,13.4,10,2013,10
2008-06-06T21:00+00:00,5904,0,0,106,10,86,10,1.6,10,4.8,10,987.4,10,,,76,10,0.0,10,6,10,197.0,0.0,0.0,10,21.5,17.3,0,10,21.6,13.1,0,10,19.7,10,17.0,10,13.5,10,2115,10
2008-06-06T22:00+00:00,5904,0,0,186,10,147,10,0.8,10,3.2,10,987.4,10,,,84,10,0.0,10,20,10,197.0,0.0,0.0,10,21.3,17.3,0,10,21.4,13.1,0,10,19.7,10,16.7,10,15.1,10,2203,10
2008-06-06T23:00+00:00,5904,0,0,117,10,124,10,0.8,10,3.3,10,987.2,10,,,84,10,0.0,10,8,10,197.0,0.0,0.0,10,21.1,17.3,0,10,21.3,13.1,0,10,19.7,10,16.6,10,15.1,10,2328,10
2008-06-07T00:00+00:00,5904,0,0,103,10,82,10,0.6,10,2.3,10,987.0,10,,,87,10,0.0,10,18,10,197.0,0.0,0.0,10,21.0,17.3,0,10,21.2,13.1,0,10,19.7,10,16.3,10,15.1,10,9,10
2008-06-07T01:00+00:00,5904,0,0,3,10,21,10,0.8,10,2.5,10,987.0,10,,,87,10,0.0,10,0,10,197.0,0.0,0.0,10,20.9,17.3,0,10,21.0,13.1,0,10,19.7,10,16.0,10,14.8,10,159,10
2008-06-07T02:00+00:00,5904,0,0,22,10,36,10,2.1,10,3.6,10,987.0,10,,,87,10,0.0,10,0,10,197.0,0.0,0.0,10,20.7,17.3,0,10,20.9,13.1,0,10,19.7,10,15.7,10,14.2,10,242,10
2008-06-07T03:00+00:00,5904,0,0,26,10,29,10,2.3,10,3.8,10,987.0,10,,,84,10,0.0,10,0,10,198.0,0.0,0.0,10,20.6,17.3,0,10,20.8,13.2,0,10,19.8,10,16.2,10,14.2,10,306,10
2008-06-07T04:00+00:00,5904,14,0,25,10,29,10,2.0,10,3.5,10,987.1,10,,,85,10,0.0,10,0,10,198.0,0.0,0.0,10,20.5,17.3,0,10,20.7,13.2,0,10,19.8,10,16.1,10,14.0,10,430,10
2008-06-07T05:00+00:00,5904,82,0,28,10,28,10,2.2,10,4.5,10,987.3,10,,,81,10,0.0,10,0,10,198.0,0.0,0.1,10,20.4,17.3,0,10,20.6,13.2,0,10,19.8,10,16.8,10,15.3,10,527,10
2008-06-07T06:00+00:00,5904,126,0,36,10,52,10,2.1,10,4.6,10,987.7,10,,,80,10,0.0,10,0,10,198.0,0.0,0.1,10,20.3,17.3,0,10,20.5,13.2,0,10,19.8,10,17.1,10,16.0,10,644,10
2008-06-07T07:00+00:00,5904,162,0,34,10,32,10,1.8,10,4.4,10,987.8,10,,,74,10,0.0,10,1,10,198.0,0.0,0.2,10,20.4,17.3,0,10,20.5,13.2,0,10,19.8,10,18.1,10,17.1,10,706,10
2008-06-07T08:00+00:00,5904,300,0,70,10,73,10,1.8,10,4.2,10,987.9,10,,,71,10,0.0,10,0,10,198.0,0.0,0.1,10,20.5,17.3,0,10,20.6,13.2,0,10,19.8,10,19.3,10,20.1,10,833,10
2008-06-07T09:00+00:00,5904,465,0,72,10,34,10,1.8,10,5.0,10,987.9,10,,,65,10,0.0,10,0,10,198.0,0.0,0.5,10,20.7,17.3,0,10,20.7,13.2,0,10,19.8,10,19.5,10,22.1,10,949,10
2008-06-07T10:00+00:00,5904,512,0,70,10,45,10,2.1,10,5.0,10,987.9,10,,,63,10,0.0,10,0,10,198.0,0.0,0.4,10,20.9,17.3,0,10,20.9,13.2,0,10,19.8,10,21.0,10,22.0,10,1001,10
2008-06-07T11:00+00:00,5904,363,0,84,10,103,10,2.4,10,6.0,10,987.9,10,,,64,10,0.0,10,0,10,197.0,0.0,0.1,10,21.2,17.3,0,10,21.1,13.2,0,10,19.7,10,20.7,10,24.7,10,1159,10
2008-06-07T12:00+00:00,5904,694,0,90,10,104,10,3.1,10,7.2,10,987.7,10,,,62,10,0.0,10,0,10,197.0,0.0,0.6,10,21.5,17.3,0,10,21.4,13.2,0,10,19.7,10,21.8,10,24.9,10,1254,10
2008-06-07T13:00+00:00,5904,863,0,106,10,81,10,3.0,10,6.8,10,987.3,10,,,60,10,0.0,10,0,10,197.0,0.0,1.0,10,22.0,17.3,0,10,21.8,13.2,0,10,19.7,10,22.4,10,33.5,10,1357,10
2008-06-07T14:00+00:00,5904,716,0,88,10,114,10,2.4,10,6.8,10,987.2,10,,,57,10,0.0,10,0,10,197.0,0.0,0.9,10,22.4,17.3,0,10,22.1,13.2,0,10,19.7,10,22.4,10,23.3,10,1500,10
2008-06-07T15:00+00:00,5904,370,0,68,10,123,10,2.3,10,5.7,10,987.0,10,,,59,10,0.0,10,0,10,197.0,0.0,0.8,10,22.6,17.3,0,10,22.3,13.2,0,10,19.7,10,21.5,10,23.0,10,1503,10
2008-06-07T16:00+00:00,5904,311,0,59,10,102,10,2.7,10,13.1,10,987.2,10,,,58,10,0.0,10,0,10,197.0,0.0,0.6,10,22.6,17.3,0,10,22.4,13.2,0,10,19.7,10,19.4,10,21.0,10,1644,10
2008-06-07T17:00+00:00,5904,179,0,61,10,108,10,1.7,10,5.7,10,987.3,10,,,57,10,0.0,10,0,10,197.0,0.0,0.3,10,22.5,17.3,0,10,22.4,13.2,0,10,19.7,10,19.9,10,20.2,10,1708,10
2008-06-07T18:00+00:00,5904,95,0,23,10,28,10,1.3,10,2.5,10,987.6,10,,,63,10,0.0,10,0,10,197.0,0.0,0.0,10,22.4,17.3,0,10,22.3,13.2,0,10,19.7,10,19.6,10,18.6,10,1856,10
2008-06-07T19:00+00:00,5904,24,0,62,10,132,10,1.6,10,7.3,10,988.3,10,,,71,10,0.0,10,0,10,197.0,0.0,0.0,10,22.2,17.3,0,10,22.2,13.2,0,10,19.7,10,18.7,10,17.1,10,1943,10
2008-06-07T20:00+00:00,5904,0,0,155,10,159,10,2.1,10,5.2,10,988.8,10,,,76,10,0.1,10,9,10,198.0,0.0,0.0,10,22.0,17.3,0,10,22.1,13.3,0,10,19.8,10,17.4,10,15.8,10,2020,10
2008-06-07T21:00+00:00,5904,0,0,269,10,281,10,2.1,10,3.9,10,988.7,10,,,90,10,0.2,10,14,10,198.0,0.0,0.0,10,21.8,17.3,0,10,21.9,13.3,0,10,19.8,10,16.4,10,14.6,10,2141,10
2008-06-07T22:00+00:00,5904,0,0,65,10,325,10,1.5,10,3.5,10,989.0,10,,,90,10,0.0,10,0,10,198.0,0.0,0.0,10,21.6,17.3,0,10,21.8,13.3,0,10,19.8,10,15.8,10,13.4,10,2201,10
2008-06-07T23:00+00:00,5904,0,0,4,10,332,10,1.3,10,3.2,10,989.0,10,,,91,10,0.0,10,0,10,198.0,0.0,0.0,10,21.4,17.3,0,10,21.6,13.3,0,10,19.8,10,15.4,10,12.8,10,2358,10
2008-06-08T00:00+00:00,5904,0,0,298,10,328,10,1.4,10,3.3,10,989.3,10,,,92,10,0.0,10,0,10,198.0,0.0,0.0,10,21.1,17.3,0,10,21.4,13.3,0,10,19.8,10,14.4,10,12.2,10,5,10
2008-06-08T01:00+00:00,5904,0,0,353,10,271,10,0.1,10,3.0,10,989.5,10,,,92,10,0.0,10,0,10,199.0,0.0,0.0,10,20.9,17.3,0,10,21.2,13.3,0,10,19.9,10,14.5,10,12.0,10,112,10
2008-06-08T02:00+00:00,5904,0,0,289,10,293,10,1.3,10,3.4,10,989.4,10,,,92,10,0.0,10,3,10,199.0,0.0,0.0,10,20.8,17.3,0,10,21.0,13.3,0,10,19.9,10,14.5,10,12.6,10,241,10
2008-06-08T03:00+00:00,5904,0,0,279,10,278,10,1.7,10,3.1,10,989.5,10,,,92,10,0.0,10,0,10,199.0,0.0,0.0,10,20.6,17.3,0,10,20.9,13.3,0,10,19.9,10,14.5,10,11.8,10,350,10
2008-06-08T04:00+00:00,5904,18,0,263,10,281,10,2.6,10,5.6,10,989.7,10,,,92,10,0.0,10,0,10,199.0,0.0,0.2,10,20.4,17.3,0,10,20.7,13.3,0,10,19.9,10,14.3,10,12.3,10,421,10
2008-06-08T05:00+00:00,5904,125,0,290,10,302,10,2.3,10,5.7,10,990.0,10,,,86,10,0.0,10,0,10,199.0,0.0,0.6,10,20.3,17.3,0,10,20.6,13.3,0,10,19.9,10,16.2,10,12.6,10,558,10
2008-06-08T06:00+00:00,5904,201,0,307,10,331,10,1.0,10,5.3,10,990.6,10,,,80,10,0.0,10,0,10,199.0,0.0,0.4,10,20.3,17.3,0,10,20.5,13.3,0,10,19.9,10,17.6,10,16.5,10,646,10
2008-06-08T07:00+00:00,5904,316,0,323,10,306,10,2.2,10,5.9,10,990.8,10,,,77,10,0.0,10,0,10,199.0,0.0,0.3,10,20.4,17.3,0,10,20.5,13.3,0,10,19.9,10,17.3,10,18.9,10,743,10
2008-06-08T08:00+00:00,5904,397,0,336,10,339,10,1.7,10,4.7,10,991.1,10,,,71,10,0.0,10,0,10,199.0,0.0,0.6,10,20.5,17.4,0,10,20.6,13.3,0,10,19.9,10,18.3,10,19.5,10,830,10
2008-06-08T09:00+00:00,5904,498,0,327,10,335,10,2.6,10,5.4,10,991.2,10,,,65,10,0.0,10,0,10,199.0,0.0,0.6,10,20.7,17.3,0,10,20.8,13.3,0,10,19.9,10,19.9,10,20.7,10,906,10
2008-06-08T10:00+00:00,5904,492,0,352,10,40,10,2.1,10,5.7,10,991.1,10,,,65,10,0.0,10,0,10,199.0,0.0,0.3,10,21.0,17.3,0,10,21.0,13.3,0,10,19.9,10,19.8,10,22.4,10,1051,10
2008-06-08T11:00+00:00,5904,591,0,34,10,50,10,2.6,10,6.5,10,991.3,10,,,60,10,0.0,10,0,10,199.0,0.0,0.5,10,21.3,17.4,0,10,21.3,13.3,0,10,19.9,10,20.9,10,24.7,10,1147,10
2008-06-08T12:00+00:00,5904,555,0,61,10,52,10,3.8,10,7.5,10,991.2,10,,,71,10,0.0,10,0,10,199.0,0.0,0.4,10,21.7,17.4,0,10,21.5,13.3,0,10,19.9,10,20.3,10,25.3,10,1219,10
2008-06-08T13:00+00:00,5904,281,0,61,10,50,10,2.7,10,6.1,10,990.9,10,,,70,10,0.0,10,0,10,199.0,0.0,0.0,10,21.9,17.4,0,10,21.7,13.3,0,10,19.9,10,20.2,10,22.7,10,1307,10
2008-06-08T14:00+00:00,5904,725,0,85,10,108,10,1.6,10,4.8,10,990.5,10,,,59,10,0.0,10,0,10,199.0,0.0,0.9,10,22.1,17.4,0,10,21.9,13.3,0,10,19.9,10,21.3,10,23.4,10,1422,10
2008-06-08T15:00+00:00,5904,591,0,57,10,71,10,2.0,10,6.1,10,990.4,10,,,57,10,0.0,10,0,10,198.0,0.0,0.8,10,22.3,17.4,0,10,22.1,13.3,0,10,19.8,10,22.1,10,23.4,10,1542,10
2008-06-08T16:00+00:00,5904,253,0,35,10,31,10,3.3,10,8.5,10,990.8,10,,,65,10,0.0,10,0,10,198.0,0.0,0.2,10,22.4,17.4,0,10,22.2,13.4,0,10,19.8,10,20.3,10,21.9,10,1634,10
2008-06-08T17:00+00:00,5904,123,0,33,10,60,10,3.0,10,6.1,10,991.2,10,,,68,10,0.0,10,0,10,198.0,0.0,0.0,10,22.3,17.4,0,10,22.2,13.4,0,10,19.8,10,19.7,10,19.8,10,1703,10
2008-06-08T18:00+00:00,5904,63,0,2,10,350,10,2.1,10,4.3,10,991.3,10,,,71,10,0.0,10,1,10,198.0,0.0,0.0,10,22.2,17.4,0,10,22.1,13.4,0,10,19.8,10,19.3,10,18.7,10,1856,10
2008-06-08T19:00+00:00,5904,11,0,12,10,13,10,2.8,10,5.6,10,991.8,10,,,75,10,0.0,10,0,10,199.0,0.0,0.0,10,22.0,17.4,0,10,22.0,13.4,0,10,19.9,10,18.7,10,17.5,10,1934,10
2008-06-08T20:00+00:00,5904,0,0,16,10,28,10,1.7,10,3.6,10,992.5,10,,,75,10,0.0,10,0,10,199.0,0.0,0.0,10,21.8,17.4,0,10,21.9,13.4,0,10,19.9,10,18.5,10,17.0,10,2100,10
2008-06-08T21:00+00:00,5904,0,0,141,10,123,10,1.1,10,7.9,10,993.1,10,,,89,10,2.0,10,26,10,199.0,0.0,0.0,10,21.7,17.4,0,10,21.8,13.4,0,10,19.9,10,17.1,10,16.1,10,2132,10
2008-06-08T22:00+00:00,5904,0,0,280,10,284,10,1.9,10,4.1,10,992.9,10,,,92,10,0.5,10,26,10,199.0,0.0,0.0,10,21.5,17.4,0,10,21.6,13.4,0,10,19.9,10,16.3,10,15.7,10,2239,10
2008-06-08T23:00+00:00,5904,0,0,37,10,18,10,1.5,10,3.6,10,993.4,10,,,92,10,0.0,10,0,10,199.0,0.0,0.0,10,21.3,17.4,0,10,21.5,13.4,0,10,19.9,10,15.9,10,15.0,10,2352,10
2008-06-09T00:00+00:00,5904,0,0,352,10,25,10,1.6,10,3.6,10,993.6,10,,,92,10,0.0,10,0,10,199.0,0.0,0.0,10,21.2,17.4,0,10,21.4,13.4,0,10,19.9,10,15.2,10,13.2,10,3,10
2008-06-09T01:00+00:00,5904,0,0,310,10,291,10,1.9,10,3.3,10,993.8,10,,,93,10,0.0,10,0,10,199.0,0.0,0.0,10,21.0,17.4,0,10,21.2,13.4,0,10,19.9,10,14.9,10,13.0,10,107,10
2008-06-09T02:00+00:00,5904,0,0,316,10,333,10,1.5,10,2.7,10,993.6,10,,,93,10,0.0,10,0,10,199.0,0.0,0.0,10,20.8,17.4,0,10,21.0,13.4,0,10,19.9,10,14.7,10,12.7,10,257,10
2008-06-09T03:00+00:00,5904,0,0,260,10,259,10,2.2,10,3.5,10,993.8,10,,,93,10,0.0,10,0,10,200.0,0.0,0.0,10,20.6,17.4,0,10,20.9,13.4,0,10,20.0,10,14.5,10,12.3,10,358,10
2008-06-09T04:00+00:00,5904,17,0,277,10,273,10,2.4,10,3.8,10,994.0,10,,,93,10,0.0,10,0,10,200.0,0.0,0.0,10,20.5,17.4,0,10,20.7,13.4,0,10,20.0,10,15.0,10,13.5,10,405,10
2008-06-09T05:00+00:00,5904,34,0,327,10,294,10,0.5,10,2.2,10,994.5,10,,,93,10,0.0,10,0,10,200.0,0.0,0.0,10,20.4,17.4,0,10,20.6,13.4,0,10,20.0,10,15.5,10,15.0,10,509,10
2008-06-09T06:00+00:00,5904,131,0,341,10,328,10,0.6,10,3.6,10,995.0,10,,,87,10,0.0,10,0,10,200.0,0.0,0.1,10,20.3,17.4,0,10,20.6,13.4,0,10,20.0,10,16.8,10,16.0,10,634,10
2008-06-09T07:00+00:00,5904,397,0,265,10,288,10,0.9,10,3.2,10,995.2,10,,,81,10,0.0,10,4,10,200.0,0.0,0.8,10,20.5,17.4,0,10,20.6,13.4,0,10,20.0,10,18.5,10,18.8,10,718,10
2008-06-09T08:00+00:00,5904,637,0,293,10,325,10,0.6,10,3.1,10,995.0,10,,,65,10,0.0,10,0,10,199.0,0.0,0.9,10,20.7,17.4,0,10,20.8,13.4,0,10,19.9,10,21.2,10,21.6,10,819,10
2008-06-09T09:00+00:00,5904,767,0,106,10,102,10,0.6,10,4.5,10,995.1,10,,,65,10,0.0,10,0,10,199.0,0.0,1.0,10,21.1,17.4,0,10,21.2,13.4,0,10,19.9,10,22.1,10,29.4,10,937,10
2008-06-09T10:00+00:00,5904,704,0,294,10,258,10,1.0,10,4.7,10,995.5,10,,,57,10,0.0,10,0,10,199.0,0.0,0.9,10,21.6,17.4,0,10,21.6,13.4,0,10,19.9,10,22.5,10,29.6,10,1100,10
2008-06-09T11:00+00:00,5904,886,0,45,10,55,10,2.3,10,5.6,10,995.3,10,,,52,10,0.0,10,0,10,199.0,0.0,1.0,10,22.2,17.4,0,10,22.1,13.5,0,10,19.9,10,23.2,10,29.9,10,1158,10
2008-06-09T12:00+00:00,5904,861,0,35,10,46,10,2.2,10,6.9,10,995.0,10,,,50,10,0.0,10,0,10,199.0,0.0,1.0,10,22.9,17.5,0,10,22.6,13.5,0,10,19.9,10,23.7,10,32.0,10,1216,10
2008-06-09T13:00+00:00,5904,840,0,82,10,127,10,1.0,10,4.9,10,994.7,10,,,47,10,0.0,10,0,10,199.0,0.0,1.0,10,23.3,17.5,0,10,23.0,13.5,0,10,19.9,10,24.9,10,33.0,10,1346,10
2008-06-09T14:00+00:00,5904,548,0,41,10,10,10,1.1,10,4.9,10,994.4,10,,,48,10,0.0,10,0,10,199.0,0.0,0.7,10,23.5,17.5,0,10,23.2,13.5,0,10,19.9,10,24.7,10,25.3,10,1413,10
2008-06-09T15:00+00:00,5904,373,0,24,10,24,10,1.8,10,5.2,10,994.5,10,,,52,10,0.0,10,6,10,199.0,0.0,0.4,10,23.6,17.5,0,10,23.4,13.5,0,10,19.9,10,23.6,10,24.1,10,1515,10
2008-06-09T16:00+00:00,5904,146,0,22,10,54,10,1.8,10,3.6,10,994.5,10,,,53,10,0.0,10,0,10,199.0,0.0,0.3,10,23.5,17.5,0,10,23.3,13.5,0,10,19.9,10,23.1,10,21.2,10,1617,10
2008-06-09T17:00+00:00,5904,197,0,341,10,26,10,0.7,10,2.7,10,994.4,10,,,51,10,0.0,10,0,10,199.0,0.0,0.6,10,23.4,17.5,0,10,23.3,13.5,0,10,19.9,10,23.4,10,21.1,10,1713,10
2008-06-09T18:00+00:00,5904,104,0,288,10,279,10,1.0,10,2.8,10,994.5,10,,,63,10,0.0,10,0,10,199.0,0.0,0.5,10,23.2,17.5,0,10,23.2,13.5,0,10,19.9,10,22.1,10,19.4,10,1847,10
2008-06-09T19:00+00:00,5904,23,0,291,10,286,10,2.3,10,3.1,10,994.6,10,,,68,10,0.0,10,0,10,200.0,0.0,0.2,10,23.0,17.5,0,10,23.0,13.5,0,10,20.0,10,19.9,10,16.5,10,1947,10
2008-06-09T20:00+00:00,5904,0,0,300,10,301,10,2.4,10,3.0,10,995.2,10,,,73,10,0.0,10,0,10,200.0,0.0,0.0,10,22.8,17.5,0,10,22.8,13.5,0,10,20.0,10,18.6,10,15.2,10,2028,10
2008-06-09T21:00+00:00,5904,0,0,344,10,315,10,1.2,10,2.8,10,995.5,10,,,78,10,0.0,10,0,10,200.0,0.0,0.0,10,22.5,17.5,0,10,22.6,13.5,0,10,20.0,10,17.9,10,14.8,10,2135,10
2008-06-09T22:00+00:00,5904,0,0,307,10,308,10,2.1,10,3.9,10,995.7,10,,,82,10,0.0,10,0,10,201.0,0.0,0.0,10,22.2,17.5,0,10,22.4,13.5,0,10,20.1,10,17.2,10,14.1,10,2232,10
2008-06-09T23:00+00:00,5904,0,0,285,10,296,10,1.6,10,3.0,10,995.7,10,,,85,10,0.0,10,0,10,201.0,0.0,0.0,10,22.0,17.5,0,10,22.2,13.5,0,10,20.1,10,16.7,10,13.7,10,2315,10
2008-06-10T00:00+00:00,5904,0,0,271,10,318,10,1.2,10,2.4,10,995.9,10,,,87,10,0.0,10,0,10,201.0,0.0,0.0,10,21.8,17.5,0,10,22.0,13.5,0,10,20.1,10,16.2,10,13.5,10,18,10
2008-06-10T01:00+00:00,5904,0,0,95,10,122,10,0.2,10,2.0,10,995.6,10,,,89,10,0.0,10,0,10,201.0,0.0,0.0,10,21.6,17.5,0,10,21.8,13.5,0,10,20.1,10,16.0,10,13.2,10,118,10
2008-06-10T02:00+00:00,5904,0,0,270,10,260,10,1.1,10,2.2,10,995.3,10,,,90,10,0.0,10,0,10,202.0,0.0,0.0,10,21.4,17.5,0,10,21.7,13.5,0,10,20.2,10,15.5,10,12.7,10,259,10
2008-06-10T03:00+00:00,5904,0,0,301,10,78,10,0.5,10,2.2,10,995.4,10,,,91,10,0.0,10,0,10,202.0,0.0,0.0,10,21.2,17.5,0,10,21.5,13.5,0,10,20.2,10,15.1,10,12.3,10,318,10
2008-06-10T04:00+00:00,5904,33,0,269,10,267,10,1.5,10,2.7,10,995.4,10,,,90,10,0.0,10,0,10,202.0,0.0,0.6,10,21.0,17.5,0,10,21.3,13.5,0,10,20.2,10,15.3,10,12.5,10,424,10
2008-06-10T05:00+00:00,5904,145,0,77,10,66,10,0.6,10,1.9,10,995.4,10,,,84,10,0.0,10,0,10,202.0,0.0,1.0,10,20.9,17.5,0,10,21.2,13.5,0,10,20.2,10,17.0,10,13.6,10,557,10
2008-06-10T06:00+00:00,5904,289,0,106,10,124,10,1.2,10,2.5,10,995.6,10,,,73,10,0.0,10,0,10,202.0,0.0,1.0,10,20.8,17.5,0,10,21.1,13.5,0,10,20.2,10,20.1,10,15.7,10,655,10
2008-06-10T07:00+00:00,5904,446,0,129,10,122,10,1.0,10,3.3,10,995.6,10,,,66,10,0.0,10,0,10,202.0,0.0,1.0,10,20.8,17.5,0,10,21.1,13.5,0,10,20.2,10,22.1,10,18.3,10,748,10
2008-06-10T08:00+00:00,5904,600,0,102,10,119,10,1.1,10,3.3,10,995.6,10,,,62,10,0.0,10,0,10,202.0,0.0,1.0,10,21.0,17.5,0,10,21.3,13.6,0,10,20.2,10,23.5,10,29.4,10,853,10
2008-06-10T09:00+00:00,5904,731,0,81,10,105,10,1.9,10,4.1,10,995.5,10,,,58,10,0.0,10,0,10,202.0,0.0,1.0,10,21.5,17.5,0,10,21.6,13.6,0,10,20.2,10,24.9,10,34.7,10,927,10
2008-06-10T10:00+00:00,5904,814,0,90,10,97,10,3.1,10,6.8,10,995.2,10,,,57,10,0.0,10,0,10,202.0,0.0,0.9,10,22.0,17.5,0,10,22.0,13.6,0,10,20.2,10,25.6,10,36.3,10,1055,10
2008-06-10T11:00+00:00,5904,709,0,91,10,71,10,3.5,10,6.9,10,994.6,10,,,52,10,0.0,10,0,10,202.0,0.0,0.7,10,22.6,17.5,0,10,22.5,13.6,0,10,20.2,10,25.8,10,32.9,10,1150,10
2008-06-10T12:00+00:00,5904,757,0,97,10,106,10,3.3,10,6.9,10,994.0,10,,,48,10,0.0,10,0,10,202.0,0.0,0.8,10,23.1,17.5,0,10,22.9,13.6,0,10,20.2,10,26.2,10,31.7,10,1256,10
2008-06-10T13:00+00:00,5904,631,0,101,10,97,10,3.7,10,8.1,10,993.3,10,,,48,10,0.0,10,0,10,202.0,0.0,0.8,10,23.5,17.6,0,10,23.2,13.6,0,10,20.2,10,26.1,10,31.2,10,1347,10
2008-06-10T14:00+00:00,5904,523,0,127,10,110,10,2.2,10,6.7,10,992.8,10,,,47,10,0.0,10,0,10,202.0,0.0,0.7,10,23.7,17.6,0,10,23.4,13.6,0,10,20.2,10,25.9,10,25.0,10,1414,10
2008-06-10T15:00+00:00,5904,318,0,169,10,108,10,1.4,10,5.7,10,992.1,10,,,48,10,0.0,10,0,10,202.0,0.0,0.4,10,23.7,17.6,0,10,23.6,13.6,0,10,20.2,10,26.0,10,24.8,10,1506,10
2008-06-10T16:00+00:00,5904,352,0,133,10,140,10,3.0,10,6.1,10,991.6,10,,,48,10,0.0,10,0,10,202.0,0.0,0.7,10,23.7,17.6,0,10,23.6,13.6,0,10,20.2,10,26.3,10,25.1,10,1628,10
2008-06-10T17:00+00:00,5904,293,0,152,10,151,10,2.8,10,6.8,10,991.1,10,,,47,10,0.0,10,0,10,202.0,0.0,1.0,10,23.7,17.6,0,10,23.6,13.6,0,10,20.2,10,25.2,10,22.1,10,1720,10
2008-06-10T18:00+00:00,5904,129,0,152,10,145,10,3.2,10,6.5,10,991.0,10,,,49,10,0.0,10,0,10,202.0,0.0,1.0,10,23.5,17.6,0,10,23.5,13.6,0,10,20.2,10,24.0,10,20.5,10,1839,10
2008-06-10T19:00+00:00,5904,29,0,159,10,164,10,3.3,10,6.5,10,991.3,10,,,54,10,0.0,10,0,10,203.0,0.0,0.5,10,23.3,17.6,0,10,23.3,13.6,0,10,20.3,10,22.9,10,19.1,10,1906,10
2008-06-10T20:00+00:00,5904,0,0,168,10,160,10,2.0,10,5.1,10,991.6,10,,,61,10,0.0,10,0,10,203.0,0.0,0.0,10,23.0,17.6,0,10,23.1,13.6,0,10,20.3,10,21.2,10,16.4,10,2100,10
2008-06-10T21:00+00:00,5904,0,0,182,10,188,10,1.0,10,3.4,10,991.2,10,,,74,10,0.0,10,0,10,203.0,0.0,0.0,10,22.8,17.6,0,10,22.9,13.6,0,10,20.3,10,19.4,10,15.6,10,2116,10
2008-06-10T22:00+00:00,5904,0,0,311,10,301,10,0.6,10,1.9,10,991.0,10,,,80,10,0.0,10,0,10,203.0,0.0,0.0,10,22.6,17.6,0,10,22.8,13.6,0,10,20.3,10,18.5,10,15.1,10,2218,10
2008-06-10T23:00+00:00,5904,0,0,4,10,342,10,1.1,10,1.7,10,990.8,10,,,85,10,0.0,10,0,10,204.0,0.0,0.0,10,22.3,17.6,0,10,22.6,13.6,0,10,20.4,10,17.5,10,14.3,10,2318,10
2008-06-11T00:00+00:00,5904,0,0,327,10,357,10,0.6,10,2.0,10,990.3,10,,,88,10,0.0,10,0,10,204.0,0.0,0.0,10,22.1,17.6,0,10,22.4,13.6,0,10,20.4,10,17.1,10,13.8,10,26,10
2008-06-11T01:00+00:00,5904,0,0,0,10,252,10,0.0,10,1.8,10,990.1,10,,,89,10,0.0,10,0,10,204.0,0.0,0.0,10,21.9,17.6,0,10,22.2,13.6,0,10,20.4,10,16.2,10,13.1,10,122,10
2008-06-11T02:00+00:00,5904,0,0,160,10,239,10,0.5,10,1.9,10,989.9,10,,,91,10,0.0,10,0,10,204.0,0.0,0.0,10,21.7,17.6,0,10,22.0,13.6,0,10,20.4,10,15.9,10,13.0,10,225,10
2008-06-11T03:00+00:00,5904,1,0,84,10,60,10,0.4,10,2.4,10,989.5,10,,,91,10,0.0,10,0,10,205.0,0.0,0.0,10,21.5,17.6,0,10,21.8,13.6,0,10,20.5,10,15.5,10,12.8,10,309,10
2008-06-11T04:00+00:00,5904,32,0,132,10,127,10,1.2,10,3.2,10,989.8,10,,,91,10,0.0,10,0,10,205.0,0.0,0.6,10,21.3,17.6,0,10,21.6,13.6,0,10,20.5,10,16.2,10,12.8,10,434,10
2008-06-11T05:00+00:00,5904,145,0,305,10,284,10,0.3,10,11.7,10,989.7,10,,,67,10,0.0,10,0,10,205.0,0.0,1.0,10,21.2,17.6,0,10,21.5,13.6,0,10,20.5,10,19.6,10,14.1,10,559,10
2008-06-11T06:00+00:00,5904,293,0,272,10,269,10,6.3,10,11.5,10,989.7,10,,,60,10,0.0,10,0,10,205.0,0.0,1.0,10,21.1,17.6,0,10,21.4,13.6,0,10,20.5,10,22.1,10,16.4,10,636,10
2008-06-11T07:00+00:00,5904,438,0,271,10,278,10,6.3,10,11.7,10,989.4,10,,,55,10,0.0,10,0,10,205.0,0.0,0.9,10,21.1,17.7,0,10,21.4,13.7,0,10,20.5,10,22.9,10,19.8,10,758,10
2008-06-11T08:00+00:00,5904,627,0,275,10,276,10,6.8,10,13.7,10,989.4,10,,,53,10,0.0,10,0,10,205.0,0.0,1.0,10,21.4,17.7,0,10,21.5,13.7,0,10,20.5,10,23.8,10,29.1,10,838,10
2008-06-11T09:00+00:00,5904,474,0,274,10,272,10,5.6,10,11.9,10,989.6,10,,,57,10,0.0,10,0,10,205.0,0.0,0.5,10,21.7,17.7,0,10,21.7,13.7,0,10,20.5,10,22.9,10,26.0,10,920,10
2008-06-11T10:00+00:00,5904,623,0,285,10,257,10,5.6,10,11.7,10,989.5,10,,,57,10,0.0,10,0,10,205.0,0.0,0.9,10,22.0,17.7,0,10,22.0,13.7,0,10,20.5,10,23.3,10,26.1,10,1001,10
2008-06-11T11:00+00:00,5904,779,0,287,10,278,10,3.5,10,10.0,10,989.4,10,,,58,10,0.0,10,0,10,205.0,0.0,0.8,10,22.4,17.7,0,10,22.3,13.7,0,10,20.5,10,24.0,10,28.6,10,1106,10
2008-06-11T12:00+00:00,5904,691,0,293,10,274,10,3.9,10,10.4,10,989.0,10,,,56,10,0.0,10,0,10,205.0,0.0,0.7,10,22.9,17.7,0,10,22.7,13.7,0,10,20.5,10,23.9,10,27.8,10,1220,10
2008-06-11T13:00+00:00,5904,370,0,290,10,293,10,3.1,10,7.5,10,988.5,10,,,58,10,0.0,10,0,10,205.0,0.0,0.2,10,23.1,17.7,0,10,22.9,13.7,0,10,20.5,10,24.2,10,24.8,10,1317,10
2008-06-11T14:00+00:00,5904,180,0,293,10,305,10,2.0,10,9.7,10,988.0,10,,,88,10,5.7,10,13,10,204.0,0.0,0.1,10,23.0,17.7,0,10,22.9,13.7,0,10,20.4,10,20.8,10,18.1,10,1434,10
2008-06-11T15:00+00:00,5904,278,0,328,10,318,10,2.4,10,7.1,10,988.0,10,,,84,10,0.0,10,0,10,204.0,0.0,0.1,10,22.9,17.7,0,10,22.9,13.7,0,10,20.4,10,19.3,10,20.5,10,1504,10
2008-06-11T16:00+00:00,5904,253,0,301,10,297,10,2.9,10,7.6,10,987.1,10,,,73,10,0.0,10,6,10,204.0,0.0,0.3,10,22.9,17.7,0,10,22.9,13.7,0,10,20.4,10,19.7,10,19.7,10,1652,10
2008-06-11T17:00+00:00,5904,97,0,289,10,272,10,2.7,10,7.7,10,986.9,10,,,82,10,0.3,10,14,10,204.0,0.0,0.0,10,22.8,17.7,0,10,22.8,13.7,0,10,20.4,10,17.8,10,16.8,10,1751,10
2008-06-11T18:00+00:00,5904,78,0,302,10,282,10,1.2,10,4.6,10,986.7,10,,,84,10,0.2,10,16,10,204.0,0.0,0.0,10,22.6,17.7,0,10,22.7,13.7,0,10,20.4,10,17.5,10,16.9,10,1807,10
2008-06-11T19:00+00:00,5904,14,0,291,10,323,10,2.3,10,10.7,10,987.1,10,,,87,10,0.0,10,0,10,205.0,0.0,0.0,10,22.5,17.7,0,10,22.6,13.7,0,10,20.5,10,17.2,10,16.0,10,1936,10
2008-06-11T20:00+00:00,5904,0,0,265,10,257,10,2.9,10,7.4,10,987.3,10,,,85,10,0.0,10,5,10,205.0,0.0,0.0,10,22.2,17.7,0,10,22.4,13.7,0,10,20.5,10,16.9,10,15.8,10,2050,10
2008-06-11T21:00+00:00,5904,0,0,234,10,231,10,2.1,10,4.9,10,987.6,10,,,85,10,0.0,10,6,10,205.0,0.0,0.0,10,22.1,17.8,0,10,22.2,13.7,0,10,20.5,10,16.9,10,15.8,10,2131,10
2008-06-11T22:00+00:00,5904,0,0,223,10,213,10,1.7,10,4.2,10,987.5,10,,,86,10,0.0,10,0,10,205.0,0.0,0.0,10,21.9,17.8,0,10,22.1,13.7,0,10,20.5,10,16.5,10,15.6,10,2202,10
2008-06-11T23:00+00:00,5904,0,0,277,10,282,10,3.7,10,7.5,10,987.5,10,,,83,10,0.0,10,0,10,205.0,0.0,0.0,10,21.7,17.8,0,10,22.0,13.7,0,10,20.5,10,16.7,10,14.9,10,2358,10
2008-06-12T00:00+00:00,5904,0,0,301,10,305,10,4.7,10,10.3,10,987.3,10,,,78,10,0.0,10,8,10,205.0,0.0,0.0,10,21.6,17.8,0,10,21.8,13.7,0,10,20.5,10,16.9,10,15.2,10,28,10
2008-06-12T01:00+00:00,5904,0,0,318,10,324,10,5.0,10,10.4,10,987.4,10,,,81,10,0.0,10,33,10,205.0,0.0,0.0,10,21.4,17.8,0,10,21.7,13.7,0,10,20.5,10,15.9,10,14.4,10,125,10
2008-06-12T02:00+00:00,5904,0,0,318,10,326,10,5.2,10,11.2,10,987.7,10,,,77,10,0.2,10,26,10,205.0,0.0,0.0,10,21.2,17.8,0,10,21.5,13.7,0,10,20.5,10,15.1,10,13.2,10,218,10
2008-06-12T03:00+00:00,5904,1,0,320,10,334,10,4.9,10,9.2,10,987.6,10,,,78,10,0.0,10,0,10,205.0,0.0,0.0,10,21.0,17.8,0,10,21.4,13.7,0,10,20.5,10,15.3,10,13.4,10,321,10
2008-06-12T04:00+00:00,5904,17,0,319,10,332,10,4.9,10,10.9,10,988.2,10,,,73,10,0.0,10,0,10,205.0,0.0,0.0,10,20.9,17.8,0,10,21.2,13.7,0,10,20.5,10,15.0,10,13.0,10,426,10
2008-06-12T05:00+00:00,5904,34,0,310,10,346,10,2.8,10,7.4,10,988.8,10,,,72,10,0.0,10,0,10,205.0,0.0,0.0,10,20.7,17.8,0,10,21.1,13.8,0,10,20.5,10,14.7,10,13.3,10,501,10
2008-06-12T06:00+00:00,5904,155,0,305,10,302,10,2.0,10,7.4,10,989.1,10,,,71,10,0.0,10,0,10,205.0,0.0,0.0,10,20.6,17.8,0,10,21.0,13.8,0,10,20.5,10,15.4,10,14.4,10,639,10
2008-06-12T07:00+00:00,5904,210,0,308,10,317,10,3.6,10,9.0,10,988.9,10,,,63,10,0.0,10,0,10,205.0,0.0,0.2,10,20.6,17.8,0,10,20.9,13.8,0,10,20.5,10,16.2,10,14.4,10,749,10
2008-06-12T08:00+00:00,5904,636,0,319,10,304,10,4.2,10,10.4,10,988.8,10,,,60,10,0.0,10,0,10,205.0,0.0,1.0,10,20.7,17.8,0,10,21.0,13.8,0,10,20.5,10,18.3,10,18.5,10,835,10
2008-06-12T09:00+00:00,5904,764,0,313,10,292,10,3.6,10,7.9,10,988.7,10,,,52,10,0.0,10,0,10,205.0,0.0,0.9,10,21.1,17.8,0,10,21.2,13.8,0,10,20.5,10,19.2,10,27.1,10,910,10
2008-06-12T10:00+00:00,5904,688,0,335,10,358,10,3.3,10,7.6,10,988.4,10,,,49,10,0.0,10,0,10,205.0,0.0,0.7,10,21.5,17.8,0,10,21.5,13.8,0,10,20.5,10,19.5,10,23.5,10,1051,10
2008-06-12T11:00+00:00,5904,737,0,346,10,320,10,3.1,10,7.6,10,987.9,10,,,47,10,0.0,10,0,10,205.0,0.0,0.6,10,21.9,17.8,0,10,21.8,13.8,0,10,20.5,10,19.9,10,24.0,10,1110,10
2008-06-12T12:00+00:00,5904,467,0,345,10,329,10,2.6,10,6.8,10,987.4,10,,,48,10,0.0,10,0,10,205.0,0.0,0.3,10,22.1,17.9,0,10,22.0,13.8,0,10,20.5,10,19.6,10,22.5,10,1204,10
2008-06-12T13:00+00:00,5904,672,0,322,10,277,10,2.7,10,8.0,10,986.7,10,,,46,10,0.0,10,0,10,204.0,0.0,0.7,10,22.3,17.8,0,10,22.2,13.8,0,10,20.4,10,20.7,10,24.9,10,1348,10
2008-06-12T14:00+00:00,5904,474,0,288,10,283,10,3.4,10,7.3,10,986.2,10,,,46,10,0.0,10,0,10,204.0,0.0,0.6,10,22.5,17.9,0,10,22.4,13.8,0,10,20.4,10,20.7,10,22.9,10,1410,10
2008-06-12T15:00+00:00,5904,624,0,297,10,284,10,2.9,10,7.4,10,985.8,10,,,44,10,0.0,10,0,10,204.0,0.0,1.0,10,22.6,17.9,0,10,22.5,13.8,0,10,20.4,10,21.2,10,22.9,10,1512,10
2008-06-12T16:00+00:00,5904,438,0,4,10,31,10,2.6,10,6.8,10,985.3,10,,,48,10,0.0,10,0,10,204.0,0.0,0.9,10,22.6,17.9,0,10,22.5,13.8,0,10,20.4,10,20.3,10,18.2,10,1605,10
2008-06-12T17:00+00:00,5904,268,0,300,10,300,10,2.4,10,4.9,10,985.1,10,,,50,10,0.0,10,0,10,204.0,0.0,1.0,10,22.5,17.9,0,10,22.5,13.8,0,10,20.4,10,19.4,10,16.7,10,1730,10
2008-06-12T18:00+00:00,5904,110,0,305,10,299,10,1.8,10,4.2,10,984.9,10,,,57,10,0.0,10,0,10,204.0,0.0,0.9,10,22.3,17.9,0,10,22.3,13.8,0,10,20.4,10,18.1,10,14.9,10,1805,10
2008-06-12T19:00+00:00,5904,27,0,306,10,301,10,2.1,10,3.5,10,985.0,10,,,62,10,0.0,10,0,10,204.0,0.0,0.3,10,22.0,17.9,0,10,22.2,13.8,0,10,20.4,10,17.1,10,14.0,10,1949,10
2008-06-12T20:00+00:00,5904,0,0,293,10,298,10,2.5,10,3.8,10,985.3,10,,,67,10,0.0,10,0,10,204.0,0.0,0.0,10,21.8,17.9,0,10,22.0,13.8,0,10,20.4,10,15.4,10,11.7,10,2023,10
2008-06-12T21:00+00:00,5904,0,0,360,10,7,10,1.9,10,3.6,10,985.2,10,,,71,10,0.0,10,0,10,204.0,0.0,0.0,10,21.5,17.9,0,10,21.8,13.8,0,10,20.4,10,14.3,10,11.0,10,2139,10
2008-06-12T22:00+00:00,5904,0,0,18,10,24,10,2.9,10,4.5,10,984.9,10,,,65,10,0.0,10,0,10,205.0,0.0,0.0,10,21.3,17.9,0,10,21.6,13.8,0,10,20.5,10,15.1,10,10.5,10,2239,10
2008-06-12T23:00+00:00,5904,0,0,10,10,17,10,1.4,10,3.9,10,984.6,10,,,71,10,0.0,10,0,10,205.0,0.0,0.0,10,21.0,17.9,0,10,21.4,13.8,0,10,20.5,10,13.8,10,10.4,10,2313,10
2008-06-13T00:00+00:00,5904,0,0,2,10,29,10,0.9,10,3.8,10,984.1,10,,,72,10,0.0,10,0,10,205.0,0.0,0.0,10,20.8,17.9,0,10,21.2,13.8,0,10,20.5,10,14.3,10,10.7,10,29,10
2008-06-13T01:00+00:00,5904,0,0,253,10,249,10,1.3,10,2.3,10,983.8,10,,,75,10,0.0,10,0,10,205.0,0.0,0.0,10,20.7,17.9,0,10,21.0,13.8,0,10,20.5,10,13.8,10,11.6,10,141,10
2008-06-13T02:00+00:00,5904,0,0,338,10,264,10,0.7,10,1.8,10,983.4,10,,,81,10,0.0,10,0,10,205.0,0.0,0.0,10,20.5,17.9,0,10,20.9,13.8,0,10,20.5,10,12.6,10,9.6,10,203,10
2008-06-13T03:00+00:00,5904,1,0,329,10,327,10,0.7,10,1.8,10,983.2,10,,,83,10,0.0,10,0,10,205.0,0.0,0.0,10,20.3,17.9,0,10,20.7,13.8,0,10,20.5,10,11.8,10,9.0,10,317,10
2008-06-13T04:00+00:00,5904,49,0,312,10,287,10,0.5,10,1.5,10,983.3,10,,,82,10,0.0,10,0,10,205.0,0.0,0.5,10,20.1,17.9,0,10,20.5,13.8,0,10,20.5,10,12.6,10,9.2,10,407,10
2008-06-13T05:00+00:00,5904,196,0,22,10,47,10,0.9,10,2.7,10,983.6,10,,,73,10,0.0,10,0,10,205.0,0.0,1.0,10,20.0,17.9,0,10,20.4,13.9,0,10,20.5,10,15.1,10,11.2,10,537,10
2008-06-13T06:00+00:00,5904,278,0,271,10,284,10,4.2,10,13.2,10,984.3,10,,,70,10,0.0,10,0,10,205.0,0.0,0.5,10,20.0,17.9,0,10,20.3,13.9,0,10,20.5,10,16.8,10,15.1,10,641,10
2008-06-13T07:00+00:00,5904,303,0,278,10,282,10,6.5,10,14.1,10,984.8,10,,,76,10,0.0,10,0,10,205.0,0.0,0.2,10,20.0,17.9,0,10,20.3,13.9,0,10,20.5,10,15.0,10,16.7,10,746,10
2008-06-13T08:00+00:00,5904,102,0,279,10,282,10,8.0,10,15.6,10,985.4,10,,,83,10,0.0,10,20,10,204.0,0.0,0.0,10,20.0,17.9,0,10,20.3,13.9,0,10,20.4,10,13.3,10,12.8,10,816,10
2008-06-13T09:00+00:00,5904,292,0,281,10,284,10,6.5,10,15.3,10,985.9,10,,,72,10,0.0,10,0,10,204.0,0.0,0.0,10,20.0,17.9,0,10,20.3,13.9,0,10,20.4,10,15.2,10,13.0,10,932,10
2008-06-13T10:00+00:00,5904,238,0,281,10,280,10,8.5,10,20.5,10,986.1,10,,,62,10,0.0,10,0,10,204.0,0.0,0.0,10,20.0,17.9,0,10,20.2,13.9,0,10,20.4,10,14.7,10,16.4,10,1055,10
2008-06-13T11:00+00:00,5904,204,0,282,10,268,10,7.1,10,14.7,10,986.5,10,,,64,10,0.0,10,0,10,204.0,0.0,0.0,10,19.9,17.9,0,10,20.2,13.9,0,10,20.4,10,14.4,10,15.3,10,1134,10
2008-06-13T12:00+00:00,5904,339,0,282,10,278,10,7.2,10,18.8,10,986.6,10,,,63,10,0.0,10,0,10,204.0,0.0,0.0,10,19.9,17.9,0,10,20.2,13.9,0,10,20.4,10,14.7,10,16.2,10,1255,10
2008-06-13T13:00+00:00,5904,337,0,285,10,285,10,7.3,10,16.9,10,987.3,10,,,62,10,0.0,10,0,10,203.0,0.0,0.1,10,20.0,18.0,0,10,20.2,13.9,0,10,20.3,10,14.2,10,16.3,10,1310,10
2008-06-13T14:00+00:00,5904,220,0,283,10,295,10,6.4,10,14.9,10,988.1,10,,,64,10,0.0,10,0,10,203.0,0.0,0.0,10,19.9,18.0,0,10,20.2,13.9,0,10,20.3,10,13.9,10,15.4,10,1415,10
2008-06-13T15:00+00:00,5904,151,0,286,10,285,10,4.9,10,12.6,10,988.0,10,,,62,10,0.0,10,0,10,203.0,0.0,0.0,10,19.8,18.0,0,10,20.1,13.9,0,10,20.3,10,13.9,10,14.4,10,1549,10
2008-06-13T16:00+00:00,5904,143,0,291,10,276,10,5.6,10,12.8,10,987.9,10,,,64,10,0.0,10,0,10,203.0,0.0,0.0,10,19.7,18.0,0,10,20.0,13.9,0,10,20.3,10,13.9,10,14.3,10,1614,10
2008-06-13T17:00+00:00,5904,105,0,286,10,289,10,4.5,10,10.1,10,988.2,10,,,65,10,0.0,10,0,10,202.0,0.0,0.0,10,19.7,18.0,0,10,20.0,13.9,0,10,20.2,10,14.1,10,13.6,10,1759,10
2008-06-13T18:00+00:00,5904,64,0,282,10,291,10,3.9,10,11.0,10,988.5,10,,,68,10,0.0,10,0,10,202.0,0.0,0.0,10,19.6,18.0,0,10,19.9,13.9,0,10,20.2,10,13.2,10,12.3,10,1806,10
2008-06-13T19:00+00:00,5904,24,0,281,10,270,10,3.8,10,9.1,10,988.9,10,,,67,10,0.0,10,0,10,202.0,0.0,0.4,10,19.4,18.0,0,10,19.8,13.9,0,10,20.2,10,13.2,10,11.5,10,1933,10
2008-06-13T20:00+00:00,5904,0,0,276,10,298,10,2.8,10,6.4,10,989.3,10,,,72,10,0.0,10,0,10,202.0,0.0,0.0,10,19.3,18.0,0,10,19.7,13.9,0,10,20.2,10,12.0,10,8.3,10,2016,10
2008-06-13T21:00+00:00,5904,0,0,278,10,277,10,3.6,10,6.8,10,989.6,10,,,73,10,0.0,10,0,10,202.0,0.0,0.0,10,19.1,18.0,0,10,19.5,13.9,0,10,20.2,10,12.0,10,7.9,10,2158,10
2008-06-13T22:00+00:00,5904,0,0,277,10,280,10,5.0,10,8.9,10,989.8,10,,,72,10,0.0,10,0,10,201.0,0.0,0.0,10,18.9,18.0,0,10,19.3,13.9,0,10,20.1,10,11.7,10,7.9,10,2223,10
2008-06-13T23:00+00:00,5904,0,0,281,10,297,10,4.4,10,8.0,10,989.8,10,,,74,10,0.0,10,0,10,201.0,0.0,0.0,10,18.7,18.0,0,10,19.2,13.9,0,10,20.1,10,11.1,10,7.7,10,2322,10
2008-06-14T00:00+00:00,5904,0,0,284,10,293,10,4.9,10,9.1,10,989.6,10,,,73,10,0.0,10,0,10,201.0,0.0,0.0,10,18.5,18.0,0,10,19.0,13.9,0,10,20.1,10,11.0,10,7.5,10,7,10
2008-06-14T01:00+00:00,5904,0,0,287,10,288,10,4.9,10,8.7,10,989.7,10,,,73,10,0.0,10,0,10,201.0,0.0,0.0,10,18.4,18.0,0,10,18.9,13.9,0,10,20.1,10,10.8,10,7.3,10,116,10
2008-06-14T02:00+00:00,5904,0,0,290,10,282,10,4.7,10,7.6,10,989.8,10,,,73,10,0.0,10,0,10,200.0,0.0,0.0,10,18.2,18.0,0,10,18.7,13.9,0,10,20.0,10,10.7,10,7.1,10,252,10
2008-06-14T03:00+00:00,5904,3,0,304,10,293,10,3.9,10,7.7,10,989.6,10,,,71,10,0.0,10,0,10,200.0,0.0,0.0,10,18.0,18.0,0,10,18.6,13.9,0,10,20.0,10,10.9,10,6.5,10,303,10
2008-06-14T04:00+00:00,5904,54,0,301,10,317,10,4.5,10,8.3,10,990.0,10,,,69,10,0.0,10,0,10,200.0,0.0,0.9,10,17.9,18.0,0,10,18.4,14.0,0,10,20.0,10,11.5,10,6.6,10,414,10
2008-06-14T05:00+00:00,5904,106,0,295,10,291,10,3.6,10,7.7,10,990.1,10,,,71,10,0.0,10,0,10,199.0,0.0,0.9,10,17.8,18.0,0,10,18.3,14.0,0,10,19.9,10,11.7,10,9.4,10,516,10
2008-06-14T06:00+00:00,5904,334,0,309,10,313,10,2.9,10,7.6,10,990.2,10,,,64,10,0.0,10,0,10,199.0,0.0,1.0,10,17.7,18.0,0,10,18.2,14.0,0,10,19.9,10,14.5,10,9.7,10,617,10
2008-06-14T07:00+00:00,5904,523,0,335,10,349,10,3.5,10,7.7,10,990.3,10,,,62,10,0.0,10,0,10,199.0,0.0,1.0,10,17.8,18.0,0,10,18.3,14.0,0,10,19.9,10,15.6,10,14.5,10,744,10
2008-06-14T08:00+00:00,5904,697,0,326,10,326,10,4.1,10,8.5,10,990.1,10,,,59,10,0.0,10,0,10,198.0,0.0,1.0,10,18.1,18.0,0,10,18.5,14.0,0,10,19.8,10,16.3,10,23.0,10,835,10
2008-06-14T09:00+00:00,5904,627,0,322,10,309,10,3.2,10,7.9,10,990.0,10,,,58,10,0.0,10,0,10,198.0,0.0,0.7,10,18.5,18.0,0,10,18.7,14.0,0,10,19.8,10,16.0,10,21.6,10,923,10
2008-06-14T10:00+00:00,5904,521,0,322,10,307,10,3.0,10,6.4,10,989.8,10,,,52,10,0.0,10,0,10,198.0,0.0,0.4,10,18.8,18.0,0,10,19.0,14.0,0,10,19.8,10,17.3,10,19.8,10,1025,10
2008-06-14T11:00+00:00,5904,667,0,341,10,15,10,2.8,10,8.5,10,989.3,10,,,46,10,0.0,10,0,10,197.0,0.0,0.6,10,19.2,18.0,0,10,19.3,14.0,0,10,19.7,10,18.4,10,19.5,10,1108,10
2008-06-14T12:00+00:00,5904,836,0,3,10,16,10,2.7,10,7.8,10,989.0,10,,,45,10,0.0,10,0,10,197.0,0.0,0.9,10,19.8,18.0,0,10,19.7,14.0,0,10,19.7,10,19.0,10,27.4,10,1213,10
2008-06-14T13:00+00:00,5904,776,0,318,10,328,10,2.3,10,6.4,10,988.5,10,,,46,10,0.0,10,0,10,196.0,0.0,0.9,10,20.3,18.0,0,10,20.1,14.0,0,10,19.6,10,19.6,10,26.7,10,1400,10
2008-06-14T14:00+00:00,5904,300,0,22,10,11,10,2.5,10,5.9,10,988.5,10,,,45,10,0.0,10,0,10,196.0,0.0,0.2,10,20.4,18.0,0,10,20.2,14.0,0,10,19.6,10,18.4,10,19.1,10,1423,10
2008-06-14T15:00+00:00,5904,460,0,357,10,14,10,3.2,10,7.1,10,988.3,10,,,46,10,0.0,10,0,10,196.0,0.0,0.7,10,20.4,18.0,0,10,20.4,14.0,0,10,19.6,10,19.2,10,19.1,10,1524,10
2008-06-14T16:00+00:00,5904,252,0,6,10,46,10,2.4,10,5.3,10,988.2,10,,,47,10,0.0,10,0,10,196.0,0.0,0.6,10,20.3,18.0,0,10,20.4,14.0,0,10,19.6,10,18.1,10,17.4,10,1603,10
2008-06-14T17:00+00:00,5904,131,0,326,10,324,10,1.7,10,4.1,10,988.3,10,,,48,10,0.0,10,0,10,195.0,0.0,0.0,10,20.3,18.0,0,10,20.3,14.0,0,10,19.5,10,17.8,10,16.9,10,1741,10
2008-06-14T18:00+00:00,5904,61,0,315,10,317,10,2.1,10,5.0,10,988.3,10,,,50,10,0.0,10,0,10,195.0,0.0,0.0,10,20.1,18.0,0,10,20.3,14.0,0,10,19.5,10,17.3,10,15.4,10,1846,10
2008-06-14T19:00+00:00,5904,12,0,301,10,303,10,2.8,10,4.5,10,988.4,10,,,55,10,0.0,10,0,10,195.0,0.0,0.0,10,20.0,18.0,0,10,20.2,14.0,0,10,19.5,10,16.3,10,13.5,10,1915,10
2008-06-14T20:00+00:00,5904,0,0,309,10,306,10,3.0,10,5.5,10,988.6,10,,,56,10,0.0,10,0,10,195.0,0.0,0.0,10,19.8,18.0,0,10,20.0,14.0,0,10,19.5,10,15.8,10,12.6,10,2057,10
2008-06-14T21:00+00:00,5904,0,0,310,10,299,10,3.2,10,5.4,10,988.4,10,,,57,10,0.0,10,0,10,195.0,0.0,0.0,10,19.6,17.9,0,10,19.9,14.0,0,10,19.5,10,15.5,10,12.3,10,2134,10
2008-06-14T22:00+00:00,5904,0,0,314,10,310,10,3.4,10,6.4,10,988.5,10,,,59,10,0.0,10,0,10,195.0,0.0,0.0,10,19.5,17.9,0,10,19.8,14.0,0,10,19.5,10,14.9,10,11.9,10,2227,10
2008-06-14T23:00+00:00,5904,0,0,314,10,316,10,3.1,10,5.9,10,988.5,10,,,60,10,0.0,10,0,10,195.0,0.0,0.0,10,19.3,17.9,0,10,19.6,14.0,0,10,19.5,10,14.7,10,11.9,10,2353,10
2008-06-15T00:00+00:00,5904,0,0,307,10,314,10,2.5,10,6.2,10,988.4,10,,,63,10,0.0,10,0,10,195.0,0.0,0.0,10,19.2,17.9,0,10,19.5,14.0,0,10,19.5,10,14.2,10,12.0,10,56,10
2008-06-15T01:00+00:00,5904,0,0,300,10,307,10,1.7,10,5.8,10,988.2,10,,,67,10,0.0,10,0,10,195.0,0.0,0.0,10,19.0,17.9,0,10,19.4,14.0,0,10,19.5,10,13.6,10,11.7,10,115,10
2008-06-15T02:00+00:00,5904,0,0,294,10,287,10,2.3,10,7.3,10,988.2,10,,,66,10,0.0,10,1,10,195.0,0.0,0.0,10,18.9,17.9,0,10,19.2,14.0,0,10,19.5,10,13.7,10,11.7,10,244,10
2008-06-15T03:00+00:00,5904,0,0,291,10,295,10,5.2,10,11.8,10,988.3,10,,,72,10,0.0,10,11,10,195.0,0.0,0.0,10,18.8,17.9,0,10,19.1,14.1,0,10,19.5,10,13.0,10,11.8,10,349,10
2008-06-15T04:00+00:00,5904,9,0,301,10,296,10,5.1,10,9.7,10,988.7,10,,,75,10,0.0,10,37,10,195.0,0.0,0.0,10,18.6,17.9,0,10,19.0,14.1,0,10,19.5,10,12.4,10,10.7,10,404,10
2008-06-15T05:00+00:00,5904,51,0,322,10,324,10,2.3,10,7.6,10,988.7,10,,,82,10,0.2,10,38,10,195.0,0.0,0.0,10,18.5,17.9,0,10,18.9,14.1,0,10,19.5,10,12.3,10,10.8,10,504,10
2008-06-15T06:00+00:00,5904,169,0,302,10,18,10,1.0,10,2.7,10,988.6,10,,,79,10,0.0,10,0,10,195.0,0.0,0.3,10,18.5,17.9,0,10,18.8,14.1,0,10,19.5,10,14.1,10,12.2,10,619,10
2008-06-15T07:00+00:00,5904,489,0,275,10,277,10,2.0,10,5.6,10,988.8,10,,,61,10,0.0,10,0,10,195.0,0.0,1.0,10,18.6,17.9,0,10,18.9,14.1,0,10,19.5,10,16.8,10,14.2,10,757,10
2008-06-15T08:00+00:00,5904,489,0,314,10,239,10,1.7,10,5.1,10,988.6,10,,,58,10,0.0,10,0,10,195.0,0.0,0.8,10,18.7,17.9,0,10,19.0,14.1,0,10,19.5,10,17.3,10,18.1,10,900,10
2008-06-15T09:00+00:00,5904,833,0,7,10,315,10,1.1,10,5.0,10,988.2,10,,,51,10,0.0,10,0,10,195.0,0.0,1.0,10,19.2,17.9,0,10,19.4,14.1,0,10,19.5,10,18.0,10,24.2,10,917,10
2008-06-15T10:00+00:00,5904,763,0,47,10,24,10,2.1,10,5.7,10,987.8,10,,,47,10,0.0,10,0,10,194.0,0.0,0.8,10,19.6,17.9,0,10,19.7,14.1,0,10,19.4,10,18.6,10,21.3,10,1032,10
2008-06-15T11:00+00:00,5904,869,0,65,10,114,10,2.3,10,6.3,10,987.3,10,,,44,10,0.0,10,0,10,194.0,0.0,0.9,10,20.2,17.9,0,10,20.2,14.1,0,10,19.4,10,19.0,10,29.0,10,1111,10
2008-06-15T12:00+00:00,5904,578,0,0,10,110,10,0.0,10,3.2,10,986.9,10,,,44,10,0.0,10,0,10,194.0,0.0,0.5,10,20.6,17.9,0,10,20.5,14.1,0,10,19.4,10,18.9,10,21.9,10,1212,10
2008-06-15T13:00+00:00,5904,153,0,309,10,305,10,2.1,10,7.2,10,986.8,10,,,55,10,0.0,10,2,10,194.0,0.0,0.0,10,20.5,17.9,0,10,20.5,14.1,0,10,19.4,10,17.3,10,17.1,10,1341,10
2008-06-15T14:00+00:00,5904,323,0,247,10,208,10,1.1,10,6.2,10,986.7,10,,,53,10,0.0,10,5,10,194.0,0.0,0.2,10,20.5,17.9,0,10,20.6,14.1,0,10,19.4,10,18.1,10,17.1,10,1445,10
2008-06-15T15:00+00:00,5904,445,0,158,10,173,10,1.4,10,4.2,10,985.8,10,,,50,10,0.0,10,0,10,193.0,0.0,0.8,10,20.6,17.9,0,10,20.6,14.1,0,10,19.3,10,18.8,10,21.7,10,1502,10
2008-06-15T16:00+00:00,5904,290,0,111,10,128,10,1.4,10,3.9,10,985.5,10,,,48,10,0.0,10,0,10,194.0,0.0,0.6,10,20.6,17.8,0,10,20.6,14.1,0,10,19.4,10,18.4,10,19.4,10,1603,10
2008-06-15T17:00+00:00,5904,136,0,196,10,175,10,1.2,10,3.8,10,985.5,10,,,51,10,0.0,10,0,10,194.0,0.0,0.0,10,20.5,17.8,0,10,20.6,14.1,0,10,19.4,10,17.9,10,17.4,10,1716,10
2008-06-15T18:00+00:00,5904,68,0,134,10,118,10,2.6,10,6.0,10,985.7,10,,,52,10,0.0,10,0,10,194.0,0.0,0.0,10,20.4,17.8,0,10,20.5,14.1,0,10,19.4,10,17.2,10,15.3,10,1830,10
2008-06-15T19:00+00:00,5904,16,0,124,10,133,10,3.1,10,6.0,10,985.7,10,,,63,10,0.0,10,0,10,194.0,0.0,0.0,10,20.2,17.8,0,10,20.4,14.1,0,10,19.4,10,16.1,10,13.4,10,1906,10
2008-06-15T20:00+00:00,5904,0,0,125,10,113,10,2.9,10,5.7,10,985.8,10,,,67,10,0.0,10,0,10,194.0,0.0,0.0,10,20.0,17.8,0,10,20.2,14.1,0,10,19.4,10,15.0,10,11.3,10,2100,10
2008-06-15T21:00+00:00,5904,0,0,132,10,117,10,1.1,10,2.5,10,985.8,10,,,76,10,0.0,10,0,10,194.0,0.0,0.0,10,19.8,17.8,0,10,20.1,14.1,0,10,19.4,10,13.9,10,10.0,10,2116,10
2008-06-15T22:00+00:00,5904,0,0,170,10,174,10,1.4,10,3.7,10,985.6,10,,,78,10,0.0,10,0,10,194.0,0.0,0.0,10,19.6,17.8,0,10,19.9,14.1,0,10,19.4,10,13.3,10,9.6,10,2209,10
2008-06-15T23:00+00:00,5904,0,0,160,10,163,10,0.8,10,2.8,10,985.3,10,,,82,10,0.0,10,0,10,194.0,0.0,0.0,10,19.3,17.8,0,10,19.7,14.1,0,10,19.4,10,12.4,10,9.0,10,2305,10
2008-06-16T00:00+00:00,5904,0,0,53,10,69,10,0.9,10,2.0,10,985.2,10,,,85,10,0.0,10,0,10,194.0,0.0,0.0,10,19.1,17.8,0,10,19.5,14.1,0,10,19.4,10,11.9,10,8.7,10,36,10
2008-06-16T01:00+00:00,5904,0,0,48,10,58,10,0.6,10,1.4,10,985.1,10,,,87,10,0.0,10,0,10,194.0,0.0,0.0,10,18.9,17.8,0,10,19.3,14.1,0,10,19.4,10,11.3,10,8.6,10,133,10
2008-06-16T02:00+00:00,5904,0,0,345,10,276,10,0.9,10,2.4,10,985.2,10,,,90,10,0.0,10,0,10,194.0,0.0,0.0,10,18.7,17.8,0,10,19.2,14.1,0,10,19.4,10,10.9,10,7.9,10,259,10
2008-06-16T03:00+00:00,5904,1,0,296,10,68,10,0.3,10,3.1,10,985.5,10,,,91,10,0.0,10,0,10,194.0,0.0,0.0,10,18.6,17.8,0,10,19.0,14.1,0,10,19.4,10,10.3,10,7.6,10,359,10
2008-06-16T04:00+00:00,5904,48,0,57,10,81,10,1.4,10,3.1,10,985.6,10,,,89,10,0.0,10,0,10,194.0,0.0,0.7,10,18.4,17.8,0,10,18.9,14.2,0,10,19.4,10,11.6,10,7.7,10,415,10
2008-06-16T05:00+00:00,5904,198,0,72,10,68,10,0.6,10,2.2,10,985.7,10,,,74,10,0.0,10,0,10,194.0,0.0,1.0,10,18.3,17.8,0,10,18.7,14.2,0,10,19.4,10,14.2,10,9.9,10,536,10
2008-06-16T06:00+00:00,5904,301,0,262,10,233,10,0.9,10,3.6,10,985.8,10,,,63,10,0.0,10,0,10,194.0,0.0,1.0,10,18.3,17.8,0,10,18.7,14.2,0,10,19.4,10,16.6,10,13.1,10,629,10
2008-06-16T07:00+00:00,5904,449,0,298,10,17,10,0.9,10,3.7,10,985.8,10,,,59,10,0.0,10,0,10,194.0,0.0,1.0,10,18.5,17.8,0,10,18.8,14.2,0,10,19.4,10,17.7,10,17.2,10,725,10
2008-06-16T08:00+00:00,5904,555,0,225,10,164,10,0.8,10,3.9,10,985.7,10,,,56,10,0.0,10,0,10,194.0,0.0,1.0,10,18.7,17.8,0,10,19.0,14.2,0,10,19.4,10,18.0,10,24.3,10,809,10
2008-06-16T09:00+00:00,5904,718,0,132,10,83,10,0.9,10,5.8,10,985.4,10,,,57,10,0.0,10,0,10,194.0,0.0,0.9,10,19.1,17.8,0,10,19.3,14.2,0,10,19.4,10,20.2,10,24.9,10,948,10
2008-06-16T10:00+00:00,5904,528,0,134,10,112,10,1.7,10,5.0,10,985.6,10,,,56,10,0.0,10,0,10,193.0,0.0,0.5,10,19.5,17.8,0,10,19.5,14.2,0,10,19.3,10,19.1,10,24.0,10,1015,10
2008-06-16T11:00+00:00,5904,507,0,94,10,97,10,2.8,10,6.3,10,985.2,10,,,56,10,0.0,10,0,10,193.0,0.0,0.3,10,19.8,17.8,0,10,19.8,14.2,0,10,19.3,10,20.6,10,23.5,10,1125,10
2008-06-16T12:00+00:00,5904,629,0,108,10,95,10,2.9,10,7.5,10,984.8,10,,,51,10,0.0,10,0,10,193.0,0.0,0.6,10,20.2,17.8,0,10,20.1,14.2,0,10,19.3,10,21.2,10,26.7,10,1235,10
2008-06-16T13:00+00:00,5904,527,0,175,10,196,10,2.8,10,6.9,10,984.4,10,,,54,10,0.0,10,0,10,193.0,0.0,0.5,10,20.5,17.8,0,10,20.3,14.2,0,10,19.3,10,21.0,10,24.1,10,1317,10
2008-06-16T14:00+00:00,5904,299,0,140,10,122,10,3.0,10,6.8,10,984.2,10,,,52,10,0.0,10,0,10,193.0,0.0,0.1,10,20.6,17.8,0,10,20.5,14.2,0,10,19.3,10,21.3,10,23.1,10,1434,10
2008-06-16T15:00+00:00,5904,283,0,140,10,146,10,2.7,10,6.0,10,983.9,10,,,53,10,0.0,10,0,10,193.0,0.0,0.1,10,20.7,17.8,0,10,20.6,14.2,0,10,19.3,10,21.6,10,23.0,10,1530,10
2008-06-16T16:00+00:00,5904,221,0,105,10,102,10,3.4,10,6.5,10,983.8,10,,,53,10,0.0,10,0,10,192.0,0.0,0.1,10,20.7,17.8,0,10,20.6,14.2,0,10,19.2,10,21.3,10,22.0,10,1619,10
2008-06-16T17:00+00:00,5904,189,0,127,10,142,10,2.7,10,6.0,10,983.6,10,,,51,10,0.0,10,0,10,192.0,0.0,0.6,10,20.7,17.8,0,10,20.7,14.2,0,10,19.2,10,21.3,10,19.7,10,1746,10
2008-06-16T18:00+00:00,5904,111,0,168,10,166,10,2.6,10,5.1,10,983.6,10,,,54,10,0.0,10,0,10,192.0,0.0,0.9,10,20.6,17.7,0,10,20.6,14.2,0,10,19.2,10,20.2,10,16.5,10,1801,10
2008-06-16T19:00+00:00,5904,23,0,148,10,147,10,3.0,10,5.9,10,983.7,10,,,58,10,0.0,10,0,10,192.0,0.0,0.3,10,20.4,17.7,0,10,20.5,14.2,0,10,19.2,10,19.1,10,14.6,10,1931,10
2008-06-16T20:00+00:00,5904,0,0,195,10,169,10,1.1,10,4.3,10,984.4,10,,,68,10,0.0,10,0,10,193.0,0.0,0.0,10,20.2,17.7,0,10,20.4,14.2,0,10,19.3,10,17.3,10,12.9,10,2002,10
2008-06-16T21:00+00:00,5904,0,0,10,10,11,10,0.8,10,2.5,10,984.4,10,,,78,10,0.0,10,0,10,193.0,0.0,0.0,10,20.0,17.7,0,10,20.2,14.2,0,10,19.3,10,15.8,10,12.0,10,2137,10
2008-06-16T22:00+00:00,5904,0,0,358,10,26,10,1.6,10,3.1,10,984.6,10,,,83,10,0.0,10,0,10,193.0,0.0,0.0,10,19.8,17.7,0,10,20.0,14.2,0,10,19.3,10,14.9,10,11.7,10,2210,10
2008-06-16T23:00+00:00,5904,0,0,82,10,240,10,0.1,10,3.6,10,985.2,10,,,88,10,0.0,10,0,10,193.0,0.0,0.0,10,19.6,17.7,0,10,19.9,14.2,0,10,19.3,10,14.3,10,11.2,10,2352,10
2008-06-17T00:00+00:00,5904,0,0,293,10,14,10,1.3,10,6.2,10,985.3,10,,,76,10,0.0,10,0,10,193.0,0.0,0.0,10,19.4,17.7,0,10,19.7,14.2,0,10,19.3,10,15.7,10,11.1,10,58,10
2008-06-17T01:00+00:00,5904,0,0,314,10,323,10,2.1,10,7.7,10,985.5,10,,,77,10,0.0,10,0,10,193.0,0.0,0.0,10,19.2,17.7,0,10,19.6,14.2,0,10,19.3,10,15.1,10,11.5,10,121,10
2008-06-17T02:00+00:00,5904,0,0,303,10,297,10,1.8,10,6.5,10,985.8,10,,,80,10,0.0,10,0,10,193.0,0.0,0.0,10,19.1,17.7,0,10,19.4,14.2,0,10,19.3,10,14.4,10,11.0,10,241,10
2008-06-17T03:00+00:00,5904,1,0,307,10,310,10,3.0,10,7.1,10,986.1,10,,,81,10,0.0,10,0,10,193.0,0.0,0.0,10,18.9,17.7,0,10,19.3,14.2,0,10,19.3,10,14.4,10,10.9,10,309,10
2008-06-17T04:00+00:00,5904,32,0,315,10,304,10,2.7,10,6.5,10,986.4,10,,,78,10,0.0,10,0,10,193.0,0.0,0.0,10,18.8,17.7,0,10,19.2,14.3,0,10,19.3,10,14.9,10,12.1,10,416,10
2008-06-17T05:00+00:00,5904,81,0,297,10,320,10,2.0,10,5.3,10,987.3,10,,,79,10,0.0,10,0,10,193.0,0.0,0.0,10,18.8,17.7,0,10,19.1,14.2,0,10,19.3,10,15.3,10,13.7,10,525,10
2008-06-17T06:00+00:00,5904,136,0,318,10,323,10,2.7,10,5.4,10,987.8,10,,,75,10,0.0,10,1,10,193.0,0.0,0.0,10,18.8,17.7,0,10,19.1,14.2,0,10,19.3,10,15.7,10,15.9,10,615,10
2008-06-17T07:00+00:00,5904,178,0,338,10,339,10,2.3,10,6.2,10,988.2,10,,,74,10,0.0,10,0,10,193.0,0.0,0.1,10,18.8,17.7,0,10,19.1,14.3,0,10,19.3,10,16.6,10,16.5,10,753,10
2008-06-17T08:00+00:00,5904,540,0,6,10,30,10,3.1,10,7.9,10,988.5,10,,,67,10,0.0,10,0,10,193.0,0.0,0.9,10,19.0,17.7,0,10,19.2,14.3,0,10,19.3,10,18.1,10,19.5,10,810,10
2008-06-17T09:00+00:00,5904,616,0,18,10,7,10,2.8,10,6.6,10,988.4,10,,,63,10,0.0,10,0,10,193.0,0.0,0.7,10,19.4,17.7,0,10,19.5,14.3,0,10,19.3,10,18.8,10,24.8,10,930,10
2008-06-17T10:00+00:00,5904,693,0,357,10,337,10,2.4,10,5.7,10,988.7,10,,,62,10,0.0,10,0,10,193.0,0.0,0.8,10,19.8,17.7,0,10,19.8,14.3,0,10,19.3,10,19.3,10,26.8,10,1048,10
2008-06-17T11:00+00:00,5904,501,0,2,10,17,10,2.0,10,5.4,10,988.4,10,,,60,10,0.0,10,0,10,192.0,0.0,0.2,10,20.2,17.7,0,10,20.1,14.3,0,10,19.2,10,19.6,10,23.6,10,1155,10
2008-06-17T12:00+00:00,5904,521,0,61,10,54,10,1.8,10,5.4,10,988.1,10,,,60,10,0.0,10,0,10,192.0,0.0,0.4,10,20.4,17.7,0,10,20.3,14.3,0,10,19.2,10,20.4,10,24.5,10,1218,10
2008-06-17T13:00+00:00,5904,412,0,38,10,22,10,2.5,10,7.2,10,987.9,10,,,60,10,0.0,10,0,10,192.0,0.0,0.0,10,20.6,17.7,0,10,20.5,14.3,0,10,19.2,10,19.9,10,23.2,10,1353,10
2008-06-17T14:00+00:00,5904,321,0,47,10,46,10,2.5,10,6.9,10,987.8,10,,,60,10,0.0,10,0,10,192.0,0.0,0.1,10,20.7,17.7,0,10,20.6,14.3,0,10,19.2,10,20.3,10,22.7,10,1500,10
2008-06-17T15:00+00:00,5904,199,0,40,10,34,10,2.7,10,5.0,10,987.8,10,,,60,10,0.0,10,0,10,192.0,0.0,0.0,10,20.7,17.7,0,10,20.7,14.3,0,10,19.2,10,20.5,10,20.8,10,1521,10
2008-06-17T16:00+00:00,5904,123,0,29,10,52,10,2.1,10,5.0,10,987.8,10,,,59,10,0.0,10,0,10,192.0,0.0,0.0,10,20.7,17.7,0,10,20.7,14.3,0,10,19.2,10,20.1,10,19.9,10,1650,10
2008-06-17T17:00+00:00,5904,46,0,21,10,20,10,1.9,10,4.2,10,988.1,10,,,61,10,0.0,10,0,10,192.0,0.0,0.0,10,20.6,17.7,0,10,20.6,14.3,0,10,19.2,10,20.0,10,18.8,10,1749,10
2008-06-17T18:00+00:00,5904,22,0,16,10,9,10,2.3,10,4.3,10,987.9,10,,,63,10,0.0,10,4,10,192.0,0.0,0.0,10,20.5,17.7,0,10,20.6,14.3,0,10,19.2,10,19.3,10,17.9,10,1808,10
2008-06-17T19:00+00:00,5904,4,0,5,10,16,10,2.1,10,4.0,10,988.0,10,,,63,10,0.0,10,1,10,192.0,0.0,0.0,10,20.4,17.7,0,10,20.5,14.3,0,10,19.2,10,19.2,10,17.4,10,1913,10
2008-06-17T20:00+00:00,5904,0,0,2,10,6,10,2.8,10,6.0,10,988.7,10,,,64,10,0.0,10,8,10,192.0,0.0,0.0,10,20.3,17.7,0,10,20.4,14.3,0,10,19.2,10,18.8,10,17.1,10,2043,10
2008-06-17T21:00+00:00,5904,0,0,340,10,337,10,1.7,10,4.0,10,988.7,10,,,91,10,3.2,10,59,10,192.0,0.0,0.0,10,20.1,17.7,0,10,20.3,14.3,0,10,19.2,10,16.0,10,15.2,10,2109,10
2008-06-17T22:00+00:00,5904,0,0,319,10,339,10,1.6,10,3.7,10,988.8,10,,,92,10,0.2,10,30,10,192.0,0.0,0.0,10,20.0,17.7,0,10,20.2,14.3,0,10,19.2,10,15.6,10,15.1,10,2207,10
2008-06-17T23:00+00:00,5904,0,0,278,10,281,10,2.1,10,3.3,10,988.9,10,,,92,10,0.0,10,3,10,193.0,0.0,0.0,10,19.9,17.7,0,10,20.1,14.3,0,10,19.3,10,15.6,10,15.2,10,2327,10
2008-06-18T00:00+00:00,5904,0,0,292,10,317,10,2.0,10,5.2,10,989.0,10,,,91,10,0.0,10,1,10,193.0,0.0,0.0,10,19.7,17.7,0,10,20.0,14.3,0,10,19.3,10,15.2,10,14.9,10,15,10
2008-06-18T01:00+00:00,5904,0,0,294,10,292,10,1.8,10,5.9,10,989.0,10,,,93,10,0.0,10,3,10,193.0,0.0,0.0,10,19.6,17.7,0,10,19.9,14.3,0,10,19.3,10,14.7,10,14.5,10,119,10
2008-06-18T02:00+00:00,5904,0,0,280,10,302,10,2.0,10,5.0,10,989.0,10,,,86,10,0.0,10,0,10,193.0,0.0,0.0,10,19.5,17.7,0,10,19.8,14.3,0,10,19.3,10,14.9,10,14.2,10,253,10
2008-06-18T03:00+00:00,5904,1,0,281,10,283,10,2.3,10,5.4,10,989.0,10,,,88,10,0.0,10,0,10,193.0,0.0,0.0,10,19.4,17.7,0,10,19.7,14.3,0,10,19.3,10,14.4,10,13.8,10,324,10
2008-06-18T04:00+00:00,5904,15,0,304,10,336,10,1.5,10,5.9,10,989.6,10,,,90,10,0.0,10,0,10,193.0,0.0,0.0,10,19.3,17.7,0,10,19.6,14.3,0,10,19.3,10,14.3,10,13.7,10,441,10
2008-06-18T05:00+00:00,5904,57,0,271,10,309,10,0.9,10,4.2,10,989.9,10,,,84,10,0.2,10,18,10,193.0,0.0,0.0,10,19.3,17.7,0,10,19.5,14.3,0,10,19.3,10,15.2,10,14.0,10,559,10
2008-06-18T06:00+00:00,5904,377,0,300,10,338,10,2.5,10,6.6,10,990.4,10,,,69,10,0.0,10,3,10,193.0,0.0,0.9,10,19.3,17.7,0,10,19.5,14.3,0,10,19.3,10,18.4,10,15.2,10,645,10
2008-06-18T07:00+00:00,5904,307,0,315,10,338,10,2.7,10,7.1,10,990.6,10,,,67,10,0.0,10,0,10,193.0,0.0,1.0,10,19.3,17.7,0,10,19.5,14.3,0,10,19.3,10,18.3,10,17.5,10,750,10
2008-06-18T08:00+00:00,5904,634,0,336,10,350,10,3.9,10,7.8,10,990.5,10,,,54,10,0.0,10,0,10,193.0,0.0,1.0,10,19.5,17.7,0,10,19.7,14.3,0,10,19.3,10,20.2,10,20.0,10,839,10
2008-06-18T09:00+00:00,5904,782,0,323,10,297,10,3.5,10,7.9,10,990.6,10,,,50,10,0.0,10,0,10,193.0,0.0,1.0,10,20.0,17.7,0,10,20.0,14.3,0,10,19.3,10,21.3,10,26.8,10,935,10
2008-06-18T10:00+00:00,5904,877,0,329,10,324,10,4.5,10,10.2,10,990.7,10,,,46,10,0.0,10,0,10,193.0,0.0,1.0,10,20.5,17.7,0,10,20.5,14.3,0,10,19.3,10,22.1,10,30.3,10,1019,10
2008-06-18T11:00+00:00,5904,922,0,341,10,338,10,3.9,10,10.0,10,990.8,10,,,42,10,0.0,10,0,10,193.0,0.0,1.0,10,21.2,17.7,0,10,21.0,14.3,0,10,19.3,10,23.1,10,33.6,10,1124,10
2008-06-18T12:00+00:00,5904,909,0,352,10,10,10,3.5,10,7.5,10,990.7,10,,,39,10,0.0,10,0,10,193.0,0.0,1.0,10,21.8,17.7,0,10,21.5,14.4,0,10,19.3,10,23.8,10,33.9,10,1230,10
2008-06-18T13:00+00:00,5904,851,0,346,10,321,10,3.5,10,7.9,10,990.6,10,,,38,10,0.0,10,0,10,192.0,0.0,1.0,10,22.4,17.7,0,10,21.9,14.3,0,10,19.2,10,24.3,10,32.3,10,1316,10
2008-06-18T14:00+00:00,5904,655,0,338,10,331,10,2.7,10,7.2,10,990.5,10,,,39,10,0.0,10,0,10,192.0,0.0,0.8,10,22.6,17.7,0,10,22.1,14.4,0,10,19.2,10,24.3,10,22.8,10,1407,10
2008-06-18T15:00+00:00,5904,578,0,352,10,355,10,2.9,10,7.9,10,990.4,10,,,39,10,0.0,10,0,10,193.0,0.0,1.0,10,22.6,17.7,0,10,22.3,14.4,0,10,19.3,10,24.6,10,22.9,10,1518,10
2008-06-18T16:00+00:00,5904,422,0,289,10,288,10,4.3,10,8.3,10,990.8,10,,,49,10,0.0,10,0,10,193.0,0.0,0.8,10,22.6,17.7,0,10,22.3,14.4,0,10,19.3,10,22.9,10,22.1,10,1653,10
2008-06-18T17:00+00:00,5904,231,0,285,10,292,10,4.6,10,9.2,10,991.0,10,,,51,10,0.0,10,0,10,193.0,0.0,0.7,10,22.4,17.7,0,10,22.2,14.4,0,10,19.3,10,22.1,10,19.7,10,1734,10
2008-06-18T18:00+00:00,5904,60,0,279,10,285,10,4.5,10,7.9,10,991.3,10,,,58,10,0.0,10,0,10,193.0,0.0,0.2,10,22.2,17.7,0,10,22.1,14.4,0,10,19.3,10,20.6,10,17.5,10,1803,10
2008-06-18T19:00+00:00,5904,18,0,280,10,281,10,4.6,10,8.2,10,991.7,10,,,64,10,0.0,10,0,10,193.0,0.0,0.0,10,21.9,17.7,0,10,21.9,14.4,0,10,19.3,10,19.4,10,15.6,10,1928,10
2008-06-18T20:00+00:00,5904,0,0,275,10,286,10,4.5,10,7.8,10,992.2,10,,,65,10,0.0,10,0,10,194.0,0.0,0.0,10,21.6,17.7,0,10,21.7,14.4,0,10,19.4,10,18.7,10,14.7,10,2017,10
2008-06-18T21:00+00:00,5904,0,0,277,10,275,10,3.8,10,7.3,10,992.1,10,,,67,10,0.0,10,0,10,194.0,0.0,0.0,10,21.4,17.7,0,10,21.5,14.4,0,10,19.4,10,18.7,10,14.9,10,2104,10
2008-06-18T22:00+00:00,5904,0,0,212,10,291,10,0.7,10,6.3,10,992.3,10,,,72,10,0.0,10,0,10,194.0,0.0,0.0,10,21.2,17.7,0,10,21.4,14.4,0,10,19.4,10,17.7,10,14.8,10,2202,10
2008-06-18T23:00+00:00,5904,0,0,265,10,271,10,2.4,10,4.8,10,992.2,10,,,73,10,0.0,10,0,10,195.0,0.0,0.0,10,21.0,17.7,0,10,21.2,14.4,0,10,19.5,10,17.6,10,14.0,10,2309,10
2008-06-19T00:00+00:00,5904,0,0,283,10,260,10,1.9,10,4.0,10,992.1,10,,,76,10,0.0,10,0,10,195.0,0.0,0.0,10,20.8,17.7,0,10,21.0,14.4,0,10,19.5,10,16.6,10,12.8,10,57,10
2008-06-19T01:00+00:00,5904,0,0,295,10,275,10,2.8,10,5.3,10,992.0,10,,,77,10,0.0,10,0,10,195.0,0.0,0.0,10,20.6,17.7,0,10,20.9,14.4,0,10,19.5,10,16.6,10,12.2,10,110,10
2008-06-19T02:00+00:00,5904,0,0,2,10,297,10,0.4,10,3.8,10,991.8,10,,,83,10,0.0,10,0,10,195.0,0.0,0.0,10,20.4,17.7,0,10,20.7,14.4,0,10,19.5,10,15.4,10,11.7,10,202,10
2008-06-19T03:00+00:00,5904,2,0,229,10,93,10,0.3,10,2.7,10,991.9,10,,,86,10,0.0,10,0,10,196.0,0.0,0.0,10,20.2,17.7,0,10,20.5,14.4,0,10,19.6,10,14.9,10,11.3,10,301,10
2008-06-19T04:00+00:00,5904,25,0,250,10,262,10,0.7,10,2.2,10,992.0,10,,,88,10,0.0,10,0,10,196.0,0.0,0.0,10,20.0,17.7,0,10,20.3,14.4,0,10,19.6,10,14.4,10,11.5,10,430,10
2008-06-19T05:00+00:00,5904,164,0,82,10,103,10,0.9,10,1.9,10,992.1,10,,,83,10,0.0,10,0,10,196.0,0.0,0.9,10,19.9,17.7,0,10,20.2,14.4,0,10,19.6,10,16.4,10,12.2,10,559,10
2008-06-19T06:00+00:00,5904,327,0,97,10,57,10,1.3,10,2.5,10,992.0,10,,,73,10,0.0,10,0,10,196.0,0.0,1.0,10,19.8,17.7,0,10,20.1,14.4,0,10,19.6,10,19.6,10,14.4,10,616,10
2008-06-19T07:00+00:00,5904,491,0,85,10,74,10,1.5,10,3.2,10,992.0,10,,,64,10,0.0,10,0,10,196.0,0.0,1.0,10,19.9,17.7,0,10,20.2,14.4,0,10,19.6,10,21.6,10,18.4,10,745,10
2008-06-19T08:00+00:00,5904,660,0,92,10,116,10,1.6,10,4.2,10,992.0,10,,,51,10,0.0,10,0,10,196.0,0.0,1.0,10,20.2,17.7,0,10,20.4,14.4,0,10,19.6,10,22.3,10,27.8,10,845,10
2008-06-19T09:00+00:00,5904,845,0,89,10,96,10,1.8,10,5.1,10,991.7,10,,,55,10,0.0,10,0,10,196.0,0.0,1.0,10,20.6,17.7,0,10,20.7,14.4,0,10,19.6,10,24.0,10,33.2,10,933,10
2008-06-19T10:00+00:00,5904,812,0,91,10,92,10,3.1,10,6.5,10,991.5,10,,,54,10,0.0,10,0,10,196.0,0.0,1.0,10,21.2,17.7,0,10,21.2,14.4,0,10,19.6,10,24.6,10,34.5,10,1028,10
2008-06-19T11:00+00:00,5904,628,0,98,10,149,10,2.3,10,7.2,10,991.3,10,,,52,10,0.0,10,0,10,196.0,0.0,0.6,10,21.6,17.7,0,10,21.5,14.4,0,10,19.6,10,24.8,10,28.2,10,1143,10
2008-06-19T12:00+00:00,5904,626,0,86,10,109,10,2.1,10,5.9,10,991.0,10,,,49,10,0.0,10,0,10,196.0,0.0,0.6,10,22.0,17.7,0,10,21.8,14.4,0,10,19.6,10,24.7,10,25.9,10,1208,10
2008-06-19T13:00+00:00,5904,697,0,218,10,251,10,0.1,10,5.7,10,990.5,10,,,45,10,0.0,10,0,10,196.0,0.0,0.8,10,22.4,17.7,0,10,22.1,14.4,0,10,19.6,10,26.3,10,30.0,10,1358,10
2008-06-19T14:00+00:00,5904,791,0,267,10,287,10,3.2,10,7.2,10,990.3,10,,,41,10,0.0,10,0,10,196.0,0.0,1.0,10,22.8,17.7,0,10,22.4,14.4,0,10,19.6,10,27.3,10,24.5,10,1411,10
2008-06-19T15:00+00:00,5904,644,0,263,10,239,10,2.9,10,6.2,10,990.2,10,,,41,10,0.0,10,0,10,196.0,0.0,1.0,10,23.0,17.7,0,10,22.6,14.4,0,10,19.6,10,27.5,10,24.4,10,1513,10
2008-06-19T16:00+00:00,5904,436,0,266,10,268,10,3.4,10,7.2,10,990.0,10,,,42,10,0.0,10,0,10,196.0,0.0,0.8,10,22.9,17.7,0,10,22.7,14.4,0,10,19.6,10,26.9,10,23.4,10,1624,10
2008-06-19T17:00+00:00,5904,297,0,255,10,240,10,2.5,10,6.2,10,989.7,10,,,43,10,0.0,10,0,10,196.0,0.0,1.0,10,22.8,17.7,0,10,22.7,14.4,0,10,19.6,10,25.6,10,21.0,10,1704,10
2008-06-19T18:00+00:00,5904,149,0,258,10,239,10,2.4,10,4.5,10,989.9,10,,,48,10,0.0,10,0,10,196.0,0.0,1.0,10,22.7,17.7,0,10,22.6,14.4,0,10,19.6,10,24.1,10,18.7,10,1841,10
2008-06-19T19:00+00:00,5904,28,0,273,10,271,10,2.5,10,3.9,10,990.4,10,,,55,10,0.0,10,0,10,197.0,0.0,0.5,10,22.4,17.7,0,10,22.4,14.4,0,10,19.7,10,22.4,10,16.3,10,1910,10
2008-06-19T20:00+00:00,5904,0,0,271,10,274,10,3.2,10,4.9,10,991.0,10,,,60,10,0.0,10,0,10,197.0,0.0,0.0,10,22.1,17.7,0,10,22.2,14.4,0,10,19.7,10,20.4,10,14.7,10,2058,10
2008-06-19T21:00+00:00,5904,0,0,277,10,272,10,3.9,10,5.8,10,991.1,10,,,58,10,0.0,10,0,10,197.0,0.0,0.0,10,21.9,17.7,0,10,22.0,14.4,0,10,19.7,10,20.6,10,14.4,10,2146,10
2008-06-19T22:00+00:00,5904,0,0,283,10,276,10,3.5,10,5.2,10,991.3,10,,,58,10,0.0,10,0,10,198.0,0.0,0.0,10,21.6,17.7,0,10,21.8,14.4,0,10,19.8,10,20.3,10,14.1,10,2258,10
2008-06-19T23:00+00:00,5904,0,0,276,10,288,10,3.1,10,5.8,10,991.6,10,,,62,10,0.0,10,0,10,198.0,0.0,0.0,10,21.4,17.7,0,10,21.6,14.4,0,10,19.8,10,19.4,10,13.9,10,2307,10
2008-06-20T00:00+00:00,5904,0,0,280,10,276,10,2.3,10,4.0,10,991.8,10,,,68,10,0.0,10,0,10,198.0,0.0,0.0,10,21.2,17.7,0,10,21.5,14.4,0,10,19.8,10,17.7,10,13.4,10,2,10
2008-06-20T01:00+00:00,5904,0,0,139,10,118,10,0.6,10,2.1,10,992.0,10,,,76,10,0.0,10,0,10,198.0,0.0,0.0,10,21.0,17.7,0,10,21.3,14.4,0,10,19.8,10,16.9,10,12.9,10,142,10
2008-06-20T02:00+00:00,5904,0,0,129,10,127,10,1.7,10,2.7,10,992.2,10,,,79,10,0.0,10,0,10,199.0,0.0,0.0,10,20.8,17.7,0,10,21.1,14.5,0,10,19.9,10,16.4,10,12.3,10,232,10
2008-06-20T03:00+00:00,5904,1,0,210,10,207,10,1.5,10,2.8,10,992.2,10,,,81,10,0.0,10,0,10,199.0,0.0,0.0,10,20.6,17.7,0,10,20.9,14.5,0,10,19.9,10,16.7,10,12.2,10,302,10
2008-06-20T04:00+00:00,5904,28,0,280,10,298,10,1.2,10,7.2,10,992.6,10,,,82,10,0.0,10,0,10,199.0,0.0,0.5,10,20.4,17.7,0,10,20.8,14.5,0,10,19.9,10,17.1,10,12.4,10,459,10
2008-06-20T05:00+00:00,5904,149,0,290,10,286,10,4.5,10,8.7,10,992.9,10,,,65,10,0.0,10,0,10,199.0,0.0,1.0,10,20.4,17.7,0,10,20.7,14.5,0,10,19.9,10,21.0,10,14.0,10,516,10
2008-06-20T06:00+00:00,5904,299,0,294,10,289,10,3.1,10,6.8,10,993.5,10,,,57,10,0.0,10,0,10,199.0,0.0,1.0,10,20.3,17.7,0,10,20.6,14.5,0,10,19.9,10,23.6,10,16.7,10,634,10
2008-06-20T07:00+00:00,5904,474,0,284,10,284,10,4.7,10,8.0,10,993.7,10,,,51,10,0.0,10,0,10,199.0,0.0,1.0,10,20.4,17.7,0,10,20.6,14.5,0,10,19.9,10,24.7,10,20.6,10,734,10
2008-06-20T08:00+00:00,5904,569,0,278,10,286,10,4.4,10,8.7,10,994.2,10,,,48,10,0.0,10,0,10,199.0,0.0,0.9,10,20.7,17.7,0,10,20.8,14.5,0,10,19.9,10,26.0,10,27.6,10,848,10
2008-06-20T09:00+00:00,5904,780,0,261,10,278,10,4.0,10,7.8,10,994.4,10,,,48,10,0.0,10,0,10,199.0,0.0,1.0,10,21.2,17.8,0,10,21.2,14.5,0,10,19.9,10,26.5,10,34.1,10,903,10
2008-06-20T10:00+00:00,5904,854,0,272,10,256,10,4.4,10,11.1,10,994.4,10,,,44,10,0.0,10,0,10,199.0,0.0,1.0,10,21.7,17.8,0,10,21.7,14.5,0,10,19.9,10,26.3,10,35.2,10,1057,10
2008-06-20T11:00+00:00,5904,899,0,259,10,270,10,5.5,10,12.8,10,994.0,10,,,45,10,0.0,10,0,10,199.0,0.0,1.0,10,22.4,17.8,0,10,22.2,14.5,0,10,19.9,10,26.8,10,36.1,10,1101,10
2008-06-20T12:00+00:00,5904,873,0,264,10,280,10,5.1,10,10.2,10,993.6,10,,,43,10,0.0,10,0,10,199.0,0.0,1.0,10,23.0,17.8,0,10,22.6,14.5,0,10,19.9,10,27.7,10,36.5,10,1249,10
2008-06-20T13:00+00:00,5904,747,0,262,10,278,10,5.5,10,11.4,10,993.3,10,,,46,10,0.0,10,0,10,199.0,0.0,1.0,10,23.4,17.8,0,10,22.9,14.5,0,10,19.9,10,27.7,10,33.8,10,1343,10
2008-06-20T14:00+00:00,5904,649,0,268,10,261,10,4.6,10,10.3,10,993.1,10,,,44,10,0.0,10,0,10,199.0,0.0,1.0,10,23.6,17.8,0,10,23.2,14.5,0,10,19.9,10,28.0,10,27.8,10,1437,10
2008-06-20T15:00+00:00,5904,520,0,268,10,279,10,5.0,10,9.8,10,993.1,10,,,44,10,0.0,10,0,10,199.0,0.0,1.0,10,23.6,17.8,0,10,23.3,14.5,0,10,19.9,10,27.5,10,27.1,10,1547,10
2008-06-20T16:00+00:00,5904,417,0,264,10,260,10,4.8,10,10.0,10,993.1,10,,,44,10,0.0,10,0,10,199.0,0.0,1.0,10,23.5,17.8,0,10,23.3,14.5,0,10,19.9,10,27.2,10,24.2,10,1627,10
2008-06-20T17:00+00:00,5904,308,0,269,10,266,10,4.5,10,8.3,10,993.1,10,,,45,10,0.0,10,0,10,199.0,0.0,1.0,10,23.4,17.8,0,10,23.2,14.5,0,10,19.9,10,26.3,10,21.6,10,1707,10
2008-06-20T18:00+00:00,5904,139,0,280,10,291,10,2.8,10,6.6,10,993.5,10,,,48,10,0.0,10,0,10,199.0,0.0,0.9,10,23.2,17.8,0,10,23.1,14.5,0,10,19.9,10,24.8,10,19.5,10,1838,10
2008-06-20T19:00+00:00,5904,26,0,284,10,278,10,2.5,10,3.9,10,993.6,10,,,53,10,0.0,10,0,10,200.0,0.0,0.5,10,22.9,17.8,0,10,22.9,14.5,0,10,20.0,10,22.7,10,17.1,10,2000,10
2008-06-20T20:00+00:00,5904,1,0,291,10,300,10,3.1,10,5.6,10,994.4,10,,,58,10,0.0,10,0,10,200.0,0.0,0.0,10,22.7,17.8,0,10,22.7,14.5,0,10,20.0,10,20.9,10,16.0,10,2031,10
2008-06-20T21:00+00:00,5904,0,0,304,10,311,10,2.9,10,6.2,10,994.9,10,,,60,10,0.0,10,0,10,200.0,0.0,0.0,10,22.4,17.8,0,10,22.5,14.5,0,10,20.0,10,20.5,10,15.5,10,2118,10
2008-06-20T22:00+00:00,5904,0,0,294,10,304,10,0.9,10,2.4,10,995.5,10,,,66,10,0.0,10,0,10,201.0,0.0,0.0,10,22.1,17.8,0,10,22.3,14.5,0,10,20.1,10,19.6,10,14.8,10,2252,10
2008-06-20T23:00+00:00,5904,0,0,275,10,303,10,1.3,10,2.7,10,995.0,10,,,70,10,0.0,10,0,10,201.0,0.0,0.0,10,21.9,17.8,0,10,22.1,14.5,0,10,20.1,10,18.9,10,14.4,10,2335,10
2008-06-21T00:00+00:00,5904,0,0,273,10,269,10,1.2,10,3.1,10,995.1,10,,,73,10,0.0,10,0,10,201.0,0.0,0.0,10,21.7,17.8,0,10,21.9,14.5,0,10,20.1,10,17.7,10,13.5,10,12,10
2008-06-21T01:00+00:00,5904,0,0,299,10,314,10,1.6,10,2.6,10,995.2,10,,,74,10,0.0,10,0,10,201.0,0.0,0.0,10,21.5,17.8,0,10,21.7,14.5,0,10,20.1,10,17.0,10,13.3,10,140,10
2008-06-21T02:00+00:00,5904,0,0,310,10,325,10,1.5,10,3.7,10,995.5,10,,,74,10,0.0,10,0,10,202.0,0.0,0.0,10,21.3,17.8,0,10,21.6,14.5,0,10,20.2,10,17.3,10,12.9,10,259,10
2008-06-21T03:00+00:00,5904,0,0,302,10,335,10,1.3,10,5.1,10,995.4,10,,,74,10,0.0,10,0,10,202.0,0.0,0.0,10,21.1,17.8,0,10,21.4,14.5,0,10,20.2,10,17.6,10,14.2,10,312,10
2008-06-21T04:00+00:00,5904,10,0,284,10,271,10,0.7,10,3.8,10,995.7,10,,,72,10,0.0,10,0,10,202.0,0.0,0.0,10,21.0,17.9,0,10,21.3,14.5,0,10,20.2,10,18.2,10,15.8,10,404,10
2008-06-21T05:00+00:00,5904,100,0,159,10,166,10,0.1,10,2.2,10,996.2,10,,,73,10,0.0,10,0,10,202.0,0.0,0.3,10,21.0,17.9,0,10,21.2,14.5,0,10,20.2,10,19.6,10,16.4,10,527,10
2008-06-21T06:00+00:00,5904,79,0,72,10,81,10,0.5,10,2.3,10,996.6,10,,,78,10,0.0,10,0,10,202.0,0.0,0.0,10,21.0,17.9,0,10,21.2,14.5,0,10,20.2,10,18.9,10,18.6,10,648,10
2008-06-21T07:00+00:00,5904,364,0,129,10,75,10,0.8,10,3.0,10,996.5,10,,,67,10,0.0,10,0,10,202.0,0.0,0.7,10,21.1,17.9,0,10,21.2,14.5,0,10,20.2,10,22.7,10,18.6,10,752,10
2008-06-21T08:00+00:00,5904,620,0,93,10,124,10,1.4,10,3.3,10,996.5,10,,,57,10,0.0,10,0,10,202.0,0.0,1.0,10,21.4,17.9,0,10,21.5,14.5,0,10,20.2,10,25.1,10,28.4,10,847,10
2008-06-21T09:00+00:00,5904,695,0,77,10,76,10,1.5,10,4.0,10,996.4,10,,,50,10,0.0,10,0,10,202.0,0.0,1.0,10,21.8,17.9,0,10,21.8,14.5,0,10,20.2,10,25.7,10,31.9,10,909,10
2008-06-21T10:00+00:00,5904,836,0,86,10,83,10,1.8,10,5.0,10,996.2,10,,,49,10,0.0,10,0,10,202.0,0.0,1.0,10,22.3,17.9,0,10,22.3,14.5,0,10,20.2,10,26.7,10,35.8,10,1048,10
2008-06-21T11:00+00:00,5904,889,0,109,10,132,10,1.3,10,5.0,10,995.8,10,,,47,10,0.0,10,0,10,202.0,0.0,1.0,10,22.9,17.9,0,10,22.8,14.5,0,10,20.2,10,27.8,10,38.4,10,1127,10
2008-06-21T12:00+00:00,5904,793,0,294,10,299,10,2.5,10,7.2,10,995.4,10,,,44,10,0.0,10,0,10,202.0,0.0,0.8,10,23.5,17.9,0,10,23.1,14.5,0,10,20.2,10,28.4,10,33.5,10,1258,10
2008-06-21T13:00+00:00,5904,853,0,271,10,257,10,4.2,10,9.1,10,995.1,10,,,42,10,0.0,10,0,10,202.0,0.0,1.0,10,24.0,17.9,0,10,23.5,14.5,0,10,20.2,10,29.5,10,35.9,10,1316,10
2008-06-21T14:00+00:00,5904,693,0,295,10,334,10,2.5,10,6.2,10,994.9,10,,,42,10,0.0,10,0,10,202.0,0.0,1.0,10,24.3,17.9,0,10,23.8,14.5,0,10,20.2,10,29.6,10,28.1,10,1408,10
2008-06-21T15:00+00:00,5904,632,0,264,10,248,10,3.0,10,7.6,10,994.6,10,,,41,10,0.0,10,0,10,202.0,0.0,1.0,10,24.4,17.9,0,10,24.0,14.5,0,10,20.2,10,30.3,10,27.4,10,1505,10
2008-06-21T16:00+00:00,5904,461,0,308,10,264,10,1.8,10,6.9,10,994.6,10,,,45,10,0.0,10,0,10,202.0,0.0,1.0,10,24.3,17.9,0,10,24.0,14.5,0,10,20.2,10,29.0,10,25.2,10,1628,10
2008-06-21T17:00+00:00,5904,302,0,39,10,68,10,2.7,10,5.8,10,994.7,10,,,48,10,0.0,10,0,10,203.0,0.0,1.0,10,24.2,17.9,0,10,24.0,14.5,0,10,20.3,10,27.7,10,23.5,10,1749,10
2008-06-21T18:00+00:00,5904,150,0,78,10,69,10,3.1,10,6.2,10,994.9,10,,,52,10,0.0,10,0,10,203.0,0.0,1.0,10,24.0,17.9,0,10,23.9,14.5,0,10,20.3,10,26.1,10,21.9,10,1808,10
2008-06-21T19:00+00:00,5904,33,0,57,10,73,10,2.4,10,5.3,10,994.9,10,,,55,10,0.0,10,0,10,203.0,0.0,0.5,10,23.8,17.9,0,10,23.7,14.5,0,10,20.3,10,25.0,10,20.0,10,1918,10
2008-06-21T20:00+00:00,5904,1,0,21,10,28,10,3.0,10,4.4,10,995.4,10,,,58,10,0.0,10,0,10,203.0,0.0,0.0,10,23.5,17.9,0,10,23.5,14.6,0,10,20.3,10,24.1,10,18.5,10,2027,10
2008-06-21T21:00+00:00,5904,0,0,21,10,25,10,2.8,10,4.1,10,995.7,10,,,64,10,0.0,10,0,10,204.0,0.0,0.0,10,23.3,17.9,0,10,23.3,14.5,0,10,20.4,10,22.5,10,17.4,10,2112,10
2008-06-21T22:00+00:00,5904,0,0,17,10,21,10,2.1,10,3.6,10,995.7,10,,,71,10,0.0,10,0,10,204.0,0.0,0.0,10,23.0,18.0,0,10,23.1,14.6,0,10,20.4,10,21.0,10,16.5,10,2211,10
2008-06-21T23:00+00:00,5904,0,0,5,10,32,10,1.2,10,2.5,10,995.9,10,,,75,10,0.0,10,0,10,204.0,0.0,0.0,10,22.8,18.0,0,10,22.9,14.6,0,10,20.4,10,20.3,10,16.0,10,2400,10
2008-06-22T00:00+00:00,5904,0,0,18,10,21,10,1.5,10,3.9,10,996.0,10,,,79,10,0.0,10,0,10,205.0,0.0,0.0,10,22.5,18.0,0,10,22.7,14.6,0,10,20.5,10,19.1,10,15.3,10,53,10
2008-06-22T01:00+00:00,5904,0,0,20,10,25,10,2.3,10,4.5,10,995.9,10,,,80,10,0.0,10,0,10,205.0,0.0,0.0,10,22.3,18.0,0,10,22.5,14.6,0,10,20.5,10,18.9,10,14.8,10,117,10
2008-06-22T02:00+00:00,5904,0,0,17,10,14,10,0.9,10,3.5,10,995.8,10,,,83,10,0.0,10,0,10,205.0,0.0,0.0,10,22.1,18.0,0,10,22.4,14.6,0,10,20.5,10,18.3,10,14.2,10,204,10
2008-06-22T03:00+00:00,5904,1,0,0,10,288,10,0.0,10,1.8,10,995.8,10,,,86,10,0.0,10,0,10,206.0,0.0,0.0,10,21.9,18.0,0,10,22.2,14.6,0,10,20.6,10,17.7,10,14.0,10,313,10
2008-06-22T04:00+00:00,5904,34,0,245,10,270,10,0.5,10,1.6,10,995.7,10,,,86,10,0.0,10,0,10,206.0,0.0,0.6,10,21.7,18.0,0,10,22.0,14.6,0,10,20.6,10,17.8,10,14.0,10,429,10
2008-06-22T05:00+00:00,5904,143,0,90,10,57,10,0.9,10,3.0,10,995.8,10,,,81,10,0.0,10,0,10,206.0,0.0,1.0,10,21.6,18.0,0,10,21.9,14.6,0,10,20.6,10,19.3,10,15.2,10,556,10
2008-06-22T06:00+00:00,5904,293,0,60,10,70,10,1.8,10,3.6,10,995.7,10,,,70,10,0.0,10,0,10,206.0,0.0,1.0,10,21.5,18.0,0,10,21.8,14.6,0,10,20.6,10,21.5,10,17.1,10,646,10
2008-06-22T07:00+00:00,5904,451,0,77,10,79,10,1.2,10,3.1,10,995.6,10,,,67,10,0.0,10,0,10,206.0,0.0,1.0,10,21.6,18.0,0,10,21.8,14.6,0,10,20.6,10,23.5,10,19.9,10,719,10
2008-06-22T08:00+00:00,5904,602,0,96,10,80,10,1.8,10,4.3,10,995.6,10,,,62,10,0.0,10,0,10,206.0,0.0,1.0,10,21.9,18.0,0,10,22.0,14.6,0,10,20.6,10,24.4,10,28.7,10,853,10
2008-06-22T09:00+00:00,5904,729,0,94,10,100,10,2.2,10,4.8,10,995.3,10,,,60,10,0.0,10,0,10,206.0,0.0,1.0,10,22.3,18.0,0,10,22.4,14.6,0,10,20.6,10,25.8,10,34.1,10,944,10
2008-06-22T10:00+00:00,5904,829,0,102,10,81,10,2.4,10,5.4,10,995.1,10,,,60,10,0.0,10,0,10,206.0,0.0,1.0,10,22.8,18.0,0,10,22.9,14.6,0,10,20.6,10,27.3,10,37.4,10,1003,10
2008-06-22T11:00+00:00,5904,862,0,99,10,113,10,3.0,10,6.4,10,994.7,10,,,60,10,0.0,10,0,10,206.0,0.0,1.0,10,23.5,18.0,0,10,23.3,14.6,0,10,20.6,10,28.3,10,39.7,10,1136,10
2008-06-22T12:00+00:00,5904,863,0,101,10,92,10,3.1,10,6.3,10,993.9,10,,,59,10,0.0,10,0,10,206.0,0.0,1.0,10,24.2,18.1,0,10,23.8,14.6,0,10,20.6,10,29.6,10,42.0,10,1214,10
2008-06-22T13:00+00:00,5904,819,0,96,10,96,10,3.0,10,6.8,10,993.4,10,,,56,10,0.0,10,0,10,206.0,0.0,1.0,10,24.7,18.1,0,10,24.2,14.6,0,10,20.6,10,30.7,10,41.9,10,1323,10
2008-06-22T14:00+00:00,5904,742,0,172,10,118,10,2.3,10,6.1,10,992.8,10,,,49,10,0.0,10,0,10,206.0,0.0,1.0,10,25.1,18.1,0,10,24.6,14.6,0,10,20.6,10,31.8,10,28.4,10,1404,10
2008-06-22T15:00+00:00,5904,623,0,155,10,117,10,2.1,10,6.3,10,992.3,10,,,47,10,0.0,10,0,10,206.0,0.0,1.0,10,25.2,18.1,0,10,24.8,14.6,0,10,20.6,10,32.2,10,28.5,10,1532,10
2008-06-22T16:00+00:00,5904,444,0,169,10,179,10,3.3,10,7.0,10,992.1,10,,,47,10,0.0,10,0,10,206.0,0.0,1.0,10,25.2,18.1,0,10,24.8,14.6,0,10,20.6,10,31.4,10,27.5,10,1616,10
2008-06-22T17:00+00:00,5904,291,0,173,10,162,10,3.8,10,8.2,10,991.7,10,,,49,10,0.0,10,0,10,206.0,0.0,1.0,10,25.1,18.1,0,10,24.8,14.6,0,10,20.6,10,30.4,10,26.1,10,1750,10
2008-06-22T18:00+00:00,5904,133,0,183,10,200,10,4.4,10,9.2,10,991.7,10,,,50,10,0.0,10,0,10,207.0,0.0,1.0,10,24.9,18.1,0,10,24.7,14.6,0,10,20.7,10,29.6,10,25.1,10,1856,10
2008-06-22T19:00+00:00,5904,31,0,183,10,170,10,3.8,10,8.2,10,991.4,10,,,55,10,0.0,10,0,10,207.0,0.0,0.4,10,24.6,18.1,0,10,24.5,14.6,0,10,20.7,10,28.1,10,23.3,10,1917,10
2008-06-22T20:00+00:00,5904,1,0,185,10,189,10,3.1,10,6.5,10,991.4,10,,,60,10,0.0,10,0,10,207.0,0.0,0.0,10,24.4,18.1,0,10,24.4,14.6,0,10,20.7,10,27.1,10,22.4,10,2008,10
2008-06-22T21:00+00:00,5904,0,0,206,10,199,10,2.2,10,5.8,10,991.5,10,,,68,10,0.0,10,0,10,208.0,0.0,0.0,10,24.2,18.1,0,10,24.2,14.6,0,10,20.8,10,25.2,10,20.0,10,2113,10
2008-06-22T22:00+00:00,5904,0,0,247,10,194,10,2.0,10,3.3,10,991.4,10,,,78,10,0.0,10,0,10,208.0,0.0,0.0,10,24.0,18.1,0,10,24.0,14.6,0,10,20.8,10,23.5,10,18.9,10,2202,10
2008-06-22T23:00+00:00,5904,0,0,248,10,261,10,2.4,10,3.1,10,991.2,10,,,81,10,0.0,10,0,10,209.0,0.0,0.0,10,23.7,18.1,0,10,23.8,14.6,0,10,20.9,10,22.4,10,18.0,10,2306,10
2008-06-23T00:00+00:00,5904,0,0,248,10,245,10,2.0,10,3.1,10,991.2,10,,,82,10,0.0,10,0,10,209.0,0.0,0.0,10,23.5,18.2,0,10,23.6,14.6,0,10,20.9,10,21.9,10,17.5,10,6,10
2008-06-23T01:00+00:00,5904,0,0,47,10,31,10,0.9,10,3.6,10,991.0,10,,,85,10,0.0,10,0,10,209.0,0.0,0.0,10,23.3,18.2,0,10,23.4,14.6,0,10,20.9,10,20.8,10,16.8,10,143,10
2008-06-23T02:00+00:00,5904,0,0,7,10,30,10,0.7,10,3.7,10,990.9,10,,,86,10,0.0,10,4,10,210.0,0.0,0.0,10,23.1,18.2,0,10,23.3,14.6,0,10,21.0,10,20.4,10,17.1,10,213,10
2008-06-23T03:00+00:00,5904,0,0,246,10,264,10,1.5,10,3.0,10,991.1,10,,,85,10,0.0,10,0,10,210.0,0.0,0.0,10,22.9,18.2,0,10,23.1,14.6,0,10,21.0,10,20.3,10,17.6,10,312,10
2008-06-23T04:00+00:00,5904,19,0,89,10,83,10,0.5,10,3.2,10,991.2,10,,,88,10,0.0,10,0,10,210.0,0.0,0.0,10,22.8,18.2,0,10,23.0,14.6,0,10,21.0,10,20.2,10,17.4,10,459,10
2008-06-23T05:00+00:00,5904,101,0,73,10,99,10,1.2,10,3.2,10,991.9,10,,,84,10,0.0,10,0,10,210.0,0.0,0.5,10,22.7,18.2,0,10,22.9,14.6,0,10,21.0,10,22.1,10,18.0,10,600,10
2008-06-23T06:00+00:00,5904,92,0,78,10,291,10,0.4,10,7.9,10,992.5,10,,,81,10,0.0,10,4,10,210.0,0.0,0.1,10,22.7,18.2,0,10,22.8,14.6,0,10,21.0,10,23.1,10,21.7,10,659,10
2008-06-23T07:00+00:00,5904,157,0,293,10,282,10,5.1,10,12.4,10,993.2,10,,,58,10,0.0,10,3,10,211.0,0.0,0.1,10,22.7,18.2,0,10,22.8,14.6,0,10,21.1,10,26.3,10,22.0,10,744,10
2008-06-23T08:00+00:00,5904,206,0,281,10,308,10,3.8,10,7.6,10,993.1,10,,,65,10,0.0,10,12,10,211.0,0.0,0.2,10,22.8,18.2,0,10,22.9,14.6,0,10,21.1,10,24.5,10,22.6,10,818,10
2008-06-23T09:00+00:00,5904,268,0,284,10,288,10,4.1,10,8.3,10,993.1,10,,,60,10,0.0,10,18,10,211.0,0.0,0.1,10,22.9,18.2,0,10,23.0,14.6,0,10,21.1,10,27.4,10,22.0,10,944,10
2008-06-23T10:00+00:00,5904,463,0,274,10,280,10,2.3,10,6.0,10,993.1,10,,,60,10,0.0,10,0,10,211.0,0.0,0.3,10,23.3,18.2,0,10,23.2,14.6,0,10,21.1,10,27.6,10,30.0,10,1001,10
2008-06-23T11:00+00:00,5904,651,0,280,10,302,10,1.8,10,7.8,10,993.0,10,,,52,10,0.0,10,0,10,211.0,0.0,0.6,10,23.7,18.2,0,10,23.5,14.6,0,10,21.1,10,29.1,10,31.0,10,1159,10
2008-06-23T12:00+00:00,5904,362,0,277,10,270,10,4.0,10,9.6,10,992.6,10,,,51,10,0.0,10,0,10,211.0,0.0,0.2,10,23.9,18.3,0,10,23.7,14.6,0,10,21.1,10,28.1,10,26.6,10,1202,10
2008-06-23T13:00+00:00,5904,439,0,274,10,268,10,3.0,10,7.0,10,992.2,10,,,52,10,0.0,10,0,10,211.0,0.0,0.4,10,24.1,18.3,0,10,23.9,14.7,0,10,21.1,10,28.4,10,30.5,10,1337,10
2008-06-23T14:00+00:00,5904,682,0,269,10,272,10,4.6,10,10.9,10,991.6,10,,,45,10,0.0,10,0,10,211.0,0.0,1.0,10,24.5,18.3,0,10,24.2,14.7,0,10,21.1,10,31.4,10,28.0,10,1414,10
2008-06-23T15:00+00:00,5904,532,0,262,10,263,10,4.1,10,8.1,10,991.4,10,,,46,10,0.0,10,0,10,211.0,0.0,0.9,10,24.7,18.3,0,10,24.4,14.7,0,10,21.1,10,31.6,10,28.0,10,1600,10
2008-06-23T16:00+00:00,5904,424,0,267,10,261,10,3.6,10,6.8,10,991.0,10,,,46,10,0.0,10,0,10,211.0,0.0,1.0,10,24.8,18.3,0,10,24.4,14.7,0,10,21.1,10,31.2,10,27.0,10,1611,10
2008-06-23T17:00+00:00,5904,271,0,261,10,240,10,2.5,10,5.0,10,990.6,10,,,49,10,0.0,10,0,10,211.0,0.0,1.0,10,24.8,18.3,0,10,24.5,14.7,0,10,21.1,10,29.9,10,25.2,10,1711,10
2008-06-23T18:00+00:00,5904,144,0,263,10,247,10,2.3,10,4.4,10,990.8,10,,,56,10,0.0,10,0,10,211.0,0.0,1.0,10,24.6,18.3,0,10,24.4,14.7,0,10,21.1,10,28.5,10,24.3,10,1810,10
2008-06-23T19:00+00:00,5904,34,0,263,10,257,10,2.2,10,3.7,10,991.5,10,,,60,10,0.0,10,0,10,211.0,0.0,0.1,10,24.5,18.3,0,10,24.4,14.7,0,10,21.1,10,27.6,10,23.4,10,1938,10
2008-06-23T20:00+00:00,5904,1,0,261,10,241,10,2.6,10,4.4,10,991.7,10,,,64,10,0.0,10,0,10,212.0,0.0,0.0,10,24.3,18.3,0,10,24.2,14.7,0,10,21.2,10,26.1,10,22.1,10,2028,10
2008-06-23T21:00+00:00,5904,0,0,251,10,292,10,2.4,10,6.2,10,992.2,10,,,62,10,0.0,10,4,10,212.0,0.0,0.0,10,24.2,18.3,0,10,24.1,14.7,0,10,21.2,10,25.8,10,21.7,10,2158,10
2008-06-23T22:00+00:00,5904,0,0,279,10,288,10,2.5,10,7.6,10,992.7,10,,,59,10,0.0,10,3,10,212.0,0.0,0.0,10,24.0,18.4,0,10,24.0,14.7,0,10,21.2,10,24.8,10,20.9,10,2225,10
2008-06-23T23:00+00:00,5904,0,0,86,10,36,10,0.1,10,4.7,10,992.9,10,,,63,10,0.0,10,0,10,212.0,0.0,0.0,10,23.8,18.4,0,10,23.8,14.7,0,10,21.2,10,23.4,10,20.2,10,2307,10
2008-06-24T00:00+00:00,5904,0,0,252,10,248,10,1.8,10,5.2,10,992.9,10,,,65,10,0.0,10,0,10,212.0,0.0,0.0,10,23.6,18.4,0,10,23.7,14.7,0,10,21.2,10,22.0,10,19.3,10,13,10
2008-06-24T01:00+00:00,5904,0,0,322,10,299,10,1.2,10,3.4,10,992.5,10,,,67,10,0.0,10,0,10,213.0,0.0,0.0,10,23.4,18.4,0,10,23.5,14.7,0,10,21.3,10,21.1,10,16.9,10,159,10
2008-06-24T02:00+00:00,5904,0,0,264,10,226,10,2.3,10,5.1,10,992.4,10,,,68,10,0.0,10,0,10,213.0,0.0,0.0,10,23.2,18.4,0,10,23.3,14.7,0,10,21.3,10,20.3,10,16.3,10,238,10
2008-06-24T03:00+00:00,5904,1,0,288,10,275,10,3.1,10,8.5,10,992.1,10,,,60,10,0.0,10,0,10,213.0,0.0,0.0,10,23.0,18.4,0,10,23.2,14.7,0,10,21.3,10,22.4,10,16.1,10,352,10
2008-06-24T04:00+00:00,5904,25,0,283,10,304,10,3.4,10,8.1,10,992.3,10,,,64,10,0.0,10,0,10,213.0,0.0,0.3,10,22.8,18.4,0,10,23.0,14.7,0,10,21.3,10,21.5,10,17.2,10,500,10
2008-06-24T05:00+00:00,5904,129,0,274,10,282,10,3.8,10,6.3,10,992.6,10,,,64,10,0.0,10,0,10,213.0,0.0,1.0,10,22.7,18.4,0,10,22.9,14.7,0,10,21.3,10,22.3,10,17.5,10,549,10
2008-06-24T06:00+00:00,5904,280,0,283,10,277,10,3.8,10,7.3,10,993.1,10,,,61,10,0.0,10,0,10,213.0,0.0,1.0,10,22.6,18.4,0,10,22.8,14.7,0,10,21.3,10,24.1,10,19.3,10,648,10
2008-06-24T07:00+00:00,5904,411,0,272,10,305,10,1.8,10,5.4,10,992.6,10,,,60,10,0.0,10,0,10,213.0,0.0,0.8,10,22.7,18.4,0,10,22.8,14.7,0,10,21.3,10,24.6,10,22.9,10,702,10
2008-06-24T08:00+00:00,5904,383,0,327,10,315,10,1.9,10,5.7,10,993.0,10,,,60,10,0.0,10,0,10,213.0,0.0,0.4,10,22.9,18.4,0,10,22.9,14.7,0,10,21.3,10,25.1,10,26.7,10,856,10
2008-06-24T09:00+00:00,5904,583,0,337,10,339,10,1.8,10,4.2,10,992.7,10,,,60,10,0.0,10,0,10,213.0,0.0,0.8,10,23.2,18.5,0,10,23.2,14.7,0,10,21.3,10,26.4,10,29.3,10,916,10
2008-06-24T10:00+00:00,5904,813,0,30,10,20,10,3.0,10,6.5,10,992.4,10,,,60,10,0.0,10,0,10,213.0,0.0,1.0,10,23.7,18.5,0,10,23.7,14.7,0,10,21.3,10,27.1,10,34.9,10,1038,10
2008-06-24T11:00+00:00,5904,864,0,23,10,35,10,3.0,10,6.3,10,992.3,10,,,58,10,0.0,10,0,10,213.0,0.0,1.0,10,24.4,18.5,0,10,24.2,14.7,0,10,21.3,10,27.7,10,38.6,10,1107,10
2008-06-24T12:00+00:00,5904,862,0,31,10,54,10,3.3,10,6.4,10,991.8,10,,,55,10,0.0,10,0,10,213.0,0.0,1.0,10,25.1,18.5,0,10,24.6,14.7,0,10,21.3,10,28.4,10,39.0,10,1225,10
2008-06-24T13:00+00:00,5904,596,0,4,10,30,10,2.5,10,5.6,10,991.3,10,,,54,10,0.0,10,0,10,213.0,0.0,0.7,10,25.4,18.5,0,10,24.9,14.7,0,10,21.3,10,27.8,10,28.3,10,1301,10
2008-06-24T14:00+00:00,5904,142,0,17,10,16,10,3.3,10,6.3,10,991.9,10,,,59,10,0.0,10,17,10,213.0,0.0,0.0,10,25.2,18.5,0,10,24.9,14.7,0,10,21.3,10,26.3,10,25.0,10,1412,10
2008-06-24T15:00+00:00,5904,27,0,304,10,293,10,3.4,10,22.2,10,993.2,10,,,91,10,16.4,10,38,10,213.0,0.0,0.0,10,24.2,18.5,0,10,24.3,14.7,0,10,21.3,10,19.5,10,17.8,10,1529,10
2008-06-24T16:00+00:00,5904,63,0,308,10,356,10,0.2,10,4.4,10,993.4,10,,,91,10,0.0,10,8,10,213.0,0.0,0.0,10,23.9,18.5,0,10,24.1,14.7,0,10,21.3,10,20.6,10,19.0,10,1655,10
2008-06-24T17:00+00:00,5904,120,0,346,10,23,10,0.4,10,3.1,10,992.6,10,,,90,10,0.0,10,3,10,214.0,0.0,0.1,10,23.8,18.5,0,10,23.9,14.7,0,10,21.4,10,21.0,10,21.2,10,1718,10
2008-06-24T18:00+00:00,5904,147,0,340,10,12,10,1.6,10,4.5,10,992.6,10,,,89,10,0.0,10,0,10,214.0,0.0,1.0,10,23.7,18.6,0,10,23.8,14.7,0,10,21.4,10,20.8,10,19.3,10,1828,10
2008-06-24T19:00+00:00,5904,34,0,328,10,348,10,1.6,10,3.3,10,992.8,10,,,91,10,0.0,10,0,10,214.0,0.0,0.5,10,23.6,18.6,0,10,23.7,14.7,0,10,21.4,10,19.6,10,17.5,10,1949,10
2008-06-24T20:00+00:00,5904,1,0,255,10,276,10,0.8,10,2.2,10,993.3,10,,,92,10,0.0,10,0,10,214.0,0.0,0.0,10,23.4,18.6,0,10,23.5,14.7,0,10,21.4,10,18.9,10,16.3,10,2055,10
2008-06-24T21:00+00:00,5904,0,0,284,10,307,10,2.3,10,3.7,10,993.6,10,,,91,10,0.0,10,0,10,214.0,0.0,0.0,10,23.2,18.6,0,10,23.4,14.7,0,10,21.4,10,18.6,10,16.0,10,2153,10
2008-06-24T22:00+00:00,5904,0,0,302,10,290,10,1.9,10,3.8,10,993.1,10,,,92,10,0.0,10,0,10,215.0,0.0,0.0,10,23.0,18.6,0,10,23.2,14.7,0,10,21.5,10,17.8,10,15.4,10,2209,10
2008-06-24T23:00+00:00,5904,0,0,157,10,148,10,1.3,10,3.9,10,993.4,10,,,92,10,0.0,10,0,10,215.0,0.0,0.0,10,22.8,18.6,0,10,23.0,14.7,0,10,21.5,10,17.6,10,15.2,10,2309,10
2008-06-25T00:00+00:00,5904,0,0,41,10,41,10,1.2,10,3.1,10,993.7,10,,,92,10,0.0,10,0,10,215.0,0.0,0.0,10,22.6,18.6,0,10,22.8,14.7,0,10,21.5,10,17.2,10,14.8,10,59,10
2008-06-25T01:00+00:00,5904,0,0,16,10,49,10,1.4,10,3.5,10,993.4,10,,,92,10,0.0,10,0,10,215.0,0.0,0.0,10,22.4,18.6,0,10,22.7,14.7,0,10,21.5,10,17.6,10,14.8,10,200,10
2008-06-25T02:00+00:00,5904,0,0,298,10,287,10,1.1,10,2.2,10,993.3,10,,,92,10,0.0,10,0,10,215.0,0.0,0.0,10,22.3,18.6,0,10,22.6,14.7,0,10,21.5,10,17.6,10,15.9,10,249,10
2008-06-25T03:00+00:00,5904,1,0,273,10,301,10,0.5,10,1.8,10,993.1,10,,,92,10,0.0,10,0,10,215.0,0.0,0.0,10,22.2,18.6,0,10,22.4,14.7,0,10,21.5,10,17.3,10,14.9,10,301,10
2008-06-25T04:00+00:00,5904,26,0,36,10,52,10,0.9,10,1.9,10,993.2,10,,,93,10,0.0,10,0,10,215.0,0.0,0.2,10,22.0,18.7,0,10,22.3,14.8,0,10,21.5,10,16.8,10,15.1,10,439,10
2008-06-25T05:00+00:00,5904,104,0,61,10,86,10,0.6,10,2.0,10,993.2,10,,,93,10,0.0,10,0,10,215.0,0.0,0.8,10,21.9,18.7,0,10,22.2,14.7,0,10,21.5,10,17.6,10,16.1,10,557,10
2008-06-25T06:00+00:00,5904,153,0,93,10,78,10,1.0,10,2.4,10,993.4,10,,,93,10,0.0,10,0,10,215.0,0.0,0.1,10,21.9,18.7,0,10,22.2,14.8,0,10,21.5,10,18.4,10,18.6,10,606,10
2008-06-25T07:00+00:00,5904,386,0,100,10,103,10,1.0,10,3.0,10,993.5,10,,,83,10,0.0,10,0,10,215.0,0.0,0.9,10,22.0,18.7,0,10,22.2,14.8,0,10,21.5,10,21.5,10,21.4,10,757,10
2008-06-25T08:00+00:00,5904,568,0,88,10,95,10,2.4,10,5.0,10,993.0,10,,,77,10,0.0,10,0,10,215.0,0.0,1.0,10,22.2,18.7,0,10,22.4,14.8,0,10,21.5,10,23.4,10,26.1,10,824,10
2008-06-25T09:00+00:00,5904,697,0,105,10,101,10,3.0,10,5.4,10,992.9,10,,,73,10,0.0,10,0,10,215.0,0.0,1.0,10,22.6,18.7,0,10,22.6,14.8,0,10,21.5,10,24.5,10,30.4,10,959,10
2008-06-25T10:00+00:00,5904,784,0,117,10,123,10,3.4,10,7.4,10,992.5,10,,,67,10,0.0,10,0,10,214.0,0.0,1.0,10,23.0,18.7,0,10,23.0,14.8,0,10,21.4,10,25.8,10,33.7,10,1025,10
2008-06-25T11:00+00:00,5904,846,0,133,10,117,10,3.9,10,9.3,10,991.8,10,,,59,10,0.0,10,0,10,214.0,0.0,1.0,10,23.6,18.7,0,10,23.5,14.8,0,10,21.4,10,26.5,10,37.6,10,1123,10
2008-06-25T12:00+00:00,5904,853,0,135,10,130,10,4.3,10,9.0,10,991.3,10,,,54,10,0.0,10,0,10,214.0,0.0,1.0,10,24.2,18.7,0,10,23.9,14.8,0,10,21.4,10,27.1,10,38.6,10,1213,10
2008-06-25T13:00+00:00,5904,796,0,148,10,116,10,3.2,10,7.6,10,990.4,10,,,56,10,0.0,10,0,10,214.0,0.0,1.0,10,24.6,18.7,0,10,24.3,14.8,0,10,21.4,10,28.2,10,37.9,10,1302,10
2008-06-25T14:00+00:00,5904,699,0,144,10,139,10,3.9,10,9.7,10,989.6,10,,,53,10,0.0,10,0,10,214.0,0.0,1.0,10,25.0,18.7,0,10,24.6,14.8,0,10,21.4,10,29.4,10,28.2,10,1410,10
2008-06-25T15:00+00:00,5904,570,0,138,10,159,10,4.2,10,8.9,10,988.8,10,,,52,10,0.0,10,0,10,214.0,0.0,1.0,10,25.1,18.7,0,10,24.8,14.8,0,10,21.4,10,29.3,10,28.4,10,1548,10
2008-06-25T16:00+00:00,5904,405,0,138,10,124,10,4.5,10,9.5,10,988.1,10,,,55,10,0.0,10,0,10,214.0,0.0,1.0,10,25.2,18.7,0,10,24.9,14.8,0,10,21.4,10,29.2,10,27.7,10,1659,10
2008-06-25T17:00+00:00,5904,256,0,142,10,138,10,4.6,10,10.3,10,987.7,10,,,55,10,0.0,10,0,10,214.0,0.0,1.0,10,25.1,18.7,0,10,24.9,14.8,0,10,21.4,10,28.8,10,26.2,10,1720,10
2008-06-25T18:00+00:00,5904,131,0,147,10,156,10,3.3,10,8.2,10,986.8,10,,,60,10,0.0,10,0,10,214.0,0.0,1.0,10,25.0,18.8,0,10,24.9,14.8,0,10,21.4,10,27.9,10,24.9,10,1803,10
2008-06-25T19:00+00:00,5904,20,0,141,10,128,10,2.7,10,7.0,10,987.1,10,,,62,10,0.0,10,0,10,214.0,0.0,0.0,10,24.9,18.8,0,10,24.8,14.8,0,10,21.4,10,26.8,10,22.6,10,1906,10
2008-06-25T20:00+00:00,5904,0,0,333,10,341,10,0.7,10,4.6,10,989.4,10,,,89,10,2.0,10,19,10,215.0,0.0,0.0,10,24.7,18.8,0,10,24.7,14.8,0,10,21.5,10,24.1,10,22.4,10,2033,10
2008-06-25T21:00+00:00,5904,0,0,288,10,302,10,9.1,10,28.5,10,994.4,10,,,84,10,23.0,10,42,10,215.0,0.0,0.0,10,24.1,18.8,0,10,24.1,14.8,0,10,21.5,10,19.0,10,17.6,10,2142,10
2008-06-25T22:00+00:00,5904,0,0,284,10,293,10,9.2,10,19.1,10,993.0,10,,,86,10,3.5,10,58,10,215.0,0.0,0.0,10,23.6,18.8,0,10,23.8,14.8,0,10,21.5,10,18.9,10,17.6,10,2235,10
2008-06-25T23:00+00:00,5904,0,0,289,10,284,10,4.4,10,12.6,10,990.7,10,,,90,10,1.1,10,43,10,216.0,0.0,0.0,10,23.3,18.8,0,10,23.6,14.8,0,10,21.6,10,18.4,10,17.7,10,2304,10
2008-06-26T00:00+00:00,5904,0,0,279,10,268,10,5.7,10,12.8,10,991.6,10,,,82,10,0.0,10,0,10,216.0,0.0,0.0,10,23.1,18.8,0,10,23.4,14.8,0,10,21.6,10,19.1,10,17.6,10,41,10
2008-06-26T01:00+00:00,5904,0,0,276,10,270,10,7.6,10,14.0,10,992.3,10,,,74,10,0.0,10,0,10,216.0,0.0,0.0,10,23.0,18.8,0,10,23.3,14.8,0,10,21.6,10,20.5,10,17.6,10,115,10
2008-06-26T02:00+00:00,5904,0,0,280,10,279,10,3.7,10,12.8,10,992.8,10,,,84,10,0.0,10,0,10,217.0,0.0,0.0,10,22.9,18.8,0,10,23.1,14.8,0,10,21.7,10,19.5,10,17.9,10,201,10
2008-06-26T03:00+00:00,5904,0,0,254,10,211,10,3.2,10,7.4,10,993.5,10,,,88,10,0.0,10,0,10,217.0,0.0,0.0,10,22.8,18.8,0,10,23.0,14.8,0,10,21.7,10,19.1,10,17.9,10,400,10
2008-06-26T04:00+00:00,5904,18,0,272,10,263,10,4.1,10,7.6,10,993.7,10,,,85,10,0.0,10,0,10,217.0,0.0,0.0,10,22.7,18.8,0,10,22.9,14.8,0,10,21.7,10,19.5,10,17.7,10,423,10
2008-06-26T05:00+00:00,5904,114,0,283,10,285,10,3.7,10,7.0,10,994.2,10,,,81,10,0.0,10,0,10,217.0,0.0,0.7,10,22.6,18.8,0,10,22.9,14.8,0,10,21.7,10,20.8,10,17.7,10,527,10
2008-06-26T06:00+00:00,5904,264,0,273,10,278,10,3.5,10,6.7,10,994.5,10,,,75,10,0.0,10,0,10,217.0,0.0,1.0,10,22.6,18.8,0,10,22.8,14.8,0,10,21.7,10,22.9,10,19.4,10,700,10
2008-06-26T07:00+00:00,5904,349,0,276,10,275,10,3.3,10,6.2,10,994.6,10,,,72,10,0.0,10,0,10,217.0,0.0,0.7,10,22.7,18.8,0,10,22.8,14.9,0,10,21.7,10,23.2,10,22.2,10,732,10
2008-06-26T08:00+00:00,5904,362,0,287,10,299,10,2.9,10,5.6,10,994.8,10,,,69,10,0.0,10,0,10,217.0,0.0,0.4,10,22.8,18.8,0,10,22.9,14.9,0,10,21.7,10,24.0,10,24.2,10,855,10
2008-06-26T09:00+00:00,5904,538,0,275,10,291,10,2.8,10,5.7,10,994.8,10,,,63,10,0.0,10,3,10,217.0,0.0,0.7,10,23.0,18.9,0,10,23.1,14.9,0,10,21.7,10,25.4,10,25.8,10,915,10
2008-06-26T10:00+00:00,5904,564,0,299,10,257,10,2.4,10,6.5,10,995.0,10,,,61,10,0.0,10,0,10,217.0,0.0,0.6,10,23.4,18.9,0,10,23.3,14.9,0,10,21.7,10,25.4,10,29.9,10,1006,10
2008-06-26T11:00+00:00,5904,458,0,284,10,270,10,2.1,10,5.7,10,994.8,10,,,61,10,0.0,10,0,10,217.0,0.0,0.4,10,23.6,18.9,0,10,23.5,14.9,0,10,21.7,10,26.0,10,26.8,10,1108,10
2008-06-26T12:00+00:00,5904,460,0,308,10,280,10,2.3,10,5.4,10,994.3,10,,,62,10,0.0,10,0,10,217.0,0.0,0.3,10,23.9,18.9,0,10,23.7,14.9,0,10,21.7,10,25.9,10,28.1,10,1211,10
2008-06-26T13:00+00:00,5904,459,0,360,10,35,10,2.4,10,5.3,10,994.0,10,,,63,10,0.0,10,0,10,217.0,0.0,0.3,10,24.0,18.9,0,10,23.9,14.9,0,10,21.7,10,26.0,10,28.1,10,1344,10
2008-06-26T14:00+00:00,5904,459,0,17,10,20,10,2.4,10,5.5,10,994.0,10,,,60,10,0.0,10,0,10,217.0,0.0,0.4,10,24.3,18.9,0,10,24.1,14.9,0,10,21.7,10,26.1,10,28.4,10,1445,10
2008-06-26T15:00+00:00,5904,316,0,4,10,335,10,3.6,10,7.7,10,994.0,10,,,63,10,0.0,10,0,10,217.0,0.0,0.3,10,24.4,18.9,0,10,24.2,14.9,0,10,21.7,10,25.0,10,25.0,10,1555,10
2008-06-26T16:00+00:00,5904,158,0,340,10,327,10,2.9,10,10.0,10,994.0,10,,,88,10,4.2,10,20,10,217.0,0.0,0.1,10,24.3,18.9,0,10,24.2,14.9,0,10,21.7,10,21.9,10,21.8,10,1617,10
2008-06-26T17:00+00:00,5904,102,0,340,10,321,10,1.4,10,4.1,10,993.8,10,,,89,10,0.0,10,1,10,217.0,0.0,0.0,10,24.2,18.9,0,10,24.2,14.9,0,10,21.7,10,21.4,10,21.1,10,1704,10
2008-06-26T18:00+00:00,5904,26,0,329,10,5,10,1.0,10,5.2,10,994.0,10,,,89,10,0.0,10,13,10,217.0,0.0,0.0,10,24.1,18.9,0,10,24.1,14.9,0,10,21.7,10,21.0,10,20.5,10,1857,10
2008-06-26T19:00+00:00,5904,1,0,353,10,302,10,1.0,10,4.8,10,993.2,10,,,92,10,0.6,10,19,10,217.0,0.0,0.0,10,24.0,18.9,0,10,24.0,14.9,0,10,21.7,10,19.8,10,19.3,10,1949,10
2008-06-26T20:00+00:00,5904,0,0,117,10,95,10,0.8,10,3.3,10,994.2,10,,,92,10,1.2,10,60,10,217.0,0.0,0.0,10,23.8,18.9,0,10,23.9,14.9,0,10,21.7,10,19.3,10,19.1,10,2053,10
2008-06-26T21:00+00:00,5904,0,0,247,10,281,10,1.3,10,3.5,10,994.9,10,,,92,10,1.7,10,60,10,217.0,0.0,0.0,10,23.7,19.0,0,10,23.8,14.9,0,10,21.7,10,19.5,10,18.8,10,2159,10
2008-06-26T22:00+00:00,5904,0,0,226,10,276,10,1.5,10,5.0,10,995.1,10,,,92,10,4.4,10,60,10,217.0,0.0,0.0,10,23.5,19.0,0,10,23.6,14.9,0,10,21.7,10,19.4,10,18.9,10,2204,10
2008-06-26T23:00+00:00,5904,0,0,217,10,178,10,1.6,10,4.8,10,994.3,10,,,92,10,1.8,10,59,10,218.0,0.0,0.0,10,23.3,19.0,0,10,23.5,14.9,0,10,21.8,10,19.1,10,18.8,10,2325,10
2008-06-27T00:00+00:00,5904,0,0,247,10,215,10,1.3,10,3.6,10,994.3,10,,,92,10,0.2,10,17,10,218.0,0.0,0.0,10,23.2,19.0,0,10,23.4,14.9,0,10,21.8,10,19.1,10,18.7,10,13,10
2008-06-27T01:00+00:00,5904,0,0,237,10,223,10,0.4,10,2.0,10,992.7,10,,,92,10,0.1,10,4,10,218.0,0.0,0.0,10,23.1,19.0,0,10,23.3,14.9,0,10,21.8,10,18.7,10,18.2,10,114,10
2008-06-27T02:00+00:00,5904,0,0,355,10,11,10,0.1,10,2.6,10,992.3,10,,,92,10,0.0,10,0,10,218.0,0.0,0.0,10,23.0,19.0,0,10,23.2,14.9,0,10,21.8,10,18.5,10,17.5,10,221,10
2008-06-27T03:00+00:00,5904,0,0,229,10,238,10,1.1,10,3.1,10,992.4,10,,,92,10,0.0,10,0,10,218.0,0.0,0.0,10,22.9,19.0,0,10,23.1,14.9,0,10,21.8,10,18.2,10,17.5,10,310,10
2008-06-27T04:00+00:00,5904,14,0,201,10,252,10,0.6,10,2.4,10,992.4,10,,,92,10,0.0,10,0,10,218.0,0.0,0.0,10,22.7,19.0,0,10,23.0,14.9,0,10,21.8,10,18.3,10,17.5,10,448,10
2008-06-27T05:00+00:00,5904,82,0,269,10,257,10,1.0,10,3.1,10,992.8,10,,,91,10,0.0,10,0,10,218.0,0.0,0.0,10,22.7,19.0,0,10,22.9,14.9,0,10,21.8,10,18.7,10,17.9,10,551,10
2008-06-27T06:00+00:00,5904,211,0,278,10,274,10,1.4,10,5.7,10,993.0,10,,,86,10,0.0,10,0,10,218.0,0.0,0.6,10,22.6,19.0,0,10,22.8,14.9,0,10,21.8,10,20.0,10,19.7,10,659,10
2008-06-27T07:00+00:00,5904,392,0,281,10,279,10,3.6,10,7.6,10,992.9,10,,,75,10,0.0,10,0,10,218.0,0.0,1.0,10,22.7,19.0,0,10,22.9,14.9,0,10,21.8,10,21.7,10,21.0,10,754,10
2008-06-27T08:00+00:00,5904,564,0,271,10,281,10,3.1,10,7.8,10,992.9,10,,,64,10,0.0,10,0,10,218.0,0.0,1.0,10,22.8,19.0,0,10,22.9,14.9,0,10,21.8,10,23.2,10,25.3,10,859,10
2008-06-27T09:00+00:00,5904,570,0,287,10,281,10,4.1,10,8.3,10,992.8,10,,,57,10,0.0,10,0,10,218.0,0.0,0.7,10,23.1,19.0,0,10,23.1,15.0,0,10,21.8,10,24.4,10,24.8,10,929,10
2008-06-27T10:00+00:00,5904,647,0,280,10,278,10,3.6,10,7.1,10,992.6,10,,,50,10,0.0,10,0,10,218.0,0.0,0.7,10,23.4,19.0,0,10,23.3,15.0,0,10,21.8,10,25.0,10,28.1,10,1052,10
2008-06-27T11:00+00:00,5904,900,0,289,10,288,10,3.1,10,6.8,10,992.3,10,,,46,10,0.0,10,0,10,218.0,0.0,1.0,10,23.8,19.0,0,10,23.7,15.0,0,10,21.8,10,26.5,10,34.3,10,1118,10
2008-06-27T12:00+00:00,5904,208,0,264,10,289,10,3.3,10,6.2,10,992.4,10,,,55,10,0.0,10,17,10,218.0,0.0,0.0,10,24.0,19.0,0,10,23.8,15.0,0,10,21.8,10,23.8,10,23.3,10,1255,10
2008-06-27T13:00+00:00,5904,248,0,257,10,283,10,3.9,10,8.4,10,991.9,10,,,77,10,0.3,10,44,10,218.0,0.0,0.0,10,24.0,19.1,0,10,23.9,15.0,0,10,21.8,10,22.2,10,21.9,10,1350,10
2008-06-27T14:00+00:00,5904,458,0,255,10,255,10,4.3,10,10.1,10,991.5,10,,,57,10,0.0,10,4,10,218.0,0.0,0.4,10,24.1,19.1,0,10,24.0,15.0,0,10,21.8,10,24.3,10,22.1,10,1458,10
2008-06-27T15:00+00:00,5904,623,0,264,10,276,10,6.0,10,12.4,10,991.4,10,,,52,10,0.0,10,0,10,218.0,0.0,0.9,10,24.2,19.1,0,10,24.1,15.0,0,10,21.8,10,25.3,10,23.4,10,1555,10
2008-06-27T16:00+00:00,5904,481,0,268,10,266,10,6.5,10,12.2,10,991.1,10,,,52,10,0.0,10,0,10,218.0,0.0,1.0,10,24.3,19.1,0,10,24.1,15.0,0,10,21.8,10,25.0,10,22.2,10,1615,10
2008-06-27T17:00+00:00,5904,318,0,272,10,277,10,5.7,10,11.5,10,991.1,10,,,54,10,0.0,10,0,10,218.0,0.0,1.0,10,24.3,19.1,0,10,24.1,15.0,0,10,21.8,10,24.3,10,20.7,10,1800,10
2008-06-27T18:00+00:00,5904,138,0,272,10,276,10,5.5,10,11.0,10,991.5,10,,,57,10,0.0,10,0,10,218.0,0.0,0.8,10,24.1,19.1,0,10,24.1,15.0,0,10,21.8,10,23.0,10,19.0,10,1810,10
2008-06-27T19:00+00:00,5904,40,0,274,10,268,10,5.3,10,9.7,10,991.8,10,,,60,10,0.0,10,0,10,218.0,0.0,0.5,10,24.0,19.1,0,10,24.0,15.0,0,10,21.8,10,22.5,10,18.9,10,1926,10
2008-06-27T20:00+00:00,5904,1,0,285,10,283,10,4.4,10,8.0,10,992.6,10,,,64,10,0.0,10,0,10,218.0,0.0,0.0,10,23.8,19.1,0,10,23.9,15.0,0,10,21.8,10,21.7,10,17.4,10,2001,10
2008-06-27T21:00+00:00,5904,0,0,291,10,294,10,4.3,10,8.2,10,993.2,10,,,56,10,0.0,10,0,10,219.0,0.0,0.0,10,23.6,19.1,0,10,23.7,15.0,0,10,21.9,10,22.2,10,17.4,10,2112,10
2008-06-27T22:00+00:00,5904,0,0,309,10,316,10,4.0,10,7.6,10,993.8,10,,,54,10,0.0,10,0,10,219.0,0.0,0.0,10,23.4,19.1,0,10,23.6,15.0,0,10,21.9,10,21.1,10,15.7,10,2257,10
2008-06-27T23:00+00:00,5904,0,0,321,10,335,10,4.3,10,9.2,10,994.3,10,,,55,10,0.0,10,0,10,219.0,0.0,0.0,10,23.2,19.1,0,10,23.4,15.0,0,10,21.9,10,20.2,10,15.3,10,2312,10
2008-06-28T00:00+00:00,5904,0,0,314,10,315,10,3.0,10,6.3,10,995.2,10,,,59,10,0.0,10,0,10,219.0,0.0,0.0,10,23.0,19.1,0,10,23.3,15.0,0,10,21.9,10,18.8,10,14.2,10,5,10
2008-06-28T01:00+00:00,5904,0,0,310,10,305,10,3.3,10,6.6,10,995.5,10,,,57,10,0.0,10,0,10,219.0,0.0,0.0,10,22.8,19.1,0,10,23.1,15.0,0,10,21.9,10,18.6,10,14.0,10,143,10
2008-06-28T02:00+00:00,5904,0,0,308,10,291,10,3.4,10,6.8,10,995.6,10,,,56,10,0.0,10,0,10,219.0,0.0,0.0,10,22.6,19.1,0,10,22.9,15.0,0,10,21.9,10,18.0,10,13.4,10,208,10
2008-06-28T03:00+00:00,5904,1,0,310,10,312,10,3.1,10,5.7,10,996.1,10,,,59,10,0.0,10,0,10,219.0,0.0,0.0,10,22.4,19.2,0,10,22.8,15.0,0,10,21.9,10,17.2,10,12.8,10,309,10
2008-06-28T04:00+00:00,5904,18,0,305,10,310,10,3.7,10,6.9,10,996.0,10,,,58,10,0.0,10,0,10,219.0,0.0,0.2,10,22.3,19.2,0,10,22.6,15.0,0,10,21.9,10,17.7,10,12.9,10,427,10
2008-06-28T05:00+00:00,5904,75,0,308,10,316,10,3.8,10,7.4,10,996.1,10,,,59,10,0.0,10,0,10,219.0,0.0,0.0,10,22.1,19.2,0,10,22.5,15.0,0,10,21.9,10,18.2,10,15.1,10,504,10
2008-06-28T06:00+00:00,5904,204,0,292,10,318,10,2.2,10,4.6,10,996.6,10,,,59,10,0.0,10,0,10,219.0,0.0,0.7,10,22.1,19.2,0,10,22.4,15.0,0,10,21.9,10,19.7,10,17.2,10,601,10
2008-06-28T07:00+00:00,5904,424,0,276,10,298,10,2.2,10,4.8,10,996.5,10,,,52,10,0.0,10,0,10,219.0,0.0,1.0,10,22.1,19.2,0,10,22.4,15.0,0,10,21.9,10,22.0,10,19.0,10,722,10
2008-06-28T08:00+00:00,5904,633,0,293,10,295,10,2.5,10,6.6,10,996.2,10,,,50,10,0.0,10,0,10,219.0,0.0,1.0,10,22.3,19.2,0,10,22.5,15.0,0,10,21.9,10,23.0,10,26.2,10,848,10
2008-06-28T09:00+00:00,5904,728,0,267,10,268,10,3.8,10,9.1,10,995.7,10,,,52,10,0.0,10,0,10,219.0,0.0,0.9,10,22.5,19.2,0,10,22.7,15.0,0,10,21.9,10,23.7,10,31.3,10,942,10
2008-06-28T10:00+00:00,5904,786,0,266,10,269,10,4.1,10,9.8,10,995.5,10,,,51,10,0.0,10,0,10,219.0,0.0,0.9,10,22.9,19.2,0,10,23.0,15.0,0,10,21.9,10,23.9,10,32.6,10,1049,10
2008-06-28T11:00+00:00,5904,750,0,264,10,243,10,4.6,10,9.4,10,995.1,10,,,49,10,0.0,10,0,10,219.0,0.0,0.8,10,23.3,19.2,0,10,23.2,15.1,0,10,21.9,10,24.8,10,29.9,10,1102,10
2008-06-28T12:00+00:00,5904,814,0,268,10,284,10,4.9,10,10.8,10,994.9,10,,,50,10,0.0,10,0,10,219.0,0.0,0.8,10,23.8,19.2,0,10,23.5,15.1,0,10,21.9,10,24.8,10,32.9,10,1228,10
2008-06-28T13:00+00:00,5904,434,0,287,10,272,10,4.4,10,10.4,10,994.8,10,,,52,10,0.0,10,0,10,219.0,0.0,0.3,10,24.0,19.2,0,10,23.8,15.1,0,10,21.9,10,23.9,10,25.8,10,1353,10
2008-06-28T14:00+00:00,5904,430,0,276,10,266,10,4.9,10,10.8,10,994.8,10,,,52,10,0.0,10,0,10,218.0,0.0,0.4,10,24.0,19.2,0,10,23.9,15.1,0,10,21.8,10,24.2,10,25.6,10,1446,10
2008-06-28T15:00+00:00,5904,461,0,269,10,296,10,4.7,10,9.8,10,994.5,10,,,50,10,0.0,10,0,10,218.0,0.0,0.4,10,24.1,19.2,0,10,24.0,15.1,0,10,21.8,10,24.2,10,24.9,10,1510,10
2008-06-28T16:00+00:00,5904,322,0,281,10,281,10,3.5,10,9.2,10,994.3,10,,,51,10,0.0,10,0,10,218.0,0.0,0.5,10,24.1,19.2,0,10,24.0,15.1,0,10,21.8,10,24.2,10,23.2,10,1623,10
2008-06-28T17:00+00:00,5904,300,0,297,10,309,10,3.5,10,7.1,10,994.3,10,,,49,10,0.0,10,0,10,218.0,0.0,1.0,10,24.1,19.2,0,10,24.0,15.1,0,10,21.8,10,24.2,10,20.3,10,1732,10
2008-06-28T18:00+00:00,5904,154,0,284,10,275,10,2.6,10,5.4,10,994.5,10,,,54,10,0.0,10,0,10,218.0,0.0,1.0,10,23.9,19.2,0,10,23.9,15.1,0,10,21.8,10,22.8,10,18.9,10,1808,10
2008-06-28T19:00+00:00,5904,34,0,275,10,281,10,2.5,10,4.1,10,994.6,10,,,63,10,0.0,10,0,10,218.0,0.0,0.6,10,23.7,19.2,0,10,23.8,15.1,0,10,21.8,10,21.1,10,17.3,10,1906,10
2008-06-28T20:00+00:00,5904,1,0,274,10,277,10,2.7,10,4.9,10,995.1,10,,,67,10,0.0,10,0,10,219.0,0.0,0.0,10,23.5,19.3,0,10,23.7,15.1,0,10,21.9,10,19.7,10,16.1,10,2059,10
2008-06-28T21:00+00:00,5904,0,0,274,10,282,10,3.6,10,5.4,10,995.0,10,,,64,10,0.0,10,0,10,219.0,0.0,0.0,10,23.3,19.3,0,10,23.5,15.1,0,10,21.9,10,19.8,10,16.0,10,2152,10
2008-06-28T22:00+00:00,5904,0,0,281,10,281,10,4.0,10,6.1,10,995.3,10,,,62,10,0.0,10,0,10,219.0,0.0,0.0,10,23.1,19.3,0,10,23.4,15.1,0,10,21.9,10,20.6,10,15.3,10,2215,10
2008-06-28T23:00+00:00,5904,0,0,287,10,300,10,3.8,10,6.6,10,995.4,10,,,63,10,0.0,10,0,10,219.0,0.0,0.0,10,22.9,19.3,0,10,23.2,15.1,0,10,21.9,10,20.2,10,15.2,10,2308,10
2008-06-29T00:00+00:00,5904,0,0,279,10,278,10,3.2,10,5.5,10,995.3,10,,,66,10,0.0,10,0,10,219.0,0.0,0.0,10,22.8,19.3,0,10,23.1,15.1,0,10,21.9,10,19.3,10,15.2,10,3,10
