time,station,cglo,cglo_flag,dd,dd_flag,ddx,ddx_flag,ff,ff_flag,ffx,ffx_flag,p,p_flag,pred,pred_flag,rf,rf_flag,rr,rr_flag,rrm,rrm_flag,sh,sh_flag,so_h,so_h_flag,tb10,tb100,tb100_flag,tb10_flag,tb20,tb200,tb200_flag,tb20_flag,tb50,tb50_flag,tl,tl_flag,tsmin,tsmin_flag,zeitx,zeitx_flag
2008-01-01T00:00+00:00,5917,0,0,304,10,303,10,3.5,10,6.8,10,1001.1,10,,,88,10,0.0,10,0,10,,,0.0,10,0.5,,,10,1.1,,,10,2.2,10,1.3,10,0.2,10,56,10
2008-01-01T01:00+00:00,5917,0,0,308,10,308,10,3.4,10,7.7,10,1001.1,10,,,90,10,0.0,10,0,10,,,0.0,10,0.5,,,10,1.1,,,10,2.2,10,1.0,10,0.3,10,134,10
2008-01-01T02:00+00:00,5917,0,0,314,10,336,10,2.8,10,7.3,10,1000.9,10,,,95,10,0.3,10,45,10,,,0.0,10,0.6,,,10,1.1,,,10,2.2,10,0.4,10,0.2,10,235,10
2008-01-01T03:00+00:00,5917,0,0,308,10,303,10,2.6,10,5.2,10,1000.5,10,,,96,10,0.1,10,21,10,,,0.0,10,0.6,,,10,1.1,,,10,2.2,10,0.5,10,0.2,10,343,10
2008-01-01T04:00+00:00,5917,0,0,320,10,325,10,2.6,10,6.4,10,1000.4,10,,,93,10,0.2,10,36,10,,,0.0,10,0.6,,,10,1.1,,,10,2.2,10,0.4,10,0.2,10,436,10
2008-01-01T05:00+00:00,5917,0,0,305,10,302,10,2.5,10,5.7,10,1000.2,10,,,94,10,0.0,10,12,10,,,0.0,10,0.6,,,10,1.1,,,10,2.2,10,0.6,10,0.2,10,555,10
2008-01-01T06:00+00:00,5917,0,0,308,10,304,10,2.9,10,6.1,10,1000.2,10,,,93,10,0.0,10,10,10,,,0.0,10,0.6,,,10,1.1,,,10,2.2,10,0.8,10,0.2,10,623,10
2008-01-01T07:00+00:00,5917,1,0,322,10,323,10,3.4,10,6.9,10,1000.3,10,,,88,10,0.0,10,0,10,,,0.0,10,0.6,,,10,1.1,,,10,2.2,10,1.0,10,0.2,10,721,10
2008-01-01T08:00+00:00,5917,28,0,320,10,319,10,3.0,10,6.3,10,1000.4,10,,,87,10,0.0,10,0,10,,,0.0,10,0.6,,,10,1.2,,,10,2.2,10,1.2,10,0.2,10,837,10
2008-01-01T09:00+00:00,5917,42,0,327,10,326,10,3.2,10,6.6,10,1000.8,10,,,86,10,0.0,10,4,10,,,0.0,10,0.6,,,10,1.2,,,10,2.2,10,1.3,10,0.2,10,958,10
2008-01-01T10:00+00:00,5917,84,0,323,10,318,10,3.6,10,7.2,10,1000.5,10,,,83,10,0.0,10,0,10,,,0.0,10,0.6,,,10,1.2,,,10,2.2,10,1.5,10,0.6,10,1035,10
2008-01-01T11:00+00:00,5917,90,0,342,10,326,10,4.5,10,7.3,10,1000.4,10,,,82,10,0.0,10,0,10,,,0.0,10,0.6,,,10,1.2,,,10,2.2,10,1.3,10,1.0,10,1117,10
2008-01-01T12:00+00:00,5917,98,0,346,10,327,10,4.7,10,8.9,10,1000.1,10,,,80,10,0.0,10,0,10,,,0.0,10,0.6,,,10,1.2,,,10,2.2,10,1.3,10,0.9,10,1245,10
2008-01-01T13:00+00:00,5917,137,0,337,10,347,10,4.7,10,7.9,10,1000.0,10,,,78,10,0.0,10,0,10,,,0.4,10,0.6,,,10,1.2,,,10,2.2,10,1.1,10,0.6,10,1325,10
2008-01-01T14:00+00:00,5917,99,0,335,10,339,10,4.6,10,7.5,10,1000.1,10,,,77,10,0.0,10,0,10,,,0.3,10,0.6,,,10,1.2,,,10,2.2,10,1.0,10,0.4,10,1426,10
2008-01-01T15:00+00:00,5917,25,0,338,10,356,10,5.1,10,8.1,10,1000.3,10,,,79,10,0.0,10,0,10,,,0.0,10,0.6,,,10,1.2,,,10,2.2,10,1.0,10,-0.1,10,1547,10
2008-01-01T16:00+00:00,5917,0,0,338,10,325,10,4.8,10,8.0,10,1000.4,10,,,77,10,0.0,10,0,10,,,0.0,10,0.6,,,10,1.2,,,10,2.2,10,1.0,10,0.1,10,1619,10
2008-01-01T17:00+00:00,5917,0,0,328,10,336,10,3.7,10,7.2,10,1000.5,10,,,79,10,0.0,10,0,10,,,0.0,10,0.6,,,10,1.2,,,10,2.2,10,1.0,10,0.1,10,1707,10
2008-01-01T18:00+00:00,5917,0,0,331,10,347,10,3.4,10,6.5,10,1000.7,10,,,80,10,0.0,10,0,10,,,0.0,10,0.6,,,10,1.2,,,10,2.2,10,0.7,10,-0.5,10,1829,10
2008-01-01T19:00+00:00,5917,0,0,5,10,336,10,2.3,10,5.2,10,1000.9,10,,,84,10,0.0,10,0,10,,,0.0,10,0.6,,,10,1.2,,,10,2.2,10,0.6,10,-0.5,10,2000,10
2008-01-01T20:00+00:00,5917,0,0,358,10,341,10,2.9,10,5.1,10,1000.9,10,,,86,10,0.0,10,0,10,,,0.0,10,0.6,,,10,1.2,,,10,2.2,10,0.3,10,-0.1,10,2048,10
2008-01-01T21:00+00:00,5917,0,0,348,10,346,10,3.2,10,5.0,10,1000.9,10,,,87,10,0.0,10,0,10,,,0.0,10,0.6,,,10,1.2,,,10,2.2,10,-0.1,10,-0.7,10,2102,10
2008-01-01T22:00+00:00,5917,0,0,342,10,336,10,3.5,10,5.8,10,1000.7,10,,,83,10,0.0,10,0,10,,,0.0,10,0.6,,,10,1.2,,,10,2.2,10,-0.5,10,-1.9,10,2219,10
2008-01-01T23:00+00:00,5917,0,0,340,10,330,10,3.5,10,5.7,10,1000.8,10,,,83,10,0.0,10,0,10,,,0.0,10,0.6,,,10,1.2,,,10,2.2,10,-0.6,10,-1.6,10,2358,10
2008-01-02T00:00+00:00,5917,0,0,345,10,339,10,3.6,10,6.3,10,1000.7,10,,,85,10,0.0,10,17,10,,,0.0,10,0.6,,,10,1.2,,,10,2.2,10,-0.7,10,-1.4,10,11,10
2008-01-02T01:00+00:00,5917,0,0,336,10,334,10,4.0,10,6.3,10,1000.7,10,,,85,10,0.0,10,15,10,,,0.0,10,0.6,,,10,1.2,,,10,2.2,10,-0.8,10,-1.1,10,141,10
2008-01-02T02:00+00:00,5917,0,0,334,10,340,10,3.9,10,6.3,10,1000.5,10,,,85,10,0.0,10,6,10,,,0.0,10,0.6,,,10,1.2,,,10,2.2,10,-0.7,10,-1.0,10,257,10
2008-01-02T03:00+00:00,5917,0,0,343,10,334,10,4.2,10,6.9,10,1000.7,10,,,86,10,0.0,10,9,10,,,0.0,10,0.6,,,10,1.2,,,10,2.2,10,-1.0,10,-1.1,10,315,10
2008-01-02T04:00+00:00,5917,0,0,345,10,342,10,3.3,10,5.0,10,1000.8,10,,,91,10,0.0,10,48,10,,,0.0,10,0.6,,,10,1.2,,,10,2.2,10,-1.5,10,-1.6,10,418,10
2008-01-02T05:00+00:00,5917,0,0,342,10,338,10,3.1,10,5.1,10,1000.8,10,,,92,10,0.1,10,60,10,,,0.0,10,0.6,,,10,1.2,,,10,2.2,10,-1.5,10,-1.6,10,523,10
2008-01-02T06:00+00:00,5917,0,0,342,10,339,10,2.8,10,4.5,10,1000.7,10,,,92,10,0.0,10,60,10,,,0.0,10,0.6,,,10,1.2,,,10,2.2,10,-1.6,10,-1.7,10,608,10
2008-01-02T07:00+00:00,5917,0,0,351,10,329,10,2.4,10,4.5,10,1000.9,10,,,92,10,0.0,10,35,10,,,0.0,10,0.6,,,10,1.2,,,10,2.2,10,-1.6,10,-1.8,10,707,10
2008-01-02T08:00+00:00,5917,16,0,14,10,34,10,2.2,10,4.1,10,1000.8,10,,,93,10,0.0,10,35,10,,,0.0,10,0.6,,,10,1.2,,,10,2.2,10,-1.6,10,-1.7,10,810,10
2008-01-02T09:00+00:00,5917,42,0,5,10,337,10,1.4,10,2.8,10,1000.9,10,,,92,10,0.0,10,39,10,,,0.0,10,0.6,,,10,1.2,,,10,2.2,10,-1.5,10,-1.1,10,913,10
2008-01-02T10:00+00:00,5917,99,0,2,10,16,10,1.5,10,2.8,10,1000.5,10,,,92,10,0.0,10,54,10,,,0.0,10,0.6,,,10,1.2,,,10,2.2,10,-1.2,10,-0.8,10,1027,10
2008-01-02T11:00+00:00,5917,121,0,15,10,48,10,1.4,10,2.5,10,1000.1,10,,,91,10,0.0,10,33,10,,,0.0,10,0.6,,,10,1.2,,,10,2.2,10,-0.9,10,0.2,10,1158,10
2008-01-02T12:00+00:00,5917,94,0,42,10,46,10,1.4,10,2.5,10,999.7,10,,,90,10,0.0,10,0,10,,,0.0,10,0.6,,,10,1.2,,,10,2.2,10,-0.8,10,0.2,10,1205,10
2008-01-02T13:00+00:00,5917,87,0,61,10,81,10,0.8,10,1.9,10,999.3,10,,,89,10,0.0,10,0,10,,,0.0,10,0.7,,,10,1.2,,,10,2.2,10,-0.8,10,0.3,10,1333,10
2008-01-02T14:00+00:00,5917,67,0,48,10,43,10,1.3,10,2.6,10,999.3,10,,,89,10,0.0,10,0,10,,,0.0,10,0.7,,,10,1.2,,,10,2.2,10,-0.9,10,0.1,10,1426,10
2008-01-02T15:00+00:00,5917,25,0,65,10,82,10,1.3,10,2.6,10,999.3,10,,,89,10,0.0,10,0,10,,,0.0,10,0.7,,,10,1.3,,,10,2.2,10,-1.1,10,-1.4,10,1529,10
2008-01-02T16:00+00:00,5917,0,0,81,10,78,10,1.6,10,2.6,10,999.2,10,,,92,10,0.0,10,0,10,,,0.0,10,0.7,,,10,1.3,,,10,2.2,10,-1.4,10,-1.8,10,1618,10
2008-01-02T17:00+00:00,5917,0,0,86,10,79,10,1.5,10,3.1,10,998.8,10,,,92,10,0.0,10,0,10,,,0.0,10,0.6,,,10,1.3,,,10,2.2,10,-1.6,10,-1.9,10,1752,10
2008-01-02T18:00+00:00,5917,0,0,89,10,87,10,1.5,10,3.6,10,998.6,10,,,92,10,0.0,10,0,10,,,0.0,10,0.6,,,10,1.3,,,10,2.2,10,-1.8,10,-2.0,10,1802,10
2008-01-02T19:00+00:00,5917,0,0,103,10,108,10,1.5,10,2.6,10,998.3,10,,,94,10,0.0,10,0,10,,,0.0,10,0.6,,,10,1.3,,,10,2.2,10,-1.9,10,-2.1,10,1927,10
2008-01-02T20:00+00:00,5917,0,0,101,10,99,10,1.6,10,3.3,10,998.0,10,,,93,10,0.0,10,0,10,,,0.0,10,0.7,,,10,1.3,,,10,2.2,10,-1.8,10,-2.1,10,2046,10
2008-01-02T21:00+00:00,5917,0,0,119,10,127,10,2.1,10,4.9,10,997.6,10,,,93,10,0.0,10,0,10,,,0.0,10,0.7,,,10,1.3,,,10,2.2,10,-1.7,10,-2.1,10,2154,10
2008-01-02T22:00+00:00,5917,0,0,119,10,128,10,3.9,10,5.6,10,997.4,10,,,94,10,0.0,10,0,10,,,0.0,10,0.6,,,10,1.3,,,10,2.2,10,-1.8,10,-2.2,10,2210,10
2008-01-02T23:00+00:00,5917,0,0,131,10,138,10,4.6,10,7.2,10,997.0,10,,,93,10,0.0,10,0,10,,,0.0,10,0.6,,,10,1.3,,,10,2.2,10,-1.4,10,-1.9,10,2348,10
2008-01-03T00:00+00:00,5917,0,0,125,10,133,10,5.5,10,8.6,10,996.5,10,,,90,10,0.0,10,0,10,,,0.0,10,0.7,,,10,1.3,,,10,2.2,10,-1.2,10,-1.8,10,17,10
2008-01-03T01:00+00:00,5917,0,0,126,10,124,10,4.9,10,7.3,10,996.6,10,,,91,10,0.0,10,0,10,,,0.0,10,0.6,,,10,1.3,,,10,2.2,10,-2.0,10,-2.7,10,114,10
2008-01-03T02:00+00:00,5917,0,0,132,10,143,10,4.8,10,7.4,10,996.3,10,,,92,10,0.0,10,0,10,,,0.0,10,0.6,,,10,1.3,,,10,2.2,10,-2.2,10,-4.0,10,240,10
2008-01-03T03:00+00:00,5917,0,0,132,10,121,10,4.7,10,7.4,10,996.0,10,,,91,10,0.0,10,0,10,,,0.0,10,0.6,,,10,1.3,,,10,2.2,10,-2.9,10,-5.0,10,357,10
2008-01-03T04:00+00:00,5917,0,0,124,10,137,10,6.2,10,9.9,10,995.8,10,,,86,10,0.0,10,0,10,,,0.0,10,0.6,,,10,1.3,,,10,2.2,10,-2.2,10,-4.4,10,458,10
2008-01-03T05:00+00:00,5917,0,0,133,10,140,10,7.6,10,11.1,10,996.0,10,,,84,10,0.0,10,0,10,,,0.0,10,0.6,,,10,1.3,,,10,2.2,10,-2.1,10,-3.4,10,535,10
2008-01-03T06:00+00:00,5917,0,0,135,10,140,10,7.9,10,11.5,10,996.4,10,,,83,10,0.0,10,0,10,,,0.0,10,0.6,,,10,1.3,,,10,2.2,10,-1.9,10,-3.5,10,611,10
2008-01-03T07:00+00:00,5917,0,0,134,10,139,10,8.6,10,12.8,10,996.7,10,,,86,10,0.0,10,0,10,,,0.0,10,0.6,,,10,1.3,,,10,2.2,10,-1.4,10,-3.2,10,751,10
2008-01-03T08:00+00:00,5917,24,0,135,10,143,10,9.5,10,13.9,10,997.4,10,,,88,10,0.0,10,0,10,,,0.0,10,0.6,,,10,1.3,,,10,2.2,10,-1.2,10,-1.7,10,805,10
2008-01-03T09:00+00:00,5917,73,0,132,10,125,10,9.8,10,14.8,10,997.8,10,,,88,10,0.0,10,0,10,,,0.0,10,0.7,,,10,1.3,,,10,2.2,10,-1.0,10,-1.1,10,913,10
2008-01-03T10:00+00:00,5917,63,0,133,10,134,10,9.4,10,13.8,10,997.8,10,,,92,10,0.0,10,0,10,,,0.0,10,0.7,,,10,1.3,,,10,2.2,10,-1.4,10,-1.1,10,1051,10
2008-01-03T11:00+00:00,5917,70,0,134,10,137,10,9.0,10,13.8,10,997.5,10,,,92,10,0.0,10,0,10,,,0.0,10,0.7,,,10,1.3,,,10,2.2,10,-1.5,10,-1.3,10,1134,10
2008-01-03T12:00+00:00,5917,100,0,134,10,143,10,9.1,10,14.7,10,997.0,10,,,89,10,0.0,10,0,10,,,0.0,10,0.7,,,10,1.3,,,10,2.3,10,-1.3,10,-0.9,10,1209,10
2008-01-03T13:00+00:00,5917,98,0,131,10,125,10,9.0,10,14.2,10,996.9,10,,,86,10,0.0,10,0,10,,,0.0,10,0.7,,,10,1.3,,,10,2.3,10,-1.3,10,-0.9,10,1325,10
2008-01-03T14:00+00:00,5917,80,0,133,10,141,10,9.4,10,14.8,10,997.0,10,,,84,10,0.0,10,0,10,,,0.0,10,0.7,,,10,1.3,,,10,2.3,10,-1.5,10,-1.2,10,1443,10
2008-01-03T15:00+00:00,5917,24,0,132,10,135,10,9.9,10,14.5,10,997.0,10,,,85,10,0.0,10,0,10,,,0.0,10,0.7,,,10,1.3,,,10,2.3,10,-1.9,10,-1.9,10,1507,10
2008-01-03T16:00+00:00,5917,0,0,135,10,138,10,10.9,10,16.1,10,997.1,10,,,86,10,0.0,10,0,10,,,0.0,10,0.7,,,10,1.3,,,10,2.3,10,-2.2,10,-2.2,10,1629,10
2008-01-03T17:00+00:00,5917,0,0,129,10,128,10,9.3,10,14.7,10,997.4,10,,,87,10,0.0,10,0,10,,,0.0,10,0.6,,,10,1.3,,,10,2.3,10,-2.9,10,-2.8,10,1737,10
2008-01-03T18:00+00:00,5917,0,0,124,10,138,10,9.3,10,14.2,10,997.5,10,,,89,10,0.0,10,0,10,,,0.0,10,0.6,,,10,1.3,,,10,2.3,10,-3.3,10,-3.2,10,1853,10
2008-01-03T19:00+00:00,5917,0,0,130,10,140,10,9.8,10,15.6,10,997.4,10,,,89,10,0.0,10,0,10,,,0.0,10,0.6,,,10,1.3,,,10,2.3,10,-3.4,10,-3.3,10,1934,10
2008-01-03T20:00+00:00,5917,0,0,131,10,134,10,9.4,10,15.4,10,997.6,10,,,92,10,0.0,10,0,10,,,0.0,10,0.6,,,10,1.3,,,10,2.3,10,-3.6,10,-3.5,10,2002,10
2008-01-03T21:00+00:00,5917,0,0,131,10,134,10,10.0,10,15.5,10,997.1,10,,,92,10,0.0,10,0,10,,,0.0,10,0.6,,,10,1.3,,,10,2.3,10,-3.9,10,-3.7,10,2120,10
2008-01-03T22:00+00:00,5917,0,0,130,10,125,10,10.6,10,17.1,10,996.7,10,,,94,10,0.0,10,0,10,,,0.0,10,0.6,,,10,1.3,,,10,2.3,10,-3.9,10,-3.7,10,2254,10
2008-01-03T23:00+00:00,5917,0,0,130,10,139,10,10.3,10,16.4,10,997.0,10,,,95,10,0.0,10,0,10,,,0.0,10,0.6,,,10,1.3,,,10,2.3,10,-3.7,10,-3.7,10,2301,10
2008-01-04T00:00+00:00,5917,0,0,130,10,132,10,10.4,10,16.4,10,997.0,10,,,95,10,0.0,10,0,10,,,0.0,10,0.6,,,10,1.3,,,10,2.3,10,-3.6,10,-3.6,10,46,10
2008-01-04T01:00+00:00,5917,0,0,133,10,134,10,10.6,10,16.5,10,997.1,10,,,93,10,0.0,10,0,10,,,0.0,10,0.6,,,10,1.3,,,10,2.3,10,-3.4,10,-3.4,10,116,10
2008-01-04T02:00+00:00,5917,0,0,134,10,139,10,10.7,10,17.3,10,997.2,10,,,94,10,0.0,10,0,10,,,0.0,10,0.6,,,10,1.3,,,10,2.3,10,-3.3,10,-3.3,10,239,10
2008-01-04T03:00+00:00,5917,0,0,134,10,138,10,11.3,10,16.2,10,997.1,10,,,93,10,0.0,10,0,10,,,0.0,10,0.6,,,10,1.3,,,10,2.3,10,-3.3,10,-3.2,10,312,10
2008-01-04T04:00+00:00,5917,0,0,133,10,138,10,11.4,10,16.8,10,997.4,10,,,92,10,0.0,10,0,10,,,0.0,10,0.6,,,10,1.3,,,10,2.3,10,-3.2,10,-3.2,10,408,10
2008-01-04T05:00+00:00,5917,0,0,133,10,140,10,12.0,10,17.7,10,997.8,10,,,91,10,0.0,10,0,10,,,0.0,10,0.6,,,10,1.3,,,10,2.3,10,-3.3,10,-3.2,10,551,10
2008-01-04T06:00+00:00,5917,0,0,136,10,139,10,12.8,10,18.9,10,998.2,10,,,91,10,0.0,10,0,10,,,0.0,10,0.6,,,10,1.3,,,10,2.3,10,-3.4,10,-3.3,10,629,10
2008-01-04T07:00+00:00,5917,0,0,136,10,138,10,12.3,10,19.2,10,998.6,10,,,91,10,0.0,10,0,10,,,0.0,10,0.6,,,10,1.3,,,10,2.3,10,-3.5,10,-3.4,10,751,10
2008-01-04T08:00+00:00,5917,18,0,138,10,151,10,12.3,10,18.8,10,999.2,10,,,90,10,0.0,10,0,10,,,0.0,10,0.5,,,10,1.3,,,10,2.3,10,-3.4,10,-3.4,10,834,10
2008-01-04T09:00+00:00,5917,58,0,139,10,142,10,11.1,10,16.9,10,999.6,10,,,88,10,0.0,10,0,10,,,0.0,10,0.5,,,10,1.3,,,10,2.3,10,-3.2,10,-3.0,10,908,10
2008-01-04T10:00+00:00,5917,95,0,137,10,140,10,12.6,10,19.3,10,999.3,10,,,87,10,0.0,10,0,10,,,0.0,10,0.5,,,10,1.3,,,10,2.3,10,-3.1,10,-2.8,10,1042,10
2008-01-04T11:00+00:00,5917,113,0,138,10,138,10,12.0,10,19.1,10,999.3,10,,,87,10,0.0,10,0,10,,,0.0,10,0.5,,,10,1.3,,,10,2.3,10,-3.1,10,-2.5,10,1103,10
2008-01-04T12:00+00:00,5917,149,0,133,10,139,10,11.7,10,18.3,10,999.3,10,,,87,10,0.0,10,0,10,,,0.0,10,0.5,,,10,1.3,,,10,2.2,10,-3.3,10,-2.3,10,1211,10
2008-01-04T13:00+00:00,5917,92,0,127,10,133,10,11.0,10,17.0,10,999.0,10,,,88,10,0.0,10,0,10,,,0.0,10,0.5,,,10,1.3,,,10,2.2,10,-3.7,10,-3.2,10,1321,10
2008-01-04T14:00+00:00,5917,51,0,129,10,134,10,10.2,10,16.8,10,999.4,10,,,90,10,0.0,10,0,10,,,0.0,10,0.5,,,10,1.3,,,10,2.2,10,-4.1,10,-3.6,10,1443,10
2008-01-04T15:00+00:00,5917,24,0,136,10,136,10,11.6,10,18.0,10,999.7,10,,,90,10,0.0,10,0,10,,,0.0,10,0.5,,,10,1.3,,,10,2.2,10,-4.3,10,-4.1,10,1538,10
2008-01-04T16:00+00:00,5917,0,0,134,10,140,10,10.7,10,17.1,10,1000.1,10,,,89,10,0.0,10,0,10,,,0.0,10,0.5,,,10,1.3,,,10,2.2,10,-4.4,10,-4.3,10,1620,10
2008-01-04T17:00+00:00,5917,0,0,136,10,139,10,10.5,10,17.0,10,1000.4,10,,,88,10,0.0,10,0,10,,,0.0,10,0.5,,,10,1.3,,,10,2.2,10,-4.6,10,-4.4,10,1756,10
2008-01-04T18:00+00:00,5917,0,0,136,10,140,10,10.9,10,18.0,10,1001.0,10,,,88,10,0.0,10,0,10,,,0.0,10,0.4,,,10,1.3,,,10,2.2,10,-4.7,10,-4.6,10,1808,10
2008-01-04T19:00+00:00,5917,0,0,138,10,134,10,11.2,10,17.7,10,1000.9,10,,,87,10,0.0,10,0,10,,,0.0,10,0.4,,,10,1.3,,,10,2.2,10,-4.7,10,-4.6,10,1957,10
2008-01-04T20:00+00:00,5917,0,0,138,10,139,10,11.5,10,18.6,10,1001.1,10,,,87,10,0.0,10,0,10,,,0.0,10,0.4,,,10,1.3,,,10,2.2,10,-5.1,10,-4.9,10,2029,10
2008-01-04T21:00+00:00,5917,0,0,137,10,142,10,10.2,10,16.7,10,1001.3,10,,,87,10,0.0,10,0,10,,,0.0,10,0.4,,,10,1.3,,,10,2.2,10,-5.2,10,-5.0,10,2101,10
2008-01-04T22:00+00:00,5917,0,0,134,10,137,10,10.2,10,16.0,10,1001.1,10,,,87,10,0.0,10,0,10,,,0.0,10,0.4,,,10,1.2,,,10,2.2,10,-5.1,10,-5.0,10,2208,10
2008-01-04T23:00+00:00,5917,0,0,135,10,139,10,9.4,10,15.7,10,1001.0,10,,,87,10,0.0,10,0,10,,,0.0,10,0.4,,,10,1.2,,,10,2.2,10,-5.4,10,-5.2,10,2347,10
2008-01-05T00:00+00:00,5917,0,0,138,10,154,10,9.8,10,14.6,10,1000.9,10,,,87,10,0.0,10,0,10,,,0.0,10,0.3,,,10,1.2,,,10,2.2,10,-5.8,10,-5.6,10,22,10
2008-01-05T01:00+00:00,5917,0,0,139,10,142,10,8.8,10,14.3,10,1000.5,10,,,88,10,0.0,10,0,10,,,0.0,10,0.3,,,10,1.2,,,10,2.2,10,-6.2,10,-6.3,10,108,10
2008-01-05T02:00+00:00,5917,0,0,136,10,133,10,7.9,10,13.0,10,1000.0,10,,,88,10,0.0,10,0,10,,,0.0,10,0.3,,,10,1.2,,,10,2.2,10,-6.3,10,-6.4,10,253,10
2008-01-05T03:00+00:00,5917,0,0,134,10,148,10,8.3,10,12.7,10,999.7,10,,,90,10,0.0,10,0,10,,,0.0,10,0.3,,,10,1.2,,,10,2.2,10,-6.8,10,-6.5,10,306,10
2008-01-05T04:00+00:00,5917,0,0,128,10,141,10,6.1,10,12.6,10,999.2,10,,,90,10,0.0,10,0,10,,,0.0,10,0.3,,,10,1.2,,,10,2.2,10,-6.6,10,-6.5,10,403,10
2008-01-05T05:00+00:00,5917,0,0,113,10,117,10,4.4,10,8.2,10,999.3,10,,,90,10,0.0,10,0,10,,,0.0,10,0.3,,,10,1.2,,,10,2.2,10,-6.7,10,-6.4,10,514,10
2008-01-05T06:00+00:00,5917,0,0,118,10,126,10,5.9,10,10.8,10,999.8,10,,,89,10,0.0,10,0,10,,,0.0,10,0.3,,,10,1.2,,,10,2.2,10,-7.3,10,-6.9,10,623,10
2008-01-05T07:00+00:00,5917,0,0,122,10,121,10,6.4,10,10.2,10,999.9,10,,,89,10,0.0,10,0,10,,,0.0,10,0.2,,,10,1.1,,,10,2.2,10,-7.1,10,-7.0,10,743,10
2008-01-05T08:00+00:00,5917,18,0,123,10,135,10,5.8,10,9.0,10,999.8,10,,,89,10,0.0,10,0,10,,,0.0,10,0.2,,,10,1.1,,,10,2.2,10,-6.7,10,-6.7,10,841,10
2008-01-05T09:00+00:00,5917,57,0,127,10,132,10,4.9,10,8.4,10,999.8,10,,,87,10,0.0,10,0,10,,,0.0,10,0.2,,,10,1.1,,,10,2.2,10,-5.8,10,-6.0,10,954,10
2008-01-05T10:00+00:00,5917,69,0,124,10,119,10,5.9,10,9.4,10,999.2,10,,,86,10,0.0,10,0,10,,,0.0,10,0.2,,,10,1.1,,,10,2.2,10,-5.3,10,-4.8,10,1043,10
2008-01-05T11:00+00:00,5917,89,0,120,10,122,10,5.9,10,11.1,10,998.2,10,,,85,10,0.0,10,0,10,,,0.0,10,0.2,,,10,1.1,,,10,2.2,10,-4.9,10,-4.2,10,1159,10
2008-01-05T12:00+00:00,5917,51,0,119,10,129,10,7.2,10,11.2,10,997.2,10,,,85,10,0.0,10,0,10,,,0.0,10,0.2,,,10,1.1,,,10,2.2,10,-4.7,10,-4.3,10,1300,10
2008-01-05T13:00+00:00,5917,45,0,123,10,123,10,6.2,10,10.6,10,996.5,10,,,85,10,0.0,10,0,10,,,0.0,10,0.2,,,10,1.1,,,10,2.2,10,-4.5,10,-4.1,10,1353,10
2008-01-05T14:00+00:00,5917,36,0,125,10,138,10,6.2,10,10.5,10,996.6,10,,,85,10,0.0,10,0,10,,,0.0,10,0.2,,,10,1.1,,,10,2.2,10,-4.4,10,-4.0,10,1404,10
2008-01-05T15:00+00:00,5917,10,0,119,10,120,10,5.2,10,8.8,10,996.3,10,,,85,10,0.0,10,0,10,,,0.0,10,0.2,,,10,1.1,,,10,2.2,10,-4.2,10,-4.0,10,1542,10
2008-01-05T16:00+00:00,5917,0,0,120,10,118,10,5.5,10,8.4,10,996.1,10,,,86,10,0.0,10,0,10,,,0.0,10,0.2,,,10,1.1,,,10,2.2,10,-4.3,10,-4.2,10,1637,10
2008-01-05T17:00+00:00,5917,0,0,119,10,125,10,4.4,10,7.7,10,995.7,10,,,86,10,0.0,10,0,10,,,0.0,10,0.2,,,10,1.1,,,10,2.2,10,-4.2,10,-4.2,10,1736,10
2008-01-05T18:00+00:00,5917,0,0,118,10,126,10,4.8,10,8.2,10,995.0,10,,,87,10,0.0,10,0,10,,,0.0,10,0.2,,,10,1.1,,,10,2.1,10,-4.2,10,-4.1,10,1856,10
2008-01-05T19:00+00:00,5917,0,0,124,10,125,10,5.7,10,9.0,10,994.8,10,,,88,10,0.0,10,0,10,,,0.0,10,0.2,,,10,1.1,,,10,2.1,10,-4.2,10,-4.1,10,1930,10
2008-01-05T20:00+00:00,5917,0,0,118,10,123,10,5.1,10,9.0,10,994.5,10,,,89,10,0.0,10,0,10,,,0.0,10,0.2,,,10,1.0,,,10,2.1,10,-4.1,10,-4.0,10,2004,10
2008-01-05T21:00+00:00,5917,0,0,118,10,124,10,4.9,10,8.6,10,993.9,10,,,91,10,0.0,10,0,10,,,0.0,10,0.2,,,10,1.0,,,10,2.1,10,-4.1,10,-3.9,10,2142,10
2008-01-05T22:00+00:00,5917,0,0,113,10,112,10,5.5,10,9.5,10,993.8,10,,,91,10,0.0,10,0,10,,,0.0,10,0.2,,,10,1.0,,,10,2.1,10,-4.1,10,-3.9,10,2244,10
2008-01-05T23:00+00:00,5917,0,0,114,10,122,10,4.5,10,8.6,10,993.2,10,,,92,10,0.0,10,0,10,,,0.0,10,0.2,,,10,1.0,,,10,2.1,10,-3.9,10,-3.9,10,2304,10
2008-01-06T00:00+00:00,5917,0,0,112,10,106,10,4.0,10,7.0,10,992.4,10,,,96,10,0.0,10,0,10,,,0.0,10,0.2,,,10,1.0,,,10,2.1,10,-3.9,10,-3.7,10,30,10
2008-01-06T01:00+00:00,5917,0,0,114,10,121,10,4.5,10,7.7,10,991.7,10,,,97,10,0.0,10,0,10,,,0.0,10,0.2,,,10,1.0,,,10,2.1,10,-3.7,10,-3.6,10,141,10
2008-01-06T02:00+00:00,5917,0,0,106,10,120,10,4.0,10,6.4,10,990.7,10,,,98,10,0.0,10,0,10,,,0.0,10,0.2,,,10,1.0,,,10,2.1,10,-3.5,10,-3.4,10,203,10
2008-01-06T03:00+00:00,5917,0,0,117,10,123,10,4.1,10,7.6,10,989.0,10,,,98,10,0.0,10,0,10,,,0.0,10,0.2,,,10,1.0,,,10,2.1,10,-3.2,10,-3.2,10,357,10
2008-01-06T04:00+00:00,5917,0,0,120,10,127,10,5.6,10,9.0,10,988.0,10,,,98,10,0.0,10,0,10,,,0.0,10,0.2,,,10,1.0,,,10,2.1,10,-2.9,10,-2.9,10,449,10
2008-01-06T05:00+00:00,5917,0,0,120,10,117,10,5.4,10,9.7,10,987.5,10,,,98,10,0.0,10,0,10,,,0.0,10,0.2,,,10,1.0,,,10,2.1,10,-2.6,10,-2.7,10,503,10
2008-01-06T06:00+00:00,5917,0,0,123,10,110,10,4.6,10,8.1,10,987.1,10,,,98,10,0.0,10,0,10,,,0.0,10,0.2,,,10,1.0,,,10,2.1,10,-2.1,10,-2.4,10,602,10
2008-01-06T07:00+00:00,5917,0,0,121,10,117,10,3.0,10,6.2,10,987.0,10,,,98,10,0.4,10,30,10,,,0.0,10,0.2,,,10,1.0,,,10,2.1,10,-1.5,10,-2.0,10,713,10
2008-01-06T08:00+00:00,5917,6,0,111,10,107,10,1.7,10,4.4,10,987.0,10,,,97,10,0.0,10,9,10,,,0.0,10,0.3,,,10,1.0,,,10,2.1,10,-0.8,10,-1.0,10,858,10
2008-01-06T09:00+00:00,5917,25,0,118,10,115,10,1.0,10,5.0,10,988.0,10,,,96,10,0.0,10,0,10,,,0.0,10,0.3,,,10,1.0,,,10,2.1,10,-0.7,10,-0.5,10,921,10
2008-01-06T10:00+00:00,5917,28,0,311,10,308,10,2.4,10,7.8,10,989.1,10,,,94,10,0.0,10,16,10,,,0.0,10,0.3,,,10,1.0,,,10,2.1,10,-0.8,10,-0.5,10,1058,10
2008-01-06T11:00+00:00,5917,61,0,326,10,320,10,2.8,10,6.9,10,988.8,10,,,91,10,0.0,10,11,10,,,0.0,10,0.3,,,10,1.0,,,10,2.1,10,-0.7,10,-0.7,10,1101,10
2008-01-06T12:00+00:00,5917,121,0,40,10,325,10,1.1,10,3.2,10,989.2,10,,,91,10,0.0,10,0,10,,,0.0,10,0.3,,,10,1.0,,,10,2.1,10,-0.2,10,-0.1,10,1300,10
2008-01-06T13:00+00:00,5917,76,0,187,10,263,10,0.1,10,2.7,10,989.9,10,,,88,10,0.0,10,0,10,,,0.0,10,0.3,,,10,1.0,,,10,2.1,10,0.1,10,0.3,10,1357,10
2008-01-06T14:00+00:00,5917,70,0,197,10,215,10,0.6,10,2.0,10,990.5,10,,,88,10,0.0,10,0,10,,,0.0,10,0.3,,,10,1.0,,,10,2.1,10,0.2,10,0.5,10,1434,10
2008-01-06T15:00+00:00,5917,24,0,175,10,146,10,1.2,10,3.2,10,991.4,10,,,91,10,0.0,10,0,10,,,0.0,10,0.3,,,10,1.0,,,10,2.1,10,0.3,10,0.1,10,1523,10
2008-01-06T16:00+00:00,5917,1,0,281,10,298,10,3.6,10,9.0,10,992.1,10,,,82,10,0.0,10,0,10,,,0.0,10,0.3,,,10,1.0,,,10,2.1,10,4.0,10,0.1,10,1633,10
2008-01-06T17:00+00:00,5917,0,0,281,10,282,10,4.8,10,9.6,10,992.8,10,,,79,10,0.0,10,0,10,,,0.0,10,0.3,,,10,1.0,,,10,2.1,10,4.3,10,2.2,10,1712,10
2008-01-06T18:00+00:00,5917,0,0,283,10,285,10,5.2,10,8.4,10,993.9,10,,,77,10,0.0,10,0,10,,,0.0,10,0.4,,,10,1.0,,,10,2.1,10,4.5,10,2.5,10,1822,10
2008-01-06T19:00+00:00,5917,0,0,280,10,277,10,3.6,10,6.3,10,994.6,10,,,78,10,0.0,10,0,10,,,0.0,10,0.4,,,10,1.0,,,10,2.1,10,4.4,10,2.6,10,2000,10
2008-01-06T20:00+00:00,5917,0,0,274,10,284,10,3.4,10,7.0,10,995.2,10,,,77,10,0.0,10,0,10,,,0.0,10,0.4,,,10,1.0,,,10,2.1,10,4.7,10,2.2,10,2024,10
2008-01-06T21:00+00:00,5917,0,0,230,10,232,10,2.1,10,8.0,10,996.0,10,,,76,10,0.0,10,0,10,,,0.0,10,0.4,,,10,1.0,,,10,2.1,10,4.6,10,1.0,10,2156,10
2008-01-06T22:00+00:00,5917,0,0,261,10,283,10,2.2,10,7.9,10,996.5,10,,,80,10,0.0,10,0,10,,,0.0,10,0.4,,,10,1.0,,,10,2.1,10,3.5,10,0.0,10,2216,10
2008-01-06T23:00+00:00,5917,0,0,246,10,254,10,2.4,10,6.3,10,996.9,10,,,76,10,0.0,10,0,10,,,0.0,10,0.4,,,10,1.0,,,10,2.1,10,3.6,10,-0.4,10,2328,10
2008-01-07T00:00+00:00,5917,0,0,261,10,268,10,3.6,10,6.6,10,997.1,10,,,78,10,0.0,10,0,10,,,0.0,10,0.4,,,10,1.0,,,10,2.1,10,3.2,10,1.1,10,31,10
2008-01-07T01:00+00:00,5917,0,0,255,10,285,10,2.8,10,5.6,10,997.6,10,,,81,10,0.0,10,0,10,,,0.0,10,0.4,,,10,1.0,,,10,2.1,10,2.9,10,-0.7,10,110,10
2008-01-07T02:00+00:00,5917,0,0,246,10,257,10,1.9,10,3.8,10,997.8,10,,,76,10,0.0,10,0,10,,,0.0,10,0.4,,,10,1.0,,,10,2.1,10,3.7,10,-0.5,10,203,10
2008-01-07T03:00+00:00,5917,0,0,244,10,241,10,1.7,10,2.9,10,997.6,10,,,78,10,0.0,10,0,10,,,0.0,10,0.4,,,10,1.0,,,10,2.1,10,2.9,10,-0.7,10,316,10
2008-01-07T04:00+00:00,5917,0,0,211,10,211,10,1.9,10,3.3,10,997.4,10,,,84,10,0.0,10,0,10,,,0.0,10,0.4,,,10,1.0,,,10,2.0,10,1.1,10,-2.7,10,438,10
2008-01-07T05:00+00:00,5917,0,0,264,10,202,10,1.1,10,4.0,10,997.0,10,,,92,10,0.0,10,0,10,,,0.0,10,0.4,,,10,1.0,,,10,2.0,10,-0.6,10,-3.3,10,558,10
2008-01-07T06:00+00:00,5917,0,0,197,10,211,10,2.0,10,3.4,10,996.8,10,,,95,10,0.0,10,0,10,,,0.0,10,0.4,,,10,1.0,,,10,2.0,10,-0.9,10,-4.0,10,700,10
2008-01-07T07:00+00:00,5917,1,0,167,10,160,10,2.2,10,3.7,10,996.3,10,,,96,10,0.0,10,0,10,,,0.0,10,0.4,,,10,1.0,,,10,2.0,10,-1.0,10,-4.0,10,736,10
2008-01-07T08:00+00:00,5917,54,0,208,10,204,10,1.1,10,2.3,10,995.5,10,,,96,10,0.0,10,0,10,,,0.6,10,0.4,,,10,1.0,,,10,2.0,10,-1.2,10,-3.9,10,830,10
2008-01-07T09:00+00:00,5917,175,0,96,10,75,10,0.5,10,2.4,10,994.7,10,,,86,10,0.0,10,0,10,,,1.0,10,0.4,,,10,1.0,,,10,2.0,10,1.1,10,-0.7,10,955,10
2008-01-07T10:00+00:00,5917,244,0,75,10,86,10,1.2,10,2.5,10,993.4,10,,,83,10,0.0,10,0,10,,,1.0,10,0.5,,,10,1.0,,,10,2.0,10,2.4,10,4.4,10,1013,10
2008-01-07T11:00+00:00,5917,163,0,72,10,63,10,1.5,10,3.3,10,992.1,10,,,84,10,0.0,10,0,10,,,0.0,10,0.5,,,10,1.0,,,10,2.0,10,3.1,10,3.8,10,1116,10
2008-01-07T12:00+00:00,5917,113,0,64,10,136,10,0.8,10,2.6,10,991.7,10,,,83,10,0.0,10,0,10,,,0.0,10,0.5,,,10,1.1,,,10,2.0,10,3.4,10,3.3,10,1206,10
2008-01-07T13:00+00:00,5917,39,0,27,10,41,10,1.4,10,2.7,10,991.9,10,,,87,10,0.1,10,31,10,,,0.0,10,0.5,,,10,1.1,,,10,2.0,10,3.1,10,2.4,10,1329,10
2008-01-07T14:00+00:00,5917,40,0,42,10,41,10,2.1,10,3.6,10,991.6,10,,,93,10,0.5,10,60,10,,,0.0,10,0.5,,,10,1.1,,,10,2.0,10,2.8,10,2.1,10,1409,10
2008-01-07T15:00+00:00,5917,16,0,107,10,119,10,1.6,10,4.3,10,992.1,10,,,96,10,0.5,10,33,10,,,0.0,10,0.5,,,10,1.1,,,10,2.0,10,2.5,10,2.0,10,1550,10
2008-01-07T16:00+00:00,5917,0,0,189,10,146,10,0.2,10,4.6,10,993.6,10,,,95,10,0.0,10,8,10,,,0.0,10,0.5,,,10,1.1,,,10,2.0,10,2.4,10,0.1,10,1607,10
2008-01-07T17:00+00:00,5917,0,0,238,10,300,10,1.4,10,8.1,10,995.3,10,,,77,10,0.0,10,0,10,,,0.0,10,0.5,,,10,1.1,,,10,2.0,10,6.1,10,-0.3,10,1757,10
2008-01-07T18:00+00:00,5917,0,0,295,10,293,10,5.5,10,10.1,10,995.5,10,,,75,10,0.0,10,0,10,,,0.0,10,0.6,,,10,1.1,,,10,2.1,10,6.3,10,3.7,10,1828,10
2008-01-07T19:00+00:00,5917,0,0,293,10,288,10,3.9,10,7.3,10,996.6,10,,,78,10,0.0,10,0,10,,,0.0,10,0.6,,,10,1.1,,,10,2.1,10,6.0,10,2.9,10,1943,10
2008-01-07T20:00+00:00,5917,0,0,284,10,284,10,5.1,10,10.3,10,997.1,10,,,76,10,0.0,10,0,10,,,0.0,10,0.6,,,10,1.1,,,10,2.1,10,6.5,10,3.6,10,2049,10
2008-01-07T21:00+00:00,5917,0,0,280,10,280,10,4.6,10,9.1,10,997.6,10,,,74,10,0.0,10,0,10,,,0.0,10,0.6,,,10,1.1,,,10,2.1,10,6.0,10,3.3,10,2106,10
2008-01-07T22:00+00:00,5917,0,0,287,10,291,10,4.7,10,9.9,10,998.3,10,,,71,10,0.0,10,0,10,,,0.0,10,0.6,,,10,1.1,,,10,2.1,10,6.1,10,3.4,10,2223,10
2008-01-07T23:00+00:00,5917,0,0,273,10,282,10,3.7,10,7.8,10,998.6,10,,,77,10,0.0,10,0,10,,,0.0,10,0.6,,,10,1.1,,,10,2.0,10,4.9,10,2.5,10,2325,10
2008-01-08T00:00+00:00,5917,0,0,301,10,279,10,2.9,10,6.5,10,998.9,10,,,77,10,0.0,10,0,10,,,0.0,10,0.6,,,10,1.1,,,10,2.0,10,4.9,10,2.2,10,3,10
2008-01-08T01:00+00:00,5917,0,0,309,10,313,10,3.6,10,7.9,10,999.3,10,,,78,10,0.0,10,0,10,,,0.0,10,0.6,,,10,1.1,,,10,2.0,10,4.9,10,2.2,10,133,10
2008-01-08T02:00+00:00,5917,0,0,294,10,287,10,3.1,10,5.6,10,999.3,10,,,80,10,0.0,10,0,10,,,0.0,10,0.6,,,10,1.1,,,10,2.0,10,4.1,10,1.4,10,218,10
2008-01-08T03:00+00:00,5917,0,0,285,10,299,10,3.0,10,6.7,10,999.3,10,,,81,10,0.0,10,0,10,,,0.0,10,0.6,,,10,1.1,,,10,2.0,10,3.7,10,1.2,10,314,10
2008-01-08T04:00+00:00,5917,0,0,234,10,211,10,3.5,10,6.4,10,999.8,10,,,88,10,0.0,10,0,10,,,0.0,10,0.6,,,10,1.1,,,10,2.0,10,2.2,10,0.7,10,449,10
2008-01-08T05:00+00:00,5917,0,0,219,10,213,10,2.7,10,5.6,10,1000.3,10,,,81,10,0.0,10,0,10,,,0.0,10,0.6,,,10,1.1,,,10,2.0,10,3.2,10,-0.8,10,510,10
2008-01-08T06:00+00:00,5917,0,0,249,10,263,10,3.4,10,9.1,10,1000.8,10,,,65,10,0.0,10,0,10,,,0.0,10,0.6,,,10,1.1,,,10,2.0,10,5.7,10,0.1,10,659,10
2008-01-08T07:00+00:00,5917,1,0,255,10,265,10,4.5,10,9.0,10,1001.3,10,,,60,10,0.0,10,0,10,,,0.0,10,0.6,,,10,1.1,,,10,2.0,10,6.4,10,3.4,10,708,10
2008-01-08T08:00+00:00,5917,27,0,252,10,261,10,3.4,10,7.0,10,1001.6,10,,,59,10,0.0,10,0,10,,,0.0,10,0.7,,,10,1.1,,,10,2.0,10,6.5,10,4.3,10,805,10
2008-01-08T09:00+00:00,5917,48,0,265,10,262,10,5.1,10,9.5,10,1002.1,10,,,57,10,0.0,10,0,10,,,0.0,10,0.7,,,10,1.1,,,10,2.0,10,7.0,10,5.0,10,956,10
2008-01-08T10:00+00:00,5917,224,0,276,10,291,10,5.3,10,12.0,10,1002.4,10,,,56,10,0.0,10,0,10,,,0.6,10,0.8,,,10,1.1,,,10,2.0,10,8.0,10,5.5,10,1040,10
2008-01-08T11:00+00:00,5917,185,0,278,10,289,10,6.7,10,14.2,10,1002.4,10,,,56,10,0.0,10,0,10,,,0.2,10,0.8,,,10,1.1,,,10,2.1,10,7.5,10,7.4,10,1139,10
2008-01-08T12:00+00:00,5917,286,0,274,10,286,10,8.0,10,13.8,10,1002.2,10,,,59,10,0.0,10,0,10,,,0.8,10,0.8,,,10,1.1,,,10,2.1,10,7.4,10,7.1,10,1250,10
2008-01-08T13:00+00:00,5917,271,0,276,10,285,10,7.0,10,12.6,10,1002.2,10,,,57,10,0.0,10,0,10,,,1.0,10,0.9,,,10,1.1,,,10,2.1,10,7.6,10,8.5,10,1338,10
2008-01-08T14:00+00:00,5917,158,0,278,10,280,10,5.9,10,11.7,10,1002.1,10,,,58,10,0.0,10,0,10,,,1.0,10,0.9,,,10,1.1,,,10,2.1,10,7.3,10,7.4,10,1407,10
2008-01-08T15:00+00:00,5917,33,0,285,10,290,10,3.0,10,6.1,10,1002.1,10,,,61,10,0.0,10,0,10,,,0.3,10,0.8,,,10,1.1,,,10,2.1,10,6.1,10,4.0,10,1503,10
2008-01-08T16:00+00:00,5917,3,0,302,10,304,10,3.3,10,5.5,10,1002.2,10,,,65,10,0.0,10,0,10,,,0.0,10,0.7,,,10,1.2,,,10,2.1,10,5.1,10,2.4,10,1633,10
2008-01-08T17:00+00:00,5917,0,0,270,10,316,10,0.7,10,3.3,10,1002.3,10,,,68,10,0.0,10,0,10,,,0.0,10,0.7,,,10,1.2,,,10,2.1,10,4.6,10,-0.7,10,1701,10
2008-01-08T18:00+00:00,5917,0,0,158,10,181,10,0.4,10,3.0,10,1002.6,10,,,78,10,0.0,10,0,10,,,0.0,10,0.6,,,10,1.2,,,10,2.1,10,2.6,10,-1.5,10,1851,10
2008-01-08T19:00+00:00,5917,0,0,191,10,189,10,1.4,10,3.8,10,1002.8,10,,,83,10,0.0,10,0,10,,,0.0,10,0.6,,,10,1.2,,,10,2.1,10,1.7,10,-2.1,10,1945,10
2008-01-08T20:00+00:00,5917,0,0,185,10,192,10,2.0,10,3.2,10,1002.4,10,,,82,10,0.0,10,0,10,,,0.0,10,0.6,,,10,1.2,,,10,2.1,10,2.0,10,-1.2,10,2100,10
2008-01-08T21:00+00:00,5917,0,0,187,10,204,10,2.2,10,3.2,10,1002.1,10,,,88,10,0.0,10,0,10,,,0.0,10,0.6,,,10,1.2,,,10,2.1,10,1.0,10,-1.7,10,2115,10
2008-01-08T22:00+00:00,5917,0,0,171,10,188,10,2.0,10,3.0,10,1001.9,10,,,92,10,0.0,10,0,10,,,0.0,10,0.6,,,10,1.2,,,10,2.1,10,0.2,10,-2.3,10,2208,10
2008-01-08T23:00+00:00,5917,0,0,150,10,148,10,2.3,10,3.8,10,1001.3,10,,,92,10,0.0,10,0,10,,,0.0,10,0.6,,,10,1.2,,,10,2.1,10,0.4,10,-2.6,10,2342,10
2008-01-09T00:00+00:00,5917,0,0,137,10,144,10,2.3,10,3.6,10,1000.7,10,,,94,10,0.0,10,0,10,,,0.0,10,0.6,,,10,1.2,,,10,2.1,10,-0.4,10,-3.1,10,33,10
2008-01-09T01:00+00:00,5917,0,0,103,10,106,10,2.2,10,4.1,10,1000.1,10,,,96,10,0.0,10,0,10,,,0.0,10,0.6,,,10,1.2,,,10,2.1,10,-0.5,10,-3.3,10,156,10
2008-01-09T02:00+00:00,5917,0,0,105,10,103,10,3.5,10,5.9,10,999.8,10,,,99,10,0.0,10,0,10,,,0.0,10,0.6,,,10,1.2,,,10,2.1,10,-0.6,10,-3.0,10,218,10
2008-01-09T03:00+00:00,5917,0,0,117,10,127,10,3.6,10,6.1,10,999.3,10,,,98,10,0.0,10,0,10,,,0.0,10,0.6,,,10,1.2,,,10,2.1,10,-0.3,10,-0.6,10,348,10
2008-01-09T04:00+00:00,5917,0,0,129,10,125,10,3.8,10,6.2,10,998.7,10,,,98,10,0.0,10,0,10,,,0.0,10,0.6,,,10,1.2,,,10,2.1,10,-0.5,10,-0.5,10,407,10
2008-01-09T05:00+00:00,5917,0,0,131,10,150,10,3.0,10,6.0,10,998.6,10,,,97,10,0.0,10,0,10,,,0.0,10,0.6,,,10,1.2,,,10,2.1,10,-0.4,10,-0.5,10,512,10
2008-01-09T06:00+00:00,5917,0,0,121,10,129,10,2.8,10,5.4,10,998.2,10,,,96,10,0.0,10,0,10,,,0.0,10,0.6,,,10,1.2,,,10,2.1,10,-0.5,10,-2.0,10,659,10
2008-01-09T07:00+00:00,5917,1,0,119,10,122,10,3.6,10,6.1,10,998.3,10,,,96,10,0.0,10,0,10,,,0.0,10,0.6,,,10,1.2,,,10,2.1,10,-0.5,10,-1.4,10,756,10
2008-01-09T08:00+00:00,5917,24,0,119,10,136,10,4.7,10,7.8,10,998.8,10,,,96,10,0.0,10,0,10,,,0.0,10,0.6,,,10,1.2,,,10,2.1,10,-0.3,10,-0.8,10,822,10
2008-01-09T09:00+00:00,5917,52,0,122,10,142,10,4.2,10,7.9,10,998.9,10,,,93,10,0.0,10,0,10,,,0.0,10,0.7,,,10,1.2,,,10,2.1,10,0.0,10,0.0,10,911,10
2008-01-09T10:00+00:00,5917,61,0,113,10,133,10,3.0,10,5.9,10,999.6,10,,,92,10,0.0,10,0,10,,,0.0,10,0.7,,,10,1.2,,,10,2.1,10,0.0,10,0.4,10,1006,10
2008-01-09T11:00+00:00,5917,66,0,96,10,96,10,2.0,10,3.9,10,999.7,10,,,93,10,0.0,10,0,10,,,0.0,10,0.7,,,10,1.2,,,10,2.1,10,0.2,10,0.9,10,1200,10
2008-01-09T12:00+00:00,5917,81,0,113,10,97,10,0.8,10,2.9,10,999.3,10,,,92,10,0.0,10,0,10,,,0.0,10,0.7,,,10,1.2,,,10,2.1,10,0.7,10,1.4,10,1258,10
2008-01-09T13:00+00:00,5917,67,0,138,10,138,10,3.3,10,5.9,10,999.2,10,,,92,10,0.0,10,0,10,,,0.0,10,0.7,,,10,1.2,,,10,2.1,10,0.8,10,1.3,10,1318,10
2008-01-09T14:00+00:00,5917,42,0,137,10,127,10,2.7,10,5.0,10,999.3,10,,,92,10,0.0,10,0,10,,,0.0,10,0.7,,,10,1.2,,,10,2.1,10,0.7,10,1.0,10,1401,10
2008-01-09T15:00+00:00,5917,15,0,144,10,157,10,2.6,10,5.0,10,999.4,10,,,90,10,0.0,10,0,10,,,0.0,10,0.7,,,10,1.2,,,10,2.1,10,0.8,10,0.8,10,1551,10
2008-01-09T16:00+00:00,5917,0,0,165,10,152,10,1.8,10,5.1,10,999.4,10,,,90,10,0.0,10,0,10,,,0.0,10,0.7,,,10,1.2,,,10,2.1,10,0.6,10,0.4,10,1700,10
2008-01-09T17:00+00:00,5917,0,0,138,10,144,10,1.6,10,3.6,10,999.3,10,,,91,10,0.0,10,0,10,,,0.0,10,0.7,,,10,1.2,,,10,2.1,10,0.5,10,0.4,10,1758,10
2008-01-09T18:00+00:00,5917,0,0,146,10,147,10,3.4,10,6.7,10,999.4,10,,,92,10,0.0,10,0,10,,,0.0,10,0.7,,,10,1.2,,,10,2.1,10,0.6,10,0.4,10,1844,10
2008-01-09T19:00+00:00,5917,0,0,169,10,176,10,3.5,10,6.2,10,999.7,10,,,93,10,0.0,10,0,10,,,0.0,10,0.7,,,10,1.2,,,10,2.1,10,0.4,10,0.3,10,1931,10
2008-01-09T20:00+00:00,5917,0,0,157,10,146,10,3.5,10,5.7,10,1000.0,10,,,93,10,0.0,10,0,10,,,0.0,10,0.7,,,10,1.2,,,10,2.1,10,0.2,10,0.2,10,2042,10
2008-01-09T21:00+00:00,5917,0,0,155,10,150,10,2.7,10,5.1,10,1000.3,10,,,93,10,0.0,10,0,10,,,0.0,10,0.7,,,10,1.3,,,10,2.1,10,0.0,10,0.0,10,2143,10
2008-01-09T22:00+00:00,5917,0,0,144,10,134,10,2.7,10,4.9,10,1000.2,10,,,93,10,0.0,10,0,10,,,0.0,10,0.7,,,10,1.3,,,10,2.1,10,0.0,10,0.0,10,2243,10
2008-01-09T23:00+00:00,5917,0,0,139,10,151,10,2.8,10,4.9,10,1000.3,10,,,94,10,0.0,10,0,10,,,0.0,10,0.7,,,10,1.3,,,10,2.1,10,-0.3,10,-0.2,10,2343,10
2008-01-10T00:00+00:00,5917,0,0,138,10,129,10,2.7,10,5.1,10,1000.1,10,,,94,10,0.0,10,0,10,,,0.0,10,0.7,,,10,1.3,,,10,2.1,10,-0.4,10,-0.3,10,1,10
2008-01-10T01:00+00:00,5917,0,0,150,10,151,10,1.8,10,3.5,10,1000.4,10,,,94,10,0.0,10,0,10,,,0.0,10,0.7,,,10,1.3,,,10,2.1,10,-0.4,10,-0.3,10,149,10
2008-01-10T02:00+00:00,5917,0,0,176,10,139,10,1.8,10,4.2,10,1000.7,10,,,94,10,0.0,10,3,10,,,0.0,10,0.7,,,10,1.3,,,10,2.1,10,-0.4,10,-0.3,10,259,10
2008-01-10T03:00+00:00,5917,0,0,145,10,136,10,2.6,10,4.4,10,1000.5,10,,,95,10,0.0,10,0,10,,,0.0,10,0.7,,,10,1.3,,,10,2.1,10,-0.5,10,-0.4,10,303,10
2008-01-10T04:00+00:00,5917,0,0,150,10,151,10,2.4,10,3.9,10,1000.4,10,,,95,10,0.0,10,0,10,,,0.0,10,0.7,,,10,1.3,,,10,2.1,10,-0.5,10,-0.4,10,406,10
2008-01-10T05:00+00:00,5917,0,0,131,10,143,10,1.7,10,2.8,10,1000.8,10,,,95,10,0.0,10,0,10,,,0.0,10,0.8,,,10,1.3,,,10,2.1,10,-0.5,10,-0.4,10,505,10
2008-01-10T06:00+00:00,5917,0,0,122,10,122,10,2.0,10,3.8,10,1000.9,10,,,95,10,0.0,10,0,10,,,0.0,10,0.8,,,10,1.3,,,10,2.1,10,-0.4,10,-0.4,10,655,10
2008-01-10T07:00+00:00,5917,0,0,134,10,138,10,2.7,10,4.9,10,1001.3,10,,,95,10,0.0,10,0,10,,,0.0,10,0.8,,,10,1.3,,,10,2.1,10,-0.5,10,-0.4,10,732,10
2008-01-10T08:00+00:00,5917,19,0,154,10,185,10,1.7,10,3.3,10,1001.3,10,,,95,10,0.0,10,0,10,,,0.0,10,0.8,,,10,1.3,,,10,2.1,10,-0.3,10,-0.4,10,853,10
2008-01-10T09:00+00:00,5917,64,0,150,10,147,10,2.1,10,4.4,10,1001.4,10,,,95,10,0.0,10,0,10,,,0.0,10,0.8,,,10,1.3,,,10,2.1,10,0.1,10,0.2,10,922,10
2008-01-10T10:00+00:00,5917,75,0,159,10,134,10,2.1,10,4.1,10,1001.3,10,,,92,10,0.0,10,0,10,,,0.0,10,0.8,,,10,1.3,,,10,2.1,10,0.3,10,0.9,10,1048,10
2008-01-10T11:00+00:00,5917,110,0,129,10,129,10,1.8,10,4.1,10,1001.0,10,,,92,10,0.0,10,0,10,,,0.0,10,0.9,,,10,1.3,,,10,2.1,10,0.5,10,1.7,10,1111,10
2008-01-10T12:00+00:00,5917,85,0,118,10,122,10,2.1,10,3.6,10,1000.2,10,,,92,10,0.0,10,0,10,,,0.0,10,0.9,,,10,1.3,,,10,2.1,10,0.6,10,1.7,10,1228,10
2008-01-10T13:00+00:00,5917,52,0,131,10,137,10,2.6,10,4.3,10,999.8,10,,,93,10,0.0,10,0,10,,,0.0,10,0.9,,,10,1.3,,,10,2.1,10,0.3,10,1.1,10,1343,10
2008-01-10T14:00+00:00,5917,33,0,136,10,140,10,3.2,10,6.1,10,1000.0,10,,,94,10,0.0,10,0,10,,,0.0,10,0.9,,,10,1.3,,,10,2.1,10,-0.7,10,-0.1,10,1457,10
2008-01-10T15:00+00:00,5917,15,0,148,10,149,10,3.5,10,5.5,10,1000.0,10,,,96,10,0.0,10,0,10,,,0.0,10,0.8,,,10,1.3,,,10,2.1,10,-0.9,10,-0.6,10,1557,10
2008-01-10T16:00+00:00,5917,0,0,157,10,170,10,2.9,10,5.5,10,1000.0,10,,,96,10,0.0,10,0,10,,,0.0,10,0.8,,,10,1.3,,,10,2.1,10,-0.8,10,-0.6,10,1622,10
2008-01-10T17:00+00:00,5917,0,0,139,10,151,10,2.7,10,4.3,10,1000.0,10,,,95,10,0.0,10,0,10,,,0.0,10,0.8,,,10,1.3,,,10,2.1,10,-0.6,10,-0.5,10,1703,10
2008-01-10T18:00+00:00,5917,0,0,144,10,173,10,2.7,10,5.2,10,999.8,10,,,95,10,0.0,10,0,10,,,0.0,10,0.8,,,10,1.3,,,10,2.1,10,-0.7,10,-0.5,10,1856,10
2008-01-10T19:00+00:00,5917,0,0,168,10,168,10,3.3,10,5.6,10,1000.0,10,,,96,10,0.0,10,0,10,,,0.0,10,0.8,,,10,1.4,,,10,2.1,10,-0.9,10,-0.7,10,1944,10
2008-01-10T20:00+00:00,5917,0,0,161,10,163,10,2.9,10,4.9,10,999.8,10,,,96,10,0.0,10,0,10,,,0.0,10,0.8,,,10,1.4,,,10,2.1,10,-1.0,10,-0.7,10,2007,10
2008-01-10T21:00+00:00,5917,0,0,123,10,120,10,3.1,10,5.0,10,999.8,10,,,97,10,0.0,10,0,10,,,0.0,10,0.9,,,10,1.4,,,10,2.1,10,-1.2,10,-0.9,10,2120,10
2008-01-10T22:00+00:00,5917,0,0,156,10,172,10,2.8,10,5.1,10,999.8,10,,,97,10,0.0,10,0,10,,,0.0,10,0.9,,,10,1.4,,,10,2.1,10,-1.3,10,-1.0,10,2254,10
2008-01-10T23:00+00:00,5917,0,0,154,10,156,10,3.5,10,6.3,10,999.5,10,,,97,10,0.0,10,0,10,,,0.0,10,0.9,,,10,1.4,,,10,2.1,10,-1.6,10,-1.2,10,2340,10
2008-01-11T00:00+00:00,5917,0,0,149,10,154,10,3.3,10,5.8,10,999.0,10,,,97,10,0.0,10,0,10,,,0.0,10,0.9,,,10,1.4,,,10,2.1,10,-1.4,10,-1.2,10,33,10
2008-01-11T01:00+00:00,5917,0,0,139,10,135,10,3.0,10,5.5,10,998.9,10,,,97,10,0.0,10,0,10,,,0.0,10,0.9,,,10,1.4,,,10,2.1,10,-1.4,10,-1.1,10,125,10
2008-01-11T02:00+00:00,5917,0,0,146,10,151,10,2.9,10,5.1,10,998.6,10,,,97,10,0.0,10,0,10,,,0.0,10,0.9,,,10,1.4,,,10,2.1,10,-1.2,10,-1.0,10,247,10
2008-01-11T03:00+00:00,5917,0,0,142,10,141,10,2.7,10,4.5,10,998.1,10,,,97,10,0.0,10,0,10,,,0.0,10,0.9,,,10,1.4,,,10,2.1,10,-1.1,10,-0.9,10,342,10
2008-01-11T04:00+00:00,5917,0,0,131,10,121,10,3.0,10,5.1,10,997.8,10,,,97,10,0.0,10,0,10,,,0.0,10,0.9,,,10,1.4,,,10,2.1,10,-0.9,10,-0.8,10,418,10
2008-01-11T05:00+00:00,5917,0,0,127,10,136,10,3.1,10,5.6,10,997.5,10,,,97,10,0.0,10,0,10,,,0.0,10,0.9,,,10,1.4,,,10,2.1,10,-0.8,10,-0.7,10,555,10
2008-01-11T06:00+00:00,5917,0,0,133,10,140,10,3.5,10,6.3,10,997.4,10,,,97,10,0.0,10,0,10,,,0.0,10,0.9,,,10,1.4,,,10,2.1,10,-0.8,10,-0.6,10,650,10
2008-01-11T07:00+00:00,5917,0,0,138,10,141,10,3.5,10,6.6,10,997.0,10,,,97,10,0.0,10,0,10,,,0.0,10,0.9,,,10,1.4,,,10,2.1,10,-0.7,10,-0.7,10,707,10
2008-01-11T08:00+00:00,5917,4,0,137,10,135,10,4.0,10,6.5,10,996.8,10,,,97,10,0.0,10,0,10,,,0.0,10,0.9,,,10,1.4,,,10,2.1,10,-0.7,10,-0.5,10,826,10
2008-01-11T09:00+00:00,5917,18,0,135,10,138,10,3.8,10,6.1,10,996.7,10,,,97,10,0.0,10,0,10,,,0.0,10,1.0,,,10,1.4,,,10,2.1,10,-0.5,10,-0.5,10,905,10
2008-01-11T10:00+00:00,5917,33,0,127,10,136,10,3.4,10,6.1,10,995.9,10,,,97,10,0.0,10,0,10,,,0.0,10,1.0,,,10,1.4,,,10,2.1,10,-0.3,10,-0.2,10,1038,10
2008-01-11T11:00+00:00,5917,33,0,128,10,138,10,3.4,10,5.6,10,995.2,10,,,97,10,0.0,10,0,10,,,0.0,10,1.0,,,10,1.4,,,10,2.2,10,-0.2,10,0.1,10,1127,10
2008-01-11T12:00+00:00,5917,27,0,127,10,132,10,2.7,10,4.3,10,994.4,10,,,97,10,0.0,10,0,10,,,0.0,10,1.0,,,10,1.4,,,10,2.2,10,-0.1,10,0.2,10,1202,10
2008-01-11T13:00+00:00,5917,28,0,127,10,127,10,2.2,10,4.1,10,993.6,10,,,97,10,0.0,10,0,10,,,0.0,10,1.0,,,10,1.4,,,10,2.2,10,-0.1,10,0.3,10,1319,10
2008-01-11T14:00+00:00,5917,22,0,106,10,84,10,1.5,10,2.9,10,993.3,10,,,97,10,0.0,10,0,10,,,0.0,10,1.0,,,10,1.5,,,10,2.2,10,0.2,10,0.4,10,1459,10
2008-01-11T15:00+00:00,5917,6,0,84,10,96,10,1.0,10,2.3,10,992.9,10,,,97,10,0.0,10,0,10,,,0.0,10,1.0,,,10,1.5,,,10,2.2,10,0.2,10,0.3,10,1600,10
2008-01-11T16:00+00:00,5917,0,0,93,10,68,10,1.0,10,3.1,10,992.2,10,,,97,10,0.0,10,0,10,,,0.0,10,1.0,,,10,1.5,,,10,2.2,10,0.3,10,0.3,10,1612,10
2008-01-11T17:00+00:00,5917,0,0,54,10,56,10,0.8,10,1.8,10,991.4,10,,,97,10,0.0,10,0,10,,,0.0,10,1.0,,,10,1.5,,,10,2.2,10,0.4,10,0.3,10,1751,10
2008-01-11T18:00+00:00,5917,0,0,100,10,131,10,0.7,10,2.5,10,991.0,10,,,97,10,0.0,10,0,10,,,0.0,10,1.1,,,10,1.5,,,10,2.2,10,0.6,10,0.4,10,1846,10
2008-01-11T19:00+00:00,5917,0,0,248,10,235,10,0.6,10,1.5,10,990.2,10,,,97,10,0.0,10,0,10,,,0.0,10,1.1,,,10,1.5,,,10,2.2,10,0.2,10,0.3,10,1933,10
2008-01-11T20:00+00:00,5917,0,0,294,10,301,10,0.5,10,1.8,10,989.7,10,,,97,10,0.0,10,0,10,,,0.0,10,1.1,,,10,1.5,,,10,2.2,10,0.1,10,0.2,10,2053,10
2008-01-11T21:00+00:00,5917,0,0,278,10,297,10,1.0,10,1.8,10,989.0,10,,,97,10,0.0,10,0,10,,,0.0,10,1.1,,,10,1.5,,,10,2.2,10,0.2,10,0.2,10,2200,10
2008-01-11T22:00+00:00,5917,0,0,272,10,286,10,1.1,10,2.1,10,988.4,10,,,97,10,0.0,10,0,10,,,0.0,10,1.1,,,10,1.5,,,10,2.2,10,0.4,10,0.3,10,2247,10
2008-01-11T23:00+00:00,5917,0,0,263,10,315,10,0.7,10,2.8,10,987.8,10,,,97,10,0.0,10,0,10,,,0.0,10,1.1,,,10,1.5,,,10,2.2,10,0.3,10,0.3,10,2359,10
2008-01-12T00:00+00:00,5917,0,0,3,10,338,10,0.5,10,3.2,10,986.7,10,,,97,10,0.0,10,0,10,,,0.0,10,1.1,,,10,1.5,,,10,2.2,10,0.2,10,-0.3,10,6,10
2008-01-12T01:00+00:00,5917,0,0,356,10,332,10,1.2,10,2.9,10,986.0,10,,,97,10,0.0,10,0,10,,,0.0,10,1.1,,,10,1.5,,,10,2.2,10,0.1,10,-0.4,10,155,10
2008-01-12T02:00+00:00,5917,0,0,326,10,291,10,1.2,10,2.8,10,985.5,10,,,97,10,0.0,10,0,10,,,0.0,10,1.1,,,10,1.5,,,10,2.2,10,-0.5,10,-0.7,10,228,10
2008-01-12T03:00+00:00,5917,0,0,352,10,38,10,1.1,10,3.5,10,984.9,10,,,97,10,0.0,10,0,10,,,0.0,10,1.1,,,10,1.5,,,10,2.2,10,-0.8,10,-2.1,10,359,10
2008-01-12T04:00+00:00,5917,0,0,18,10,9,10,2.5,10,4.8,10,984.7,10,,,97,10,0.0,10,0,10,,,0.0,10,1.1,,,10,1.5,,,10,2.2,10,-0.1,10,-1.9,10,413,10
2008-01-12T05:00+00:00,5917,0,0,5,10,359,10,1.9,10,3.6,10,984.6,10,,,97,10,0.0,10,0,10,,,0.0,10,1.1,,,10,1.5,,,10,2.2,10,-0.1,10,-0.9,10,534,10
2008-01-12T06:00+00:00,5917,0,0,313,10,359,10,1.3,10,3.1,10,984.8,10,,,97,10,0.0,10,0,10,,,0.0,10,1.1,,,10,1.5,,,10,2.2,10,-0.4,10,-1.1,10,613,10
2008-01-12T07:00+00:00,5917,3,0,302,10,304,10,1.0,10,2.7,10,984.6,10,,,97,10,0.0,10,0,10,,,0.0,10,1.1,,,10,1.5,,,10,2.2,10,-0.4,10,-0.9,10,704,10
2008-01-12T08:00+00:00,5917,43,0,342,10,345,10,0.9,10,2.1,10,984.7,10,,,97,10,0.0,10,0,10,,,0.0,10,1.1,,,10,1.5,,,10,2.2,10,-0.3,10,-0.9,10,849,10
2008-01-12T09:00+00:00,5917,127,0,342,10,334,10,1.1,10,2.4,10,984.8,10,,,97,10,0.0,10,0,10,,,0.5,10,1.1,,,10,1.5,,,10,2.2,10,1.0,10,0.2,10,921,10
2008-01-12T10:00+00:00,5917,224,0,38,10,116,10,1.0,10,2.5,10,984.6,10,,,97,10,0.0,10,0,10,,,1.0,10,1.3,,,10,1.5,,,10,2.2,10,3.8,10,1.8,10,1054,10
2008-01-12T11:00+00:00,5917,205,0,29,10,21,10,1.5,10,3.2,10,984.5,10,,,97,10,0.0,10,0,10,,,1.0,10,1.4,,,10,1.6,,,10,2.2,10,4.9,10,5.3,10,1146,10
2008-01-12T12:00+00:00,5917,194,0,9,10,336,10,1.1,10,2.8,10,984.5,10,,,97,10,0.0,10,0,10,,,0.5,10,1.4,,,10,1.6,,,10,2.2,10,5.3,10,6.7,10,1208,10
2008-01-12T13:00+00:00,5917,107,0,355,10,8,10,0.9,10,2.4,10,984.7,10,,,92,10,0.0,10,0,10,,,0.0,10,1.5,,,10,1.6,,,10,2.2,10,5.3,10,5.9,10,1335,10
2008-01-12T14:00+00:00,5917,66,0,305,10,314,10,3.9,10,9.7,10,986.5,10,,,77,10,0.0,10,0,10,,,0.0,10,1.5,,,10,1.6,,,10,2.2,10,3.6,10,3.2,10,1428,10
2008-01-12T15:00+00:00,5917,18,0,307,10,312,10,3.5,10,6.9,10,988.0,10,,,72,10,0.0,10,0,10,,,0.0,10,1.5,,,10,1.6,,,10,2.2,10,5.1,10,3.2,10,1501,10
2008-01-12T16:00+00:00,5917,1,0,293,10,301,10,4.1,10,8.1,10,989.6,10,,,68,10,0.0,10,0,10,,,0.0,10,1.5,,,10,1.7,,,10,2.2,10,5.8,10,3.9,10,1654,10
2008-01-12T17:00+00:00,5917,0,0,286,10,310,10,5.6,10,9.7,10,990.4,10,,,71,10,0.0,10,0,10,,,0.0,10,1.5,,,10,1.7,,,10,2.2,10,5.5,10,4.2,10,1722,10
2008-01-12T18:00+00:00,5917,0,0,299,10,289,10,3.4,10,7.1,10,991.3,10,,,73,10,0.0,10,0,10,,,0.0,10,1.6,,,10,1.7,,,10,2.2,10,5.2,10,3.8,10,1801,10
2008-01-12T19:00+00:00,5917,0,0,299,10,310,10,3.7,10,6.7,10,992.6,10,,,74,10,0.0,10,0,10,,,0.0,10,1.6,,,10,1.8,,,10,2.3,10,5.0,10,3.5,10,1914,10
2008-01-12T20:00+00:00,5917,0,0,303,10,302,10,2.8,10,5.4,10,993.3,10,,,73,10,0.0,10,0,10,,,0.0,10,1.6,,,10,1.8,,,10,2.3,10,5.5,10,3.4,10,2058,10
2008-01-12T21:00+00:00,5917,0,0,310,10,315,10,2.8,10,7.0,10,993.7,10,,,74,10,0.0,10,0,10,,,0.0,10,1.7,,,10,1.8,,,10,2.3,10,5.7,10,4.7,10,2153,10
2008-01-12T22:00+00:00,5917,0,0,311,10,297,10,2.3,10,5.3,10,994.7,10,,,76,10,0.0,10,0,10,,,0.0,10,1.7,,,10,1.9,,,10,2.3,10,5.7,10,4.9,10,2236,10
2008-01-12T23:00+00:00,5917,0,0,308,10,285,10,2.3,10,6.5,10,995.4,10,,,77,10,0.0,10,0,10,,,0.0,10,1.8,,,10,1.9,,,10,2.3,10,5.7,10,4.8,10,2354,10
2008-01-13T00:00+00:00,5917,0,0,303,10,300,10,2.7,10,6.3,10,995.7,10,,,82,10,0.0,10,25,10,,,0.0,10,1.8,,,10,1.9,,,10,2.3,10,5.2,10,4.1,10,9,10
2008-01-13T01:00+00:00,5917,0,0,303,10,312,10,2.3,10,5.1,10,996.3,10,,,89,10,0.1,10,53,10,,,0.0,10,1.9,,,10,2.0,,,10,2.4,10,4.6,10,3.7,10,110,10
2008-01-13T02:00+00:00,5917,0,0,295,10,298,10,3.3,10,4.9,10,996.6,10,,,90,10,0.1,10,24,10,,,0.0,10,1.9,,,10,2.0,,,10,2.4,10,4.5,10,3.5,10,231,10
2008-01-13T03:00+00:00,5917,0,0,293,10,304,10,3.1,10,5.5,10,996.5,10,,,90,10,0.0,10,0,10,,,0.0,10,2.0,,,10,2.1,,,10,2.4,10,4.4,10,3.5,10,316,10
2008-01-13T04:00+00:00,5917,0,0,304,10,307,10,3.3,10,5.6,10,996.7,10,,,87,10,0.0,10,0,10,,,0.0,10,2.0,,,10,2.1,,,10,2.4,10,4.7,10,3.5,10,458,10
2008-01-13T05:00+00:00,5917,0,0,305,10,305,10,3.4,10,6.6,10,997.3,10,,,86,10,0.0,10,0,10,,,0.0,10,2.1,,,10,2.1,,,10,2.4,10,4.7,10,3.8,10,537,10
2008-01-13T06:00+00:00,5917,0,0,306,10,303,10,2.8,10,5.5,10,997.6,10,,,85,10,0.0,10,0,10,,,0.0,10,2.1,,,10,2.2,,,10,2.4,10,4.8,10,3.7,10,613,10
2008-01-13T07:00+00:00,5917,0,0,325,10,319,10,1.4,10,3.6,10,998.4,10,,,84,10,0.0,10,0,10,,,0.0,10,2.1,,,10,2.2,,,10,2.4,10,4.7,10,3.6,10,800,10
2008-01-13T08:00+00:00,5917,24,0,37,10,67,10,1.3,10,2.7,10,998.6,10,,,91,10,0.0,10,0,10,,,0.0,10,2.1,,,10,2.2,,,10,2.5,10,3.5,10,3.1,10,822,10
2008-01-13T09:00+00:00,5917,87,0,61,10,38,10,1.1,10,2.5,10,999.0,10,,,92,10,0.0,10,0,10,,,0.0,10,2.2,,,10,2.2,,,10,2.5,10,3.7,10,2.7,10,902,10
2008-01-13T10:00+00:00,5917,223,0,23,10,22,10,1.5,10,3.4,10,998.9,10,,,87,10,0.0,10,0,10,,,0.7,10,2.4,,,10,2.3,,,10,2.5,10,5.1,10,5.4,10,1034,10
2008-01-13T11:00+00:00,5917,104,0,0,10,342,10,0.0,10,1.6,10,998.5,10,,,86,10,0.0,10,0,10,,,0.0,10,2.4,,,10,2.3,,,10,2.5,10,5.3,10,6.5,10,1104,10
2008-01-13T12:00+00:00,5917,157,0,177,10,207,10,0.9,10,2.0,10,997.5,10,,,86,10,0.0,10,0,10,,,0.0,10,2.6,,,10,2.4,,,10,2.5,10,5.9,10,7.2,10,1236,10
2008-01-13T13:00+00:00,5917,205,0,76,10,95,10,0.5,10,2.5,10,997.0,10,,,78,10,0.0,10,0,10,,,0.3,10,2.8,,,10,2.4,,,10,2.5,10,6.7,10,8.8,10,1358,10
2008-01-13T14:00+00:00,5917,107,0,134,10,140,10,2.0,10,3.3,10,996.7,10,,,83,10,0.0,10,0,10,,,0.3,10,2.9,,,10,2.5,,,10,2.6,10,5.8,10,6.7,10,1424,10
2008-01-13T15:00+00:00,5917,40,0,123,10,133,10,1.9,10,2.8,10,996.7,10,,,85,10,0.0,10,0,10,,,0.2,10,2.9,,,10,2.6,,,10,2.6,10,4.7,10,3.3,10,1501,10
2008-01-13T16:00+00:00,5917,3,0,84,10,50,10,0.9,10,1.7,10,996.8,10,,,85,10,0.0,10,0,10,,,0.0,10,2.9,,,10,2.7,,,10,2.6,10,4.6,10,2.6,10,1658,10
2008-01-13T17:00+00:00,5917,0,0,55,10,60,10,1.3,10,2.1,10,997.0,10,,,89,10,0.0,10,0,10,,,0.0,10,2.8,,,10,2.7,,,10,2.6,10,3.8,10,1.4,10,1707,10
2008-01-13T18:00+00:00,5917,0,0,64,10,74,10,2.1,10,3.5,10,997.0,10,,,91,10,0.0,10,0,10,,,0.0,10,2.8,,,10,2.8,,,10,2.6,10,3.5,10,1.3,10,1848,10
2008-01-13T19:00+00:00,5917,0,0,90,10,92,10,1.8,10,3.2,10,997.1,10,,,92,10,0.0,10,0,10,,,0.0,10,2.8,,,10,2.8,,,10,2.7,10,3.1,10,2.5,10,1910,10
2008-01-13T20:00+00:00,5917,0,0,107,10,109,10,2.1,10,3.4,10,997.1,10,,,92,10,0.0,10,0,10,,,0.0,10,2.8,,,10,2.8,,,10,2.7,10,3.2,10,2.5,10,2032,10
2008-01-13T21:00+00:00,5917,0,0,114,10,124,10,2.2,10,4.5,10,997.0,10,,,91,10,0.0,10,0,10,,,0.0,10,2.7,,,10,2.8,,,10,2.7,10,3.5,10,1.9,10,2138,10
2008-01-13T22:00+00:00,5917,0,0,108,10,102,10,2.4,10,4.4,10,996.6,10,,,92,10,0.0,10,0,10,,,0.0,10,2.7,,,10,2.8,,,10,2.8,10,3.1,10,2.4,10,2259,10
2008-01-13T23:00+00:00,5917,0,0,108,10,110,10,3.0,10,5.4,10,996.3,10,,,91,10,0.0,10,0,10,,,0.0,10,2.6,,,10,2.8,,,10,2.8,10,2.6,10,1.7,10,2326,10
2008-01-14T00:00+00:00,5917,0,0,123,10,123,10,3.2,10,5.7,10,996.2,10,,,91,10,0.0,10,0,10,,,0.0,10,2.6,,,10,2.8,,,10,2.8,10,2.5,10,1.3,10,19,10
2008-01-14T01:00+00:00,5917,0,0,129,10,125,10,2.7,10,5.2,10,995.9,10,,,93,10,0.0,10,0,10,,,0.0,10,2.6,,,10,2.8,,,10,2.8,10,1.5,10,0.0,10,114,10
2008-01-14T02:00+00:00,5917,0,0,142,10,147,10,2.8,10,4.5,10,995.9,10,,,94,10,0.0,10,0,10,,,0.0,10,2.5,,,10,2.8,,,10,2.8,10,1.1,10,-0.5,10,223,10
2008-01-14T03:00+00:00,5917,0,0,131,10,127,10,2.4,10,3.5,10,995.5,10,,,95,10,0.0,10,0,10,,,0.0,10,2.4,,,10,2.8,,,10,2.9,10,1.3,10,-0.1,10,330,10
2008-01-14T04:00+00:00,5917,0,0,140,10,120,10,1.2,10,2.8,10,995.1,10,,,95,10,0.0,10,0,10,,,0.0,10,2.4,,,10,2.7,,,10,2.9,10,1.2,10,-0.3,10,430,10
2008-01-14T05:00+00:00,5917,0,0,109,10,105,10,2.0,10,4.0,10,994.7,10,,,92,10,0.0,10,0,10,,,0.0,10,2.3,,,10,2.7,,,10,2.9,10,0.9,10,-1.0,10,530,10
2008-01-14T06:00+00:00,5917,0,0,125,10,128,10,2.7,10,4.2,10,994.8,10,,,93,10,0.0,10,0,10,,,0.0,10,2.3,,,10,2.7,,,10,2.9,10,0.8,10,-0.9,10,616,10
2008-01-14T07:00+00:00,5917,0,0,112,10,109,10,2.7,10,5.2,10,994.7,10,,,93,10,0.0,10,0,10,,,0.0,10,2.2,,,10,2.6,,,10,2.9,10,1.1,10,0.4,10,751,10
2008-01-14T08:00+00:00,5917,39,0,104,10,105,10,2.9,10,5.3,10,994.5,10,,,94,10,0.0,10,0,10,,,0.0,10,2.2,,,10,2.6,,,10,2.9,10,1.3,10,0.5,10,817,10
2008-01-14T09:00+00:00,5917,45,0,123,10,122,10,2.3,10,4.9,10,994.8,10,,,95,10,0.0,10,0,10,,,0.0,10,2.2,,,10,2.6,,,10,2.9,10,2.0,10,1.0,10,908,10
2008-01-14T10:00+00:00,5917,89,0,130,10,150,10,0.7,10,2.3,10,994.5,10,,,95,10,0.0,10,0,10,,,0.0,10,2.3,,,10,2.6,,,10,2.9,10,2.4,10,2.8,10,1002,10
2008-01-14T11:00+00:00,5917,130,0,108,10,134,10,1.6,10,5.9,10,993.6,10,,,92,10,0.0,10,0,10,,,0.0,10,2.4,,,10,2.6,,,10,2.9,10,4.4,10,4.6,10,1153,10
2008-01-14T12:00+00:00,5917,265,0,125,10,134,10,5.6,10,8.7,10,993.0,10,,,89,10,0.0,10,0,10,,,0.7,10,2.5,,,10,2.6,,,10,2.9,10,5.1,10,6.2,10,1227,10
2008-01-14T13:00+00:00,5917,197,0,128,10,143,10,6.2,10,12.0,10,992.7,10,,,88,10,0.0,10,0,10,,,0.6,10,2.7,,,10,2.6,,,10,2.9,10,5.0,10,5.5,10,1321,10
2008-01-14T14:00+00:00,5917,147,0,123,10,124,10,5.5,10,9.9,10,992.5,10,,,84,10,0.0,10,0,10,,,0.9,10,2.8,,,10,2.6,,,10,2.9,10,5.6,10,5.5,10,1429,10
2008-01-14T15:00+00:00,5917,40,0,132,10,144,10,6.9,10,11.4,10,992.4,10,,,84,10,0.0,10,0,10,,,0.3,10,2.8,,,10,2.7,,,10,2.9,10,4.7,10,4.0,10,1535,10
2008-01-14T16:00+00:00,5917,4,0,126,10,138,10,4.9,10,9.1,10,992.6,10,,,92,10,0.0,10,0,10,,,0.0,10,2.7,,,10,2.7,,,10,2.9,10,3.5,10,2.3,10,1601,10
2008-01-14T17:00+00:00,5917,0,0,130,10,137,10,6.4,10,10.5,10,992.6,10,,,95,10,0.0,10,0,10,,,0.0,10,2.7,,,10,2.8,,,10,2.9,10,3.2,10,2.0,10,1757,10
2008-01-14T18:00+00:00,5917,0,0,138,10,145,10,7.1,10,11.7,10,992.9,10,,,96,10,0.0,10,0,10,,,0.0,10,2.7,,,10,2.8,,,10,2.9,10,3.5,10,2.6,10,1803,10
2008-01-14T19:00+00:00,5917,0,0,141,10,140,10,6.1,10,10.6,10,993.0,10,,,95,10,0.0,10,0,10,,,0.0,10,2.7,,,10,2.8,,,10,2.9,10,3.5,10,3.2,10,1905,10
2008-01-14T20:00+00:00,5917,0,0,150,10,145,10,6.5,10,11.3,10,993.3,10,,,95,10,0.0,10,0,10,,,0.0,10,2.7,,,10,2.8,,,10,3.0,10,3.5,10,3.4,10,2023,10
2008-01-14T21:00+00:00,5917,0,0,148,10,149,10,6.3,10,10.7,10,993.0,10,,,95,10,0.0,10,0,10,,,0.0,10,2.7,,,10,2.8,,,10,3.0,10,3.3,10,3.2,10,2128,10
2008-01-14T22:00+00:00,5917,0,0,140,10,136,10,7.2,10,12.3,10,993.0,10,,,95,10,0.0,10,0,10,,,0.0,10,2.7,,,10,2.8,,,10,3.0,10,3.2,10,3.1,10,2253,10
2008-01-14T23:00+00:00,5917,0,0,138,10,138,10,6.4,10,9.8,10,993.1,10,,,95,10,0.0,10,0,10,,,0.0,10,2.7,,,10,2.8,,,10,3.0,10,2.8,10,1.7,10,2312,10
2008-01-15T00:00+00:00,5917,0,0,132,10,140,10,5.2,10,7.8,10,993.0,10,,,95,10,0.0,10,0,10,,,0.0,10,2.6,,,10,2.8,,,10,3.0,10,3.0,10,1.8,10,42,10
2008-01-15T01:00+00:00,5917,0,0,133,10,135,10,4.8,10,7.5,10,993.0,10,,,94,10,0.0,10,0,10,,,0.0,10,2.6,,,10,2.8,,,10,3.0,10,3.1,10,2.7,10,115,10
2008-01-15T02:00+00:00,5917,0,0,130,10,135,10,3.4,10,5.8,10,992.9,10,,,93,10,0.0,10,0,10,,,0.0,10,2.6,,,10,2.8,,,10,3.0,10,3.0,10,2.8,10,245,10
2008-01-15T03:00+00:00,5917,0,0,131,10,138,10,4.2,10,6.3,10,992.6,10,,,94,10,0.0,10,0,10,,,0.0,10,2.6,,,10,2.8,,,10,3.0,10,2.9,10,2.4,10,316,10
2008-01-15T04:00+00:00,5917,0,0,129,10,133,10,4.2,10,6.5,10,992.6,10,,,94,10,0.0,10,0,10,,,0.0,10,2.6,,,10,2.8,,,10,3.1,10,2.7,10,2.0,10,427,10
2008-01-15T05:00+00:00,5917,0,0,128,10,137,10,2.9,10,5.2,10,992.5,10,,,94,10,0.0,10,0,10,,,0.0,10,2.6,,,10,2.8,,,10,3.1,10,2.3,10,0.8,10,501,10
2008-01-15T06:00+00:00,5917,0,0,109,10,117,10,1.4,10,3.4,10,993.3,10,,,95,10,0.0,10,0,10,,,0.0,10,2.5,,,10,2.8,,,10,3.1,10,2.1,10,0.6,10,700,10
2008-01-15T07:00+00:00,5917,1,0,64,10,96,10,0.6,10,2.1,10,994.0,10,,,97,10,0.0,10,0,10,,,0.0,10,2.5,,,10,2.8,,,10,3.1,10,1.3,10,-0.9,10,702,10
2008-01-15T08:00+00:00,5917,39,0,50,10,110,10,0.6,10,2.1,10,994.2,10,,,97,10,0.0,10,0,10,,,0.0,10,2.5,,,10,2.8,,,10,3.1,10,1.3,10,-0.6,10,829,10
2008-01-15T09:00+00:00,5917,76,0,79,10,138,10,0.6,10,2.5,10,994.1,10,,,95,10,0.0,10,0,10,,,0.0,10,2.5,,,10,2.8,,,10,3.1,10,2.7,10,0.9,10,955,10
2008-01-15T10:00+00:00,5917,75,0,125,10,130,10,1.4,10,3.4,10,994.3,10,,,94,10,0.0,10,0,10,,,0.0,10,2.5,,,10,2.8,,,10,3.1,10,2.6,10,3.8,10,1014,10
2008-01-15T11:00+00:00,5917,116,0,145,10,134,10,1.2,10,3.3,10,993.4,10,,,95,10,0.0,10,0,10,,,0.0,10,2.6,,,10,2.8,,,10,3.1,10,2.8,10,4.2,10,1152,10
2008-01-15T12:00+00:00,5917,152,0,134,10,119,10,2.5,10,5.9,10,992.6,10,,,90,10,0.0,10,0,10,,,0.0,10,2.7,,,10,2.8,,,10,3.1,10,3.7,10,5.1,10,1252,10
2008-01-15T13:00+00:00,5917,51,0,116,10,114,10,3.2,10,6.1,10,992.2,10,,,90,10,0.0,10,0,10,,,0.0,10,2.8,,,10,2.8,,,10,3.1,10,3.5,10,4.1,10,1334,10
2008-01-15T14:00+00:00,5917,54,0,139,10,142,10,3.1,10,7.0,10,991.4,10,,,89,10,0.0,10,0,10,,,0.0,10,2.8,,,10,2.8,,,10,3.1,10,4.0,10,4.2,10,1431,10
2008-01-15T15:00+00:00,5917,25,0,133,10,125,10,2.0,10,5.0,10,990.9,10,,,90,10,0.0,10,0,10,,,0.0,10,2.9,,,10,2.9,,,10,3.1,10,4.3,10,4.2,10,1557,10
2008-01-15T16:00+00:00,5917,3,0,107,10,117,10,3.0,10,5.0,10,990.1,10,,,92,10,0.0,10,0,10,,,0.0,10,2.9,,,10,2.9,,,10,3.1,10,3.4,10,1.1,10,1628,10
2008-01-15T17:00+00:00,5917,0,0,111,10,119,10,3.8,10,7.7,10,989.0,10,,,91,10,0.0,10,0,10,,,0.0,10,2.8,,,10,3.0,,,10,3.1,10,3.5,10,1.4,10,1711,10
2008-01-15T18:00+00:00,5917,0,0,132,10,142,10,4.5,10,7.9,10,988.5,10,,,93,10,0.0,10,0,10,,,0.0,10,2.8,,,10,3.0,,,10,3.1,10,3.1,10,1.6,10,1822,10
2008-01-15T19:00+00:00,5917,0,0,132,10,141,10,4.9,10,10.3,10,987.1,10,,,90,10,0.0,10,0,10,,,0.0,10,2.8,,,10,3.0,,,10,3.1,10,3.7,10,1.5,10,1957,10
2008-01-15T20:00+00:00,5917,0,0,131,10,142,10,7.5,10,12.6,10,986.4,10,,,85,10,0.0,10,0,10,,,0.0,10,2.8,,,10,3.0,,,10,3.1,10,4.0,10,2.3,10,2058,10
2008-01-15T21:00+00:00,5917,0,0,134,10,141,10,8.7,10,13.4,10,985.7,10,,,83,10,0.0,10,0,10,,,0.0,10,2.8,,,10,3.0,,,10,3.2,10,4.4,10,3.0,10,2150,10
2008-01-15T22:00+00:00,5917,0,0,135,10,139,10,8.5,10,13.2,10,985.3,10,,,87,10,0.0,10,0,10,,,0.0,10,2.7,,,10,2.9,,,10,3.2,10,3.7,10,2.6,10,2300,10
2008-01-15T23:00+00:00,5917,0,0,144,10,139,10,7.4,10,11.3,10,984.3,10,,,82,10,0.0,10,0,10,,,0.0,10,2.7,,,10,2.9,,,10,3.2,10,4.2,10,2.4,10,2305,10
2008-01-16T00:00+00:00,5917,0,0,146,10,148,10,7.9,10,12.6,10,983.5,10,,,80,10,0.0,10,0,10,,,0.0,10,2.7,,,10,2.9,,,10,3.2,10,4.3,10,3.0,10,40,10
2008-01-16T01:00+00:00,5917,0,0,143,10,140,10,7.1,10,11.3,10,982.9,10,,,79,10,0.0,10,0,10,,,0.0,10,2.7,,,10,2.9,,,10,3.2,10,4.6,10,3.0,10,107,10
2008-01-16T02:00+00:00,5917,0,0,147,10,143,10,7.6,10,12.6,10,982.2,10,,,79,10,0.0,10,0,10,,,0.0,10,2.7,,,10,2.9,,,10,3.2,10,4.8,10,3.3,10,211,10
2008-01-16T03:00+00:00,5917,0,0,148,10,162,10,6.7,10,12.1,10,981.4,10,,,76,10,0.0,10,0,10,,,0.0,10,2.7,,,10,2.9,,,10,3.2,10,5.5,10,3.2,10,355,10
2008-01-16T04:00+00:00,5917,0,0,155,10,164,10,7.1,10,12.6,10,981.1,10,,,76,10,0.0,10,0,10,,,0.0,10,2.7,,,10,2.9,,,10,3.2,10,5.6,10,4.3,10,457,10
2008-01-16T05:00+00:00,5917,0,0,158,10,157,10,7.4,10,12.4,10,980.9,10,,,76,10,0.0,10,0,10,,,0.0,10,2.7,,,10,2.9,,,10,3.2,10,6.0,10,4.3,10,530,10
2008-01-16T06:00+00:00,5917,0,0,152,10,160,10,6.8,10,11.4,10,980.8,10,,,77,10,0.0,10,0,10,,,0.0,10,2.7,,,10,2.9,,,10,3.2,10,5.9,10,4.3,10,628,10
2008-01-16T07:00+00:00,5917,4,0,152,10,158,10,6.0,10,11.5,10,981.0,10,,,79,10,0.0,10,0,10,,,0.1,10,2.8,,,10,2.9,,,10,3.2,10,5.7,10,4.5,10,717,10
2008-01-16T08:00+00:00,5917,34,0,149,10,146,10,6.0,10,9.0,10,980.9,10,,,80,10,0.0,10,0,10,,,0.0,10,2.8,,,10,2.9,,,10,3.2,10,6.0,10,4.5,10,836,10
2008-01-16T09:00+00:00,5917,92,0,143,10,150,10,5.2,10,9.2,10,981.2,10,,,78,10,0.0,10,0,10,,,0.0,10,2.8,,,10,2.9,,,10,3.2,10,6.9,10,5.4,10,901,10
2008-01-16T10:00+00:00,5917,112,0,143,10,133,10,5.2,10,8.3,10,981.0,10,,,75,10,0.0,10,0,10,,,0.1,10,3.0,,,10,2.9,,,10,3.2,10,7.9,10,7.1,10,1007,10
2008-01-16T11:00+00:00,5917,146,0,155,10,165,10,5.4,10,9.4,10,980.4,10,,,68,10,0.0,10,0,10,,,0.1,10,3.1,,,10,2.9,,,10,3.2,10,9.4,10,7.9,10,1151,10
2008-01-16T12:00+00:00,5917,211,0,156,10,148,10,5.5,10,9.4,10,980.0,10,,,65,10,0.0,10,0,10,,,0.5,10,3.3,,,10,3.0,,,10,3.2,10,10.2,10,10.4,10,1216,10
2008-01-16T13:00+00:00,5917,104,0,155,10,163,10,4.7,10,8.3,10,980.3,10,,,65,10,0.0,10,0,10,,,0.0,10,3.4,,,10,3.0,,,10,3.2,10,10.2,10,10.2,10,1320,10
2008-01-16T14:00+00:00,5917,46,0,166,10,180,10,5.6,10,8.8,10,980.8,10,,,68,10,0.0,10,0,10,,,0.0,10,3.5,,,10,3.1,,,10,3.2,10,9.3,10,9.0,10,1439,10
2008-01-16T15:00+00:00,5917,27,0,160,10,167,10,5.2,10,8.8,10,981.2,10,,,68,10,0.0,10,0,10,,,0.0,10,3.5,,,10,3.2,,,10,3.2,10,8.9,10,7.7,10,1517,10
2008-01-16T16:00+00:00,5917,1,0,152,10,150,10,3.2,10,7.7,10,981.9,10,,,75,10,0.0,10,0,10,,,0.0,10,3.6,,,10,3.2,,,10,3.2,10,6.7,10,5.3,10,1612,10
2008-01-16T17:00+00:00,5917,0,0,298,10,286,10,1.8,10,3.4,10,982.2,10,,,84,10,0.0,10,0,10,,,0.0,10,3.5,,,10,3.3,,,10,3.2,10,4.6,10,2.9,10,1721,10
2008-01-16T18:00+00:00,5917,0,0,4,10,14,10,1.5,10,3.2,10,982.9,10,,,86,10,0.0,10,0,10,,,0.0,10,3.4,,,10,3.3,,,10,3.3,10,4.2,10,2.1,10,1811,10
2008-01-16T19:00+00:00,5917,0,0,9,10,18,10,2.2,10,3.9,10,983.1,10,,,89,10,0.0,10,0,10,,,0.0,10,3.3,,,10,3.4,,,10,3.3,10,3.8,10,2.4,10,1942,10
2008-01-16T20:00+00:00,5917,0,0,10,10,26,10,2.0,10,3.4,10,983.7,10,,,92,10,0.0,10,0,10,,,0.0,10,3.3,,,10,3.4,,,10,3.3,10,3.2,10,1.6,10,2023,10
2008-01-16T21:00+00:00,5917,0,0,338,10,350,10,1.5,10,2.9,10,984.3,10,,,93,10,0.0,10,0,10,,,0.0,10,3.2,,,10,3.4,,,10,3.3,10,2.6,10,1.1,10,2108,10
2008-01-16T22:00+00:00,5917,0,0,330,10,344,10,1.3,10,2.6,10,984.8,10,,,93,10,0.0,10,0,10,,,0.0,10,3.1,,,10,3.3,,,10,3.3,10,2.7,10,1.1,10,2229,10
2008-01-16T23:00+00:00,5917,0,0,300,10,287,10,1.8,10,3.6,10,985.2,10,,,94,10,0.0,10,0,10,,,0.0,10,3.1,,,10,3.3,,,10,3.4,10,2.6,10,1.4,10,2342,10
2008-01-17T00:00+00:00,5917,0,0,300,10,295,10,2.1,10,3.0,10,985.5,10,,,94,10,0.0,10,0,10,,,0.0,10,3.0,,,10,3.3,,,10,3.4,10,2.4,10,1.4,10,15,10
2008-01-17T01:00+00:00,5917,0,0,314,10,304,10,1.7,10,3.3,10,986.0,10,,,95,10,0.0,10,0,10,,,0.0,10,3.0,,,10,3.3,,,10,3.4,10,2.9,10,1.7,10,143,10
2008-01-17T02:00+00:00,5917,0,0,340,10,348,10,1.7,10,2.9,10,986.5,10,,,95,10,0.0,10,0,10,,,0.0,10,3.0,,,10,3.2,,,10,3.4,10,2.9,10,1.5,10,244,10
2008-01-17T03:00+00:00,5917,0,0,351,10,352,10,1.6,10,2.7,10,986.9,10,,,95,10,0.0,10,0,10,,,0.0,10,2.9,,,10,3.2,,,10,3.4,10,2.5,10,1.3,10,359,10
2008-01-17T04:00+00:00,5917,0,0,340,10,340,10,1.6,10,3.4,10,987.5,10,,,96,10,0.0,10,0,10,,,0.0,10,2.9,,,10,3.2,,,10,3.4,10,2.7,10,0.6,10,415,10
2008-01-17T05:00+00:00,5917,0,0,360,10,20,10,1.7,10,3.3,10,988.5,10,,,96,10,0.0,10,0,10,,,0.0,10,2.8,,,10,3.2,,,10,3.4,10,2.3,10,0.6,10,527,10
2008-01-17T06:00+00:00,5917,0,0,338,10,332,10,1.8,10,3.7,10,989.3,10,,,95,10,0.0,10,0,10,,,0.0,10,2.8,,,10,3.2,,,10,3.4,10,3.1,10,0.8,10,647,10
2008-01-17T07:00+00:00,5917,0,0,314,10,307,10,2.0,10,4.4,10,990.4,10,,,94,10,0.0,10,0,10,,,0.0,10,2.8,,,10,3.1,,,10,3.4,10,3.5,10,2.6,10,758,10
2008-01-17T08:00+00:00,5917,12,0,308,10,299,10,2.4,10,5.9,10,991.4,10,,,93,10,0.0,10,0,10,,,0.0,10,2.9,,,10,3.1,,,10,3.4,10,3.8,10,3.2,10,809,10
2008-01-17T09:00+00:00,5917,96,0,30,10,30,10,1.4,10,2.8,10,992.2,10,,,90,10,0.0,10,0,10,,,0.3,10,2.9,,,10,3.1,,,10,3.4,10,4.7,10,4.0,10,954,10
2008-01-17T10:00+00:00,5917,155,0,74,10,76,10,1.6,10,2.9,10,992.7,10,,,88,10,0.0,10,0,10,,,0.6,10,3.1,,,10,3.1,,,10,3.4,10,4.9,10,6.3,10,1010,10
2008-01-17T11:00+00:00,5917,115,0,119,10,102,10,1.8,10,3.1,10,993.1,10,,,90,10,0.0,10,0,10,,,0.0,10,3.1,,,10,3.1,,,10,3.4,10,4.7,10,6.0,10,1134,10
2008-01-17T12:00+00:00,5917,101,0,155,10,159,10,1.7,10,3.5,10,993.1,10,,,90,10,0.0,10,0,10,,,0.0,10,3.2,,,10,3.2,,,10,3.4,10,4.8,10,6.1,10,1240,10
2008-01-17T13:00+00:00,5917,73,0,168,10,158,10,1.5,10,3.0,10,993.4,10,,,90,10,0.0,10,24,10,,,0.0,10,3.3,,,10,3.2,,,10,3.4,10,4.9,10,5.3,10,1310,10
2008-01-17T14:00+00:00,5917,43,0,145,10,142,10,2.1,10,3.5,10,994.0,10,,,92,10,0.3,10,30,10,,,0.0,10,3.3,,,10,3.2,,,10,3.4,10,4.5,10,4.6,10,1419,10
2008-01-17T15:00+00:00,5917,15,0,140,10,134,10,1.7,10,2.9,10,994.2,10,,,93,10,0.1,10,8,10,,,0.0,10,3.3,,,10,3.3,,,10,3.4,10,4.3,10,4.1,10,1531,10
2008-01-17T16:00+00:00,5917,0,0,132,10,139,10,2.3,10,3.5,10,994.4,10,,,95,10,0.0,10,26,10,,,0.0,10,3.3,,,10,3.3,,,10,3.4,10,3.9,10,3.6,10,1640,10
2008-01-17T17:00+00:00,5917,0,0,137,10,137,10,2.6,10,4.7,10,994.4,10,,,97,10,0.0,10,0,10,,,0.0,10,3.3,,,10,3.4,,,10,3.4,10,3.5,10,3.4,10,1757,10
2008-01-17T18:00+00:00,5917,0,0,142,10,142,10,2.9,10,4.6,10,994.7,10,,,96,10,0.0,10,0,10,,,0.0,10,3.3,,,10,3.4,,,10,3.5,10,3.5,10,3.3,10,1835,10
2008-01-17T19:00+00:00,5917,0,0,148,10,141,10,2.2,10,4.6,10,994.5,10,,,96,10,0.0,10,0,10,,,0.0,10,3.3,,,10,3.4,,,10,3.5,10,3.5,10,3.3,10,1922,10
2008-01-17T20:00+00:00,5917,0,0,137,10,127,10,0.7,10,3.2,10,994.4,10,,,96,10,0.0,10,0,10,,,0.0,10,3.3,,,10,3.4,,,10,3.5,10,3.5,10,3.3,10,2046,10
2008-01-17T21:00+00:00,5917,0,0,130,10,136,10,2.3,10,3.7,10,994.1,10,,,96,10,0.0,10,0,10,,,0.0,10,3.3,,,10,3.5,,,10,3.5,10,3.3,10,3.3,10,2142,10
2008-01-17T22:00+00:00,5917,0,0,118,10,126,10,2.8,10,5.0,10,993.4,10,,,96,10,0.0,10,0,10,,,0.0,10,3.3,,,10,3.5,,,10,3.5,10,3.4,10,3.3,10,2251,10
2008-01-17T23:00+00:00,5917,0,0,121,10,123,10,3.4,10,6.7,10,993.0,10,,,96,10,0.0,10,0,10,,,0.0,10,3.3,,,10,3.5,,,10,3.5,10,3.6,10,3.2,10,2331,10
2008-01-18T00:00+00:00,5917,0,0,134,10,145,10,4.4,10,9.5,10,992.0,10,,,96,10,0.0,10,0,10,,,0.0,10,3.3,,,10,3.5,,,10,3.5,10,4.0,10,3.4,10,29,10
2008-01-18T01:00+00:00,5917,0,0,130,10,149,10,3.9,10,7.1,10,991.3,10,,,94,10,0.0,10,0,10,,,0.0,10,3.3,,,10,3.5,,,10,3.5,10,4.3,10,3.6,10,104,10
2008-01-18T02:00+00:00,5917,0,0,131,10,140,10,4.0,10,8.2,10,990.7,10,,,94,10,0.0,10,0,10,,,0.0,10,3.3,,,10,3.5,,,10,3.6,10,4.3,10,3.5,10,248,10
2008-01-18T03:00+00:00,5917,0,0,137,10,138,10,3.7,10,6.4,10,990.2,10,,,92,10,0.0,10,0,10,,,0.0,10,3.3,,,10,3.5,,,10,3.6,10,4.7,10,3.4,10,308,10
2008-01-18T04:00+00:00,5917,0,0,143,10,153,10,4.8,10,10.1,10,990.3,10,,,92,10,0.0,10,0,10,,,0.0,10,3.4,,,10,3.5,,,10,3.6,10,4.6,10,3.5,10,426,10
2008-01-18T05:00+00:00,5917,0,0,137,10,151,10,3.3,10,5.5,10,990.7,10,,,94,10,0.0,10,0,10,,,0.0,10,3.3,,,10,3.5,,,10,3.6,10,4.0,10,2.1,10,600,10
2008-01-18T06:00+00:00,5917,0,0,127,10,121,10,2.9,10,4.6,10,991.8,10,,,93,10,0.0,10,0,10,,,0.0,10,3.3,,,10,3.5,,,10,3.6,10,4.1,10,2.4,10,613,10
2008-01-18T07:00+00:00,5917,1,0,312,10,310,10,2.5,10,6.1,10,993.6,10,,,92,10,0.0,10,0,10,,,0.0,10,3.3,,,10,3.5,,,10,3.6,10,3.8,10,1.7,10,749,10
2008-01-18T08:00+00:00,5917,18,0,318,10,317,10,3.4,10,9.3,10,994.4,10,,,78,10,0.0,10,0,10,,,0.0,10,3.3,,,10,3.5,,,10,3.6,10,5.6,10,2.8,10,845,10
2008-01-18T09:00+00:00,5917,45,0,17,10,312,10,1.1,10,4.8,10,994.6,10,,,81,10,0.0,10,0,10,,,0.0,10,3.3,,,10,3.5,,,10,3.6,10,5.6,10,4.7,10,904,10
2008-01-18T10:00+00:00,5917,161,0,52,10,186,10,0.6,10,3.1,10,995.5,10,,,79,10,0.0,10,0,10,,,0.2,10,3.4,,,10,3.5,,,10,3.6,10,7.1,10,5.4,10,1056,10
2008-01-18T11:00+00:00,5917,258,0,184,10,163,10,2.3,10,5.1,10,996.2,10,,,80,10,0.0,10,0,10,,,0.5,10,3.6,,,10,3.5,,,10,3.6,10,7.5,10,9.0,10,1124,10
2008-01-18T12:00+00:00,5917,158,0,272,10,294,10,4.4,10,10.7,10,996.3,10,,,65,10,0.0,10,0,10,,,0.2,10,3.8,,,10,3.5,,,10,3.6,10,9.7,10,9.2,10,1252,10
2008-01-18T13:00+00:00,5917,196,0,275,10,282,10,5.0,10,10.5,10,996.3,10,,,65,10,0.0,10,0,10,,,0.6,10,3.9,,,10,3.6,,,10,3.6,10,10.2,10,9.0,10,1310,10
2008-01-18T14:00+00:00,5917,178,0,270,10,278,10,5.6,10,10.1,10,997.4,10,,,66,10,0.0,10,0,10,,,0.9,10,4.0,,,10,3.6,,,10,3.6,10,9.7,10,9.7,10,1429,10
2008-01-18T15:00+00:00,5917,40,0,276,10,323,10,5.7,10,13.2,10,998.0,10,,,67,10,0.0,10,0,10,,,0.2,10,4.1,,,10,3.7,,,10,3.6,10,9.1,10,8.1,10,1520,10
2008-01-18T16:00+00:00,5917,4,0,270,10,283,10,4.4,10,8.4,10,999.0,10,,,69,10,0.0,10,0,10,,,0.0,10,4.1,,,10,3.8,,,10,3.7,10,8.4,10,7.5,10,1602,10
2008-01-18T17:00+00:00,5917,0,0,252,10,258,10,3.1,10,5.9,10,999.2,10,,,70,10,0.0,10,0,10,,,0.0,10,4.1,,,10,3.8,,,10,3.7,10,8.0,10,6.6,10,1709,10
2008-01-18T18:00+00:00,5917,0,0,254,10,253,10,2.8,10,5.0,10,999.8,10,,,72,10,0.0,10,3,10,,,0.0,10,4.1,,,10,3.9,,,10,3.7,10,7.6,10,6.6,10,1827,10
2008-01-18T19:00+00:00,5917,0,0,242,10,256,10,2.1,10,5.2,10,1000.5,10,,,71,10,0.0,10,0,10,,,0.0,10,4.1,,,10,3.9,,,10,3.7,10,8.0,10,6.6,10,1905,10
2008-01-18T20:00+00:00,5917,0,0,207,10,214,10,1.8,10,4.1,10,1001.0,10,,,75,10,0.0,10,6,10,,,0.0,10,4.1,,,10,3.9,,,10,3.8,10,7.7,10,5.7,10,2058,10
2008-01-18T21:00+00:00,5917,0,0,239,10,228,10,2.4,10,4.6,10,1001.0,10,,,80,10,0.0,10,10,10,,,0.0,10,4.1,,,10,4.0,,,10,3.8,10,7.3,10,5.9,10,2109,10
2008-01-18T22:00+00:00,5917,0,0,228,10,259,10,2.2,10,3.8,10,1000.7,10,,,80,10,0.0,10,0,10,,,0.0,10,4.1,,,10,4.0,,,10,3.8,10,7.3,10,5.9,10,2204,10
2008-01-18T23:00+00:00,5917,0,0,178,10,187,10,2.1,10,3.7,10,1000.5,10,,,90,10,0.0,10,0,10,,,0.0,10,4.0,,,10,4.0,,,10,3.8,10,5.3,10,3.4,10,2338,10
2008-01-19T00:00+00:00,5917,0,0,201,10,205,10,2.7,10,5.8,10,1000.3,10,,,83,10,0.0,10,0,10,,,0.0,10,4.0,,,10,4.0,,,10,3.8,10,6.4,10,3.8,10,33,10
2008-01-19T01:00+00:00,5917,0,0,211,10,175,10,1.7,10,4.3,10,1000.2,10,,,88,10,0.0,10,7,10,,,0.0,10,4.0,,,10,4.0,,,10,3.8,10,5.9,10,5.1,10,154,10
2008-01-19T02:00+00:00,5917,0,0,188,10,187,10,2.0,10,3.7,10,1000.0,10,,,91,10,0.2,10,59,10,,,0.0,10,4.0,,,10,4.0,,,10,3.9,10,5.6,10,4.7,10,228,10
2008-01-19T03:00+00:00,5917,0,0,208,10,195,10,1.5,10,3.4,10,999.5,10,,,95,10,0.8,10,60,10,,,0.0,10,4.0,,,10,4.0,,,10,3.9,10,5.3,10,4.7,10,330,10
2008-01-19T04:00+00:00,5917,0,0,177,10,179,10,2.7,10,4.7,10,999.0,10,,,94,10,0.6,10,60,10,,,0.0,10,4.0,,,10,4.0,,,10,3.9,10,5.6,10,4.7,10,430,10
2008-01-19T05:00+00:00,5917,0,0,181,10,190,10,3.3,10,5.0,10,998.4,10,,,96,10,1.2,10,60,10,,,0.0,10,4.0,,,10,4.0,,,10,3.9,10,5.7,10,5.0,10,515,10
2008-01-19T06:00+00:00,5917,0,0,185,10,197,10,3.3,10,5.4,10,998.5,10,,,95,10,1.9,10,60,10,,,0.0,10,4.0,,,10,4.0,,,10,3.9,10,6.3,10,5.3,10,622,10
2008-01-19T07:00+00:00,5917,0,0,186,10,188,10,3.1,10,5.7,10,998.7,10,,,93,10,0.2,10,28,10,,,0.0,10,4.1,,,10,4.0,,,10,3.9,10,6.8,10,5.7,10,736,10
2008-01-19T08:00+00:00,5917,9,0,199,10,201,10,2.4,10,4.7,10,998.8,10,,,90,10,0.5,10,59,10,,,0.0,10,4.1,,,10,4.0,,,10,3.9,10,7.9,10,6.1,10,821,10
2008-01-19T09:00+00:00,5917,21,0,264,10,294,10,4.9,10,11.0,10,998.8,10,,,84,10,1.3,10,60,10,,,0.0,10,4.2,,,10,4.0,,,10,3.9,10,10.4,10,7.1,10,942,10
2008-01-19T10:00+00:00,5917,78,0,274,10,279,10,7.0,10,14.9,10,998.5,10,,,74,10,0.1,10,6,10,,,0.0,10,4.4,,,10,4.1,,,10,4.0,10,11.8,10,9.1,10,1056,10
2008-01-19T11:00+00:00,5917,151,0,281,10,283,10,10.3,10,17.4,10,998.4,10,,,72,10,0.0,10,0,10,,,0.0,10,4.5,,,10,4.1,,,10,4.0,10,12.1,10,10.4,10,1135,10
2008-01-19T12:00+00:00,5917,167,0,279,10,285,10,11.4,10,20.4,10,998.4,10,,,71,10,0.0,10,0,10,,,0.0,10,4.7,,,10,4.2,,,10,4.0,10,12.2,10,11.2,10,1233,10
2008-01-19T13:00+00:00,5917,155,0,280,10,282,10,10.7,10,18.3,10,998.6,10,,,67,10,0.0,10,0,10,,,0.1,10,4.8,,,10,4.3,,,10,4.0,10,12.5,10,12.2,10,1318,10
2008-01-19T14:00+00:00,5917,149,0,280,10,288,10,10.7,10,19.9,10,998.4,10,,,65,10,0.0,10,0,10,,,0.7,10,4.9,,,10,4.3,,,10,4.0,10,12.7,10,12.4,10,1450,10
2008-01-19T15:00+00:00,5917,25,0,282,10,285,10,11.3,10,20.7,10,998.4,10,,,64,10,0.0,10,0,10,,,0.0,10,5.0,,,10,4.4,,,10,4.0,10,12.6,10,11.9,10,1502,10
2008-01-19T16:00+00:00,5917,4,0,281,10,297,10,11.2,10,21.7,10,998.1,10,,,60,10,0.0,10,0,10,,,0.0,10,5.1,,,10,4.5,,,10,4.0,10,13.0,10,11.7,10,1652,10
2008-01-19T17:00+00:00,5917,0,0,287,10,290,10,12.0,10,23.1,10,998.2,10,,,60,10,0.0,10,0,10,,,0.0,10,5.2,,,10,4.6,,,10,4.1,10,13.1,10,11.9,10,1731,10
2008-01-19T18:00+00:00,5917,0,0,290,10,293,10,12.1,10,22.2,10,998.2,10,,,58,10,0.0,10,0,10,,,0.0,10,5.2,,,10,4.6,,,10,4.1,10,13.3,10,11.9,10,1854,10
2008-01-19T19:00+00:00,5917,0,0,289,10,298,10,13.3,10,24.2,10,998.2,10,,,59,10,0.0,10,0,10,,,0.0,10,5.3,,,10,4.7,,,10,4.1,10,13.1,10,12.0,10,1954,10
2008-01-19T20:00+00:00,5917,0,0,288,10,292,10,13.7,10,24.1,10,998.6,10,,,57,10,0.0,10,0,10,,,0.0,10,5.3,,,10,4.7,,,10,4.2,10,13.0,10,12.0,10,2016,10
2008-01-19T21:00+00:00,5917,0,0,289,10,299,10,13.6,10,22.6,10,998.6,10,,,54,10,0.0,10,0,10,,,0.0,10,5.3,,,10,4.8,,,10,4.2,10,13.2,10,12.1,10,2147,10
2008-01-19T22:00+00:00,5917,0,0,286,10,280,10,12.5,10,21.6,10,999.6,10,,,53,10,0.0,10,0,10,,,0.0,10,5.4,,,10,4.9,,,10,4.2,10,13.0,10,12.0,10,2203,10
2008-01-19T23:00+00:00,5917,0,0,284,10,296,10,12.1,10,21.2,10,1000.2,10,,,52,10,0.0,10,0,10,,,0.0,10,5.4,,,10,4.9,,,10,4.3,10,13.2,10,11.8,10,2331,10
2008-01-20T00:00+00:00,5917,0,0,278,10,284,10,11.9,10,19.8,10,999.9,10,,,51,10,0.0,10,0,10,,,0.0,10,5.4,,,10,4.9,,,10,4.3,10,13.4,10,12.2,10,58,10
2008-01-20T01:00+00:00,5917,0,0,276,10,288,10,11.0,10,20.8,10,1000.4,10,,,53,10,0.0,10,0,10,,,0.0,10,5.5,,,10,5.0,,,10,4.3,10,12.9,10,11.9,10,101,10
2008-01-20T02:00+00:00,5917,0,0,277,10,285,10,11.4,10,19.7,10,1000.7,10,,,54,10,0.0,10,0,10,,,0.0,10,5.5,,,10,5.0,,,10,4.4,10,12.6,10,11.6,10,226,10
2008-01-20T03:00+00:00,5917,0,0,282,10,295,10,9.6,10,17.9,10,1000.9,10,,,62,10,0.0,10,9,10,,,0.0,10,5.5,,,10,5.0,,,10,4.4,10,11.8,10,9.1,10,305,10
2008-01-20T04:00+00:00,5917,0,0,285,10,284,10,11.2,10,20.3,10,1000.4,10,,,59,10,0.0,10,0,10,,,0.0,10,5.5,,,10,5.0,,,10,4.4,10,12.1,10,10.9,10,438,10
2008-01-20T05:00+00:00,5917,0,0,288,10,300,10,11.3,10,19.6,10,1000.0,10,,,59,10,0.0,10,0,10,,,0.0,10,5.6,,,10,5.1,,,10,4.4,10,12.1,10,11.2,10,505,10
2008-01-20T06:00+00:00,5917,0,0,291,10,284,10,10.9,10,18.7,10,1000.1,10,,,60,10,0.0,10,0,10,,,0.0,10,5.6,,,10,5.1,,,10,4.5,10,11.8,10,10.9,10,641,10
2008-01-20T07:00+00:00,5917,1,0,289,10,285,10,10.6,10,19.7,10,1000.2,10,,,60,10,0.0,10,0,10,,,0.0,10,5.6,,,10,5.1,,,10,4.5,10,11.8,10,10.8,10,704,10
2008-01-20T08:00+00:00,5917,28,0,281,10,286,10,9.4,10,18.3,10,1000.8,10,,,60,10,0.0,10,0,10,,,0.0,10,5.6,,,10,5.1,,,10,4.5,10,11.7,10,10.9,10,808,10
2008-01-20T09:00+00:00,5917,66,0,281,10,281,10,8.5,10,17.8,10,1001.0,10,,,61,10,0.0,10,0,10,,,0.0,10,5.6,,,10,5.2,,,10,4.6,10,11.7,10,10.9,10,950,10
2008-01-20T10:00+00:00,5917,122,0,279,10,286,10,9.1,10,18.0,10,1001.0,10,,,58,10,0.0,10,0,10,,,0.3,10,5.7,,,10,5.2,,,10,4.6,10,12.2,10,11.3,10,1053,10
2008-01-20T11:00+00:00,5917,298,0,277,10,279,10,10.5,10,19.1,10,1000.2,10,,,56,10,0.0,10,0,10,,,1.0,10,5.8,,,10,5.2,,,10,4.6,10,12.7,10,13.0,10,1124,10
2008-01-20T12:00+00:00,5917,276,0,278,10,281,10,10.8,10,18.4,10,999.8,10,,,55,10,0.0,10,0,10,,,1.0,10,5.8,,,10,5.2,,,10,4.6,10,13.0,10,13.3,10,1209,10
2008-01-20T13:00+00:00,5917,196,0,274,10,297,10,8.2,10,15.8,10,999.9,10,,,55,10,0.0,10,0,10,,,0.6,10,5.9,,,10,5.3,,,10,4.7,10,12.9,10,13.2,10,1332,10
2008-01-20T14:00+00:00,5917,107,0,270,10,279,10,6.9,10,13.2,10,999.5,10,,,56,10,0.0,10,0,10,,,0.0,10,5.9,,,10,5.3,,,10,4.7,10,12.6,10,12.1,10,1402,10
2008-01-20T15:00+00:00,5917,37,0,270,10,261,10,6.1,10,12.5,10,999.0,10,,,54,10,0.0,10,0,10,,,0.0,10,5.9,,,10,5.4,,,10,4.7,10,12.7,10,11.4,10,1544,10
2008-01-20T16:00+00:00,5917,3,0,260,10,285,10,5.9,10,11.3,10,999.0,10,,,53,10,0.0,10,0,10,,,0.0,10,5.9,,,10,5.4,,,10,4.7,10,12.5,10,11.1,10,1608,10
2008-01-20T17:00+00:00,5917,0,0,259,10,270,10,4.9,10,9.5,10,998.7,10,,,53,10,0.0,10,0,10,,,0.0,10,5.9,,,10,5.4,,,10,4.8,10,12.5,10,10.8,10,1757,10
2008-01-20T18:00+00:00,5917,0,0,265,10,283,10,6.1,10,11.6,10,998.2,10,,,53,10,0.0,10,0,10,,,0.0,10,5.9,,,10,5.5,,,10,4.8,10,12.4,10,11.4,10,1828,10
2008-01-20T19:00+00:00,5917,0,0,260,10,253,10,4.8,10,10.5,10,997.9,10,,,55,10,0.0,10,0,10,,,0.0,10,5.9,,,10,5.5,,,10,4.8,10,12.2,10,11.2,10,1959,10
2008-01-20T20:00+00:00,5917,0,0,262,10,257,10,6.6,10,13.2,10,997.6,10,,,54,10,0.0,10,0,10,,,0.0,10,6.0,,,10,5.5,,,10,4.8,10,12.4,10,11.4,10,2059,10
2008-01-20T21:00+00:00,5917,0,0,266,10,284,10,8.2,10,17.4,10,997.4,10,,,56,10,0.0,10,0,10,,,0.0,10,6.0,,,10,5.5,,,10,4.9,10,12.0,10,10.9,10,2158,10
2008-01-20T22:00+00:00,5917,0,0,278,10,283,10,10.1,10,17.7,10,996.9,10,,,58,10,0.0,10,0,10,,,0.0,10,5.9,,,10,5.5,,,10,4.9,10,11.5,10,10.4,10,2214,10
2008-01-20T23:00+00:00,5917,0,0,276,10,283,10,9.5,10,16.6,10,996.9,10,,,58,10,0.0,10,0,10,,,0.0,10,5.9,,,10,5.5,,,10,4.9,10,11.5,10,10.3,10,2333,10
2008-01-21T00:00+00:00,5917,0,0,276,10,285,10,9.2,10,16.3,10,996.5,10,,,59,10,0.0,10,0,10,,,0.0,10,5.9,,,10,5.6,,,10,4.9,10,11.3,10,10.1,10,59,10
2008-01-21T01:00+00:00,5917,0,0,280,10,282,10,9.4,10,17.5,10,996.5,10,,,60,10,0.0,10,0,10,,,0.0,10,5.9,,,10,5.6,,,10,5.0,10,10.8,10,9.6,10,102,10
2008-01-21T02:00+00:00,5917,0,0,277,10,291,10,9.4,10,16.4,10,996.0,10,,,61,10,0.0,10,0,10,,,0.0,10,5.9,,,10,5.6,,,10,5.0,10,10.7,10,9.5,10,232,10
2008-01-21T03:00+00:00,5917,0,0,277,10,285,10,8.8,10,14.9,10,995.7,10,,,61,10,0.0,10,0,10,,,0.0,10,5.8,,,10,5.6,,,10,5.0,10,10.8,10,9.6,10,347,10
2008-01-21T04:00+00:00,5917,0,0,282,10,294,10,7.7,10,13.0,10,995.5,10,,,61,10,0.0,10,0,10,,,0.0,10,5.8,,,10,5.6,,,10,5.0,10,10.3,10,9.2,10,455,10
2008-01-21T05:00+00:00,5917,0,0,290,10,285,10,8.4,10,13.9,10,995.5,10,,,62,10,0.0,10,0,10,,,0.0,10,5.8,,,10,5.6,,,10,5.0,10,9.8,10,8.8,10,505,10
2008-01-21T06:00+00:00,5917,0,0,288,10,296,10,7.3,10,14.0,10,995.7,10,,,64,10,0.0,10,0,10,,,0.0,10,5.8,,,10,5.6,,,10,5.0,10,9.4,10,8.3,10,602,10
2008-01-21T07:00+00:00,5917,4,0,275,10,278,10,8.0,10,14.1,10,995.6,10,,,64,10,0.0,10,0,10,,,0.0,10,5.7,,,10,5.6,,,10,5.0,10,9.5,10,8.3,10,745,10
2008-01-21T08:00+00:00,5917,80,0,279,10,268,10,9.4,10,16.9,10,996.5,10,,,64,10,0.0,10,0,10,,,0.8,10,5.7,,,10,5.5,,,10,5.1,10,10.0,10,8.7,10,852,10
2008-01-21T09:00+00:00,5917,218,0,271,10,280,10,10.7,10,19.4,10,995.7,10,,,60,10,0.0,10,0,10,,,1.0,10,5.8,,,10,5.5,,,10,5.1,10,10.7,10,10.2,10,920,10
2008-01-21T10:00+00:00,5917,227,0,270,10,277,10,10.4,10,17.4,10,995.4,10,,,59,10,0.0,10,0,10,,,0.8,10,5.8,,,10,5.5,,,10,5.1,10,10.8,10,11.1,10,1021,10
2008-01-21T11:00+00:00,5917,241,0,274,10,281,10,10.8,10,18.0,10,994.7,10,,,60,10,0.0,10,0,10,,,0.5,10,5.9,,,10,5.5,,,10,5.1,10,10.9,10,11.0,10,1130,10
2008-01-21T12:00+00:00,5917,200,0,281,10,285,10,11.2,10,17.6,10,993.4,10,,,60,10,0.0,10,0,10,,,0.3,10,5.9,,,10,5.5,,,10,5.1,10,10.7,10,11.0,10,1233,10
2008-01-21T13:00+00:00,5917,176,0,288,10,295,10,10.3,10,17.8,10,992.7,10,,,57,10,0.0,10,0,10,,,0.4,10,6.0,,,10,5.6,,,10,5.1,10,11.1,10,10.8,10,1315,10
2008-01-21T14:00+00:00,5917,145,0,282,10,296,10,8.2,10,14.6,10,992.3,10,,,57,10,0.0,10,0,10,,,0.6,10,6.0,,,10,5.6,,,10,5.1,10,11.2,10,11.0,10,1408,10
2008-01-21T15:00+00:00,5917,54,0,281,10,294,10,7.9,10,15.1,10,992.0,10,,,59,10,0.0,10,0,10,,,0.3,10,6.0,,,10,5.6,,,10,5.1,10,10.6,10,10.4,10,1541,10
2008-01-21T16:00+00:00,5917,10,0,271,10,265,10,6.3,10,11.0,10,991.2,10,,,59,10,0.0,10,0,10,,,0.2,10,6.0,,,10,5.6,,,10,5.1,10,10.1,10,8.8,10,1654,10
2008-01-21T17:00+00:00,5917,0,0,263,10,270,10,5.6,10,10.8,10,990.9,10,,,61,10,0.0,10,0,10,,,0.0,10,6.0,,,10,5.7,,,10,5.2,10,8.9,10,7.5,10,1703,10
2008-01-21T18:00+00:00,5917,0,0,248,10,265,10,1.5,10,6.6,10,990.5,10,,,59,10,0.0,10,0,10,,,0.0,10,5.8,,,10,5.7,,,10,5.2,10,9.1,10,3.1,10,1806,10
2008-01-21T19:00+00:00,5917,0,0,337,10,303,10,0.6,10,2.2,10,990.0,10,,,62,10,0.0,10,0,10,,,0.0,10,5.7,,,10,5.7,,,10,5.2,10,7.7,10,2.1,10,1959,10
2008-01-21T20:00+00:00,5917,0,0,276,10,295,10,2.0,10,8.4,10,989.1,10,,,60,10,0.0,10,0,10,,,0.0,10,5.7,,,10,5.7,,,10,5.2,10,8.6,10,3.3,10,2026,10
2008-01-21T21:00+00:00,5917,0,0,255,10,287,10,1.4,10,5.0,10,988.2,10,,,64,10,0.0,10,0,10,,,0.0,10,5.6,,,10,5.6,,,10,5.2,10,8.0,10,5.2,10,2147,10
2008-01-21T22:00+00:00,5917,0,0,265,10,280,10,2.8,10,5.7,10,987.5,10,,,61,10,0.0,10,0,10,,,0.0,10,5.5,,,10,5.6,,,10,5.2,10,8.7,10,5.7,10,2210,10
2008-01-21T23:00+00:00,5917,0,0,262,10,257,10,4.0,10,9.9,10,986.6,10,,,56,10,0.0,10,0,10,,,0.0,10,5.5,,,10,5.6,,,10,5.3,10,10.4,10,6.6,10,2357,10
2008-01-22T00:00+00:00,5917,0,0,263,10,250,10,5.7,10,11.3,10,985.9,10,,,54,10,0.0,10,0,10,,,0.0,10,5.6,,,10,5.5,,,10,5.3,10,10.7,10,9.0,10,38,10
2008-01-22T01:00+00:00,5917,0,0,274,10,261,10,4.2,10,10.6,10,985.2,10,,,57,10,0.0,10,0,10,,,0.0,10,5.5,,,10,5.5,,,10,5.3,10,10.2,10,8.0,10,110,10
2008-01-22T02:00+00:00,5917,0,0,272,10,271,10,4.8,10,12.7,10,984.9,10,,,58,10,0.0,10,0,10,,,0.0,10,5.6,,,10,5.5,,,10,5.3,10,10.0,10,8.4,10,234,10
2008-01-22T03:00+00:00,5917,0,0,281,10,285,10,5.4,10,12.1,10,984.7,10,,,59,10,0.0,10,0,10,,,0.0,10,5.6,,,10,5.4,,,10,5.3,10,10.0,10,8.6,10,335,10
2008-01-22T04:00+00:00,5917,0,0,278,10,272,10,6.0,10,13.5,10,984.5,10,,,61,10,0.0,10,0,10,,,0.0,10,5.6,,,10,5.4,,,10,5.3,10,9.6,10,8.7,10,419,10
2008-01-22T05:00+00:00,5917,0,0,266,10,263,10,4.1,10,9.0,10,983.2,10,,,66,10,0.0,10,0,10,,,0.0,10,5.6,,,10,5.4,,,10,5.3,10,9.5,10,8.6,10,535,10
2008-01-22T06:00+00:00,5917,0,0,261,10,257,10,5.7,10,14.2,10,983.1,10,,,65,10,0.0,10,0,10,,,0.0,10,5.6,,,10,5.4,,,10,5.3,10,10.2,10,8.4,10,646,10
2008-01-22T07:00+00:00,5917,0,0,271,10,260,10,9.0,10,17.4,10,982.9,10,,,64,10,0.0,10,0,10,,,0.0,10,5.6,,,10,5.4,,,10,5.3,10,10.6,10,9.4,10,739,10
2008-01-22T08:00+00:00,5917,16,0,283,10,294,10,7.8,10,14.7,10,982.3,10,,,64,10,0.0,10,0,10,,,0.0,10,5.6,,,10,5.4,,,10,5.3,10,10.7,10,9.6,10,809,10
2008-01-22T09:00+00:00,5917,45,0,290,10,289,10,9.3,10,19.9,10,982.5,10,,,65,10,0.0,10,0,10,,,0.0,10,5.7,,,10,5.5,,,10,5.3,10,10.3,10,10.0,10,924,10
2008-01-22T10:00+00:00,5917,110,0,270,10,287,10,8.3,10,17.2,10,982.9,10,,,65,10,0.0,10,0,10,,,0.0,10,5.7,,,10,5.5,,,10,5.3,10,10.3,10,10.2,10,1100,10
2008-01-22T11:00+00:00,5917,125,0,278,10,285,10,7.0,10,13.4,10,982.6,10,,,67,10,0.0,10,0,10,,,0.0,10,5.8,,,10,5.5,,,10,5.3,10,10.4,10,10.7,10,1129,10
2008-01-22T12:00+00:00,5917,101,0,274,10,286,10,7.7,10,13.6,10,982.3,10,,,66,10,0.0,10,0,10,,,0.0,10,5.8,,,10,5.5,,,10,5.3,10,10.7,10,10.7,10,1204,10
2008-01-22T13:00+00:00,5917,87,0,271,10,286,10,7.8,10,15.1,10,982.5,10,,,65,10,0.0,10,0,10,,,0.0,10,5.9,,,10,5.6,,,10,5.3,10,10.8,10,10.7,10,1358,10
2008-01-22T14:00+00:00,5917,125,0,305,10,332,10,9.7,10,21.1,10,985.9,10,,,82,10,0.7,10,21,10,,,0.4,10,5.9,,,10,5.6,,,10,5.3,10,5.4,10,4.1,10,1457,10
2008-01-22T15:00+00:00,5917,39,0,324,10,328,10,10.4,10,21.9,10,988.5,10,,,72,10,0.1,10,28,10,,,0.0,10,5.8,,,10,5.6,,,10,5.3,10,5.3,10,3.6,10,1510,10
2008-01-22T16:00+00:00,5917,6,0,313,10,339,10,7.0,10,19.0,10,991.5,10,,,74,10,0.0,10,4,10,,,0.0,10,5.7,,,10,5.6,,,10,5.3,10,4.7,10,3.4,10,1603,10
2008-01-22T17:00+00:00,5917,0,0,315,10,313,10,7.6,10,17.4,10,993.0,10,,,57,10,0.0,10,0,10,,,0.0,10,5.6,,,10,5.6,,,10,5.3,10,4.5,10,3.1,10,1725,10
2008-01-22T18:00+00:00,5917,0,0,310,10,320,10,8.2,10,19.4,10,994.4,10,,,59,10,0.0,10,0,10,,,0.0,10,5.4,,,10,5.6,,,10,5.3,10,4.1,10,3.1,10,1836,10
2008-01-22T19:00+00:00,5917,0,0,305,10,294,10,7.6,10,16.9,10,995.8,10,,,69,10,0.0,10,0,10,,,0.0,10,5.3,,,10,5.6,,,10,5.3,10,3.5,10,2.6,10,1949,10
2008-01-22T20:00+00:00,5917,0,0,313,10,324,10,7.2,10,17.5,10,996.7,10,,,66,10,0.0,10,0,10,,,0.0,10,5.2,,,10,5.5,,,10,5.3,10,3.5,10,2.6,10,2052,10
2008-01-22T21:00+00:00,5917,0,0,319,10,327,10,7.6,10,17.3,10,998.2,10,,,64,10,0.0,10,0,10,,,0.0,10,5.1,,,10,5.5,,,10,5.3,10,2.9,10,2.0,10,2122,10
2008-01-22T22:00+00:00,5917,0,0,308,10,302,10,6.7,10,16.5,10,999.7,10,,,64,10,0.0,10,0,10,,,0.0,10,5.0,,,10,5.4,,,10,5.3,10,2.9,10,2.0,10,2250,10
2008-01-22T23:00+00:00,5917,0,0,309,10,304,10,6.9,10,18.0,10,1000.7,10,,,62,10,0.0,10,0,10,,,0.0,10,4.9,,,10,5.3,,,10,5.4,10,2.8,10,2.0,10,2315,10
2008-01-23T00:00+00:00,5917,0,0,309,10,304,10,6.9,10,15.6,10,1001.1,10,,,62,10,0.0,10,0,10,,,0.0,10,4.8,,,10,5.3,,,10,5.3,10,2.9,10,2.1,10,9,10
2008-01-23T01:00+00:00,5917,0,0,312,10,311,10,7.1,10,16.2,10,1002.3,10,,,62,10,0.0,10,0,10,,,0.0,10,4.7,,,10,5.2,,,10,5.3,10,2.9,10,2.1,10,139,10
2008-01-23T02:00+00:00,5917,0,0,313,10,329,10,6.9,10,18.2,10,1003.3,10,,,58,10,0.0,10,0,10,,,0.0,10,4.6,,,10,5.1,,,10,5.3,10,2.8,10,2.2,10,255,10
2008-01-23T03:00+00:00,5917,0,0,317,10,320,10,7.7,10,17.1,10,1004.5,10,,,65,10,0.0,10,5,10,,,0.0,10,4.5,,,10,5.1,,,10,5.3,10,2.1,10,1.9,10,308,10
2008-01-23T04:00+00:00,5917,0,0,320,10,332,10,7.2,10,15.8,10,1005.1,10,,,60,10,0.0,10,9,10,,,0.0,10,4.4,,,10,5.0,,,10,5.3,10,2.8,10,1.8,10,415,10
2008-01-23T05:00+00:00,5917,0,0,306,10,310,10,4.9,10,13.7,10,1005.7,10,,,64,10,0.0,10,0,10,,,0.0,10,4.4,,,10,4.9,,,10,5.3,10,2.5,10,2.1,10,503,10
2008-01-23T06:00+00:00,5917,0,0,307,10,317,10,4.6,10,11.4,10,1006.4,10,,,67,10,0.0,10,7,10,,,0.0,10,4.3,,,10,4.9,,,10,5.3,10,2.4,10,2.0,10,647,10
2008-01-23T07:00+00:00,5917,4,0,305,10,302,10,4.7,10,10.8,10,1007.0,10,,,67,10,0.0,10,0,10,,,0.0,10,4.3,,,10,4.8,,,10,5.3,10,2.4,10,1.7,10,722,10
2008-01-23T08:00+00:00,5917,66,0,310,10,316,10,4.2,10,10.2,10,1007.1,10,,,67,10,0.0,10,0,10,,,0.4,10,4.3,,,10,4.8,,,10,5.2,10,2.7,10,1.8,10,852,10
2008-01-23T09:00+00:00,5917,221,0,311,10,315,10,4.8,10,11.2,10,1007.5,10,,,66,10,0.0,10,0,10,,,1.0,10,4.3,,,10,4.7,,,10,5.2,10,3.5,10,3.0,10,923,10
2008-01-23T10:00+00:00,5917,235,0,309,10,308,10,4.2,10,11.3,10,1008.4,10,,,65,10,0.0,10,0,10,,,0.6,10,4.3,,,10,4.7,,,10,5.2,10,4.0,10,4.6,10,1041,10
2008-01-23T11:00+00:00,5917,155,0,314,10,341,10,4.6,10,10.5,10,1008.5,10,,,64,10,0.0,10,0,10,,,0.1,10,4.3,,,10,4.7,,,10,5.2,10,4.4,10,4.6,10,1144,10
2008-01-23T12:00+00:00,5917,165,0,306,10,331,10,4.6,10,9.1,10,1008.4,10,,,67,10,0.0,10,0,10,,,0.1,10,4.4,,,10,4.7,,,10,5.1,10,4.2,10,4.9,10,1207,10
2008-01-23T13:00+00:00,5917,111,0,296,10,299,10,4.8,10,8.4,10,1008.4,10,,,66,10,0.0,10,0,10,,,0.1,10,4.4,,,10,4.7,,,10,5.1,10,4.6,10,4.8,10,1340,10
2008-01-23T14:00+00:00,5917,102,0,297,10,308,10,4.6,10,8.9,10,1008.4,10,,,68,10,0.0,10,0,10,,,0.2,10,4.4,,,10,4.7,,,10,5.1,10,3.9,10,3.6,10,1417,10
2008-01-23T15:00+00:00,5917,43,0,282,10,287,10,3.9,10,7.0,10,1008.6,10,,,68,10,0.0,10,0,10,,,0.0,10,4.4,,,10,4.7,,,10,5.1,10,3.9,10,3.0,10,1556,10
2008-01-23T16:00+00:00,5917,9,0,291,10,304,10,4.4,10,7.6,10,1008.7,10,,,68,10,0.0,10,0,10,,,0.1,10,4.3,,,10,4.7,,,10,5.1,10,3.1,10,1.7,10,1605,10
2008-01-23T17:00+00:00,5917,0,0,291,10,295,10,4.1,10,7.4,10,1008.9,10,,,71,10,0.0,10,0,10,,,0.0,10,4.3,,,10,4.7,,,10,5.0,10,2.5,10,0.7,10,1725,10
2008-01-23T18:00+00:00,5917,0,0,286,10,289,10,3.6,10,5.7,10,1009.2,10,,,72,10,0.0,10,0,10,,,0.0,10,4.2,,,10,4.6,,,10,5.0,10,2.2,10,0.2,10,1809,10
2008-01-23T19:00+00:00,5917,0,0,281,10,290,10,2.7,10,3.8,10,1009.6,10,,,73,10,0.0,10,0,10,,,0.0,10,4.1,,,10,4.6,,,10,5.0,10,1.7,10,-0.6,10,1912,10
2008-01-23T20:00+00:00,5917,0,0,297,10,307,10,2.6,10,4.0,10,1009.7,10,,,74,10,0.0,10,0,10,,,0.0,10,4.0,,,10,4.6,,,10,5.0,10,1.5,10,-1.5,10,2006,10
2008-01-23T21:00+00:00,5917,0,0,246,10,190,10,1.2,10,3.5,10,1009.6,10,,,82,10,0.0,10,0,10,,,0.0,10,3.9,,,10,4.5,,,10,5.0,10,-0.3,10,-2.8,10,2154,10
2008-01-23T22:00+00:00,5917,0,0,195,10,194,10,2.8,10,4.4,10,1009.3,10,,,80,10,0.0,10,0,10,,,0.0,10,3.8,,,10,4.5,,,10,5.0,10,-0.5,10,-3.4,10,2225,10
2008-01-23T23:00+00:00,5917,0,0,187,10,194,10,2.5,10,4.1,10,1009.0,10,,,83,10,0.0,10,0,10,,,0.0,10,3.7,,,10,4.4,,,10,5.0,10,-1.4,10,-3.1,10,2308,10
2008-01-24T00:00+00:00,5917,0,0,192,10,203,10,2.5,10,4.0,10,1008.8,10,,,83,10,0.0,10,0,10,,,0.0,10,3.6,,,10,4.4,,,10,5.0,10,-1.5,10,-2.9,10,3,10
2008-01-24T01:00+00:00,5917,0,0,195,10,214,10,2.4,10,3.6,10,1008.4,10,,,84,10,0.0,10,0,10,,,0.0,10,3.5,,,10,4.3,,,10,5.0,10,-1.6,10,-3.2,10,144,10
2008-01-24T02:00+00:00,5917,0,0,208,10,201,10,2.1,10,3.3,10,1007.7,10,,,86,10,0.0,10,0,10,,,0.0,10,3.5,,,10,4.3,,,10,4.9,10,-1.6,10,-2.4,10,236,10
2008-01-24T03:00+00:00,5917,0,0,226,10,212,10,1.2,10,2.8,10,1007.6,10,,,87,10,0.0,10,0,10,,,0.0,10,3.4,,,10,4.2,,,10,4.9,10,-1.2,10,-2.6,10,306,10
2008-01-24T04:00+00:00,5917,0,0,250,10,272,10,1.2,10,2.5,10,1007.3,10,,,86,10,0.0,10,0,10,,,0.0,10,3.4,,,10,4.2,,,10,4.9,10,-0.5,10,-1.4,10,416,10
2008-01-24T05:00+00:00,5917,0,0,211,10,267,10,0.7,10,2.2,10,1007.1,10,,,86,10,0.0,10,0,10,,,0.0,10,3.4,,,10,4.1,,,10,4.9,10,-0.4,10,-1.0,10,547,10
2008-01-24T06:00+00:00,5917,0,0,175,10,187,10,1.3,10,3.9,10,1007.3,10,,,84,10,0.0,10,0,10,,,0.0,10,3.3,,,10,4.0,,,10,4.9,10,-0.4,10,-0.6,10,638,10
2008-01-24T07:00+00:00,5917,1,0,164,10,150,10,1.6,10,2.8,10,1007.6,10,,,83,10,0.0,10,0,10,,,0.0,10,3.3,,,10,4.0,,,10,4.8,10,-0.1,10,-0.5,10,741,10
2008-01-24T08:00+00:00,5917,34,0,165,10,159,10,1.3,10,2.5,10,1007.9,10,,,78,10,0.0,10,0,10,,,0.0,10,3.3,,,10,4.0,,,10,4.8,10,0.8,10,0.1,10,802,10
2008-01-24T09:00+00:00,5917,184,0,164,10,114,10,0.9,10,2.3,10,1008.4,10,,,72,10,0.0,10,0,10,,,0.6,10,3.4,,,10,3.9,,,10,4.8,10,2.7,10,1.5,10,959,10
2008-01-24T10:00+00:00,5917,306,0,141,10,142,10,1.5,10,3.1,10,1008.1,10,,,67,10,0.0,10,0,10,,,1.0,10,3.6,,,10,3.9,,,10,4.7,10,3.9,10,7.1,10,1038,10
2008-01-24T11:00+00:00,5917,357,0,175,10,183,10,1.5,10,3.6,10,1007.7,10,,,57,10,0.0,10,0,10,,,1.0,10,3.8,,,10,3.9,,,10,4.7,10,5.3,10,8.6,10,1114,10
2008-01-24T12:00+00:00,5917,368,0,146,10,147,10,1.3,10,3.4,10,1006.7,10,,,55,10,0.0,10,0,10,,,1.0,10,4.0,,,10,3.9,,,10,4.7,10,6.4,10,12.4,10,1246,10
2008-01-24T13:00+00:00,5917,317,0,123,10,113,10,2.2,10,4.6,10,1005.9,10,,,51,10,0.0,10,0,10,,,1.0,10,4.1,,,10,3.9,,,10,4.7,10,7.1,10,11.3,10,1314,10
2008-01-24T14:00+00:00,5917,178,0,106,10,107,10,2.4,10,4.3,10,1005.8,10,,,55,10,0.0,10,0,10,,,1.0,10,4.2,,,10,4.0,,,10,4.7,10,7.0,10,7.8,10,1457,10
2008-01-24T15:00+00:00,5917,86,0,116,10,125,10,3.0,10,4.5,10,1005.3,10,,,59,10,0.0,10,0,10,,,0.3,10,4.2,,,10,4.1,,,10,4.6,10,6.1,10,6.4,10,1544,10
2008-01-24T16:00+00:00,5917,16,0,118,10,123,10,2.6,10,4.5,10,1005.5,10,,,62,10,0.0,10,0,10,,,0.2,10,4.2,,,10,4.2,,,10,4.6,10,4.8,10,1.1,10,1614,10
2008-01-24T17:00+00:00,5917,0,0,97,10,106,10,1.9,10,3.3,10,1005.1,10,,,63,10,0.0,10,0,10,,,0.0,10,4.0,,,10,4.2,,,10,4.6,10,4.0,10,-0.7,10,1744,10
2008-01-24T18:00+00:00,5917,0,0,100,10,105,10,2.3,10,3.8,10,1004.8,10,,,73,10,0.0,10,0,10,,,0.0,10,3.9,,,10,4.3,,,10,4.6,10,2.5,10,-1.4,10,1820,10
2008-01-24T19:00+00:00,5917,0,0,108,10,117,10,1.6,10,3.4,10,1005.1,10,,,77,10,0.0,10,0,10,,,0.0,10,3.8,,,10,4.3,,,10,4.6,10,1.8,10,-2.7,10,1921,10
2008-01-24T20:00+00:00,5917,0,0,98,10,100,10,1.5,10,3.5,10,1004.8,10,,,80,10,0.0,10,0,10,,,0.0,10,3.7,,,10,4.2,,,10,4.6,10,1.0,10,-3.3,10,2016,10
2008-01-24T21:00+00:00,5917,0,0,60,10,27,10,0.7,10,1.5,10,1005.3,10,,,82,10,0.0,10,0,10,,,0.0,10,3.6,,,10,4.2,,,10,4.6,10,0.9,10,-3.7,10,2152,10
2008-01-24T22:00+00:00,5917,0,0,58,10,63,10,1.4,10,2.2,10,1005.7,10,,,83,10,0.0,10,0,10,,,0.0,10,3.5,,,10,4.2,,,10,4.6,10,0.7,10,-3.7,10,2227,10
2008-01-24T23:00+00:00,5917,0,0,115,10,105,10,1.1,10,2.2,10,1005.9,10,,,86,10,0.0,10,0,10,,,0.0,10,3.5,,,10,4.1,,,10,4.6,10,0.0,10,-3.6,10,2325,10
2008-01-25T00:00+00:00,5917,0,0,187,10,183,10,0.6,10,1.5,10,1006.3,10,,,89,10,0.0,10,0,10,,,0.0,10,3.4,,,10,4.1,,,10,4.6,10,-0.5,10,-4.1,10,14,10
2008-01-25T01:00+00:00,5917,0,0,178,10,158,10,0.9,10,3.0,10,1006.4,10,,,91,10,0.0,10,0,10,,,0.0,10,3.3,,,10,4.0,,,10,4.6,10,-0.6,10,-3.6,10,122,10
2008-01-25T02:00+00:00,5917,0,0,167,10,140,10,0.8,10,3.3,10,1006.7,10,,,90,10,0.0,10,0,10,,,0.0,10,3.3,,,10,4.0,,,10,4.6,10,-0.1,10,-2.2,10,213,10
2008-01-25T03:00+00:00,5917,0,0,302,10,297,10,5.0,10,14.1,10,1007.6,10,,,56,10,0.0,10,0,10,,,0.0,10,3.4,,,10,3.9,,,10,4.6,10,7.7,10,-0.5,10,356,10
2008-01-25T04:00+00:00,5917,0,0,294,10,307,10,5.8,10,11.9,10,1008.2,10,,,61,10,0.0,10,5,10,,,0.0,10,3.5,,,10,3.9,,,10,4.6,10,7.4,10,6.0,10,408,10
2008-01-25T05:00+00:00,5917,0,0,295,10,294,10,6.7,10,12.6,10,1009.6,10,,,79,10,0.1,10,33,10,,,0.0,10,3.5,,,10,3.9,,,10,4.6,10,5.6,10,3.9,10,551,10
2008-01-25T06:00+00:00,5917,0,0,293,10,300,10,6.8,10,12.3,10,1011.2,10,,,91,10,0.4,10,47,10,,,0.0,10,3.5,,,10,3.9,,,10,4.6,10,4.6,10,3.7,10,633,10
2008-01-25T07:00+00:00,5917,1,0,306,10,307,10,3.7,10,9.6,10,1011.9,10,,,91,10,0.2,10,17,10,,,0.0,10,3.5,,,10,3.8,,,10,4.6,10,4.5,10,3.5,10,729,10
2008-01-25T08:00+00:00,5917,28,0,303,10,299,10,4.3,10,9.8,10,1012.7,10,,,88,10,0.0,10,0,10,,,0.0,10,3.5,,,10,3.8,,,10,4.5,10,4.6,10,3.5,10,856,10
2008-01-25T09:00+00:00,5917,98,0,303,10,302,10,4.4,10,10.5,10,1013.8,10,,,83,10,0.0,10,0,10,,,0.0,10,3.6,,,10,3.9,,,10,4.5,10,5.0,10,3.7,10,904,10
2008-01-25T10:00+00:00,5917,146,0,303,10,297,10,4.3,10,9.1,10,1014.1,10,,,84,10,0.0,10,0,10,,,0.0,10,3.6,,,10,3.9,,,10,4.5,10,5.3,10,4.6,10,1019,10
2008-01-25T11:00+00:00,5917,208,0,301,10,299,10,4.8,10,10.5,10,1013.7,10,,,80,10,0.0,10,0,10,,,0.2,10,3.8,,,10,3.9,,,10,4.5,10,5.9,10,5.8,10,1118,10
2008-01-25T12:00+00:00,5917,289,0,296,10,300,10,7.2,10,13.9,10,1013.6,10,,,71,10,0.0,10,0,10,,,1.0,10,3.9,,,10,3.9,,,10,4.5,10,6.4,10,6.5,10,1255,10
2008-01-25T13:00+00:00,5917,341,0,299,10,313,10,6.2,10,13.4,10,1013.6,10,,,66,10,0.0,10,0,10,,,1.0,10,4.0,,,10,4.0,,,10,4.5,10,7.0,10,8.0,10,1309,10
2008-01-25T14:00+00:00,5917,242,0,291,10,313,10,5.6,10,9.7,10,1013.3,10,,,66,10,0.0,10,0,10,,,1.0,10,4.1,,,10,4.0,,,10,4.5,10,6.9,10,8.0,10,1436,10
2008-01-25T15:00+00:00,5917,64,0,278,10,288,10,6.1,10,11.2,10,1013.2,10,,,66,10,0.0,10,0,10,,,0.2,10,4.1,,,10,4.0,,,10,4.5,10,6.2,10,6.5,10,1558,10
2008-01-25T16:00+00:00,5917,16,0,279,10,292,10,5.2,10,11.4,10,1013.4,10,,,72,10,0.0,10,0,10,,,0.3,10,4.0,,,10,4.1,,,10,4.5,10,4.8,10,3.3,10,1604,10
2008-01-25T17:00+00:00,5917,0,0,278,10,276,10,4.0,10,6.9,10,1013.2,10,,,76,10,0.0,10,0,10,,,0.0,10,4.0,,,10,4.1,,,10,4.5,10,4.2,10,2.3,10,1752,10
2008-01-25T18:00+00:00,5917,0,0,290,10,282,10,3.7,10,7.0,10,1012.6,10,,,77,10,0.0,10,0,10,,,0.0,10,3.9,,,10,4.2,,,10,4.5,10,3.9,10,1.4,10,1808,10
2008-01-25T19:00+00:00,5917,0,0,238,10,217,10,1.6,10,5.1,10,1012.5,10,,,78,10,0.0,10,0,10,,,0.0,10,3.8,,,10,4.2,,,10,4.5,10,3.5,10,-0.4,10,1926,10
2008-01-25T20:00+00:00,5917,0,0,285,10,299,10,1.5,10,3.9,10,1012.3,10,,,79,10,0.0,10,0,10,,,0.0,10,3.7,,,10,4.1,,,10,4.5,10,3.7,10,-0.8,10,2059,10
2008-01-25T21:00+00:00,5917,0,0,292,10,290,10,2.5,10,4.6,10,1012.0,10,,,81,10,0.0,10,0,10,,,0.0,10,3.7,,,10,4.1,,,10,4.5,10,2.7,10,0.3,10,2132,10
2008-01-25T22:00+00:00,5917,0,0,282,10,278,10,3.9,10,6.9,10,1011.4,10,,,83,10,0.0,10,0,10,,,0.0,10,3.6,,,10,4.1,,,10,4.5,10,2.8,10,0.6,10,2245,10
2008-01-25T23:00+00:00,5917,0,0,266,10,291,10,3.0,10,5.7,10,1011.4,10,,,80,10,0.0,10,0,10,,,0.0,10,3.5,,,10,4.0,,,10,4.5,10,2.6,10,-1.1,10,2305,10
2008-01-26T00:00+00:00,5917,0,0,260,10,281,10,4.1,10,7.4,10,1011.0,10,,,80,10,0.0,10,0,10,,,0.0,10,3.5,,,10,4.0,,,10,4.5,10,2.7,10,-0.1,10,6,10
2008-01-26T01:00+00:00,5917,0,0,213,10,245,10,1.5,10,4.7,10,1011.0,10,,,83,10,0.0,10,0,10,,,0.0,10,3.4,,,10,4.0,,,10,4.5,10,0.7,10,-3.0,10,101,10
2008-01-26T02:00+00:00,5917,0,0,262,10,275,10,4.5,10,10.4,10,1010.5,10,,,81,10,0.0,10,0,10,,,0.0,10,3.4,,,10,3.9,,,10,4.5,10,4.1,10,-3.0,10,234,10
2008-01-26T03:00+00:00,5917,0,0,275,10,271,10,6.7,10,12.4,10,1010.3,10,,,80,10,0.0,10,0,10,,,0.0,10,3.4,,,10,3.9,,,10,4.5,10,4.5,10,2.6,10,319,10
2008-01-26T04:00+00:00,5917,0,0,284,10,297,10,6.6,10,12.1,10,1010.1,10,,,79,10,0.0,10,0,10,,,0.0,10,3.4,,,10,3.9,,,10,4.5,10,4.1,10,2.8,10,412,10
2008-01-26T05:00+00:00,5917,0,0,289,10,284,10,5.0,10,11.4,10,1010.4,10,,,65,10,0.0,10,0,10,,,0.0,10,3.4,,,10,3.8,,,10,4.4,10,4.7,10,2.2,10,548,10
2008-01-26T06:00+00:00,5917,0,0,297,10,289,10,4.6,10,9.5,10,1010.5,10,,,66,10,0.0,10,0,10,,,0.0,10,3.3,,,10,3.8,,,10,4.4,10,3.8,10,2.1,10,621,10
2008-01-26T07:00+00:00,5917,7,0,298,10,285,10,4.9,10,11.3,10,1010.5,10,,,64,10,0.0,10,0,10,,,0.0,10,3.3,,,10,3.8,,,10,4.4,10,3.7,10,2.1,10,746,10
2008-01-26T08:00+00:00,5917,84,0,294,10,296,10,4.9,10,12.3,10,1010.9,10,,,67,10,0.0,10,0,10,,,0.8,10,3.3,,,10,3.8,,,10,4.4,10,4.0,10,2.5,10,857,10
2008-01-26T09:00+00:00,5917,205,0,285,10,283,10,8.0,10,15.2,10,1010.9,10,,,70,10,0.0,10,0,10,,,1.0,10,3.4,,,10,3.7,,,10,4.4,10,4.3,10,4.3,10,939,10
2008-01-26T10:00+00:00,5917,320,0,284,10,290,10,9.1,10,18.4,10,1010.1,10,,,68,10,0.0,10,0,10,,,1.0,10,3.5,,,10,3.7,,,10,4.4,10,4.9,10,5.8,10,1059,10
2008-01-26T11:00+00:00,5917,369,0,290,10,297,10,9.2,10,17.7,10,1008.5,10,,,67,10,0.0,10,0,10,,,1.0,10,3.6,,,10,3.7,,,10,4.4,10,5.8,10,7.1,10,1109,10
2008-01-26T12:00+00:00,5917,362,0,284,10,281,10,6.7,10,14.4,10,1006.8,10,,,55,10,0.0,10,0,10,,,1.0,10,3.7,,,10,3.7,,,10,4.4,10,8.3,10,8.6,10,1248,10
2008-01-26T13:00+00:00,5917,363,0,270,10,277,10,8.9,10,15.7,10,1004.9,10,,,45,10,0.0,10,0,10,,,1.0,10,3.9,,,10,3.8,,,10,4.4,10,9.8,10,10.6,10,1351,10
2008-01-26T14:00+00:00,5917,240,0,278,10,266,10,7.7,10,15.6,10,1004.8,10,,,37,10,0.0,10,0,10,,,0.9,10,4.0,,,10,3.8,,,10,4.3,10,10.5,10,10.1,10,1427,10
2008-01-26T15:00+00:00,5917,104,0,281,10,265,10,5.9,10,16.6,10,1005.1,10,,,39,10,0.0,10,0,10,,,0.2,10,4.1,,,10,3.9,,,10,4.3,10,9.0,10,8.9,10,1555,10
2008-01-26T16:00+00:00,5917,22,0,275,10,283,10,10.8,10,19.7,10,1003.2,10,,,44,10,0.0,10,0,10,,,0.4,10,4.1,,,10,3.9,,,10,4.3,10,8.6,10,7.5,10,1612,10
2008-01-26T17:00+00:00,5917,0,0,279,10,288,10,9.3,10,16.3,10,1002.4,10,,,39,10,0.0,10,0,10,,,0.0,10,4.1,,,10,4.0,,,10,4.3,10,9.8,10,7.5,10,1703,10
2008-01-26T18:00+00:00,5917,0,0,276,10,290,10,9.9,10,19.5,10,1001.0,10,,,36,10,0.0,10,0,10,,,0.0,10,4.1,,,10,4.0,,,10,4.3,10,10.0,10,7.9,10,1849,10
2008-01-26T19:00+00:00,5917,0,0,281,10,300,10,13.2,10,22.4,10,1000.5,10,,,38,10,0.0,10,0,10,,,0.0,10,4.1,,,10,4.1,,,10,4.3,10,9.8,10,8.5,10,1950,10
2008-01-26T20:00+00:00,5917,0,0,291,10,288,10,12.9,10,24.4,10,1000.4,10,,,39,10,0.0,10,0,10,,,0.0,10,4.2,,,10,4.1,,,10,4.4,10,9.6,10,8.5,10,2055,10
2008-01-26T21:00+00:00,5917,0,0,290,10,305,10,14.5,10,25.3,10,1000.5,10,,,37,10,0.0,10,0,10,,,0.0,10,4.2,,,10,4.1,,,10,4.4,10,10.2,10,8.9,10,2101,10
2008-01-26T22:00+00:00,5917,0,0,288,10,294,10,13.1,10,22.7,10,1001.0,10,,,35,10,0.0,10,0,10,,,0.0,10,4.2,,,10,4.1,,,10,4.4,10,10.3,10,9.4,10,2240,10
2008-01-26T23:00+00:00,5917,0,0,285,10,288,10,11.5,10,21.6,10,1000.9,10,,,37,10,0.0,10,0,10,,,0.0,10,4.3,,,10,4.2,,,10,4.4,10,9.8,10,9.1,10,2301,10
2008-01-27T00:00+00:00,5917,0,0,278,10,284,10,11.9,10,20.2,10,999.8,10,,,39,10,0.0,10,0,10,,,0.0,10,4.3,,,10,4.2,,,10,4.4,10,9.8,10,9.1,10,5,10
2008-01-27T01:00+00:00,5917,0,0,272,10,269,10,11.0,10,17.4,10,999.7,10,,,47,10,0.0,10,7,10,,,0.0,10,4.3,,,10,4.2,,,10,4.4,10,8.4,10,6.5,10,109,10
2008-01-27T02:00+00:00,5917,0,0,266,10,280,10,8.3,10,17.3,10,999.5,10,,,72,10,0.2,10,42,10,,,0.0,10,4.3,,,10,4.2,,,10,4.4,10,6.3,10,4.0,10,207,10
2008-01-27T03:00+00:00,5917,0,0,288,10,301,10,6.4,10,14.3,10,998.2,10,,,56,10,0.2,10,25,10,,,0.0,10,4.2,,,10,4.2,,,10,4.4,10,7.6,10,3.8,10,343,10
2008-01-27T04:00+00:00,5917,0,0,287,10,287,10,9.3,10,17.4,10,997.5,10,,,49,10,0.0,10,1,10,,,0.0,10,4.3,,,10,4.3,,,10,4.4,10,7.8,10,5.0,10,412,10
2008-01-27T05:00+00:00,5917,0,0,291,10,299,10,8.3,10,17.2,10,997.0,10,,,46,10,0.0,10,0,10,,,0.0,10,4.3,,,10,4.3,,,10,4.4,10,8.0,10,6.8,10,523,10
2008-01-27T06:00+00:00,5917,0,0,301,10,304,10,4.3,10,11.0,10,996.2,10,,,44,10,0.0,10,0,10,,,0.0,10,4.3,,,10,4.3,,,10,4.4,10,8.3,10,7.1,10,607,10
2008-01-27T07:00+00:00,5917,0,0,331,10,288,10,2.6,10,9.7,10,995.7,10,,,54,10,0.0,10,8,10,,,0.0,10,4.3,,,10,4.3,,,10,4.4,10,7.1,10,5.7,10,704,10
2008-01-27T08:00+00:00,5917,1,0,333,10,304,10,2.1,10,12.8,10,995.9,10,,,64,10,0.1,10,15,10,,,0.0,10,4.2,,,10,4.3,,,10,4.4,10,7.1,10,4.1,10,851,10
2008-01-27T09:00+00:00,5917,15,0,285,10,283,10,10.9,10,21.3,10,995.5,10,,,77,10,0.5,10,52,10,,,0.0,10,4.2,,,10,4.3,,,10,4.5,10,6.1,10,4.0,10,947,10
2008-01-27T10:00+00:00,5917,21,0,282,10,281,10,12.8,10,23.9,10,995.9,10,,,86,10,0.6,10,48,10,,,0.0,10,4.2,,,10,4.3,,,10,4.5,10,5.2,10,3.9,10,1050,10
2008-01-27T11:00+00:00,5917,18,0,284,10,260,10,13.5,10,26.1,10,995.1,10,,,83,10,0.5,10,38,10,,,0.0,10,4.2,,,10,4.3,,,10,4.5,10,5.8,10,3.9,10,1148,10
2008-01-27T12:00+00:00,5917,24,0,281,10,282,10,14.0,10,26.0,10,994.1,10,,,80,10,0.0,10,2,10,,,0.0,10,4.2,,,10,4.3,,,10,4.5,10,6.1,10,4.3,10,1207,10
2008-01-27T13:00+00:00,5917,27,0,278,10,278,10,15.8,10,28.8,10,993.1,10,,,78,10,0.0,10,0,10,,,0.0,10,4.2,,,10,4.3,,,10,4.5,10,6.1,10,5.3,10,1340,10
2008-01-27T14:00+00:00,5917,34,0,273,10,266,10,18.1,10,30.7,10,992.9,10,,,76,10,0.0,10,19,10,,,0.0,10,4.2,,,10,4.3,,,10,4.5,10,6.0,10,5.5,10,1430,10
2008-01-27T15:00+00:00,5917,13,0,277,10,289,10,18.1,10,30.1,10,993.6,10,,,73,10,0.0,10,0,10,,,0.0,10,4.2,,,10,4.3,,,10,4.5,10,6.3,10,5.7,10,1534,10
2008-01-27T16:00+00:00,5917,0,0,277,10,287,10,16.5,10,30.3,10,994.1,10,,,77,10,0.0,10,0,10,,,0.0,10,4.2,,,10,4.3,,,10,4.5,10,6.0,10,5.6,10,1652,10
2008-01-27T17:00+00:00,5917,0,0,273,10,278,10,15.1,10,27.6,10,994.7,10,,,81,10,0.0,10,51,10,,,0.0,10,4.2,,,10,4.3,,,10,4.5,10,5.7,10,4.9,10,1727,10
2008-01-27T18:00+00:00,5917,0,0,278,10,283,10,15.7,10,29.9,10,994.9,10,,,78,10,0.0,10,23,10,,,0.0,10,4.2,,,10,4.3,,,10,4.5,10,6.0,10,5.1,10,1805,10
2008-01-27T19:00+00:00,5917,0,0,281,10,270,10,14.9,10,27.2,10,995.7,10,,,84,10,0.0,10,39,10,,,0.0,10,4.2,,,10,4.3,,,10,4.5,10,5.5,10,4.2,10,2000,10
2008-01-27T20:00+00:00,5917,0,0,283,10,290,10,15.7,10,29.1,10,996.0,10,,,83,10,0.0,10,57,10,,,0.0,10,4.2,,,10,4.3,,,10,4.5,10,5.7,10,4.2,10,2055,10
2008-01-27T21:00+00:00,5917,0,0,287,10,289,10,15.7,10,27.3,10,996.4,10,,,79,10,0.0,10,9,10,,,0.0,10,4.2,,,10,4.3,,,10,4.5,10,6.1,10,4.8,10,2110,10
2008-01-27T22:00+00:00,5917,0,0,292,10,294,10,14.2,10,22.7,10,997.6,10,,,83,10,0.1,10,20,10,,,0.0,10,4.2,,,10,4.3,,,10,4.5,10,5.7,10,4.2,10,2247,10
2008-01-27T23:00+00:00,5917,0,0,292,10,289,10,13.8,10,23.7,10,998.9,10,,,87,10,0.6,10,60,10,,,0.0,10,4.2,,,10,4.4,,,10,4.6,10,5.4,10,4.1,10,2311,10
2008-01-28T00:00+00:00,5917,0,0,304,10,306,10,8.4,10,19.0,10,1000.8,10,,,92,10,1.3,10,60,10,,,0.0,10,4.2,,,10,4.4,,,10,4.6,10,4.9,10,4.1,10,10,10
2008-01-28T01:00+00:00,5917,0,0,312,10,323,10,6.5,10,15.8,10,1002.3,10,,,95,10,1.8,10,60,10,,,0.0,10,4.2,,,10,4.4,,,10,4.6,10,4.6,10,3.8,10,149,10
2008-01-28T02:00+00:00,5917,0,0,318,10,321,10,7.0,10,14.7,10,1003.6,10,,,95,10,2.2,10,60,10,,,0.0,10,4.2,,,10,4.4,,,10,4.6,10,4.5,10,3.8,10,206,10
2008-01-28T03:00+00:00,5917,0,0,309,10,319,10,6.8,10,19.2,10,1003.8,10,,,83,10,0.6,10,35,10,,,0.0,10,4.2,,,10,4.4,,,10,4.6,10,5.4,10,3.8,10,330,10
2008-01-28T04:00+00:00,5917,0,0,313,10,323,10,5.7,10,15.3,10,1005.1,10,,,79,10,0.0,10,0,10,,,0.0,10,4.2,,,10,4.4,,,10,4.6,10,5.4,10,3.6,10,418,10
2008-01-28T05:00+00:00,5917,0,0,313,10,312,10,4.7,10,12.6,10,1005.8,10,,,82,10,0.0,10,0,10,,,0.0,10,4.2,,,10,4.4,,,10,4.6,10,5.4,10,3.8,10,514,10
2008-01-28T06:00+00:00,5917,0,0,323,10,314,10,5.6,10,11.3,10,1006.6,10,,,80,10,0.0,10,0,10,,,0.0,10,4.2,,,10,4.4,,,10,4.6,10,5.4,10,3.7,10,621,10
2008-01-28T07:00+00:00,5917,7,0,323,10,331,10,5.0,10,11.2,10,1007.6,10,,,78,10,0.0,10,0,10,,,0.1,10,4.1,,,10,4.4,,,10,4.6,10,5.0,10,3.5,10,706,10
2008-01-28T08:00+00:00,5917,89,0,324,10,320,10,6.2,10,12.0,10,1008.1,10,,,68,10,0.0,10,0,10,,,0.9,10,4.1,,,10,4.4,,,10,4.6,10,5.8,10,3.6,10,853,10
2008-01-28T09:00+00:00,5917,248,0,328,10,340,10,6.8,10,12.7,10,1008.6,10,,,59,10,0.0,10,0,10,,,1.0,10,4.2,,,10,4.3,,,10,4.6,10,6.4,10,5.7,10,945,10
2008-01-28T10:00+00:00,5917,238,0,337,10,342,10,7.3,10,12.4,10,1008.7,10,,,55,10,0.0,10,0,10,,,0.4,10,4.2,,,10,4.3,,,10,4.6,10,6.5,10,6.3,10,1039,10
2008-01-28T11:00+00:00,5917,179,0,347,10,344,10,5.7,10,10.6,10,1008.5,10,,,59,10,0.0,10,0,10,,,0.0,10,4.2,,,10,4.3,,,10,4.6,10,6.6,10,7.3,10,1117,10
2008-01-28T12:00+00:00,5917,140,0,356,10,351,10,4.1,10,8.1,10,1008.4,10,,,61,10,0.0,10,0,10,,,0.0,10,4.3,,,10,4.3,,,10,4.6,10,6.9,10,7.5,10,1209,10
2008-01-28T13:00+00:00,5917,76,0,15,10,28,10,2.6,10,4.9,10,1008.4,10,,,68,10,0.0,10,4,10,,,0.0,10,4.3,,,10,4.3,,,10,4.6,10,6.9,10,6.8,10,1319,10
2008-01-28T14:00+00:00,5917,45,0,29,10,12,10,2.2,10,4.2,10,1008.4,10,,,68,10,0.0,10,11,10,,,0.0,10,4.4,,,10,4.4,,,10,4.6,10,6.8,10,6.1,10,1500,10
2008-01-28T15:00+00:00,5917,18,0,5,10,331,10,1.7,10,5.1,10,1008.4,10,,,79,10,0.0,10,8,10,,,0.0,10,4.4,,,10,4.4,,,10,4.6,10,6.8,10,5.6,10,1552,10
2008-01-28T16:00+00:00,5917,3,0,332,10,348,10,2.4,10,5.2,10,1008.2,10,,,86,10,0.0,10,17,10,,,0.0,10,4.4,,,10,4.4,,,10,4.6,10,6.3,10,5.3,10,1614,10
2008-01-28T17:00+00:00,5917,0,0,189,10,23,10,0.1,10,2.5,10,1008.2,10,,,88,10,0.0,10,0,10,,,0.0,10,4.4,,,10,4.5,,,10,4.6,10,5.4,10,4.9,10,1711,10
2008-01-28T18:00+00:00,5917,0,0,181,10,207,10,0.9,10,2.1,10,1008.1,10,,,91,10,0.0,10,0,10,,,0.0,10,4.4,,,10,4.5,,,10,4.6,10,5.0,10,4.5,10,1801,10
2008-01-28T19:00+00:00,5917,0,0,188,10,199,10,2.8,10,5.7,10,1008.1,10,,,96,10,0.0,10,0,10,,,0.0,10,4.4,,,10,4.5,,,10,4.6,10,4.2,10,4.0,10,1946,10
2008-01-28T20:00+00:00,5917,0,0,191,10,208,10,2.6,10,4.4,10,1007.9,10,,,95,10,0.0,10,0,10,,,0.0,10,4.4,,,10,4.5,,,10,4.6,10,4.1,10,4.0,10,2009,10
2008-01-28T21:00+00:00,5917,0,0,189,10,211,10,3.2,10,5.8,10,1007.6,10,,,95,10,0.0,10,0,10,,,0.0,10,4.4,,,10,4.6,,,10,4.6,10,4.3,10,3.9,10,2150,10
2008-01-28T22:00+00:00,5917,0,0,186,10,189,10,2.8,10,5.3,10,1007.4,10,,,95,10,0.0,10,0,10,,,0.0,10,4.4,,,10,4.6,,,10,4.6,10,4.3,10,4.0,10,2202,10
2008-01-28T23:00+00:00,5917,0,0,169,10,192,10,2.1,10,3.8,10,1007.1,10,,,98,10,0.0,10,0,10,,,0.0,10,4.4,,,10,4.6,,,10,4.7,10,4.2,10,3.9,10,2302,10
2008-01-29T00:00+00:00,5917,0,0,182,10,189,10,1.6,10,2.6,10,1006.6,10,,,98,10,0.0,10,0,10,,,0.0,10,4.4,,,10,4.6,,,10,4.7,10,4.1,10,3.6,10,49,10
2008-01-29T01:00+00:00,5917,0,0,210,10,187,10,1.5,10,3.0,10,1005.8,10,,,98,10,0.0,10,2,10,,,0.0,10,4.3,,,10,4.5,,,10,4.7,10,3.9,10,3.1,10,102,10
2008-01-29T02:00+00:00,5917,0,0,186,10,165,10,1.2,10,2.3,10,1005.5,10,,,98,10,0.0,10,33,10,,,0.0,10,4.3,,,10,4.5,,,10,4.7,10,3.9,10,3.4,10,257,10
2008-01-29T03:00+00:00,5917,0,0,185,10,195,10,1.3,10,2.7,10,1005.4,10,,,98,10,0.0,10,0,10,,,0.0,10,4.3,,,10,4.5,,,10,4.7,10,3.7,10,2.8,10,316,10
2008-01-29T04:00+00:00,5917,0,0,200,10,206,10,0.7,10,1.8,10,1004.9,10,,,98,10,0.0,10,0,10,,,0.0,10,4.3,,,10,4.5,,,10,4.7,10,3.9,10,2.6,10,448,10
2008-01-29T05:00+00:00,5917,0,0,215,10,203,10,1.1,10,2.2,10,1005.1,10,,,98,10,0.0,10,0,10,,,0.0,10,4.3,,,10,4.5,,,10,4.7,10,3.9,10,3.0,10,532,10
2008-01-29T06:00+00:00,5917,0,0,290,10,287,10,0.5,10,1.4,10,1005.3,10,,,98,10,0.0,10,0,10,,,0.0,10,4.2,,,10,4.5,,,10,4.7,10,4.2,10,3.1,10,654,10
2008-01-29T07:00+00:00,5917,6,0,249,10,255,10,0.6,10,2.6,10,1005.6,10,,,98,10,0.1,10,18,10,,,0.0,10,4.2,,,10,4.5,,,10,4.7,10,3.9,10,2.9,10,731,10
2008-01-29T08:00+00:00,5917,45,0,101,10,108,10,0.6,10,1.4,10,1006.0,10,,,97,10,0.0,10,0,10,,,0.0,10,4.2,,,10,4.5,,,10,4.7,10,4.3,10,2.7,10,815,10
2008-01-29T09:00+00:00,5917,70,0,167,10,347,10,0.4,10,1.7,10,1006.0,10,,,96,10,0.0,10,0,10,,,0.0,10,4.3,,,10,4.5,,,10,4.7,10,4.7,10,4.5,10,904,10
2008-01-29T10:00+00:00,5917,139,0,278,10,301,10,0.4,10,5.0,10,1006.2,10,,,87,10,0.0,10,3,10,,,0.0,10,4.4,,,10,4.5,,,10,4.7,10,6.7,10,5.6,10,1054,10
2008-01-29T11:00+00:00,5917,167,0,301,10,303,10,3.1,10,6.4,10,1005.8,10,,,85,10,0.0,10,0,10,,,0.0,10,4.5,,,10,4.5,,,10,4.7,10,7.3,10,7.8,10,1113,10
2008-01-29T12:00+00:00,5917,173,0,297,10,294,10,2.1,10,5.1,10,1005.4,10,,,79,10,0.0,10,0,10,,,0.0,10,4.6,,,10,4.5,,,10,4.7,10,7.8,10,8.5,10,1205,10
2008-01-29T13:00+00:00,5917,170,0,300,10,275,10,1.9,10,4.4,10,1005.1,10,,,77,10,0.0,10,0,10,,,0.0,10,4.8,,,10,4.6,,,10,4.7,10,7.9,10,9.1,10,1400,10
2008-01-29T14:00+00:00,5917,66,0,1,10,309,10,1.5,10,4.0,10,1005.1,10,,,75,10,0.0,10,0,10,,,0.0,10,4.9,,,10,4.6,,,10,4.7,10,7.7,10,7.8,10,1403,10
2008-01-29T15:00+00:00,5917,30,0,109,10,44,10,1.1,10,2.4,10,1004.9,10,,,86,10,0.0,10,0,10,,,0.0,10,4.9,,,10,4.7,,,10,4.7,10,7.2,10,6.8,10,1501,10
2008-01-29T16:00+00:00,5917,1,0,129,10,122,10,1.3,10,2.2,10,1005.1,10,,,89,10,0.0,10,0,10,,,0.0,10,4.9,,,10,4.8,,,10,4.7,10,6.7,10,5.8,10,1643,10
2008-01-29T17:00+00:00,5917,0,0,126,10,128,10,1.5,10,2.5,10,1005.3,10,,,91,10,0.0,10,0,10,,,0.0,10,4.9,,,10,4.8,,,10,4.7,10,6.2,10,5.2,10,1734,10
2008-01-29T18:00+00:00,5917,0,0,107,10,111,10,1.5,10,2.8,10,1005.5,10,,,91,10,0.0,10,0,10,,,0.0,10,4.9,,,10,4.9,,,10,4.7,10,6.0,10,5.0,10,1831,10
2008-01-29T19:00+00:00,5917,0,0,111,10,160,10,1.1,10,2.6,10,1005.2,10,,,94,10,0.0,10,0,10,,,0.0,10,4.9,,,10,4.9,,,10,4.8,10,5.3,10,4.7,10,1959,10
2008-01-29T20:00+00:00,5917,0,0,142,10,141,10,2.1,10,5.0,10,1005.1,10,,,94,10,0.0,10,0,10,,,0.0,10,4.9,,,10,4.9,,,10,4.8,10,3.9,10,2.8,10,2007,10
2008-01-29T21:00+00:00,5917,0,0,131,10,143,10,2.3,10,3.4,10,1004.7,10,,,96,10,0.0,10,0,10,,,0.0,10,4.7,,,10,4.9,,,10,4.8,10,2.9,10,0.6,10,2156,10
2008-01-29T22:00+00:00,5917,0,0,142,10,135,10,2.1,10,3.5,10,1004.1,10,,,97,10,0.0,10,0,10,,,0.0,10,4.6,,,10,4.9,,,10,4.8,10,2.9,10,-0.1,10,2255,10
2008-01-29T23:00+00:00,5917,0,0,129,10,146,10,1.9,10,3.8,10,1003.6,10,,,97,10,0.0,10,0,10,,,0.0,10,4.5,,,10,4.9,,,10,4.8,10,2.3,10,-0.6,10,2313,10
2008-01-30T00:00+00:00,5917,0,0,98,10,105,10,2.1,10,4.3,10,1002.7,10,,,97,10,0.0,10,0,10,,,0.0,10,4.4,,,10,4.8,,,10,4.9,10,2.7,10,-0.4,10,54,10
2008-01-30T01:00+00:00,5917,0,0,113,10,123,10,4.1,10,8.8,10,1002.4,10,,,97,10,0.0,10,0,10,,,0.0,10,4.3,,,10,4.8,,,10,4.9,10,3.2,10,1.5,10,156,10
2008-01-30T02:00+00:00,5917,0,0,109,10,109,10,5.3,10,8.7,10,1001.6,10,,,97,10,0.0,10,0,10,,,0.0,10,4.3,,,10,4.7,,,10,4.9,10,3.0,10,2.5,10,245,10
2008-01-30T03:00+00:00,5917,0,0,110,10,110,10,5.1,10,8.7,10,1000.9,10,,,97,10,0.0,10,0,10,,,0.0,10,4.3,,,10,4.7,,,10,4.9,10,3.0,10,2.8,10,333,10
2008-01-30T04:00+00:00,5917,0,0,111,10,127,10,4.8,10,8.4,10,1000.2,10,,,96,10,0.0,10,0,10,,,0.0,10,4.3,,,10,4.6,,,10,4.9,10,2.9,10,2.6,10,421,10
2008-01-30T05:00+00:00,5917,0,0,107,10,114,10,4.5,10,7.6,10,999.8,10,,,96,10,0.0,10,0,10,,,0.0,10,4.2,,,10,4.6,,,10,4.9,10,1.8,10,1.0,10,513,10
2008-01-30T06:00+00:00,5917,0,0,119,10,119,10,4.3,10,11.0,10,999.1,10,,,94,10,0.0,10,0,10,,,0.0,10,4.1,,,10,4.6,,,10,4.9,10,1.6,10,0.5,10,642,10
2008-01-30T07:00+00:00,5917,7,0,119,10,126,10,7.1,10,10.7,10,998.7,10,,,89,10,0.0,10,0,10,,,0.1,10,4.0,,,10,4.6,,,10,4.9,10,1.7,10,0.4,10,732,10
2008-01-30T08:00+00:00,5917,90,0,121,10,120,10,6.7,10,10.2,10,998.5,10,,,81,10,0.0,10,0,10,,,0.8,10,4.0,,,10,4.5,,,10,4.9,10,2.8,10,0.7,10,808,10
2008-01-30T09:00+00:00,5917,236,0,119,10,120,10,7.1,10,10.7,10,998.2,10,,,75,10,0.0,10,0,10,,,1.0,10,4.1,,,10,4.5,,,10,4.9,10,3.9,10,3.8,10,943,10
2008-01-30T10:00+00:00,5917,256,0,124,10,126,10,6.6,10,11.4,10,998.2,10,,,67,10,0.0,10,0,10,,,0.9,10,4.2,,,10,4.4,,,10,4.8,10,4.6,10,5.7,10,1010,10
2008-01-30T11:00+00:00,5917,238,0,138,10,160,10,7.1,10,11.4,10,997.8,10,,,60,10,0.0,10,0,10,,,0.7,10,4.2,,,10,4.4,,,10,4.8,10,5.5,10,5.6,10,1146,10
2008-01-30T12:00+00:00,5917,173,0,147,10,152,10,5.6,10,10.3,10,997.5,10,,,60,10,0.0,10,0,10,,,0.0,10,4.2,,,10,4.4,,,10,4.8,10,5.7,10,6.6,10,1201,10
2008-01-30T13:00+00:00,5917,142,0,152,10,149,10,3.7,10,7.3,10,996.9,10,,,59,10,0.0,10,0,10,,,0.0,10,4.3,,,10,4.4,,,10,4.8,10,6.3,10,6.7,10,1342,10
2008-01-30T14:00+00:00,5917,122,0,155,10,151,10,4.1,10,6.8,10,996.5,10,,,60,10,0.0,10,0,10,,,0.0,10,4.4,,,10,4.4,,,10,4.8,10,6.3,10,6.6,10,1414,10
2008-01-30T15:00+00:00,5917,52,0,165,10,172,10,3.3,10,5.4,10,996.6,10,,,60,10,0.0,10,0,10,,,0.0,10,4.4,,,10,4.5,,,10,4.8,10,6.1,10,5.8,10,1501,10
2008-01-30T16:00+00:00,5917,19,0,167,10,164,10,2.8,10,5.0,10,996.9,10,,,63,10,0.0,10,0,10,,,0.0,10,4.4,,,10,4.5,,,10,4.8,10,5.0,10,3.8,10,1627,10
2008-01-30T17:00+00:00,5917,0,0,175,10,168,10,1.5,10,3.9,10,997.0,10,,,59,10,0.0,10,0,10,,,0.0,10,4.4,,,10,4.6,,,10,4.8,10,4.9,10,3.0,10,1707,10
2008-01-30T18:00+00:00,5917,0,0,270,10,282,10,1.4,10,5.5,10,996.9,10,,,76,10,0.0,10,0,10,,,0.0,10,4.3,,,10,4.6,,,10,4.8,10,5.0,10,2.6,10,1842,10
2008-01-30T19:00+00:00,5917,0,0,270,10,276,10,4.6,10,10.5,10,997.0,10,,,77,10,0.0,10,0,10,,,0.0,10,4.3,,,10,4.6,,,10,4.8,10,5.2,10,4.0,10,1954,10
2008-01-30T20:00+00:00,5917,0,0,278,10,282,10,7.3,10,13.3,10,996.8,10,,,75,10,0.0,10,0,10,,,0.0,10,4.3,,,10,4.6,,,10,4.8,10,5.4,10,4.3,10,2056,10
2008-01-30T21:00+00:00,5917,0,0,292,10,294,10,7.5,10,14.8,10,997.0,10,,,75,10,0.0,10,0,10,,,0.0,10,4.3,,,10,4.6,,,10,4.8,10,5.2,10,4.5,10,2127,10
2008-01-30T22:00+00:00,5917,0,0,296,10,301,10,5.2,10,10.0,10,997.1,10,,,76,10,0.0,10,0,10,,,0.0,10,4.3,,,10,4.6,,,10,4.8,10,5.2,10,4.3,10,2300,10
2008-01-30T23:00+00:00,5917,0,0,291,10,290,10,5.4,10,10.3,10,997.5,10,,,83,10,0.0,10,0,10,,,0.0,10,4.3,,,10,4.5,,,10,4.8,10,4.7,10,4.2,10,2322,10
2008-01-31T00:00+00:00,5917,0,0,298,10,308,10,5.1,10,10.1,10,997.7,10,,,87,10,0.0,10,2,10,,,0.0,10,4.3,,,10,4.5,,,10,4.8,10,4.5,10,3.9,10,52,10
2008-01-31T01:00+00:00,5917,0,0,300,10,309,10,5.4,10,11.5,10,997.8,10,,,88,10,0.0,10,4,10,,,0.0,10,4.3,,,10,4.5,,,10,4.8,10,4.6,10,3.7,10,106,10
2008-01-31T02:00+00:00,5917,0,0,295,10,305,10,5.4,10,9.5,10,997.8,10,,,86,10,0.0,10,0,10,,,0.0,10,4.3,,,10,4.5,,,10,4.8,10,4.6,10,4.2,10,212,10
2008-01-31T03:00+00:00,5917,0,0,293,10,291,10,4.1,10,8.3,10,997.8,10,,,86,10,0.0,10,0,10,,,0.0,10,4.2,,,10,4.5,,,10,4.8,10,4.6,10,3.8,10,312,10
2008-01-31T04:00+00:00,5917,0,0,285,10,287,10,5.1,10,9.7,10,998.2,10,,,84,10,0.0,10,0,10,,,0.0,10,4.2,,,10,4.5,,,10,4.8,10,4.7,10,4.1,10,459,10
2008-01-31T05:00+00:00,5917,0,0,294,10,296,10,5.5,10,11.3,10,998.8,10,,,91,10,0.0,10,44,10,,,0.0,10,4.2,,,10,4.5,,,10,4.8,10,3.8,10,3.0,10,501,10
2008-01-31T06:00+00:00,5917,0,0,298,10,315,10,5.1,10,10.6,10,999.8,10,,,91,10,0.1,10,48,10,,,0.0,10,4.2,,,10,4.5,,,10,4.8,10,3.6,10,2.9,10,649,10
2008-01-31T07:00+00:00,5917,9,0,307,10,307,10,4.2,10,11.9,10,1000.5,10,,,89,10,0.0,10,11,10,,,0.0,10,4.2,,,10,4.5,,,10,4.8,10,3.5,10,2.5,10,704,10
2008-01-31T08:00+00:00,5917,34,0,306,10,320,10,3.7,10,9.3,10,1000.9,10,,,86,10,0.1,10,1,10,,,0.0,10,4.2,,,10,4.5,,,10,4.8,10,3.8,10,2.8,10,842,10
2008-01-31T09:00+00:00,5917,90,0,304,10,307,10,4.0,10,8.1,10,1001.2,10,,,83,10,0.0,10,0,10,,,0.0,10,4.2,,,10,4.5,,,10,4.8,10,4.1,10,3.5,10,901,10
2008-01-31T10:00+00:00,5917,110,0,303,10,296,10,4.0,10,7.7,10,1001.0,10,,,82,10,0.0,10,0,10,,,0.0,10,4.2,,,10,4.4,,,10,4.8,10,4.0,10,3.9,10,1035,10
2008-01-31T11:00+00:00,5917,250,0,291,10,285,10,4.0,10,7.9,10,1000.5,10,,,77,10,0.0,10,0,10,,,0.5,10,4.3,,,10,4.4,,,10,4.8,10,4.6,10,4.3,10,1143,10
2008-01-31T12:00+00:00,5917,188,0,290,10,289,10,3.7,10,7.0,10,999.9,10,,,77,10,0.0,10,0,10,,,0.1,10,4.4,,,10,4.5,,,10,4.8,10,4.6,10,6.0,10,1204,10
2008-01-31T13:00+00:00,5917,178,0,280,10,271,10,3.4,10,6.0,10,999.1,10,,,78,10,0.0,10,0,10,,,0.1,10,4.4,,,10,4.5,,,10,4.8,10,4.6,10,5.7,10,1321,10
2008-01-31T14:00+00:00,5917,104,0,286,10,284,10,2.8,10,5.9,10,998.7,10,,,76,10,0.0,10,0,10,,,0.1,10,4.4,,,10,4.5,,,10,4.8,10,4.9,10,5.3,10,1437,10
2008-01-31T15:00+00:00,5917,99,0,283,10,292,10,1.9,10,4.2,10,998.0,10,,,74,10,0.0,10,0,10,,,0.2,10,4.5,,,10,4.5,,,10,4.8,10,5.0,10,6.8,10,1600,10
2008-01-31T16:00+00:00,5917,25,0,343,10,341,10,1.5,10,3.6,10,997.5,10,,,71,10,0.0,10,0,10,,,0.6,10,4.4,,,10,4.6,,,10,4.8,10,4.1,10,0.2,10,1625,10
2008-01-31T17:00+00:00,5917,0,0,153,10,145,10,2.0,10,4.0,10,997.4,10,,,84,10,0.0,10,0,10,,,0.0,10,4.3,,,10,4.6,,,10,4.8,10,2.2,10,-0.8,10,1756,10
2008-01-31T18:00+00:00,5917,0,0,145,10,151,10,3.2,10,4.9,10,996.6,10,,,85,10,0.0,10,0,10,,,0.0,10,4.2,,,10,4.6,,,10,4.8,10,2.6,10,-0.1,10,1846,10
2008-01-31T19:00+00:00,5917,0,0,149,10,151,10,3.7,10,5.8,10,995.9,10,,,83,10,0.0,10,0,10,,,0.0,10,4.2,,,10,4.6,,,10,4.8,10,1.9,10,0.5,10,1939,10
2008-01-31T20:00+00:00,5917,0,0,145,10,147,10,4.3,10,7.9,10,994.9,10,,,82,10,0.0,10,0,10,,,0.0,10,4.0,,,10,4.6,,,10,4.8,10,1.9,10,-0.1,10,2058,10
2008-01-31T21:00+00:00,5917,0,0,154,10,156,10,5.2,10,9.8,10,994.5,10,,,83,10,0.0,10,0,10,,,0.0,10,4.0,,,10,4.5,,,10,4.8,10,2.2,10,0.7,10,2103,10
2008-01-31T22:00+00:00,5917,0,0,167,10,161,10,3.9,10,7.1,10,993.5,10,,,83,10,0.0,10,0,10,,,0.0,10,3.9,,,10,4.4,,,10,4.8,10,2.0,10,0.2,10,2224,10
2008-01-31T23:00+00:00,5917,0,0,165,10,167,10,3.5,10,6.0,10,992.5,10,,,87,10,0.0,10,0,10,,,0.0,10,3.8,,,10,4.4,,,10,4.8,10,1.6,10,-0.5,10,2328,10
2008-02-01T00:00+00:00,5917,0,0,164,10,183,10,2.4,10,4.2,10,991.8,10,,,90,10,0.0,10,0,10,,,0.0,10,3.8,,,10,4.4,,,10,4.8,10,1.1,10,-1.9,10,43,10
2008-02-01T01:00+00:00,5917,0,0,157,10,147,10,2.1,10,3.8,10,991.1,10,,,91,10,0.0,10,0,10,,,0.0,10,3.7,,,10,4.3,,,10,4.8,10,1.0,10,-2.5,10,128,10
2008-02-01T02:00+00:00,5917,0,0,209,10,178,10,1.1,10,4.6,10,990.7,10,,,93,10,0.0,10,0,10,,,0.0,10,3.6,,,10,4.3,,,10,4.8,10,0.4,10,-2.1,10,213,10
2008-02-01T03:00+00:00,5917,0,0,295,10,293,10,1.2,10,2.5,10,989.6,10,,,95,10,0.0,10,0,10,,,0.0,10,3.5,,,10,4.2,,,10,4.8,10,-0.1,10,-3.0,10,307,10
2008-02-01T04:00+00:00,5917,0,0,324,10,307,10,1.2,10,2.3,10,989.0,10,,,96,10,0.0,10,0,10,,,0.0,10,3.5,,,10,4.2,,,10,4.8,10,-0.5,10,-4.2,10,403,10
2008-02-01T05:00+00:00,5917,0,0,316,10,291,10,0.9,10,2.1,10,989.1,10,,,97,10,0.0,10,0,10,,,0.0,10,3.4,,,10,4.1,,,10,4.7,10,-1.1,10,-4.8,10,527,10
2008-02-01T06:00+00:00,5917,0,0,249,10,317,10,0.2,10,1.6,10,988.9,10,,,97,10,0.0,10,0,10,,,0.0,10,3.3,,,10,4.1,,,10,4.7,10,-1.4,10,-5.5,10,700,10
2008-02-01T07:00+00:00,5917,21,0,128,10,154,10,0.4,10,1.7,10,988.9,10,,,97,10,0.0,10,0,10,,,0.0,10,3.3,,,10,4.0,,,10,4.7,10,-1.2,10,-5.4,10,754,10
2008-02-01T08:00+00:00,5917,104,0,113,10,112,10,0.9,10,3.6,10,988.2,10,,,96,10,0.0,10,0,10,,,0.5,10,3.3,,,10,4.0,,,10,4.7,10,0.5,10,-2.1,10,859,10
2008-02-01T09:00+00:00,5917,136,0,100,10,110,10,2.3,10,4.5,10,988.5,10,,,94,10,0.0,10,0,10,,,0.1,10,3.3,,,10,3.9,,,10,4.7,10,1.7,10,0.7,10,915,10
2008-02-01T10:00+00:00,5917,99,0,91,10,102,10,1.6,10,3.5,10,988.2,10,,,94,10,0.0,10,0,10,,,0.0,10,3.3,,,10,3.9,,,10,4.7,10,2.2,10,2.4,10,1029,10
2008-02-01T11:00+00:00,5917,151,0,111,10,123,10,2.3,10,4.6,10,986.5,10,,,91,10,0.0,10,0,10,,,0.0,10,3.3,,,10,3.9,,,10,4.6,10,3.0,10,3.4,10,1157,10
2008-02-01T12:00+00:00,5917,136,0,126,10,117,10,4.1,10,7.1,10,985.6,10,,,89,10,0.0,10,0,10,,,0.0,10,3.4,,,10,3.8,,,10,4.6,10,3.8,10,4.6,10,1221,10
2008-02-01T13:00+00:00,5917,188,0,135,10,139,10,2.7,10,5.5,10,985.3,10,,,82,10,0.0,10,0,10,,,0.2,10,3.4,,,10,3.8,,,10,4.6,10,5.0,10,4.9,10,1315,10
2008-02-01T14:00+00:00,5917,190,0,119,10,123,10,2.7,10,5.7,10,984.9,10,,,83,10,0.0,10,0,10,,,0.2,10,3.6,,,10,3.8,,,10,4.6,10,5.7,10,7.3,10,1410,10
2008-02-01T15:00+00:00,5917,70,0,114,10,109,10,1.4,10,4.0,10,984.9,10,,,85,10,0.0,10,0,10,,,0.0,10,3.6,,,10,3.8,,,10,4.6,10,5.8,10,6.0,10,1514,10
2008-02-01T16:00+00:00,5917,16,0,76,10,83,10,1.2,10,2.9,10,984.5,10,,,87,10,0.0,10,0,10,,,0.0,10,3.6,,,10,3.8,,,10,4.5,10,5.2,10,3.2,10,1646,10
2008-02-01T17:00+00:00,5917,0,0,102,10,106,10,1.9,10,3.7,10,984.2,10,,,90,10,0.0,10,0,10,,,0.0,10,3.6,,,10,3.9,,,10,4.5,10,4.0,10,0.4,10,1729,10
2008-02-01T18:00+00:00,5917,0,0,137,10,124,10,1.7,10,2.8,10,983.5,10,,,94,10,0.0,10,0,10,,,0.0,10,3.6,,,10,3.9,,,10,4.5,10,2.6,10,-0.5,10,1824,10
2008-02-01T19:00+00:00,5917,0,0,164,10,163,10,1.1,10,2.6,10,983.0,10,,,96,10,0.0,10,0,10,,,0.0,10,3.5,,,10,3.9,,,10,4.5,10,1.6,10,-1.2,10,1951,10
2008-02-01T20:00+00:00,5917,0,0,136,10,138,10,2.1,10,3.5,10,982.2,10,,,97,10,0.0,10,0,10,,,0.0,10,3.4,,,10,3.9,,,10,4.5,10,1.0,10,-1.5,10,2034,10
2008-02-01T21:00+00:00,5917,0,0,127,10,125,10,1.7,10,3.0,10,981.5,10,,,97,10,0.0,10,0,10,,,0.0,10,3.4,,,10,3.9,,,10,4.5,10,1.4,10,-1.9,10,2105,10
2008-02-01T22:00+00:00,5917,0,0,301,10,319,10,0.5,10,2.8,10,981.0,10,,,96,10,0.0,10,0,10,,,0.0,10,3.3,,,10,3.9,,,10,4.5,10,1.2,10,-1.5,10,2236,10
2008-02-01T23:00+00:00,5917,0,0,91,10,108,10,0.9,10,2.8,10,980.1,10,,,94,10,0.0,10,0,10,,,0.0,10,3.3,,,10,3.9,,,10,4.5,10,2.0,10,-0.6,10,2323,10
2008-02-02T00:00+00:00,5917,0,0,142,10,145,10,0.7,10,3.5,10,979.8,10,,,93,10,0.0,10,0,10,,,0.0,10,3.3,,,10,3.9,,,10,4.5,10,1.8,10,-0.1,10,39,10
2008-02-02T01:00+00:00,5917,0,0,317,10,304,10,1.3,10,3.2,10,979.5,10,,,90,10,0.0,10,0,10,,,0.0,10,3.3,,,10,3.8,,,10,4.5,10,2.4,10,0.1,10,109,10
2008-02-02T02:00+00:00,5917,0,0,346,10,353,10,2.4,10,5.0,10,979.8,10,,,86,10,0.0,10,0,10,,,0.0,10,3.3,,,10,3.8,,,10,4.4,10,3.3,10,0.2,10,248,10
2008-02-02T03:00+00:00,5917,0,0,360,10,348,10,3.1,10,5.5,10,980.0,10,,,90,10,0.0,10,0,10,,,0.0,10,3.3,,,10,3.8,,,10,4.4,10,2.8,10,1.4,10,357,10
2008-02-02T04:00+00:00,5917,0,0,319,10,301,10,2.9,10,5.8,10,981.9,10,,,90,10,0.0,10,0,10,,,0.0,10,3.2,,,10,3.8,,,10,4.4,10,2.6,10,1.7,10,454,10
2008-02-02T05:00+00:00,5917,0,0,303,10,308,10,3.9,10,7.9,10,982.9,10,,,89,10,0.0,10,0,10,,,0.0,10,3.2,,,10,3.8,,,10,4.4,10,2.1,10,1.5,10,549,10
2008-02-02T06:00+00:00,5917,0,0,295,10,295,10,3.4,10,6.8,10,984.0,10,,,89,10,0.0,10,0,10,,,0.0,10,3.2,,,10,3.7,,,10,4.4,10,2.2,10,1.3,10,602,10
2008-02-02T07:00+00:00,5917,0,0,299,10,302,10,4.5,10,9.3,10,985.2,10,,,76,10,0.0,10,0,10,,,0.0,10,3.2,,,10,3.7,,,10,4.4,10,4.6,10,1.7,10,758,10
2008-02-02T08:00+00:00,5917,7,0,294,10,305,10,3.2,10,7.7,10,986.0,10,,,76,10,0.0,10,0,10,,,0.0,10,3.3,,,10,3.7,,,10,4.4,10,5.3,10,4.0,10,900,10
2008-02-02T09:00+00:00,5917,13,0,279,10,296,10,5.3,10,10.7,10,987.1,10,,,69,10,0.0,10,0,10,,,0.0,10,3.3,,,10,3.7,,,10,4.4,10,6.5,10,4.4,10,943,10
2008-02-02T10:00+00:00,5917,22,0,286,10,292,10,8.1,10,14.5,10,988.9,10,,,81,10,0.0,10,0,10,,,0.0,10,3.4,,,10,3.7,,,10,4.4,10,4.9,10,4.5,10,1049,10
2008-02-02T11:00+00:00,5917,46,0,287,10,287,10,8.0,10,14.3,10,989.7,10,,,80,10,0.0,10,0,10,,,0.0,10,3.4,,,10,3.7,,,10,4.4,10,4.4,10,4.3,10,1136,10
2008-02-02T12:00+00:00,5917,78,0,285,10,291,10,5.2,10,11.8,10,990.2,10,,,74,10,0.0,10,0,10,,,0.0,10,3.5,,,10,3.7,,,10,4.4,10,5.1,10,4.6,10,1203,10
2008-02-02T13:00+00:00,5917,99,0,286,10,283,10,5.3,10,10.9,10,990.7,10,,,72,10,0.0,10,0,10,,,0.0,10,3.6,,,10,3.8,,,10,4.3,10,5.5,10,5.4,10,1335,10
2008-02-02T14:00+00:00,5917,75,0,284,10,288,10,7.3,10,13.9,10,991.5,10,,,69,10,0.0,10,0,10,,,0.0,10,3.6,,,10,3.8,,,10,4.3,10,5.5,10,5.4,10,1436,10
2008-02-02T15:00+00:00,5917,30,0,280,10,294,10,6.3,10,12.4,10,992.3,10,,,68,10,0.0,10,0,10,,,0.0,10,3.6,,,10,3.8,,,10,4.3,10,5.6,10,5.0,10,1544,10
2008-02-02T16:00+00:00,5917,4,0,286,10,271,10,6.9,10,14.5,10,993.5,10,,,67,10,0.0,10,0,10,,,0.0,10,3.7,,,10,3.8,,,10,4.3,10,5.4,10,4.8,10,1659,10
2008-02-02T17:00+00:00,5917,0,0,287,10,288,10,8.2,10,14.9,10,994.9,10,,,65,10,0.0,10,0,10,,,0.0,10,3.7,,,10,3.9,,,10,4.3,10,5.5,10,4.8,10,1743,10
2008-02-02T18:00+00:00,5917,0,0,292,10,287,10,7.3,10,14.4,10,996.2,10,,,64,10,0.0,10,0,10,,,0.0,10,3.7,,,10,3.9,,,10,4.3,10,5.4,10,4.7,10,1840,10
2008-02-02T19:00+00:00,5917,0,0,288,10,291,10,7.3,10,13.8,10,997.5,10,,,64,10,0.0,10,0,10,,,0.0,10,3.7,,,10,3.9,,,10,4.3,10,5.2,10,4.4,10,1909,10
2008-02-02T20:00+00:00,5917,0,0,294,10,303,10,6.3,10,12.0,10,998.6,10,,,61,10,0.0,10,0,10,,,0.0,10,3.7,,,10,3.9,,,10,4.3,10,5.0,10,4.3,10,2054,10
2008-02-02T21:00+00:00,5917,0,0,298,10,299,10,5.1,10,11.2,10,999.7,10,,,64,10,0.0,10,0,10,,,0.0,10,3.7,,,10,3.9,,,10,4.3,10,4.3,10,3.5,10,2111,10
2008-02-02T22:00+00:00,5917,0,0,294,10,303,10,4.9,10,9.8,10,1000.5,10,,,66,10,0.0,10,0,10,,,0.0,10,3.6,,,10,3.9,,,10,4.3,10,3.7,10,2.5,10,2245,10
2008-02-02T23:00+00:00,5917,0,0,295,10,300,10,4.1,10,7.8,10,1001.2,10,,,68,10,0.0,10,0,10,,,0.0,10,3.6,,,10,3.9,,,10,4.3,10,2.9,10,1.4,10,2400,10
2008-02-03T00:00+00:00,5917,0,0,302,10,302,10,3.1,10,6.0,10,1001.4,10,,,68,10,0.0,10,0,10,,,0.0,10,3.5,,,10,3.9,,,10,4.3,10,2.8,10,0.8,10,40,10
2008-02-03T01:00+00:00,5917,0,0,294,10,292,10,3.5,10,5.7,10,1001.8,10,,,70,10,0.0,10,0,10,,,0.0,10,3.4,,,10,3.9,,,10,4.3,10,2.0,10,0.2,10,146,10
2008-02-03T02:00+00:00,5917,0,0,287,10,283,10,2.7,10,4.9,10,1002.3,10,,,72,10,0.0,10,0,10,,,0.0,10,3.3,,,10,3.9,,,10,4.4,10,1.3,10,-1.2,10,202,10
2008-02-03T03:00+00:00,5917,0,0,279,10,280,10,2.2,10,3.0,10,1002.5,10,,,74,10,0.0,10,0,10,,,0.0,10,3.3,,,10,3.8,,,10,4.3,10,1.1,10,-1.5,10,329,10
2008-02-03T04:00+00:00,5917,0,0,293,10,298,10,2.3,10,3.0,10,1002.7,10,,,75,10,0.0,10,0,10,,,0.0,10,3.2,,,10,3.8,,,10,4.3,10,0.8,10,-1.6,10,435,10
2008-02-03T05:00+00:00,5917,0,0,303,10,133,10,0.2,10,2.1,10,1003.0,10,,,81,10,0.0,10,0,10,,,0.0,10,3.1,,,10,3.8,,,10,4.3,10,-0.5,10,-4.0,10,553,10
2008-02-03T06:00+00:00,5917,0,0,169,10,211,10,1.5,10,4.4,10,1003.3,10,,,84,10,0.0,10,0,10,,,0.0,10,3.1,,,10,3.7,,,10,4.3,10,-1.2,10,-4.4,10,657,10
2008-02-03T07:00+00:00,5917,13,0,205,10,212,10,1.7,10,3.7,10,1003.4,10,,,87,10,0.0,10,0,10,,,0.3,10,3.0,,,10,3.7,,,10,4.3,10,-1.9,10,-4.8,10,800,10
2008-02-03T08:00+00:00,5917,105,0,165,10,187,10,2.1,10,3.6,10,1003.2,10,,,77,10,0.0,10,0,10,,,0.9,10,3.0,,,10,3.6,,,10,4.3,10,0.4,10,-2.7,10,819,10
2008-02-03T09:00+00:00,5917,262,0,116,10,120,10,2.7,10,6.9,10,1002.6,10,,,69,10,0.0,10,0,10,,,1.0,10,3.1,,,10,3.6,,,10,4.3,10,3.7,10,2.0,10,954,10
2008-02-03T10:00+00:00,5917,365,0,126,10,142,10,6.5,10,11.7,10,1002.2,10,,,63,10,0.0,10,0,10,,,1.0,10,3.2,,,10,3.6,,,10,4.3,10,5.1,10,6.7,10,1049,10
2008-02-03T11:00+00:00,5917,422,0,131,10,138,10,8.3,10,15.4,10,1001.1,10,,,60,10,0.0,10,0,10,,,1.0,10,3.4,,,10,3.6,,,10,4.3,10,6.0,10,8.4,10,1154,10
2008-02-03T12:00+00:00,5917,423,0,134,10,137,10,9.7,10,14.3,10,1000.1,10,,,61,10,0.0,10,0,10,,,1.0,10,3.5,,,10,3.5,,,10,4.3,10,6.5,10,9.6,10,1257,10
2008-02-03T13:00+00:00,5917,374,0,140,10,138,10,9.7,10,15.5,10,999.3,10,,,60,10,0.0,10,0,10,,,1.0,10,3.6,,,10,3.5,,,10,4.3,10,6.8,10,9.3,10,1311,10
2008-02-03T14:00+00:00,5917,280,0,142,10,149,10,10.0,10,15.4,10,999.0,10,,,58,10,0.0,10,0,10,,,1.0,10,3.6,,,10,3.6,,,10,4.2,10,6.3,10,7.7,10,1432,10
2008-02-03T15:00+00:00,5917,143,0,145,10,151,10,9.1,10,14.5,10,998.6,10,,,65,10,0.0,10,0,10,,,0.3,10,3.6,,,10,3.6,,,10,4.2,10,5.5,10,6.3,10,1535,10
2008-02-03T16:00+00:00,5917,31,0,146,10,147,10,7.5,10,13.6,10,998.2,10,,,68,10,0.0,10,0,10,,,0.7,10,3.5,,,10,3.6,,,10,4.2,10,4.5,10,3.7,10,1634,10
2008-02-03T17:00+00:00,5917,0,0,139,10,139,10,8.0,10,12.9,10,998.0,10,,,72,10,0.0,10,0,10,,,0.0,10,3.5,,,10,3.7,,,10,4.2,10,4.0,10,2.8,10,1703,10
2008-02-03T18:00+00:00,5917,0,0,144,10,152,10,7.8,10,13.4,10,998.1,10,,,77,10,0.0,10,0,10,,,0.0,10,3.4,,,10,3.7,,,10,4.2,10,3.5,10,2.3,10,1821,10
2008-02-03T19:00+00:00,5917,0,0,142,10,136,10,7.5,10,13.1,10,997.7,10,,,78,10,0.0,10,0,10,,,0.0,10,3.4,,,10,3.7,,,10,4.2,10,3.5,10,2.3,10,1926,10
2008-02-03T20:00+00:00,5917,0,0,143,10,150,10,6.3,10,10.8,10,997.4,10,,,78,10,0.0,10,0,10,,,0.0,10,3.4,,,10,3.7,,,10,4.2,10,3.6,10,2.1,10,2059,10
2008-02-03T21:00+00:00,5917,0,0,145,10,149,10,6.7,10,10.9,10,997.0,10,,,79,10,0.0,10,0,10,,,0.0,10,3.3,,,10,3.7,,,10,4.2,10,3.3,10,2.0,10,2118,10
2008-02-03T22:00+00:00,5917,0,0,147,10,147,10,7.2,10,12.2,10,996.0,10,,,80,10,0.0,10,0,10,,,0.0,10,3.3,,,10,3.7,,,10,4.2,10,3.3,10,2.0,10,2233,10
2008-02-03T23:00+00:00,5917,0,0,146,10,134,10,8.1,10,13.9,10,995.3,10,,,82,10,0.0,10,0,10,,,0.0,10,3.3,,,10,3.7,,,10,4.2,10,3.5,10,2.0,10,2325,10
2008-02-04T00:00+00:00,5917,0,0,149,10,146,10,8.9,10,14.6,10,994.5,10,,,83,10,0.0,10,0,10,,,0.0,10,3.3,,,10,3.7,,,10,4.2,10,3.6,10,2.5,10,22,10
2008-02-04T01:00+00:00,5917,0,0,146,10,149,10,8.4,10,13.2,10,994.1,10,,,84,10,0.0,10,0,10,,,0.0,10,3.3,,,10,3.6,,,10,4.2,10,3.8,10,2.8,10,118,10
2008-02-04T02:00+00:00,5917,0,0,144,10,152,10,9.3,10,15.3,10,993.6,10,,,85,10,0.0,10,0,10,,,0.0,10,3.3,,,10,3.6,,,10,4.2,10,3.8,10,3.1,10,227,10
2008-02-04T03:00+00:00,5917,0,0,144,10,150,10,8.7,10,14.7,10,993.2,10,,,88,10,0.0,10,0,10,,,0.0,10,3.3,,,10,3.6,,,10,4.2,10,3.2,10,2.7,10,308,10
2008-02-04T04:00+00:00,5917,0,0,145,10,148,10,8.4,10,13.4,10,992.5,10,,,87,10,0.0,10,0,10,,,0.0,10,3.3,,,10,3.6,,,10,4.2,10,3.8,10,2.7,10,445,10
2008-02-04T05:00+00:00,5917,0,0,155,10,135,10,6.2,10,12.0,10,992.3,10,,,85,10,0.0,10,0,10,,,0.0,10,3.3,,,10,3.6,,,10,4.2,10,4.6,10,3.2,10,501,10
2008-02-04T06:00+00:00,5917,0,0,158,10,165,10,7.0,10,14.0,10,992.5,10,,,85,10,0.0,10,0,10,,,0.0,10,3.3,,,10,3.6,,,10,4.2,10,3.9,10,3.4,10,619,10
2008-02-04T07:00+00:00,5917,3,0,141,10,136,10,9.8,10,15.9,10,992.2,10,,,87,10,0.0,10,0,10,,,0.0,10,3.3,,,10,3.6,,,10,4.2,10,3.8,10,3.3,10,729,10
2008-02-04T08:00+00:00,5917,22,0,133,10,137,10,9.8,10,14.4,10,991.9,10,,,89,10,0.0,10,0,10,,,0.0,10,3.3,,,10,3.6,,,10,4.2,10,3.8,10,3.5,10,818,10
2008-02-04T09:00+00:00,5917,72,0,130,10,136,10,9.0,10,14.9,10,991.1,10,,,88,10,0.0,10,0,10,,,0.2,10,3.4,,,10,3.6,,,10,4.2,10,5.0,10,3.7,10,959,10
2008-02-04T10:00+00:00,5917,152,0,133,10,138,10,11.2,10,17.1,10,991.0,10,,,87,10,0.0,10,0,10,,,0.0,10,3.5,,,10,3.6,,,10,4.2,10,5.7,10,5.7,10,1018,10
2008-02-04T11:00+00:00,5917,386,0,120,10,121,10,9.1,10,16.1,10,989.7,10,,,83,10,0.0,10,0,10,,,0.8,10,3.7,,,10,3.6,,,10,4.2,10,7.4,10,6.8,10,1134,10
2008-02-04T12:00+00:00,5917,440,0,133,10,137,10,9.6,10,15.2,10,988.5,10,,,76,10,0.0,10,0,10,,,1.0,10,4.0,,,10,3.7,,,10,4.2,10,9.2,10,12.3,10,1225,10
2008-02-04T13:00+00:00,5917,303,0,142,10,135,10,9.1,10,16.4,10,987.1,10,,,74,10,0.0,10,0,10,,,1.0,10,4.2,,,10,3.8,,,10,4.2,10,9.6,10,10.6,10,1308,10
2008-02-04T14:00+00:00,5917,172,0,152,10,149,10,10.8,10,17.5,10,987.3,10,,,74,10,0.0,10,0,10,,,0.6,10,4.2,,,10,3.8,,,10,4.2,10,9.0,10,9.4,10,1406,10
2008-02-04T15:00+00:00,5917,93,0,158,10,173,10,8.9,10,15.0,10,986.8,10,,,74,10,0.0,10,0,10,,,0.1,10,4.3,,,10,3.9,,,10,4.2,10,8.8,10,8.6,10,1545,10
2008-02-04T16:00+00:00,5917,22,0,158,10,164,10,8.1,10,13.6,10,986.7,10,,,74,10,0.0,10,0,10,,,0.0,10,4.3,,,10,4.0,,,10,4.2,10,8.6,10,7.8,10,1605,10
2008-02-04T17:00+00:00,5917,0,0,152,10,169,10,6.4,10,11.0,10,986.8,10,,,75,10,0.0,10,0,10,,,0.0,10,4.3,,,10,4.1,,,10,4.2,10,8.3,10,7.1,10,1701,10
2008-02-04T18:00+00:00,5917,0,0,144,10,146,10,5.1,10,8.9,10,987.1,10,,,81,10,0.0,10,0,10,,,0.0,10,4.3,,,10,4.2,,,10,4.2,10,7.0,10,5.6,10,1802,10
2008-02-04T19:00+00:00,5917,0,0,143,10,147,10,4.6,10,6.9,10,987.5,10,,,82,10,0.0,10,0,10,,,0.0,10,4.3,,,10,4.2,,,10,4.2,10,6.6,10,5.0,10,1921,10
2008-02-04T20:00+00:00,5917,0,0,152,10,143,10,3.7,10,6.5,10,987.8,10,,,82,10,0.0,10,0,10,,,0.0,10,4.3,,,10,4.2,,,10,4.2,10,6.1,10,3.8,10,2014,10
2008-02-04T21:00+00:00,5917,0,0,198,10,208,10,1.2,10,2.8,10,988.5,10,,,81,10,0.0,10,0,10,,,0.0,10,4.2,,,10,4.2,,,10,4.3,10,6.0,10,2.6,10,2141,10
2008-02-04T22:00+00:00,5917,0,0,209,10,215,10,0.8,10,2.6,10,989.5,10,,,83,10,0.0,10,0,10,,,0.0,10,4.1,,,10,4.2,,,10,4.3,10,5.3,10,1.2,10,2214,10
2008-02-04T23:00+00:00,5917,0,0,298,10,292,10,2.5,10,6.3,10,990.4,10,,,89,10,0.0,10,0,10,,,0.0,10,4.1,,,10,4.2,,,10,4.3,10,4.5,10,2.2,10,2353,10
2008-02-05T00:00+00:00,5917,0,0,321,10,304,10,3.0,10,6.2,10,991.1,10,,,65,10,0.0,10,0,10,,,0.0,10,4.0,,,10,4.2,,,10,4.3,10,8.1,10,2.9,10,14,10
2008-02-05T01:00+00:00,5917,0,0,285,10,289,10,3.9,10,8.2,10,992.2,10,,,65,10,0.0,10,0,10,,,0.0,10,4.1,,,10,4.2,,,10,4.3,10,7.2,10,5.7,10,134,10
2008-02-05T02:00+00:00,5917,0,0,298,10,292,10,4.1,10,9.5,10,992.9,10,,,66,10,0.0,10,0,10,,,0.0,10,4.0,,,10,4.2,,,10,4.3,10,6.7,10,4.9,10,258,10
2008-02-05T03:00+00:00,5917,0,0,290,10,284,10,4.1,10,8.4,10,993.5,10,,,69,10,0.0,10,0,10,,,0.0,10,4.0,,,10,4.2,,,10,4.4,10,6.1,10,4.4,10,311,10
2008-02-05T04:00+00:00,5917,0,0,290,10,302,10,3.8,10,7.2,10,994.6,10,,,73,10,0.0,10,0,10,,,0.0,10,4.0,,,10,4.2,,,10,4.4,10,5.8,10,3.9,10,455,10
2008-02-05T05:00+00:00,5917,0,0,298,10,305,10,4.2,10,8.2,10,995.3,10,,,78,10,0.0,10,0,10,,,0.0,10,4.0,,,10,4.2,,,10,4.4,10,5.4,10,4.2,10,539,10
2008-02-05T06:00+00:00,5917,0,0,305,10,313,10,3.4,10,7.0,10,996.6,10,,,82,10,0.0,10,0,10,,,0.0,10,3.9,,,10,4.1,,,10,4.4,10,4.9,10,3.5,10,626,10
2008-02-05T07:00+00:00,5917,15,0,301,10,299,10,3.7,10,7.4,10,997.7,10,,,83,10,0.0,10,0,10,,,0.0,10,3.9,,,10,4.1,,,10,4.4,10,5.1,10,3.5,10,750,10
2008-02-05T08:00+00:00,5917,63,0,303,10,310,10,3.6,10,7.3,10,998.1,10,,,83,10,0.0,10,0,10,,,0.0,10,3.9,,,10,4.1,,,10,4.4,10,5.6,10,4.4,10,846,10
2008-02-05T09:00+00:00,5917,109,0,301,10,320,10,3.1,10,6.3,10,998.6,10,,,81,10,0.0,10,0,10,,,0.0,10,4.0,,,10,4.1,,,10,4.4,10,6.7,10,5.7,10,910,10
2008-02-05T10:00+00:00,5917,211,0,307,10,317,10,3.5,10,8.1,10,999.1,10,,,77,10,0.0,10,0,10,,,0.2,10,4.1,,,10,4.1,,,10,4.4,10,7.4,10,8.0,10,1019,10
2008-02-05T11:00+00:00,5917,229,0,300,10,302,10,2.8,10,6.3,10,998.9,10,,,74,10,0.0,10,0,10,,,0.0,10,4.2,,,10,4.1,,,10,4.4,10,7.9,10,9.8,10,1106,10
2008-02-05T12:00+00:00,5917,301,0,306,10,298,10,2.8,10,6.7,10,998.6,10,,,69,10,0.0,10,0,10,,,0.5,10,4.4,,,10,4.2,,,10,4.4,10,8.6,10,10.0,10,1212,10
2008-02-05T13:00+00:00,5917,245,0,311,10,315,10,2.8,10,6.3,10,998.6,10,,,67,10,0.0,10,0,10,,,0.4,10,4.6,,,10,4.2,,,10,4.4,10,8.8,10,10.5,10,1325,10
2008-02-05T14:00+00:00,5917,151,0,306,10,324,10,2.5,10,5.8,10,998.7,10,,,69,10,0.0,10,0,10,,,0.1,10,4.6,,,10,4.3,,,10,4.4,10,8.7,10,9.8,10,1404,10
2008-02-05T15:00+00:00,5917,145,0,315,10,318,10,1.5,10,3.7,10,998.6,10,,,66,10,0.0,10,0,10,,,0.4,10,4.7,,,10,4.4,,,10,4.4,10,9.1,10,10.1,10,1539,10
2008-02-05T16:00+00:00,5917,19,0,339,10,336,10,1.1,10,2.3,10,999.0,10,,,71,10,0.0,10,0,10,,,0.1,10,4.7,,,10,4.4,,,10,4.4,10,7.5,10,2.8,10,1603,10
2008-02-05T17:00+00:00,5917,0,0,16,10,18,10,1.1,10,2.0,10,999.5,10,,,73,10,0.0,10,0,10,,,0.0,10,4.6,,,10,4.5,,,10,4.4,10,6.8,10,1.8,10,1723,10
2008-02-05T18:00+00:00,5917,0,0,95,10,46,10,0.1,10,1.5,10,999.8,10,,,77,10,0.0,10,0,10,,,0.0,10,4.5,,,10,4.5,,,10,4.4,10,6.1,10,-0.3,10,1802,10
2008-02-05T19:00+00:00,5917,0,0,205,10,209,10,2.1,10,3.3,10,999.6,10,,,84,10,0.0,10,0,10,,,0.0,10,4.4,,,10,4.5,,,10,4.4,10,4.2,10,0.8,10,1947,10
2008-02-05T20:00+00:00,5917,0,0,186,10,200,10,2.4,10,3.1,10,999.5,10,,,91,10,0.0,10,0,10,,,0.0,10,4.3,,,10,4.5,,,10,4.5,10,3.1,10,0.1,10,2013,10
2008-02-05T21:00+00:00,5917,0,0,190,10,187,10,2.1,10,3.3,10,999.6,10,,,92,10,0.0,10,0,10,,,0.0,10,4.2,,,10,4.5,,,10,4.5,10,2.7,10,0.0,10,2102,10
2008-02-05T22:00+00:00,5917,0,0,180,10,184,10,2.2,10,3.8,10,999.5,10,,,95,10,0.0,10,0,10,,,0.0,10,4.0,,,10,4.4,,,10,4.5,10,1.8,10,-0.9,10,2228,10
2008-02-05T23:00+00:00,5917,0,0,188,10,160,10,1.7,10,3.1,10,998.7,10,,,95,10,0.0,10,0,10,,,0.0,10,4.0,,,10,4.4,,,10,4.5,10,1.7,10,-1.2,10,2350,10
2008-02-06T00:00+00:00,5917,0,0,176,10,167,10,2.7,10,5.4,10,998.5,10,,,95,10,0.0,10,0,10,,,0.0,10,3.9,,,10,4.3,,,10,4.5,10,1.8,10,1.0,10,43,10
2008-02-06T01:00+00:00,5917,0,0,195,10,186,10,2.2,10,3.6,10,998.0,10,,,95,10,0.0,10,0,10,,,0.0,10,3.9,,,10,4.3,,,10,4.5,10,1.8,10,1.0,10,133,10
2008-02-06T02:00+00:00,5917,0,0,193,10,171,10,2.0,10,3.6,10,997.5,10,,,93,10,0.0,10,0,10,,,0.0,10,3.8,,,10,4.3,,,10,4.5,10,2.1,10,1.4,10,215,10
2008-02-06T03:00+00:00,5917,0,0,183,10,165,10,1.8,10,3.5,10,997.4,10,,,94,10,0.0,10,0,10,,,0.0,10,3.8,,,10,4.2,,,10,4.5,10,1.6,10,0.2,10,326,10
2008-02-06T04:00+00:00,5917,0,0,218,10,251,10,1.1,10,2.7,10,997.3,10,,,93,10,0.0,10,0,10,,,0.0,10,3.7,,,10,4.2,,,10,4.5,10,1.8,10,0.4,10,500,10
2008-02-06T05:00+00:00,5917,0,0,224,10,200,10,1.7,10,3.6,10,997.0,10,,,94,10,0.0,10,0,10,,,0.0,10,3.7,,,10,4.1,,,10,4.5,10,1.7,10,0.4,10,509,10
2008-02-06T06:00+00:00,5917,0,0,202,10,190,10,1.6,10,3.8,10,997.4,10,,,96,10,0.0,10,0,10,,,0.0,10,3.6,,,10,4.1,,,10,4.5,10,1.7,10,-0.6,10,656,10
2008-02-06T07:00+00:00,5917,13,0,188,10,139,10,1.1,10,4.1,10,997.5,10,,,96,10,0.0,10,0,10,,,0.0,10,3.6,,,10,4.1,,,10,4.5,10,1.8,10,-0.4,10,713,10
2008-02-06T08:00+00:00,5917,46,0,189,10,160,10,1.4,10,4.0,10,997.4,10,,,92,10,0.0,10,0,10,,,0.1,10,3.6,,,10,4.0,,,10,4.5,10,3.2,10,1.5,10,833,10
2008-02-06T09:00+00:00,5917,34,0,207,10,258,10,1.4,10,4.9,10,997.8,10,,,91,10,0.0,10,7,10,,,0.0,10,3.6,,,10,4.0,,,10,4.5,10,3.6,10,3.6,10,905,10
2008-02-06T10:00+00:00,5917,57,0,144,10,297,10,1.5,10,6.3,10,997.6,10,,,88,10,0.0,10,2,10,,,0.0,10,3.7,,,10,4.0,,,10,4.5,10,5.2,10,3.7,10,1011,10
2008-02-06T11:00+00:00,5917,76,0,129,10,145,10,2.0,10,3.6,10,996.7,10,,,80,10,0.0,10,0,10,,,0.0,10,3.8,,,10,4.0,,,10,4.5,10,7.4,10,5.6,10,1146,10
2008-02-06T12:00+00:00,5917,84,0,165,10,172,10,1.9,10,4.0,10,996.4,10,,,81,10,0.0,10,0,10,,,0.0,10,3.9,,,10,4.0,,,10,4.5,10,7.7,10,8.0,10,1242,10
2008-02-06T13:00+00:00,5917,101,0,229,10,253,10,3.4,10,12.7,10,996.0,10,,,67,10,0.0,10,0,10,,,0.0,10,4.1,,,10,4.0,,,10,4.4,10,10.7,10,8.9,10,1334,10
2008-02-06T14:00+00:00,5917,104,0,224,10,222,10,4.8,10,11.3,10,996.0,10,,,59,10,0.0,10,0,10,,,0.1,10,4.3,,,10,4.1,,,10,4.4,10,12.1,10,10.8,10,1428,10
2008-02-06T15:00+00:00,5917,72,0,252,10,238,10,5.2,10,13.9,10,996.9,10,,,67,10,0.0,10,8,10,,,0.1,10,4.4,,,10,4.2,,,10,4.4,10,11.3,10,9.9,10,1535,10
2008-02-06T16:00+00:00,5917,58,0,260,10,277,10,4.2,10,7.6,10,997.3,10,,,68,10,0.0,10,0,10,,,0.6,10,4.5,,,10,4.2,,,10,4.4,10,10.1,10,8.4,10,1659,10
2008-02-06T17:00+00:00,5917,0,0,275,10,289,10,4.4,10,8.6,10,998.1,10,,,71,10,0.0,10,0,10,,,0.0,10,4.5,,,10,4.3,,,10,4.4,10,9.4,10,7.3,10,1725,10
2008-02-06T18:00+00:00,5917,0,0,278,10,306,10,5.2,10,13.8,10,998.5,10,,,70,10,0.0,10,0,10,,,0.0,10,4.5,,,10,4.3,,,10,4.4,10,9.5,10,7.4,10,1847,10
2008-02-06T19:00+00:00,5917,0,0,278,10,282,10,7.5,10,13.6,10,998.2,10,,,68,10,0.0,10,0,10,,,0.0,10,4.6,,,10,4.4,,,10,4.5,10,9.5,10,8.2,10,1922,10
2008-02-06T20:00+00:00,5917,0,0,282,10,302,10,7.7,10,15.1,10,998.6,10,,,66,10,0.0,10,0,10,,,0.0,10,4.6,,,10,4.4,,,10,4.5,10,9.8,10,8.2,10,2055,10
2008-02-06T21:00+00:00,5917,0,0,283,10,294,10,8.3,10,15.6,10,998.8,10,,,71,10,0.0,10,0,10,,,0.0,10,4.6,,,10,4.4,,,10,4.5,10,8.6,10,7.4,10,2105,10
2008-02-06T22:00+00:00,5917,0,0,286,10,286,10,7.1,10,14.4,10,999.1,10,,,71,10,0.0,10,0,10,,,0.0,10,4.6,,,10,4.5,,,10,4.5,10,8.6,10,6.9,10,2254,10
2008-02-06T23:00+00:00,5917,0,0,285,10,286,10,8.7,10,15.5,10,999.5,10,,,76,10,0.0,10,0,10,,,0.0,10,4.6,,,10,4.5,,,10,4.5,10,7.9,10,7.1,10,2343,10
2008-02-07T00:00+00:00,5917,0,0,285,10,295,10,8.6,10,16.9,10,1000.0,10,,,75,10,0.0,10,0,10,,,0.0,10,4.6,,,10,4.5,,,10,4.5,10,8.2,10,7.0,10,59,10
2008-02-07T01:00+00:00,5917,0,0,288,10,283,10,7.9,10,13.7,10,1000.5,10,,,82,10,0.0,10,6,10,,,0.0,10,4.6,,,10,4.5,,,10,4.6,10,7.5,10,6.0,10,116,10
2008-02-07T02:00+00:00,5917,0,0,295,10,330,10,7.5,10,16.0,10,1002.2,10,,,84,10,0.4,10,52,10,,,0.0,10,4.6,,,10,4.5,,,10,4.6,10,6.8,10,5.2,10,256,10
2008-02-07T03:00+00:00,5917,0,0,320,10,323,10,7.2,10,16.5,10,1003.2,10,,,77,10,0.0,10,6,10,,,0.0,10,4.6,,,10,4.6,,,10,4.6,10,6.2,10,4.4,10,342,10
2008-02-07T04:00+00:00,5917,0,0,308,10,309,10,5.6,10,12.8,10,1003.8,10,,,76,10,0.0,10,0,10,,,0.0,10,4.5,,,10,4.6,,,10,4.6,10,5.7,10,4.0,10,458,10
2008-02-07T05:00+00:00,5917,0,0,308,10,320,10,6.9,10,15.8,10,1004.8,10,,,79,10,0.0,10,0,10,,,0.0,10,4.5,,,10,4.6,,,10,4.6,10,5.4,10,4.0,10,512,10
2008-02-07T06:00+00:00,5917,0,0,308,10,307,10,5.4,10,12.8,10,1005.7,10,,,78,10,0.0,10,0,10,,,0.0,10,4.4,,,10,4.6,,,10,4.6,10,5.6,10,3.9,10,621,10
2008-02-07T07:00+00:00,5917,24,0,318,10,329,10,6.6,10,14.9,10,1007.3,10,,,72,10,0.0,10,0,10,,,0.3,10,4.4,,,10,4.5,,,10,4.6,10,5.3,10,4.4,10,753,10
2008-02-07T08:00+00:00,5917,131,0,318,10,326,10,6.6,10,13.1,10,1007.5,10,,,67,10,0.0,10,0,10,,,0.9,10,4.4,,,10,4.5,,,10,4.6,10,5.4,10,4.8,10,815,10
2008-02-07T09:00+00:00,5917,268,0,310,10,318,10,7.0,10,15.7,10,1007.9,10,,,70,10,0.0,10,0,10,,,1.0,10,4.4,,,10,4.5,,,10,4.6,10,5.8,10,5.9,10,918,10
2008-02-07T10:00+00:00,5917,319,0,308,10,302,10,7.5,10,15.4,10,1008.5,10,,,60,10,0.0,10,0,10,,,0.8,10,4.4,,,10,4.5,,,10,4.6,10,6.1,10,5.6,10,1005,10
2008-02-07T11:00+00:00,5917,236,0,310,10,325,10,7.1,10,17.3,10,1008.9,10,,,59,10,0.0,10,0,10,,,0.3,10,4.4,,,10,4.5,,,10,4.6,10,6.1,10,6.4,10,1134,10
2008-02-07T12:00+00:00,5917,303,0,316,10,344,10,7.4,10,16.3,10,1009.1,10,,,55,10,0.0,10,0,10,,,0.3,10,4.5,,,10,4.5,,,10,4.6,10,6.0,10,6.9,10,1255,10
2008-02-07T13:00+00:00,5917,353,0,322,10,325,10,8.2,10,16.2,10,1009.0,10,,,51,10,0.0,10,0,10,,,0.7,10,4.6,,,10,4.5,,,10,4.6,10,6.6,10,7.1,10,1305,10
2008-02-07T14:00+00:00,5917,303,0,329,10,343,10,8.4,10,16.3,10,1009.2,10,,,50,10,0.0,10,0,10,,,0.8,10,4.6,,,10,4.5,,,10,4.6,10,6.7,10,6.9,10,1435,10
2008-02-07T15:00+00:00,5917,143,0,318,10,333,10,7.3,10,16.7,10,1009.9,10,,,48,10,0.0,10,0,10,,,0.3,10,4.6,,,10,4.5,,,10,4.7,10,6.2,10,6.6,10,1520,10
2008-02-07T16:00+00:00,5917,27,0,312,10,329,10,6.0,10,13.5,10,1010.1,10,,,50,10,0.0,10,0,10,,,0.1,10,4.6,,,10,4.6,,,10,4.7,10,5.5,10,4.5,10,1610,10
2008-02-07T17:00+00:00,5917,0,0,308,10,305,10,5.4,10,12.8,10,1010.5,10,,,52,10,0.0,10,0,10,,,0.0,10,4.5,,,10,4.6,,,10,4.7,10,5.4,10,4.3,10,1754,10
2008-02-07T18:00+00:00,5917,0,0,307,10,306,10,5.4,10,11.3,10,1011.3,10,,,52,10,0.0,10,0,10,,,0.0,10,4.4,,,10,4.6,,,10,4.7,10,5.5,10,4.0,10,1815,10
2008-02-07T19:00+00:00,5917,0,0,306,10,300,10,5.1,10,12.3,10,1011.8,10,,,53,10,0.0,10,0,10,,,0.0,10,4.4,,,10,4.6,,,10,4.7,10,5.4,10,4.8,10,1955,10
2008-02-07T20:00+00:00,5917,0,0,309,10,318,10,5.1,10,12.9,10,1012.5,10,,,55,10,0.0,10,0,10,,,0.0,10,4.4,,,10,4.6,,,10,4.7,10,5.4,10,4.7,10,2026,10
2008-02-07T21:00+00:00,5917,0,0,305,10,299,10,5.6,10,12.8,10,1012.5,10,,,56,10,0.0,10,0,10,,,0.0,10,4.4,,,10,4.6,,,10,4.7,10,5.3,10,4.8,10,2124,10
2008-02-07T22:00+00:00,5917,0,0,305,10,311,10,5.9,10,12.2,10,1012.4,10,,,57,10,0.0,10,0,10,,,0.0,10,4.3,,,10,4.5,,,10,4.7,10,5.2,10,4.7,10,2210,10
2008-02-07T23:00+00:00,5917,0,0,306,10,305,10,6.1,10,12.5,10,1012.9,10,,,59,10,0.0,10,0,10,,,0.0,10,4.3,,,10,4.5,,,10,4.7,10,5.0,10,4.7,10,2323,10
2008-02-08T00:00+00:00,5917,0,0,305,10,311,10,5.7,10,12.3,10,1013.3,10,,,61,10,0.0,10,0,10,,,0.0,10,4.3,,,10,4.5,,,10,4.7,10,4.7,10,4.3,10,16,10
2008-02-08T01:00+00:00,5917,0,0,306,10,319,10,5.3,10,12.5,10,1013.4,10,,,63,10,0.0,10,0,10,,,0.0,10,4.3,,,10,4.5,,,10,4.7,10,4.5,10,4.1,10,151,10
2008-02-08T02:00+00:00,5917,0,0,305,10,302,10,4.7,10,10.7,10,1013.2,10,,,64,10,0.0,10,0,10,,,0.0,10,4.2,,,10,4.5,,,10,4.7,10,4.2,10,3.8,10,202,10
2008-02-08T03:00+00:00,5917,0,0,302,10,298,10,6.0,10,14.2,10,1013.7,10,,,66,10,0.0,10,0,10,,,0.0,10,4.2,,,10,4.4,,,10,4.7,10,4.0,10,3.6,10,321,10
2008-02-08T04:00+00:00,5917,0,0,312,10,317,10,4.3,10,10.1,10,1014.1,10,,,68,10,0.0,10,0,10,,,0.0,10,4.2,,,10,4.4,,,10,4.7,10,3.6,10,3.3,10,403,10
2008-02-08T05:00+00:00,5917,0,0,310,10,306,10,3.3,10,9.5,10,1014.2,10,,,71,10,0.0,10,0,10,,,0.0,10,4.1,,,10,4.4,,,10,4.7,10,3.1,10,2.0,10,519,10
2008-02-08T06:00+00:00,5917,0,0,308,10,301,10,3.3,10,7.4,10,1014.5,10,,,72,10,0.0,10,0,10,,,0.0,10,4.0,,,10,4.4,,,10,4.7,10,3.0,10,2.0,10,626,10
2008-02-08T07:00+00:00,5917,10,0,303,10,305,10,5.2,10,9.3,10,1014.7,10,,,74,10,0.0,10,0,10,,,0.0,10,4.0,,,10,4.4,,,10,4.7,10,2.6,10,2.1,10,755,10
2008-02-08T08:00+00:00,5917,102,0,305,10,306,10,5.0,10,11.0,10,1014.9,10,,,73,10,0.0,10,0,10,,,0.2,10,4.0,,,10,4.3,,,10,4.7,10,3.5,10,2.3,10,833,10
2008-02-08T09:00+00:00,5917,372,0,305,10,302,10,5.2,10,11.0,10,1014.9,10,,,69,10,0.0,10,0,10,,,1.0,10,4.1,,,10,4.3,,,10,4.7,10,4.8,10,5.0,10,936,10
2008-02-08T10:00+00:00,5917,265,0,307,10,307,10,4.4,10,10.3,10,1015.2,10,,,67,10,0.0,10,0,10,,,0.4,10,4.2,,,10,4.3,,,10,4.7,10,5.2,10,6.0,10,1002,10
2008-02-08T11:00+00:00,5917,457,0,314,10,321,10,4.1,10,10.2,10,1014.8,10,,,65,10,0.0,10,0,10,,,1.0,10,4.4,,,10,4.3,,,10,4.7,10,5.9,10,8.3,10,1158,10
2008-02-08T12:00+00:00,5917,398,0,325,10,316,10,5.1,10,10.5,10,1014.3,10,,,62,10,0.0,10,0,10,,,0.9,10,4.5,,,10,4.3,,,10,4.7,10,6.7,10,8.0,10,1242,10
2008-02-08T13:00+00:00,5917,297,0,320,10,324,10,4.5,10,9.9,10,1014.0,10,,,61,10,0.0,10,0,10,,,0.6,10,4.6,,,10,4.4,,,10,4.6,10,6.9,10,7.9,10,1314,10
2008-02-08T14:00+00:00,5917,76,0,333,10,350,10,4.9,10,9.1,10,1013.7,10,,,58,10,0.0,10,0,10,,,0.0,10,4.6,,,10,4.4,,,10,4.6,10,6.8,10,6.9,10,1430,10
2008-02-08T15:00+00:00,5917,48,0,351,10,339,10,4.4,10,8.0,10,1013.8,10,,,60,10,0.0,10,0,10,,,0.0,10,4.6,,,10,4.5,,,10,4.6,10,6.7,10,5.9,10,1531,10
2008-02-08T16:00+00:00,5917,18,0,12,10,355,10,3.0,10,5.9,10,1014.0,10,,,62,10,0.0,10,0,10,,,0.0,10,4.5,,,10,4.5,,,10,4.6,10,5.5,10,3.1,10,1618,10
2008-02-08T17:00+00:00,5917,0,0,13,10,24,10,2.3,10,4.7,10,1014.3,10,,,66,10,0.0,10,0,10,,,0.0,10,4.4,,,10,4.6,,,10,4.7,10,4.8,10,1.4,10,1702,10
2008-02-08T18:00+00:00,5917,0,0,357,10,23,10,1.7,10,2.8,10,1014.3,10,,,70,10,0.0,10,0,10,,,0.0,10,4.4,,,10,4.6,,,10,4.7,10,4.2,10,0.8,10,1832,10
2008-02-08T19:00+00:00,5917,0,0,349,10,24,10,2.1,10,3.8,10,1014.3,10,,,71,10,0.0,10,0,10,,,0.0,10,4.3,,,10,4.6,,,10,4.7,10,3.9,10,-0.1,10,1941,10
2008-02-08T20:00+00:00,5917,0,0,313,10,300,10,1.8,10,3.2,10,1014.3,10,,,77,10,0.0,10,0,10,,,0.0,10,4.2,,,10,4.5,,,10,4.7,10,2.1,10,-1.0,10,2044,10
2008-02-08T21:00+00:00,5917,0,0,293,10,293,10,2.5,10,3.8,10,1014.4,10,,,82,10,0.0,10,0,10,,,0.0,10,4.0,,,10,4.5,,,10,4.7,10,1.3,10,-1.2,10,2138,10
2008-02-08T22:00+00:00,5917,0,0,294,10,294,10,2.7,10,3.8,10,1014.2,10,,,83,10,0.0,10,0,10,,,0.0,10,3.9,,,10,4.4,,,10,4.7,10,1.1,10,-1.6,10,2235,10
2008-02-08T23:00+00:00,5917,0,0,293,10,300,10,2.4,10,3.2,10,1014.2,10,,,84,10,0.0,10,0,10,,,0.0,10,3.8,,,10,4.4,,,10,4.7,10,0.4,10,-1.8,10,2313,10
2008-02-09T00:00+00:00,5917,0,0,287,10,304,10,2.9,10,4.3,10,1014.1,10,,,83,10,0.0,10,0,10,,,0.0,10,3.7,,,10,4.3,,,10,4.7,10,0.3,10,-1.8,10,56,10
2008-02-09T01:00+00:00,5917,0,0,309,10,299,10,1.9,10,3.8,10,1014.2,10,,,82,10,0.0,10,0,10,,,0.0,10,3.6,,,10,4.3,,,10,4.7,10,0.4,10,-4.3,10,101,10
2008-02-09T02:00+00:00,5917,0,0,303,10,305,10,1.6,10,2.7,10,1014.0,10,,,83,10,0.0,10,0,10,,,0.0,10,3.5,,,10,4.2,,,10,4.7,10,0.0,10,-5.2,10,259,10
2008-02-09T03:00+00:00,5917,0,0,296,10,307,10,2.0,10,2.8,10,1013.8,10,,,82,10,0.0,10,0,10,,,0.0,10,3.5,,,10,4.2,,,10,4.7,10,0.3,10,-1.5,10,301,10
2008-02-09T04:00+00:00,5917,0,0,291,10,292,10,2.4,10,3.4,10,1014.0,10,,,82,10,0.0,10,0,10,,,0.0,10,3.4,,,10,4.1,,,10,4.7,10,0.1,10,-1.4,10,407,10
2008-02-09T05:00+00:00,5917,0,0,287,10,288,10,1.5,10,2.9,10,1013.7,10,,,83,10,0.0,10,0,10,,,0.0,10,3.4,,,10,4.0,,,10,4.6,10,0.0,10,-1.5,10,508,10
2008-02-09T06:00+00:00,5917,0,0,268,10,250,10,0.8,10,1.6,10,1014.1,10,,,89,10,0.0,10,0,10,,,0.0,10,3.3,,,10,4.0,,,10,4.6,10,-1.5,10,-4.3,10,607,10
2008-02-09T07:00+00:00,5917,25,0,248,10,264,10,1.3,10,2.1,10,1014.2,10,,,87,10,0.0,10,0,10,,,0.4,10,3.2,,,10,4.0,,,10,4.6,10,-0.5,10,-5.0,10,736,10
2008-02-09T08:00+00:00,5917,114,0,237,10,257,10,1.0,10,1.7,10,1014.4,10,,,86,10,0.0,10,0,10,,,0.9,10,3.2,,,10,3.9,,,10,4.6,10,0.6,10,-1.8,10,825,10
2008-02-09T09:00+00:00,5917,254,0,360,10,69,10,0.2,10,2.1,10,1014.5,10,,,80,10,0.0,10,0,10,,,1.0,10,3.4,,,10,3.9,,,10,4.6,10,3.0,10,3.2,10,953,10
2008-02-09T10:00+00:00,5917,303,0,64,10,27,10,0.8,10,2.5,10,1014.4,10,,,76,10,0.0,10,0,10,,,1.0,10,3.6,,,10,3.8,,,10,4.6,10,5.0,10,8.4,10,1050,10
2008-02-09T11:00+00:00,5917,332,0,17,10,335,10,2.0,10,4.8,10,1013.7,10,,,70,10,0.0,10,0,10,,,0.7,10,3.7,,,10,3.8,,,10,4.5,10,5.6,10,10.0,10,1145,10
2008-02-09T12:00+00:00,5917,440,0,14,10,7,10,2.8,10,5.8,10,1013.2,10,,,66,10,0.0,10,0,10,,,1.0,10,3.9,,,10,3.8,,,10,4.5,10,6.4,10,10.5,10,1255,10
2008-02-09T13:00+00:00,5917,387,0,11,10,28,10,3.6,10,6.8,10,1012.7,10,,,66,10,0.0,10,0,10,,,1.0,10,4.0,,,10,3.9,,,10,4.5,10,6.7,10,10.6,10,1346,10
2008-02-09T14:00+00:00,5917,295,0,5,10,22,10,3.7,10,6.3,10,1012.7,10,,,67,10,0.0,10,0,10,,,1.0,10,4.1,,,10,3.9,,,10,4.5,10,7.0,10,9.1,10,1420,10
2008-02-09T15:00+00:00,5917,167,0,23,10,47,10,3.2,10,6.4,10,1012.7,10,,,70,10,0.0,10,0,10,,,0.3,10,4.2,,,10,4.0,,,10,4.5,10,5.7,10,5.1,10,1528,10
2008-02-09T16:00+00:00,5917,22,0,29,10,14,10,2.7,10,5.5,10,1013.1,10,,,75,10,0.0,10,0,10,,,0.0,10,4.1,,,10,4.1,,,10,4.4,10,4.5,10,1.7,10,1700,10
2008-02-09T17:00+00:00,5917,0,0,20,10,31,10,2.0,10,4.0,10,1013.2,10,,,79,10,0.0,10,0,10,,,0.0,10,4.0,,,10,4.1,,,10,4.4,10,3.5,10,-2.0,10,1707,10
2008-02-09T18:00+00:00,5917,0,0,360,10,1,10,1.5,10,2.5,10,1013.3,10,,,81,10,0.0,10,0,10,,,0.0,10,3.9,,,10,4.2,,,10,4.4,10,3.0,10,-2.3,10,1820,10
2008-02-09T19:00+00:00,5917,0,0,320,10,284,10,1.6,10,2.9,10,1013.3,10,,,83,10,0.0,10,0,10,,,0.0,10,3.8,,,10,4.2,,,10,4.5,10,3.1,10,-1.1,10,1957,10
2008-02-09T20:00+00:00,5917,0,0,290,10,293,10,2.2,10,3.1,10,1013.1,10,,,83,10,0.0,10,0,10,,,0.0,10,3.8,,,10,4.2,,,10,4.5,10,2.9,10,1.7,10,2008,10
2008-02-09T21:00+00:00,5917,0,0,274,10,299,10,1.7,10,3.3,10,1013.2,10,,,87,10,0.0,10,0,10,,,0.0,10,3.8,,,10,4.2,,,10,4.5,10,2.1,10,-0.7,10,2102,10
2008-02-09T22:00+00:00,5917,0,0,273,10,296,10,1.6,10,2.2,10,1013.2,10,,,87,10,0.0,10,0,10,,,0.0,10,3.6,,,10,4.1,,,10,4.5,10,1.9,10,-0.8,10,2236,10
2008-02-09T23:00+00:00,5917,0,0,288,10,297,10,1.6,10,2.6,10,1013.1,10,,,90,10,0.0,10,0,10,,,0.0,10,3.6,,,10,4.1,,,10,4.5,10,1.0,10,-2.5,10,2348,10
2008-02-10T00:00+00:00,5917,0,0,301,10,291,10,1.9,10,3.0,10,1012.7,10,,,94,10,0.0,10,0,10,,,0.0,10,3.5,,,10,4.0,,,10,4.5,10,0.3,10,-4.1,10,26,10
2008-02-10T01:00+00:00,5917,0,0,296,10,301,10,2.0,10,2.7,10,1012.7,10,,,94,10,0.0,10,0,10,,,0.0,10,3.4,,,10,4.0,,,10,4.5,10,-0.1,10,-3.4,10,140,10
2008-02-10T02:00+00:00,5917,0,0,304,10,314,10,1.3,10,2.3,10,1012.4,10,,,95,10,0.0,10,0,10,,,0.0,10,3.3,,,10,4.0,,,10,4.5,10,-0.5,10,-5.9,10,217,10
2008-02-10T03:00+00:00,5917,0,0,290,10,305,10,0.7,10,1.2,10,1012.4,10,,,97,10,0.0,10,0,10,,,0.0,10,3.2,,,10,3.9,,,10,4.5,10,-1.5,10,-6.0,10,315,10
2008-02-10T04:00+00:00,5917,0,0,286,10,302,10,1.3,10,2.4,10,1012.3,10,,,98,10,0.0,10,0,10,,,0.0,10,3.1,,,10,3.9,,,10,4.5,10,-1.8,10,-6.2,10,456,10
2008-02-10T05:00+00:00,5917,0,0,282,10,304,10,1.2,10,2.3,10,1012.3,10,,,98,10,0.0,10,0,10,,,0.0,10,3.0,,,10,3.8,,,10,4.5,10,-2.1,10,-6.6,10,511,10
2008-02-10T06:00+00:00,5917,0,0,222,10,212,10,1.5,10,2.6,10,1012.0,10,,,98,10,0.0,10,0,10,,,0.0,10,3.0,,,10,3.8,,,10,4.4,10,-2.7,10,-5.5,10,644,10
2008-02-10T07:00+00:00,5917,24,0,284,10,284,10,1.6,10,2.5,10,1012.4,10,,,98,10,0.0,10,0,10,,,0.3,10,2.9,,,10,3.7,,,10,4.4,10,-2.2,10,-5.2,10,726,10
2008-02-10T08:00+00:00,5917,119,0,351,10,350,10,0.9,10,2.4,10,1012.7,10,,,93,10,0.0,10,0,10,,,0.8,10,2.9,,,10,3.7,,,10,4.4,10,0.5,10,-3.8,10,818,10
2008-02-10T09:00+00:00,5917,248,0,30,10,43,10,1.0,10,2.4,10,1012.7,10,,,89,10,0.0,10,0,10,,,1.0,10,3.0,,,10,3.6,,,10,4.4,10,1.7,10,0.7,10,943,10
2008-02-10T10:00+00:00,5917,359,0,355,10,350,10,1.0,10,3.1,10,1012.3,10,,,79,10,0.0,10,0,10,,,1.0,10,3.2,,,10,3.6,,,10,4.4,10,3.2,10,5.0,10,1045,10
2008-02-10T11:00+00:00,5917,419,0,11,10,43,10,0.9,10,4.1,10,1012.3,10,,,70,10,0.0,10,0,10,,,1.0,10,3.5,,,10,3.6,,,10,4.4,10,4.8,10,9.2,10,1157,10
2008-02-10T12:00+00:00,5917,437,0,28,10,44,10,2.8,10,4.8,10,1011.9,10,,,70,10,0.0,10,0,10,,,1.0,10,3.6,,,10,3.5,,,10,4.3,10,4.9,10,11.2,10,1236,10
2008-02-10T13:00+00:00,5917,393,0,23,10,24,10,2.8,10,5.4,10,1011.4,10,,,68,10,0.0,10,0,10,,,1.0,10,3.7,,,10,3.5,,,10,4.3,10,5.3,10,10.1,10,1314,10
2008-02-10T14:00+00:00,5917,295,0,37,10,55,10,3.4,10,5.9,10,1011.5,10,,,65,10,0.0,10,0,10,,,1.0,10,3.7,,,10,3.6,,,10,4.3,10,5.4,10,7.9,10,1442,10
2008-02-10T15:00+00:00,5917,176,0,23,10,30,10,3.0,10,5.3,10,1011.4,10,,,65,10,0.0,10,0,10,,,0.5,10,3.7,,,10,3.6,,,10,4.3,10,5.1,10,6.2,10,1525,10
2008-02-10T16:00+00:00,5917,48,0,22,10,20,10,2.4,10,4.1,10,1011.5,10,,,79,10,0.0,10,0,10,,,0.6,10,3.7,,,10,3.7,,,10,4.3,10,4.0,10,1.2,10,1607,10
2008-02-10T17:00+00:00,5917,0,0,14,10,20,10,1.5,10,3.1,10,1011.9,10,,,84,10,0.0,10,0,10,,,0.0,10,3.5,,,10,3.8,,,10,4.3,10,2.8,10,-3.6,10,1709,10
2008-02-10T18:00+00:00,5917,0,0,334,10,331,10,1.3,10,2.3,10,1012.1,10,,,84,10,0.0,10,0,10,,,0.0,10,3.4,,,10,3.8,,,10,4.3,10,2.2,10,-4.2,10,1851,10
2008-02-10T19:00+00:00,5917,0,0,292,10,293,10,1.9,10,2.7,10,1012.2,10,,,81,10,0.0,10,0,10,,,0.0,10,3.3,,,10,3.8,,,10,4.3,10,1.2,10,-2.5,10,1919,10
2008-02-10T20:00+00:00,5917,0,0,299,10,298,10,2.0,10,2.7,10,1012.3,10,,,83,10,0.0,10,0,10,,,0.0,10,3.3,,,10,3.8,,,10,4.3,10,0.3,10,-2.1,10,2032,10
2008-02-10T21:00+00:00,5917,0,0,328,10,337,10,2.2,10,3.8,10,1012.3,10,,,86,10,0.0,10,0,10,,,0.0,10,3.2,,,10,3.8,,,10,4.3,10,0.0,10,-2.9,10,2116,10
2008-02-10T22:00+00:00,5917,0,0,298,10,306,10,2.4,10,3.7,10,1012.3,10,,,87,10,0.0,10,0,10,,,0.0,10,3.1,,,10,3.8,,,10,4.3,10,-0.3,10,-2.9,10,2300,10
2008-02-10T23:00+00:00,5917,0,0,295,10,302,10,2.6,10,3.3,10,1012.6,10,,,88,10,0.0,10,0,10,,,0.0,10,3.1,,,10,3.7,,,10,4.3,10,-0.4,10,-2.8,10,2351,10
2008-02-11T00:00+00:00,5917,0,0,300,10,304,10,2.7,10,3.6,10,1012.5,10,,,91,10,0.0,10,0,10,,,0.0,10,3.0,,,10,3.7,,,10,4.3,10,-0.7,10,-2.6,10,55,10
2008-02-11T01:00+00:00,5917,0,0,301,10,302,10,1.9,10,3.2,10,1012.7,10,,,93,10,0.0,10,0,10,,,0.0,10,2.9,,,10,3.6,,,10,4.3,10,-1.0,10,-3.5,10,200,10
2008-02-11T02:00+00:00,5917,0,0,301,10,300,10,2.2,10,2.7,10,1012.5,10,,,93,10,0.0,10,0,10,,,0.0,10,2.9,,,10,3.6,,,10,4.3,10,-1.3,10,-3.4,10,300,10
2008-02-11T03:00+00:00,5917,0,0,303,10,309,10,2.3,10,3.0,10,1012.3,10,,,93,10,0.0,10,0,10,,,0.0,10,2.8,,,10,3.5,,,10,4.3,10,-1.3,10,-3.5,10,322,10
2008-02-11T04:00+00:00,5917,0,0,297,10,310,10,2.4,10,3.7,10,1012.3,10,,,94,10,0.0,10,0,10,,,0.0,10,2.8,,,10,3.5,,,10,4.2,10,-1.5,10,-3.7,10,443,10
2008-02-11T05:00+00:00,5917,0,0,301,10,307,10,2.5,10,3.9,10,1012.3,10,,,93,10,0.0,10,0,10,,,0.0,10,2.7,,,10,3.5,,,10,4.2,10,-1.7,10,-3.7,10,515,10
2008-02-11T06:00+00:00,5917,0,0,298,10,296,10,2.2,10,3.2,10,1012.6,10,,,94,10,0.0,10,0,10,,,0.0,10,2.7,,,10,3.4,,,10,4.2,10,-1.8,10,-4.0,10,608,10
2008-02-11T07:00+00:00,5917,22,0,295,10,301,10,2.0,10,3.1,10,1013.0,10,,,94,10,0.0,10,0,10,,,0.2,10,2.6,,,10,3.4,,,10,4.2,10,-1.9,10,-4.0,10,732,10
2008-02-11T08:00+00:00,5917,125,0,269,10,291,10,1.2,10,2.1,10,1012.9,10,,,91,10,0.0,10,0,10,,,0.9,10,2.6,,,10,3.3,,,10,4.2,10,-0.8,10,-2.8,10,900,10
2008-02-11T09:00+00:00,5917,259,0,233,10,208,10,0.4,10,1.7,10,1012.7,10,,,84,10,0.0,10,0,10,,,1.0,10,2.8,,,10,3.3,,,10,4.2,10,2.2,10,1.1,10,939,10
2008-02-11T10:00+00:00,5917,347,0,85,10,67,10,0.8,10,2.2,10,1013.0,10,,,77,10,0.0,10,0,10,,,1.0,10,2.9,,,10,3.3,,,10,4.2,10,3.4,10,6.3,10,1016,10
2008-02-11T11:00+00:00,5917,423,0,68,10,16,10,0.8,10,2.9,10,1012.6,10,,,68,10,0.0,10,0,10,,,1.0,10,3.2,,,10,3.2,,,10,4.1,10,4.5,10,9.9,10,1143,10
2008-02-11T12:00+00:00,5917,410,0,58,10,51,10,1.2,10,3.9,10,1012.3,10,,,64,10,0.0,10,0,10,,,1.0,10,3.3,,,10,3.2,,,10,4.1,10,5.0,10,12.4,10,1242,10
2008-02-11T13:00+00:00,5917,332,0,84,10,74,10,1.8,10,3.9,10,1011.9,10,,,69,10,0.0,10,0,10,,,1.0,10,3.4,,,10,3.2,,,10,4.1,10,5.1,10,10.5,10,1320,10
2008-02-11T14:00+00:00,5917,273,0,71,10,115,10,1.7,10,3.6,10,1011.4,10,,,69,10,0.0,10,0,10,,,1.0,10,3.5,,,10,3.3,,,10,4.1,10,5.1,10,9.4,10,1407,10
2008-02-11T15:00+00:00,5917,164,0,107,10,102,10,1.6,10,3.2,10,1011.4,10,,,69,10,0.0,10,0,10,,,0.5,10,3.5,,,10,3.3,,,10,4.0,10,5.0,10,7.1,10,1556,10
2008-02-11T16:00+00:00,5917,55,0,106,10,127,10,1.8,10,3.9,10,1011.4,10,,,73,10,0.0,10,0,10,,,0.5,10,3.4,,,10,3.4,,,10,4.0,10,3.6,10,0.7,10,1601,10
2008-02-11T17:00+00:00,5917,1,0,118,10,123,10,1.7,10,2.4,10,1011.5,10,,,80,10,0.0,10,0,10,,,0.0,10,3.2,,,10,3.5,,,10,4.0,10,2.4,10,-1.7,10,1750,10
2008-02-11T18:00+00:00,5917,0,0,150,10,128,10,1.7,10,2.8,10,1011.8,10,,,86,10,0.0,10,0,10,,,0.0,10,3.1,,,10,3.5,,,10,4.0,10,1.3,10,-2.6,10,1804,10
2008-02-11T19:00+00:00,5917,0,0,188,10,200,10,1.4,10,2.5,10,1011.9,10,,,88,10,0.0,10,0,10,,,0.0,10,3.0,,,10,3.5,,,10,4.0,10,0.8,10,-4.0,10,1938,10
2008-02-11T20:00+00:00,5917,0,0,181,10,181,10,1.3,10,2.0,10,1011.9,10,,,88,10,0.0,10,0,10,,,0.0,10,2.9,,,10,3.5,,,10,4.0,10,0.3,10,-3.6,10,2011,10
2008-02-11T21:00+00:00,5917,0,0,202,10,204,10,1.2,10,2.0,10,1011.9,10,,,93,10,0.0,10,0,10,,,0.0,10,2.9,,,10,3.5,,,10,4.0,10,-1.0,10,-5.1,10,2147,10
2008-02-11T22:00+00:00,5917,0,0,224,10,217,10,1.2,10,2.4,10,1011.9,10,,,96,10,0.0,10,0,10,,,0.0,10,2.8,,,10,3.5,,,10,4.0,10,-1.8,10,-6.0,10,2202,10
2008-02-11T23:00+00:00,5917,0,0,199,10,188,10,1.6,10,2.4,10,1011.9,10,,,96,10,0.0,10,0,10,,,0.0,10,2.7,,,10,3.4,,,10,4.0,10,-2.2,10,-5.3,10,2314,10
2008-02-12T00:00+00:00,5917,0,0,220,10,212,10,1.0,10,2.1,10,1011.8,10,,,97,10,0.0,10,0,10,,,0.0,10,2.7,,,10,3.4,,,10,4.0,10,-2.5,10,-6.6,10,7,10
2008-02-12T01:00+00:00,5917,0,0,184,10,173,10,1.0,10,1.6,10,1011.8,10,,,98,10,0.0,10,0,10,,,0.0,10,2.6,,,10,3.3,,,10,4.0,10,-3.2,10,-6.7,10,145,10
2008-02-12T02:00+00:00,5917,0,0,173,10,166,10,1.1,10,1.6,10,1011.6,10,,,98,10,0.0,10,0,10,,,0.0,10,2.5,,,10,3.3,,,10,4.0,10,-3.4,10,-6.7,10,215,10
2008-02-12T03:00+00:00,5917,0,0,186,10,169,10,1.1,10,1.7,10,1011.5,10,,,98,10,0.0,10,0,10,,,0.0,10,2.5,,,10,3.3,,,10,4.0,10,-3.6,10,-7.2,10,303,10
2008-02-12T04:00+00:00,5917,0,0,208,10,206,10,1.1,10,1.8,10,1011.8,10,,,98,10,0.0,10,0,10,,,0.0,10,2.4,,,10,3.2,,,10,4.0,10,-4.4,10,-8.6,10,408,10
2008-02-12T05:00+00:00,5917,0,0,169,10,190,10,1.2,10,1.8,10,1012.1,10,,,98,10,0.0,10,0,10,,,0.0,10,2.3,,,10,3.2,,,10,4.0,10,-4.7,10,-7.6,10,503,10
2008-02-12T06:00+00:00,5917,0,0,83,10,66,10,1.3,10,2.4,10,1012.4,10,,,98,10,0.0,10,0,10,,,0.0,10,2.3,,,10,3.1,,,10,4.0,10,-5.8,10,-7.9,10,635,10
2008-02-12T07:00+00:00,5917,13,0,107,10,109,10,1.1,10,2.3,10,1012.9,10,,,98,10,0.0,10,0,10,,,0.0,10,2.2,,,10,3.1,,,10,4.0,10,-5.0,10,-7.5,10,738,10
2008-02-12T08:00+00:00,5917,54,0,101,10,116,10,0.7,10,2.2,10,1013.1,10,,,98,10,0.0,10,0,10,,,0.0,10,2.2,,,10,3.1,,,10,4.0,10,-4.1,10,-3.9,10,802,10
2008-02-12T09:00+00:00,5917,92,0,137,10,128,10,1.2,10,2.7,10,1013.2,10,,,98,10,0.0,10,0,10,,,0.0,10,2.2,,,10,3.0,,,10,3.9,10,-3.3,10,-2.4,10,940,10
2008-02-12T10:00+00:00,5917,97,0,122,10,119,10,1.6,10,3.4,10,1013.3,10,,,98,10,0.0,10,0,10,,,0.0,10,2.2,,,10,2.9,,,10,3.9,10,-2.0,10,-1.5,10,1048,10
2008-02-12T11:00+00:00,5917,116,0,108,10,132,10,1.9,10,3.9,10,1013.1,10,,,98,10,0.0,10,0,10,,,0.0,10,2.2,,,10,2.9,,,10,3.9,10,-1.2,10,-0.3,10,1109,10
2008-02-12T12:00+00:00,5917,200,0,121,10,122,10,1.9,10,3.5,10,1012.7,10,,,98,10,0.0,10,0,10,,,0.0,10,2.3,,,10,2.9,,,10,3.9,10,-0.4,10,0.9,10,1214,10
2008-02-12T13:00+00:00,5917,211,0,161,10,137,10,1.1,10,2.4,10,1012.3,10,,,98,10,0.0,10,0,10,,,0.1,10,2.3,,,10,2.9,,,10,3.9,10,1.1,10,2.6,10,1312,10
2008-02-12T14:00+00:00,5917,285,0,213,10,134,10,0.5,10,4.9,10,1012.2,10,,,76,10,0.0,10,0,10,,,1.0,10,2.5,,,10,2.8,,,10,3.8,10,2.9,10,5.4,10,1458,10
2008-02-12T15:00+00:00,5917,169,0,139,10,136,10,2.4,10,5.7,10,1012.1,10,,,80,10,0.0,10,0,10,,,0.5,10,2.5,,,10,2.8,,,10,3.8,10,2.5,10,4.2,10,1513,10
2008-02-12T16:00+00:00,5917,45,0,144,10,125,10,1.7,10,4.6,10,1011.9,10,,,86,10,0.0,10,0,10,,,0.3,10,2.4,,,10,2.8,,,10,3.8,10,1.0,10,-1.0,10,1614,10
2008-02-12T17:00+00:00,5917,1,0,201,10,206,10,1.3,10,2.5,10,1012.1,10,,,90,10,0.0,10,0,10,,,0.0,10,2.2,,,10,2.8,,,10,3.8,10,-0.6,10,-3.8,10,1712,10
2008-02-12T18:00+00:00,5917,0,0,204,10,212,10,1.5,10,3.2,10,1012.3,10,,,92,10,0.0,10,0,10,,,0.0,10,2.2,,,10,2.8,,,10,3.8,10,-1.4,10,-4.3,10,1852,10
2008-02-12T19:00+00:00,5917,0,0,187,10,188,10,1.8,10,3.1,10,1012.4,10,,,99,10,0.0,10,0,10,,,0.0,10,2.1,,,10,2.8,,,10,3.7,10,-3.3,10,-4.8,10,1943,10
2008-02-12T20:00+00:00,5917,0,0,206,10,173,10,1.5,10,2.9,10,1012.7,10,,,97,10,0.0,10,0,10,,,0.0,10,2.1,,,10,2.8,,,10,3.7,10,-3.0,10,-3.6,10,2040,10
2008-02-12T21:00+00:00,5917,0,0,244,10,207,10,0.9,10,2.5,10,1012.7,10,,,97,10,0.0,10,0,10,,,0.0,10,2.1,,,10,2.8,,,10,3.7,10,-3.2,10,-2.9,10,2102,10
2008-02-12T22:00+00:00,5917,0,0,254,10,260,10,1.3,10,2.2,10,1012.6,10,,,97,10,0.0,10,0,10,,,0.0,10,2.1,,,10,2.8,,,10,3.7,10,-3.3,10,-3.2,10,2237,10
2008-02-12T23:00+00:00,5917,0,0,261,10,257,10,0.9,10,2.1,10,1012.7,10,,,97,10,0.0,10,0,10,,,0.0,10,2.1,,,10,2.8,,,10,3.7,10,-3.0,10,-3.1,10,2301,10
2008-02-13T00:00+00:00,5917,0,0,337,10,308,10,0.2,10,2.0,10,1012.3,10,,,97,10,0.0,10,0,10,,,0.0,10,2.1,,,10,2.8,,,10,3.7,10,-2.9,10,-2.6,10,10,10
2008-02-13T01:00+00:00,5917,0,0,42,10,52,10,1.1,10,2.5,10,1012.3,10,,,97,10,0.0,10,0,10,,,0.0,10,2.1,,,10,2.8,,,10,3.7,10,-2.6,10,-2.3,10,142,10
2008-02-13T02:00+00:00,5917,0,0,18,10,21,10,1.0,10,2.4,10,1012.2,10,,,97,10,0.0,10,0,10,,,0.0,10,2.1,,,10,2.8,,,10,3.7,10,-2.3,10,-2.2,10,222,10
2008-02-13T03:00+00:00,5917,0,0,10,10,16,10,1.0,10,2.0,10,1012.0,10,,,97,10,0.0,10,0,10,,,0.0,10,2.1,,,10,2.7,,,10,3.6,10,-2.7,10,-2.3,10,334,10
2008-02-13T04:00+00:00,5917,0,0,322,10,316,10,0.4,10,1.8,10,1012.1,10,,,97,10,0.0,10,0,10,,,0.0,10,2.1,,,10,2.7,,,10,3.6,10,-2.9,10,-2.5,10,407,10
2008-02-13T05:00+00:00,5917,0,0,28,10,338,10,0.8,10,2.7,10,1012.1,10,,,97,10,0.0,10,0,10,,,0.0,10,2.1,,,10,2.7,,,10,3.6,10,-2.9,10,-2.5,10,503,10
2008-02-13T06:00+00:00,5917,0,0,15,10,47,10,0.9,10,2.6,10,1012.4,10,,,97,10,0.0,10,0,10,,,0.0,10,2.0,,,10,2.7,,,10,3.6,10,-2.9,10,-2.5,10,617,10
2008-02-13T07:00+00:00,5917,10,0,22,10,335,10,1.3,10,3.0,10,1012.6,10,,,97,10,0.0,10,25,10,,,0.0,10,2.0,,,10,2.7,,,10,3.6,10,-3.2,10,-2.6,10,706,10
2008-02-13T08:00+00:00,5917,36,0,22,10,30,10,0.8,10,2.2,10,1012.3,10,,,97,10,0.0,10,7,10,,,0.0,10,2.0,,,10,2.7,,,10,3.6,10,-2.9,10,-2.3,10,806,10
2008-02-13T09:00+00:00,5917,70,0,35,10,42,10,1.6,10,3.4,10,1012.3,10,,,97,10,0.0,10,17,10,,,0.0,10,2.0,,,10,2.7,,,10,3.6,10,-2.7,10,-1.7,10,947,10
2008-02-13T10:00+00:00,5917,104,0,36,10,71,10,1.8,10,3.9,10,1012.4,10,,,97,10,0.0,10,0,10,,,0.0,10,2.1,,,10,2.6,,,10,3.6,10,-1.9,10,-0.8,10,1036,10
2008-02-13T11:00+00:00,5917,152,0,35,10,44,10,2.8,10,5.0,10,1011.9,10,,,97,10,0.0,10,0,10,,,0.0,10,2.1,,,10,2.6,,,10,3.6,10,-1.6,10,0.1,10,1159,10
2008-02-13T12:00+00:00,5917,193,0,28,10,37,10,3.0,10,5.7,10,1011.5,10,,,98,10,0.0,10,0,10,,,0.0,10,2.1,,,10,2.6,,,10,3.6,10,-1.2,10,1.5,10,1211,10
2008-02-13T13:00+00:00,5917,148,0,24,10,54,10,2.6,10,4.6,10,1010.8,10,,,98,10,0.0,10,0,10,,,0.0,10,2.2,,,10,2.6,,,10,3.5,10,-1.0,10,1.9,10,1301,10
2008-02-13T14:00+00:00,5917,95,0,320,10,299,10,2.0,10,5.1,10,1010.4,10,,,96,10,0.0,10,0,10,,,0.0,10,2.2,,,10,2.6,,,10,3.5,10,-1.1,10,1.1,10,1451,10
2008-02-13T15:00+00:00,5917,79,0,293,10,297,10,2.3,10,5.0,10,1010.1,10,,,90,10,0.0,10,0,10,,,0.0,10,2.2,,,10,2.7,,,10,3.5,10,-0.9,10,0.6,10,1543,10
2008-02-13T16:00+00:00,5917,39,0,302,10,299,10,2.8,10,5.9,10,1010.3,10,,,88,10,0.0,10,0,10,,,0.0,10,2.2,,,10,2.7,,,10,3.5,10,-1.5,10,-1.7,10,1608,10
2008-02-13T17:00+00:00,5917,1,0,303,10,328,10,2.5,10,5.0,10,1010.2,10,,,88,10,0.0,10,0,10,,,0.0,10,2.2,,,10,2.7,,,10,3.5,10,-1.5,10,-2.1,10,1747,10
2008-02-13T18:00+00:00,5917,0,0,316,10,313,10,2.4,10,5.0,10,1010.1,10,,,88,10,0.0,10,0,10,,,0.0,10,2.1,,,10,2.7,,,10,3.5,10,-1.6,10,-2.4,10,1845,10
2008-02-13T19:00+00:00,5917,0,0,328,10,351,10,2.2,10,4.0,10,1009.7,10,,,89,10,0.0,10,0,10,,,0.0,10,2.1,,,10,2.7,,,10,3.5,10,-2.0,10,-4.4,10,2000,10
2008-02-13T20:00+00:00,5917,0,0,358,10,347,10,1.5,10,3.4,10,1009.6,10,,,90,10,0.0,10,0,10,,,0.0,10,2.1,,,10,2.7,,,10,3.5,10,-2.4,10,-6.1,10,2018,10
2008-02-13T21:00+00:00,5917,0,0,32,10,17,10,1.8,10,3.7,10,1009.8,10,,,92,10,0.0,10,0,10,,,0.0,10,2.1,,,10,2.7,,,10,3.5,10,-2.8,10,-6.3,10,2159,10
2008-02-13T22:00+00:00,5917,0,0,21,10,24,10,2.6,10,4.5,10,1009.6,10,,,94,10,0.0,10,0,10,,,0.0,10,2.0,,,10,2.7,,,10,3.5,10,-3.0,10,-5.8,10,2226,10
2008-02-13T23:00+00:00,5917,0,0,321,10,323,10,2.2,10,4.9,10,1009.6,10,,,86,10,0.0,10,0,10,,,0.0,10,2.0,,,10,2.7,,,10,3.5,10,-1.9,10,-5.8,10,2327,10
2008-02-14T00:00+00:00,5917,0,0,316,10,323,10,3.1,10,7.0,10,1009.7,10,,,84,10,0.0,10,0,10,,,0.0,10,2.0,,,10,2.7,,,10,3.5,10,-1.3,10,-4.4,10,35,10
2008-02-14T01:00+00:00,5917,0,0,350,10,314,10,2.5,10,5.9,10,1009.8,10,,,91,10,0.0,10,0,10,,,0.0,10,2.0,,,10,2.7,,,10,3.5,10,-2.8,10,-5.9,10,104,10
2008-02-14T02:00+00:00,5917,0,0,329,10,338,10,3.8,10,7.6,10,1009.5,10,,,87,10,0.0,10,0,10,,,0.0,10,2.0,,,10,2.7,,,10,3.5,10,-1.1,10,-5.2,10,231,10
2008-02-14T03:00+00:00,5917,0,0,321,10,330,10,3.0,10,7.2,10,1009.2,10,,,84,10,0.0,10,0,10,,,0.0,10,2.0,,,10,2.6,,,10,3.5,10,-0.4,10,-1.8,10,350,10
2008-02-14T04:00+00:00,5917,0,0,314,10,319,10,2.9,10,7.9,10,1009.6,10,,,83,10,0.0,10,0,10,,,0.0,10,2.0,,,10,2.6,,,10,3.5,10,-0.4,10,-0.9,10,417,10
2008-02-14T05:00+00:00,5917,0,0,349,10,304,10,2.5,10,6.9,10,1009.2,10,,,86,10,0.0,10,0,10,,,0.0,10,2.0,,,10,2.6,,,10,3.5,10,-0.5,10,-0.7,10,507,10
2008-02-14T06:00+00:00,5917,0,0,357,10,345,10,2.3,10,4.1,10,1009.7,10,,,87,10,0.0,10,0,10,,,0.0,10,2.0,,,10,2.6,,,10,3.5,10,-0.5,10,-0.8,10,602,10
2008-02-14T07:00+00:00,5917,6,0,339,10,316,10,2.0,10,4.5,10,1009.8,10,,,83,10,0.0,10,0,10,,,0.0,10,2.0,,,10,2.6,,,10,3.5,10,0.3,10,-0.7,10,758,10
2008-02-14T08:00+00:00,5917,22,0,329,10,328,10,3.2,10,7.3,10,1010.1,10,,,81,10,0.0,10,0,10,,,0.0,10,2.0,,,10,2.6,,,10,3.5,10,0.6,10,0.2,10,834,10
2008-02-14T09:00+00:00,5917,42,0,308,10,327,10,2.9,10,7.4,10,1010.4,10,,,82,10,0.0,10,0,10,,,0.0,10,2.0,,,10,2.5,,,10,3.4,10,0.4,10,0.7,10,1000,10
2008-02-14T10:00+00:00,5917,87,0,300,10,305,10,3.7,10,7.7,10,1010.3,10,,,79,10,0.0,10,0,10,,,0.0,10,2.0,,,10,2.5,,,10,3.4,10,1.0,10,0.8,10,1058,10
2008-02-14T11:00+00:00,5917,95,0,304,10,300,10,4.0,10,8.3,10,1009.8,10,,,79,10,0.0,10,0,10,,,0.0,10,2.0,,,10,2.5,,,10,3.4,10,1.3,10,1.8,10,1142,10
2008-02-14T12:00+00:00,5917,119,0,301,10,301,10,4.5,10,9.0,10,1008.9,10,,,75,10,0.0,10,0,10,,,0.0,10,2.1,,,10,2.5,,,10,3.4,10,2.1,10,2.1,10,1232,10
2008-02-14T13:00+00:00,5917,130,0,305,10,303,10,4.8,10,10.2,10,1008.5,10,,,75,10,0.0,10,0,10,,,0.0,10,2.1,,,10,2.5,,,10,3.4,10,2.1,10,2.9,10,1357,10
2008-02-14T14:00+00:00,5917,76,0,305,10,299,10,4.8,10,9.5,10,1008.4,10,,,75,10,0.0,10,0,10,,,0.0,10,2.1,,,10,2.5,,,10,3.4,10,2.1,10,2.7,10,1401,10
2008-02-14T15:00+00:00,5917,33,0,306,10,306,10,3.7,10,8.6,10,1007.9,10,,,76,10,0.0,10,0,10,,,0.0,10,2.1,,,10,2.5,,,10,3.4,10,2.2,10,2.3,10,1518,10
2008-02-14T16:00+00:00,5917,12,0,306,10,323,10,3.5,10,8.1,10,1007.7,10,,,78,10,0.0,10,0,10,,,0.0,10,2.1,,,10,2.5,,,10,3.4,10,2.1,10,2.0,10,1622,10
2008-02-14T17:00+00:00,5917,0,0,304,10,307,10,2.7,10,6.1,10,1007.9,10,,,79,10,0.0,10,0,10,,,0.0,10,2.1,,,10,2.5,,,10,3.3,10,2.1,10,1.8,10,1709,10
2008-02-14T18:00+00:00,5917,0,0,295,10,302,10,2.7,10,5.7,10,1007.8,10,,,81,10,0.0,10,0,10,,,0.0,10,2.1,,,10,2.5,,,10,3.3,10,2.1,10,1.8,10,1859,10
2008-02-14T19:00+00:00,5917,0,0,308,10,306,10,2.6,10,6.7,10,1007.8,10,,,84,10,0.0,10,0,10,,,0.0,10,2.2,,,10,2.6,,,10,3.3,10,2.0,10,1.8,10,1907,10
2008-02-14T20:00+00:00,5917,0,0,324,10,343,10,3.1,10,6.7,10,1007.9,10,,,86,10,0.0,10,0,10,,,0.0,10,2.2,,,10,2.6,,,10,3.3,10,1.9,10,1.7,10,2045,10
2008-02-14T21:00+00:00,5917,0,0,333,10,340,10,4.0,10,7.5,10,1007.8,10,,,83,10,0.0,10,0,10,,,0.0,10,2.2,,,10,2.6,,,10,3.3,10,1.8,10,1.5,10,2145,10
2008-02-14T22:00+00:00,5917,0,0,339,10,333,10,5.2,10,8.3,10,1007.6,10,,,85,10,0.0,10,0,10,,,0.0,10,2.2,,,10,2.6,,,10,3.3,10,1.5,10,1.2,10,2231,10
2008-02-14T23:00+00:00,5917,0,0,334,10,334,10,4.7,10,7.9,10,1007.5,10,,,82,10,0.0,10,2,10,,,0.0,10,2.2,,,10,2.6,,,10,3.3,10,1.5,10,1.0,10,2358,10
2008-02-15T00:00+00:00,5917,0,0,328,10,347,10,4.0,10,8.6,10,1007.3,10,,,80,10,0.0,10,5,10,,,0.0,10,2.3,,,10,2.6,,,10,3.3,10,1.5,10,1.1,10,1,10
2008-02-15T01:00+00:00,5917,0,0,331,10,340,10,4.6,10,8.4,10,1007.1,10,,,73,10,0.0,10,0,10,,,0.0,10,2.3,,,10,2.7,,,10,3.3,10,1.4,10,1.1,10,148,10
2008-02-15T02:00+00:00,5917,0,0,325,10,337,10,4.5,10,9.3,10,1006.8,10,,,65,10,0.0,10,0,10,,,0.0,10,2.3,,,10,2.7,,,10,3.3,10,1.5,10,1.1,10,220,10
2008-02-15T03:00+00:00,5917,0,0,305,10,318,10,3.9,10,8.8,10,1006.8,10,,,70,10,0.0,10,0,10,,,0.0,10,2.3,,,10,2.7,,,10,3.3,10,1.3,10,1.0,10,305,10
2008-02-15T04:00+00:00,5917,0,0,306,10,308,10,4.4,10,10.1,10,1006.7,10,,,65,10,0.0,10,0,10,,,0.0,10,2.3,,,10,2.7,,,10,3.3,10,1.5,10,1.0,10,457,10
2008-02-15T05:00+00:00,5917,0,0,296,10,332,10,4.5,10,8.6,10,1005.9,10,,,78,10,0.0,10,0,10,,,0.0,10,2.3,,,10,2.7,,,10,3.3,10,0.9,10,0.6,10,600,10
2008-02-15T06:00+00:00,5917,0,0,299,10,304,10,4.9,10,8.9,10,1006.2,10,,,76,10,0.0,10,0,10,,,0.0,10,2.3,,,10,2.7,,,10,3.3,10,1.2,10,0.7,10,626,10
2008-02-15T07:00+00:00,5917,6,0,301,10,310,10,5.9,10,11.3,10,1006.6,10,,,78,10,0.0,10,0,10,,,0.0,10,2.3,,,10,2.7,,,10,3.3,10,1.2,10,0.9,10,745,10
2008-02-15T08:00+00:00,5917,28,0,304,10,298,10,5.5,10,11.3,10,1006.8,10,,,84,10,0.0,10,21,10,,,0.0,10,2.3,,,10,2.7,,,10,3.3,10,0.9,10,1.0,10,808,10
2008-02-15T09:00+00:00,5917,92,0,343,10,316,10,5.5,10,12.6,10,1008.1,10,,,70,10,0.0,10,40,10,,,0.0,10,2.3,,,10,2.7,,,10,3.3,10,0.2,10,-0.2,10,918,10
2008-02-15T10:00+00:00,5917,335,0,354,10,339,10,6.6,10,11.8,10,1008.6,10,,,56,10,0.0,10,0,10,,,0.7,10,2.4,,,10,2.7,,,10,3.3,10,1.2,10,0.2,10,1055,10
2008-02-15T11:00+00:00,5917,513,0,360,10,346,10,6.5,10,12.1,10,1008.8,10,,,46,10,0.0,10,0,10,,,1.0,10,2.6,,,10,2.7,,,10,3.3,10,2.4,10,4.2,10,1144,10
2008-02-15T12:00+00:00,5917,429,0,348,10,339,10,7.1,10,13.8,10,1008.7,10,,,44,10,0.0,10,0,10,,,0.7,10,2.7,,,10,2.7,,,10,3.3,10,2.4,10,4.1,10,1210,10
2008-02-15T13:00+00:00,5917,176,0,344,10,336,10,7.6,10,13.9,10,1008.7,10,,,48,10,0.0,10,0,10,,,0.1,10,2.6,,,10,2.8,,,10,3.3,10,1.6,10,2.4,10,1333,10
2008-02-15T14:00+00:00,5917,211,0,340,10,338,10,7.3,10,13.5,10,1008.9,10,,,44,10,0.0,10,0,10,,,0.3,10,2.6,,,10,2.8,,,10,3.3,10,1.9,10,2.4,10,1425,10
2008-02-15T15:00+00:00,5917,167,0,335,10,332,10,7.4,10,13.6,10,1009.1,10,,,43,10,0.0,10,0,10,,,0.4,10,2.6,,,10,2.8,,,10,3.3,10,1.7,10,2.2,10,1505,10
2008-02-15T16:00+00:00,5917,61,0,341,10,335,10,7.2,10,12.5,10,1009.6,10,,,45,10,0.0,10,0,10,,,0.3,10,2.6,,,10,2.9,,,10,3.4,10,0.6,10,-0.3,10,1637,10
2008-02-15T17:00+00:00,5917,1,0,336,10,339,10,7.0,10,14.2,10,1010.5,10,,,50,10,0.0,10,1,10,,,0.0,10,2.5,,,10,2.9,,,10,3.4,10,0.3,10,-0.1,10,1757,10
2008-02-15T18:00+00:00,5917,0,0,343,10,323,10,5.2,10,9.1,10,1011.0,10,,,49,10,0.0,10,2,10,,,0.0,10,2.5,,,10,2.9,,,10,3.4,10,0.0,10,-1.4,10,1854,10
2008-02-15T19:00+00:00,5917,0,0,336,10,339,10,6.0,10,10.1,10,1011.3,10,,,48,10,0.0,10,0,10,,,0.0,10,2.4,,,10,2.9,,,10,3.4,10,-0.3,10,-1.4,10,1920,10
2008-02-15T20:00+00:00,5917,0,0,334,10,335,10,6.3,10,11.3,10,1011.9,10,,,49,10,0.0,10,0,10,,,0.0,10,2.4,,,10,2.9,,,10,3.4,10,-0.6,10,-1.6,10,2021,10
2008-02-15T21:00+00:00,5917,0,0,333,10,331,10,5.6,10,9.5,10,1012.0,10,,,49,10,0.0,10,0,10,,,0.0,10,2.3,,,10,2.9,,,10,3.4,10,-1.1,10,-2.5,10,2103,10
2008-02-15T22:00+00:00,5917,0,0,329,10,337,10,5.2,10,9.1,10,1012.1,10,,,49,10,0.0,10,0,10,,,0.0,10,2.2,,,10,2.8,,,10,3.4,10,-1.0,10,-2.4,10,2241,10
2008-02-15T23:00+00:00,5917,0,0,327,10,328,10,5.0,10,11.0,10,1012.3,10,,,51,10,0.0,10,0,10,,,0.0,10,2.2,,,10,2.8,,,10,3.4,10,-1.4,10,-2.6,10,2347,10
2008-02-16T00:00+00:00,5917,0,0,328,10,333,10,5.0,10,9.0,10,1012.0,10,,,50,10,0.0,10,0,10,,,0.0,10,2.2,,,10,2.8,,,10,3.4,10,-0.9,10,-2.5,10,1,10
2008-02-16T01:00+00:00,5917,0,0,318,10,335,10,4.3,10,12.0,10,1011.6,10,,,65,10,0.0,10,10,10,,,0.0,10,2.1,,,10,2.8,,,10,3.4,10,-1.5,10,-2.2,10,105,10
2008-02-16T02:00+00:00,5917,0,0,318,10,331,10,4.0,10,10.7,10,1011.4,10,,,58,10,0.0,10,0,10,,,0.0,10,2.1,,,10,2.7,,,10,3.4,10,-1.1,10,-2.1,10,244,10
2008-02-16T03:00+00:00,5917,0,0,325,10,338,10,6.1,10,12.5,10,1011.5,10,,,56,10,0.0,10,0,10,,,0.0,10,2.1,,,10,2.7,,,10,3.4,10,-1.3,10,-1.8,10,346,10
2008-02-16T04:00+00:00,5917,0,0,325,10,327,10,6.9,10,14.4,10,1012.4,10,,,54,10,0.0,10,0,10,,,0.0,10,2.0,,,10,2.7,,,10,3.4,10,-1.8,10,-2.4,10,438,10
2008-02-16T05:00+00:00,5917,0,0,325,10,330,10,7.0,10,14.5,10,1012.5,10,,,52,10,0.0,10,0,10,,,0.0,10,2.0,,,10,2.6,,,10,3.4,10,-2.5,10,-2.9,10,515,10
2008-02-16T06:00+00:00,5917,0,0,323,10,334,10,7.5,10,16.1,10,1013.1,10,,,55,10,0.0,10,0,10,,,0.0,10,1.9,,,10,2.6,,,10,3.4,10,-3.3,10,-4.0,10,641,10
2008-02-16T07:00+00:00,5917,37,0,312,10,299,10,5.6,10,13.2,10,1013.4,10,,,56,10,0.0,10,0,10,,,0.6,10,1.9,,,10,2.6,,,10,3.4,10,-3.5,10,-4.1,10,756,10
2008-02-16T08:00+00:00,5917,101,0,304,10,298,10,6.8,10,17.2,10,1013.3,10,,,56,10,0.0,10,0,10,,,0.1,10,1.9,,,10,2.5,,,10,3.3,10,-3.0,10,-3.4,10,828,10
2008-02-16T09:00+00:00,5917,343,0,313,10,295,10,7.0,10,15.4,10,1014.2,10,,,51,10,0.0,10,0,10,,,0.9,10,1.9,,,10,2.5,,,10,3.3,10,-1.5,10,-2.4,10,910,10
2008-02-16T10:00+00:00,5917,306,0,330,10,340,10,8.5,10,19.5,10,1014.9,10,,,52,10,0.0,10,3,10,,,0.5,10,1.9,,,10,2.5,,,10,3.3,10,-1.2,10,-0.4,10,1042,10
2008-02-16T11:00+00:00,5917,158,0,351,10,335,10,8.3,10,18.8,10,1016.3,10,,,78,10,0.0,10,28,10,,,0.0,10,1.8,,,10,2.5,,,10,3.3,10,-3.0,10,-2.8,10,1104,10
2008-02-16T12:00+00:00,5917,405,0,3,10,344,10,8.0,10,18.2,10,1016.5,10,,,44,10,0.0,10,1,10,,,0.7,10,1.9,,,10,2.4,,,10,3.3,10,-1.4,10,-1.4,10,1259,10
2008-02-16T13:00+00:00,5917,495,0,2,10,355,10,8.5,10,15.5,10,1016.8,10,,,34,10,0.0,10,0,10,,,1.0,10,2.0,,,10,2.4,,,10,3.3,10,-1.0,10,2.9,10,1356,10
2008-02-16T14:00+00:00,5917,371,0,355,10,351,10,8.3,10,14.5,10,1017.3,10,,,33,10,0.0,10,0,10,,,1.0,10,1.9,,,10,2.4,,,10,3.3,10,-1.0,10,0.4,10,1402,10
2008-02-16T15:00+00:00,5917,241,0,351,10,335,10,7.8,10,14.6,10,1018.1,10,,,31,10,0.0,10,0,10,,,0.8,10,1.9,,,10,2.4,,,10,3.3,10,-1.4,10,0.3,10,1513,10
2008-02-16T16:00+00:00,5917,73,0,345,10,335,10,7.4,10,12.0,10,1018.6,10,,,32,10,0.0,10,0,10,,,0.9,10,1.8,,,10,2.4,,,10,3.2,10,-2.1,10,-2.9,10,1603,10
2008-02-16T17:00+00:00,5917,1,0,1,10,343,10,4.8,10,9.9,10,1019.5,10,,,35,10,0.0,10,0,10,,,0.0,10,1.7,,,10,2.4,,,10,3.2,10,-3.2,10,-5.1,10,1720,10
2008-02-16T18:00+00:00,5917,0,0,360,10,345,10,4.6,10,8.5,10,1019.8,10,,,38,10,0.0,10,0,10,,,0.0,10,1.6,,,10,2.3,,,10,3.2,10,-3.8,10,-5.4,10,1857,10
2008-02-16T19:00+00:00,5917,0,0,343,10,350,10,4.0,10,7.5,10,1021.0,10,,,40,10,0.0,10,0,10,,,0.0,10,1.6,,,10,2.3,,,10,3.2,10,-4.1,10,-6.1,10,2000,10
2008-02-16T20:00+00:00,5917,0,0,343,10,342,10,4.0,10,6.6,10,1021.4,10,,,40,10,0.0,10,0,10,,,0.0,10,1.5,,,10,2.3,,,10,3.2,10,-4.3,10,-6.7,10,2049,10
2008-02-16T21:00+00:00,5917,0,0,360,10,355,10,3.3,10,5.8,10,1021.9,10,,,42,10,0.0,10,0,10,,,0.0,10,1.5,,,10,2.3,,,10,3.2,10,-4.8,10,-7.2,10,2112,10
2008-02-16T22:00+00:00,5917,0,0,360,10,6,10,2.8,10,5.6,10,1022.1,10,,,45,10,0.0,10,0,10,,,0.0,10,1.4,,,10,2.2,,,10,3.2,10,-5.2,10,-8.3,10,2208,10
2008-02-16T23:00+00:00,5917,0,0,339,10,351,10,3.4,10,5.8,10,1022.4,10,,,49,10,0.0,10,0,10,,,0.0,10,1.4,,,10,2.2,,,10,3.2,10,-5.8,10,-8.2,10,2303,10
2008-02-17T00:00+00:00,5917,0,0,343,10,345,10,2.9,10,5.0,10,1022.0,10,,,50,10,0.0,10,0,10,,,0.0,10,1.3,,,10,2.2,,,10,3.1,10,-6.0,10,-8.7,10,7,10
2008-02-17T01:00+00:00,5917,0,0,294,10,300,10,1.9,10,3.9,10,1021.9,10,,,54,10,0.0,10,0,10,,,0.0,10,1.3,,,10,2.2,,,10,3.1,10,-7.0,10,-9.4,10,158,10
2008-02-17T02:00+00:00,5917,0,0,282,10,305,10,2.5,10,4.0,10,1021.4,10,,,57,10,0.0,10,0,10,,,0.0,10,1.2,,,10,2.1,,,10,3.1,10,-7.4,10,-9.2,10,300,10
2008-02-17T03:00+00:00,5917,0,0,278,10,294,10,2.4,10,3.7,10,1021.0,10,,,61,10,0.0,10,0,10,,,0.0,10,1.1,,,10,2.1,,,10,3.1,10,-8.4,10,-10.1,10,353,10
2008-02-17T04:00+00:00,5917,0,0,285,10,286,10,2.3,10,3.5,10,1020.3,10,,,65,10,0.0,10,0,10,,,0.0,10,1.1,,,10,2.1,,,10,3.1,10,-8.3,10,-10.4,10,413,10
2008-02-17T05:00+00:00,5917,0,0,282,10,286,10,2.0,10,3.0,10,1019.9,10,,,65,10,0.0,10,0,10,,,0.0,10,1.1,,,10,2.0,,,10,3.1,10,-8.3,10,-10.5,10,506,10
2008-02-17T06:00+00:00,5917,0,0,208,10,181,10,1.4,10,3.0,10,1019.7,10,,,75,10,0.0,10,0,10,,,0.0,10,1.0,,,10,2.0,,,10,3.1,10,-10.1,10,-12.5,10,643,10
2008-02-17T07:00+00:00,5917,43,0,189,10,190,10,1.3,10,2.8,10,1019.6,10,,,76,10,0.0,10,0,10,,,0.7,10,0.9,,,10,1.9,,,10,3.0,10,-9.0,10,-12.4,10,707,10
2008-02-17T08:00+00:00,5917,179,0,188,10,163,10,0.5,10,1.8,10,1019.5,10,,,66,10,0.0,10,0,10,,,1.0,10,1.0,,,10,1.9,,,10,3.0,10,-6.6,10,-8.6,10,801,10
2008-02-17T09:00+00:00,5917,342,0,149,10,142,10,0.7,10,3.0,10,1019.3,10,,,58,10,0.0,10,0,10,,,1.0,10,1.0,,,10,1.8,,,10,3.0,10,-3.7,10,-2.3,10,959,10
2008-02-17T10:00+00:00,5917,455,0,169,10,178,10,1.5,10,3.8,10,1018.7,10,,,46,10,0.0,10,0,10,,,1.0,10,1.2,,,10,1.8,,,10,3.0,10,-1.9,10,2.0,10,1037,10
2008-02-17T11:00+00:00,5917,516,0,184,10,181,10,1.8,10,5.3,10,1017.6,10,,,37,10,0.0,10,0,10,,,1.0,10,1.3,,,10,1.8,,,10,2.9,10,-1.1,10,6.7,10,1154,10
2008-02-17T12:00+00:00,5917,422,0,168,10,161,10,2.3,10,5.9,10,1016.2,10,,,36,10,0.0,10,0,10,,,1.0,10,1.3,,,10,1.8,,,10,2.9,10,-0.5,10,4.4,10,1201,10
2008-02-17T13:00+00:00,5917,425,0,151,10,116,10,1.2,10,4.2,10,1015.4,10,,,34,10,0.0,10,0,10,,,1.0,10,1.4,,,10,1.8,,,10,2.9,10,0.1,10,6.6,10,1318,10
2008-02-17T14:00+00:00,5917,280,0,197,10,181,10,1.0,10,3.2,10,1014.7,10,,,33,10,0.0,10,0,10,,,0.8,10,1.3,,,10,1.8,,,10,2.9,10,1.0,10,4.9,10,1431,10
2008-02-17T15:00+00:00,5917,167,0,169,10,147,10,0.8,10,3.2,10,1013.7,10,,,34,10,0.0,10,0,10,,,0.4,10,1.3,,,10,1.7,,,10,2.9,10,0.5,10,1.4,10,1510,10
2008-02-17T16:00+00:00,5917,45,0,159,10,150,10,1.5,10,2.7,10,1013.2,10,,,38,10,0.0,10,0,10,,,0.0,10,1.1,,,10,1.7,,,10,2.9,10,-0.9,10,-3.3,10,1638,10
2008-02-17T17:00+00:00,5917,1,0,152,10,148,10,1.6,10,2.6,10,1012.7,10,,,38,10,0.0,10,0,10,,,0.0,10,1.0,,,10,1.7,,,10,2.8,10,-1.0,10,-4.3,10,1734,10
2008-02-17T18:00+00:00,5917,0,0,196,10,202,10,0.9,10,1.9,10,1012.1,10,,,43,10,0.0,10,0,10,,,0.0,10,1.0,,,10,1.7,,,10,2.8,10,-1.6,10,-4.2,10,1854,10
2008-02-17T19:00+00:00,5917,0,0,219,10,192,10,1.6,10,3.0,10,1011.1,10,,,43,10,0.0,10,0,10,,,0.0,10,1.0,,,10,1.7,,,10,2.8,10,-1.3,10,-3.0,10,1958,10
2008-02-17T20:00+00:00,5917,0,0,179,10,184,10,1.8,10,3.3,10,1010.5,10,,,44,10,0.0,10,0,10,,,0.0,10,1.0,,,10,1.7,,,10,2.8,10,-1.5,10,-3.4,10,2015,10
2008-02-17T21:00+00:00,5917,0,0,141,10,165,10,0.9,10,2.7,10,1009.8,10,,,47,10,0.0,10,0,10,,,0.0,10,1.0,,,10,1.7,,,10,2.8,10,-2.5,10,-5.7,10,2200,10
2008-02-17T22:00+00:00,5917,0,0,205,10,284,10,0.2,10,6.1,10,1009.3,10,,,47,10,0.0,10,0,10,,,0.0,10,1.0,,,10,1.7,,,10,2.8,10,-1.1,10,-6.0,10,2259,10
2008-02-17T23:00+00:00,5917,0,0,283,10,285,10,5.6,10,10.2,10,1008.5,10,,,38,10,0.0,10,0,10,,,0.0,10,1.0,,,10,1.7,,,10,2.8,10,2.9,10,-3.6,10,2354,10
2008-02-18T00:00+00:00,5917,0,0,281,10,282,10,6.7,10,11.2,10,1007.8,10,,,37,10,0.0,10,0,10,,,0.0,10,1.1,,,10,1.7,,,10,2.7,10,2.8,10,1.3,10,55,10
2008-02-18T01:00+00:00,5917,0,0,280,10,289,10,7.8,10,12.8,10,1007.1,10,,,38,10,0.0,10,0,10,,,0.0,10,1.1,,,10,1.7,,,10,2.7,10,2.6,10,1.5,10,145,10
2008-02-18T02:00+00:00,5917,0,0,282,10,294,10,7.9,10,13.3,10,1006.3,10,,,39,10,0.0,10,0,10,,,0.0,10,1.1,,,10,1.7,,,10,2.7,10,2.7,10,1.4,10,207,10
2008-02-18T03:00+00:00,5917,0,0,285,10,296,10,6.7,10,12.2,10,1005.6,10,,,40,10,0.0,10,0,10,,,0.0,10,1.1,,,10,1.7,,,10,2.7,10,2.7,10,1.0,10,358,10
2008-02-18T04:00+00:00,5917,0,0,285,10,295,10,7.2,10,12.4,10,1005.1,10,,,40,10,0.0,10,0,10,,,0.0,10,1.1,,,10,1.7,,,10,2.7,10,2.8,10,1.3,10,447,10
2008-02-18T05:00+00:00,5917,0,0,285,10,290,10,7.0,10,12.4,10,1004.9,10,,,39,10,0.0,10,0,10,,,0.0,10,1.2,,,10,1.7,,,10,2.7,10,3.5,10,1.3,10,539,10
2008-02-18T06:00+00:00,5917,0,0,289,10,286,10,6.9,10,12.3,10,1004.5,10,,,39,10,0.0,10,0,10,,,0.0,10,1.2,,,10,1.7,,,10,2.7,10,3.6,10,2.8,10,643,10
2008-02-18T07:00+00:00,5917,48,0,287,10,290,10,8.1,10,14.9,10,1004.3,10,,,37,10,0.0,10,0,10,,,0.3,10,1.2,,,10,1.7,,,10,2.7,10,4.6,10,2.9,10,759,10
2008-02-18T08:00+00:00,5917,98,0,290,10,294,10,8.6,10,15.4,10,1004.3,10,,,38,10,0.0,10,0,10,,,0.3,10,1.3,,,10,1.7,,,10,2.7,10,4.6,10,3.9,10,814,10
2008-02-18T09:00+00:00,5917,81,0,290,10,292,10,8.9,10,17.2,10,1003.8,10,,,37,10,0.0,10,0,10,,,0.0,10,1.3,,,10,1.7,,,10,2.7,10,5.1,10,4.8,10,910,10
2008-02-18T10:00+00:00,5917,152,0,289,10,293,10,9.3,10,16.2,10,1003.6,10,,,33,10,0.0,10,0,10,,,0.0,10,1.4,,,10,1.7,,,10,2.6,10,6.2,10,5.6,10,1038,10
2008-02-18T11:00+00:00,5917,194,0,281,10,289,10,10.1,10,17.1,10,1003.0,10,,,30,10,0.0,10,0,10,,,0.0,10,1.4,,,10,1.7,,,10,2.6,10,6.9,10,7.2,10,1152,10
2008-02-18T12:00+00:00,5917,235,0,282,10,282,10,11.8,10,19.7,10,1002.5,10,,,29,10,0.0,10,0,10,,,0.1,10,1.5,,,10,1.7,,,10,2.6,10,7.0,10,7.8,10,1257,10
2008-02-18T13:00+00:00,5917,134,0,281,10,298,10,10.6,10,18.4,10,1001.8,10,,,30,10,0.0,10,0,10,,,0.0,10,1.5,,,10,1.7,,,10,2.6,10,7.4,10,7.4,10,1326,10
2008-02-18T14:00+00:00,5917,98,0,285,10,294,10,10.4,10,17.3,10,1001.5,10,,,31,10,0.0,10,0,10,,,0.0,10,1.5,,,10,1.7,,,10,2.6,10,7.5,10,7.5,10,1444,10
2008-02-18T15:00+00:00,5917,37,0,292,10,291,10,9.2,10,17.0,10,1001.5,10,,,31,10,0.0,10,0,10,,,0.0,10,1.6,,,10,1.7,,,10,2.6,10,7.6,10,7.4,10,1527,10
2008-02-18T16:00+00:00,5917,27,0,298,10,309,10,8.6,10,15.3,10,1001.1,10,,,32,10,0.0,10,0,10,,,0.0,10,1.6,,,10,1.7,,,10,2.6,10,7.6,10,7.4,10,1654,10
2008-02-18T17:00+00:00,5917,1,0,293,10,299,10,8.9,10,16.3,10,1001.5,10,,,33,10,0.0,10,0,10,,,0.0,10,1.6,,,10,1.8,,,10,2.6,10,7.6,10,7.1,10,1754,10
2008-02-18T18:00+00:00,5917,0,0,291,10,296,10,8.3,10,14.6,10,1002.1,10,,,35,10,0.0,10,0,10,,,0.0,10,1.7,,,10,1.8,,,10,2.6,10,7.5,10,7.0,10,1848,10
2008-02-18T19:00+00:00,5917,0,0,293,10,290,10,6.7,10,13.6,10,1002.2,10,,,37,10,0.0,10,0,10,,,0.0,10,1.7,,,10,1.8,,,10,2.6,10,7.2,10,6.6,10,1901,10
2008-02-18T20:00+00:00,5917,0,0,301,10,302,10,5.8,10,13.3,10,1001.9,10,,,39,10,0.0,10,0,10,,,0.0,10,1.7,,,10,1.8,,,10,2.6,10,7.1,10,6.3,10,2033,10
2008-02-18T21:00+00:00,5917,0,0,292,10,293,10,7.1,10,14.0,10,1001.9,10,,,43,10,0.0,10,0,10,,,0.0,10,1.8,,,10,1.9,,,10,2.6,10,6.9,10,6.4,10,2113,10
2008-02-18T22:00+00:00,5917,0,0,297,10,296,10,6.4,10,12.3,10,1002.1,10,,,49,10,0.0,10,0,10,,,0.0,10,1.8,,,10,1.9,,,10,2.6,10,7.0,10,6.2,10,2220,10
2008-02-18T23:00+00:00,5917,0,0,298,10,296,10,5.5,10,11.0,10,1001.8,10,,,48,10,0.0,10,0,10,,,0.0,10,1.9,,,10,2.0,,,10,2.6,10,7.3,10,6.3,10,2311,10
2008-02-19T00:00+00:00,5917,0,0,302,10,308,10,4.7,10,9.5,10,1001.5,10,,,50,10,0.0,10,0,10,,,0.0,10,2.0,,,10,2.0,,,10,2.6,10,7.2,10,6.5,10,40,10
2008-02-19T01:00+00:00,5917,0,0,312,10,310,10,4.0,10,9.9,10,1001.4,10,,,52,10,0.0,10,0,10,,,0.0,10,2.0,,,10,2.1,,,10,2.6,10,7.2,10,6.5,10,129,10
2008-02-19T02:00+00:00,5917,0,0,315,10,325,10,4.0,10,10.3,10,1000.9,10,,,55,10,0.0,10,0,10,,,0.0,10,2.1,,,10,2.1,,,10,2.6,10,7.2,10,6.5,10,245,10
2008-02-19T03:00+00:00,5917,0,0,316,10,322,10,4.8,10,13.7,10,1000.7,10,,,61,10,0.0,10,0,10,,,0.0,10,2.1,,,10,2.1,,,10,2.7,10,7.2,10,6.7,10,338,10
2008-02-19T04:00+00:00,5917,0,0,309,10,319,10,3.9,10,10.0,10,1000.8,10,,,64,10,0.0,10,0,10,,,0.0,10,2.2,,,10,2.2,,,10,2.7,10,6.5,10,5.8,10,411,10
2008-02-19T05:00+00:00,5917,0,0,314,10,322,10,3.5,10,11.5,10,1000.9,10,,,67,10,0.0,10,0,10,,,0.0,10,2.3,,,10,2.2,,,10,2.7,10,6.2,10,5.9,10,548,10
2008-02-19T06:00+00:00,5917,0,0,298,10,327,10,3.5,10,9.0,10,1001.2,10,,,64,10,0.0,10,0,10,,,0.0,10,2.3,,,10,2.3,,,10,2.7,10,5.7,10,5.2,10,604,10
2008-02-19T07:00+00:00,5917,7,0,317,10,319,10,2.9,10,7.9,10,1001.9,10,,,62,10,0.0,10,0,10,,,0.0,10,2.4,,,10,2.3,,,10,2.7,10,5.9,10,5.2,10,746,10
2008-02-19T08:00+00:00,5917,28,0,321,10,326,10,4.8,10,10.5,10,1002.3,10,,,71,10,0.0,10,0,10,,,0.0,10,2.4,,,10,2.4,,,10,2.7,10,5.9,10,5.7,10,815,10
2008-02-19T09:00+00:00,5917,93,0,311,10,325,10,3.9,10,9.6,10,1002.5,10,,,70,10,0.0,10,0,10,,,0.0,10,2.5,,,10,2.4,,,10,2.8,10,6.2,10,6.0,10,907,10
2008-02-19T10:00+00:00,5917,131,0,307,10,305,10,3.4,10,8.0,10,1002.7,10,,,68,10,0.0,10,0,10,,,0.0,10,2.6,,,10,2.5,,,10,2.8,10,7.2,10,6.8,10,1019,10
2008-02-19T11:00+00:00,5917,208,0,318,10,327,10,3.8,10,9.0,10,1002.4,10,,,68,10,0.0,10,0,10,,,0.1,10,2.7,,,10,2.5,,,10,2.8,10,8.0,10,9.0,10,1125,10
2008-02-19T12:00+00:00,5917,241,0,313,10,320,10,4.0,10,8.8,10,1002.0,10,,,66,10,0.0,10,0,10,,,0.0,10,2.9,,,10,2.6,,,10,2.8,10,8.6,10,10.0,10,1248,10
2008-02-19T13:00+00:00,5917,276,0,320,10,320,10,4.2,10,9.5,10,1001.6,10,,,63,10,0.0,10,0,10,,,0.0,10,3.1,,,10,2.6,,,10,2.8,10,9.2,10,10.6,10,1302,10
2008-02-19T14:00+00:00,5917,184,0,313,10,314,10,3.1,10,7.9,10,1001.1,10,,,63,10,0.0,10,0,10,,,0.0,10,3.2,,,10,2.7,,,10,2.8,10,9.2,10,10.8,10,1402,10
2008-02-19T15:00+00:00,5917,247,0,305,10,328,10,2.5,10,6.3,10,1000.8,10,,,59,10,0.0,10,0,10,,,0.9,10,3.4,,,10,2.8,,,10,2.9,10,9.8,10,12.0,10,1515,10
2008-02-19T16:00+00:00,5917,61,0,356,10,306,10,0.7,10,3.5,10,1000.7,10,,,63,10,0.0,10,0,10,,,0.7,10,3.4,,,10,2.9,,,10,2.9,10,8.6,10,6.0,10,1605,10
2008-02-19T17:00+00:00,5917,4,0,91,10,109,10,0.9,10,2.2,10,1000.9,10,,,65,10,0.0,10,0,10,,,0.1,10,3.3,,,10,3.0,,,10,2.9,10,7.9,10,5.2,10,1703,10
2008-02-19T18:00+00:00,5917,0,0,132,10,134,10,0.7,10,1.7,10,1000.9,10,,,68,10,0.0,10,0,10,,,0.0,10,3.3,,,10,3.1,,,10,2.9,10,7.4,10,3.1,10,1814,10
2008-02-19T19:00+00:00,5917,0,0,202,10,202,10,2.3,10,4.6,10,1001.0,10,,,75,10,0.0,10,0,10,,,0.0,10,3.2,,,10,3.1,,,10,3.0,10,5.1,10,1.6,10,1934,10
2008-02-19T20:00+00:00,5917,0,0,197,10,204,10,0.6,10,4.2,10,1001.4,10,,,77,10,0.0,10,0,10,,,0.0,10,3.1,,,10,3.1,,,10,3.0,10,4.4,10,-0.9,10,2100,10
2008-02-19T21:00+00:00,5917,0,0,72,10,55,10,1.3,10,3.4,10,1001.6,10,,,82,10,0.0,10,0,10,,,0.0,10,3.0,,,10,3.1,,,10,3.0,10,3.8,10,-1.4,10,2148,10
2008-02-19T22:00+00:00,5917,0,0,55,10,52,10,2.4,10,3.5,10,1001.5,10,,,86,10,0.0,10,0,10,,,0.0,10,2.9,,,10,3.1,,,10,3.1,10,3.3,10,-1.8,10,2238,10
2008-02-19T23:00+00:00,5917,0,0,155,10,32,10,0.7,10,2.0,10,1001.4,10,,,90,10,0.0,10,0,10,,,0.0,10,2.7,,,10,3.1,,,10,3.1,10,1.7,10,-2.7,10,2400,10
2008-02-20T00:00+00:00,5917,0,0,187,10,177,10,1.5,10,2.8,10,1001.2,10,,,89,10,0.0,10,0,10,,,0.0,10,2.6,,,10,3.0,,,10,3.1,10,1.0,10,-4.0,10,16,10
2008-02-20T01:00+00:00,5917,0,0,261,10,79,10,0.2,10,2.7,10,1001.0,10,,,92,10,0.0,10,0,10,,,0.0,10,2.5,,,10,3.0,,,10,3.1,10,1.3,10,-4.4,10,157,10
2008-02-20T02:00+00:00,5917,0,0,81,10,86,10,1.0,10,2.6,10,1000.5,10,,,95,10,0.0,10,0,10,,,0.0,10,2.4,,,10,2.9,,,10,3.1,10,0.4,10,-6.0,10,206,10
2008-02-20T03:00+00:00,5917,0,0,127,10,117,10,0.5,10,1.6,10,1000.0,10,,,97,10,0.0,10,0,10,,,0.0,10,2.3,,,10,2.9,,,10,3.1,10,-0.5,10,-6.2,10,340,10
2008-02-20T04:00+00:00,5917,0,0,311,10,309,10,0.8,10,1.9,10,999.9,10,,,96,10,0.0,10,0,10,,,0.0,10,2.2,,,10,2.8,,,10,3.2,10,0.0,10,-6.1,10,438,10
2008-02-20T05:00+00:00,5917,0,0,16,10,26,10,2.3,10,3.8,10,999.8,10,,,97,10,0.0,10,0,10,,,0.0,10,2.2,,,10,2.8,,,10,3.2,10,-0.7,10,-5.4,10,554,10
2008-02-20T06:00+00:00,5917,0,0,23,10,26,10,3.0,10,4.1,10,1000.0,10,,,97,10,0.0,10,0,10,,,0.0,10,2.1,,,10,2.7,,,10,3.2,10,-0.8,10,-3.3,10,618,10
2008-02-20T07:00+00:00,5917,40,0,52,10,26,10,2.2,10,3.3,10,1000.2,10,,,96,10,0.0,10,0,10,,,0.5,10,2.1,,,10,2.7,,,10,3.2,10,-0.1,10,-3.6,10,800,10
2008-02-20T08:00+00:00,5917,164,0,96,10,112,10,1.6,10,3.5,10,1000.4,10,,,92,10,0.0,10,0,10,,,0.9,10,2.1,,,10,2.6,,,10,3.1,10,1.8,10,-1.1,10,848,10
2008-02-20T09:00+00:00,5917,315,0,102,10,126,10,1.4,10,3.2,10,1000.3,10,,,84,10,0.0,10,0,10,,,1.0,10,2.3,,,10,2.6,,,10,3.1,10,3.6,10,3.2,10,905,10
2008-02-20T10:00+00:00,5917,426,0,83,10,76,10,1.8,10,4.0,10,1000.2,10,,,77,10,0.0,10,0,10,,,1.0,10,2.6,,,10,2.6,,,10,3.1,10,5.0,10,8.7,10,1026,10
2008-02-20T11:00+00:00,5917,490,0,125,10,109,10,1.3,10,4.2,10,999.8,10,,,68,10,0.0,10,0,10,,,1.0,10,2.9,,,10,2.6,,,10,3.1,10,6.5,10,14.1,10,1112,10
2008-02-20T12:00+00:00,5917,499,0,140,10,133,10,1.3,10,4.5,10,999.0,10,,,64,10,0.0,10,0,10,,,1.0,10,3.2,,,10,2.6,,,10,3.1,10,7.6,10,16.6,10,1210,10
2008-02-20T13:00+00:00,5917,448,0,83,10,60,10,0.6,10,3.7,10,998.6,10,,,62,10,0.0,10,0,10,,,1.0,10,3.4,,,10,2.6,,,10,3.1,10,8.2,10,15.8,10,1348,10
2008-02-20T14:00+00:00,5917,360,0,96,10,103,10,1.1,10,3.3,10,998.4,10,,,59,10,0.0,10,0,10,,,1.0,10,3.5,,,10,2.8,,,10,3.1,10,8.9,10,14.7,10,1422,10
2008-02-20T15:00+00:00,5917,221,0,83,10,55,10,1.3,10,3.9,10,998.1,10,,,59,10,0.0,10,0,10,,,1.0,10,3.6,,,10,2.9,,,10,3.1,10,8.9,10,13.3,10,1536,10
2008-02-20T16:00+00:00,5917,83,0,124,10,119,10,1.5,10,3.2,10,997.9,10,,,58,10,0.0,10,0,10,,,0.9,10,3.6,,,10,3.0,,,10,3.1,10,7.8,10,5.5,10,1619,10
2008-02-20T17:00+00:00,5917,4,0,142,10,135,10,1.4,10,3.1,10,998.2,10,,,62,10,0.0,10,0,10,,,0.0,10,3.5,,,10,3.1,,,10,3.1,10,5.9,10,1.1,10,1731,10
2008-02-20T18:00+00:00,5917,0,0,151,10,146,10,1.7,10,2.6,10,998.1,10,,,64,10,0.0,10,0,10,,,0.0,10,3.3,,,10,3.2,,,10,3.1,10,4.9,10,0.4,10,1832,10
2008-02-20T19:00+00:00,5917,0,0,184,10,167,10,1.4,10,2.6,10,998.2,10,,,70,10,0.0,10,0,10,,,0.0,10,3.2,,,10,3.3,,,10,3.2,10,3.5,10,-0.4,10,1910,10
2008-02-20T20:00+00:00,5917,0,0,277,10,292,10,1.5,10,2.3,10,998.5,10,,,75,10,0.0,10,0,10,,,0.0,10,3.1,,,10,3.3,,,10,3.2,10,3.7,10,-1.1,10,2039,10
2008-02-20T21:00+00:00,5917,0,0,288,10,283,10,2.1,10,2.8,10,998.6,10,,,85,10,0.0,10,0,10,,,0.0,10,3.0,,,10,3.2,,,10,3.2,10,2.3,10,-0.5,10,2159,10
2008-02-20T22:00+00:00,5917,0,0,251,10,285,10,1.4,10,2.9,10,998.8,10,,,90,10,0.0,10,0,10,,,0.0,10,2.9,,,10,3.2,,,10,3.2,10,0.0,10,-2.7,10,2300,10
2008-02-20T23:00+00:00,5917,0,0,256,10,282,10,1.6,10,3.0,10,999.1,10,,,93,10,0.0,10,0,10,,,0.0,10,2.8,,,10,3.2,,,10,3.3,10,-0.3,10,-3.8,10,2344,10
2008-02-21T00:00+00:00,5917,0,0,278,10,279,10,1.3,10,2.4,10,999.2,10,,,92,10,0.0,10,0,10,,,0.0,10,2.6,,,10,3.1,,,10,3.3,10,0.4,10,-3.9,10,100,10
2008-02-21T01:00+00:00,5917,0,0,287,10,266,10,0.5,10,2.2,10,999.3,10,,,92,10,0.0,10,0,10,,,0.0,10,2.6,,,10,3.1,,,10,3.3,10,0.3,10,-4.4,10,121,10
2008-02-21T02:00+00:00,5917,0,0,222,10,204,10,0.9,10,3.5,10,999.2,10,,,93,10,0.0,10,0,10,,,0.0,10,2.5,,,10,3.0,,,10,3.3,10,-0.6,10,-2.5,10,230,10
2008-02-21T03:00+00:00,5917,0,0,185,10,201,10,1.4,10,4.0,10,999.0,10,,,94,10,0.0,10,0,10,,,0.0,10,2.5,,,10,3.0,,,10,3.3,10,-0.1,10,-1.2,10,359,10
2008-02-21T04:00+00:00,5917,0,0,207,10,206,10,1.3,10,4.2,10,999.3,10,,,92,10,0.0,10,0,10,,,0.0,10,2.5,,,10,2.9,,,10,3.3,10,0.0,10,-0.5,10,402,10
2008-02-21T05:00+00:00,5917,0,0,224,10,215,10,0.7,10,2.9,10,999.5,10,,,86,10,0.0,10,0,10,,,0.0,10,2.5,,,10,2.9,,,10,3.3,10,1.6,10,-0.1,10,542,10
2008-02-21T06:00+00:00,5917,0,0,221,10,252,10,1.9,10,4.2,10,999.8,10,,,87,10,0.0,10,0,10,,,0.0,10,2.4,,,10,2.9,,,10,3.3,10,1.3,10,0.7,10,649,10
2008-02-21T07:00+00:00,5917,15,0,180,10,197,10,2.2,10,4.2,10,1000.1,10,,,84,10,0.0,10,0,10,,,0.0,10,2.5,,,10,2.8,,,10,3.3,10,2.4,10,1.3,10,752,10
2008-02-21T08:00+00:00,5917,45,0,195,10,202,10,3.0,10,5.6,10,1000.9,10,,,79,10,0.0,10,9,10,,,0.0,10,2.5,,,10,2.8,,,10,3.3,10,3.9,10,2.6,10,846,10
2008-02-21T09:00+00:00,5917,110,0,208,10,213,10,2.4,10,4.8,10,1001.4,10,,,76,10,0.0,10,0,10,,,0.0,10,2.6,,,10,2.8,,,10,3.3,10,5.3,10,3.3,10,909,10
2008-02-21T10:00+00:00,5917,145,0,248,10,283,10,2.4,10,10.4,10,1001.2,10,,,67,10,0.0,10,0,10,,,0.0,10,2.8,,,10,2.8,,,10,3.3,10,9.6,10,6.8,10,1047,10
2008-02-21T11:00+00:00,5917,217,0,276,10,287,10,6.4,10,11.7,10,1001.2,10,,,66,10,0.0,10,0,10,,,0.0,10,3.0,,,10,2.8,,,10,3.3,10,10.4,10,10.3,10,1120,10
2008-02-21T12:00+00:00,5917,214,0,278,10,284,10,5.5,10,9.6,10,1001.1,10,,,66,10,0.0,10,0,10,,,0.0,10,3.2,,,10,2.9,,,10,3.3,10,10.6,10,11.8,10,1250,10
2008-02-21T13:00+00:00,5917,149,0,270,10,291,10,5.1,10,9.1,10,1000.7,10,,,72,10,0.0,10,8,10,,,0.0,10,3.3,,,10,3.0,,,10,3.3,10,10.2,10,9.2,10,1350,10
2008-02-21T14:00+00:00,5917,173,0,270,10,290,10,5.9,10,12.5,10,1000.8,10,,,70,10,0.0,10,0,10,,,0.0,10,3.5,,,10,3.1,,,10,3.3,10,10.1,10,10.7,10,1459,10
2008-02-21T15:00+00:00,5917,114,0,267,10,267,10,7.0,10,12.6,10,1001.0,10,,,77,10,0.0,10,0,10,,,0.3,10,3.6,,,10,3.1,,,10,3.3,10,9.3,10,9.3,10,1559,10
2008-02-21T16:00+00:00,5917,76,0,260,10,257,10,5.8,10,12.1,10,1001.2,10,,,75,10,0.0,10,0,10,,,0.6,10,3.7,,,10,3.2,,,10,3.3,10,8.8,10,7.9,10,1601,10
2008-02-21T17:00+00:00,5917,6,0,271,10,264,10,3.2,10,6.7,10,1001.9,10,,,77,10,0.0,10,0,10,,,0.0,10,3.6,,,10,3.3,,,10,3.3,10,7.8,10,5.9,10,1709,10
2008-02-21T18:00+00:00,5917,0,0,251,10,240,10,2.5,10,3.7,10,1002.0,10,,,78,10,0.0,10,0,10,,,0.0,10,3.6,,,10,3.4,,,10,3.3,10,7.4,10,5.8,10,1844,10
2008-02-21T19:00+00:00,5917,0,0,246,10,242,10,2.6,10,3.7,10,1002.0,10,,,78,10,0.0,10,0,10,,,0.0,10,3.6,,,10,3.4,,,10,3.3,10,7.4,10,4.6,10,1922,10
2008-02-21T20:00+00:00,5917,0,0,238,10,228,10,2.1,10,4.0,10,1002.2,10,,,79,10,0.0,10,0,10,,,0.0,10,3.6,,,10,3.5,,,10,3.3,10,8.2,10,6.0,10,2044,10
2008-02-21T21:00+00:00,5917,0,0,220,10,208,10,2.4,10,4.1,10,1002.0,10,,,82,10,0.0,10,0,10,,,0.0,10,3.6,,,10,3.5,,,10,3.4,10,7.5,10,5.7,10,2157,10
2008-02-21T22:00+00:00,5917,0,0,197,10,189,10,2.9,10,5.4,10,1001.9,10,,,86,10,0.0,10,0,10,,,0.0,10,3.6,,,10,3.5,,,10,3.4,10,6.5,10,5.7,10,2258,10
2008-02-21T23:00+00:00,5917,0,0,194,10,197,10,2.8,10,4.5,10,1002.0,10,,,86,10,0.0,10,0,10,,,0.0,10,3.6,,,10,3.5,,,10,3.4,10,5.8,10,5.3,10,2316,10
2008-02-22T00:00+00:00,5917,0,0,249,10,263,10,2.4,10,8.3,10,1002.0,10,,,76,10,0.0,10,0,10,,,0.0,10,3.6,,,10,3.5,,,10,3.5,10,9.4,10,4.7,10,59,10
2008-02-22T01:00+00:00,5917,0,0,262,10,257,10,5.7,10,10.6,10,1001.8,10,,,73,10,0.0,10,0,10,,,0.0,10,3.7,,,10,3.5,,,10,3.5,10,9.9,10,8.2,10,109,10
2008-02-22T02:00+00:00,5917,0,0,267,10,289,10,5.1,10,9.5,10,1001.4,10,,,75,10,0.0,10,0,10,,,0.0,10,3.8,,,10,3.5,,,10,3.5,10,9.7,10,8.0,10,225,10
2008-02-22T03:00+00:00,5917,0,0,266,10,281,10,6.4,10,10.6,10,1001.0,10,,,73,10,0.0,10,0,10,,,0.0,10,3.8,,,10,3.6,,,10,3.5,10,9.8,10,8.7,10,354,10
2008-02-22T04:00+00:00,5917,0,0,275,10,290,10,3.9,10,9.9,10,1001.3,10,,,74,10,0.0,10,0,10,,,0.0,10,3.9,,,10,3.6,,,10,3.5,10,9.5,10,8.5,10,404,10
2008-02-22T05:00+00:00,5917,0,0,277,10,287,10,5.6,10,10.9,10,1001.0,10,,,72,10,0.0,10,0,10,,,0.0,10,3.9,,,10,3.6,,,10,3.5,10,10.2,10,8.7,10,529,10
2008-02-22T06:00+00:00,5917,0,0,267,10,264,10,6.9,10,12.2,10,1001.0,10,,,72,10,0.0,10,0,10,,,0.0,10,4.0,,,10,3.7,,,10,3.6,10,9.9,10,9.1,10,700,10
2008-02-22T07:00+00:00,5917,13,0,261,10,259,10,7.5,10,13.8,10,1001.2,10,,,68,10,0.0,10,0,10,,,0.0,10,4.0,,,10,3.7,,,10,3.6,10,10.3,10,9.1,10,717,10
2008-02-22T08:00+00:00,5917,70,0,265,10,263,10,7.1,10,15.1,10,1001.4,10,,,64,10,0.0,10,0,10,,,0.0,10,4.1,,,10,3.7,,,10,3.6,10,11.1,10,10.1,10,802,10
2008-02-22T09:00+00:00,5917,102,0,265,10,285,10,7.3,10,12.1,10,1001.5,10,,,63,10,0.0,10,4,10,,,0.0,10,4.2,,,10,3.8,,,10,3.6,10,11.5,10,10.4,10,911,10
2008-02-22T10:00+00:00,5917,98,0,261,10,275,10,6.3,10,13.1,10,1001.5,10,,,61,10,0.0,10,0,10,,,0.0,10,4.3,,,10,3.8,,,10,3.6,10,12.3,10,11.8,10,1018,10
2008-02-22T11:00+00:00,5917,104,0,258,10,265,10,6.9,10,14.4,10,1001.3,10,,,63,10,0.0,10,8,10,,,0.0,10,4.4,,,10,3.9,,,10,3.6,10,12.6,10,10.1,10,1104,10
2008-02-22T12:00+00:00,5917,96,0,260,10,261,10,7.0,10,12.9,10,1000.5,10,,,59,10,0.0,10,0,10,,,0.0,10,4.5,,,10,3.9,,,10,3.6,10,13.3,10,12.6,10,1210,10
2008-02-22T13:00+00:00,5917,167,0,257,10,282,10,6.9,10,13.6,10,999.7,10,,,51,10,0.0,10,0,10,,,0.2,10,4.7,,,10,4.0,,,10,3.7,10,15.0,10,13.5,10,1309,10
2008-02-22T14:00+00:00,5917,282,0,263,10,296,10,8.0,10,15.2,10,999.6,10,,,48,10,0.0,10,0,10,,,0.5,10,4.9,,,10,4.1,,,10,3.7,10,15.3,10,16.3,10,1430,10
2008-02-22T15:00+00:00,5917,167,0,268,10,260,10,6.3,10,12.3,10,999.6,10,,,47,10,0.0,10,0,10,,,0.3,10,5.0,,,10,4.2,,,10,3.7,10,15.5,10,15.7,10,1543,10
2008-02-22T16:00+00:00,5917,110,0,264,10,267,10,7.2,10,13.7,10,999.6,10,,,48,10,0.0,10,0,10,,,0.9,10,5.1,,,10,4.2,,,10,3.8,10,14.7,10,14.2,10,1643,10
2008-02-22T17:00+00:00,5917,4,0,266,10,258,10,5.7,10,12.9,10,999.5,10,,,49,10,0.0,10,0,10,,,0.0,10,5.1,,,10,4.3,,,10,3.8,10,14.0,10,12.6,10,1707,10
2008-02-22T18:00+00:00,5917,0,0,250,10,236,10,4.7,10,8.2,10,999.1,10,,,50,10,0.0,10,0,10,,,0.0,10,5.1,,,10,4.4,,,10,3.8,10,13.0,10,11.2,10,1824,10
2008-02-22T19:00+00:00,5917,0,0,251,10,252,10,4.1,10,7.6,10,999.1,10,,,50,10,0.0,10,0,10,,,0.0,10,5.1,,,10,4.4,,,10,3.8,10,12.5,10,10.7,10,1917,10
2008-02-22T20:00+00:00,5917,0,0,255,10,242,10,4.4,10,8.7,10,999.2,10,,,49,10,0.0,10,0,10,,,0.0,10,5.1,,,10,4.5,,,10,3.9,10,13.2,10,10.5,10,2037,10
2008-02-22T21:00+00:00,5917,0,0,256,10,272,10,4.7,10,9.3,10,999.0,10,,,50,10,0.0,10,0,10,,,0.0,10,5.1,,,10,4.5,,,10,3.9,10,13.4,10,11.4,10,2104,10
2008-02-22T22:00+00:00,5917,0,0,261,10,253,10,5.8,10,12.3,10,998.8,10,,,52,10,0.0,10,0,10,,,0.0,10,5.1,,,10,4.6,,,10,3.9,10,13.4,10,11.9,10,2256,10
2008-02-22T23:00+00:00,5917,0,0,272,10,292,10,8.0,10,17.6,10,998.5,10,,,52,10,0.0,10,0,10,,,0.0,10,5.1,,,10,4.6,,,10,4.0,10,13.6,10,12.5,10,2353,10
2008-02-23T00:00+00:00,5917,0,0,283,10,272,10,9.5,10,18.3,10,998.7,10,,,55,10,0.0,10,0,10,,,0.0,10,5.2,,,10,4.6,,,10,4.0,10,13.1,10,12.5,10,25,10
2008-02-23T01:00+00:00,5917,0,0,279,10,289,10,9.0,10,17.1,10,998.2,10,,,59,10,0.0,10,0,10,,,0.0,10,5.2,,,10,4.6,,,10,4.0,10,12.4,10,11.8,10,144,10
2008-02-23T02:00+00:00,5917,0,0,279,10,285,10,9.3,10,19.1,10,998.2,10,,,64,10,0.0,10,9,10,,,0.0,10,5.2,,,10,4.7,,,10,4.1,10,12.0,10,9.9,10,254,10
2008-02-23T03:00+00:00,5917,0,0,269,10,267,10,9.2,10,17.8,10,997.7,10,,,65,10,0.0,10,10,10,,,0.0,10,5.2,,,10,4.7,,,10,4.1,10,12.2,10,9.0,10,316,10
2008-02-23T04:00+00:00,5917,0,0,286,10,295,10,10.4,10,19.2,10,998.9,10,,,65,10,0.0,10,0,10,,,0.0,10,5.2,,,10,4.7,,,10,4.1,10,11.8,10,11.0,10,418,10
2008-02-23T05:00+00:00,5917,0,0,288,10,292,10,10.1,10,21.5,10,999.9,10,,,65,10,0.0,10,0,10,,,0.0,10,5.3,,,10,4.7,,,10,4.2,10,11.6,10,10.8,10,510,10
2008-02-23T06:00+00:00,5917,0,0,271,10,288,10,7.8,10,16.0,10,1000.2,10,,,68,10,0.0,10,0,10,,,0.0,10,5.3,,,10,4.8,,,10,4.2,10,11.1,10,10.0,10,604,10
2008-02-23T07:00+00:00,5917,18,0,285,10,271,10,7.7,10,13.7,10,1001.1,10,,,68,10,0.0,10,0,10,,,0.0,10,5.3,,,10,4.8,,,10,4.2,10,11.3,10,9.8,10,713,10
2008-02-23T08:00+00:00,5917,81,0,281,10,279,10,6.9,10,14.4,10,1001.4,10,,,65,10,0.0,10,0,10,,,0.2,10,5.3,,,10,4.8,,,10,4.2,10,12.0,10,11.0,10,813,10
2008-02-23T09:00+00:00,5917,119,0,287,10,299,10,7.3,10,15.4,10,1001.6,10,,,62,10,0.0,10,0,10,,,0.1,10,5.4,,,10,4.8,,,10,4.3,10,12.6,10,11.9,10,956,10
2008-02-23T10:00+00:00,5917,331,0,289,10,293,10,10.0,10,18.9,10,1001.5,10,,,61,10,0.0,10,0,10,,,0.7,10,5.5,,,10,4.9,,,10,4.3,10,13.2,10,13.1,10,1035,10
2008-02-23T11:00+00:00,5917,504,0,281,10,291,10,9.9,10,17.6,10,1001.6,10,,,58,10,0.0,10,0,10,,,1.0,10,5.7,,,10,4.9,,,10,4.3,10,13.7,10,16.4,10,1146,10
2008-02-23T12:00+00:00,5917,526,0,288,10,309,10,9.5,10,17.7,10,1001.4,10,,,49,10,0.0,10,0,10,,,1.0,10,5.9,,,10,5.0,,,10,4.3,10,14.4,10,17.5,10,1250,10
2008-02-23T13:00+00:00,5917,431,0,293,10,304,10,9.1,10,18.2,10,1001.4,10,,,49,10,0.0,10,0,10,,,0.9,10,6.0,,,10,5.0,,,10,4.3,10,14.1,10,16.2,10,1311,10
2008-02-23T14:00+00:00,5917,351,0,288,10,291,10,9.6,10,16.9,10,1001.3,10,,,50,10,0.0,10,0,10,,,1.0,10,6.0,,,10,5.1,,,10,4.4,10,14.2,10,16.3,10,1415,10
2008-02-23T15:00+00:00,5917,187,0,290,10,288,10,8.6,10,14.7,10,1001.8,10,,,50,10,0.0,10,0,10,,,0.9,10,6.1,,,10,5.2,,,10,4.4,10,13.6,10,14.3,10,1505,10
2008-02-23T16:00+00:00,5917,64,0,289,10,295,10,6.5,10,12.0,10,1002.1,10,,,52,10,0.0,10,0,10,,,0.3,10,6.0,,,10,5.3,,,10,4.4,10,12.6,10,11.8,10,1621,10
2008-02-23T17:00+00:00,5917,4,0,284,10,283,10,4.9,10,10.2,10,1002.7,10,,,55,10,0.0,10,0,10,,,0.0,10,6.0,,,10,5.3,,,10,4.4,10,11.3,10,9.1,10,1707,10
2008-02-23T18:00+00:00,5917,0,0,282,10,285,10,4.3,10,8.1,10,1003.3,10,,,58,10,0.0,10,0,10,,,0.0,10,5.9,,,10,5.4,,,10,4.5,10,10.8,10,8.7,10,1816,10
2008-02-23T19:00+00:00,5917,0,0,285,10,291,10,4.3,10,8.8,10,1003.6,10,,,61,10,0.0,10,0,10,,,0.0,10,5.8,,,10,5.4,,,10,4.5,10,10.4,10,8.5,10,1906,10
2008-02-23T20:00+00:00,5917,0,0,288,10,293,10,4.1,10,7.5,10,1004.1,10,,,64,10,0.0,10,0,10,,,0.0,10,5.7,,,10,5.4,,,10,4.6,10,9.7,10,7.7,10,2011,10
2008-02-23T21:00+00:00,5917,0,0,284,10,283,10,3.6,10,5.2,10,1004.2,10,,,67,10,0.0,10,0,10,,,0.0,10,5.7,,,10,5.4,,,10,4.6,10,9.3,10,7.3,10,2129,10
2008-02-23T22:00+00:00,5917,0,0,278,10,282,10,3.0,10,4.8,10,1004.4,10,,,70,10,0.0,10,0,10,,,0.0,10,5.6,,,10,5.4,,,10,4.6,10,8.8,10,6.0,10,2202,10
2008-02-23T23:00+00:00,5917,0,0,266,10,283,10,1.5,10,3.4,10,1004.0,10,,,75,10,0.0,10,0,10,,,0.0,10,5.5,,,10,5.3,,,10,4.7,10,8.3,10,2.7,10,2303,10
2008-02-24T00:00+00:00,5917,0,0,283,10,284,10,2.3,10,3.5,10,1004.0,10,,,75,10,0.0,10,0,10,,,0.0,10,5.4,,,10,5.3,,,10,4.7,10,8.8,10,6.6,10,18,10
2008-02-24T01:00+00:00,5917,0,0,151,10,159,10,1.6,10,3.1,10,1003.8,10,,,77,10,0.0,10,0,10,,,0.0,10,5.4,,,10,5.3,,,10,4.7,10,8.5,10,6.5,10,104,10
2008-02-24T02:00+00:00,5917,0,0,143,10,134,10,1.3,10,2.5,10,1003.5,10,,,78,10,0.0,10,0,10,,,0.0,10,5.3,,,10,5.2,,,10,4.7,10,8.2,10,6.1,10,235,10
2008-02-24T03:00+00:00,5917,0,0,226,10,208,10,1.1,10,2.7,10,1003.0,10,,,83,10,0.0,10,0,10,,,0.0,10,5.3,,,10,5.2,,,10,4.7,10,7.0,10,5.1,10,326,10
2008-02-24T04:00+00:00,5917,0,0,178,10,152,10,1.6,10,3.7,10,1002.9,10,,,84,10,0.0,10,0,10,,,0.0,10,5.2,,,10,5.2,,,10,4.7,10,6.2,10,2.5,10,426,10
2008-02-24T05:00+00:00,5917,0,0,188,10,196,10,2.1,10,3.3,10,1002.7,10,,,85,10,0.0,10,0,10,,,0.0,10,5.1,,,10,5.2,,,10,4.7,10,5.4,10,1.4,10,600,10
2008-02-24T06:00+00:00,5917,1,0,99,10,55,10,0.3,10,2.9,10,1002.9,10,,,87,10,0.0,10,0,10,,,0.0,10,4.9,,,10,5.1,,,10,4.8,10,4.8,10,-0.8,10,659,10
2008-02-24T07:00+00:00,5917,60,0,99,10,59,10,0.9,10,3.1,10,1003.0,10,,,88,10,0.0,10,0,10,,,0.7,10,4.9,,,10,5.1,,,10,4.8,10,4.9,10,-0.3,10,800,10
2008-02-24T08:00+00:00,5917,211,0,206,10,187,10,1.2,10,2.6,10,1002.6,10,,,77,10,0.0,10,0,10,,,1.0,10,4.9,,,10,5.0,,,10,4.8,10,8.4,10,4.3,10,840,10
2008-02-24T09:00+00:00,5917,360,0,126,10,108,10,1.0,10,2.9,10,1002.6,10,,,70,10,0.0,10,0,10,,,1.0,10,5.2,,,10,5.0,,,10,4.8,10,10.4,10,11.6,10,957,10
2008-02-24T10:00+00:00,5917,472,0,147,10,157,10,1.4,10,3.4,10,1002.0,10,,,60,10,0.0,10,0,10,,,1.0,10,5.5,,,10,5.0,,,10,4.8,10,12.6,10,18.0,10,1051,10
2008-02-24T11:00+00:00,5917,538,0,134,10,154,10,2.1,10,4.5,10,1001.3,10,,,55,10,0.0,10,0,10,,,1.0,10,5.9,,,10,5.0,,,10,4.8,10,14.3,10,21.2,10,1126,10
2008-02-24T12:00+00:00,5917,544,0,130,10,120,10,2.8,10,5.0,10,1000.2,10,,,50,10,0.0,10,0,10,,,1.0,10,6.2,,,10,5.1,,,10,4.8,10,15.9,10,23.3,10,1216,10
2008-02-24T13:00+00:00,5917,489,0,124,10,123,10,2.2,10,6.2,10,999.0,10,,,46,10,0.0,10,0,10,,,1.0,10,6.5,,,10,5.2,,,10,4.8,10,17.6,10,23.9,10,1354,10
2008-02-24T14:00+00:00,5917,384,0,120,10,143,10,3.1,10,6.1,10,998.6,10,,,46,10,0.0,10,0,10,,,1.0,10,6.7,,,10,5.3,,,10,4.8,10,17.9,10,22.7,10,1455,10
2008-02-24T15:00+00:00,5917,252,0,116,10,124,10,3.9,10,6.0,10,997.9,10,,,48,10,0.0,10,0,10,,,1.0,10,6.8,,,10,5.5,,,10,4.8,10,17.2,10,19.9,10,1502,10
2008-02-24T16:00+00:00,5917,105,0,111,10,121,10,2.7,10,5.5,10,997.5,10,,,50,10,0.0,10,0,10,,,1.0,10,6.8,,,10,5.6,,,10,4.8,10,16.1,10,13.6,10,1700,10
2008-02-24T17:00+00:00,5917,9,0,114,10,121,10,2.3,10,3.8,10,997.4,10,,,56,10,0.0,10,0,10,,,0.1,10,6.6,,,10,5.7,,,10,4.9,10,13.7,10,8.3,10,1712,10
2008-02-24T18:00+00:00,5917,0,0,129,10,123,10,1.6,10,3.1,10,997.3,10,,,59,10,0.0,10,0,10,,,0.0,10,6.4,,,10,5.8,,,10,4.9,10,12.5,10,5.1,10,1900,10
2008-02-24T19:00+00:00,5917,0,0,159,10,143,10,1.3,10,2.4,10,997.0,10,,,62,10,0.0,10,0,10,,,0.0,10,6.3,,,10,5.9,,,10,4.9,10,11.5,10,4.7,10,2000,10
2008-02-24T20:00+00:00,5917,0,0,208,10,206,10,2.1,10,3.8,10,996.8,10,,,71,10,0.0,10,0,10,,,0.0,10,6.2,,,10,5.9,,,10,5.0,10,9.4,10,4.2,10,2032,10
2008-02-24T21:00+00:00,5917,0,0,253,10,245,10,1.7,10,2.9,10,996.3,10,,,79,10,0.0,10,0,10,,,0.0,10,6.0,,,10,5.8,,,10,5.0,10,8.6,10,3.9,10,2118,10
2008-02-24T22:00+00:00,5917,0,0,250,10,289,10,1.1,10,2.1,10,996.4,10,,,84,10,0.0,10,0,10,,,0.0,10,5.9,,,10,5.8,,,10,5.0,10,7.5,10,2.3,10,2254,10
2008-02-24T23:00+00:00,5917,0,0,1,10,312,10,0.9,10,2.6,10,996.3,10,,,90,10,0.0,10,0,10,,,0.0,10,5.7,,,10,5.7,,,10,5.1,10,4.9,10,1.9,10,2314,10
2008-02-25T00:00+00:00,5917,0,0,9,10,300,10,1.1,10,3.1,10,996.3,10,,,90,10,0.0,10,0,10,,,0.0,10,5.6,,,10,5.7,,,10,5.1,10,6.3,10,1.1,10,9,10
2008-02-25T01:00+00:00,5917,0,0,49,10,33,10,0.8,10,2.5,10,996.3,10,,,92,10,0.0,10,0,10,,,0.0,10,5.4,,,10,5.6,,,10,5.1,10,5.4,10,0.2,10,200,10
2008-02-25T02:00+00:00,5917,0,0,289,10,305,10,0.4,10,2.0,10,995.9,10,,,97,10,0.0,10,0,10,,,0.0,10,5.3,,,10,5.6,,,10,5.1,10,4.4,10,-0.8,10,242,10
2008-02-25T03:00+00:00,5917,0,0,282,10,285,10,0.7,10,2.0,10,995.9,10,,,95,10,0.0,10,0,10,,,0.0,10,5.1,,,10,5.5,,,10,5.1,10,4.5,10,-1.2,10,324,10
2008-02-25T04:00+00:00,5917,0,0,273,10,290,10,0.9,10,3.1,10,995.9,10,,,97,10,0.0,10,0,10,,,0.0,10,5.0,,,10,5.4,,,10,5.1,10,3.7,10,-1.5,10,440,10
2008-02-25T05:00+00:00,5917,0,0,304,10,309,10,1.2,10,2.6,10,995.9,10,,,95,10,0.0,10,0,10,,,0.0,10,4.9,,,10,5.3,,,10,5.1,10,3.7,10,-0.9,10,522,10
2008-02-25T06:00+00:00,5917,1,0,219,10,213,10,0.4,10,3.0,10,996.2,10,,,97,10,0.0,10,0,10,,,0.0,10,4.8,,,10,5.3,,,10,5.1,10,1.7,10,-1.9,10,645,10
2008-02-25T07:00+00:00,5917,60,0,207,10,196,10,1.5,10,3.1,10,996.6,10,,,92,10,0.0,10,0,10,,,0.8,10,4.7,,,10,5.2,,,10,5.1,10,3.3,10,-0.7,10,751,10
2008-02-25T08:00+00:00,5917,214,0,182,10,186,10,1.1,10,3.2,10,996.7,10,,,80,10,0.0,10,0,10,,,1.0,10,4.8,,,10,5.1,,,10,5.1,10,7.6,10,2.5,10,802,10
2008-02-25T09:00+00:00,5917,363,0,299,10,303,10,1.6,10,13.6,10,996.9,10,,,42,10,0.0,10,0,10,,,1.0,10,5.1,,,10,5.0,,,10,5.1,10,16.2,10,9.9,10,959,10
2008-02-25T10:00+00:00,5917,481,0,283,10,293,10,8.7,10,17.0,10,996.8,10,,,40,10,0.0,10,0,10,,,1.0,10,5.4,,,10,5.0,,,10,5.1,10,17.0,10,18.0,10,1045,10
2008-02-25T11:00+00:00,5917,556,0,279,10,275,10,10.2,10,19.1,10,996.6,10,,,40,10,0.0,10,0,10,,,1.0,10,5.7,,,10,5.0,,,10,5.1,10,17.6,10,20.4,10,1115,10
2008-02-25T12:00+00:00,5917,538,0,290,10,294,10,10.3,10,18.2,10,996.6,10,,,42,10,0.0,10,0,10,,,0.9,10,5.9,,,10,5.1,,,10,5.1,10,17.2,10,18.1,10,1235,10
2008-02-25T13:00+00:00,5917,217,0,281,10,294,10,10.5,10,17.3,10,996.5,10,,,44,10,0.0,10,0,10,,,0.1,10,6.0,,,10,5.2,,,10,5.0,10,17.2,10,17.7,10,1323,10
2008-02-25T14:00+00:00,5917,202,0,278,10,271,10,8.4,10,14.0,10,996.7,10,,,44,10,0.0,10,0,10,,,0.2,10,6.1,,,10,5.3,,,10,5.0,10,17.4,10,18.0,10,1423,10
2008-02-25T15:00+00:00,5917,139,0,275,10,292,10,6.8,10,12.5,10,997.0,10,,,45,10,0.0,10,0,10,,,0.2,10,6.3,,,10,5.4,,,10,5.0,10,17.2,10,17.2,10,1502,10
2008-02-25T16:00+00:00,5917,81,0,290,10,305,10,5.2,10,11.6,10,997.7,10,,,45,10,0.0,10,0,10,,,0.3,10,6.4,,,10,5.5,,,10,5.1,10,16.6,10,16.0,10,1654,10
2008-02-25T17:00+00:00,5917,3,0,349,10,343,10,4.8,10,8.4,10,998.5,10,,,57,10,0.0,10,0,10,,,0.0,10,6.4,,,10,5.6,,,10,5.1,10,13.7,10,12.2,10,1711,10
2008-02-25T18:00+00:00,5917,0,0,351,10,360,10,4.5,10,7.0,10,998.9,10,,,62,10,0.0,10,0,10,,,0.0,10,6.3,,,10,5.7,,,10,5.1,10,12.3,10,10.0,10,1812,10
2008-02-25T19:00+00:00,5917,0,0,331,10,360,10,2.1,10,5.5,10,998.8,10,,,68,10,0.0,10,0,10,,,0.0,10,6.2,,,10,5.7,,,10,5.1,10,11.2,10,6.7,10,2000,10
2008-02-25T20:00+00:00,5917,0,0,322,10,320,10,1.9,10,4.6,10,998.7,10,,,75,10,0.0,10,0,10,,,0.0,10,6.1,,,10,5.8,,,10,5.1,10,9.5,10,4.9,10,2057,10
2008-02-25T21:00+00:00,5917,0,0,311,10,325,10,2.1,10,4.8,10,999.0,10,,,79,10,0.0,10,0,10,,,0.0,10,6.0,,,10,5.8,,,10,5.1,10,8.4,10,5.3,10,2200,10
2008-02-25T22:00+00:00,5917,0,0,244,10,212,10,2.0,10,3.7,10,998.7,10,,,84,10,0.0,10,0,10,,,0.0,10,5.9,,,10,5.8,,,10,5.2,10,7.4,10,4.6,10,2208,10
2008-02-25T23:00+00:00,5917,0,0,275,10,229,10,1.4,10,3.2,10,998.5,10,,,88,10,0.0,10,0,10,,,0.0,10,5.8,,,10,5.7,,,10,5.2,10,6.2,10,3.1,10,2359,10
2008-02-26T00:00+00:00,5917,0,0,233,10,228,10,1.5,10,3.2,10,998.4,10,,,89,10,0.0,10,0,10,,,0.0,10,5.6,,,10,5.7,,,10,5.2,10,6.4,10,2.3,10,100,10
2008-02-26T01:00+00:00,5917,0,0,238,10,241,10,1.6,10,2.4,10,998.0,10,,,93,10,0.0,10,0,10,,,0.0,10,5.5,,,10,5.7,,,10,5.3,10,5.3,10,1.5,10,145,10
2008-02-26T02:00+00:00,5917,0,0,255,10,240,10,2.0,10,2.8,10,997.3,10,,,95,10,0.0,10,0,10,,,0.0,10,5.4,,,10,5.6,,,10,5.3,10,4.9,10,2.1,10,214,10
2008-02-26T03:00+00:00,5917,0,0,222,10,248,10,1.2,10,2.4,10,997.1,10,,,96,10,0.0,10,0,10,,,0.0,10,5.3,,,10,5.6,,,10,5.3,10,3.5,10,0.0,10,301,10
2008-02-26T04:00+00:00,5917,0,0,166,10,171,10,0.7,10,2.4,10,996.7,10,,,96,10,0.0,10,0,10,,,0.0,10,5.1,,,10,5.5,,,10,5.3,10,3.5,10,-0.5,10,438,10
2008-02-26T05:00+00:00,5917,0,0,157,10,152,10,0.8,10,2.3,10,996.3,10,,,99,10,0.0,10,0,10,,,0.0,10,5.0,,,10,5.4,,,10,5.3,10,2.3,10,-1.5,10,558,10
2008-02-26T06:00+00:00,5917,3,0,222,10,158,10,0.6,10,1.8,10,996.2,10,,,98,10,0.0,10,0,10,,,0.0,10,4.9,,,10,5.4,,,10,5.3,10,2.4,10,-2.0,10,602,10
2008-02-26T07:00+00:00,5917,55,0,197,10,169,10,1.1,10,2.5,10,996.0,10,,,95,10,0.0,10,0,10,,,0.6,10,4.9,,,10,5.3,,,10,5.3,10,3.3,10,-1.6,10,759,10
2008-02-26T08:00+00:00,5917,200,0,182,10,168,10,1.0,10,2.5,10,995.9,10,,,87,10,0.0,10,0,10,,,1.0,10,4.9,,,10,5.2,,,10,5.3,10,6.1,10,2.9,10,802,10
2008-02-26T09:00+00:00,5917,350,0,169,10,167,10,1.3,10,3.0,10,995.5,10,,,76,10,0.0,10,0,10,,,1.0,10,5.1,,,10,5.2,,,10,5.3,10,9.3,10,9.3,10,947,10
2008-02-26T10:00+00:00,5917,461,0,169,10,203,10,1.9,10,4.8,10,994.7,10,,,66,10,0.0,10,0,10,,,1.0,10,5.5,,,10,5.1,,,10,5.3,10,11.9,10,15.4,10,1034,10
2008-02-26T11:00+00:00,5917,525,0,135,10,105,10,1.6,10,3.6,10,993.8,10,,,57,10,0.0,10,0,10,,,1.0,10,5.9,,,10,5.2,,,10,5.2,10,14.3,10,19.9,10,1145,10
2008-02-26T12:00+00:00,5917,531,0,150,10,126,10,1.4,10,5.2,10,992.9,10,,,52,10,0.0,10,1,10,,,1.0,10,6.3,,,10,5.3,,,10,5.2,10,15.8,10,24.5,10,1211,10
2008-02-26T13:00+00:00,5917,484,0,123,10,100,10,2.2,10,4.7,10,992.0,10,,,49,10,0.0,10,1,10,,,1.0,10,6.6,,,10,5.4,,,10,5.2,10,16.4,10,23.4,10,1335,10
2008-02-26T14:00+00:00,5917,380,0,149,10,159,10,1.5,10,4.5,10,991.4,10,,,48,10,0.0,10,0,10,,,1.0,10,6.8,,,10,5.5,,,10,5.2,10,16.7,10,21.9,10,1413,10
2008-02-26T15:00+00:00,5917,244,0,144,10,135,10,2.8,10,5.6,10,990.7,10,,,49,10,0.0,10,0,10,,,1.0,10,6.9,,,10,5.7,,,10,5.2,10,16.0,10,17.9,10,1548,10
2008-02-26T16:00+00:00,5917,96,0,140,10,138,10,3.7,10,5.7,10,990.2,10,,,52,10,0.0,10,0,10,,,1.0,10,6.9,,,10,5.8,,,10,5.2,10,14.1,10,13.0,10,1628,10
2008-02-26T17:00+00:00,5917,9,0,149,10,149,10,3.1,10,5.2,10,990.0,10,,,60,10,0.0,10,0,10,,,0.0,10,6.7,,,10,6.0,,,10,5.3,10,12.0,10,7.8,10,1701,10
2008-02-26T18:00+00:00,5917,0,0,189,10,158,10,1.8,10,3.0,10,989.9,10,,,64,10,0.0,10,0,10,,,0.0,10,6.6,,,10,6.1,,,10,5.3,10,10.6,10,4.4,10,1900,10
2008-02-26T19:00+00:00,5917,0,0,193,10,202,10,2.2,10,3.8,10,989.6,10,,,65,10,0.0,10,0,10,,,0.0,10,6.5,,,10,6.1,,,10,5.3,10,10.9,10,4.2,10,1909,10
2008-02-26T20:00+00:00,5917,0,0,231,10,215,10,1.0,10,2.3,10,989.2,10,,,65,10,0.0,10,0,10,,,0.0,10,6.3,,,10,6.1,,,10,5.4,10,11.1,10,2.0,10,2002,10
2008-02-26T21:00+00:00,5917,0,0,255,10,294,10,1.1,10,2.1,10,989.2,10,,,73,10,0.0,10,0,10,,,0.0,10,6.2,,,10,6.1,,,10,5.4,10,8.8,10,2.9,10,2153,10
2008-02-26T22:00+00:00,5917,0,0,222,10,280,10,0.6,10,2.0,10,988.9,10,,,84,10,0.0,10,0,10,,,0.0,10,6.0,,,10,6.0,,,10,5.4,10,7.1,10,2.2,10,2216,10
2008-02-26T23:00+00:00,5917,0,0,209,10,214,10,1.5,10,3.0,10,988.8,10,,,89,10,0.0,10,0,10,,,0.0,10,5.9,,,10,6.0,,,10,5.4,10,6.1,10,2.5,10,2358,10
2008-02-27T00:00+00:00,5917,0,0,220,10,227,10,1.7,10,3.0,10,988.5,10,,,92,10,0.0,10,0,10,,,0.0,10,5.8,,,10,5.9,,,10,5.5,10,4.7,10,2.6,10,1,10
2008-02-27T01:00+00:00,5917,0,0,234,10,244,10,1.2,10,2.4,10,988.6,10,,,91,10,0.0,10,0,10,,,0.0,10,5.7,,,10,5.9,,,10,5.5,10,5.7,10,0.6,10,101,10
2008-02-27T02:00+00:00,5917,0,0,197,10,161,10,1.2,10,2.6,10,988.0,10,,,91,10,0.0,10,0,10,,,0.0,10,5.6,,,10,5.8,,,10,5.5,10,5.8,10,1.4,10,250,10
2008-02-27T03:00+00:00,5917,0,0,191,10,294,10,1.4,10,4.4,10,987.7,10,,,93,10,0.0,10,0,10,,,0.0,10,5.5,,,10,5.7,,,10,5.5,10,4.1,10,1.8,10,356,10
2008-02-27T04:00+00:00,5917,0,0,270,10,285,10,4.5,10,13.1,10,988.1,10,,,65,10,0.0,10,0,10,,,0.0,10,5.5,,,10,5.7,,,10,5.5,10,12.4,10,2.1,10,453,10
2008-02-27T05:00+00:00,5917,0,0,275,10,301,10,6.4,10,12.1,10,988.7,10,,,75,10,0.0,10,0,10,,,0.0,10,5.6,,,10,5.6,,,10,5.5,10,11.6,10,10.8,10,522,10
2008-02-27T06:00+00:00,5917,0,0,275,10,277,10,4.4,10,10.3,10,988.8,10,,,78,10,0.0,10,0,10,,,0.0,10,5.7,,,10,5.6,,,10,5.5,10,11.6,10,9.7,10,700,10
2008-02-27T07:00+00:00,5917,34,0,273,10,267,10,5.7,10,10.6,10,989.2,10,,,77,10,0.0,10,0,10,,,0.0,10,5.7,,,10,5.6,,,10,5.5,10,12.1,10,10.9,10,753,10
2008-02-27T08:00+00:00,5917,114,0,269,10,257,10,6.6,10,12.4,10,989.6,10,,,73,10,0.0,10,0,10,,,0.0,10,5.8,,,10,5.6,,,10,5.5,10,12.9,10,11.9,10,827,10
2008-02-27T09:00+00:00,5917,264,0,273,10,275,10,7.5,10,13.9,10,990.0,10,,,68,10,0.0,10,0,10,,,0.6,10,6.0,,,10,5.6,,,10,5.5,10,13.4,10,13.8,10,944,10
2008-02-27T10:00+00:00,5917,205,0,274,10,278,10,7.9,10,15.1,10,990.0,10,,,65,10,0.0,10,0,10,,,0.2,10,6.1,,,10,5.7,,,10,5.5,10,14.0,10,13.9,10,1033,10
2008-02-27T11:00+00:00,5917,512,0,273,10,286,10,10.8,10,18.5,10,990.7,10,,,58,10,0.0,10,0,10,,,0.9,10,6.4,,,10,5.7,,,10,5.5,10,13.5,10,16.9,10,1150,10
2008-02-27T12:00+00:00,5917,440,0,277,10,284,10,10.3,10,18.8,10,990.7,10,,,63,10,0.0,10,0,10,,,0.8,10,6.5,,,10,5.8,,,10,5.5,10,12.2,10,13.5,10,1219,10
2008-02-27T13:00+00:00,5917,230,0,272,10,262,10,12.6,10,22.2,10,990.7,10,,,52,10,0.0,10,0,10,,,0.3,10,6.4,,,10,5.8,,,10,5.5,10,12.0,10,12.8,10,1351,10
2008-02-27T14:00+00:00,5917,227,0,275,10,281,10,11.5,10,18.7,10,991.4,10,,,50,10,0.0,10,0,10,,,0.1,10,6.5,,,10,5.9,,,10,5.5,10,11.7,10,12.5,10,1410,10
2008-02-27T15:00+00:00,5917,154,0,276,10,273,10,9.9,10,17.1,10,992.0,10,,,53,10,0.0,10,0,10,,,0.1,10,6.5,,,10,6.0,,,10,5.5,10,11.2,10,11.6,10,1521,10
2008-02-27T16:00+00:00,5917,102,0,276,10,273,10,9.3,10,15.4,10,992.5,10,,,56,10,0.0,10,0,10,,,0.6,10,6.5,,,10,6.0,,,10,5.5,10,10.5,10,10.4,10,1640,10
2008-02-27T17:00+00:00,5917,10,0,277,10,280,10,8.5,10,14.4,10,993.4,10,,,60,10,0.0,10,0,10,,,0.2,10,6.4,,,10,6.1,,,10,5.5,10,9.5,10,8.3,10,1732,10
2008-02-27T18:00+00:00,5917,0,0,280,10,273,10,6.8,10,12.5,10,994.4,10,,,65,10,0.0,10,0,10,,,0.0,10,6.4,,,10,6.1,,,10,5.6,10,8.8,10,7.4,10,1820,10
2008-02-27T19:00+00:00,5917,0,0,291,10,292,10,5.1,10,8.8,10,995.2,10,,,69,10,0.0,10,0,10,,,0.0,10,6.3,,,10,6.1,,,10,5.6,10,8.4,10,6.9,10,1921,10
2008-02-27T20:00+00:00,5917,0,0,292,10,297,10,4.7,10,9.0,10,996.2,10,,,68,10,0.0,10,0,10,,,0.0,10,6.2,,,10,6.1,,,10,5.6,10,8.2,10,6.2,10,2057,10
2008-02-27T21:00+00:00,5917,0,0,298,10,301,10,4.9,10,10.3,10,996.7,10,,,60,10,0.0,10,0,10,,,0.0,10,6.1,,,10,6.1,,,10,5.6,10,8.5,10,6.8,10,2113,10
2008-02-27T22:00+00:00,5917,0,0,299,10,297,10,3.2,10,7.7,10,997.0,10,,,58,10,0.0,10,0,10,,,0.0,10,6.1,,,10,6.0,,,10,5.6,10,8.4,10,7.4,10,2208,10
2008-02-27T23:00+00:00,5917,0,0,282,10,283,10,4.3,10,8.0,10,997.0,10,,,57,10,0.0,10,0,10,,,0.0,10,6.1,,,10,6.0,,,10,5.6,10,8.4,10,7.4,10,2330,10
2008-02-28T00:00+00:00,5917,0,0,282,10,290,10,4.2,10,7.6,10,997.1,10,,,58,10,0.0,10,0,10,,,0.0,10,6.0,,,10,6.0,,,10,5.7,10,8.3,10,7.4,10,56,10
2008-02-28T01:00+00:00,5917,0,0,287,10,294,10,4.9,10,9.3,10,997.4,10,,,59,10,0.0,10,0,10,,,0.0,10,6.0,,,10,6.0,,,10,5.7,10,8.2,10,7.3,10,126,10
2008-02-28T02:00+00:00,5917,0,0,283,10,264,10,4.6,10,8.9,10,997.5,10,,,60,10,0.0,10,0,10,,,0.0,10,6.0,,,10,6.0,,,10,5.7,10,8.0,10,7.3,10,203,10
2008-02-28T03:00+00:00,5917,0,0,293,10,295,10,5.1,10,10.7,10,997.7,10,,,61,10,0.0,10,0,10,,,0.0,10,5.9,,,10,5.9,,,10,5.7,10,7.9,10,7.2,10,345,10
2008-02-28T04:00+00:00,5917,0,0,290,10,315,10,4.9,10,9.0,10,998.1,10,,,63,10,0.0,10,0,10,,,0.0,10,5.9,,,10,5.9,,,10,5.7,10,7.6,10,6.7,10,415,10
2008-02-28T05:00+00:00,5917,0,0,287,10,298,10,4.0,10,7.7,10,998.6,10,,,63,10,0.0,10,0,10,,,0.0,10,5.8,,,10,5.9,,,10,5.7,10,7.2,10,5.9,10,501,10
2008-02-28T06:00+00:00,5917,1,0,285,10,289,10,3.2,10,5.8,10,999.1,10,,,64,10,0.0,10,0,10,,,0.0,10,5.8,,,10,5.9,,,10,5.7,10,7.0,10,6.0,10,636,10
2008-02-28T07:00+00:00,5917,54,0,286,10,293,10,3.2,10,5.8,10,999.8,10,,,63,10,0.0,10,0,10,,,0.0,10,5.8,,,10,5.8,,,10,5.7,10,7.6,10,6.1,10,729,10
2008-02-28T08:00+00:00,5917,148,0,282,10,294,10,3.4,10,6.0,10,1000.3,10,,,60,10,0.0,10,0,10,,,0.4,10,5.8,,,10,5.8,,,10,5.7,10,8.5,10,7.7,10,835,10
2008-02-28T09:00+00:00,5917,363,0,293,10,269,10,3.2,10,8.8,10,1000.4,10,,,52,10,0.0,10,0,10,,,1.0,10,6.0,,,10,5.8,,,10,5.7,10,10.0,10,10.0,10,958,10
2008-02-28T10:00+00:00,5917,253,0,291,10,300,10,4.9,10,9.7,10,1000.3,10,,,50,10,0.0,10,0,10,,,0.2,10,6.0,,,10,5.8,,,10,5.7,10,10.1,10,11.1,10,1021,10
2008-02-28T11:00+00:00,5917,496,0,285,10,279,10,5.0,10,10.5,10,999.8,10,,,48,10,0.0,10,0,10,,,1.0,10,6.2,,,10,5.8,,,10,5.7,10,10.9,10,13.2,10,1143,10
2008-02-28T12:00+00:00,5917,479,0,286,10,290,10,4.3,10,9.8,10,999.0,10,,,47,10,0.0,10,0,10,,,0.9,10,6.4,,,10,5.8,,,10,5.7,10,12.2,10,14.5,10,1226,10
2008-02-28T13:00+00:00,5917,520,0,293,10,302,10,4.7,10,10.8,10,997.9,10,,,47,10,0.0,10,0,10,,,1.0,10,6.6,,,10,5.9,,,10,5.7,10,12.6,10,17.5,10,1333,10
2008-02-28T14:00+00:00,5917,399,0,306,10,309,10,3.7,10,8.7,10,997.7,10,,,46,10,0.0,10,0,10,,,1.0,10,6.7,,,10,6.0,,,10,5.7,10,13.1,10,16.6,10,1427,10
2008-02-28T15:00+00:00,5917,129,0,300,10,313,10,2.8,10,6.7,10,997.6,10,,,46,10,0.0,10,0,10,,,0.4,10,6.7,,,10,6.1,,,10,5.7,10,12.3,10,12.1,10,1510,10
2008-02-28T16:00+00:00,5917,93,0,294,10,291,10,0.8,10,3.8,10,997.6,10,,,47,10,0.0,10,0,10,,,0.7,10,6.7,,,10,6.1,,,10,5.7,10,11.9,10,9.2,10,1642,10
2008-02-28T17:00+00:00,5917,10,0,122,10,120,10,1.7,10,4.0,10,997.8,10,,,50,10,0.0,10,0,10,,,0.0,10,6.6,,,10,6.2,,,10,5.7,10,10.3,10,5.1,10,1722,10
2008-02-28T18:00+00:00,5917,0,0,130,10,141,10,1.6,10,2.5,10,998.0,10,,,59,10,0.0,10,0,10,,,0.0,10,6.4,,,10,6.2,,,10,5.7,10,8.7,10,3.4,10,1835,10
2008-02-28T19:00+00:00,5917,0,0,202,10,165,10,1.0,10,2.0,10,998.2,10,,,64,10,0.0,10,0,10,,,0.0,10,6.2,,,10,6.2,,,10,5.7,10,8.0,10,0.7,10,1959,10
2008-02-28T20:00+00:00,5917,0,0,242,10,285,10,0.8,10,2.5,10,998.5,10,,,69,10,0.0,10,0,10,,,0.0,10,6.1,,,10,6.2,,,10,5.8,10,6.7,10,1.1,10,2034,10
2008-02-28T21:00+00:00,5917,0,0,321,10,302,10,1.7,10,3.3,10,998.6,10,,,65,10,0.0,10,0,10,,,0.0,10,6.0,,,10,6.2,,,10,5.8,10,6.9,10,1.9,10,2123,10
2008-02-28T22:00+00:00,5917,0,0,306,10,27,10,1.3,10,2.8,10,998.8,10,,,73,10,0.0,10,0,10,,,0.0,10,5.9,,,10,6.1,,,10,5.8,10,5.3,10,1.0,10,2202,10
2008-02-28T23:00+00:00,5917,0,0,276,10,292,10,1.9,10,3.1,10,998.9,10,,,74,10,0.0,10,0,10,,,0.0,10,5.8,,,10,6.1,,,10,5.8,10,5.8,10,2.5,10,2314,10
2008-02-29T00:00+00:00,5917,0,0,284,10,302,10,2.0,10,3.2,10,998.8,10,,,76,10,0.0,10,0,10,,,0.0,10,5.7,,,10,6.0,,,10,5.8,10,5.3,10,2.3,10,58,10
2008-02-29T01:00+00:00,5917,0,0,296,10,322,10,2.4,10,3.8,10,998.1,10,,,77,10,0.0,10,0,10,,,0.0,10,5.6,,,10,5.9,,,10,5.8,10,4.8,10,2.2,10,131,10
2008-02-29T02:00+00:00,5917,0,0,283,10,293,10,2.6,10,3.7,10,997.6,10,,,81,10,0.0,10,0,10,,,0.0,10,5.5,,,10,5.9,,,10,5.8,10,4.1,10,1.7,10,208,10
2008-02-29T03:00+00:00,5917,0,0,261,10,281,10,1.8,10,3.4,10,997.5,10,,,87,10,0.0,10,0,10,,,0.0,10,5.4,,,10,5.8,,,10,5.8,10,2.5,10,-0.3,10,319,10
2008-02-29T04:00+00:00,5917,0,0,191,10,197,10,1.2,10,2.4,10,997.1,10,,,91,10,0.0,10,0,10,,,0.0,10,5.3,,,10,5.8,,,10,5.8,10,2.6,10,-1.1,10,431,10
2008-02-29T05:00+00:00,5917,0,0,219,10,212,10,0.9,10,2.2,10,997.3,10,,,94,10,0.0,10,0,10,,,0.0,10,5.2,,,10,5.7,,,10,5.8,10,2.1,10,0.5,10,532,10
2008-02-29T06:00+00:00,5917,0,0,199,10,67,10,0.3,10,3.4,10,996.9,10,,,97,10,0.2,10,25,10,,,0.0,10,5.2,,,10,5.6,,,10,5.8,10,2.6,10,1.9,10,613,10
2008-02-29T07:00+00:00,5917,15,0,207,10,212,10,0.7,10,1.7,10,996.9,10,,,97,10,0.2,10,32,10,,,0.0,10,5.2,,,10,5.6,,,10,5.8,10,3.0,10,2.4,10,742,10
2008-02-29T08:00+00:00,5917,64,0,203,10,147,10,1.1,10,3.4,10,996.7,10,,,95,10,0.5,10,60,10,,,0.0,10,5.2,,,10,5.6,,,10,5.8,10,3.7,10,3.4,10,834,10
2008-02-29T09:00+00:00,5917,132,0,204,10,295,10,0.3,10,1.8,10,996.2,10,,,93,10,0.5,10,60,10,,,0.0,10,5.3,,,10,5.5,,,10,5.7,10,5.1,10,4.3,10,908,10
2008-02-29T10:00+00:00,5917,128,0,194,10,160,10,1.1,10,2.4,10,995.5,10,,,94,10,0.4,10,55,10,,,0.0,10,5.4,,,10,5.5,,,10,5.7,10,6.2,10,6.5,10,1007,10
2008-02-29T11:00+00:00,5917,218,0,169,10,188,10,2.3,10,4.6,10,994.4,10,,,88,10,0.3,10,58,10,,,0.0,10,5.5,,,10,5.5,,,10,5.7,10,7.7,10,7.3,10,1154,10
2008-02-29T12:00+00:00,5917,155,0,167,10,170,10,2.4,10,4.2,10,993.6,10,,,90,10,0.4,10,60,10,,,0.0,10,5.6,,,10,5.6,,,10,5.7,10,8.0,10,8.0,10,1201,10
2008-02-29T13:00+00:00,5917,126,0,162,10,159,10,2.2,10,3.7,10,992.6,10,,,91,10,0.4,10,60,10,,,0.0,10,5.7,,,10,5.6,,,10,5.7,10,8.2,10,8.3,10,1301,10
2008-02-29T14:00+00:00,5917,92,0,148,10,151,10,2.4,10,4.2,10,991.8,10,,,90,10,0.4,10,55,10,,,0.0,10,5.8,,,10,5.7,,,10,5.7,10,8.1,10,8.2,10,1438,10
2008-02-29T15:00+00:00,5917,60,0,152,10,151,10,2.5,10,4.6,10,991.2,10,,,88,10,0.0,10,0,10,,,0.0,10,5.9,,,10,5.7,,,10,5.7,10,8.1,10,7.6,10,1510,10
2008-02-29T16:00+00:00,5917,13,0,173,10,159,10,2.6,10,5.4,10,990.7,10,,,89,10,0.0,10,0,10,,,0.0,10,6.0,,,10,5.8,,,10,5.7,10,8.0,10,7.2,10,1651,10
2008-02-29T17:00+00:00,5917,1,0,181,10,189,10,3.1,10,5.6,10,990.1,10,,,92,10,0.3,10,41,10,,,0.0,10,6.0,,,10,5.8,,,10,5.7,10,7.8,10,6.9,10,1756,10
2008-02-29T18:00+00:00,5917,0,0,195,10,188,10,3.5,10,6.5,10,990.0,10,,,84,10,0.0,10,6,10,,,0.0,10,6.0,,,10,5.9,,,10,5.7,10,9.5,10,6.8,10,1801,10
2008-02-29T19:00+00:00,5917,0,0,257,10,262,10,5.0,10,12.2,10,989.9,10,,,76,10,0.0,10,3,10,,,0.0,10,6.1,,,10,5.9,,,10,5.7,10,11.9,10,7.5,10,1930,10
2008-02-29T20:00+00:00,5917,0,0,269,10,281,10,5.2,10,10.2,10,989.2,10,,,84,10,0.2,10,25,10,,,0.0,10,6.1,,,10,5.9,,,10,5.7,10,11.1,10,9.2,10,2003,10
2008-02-29T21:00+00:00,5917,0,0,259,10,254,10,4.8,10,11.1,10,988.4,10,,,74,10,0.0,10,5,10,,,0.0,10,6.1,,,10,6.0,,,10,5.7,10,12.0,10,9.2,10,2153,10
2008-02-29T22:00+00:00,5917,0,0,260,10,265,10,5.3,10,11.0,10,987.0,10,,,76,10,0.0,10,0,10,,,0.0,10,6.2,,,10,6.0,,,10,5.7,10,11.4,10,9.6,10,2205,10
2008-02-29T23:00+00:00,5917,0,0,220,10,208,10,4.5,10,8.0,10,986.2,10,,,84,10,0.0,10,0,10,,,0.0,10,6.2,,,10,6.0,,,10,5.7,10,10.5,10,9.5,10,2341,10
2008-03-01T00:00+00:00,5917,0,0,204,10,210,10,4.6,10,7.1,10,984.0,10,,,87,10,0.0,10,0,10,,,0.0,10,6.2,,,10,6.0,,,10,5.8,10,9.9,10,9.0,10,1,10
2008-03-01T01:00+00:00,5917,0,0,193,10,196,10,4.6,10,7.9,10,982.5,10,,,91,10,0.0,10,0,10,,,0.0,10,6.3,,,10,6.1,,,10,5.8,10,9.2,10,8.3,10,112,10
2008-03-01T02:00+00:00,5917,0,0,206,10,239,10,5.0,10,10.8,10,980.8,10,,,75,10,0.0,10,11,10,,,0.0,10,6.3,,,10,6.1,,,10,5.8,10,11.4,10,8.5,10,249,10
2008-03-01T03:00+00:00,5917,0,0,210,10,237,10,4.0,10,11.0,10,979.2,10,,,81,10,0.2,10,34,10,,,0.0,10,6.3,,,10,6.1,,,10,5.8,10,10.3,10,8.4,10,400,10
2008-03-01T04:00+00:00,5917,0,0,193,10,202,10,3.4,10,8.2,10,978.0,10,,,84,10,0.0,10,0,10,,,0.0,10,6.3,,,10,6.1,,,10,5.8,10,9.6,10,8.2,10,427,10
2008-03-01T05:00+00:00,5917,0,0,189,10,184,10,3.0,10,6.1,10,975.9,10,,,84,10,0.0,10,0,10,,,0.0,10,6.3,,,10,6.1,,,10,5.8,10,9.0,10,7.8,10,502,10
2008-03-01T06:00+00:00,5917,0,0,186,10,187,10,2.0,10,4.6,10,974.4,10,,,84,10,0.0,10,0,10,,,0.0,10,6.3,,,10,6.2,,,10,5.8,10,9.0,10,7.6,10,624,10
2008-03-01T07:00+00:00,5917,9,0,161,10,140,10,2.8,10,4.9,10,972.6,10,,,86,10,0.0,10,0,10,,,0.0,10,6.3,,,10,6.2,,,10,5.8,10,8.5,10,7.7,10,741,10
2008-03-01T08:00+00:00,5917,46,0,192,10,183,10,2.7,10,5.0,10,971.4,10,,,80,10,0.0,10,0,10,,,0.0,10,6.3,,,10,6.2,,,10,5.9,10,9.7,10,7.8,10,805,10
2008-03-01T09:00+00:00,5917,49,0,200,10,212,10,4.9,10,8.9,10,970.3,10,,,70,10,0.0,10,0,10,,,0.0,10,6.4,,,10,6.2,,,10,5.9,10,11.2,10,9.6,10,953,10
2008-03-01T10:00+00:00,5917,188,0,249,10,243,10,9.0,10,21.7,10,967.6,10,,,57,10,0.0,10,0,10,,,0.2,10,6.5,,,10,6.2,,,10,5.9,10,15.5,10,10.7,10,1050,10
2008-03-01T11:00+00:00,5917,514,0,266,10,267,10,15.0,10,29.1,10,966.0,10,,,49,10,0.0,10,0,10,,,0.9,10,6.7,,,10,6.2,,,10,5.9,10,16.8,10,17.0,10,1125,10
2008-03-01T12:00+00:00,5917,43,0,299,10,319,10,11.6,10,27.8,10,973.8,10,,,88,10,2.9,10,50,10,,,0.0,10,6.5,,,10,6.2,,,10,5.9,10,5.8,10,4.3,10,1211,10
2008-03-01T13:00+00:00,5917,108,0,270,10,266,10,9.3,10,15.9,10,974.2,10,,,76,10,0.1,10,12,10,,,0.0,10,6.4,,,10,6.3,,,10,5.9,10,8.3,10,5.0,10,1301,10
2008-03-01T14:00+00:00,5917,393,0,271,10,280,10,11.8,10,23.8,10,974.7,10,,,68,10,0.0,10,0,10,,,0.8,10,6.5,,,10,6.3,,,10,5.9,10,8.5,10,7.9,10,1459,10
2008-03-01T15:00+00:00,5917,150,0,271,10,287,10,13.0,10,22.4,10,975.3,10,,,69,10,0.0,10,11,10,,,0.2,10,6.5,,,10,6.3,,,10,5.9,10,7.5,10,6.5,10,1548,10
2008-03-01T16:00+00:00,5917,33,0,266,10,267,10,11.4,10,20.0,10,974.9,10,,,70,10,0.0,10,19,10,,,0.0,10,6.4,,,10,6.3,,,10,6.0,10,7.6,10,5.8,10,1642,10
2008-03-01T17:00+00:00,5917,12,0,264,10,258,10,10.6,10,20.0,10,975.3,10,,,67,10,0.0,10,0,10,,,0.1,10,6.4,,,10,6.3,,,10,6.0,10,8.1,10,6.8,10,1713,10
2008-03-01T18:00+00:00,5917,0,0,275,10,290,10,11.2,10,19.7,10,975.8,10,,,63,10,0.0,10,0,10,,,0.0,10,6.3,,,10,6.3,,,10,6.0,10,9.1,10,6.9,10,1818,10
2008-03-01T19:00+00:00,5917,0,0,275,10,261,10,11.9,10,21.4,10,976.6,10,,,63,10,0.0,10,0,10,,,0.0,10,6.3,,,10,6.3,,,10,6.0,10,9.2,10,8.1,10,1915,10
2008-03-01T20:00+00:00,5917,0,0,280,10,282,10,12.1,10,20.4,10,978.2,10,,,55,10,0.0,10,0,10,,,0.0,10,6.3,,,10,6.3,,,10,6.0,10,9.5,10,8.2,10,2043,10
2008-03-01T21:00+00:00,5917,0,0,287,10,281,10,11.3,10,20.7,10,979.8,10,,,56,10,0.0,10,0,10,,,0.0,10,6.2,,,10,6.3,,,10,6.0,10,9.3,10,7.9,10,2117,10
2008-03-01T22:00+00:00,5917,0,0,282,10,283,10,10.7,10,18.8,10,980.4,10,,,56,10,0.0,10,0,10,,,0.0,10,6.2,,,10,6.2,,,10,6.0,10,9.0,10,7.9,10,2217,10
2008-03-01T23:00+00:00,5917,0,0,276,10,265,10,9.4,10,16.2,10,980.4,10,,,55,10,0.0,10,0,10,,,0.0,10,6.2,,,10,6.2,,,10,6.0,10,8.9,10,7.8,10,2343,10
2008-03-02T00:00+00:00,5917,0,0,280,10,290,10,9.5,10,17.2,10,980.9,10,,,53,10,0.0,10,0,10,,,0.0,10,6.1,,,10,6.2,,,10,6.0,10,8.6,10,7.5,10,41,10
2008-03-02T01:00+00:00,5917,0,0,282,10,299,10,8.4,10,14.9,10,980.9,10,,,57,10,0.0,10,0,10,,,0.0,10,6.1,,,10,6.2,,,10,6.0,10,8.5,10,7.5,10,150,10
2008-03-02T02:00+00:00,5917,0,0,280,10,285,10,9.0,10,16.2,10,980.2,10,,,63,10,0.0,10,0,10,,,0.0,10,6.1,,,10,6.2,,,10,6.0,10,8.3,10,7.4,10,238,10
2008-03-02T03:00+00:00,5917,0,0,289,10,285,10,7.4,10,22.6,10,980.4,10,,,73,10,0.0,10,9,10,,,0.0,10,6.0,,,10,6.1,,,10,6.0,10,7.5,10,5.1,10,318,10
2008-03-02T04:00+00:00,5917,0,0,288,10,295,10,6.1,10,12.9,10,980.7,10,,,61,10,0.0,10,0,10,,,0.0,10,6.0,,,10,6.1,,,10,6.0,10,8.6,10,5.6,10,453,10
2008-03-02T05:00+00:00,5917,0,0,300,10,308,10,2.6,10,9.1,10,980.4,10,,,67,10,0.0,10,0,10,,,0.0,10,6.0,,,10,6.1,,,10,6.0,10,7.8,10,5.1,10,600,10
2008-03-02T06:00+00:00,5917,0,0,271,10,271,10,7.1,10,12.4,10,980.2,10,,,68,10,0.0,10,6,10,,,0.0,10,6.0,,,10,6.1,,,10,6.0,10,8.2,10,6.3,10,639,10
2008-03-02T07:00+00:00,5917,18,0,274,10,291,10,6.2,10,13.6,10,979.5,10,,,77,10,0.1,10,23,10,,,0.0,10,5.9,,,10,6.1,,,10,6.0,10,7.5,10,5.9,10,735,10
2008-03-02T08:00+00:00,5917,108,0,274,10,281,10,7.7,10,16.3,10,978.5,10,,,73,10,0.3,10,20,10,,,0.1,10,5.9,,,10,6.0,,,10,6.0,10,9.0,10,5.8,10,855,10
2008-03-02T09:00+00:00,5917,212,0,275,10,282,10,12.0,10,24.5,10,977.8,10,,,72,10,0.0,10,0,10,,,0.4,10,6.0,,,10,6.0,,,10,6.0,10,10.4,10,7.7,10,927,10
2008-03-02T10:00+00:00,5917,216,0,273,10,270,10,12.7,10,22.6,10,977.6,10,,,74,10,0.1,10,15,10,,,0.2,10,6.1,,,10,6.0,,,10,6.0,10,10.5,10,8.0,10,1013,10
2008-03-02T11:00+00:00,5917,255,0,270,10,280,10,11.4,10,18.6,10,977.3,10,,,75,10,0.0,10,0,10,,,0.2,10,6.2,,,10,6.0,,,10,6.0,10,11.3,10,10.4,10,1117,10
2008-03-02T12:00+00:00,5917,312,0,275,10,273,10,11.6,10,21.6,10,976.5,10,,,74,10,0.0,10,0,10,,,0.2,10,6.3,,,10,6.1,,,10,6.0,10,11.8,10,12.3,10,1234,10
2008-03-02T13:00+00:00,5917,125,0,270,10,285,10,11.4,10,19.6,10,976.4,10,,,72,10,0.0,10,4,10,,,0.1,10,6.4,,,10,6.1,,,10,6.0,10,12.1,10,11.5,10,1333,10
2008-03-02T14:00+00:00,5917,138,0,273,10,278,10,12.8,10,23.7,10,976.0,10,,,69,10,0.0,10,4,10,,,0.1,10,6.5,,,10,6.2,,,10,6.0,10,12.9,10,11.4,10,1449,10
2008-03-02T15:00+00:00,5917,143,0,279,10,288,10,13.2,10,25.0,10,977.0,10,,,67,10,0.0,10,0,10,,,0.2,10,6.6,,,10,6.2,,,10,6.0,10,12.9,10,12.5,10,1527,10
2008-03-02T16:00+00:00,5917,51,0,277,10,274,10,14.7,10,23.6,10,977.5,10,,,70,10,0.0,10,0,10,,,0.1,10,6.7,,,10,6.3,,,10,6.0,10,12.6,10,11.9,10,1642,10
2008-03-02T17:00+00:00,5917,13,0,286,10,302,10,11.6,10,23.5,10,979.5,10,,,67,10,0.0,10,0,10,,,0.1,10,6.7,,,10,6.3,,,10,6.0,10,12.5,10,11.6,10,1732,10
2008-03-02T18:00+00:00,5917,0,0,280,10,286,10,11.5,10,22.0,10,981.1,10,,,71,10,0.0,10,0,10,,,0.0,10,6.7,,,10,6.4,,,10,6.0,10,12.2,10,11.6,10,1843,10
2008-03-02T19:00+00:00,5917,0,0,279,10,285,10,11.2,10,21.4,10,982.5,10,,,68,10,0.0,10,0,10,,,0.0,10,6.8,,,10,6.4,,,10,6.1,10,12.4,10,11.6,10,1941,10
2008-03-02T20:00+00:00,5917,0,0,300,10,279,10,7.7,10,22.0,10,984.0,10,,,95,10,0.5,10,39,10,,,0.0,10,6.8,,,10,6.4,,,10,6.1,10,9.3,10,8.3,10,2004,10
2008-03-02T21:00+00:00,5917,0,0,293,10,283,10,9.5,10,20.7,10,984.2,10,,,67,10,0.5,10,35,10,,,0.0,10,6.8,,,10,6.5,,,10,6.1,10,12.0,10,8.4,10,2107,10
2008-03-02T22:00+00:00,5917,0,0,286,10,294,10,12.0,10,21.5,10,984.6,10,,,62,10,0.0,10,2,10,,,0.0,10,6.8,,,10,6.5,,,10,6.1,10,12.5,10,9.4,10,2202,10
2008-03-02T23:00+00:00,5917,0,0,288,10,285,10,11.9,10,24.1,10,983.7,10,,,64,10,0.0,10,0,10,,,0.0,10,6.8,,,10,6.5,,,10,6.1,10,12.1,10,10.7,10,2343,10
2008-03-03T00:00+00:00,5917,0,0,289,10,282,10,12.4,10,24.3,10,984.0,10,,,62,10,0.0,10,0,10,,,0.0,10,6.8,,,10,6.5,,,10,6.1,10,12.2,10,10.8,10,4,10
2008-03-03T01:00+00:00,5917,0,0,295,10,286,10,13.0,10,23.1,10,983.2,10,,,62,10,0.0,10,0,10,,,0.0,10,6.8,,,10,6.6,,,10,6.1,10,12.1,10,11.0,10,129,10
2008-03-03T02:00+00:00,5917,0,0,290,10,292,10,10.4,10,21.6,10,983.8,10,,,64,10,0.0,10,0,10,,,0.0,10,6.8,,,10,6.6,,,10,6.2,10,11.9,10,10.4,10,207,10
2008-03-03T03:00+00:00,5917,0,0,286,10,268,10,10.1,10,20.5,10,984.3,10,,,68,10,0.0,10,0,10,,,0.0,10,6.8,,,10,6.6,,,10,6.2,10,11.4,10,10.1,10,305,10
2008-03-03T04:00+00:00,5917,0,0,285,10,300,10,7.8,10,14.2,10,984.3,10,,,69,10,0.0,10,0,10,,,0.0,10,6.8,,,10,6.6,,,10,6.2,10,11.5,10,10.1,10,435,10
2008-03-03T05:00+00:00,5917,0,0,276,10,278,10,6.6,10,13.1,10,984.9,10,,,74,10,0.0,10,1,10,,,0.0,10,6.8,,,10,6.6,,,10,6.2,10,10.9,10,9.6,10,507,10
2008-03-03T06:00+00:00,5917,4,0,269,10,290,10,6.0,10,12.1,10,984.9,10,,,75,10,0.0,10,2,10,,,0.0,10,6.8,,,10,6.6,,,10,6.2,10,10.9,10,9.0,10,605,10
2008-03-03T07:00+00:00,5917,34,0,264,10,290,10,6.2,10,15.2,10,985.2,10,,,69,10,0.0,10,0,10,,,0.0,10,6.8,,,10,6.6,,,10,6.2,10,12.2,10,9.7,10,752,10
2008-03-03T08:00+00:00,5917,61,0,274,10,287,10,7.9,10,15.5,10,985.4,10,,,67,10,0.0,10,3,10,,,0.0,10,6.8,,,10,6.6,,,10,6.2,10,12.7,10,11.1,10,859,10
2008-03-03T09:00+00:00,5917,113,0,273,10,274,10,8.0,10,15.6,10,985.4,10,,,64,10,0.0,10,0,10,,,0.0,10,6.9,,,10,6.6,,,10,6.2,10,13.4,10,12.4,10,930,10
2008-03-03T10:00+00:00,5917,152,0,281,10,293,10,7.7,10,14.5,10,985.2,10,,,62,10,0.0,10,0,10,,,0.0,10,7.0,,,10,6.6,,,10,6.3,10,14.1,10,13.7,10,1047,10
2008-03-03T11:00+00:00,5917,166,0,273,10,260,10,8.8,10,16.8,10,984.8,10,,,60,10,0.0,10,0,10,,,0.0,10,7.1,,,10,6.7,,,10,6.3,10,14.4,10,14.4,10,1119,10
2008-03-03T12:00+00:00,5917,238,0,273,10,281,10,9.7,10,17.8,10,984.3,10,,,60,10,0.0,10,0,10,,,0.0,10,7.2,,,10,6.7,,,10,6.3,10,14.5,10,15.3,10,1208,10
2008-03-03T13:00+00:00,5917,160,0,277,10,283,10,7.1,10,14.8,10,983.5,10,,,58,10,0.0,10,0,10,,,0.0,10,7.3,,,10,6.7,,,10,6.3,10,14.8,10,15.1,10,1306,10
2008-03-03T14:00+00:00,5917,157,0,275,10,289,10,9.3,10,16.7,10,983.0,10,,,54,10,0.0,10,0,10,,,0.0,10,7.4,,,10,6.8,,,10,6.3,10,15.2,10,15.1,10,1437,10
2008-03-03T15:00+00:00,5917,196,0,269,10,267,10,8.7,10,15.0,10,982.4,10,,,53,10,0.0,10,0,10,,,0.5,10,7.5,,,10,6.9,,,10,6.3,10,15.8,10,15.3,10,1514,10
2008-03-03T16:00+00:00,5917,149,0,272,10,288,10,7.4,10,13.9,10,982.0,10,,,52,10,0.0,10,0,10,,,0.8,10,7.6,,,10,6.9,,,10,6.3,10,15.5,10,15.7,10,1607,10
2008-03-03T17:00+00:00,5917,19,0,277,10,272,10,5.0,10,10.0,10,981.9,10,,,55,10,0.0,10,0,10,,,0.3,10,7.6,,,10,7.0,,,10,6.4,10,14.3,10,12.6,10,1704,10
2008-03-03T18:00+00:00,5917,0,0,256,10,251,10,4.6,10,9.0,10,982.1,10,,,54,10,0.0,10,0,10,,,0.0,10,7.6,,,10,7.1,,,10,6.4,10,14.3,10,12.8,10,1813,10
2008-03-03T19:00+00:00,5917,0,0,240,10,248,10,3.7,10,7.2,10,981.6,10,,,54,10,0.0,10,0,10,,,0.0,10,7.6,,,10,7.1,,,10,6.4,10,14.0,10,12.5,10,1930,10
2008-03-03T20:00+00:00,5917,0,0,273,10,290,10,3.5,10,9.2,10,982.2,10,,,58,10,0.0,10,0,10,,,0.0,10,7.6,,,10,7.1,,,10,6.4,10,13.3,10,11.9,10,2023,10
2008-03-03T21:00+00:00,5917,0,0,302,10,327,10,4.0,10,14.9,10,983.5,10,,,70,10,0.0,10,16,10,,,0.0,10,7.5,,,10,7.1,,,10,6.4,10,10.1,10,8.0,10,2147,10
2008-03-03T22:00+00:00,5917,0,0,315,10,328,10,5.3,10,13.8,10,985.2,10,,,90,10,0.6,10,48,10,,,0.0,10,7.4,,,10,7.1,,,10,6.5,10,7.2,10,6.1,10,2248,10
2008-03-03T23:00+00:00,5917,0,0,303,10,300,10,5.7,10,13.6,10,985.6,10,,,90,10,0.3,10,54,10,,,0.0,10,7.3,,,10,7.1,,,10,6.5,10,6.2,10,5.0,10,2321,10
2008-03-04T00:00+00:00,5917,0,0,286,10,286,10,7.4,10,14.4,10,985.6,10,,,85,10,0.3,10,19,10,,,0.0,10,7.2,,,10,7.1,,,10,6.5,10,6.2,10,4.7,10,58,10
2008-03-04T01:00+00:00,5917,0,0,287,10,295,10,8.8,10,15.4,10,986.0,10,,,82,10,0.0,10,0,10,,,0.0,10,7.1,,,10,7.1,,,10,6.5,10,6.4,10,4.7,10,102,10
2008-03-04T02:00+00:00,5917,0,0,295,10,305,10,8.0,10,14.6,10,986.6,10,,,86,10,0.1,10,21,10,,,0.0,10,7.0,,,10,7.1,,,10,6.5,10,5.0,10,3.9,10,206,10
2008-03-04T03:00+00:00,5917,0,0,311,10,321,10,5.5,10,12.6,10,986.5,10,,,79,10,0.0,10,1,10,,,0.0,10,6.9,,,10,7.0,,,10,6.5,10,4.9,10,3.5,10,321,10
2008-03-04T04:00+00:00,5917,0,0,309,10,302,10,4.1,10,11.1,10,987.7,10,,,79,10,0.0,10,0,10,,,0.0,10,6.8,,,10,7.0,,,10,6.6,10,4.8,10,3.5,10,425,10
2008-03-04T05:00+00:00,5917,0,0,312,10,312,10,3.5,10,8.3,10,987.3,10,,,80,10,0.0,10,0,10,,,0.0,10,6.7,,,10,6.9,,,10,6.6,10,4.7,10,3.7,10,549,10
2008-03-04T06:00+00:00,5917,1,0,308,10,299,10,3.7,10,9.5,10,987.9,10,,,77,10,0.0,10,0,10,,,0.0,10,6.6,,,10,6.9,,,10,6.6,10,4.5,10,3.6,10,649,10
2008-03-04T07:00+00:00,5917,33,0,319,10,332,10,5.0,10,12.3,10,988.2,10,,,69,10,0.0,10,0,10,,,0.0,10,6.5,,,10,6.8,,,10,6.6,10,4.6,10,3.6,10,742,10
2008-03-04T08:00+00:00,5917,76,0,303,10,292,10,4.5,10,10.3,10,989.2,10,,,65,10,0.0,10,0,10,,,0.0,10,6.4,,,10,6.8,,,10,6.6,10,4.6,10,4.1,10,855,10
2008-03-04T09:00+00:00,5917,125,0,310,10,329,10,4.1,10,9.2,10,989.3,10,,,62,10,0.0,10,0,10,,,0.0,10,6.4,,,10,6.7,,,10,6.6,10,4.8,10,4.8,10,932,10
2008-03-04T10:00+00:00,5917,202,0,303,10,295,10,3.9,10,8.3,10,989.6,10,,,64,10,0.0,10,0,10,,,0.0,10,6.4,,,10,6.7,,,10,6.6,10,5.2,10,5.4,10,1004,10
2008-03-04T11:00+00:00,5917,221,0,305,10,311,10,3.6,10,7.8,10,989.6,10,,,53,10,0.0,10,0,10,,,0.0,10,6.4,,,10,6.6,,,10,6.6,10,5.4,10,7.0,10,1144,10
2008-03-04T12:00+00:00,5917,241,0,301,10,303,10,3.9,10,8.0,10,989.2,10,,,50,10,0.0,10,0,10,,,0.0,10,6.4,,,10,6.6,,,10,6.5,10,5.8,10,7.1,10,1244,10
2008-03-04T13:00+00:00,5917,184,0,315,10,313,10,3.4,10,7.4,10,988.8,10,,,46,10,0.0,10,0,10,,,0.0,10,6.4,,,10,6.5,,,10,6.5,10,5.8,10,6.9,10,1324,10
2008-03-04T14:00+00:00,5917,128,0,311,10,301,10,3.0,10,7.5,10,989.0,10,,,46,10,0.0,10,0,10,,,0.0,10,6.4,,,10,6.5,,,10,6.5,10,5.7,10,6.3,10,1451,10
2008-03-04T15:00+00:00,5917,87,0,319,10,328,10,2.7,10,6.1,10,988.9,10,,,48,10,0.0,10,0,10,,,0.0,10,6.4,,,10,6.5,,,10,6.5,10,5.6,10,5.6,10,1524,10
2008-03-04T16:00+00:00,5917,43,0,312,10,301,10,2.1,10,5.7,10,989.0,10,,,49,10,0.0,10,0,10,,,0.0,10,6.3,,,10,6.5,,,10,6.5,10,5.5,10,4.7,10,1632,10
2008-03-04T17:00+00:00,5917,9,0,337,10,322,10,2.3,10,4.8,10,989.6,10,,,55,10,0.0,10,0,10,,,0.0,10,6.2,,,10,6.5,,,10,6.5,10,4.6,10,2.9,10,1705,10
2008-03-04T18:00+00:00,5917,0,0,350,10,348,10,2.4,10,4.2,10,990.1,10,,,59,10,0.0,10,0,10,,,0.0,10,6.1,,,10,6.5,,,10,6.5,10,4.1,10,1.8,10,1807,10
2008-03-04T19:00+00:00,5917,0,0,341,10,352,10,3.6,10,5.8,10,990.3,10,,,59,10,0.0,10,0,10,,,0.0,10,6.1,,,10,6.5,,,10,6.5,10,4.1,10,2.1,10,1957,10
2008-03-04T20:00+00:00,5917,0,0,346,10,338,10,3.4,10,6.2,10,990.8,10,,,63,10,0.0,10,0,10,,,0.0,10,6.0,,,10,6.4,,,10,6.5,10,3.8,10,1.9,10,2020,10
2008-03-04T21:00+00:00,5917,0,0,342,10,343,10,3.7,10,5.5,10,990.8,10,,,66,10,0.0,10,0,10,,,0.0,10,5.9,,,10,6.4,,,10,6.5,10,3.5,10,1.9,10,2107,10
2008-03-04T22:00+00:00,5917,0,0,333,10,340,10,3.4,10,5.7,10,991.0,10,,,67,10,0.0,10,0,10,,,0.0,10,5.8,,,10,6.3,,,10,6.5,10,3.4,10,1.8,10,2201,10
2008-03-04T23:00+00:00,5917,0,0,297,10,338,10,2.3,10,4.6,10,991.2,10,,,71,10,0.0,10,0,10,,,0.0,10,5.7,,,10,6.2,,,10,6.5,10,2.8,10,1.3,10,2301,10
2008-03-05T00:00+00:00,5917,0,0,301,10,311,10,2.8,10,6.0,10,991.1,10,,,70,10,0.0,10,0,10,,,0.0,10,5.7,,,10,6.2,,,10,6.5,10,3.1,10,1.5,10,44,10
2008-03-05T01:00+00:00,5917,0,0,304,10,299,10,3.1,10,5.5,10,991.1,10,,,71,10,0.0,10,0,10,,,0.0,10,5.6,,,10,6.1,,,10,6.4,10,2.9,10,2.0,10,115,10
2008-03-05T02:00+00:00,5917,0,0,306,10,301,10,2.8,10,5.5,10,991.0,10,,,71,10,0.0,10,0,10,,,0.0,10,5.5,,,10,6.1,,,10,6.4,10,2.9,10,2.0,10,255,10
2008-03-05T03:00+00:00,5917,0,0,305,10,303,10,2.6,10,5.3,10,991.4,10,,,72,10,0.0,10,0,10,,,0.0,10,5.5,,,10,6.0,,,10,6.4,10,2.9,10,2.0,10,356,10
2008-03-05T04:00+00:00,5917,0,0,306,10,320,10,2.8,10,6.2,10,991.9,10,,,71,10,0.0,10,0,10,,,0.0,10,5.4,,,10,6.0,,,10,6.4,10,3.5,10,2.3,10,457,10
2008-03-05T05:00+00:00,5917,0,0,328,10,329,10,3.7,10,8.1,10,992.5,10,,,75,10,0.0,10,0,10,,,0.0,10,5.4,,,10,5.9,,,10,6.4,10,3.3,10,2.8,10,552,10
2008-03-05T06:00+00:00,5917,3,0,323,10,337,10,4.6,10,9.0,10,993.1,10,,,81,10,0.0,10,0,10,,,0.0,10,5.3,,,10,5.9,,,10,6.4,10,2.5,10,2.5,10,620,10
2008-03-05T07:00+00:00,5917,33,0,324,10,332,10,4.8,10,11.4,10,994.2,10,,,80,10,0.0,10,7,10,,,0.0,10,5.3,,,10,5.8,,,10,6.3,10,2.5,10,2.2,10,739,10
2008-03-05T08:00+00:00,5917,146,0,332,10,339,10,8.0,10,15.4,10,994.6,10,,,73,10,0.0,10,0,10,,,0.0,10,5.3,,,10,5.8,,,10,6.3,10,2.9,10,2.5,10,855,10
2008-03-05T09:00+00:00,5917,179,0,333,10,349,10,7.6,10,12.8,10,995.2,10,,,74,10,0.0,10,0,10,,,0.0,10,5.3,,,10,5.8,,,10,6.3,10,3.1,10,4.2,10,946,10
2008-03-05T10:00+00:00,5917,108,0,335,10,337,10,8.1,10,13.5,10,996.3,10,,,78,10,0.0,10,6,10,,,0.0,10,5.3,,,10,5.8,,,10,6.2,10,2.6,10,3.2,10,1012,10
2008-03-05T11:00+00:00,5917,149,0,336,10,337,10,6.8,10,12.8,10,997.0,10,,,76,10,0.0,10,31,10,,,0.0,10,5.3,,,10,5.7,,,10,6.2,10,3.1,10,2.5,10,1151,10
2008-03-05T12:00+00:00,5917,342,0,338,10,342,10,7.8,10,12.9,10,997.3,10,,,63,10,0.0,10,1,10,,,0.4,10,5.4,,,10,5.7,,,10,6.2,10,4.4,10,4.9,10,1232,10
2008-03-05T13:00+00:00,5917,256,0,339,10,337,10,8.0,10,15.1,10,997.5,10,,,61,10,0.0,10,0,10,,,0.1,10,5.5,,,10,5.7,,,10,6.2,10,3.9,10,4.9,10,1352,10
2008-03-05T14:00+00:00,5917,238,0,325,10,339,10,7.9,10,15.4,10,998.2,10,,,56,10,0.0,10,0,10,,,0.3,10,5.5,,,10,5.8,,,10,6.2,10,3.8,10,4.9,10,1424,10
2008-03-05T15:00+00:00,5917,256,0,332,10,336,10,7.6,10,13.4,10,998.9,10,,,49,10,0.0,10,0,10,,,0.8,10,5.6,,,10,5.8,,,10,6.2,10,4.3,10,4.6,10,1511,10
2008-03-05T16:00+00:00,5917,146,0,330,10,331,10,7.0,10,13.8,10,999.8,10,,,46,10,0.0,10,0,10,,,0.9,10,5.5,,,10,5.8,,,10,6.1,10,3.7,10,3.5,10,1644,10
2008-03-05T17:00+00:00,5917,24,0,325,10,326,10,7.4,10,14.0,10,1001.0,10,,,46,10,0.0,10,0,10,,,0.4,10,5.4,,,10,5.8,,,10,6.1,10,2.6,10,1.4,10,1719,10
2008-03-05T18:00+00:00,5917,0,0,328,10,336,10,6.9,10,13.3,10,1001.8,10,,,47,10,0.0,10,0,10,,,0.0,10,5.3,,,10,5.8,,,10,6.1,10,2.0,10,0.8,10,1838,10
2008-03-05T19:00+00:00,5917,0,0,327,10,330,10,5.8,10,12.0,10,1002.6,10,,,50,10,0.0,10,0,10,,,0.0,10,5.2,,,10,5.8,,,10,6.1,10,1.6,10,0.1,10,1902,10
2008-03-05T20:00+00:00,5917,0,0,321,10,329,10,5.8,10,12.1,10,1003.4,10,,,55,10,0.0,10,0,10,,,0.0,10,5.1,,,10,5.7,,,10,6.1,10,0.9,10,-0.2,10,2033,10
2008-03-05T21:00+00:00,5917,0,0,322,10,325,10,5.0,10,11.9,10,1004.2,10,,,60,10,0.0,10,0,10,,,0.0,10,5.0,,,10,5.7,,,10,6.1,10,0.6,10,-0.7,10,2139,10
2008-03-05T22:00+00:00,5917,0,0,314,10,327,10,3.9,10,9.5,10,1004.2,10,,,63,10,0.0,10,0,10,,,0.0,10,4.9,,,10,5.6,,,10,6.1,10,0.4,10,-0.8,10,2238,10
2008-03-05T23:00+00:00,5917,0,0,305,10,319,10,3.9,10,8.8,10,1004.1,10,,,65,10,0.0,10,0,10,,,0.0,10,4.8,,,10,5.6,,,10,6.1,10,-0.5,10,-1.8,10,2303,10
2008-03-06T00:00+00:00,5917,0,0,307,10,327,10,3.3,10,6.2,10,1004.3,10,,,67,10,0.0,10,0,10,,,0.0,10,4.7,,,10,5.5,,,10,6.1,10,-0.8,10,-2.2,10,5,10
2008-03-06T01:00+00:00,5917,0,0,308,10,307,10,3.0,10,7.3,10,1004.2,10,,,68,10,0.0,10,0,10,,,0.0,10,4.6,,,10,5.4,,,10,6.1,10,-1.0,10,-2.7,10,124,10
2008-03-06T02:00+00:00,5917,0,0,299,10,301,10,3.0,10,5.1,10,1004.2,10,,,69,10,0.0,10,0,10,,,0.0,10,4.5,,,10,5.4,,,10,6.0,10,-1.4,10,-3.2,10,243,10
2008-03-06T03:00+00:00,5917,0,0,306,10,304,10,3.2,10,6.3,10,1004.2,10,,,69,10,0.0,10,0,10,,,0.0,10,4.4,,,10,5.3,,,10,6.0,10,-1.3,10,-3.5,10,350,10
2008-03-06T04:00+00:00,5917,0,0,303,10,301,10,3.4,10,5.9,10,1004.1,10,,,69,10,0.0,10,0,10,,,0.0,10,4.3,,,10,5.2,,,10,6.0,10,-1.8,10,-3.4,10,450,10
2008-03-06T05:00+00:00,5917,0,0,308,10,309,10,3.2,10,6.3,10,1003.8,10,,,69,10,0.0,10,0,10,,,0.0,10,4.2,,,10,5.1,,,10,6.0,10,-1.6,10,-3.6,10,533,10
2008-03-06T06:00+00:00,5917,9,0,305,10,315,10,3.3,10,6.4,10,1003.8,10,,,69,10,0.0,10,0,10,,,0.2,10,4.1,,,10,5.1,,,10,5.9,10,-2.0,10,-3.4,10,622,10
2008-03-06T07:00+00:00,5917,105,0,300,10,307,10,3.6,10,6.7,10,1003.7,10,,,66,10,0.0,10,0,10,,,0.9,10,4.1,,,10,5.0,,,10,5.9,10,-0.6,10,-3.2,10,734,10
2008-03-06T08:00+00:00,5917,304,0,303,10,306,10,3.5,10,6.4,10,1003.5,10,,,61,10,0.0,10,0,10,,,1.0,10,4.1,,,10,5.0,,,10,5.9,10,1.1,10,-0.8,10,900,10
2008-03-06T09:00+00:00,5917,457,0,311,10,329,10,2.5,10,6.5,10,1003.5,10,,,55,10,0.0,10,0,10,,,1.0,10,4.3,,,10,4.9,,,10,5.8,10,2.5,10,3.5,10,920,10
2008-03-06T10:00+00:00,5917,534,0,316,10,324,10,1.5,10,5.4,10,1003.0,10,,,51,10,0.0,10,0,10,,,1.0,10,4.5,,,10,4.9,,,10,5.8,10,3.6,10,9.5,10,1055,10
2008-03-06T11:00+00:00,5917,616,0,303,10,294,10,2.3,10,5.8,10,1002.2,10,,,47,10,0.0,10,0,10,,,1.0,10,4.7,,,10,4.8,,,10,5.8,10,4.4,10,11.4,10,1129,10
2008-03-06T12:00+00:00,5917,604,0,320,10,285,10,0.6,10,4.6,10,1001.8,10,,,42,10,0.0,10,0,10,,,1.0,10,5.0,,,10,4.8,,,10,5.7,10,4.9,10,13.7,10,1247,10
2008-03-06T13:00+00:00,5917,559,0,348,10,54,10,0.5,10,3.5,10,1000.5,10,,,41,10,0.0,10,0,10,,,1.0,10,5.2,,,10,4.9,,,10,5.7,10,5.9,10,15.4,10,1323,10
2008-03-06T14:00+00:00,5917,467,0,59,10,17,10,0.8,10,4.3,10,1000.2,10,,,40,10,0.0,10,0,10,,,1.0,10,5.4,,,10,5.0,,,10,5.7,10,6.1,10,14.9,10,1430,10
2008-03-06T15:00+00:00,5917,327,0,70,10,37,10,1.3,10,4.3,10,999.2,10,,,42,10,0.0,10,0,10,,,1.0,10,5.5,,,10,5.1,,,10,5.7,10,5.9,10,11.4,10,1508,10
2008-03-06T16:00+00:00,5917,155,0,109,10,94,10,2.7,10,4.8,10,999.1,10,,,43,10,0.0,10,0,10,,,1.0,10,5.5,,,10,5.2,,,10,5.6,10,5.1,10,6.5,10,1601,10
2008-03-06T17:00+00:00,5917,24,0,131,10,129,10,3.1,10,5.4,10,999.1,10,,,47,10,0.0,10,0,10,,,0.5,10,5.4,,,10,5.3,,,10,5.6,10,3.6,10,1.5,10,1702,10
2008-03-06T18:00+00:00,5917,0,0,136,10,150,10,2.1,10,3.8,10,998.8,10,,,49,10,0.0,10,0,10,,,0.0,10,5.3,,,10,5.4,,,10,5.6,10,2.9,10,0.4,10,1801,10
2008-03-06T19:00+00:00,5917,0,0,167,10,170,10,2.1,10,3.7,10,999.1,10,,,52,10,0.0,10,0,10,,,0.0,10,5.1,,,10,5.4,,,10,5.6,10,1.6,10,-2.4,10,1922,10
2008-03-06T20:00+00:00,5917,0,0,194,10,173,10,1.0,10,2.1,10,999.5,10,,,52,10,0.0,10,0,10,,,0.0,10,5.0,,,10,5.4,,,10,5.7,10,1.8,10,-4.5,10,2100,10
2008-03-06T21:00+00:00,5917,0,0,210,10,219,10,0.9,10,1.7,10,999.1,10,,,55,10,0.0,10,0,10,,,0.0,10,4.9,,,10,5.4,,,10,5.7,10,2.0,10,-1.7,10,2105,10
2008-03-06T22:00+00:00,5917,0,0,232,10,229,10,1.0,10,1.6,10,999.1,10,,,56,10,0.0,10,0,10,,,0.0,10,4.8,,,10,5.4,,,10,5.7,10,1.5,10,-2.8,10,2243,10
2008-03-06T23:00+00:00,5917,0,0,272,10,296,10,1.5,10,3.0,10,998.2,10,,,64,10,0.0,10,0,10,,,0.0,10,4.7,,,10,5.3,,,10,5.7,10,0.4,10,-2.6,10,2344,10
2008-03-07T00:00+00:00,5917,0,0,274,10,290,10,1.7,10,3.3,10,998.0,10,,,67,10,0.0,10,0,10,,,0.0,10,4.6,,,10,5.3,,,10,5.7,10,-0.3,10,-2.5,10,47,10
2008-03-07T01:00+00:00,5917,0,0,257,10,185,10,0.8,10,2.4,10,998.1,10,,,73,10,0.0,10,0,10,,,0.0,10,4.4,,,10,5.2,,,10,5.7,10,-1.2,10,-4.4,10,158,10
2008-03-07T02:00+00:00,5917,0,0,221,10,191,10,1.2,10,2.0,10,997.6,10,,,79,10,0.0,10,0,10,,,0.0,10,4.3,,,10,5.1,,,10,5.7,10,-2.3,10,-4.6,10,206,10
2008-03-07T03:00+00:00,5917,0,0,214,10,189,10,1.3,10,3.0,10,997.3,10,,,80,10,0.0,10,0,10,,,0.0,10,4.2,,,10,5.1,,,10,5.7,10,-2.1,10,-4.7,10,349,10
2008-03-07T04:00+00:00,5917,0,0,264,10,217,10,1.1,10,2.1,10,996.7,10,,,80,10,0.0,10,0,10,,,0.0,10,4.1,,,10,5.0,,,10,5.7,10,-1.9,10,-5.3,10,455,10
2008-03-07T05:00+00:00,5917,0,0,245,10,214,10,1.1,10,1.8,10,996.3,10,,,81,10,0.0,10,0,10,,,0.0,10,4.0,,,10,4.9,,,10,5.6,10,-1.9,10,-5.9,10,501,10
2008-03-07T06:00+00:00,5917,6,0,223,10,212,10,1.0,10,2.0,10,995.9,10,,,82,10,0.0,10,0,10,,,0.0,10,3.9,,,10,4.9,,,10,5.6,10,-2.3,10,-5.2,10,645,10
2008-03-07T07:00+00:00,5917,102,0,224,10,187,10,0.9,10,2.1,10,995.9,10,,,79,10,0.0,10,0,10,,,0.8,10,3.9,,,10,4.8,,,10,5.6,10,-0.2,10,-4.3,10,750,10
2008-03-07T08:00+00:00,5917,282,0,151,10,144,10,0.3,10,2.1,10,995.5,10,,,69,10,0.0,10,0,10,,,1.0,10,4.0,,,10,4.7,,,10,5.6,10,2.6,10,0.1,10,856,10
2008-03-07T09:00+00:00,5917,429,0,136,10,139,10,1.1,10,3.2,10,995.2,10,,,60,10,0.0,10,0,10,,,1.0,10,4.3,,,10,4.7,,,10,5.6,10,4.6,10,7.2,10,952,10
2008-03-07T10:00+00:00,5917,531,0,126,10,121,10,2.2,10,5.0,10,994.2,10,,,47,10,0.0,10,0,10,,,1.0,10,4.6,,,10,4.7,,,10,5.5,10,6.6,10,12.1,10,1033,10
2008-03-07T11:00+00:00,5917,461,0,117,10,123,10,2.8,10,6.5,10,993.4,10,,,44,10,0.0,10,0,10,,,1.0,10,4.8,,,10,4.7,,,10,5.5,10,6.7,10,12.6,10,1147,10
2008-03-07T12:00+00:00,5917,443,0,103,10,106,10,3.5,10,6.3,10,992.6,10,,,40,10,0.0,10,0,10,,,1.0,10,5.0,,,10,4.7,,,10,5.5,10,7.6,10,12.6,10,1232,10
2008-03-07T13:00+00:00,5917,327,0,105,10,106,10,4.0,10,7.4,10,991.8,10,,,41,10,0.0,10,0,10,,,0.9,10,5.1,,,10,4.8,,,10,5.5,10,7.4,10,10.9,10,1342,10
2008-03-07T14:00+00:00,5917,176,0,105,10,107,10,3.8,10,7.3,10,990.7,10,,,46,10,0.0,10,0,10,,,0.0,10,5.1,,,10,4.9,,,10,5.4,10,7.2,10,9.2,10,1411,10
2008-03-07T15:00+00:00,5917,125,0,99,10,97,10,3.5,10,6.3,10,990.0,10,,,51,10,0.0,10,0,10,,,0.0,10,5.2,,,10,5.0,,,10,5.4,10,6.6,10,7.6,10,1504,10
2008-03-07T16:00+00:00,5917,63,0,98,10,95,10,2.7,10,5.0,10,989.6,10,,,55,10,0.0,10,0,10,,,0.0,10,5.2,,,10,5.1,,,10,5.4,10,6.2,10,5.7,10,1607,10
2008-03-07T17:00+00:00,5917,7,0,91,10,95,10,2.2,10,3.8,10,989.3,10,,,57,10,0.0,10,0,10,,,0.0,10,5.2,,,10,5.1,,,10,5.4,10,5.9,10,5.1,10,1702,10
2008-03-07T18:00+00:00,5917,0,0,112,10,104,10,2.1,10,3.6,10,989.1,10,,,58,10,0.0,10,0,10,,,0.0,10,5.1,,,10,5.2,,,10,5.4,10,4.7,10,1.4,10,1803,10
2008-03-07T19:00+00:00,5917,0,0,61,10,36,10,1.0,10,2.5,10,988.9,10,,,59,10,0.0,10,0,10,,,0.0,10,5.1,,,10,5.2,,,10,5.4,10,5.0,10,2.4,10,1948,10
2008-03-07T20:00+00:00,5917,0,0,142,10,74,10,0.7,10,2.2,10,988.9,10,,,61,10,0.0,10,0,10,,,0.0,10,5.1,,,10,5.2,,,10,5.4,10,5.0,10,4.2,10,2005,10
2008-03-07T21:00+00:00,5917,0,0,189,10,172,10,0.5,10,1.4,10,988.9,10,,,63,10,0.0,10,0,10,,,0.0,10,5.0,,,10,5.2,,,10,5.5,10,5.0,10,4.1,10,2200,10
2008-03-07T22:00+00:00,5917,0,0,213,10,206,10,0.4,10,1.2,10,988.5,10,,,60,10,0.0,10,0,10,,,0.0,10,5.0,,,10,5.2,,,10,5.5,10,5.2,10,4.1,10,2300,10
2008-03-07T23:00+00:00,5917,0,0,181,10,196,10,0.6,10,1.5,10,988.0,10,,,64,10,0.0,10,0,10,,,0.0,10,5.0,,,10,5.2,,,10,5.5,10,5.0,10,4.2,10,2324,10
2008-03-08T00:00+00:00,5917,0,0,332,10,331,10,0.3,10,1.5,10,987.5,10,,,61,10,0.0,10,0,10,,,0.0,10,5.0,,,10,5.2,,,10,5.5,10,4.9,10,3.8,10,35,10
2008-03-08T01:00+00:00,5917,0,0,61,10,102,10,0.9,10,2.3,10,986.9,10,,,58,10,0.0,10,0,10,,,0.0,10,5.0,,,10,5.2,,,10,5.5,10,5.3,10,4.0,10,158,10
2008-03-08T02:00+00:00,5917,0,0,134,10,108,10,1.3,10,2.5,10,986.6,10,,,65,10,0.0,10,0,10,,,0.0,10,5.0,,,10,5.2,,,10,5.5,10,4.7,10,4.0,10,201,10
2008-03-08T03:00+00:00,5917,0,0,272,10,301,10,1.0,10,4.8,10,986.5,10,,,68,10,0.0,10,0,10,,,0.0,10,5.0,,,10,5.2,,,10,5.5,10,4.6,10,4.0,10,358,10
2008-03-08T04:00+00:00,5917,0,0,303,10,311,10,4.1,10,8.4,10,986.2,10,,,65,10,0.0,10,0,10,,,0.0,10,4.9,,,10,5.2,,,10,5.5,10,4.7,10,4.2,10,416,10
2008-03-08T05:00+00:00,5917,0,0,290,10,294,10,5.9,10,10.8,10,986.0,10,,,63,10,0.0,10,0,10,,,0.0,10,4.9,,,10,5.2,,,10,5.5,10,5.3,10,4.4,10,528,10
2008-03-08T06:00+00:00,5917,7,0,287,10,292,10,6.0,10,10.5,10,986.3,10,,,63,10,0.0,10,0,10,,,0.0,10,4.9,,,10,5.2,,,10,5.5,10,5.2,10,5.0,10,649,10
2008-03-08T07:00+00:00,5917,46,0,296,10,290,10,6.6,10,11.1,10,986.4,10,,,63,10,0.0,10,3,10,,,0.0,10,4.9,,,10,5.2,,,10,5.5,10,5.4,10,4.8,10,734,10
2008-03-08T08:00+00:00,5917,60,0,295,10,287,10,6.8,10,12.1,10,986.5,10,,,60,10,0.0,10,0,10,,,0.0,10,5.0,,,10,5.2,,,10,5.5,10,6.1,10,5.3,10,832,10
2008-03-08T09:00+00:00,5917,99,0,298,10,306,10,7.2,10,13.0,10,986.4,10,,,59,10,0.0,10,0,10,,,0.0,10,5.0,,,10,5.2,,,10,5.5,10,6.4,10,6.4,10,954,10
2008-03-08T10:00+00:00,5917,97,0,293,10,297,10,7.9,10,15.1,10,986.3,10,,,61,10,0.0,10,0,10,,,0.0,10,5.0,,,10,5.2,,,10,5.5,10,6.8,10,6.9,10,1049,10
2008-03-08T11:00+00:00,5917,142,0,287,10,289,10,8.4,10,13.9,10,986.0,10,,,63,10,0.0,10,0,10,,,0.0,10,5.1,,,10,5.2,,,10,5.5,10,6.9,10,7.4,10,1148,10
2008-03-08T12:00+00:00,5917,220,0,288,10,289,10,8.3,10,14.5,10,985.9,10,,,65,10,0.0,10,0,10,,,0.0,10,5.2,,,10,5.2,,,10,5.5,10,7.5,10,8.1,10,1229,10
2008-03-08T13:00+00:00,5917,291,0,280,10,287,10,8.9,10,15.7,10,985.5,10,,,65,10,0.0,10,0,10,,,0.0,10,5.3,,,10,5.2,,,10,5.5,10,7.9,10,9.4,10,1358,10
2008-03-08T14:00+00:00,5917,250,0,281,10,285,10,9.2,10,15.8,10,985.5,10,,,66,10,0.0,10,0,10,,,0.4,10,5.4,,,10,5.3,,,10,5.5,10,7.9,10,9.5,10,1421,10
2008-03-08T15:00+00:00,5917,230,0,286,10,288,10,8.1,10,13.7,10,985.4,10,,,69,10,0.0,10,0,10,,,0.9,10,5.4,,,10,5.3,,,10,5.5,10,7.1,10,8.0,10,1507,10
2008-03-08T16:00+00:00,5917,67,0,282,10,284,10,8.7,10,15.1,10,985.4,10,,,73,10,0.0,10,0,10,,,0.0,10,5.4,,,10,5.4,,,10,5.5,10,6.5,10,6.2,10,1659,10
2008-03-08T17:00+00:00,5917,18,0,287,10,283,10,8.7,10,15.0,10,985.8,10,,,77,10,0.0,10,0,10,,,0.0,10,5.4,,,10,5.4,,,10,5.5,10,6.0,10,5.3,10,1704,10
2008-03-08T18:00+00:00,5917,0,0,291,10,286,10,8.6,10,14.6,10,986.6,10,,,78,10,0.0,10,0,10,,,0.0,10,5.4,,,10,5.4,,,10,5.5,10,6.0,10,5.0,10,1824,10
2008-03-08T19:00+00:00,5917,0,0,290,10,292,10,7.5,10,12.9,10,986.9,10,,,79,10,0.0,10,0,10,,,0.0,10,5.3,,,10,5.4,,,10,5.5,10,5.9,10,4.9,10,1907,10
2008-03-08T20:00+00:00,5917,0,0,289,10,294,10,7.2,10,11.8,10,987.0,10,,,79,10,0.0,10,0,10,,,0.0,10,5.3,,,10,5.4,,,10,5.5,10,5.9,10,4.9,10,2035,10
2008-03-08T21:00+00:00,5917,0,0,292,10,300,10,6.6,10,10.8,10,987.4,10,,,79,10,0.0,10,0,10,,,0.0,10,5.3,,,10,5.4,,,10,5.6,10,6.2,10,4.9,10,2128,10
2008-03-08T22:00+00:00,5917,0,0,296,10,300,10,4.9,10,8.8,10,987.5,10,,,80,10,0.0,10,0,10,,,0.0,10,5.2,,,10,5.4,,,10,5.6,10,5.5,10,4.1,10,2205,10
2008-03-08T23:00+00:00,5917,0,0,294,10,289,10,4.2,10,6.9,10,987.3,10,,,82,10,0.0,10,0,10,,,0.0,10,5.2,,,10,5.4,,,10,5.6,10,5.2,10,3.6,10,2302,10
2008-03-09T00:00+00:00,5917,0,0,288,10,294,10,4.7,10,7.7,10,987.4,10,,,82,10,0.0,10,0,10,,,0.0,10,5.1,,,10,5.4,,,10,5.6,10,5.1,10,3.5,10,46,10
2008-03-09T01:00+00:00,5917,0,0,290,10,292,10,4.8,10,8.0,10,987.4,10,,,83,10,0.0,10,0,10,,,0.0,10,5.1,,,10,5.4,,,10,5.6,10,4.7,10,3.4,10,129,10
2008-03-09T02:00+00:00,5917,0,0,293,10,285,10,4.4,10,8.0,10,987.0,10,,,84,10,0.0,10,0,10,,,0.0,10,5.0,,,10,5.3,,,10,5.6,10,4.4,10,2.8,10,226,10
2008-03-09T03:00+00:00,5917,0,0,296,10,283,10,4.2,10,6.6,10,987.0,10,,,87,10,0.0,10,0,10,,,0.0,10,4.9,,,10,5.3,,,10,5.6,10,3.7,10,2.2,10,400,10
2008-03-09T04:00+00:00,5917,0,0,303,10,303,10,3.8,10,5.5,10,986.7,10,,,89,10,0.0,10,0,10,,,0.0,10,4.9,,,10,5.3,,,10,5.6,10,3.5,10,1.9,10,408,10
2008-03-09T05:00+00:00,5917,0,0,301,10,309,10,3.7,10,5.1,10,986.7,10,,,91,10,0.0,10,0,10,,,0.0,10,4.8,,,10,5.3,,,10,5.6,10,3.4,10,1.7,10,510,10
2008-03-09T06:00+00:00,5917,13,0,278,10,300,10,3.0,10,4.2,10,987.0,10,,,91,10,0.0,10,0,10,,,0.0,10,4.8,,,10,5.2,,,10,5.6,10,3.3,10,1.4,10,604,10
2008-03-09T07:00+00:00,5917,83,0,289,10,288,10,2.7,10,4.5,10,987.4,10,,,88,10,0.0,10,0,10,,,0.1,10,4.8,,,10,5.2,,,10,5.6,10,4.8,10,2.5,10,706,10
2008-03-09T08:00+00:00,5917,224,0,319,10,315,10,0.3,10,3.5,10,987.5,10,,,79,10,0.0,10,0,10,,,0.9,10,4.9,,,10,5.1,,,10,5.6,10,7.2,10,5.0,10,857,10
2008-03-09T09:00+00:00,5917,416,0,317,10,304,10,1.8,10,5.3,10,987.1,10,,,68,10,0.0,10,0,10,,,1.0,10,5.1,,,10,5.1,,,10,5.5,10,9.1,10,10.4,10,952,10
2008-03-09T10:00+00:00,5917,547,0,314,10,323,10,1.5,10,5.3,10,986.7,10,,,61,10,0.0,10,0,10,,,1.0,10,5.4,,,10,5.1,,,10,5.5,10,10.4,10,14.6,10,1041,10
2008-03-09T11:00+00:00,5917,594,0,132,10,130,10,0.3,10,5.2,10,986.2,10,,,60,10,0.0,10,0,10,,,1.0,10,5.8,,,10,5.2,,,10,5.5,10,11.0,10,19.5,10,1153,10
2008-03-09T12:00+00:00,5917,598,0,107,10,63,10,1.8,10,5.1,10,985.4,10,,,58,10,0.0,10,0,10,,,1.0,10,6.2,,,10,5.3,,,10,5.5,10,11.6,10,21.9,10,1212,10
2008-03-09T13:00+00:00,5917,537,0,134,10,116,10,2.8,10,7.6,10,984.6,10,,,57,10,0.0,10,0,10,,,1.0,10,6.5,,,10,5.4,,,10,5.5,10,12.6,10,19.1,10,1342,10
2008-03-09T14:00+00:00,5917,432,0,129,10,129,10,4.0,10,8.3,10,984.1,10,,,57,10,0.0,10,0,10,,,1.0,10,6.7,,,10,5.6,,,10,5.5,10,12.9,10,18.5,10,1415,10
2008-03-09T15:00+00:00,5917,301,0,131,10,124,10,5.3,10,9.2,10,983.7,10,,,58,10,0.0,10,0,10,,,1.0,10,6.8,,,10,5.8,,,10,5.5,10,12.6,10,15.2,10,1547,10
2008-03-09T16:00+00:00,5917,140,0,129,10,145,10,6.4,10,9.9,10,983.4,10,,,61,10,0.0,10,0,10,,,0.9,10,6.8,,,10,6.0,,,10,5.6,10,11.4,10,11.2,10,1619,10
2008-03-09T17:00+00:00,5917,21,0,128,10,141,10,6.3,10,10.7,10,983.4,10,,,69,10,0.0,10,0,10,,,0.0,10,6.7,,,10,6.1,,,10,5.6,10,10.0,10,8.7,10,1749,10
2008-03-09T18:00+00:00,5917,0,0,135,10,134,10,6.0,10,9.1,10,983.6,10,,,79,10,0.0,10,0,10,,,0.0,10,6.6,,,10,6.2,,,10,5.6,10,8.4,10,6.7,10,1834,10
2008-03-09T19:00+00:00,5917,0,0,138,10,138,10,5.5,10,7.6,10,983.7,10,,,83,10,0.0,10,0,10,,,0.0,10,6.5,,,10,6.2,,,10,5.6,10,7.6,10,6.0,10,1957,10
2008-03-09T20:00+00:00,5917,0,0,137,10,140,10,5.3,10,7.8,10,984.0,10,,,87,10,0.0,10,0,10,,,0.0,10,6.4,,,10,6.2,,,10,5.7,10,7.0,10,5.3,10,2002,10
2008-03-09T21:00+00:00,5917,0,0,159,10,163,10,2.9,10,5.3,10,984.0,10,,,92,10,0.0,10,0,10,,,0.0,10,6.3,,,10,6.2,,,10,5.7,10,5.7,10,3.2,10,2103,10
2008-03-09T22:00+00:00,5917,0,0,164,10,162,10,2.3,10,4.2,10,983.8,10,,,94,10,0.0,10,0,10,,,0.0,10,6.1,,,10,6.2,,,10,5.7,10,5.0,10,1.3,10,2227,10
2008-03-09T23:00+00:00,5917,0,0,142,10,156,10,2.1,10,3.9,10,983.5,10,,,94,10,0.0,10,0,10,,,0.0,10,6.0,,,10,6.2,,,10,5.8,10,5.0,10,-1.1,10,2311,10
2008-03-10T00:00+00:00,5917,0,0,67,10,64,10,0.5,10,1.9,10,983.4,10,,,98,10,0.0,10,0,10,,,0.0,10,5.8,,,10,6.1,,,10,5.8,10,4.2,10,-2.3,10,47,10
2008-03-10T01:00+00:00,5917,0,0,70,10,77,10,0.7,10,1.3,10,983.3,10,,,98,10,0.0,10,0,10,,,0.0,10,5.6,,,10,6.0,,,10,5.8,10,3.7,10,-2.5,10,142,10
2008-03-10T02:00+00:00,5917,0,0,78,10,303,10,0.7,10,3.4,10,983.2,10,,,98,10,0.0,10,0,10,,,0.0,10,5.4,,,10,6.0,,,10,5.8,10,1.4,10,-2.5,10,259,10
2008-03-10T03:00+00:00,5917,0,0,34,10,301,10,0.8,10,3.4,10,983.0,10,,,98,10,0.0,10,0,10,,,0.0,10,5.3,,,10,5.9,,,10,5.8,10,2.4,10,-2.9,10,301,10
2008-03-10T04:00+00:00,5917,0,0,70,10,88,10,1.7,10,3.2,10,983.0,10,,,97,10,0.0,10,0,10,,,0.0,10,5.1,,,10,5.8,,,10,5.8,10,2.4,10,-3.4,10,449,10
2008-03-10T05:00+00:00,5917,0,0,18,10,75,10,1.1,10,2.2,10,983.2,10,,,98,10,0.0,10,0,10,,,0.0,10,5.0,,,10,5.7,,,10,5.8,10,1.2,10,-3.6,10,600,10
2008-03-10T06:00+00:00,5917,16,0,57,10,69,10,1.4,10,2.6,10,983.4,10,,,97,10,0.0,10,0,10,,,0.0,10,4.9,,,10,5.6,,,10,5.8,10,2.0,10,-4.5,10,639,10
2008-03-10T07:00+00:00,5917,120,0,39,10,91,10,0.6,10,1.7,10,983.4,10,,,94,10,0.0,10,0,10,,,0.6,10,4.9,,,10,5.6,,,10,5.8,10,3.9,10,-1.6,10,703,10
2008-03-10T08:00+00:00,5917,271,0,83,10,101,10,1.0,10,2.7,10,983.4,10,,,86,10,0.0,10,0,10,,,1.0,10,5.0,,,10,5.5,,,10,5.8,10,5.2,10,4.0,10,836,10
2008-03-10T09:00+00:00,5917,365,0,99,10,125,10,1.1,10,3.7,10,982.9,10,,,82,10,0.0,10,0,10,,,0.8,10,5.2,,,10,5.4,,,10,5.8,10,6.6,10,8.0,10,955,10
2008-03-10T10:00+00:00,5917,550,0,107,10,131,10,3.1,10,6.0,10,982.0,10,,,76,10,0.0,10,0,10,,,1.0,10,5.6,,,10,5.4,,,10,5.8,10,7.9,10,14.6,10,1037,10
2008-03-10T11:00+00:00,5917,610,0,141,10,149,10,3.4,10,8.1,10,981.1,10,,,66,10,0.0,10,0,10,,,1.0,10,5.9,,,10,5.4,,,10,5.8,10,10.1,10,16.5,10,1125,10
2008-03-10T12:00+00:00,5917,616,0,117,10,120,10,5.1,10,9.1,10,979.5,10,,,62,10,0.0,10,0,10,,,1.0,10,6.2,,,10,5.5,,,10,5.8,10,10.9,10,19.3,10,1236,10
2008-03-10T13:00+00:00,5917,513,0,114,10,102,10,5.6,10,9.7,10,978.4,10,,,56,10,0.0,10,0,10,,,0.8,10,6.5,,,10,5.7,,,10,5.7,10,12.2,10,15.9,10,1345,10
2008-03-10T14:00+00:00,5917,442,0,114,10,118,10,5.9,10,10.4,10,976.8,10,,,55,10,0.0,10,0,10,,,1.0,10,6.7,,,10,5.8,,,10,5.7,10,12.7,10,16.7,10,1401,10
2008-03-10T15:00+00:00,5917,297,0,111,10,118,10,5.9,10,9.8,10,974.9,10,,,49,10,0.0,10,0,10,,,0.8,10,6.8,,,10,6.0,,,10,5.7,10,14.5,10,15.6,10,1545,10
2008-03-10T16:00+00:00,5917,107,0,164,10,164,10,7.3,10,12.9,10,974.2,10,,,45,10,0.0,10,0,10,,,0.5,10,6.9,,,10,6.1,,,10,5.8,10,13.7,10,13.0,10,1633,10
2008-03-10T17:00+00:00,5917,21,0,168,10,168,10,8.2,10,13.2,10,973.5,10,,,49,10,0.0,10,0,10,,,0.4,10,6.9,,,10,6.2,,,10,5.8,10,12.0,10,10.8,10,1709,10
2008-03-10T18:00+00:00,5917,0,0,162,10,171,10,7.5,10,12.4,10,973.0,10,,,52,10,0.0,10,0,10,,,0.0,10,6.8,,,10,6.3,,,10,5.8,10,10.9,10,9.4,10,1831,10
2008-03-10T19:00+00:00,5917,0,0,167,10,166,10,7.1,10,12.1,10,972.5,10,,,56,10,0.0,10,0,10,,,0.0,10,6.8,,,10,6.4,,,10,5.8,10,10.3,10,8.7,10,1927,10
2008-03-10T20:00+00:00,5917,0,0,167,10,178,10,6.4,10,10.2,10,972.1,10,,,57,10,0.0,10,0,10,,,0.0,10,6.7,,,10,6.4,,,10,5.9,10,9.5,10,7.7,10,2010,10
2008-03-10T21:00+00:00,5917,0,0,163,10,163,10,6.1,10,10.2,10,971.9,10,,,59,10,0.0,10,0,10,,,0.0,10,6.6,,,10,6.4,,,10,5.9,10,8.9,10,7.2,10,2134,10
2008-03-10T22:00+00:00,5917,0,0,167,10,175,10,5.9,10,9.2,10,971.3,10,,,62,10,0.0,10,0,10,,,0.0,10,6.5,,,10,6.4,,,10,5.9,10,8.6,10,6.5,10,2255,10
2008-03-10T23:00+00:00,5917,0,0,169,10,169,10,5.5,10,9.5,10,971.1,10,,,66,10,0.0,10,0,10,,,0.0,10,6.4,,,10,6.4,,,10,6.0,10,7.4,10,5.2,10,2306,10
2008-03-11T00:00+00:00,5917,0,0,162,10,163,10,4.2,10,6.9,10,971.1,10,,,69,10,0.0,10,0,10,,,0.0,10,6.2,,,10,6.3,,,10,6.0,10,6.4,10,3.1,10,1,10
2008-03-11T01:00+00:00,5917,0,0,191,10,162,10,0.8,10,3.7,10,971.2,10,,,72,10,0.0,10,0,10,,,0.0,10,6.1,,,10,6.3,,,10,6.0,10,6.1,10,-2.2,10,101,10
2008-03-11T02:00+00:00,5917,0,0,213,10,208,10,1.1,10,2.5,10,971.3,10,,,80,10,0.0,10,0,10,,,0.0,10,5.9,,,10,6.2,,,10,6.0,10,4.4,10,-2.2,10,209,10
2008-03-11T03:00+00:00,5917,0,0,277,10,296,10,1.4,10,3.1,10,971.4,10,,,86,10,0.0,10,0,10,,,0.0,10,5.7,,,10,6.2,,,10,6.0,10,2.9,10,-1.1,10,358,10
2008-03-11T04:00+00:00,5917,0,0,260,10,251,10,1.9,10,3.1,10,972.0,10,,,84,10,0.0,10,0,10,,,0.0,10,5.7,,,10,6.1,,,10,6.0,10,3.0,10,0.4,10,434,10
2008-03-11T05:00+00:00,5917,0,0,284,10,287,10,2.0,10,3.9,10,972.7,10,,,85,10,0.0,10,0,10,,,0.0,10,5.6,,,10,6.0,,,10,6.0,10,3.2,10,1.1,10,557,10
2008-03-11T06:00+00:00,5917,10,0,327,10,294,10,2.7,10,6.4,10,973.6,10,,,71,10,0.0,10,0,10,,,0.0,10,5.5,,,10,6.0,,,10,6.0,10,6.7,10,1.2,10,607,10
2008-03-11T07:00+00:00,5917,66,0,286,10,332,10,0.7,10,4.6,10,974.8,10,,,75,10,0.0,10,0,10,,,0.0,10,5.6,,,10,5.9,,,10,6.0,10,6.9,10,5.2,10,705,10
2008-03-11T08:00+00:00,5917,176,0,272,10,267,10,4.5,10,9.9,10,975.6,10,,,69,10,0.0,10,0,10,,,0.0,10,5.7,,,10,5.8,,,10,6.0,10,10.1,10,7.6,10,846,10
2008-03-11T09:00+00:00,5917,179,0,274,10,284,10,6.9,10,11.5,10,976.3,10,,,77,10,0.0,10,0,10,,,0.0,10,5.8,,,10,5.8,,,10,6.0,10,8.7,10,8.9,10,937,10
2008-03-11T10:00+00:00,5917,110,0,273,10,280,10,6.7,10,10.7,10,977.3,10,,,88,10,0.7,10,52,10,,,0.0,10,5.8,,,10,5.8,,,10,6.0,10,7.6,10,6.9,10,1026,10
2008-03-11T11:00+00:00,5917,154,0,289,10,283,10,3.8,10,7.3,10,977.6,10,,,88,10,1.1,10,35,10,,,0.0,10,5.9,,,10,5.9,,,10,6.0,10,8.1,10,7.0,10,1109,10
2008-03-11T12:00+00:00,5917,291,0,294,10,295,10,3.4,10,7.5,10,977.5,10,,,78,10,0.0,10,18,10,,,0.1,10,6.0,,,10,5.9,,,10,6.0,10,9.9,10,8.4,10,1247,10
2008-03-11T13:00+00:00,5917,375,0,293,10,302,10,4.1,10,10.2,10,977.1,10,,,67,10,0.0,10,0,10,,,0.3,10,6.2,,,10,5.9,,,10,6.0,10,11.6,10,10.7,10,1308,10
2008-03-11T14:00+00:00,5917,336,0,291,10,283,10,4.7,10,9.5,10,977.1,10,,,60,10,0.0,10,0,10,,,0.5,10,6.4,,,10,6.0,,,10,6.0,10,12.2,10,12.1,10,1429,10
2008-03-11T15:00+00:00,5917,166,0,290,10,285,10,4.5,10,8.7,10,977.6,10,,,61,10,0.0,10,0,10,,,0.2,10,6.4,,,10,6.1,,,10,6.0,10,11.3,10,11.4,10,1504,10
2008-03-11T16:00+00:00,5917,60,0,284,10,290,10,3.6,10,7.2,10,977.9,10,,,59,10,0.0,10,0,10,,,0.0,10,6.5,,,10,6.1,,,10,6.0,10,11.1,10,10.4,10,1606,10
2008-03-11T17:00+00:00,5917,25,0,283,10,292,10,2.8,10,5.9,10,978.5,10,,,56,10,0.0,10,0,10,,,0.2,10,6.5,,,10,6.2,,,10,6.0,10,10.9,10,9.5,10,1743,10
2008-03-11T18:00+00:00,5917,0,0,278,10,294,10,2.7,10,5.2,10,979.2,10,,,57,10,0.0,10,0,10,,,0.0,10,6.5,,,10,6.3,,,10,6.0,10,9.6,10,6.9,10,1836,10
2008-03-11T19:00+00:00,5917,0,0,234,10,219,10,1.8,10,2.8,10,979.5,10,,,57,10,0.0,10,0,10,,,0.0,10,6.4,,,10,6.3,,,10,6.0,10,9.2,10,4.2,10,1954,10
2008-03-11T20:00+00:00,5917,0,0,227,10,221,10,2.1,10,3.3,10,979.8,10,,,63,10,0.0,10,0,10,,,0.0,10,6.2,,,10,6.3,,,10,6.0,10,7.3,10,2.9,10,2005,10
2008-03-11T21:00+00:00,5917,0,0,211,10,203,10,2.1,10,3.7,10,979.9,10,,,64,10,0.0,10,0,10,,,0.0,10,6.1,,,10,6.3,,,10,6.0,10,6.7,10,0.7,10,2148,10
2008-03-11T22:00+00:00,5917,0,0,202,10,216,10,2.5,10,4.3,10,979.8,10,,,83,10,0.0,10,0,10,,,0.0,10,6.0,,,10,6.2,,,10,6.1,10,2.9,10,0.0,10,2222,10
2008-03-11T23:00+00:00,5917,0,0,175,10,188,10,2.7,10,3.8,10,979.2,10,,,90,10,0.0,10,0,10,,,0.0,10,5.8,,,10,6.2,,,10,6.1,10,2.0,10,-0.9,10,2311,10
2008-03-12T00:00+00:00,5917,0,0,178,10,180,10,3.1,10,5.2,10,979.0,10,,,90,10,0.0,10,0,10,,,0.0,10,5.7,,,10,6.1,,,10,6.1,10,2.6,10,-0.8,10,25,10
2008-03-12T01:00+00:00,5917,0,0,187,10,196,10,4.3,10,8.4,10,978.6,10,,,79,10,0.0,10,0,10,,,0.0,10,5.6,,,10,6.1,,,10,6.1,10,5.4,10,0.9,10,151,10
2008-03-12T02:00+00:00,5917,0,0,186,10,189,10,3.2,10,9.0,10,978.1,10,,,86,10,0.1,10,11,10,,,0.0,10,5.6,,,10,6.0,,,10,6.1,10,4.8,10,3.3,10,204,10
2008-03-12T03:00+00:00,5917,0,0,203,10,208,10,2.5,10,5.1,10,977.5,10,,,85,10,0.0,10,4,10,,,0.0,10,5.5,,,10,5.9,,,10,6.1,10,5.2,10,3.5,10,311,10
2008-03-12T04:00+00:00,5917,0,0,187,10,208,10,3.8,10,6.5,10,976.2,10,,,82,10,0.1,10,8,10,,,0.0,10,5.5,,,10,5.9,,,10,6.1,10,6.0,10,3.7,10,448,10
2008-03-12T05:00+00:00,5917,0,0,183,10,195,10,4.0,10,6.6,10,975.4,10,,,83,10,0.0,10,4,10,,,0.0,10,5.5,,,10,5.8,,,10,6.1,10,5.9,10,4.7,10,503,10
2008-03-12T06:00+00:00,5917,9,0,187,10,190,10,3.4,10,5.9,10,975.7,10,,,81,10,0.0,10,0,10,,,0.0,10,5.5,,,10,5.8,,,10,6.1,10,6.6,10,4.6,10,618,10
2008-03-12T07:00+00:00,5917,12,0,188,10,171,10,2.9,10,5.9,10,975.5,10,,,87,10,0.8,10,36,10,,,0.0,10,5.6,,,10,5.8,,,10,6.1,10,6.5,10,5.4,10,757,10
2008-03-12T08:00+00:00,5917,79,0,183,10,175,10,3.5,10,6.0,10,975.9,10,,,84,10,0.0,10,3,10,,,0.0,10,5.6,,,10,5.8,,,10,6.0,10,8.2,10,5.5,10,839,10
2008-03-12T09:00+00:00,5917,76,0,164,10,170,10,1.3,10,5.7,10,976.5,10,,,87,10,0.6,10,33,10,,,0.0,10,5.7,,,10,5.8,,,10,6.0,10,8.8,10,7.9,10,920,10
2008-03-12T10:00+00:00,5917,242,0,82,10,121,10,2.4,10,5.2,10,976.8,10,,,93,10,0.2,10,23,10,,,0.1,10,5.8,,,10,5.8,,,10,6.0,10,9.8,10,8.1,10,1025,10
2008-03-12T11:00+00:00,5917,182,0,120,10,149,10,2.3,10,4.3,10,977.1,10,,,92,10,0.2,10,28,10,,,0.0,10,6.0,,,10,5.8,,,10,6.0,10,10.1,10,11.0,10,1154,10
2008-03-12T12:00+00:00,5917,143,0,152,10,145,10,1.9,10,3.9,10,977.5,10,,,87,10,0.1,10,36,10,,,0.0,10,6.2,,,10,5.9,,,10,6.0,10,10.9,10,10.8,10,1203,10
2008-03-12T13:00+00:00,5917,322,0,245,10,230,10,5.3,10,13.2,10,976.5,10,,,70,10,0.1,10,20,10,,,0.4,10,6.4,,,10,6.0,,,10,6.0,10,13.0,10,10.4,10,1357,10
2008-03-12T14:00+00:00,5917,215,0,266,10,286,10,8.4,10,18.2,10,976.2,10,,,65,10,0.0,10,1,10,,,0.2,10,6.5,,,10,6.1,,,10,6.0,10,11.8,10,10.6,10,1446,10
2008-03-12T15:00+00:00,5917,288,0,270,10,289,10,9.2,10,17.3,10,976.0,10,,,60,10,0.0,10,0,10,,,0.8,10,6.6,,,10,6.2,,,10,6.0,10,12.9,10,10.7,10,1505,10
2008-03-12T16:00+00:00,5917,193,0,262,10,247,10,6.3,10,14.8,10,975.6,10,,,59,10,0.0,10,0,10,,,1.0,10,6.7,,,10,6.3,,,10,6.0,10,13.1,10,13.7,10,1654,10
2008-03-12T17:00+00:00,5917,33,0,266,10,290,10,6.5,10,14.3,10,976.4,10,,,59,10,0.0,10,0,10,,,0.5,10,6.8,,,10,6.4,,,10,6.0,10,12.4,10,10.8,10,1757,10
2008-03-12T18:00+00:00,5917,0,0,282,10,282,10,6.2,10,15.1,10,978.1,10,,,64,10,0.0,10,0,10,,,0.0,10,6.7,,,10,6.4,,,10,6.1,10,11.7,10,9.8,10,1809,10
2008-03-12T19:00+00:00,5917,0,0,270,10,285,10,5.4,10,10.3,10,979.3,10,,,71,10,0.0,10,0,10,,,0.0,10,6.7,,,10,6.5,,,10,6.1,10,10.8,10,9.3,10,1908,10
2008-03-12T20:00+00:00,5917,0,0,275,10,296,10,6.1,10,16.7,10,980.3,10,,,62,10,0.0,10,0,10,,,0.0,10,6.7,,,10,6.5,,,10,6.1,10,10.4,10,8.6,10,2054,10
2008-03-12T21:00+00:00,5917,0,0,279,10,299,10,7.8,10,17.3,10,981.8,10,,,58,10,0.0,10,0,10,,,0.0,10,6.6,,,10,6.5,,,10,6.1,10,9.3,10,8.0,10,2149,10
2008-03-12T22:00+00:00,5917,0,0,281,10,283,10,8.6,10,14.6,10,982.5,10,,,60,10,0.0,10,0,10,,,0.0,10,6.6,,,10,6.5,,,10,6.1,10,8.5,10,7.2,10,2246,10
2008-03-12T23:00+00:00,5917,0,0,280,10,288,10,8.0,10,14.2,10,983.0,10,,,59,10,0.0,10,0,10,,,0.0,10,6.5,,,10,6.5,,,10,6.2,10,8.2,10,6.8,10,2324,10
2008-03-13T00:00+00:00,5917,0,0,273,10,266,10,8.9,10,17.4,10,983.8,10,,,60,10,0.0,10,0,10,,,0.0,10,6.4,,,10,6.5,,,10,6.2,10,8.0,10,6.5,10,58,10
2008-03-13T01:00+00:00,5917,0,0,269,10,267,10,8.5,10,16.1,10,984.6,10,,,64,10,0.0,10,0,10,,,0.0,10,6.4,,,10,6.4,,,10,6.2,10,7.4,10,6.2,10,103,10
2008-03-13T02:00+00:00,5917,0,0,272,10,269,10,8.6,10,15.8,10,985.1,10,,,66,10,0.0,10,0,10,,,0.0,10,6.3,,,10,6.4,,,10,6.2,10,7.0,10,5.9,10,222,10
2008-03-13T03:00+00:00,5917,0,0,275,10,263,10,9.7,10,17.9,10,984.9,10,,,65,10,0.0,10,0,10,,,0.0,10,6.2,,,10,6.4,,,10,6.2,10,6.6,10,5.5,10,319,10
2008-03-13T04:00+00:00,5917,0,0,280,10,275,10,9.7,10,18.5,10,986.0,10,,,65,10,0.0,10,0,10,,,0.0,10,6.1,,,10,6.3,,,10,6.2,10,6.5,10,5.4,10,403,10
2008-03-13T05:00+00:00,5917,0,0,287,10,289,10,8.1,10,17.5,10,986.7,10,,,65,10,0.0,10,0,10,,,0.0,10,6.1,,,10,6.3,,,10,6.2,10,6.2,10,5.0,10,502,10
2008-03-13T06:00+00:00,5917,21,0,280,10,284,10,8.2,10,14.7,10,987.1,10,,,61,10,0.0,10,0,10,,,0.3,10,6.0,,,10,6.2,,,10,6.2,10,6.8,10,5.1,10,619,10
2008-03-13T07:00+00:00,5917,145,0,274,10,282,10,10.6,10,19.8,10,987.8,10,,,59,10,0.0,10,0,10,,,1.0,10,6.0,,,10,6.2,,,10,6.2,10,7.2,10,5.7,10,727,10
2008-03-13T08:00+00:00,5917,277,0,277,10,269,10,12.2,10,20.7,10,988.1,10,,,58,10,0.0,10,0,10,,,0.7,10,6.0,,,10,6.2,,,10,6.2,10,7.4,10,7.3,10,859,10
2008-03-13T09:00+00:00,5917,254,0,281,10,289,10,11.9,10,19.8,10,988.4,10,,,57,10,0.0,10,0,10,,,0.1,10,6.0,,,10,6.1,,,10,6.2,10,8.1,10,8.0,10,912,10
2008-03-13T10:00+00:00,5917,467,0,278,10,289,10,11.4,10,19.3,10,988.1,10,,,55,10,0.0,10,0,10,,,1.0,10,6.1,,,10,6.1,,,10,6.2,10,8.9,10,9.9,10,1056,10
2008-03-13T11:00+00:00,5917,435,0,279,10,283,10,12.0,10,21.5,10,988.2,10,,,55,10,0.0,10,8,10,,,0.8,10,6.2,,,10,6.1,,,10,6.2,10,9.0,10,8.4,10,1148,10
2008-03-13T12:00+00:00,5917,261,0,276,10,295,10,11.0,10,19.7,10,988.5,10,,,57,10,0.0,10,6,10,,,0.2,10,6.2,,,10,6.1,,,10,6.2,10,8.1,10,7.9,10,1206,10
2008-03-13T13:00+00:00,5917,181,0,277,10,279,10,10.5,10,18.8,10,988.1,10,,,59,10,0.0,10,7,10,,,0.0,10,6.2,,,10,6.2,,,10,6.2,10,8.4,10,6.4,10,1346,10
2008-03-13T14:00+00:00,5917,269,0,268,10,265,10,9.6,10,16.4,10,987.8,10,,,63,10,0.0,10,0,10,,,0.5,10,6.3,,,10,6.2,,,10,6.2,10,8.3,10,9.1,10,1423,10
2008-03-13T15:00+00:00,5917,283,0,271,10,289,10,9.4,10,16.2,10,987.8,10,,,61,10,0.0,10,0,10,,,1.0,10,6.4,,,10,6.2,,,10,6.2,10,8.7,10,9.1,10,1558,10
2008-03-13T16:00+00:00,5917,190,0,270,10,282,10,8.6,10,15.7,10,987.9,10,,,65,10,0.0,10,0,10,,,1.0,10,6.4,,,10,6.2,,,10,6.2,10,7.9,10,9.0,10,1641,10
2008-03-13T17:00+00:00,5917,36,0,289,10,277,10,6.2,10,14.7,10,989.2,10,,,74,10,0.0,10,8,10,,,0.4,10,6.3,,,10,6.3,,,10,6.2,10,6.9,10,5.1,10,1702,10
2008-03-13T18:00+00:00,5917,0,0,279,10,285,10,6.6,10,12.9,10,989.5,10,,,73,10,0.0,10,3,10,,,0.0,10,6.3,,,10,6.3,,,10,6.2,10,6.5,10,4.4,10,1835,10
2008-03-13T19:00+00:00,5917,0,0,280,10,295,10,5.6,10,12.2,10,990.3,10,,,72,10,0.0,10,0,10,,,0.0,10,6.2,,,10,6.3,,,10,6.2,10,6.1,10,4.4,10,2000,10
2008-03-13T20:00+00:00,5917,0,0,283,10,284,10,6.0,10,10.8,10,990.2,10,,,75,10,0.0,10,0,10,,,0.0,10,6.1,,,10,6.3,,,10,6.2,10,6.5,10,4.4,10,2039,10
2008-03-13T21:00+00:00,5917,0,0,279,10,286,10,7.1,10,12.8,10,990.3,10,,,76,10,0.0,10,0,10,,,0.0,10,6.1,,,10,6.3,,,10,6.2,10,6.7,10,5.8,10,2137,10
2008-03-13T22:00+00:00,5917,0,0,279,10,287,10,6.5,10,11.5,10,991.0,10,,,72,10,0.0,10,0,10,,,0.0,10,6.1,,,10,6.2,,,10,6.2,10,6.2,10,5.2,10,2201,10
2008-03-13T23:00+00:00,5917,0,0,283,10,282,10,6.0,10,11.6,10,990.8,10,,,73,10,0.0,10,0,10,,,0.0,10,6.0,,,10,6.2,,,10,6.2,10,6.4,10,5.2,10,2308,10
2008-03-14T00:00+00:00,5917,0,0,275,10,264,10,6.7,10,12.2,10,990.5,10,,,78,10,0.0,10,2,10,,,0.0,10,6.0,,,10,6.2,,,10,6.2,10,6.3,10,4.7,10,21,10
2008-03-14T01:00+00:00,5917,0,0,278,10,282,10,6.4,10,11.8,10,990.5,10,,,75,10,0.0,10,0,10,,,0.0,10,6.0,,,10,6.2,,,10,6.2,10,6.5,10,5.0,10,103,10
2008-03-14T02:00+00:00,5917,0,0,289,10,289,10,6.1,10,11.4,10,990.3,10,,,73,10,0.0,10,0,10,,,0.0,10,5.9,,,10,6.1,,,10,6.2,10,6.4,10,5.6,10,244,10
2008-03-14T03:00+00:00,5917,0,0,290,10,302,10,6.1,10,10.6,10,990.7,10,,,73,10,0.0,10,0,10,,,0.0,10,5.9,,,10,6.1,,,10,6.2,10,6.2,10,5.3,10,314,10
2008-03-14T04:00+00:00,5917,0,0,282,10,294,10,5.1,10,9.5,10,990.8,10,,,77,10,0.0,10,0,10,,,0.0,10,5.9,,,10,6.1,,,10,6.2,10,5.8,10,5.4,10,454,10
2008-03-14T05:00+00:00,5917,0,0,282,10,283,10,5.7,10,10.4,10,990.9,10,,,80,10,0.0,10,0,10,,,0.0,10,5.8,,,10,6.1,,,10,6.2,10,5.4,10,4.7,10,513,10
2008-03-14T06:00+00:00,5917,18,0,267,10,276,10,2.6,10,7.2,10,990.8,10,,,84,10,0.0,10,0,10,,,0.0,10,5.8,,,10,6.1,,,10,6.2,10,4.8,10,4.3,10,602,10
2008-03-14T07:00+00:00,5917,90,0,202,10,204,10,3.2,10,6.6,10,990.5,10,,,84,10,0.0,10,0,10,,,0.0,10,5.8,,,10,6.0,,,10,6.2,10,6.0,10,4.6,10,758,10
2008-03-14T08:00+00:00,5917,99,0,204,10,207,10,4.3,10,7.4,10,990.3,10,,,82,10,0.0,10,0,10,,,0.0,10,5.8,,,10,6.0,,,10,6.2,10,6.8,10,6.6,10,812,10
2008-03-14T09:00+00:00,5917,107,0,193,10,200,10,3.5,10,6.0,10,989.8,10,,,82,10,0.0,10,10,10,,,0.0,10,5.9,,,10,6.0,,,10,6.2,10,7.0,10,7.5,10,910,10
2008-03-14T10:00+00:00,5917,95,0,181,10,161,10,2.4,10,4.3,10,989.2,10,,,86,10,0.1,10,59,10,,,0.0,10,5.9,,,10,6.0,,,10,6.2,10,7.1,10,6.8,10,1020,10
2008-03-14T11:00+00:00,5917,113,0,190,10,187,10,3.9,10,7.8,10,988.5,10,,,91,10,0.4,10,60,10,,,0.0,10,6.0,,,10,6.0,,,10,6.2,10,7.0,10,6.9,10,1133,10
2008-03-14T12:00+00:00,5917,122,0,186,10,189,10,3.7,10,7.3,10,987.6,10,,,94,10,1.1,10,60,10,,,0.0,10,6.0,,,10,6.1,,,10,6.2,10,7.1,10,6.9,10,1204,10
2008-03-14T13:00+00:00,5917,106,0,199,10,200,10,4.2,10,6.7,10,986.7,10,,,93,10,0.8,10,60,10,,,0.0,10,6.1,,,10,6.1,,,10,6.2,10,7.3,10,7.2,10,1324,10
2008-03-14T14:00+00:00,5917,90,0,195,10,206,10,4.1,10,7.4,10,986.3,10,,,95,10,1.1,10,60,10,,,0.0,10,6.2,,,10,6.1,,,10,6.2,10,7.3,10,7.2,10,1422,10
2008-03-14T15:00+00:00,5917,58,0,202,10,204,10,3.7,10,6.7,10,986.0,10,,,96,10,1.3,10,60,10,,,0.0,10,6.2,,,10,6.2,,,10,6.2,10,7.4,10,7.1,10,1513,10
2008-03-14T16:00+00:00,5917,28,0,197,10,197,10,3.0,10,5.1,10,985.7,10,,,98,10,1.5,10,60,10,,,0.0,10,6.2,,,10,6.2,,,10,6.2,10,7.4,10,7.1,10,1635,10
2008-03-14T17:00+00:00,5917,6,0,202,10,220,10,3.2,10,6.4,10,985.8,10,,,97,10,1.8,10,60,10,,,0.0,10,6.3,,,10,6.2,,,10,6.2,10,7.6,10,7.0,10,1746,10
2008-03-14T18:00+00:00,5917,0,0,208,10,240,10,3.4,10,5.5,10,985.8,10,,,97,10,0.3,10,60,10,,,0.0,10,6.3,,,10,6.3,,,10,6.2,10,7.5,10,7.0,10,1847,10
2008-03-14T19:00+00:00,5917,0,0,204,10,206,10,3.4,10,6.4,10,986.4,10,,,91,10,0.5,10,60,10,,,0.0,10,6.3,,,10,6.3,,,10,6.2,10,8.6,10,7.0,10,1943,10
2008-03-14T20:00+00:00,5917,0,0,250,10,243,10,3.5,10,6.0,10,987.1,10,,,88,10,0.4,10,52,10,,,0.0,10,6.3,,,10,6.3,,,10,6.2,10,8.7,10,7.3,10,2006,10
2008-03-14T21:00+00:00,5917,0,0,285,10,284,10,3.6,10,8.3,10,987.9,10,,,85,10,0.3,10,45,10,,,0.0,10,6.4,,,10,6.3,,,10,6.2,10,8.7,10,7.2,10,2136,10
2008-03-14T22:00+00:00,5917,0,0,295,10,310,10,3.2,10,6.3,10,989.0,10,,,79,10,0.0,10,0,10,,,0.0,10,6.4,,,10,6.4,,,10,6.2,10,8.7,10,6.5,10,2247,10
2008-03-14T23:00+00:00,5917,0,0,303,10,296,10,3.7,10,8.9,10,989.6,10,,,72,10,0.0,10,0,10,,,0.0,10,6.3,,,10,6.4,,,10,6.2,10,8.6,10,6.2,10,2345,10
2008-03-15T00:00+00:00,5917,0,0,304,10,299,10,3.6,10,9.7,10,990.0,10,,,76,10,0.0,10,0,10,,,0.0,10,6.3,,,10,6.4,,,10,6.2,10,7.9,10,5.7,10,29,10
2008-03-15T01:00+00:00,5917,0,0,306,10,306,10,2.7,10,8.6,10,990.3,10,,,77,10,0.0,10,0,10,,,0.0,10,6.3,,,10,6.4,,,10,6.2,10,8.2,10,5.7,10,155,10
2008-03-15T02:00+00:00,5917,0,0,311,10,309,10,3.7,10,9.5,10,990.9,10,,,60,10,0.0,10,0,10,,,0.0,10,6.3,,,10,6.4,,,10,6.2,10,8.1,10,5.7,10,242,10
2008-03-15T03:00+00:00,5917,0,0,315,10,315,10,4.3,10,11.2,10,991.1,10,,,61,10,0.0,10,0,10,,,0.0,10,6.2,,,10,6.4,,,10,6.3,10,7.6,10,5.6,10,302,10
2008-03-15T04:00+00:00,5917,0,0,313,10,304,10,4.0,10,9.6,10,991.9,10,,,58,10,0.0,10,0,10,,,0.0,10,6.2,,,10,6.3,,,10,6.3,10,7.1,10,5.1,10,419,10
2008-03-15T05:00+00:00,5917,0,0,301,10,301,10,3.6,10,7.1,10,992.5,10,,,68,10,0.0,10,0,10,,,0.0,10,6.1,,,10,6.3,,,10,6.3,10,6.0,10,4.1,10,552,10
2008-03-15T06:00+00:00,5917,22,0,294,10,300,10,2.8,10,6.4,10,993.0,10,,,72,10,0.0,10,0,10,,,0.2,10,6.0,,,10,6.3,,,10,6.3,10,5.4,10,3.2,10,607,10
2008-03-15T07:00+00:00,5917,147,0,299,10,300,10,2.6,10,6.8,10,993.3,10,,,74,10,0.0,10,0,10,,,0.9,10,5.9,,,10,6.2,,,10,6.3,10,7.4,10,3.1,10,756,10
2008-03-15T08:00+00:00,5917,350,0,305,10,309,10,3.8,10,8.9,10,993.6,10,,,63,10,0.0,10,0,10,,,1.0,10,6.0,,,10,6.2,,,10,6.3,10,8.6,10,7.8,10,846,10
2008-03-15T09:00+00:00,5917,504,0,305,10,294,10,4.2,10,9.4,10,993.3,10,,,60,10,0.0,10,0,10,,,1.0,10,6.1,,,10,6.2,,,10,6.3,10,9.4,10,10.7,10,942,10
2008-03-15T10:00+00:00,5917,556,0,296,10,296,10,3.5,10,8.3,10,993.0,10,,,62,10,0.0,10,0,10,,,0.9,10,6.3,,,10,6.2,,,10,6.3,10,10.4,10,12.5,10,1005,10
2008-03-15T11:00+00:00,5917,654,0,293,10,291,10,3.2,10,7.3,10,992.4,10,,,54,10,0.0,10,0,10,,,1.0,10,6.5,,,10,6.2,,,10,6.3,10,11.2,10,15.5,10,1134,10
2008-03-15T12:00+00:00,5917,691,0,319,10,307,10,1.2,10,5.3,10,991.5,10,,,49,10,0.0,10,0,10,,,1.0,10,6.9,,,10,6.3,,,10,6.3,10,12.2,10,19.7,10,1201,10
2008-03-15T13:00+00:00,5917,614,0,116,10,111,10,0.9,10,4.4,10,991.0,10,,,45,10,0.0,10,0,10,,,1.0,10,7.3,,,10,6.4,,,10,6.3,10,12.9,10,21.3,10,1339,10
2008-03-15T14:00+00:00,5917,488,0,136,10,139,10,1.8,10,4.8,10,990.2,10,,,45,10,0.0,10,0,10,,,1.0,10,7.5,,,10,6.6,,,10,6.3,10,12.9,10,20.2,10,1427,10
2008-03-15T15:00+00:00,5917,362,0,125,10,125,10,2.9,10,7.9,10,989.5,10,,,49,10,0.0,10,0,10,,,1.0,10,7.8,,,10,6.8,,,10,6.3,10,13.2,10,16.5,10,1556,10
2008-03-15T16:00+00:00,5917,190,0,125,10,119,10,4.3,10,8.3,10,988.8,10,,,58,10,0.0,10,0,10,,,1.0,10,7.8,,,10,6.9,,,10,6.3,10,12.2,10,13.1,10,1645,10
2008-03-15T17:00+00:00,5917,40,0,121,10,128,10,4.4,10,7.6,10,988.1,10,,,66,10,0.0,10,0,10,,,0.5,10,7.8,,,10,7.1,,,10,6.3,10,10.6,10,8.7,10,1721,10
2008-03-15T18:00+00:00,5917,0,0,119,10,125,10,4.9,10,7.1,10,987.5,10,,,78,10,0.0,10,0,10,,,0.0,10,7.7,,,10,7.2,,,10,6.4,10,9.3,10,7.5,10,1834,10
2008-03-15T19:00+00:00,5917,0,0,119,10,123,10,5.2,10,7.1,10,986.7,10,,,79,10,0.0,10,0,10,,,0.0,10,7.6,,,10,7.3,,,10,6.4,10,9.0,10,7.1,10,1902,10
2008-03-15T20:00+00:00,5917,0,0,129,10,127,10,4.4,10,7.2,10,985.8,10,,,84,10,0.0,10,0,10,,,0.0,10,7.5,,,10,7.3,,,10,6.5,10,8.4,10,6.6,10,2100,10
2008-03-15T21:00+00:00,5917,0,0,136,10,131,10,5.4,10,8.5,10,984.7,10,,,83,10,0.0,10,0,10,,,0.0,10,7.4,,,10,7.3,,,10,6.5,10,8.6,10,6.5,10,2147,10
2008-03-15T22:00+00:00,5917,0,0,137,10,142,10,5.7,10,8.9,10,983.6,10,,,82,10,0.0,10,0,10,,,0.0,10,7.3,,,10,7.2,,,10,6.5,10,8.8,10,7.2,10,2216,10
2008-03-15T23:00+00:00,5917,0,0,141,10,132,10,3.5,10,7.4,10,983.0,10,,,84,10,0.0,10,0,10,,,0.0,10,7.2,,,10,7.2,,,10,6.6,10,8.1,10,5.5,10,2312,10
2008-03-16T00:00+00:00,5917,0,0,130,10,138,10,1.8,10,3.6,10,982.3,10,,,88,10,0.0,10,0,10,,,0.0,10,7.1,,,10,7.2,,,10,6.6,10,7.5,10,4.0,10,8,10
2008-03-16T01:00+00:00,5917,0,0,77,10,123,10,1.6,10,3.9,10,981.5,10,,,90,10,0.0,10,0,10,,,0.0,10,7.0,,,10,7.1,,,10,6.6,10,6.7,10,3.5,10,200,10
2008-03-16T02:00+00:00,5917,0,0,64,10,76,10,1.9,10,3.2,10,980.9,10,,,93,10,0.0,10,0,10,,,0.0,10,6.8,,,10,7.1,,,10,6.6,10,5.9,10,2.5,10,211,10
2008-03-16T03:00+00:00,5917,0,0,66,10,67,10,1.7,10,3.2,10,980.1,10,,,95,10,0.0,10,0,10,,,0.0,10,6.7,,,10,7.0,,,10,6.7,10,5.4,10,2.5,10,316,10
2008-03-16T04:00+00:00,5917,0,0,44,10,52,10,1.3,10,2.4,10,979.8,10,,,95,10,0.0,10,0,10,,,0.0,10,6.6,,,10,6.9,,,10,6.7,10,5.4,10,1.1,10,455,10
2008-03-16T05:00+00:00,5917,0,0,45,10,43,10,1.4,10,2.3,10,979.8,10,,,96,10,0.0,10,0,10,,,0.0,10,6.5,,,10,6.9,,,10,6.7,10,4.9,10,1.1,10,518,10
2008-03-16T06:00+00:00,5917,16,0,352,10,327,10,2.0,10,4.5,10,980.5,10,,,96,10,0.0,10,0,10,,,0.0,10,6.4,,,10,6.8,,,10,6.7,10,5.0,10,1.4,10,658,10
2008-03-16T07:00+00:00,5917,70,0,343,10,324,10,2.4,10,6.2,10,981.0,10,,,89,10,0.0,10,0,10,,,0.0,10,6.4,,,10,6.7,,,10,6.7,10,6.6,10,4.2,10,755,10
2008-03-16T08:00+00:00,5917,220,0,4,10,337,10,2.8,10,6.2,10,980.8,10,,,80,10,0.0,10,0,10,,,0.6,10,6.4,,,10,6.7,,,10,6.7,10,9.0,10,6.4,10,803,10
2008-03-16T09:00+00:00,5917,458,0,285,10,271,10,2.3,10,15.7,10,981.1,10,,,63,10,0.0,10,0,10,,,0.9,10,6.7,,,10,6.7,,,10,6.7,10,13.9,10,12.4,10,956,10
2008-03-16T10:00+00:00,5917,185,0,286,10,297,10,9.1,10,18.8,10,981.8,10,,,65,10,0.0,10,0,10,,,0.0,10,6.8,,,10,6.7,,,10,6.7,10,12.7,10,12.6,10,1017,10
2008-03-16T11:00+00:00,5917,187,0,289,10,296,10,7.5,10,14.2,10,981.9,10,,,66,10,0.0,10,0,10,,,0.0,10,6.9,,,10,6.7,,,10,6.7,10,12.9,10,12.5,10,1119,10
2008-03-16T12:00+00:00,5917,209,0,293,10,294,10,5.9,10,12.3,10,981.5,10,,,65,10,0.0,10,0,10,,,0.0,10,7.1,,,10,6.8,,,10,6.7,10,12.8,10,13.8,10,1233,10
2008-03-16T13:00+00:00,5917,132,0,290,10,298,10,5.5,10,10.3,10,981.2,10,,,64,10,0.0,10,1,10,,,0.0,10,7.2,,,10,6.8,,,10,6.6,10,12.5,10,11.6,10,1359,10
2008-03-16T14:00+00:00,5917,89,0,282,10,295,10,5.3,10,11.5,10,981.0,10,,,73,10,0.1,10,41,10,,,0.0,10,7.2,,,10,6.9,,,10,6.6,10,11.2,10,9.2,10,1403,10
2008-03-16T15:00+00:00,5917,66,0,276,10,277,10,2.3,10,5.4,10,980.2,10,,,75,10,0.1,10,31,10,,,0.0,10,7.3,,,10,6.9,,,10,6.7,10,11.1,10,9.3,10,1511,10
2008-03-16T16:00+00:00,5917,34,0,197,10,184,10,1.4,10,2.8,10,979.9,10,,,85,10,0.3,10,38,10,,,0.0,10,7.3,,,10,7.0,,,10,6.7,10,10.4,10,8.9,10,1619,10
2008-03-16T17:00+00:00,5917,12,0,269,10,279,10,3.5,10,7.3,10,979.8,10,,,74,10,0.0,10,5,10,,,0.0,10,7.3,,,10,7.1,,,10,6.7,10,10.7,10,8.3,10,1715,10
2008-03-16T18:00+00:00,5917,0,0,275,10,262,10,2.3,10,4.8,10,979.8,10,,,72,10,0.0,10,0,10,,,0.0,10,7.3,,,10,7.1,,,10,6.7,10,10.6,10,8.2,10,1803,10
2008-03-16T19:00+00:00,5917,0,0,267,10,283,10,3.0,10,8.2,10,980.0,10,,,72,10,0.0,10,0,10,,,0.0,10,7.3,,,10,7.1,,,10,6.7,10,10.3,10,8.0,10,1948,10
2008-03-16T20:00+00:00,5917,0,0,191,10,224,10,1.7,10,4.5,10,980.0,10,,,87,10,0.0,10,0,10,,,0.0,10,7.2,,,10,7.1,,,10,6.7,10,8.9,10,7.3,10,2100,10
2008-03-16T21:00+00:00,5917,0,0,198,10,200,10,1.6,10,3.7,10,979.9,10,,,91,10,0.0,10,0,10,,,0.0,10,7.2,,,10,7.1,,,10,6.7,10,8.3,10,6.9,10,2121,10
2008-03-16T22:00+00:00,5917,0,0,203,10,205,10,2.3,10,4.2,10,979.7,10,,,93,10,0.0,10,0,10,,,0.0,10,7.1,,,10,7.1,,,10,6.7,10,8.0,10,6.9,10,2245,10
2008-03-16T23:00+00:00,5917,0,0,270,10,270,10,3.8,10,7.4,10,979.5,10,,,72,10,0.0,10,0,10,,,0.0,10,7.1,,,10,7.1,,,10,6.8,10,9.2,10,6.9,10,2327,10
2008-03-17T00:00+00:00,5917,0,0,279,10,294,10,5.6,10,11.6,10,979.1,10,,,71,10,0.0,10,0,10,,,0.0,10,7.1,,,10,7.1,,,10,6.8,10,9.4,10,7.5,10,29,10
2008-03-17T01:00+00:00,5917,0,0,285,10,301,10,4.9,10,9.2,10,978.6,10,,,68,10,0.0,10,0,10,,,0.0,10,7.1,,,10,7.1,,,10,6.8,10,9.8,10,7.9,10,147,10
2008-03-17T02:00+00:00,5917,0,0,300,10,295,10,4.8,10,9.9,10,978.1,10,,,67,10,0.0,10,0,10,,,0.0,10,7.0,,,10,7.1,,,10,6.8,10,9.7,10,8.2,10,249,10
2008-03-17T03:00+00:00,5917,0,0,284,10,286,10,7.1,10,12.6,10,978.2,10,,,68,10,0.0,10,0,10,,,0.0,10,7.0,,,10,7.1,,,10,6.8,10,9.4,10,8.4,10,345,10
2008-03-17T04:00+00:00,5917,0,0,278,10,283,10,6.3,10,10.8,10,977.9,10,,,68,10,0.0,10,0,10,,,0.0,10,7.0,,,10,7.0,,,10,6.8,10,9.4,10,7.7,10,418,10
2008-03-17T05:00+00:00,5917,0,0,279,10,263,10,7.2,10,14.1,10,977.8,10,,,69,10,0.0,10,0,10,,,0.0,10,6.9,,,10,7.0,,,10,6.8,10,9.3,10,7.6,10,552,10
2008-03-17T06:00+00:00,5917,31,0,272,10,292,10,6.5,10,11.7,10,978.4,10,,,71,10,0.0,10,0,10,,,0.1,10,6.9,,,10,7.0,,,10,6.8,10,9.2,10,8.2,10,608,10
2008-03-17T07:00+00:00,5917,92,0,271,10,283,10,5.3,10,8.7,10,978.5,10,,,72,10,0.0,10,0,10,,,0.2,10,6.9,,,10,7.0,,,10,6.8,10,9.7,10,8.3,10,705,10
2008-03-17T08:00+00:00,5917,110,0,265,10,268,10,4.7,10,8.7,10,978.2,10,,,69,10,0.0,10,0,10,,,0.0,10,6.9,,,10,6.9,,,10,6.8,10,10.4,10,10.0,10,810,10
2008-03-17T09:00+00:00,5917,337,0,269,10,280,10,6.3,10,13.7,10,978.1,10,,,67,10,0.0,10,0,10,,,0.5,10,7.1,,,10,6.9,,,10,6.8,10,11.3,10,11.4,10,949,10
2008-03-17T10:00+00:00,5917,309,0,278,10,275,10,8.4,10,14.9,10,978.1,10,,,64,10,0.0,10,0,10,,,0.2,10,7.1,,,10,7.0,,,10,6.8,10,11.8,10,11.8,10,1022,10
2008-03-17T11:00+00:00,5917,369,0,276,10,293,10,9.0,10,20.0,10,978.0,10,,,65,10,0.0,10,2,10,,,0.5,10,7.3,,,10,7.0,,,10,6.8,10,11.1,10,12.0,10,1146,10
2008-03-17T12:00+00:00,5917,161,0,280,10,282,10,10.4,10,18.7,10,978.2,10,,,66,10,0.0,10,0,10,,,0.0,10,7.3,,,10,7.0,,,10,6.8,10,11.0,10,11.3,10,1249,10
2008-03-17T13:00+00:00,5917,193,0,301,10,305,10,7.0,10,16.5,10,979.5,10,,,80,10,0.2,10,36,10,,,0.1,10,7.3,,,10,7.1,,,10,6.8,10,8.7,10,7.5,10,1314,10
2008-03-17T14:00+00:00,5917,215,0,312,10,312,10,5.6,10,14.1,10,980.5,10,,,84,10,0.1,10,53,10,,,0.1,10,7.3,,,10,7.1,,,10,6.8,10,7.5,10,6.9,10,1426,10
2008-03-17T15:00+00:00,5917,81,0,310,10,329,10,5.1,10,11.4,10,981.2,10,,,73,10,0.1,10,23,10,,,0.0,10,7.3,,,10,7.2,,,10,6.8,10,7.3,10,5.8,10,1559,10
2008-03-17T16:00+00:00,5917,15,0,316,10,323,10,4.6,10,10.9,10,981.9,10,,,72,10,0.0,10,0,10,,,0.0,10,7.2,,,10,7.2,,,10,6.8,10,7.1,10,5.8,10,1648,10
2008-03-17T17:00+00:00,5917,13,0,305,10,319,10,3.5,10,8.4,10,982.1,10,,,73,10,0.0,10,0,10,,,0.0,10,7.2,,,10,7.2,,,10,6.8,10,6.7,10,5.4,10,1800,10
2008-03-17T18:00+00:00,5917,0,0,314,10,305,10,4.1,10,10.6,10,982.1,10,,,71,10,0.0,10,0,10,,,0.0,10,7.1,,,10,7.2,,,10,6.9,10,6.8,10,4.6,10,1855,10
2008-03-17T19:00+00:00,5917,0,0,313,10,317,10,5.0,10,12.3,10,982.3,10,,,71,10,0.0,10,0,10,,,0.0,10,7.0,,,10,7.2,,,10,6.9,10,6.4,10,5.6,10,1956,10
2008-03-17T20:00+00:00,5917,0,0,312,10,326,10,4.4,10,12.2,10,982.4,10,,,69,10,0.0,10,0,10,,,0.0,10,6.9,,,10,7.1,,,10,6.9,10,6.1,10,5.3,10,2002,10
2008-03-17T21:00+00:00,5917,0,0,306,10,307,10,3.7,10,9.3,10,982.5,10,,,68,10,0.0,10,0,10,,,0.0,10,6.8,,,10,7.1,,,10,6.9,10,5.3,10,3.8,10,2200,10
2008-03-17T22:00+00:00,5917,0,0,306,10,301,10,3.8,10,8.3,10,982.2,10,,,65,10,0.0,10,0,10,,,0.0,10,6.7,,,10,7.1,,,10,6.9,10,5.4,10,3.8,10,2216,10
2008-03-17T23:00+00:00,5917,0,0,288,10,294,10,4.5,10,9.4,10,982.5,10,,,70,10,0.0,10,0,10,,,0.0,10,6.6,,,10,7.0,,,10,6.9,10,5.0,10,3.6,10,2356,10
2008-03-18T00:00+00:00,5917,0,0,313,10,328,10,4.5,10,10.6,10,982.5,10,,,65,10,0.0,10,0,10,,,0.0,10,6.5,,,10,6.9,,,10,6.9,10,5.1,10,3.8,10,38,10
2008-03-18T01:00+00:00,5917,0,0,307,10,337,10,3.7,10,10.1,10,982.6,10,,,65,10,0.0,10,0,10,,,0.0,10,6.4,,,10,6.9,,,10,6.9,10,4.6,10,3.5,10,130,10
2008-03-18T02:00+00:00,5917,0,0,306,10,302,10,4.2,10,9.5,10,982.2,10,,,61,10,0.0,10,0,10,,,0.0,10,6.4,,,10,6.8,,,10,6.9,10,4.5,10,3.7,10,250,10
2008-03-18T03:00+00:00,5917,0,0,307,10,309,10,4.4,10,10.7,10,981.9,10,,,57,10,0.0,10,0,10,,,0.0,10,6.3,,,10,6.8,,,10,6.9,10,4.2,10,2.7,10,314,10
2008-03-18T04:00+00:00,5917,0,0,291,10,303,10,3.7,10,7.3,10,982.3,10,,,70,10,0.0,10,0,10,,,0.0,10,6.2,,,10,6.7,,,10,6.9,10,3.4,10,1.4,10,410,10
2008-03-18T05:00+00:00,5917,0,0,271,10,286,10,4.0,10,7.0,10,982.2,10,,,72,10,0.0,10,0,10,,,0.0,10,6.1,,,10,6.7,,,10,6.9,10,3.8,10,1.8,10,551,10
2008-03-18T06:00+00:00,5917,28,0,274,10,269,10,4.3,10,8.1,10,982.5,10,,,70,10,0.0,10,0,10,,,0.2,10,6.0,,,10,6.6,,,10,6.9,10,3.6,10,2.2,10,641,10
2008-03-18T07:00+00:00,5917,155,0,276,10,286,10,5.6,10,12.8,10,982.9,10,,,70,10,0.0,10,0,10,,,0.8,10,6.0,,,10,6.5,,,10,6.8,10,4.5,10,2.8,10,758,10
2008-03-18T08:00+00:00,5917,245,0,290,10,312,10,6.5,10,17.4,10,983.8,10,,,84,10,0.0,10,14,10,,,0.4,10,6.0,,,10,6.5,,,10,6.8,10,2.5,10,1.0,10,836,10
2008-03-18T09:00+00:00,5917,111,0,292,10,301,10,4.1,10,14.6,10,984.4,10,,,81,10,0.0,10,7,10,,,0.1,10,5.9,,,10,6.4,,,10,6.8,10,2.5,10,1.8,10,908,10
2008-03-18T10:00+00:00,5917,139,0,304,10,296,10,3.8,10,10.2,10,984.5,10,,,69,10,0.0,10,0,10,,,0.0,10,5.9,,,10,6.4,,,10,6.8,10,3.6,10,4.1,10,1014,10
2008-03-18T11:00+00:00,5917,383,0,301,10,298,10,4.6,10,12.5,10,984.2,10,,,58,10,0.0,10,0,10,,,0.4,10,6.0,,,10,6.4,,,10,6.8,10,5.4,10,4.1,10,1106,10
2008-03-18T12:00+00:00,5917,318,0,305,10,311,10,5.5,10,15.0,10,983.7,10,,,42,10,0.0,10,0,10,,,0.3,10,6.1,,,10,6.3,,,10,6.7,10,5.6,10,6.2,10,1247,10
2008-03-18T13:00+00:00,5917,357,0,294,10,288,10,6.0,10,13.9,10,983.5,10,,,40,10,0.0,10,0,10,,,0.4,10,6.2,,,10,6.3,,,10,6.7,10,6.2,10,6.3,10,1312,10
2008-03-18T14:00+00:00,5917,289,0,310,10,298,10,6.1,10,14.3,10,983.3,10,,,37,10,0.0,10,0,10,,,0.4,10,6.2,,,10,6.4,,,10,6.7,10,6.6,10,6.9,10,1434,10
2008-03-18T15:00+00:00,5917,175,0,290,10,264,10,6.1,10,13.6,10,983.3,10,,,43,10,0.0,10,0,10,,,0.3,10,6.2,,,10,6.4,,,10,6.7,10,6.8,10,6.4,10,1556,10
2008-03-18T16:00+00:00,5917,90,0,291,10,293,10,6.3,10,12.8,10,983.8,10,,,43,10,0.0,10,0,10,,,0.0,10,6.2,,,10,6.4,,,10,6.7,10,5.8,10,5.1,10,1623,10
2008-03-18T17:00+00:00,5917,42,0,297,10,312,10,5.0,10,9.5,10,984.0,10,,,43,10,0.0,10,0,10,,,0.7,10,6.2,,,10,6.4,,,10,6.7,10,5.4,10,3.9,10,1740,10
2008-03-18T18:00+00:00,5917,0,0,281,10,285,10,5.3,10,9.9,10,984.4,10,,,45,10,0.0,10,0,10,,,0.0,10,6.1,,,10,6.4,,,10,6.7,10,4.8,10,3.0,10,1802,10
2008-03-18T19:00+00:00,5917,0,0,298,10,283,10,5.4,10,11.2,10,985.3,10,,,55,10,0.0,10,0,10,,,0.0,10,6.1,,,10,6.4,,,10,6.7,10,4.1,10,3.1,10,1926,10
2008-03-18T20:00+00:00,5917,0,0,293,10,281,10,3.3,10,7.6,10,985.5,10,,,55,10,0.0,10,0,10,,,0.0,10,6.0,,,10,6.4,,,10,6.7,10,4.3,10,2.1,10,2053,10
2008-03-18T21:00+00:00,5917,0,0,284,10,267,10,4.3,10,8.8,10,985.8,10,,,55,10,0.0,10,0,10,,,0.0,10,5.9,,,10,6.4,,,10,6.7,10,4.4,10,2.9,10,2114,10
2008-03-18T22:00+00:00,5917,0,0,310,10,334,10,4.3,10,11.1,10,986.6,10,,,80,10,0.0,10,5,10,,,0.0,10,5.8,,,10,6.3,,,10,6.6,10,2.4,10,2.0,10,2239,10
2008-03-18T23:00+00:00,5917,0,0,301,10,315,10,2.5,10,8.6,10,986.6,10,,,95,10,0.0,10,19,10,,,0.0,10,5.7,,,10,6.2,,,10,6.6,10,1.4,10,0.3,10,2400,10
2008-03-19T00:00+00:00,5917,0,0,283,10,280,10,4.4,10,9.1,10,986.4,10,,,85,10,0.0,10,5,10,,,0.0,10,5.6,,,10,6.2,,,10,6.6,10,1.8,10,0.0,10,11,10
2008-03-19T01:00+00:00,5917,0,0,284,10,289,10,3.2,10,7.1,10,986.4,10,,,78,10,0.0,10,0,10,,,0.0,10,5.6,,,10,6.2,,,10,6.6,10,2.0,10,-0.2,10,156,10
2008-03-19T02:00+00:00,5917,0,0,294,10,294,10,4.9,10,8.5,10,986.0,10,,,69,10,0.0,10,0,10,,,0.0,10,5.5,,,10,6.1,,,10,6.6,10,2.8,10,-0.1,10,213,10
2008-03-19T03:00+00:00,5917,0,0,302,10,308,10,4.8,10,11.8,10,986.3,10,,,73,10,0.0,10,0,10,,,0.0,10,5.4,,,10,6.1,,,10,6.6,10,2.2,10,1.3,10,349,10
2008-03-19T04:00+00:00,5917,0,0,300,10,303,10,4.7,10,10.6,10,986.5,10,,,79,10,0.0,10,0,10,,,0.0,10,5.3,,,10,6.0,,,10,6.5,10,1.4,10,-0.1,10,402,10
2008-03-19T05:00+00:00,5917,0,0,303,10,299,10,3.5,10,7.6,10,986.7,10,,,78,10,0.0,10,0,10,,,0.0,10,5.2,,,10,6.0,,,10,6.5,10,1.0,10,-0.5,10,503,10
2008-03-19T06:00+00:00,5917,43,0,283,10,283,10,2.0,10,4.7,10,986.8,10,,,78,10,0.0,10,0,10,,,0.5,10,5.1,,,10,5.9,,,10,6.5,10,1.6,10,-1.8,10,648,10
2008-03-19T07:00+00:00,5917,190,0,287,10,288,10,3.5,10,7.7,10,987.0,10,,,70,10,0.0,10,0,10,,,1.0,10,5.1,,,10,5.8,,,10,6.5,10,3.3,10,0.4,10,736,10
2008-03-19T08:00+00:00,5917,310,0,296,10,302,10,4.5,10,9.0,10,987.3,10,,,63,10,0.0,10,0,10,,,0.7,10,5.1,,,10,5.8,,,10,6.5,10,4.2,10,3.9,10,839,10
2008-03-19T09:00+00:00,5917,330,0,295,10,318,10,3.8,10,8.9,10,987.1,10,,,55,10,0.0,10,0,10,,,0.5,10,5.2,,,10,5.7,,,10,6.5,10,4.7,10,5.6,10,957,10
2008-03-19T10:00+00:00,5917,598,0,280,10,290,10,4.7,10,9.2,10,987.0,10,,,54,10,0.0,10,0,10,,,0.8,10,5.4,,,10,5.7,,,10,6.4,10,5.3,10,8.2,10,1012,10
2008-03-19T11:00+00:00,5917,451,0,279,10,271,10,4.2,10,9.4,10,986.5,10,,,53,10,0.0,10,0,10,,,0.4,10,5.6,,,10,5.7,,,10,6.4,10,6.4,10,8.8,10,1101,10
2008-03-19T12:00+00:00,5917,327,0,272,10,294,10,4.9,10,15.1,10,986.4,10,,,82,10,0.0,10,9,10,,,0.4,10,5.7,,,10,5.8,,,10,6.4,10,4.3,10,4.1,10,1231,10
2008-03-19T13:00+00:00,5917,525,0,294,10,318,10,3.7,10,8.3,10,985.4,10,,,54,10,0.0,10,0,10,,,0.8,10,6.0,,,10,5.8,,,10,6.4,10,6.8,10,9.1,10,1342,10
2008-03-19T14:00+00:00,5917,425,0,274,10,293,10,6.9,10,12.3,10,985.1,10,,,48,10,0.0,10,0,10,,,0.7,10,6.1,,,10,5.9,,,10,6.4,10,7.6,10,9.4,10,1453,10
2008-03-19T15:00+00:00,5917,209,0,280,10,271,10,7.2,10,18.7,10,985.5,10,,,68,10,0.0,10,0,10,,,0.3,10,6.1,,,10,6.0,,,10,6.3,10,5.6,10,6.0,10,1506,10
2008-03-19T16:00+00:00,5917,214,0,271,10,287,10,6.8,10,14.2,10,985.5,10,,,64,10,0.0,10,0,10,,,1.0,10,6.2,,,10,6.1,,,10,6.3,10,5.5,10,6.8,10,1646,10
2008-03-19T17:00+00:00,5917,42,0,267,10,254,10,6.1,10,11.0,10,985.9,10,,,64,10,0.0,10,0,10,,,0.2,10,6.1,,,10,6.2,,,10,6.3,10,4.9,10,4.0,10,1751,10
2008-03-19T18:00+00:00,5917,1,0,280,10,261,10,5.0,10,12.2,10,986.7,10,,,69,10,0.0,10,0,10,,,0.0,10,6.1,,,10,6.2,,,10,6.3,10,4.2,10,2.9,10,1859,10
2008-03-19T19:00+00:00,5917,0,0,279,10,285,10,5.9,10,11.3,10,987.4,10,,,73,10,0.0,10,0,10,,,0.0,10,6.0,,,10,6.2,,,10,6.4,10,3.7,10,2.9,10,1910,10
2008-03-19T20:00+00:00,5917,0,0,286,10,290,10,6.4,10,12.3,10,987.8,10,,,88,10,0.0,10,12,10,,,0.0,10,5.9,,,10,6.2,,,10,6.4,10,2.6,10,1.8,10,2044,10
2008-03-19T21:00+00:00,5917,0,0,299,10,305,10,5.2,10,10.8,10,988.2,10,,,96,10,0.1,10,30,10,,,0.0,10,5.8,,,10,6.2,,,10,6.4,10,1.8,10,1.0,10,2112,10
2008-03-19T22:00+00:00,5917,0,0,289,10,298,10,3.8,10,7.9,10,988.4,10,,,93,10,0.0,10,11,10,,,0.0,10,5.7,,,10,6.1,,,10,6.4,10,1.7,10,0.1,10,2254,10
2008-03-19T23:00+00:00,5917,0,0,297,10,293,10,4.8,10,8.3,10,988.4,10,,,92,10,0.0,10,0,10,,,0.0,10,5.6,,,10,6.1,,,10,6.4,10,1.4,10,-0.1,10,2400,10
2008-03-20T00:00+00:00,5917,0,0,302,10,302,10,4.5,10,8.3,10,988.6,10,,,90,10,0.0,10,0,10,,,0.0,10,5.5,,,10,6.1,,,10,6.4,10,1.4,10,-0.1,10,9,10
2008-03-20T01:00+00:00,5917,0,0,295,10,305,10,4.7,10,7.6,10,988.6,10,,,90,10,0.0,10,0,10,,,0.0,10,5.4,,,10,6.0,,,10,6.4,10,1.3,10,-0.2,10,102,10
2008-03-20T02:00+00:00,5917,0,0,294,10,307,10,3.9,10,5.8,10,988.4,10,,,91,10,0.0,10,0,10,,,0.0,10,5.3,,,10,6.0,,,10,6.4,10,1.1,10,-0.4,10,247,10
2008-03-20T03:00+00:00,5917,0,0,293,10,296,10,4.4,10,7.6,10,988.2,10,,,89,10,0.0,10,0,10,,,0.0,10,5.2,,,10,5.9,,,10,6.4,10,0.8,10,-0.7,10,340,10
2008-03-20T04:00+00:00,5917,0,0,290,10,289,10,3.9,10,6.0,10,988.4,10,,,90,10,0.0,10,0,10,,,0.0,10,5.1,,,10,5.8,,,10,6.4,10,0.4,10,-1.5,10,404,10
2008-03-20T05:00+00:00,5917,0,0,287,10,283,10,3.5,10,5.3,10,988.5,10,,,90,10,0.0,10,0,10,,,0.0,10,5.0,,,10,5.8,,,10,6.3,10,0.6,10,-1.6,10,538,10
2008-03-20T06:00+00:00,5917,46,0,274,10,285,10,3.2,10,6.2,10,988.5,10,,,89,10,0.0,10,0,10,,,0.4,10,5.0,,,10,5.7,,,10,6.3,10,1.5,10,-0.8,10,656,10
2008-03-20T07:00+00:00,5917,128,0,283,10,299,10,3.9,10,7.8,10,988.7,10,,,81,10,0.0,10,0,10,,,0.3,10,5.0,,,10,5.6,,,10,6.3,10,2.4,10,0.6,10,733,10
2008-03-20T08:00+00:00,5917,368,0,282,10,289,10,6.1,10,11.6,10,988.8,10,,,73,10,0.0,10,0,10,,,0.9,10,5.0,,,10,5.6,,,10,6.3,10,3.7,10,2.2,10,838,10
2008-03-20T09:00+00:00,5917,263,0,277,10,292,10,6.8,10,11.6,10,988.6,10,,,69,10,0.0,10,0,10,,,0.4,10,5.0,,,10,5.6,,,10,6.3,10,3.5,10,3.7,10,911,10
2008-03-20T10:00+00:00,5917,490,0,273,10,299,10,6.3,10,11.5,10,988.1,10,,,61,10,0.0,10,0,10,,,0.6,10,5.1,,,10,5.5,,,10,6.2,10,5.0,10,4.6,10,1011,10
2008-03-20T11:00+00:00,5917,525,0,272,10,299,10,7.7,10,14.6,10,987.7,10,,,56,10,0.0,10,0,10,,,0.6,10,5.3,,,10,5.6,,,10,6.2,10,5.8,10,6.7,10,1147,10
2008-03-20T12:00+00:00,5917,707,0,270,10,257,10,8.5,10,13.7,10,986.6,10,,,49,10,0.0,10,0,10,,,0.9,10,5.6,,,10,5.6,,,10,6.2,10,6.2,10,11.2,10,1243,10
2008-03-20T13:00+00:00,5917,116,0,297,10,322,10,6.7,10,15.5,10,986.7,10,,,95,10,0.5,10,31,10,,,0.0,10,5.5,,,10,5.6,,,10,6.2,10,1.2,10,0.2,10,1334,10
2008-03-20T14:00+00:00,5917,117,0,324,10,333,10,4.9,10,10.9,10,985.9,10,,,95,10,0.3,10,46,10,,,0.1,10,5.4,,,10,5.7,,,10,6.2,10,2.1,10,0.2,10,1418,10
2008-03-20T15:00+00:00,5917,203,0,335,10,2,10,4.2,10,14.7,10,985.8,10,,,98,10,1.5,10,18,10,,,0.3,10,5.5,,,10,5.7,,,10,6.2,10,0.3,10,0.2,10,1548,10
2008-03-20T16:00+00:00,5917,36,0,302,10,282,10,4.7,10,12.4,10,985.4,10,,,98,10,0.6,10,60,10,,,0.0,10,5.4,,,10,5.8,,,10,6.1,10,0.3,10,0.2,10,1639,10
2008-03-20T17:00+00:00,5917,16,0,261,10,271,10,3.2,10,6.9,10,985.3,10,,,98,10,0.0,10,30,10,,,0.0,10,5.3,,,10,5.8,,,10,6.1,10,0.5,10,0.2,10,1701,10
2008-03-20T18:00+00:00,5917,0,0,295,10,323,10,3.5,10,9.0,10,985.4,10,,,95,10,0.3,10,36,10,,,0.0,10,5.3,,,10,5.8,,,10,6.1,10,0.7,10,0.2,10,1859,10
2008-03-20T19:00+00:00,5917,0,0,317,10,306,10,3.4,10,7.9,10,985.3,10,,,98,10,0.9,10,56,10,,,0.0,10,5.2,,,10,5.8,,,10,6.1,10,0.4,10,0.2,10,1932,10
2008-03-20T20:00+00:00,5917,0,0,305,10,297,10,1.9,10,7.1,10,984.3,10,,,96,10,0.1,10,18,10,,,0.0,10,5.1,,,10,5.7,,,10,6.1,10,0.5,10,0.2,10,2002,10
2008-03-20T21:00+00:00,5917,0,0,207,10,211,10,1.7,10,3.7,10,983.8,10,,,94,10,0.0,10,0,10,,,0.0,10,5.0,,,10,5.7,,,10,6.1,10,0.5,10,0.0,10,2152,10
2008-03-20T22:00+00:00,5917,0,0,234,10,241,10,1.7,10,4.0,10,982.7,10,,,87,10,0.0,10,0,10,,,0.0,10,5.0,,,10,5.6,,,10,6.1,10,0.9,10,-0.3,10,2205,10
2008-03-20T23:00+00:00,5917,0,0,251,10,249,10,3.2,10,6.3,10,981.9,10,,,82,10,0.0,10,0,10,,,0.0,10,4.9,,,10,5.6,,,10,6.1,10,1.0,10,-0.8,10,2328,10
2008-03-21T00:00+00:00,5917,0,0,261,10,299,10,3.9,10,8.7,10,980.9,10,,,74,10,0.0,10,0,10,,,0.0,10,4.9,,,10,5.6,,,10,6.1,10,2.3,10,-0.6,10,35,10
2008-03-21T01:00+00:00,5917,0,0,207,10,201,10,2.9,10,6.0,10,979.5,10,,,76,10,0.0,10,0,10,,,0.0,10,4.8,,,10,5.5,,,10,6.1,10,2.0,10,0.1,10,154,10
2008-03-21T02:00+00:00,5917,0,0,201,10,185,10,4.1,10,7.3,10,977.8,10,,,73,10,0.0,10,0,10,,,0.0,10,4.8,,,10,5.5,,,10,6.1,10,2.0,10,0.1,10,254,10
2008-03-21T03:00+00:00,5917,0,0,191,10,188,10,5.4,10,8.3,10,975.9,10,,,72,10,0.0,10,0,10,,,0.0,10,4.7,,,10,5.4,,,10,6.1,10,1.5,10,-0.2,10,320,10
2008-03-21T04:00+00:00,5917,0,0,191,10,196,10,4.8,10,8.0,10,974.3,10,,,72,10,0.0,10,0,10,,,0.0,10,4.7,,,10,5.4,,,10,6.1,10,1.4,10,-0.4,10,456,10
2008-03-21T05:00+00:00,5917,0,0,189,10,209,10,5.6,10,8.9,10,972.7,10,,,73,10,0.0,10,0,10,,,0.0,10,4.6,,,10,5.4,,,10,6.1,10,1.3,10,-0.3,10,527,10
2008-03-21T06:00+00:00,5917,16,0,189,10,193,10,4.9,10,9.0,10,971.5,10,,,66,10,0.0,10,0,10,,,0.0,10,4.6,,,10,5.3,,,10,6.1,10,2.1,10,-0.1,10,622,10
2008-03-21T07:00+00:00,5917,64,0,176,10,169,10,4.8,10,8.3,10,969.8,10,,,64,10,0.0,10,0,10,,,0.0,10,4.6,,,10,5.3,,,10,6.0,10,2.5,10,0.2,10,741,10
2008-03-21T08:00+00:00,5917,96,0,169,10,165,10,6.3,10,10.6,10,968.9,10,,,60,10,0.0,10,0,10,,,0.0,10,4.6,,,10,5.3,,,10,6.0,10,3.1,10,0.3,10,849,10
2008-03-21T09:00+00:00,5917,139,0,157,10,161,10,6.3,10,10.5,10,967.9,10,,,55,10,0.0,10,0,10,,,0.0,10,4.6,,,10,5.2,,,10,6.0,10,4.2,10,1.5,10,901,10
2008-03-21T10:00+00:00,5917,266,0,159,10,160,10,6.5,10,10.2,10,966.9,10,,,54,10,0.0,10,0,10,,,0.1,10,4.6,,,10,5.2,,,10,6.0,10,5.8,10,3.2,10,1100,10
2008-03-21T11:00+00:00,5917,393,0,163,10,170,10,7.1,10,11.3,10,965.8,10,,,54,10,0.0,10,0,10,,,0.4,10,4.8,,,10,5.2,,,10,6.0,10,7.1,10,7.2,10,1137,10
2008-03-21T12:00+00:00,5917,241,0,178,10,186,10,6.8,10,11.5,10,964.8,10,,,47,10,0.0,10,0,10,,,0.0,10,5.0,,,10,5.2,,,10,6.0,10,7.9,10,8.4,10,1204,10
2008-03-21T13:00+00:00,5917,119,0,189,10,185,10,6.2,10,12.7,10,964.0,10,,,48,10,0.0,10,0,10,,,0.0,10,5.1,,,10,5.3,,,10,5.9,10,7.8,10,7.8,10,1324,10
2008-03-21T14:00+00:00,5917,64,0,193,10,193,10,5.8,10,9.9,10,962.9,10,,,48,10,0.0,10,0,10,,,0.0,10,5.2,,,10,5.3,,,10,5.9,10,8.0,10,7.6,10,1437,10
2008-03-21T15:00+00:00,5917,87,0,173,10,199,10,3.8,10,8.0,10,962.0,10,,,50,10,0.0,10,0,10,,,0.0,10,5.3,,,10,5.4,,,10,5.9,10,8.5,10,7.7,10,1600,10
2008-03-21T16:00+00:00,5917,40,0,137,10,128,10,2.9,10,7.2,10,960.8,10,,,58,10,0.0,10,0,10,,,0.0,10,5.3,,,10,5.4,,,10,5.9,10,7.7,10,7.1,10,1657,10
2008-03-21T17:00+00:00,5917,28,0,143,10,134,10,5.4,10,8.5,10,960.1,10,,,58,10,0.0,10,0,10,,,0.1,10,5.4,,,10,5.5,,,10,5.9,10,7.2,10,6.0,10,1707,10
2008-03-21T18:00+00:00,5917,0,0,140,10,158,10,5.2,10,7.8,10,960.0,10,,,62,10,0.0,10,0,10,,,0.0,10,5.3,,,10,5.5,,,10,5.9,10,5.8,10,3.7,10,1816,10
2008-03-21T19:00+00:00,5917,0,0,182,10,187,10,4.4,10,9.0,10,960.2,10,,,52,10,0.0,10,0,10,,,0.0,10,5.3,,,10,5.6,,,10,5.9,10,7.4,10,3.0,10,1936,10
2008-03-21T20:00+00:00,5917,0,0,199,10,208,10,4.0,10,8.0,10,960.4,10,,,57,10,0.0,10,0,10,,,0.0,10,5.3,,,10,5.6,,,10,5.9,10,6.0,10,4.2,10,2001,10
2008-03-21T21:00+00:00,5917,0,0,216,10,245,10,1.1,10,3.5,10,960.9,10,,,58,10,0.0,10,0,10,,,0.0,10,5.2,,,10,5.6,,,10,5.9,10,6.0,10,2.4,10,2102,10
2008-03-21T22:00+00:00,5917,0,0,287,10,284,10,2.4,10,7.8,10,961.8,10,,,75,10,0.0,10,0,10,,,0.0,10,5.1,,,10,5.6,,,10,5.9,10,5.6,10,2.0,10,2253,10
2008-03-21T23:00+00:00,5917,0,0,279,10,280,10,5.8,10,10.9,10,962.0,10,,,75,10,0.0,10,0,10,,,0.0,10,5.1,,,10,5.5,,,10,5.9,10,6.1,10,4.3,10,2320,10
2008-03-22T00:00+00:00,5917,0,0,280,10,294,10,6.3,10,12.1,10,962.5,10,,,73,10,0.0,10,0,10,,,0.0,10,5.1,,,10,5.5,,,10,5.9,10,5.7,10,5.0,10,10,10
2008-03-22T01:00+00:00,5917,0,0,271,10,284,10,7.2,10,11.7,10,962.9,10,,,66,10,0.0,10,0,10,,,0.0,10,5.1,,,10,5.5,,,10,5.9,10,5.4,10,4.7,10,115,10
2008-03-22T02:00+00:00,5917,0,0,253,10,259,10,5.5,10,10.4,10,963.1,10,,,66,10,0.0,10,0,10,,,0.0,10,5.1,,,10,5.5,,,10,5.9,10,5.0,10,4.1,10,204,10
2008-03-22T03:00+00:00,5917,0,0,268,10,265,10,4.5,10,9.1,10,963.8,10,,,68,10,0.0,10,0,10,,,0.0,10,5.0,,,10,5.5,,,10,5.9,10,4.6,10,3.4,10,318,10
2008-03-22T04:00+00:00,5917,0,0,283,10,299,10,3.4,10,9.3,10,963.8,10,,,68,10,0.0,10,0,10,,,0.0,10,5.0,,,10,5.4,,,10,5.9,10,4.4,10,3.3,10,448,10
2008-03-22T05:00+00:00,5917,0,0,286,10,291,10,5.6,10,11.4,10,964.3,10,,,71,10,0.0,10,0,10,,,0.0,10,5.0,,,10,5.4,,,10,5.9,10,3.9,10,3.2,10,552,10
2008-03-22T06:00+00:00,5917,18,0,295,10,294,10,5.1,10,10.8,10,964.4,10,,,72,10,0.0,10,0,10,,,0.0,10,4.9,,,10,5.4,,,10,5.9,10,3.9,10,3.1,10,607,10
2008-03-22T07:00+00:00,5917,74,0,284,10,286,10,3.7,10,8.2,10,964.8,10,,,67,10,0.0,10,0,10,,,0.0,10,4.9,,,10,5.4,,,10,5.9,10,4.5,10,3.3,10,703,10
2008-03-22T08:00+00:00,5917,136,0,276,10,257,10,4.4,10,9.3,10,964.9,10,,,59,10,0.0,10,0,10,,,0.0,10,4.9,,,10,5.4,,,10,5.9,10,5.4,10,4.7,10,847,10
2008-03-22T09:00+00:00,5917,215,0,286,10,275,10,5.5,10,10.6,10,965.4,10,,,54,10,0.0,10,0,10,,,0.0,10,5.0,,,10,5.3,,,10,5.9,10,6.2,10,6.0,10,952,10
2008-03-22T10:00+00:00,5917,280,0,281,10,302,10,6.4,10,11.9,10,965.8,10,,,55,10,0.0,10,0,10,,,0.3,10,5.1,,,10,5.3,,,10,5.9,10,6.9,10,7.3,10,1042,10
2008-03-22T11:00+00:00,5917,525,0,286,10,288,10,6.2,10,11.9,10,966.2,10,,,51,10,0.0,10,0,10,,,0.9,10,5.2,,,10,5.4,,,10,5.9,10,8.0,10,9.3,10,1112,10
2008-03-22T12:00+00:00,5917,567,0,285,10,292,10,5.7,10,10.5,10,966.0,10,,,49,10,0.0,10,0,10,,,0.9,10,5.4,,,10,5.4,,,10,5.9,10,8.9,10,11.1,10,1251,10
2008-03-22T13:00+00:00,5917,413,0,288,10,303,10,5.8,10,11.1,10,965.9,10,,,48,10,0.0,10,0,10,,,0.8,10,5.6,,,10,5.4,,,10,5.8,10,8.8,10,11.2,10,1321,10
2008-03-22T14:00+00:00,5917,353,0,280,10,288,10,6.1,10,11.1,10,966.3,10,,,46,10,0.0,10,0,10,,,0.8,10,5.7,,,10,5.5,,,10,5.8,10,8.8,10,10.9,10,1438,10
2008-03-22T15:00+00:00,5917,268,0,281,10,275,10,5.7,10,10.3,10,966.7,10,,,47,10,0.0,10,0,10,,,0.9,10,5.8,,,10,5.6,,,10,5.8,10,8.8,10,10.4,10,1525,10
2008-03-22T16:00+00:00,5917,217,0,288,10,294,10,5.2,10,9.5,10,966.9,10,,,47,10,0.0,10,0,10,,,1.0,10,5.9,,,10,5.7,,,10,5.8,10,8.3,10,10.0,10,1619,10
2008-03-22T17:00+00:00,5917,30,0,299,10,276,10,2.9,10,8.2,10,967.6,10,,,50,10,0.0,10,0,10,,,0.3,10,5.8,,,10,5.8,,,10,5.9,10,6.8,10,4.5,10,1704,10
2008-03-22T18:00+00:00,5917,0,0,271,10,311,10,1.4,10,2.8,10,968.2,10,,,51,10,0.0,10,0,10,,,0.0,10,5.7,,,10,5.8,,,10,5.9,10,6.7,10,1.0,10,1900,10
2008-03-22T19:00+00:00,5917,0,0,263,10,237,10,1.0,10,1.5,10,968.8,10,,,54,10,0.0,10,0,10,,,0.0,10,5.6,,,10,5.8,,,10,5.9,10,4.9,10,-2.9,10,2000,10
2008-03-22T20:00+00:00,5917,0,0,233,10,234,10,2.2,10,4.1,10,969.5,10,,,66,10,0.0,10,0,10,,,0.0,10,5.4,,,10,5.8,,,10,5.9,10,3.4,10,-2.9,10,2012,10
2008-03-22T21:00+00:00,5917,0,0,236,10,181,10,1.8,10,2.8,10,969.5,10,,,70,10,0.0,10,0,10,,,0.0,10,5.3,,,10,5.8,,,10,5.9,10,3.0,10,-2.8,10,2200,10
2008-03-22T22:00+00:00,5917,0,0,269,10,294,10,1.4,10,2.6,10,970.0,10,,,71,10,0.0,10,0,10,,,0.0,10,5.1,,,10,5.7,,,10,5.9,10,2.6,10,-2.0,10,2209,10
2008-03-22T23:00+00:00,5917,0,0,279,10,292,10,1.5,10,2.6,10,969.8,10,,,79,10,0.0,10,0,10,,,0.0,10,5.0,,,10,5.7,,,10,5.9,10,1.5,10,-2.2,10,2316,10
2008-03-23T00:00+00:00,5917,0,0,305,10,296,10,1.3,10,2.9,10,969.6,10,,,83,10,0.0,10,0,10,,,0.0,10,4.9,,,10,5.6,,,10,6.0,10,1.2,10,-3.1,10,9,10
2008-03-23T01:00+00:00,5917,0,0,192,10,181,10,1.2,10,2.5,10,970.0,10,,,89,10,0.0,10,0,10,,,0.0,10,4.8,,,10,5.5,,,10,6.0,10,-0.3,10,-3.3,10,143,10
2008-03-23T02:00+00:00,5917,0,0,244,10,214,10,1.5,10,2.6,10,969.9,10,,,91,10,0.0,10,0,10,,,0.0,10,4.7,,,10,5.4,,,10,5.9,10,-0.5,10,-3.5,10,212,10
2008-03-23T03:00+00:00,5917,0,0,261,10,241,10,1.3,10,2.2,10,970.1,10,,,89,10,0.0,10,0,10,,,0.0,10,4.6,,,10,5.4,,,10,5.9,10,-0.1,10,-3.4,10,339,10
2008-03-23T04:00+00:00,5917,0,0,293,10,294,10,1.0,10,2.2,10,970.3,10,,,93,10,0.0,10,0,10,,,0.0,10,4.5,,,10,5.3,,,10,5.9,10,-1.1,10,-4.4,10,456,10
2008-03-23T05:00+00:00,5917,0,0,269,10,294,10,0.8,10,2.2,10,970.5,10,,,93,10,0.0,10,0,10,,,0.0,10,4.4,,,10,5.3,,,10,5.9,10,-1.4,10,-4.9,10,600,10
2008-03-23T06:00+00:00,5917,31,0,262,10,285,10,1.4,10,2.1,10,971.1,10,,,94,10,0.0,10,0,10,,,0.0,10,4.3,,,10,5.2,,,10,5.9,10,-0.8,10,-3.6,10,635,10
2008-03-23T07:00+00:00,5917,96,0,257,10,264,10,1.1,10,2.1,10,972.0,10,,,89,10,0.0,10,0,10,,,0.0,10,4.3,,,10,5.1,,,10,5.9,10,0.8,10,-0.6,10,723,10
2008-03-23T08:00+00:00,5917,197,0,264,10,237,10,0.4,10,1.5,10,972.1,10,,,84,10,0.0,10,0,10,,,0.3,10,4.4,,,10,5.1,,,10,5.8,10,2.9,10,2.7,10,837,10
2008-03-23T09:00+00:00,5917,194,0,124,10,134,10,1.0,10,3.5,10,972.3,10,,,80,10,0.0,10,0,10,,,0.0,10,4.4,,,10,5.0,,,10,5.8,10,3.9,10,6.4,10,957,10
2008-03-23T10:00+00:00,5917,112,0,162,10,158,10,2.3,10,4.1,10,972.4,10,,,79,10,0.0,10,3,10,,,0.0,10,4.5,,,10,5.0,,,10,5.8,10,4.6,10,5.6,10,1002,10
2008-03-23T11:00+00:00,5917,112,0,150,10,168,10,1.4,10,3.0,10,973.0,10,,,80,10,0.0,10,22,10,,,0.0,10,4.5,,,10,5.0,,,10,5.8,10,4.7,10,5.6,10,1101,10
2008-03-23T12:00+00:00,5917,143,0,69,10,59,10,0.8,10,2.8,10,972.5,10,,,82,10,0.0,10,52,10,,,0.0,10,4.6,,,10,5.0,,,10,5.8,10,4.7,10,6.0,10,1252,10
2008-03-23T13:00+00:00,5917,113,0,40,10,39,10,1.7,10,3.5,10,972.1,10,,,85,10,0.0,10,42,10,,,0.0,10,4.7,,,10,5.0,,,10,5.7,10,4.7,10,5.6,10,1331,10
2008-03-23T14:00+00:00,5917,179,0,11,10,28,10,1.1,10,2.7,10,971.6,10,,,85,10,0.0,10,15,10,,,0.0,10,4.9,,,10,5.0,,,10,5.7,10,5.1,10,6.1,10,1405,10
2008-03-23T15:00+00:00,5917,185,0,345,10,38,10,0.6,10,2.0,10,971.4,10,,,80,10,0.0,10,0,10,,,0.0,10,5.0,,,10,5.1,,,10,5.7,10,5.6,10,8.5,10,1504,10
2008-03-23T16:00+00:00,5917,92,0,143,10,117,10,0.3,10,1.5,10,971.4,10,,,80,10,0.0,10,0,10,,,0.0,10,5.1,,,10,5.2,,,10,5.7,10,5.4,10,6.0,10,1632,10
2008-03-23T17:00+00:00,5917,25,0,293,10,285,10,0.8,10,1.8,10,970.9,10,,,84,10,0.0,10,0,10,,,0.0,10,5.2,,,10,5.3,,,10,5.7,10,4.9,10,3.4,10,1744,10
2008-03-23T18:00+00:00,5917,0,0,5,10,343,10,1.3,10,2.3,10,970.7,10,,,84,10,0.0,10,0,10,,,0.0,10,5.2,,,10,5.3,,,10,5.7,10,4.5,10,2.0,10,1843,10
2008-03-23T19:00+00:00,5917,0,0,32,10,64,10,1.1,10,2.7,10,971.2,10,,,88,10,0.0,10,0,10,,,0.0,10,5.1,,,10,5.4,,,10,5.7,10,4.0,10,2.1,10,1911,10
2008-03-23T20:00+00:00,5917,0,0,330,10,336,10,1.5,10,3.0,10,970.4,10,,,90,10,0.0,10,0,10,,,0.0,10,5.1,,,10,5.4,,,10,5.7,10,4.2,10,2.6,10,2045,10
2008-03-23T21:00+00:00,5917,0,0,348,10,358,10,1.9,10,4.3,10,969.9,10,,,88,10,0.0,10,0,10,,,0.0,10,5.1,,,10,5.4,,,10,5.7,10,4.4,10,2.9,10,2159,10
2008-03-23T22:00+00:00,5917,0,0,3,10,19,10,3.1,10,6.6,10,969.1,10,,,92,10,0.1,10,40,10,,,0.0,10,5.1,,,10,5.4,,,10,5.7,10,3.9,10,3.2,10,2259,10
2008-03-23T23:00+00:00,5917,0,0,12,10,30,10,4.4,10,8.1,10,968.6,10,,,98,10,1.8,10,60,10,,,0.0,10,5.0,,,10,5.4,,,10,5.7,10,2.4,10,1.8,10,2307,10
2008-03-24T00:00+00:00,5917,0,0,340,10,331,10,5.0,10,8.4,10,968.5,10,,,98,10,3.3,10,60,10,,,0.0,10,5.0,,,10,5.4,,,10,5.7,10,1.2,10,0.8,10,41,10
2008-03-24T01:00+00:00,5917,0,0,323,10,336,10,3.3,10,6.8,10,967.8,10,,,98,10,2.9,10,60,10,,,0.0,10,4.9,,,10,5.4,,,10,5.7,10,0.6,10,0.2,10,101,10
2008-03-24T02:00+00:00,5917,0,0,307,10,306,10,3.3,10,7.8,10,966.9,10,,,98,10,3.2,10,60,10,,,0.0,10,4.7,,,10,5.3,,,10,5.7,10,0.6,10,0.2,10,244,10
2008-03-24T03:00+00:00,5917,0,0,306,10,312,10,4.3,10,10.1,10,966.7,10,,,96,10,1.0,10,60,10,,,0.0,10,4.6,,,10,5.3,,,10,5.7,10,0.9,10,0.2,10,357,10
2008-03-24T04:00+00:00,5917,0,0,306,10,299,10,5.3,10,11.7,10,966.7,10,,,96,10,0.5,10,60,10,,,0.0,10,4.5,,,10,5.2,,,10,5.7,10,1.0,10,0.2,10,456,10
2008-03-24T05:00+00:00,5917,0,0,305,10,298,10,6.5,10,14.3,10,967.0,10,,,94,10,0.2,10,60,10,,,0.0,10,4.4,,,10,5.1,,,10,5.7,10,1.0,10,0.4,10,536,10
2008-03-24T06:00+00:00,5917,31,0,301,10,308,10,7.7,10,14.8,10,967.7,10,,,94,10,0.1,10,60,10,,,0.0,10,4.4,,,10,5.1,,,10,5.7,10,0.7,10,0.6,10,639,10
2008-03-24T07:00+00:00,5917,104,0,300,10,297,10,7.5,10,13.2,10,968.6,10,,,91,10,0.0,10,60,10,,,0.0,10,4.3,,,10,5.0,,,10,5.7,10,1.0,10,0.6,10,731,10
2008-03-24T08:00+00:00,5917,214,0,301,10,301,10,6.4,10,13.4,10,969.2,10,,,89,10,0.0,10,55,10,,,0.0,10,4.3,,,10,5.0,,,10,5.7,10,1.6,10,1.4,10,804,10
2008-03-24T09:00+00:00,5917,324,0,300,10,291,10,7.3,10,14.0,10,970.0,10,,,80,10,0.0,10,4,10,,,0.2,10,4.3,,,10,4.9,,,10,5.7,10,2.9,10,2.6,10,909,10
2008-03-24T10:00+00:00,5917,552,0,296,10,291,10,7.6,10,13.5,10,970.1,10,,,73,10,0.0,10,0,10,,,0.9,10,4.5,,,10,4.9,,,10,5.7,10,3.8,10,4.8,10,1020,10
2008-03-24T11:00+00:00,5917,464,0,292,10,298,10,8.2,10,14.1,10,969.6,10,,,65,10,0.0,10,0,10,,,0.9,10,4.6,,,10,4.9,,,10,5.7,10,4.0,10,5.9,10,1158,10
2008-03-24T12:00+00:00,5917,644,0,292,10,291,10,7.9,10,14.1,10,968.8,10,,,63,10,0.0,10,0,10,,,0.9,10,4.8,,,10,5.0,,,10,5.6,10,4.4,10,8.4,10,1204,10
2008-03-24T13:00+00:00,5917,246,0,297,10,289,10,6.0,10,12.6,10,969.1,10,,,59,10,0.0,10,0,10,,,0.1,10,4.9,,,10,5.0,,,10,5.6,10,4.4,10,5.4,10,1400,10
2008-03-24T14:00+00:00,5917,184,0,287,10,289,10,6.1,10,11.1,10,969.9,10,,,58,10,0.0,10,0,10,,,0.0,10,4.9,,,10,5.1,,,10,5.6,10,4.4,10,5.1,10,1408,10
2008-03-24T15:00+00:00,5917,93,0,282,10,292,10,6.1,10,10.5,10,970.0,10,,,57,10,0.0,10,0,10,,,0.0,10,4.9,,,10,5.1,,,10,5.6,10,4.2,10,4.6,10,1525,10
2008-03-24T16:00+00:00,5917,100,0,284,10,297,10,6.4,10,11.7,10,970.5,10,,,56,10,0.0,10,0,10,,,0.2,10,4.9,,,10,5.2,,,10,5.6,10,3.8,10,4.3,10,1628,10
2008-03-24T17:00+00:00,5917,80,0,282,10,285,10,6.4,10,12.2,10,970.9,10,,,57,10,0.0,10,0,10,,,0.2,10,4.9,,,10,5.2,,,10,5.6,10,2.9,10,2.0,10,1703,10
2008-03-24T18:00+00:00,5917,1,0,292,10,295,10,6.1,10,11.9,10,971.1,10,,,55,10,0.0,10,0,10,,,0.0,10,4.8,,,10,5.2,,,10,5.6,10,2.6,10,1.5,10,1836,10
2008-03-24T19:00+00:00,5917,0,0,295,10,292,10,4.7,10,9.1,10,971.2,10,,,57,10,0.0,10,0,10,,,0.0,10,4.7,,,10,5.2,,,10,5.6,10,2.2,10,0.7,10,1902,10
2008-03-24T20:00+00:00,5917,0,0,292,10,295,10,4.9,10,9.1,10,971.3,10,,,62,10,0.0,10,0,10,,,0.0,10,4.6,,,10,5.2,,,10,5.6,10,1.8,10,0.5,10,2027,10
2008-03-24T21:00+00:00,5917,0,0,293,10,292,10,4.4,10,8.6,10,971.4,10,,,63,10,0.0,10,0,10,,,0.0,10,4.5,,,10,5.1,,,10,5.6,10,1.7,10,0.3,10,2103,10
2008-03-24T22:00+00:00,5917,0,0,300,10,299,10,2.7,10,5.1,10,971.3,10,,,66,10,0.0,10,0,10,,,0.0,10,4.4,,,10,5.1,,,10,5.6,10,0.9,10,-0.9,10,2300,10
2008-03-24T23:00+00:00,5917,0,0,309,10,305,10,3.0,10,7.2,10,970.9,10,,,64,10,0.0,10,0,10,,,0.0,10,4.3,,,10,5.0,,,10,5.6,10,1.2,10,-0.6,10,2318,10
2008-03-25T00:00+00:00,5917,0,0,308,10,308,10,3.0,10,7.4,10,970.8,10,,,64,10,0.0,10,0,10,,,0.0,10,4.3,,,10,5.0,,,10,5.6,10,1.0,10,-0.4,10,53,10
2008-03-25T01:00+00:00,5917,0,0,311,10,316,10,2.5,10,6.5,10,970.8,10,,,72,10,0.0,10,0,10,,,0.0,10,4.2,,,10,4.9,,,10,5.6,10,0.0,10,-2.2,10,101,10
2008-03-25T02:00+00:00,5917,0,0,324,10,329,10,3.4,10,6.4,10,970.7,10,,,72,10,0.0,10,0,10,,,0.0,10,4.1,,,10,4.9,,,10,5.6,10,0.6,10,-2.1,10,239,10
2008-03-25T03:00+00:00,5917,0,0,315,10,330,10,2.6,10,6.1,10,970.7,10,,,74,10,0.0,10,0,10,,,0.0,10,4.1,,,10,4.8,,,10,5.6,10,0.2,10,-1.5,10,311,10
2008-03-25T04:00+00:00,5917,0,0,341,10,317,10,2.1,10,4.1,10,970.8,10,,,78,10,0.0,10,0,10,,,0.0,10,4.0,,,10,4.8,,,10,5.6,10,-0.1,10,-1.6,10,402,10
2008-03-25T05:00+00:00,5917,1,0,288,10,285,10,3.4,10,9.3,10,971.1,10,,,80,10,0.0,10,0,10,,,0.0,10,4.0,,,10,4.7,,,10,5.5,10,0.7,10,-1.7,10,553,10
2008-03-25T06:00+00:00,5917,70,0,285,10,283,10,5.5,10,10.2,10,971.3,10,,,71,10,0.0,10,0,10,,,0.1,10,4.0,,,10,4.7,,,10,5.5,10,1.5,10,0.2,10,606,10
2008-03-25T07:00+00:00,5917,212,0,293,10,290,10,6.1,10,11.5,10,971.8,10,,,64,10,0.0,10,0,10,,,0.6,10,3.9,,,10,4.7,,,10,5.5,10,2.2,10,1.3,10,705,10
2008-03-25T08:00+00:00,5917,363,0,294,10,293,10,4.7,10,10.6,10,972.1,10,,,57,10,0.0,10,0,10,,,1.0,10,3.9,,,10,4.6,,,10,5.5,10,2.9,10,3.0,10,801,10
2008-03-25T09:00+00:00,5917,490,0,296,10,317,10,5.4,10,11.0,10,972.4,10,,,54,10,0.0,10,0,10,,,1.0,10,4.0,,,10,4.6,,,10,5.5,10,4.2,10,5.6,10,931,10
2008-03-25T10:00+00:00,5917,487,0,288,10,289,10,6.1,10,11.0,10,972.6,10,,,56,10,0.0,10,0,10,,,0.6,10,4.1,,,10,4.6,,,10,5.4,10,4.4,10,6.7,10,1013,10
2008-03-25T11:00+00:00,5917,589,0,281,10,280,10,7.3,10,12.6,10,973.0,10,,,58,10,0.0,10,0,10,,,0.6,10,4.2,,,10,4.6,,,10,5.4,10,4.4,10,7.3,10,1131,10
2008-03-25T12:00+00:00,5917,283,0,269,10,270,10,8.0,10,17.2,10,973.5,10,,,91,10,0.0,10,18,10,,,0.1,10,4.3,,,10,4.6,,,10,5.4,10,1.8,10,1.8,10,1218,10
2008-03-25T13:00+00:00,5917,294,0,285,10,290,10,7.2,10,14.5,10,974.2,10,,,81,10,0.0,10,1,10,,,0.2,10,4.3,,,10,4.6,,,10,5.4,10,2.6,10,2.3,10,1307,10
2008-03-25T14:00+00:00,5917,193,0,288,10,267,10,7.5,10,16.9,10,974.6,10,,,91,10,0.0,10,20,10,,,0.2,10,4.4,,,10,4.7,,,10,5.4,10,0.4,10,0.5,10,1451,10
2008-03-25T15:00+00:00,5917,76,0,300,10,281,10,9.1,10,16.0,10,975.6,10,,,94,10,0.2,10,58,10,,,0.0,10,4.3,,,10,4.7,,,10,5.4,10,0.0,10,0.2,10,1519,10
2008-03-25T16:00+00:00,5917,168,0,315,10,324,10,4.9,10,11.0,10,975.8,10,,,97,10,0.1,10,60,10,,,0.1,10,4.3,,,10,4.7,,,10,5.4,10,-0.1,10,0.2,10,1611,10
2008-03-25T17:00+00:00,5917,61,0,302,10,301,10,4.7,10,14.5,10,976.7,10,,,98,10,0.3,10,41,10,,,0.4,10,4.3,,,10,4.8,,,10,5.4,10,-0.7,10,0.2,10,1740,10
2008-03-25T18:00+00:00,5917,1,0,302,10,287,10,2.6,10,9.2,10,976.9,10,,,80,10,0.2,10,25,10,,,0.0,10,4.2,,,10,4.8,,,10,5.4,10,0.0,10,-2.2,10,1855,10
2008-03-25T19:00+00:00,5917,0,0,278,10,281,10,8.3,10,13.2,10,978.0,10,,,73,10,0.0,10,16,10,,,0.0,10,4.1,,,10,4.7,,,10,5.4,10,0.3,10,-1.6,10,1942,10
2008-03-25T20:00+00:00,5917,0,0,278,10,283,10,6.9,10,12.1,10,978.6,10,,,74,10,0.0,10,0,10,,,0.0,10,4.1,,,10,4.7,,,10,5.4,10,0.0,10,-1.8,10,2011,10
2008-03-25T21:00+00:00,5917,0,0,274,10,282,10,7.1,10,13.0,10,979.0,10,,,70,10,0.0,10,0,10,,,0.0,10,4.0,,,10,4.7,,,10,5.4,10,0.3,10,-1.8,10,2109,10
2008-03-25T22:00+00:00,5917,0,0,273,10,284,10,7.7,10,12.7,10,979.2,10,,,71,10,0.0,10,0,10,,,0.0,10,4.0,,,10,4.7,,,10,5.3,10,0.4,10,-1.5,10,2201,10
2008-03-25T23:00+00:00,5917,0,0,277,10,283,10,6.6,10,11.1,10,979.5,10,,,71,10,0.0,10,0,10,,,0.0,10,3.9,,,10,4.6,,,10,5.3,10,0.3,10,-1.6,10,2322,10
2008-03-26T00:00+00:00,5917,0,0,277,10,286,10,6.3,10,11.9,10,979.5,10,,,70,10,0.0,10,0,10,,,0.0,10,3.9,,,10,4.6,,,10,5.3,10,0.8,10,-1.6,10,43,10
2008-03-26T01:00+00:00,5917,0,0,276,10,269,10,7.8,10,14.3,10,979.1,10,,,63,10,0.0,10,0,10,,,0.0,10,3.9,,,10,4.6,,,10,5.3,10,1.3,10,-0.9,10,142,10
2008-03-26T02:00+00:00,5917,0,0,272,10,294,10,8.9,10,15.5,10,978.8,10,,,65,10,0.0,10,0,10,,,0.0,10,3.8,,,10,4.5,,,10,5.3,10,1.1,10,-0.9,10,237,10
2008-03-26T03:00+00:00,5917,0,0,267,10,277,10,8.4,10,14.4,10,978.6,10,,,61,10,0.0,10,0,10,,,0.0,10,3.8,,,10,4.5,,,10,5.3,10,1.3,10,-1.0,10,301,10
2008-03-26T04:00+00:00,5917,0,0,273,10,284,10,8.8,10,14.4,10,978.7,10,,,60,10,0.0,10,0,10,,,0.0,10,3.8,,,10,4.5,,,10,5.3,10,1.1,10,-1.0,10,425,10
2008-03-26T05:00+00:00,5917,1,0,272,10,282,10,7.6,10,12.7,10,979.5,10,,,62,10,0.0,10,0,10,,,0.0,10,3.7,,,10,4.4,,,10,5.3,10,0.9,10,-1.2,10,511,10
2008-03-26T06:00+00:00,5917,81,0,266,10,268,10,6.5,10,11.7,10,979.8,10,,,63,10,0.0,10,0,10,,,0.7,10,3.7,,,10,4.4,,,10,5.3,10,1.4,10,-0.9,10,700,10
2008-03-26T07:00+00:00,5917,126,0,265,10,258,10,6.9,10,12.7,10,980.4,10,,,64,10,0.0,10,0,10,,,0.2,10,3.7,,,10,4.4,,,10,5.3,10,1.6,10,0.5,10,705,10
2008-03-26T08:00+00:00,5917,318,0,267,10,267,10,6.2,10,15.5,10,980.8,10,,,58,10,0.0,10,0,10,,,0.7,10,3.7,,,10,4.4,,,10,5.2,10,2.6,10,1.8,10,851,10
2008-03-26T09:00+00:00,5917,591,0,265,10,241,10,8.8,10,15.4,10,981.3,10,,,58,10,0.0,10,0,10,,,1.0,10,3.8,,,10,4.3,,,10,5.2,10,3.0,10,4.3,10,905,10
2008-03-26T10:00+00:00,5917,680,0,264,10,278,10,8.9,10,14.0,10,981.2,10,,,56,10,0.0,10,0,10,,,0.9,10,3.8,,,10,4.3,,,10,5.2,10,3.6,10,5.1,10,1014,10
2008-03-26T11:00+00:00,5917,714,0,270,10,267,10,9.1,10,15.5,10,981.0,10,,,51,10,0.0,10,0,10,,,0.9,10,4.0,,,10,4.3,,,10,5.2,10,4.1,10,6.7,10,1139,10
2008-03-26T12:00+00:00,5917,761,0,272,10,275,10,7.5,10,13.5,10,980.3,10,,,49,10,0.0,10,0,10,,,1.0,10,4.2,,,10,4.3,,,10,5.2,10,5.0,10,10.0,10,1214,10
2008-03-26T13:00+00:00,5917,565,0,279,10,283,10,6.6,10,13.0,10,979.6,10,,,42,10,0.0,10,0,10,,,1.0,10,4.3,,,10,4.4,,,10,5.1,10,5.9,10,8.5,10,1329,10
2008-03-26T14:00+00:00,5917,377,0,274,10,283,10,6.0,10,10.7,10,979.2,10,,,40,10,0.0,10,0,10,,,0.4,10,4.5,,,10,4.4,,,10,5.1,10,5.7,10,7.4,10,1413,10
2008-03-26T15:00+00:00,5917,164,0,286,10,303,10,5.7,10,11.5,10,979.5,10,,,49,10,0.0,10,0,10,,,0.0,10,4.6,,,10,4.6,,,10,5.1,10,5.2,10,6.4,10,1529,10
2008-03-26T16:00+00:00,5917,105,0,277,10,286,10,3.7,10,9.2,10,979.2,10,,,51,10,0.0,10,0,10,,,0.0,10,4.6,,,10,4.7,,,10,5.1,10,4.9,10,5.0,10,1603,10
2008-03-26T17:00+00:00,5917,42,0,310,10,274,10,0.8,10,2.4,10,979.1,10,,,50,10,0.0,10,0,10,,,0.0,10,4.6,,,10,4.7,,,10,5.1,10,4.8,10,3.6,10,1800,10
2008-03-26T18:00+00:00,5917,0,0,347,10,292,10,0.3,10,3.6,10,979.2,10,,,54,10,0.0,10,0,10,,,0.0,10,4.6,,,10,4.8,,,10,5.1,10,5.1,10,3.2,10,1858,10
2008-03-26T19:00+00:00,5917,0,0,337,10,338,10,2.2,10,4.4,10,979.7,10,,,60,10,0.0,10,6,10,,,0.0,10,4.6,,,10,4.8,,,10,5.1,10,4.7,10,3.3,10,1937,10
2008-03-26T20:00+00:00,5917,0,0,269,10,266,10,1.2,10,3.3,10,979.9,10,,,71,10,0.0,10,0,10,,,0.0,10,4.6,,,10,4.8,,,10,5.1,10,4.2,10,3.2,10,2056,10
2008-03-26T21:00+00:00,5917,0,0,290,10,279,10,2.1,10,3.6,10,979.6,10,,,83,10,0.0,10,0,10,,,0.0,10,4.5,,,10,4.9,,,10,5.2,10,3.6,10,2.8,10,2108,10
2008-03-26T22:00+00:00,5917,0,0,291,10,298,10,0.8,10,2.5,10,979.5,10,,,88,10,0.0,10,3,10,,,0.0,10,4.5,,,10,4.8,,,10,5.2,10,3.3,10,2.4,10,2213,10
2008-03-26T23:00+00:00,5917,0,0,146,10,117,10,0.5,10,2.1,10,979.5,10,,,86,10,0.0,10,0,10,,,0.0,10,4.5,,,10,4.8,,,10,5.2,10,3.1,10,2.3,10,2336,10
2008-03-27T00:00+00:00,5917,0,0,151,10,164,10,1.6,10,3.4,10,979.2,10,,,85,10,0.0,10,0,10,,,0.0,10,4.4,,,10,4.8,,,10,5.2,10,2.9,10,2.3,10,29,10
2008-03-27T01:00+00:00,5917,0,0,158,10,149,10,1.0,10,2.7,10,978.9,10,,,89,10,0.0,10,0,10,,,0.0,10,4.4,,,10,4.8,,,10,5.2,10,2.4,10,0.9,10,113,10
2008-03-27T02:00+00:00,5917,0,0,126,10,158,10,1.2,10,2.9,10,978.6,10,,,87,10,0.0,10,0,10,,,0.0,10,4.3,,,10,4.8,,,10,5.2,10,2.4,10,0.7,10,230,10
2008-03-27T03:00+00:00,5917,0,0,139,10,140,10,1.9,10,4.2,10,978.8,10,,,93,10,0.0,10,0,10,,,0.0,10,4.3,,,10,4.8,,,10,5.2,10,1.8,10,0.9,10,351,10
2008-03-27T04:00+00:00,5917,0,0,108,10,106,10,2.6,10,4.2,10,979.0,10,,,93,10,0.0,10,0,10,,,0.0,10,4.2,,,10,4.7,,,10,5.2,10,1.5,10,0.6,10,439,10
2008-03-27T05:00+00:00,5917,1,0,124,10,128,10,2.2,10,3.8,10,979.2,10,,,96,10,0.0,10,0,10,,,0.0,10,4.2,,,10,4.7,,,10,5.2,10,1.2,10,0.6,10,559,10
2008-03-27T06:00+00:00,5917,51,0,135,10,137,10,2.6,10,4.3,10,979.8,10,,,96,10,0.0,10,0,10,,,0.0,10,4.2,,,10,4.7,,,10,5.2,10,1.5,10,0.8,10,606,10
2008-03-27T07:00+00:00,5917,146,0,133,10,137,10,2.5,10,4.1,10,980.1,10,,,92,10,0.0,10,0,10,,,0.0,10,4.2,,,10,4.7,,,10,5.2,10,2.4,10,2.1,10,709,10
2008-03-27T08:00+00:00,5917,224,0,124,10,121,10,2.0,10,3.6,10,980.4,10,,,86,10,0.0,10,0,10,,,0.0,10,4.3,,,10,4.7,,,10,5.2,10,3.6,10,4.4,10,830,10
2008-03-27T09:00+00:00,5917,381,0,101,10,94,10,1.4,10,3.4,10,980.4,10,,,79,10,0.0,10,0,10,,,0.6,10,4.4,,,10,4.7,,,10,5.2,10,4.7,10,8.4,10,947,10
2008-03-27T10:00+00:00,5917,629,0,109,10,106,10,1.4,10,3.6,10,980.4,10,,,66,10,0.0,10,0,10,,,1.0,10,4.8,,,10,4.7,,,10,5.2,10,7.0,10,11.4,10,1048,10
2008-03-27T11:00+00:00,5917,737,0,104,10,102,10,2.3,10,5.1,10,980.4,10,,,67,10,0.0,10,0,10,,,1.0,10,5.3,,,10,4.8,,,10,5.2,10,8.6,10,19.4,10,1149,10
2008-03-27T12:00+00:00,5917,647,0,106,10,114,10,4.0,10,7.7,10,980.1,10,,,61,10,0.0,10,0,10,,,1.0,10,5.7,,,10,4.9,,,10,5.2,10,9.8,10,19.0,10,1239,10
2008-03-27T13:00+00:00,5917,583,0,101,10,107,10,4.5,10,8.4,10,979.9,10,,,58,10,0.0,10,0,10,,,1.0,10,6.1,,,10,5.1,,,10,5.2,10,10.5,10,18.1,10,1335,10
2008-03-27T14:00+00:00,5917,460,0,111,10,126,10,4.6,10,9.2,10,979.9,10,,,56,10,0.0,10,0,10,,,0.9,10,6.3,,,10,5.4,,,10,5.2,10,11.0,10,16.5,10,1424,10
2008-03-27T15:00+00:00,5917,327,0,124,10,134,10,4.7,10,8.2,10,980.0,10,,,52,10,0.0,10,3,10,,,1.0,10,6.5,,,10,5.6,,,10,5.3,10,10.7,10,13.8,10,1511,10
2008-03-27T16:00+00:00,5917,143,0,119,10,123,10,4.3,10,7.8,10,980.3,10,,,53,10,0.0,10,0,10,,,0.1,10,6.6,,,10,5.8,,,10,5.3,10,10.2,10,10.6,10,1603,10
2008-03-27T17:00+00:00,5917,40,0,111,10,122,10,3.3,10,5.6,10,980.8,10,,,61,10,0.0,10,0,10,,,0.0,10,6.7,,,10,6.0,,,10,5.3,10,9.3,10,8.3,10,1800,10
2008-03-27T18:00+00:00,5917,1,0,107,10,101,10,2.3,10,3.4,10,981.3,10,,,64,10,0.0,10,0,10,,,0.0,10,6.6,,,10,6.1,,,10,5.4,10,8.5,10,6.4,10,1802,10
2008-03-27T19:00+00:00,5917,0,0,111,10,102,10,1.7,10,3.1,10,981.9,10,,,65,10,0.0,10,0,10,,,0.0,10,6.5,,,10,6.1,,,10,5.4,10,8.4,10,6.2,10,1958,10
2008-03-27T20:00+00:00,5917,0,0,112,10,125,10,1.9,10,3.2,10,982.3,10,,,68,10,0.0,10,0,10,,,0.0,10,6.4,,,10,6.2,,,10,5.5,10,8.2,10,6.1,10,2022,10
2008-03-27T21:00+00:00,5917,0,0,111,10,103,10,1.5,10,2.7,10,982.9,10,,,72,10,0.0,10,0,10,,,0.0,10,6.3,,,10,6.2,,,10,5.5,10,7.6,10,5.3,10,2200,10
2008-03-27T22:00+00:00,5917,0,0,63,10,47,10,1.7,10,2.8,10,983.2,10,,,75,10,0.0,10,0,10,,,0.0,10,6.2,,,10,6.1,,,10,5.6,10,7.3,10,4.9,10,2246,10
2008-03-27T23:00+00:00,5917,0,0,60,10,66,10,1.8,10,3.2,10,983.6,10,,,76,10,0.0,10,0,10,,,0.0,10,6.2,,,10,6.1,,,10,5.6,10,7.2,10,4.7,10,2316,10
2008-03-28T00:00+00:00,5917,0,0,79,10,71,10,2.6,10,4.4,10,984.2,10,,,75,10,0.0,10,0,10,,,0.0,10,6.1,,,10,6.1,,,10,5.6,10,6.9,10,4.6,10,11,10
2008-03-28T01:00+00:00,5917,0,0,75,10,74,10,2.3,10,3.9,10,984.8,10,,,77,10,0.0,10,0,10,,,0.0,10,6.0,,,10,6.1,,,10,5.7,10,6.3,10,2.8,10,158,10
2008-03-28T02:00+00:00,5917,0,0,66,10,72,10,2.2,10,4.2,10,985.4,10,,,81,10,0.0,10,0,10,,,0.0,10,5.9,,,10,6.0,,,10,5.7,10,5.6,10,1.9,10,202,10
2008-03-28T03:00+00:00,5917,0,0,36,10,79,10,1.0,10,2.6,10,986.4,10,,,83,10,0.0,10,0,10,,,0.0,10,5.8,,,10,6.0,,,10,5.7,10,5.3,10,2.0,10,307,10
2008-03-28T04:00+00:00,5917,0,0,38,10,357,10,0.4,10,1.3,10,987.1,10,,,85,10,0.0,10,0,10,,,0.0,10,5.7,,,10,5.9,,,10,5.7,10,5.3,10,3.1,10,500,10
2008-03-28T05:00+00:00,5917,1,0,16,10,27,10,0.6,10,1.7,10,987.9,10,,,85,10,0.0,10,0,10,,,0.0,10,5.6,,,10,5.9,,,10,5.8,10,5.1,10,3.1,10,521,10
2008-03-28T06:00+00:00,5917,31,0,210,10,202,10,0.8,10,2.5,10,988.7,10,,,84,10,0.0,10,0,10,,,0.0,10,5.6,,,10,5.8,,,10,5.8,10,5.6,10,3.4,10,644,10
2008-03-28T07:00+00:00,5917,113,0,191,10,202,10,1.6,10,3.9,10,989.6,10,,,79,10,0.0,10,0,10,,,0.0,10,5.6,,,10,5.8,,,10,5.8,10,6.6,10,5.9,10,746,10
2008-03-28T08:00+00:00,5917,173,0,185,10,204,10,1.1,10,2.9,10,990.2,10,,,74,10,0.0,10,0,10,,,0.0,10,5.7,,,10,5.8,,,10,5.8,10,7.2,10,8.9,10,900,10
2008-03-28T09:00+00:00,5917,308,0,95,10,38,10,1.0,10,3.1,10,990.9,10,,,69,10,0.0,10,0,10,,,0.0,10,5.8,,,10,5.8,,,10,5.8,10,8.3,10,11.7,10,937,10
2008-03-28T10:00+00:00,5917,452,0,130,10,103,10,0.8,10,3.0,10,991.1,10,,,66,10,0.0,10,0,10,,,0.4,10,6.1,,,10,5.8,,,10,5.8,10,9.8,10,13.6,10,1008,10
2008-03-28T11:00+00:00,5917,576,0,39,10,58,10,0.2,10,3.6,10,991.1,10,,,64,10,0.0,10,0,10,,,0.8,10,6.5,,,10,5.9,,,10,5.8,10,10.7,10,19.0,10,1143,10
2008-03-28T12:00+00:00,5917,274,0,325,10,25,10,0.7,10,3.9,10,991.2,10,,,63,10,0.0,10,0,10,,,0.0,10,6.7,,,10,6.0,,,10,5.8,10,10.8,10,15.5,10,1211,10
2008-03-28T13:00+00:00,5917,357,0,39,10,40,10,0.8,10,3.5,10,991.1,10,,,60,10,0.0,10,0,10,,,0.4,10,7.0,,,10,6.1,,,10,5.8,10,11.7,10,15.7,10,1335,10
2008-03-28T14:00+00:00,5917,353,0,100,10,128,10,2.0,10,4.2,10,991.0,10,,,60,10,0.0,10,0,10,,,0.5,10,7.2,,,10,6.3,,,10,5.8,10,11.5,10,16.0,10,1437,10
2008-03-28T15:00+00:00,5917,250,0,111,10,138,10,2.0,10,4.9,10,990.9,10,,,62,10,0.0,10,0,10,,,0.6,10,7.4,,,10,6.5,,,10,5.8,10,11.3,10,14.7,10,1522,10
2008-03-28T16:00+00:00,5917,129,0,123,10,124,10,2.4,10,4.4,10,990.9,10,,,64,10,0.0,10,0,10,,,0.0,10,7.5,,,10,6.6,,,10,5.9,10,11.1,10,11.6,10,1633,10
2008-03-28T17:00+00:00,5917,31,0,119,10,120,10,2.5,10,4.4,10,991.2,10,,,67,10,0.0,10,0,10,,,0.0,10,7.5,,,10,6.8,,,10,5.9,10,10.6,10,10.0,10,1731,10
2008-03-28T18:00+00:00,5917,1,0,120,10,126,10,2.4,10,3.9,10,991.3,10,,,73,10,0.0,10,15,10,,,0.0,10,7.5,,,10,6.9,,,10,6.0,10,9.8,10,8.3,10,1812,10
2008-03-28T19:00+00:00,5917,0,0,129,10,123,10,2.8,10,4.2,10,991.2,10,,,80,10,0.0,10,4,10,,,0.0,10,7.4,,,10,6.9,,,10,6.0,10,8.6,10,6.8,10,1930,10
2008-03-28T20:00+00:00,5917,0,0,141,10,135,10,2.7,10,3.8,10,991.3,10,,,83,10,0.0,10,0,10,,,0.0,10,7.3,,,10,6.9,,,10,6.0,10,8.1,10,6.2,10,2027,10
2008-03-28T21:00+00:00,5917,0,0,165,10,149,10,2.0,10,3.6,10,991.4,10,,,86,10,0.0,10,0,10,,,0.0,10,7.1,,,10,6.9,,,10,6.1,10,7.8,10,6.0,10,2101,10
2008-03-28T22:00+00:00,5917,0,0,196,10,186,10,1.9,10,3.1,10,991.5,10,,,93,10,0.0,10,49,10,,,0.0,10,7.1,,,10,6.9,,,10,6.1,10,7.5,10,6.0,10,2249,10
2008-03-28T23:00+00:00,5917,0,0,165,10,199,10,2.4,10,3.9,10,991.2,10,,,91,10,0.0,10,0,10,,,0.0,10,6.9,,,10,6.9,,,10,6.2,10,7.6,10,5.9,10,2352,10
2008-03-29T00:00+00:00,5917,0,0,191,10,187,10,2.5,10,4.0,10,990.7,10,,,91,10,0.0,10,0,10,,,0.0,10,6.9,,,10,6.8,,,10,6.2,10,7.5,10,5.9,10,58,10
2008-03-29T01:00+00:00,5917,0,0,181,10,196,10,2.1,10,4.9,10,990.3,10,,,95,10,0.0,10,0,10,,,0.0,10,6.8,,,10,6.8,,,10,6.2,10,6.7,10,4.3,10,106,10
2008-03-29T02:00+00:00,5917,0,0,160,10,188,10,1.1,10,3.2,10,990.2,10,,,94,10,0.0,10,7,10,,,0.0,10,6.7,,,10,6.8,,,10,6.2,10,6.8,10,3.0,10,238,10
2008-03-29T03:00+00:00,5917,0,0,191,10,282,10,1.2,10,4.4,10,990.4,10,,,95,10,0.0,10,0,10,,,0.0,10,6.6,,,10,6.7,,,10,6.2,10,6.4,10,4.3,10,344,10
2008-03-29T04:00+00:00,5917,0,0,175,10,133,10,0.5,10,2.1,10,991.3,10,,,93,10,0.0,10,0,10,,,0.0,10,6.5,,,10,6.7,,,10,6.3,10,6.7,10,2.3,10,449,10
2008-03-29T05:00+00:00,5917,1,0,147,10,136,10,1.3,10,3.3,10,992.1,10,,,95,10,0.0,10,0,10,,,0.0,10,6.4,,,10,6.6,,,10,6.3,10,6.4,10,3.7,10,526,10
2008-03-29T06:00+00:00,5917,25,0,218,10,207,10,1.3,10,3.2,10,993.6,10,,,94,10,0.0,10,0,10,,,0.0,10,6.4,,,10,6.6,,,10,6.3,10,6.7,10,4.4,10,628,10
2008-03-29T07:00+00:00,5917,55,0,310,10,292,10,1.2,10,3.8,10,994.3,10,,,78,10,0.0,10,0,10,,,0.0,10,6.4,,,10,6.5,,,10,6.3,10,9.0,10,6.1,10,743,10
2008-03-29T08:00+00:00,5917,197,0,304,10,287,10,0.9,10,4.0,10,994.4,10,,,62,10,0.0,10,0,10,,,0.2,10,6.5,,,10,6.5,,,10,6.3,10,11.6,10,9.4,10,853,10
2008-03-29T09:00+00:00,5917,310,0,274,10,272,10,6.1,10,15.3,10,995.3,10,,,55,10,0.0,10,0,10,,,0.3,10,6.6,,,10,6.5,,,10,6.3,10,12.7,10,12.7,10,956,10
2008-03-29T10:00+00:00,5917,589,0,276,10,282,10,8.8,10,16.2,10,996.6,10,,,53,10,0.0,10,0,10,,,0.8,10,6.8,,,10,6.5,,,10,6.3,10,12.3,10,12.8,10,1037,10
2008-03-29T11:00+00:00,5917,737,0,278,10,282,10,8.7,10,14.8,10,996.8,10,,,51,10,0.0,10,0,10,,,0.9,10,7.1,,,10,6.6,,,10,6.3,10,13.2,10,14.3,10,1138,10
2008-03-29T12:00+00:00,5917,686,0,281,10,282,10,8.8,10,16.6,10,997.1,10,,,45,10,0.0,10,0,10,,,0.9,10,7.3,,,10,6.7,,,10,6.3,10,13.2,10,17.2,10,1233,10
2008-03-29T13:00+00:00,5917,399,0,276,10,284,10,8.7,10,14.5,10,997.0,10,,,43,10,0.0,10,0,10,,,0.5,10,7.4,,,10,6.8,,,10,6.3,10,13.1,10,15.5,10,1400,10
2008-03-29T14:00+00:00,5917,297,0,286,10,285,10,6.1,10,11.3,10,997.0,10,,,43,10,0.0,10,0,10,,,0.3,10,7.6,,,10,6.9,,,10,6.3,10,12.6,10,13.7,10,1441,10
2008-03-29T15:00+00:00,5917,137,0,280,10,292,10,5.5,10,10.9,10,997.0,10,,,41,10,0.0,10,0,10,,,0.0,10,7.6,,,10,7.0,,,10,6.4,10,12.3,10,12.1,10,1517,10
2008-03-29T16:00+00:00,5917,160,0,289,10,294,10,3.9,10,9.4,10,997.0,10,,,41,10,0.0,10,0,10,,,0.5,10,7.7,,,10,7.1,,,10,6.4,10,13.5,10,11.9,10,1617,10
2008-03-29T17:00+00:00,5917,107,0,280,10,285,10,4.4,10,9.4,10,997.4,10,,,40,10,0.0,10,0,10,,,1.0,10,7.7,,,10,7.2,,,10,6.4,10,12.3,10,11.0,10,1714,10
2008-03-29T18:00+00:00,5917,4,0,273,10,280,10,3.0,10,5.7,10,997.8,10,,,44,10,0.0,10,0,10,,,0.1,10,7.6,,,10,7.2,,,10,6.4,10,11.0,10,8.0,10,1806,10
2008-03-29T19:00+00:00,5917,0,0,269,10,280,10,2.0,10,3.5,10,998.5,10,,,44,10,0.0,10,0,10,,,0.0,10,7.5,,,10,7.2,,,10,6.5,10,10.4,10,3.5,10,1903,10
2008-03-29T20:00+00:00,5917,0,0,252,10,245,10,2.2,10,2.9,10,998.7,10,,,50,10,0.0,10,0,10,,,0.0,10,7.3,,,10,7.2,,,10,6.5,10,8.5,10,4.6,10,2016,10
2008-03-29T21:00+00:00,5917,0,0,282,10,285,10,2.4,10,3.4,10,998.7,10,,,54,10,0.0,10,0,10,,,0.0,10,7.2,,,10,7.2,,,10,6.5,10,7.3,10,3.5,10,2157,10
2008-03-29T22:00+00:00,5917,0,0,290,10,291,10,2.7,10,3.6,10,998.9,10,,,64,10,0.0,10,0,10,,,0.0,10,7.0,,,10,7.1,,,10,6.5,10,6.0,10,2.7,10,2220,10
2008-03-29T23:00+00:00,5917,0,0,282,10,292,10,2.3,10,3.4,10,999.1,10,,,70,10,0.0,10,0,10,,,0.0,10,6.8,,,10,7.1,,,10,6.6,10,5.0,10,2.2,10,2311,10
2008-03-30T00:00+00:00,5917,0,0,246,10,177,10,1.5,10,4.5,10,998.9,10,,,78,10,0.0,10,0,10,,,0.0,10,6.6,,,10,7.0,,,10,6.6,10,3.3,10,-0.9,10,58,10
2008-03-30T01:00+00:00,5917,0,0,239,10,180,10,1.6,10,4.3,10,999.0,10,,,83,10,0.0,10,0,10,,,0.0,10,6.4,,,10,6.9,,,10,6.6,10,3.0,10,-1.7,10,200,10
2008-03-30T02:00+00:00,5917,0,0,221,10,209,10,1.7,10,3.2,10,998.7,10,,,82,10,0.0,10,0,10,,,0.0,10,6.3,,,10,6.8,,,10,6.6,10,3.1,10,-1.1,10,228,10
2008-03-30T03:00+00:00,5917,0,0,207,10,180,10,1.5,10,2.8,10,998.5,10,,,87,10,0.0,10,0,10,,,0.0,10,6.1,,,10,6.7,,,10,6.6,10,1.9,10,-1.6,10,321,10
2008-03-30T04:00+00:00,5917,0,0,210,10,196,10,0.9,10,2.9,10,998.2,10,,,90,10,0.0,10,0,10,,,0.0,10,5.9,,,10,6.6,,,10,6.6,10,1.2,10,-3.7,10,404,10
2008-03-30T05:00+00:00,5917,4,0,153,10,124,10,1.7,10,3.5,10,998.2,10,,,93,10,0.0,10,0,10,,,0.0,10,5.8,,,10,6.5,,,10,6.6,10,-0.1,10,-3.0,10,511,10
2008-03-30T06:00+00:00,5917,81,0,186,10,151,10,1.2,10,3.3,10,998.0,10,,,93,10,0.0,10,0,10,,,0.9,10,5.7,,,10,6.4,,,10,6.6,10,3.5,10,-2.3,10,655,10
2008-03-30T07:00+00:00,5917,256,0,135,10,108,10,1.3,10,3.6,10,997.8,10,,,88,10,0.0,10,0,10,,,1.0,10,5.7,,,10,6.3,,,10,6.5,10,5.4,10,2.2,10,759,10
2008-03-30T08:00+00:00,5917,443,0,122,10,124,10,2.6,10,5.1,10,997.4,10,,,71,10,0.0,10,0,10,,,1.0,10,5.8,,,10,6.2,,,10,6.5,10,9.6,10,6.5,10,837,10
2008-03-30T09:00+00:00,5917,595,0,136,10,156,10,3.4,10,8.4,10,996.7,10,,,54,10,0.0,10,0,10,,,1.0,10,6.1,,,10,6.2,,,10,6.5,10,13.0,10,14.9,10,958,10
2008-03-30T10:00+00:00,5917,706,0,139,10,143,10,6.8,10,11.3,10,995.8,10,,,41,10,0.0,10,0,10,,,1.0,10,6.5,,,10,6.2,,,10,6.5,10,15.8,10,19.0,10,1027,10
2008-03-30T11:00+00:00,5917,764,0,151,10,142,10,6.4,10,11.7,10,995.1,10,,,38,10,0.0,10,0,10,,,1.0,10,6.9,,,10,6.2,,,10,6.5,10,16.6,10,22.4,10,1118,10
2008-03-30T12:00+00:00,5917,760,0,144,10,119,10,6.2,10,12.1,10,994.3,10,,,38,10,0.0,10,0,10,,,1.0,10,7.3,,,10,6.4,,,10,6.4,10,16.9,10,24.5,10,1257,10
2008-03-30T13:00+00:00,5917,703,0,134,10,118,10,6.8,10,12.9,10,993.6,10,,,38,10,0.0,10,0,10,,,1.0,10,7.8,,,10,6.6,,,10,6.4,10,17.5,10,23.8,10,1325,10
2008-03-30T14:00+00:00,5917,574,0,135,10,119,10,6.6,10,11.1,10,992.9,10,,,37,10,0.0,10,0,10,,,1.0,10,8.1,,,10,6.8,,,10,6.4,10,17.6,10,23.0,10,1407,10
2008-03-30T15:00+00:00,5917,431,0,128,10,142,10,7.2,10,11.3,10,992.5,10,,,38,10,0.0,10,0,10,,,1.0,10,8.3,,,10,7.1,,,10,6.4,10,17.1,10,20.4,10,1534,10
2008-03-30T16:00+00:00,5917,230,0,124,10,120,10,7.8,10,12.0,10,992.2,10,,,42,10,0.0,10,0,10,,,1.0,10,8.5,,,10,7.3,,,10,6.5,10,15.7,10,15.9,10,1626,10
2008-03-30T17:00+00:00,5917,98,0,126,10,117,10,6.6,10,11.0,10,992.2,10,,,45,10,0.0,10,0,10,,,1.0,10,8.5,,,10,7.5,,,10,6.5,10,14.4,10,13.0,10,1736,10
2008-03-30T18:00+00:00,5917,3,0,124,10,123,10,6.1,10,9.7,10,992.3,10,,,49,10,0.0,10,0,10,,,0.0,10,8.4,,,10,7.6,,,10,6.5,10,12.5,10,10.4,10,1809,10
2008-03-30T19:00+00:00,5917,0,0,123,10,119,10,6.2,10,8.8,10,992.2,10,,,51,10,0.0,10,0,10,,,0.0,10,8.3,,,10,7.7,,,10,6.6,10,12.1,10,9.6,10,1948,10
2008-03-30T20:00+00:00,5917,0,0,130,10,132,10,6.4,10,9.6,10,992.1,10,,,54,10,0.0,10,0,10,,,0.0,10,8.2,,,10,7.7,,,10,6.6,10,11.1,10,9.2,10,2034,10
2008-03-30T21:00+00:00,5917,0,0,137,10,140,10,7.0,10,9.7,10,992.2,10,,,59,10,0.0,10,0,10,,,0.0,10,8.0,,,10,7.7,,,10,6.7,10,10.2,10,8.4,10,2139,10
2008-03-30T22:00+00:00,5917,0,0,130,10,136,10,6.2,10,10.6,10,992.1,10,,,61,10,0.0,10,0,10,,,0.0,10,7.9,,,10,7.6,,,10,6.7,10,9.5,10,7.8,10,2201,10
2008-03-30T23:00+00:00,5917,0,0,130,10,132,10,6.5,10,9.8,10,992.1,10,,,60,10,0.0,10,0,10,,,0.0,10,7.8,,,10,7.6,,,10,6.8,10,8.9,10,7.3,10,2347,10
2008-03-31T00:00+00:00,5917,0,0,131,10,140,10,6.9,10,10.2,10,991.8,10,,,61,10,0.0,10,0,10,,,0.0,10,7.6,,,10,7.6,,,10,6.8,10,8.6,10,7.0,10,9,10
2008-03-31T01:00+00:00,5917,0,0,126,10,133,10,6.6,10,10.7,10,991.4,10,,,63,10,0.0,10,0,10,,,0.0,10,7.5,,,10,7.5,,,10,6.8,10,8.1,10,6.5,10,140,10
2008-03-31T02:00+00:00,5917,0,0,126,10,133,10,6.4,10,10.2,10,991.0,10,,,66,10,0.0,10,0,10,,,0.0,10,7.4,,,10,7.4,,,10,6.8,10,7.4,10,5.5,10,209,10
2008-03-31T03:00+00:00,5917,0,0,130,10,139,10,6.5,10,9.6,10,990.8,10,,,69,10,0.0,10,0,10,,,0.0,10,7.2,,,10,7.4,,,10,6.9,10,6.7,10,5.0,10,340,10
2008-03-31T04:00+00:00,5917,0,0,134,10,138,10,6.9,10,10.4,10,991.2,10,,,68,10,0.0,10,0,10,,,0.0,10,7.1,,,10,7.3,,,10,6.9,10,6.8,10,5.0,10,431,10
2008-03-31T05:00+00:00,5917,4,0,117,10,136,10,4.6,10,7.5,10,991.4,10,,,74,10,0.0,10,0,10,,,0.1,10,7.0,,,10,7.2,,,10,6.9,10,5.6,10,3.8,10,502,10
2008-03-31T06:00+00:00,5917,86,0,115,10,120,10,4.5,10,8.0,10,991.9,10,,,72,10,0.0,10,0,10,,,0.9,10,6.9,,,10,7.2,,,10,6.9,10,7.2,10,3.9,10,628,10
2008-03-31T07:00+00:00,5917,264,0,122,10,122,10,5.4,10,9.0,10,992.1,10,,,66,10,0.0,10,0,10,,,1.0,10,6.9,,,10,7.1,,,10,6.9,10,9.4,10,6.6,10,740,10
2008-03-31T08:00+00:00,5917,439,0,125,10,140,10,6.7,10,10.9,10,992.2,10,,,61,10,0.0,10,0,10,,,1.0,10,7.0,,,10,7.1,,,10,6.9,10,11.3,10,9.9,10,827,10
2008-03-31T09:00+00:00,5917,591,0,139,10,139,10,7.7,10,12.2,10,992.2,10,,,54,10,0.0,10,0,10,,,1.0,10,7.2,,,10,7.0,,,10,6.9,10,13.8,10,15.4,10,927,10
2008-03-31T10:00+00:00,5917,695,0,142,10,140,10,7.8,10,12.6,10,992.2,10,,,51,10,0.0,10,0,10,,,1.0,10,7.5,,,10,7.0,,,10,6.9,10,14.1,10,18.8,10,1009,10
2008-03-31T11:00+00:00,5917,751,0,138,10,141,10,7.9,10,12.8,10,992.2,10,,,49,10,0.0,10,0,10,,,1.0,10,7.8,,,10,7.1,,,10,6.9,10,15.8,10,21.3,10,1105,10
2008-03-31T12:00+00:00,5917,749,0,143,10,140,10,7.0,10,11.6,10,992.1,10,,,47,10,0.0,10,0,10,,,1.0,10,8.1,,,10,7.2,,,10,6.9,10,16.2,10,23.1,10,1221,10
2008-03-31T13:00+00:00,5917,691,0,137,10,139,10,5.7,10,10.4,10,991.8,10,,,45,10,0.0,10,0,10,,,1.0,10,8.5,,,10,7.4,,,10,6.9,10,16.9,10,23.7,10,1400,10
2008-03-31T14:00+00:00,5917,576,0,135,10,131,10,5.3,10,9.6,10,991.5,10,,,44,10,0.0,10,0,10,,,1.0,10,8.8,,,10,7.6,,,10,6.9,10,17.1,10,23.7,10,1459,10
2008-03-31T15:00+00:00,5917,426,0,133,10,132,10,4.6,10,9.3,10,991.5,10,,,43,10,0.0,10,0,10,,,1.0,10,9.0,,,10,7.8,,,10,6.9,10,16.9,10,21.2,10,1600,10
2008-03-31T16:00+00:00,5917,245,0,134,10,136,10,4.4,10,7.2,10,991.8,10,,,43,10,0.0,10,0,10,,,1.0,10,9.2,,,10,7.9,,,10,6.9,10,16.3,10,17.6,10,1700,10
2008-03-31T17:00+00:00,5917,77,0,128,10,134,10,3.1,10,5.4,10,992.2,10,,,48,10,0.0,10,0,10,,,0.9,10,9.1,,,10,8.1,,,10,6.9,10,14.6,10,11.8,10,1720,10
2008-03-31T18:00+00:00,5917,4,0,109,10,121,10,2.8,10,4.2,10,992.7,10,,,52,10,0.0,10,0,10,,,0.0,10,9.0,,,10,8.2,,,10,7.0,10,12.7,10,6.2,10,1805,10
2008-03-31T19:00+00:00,5917,0,0,98,10,108,10,2.5,10,4.4,10,993.4,10,,,56,10,0.0,10,0,10,,,0.0,10,8.8,,,10,8.3,,,10,7.0,10,11.6,10,4.8,10,1907,10
2008-03-31T20:00+00:00,5917,0,0,96,10,96,10,2.0,10,3.4,10,993.7,10,,,57,10,0.0,10,0,10,,,0.0,10,8.6,,,10,8.3,,,10,7.1,10,10.9,10,2.4,10,2100,10
2008-03-31T21:00+00:00,5917,0,0,279,10,266,10,0.9,10,2.2,10,994.1,10,,,63,10,0.0,10,0,10,,,0.0,10,8.4,,,10,8.2,,,10,7.1,10,9.5,10,2.1,10,2149,10
2008-03-31T22:00+00:00,5917,0,0,291,10,295,10,2.2,10,3.1,10,994.2,10,,,67,10,0.0,10,0,10,,,0.0,10,8.2,,,10,8.1,,,10,7.1,10,9.5,10,3.0,10,2252,10
2008-03-31T23:00+00:00,5917,0,0,285,10,290,10,2.6,10,3.6,10,994.1,10,,,72,10,0.0,10,0,10,,,0.0,10,8.0,,,10,8.0,,,10,7.2,10,8.5,10,5.7,10,2330,10
2008-04-01T00:00+00:00,5917,0,0,292,10,293,10,2.8,10,4.0,10,994.3,10,,,75,10,0.0,10,0,10,,,0.0,10,7.9,,,10,8.0,,,10,7.2,10,7.7,10,3.1,10,28,10
2008-04-01T01:00+00:00,5917,0,0,277,10,284,10,1.7,10,3.1,10,994.1,10,,,77,10,0.0,10,0,10,,,0.0,10,7.8,,,10,7.9,,,10,7.2,10,7.2,10,1.7,10,106,10
2008-04-01T02:00+00:00,5917,0,0,287,10,299,10,1.3,10,2.3,10,994.3,10,,,82,10,0.0,10,0,10,,,0.0,10,7.5,,,10,7.8,,,10,7.2,10,6.2,10,-0.7,10,246,10
2008-04-01T03:00+00:00,5917,0,0,354,10,340,10,2.2,10,4.0,10,994.6,10,,,74,10,0.0,10,0,10,,,0.0,10,7.4,,,10,7.7,,,10,7.2,10,8.2,10,-1.0,10,356,10
2008-04-01T04:00+00:00,5917,0,0,315,10,308,10,3.1,10,5.6,10,994.5,10,,,77,10,0.0,10,0,10,,,0.0,10,7.3,,,10,7.6,,,10,7.2,10,7.6,10,2.5,10,446,10
2008-04-01T05:00+00:00,5917,6,0,297,10,304,10,4.3,10,8.0,10,994.8,10,,,86,10,0.0,10,0,10,,,0.0,10,7.2,,,10,7.5,,,10,7.2,10,8.9,10,5.1,10,544,10
2008-04-01T06:00+00:00,5917,84,0,320,10,302,10,1.5,10,7.0,10,995.3,10,,,84,10,0.0,10,0,10,,,0.9,10,7.2,,,10,7.5,,,10,7.2,10,10.2,10,5.9,10,657,10
2008-04-01T07:00+00:00,5917,262,0,305,10,295,10,4.2,10,8.5,10,995.2,10,,,74,10,0.0,10,0,10,,,1.0,10,7.3,,,10,7.4,,,10,7.2,10,12.2,10,9.6,10,738,10
2008-04-01T08:00+00:00,5917,430,0,316,10,306,10,4.5,10,9.9,10,995.5,10,,,68,10,0.0,10,0,10,,,1.0,10,7.4,,,10,7.4,,,10,7.2,10,13.2,10,12.3,10,851,10
2008-04-01T09:00+00:00,5917,564,0,309,10,306,10,5.3,10,11.9,10,995.3,10,,,62,10,0.0,10,0,10,,,1.0,10,7.6,,,10,7.4,,,10,7.2,10,14.3,10,16.4,10,932,10
2008-04-01T10:00+00:00,5917,663,0,315,10,297,10,5.1,10,10.3,10,995.3,10,,,58,10,0.0,10,0,10,,,1.0,10,7.8,,,10,7.4,,,10,7.2,10,14.9,10,18.7,10,1011,10
2008-04-01T11:00+00:00,5917,710,0,328,10,341,10,5.3,10,10.3,10,994.8,10,,,56,10,0.0,10,0,10,,,1.0,10,8.1,,,10,7.4,,,10,7.2,10,16.2,10,21.7,10,1114,10
2008-04-01T12:00+00:00,5917,567,0,345,10,350,10,6.0,10,9.5,10,994.4,10,,,52,10,0.0,10,0,10,,,0.7,10,8.4,,,10,7.5,,,10,7.2,10,17.0,10,18.7,10,1205,10
2008-04-01T13:00+00:00,5917,392,0,340,10,339,10,4.7,10,10.0,10,994.1,10,,,51,10,0.0,10,0,10,,,0.5,10,8.6,,,10,7.7,,,10,7.2,10,17.2,10,19.2,10,1359,10
2008-04-01T14:00+00:00,5917,374,0,295,10,289,10,6.1,10,12.5,10,993.6,10,,,57,10,0.0,10,0,10,,,0.5,10,8.9,,,10,7.9,,,10,7.2,10,16.2,10,16.7,10,1432,10
2008-04-01T15:00+00:00,5917,356,0,290,10,286,10,6.9,10,11.8,10,993.3,10,,,60,10,0.0,10,0,10,,,0.9,10,9.0,,,10,8.0,,,10,7.2,10,16.1,10,17.3,10,1508,10
2008-04-01T16:00+00:00,5917,214,0,287,10,293,10,6.6,10,11.0,10,993.3,10,,,63,10,0.0,10,0,10,,,0.9,10,9.1,,,10,8.2,,,10,7.2,10,15.2,10,16.3,10,1625,10
2008-04-01T17:00+00:00,5917,46,0,281,10,267,10,6.8,10,10.8,10,993.7,10,,,67,10,0.0,10,0,10,,,0.0,10,9.1,,,10,8.3,,,10,7.2,10,14.1,10,13.6,10,1706,10
2008-04-01T18:00+00:00,5917,3,0,289,10,296,10,5.8,10,9.8,10,994.2,10,,,71,10,0.0,10,0,10,,,0.0,10,9.1,,,10,8.4,,,10,7.3,10,13.3,10,12.0,10,1802,10
2008-04-01T19:00+00:00,5917,0,0,291,10,294,10,6.1,10,10.7,10,994.4,10,,,74,10,0.0,10,0,10,,,0.0,10,9.0,,,10,8.4,,,10,7.3,10,12.7,10,11.4,10,1941,10
2008-04-01T20:00+00:00,5917,0,0,293,10,291,10,6.2,10,10.6,10,994.4,10,,,76,10,0.0,10,0,10,,,0.0,10,9.0,,,10,8.4,,,10,7.4,10,12.3,10,11.2,10,2013,10
2008-04-01T21:00+00:00,5917,0,0,291,10,292,10,6.5,10,11.4,10,994.4,10,,,78,10,0.0,10,0,10,,,0.0,10,8.9,,,10,8.4,,,10,7.4,10,12.2,10,10.7,10,2129,10
2008-04-01T22:00+00:00,5917,0,0,290,10,294,10,6.0,10,10.3,10,994.1,10,,,78,10,0.0,10,0,10,,,0.0,10,8.8,,,10,8.4,,,10,7.4,10,12.0,10,10.7,10,2300,10
2008-04-01T23:00+00:00,5917,0,0,287,10,297,10,6.1,10,10.4,10,994.1,10,,,77,10,0.0,10,0,10,,,0.0,10,8.7,,,10,8.4,,,10,7.5,10,12.2,10,10.7,10,2322,10
2008-04-02T00:00+00:00,5917,0,0,289,10,294,10,5.6,10,9.8,10,993.6,10,,,78,10,0.0,10,0,10,,,0.0,10,8.7,,,10,8.4,,,10,7.5,10,12.0,10,10.8,10,7,10
2008-04-02T01:00+00:00,5917,0,0,288,10,294,10,4.6,10,9.4,10,993.3,10,,,79,10,0.0,10,0,10,,,0.0,10,8.6,,,10,8.3,,,10,7.5,10,11.8,10,10.6,10,134,10
2008-04-02T02:00+00:00,5917,0,0,282,10,282,10,5.7,10,10.4,10,992.5,10,,,78,10,0.0,10,0,10,,,0.0,10,8.6,,,10,8.3,,,10,7.5,10,11.5,10,10.3,10,227,10
2008-04-02T03:00+00:00,5917,0,0,275,10,282,10,5.6,10,9.7,10,992.1,10,,,74,10,0.0,10,0,10,,,0.0,10,8.5,,,10,8.3,,,10,7.5,10,11.6,10,10.2,10,330,10
2008-04-02T04:00+00:00,5917,0,0,278,10,283,10,6.5,10,12.0,10,991.8,10,,,73,10,0.0,10,0,10,,,0.0,10,8.5,,,10,8.3,,,10,7.5,10,11.3,10,10.4,10,431,10
2008-04-02T05:00+00:00,5917,1,0,287,10,290,10,6.5,10,13.8,10,992.1,10,,,87,10,0.1,10,26,10,,,0.0,10,8.5,,,10,8.3,,,10,7.6,10,9.8,10,8.3,10,543,10
2008-04-02T06:00+00:00,5917,39,0,286,10,298,10,5.7,10,10.8,10,991.8,10,,,86,10,0.0,10,2,10,,,0.0,10,8.4,,,10,8.2,,,10,7.6,10,10.2,10,8.2,10,700,10
2008-04-02T07:00+00:00,5917,175,0,277,10,287,10,5.3,10,10.3,10,991.8,10,,,81,10,0.0,10,0,10,,,0.5,10,8.4,,,10,8.2,,,10,7.6,10,10.9,10,9.1,10,744,10
2008-04-02T08:00+00:00,5917,383,0,296,10,287,10,5.6,10,12.9,10,991.4,10,,,66,10,0.0,10,0,10,,,0.9,10,8.4,,,10,8.2,,,10,7.6,10,12.3,10,10.8,10,834,10
2008-04-02T09:00+00:00,5917,401,0,303,10,310,10,5.9,10,13.8,10,991.4,10,,,64,10,0.0,10,0,10,,,0.5,10,8.5,,,10,8.2,,,10,7.6,10,12.2,10,13.8,10,925,10
2008-04-02T10:00+00:00,5917,217,0,284,10,297,10,7.4,10,16.0,10,992.3,10,,,87,10,0.1,10,5,10,,,0.1,10,8.5,,,10,8.2,,,10,7.6,10,9.0,10,8.6,10,1056,10
2008-04-02T11:00+00:00,5917,514,0,276,10,270,10,7.3,10,12.6,10,991.4,10,,,80,10,0.2,10,13,10,,,0.6,10,8.5,,,10,8.2,,,10,7.6,10,11.2,10,7.4,10,1131,10
2008-04-02T12:00+00:00,5917,286,0,284,10,294,10,8.1,10,14.9,10,991.8,10,,,89,10,0.1,10,13,10,,,0.1,10,8.6,,,10,8.2,,,10,7.6,10,8.8,10,8.7,10,1229,10
2008-04-02T13:00+00:00,5917,362,0,288,10,282,10,6.5,10,12.3,10,991.4,10,,,83,10,0.1,10,11,10,,,0.3,10,8.6,,,10,8.2,,,10,7.6,10,10.9,10,8.0,10,1303,10
2008-04-02T14:00+00:00,5917,194,0,289,10,303,10,6.7,10,16.8,10,991.9,10,,,90,10,0.5,10,25,10,,,0.2,10,8.6,,,10,8.3,,,10,7.6,10,8.3,10,6.8,10,1417,10
2008-04-02T15:00+00:00,5917,277,0,318,10,295,10,5.5,10,12.4,10,991.2,10,,,87,10,0.1,10,30,10,,,0.4,10,8.6,,,10,8.3,,,10,7.6,10,9.0,10,7.2,10,1600,10
2008-04-02T16:00+00:00,5917,288,0,294,10,302,10,4.6,10,8.5,10,991.4,10,,,83,10,0.0,10,0,10,,,1.0,10,8.6,,,10,8.3,,,10,7.6,10,9.8,10,10.9,10,1609,10
2008-04-02T17:00+00:00,5917,52,0,286,10,304,10,5.2,10,9.7,10,991.8,10,,,88,10,0.4,10,17,10,,,0.2,10,8.6,,,10,8.3,,,10,7.7,10,8.3,10,6.8,10,1759,10
2008-04-02T18:00+00:00,5917,12,0,291,10,296,10,5.1,10,9.3,10,992.2,10,,,88,10,0.2,10,4,10,,,0.0,10,8.5,,,10,8.4,,,10,7.7,10,7.9,10,5.6,10,1844,10
2008-04-02T19:00+00:00,5917,0,0,292,10,289,10,5.7,10,12.7,10,992.9,10,,,86,10,0.0,10,0,10,,,0.0,10,8.4,,,10,8.3,,,10,7.7,10,7.6,10,5.4,10,1953,10
2008-04-02T20:00+00:00,5917,0,0,288,10,297,10,6.3,10,11.4,10,992.7,10,,,89,10,0.0,10,3,10,,,0.0,10,8.3,,,10,8.3,,,10,7.7,10,6.9,10,5.3,10,2001,10
2008-04-02T21:00+00:00,5917,0,0,298,10,292,10,6.1,10,10.9,10,992.9,10,,,90,10,0.0,10,0,10,,,0.0,10,8.2,,,10,8.3,,,10,7.7,10,6.5,10,4.8,10,2127,10
2008-04-02T22:00+00:00,5917,0,0,285,10,287,10,6.1,10,10.7,10,992.6,10,,,90,10,0.0,10,0,10,,,0.0,10,8.1,,,10,8.2,,,10,7.7,10,6.6,10,4.9,10,2239,10
2008-04-02T23:00+00:00,5917,0,0,284,10,289,10,5.0,10,10.6,10,992.5,10,,,89,10,0.0,10,0,10,,,0.0,10,8.0,,,10,8.2,,,10,7.7,10,6.4,10,4.4,10,2314,10
2008-04-03T00:00+00:00,5917,0,0,294,10,300,10,5.0,10,8.9,10,992.2,10,,,90,10,0.0,10,0,10,,,0.0,10,7.9,,,10,8.1,,,10,7.8,10,6.2,10,4.4,10,24,10
2008-04-03T01:00+00:00,5917,0,0,293,10,297,10,6.9,10,12.0,10,991.8,10,,,89,10,0.0,10,0,10,,,0.0,10,7.8,,,10,8.0,,,10,7.8,10,6.2,10,4.6,10,120,10
2008-04-03T02:00+00:00,5917,0,0,296,10,293,10,6.0,10,9.6,10,991.5,10,,,91,10,0.0,10,0,10,,,0.0,10,7.7,,,10,8.0,,,10,7.8,10,6.0,10,4.6,10,300,10
2008-04-03T03:00+00:00,5917,0,0,292,10,296,10,5.5,10,10.6,10,991.8,10,,,91,10,0.0,10,0,10,,,0.0,10,7.6,,,10,7.9,,,10,7.7,10,6.1,10,4.5,10,332,10
2008-04-03T04:00+00:00,5917,0,0,300,10,306,10,4.2,10,7.9,10,991.8,10,,,91,10,0.0,10,0,10,,,0.0,10,7.5,,,10,7.9,,,10,7.7,10,6.1,10,4.7,10,434,10
2008-04-03T05:00+00:00,5917,9,0,306,10,304,10,3.7,10,7.9,10,991.6,10,,,92,10,0.0,10,0,10,,,0.0,10,7.5,,,10,7.8,,,10,7.7,10,6.0,10,4.7,10,514,10
2008-04-03T06:00+00:00,5917,66,0,306,10,313,10,2.9,10,6.8,10,992.1,10,,,92,10,0.0,10,0,10,,,0.2,10,7.4,,,10,7.8,,,10,7.7,10,6.5,10,4.6,10,613,10
2008-04-03T07:00+00:00,5917,249,0,309,10,310,10,3.4,10,7.8,10,992.3,10,,,85,10,0.0,10,0,10,,,0.8,10,7.4,,,10,7.7,,,10,7.7,10,7.7,10,6.5,10,725,10
2008-04-03T08:00+00:00,5917,220,0,304,10,303,10,4.3,10,9.6,10,992.6,10,,,80,10,0.0,10,0,10,,,0.2,10,7.5,,,10,7.7,,,10,7.7,10,8.3,10,7.5,10,838,10
2008-04-03T09:00+00:00,5917,235,0,308,10,302,10,4.0,10,8.7,10,993.1,10,,,80,10,0.0,10,0,10,,,0.2,10,7.5,,,10,7.6,,,10,7.7,10,8.7,10,9.6,10,908,10
2008-04-03T10:00+00:00,5917,188,0,301,10,296,10,5.2,10,10.6,10,993.4,10,,,82,10,0.0,10,0,10,,,0.0,10,7.6,,,10,7.6,,,10,7.6,10,8.5,10,9.3,10,1029,10
2008-04-03T11:00+00:00,5917,179,0,295,10,296,10,5.2,10,10.5,10,993.7,10,,,83,10,0.0,10,6,10,,,0.0,10,7.6,,,10,7.6,,,10,7.6,10,8.2,10,8.0,10,1121,10
2008-04-03T12:00+00:00,5917,250,0,298,10,291,10,4.2,10,8.5,10,993.7,10,,,80,10,0.0,10,4,10,,,0.0,10,7.7,,,10,7.7,,,10,7.6,10,9.1,10,8.7,10,1204,10
2008-04-03T13:00+00:00,5917,250,0,300,10,302,10,5.0,10,11.9,10,993.6,10,,,79,10,0.0,10,0,10,,,0.0,10,7.8,,,10,7.7,,,10,7.6,10,8.5,10,10.0,10,1318,10
2008-04-03T14:00+00:00,5917,271,0,305,10,319,10,3.7,10,7.5,10,993.5,10,,,68,10,0.0,10,0,10,,,0.1,10,7.9,,,10,7.7,,,10,7.6,10,10.0,10,11.1,10,1412,10
2008-04-03T15:00+00:00,5917,405,0,307,10,306,10,3.8,10,8.5,10,993.5,10,,,64,10,0.0,10,0,10,,,0.8,10,8.0,,,10,7.8,,,10,7.6,10,11.2,10,14.0,10,1542,10
2008-04-03T16:00+00:00,5917,85,0,328,10,339,10,6.0,10,11.1,10,994.2,10,,,86,10,0.6,10,42,10,,,0.2,10,8.0,,,10,7.8,,,10,7.6,10,7.8,10,6.5,10,1606,10
2008-04-03T17:00+00:00,5917,120,0,296,10,289,10,5.1,10,9.3,10,994.4,10,,,77,10,0.0,10,0,10,,,0.7,10,8.0,,,10,7.9,,,10,7.6,10,8.6,10,6.6,10,1756,10
2008-04-03T18:00+00:00,5917,9,0,293,10,290,10,5.5,10,9.8,10,995.3,10,,,82,10,0.0,10,0,10,,,0.0,10,8.0,,,10,7.9,,,10,7.6,10,7.3,10,5.3,10,1829,10
2008-04-03T19:00+00:00,5917,0,0,296,10,297,10,5.6,10,9.0,10,995.9,10,,,84,10,0.0,10,0,10,,,0.0,10,7.9,,,10,7.9,,,10,7.6,10,7.0,10,5.2,10,1951,10
2008-04-03T20:00+00:00,5917,0,0,299,10,304,10,6.1,10,10.9,10,996.7,10,,,85,10,0.0,10,0,10,,,0.0,10,7.8,,,10,7.9,,,10,7.6,10,6.8,10,5.2,10,2020,10
2008-04-03T21:00+00:00,5917,0,0,302,10,296,10,4.8,10,10.2,10,997.0,10,,,86,10,0.0,10,0,10,,,0.0,10,7.7,,,10,7.9,,,10,7.6,10,6.5,10,4.6,10,2112,10
2008-04-03T22:00+00:00,5917,0,0,310,10,310,10,4.1,10,8.9,10,997.8,10,,,87,10,0.0,10,0,10,,,0.0,10,7.6,,,10,7.8,,,10,7.6,10,6.5,10,4.6,10,2245,10
2008-04-03T23:00+00:00,5917,0,0,308,10,308,10,4.5,10,10.4,10,998.0,10,,,88,10,0.0,10,0,10,,,0.0,10,7.5,,,10,7.8,,,10,7.6,10,6.3,10,4.9,10,2326,10
2008-04-04T00:00+00:00,5917,0,0,306,10,299,10,4.8,10,10.1,10,998.2,10,,,88,10,0.0,10,0,10,,,0.0,10,7.5,,,10,7.8,,,10,7.6,10,6.4,10,5.2,10,40,10
2008-04-04T01:00+00:00,5917,0,0,306,10,303,10,4.4,10,11.1,10,998.2,10,,,88,10,0.0,10,0,10,,,0.0,10,7.4,,,10,7.7,,,10,7.6,10,6.6,10,5.7,10,108,10
2008-04-04T02:00+00:00,5917,0,0,307,10,305,10,4.1,10,9.2,10,998.2,10,,,89,10,0.0,10,0,10,,,0.0,10,7.4,,,10,7.6,,,10,7.6,10,6.3,10,5.5,10,224,10
2008-04-04T03:00+00:00,5917,0,0,308,10,310,10,4.4,10,9.8,10,998.2,10,,,89,10,0.0,10,0,10,,,0.0,10,7.3,,,10,7.6,,,10,7.6,10,6.0,10,4.9,10,350,10
2008-04-04T04:00+00:00,5917,0,0,309,10,306,10,4.7,10,11.1,10,998.5,10,,,92,10,0.0,10,0,10,,,0.0,10,7.2,,,10,7.6,,,10,7.6,10,5.5,10,4.4,10,451,10
2008-04-04T05:00+00:00,5917,9,0,303,10,306,10,5.1,10,10.5,10,998.6,10,,,91,10,0.0,10,0,10,,,0.0,10,7.2,,,10,7.5,,,10,7.6,10,5.7,10,4.3,10,507,10
2008-04-04T06:00+00:00,5917,57,0,302,10,301,10,5.6,10,10.6,10,999.1,10,,,90,10,0.0,10,0,10,,,0.0,10,7.1,,,10,7.5,,,10,7.6,10,6.3,10,5.0,10,624,10
2008-04-04T07:00+00:00,5917,99,0,309,10,312,10,4.6,10,10.2,10,999.6,10,,,87,10,0.0,10,0,10,,,0.0,10,7.1,,,10,7.5,,,10,7.6,10,6.9,10,6.5,10,714,10
2008-04-04T08:00+00:00,5917,185,0,313,10,311,10,4.4,10,10.5,10,999.8,10,,,85,10,0.0,10,0,10,,,0.0,10,7.2,,,10,7.4,,,10,7.6,10,7.7,10,7.5,10,844,10
2008-04-04T09:00+00:00,5917,233,0,307,10,322,10,4.8,10,11.0,10,999.7,10,,,81,10,0.0,10,0,10,,,0.0,10,7.3,,,10,7.4,,,10,7.6,10,8.9,10,9.5,10,1000,10
2008-04-04T10:00+00:00,5917,401,0,317,10,323,10,5.5,10,12.1,10,999.5,10,,,77,10,0.0,10,0,10,,,0.2,10,7.4,,,10,7.4,,,10,7.5,10,10.1,10,11.1,10,1050,10
2008-04-04T11:00+00:00,5917,467,0,324,10,333,10,6.6,10,13.4,10,999.0,10,,,68,10,0.0,10,0,10,,,0.3,10,7.6,,,10,7.4,,,10,7.5,10,10.7,10,13.4,10,1114,10
2008-04-04T12:00+00:00,5917,208,0,319,10,329,10,5.7,10,12.2,10,998.6,10,,,68,10,0.0,10,0,10,,,0.0,10,7.7,,,10,7.5,,,10,7.5,10,10.4,10,11.5,10,1233,10
2008-04-04T13:00+00:00,5917,291,0,320,10,330,10,6.2,10,13.2,10,997.9,10,,,68,10,0.0,10,0,10,,,0.1,10,7.8,,,10,7.6,,,10,7.5,10,10.6,10,11.5,10,1312,10
2008-04-04T14:00+00:00,5917,534,0,320,10,310,10,6.5,10,13.2,10,997.4,10,,,64,10,0.0,10,0,10,,,0.8,10,8.0,,,10,7.6,,,10,7.5,10,11.3,10,13.2,10,1456,10
2008-04-04T15:00+00:00,5917,276,0,318,10,336,10,5.5,10,12.8,10,997.0,10,,,61,10,0.0,10,0,10,,,0.3,10,8.1,,,10,7.7,,,10,7.5,10,11.1,10,12.8,10,1511,10
2008-04-04T16:00+00:00,5917,160,0,323,10,332,10,5.5,10,10.5,10,996.7,10,,,63,10,0.0,10,0,10,,,0.1,10,8.2,,,10,7.8,,,10,7.5,10,10.9,10,11.8,10,1628,10
2008-04-04T17:00+00:00,5917,99,0,310,10,316,10,4.8,10,12.0,10,996.7,10,,,65,10,0.0,10,0,10,,,0.8,10,8.2,,,10,7.9,,,10,7.5,10,10.3,10,10.1,10,1710,10
2008-04-04T18:00+00:00,5917,4,0,300,10,303,10,5.0,10,9.6,10,996.9,10,,,76,10,0.0,10,2,10,,,0.0,10,8.2,,,10,7.9,,,10,7.5,10,9.0,10,8.3,10,1836,10
2008-04-04T19:00+00:00,5917,0,0,303,10,298,10,4.8,10,9.2,10,997.0,10,,,78,10,0.0,10,0,10,,,0.0,10,8.1,,,10,7.9,,,10,7.5,10,8.7,10,7.6,10,2000,10
2008-04-04T20:00+00:00,5917,0,0,303,10,309,10,4.5,10,8.4,10,996.9,10,,,79,10,0.0,10,0,10,,,0.0,10,8.0,,,10,8.0,,,10,7.6,10,8.6,10,8.0,10,2019,10
2008-04-04T21:00+00:00,5917,0,0,307,10,302,10,4.1,10,11.4,10,996.7,10,,,79,10,0.0,10,0,10,,,0.0,10,8.0,,,10,7.9,,,10,7.6,10,8.4,10,7.6,10,2149,10
2008-04-04T22:00+00:00,5917,0,0,306,10,307,10,4.0,10,8.3,10,996.3,10,,,81,10,0.0,10,0,10,,,0.0,10,7.9,,,10,7.9,,,10,7.6,10,7.7,10,6.9,10,2242,10
2008-04-04T23:00+00:00,5917,0,0,308,10,311,10,3.5,10,8.3,10,995.9,10,,,82,10,0.0,10,0,10,,,0.0,10,7.8,,,10,7.9,,,10,7.6,10,7.5,10,6.2,10,2325,10
2008-04-05T00:00+00:00,5917,0,0,306,10,297,10,4.1,10,8.5,10,995.4,10,,,82,10,0.0,10,0,10,,,0.0,10,7.8,,,10,7.9,,,10,7.6,10,7.3,10,6.6,10,27,10
2008-04-05T01:00+00:00,5917,0,0,312,10,318,10,3.4,10,8.4,10,994.7,10,,,83,10,0.0,10,0,10,,,0.0,10,7.7,,,10,7.8,,,10,7.6,10,6.9,10,6.1,10,144,10
2008-04-05T02:00+00:00,5917,0,0,307,10,300,10,3.5,10,8.0,10,994.1,10,,,86,10,0.0,10,0,10,,,0.0,10,7.6,,,10,7.8,,,10,7.6,10,6.4,10,5.4,10,231,10
2008-04-05T03:00+00:00,5917,0,0,312,10,324,10,2.8,10,6.8,10,993.6,10,,,90,10,0.0,10,0,10,,,0.0,10,7.5,,,10,7.8,,,10,7.6,10,5.7,10,4.0,10,305,10
2008-04-05T04:00+00:00,5917,0,0,312,10,302,10,3.5,10,8.1,10,993.3,10,,,91,10,0.0,10,0,10,,,0.0,10,7.5,,,10,7.7,,,10,7.6,10,5.9,10,3.9,10,426,10
2008-04-05T05:00+00:00,5917,4,0,308,10,301,10,3.0,10,6.7,10,992.9,10,,,92,10,0.0,10,0,10,,,0.0,10,7.4,,,10,7.7,,,10,7.6,10,5.9,10,5.0,10,559,10
2008-04-05T06:00+00:00,5917,51,0,302,10,308,10,3.8,10,7.6,10,992.5,10,,,90,10,0.0,10,0,10,,,0.0,10,7.4,,,10,7.6,,,10,7.6,10,6.4,10,5.7,10,647,10
2008-04-05T07:00+00:00,5917,167,0,308,10,307,10,3.4,10,7.7,10,992.3,10,,,86,10,0.0,10,0,10,,,0.1,10,7.4,,,10,7.6,,,10,7.6,10,7.1,10,7.2,10,753,10
2008-04-05T08:00+00:00,5917,393,0,312,10,316,10,3.9,10,10.0,10,991.9,10,,,80,10,0.0,10,0,10,,,0.8,10,7.4,,,10,7.6,,,10,7.6,10,8.5,10,8.6,10,827,10
2008-04-05T09:00+00:00,5917,553,0,297,10,303,10,4.3,10,8.8,10,991.1,10,,,74,10,0.0,10,0,10,,,0.8,10,7.6,,,10,7.6,,,10,7.6,10,9.6,10,11.2,10,1000,10
2008-04-05T10:00+00:00,5917,603,0,297,10,320,10,4.0,10,8.5,10,990.0,10,,,68,10,0.0,10,0,10,,,0.7,10,7.8,,,10,7.6,,,10,7.6,10,9.7,10,13.8,10,1011,10
2008-04-05T11:00+00:00,5917,425,0,301,10,302,10,3.8,10,8.6,10,988.9,10,,,61,10,0.0,10,0,10,,,0.3,10,7.9,,,10,7.6,,,10,7.6,10,10.4,10,12.8,10,1115,10
2008-04-05T12:00+00:00,5917,502,0,313,10,335,10,3.5,10,8.5,10,987.9,10,,,56,10,0.0,10,0,10,,,0.5,10,8.2,,,10,7.7,,,10,7.6,10,11.5,10,14.5,10,1215,10
2008-04-05T13:00+00:00,5917,386,0,317,10,288,10,3.5,10,7.4,10,986.7,10,,,51,10,0.0,10,0,10,,,0.3,10,8.3,,,10,7.8,,,10,7.6,10,12.6,10,13.2,10,1352,10
2008-04-05T14:00+00:00,5917,568,0,302,10,291,10,3.5,10,8.9,10,985.8,10,,,49,10,0.0,10,0,10,,,0.7,10,8.6,,,10,7.9,,,10,7.6,10,12.8,10,17.2,10,1422,10
2008-04-05T15:00+00:00,5917,307,0,303,10,310,10,3.6,10,8.6,10,984.9,10,,,48,10,0.0,10,0,10,,,0.5,10,8.7,,,10,8.0,,,10,7.6,10,12.8,10,13.4,10,1558,10
2008-04-05T16:00+00:00,5917,243,0,289,10,306,10,4.3,10,7.8,10,984.5,10,,,50,10,0.0,10,0,10,,,0.7,10,8.8,,,10,8.2,,,10,7.6,10,11.9,10,11.2,10,1606,10
2008-04-05T17:00+00:00,5917,85,0,291,10,284,10,4.2,10,7.9,10,984.2,10,,,51,10,0.0,10,0,10,,,0.6,10,8.8,,,10,8.2,,,10,7.6,10,10.6,10,9.0,10,1715,10
2008-04-05T18:00+00:00,5917,6,0,301,10,307,10,2.4,10,4.7,10,984.0,10,,,53,10,0.0,10,0,10,,,0.0,10,8.7,,,10,8.3,,,10,7.6,10,9.7,10,6.4,10,1803,10
2008-04-05T19:00+00:00,5917,0,0,286,10,293,10,3.1,10,5.0,10,983.8,10,,,58,10,0.0,10,0,10,,,0.0,10,8.5,,,10,8.3,,,10,7.7,10,8.7,10,5.5,10,1918,10
2008-04-05T20:00+00:00,5917,0,0,278,10,292,10,2.1,10,3.5,10,983.2,10,,,63,10,0.0,10,0,10,,,0.0,10,8.4,,,10,8.3,,,10,7.7,10,7.8,10,4.2,10,2003,10
2008-04-05T21:00+00:00,5917,0,0,272,10,268,10,2.2,10,3.2,10,982.5,10,,,67,10,0.0,10,0,10,,,0.0,10,8.2,,,10,8.3,,,10,7.7,10,6.7,10,3.7,10,2134,10
2008-04-05T22:00+00:00,5917,0,0,267,10,238,10,2.1,10,3.5,10,982.1,10,,,71,10,0.0,10,0,10,,,0.0,10,8.0,,,10,8.2,,,10,7.8,10,5.8,10,2.7,10,2243,10
2008-04-05T23:00+00:00,5917,0,0,233,10,225,10,2.1,10,3.2,10,981.5,10,,,75,10,0.0,10,0,10,,,0.0,10,7.9,,,10,8.2,,,10,7.8,10,4.8,10,1.6,10,2308,10
2008-04-06T00:00+00:00,5917,0,0,200,10,221,10,1.8,10,2.7,10,980.9,10,,,85,10,0.0,10,0,10,,,0.0,10,7.6,,,10,8.1,,,10,7.8,10,2.2,10,-0.9,10,37,10
2008-04-06T01:00+00:00,5917,0,0,196,10,204,10,3.1,10,4.8,10,980.1,10,,,87,10,0.0,10,0,10,,,0.0,10,7.5,,,10,8.0,,,10,7.8,10,1.9,10,-1.1,10,148,10
2008-04-06T02:00+00:00,5917,0,0,219,10,226,10,2.4,10,3.9,10,979.2,10,,,88,10,0.0,10,0,10,,,0.0,10,7.3,,,10,7.9,,,10,7.8,10,1.9,10,-1.2,10,201,10
2008-04-06T03:00+00:00,5917,0,0,197,10,196,10,2.4,10,4.1,10,978.5,10,,,88,10,0.0,10,0,10,,,0.0,10,7.1,,,10,7.8,,,10,7.8,10,1.4,10,-2.1,10,337,10
2008-04-06T04:00+00:00,5917,0,0,196,10,200,10,2.2,10,3.3,10,978.1,10,,,88,10,0.0,10,0,10,,,0.0,10,6.9,,,10,7.7,,,10,7.8,10,0.6,10,-2.7,10,426,10
2008-04-06T05:00+00:00,5917,10,0,182,10,161,10,1.8,10,2.8,10,977.5,10,,,89,10,0.0,10,0,10,,,0.2,10,6.8,,,10,7.6,,,10,7.8,10,1.0,10,-3.5,10,538,10
2008-04-06T06:00+00:00,5917,114,0,216,10,202,10,1.6,10,2.8,10,977.5,10,,,87,10,0.0,10,0,10,,,0.9,10,6.7,,,10,7.5,,,10,7.8,10,2.7,10,-2.2,10,606,10
2008-04-06T07:00+00:00,5917,309,0,184,10,180,10,1.0,10,2.4,10,977.1,10,,,79,10,0.0,10,0,10,,,1.0,10,6.8,,,10,7.4,,,10,7.7,10,6.7,10,2.1,10,722,10
2008-04-06T08:00+00:00,5917,473,0,156,10,141,10,1.7,10,3.5,10,977.1,10,,,69,10,0.0,10,0,10,,,1.0,10,6.9,,,10,7.3,,,10,7.7,10,9.7,10,6.9,10,829,10
2008-04-06T09:00+00:00,5917,632,0,140,10,165,10,1.7,10,4.4,10,976.8,10,,,57,10,0.0,10,0,10,,,1.0,10,7.2,,,10,7.3,,,10,7.7,10,12.3,10,17.0,10,954,10
2008-04-06T10:00+00:00,5917,725,0,207,10,146,10,1.3,10,4.2,10,976.5,10,,,47,10,0.0,10,0,10,,,1.0,10,7.6,,,10,7.3,,,10,7.7,10,13.3,10,22.6,10,1007,10
2008-04-06T11:00+00:00,5917,731,0,302,10,321,10,1.6,10,6.5,10,976.3,10,,,48,10,0.0,10,0,10,,,1.0,10,8.1,,,10,7.4,,,10,7.6,10,13.6,10,24.4,10,1156,10
2008-04-06T12:00+00:00,5917,707,0,304,10,329,10,3.5,10,10.8,10,975.9,10,,,47,10,0.0,10,0,10,,,1.0,10,8.4,,,10,7.6,,,10,7.6,10,14.0,10,22.2,10,1203,10
2008-04-06T13:00+00:00,5917,499,0,324,10,316,10,3.2,10,7.9,10,975.8,10,,,46,10,0.0,10,0,10,,,0.8,10,8.7,,,10,7.8,,,10,7.6,10,14.0,10,18.2,10,1319,10
2008-04-06T14:00+00:00,5917,215,0,337,10,342,10,3.4,10,6.7,10,976.0,10,,,48,10,0.0,10,0,10,,,0.2,10,8.8,,,10,7.9,,,10,7.6,10,13.1,10,14.3,10,1404,10
2008-04-06T15:00+00:00,5917,166,0,335,10,331,10,3.8,10,7.7,10,976.2,10,,,56,10,0.0,10,14,10,,,0.0,10,8.9,,,10,8.1,,,10,7.6,10,12.4,10,13.4,10,1534,10
2008-04-06T16:00+00:00,5917,79,0,360,10,349,10,1.9,10,3.9,10,976.4,10,,,55,10,0.0,10,13,10,,,0.0,10,8.9,,,10,8.3,,,10,7.6,10,12.3,10,11.5,10,1601,10
2008-04-06T17:00+00:00,5917,52,0,43,10,22,10,1.2,10,3.3,10,976.5,10,,,56,10,0.0,10,0,10,,,0.0,10,8.9,,,10,8.4,,,10,7.6,10,11.8,10,8.8,10,1704,10
2008-04-06T18:00+00:00,5917,4,0,339,10,300,10,1.1,10,6.1,10,976.8,10,,,68,10,0.0,10,0,10,,,0.0,10,8.8,,,10,8.4,,,10,7.7,10,10.3,10,6.8,10,1858,10
2008-04-06T19:00+00:00,5917,0,0,299,10,297,10,4.6,10,8.9,10,977.5,10,,,84,10,0.0,10,0,10,,,0.0,10,8.7,,,10,8.5,,,10,7.7,10,8.2,10,7.8,10,1959,10
2008-04-06T20:00+00:00,5917,0,0,292,10,295,10,6.2,10,10.7,10,977.8,10,,,86,10,0.0,10,0,10,,,0.0,10,8.6,,,10,8.5,,,10,7.8,10,7.2,10,6.8,10,2041,10
2008-04-06T21:00+00:00,5917,0,0,294,10,301,10,5.5,10,10.1,10,977.6,10,,,91,10,0.0,10,4,10,,,0.0,10,8.5,,,10,8.4,,,10,7.8,10,6.5,10,5.7,10,2155,10
2008-04-06T22:00+00:00,5917,0,0,303,10,311,10,3.8,10,9.2,10,977.3,10,,,91,10,0.0,10,0,10,,,0.0,10,8.3,,,10,8.4,,,10,7.8,10,5.7,10,4.4,10,2203,10
2008-04-06T23:00+00:00,5917,0,0,306,10,307,10,2.8,10,6.7,10,977.1,10,,,94,10,0.0,10,0,10,,,0.0,10,8.2,,,10,8.3,,,10,7.8,10,5.0,10,3.4,10,2309,10
2008-04-07T00:00+00:00,5917,0,0,311,10,315,10,1.7,10,4.2,10,976.8,10,,,94,10,0.0,10,0,10,,,0.0,10,8.1,,,10,8.3,,,10,7.8,10,5.2,10,3.2,10,42,10
2008-04-07T01:00+00:00,5917,0,0,269,10,303,10,0.8,10,2.8,10,975.7,10,,,96,10,0.0,10,0,10,,,0.0,10,7.9,,,10,8.2,,,10,7.9,10,4.2,10,-1.8,10,101,10
2008-04-07T02:00+00:00,5917,0,0,234,10,233,10,1.1,10,1.9,10,975.2,10,,,96,10,0.0,10,0,10,,,0.0,10,7.7,,,10,8.2,,,10,7.9,10,4.1,10,-2.2,10,247,10
2008-04-07T03:00+00:00,5917,0,0,201,10,212,10,1.5,10,2.8,10,974.1,10,,,98,10,0.0,10,0,10,,,0.0,10,7.6,,,10,8.1,,,10,7.9,10,3.2,10,-0.6,10,319,10
2008-04-07T04:00+00:00,5917,0,0,181,10,223,10,1.7,10,3.3,10,973.3,10,,,98,10,0.0,10,0,10,,,0.0,10,7.4,,,10,8.0,,,10,7.9,10,2.8,10,0.0,10,438,10
2008-04-07T05:00+00:00,5917,1,0,187,10,182,10,1.8,10,3.5,10,973.7,10,,,96,10,0.0,10,0,10,,,0.0,10,7.4,,,10,7.9,,,10,7.9,10,3.5,10,2.2,10,515,10
2008-04-07T06:00+00:00,5917,61,0,121,10,84,10,1.2,10,2.9,10,973.1,10,,,96,10,0.0,10,0,10,,,0.0,10,7.3,,,10,7.8,,,10,7.9,10,4.2,10,3.1,10,649,10
2008-04-07T07:00+00:00,5917,52,0,119,10,134,10,3.3,10,6.4,10,972.6,10,,,95,10,0.0,10,0,10,,,0.0,10,7.3,,,10,7.7,,,10,7.9,10,5.7,10,5.2,10,746,10
2008-04-07T08:00+00:00,5917,54,0,151,10,146,10,2.7,10,8.0,10,974.0,10,,,88,10,0.0,10,0,10,,,0.0,10,7.4,,,10,7.7,,,10,7.8,10,6.1,10,6.3,10,812,10
2008-04-07T09:00+00:00,5917,34,0,280,10,288,10,5.3,10,9.6,10,974.7,10,,,86,10,0.1,10,32,10,,,0.0,10,7.3,,,10,7.6,,,10,7.8,10,5.5,10,4.6,10,911,10
2008-04-07T10:00+00:00,5917,169,0,278,10,283,10,5.3,10,10.8,10,975.5,10,,,75,10,0.0,10,0,10,,,0.0,10,7.4,,,10,7.6,,,10,7.8,10,7.5,10,5.1,10,1049,10
2008-04-07T11:00+00:00,5917,363,0,283,10,284,10,7.7,10,16.1,10,975.9,10,,,68,10,0.0,10,0,10,,,0.2,10,7.5,,,10,7.6,,,10,7.8,10,7.9,10,8.1,10,1150,10
2008-04-07T12:00+00:00,5917,893,0,282,10,292,10,9.8,10,17.6,10,976.6,10,,,58,10,0.0,10,0,10,,,1.0,10,7.7,,,10,7.6,,,10,7.8,10,9.5,10,10.9,10,1248,10
2008-04-07T13:00+00:00,5917,420,0,281,10,279,10,11.5,10,20.6,10,977.5,10,,,61,10,0.0,10,0,10,,,0.4,10,7.8,,,10,7.7,,,10,7.8,10,6.8,10,8.4,10,1356,10
2008-04-07T14:00+00:00,5917,220,0,279,10,291,10,12.9,10,21.1,10,978.9,10,,,53,10,0.0,10,0,10,,,0.0,10,7.8,,,10,7.7,,,10,7.8,10,6.6,10,7.8,10,1409,10
2008-04-07T15:00+00:00,5917,169,0,285,10,287,10,12.8,10,23.9,10,980.0,10,,,45,10,0.0,10,0,10,,,0.0,10,7.8,,,10,7.8,,,10,7.8,10,6.0,10,6.8,10,1548,10
2008-04-07T16:00+00:00,5917,84,0,288,10,274,10,11.0,10,20.1,10,981.0,10,,,46,10,0.0,10,0,10,,,0.0,10,7.7,,,10,7.8,,,10,7.8,10,6.0,10,5.9,10,1640,10
2008-04-07T17:00+00:00,5917,18,0,282,10,283,10,10.5,10,18.0,10,982.0,10,,,43,10,0.0,10,0,10,,,0.0,10,7.7,,,10,7.8,,,10,7.8,10,5.8,10,5.6,10,1716,10
2008-04-07T18:00+00:00,5917,3,0,288,10,295,10,8.2,10,17.6,10,983.0,10,,,45,10,0.0,10,0,10,,,0.0,10,7.6,,,10,7.8,,,10,7.8,10,5.5,10,4.9,10,1802,10
2008-04-07T19:00+00:00,5917,0,0,289,10,299,10,4.5,10,12.8,10,983.8,10,,,45,10,0.0,10,0,10,,,0.0,10,7.5,,,10,7.8,,,10,7.8,10,5.6,10,4.6,10,1938,10
2008-04-07T20:00+00:00,5917,0,0,299,10,310,10,2.1,10,6.0,10,984.0,10,,,47,10,0.0,10,0,10,,,0.0,10,7.4,,,10,7.8,,,10,7.8,10,5.3,10,4.0,10,2011,10
2008-04-07T21:00+00:00,5917,0,0,294,10,296,10,1.8,10,4.8,10,984.4,10,,,49,10,0.0,10,0,10,,,0.0,10,7.3,,,10,7.7,,,10,7.8,10,4.8,10,2.9,10,2106,10
2008-04-07T22:00+00:00,5917,0,0,305,10,306,10,1.6,10,3.7,10,984.5,10,,,50,10,0.0,10,0,10,,,0.0,10,7.2,,,10,7.6,,,10,7.8,10,4.6,10,2.6,10,2213,10
2008-04-07T23:00+00:00,5917,0,0,290,10,279,10,2.3,10,6.3,10,984.6,10,,,50,10,0.0,10,0,10,,,0.0,10,7.2,,,10,7.6,,,10,7.7,10,4.5,10,2.7,10,2323,10
2008-04-08T00:00+00:00,5917,0,0,289,10,291,10,2.1,10,4.3,10,984.9,10,,,52,10,0.0,10,0,10,,,0.0,10,7.1,,,10,7.5,,,10,7.7,10,4.3,10,2.7,10,15,10
2008-04-08T01:00+00:00,5917,0,0,275,10,258,10,1.9,10,4.5,10,984.8,10,,,52,10,0.0,10,0,10,,,0.0,10,7.0,,,10,7.5,,,10,7.7,10,4.4,10,2.0,10,121,10
2008-04-08T02:00+00:00,5917,0,0,267,10,253,10,1.8,10,4.5,10,984.9,10,,,52,10,0.0,10,0,10,,,0.0,10,6.9,,,10,7.5,,,10,7.7,10,4.5,10,2.6,10,239,10
2008-04-08T03:00+00:00,5917,0,0,302,10,322,10,0.6,10,1.8,10,985.1,10,,,54,10,0.0,10,0,10,,,0.0,10,6.9,,,10,7.4,,,10,7.7,10,4.0,10,1.0,10,318,10
2008-04-08T04:00+00:00,5917,0,0,338,10,346,10,0.3,10,2.6,10,985.2,10,,,55,10,0.0,10,0,10,,,0.0,10,6.8,,,10,7.4,,,10,7.7,10,4.0,10,1.2,10,434,10
2008-04-08T05:00+00:00,5917,7,0,62,10,344,10,0.3,10,2.2,10,985.2,10,,,55,10,0.0,10,0,10,,,0.0,10,6.7,,,10,7.3,,,10,7.7,10,4.1,10,1.0,10,506,10
2008-04-08T06:00+00:00,5917,54,0,117,10,140,10,1.0,10,2.8,10,985.3,10,,,60,10,0.0,10,0,10,,,0.0,10,6.7,,,10,7.2,,,10,7.6,10,4.6,10,2.3,10,647,10
2008-04-08T07:00+00:00,5917,131,0,102,10,96,10,2.2,10,4.1,10,985.3,10,,,58,10,0.0,10,0,10,,,0.0,10,6.8,,,10,7.2,,,10,7.6,10,5.7,10,5.6,10,739,10
2008-04-08T08:00+00:00,5917,274,0,121,10,136,10,3.2,10,5.8,10,984.6,10,,,54,10,0.0,10,0,10,,,0.3,10,6.9,,,10,7.2,,,10,7.6,10,7.6,10,8.5,10,850,10
2008-04-08T09:00+00:00,5917,639,0,140,10,134,10,5.5,10,10.8,10,984.1,10,,,50,10,0.0,10,0,10,,,1.0,10,7.1,,,10,7.2,,,10,7.6,10,9.5,10,11.9,10,956,10
2008-04-08T10:00+00:00,5917,734,0,156,10,151,10,7.8,10,13.5,10,983.8,10,,,50,10,0.0,10,0,10,,,1.0,10,7.3,,,10,7.2,,,10,7.6,10,10.8,10,16.2,10,1048,10
2008-04-08T11:00+00:00,5917,701,0,165,10,162,10,8.7,10,14.6,10,983.2,10,,,50,10,0.0,10,0,10,,,1.0,10,7.6,,,10,7.3,,,10,7.6,10,10.1,10,15.2,10,1149,10
2008-04-08T12:00+00:00,5917,594,0,154,10,135,10,8.5,10,14.7,10,982.6,10,,,48,10,0.0,10,0,10,,,0.8,10,7.8,,,10,7.4,,,10,7.5,10,11.2,10,13.9,10,1250,10
2008-04-08T13:00+00:00,5917,740,0,143,10,148,10,9.1,10,14.9,10,982.0,10,,,48,10,0.0,10,0,10,,,1.0,10,8.1,,,10,7.5,,,10,7.5,10,11.5,10,17.8,10,1336,10
2008-04-08T14:00+00:00,5917,608,0,140,10,142,10,8.7,10,14.0,10,981.5,10,,,49,10,0.0,10,0,10,,,1.0,10,8.3,,,10,7.7,,,10,7.5,10,11.6,10,16.6,10,1445,10
2008-04-08T15:00+00:00,5917,428,0,137,10,137,10,8.5,10,13.0,10,981.5,10,,,53,10,0.0,10,0,10,,,1.0,10,8.4,,,10,7.8,,,10,7.5,10,10.5,10,13.3,10,1509,10
2008-04-08T16:00+00:00,5917,152,0,132,10,138,10,7.8,10,11.8,10,981.2,10,,,58,10,0.0,10,0,10,,,0.4,10,8.5,,,10,7.9,,,10,7.5,10,9.4,10,10.1,10,1653,10
2008-04-08T17:00+00:00,5917,61,0,129,10,135,10,6.5,10,11.1,10,980.8,10,,,60,10,0.0,10,0,10,,,0.0,10,8.5,,,10,8.0,,,10,7.6,10,8.7,10,8.3,10,1702,10
2008-04-08T18:00+00:00,5917,4,0,129,10,142,10,5.6,10,9.3,10,980.8,10,,,63,10,0.0,10,0,10,,,0.0,10,8.4,,,10,8.1,,,10,7.6,10,8.0,10,7.2,10,1816,10
2008-04-08T19:00+00:00,5917,0,0,133,10,137,10,5.6,10,9.8,10,980.9,10,,,66,10,0.0,10,0,10,,,0.0,10,8.3,,,10,8.1,,,10,7.6,10,7.4,10,6.1,10,1912,10
2008-04-08T20:00+00:00,5917,0,0,125,10,118,10,3.8,10,7.4,10,980.3,10,,,70,10,0.0,10,0,10,,,0.0,10,8.2,,,10,8.1,,,10,7.6,10,6.8,10,4.7,10,2001,10
2008-04-08T21:00+00:00,5917,0,0,123,10,126,10,3.4,10,5.4,10,980.0,10,,,74,10,0.0,10,0,10,,,0.0,10,8.0,,,10,8.1,,,10,7.7,10,6.4,10,3.4,10,2145,10
2008-04-08T22:00+00:00,5917,0,0,125,10,136,10,3.6,10,5.5,10,979.9,10,,,78,10,0.0,10,0,10,,,0.0,10,7.9,,,10,8.0,,,10,7.7,10,6.1,10,3.3,10,2259,10
2008-04-08T23:00+00:00,5917,0,0,126,10,135,10,2.7,10,5.4,10,980.1,10,,,80,10,0.0,10,0,10,,,0.0,10,7.7,,,10,8.0,,,10,7.7,10,5.8,10,1.4,10,2316,10
2008-04-09T00:00+00:00,5917,0,0,68,10,69,10,1.8,10,3.3,10,979.9,10,,,84,10,0.0,10,0,10,,,0.0,10,7.6,,,10,7.9,,,10,7.7,10,5.0,10,-0.1,10,44,10
2008-04-09T01:00+00:00,5917,0,0,68,10,68,10,1.3,10,2.8,10,979.8,10,,,90,10,0.0,10,0,10,,,0.0,10,7.4,,,10,7.9,,,10,7.7,10,4.1,10,-1.9,10,114,10
2008-04-09T02:00+00:00,5917,0,0,333,10,304,10,1.1,10,3.7,10,979.9,10,,,94,10,0.0,10,0,10,,,0.0,10,7.2,,,10,7.8,,,10,7.7,10,2.9,10,-2.2,10,252,10
2008-04-09T03:00+00:00,5917,0,0,309,10,308,10,2.2,10,3.6,10,979.5,10,,,90,10,0.0,10,0,10,,,0.0,10,7.1,,,10,7.7,,,10,7.7,10,3.7,10,0.4,10,301,10
2008-04-09T04:00+00:00,5917,0,0,312,10,301,10,2.2,10,4.0,10,979.5,10,,,91,10,0.0,10,0,10,,,0.0,10,7.0,,,10,7.6,,,10,7.7,10,3.3,10,-0.6,10,410,10
2008-04-09T05:00+00:00,5917,21,0,322,10,316,10,1.2,10,2.6,10,979.5,10,,,88,10,0.0,10,0,10,,,0.3,10,6.9,,,10,7.5,,,10,7.7,10,4.3,10,-1.9,10,530,10
2008-04-09T06:00+00:00,5917,133,0,323,10,304,10,0.4,10,1.7,10,980.1,10,,,83,10,0.0,10,0,10,,,0.9,10,6.9,,,10,7.5,,,10,7.7,10,6.4,10,0.4,10,619,10
2008-04-09T07:00+00:00,5917,312,0,1,10,310,10,0.8,10,2.6,10,980.3,10,,,79,10,0.0,10,0,10,,,1.0,10,7.0,,,10,7.4,,,10,7.7,10,7.6,10,4.9,10,756,10
2008-04-09T08:00+00:00,5917,484,0,110,10,102,10,0.4,10,4.3,10,979.8,10,,,73,10,0.0,10,0,10,,,1.0,10,7.2,,,10,7.4,,,10,7.7,10,9.8,10,9.0,10,845,10
2008-04-09T09:00+00:00,5917,633,0,121,10,117,10,2.1,10,5.3,10,979.7,10,,,72,10,0.0,10,0,10,,,1.0,10,7.4,,,10,7.4,,,10,7.7,10,10.9,10,17.3,10,959,10
2008-04-09T10:00+00:00,5917,742,0,141,10,166,10,2.7,10,5.3,10,978.5,10,,,66,10,0.0,10,0,10,,,1.0,10,7.8,,,10,7.4,,,10,7.6,10,12.4,10,21.7,10,1057,10
2008-04-09T11:00+00:00,5917,788,0,137,10,79,10,3.6,10,11.8,10,977.6,10,,,62,10,0.0,10,0,10,,,1.0,10,8.2,,,10,7.5,,,10,7.6,10,14.6,10,24.3,10,1149,10
2008-04-09T12:00+00:00,5917,788,0,143,10,152,10,5.1,10,9.1,10,976.6,10,,,61,10,0.0,10,0,10,,,1.0,10,8.7,,,10,7.7,,,10,7.6,10,16.0,10,24.9,10,1248,10
2008-04-09T13:00+00:00,5917,706,0,135,10,139,10,5.2,10,10.0,10,976.2,10,,,58,10,0.0,10,0,10,,,1.0,10,9.1,,,10,7.9,,,10,7.6,10,17.6,10,25.6,10,1353,10
2008-04-09T14:00+00:00,5917,601,0,133,10,136,10,7.3,10,11.8,10,974.5,10,,,52,10,0.0,10,0,10,,,1.0,10,9.4,,,10,8.1,,,10,7.6,10,19.3,10,25.0,10,1453,10
2008-04-09T15:00+00:00,5917,395,0,150,10,167,10,7.8,10,13.3,10,973.3,10,,,50,10,0.0,10,0,10,,,1.0,10,9.7,,,10,8.4,,,10,7.6,10,19.4,10,21.8,10,1522,10
2008-04-09T16:00+00:00,5917,145,0,150,10,144,10,8.3,10,12.6,10,972.9,10,,,53,10,0.0,10,0,10,,,0.2,10,9.8,,,10,8.6,,,10,7.7,10,18.2,10,18.1,10,1620,10
2008-04-09T17:00+00:00,5917,51,0,150,10,159,10,7.5,10,12.8,10,972.7,10,,,55,10,0.0,10,0,10,,,0.0,10,9.8,,,10,8.7,,,10,7.7,10,17.2,10,16.4,10,1723,10
2008-04-09T18:00+00:00,5917,4,0,149,10,149,10,6.6,10,11.9,10,972.2,10,,,54,10,0.0,10,0,10,,,0.0,10,9.8,,,10,8.9,,,10,7.8,10,16.2,10,15.1,10,1853,10
2008-04-09T19:00+00:00,5917,0,0,140,10,150,10,5.1,10,10.4,10,972.2,10,,,57,10,0.0,10,0,10,,,0.0,10,9.8,,,10,8.9,,,10,7.8,10,15.1,10,13.7,10,2000,10
2008-04-09T20:00+00:00,5917,0,0,182,10,204,10,5.6,10,11.0,10,972.2,10,,,56,10,0.0,10,0,10,,,0.0,10,9.7,,,10,9.0,,,10,7.8,10,14.9,10,13.6,10,2034,10
2008-04-09T21:00+00:00,5917,0,0,177,10,199,10,4.7,10,9.6,10,972.2,10,,,62,10,0.0,10,0,10,,,0.0,10,9.6,,,10,9.0,,,10,7.9,10,13.0,10,11.6,10,2102,10
2008-04-09T22:00+00:00,5917,0,0,173,10,168,10,3.7,10,5.3,10,972.3,10,,,69,10,0.0,10,0,10,,,0.0,10,9.4,,,10,9.0,,,10,7.9,10,11.8,10,8.9,10,2201,10
2008-04-09T23:00+00:00,5917,0,0,187,10,184,10,3.7,10,6.4,10,972.3,10,,,67,10,0.0,10,0,10,,,0.0,10,9.3,,,10,9.0,,,10,8.0,10,12.3,10,8.3,10,2340,10
2008-04-10T00:00+00:00,5917,0,0,199,10,205,10,2.9,10,5.3,10,972.5,10,,,68,10,0.0,10,0,10,,,0.0,10,9.2,,,10,8.9,,,10,8.0,10,11.9,10,8.6,10,6,10
2008-04-10T01:00+00:00,5917,0,0,213,10,211,10,2.6,10,3.8,10,972.9,10,,,69,10,0.0,10,0,10,,,0.0,10,9.1,,,10,8.9,,,10,8.0,10,11.6,10,9.1,10,151,10
2008-04-10T02:00+00:00,5917,0,0,258,10,211,10,0.9,10,3.8,10,973.1,10,,,71,10,0.0,10,0,10,,,0.0,10,9.0,,,10,8.9,,,10,8.1,10,11.1,10,4.8,10,210,10
2008-04-10T03:00+00:00,5917,0,0,83,10,113,10,1.4,10,3.2,10,973.6,10,,,77,10,0.0,10,0,10,,,0.0,10,8.8,,,10,8.8,,,10,8.1,10,9.5,10,3.2,10,340,10
2008-04-10T04:00+00:00,5917,0,0,351,10,12,10,1.5,10,3.7,10,973.7,10,,,85,10,0.0,10,0,10,,,0.0,10,8.6,,,10,8.7,,,10,8.1,10,8.8,10,2.3,10,453,10
2008-04-10T05:00+00:00,5917,30,0,360,10,21,10,1.7,10,3.5,10,974.5,10,,,89,10,0.0,10,0,10,,,0.4,10,8.5,,,10,8.7,,,10,8.1,10,8.5,10,3.4,10,517,10
2008-04-10T06:00+00:00,5917,124,0,23,10,34,10,2.4,10,3.9,10,975.1,10,,,84,10,0.0,10,0,10,,,0.7,10,8.5,,,10,8.6,,,10,8.2,10,10.6,10,6.2,10,634,10
2008-04-10T07:00+00:00,5917,313,0,47,10,43,10,0.7,10,3.4,10,975.4,10,,,72,10,0.0,10,0,10,,,1.0,10,8.6,,,10,8.6,,,10,8.2,10,14.7,10,10.7,10,705,10
2008-04-10T08:00+00:00,5917,494,0,52,10,58,10,0.5,10,2.6,10,975.6,10,,,61,10,0.0,10,0,10,,,1.0,10,8.7,,,10,8.5,,,10,8.2,10,16.7,10,14.0,10,810,10
2008-04-10T09:00+00:00,5917,539,0,348,10,336,10,1.4,10,5.1,10,975.8,10,,,54,10,0.0,10,0,10,,,0.9,10,9.0,,,10,8.5,,,10,8.2,10,18.0,10,23.3,10,920,10
2008-04-10T10:00+00:00,5917,598,0,70,10,52,10,2.0,10,4.3,10,975.6,10,,,53,10,0.0,10,0,10,,,0.9,10,9.4,,,10,8.6,,,10,8.2,10,18.6,10,24.5,10,1032,10
2008-04-10T11:00+00:00,5917,673,0,95,10,124,10,2.2,10,5.4,10,975.8,10,,,49,10,0.0,10,0,10,,,0.9,10,9.8,,,10,8.7,,,10,8.2,10,19.5,10,28.1,10,1155,10
2008-04-10T12:00+00:00,5917,749,0,128,10,140,10,3.6,10,9.6,10,975.2,10,,,49,10,0.0,10,1,10,,,1.0,10,10.3,,,10,8.9,,,10,8.2,10,19.6,10,29.0,10,1250,10
2008-04-10T13:00+00:00,5917,556,0,113,10,141,10,4.6,10,8.2,10,974.9,10,,,51,10,0.0,10,0,10,,,1.0,10,10.6,,,10,9.1,,,10,8.2,10,20.1,10,26.0,10,1356,10
2008-04-10T14:00+00:00,5917,619,0,126,10,114,10,4.6,10,8.9,10,974.6,10,,,47,10,0.0,10,0,10,,,1.0,10,10.9,,,10,9.3,,,10,8.2,10,20.6,10,27.6,10,1432,10
2008-04-10T15:00+00:00,5917,439,0,131,10,140,10,4.3,10,8.3,10,974.0,10,,,47,10,0.0,10,0,10,,,1.0,10,11.1,,,10,9.5,,,10,8.2,10,20.6,10,23.7,10,1541,10
2008-04-10T16:00+00:00,5917,313,0,119,10,122,10,5.1,10,10.0,10,973.6,10,,,48,10,0.0,10,0,10,,,1.0,10,11.2,,,10,9.7,,,10,8.3,10,20.9,10,23.5,10,1657,10
2008-04-10T17:00+00:00,5917,104,0,123,10,141,10,5.7,10,9.1,10,973.4,10,,,53,10,0.0,10,0,10,,,1.0,10,11.2,,,10,9.8,,,10,8.3,10,19.5,10,18.6,10,1717,10
2008-04-10T18:00+00:00,5917,12,0,131,10,138,10,5.9,10,9.3,10,973.3,10,,,61,10,0.0,10,0,10,,,0.0,10,11.2,,,10,10.0,,,10,8.3,10,17.6,10,15.8,10,1827,10
2008-04-10T19:00+00:00,5917,0,0,130,10,138,10,5.4,10,9.2,10,973.6,10,,,68,10,0.0,10,0,10,,,0.0,10,11.0,,,10,10.0,,,10,8.4,10,16.1,10,14.1,10,1904,10
2008-04-10T20:00+00:00,5917,0,0,133,10,141,10,4.5,10,7.2,10,974.0,10,,,76,10,0.0,10,0,10,,,0.0,10,10.9,,,10,10.0,,,10,8.5,10,14.7,10,12.5,10,2012,10
2008-04-10T21:00+00:00,5917,0,0,127,10,143,10,3.8,10,6.1,10,973.5,10,,,80,10,0.0,10,0,10,,,0.0,10,10.7,,,10,10.0,,,10,8.5,10,13.8,10,11.1,10,2104,10
2008-04-10T22:00+00:00,5917,0,0,134,10,141,10,3.6,10,5.9,10,973.3,10,,,85,10,0.0,10,0,10,,,0.0,10,10.5,,,10,10.0,,,10,8.6,10,12.7,10,10.4,10,2232,10
2008-04-10T23:00+00:00,5917,0,0,136,10,130,10,4.5,10,7.0,10,973.0,10,,,87,10,0.0,10,0,10,,,0.0,10,10.4,,,10,10.0,,,10,8.6,10,12.2,10,10.3,10,2351,10
2008-04-11T00:00+00:00,5917,0,0,139,10,146,10,3.6,10,5.9,10,973.1,10,,,89,10,0.0,10,0,10,,,0.0,10,10.3,,,10,9.9,,,10,8.7,10,11.1,10,8.6,10,100,10
2008-04-11T01:00+00:00,5917,0,0,214,10,199,10,1.0,10,2.3,10,972.7,10,,,89,10,0.0,10,0,10,,,0.0,10,10.0,,,10,9.8,,,10,8.7,10,10.9,10,3.9,10,148,10
2008-04-11T02:00+00:00,5917,0,0,237,10,264,10,1.1,10,2.7,10,972.6,10,,,92,10,0.0,10,0,10,,,0.0,10,9.8,,,10,9.8,,,10,8.7,10,10.5,10,3.2,10,259,10
2008-04-11T03:00+00:00,5917,0,0,294,10,292,10,1.9,10,3.1,10,972.7,10,,,96,10,0.0,10,0,10,,,0.0,10,9.7,,,10,9.7,,,10,8.7,10,9.5,10,4.1,10,316,10
2008-04-11T04:00+00:00,5917,0,0,15,10,351,10,1.5,10,3.3,10,973.2,10,,,96,10,0.0,10,0,10,,,0.0,10,9.5,,,10,9.6,,,10,8.8,10,8.6,10,3.2,10,419,10
2008-04-11T05:00+00:00,5917,21,0,341,10,322,10,1.6,10,2.9,10,973.5,10,,,97,10,0.0,10,0,10,,,0.5,10,9.4,,,10,9.6,,,10,8.8,10,9.7,10,2.6,10,556,10
2008-04-11T06:00+00:00,5917,142,0,336,10,301,10,1.0,10,2.9,10,974.2,10,,,86,10,0.0,10,0,10,,,1.0,10,9.4,,,10,9.4,,,10,8.8,10,13.3,10,6.7,10,615,10
2008-04-11T07:00+00:00,5917,333,0,59,10,89,10,1.1,10,2.6,10,974.8,10,,,77,10,0.0,10,0,10,,,1.0,10,9.5,,,10,9.4,,,10,8.8,10,15.5,10,12.2,10,738,10
2008-04-11T08:00+00:00,5917,503,0,38,10,72,10,1.3,10,3.3,10,975.4,10,,,69,10,0.0,10,0,10,,,1.0,10,9.7,,,10,9.3,,,10,8.8,10,16.6,10,14.6,10,813,10
2008-04-11T09:00+00:00,5917,650,0,46,10,36,10,1.7,10,4.6,10,975.5,10,,,62,10,0.0,10,0,10,,,1.0,10,9.9,,,10,9.4,,,10,8.8,10,18.3,10,24.6,10,935,10
2008-04-11T10:00+00:00,5917,752,0,82,10,68,10,2.0,10,4.6,10,975.4,10,,,54,10,0.0,10,0,10,,,1.0,10,10.3,,,10,9.4,,,10,8.8,10,20.1,10,30.5,10,1053,10
2008-04-11T11:00+00:00,5917,728,0,104,10,116,10,1.8,10,5.0,10,975.2,10,,,44,10,0.0,10,0,10,,,1.0,10,10.8,,,10,9.5,,,10,8.8,10,21.2,10,31.9,10,1149,10
2008-04-11T12:00+00:00,5917,710,0,120,10,135,10,3.2,10,6.4,10,974.5,10,,,45,10,0.0,10,0,10,,,1.0,10,11.2,,,10,9.7,,,10,8.8,10,22.8,10,29.5,10,1242,10
2008-04-11T13:00+00:00,5917,645,0,109,10,133,10,3.4,10,7.5,10,974.0,10,,,42,10,0.0,10,0,10,,,1.0,10,11.7,,,10,9.9,,,10,8.8,10,23.5,10,32.9,10,1351,10
2008-04-11T14:00+00:00,5917,380,0,116,10,122,10,3.8,10,8.0,10,973.3,10,,,46,10,0.0,10,0,10,,,0.5,10,11.9,,,10,10.2,,,10,8.8,10,22.6,10,24.0,10,1409,10
2008-04-11T15:00+00:00,5917,359,0,173,10,209,10,5.2,10,11.2,10,973.0,10,,,44,10,0.0,10,0,10,,,0.8,10,12.1,,,10,10.4,,,10,8.9,10,23.2,10,23.1,10,1547,10
2008-04-11T16:00+00:00,5917,122,0,172,10,176,10,6.3,10,10.9,10,972.9,10,,,48,10,0.0,10,0,10,,,0.3,10,12.1,,,10,10.5,,,10,8.9,10,21.1,10,21.0,10,1700,10
2008-04-11T17:00+00:00,5917,57,0,168,10,167,10,6.8,10,11.3,10,972.6,10,,,50,10,0.0,10,0,10,,,0.3,10,12.1,,,10,10.7,,,10,8.9,10,20.1,10,19.0,10,1758,10
2008-04-11T18:00+00:00,5917,6,0,178,10,181,10,7.3,10,13.6,10,972.6,10,,,53,10,0.0,10,0,10,,,0.0,10,11.9,,,10,10.8,,,10,9.0,10,19.0,10,17.3,10,1804,10
2008-04-11T19:00+00:00,5917,0,0,176,10,190,10,6.5,10,10.6,10,972.6,10,,,61,10,0.0,10,0,10,,,0.0,10,11.8,,,10,10.8,,,10,9.0,10,17.4,10,15.7,10,1905,10
2008-04-11T20:00+00:00,5917,0,0,175,10,165,10,7.2,10,11.2,10,972.6,10,,,66,10,0.0,10,0,10,,,0.0,10,11.7,,,10,10.8,,,10,9.1,10,16.9,10,15.3,10,2039,10
2008-04-11T21:00+00:00,5917,0,0,178,10,174,10,4.6,10,9.2,10,973.0,10,,,71,10,0.0,10,0,10,,,0.0,10,11.5,,,10,10.8,,,10,9.2,10,15.1,10,11.9,10,2106,10
2008-04-11T22:00+00:00,5917,0,0,173,10,177,10,3.7,10,6.2,10,973.2,10,,,76,10,0.0,10,0,10,,,0.0,10,11.3,,,10,10.8,,,10,9.2,10,13.5,10,10.2,10,2232,10
2008-04-11T23:00+00:00,5917,0,0,170,10,167,10,3.5,10,5.7,10,973.5,10,,,76,10,0.0,10,0,10,,,0.0,10,11.1,,,10,10.7,,,10,9.2,10,14.1,10,9.7,10,2328,10
2008-04-12T00:00+00:00,5917,0,0,263,10,287,10,2.8,10,15.1,10,975.3,10,,,64,10,0.0,10,0,10,,,0.0,10,11.0,,,10,10.7,,,10,9.3,10,16.1,10,10.8,10,48,10
2008-04-12T01:00+00:00,5917,0,0,276,10,261,10,11.1,10,22.1,10,976.2,10,,,70,10,0.0,10,0,10,,,0.0,10,10.9,,,10,10.6,,,10,9.3,10,12.9,10,12.1,10,132,10
2008-04-12T02:00+00:00,5917,0,0,277,10,286,10,13.7,10,24.5,10,977.7,10,,,70,10,0.0,10,0,10,,,0.0,10,10.8,,,10,10.5,,,10,9.3,10,11.9,10,11.6,10,223,10
2008-04-12T03:00+00:00,5917,0,0,273,10,275,10,13.2,10,24.1,10,979.1,10,,,71,10,0.0,10,5,10,,,0.0,10,10.7,,,10,10.5,,,10,9.3,10,9.9,10,8.9,10,305,10
2008-04-12T04:00+00:00,5917,0,0,275,10,294,10,11.7,10,21.0,10,981.3,10,,,70,10,0.0,10,4,10,,,0.0,10,10.5,,,10,10.4,,,10,9.3,10,9.9,10,8.5,10,454,10
2008-04-12T05:00+00:00,5917,13,0,275,10,288,10,12.3,10,22.5,10,982.2,10,,,70,10,0.0,10,0,10,,,0.0,10,10.4,,,10,10.3,,,10,9.3,10,9.3,10,8.8,10,522,10
2008-04-12T06:00+00:00,5917,148,0,284,10,294,10,10.1,10,19.4,10,983.8,10,,,71,10,0.0,10,0,10,,,0.3,10,10.3,,,10,10.3,,,10,9.4,10,9.9,10,9.1,10,610,10
2008-04-12T07:00+00:00,5917,196,0,285,10,301,10,7.5,10,15.2,10,985.4,10,,,70,10,0.0,10,0,10,,,0.2,10,10.3,,,10,10.2,,,10,9.4,10,9.8,10,10.5,10,752,10
2008-04-12T08:00+00:00,5917,218,0,293,10,302,10,8.1,10,16.0,10,985.8,10,,,68,10,0.0,10,0,10,,,0.1,10,10.2,,,10,10.1,,,10,9.4,10,10.0,10,11.0,10,855,10
2008-04-12T09:00+00:00,5917,360,0,294,10,309,10,7.2,10,14.8,10,986.2,10,,,67,10,0.0,10,0,10,,,0.1,10,10.3,,,10,10.1,,,10,9.4,10,11.3,10,11.5,10,913,10
2008-04-12T10:00+00:00,5917,481,0,307,10,296,10,6.4,10,13.0,10,985.8,10,,,61,10,0.0,10,0,10,,,0.4,10,10.3,,,10,10.1,,,10,9.4,10,11.5,10,13.9,10,1005,10
2008-04-12T11:00+00:00,5917,408,0,309,10,299,10,5.7,10,14.5,10,985.2,10,,,57,10,0.0,10,0,10,,,0.3,10,10.4,,,10,10.1,,,10,9.4,10,12.2,10,12.9,10,1158,10
2008-04-12T12:00+00:00,5917,375,0,323,10,338,10,6.2,10,13.0,10,985.7,10,,,57,10,0.0,10,0,10,,,0.3,10,10.5,,,10,10.1,,,10,9.4,10,12.1,10,13.4,10,1217,10
2008-04-12T13:00+00:00,5917,472,0,335,10,349,10,7.1,10,13.5,10,985.6,10,,,52,10,0.0,10,0,10,,,0.5,10,10.6,,,10,10.1,,,10,9.4,10,12.8,10,14.4,10,1342,10
2008-04-12T14:00+00:00,5917,188,0,311,10,335,10,4.0,10,9.5,10,985.7,10,,,58,10,0.0,10,0,10,,,0.0,10,10.6,,,10,10.1,,,10,9.4,10,12.7,10,13.6,10,1406,10
2008-04-12T15:00+00:00,5917,104,0,312,10,346,10,2.9,10,8.9,10,985.7,10,,,56,10,0.0,10,0,10,,,0.0,10,10.6,,,10,10.2,,,10,9.4,10,12.8,10,12.8,10,1544,10
2008-04-12T16:00+00:00,5917,39,0,297,10,303,10,4.0,10,7.8,10,985.9,10,,,56,10,0.0,10,0,10,,,0.0,10,10.6,,,10,10.2,,,10,9.4,10,12.4,10,11.9,10,1612,10
2008-04-12T17:00+00:00,5917,52,0,291,10,296,10,4.6,10,8.6,10,985.7,10,,,57,10,0.0,10,0,10,,,0.0,10,10.5,,,10,10.2,,,10,9.4,10,11.8,10,10.5,10,1721,10
2008-04-12T18:00+00:00,5917,13,0,297,10,319,10,3.7,10,6.3,10,985.9,10,,,59,10,0.0,10,0,10,,,0.0,10,10.4,,,10,10.2,,,10,9.4,10,10.9,10,8.5,10,1817,10
2008-04-12T19:00+00:00,5917,0,0,292,10,296,10,3.4,10,5.9,10,987.0,10,,,62,10,0.0,10,0,10,,,0.0,10,10.3,,,10,10.2,,,10,9.4,10,10.0,10,6.7,10,1904,10
2008-04-12T20:00+00:00,5917,0,0,281,10,285,10,3.6,10,6.8,10,987.8,10,,,65,10,0.0,10,0,10,,,0.0,10,10.1,,,10,10.1,,,10,9.4,10,9.6,10,6.7,10,2050,10
2008-04-12T21:00+00:00,5917,0,0,289,10,282,10,4.8,10,9.1,10,987.8,10,,,66,10,0.0,10,0,10,,,0.0,10,10.0,,,10,10.1,,,10,9.4,10,9.8,10,7.6,10,2128,10
2008-04-12T22:00+00:00,5917,0,0,285,10,297,10,5.2,10,10.0,10,988.2,10,,,67,10,0.0,10,0,10,,,0.0,10,9.9,,,10,10.0,,,10,9.4,10,9.4,10,7.8,10,2234,10
2008-04-12T23:00+00:00,5917,0,0,285,10,289,10,5.1,10,9.0,10,988.8,10,,,68,10,0.0,10,0,10,,,0.0,10,9.8,,,10,10.0,,,10,9.4,10,9.0,10,7.1,10,2356,10
2008-04-13T00:00+00:00,5917,0,0,285,10,283,10,5.2,10,8.9,10,988.9,10,,,69,10,0.0,10,0,10,,,0.0,10,9.7,,,10,9.9,,,10,9.4,10,9.2,10,6.8,10,6,10
2008-04-13T01:00+00:00,5917,0,0,283,10,290,10,5.0,10,8.6,10,989.2,10,,,69,10,0.0,10,0,10,,,0.0,10,9.6,,,10,9.8,,,10,9.4,10,9.2,10,6.8,10,150,10
2008-04-13T02:00+00:00,5917,0,0,284,10,287,10,4.4,10,8.2,10,989.6,10,,,72,10,0.0,10,0,10,,,0.0,10,9.5,,,10,9.7,,,10,9.4,10,8.1,10,5.9,10,215,10
2008-04-13T03:00+00:00,5917,0,0,281,10,282,10,4.0,10,6.6,10,990.1,10,,,72,10,0.0,10,0,10,,,0.0,10,9.4,,,10,9.7,,,10,9.4,10,7.8,10,5.4,10,354,10
2008-04-13T04:00+00:00,5917,0,0,281,10,283,10,4.2,10,6.6,10,990.7,10,,,73,10,0.0,10,0,10,,,0.0,10,9.3,,,10,9.6,,,10,9.4,10,7.5,10,5.4,10,423,10
2008-04-13T05:00+00:00,5917,34,0,289,10,285,10,3.8,10,6.4,10,991.3,10,,,72,10,0.0,10,0,10,,,0.1,10,9.2,,,10,9.5,,,10,9.4,10,8.5,10,5.3,10,554,10
2008-04-13T06:00+00:00,5917,102,0,288,10,292,10,3.8,10,7.4,10,992.0,10,,,68,10,0.0,10,0,10,,,0.3,10,9.2,,,10,9.5,,,10,9.3,10,9.3,10,7.7,10,619,10
2008-04-13T07:00+00:00,5917,108,0,285,10,290,10,3.9,10,7.4,10,992.4,10,,,69,10,0.0,10,0,10,,,0.2,10,9.2,,,10,9.4,,,10,9.3,10,9.6,10,8.3,10,703,10
2008-04-13T08:00+00:00,5917,345,0,292,10,304,10,3.2,10,6.9,10,992.9,10,,,59,10,0.0,10,0,10,,,0.8,10,9.3,,,10,9.4,,,10,9.3,10,12.4,10,9.0,10,828,10
2008-04-13T09:00+00:00,5917,395,0,292,10,301,10,2.5,10,5.5,10,993.2,10,,,54,10,0.0,10,0,10,,,0.8,10,9.4,,,10,9.4,,,10,9.3,10,13.4,10,14.4,10,1000,10
2008-04-13T10:00+00:00,5917,650,0,278,10,300,10,1.7,10,5.0,10,993.0,10,,,45,10,0.0,10,0,10,,,0.9,10,9.7,,,10,9.4,,,10,9.3,10,14.5,10,21.1,10,1054,10
2008-04-13T11:00+00:00,5917,261,0,294,10,295,10,1.4,10,5.0,10,992.9,10,,,46,10,0.0,10,0,10,,,0.1,10,9.9,,,10,9.4,,,10,9.3,10,14.3,10,15.1,10,1120,10
2008-04-13T12:00+00:00,5917,633,0,159,10,185,10,0.2,10,4.2,10,992.4,10,,,40,10,0.0,10,0,10,,,0.7,10,10.2,,,10,9.5,,,10,9.2,10,15.7,10,19.5,10,1228,10
2008-04-13T13:00+00:00,5917,556,0,240,10,200,10,1.0,10,4.1,10,992.1,10,,,40,10,0.0,10,0,10,,,0.6,10,10.6,,,10,9.6,,,10,9.2,10,15.8,10,20.6,10,1320,10
2008-04-13T14:00+00:00,5917,260,0,184,10,161,10,2.4,10,4.8,10,991.8,10,,,41,10,0.0,10,0,10,,,0.0,10,10.7,,,10,9.8,,,10,9.2,10,15.8,10,19.2,10,1431,10
2008-04-13T15:00+00:00,5917,241,0,193,10,206,10,2.7,10,5.4,10,991.5,10,,,42,10,0.0,10,0,10,,,0.1,10,10.8,,,10,9.9,,,10,9.2,10,15.7,10,18.3,10,1530,10
2008-04-13T16:00+00:00,5917,184,0,182,10,151,10,1.8,10,4.1,10,991.4,10,,,47,10,0.0,10,0,10,,,0.4,10,10.9,,,10,10.0,,,10,9.2,10,14.6,10,14.8,10,1614,10
2008-04-13T17:00+00:00,5917,107,0,151,10,150,10,2.6,10,4.3,10,991.4,10,,,51,10,0.0,10,0,10,,,0.2,10,10.8,,,10,10.1,,,10,9.3,10,13.7,10,12.1,10,1724,10
2008-04-13T18:00+00:00,5917,16,0,155,10,159,10,2.6,10,4.0,10,991.4,10,,,55,10,0.0,10,0,10,,,0.1,10,10.7,,,10,10.2,,,10,9.3,10,12.2,10,8.0,10,1815,10
2008-04-13T19:00+00:00,5917,0,0,142,10,144,10,2.9,10,4.7,10,992.0,10,,,58,10,0.0,10,0,10,,,0.0,10,10.5,,,10,10.2,,,10,9.3,10,11.4,10,7.0,10,1936,10
2008-04-13T20:00+00:00,5917,0,0,139,10,150,10,3.5,10,5.5,10,992.0,10,,,63,10,0.0,10,0,10,,,0.0,10,10.3,,,10,10.2,,,10,9.3,10,9.8,10,6.1,10,2038,10
2008-04-13T21:00+00:00,5917,0,0,178,10,145,10,2.2,10,4.4,10,992.0,10,,,69,10,0.0,10,0,10,,,0.0,10,10.1,,,10,10.1,,,10,9.3,10,8.4,10,2.6,10,2101,10
2008-04-13T22:00+00:00,5917,0,0,169,10,188,10,2.6,10,4.2,10,991.9,10,,,72,10,0.0,10,0,10,,,0.0,10,9.9,,,10,10.1,,,10,9.4,10,8.2,10,2.5,10,2252,10
2008-04-13T23:00+00:00,5917,0,0,188,10,200,10,1.7,10,4.0,10,991.9,10,,,76,10,0.0,10,0,10,,,0.0,10,9.7,,,10,10.0,,,10,9.4,10,6.8,10,-0.2,10,2303,10
2008-04-14T00:00+00:00,5917,0,0,189,10,191,10,1.4,10,2.8,10,991.4,10,,,79,10,0.0,10,0,10,,,0.0,10,9.4,,,10,9.9,,,10,9.4,10,6.5,10,-1.3,10,7,10
2008-04-14T01:00+00:00,5917,0,0,175,10,143,10,1.3,10,2.1,10,991.1,10,,,84,10,0.0,10,0,10,,,0.0,10,9.2,,,10,9.8,,,10,9.4,10,5.0,10,-1.2,10,156,10
2008-04-14T02:00+00:00,5917,0,0,180,10,187,10,1.3,10,2.3,10,991.1,10,,,87,10,0.0,10,0,10,,,0.0,10,9.0,,,10,9.7,,,10,9.4,10,4.7,10,-1.2,10,245,10
2008-04-14T03:00+00:00,5917,0,0,218,10,228,10,1.8,10,2.6,10,991.0,10,,,91,10,0.0,10,0,10,,,0.0,10,8.9,,,10,9.6,,,10,9.4,10,3.9,10,-1.8,10,343,10
2008-04-14T04:00+00:00,5917,0,0,197,10,239,10,0.4,10,2.1,10,990.9,10,,,94,10,0.0,10,0,10,,,0.0,10,8.7,,,10,9.4,,,10,9.4,10,3.6,10,-1.8,10,500,10
2008-04-14T05:00+00:00,5917,28,0,128,10,138,10,1.2,10,2.5,10,990.8,10,,,92,10,0.0,10,0,10,,,0.4,10,8.6,,,10,9.3,,,10,9.4,10,4.1,10,-2.0,10,555,10
2008-04-14T06:00+00:00,5917,157,0,148,10,143,10,0.9,10,2.4,10,991.1,10,,,92,10,0.0,10,0,10,,,1.0,10,8.6,,,10,9.2,,,10,9.3,10,7.0,10,1.1,10,601,10
2008-04-14T07:00+00:00,5917,334,0,129,10,109,10,1.1,10,3.2,10,990.9,10,,,87,10,0.0,10,0,10,,,1.0,10,8.7,,,10,9.2,,,10,9.3,10,9.3,10,6.5,10,756,10
2008-04-14T08:00+00:00,5917,509,0,136,10,129,10,1.6,10,3.9,10,990.7,10,,,79,10,0.0,10,0,10,,,1.0,10,8.9,,,10,9.1,,,10,9.3,10,12.1,10,10.7,10,813,10
2008-04-14T09:00+00:00,5917,656,0,145,10,135,10,3.1,10,7.0,10,990.3,10,,,65,10,0.0,10,0,10,,,1.0,10,9.2,,,10,9.1,,,10,9.3,10,14.3,10,20.5,10,945,10
2008-04-14T10:00+00:00,5917,760,0,134,10,126,10,4.3,10,7.8,10,989.7,10,,,58,10,0.0,10,0,10,,,1.0,10,9.6,,,10,9.1,,,10,9.3,10,15.7,10,24.2,10,1043,10
2008-04-14T11:00+00:00,5917,828,0,131,10,140,10,5.1,10,9.4,10,989.1,10,,,54,10,0.0,10,0,10,,,1.0,10,10.0,,,10,9.2,,,10,9.2,10,16.5,10,27.7,10,1120,10
2008-04-14T12:00+00:00,5917,819,0,128,10,125,10,4.8,10,9.7,10,988.6,10,,,53,10,0.0,10,0,10,,,1.0,10,10.5,,,10,9.4,,,10,9.2,10,17.1,10,30.3,10,1233,10
2008-04-14T13:00+00:00,5917,755,0,134,10,129,10,6.7,10,13.3,10,988.1,10,,,50,10,0.0,10,0,10,,,1.0,10,10.9,,,10,9.6,,,10,9.2,10,17.8,10,25.5,10,1341,10
2008-04-14T14:00+00:00,5917,530,0,131,10,137,10,7.7,10,13.4,10,987.6,10,,,52,10,0.0,10,0,10,,,1.0,10,11.1,,,10,9.8,,,10,9.2,10,17.5,10,20.2,10,1420,10
2008-04-14T15:00+00:00,5917,327,0,130,10,138,10,6.5,10,11.6,10,987.4,10,,,52,10,0.0,10,0,10,,,0.7,10,11.2,,,10,10.0,,,10,9.2,10,16.3,10,17.4,10,1519,10
2008-04-14T16:00+00:00,5917,135,0,129,10,139,10,5.7,10,10.2,10,987.0,10,,,52,10,0.0,10,0,10,,,0.3,10,11.2,,,10,10.2,,,10,9.2,10,15.9,10,15.4,10,1607,10
2008-04-14T17:00+00:00,5917,46,0,124,10,136,10,4.9,10,8.0,10,987.0,10,,,56,10,0.0,10,0,10,,,0.0,10,11.1,,,10,10.3,,,10,9.3,10,14.8,10,13.2,10,1710,10
2008-04-14T18:00+00:00,5917,10,0,121,10,119,10,5.1,10,7.2,10,987.3,10,,,60,10,0.0,10,0,10,,,0.1,10,11.0,,,10,10.4,,,10,9.3,10,13.6,10,11.3,10,1835,10
2008-04-14T19:00+00:00,5917,0,0,119,10,125,10,4.3,10,6.6,10,987.6,10,,,67,10,0.0,10,0,10,,,0.0,10,10.8,,,10,10.4,,,10,9.3,10,12.2,10,9.2,10,1904,10
2008-04-14T20:00+00:00,5917,0,0,106,10,105,10,3.7,10,7.3,10,987.7,10,,,74,10,0.0,10,0,10,,,0.0,10,10.7,,,10,10.4,,,10,9.3,10,11.6,10,8.3,10,2034,10
2008-04-14T21:00+00:00,5917,0,0,114,10,122,10,3.9,10,7.6,10,987.6,10,,,78,10,0.0,10,0,10,,,0.0,10,10.5,,,10,10.3,,,10,9.4,10,10.7,10,8.5,10,2127,10
2008-04-14T22:00+00:00,5917,0,0,151,10,116,10,1.6,10,5.8,10,987.8,10,,,85,10,0.0,10,0,10,,,0.0,10,10.3,,,10,10.3,,,10,9.4,10,9.7,10,5.9,10,2300,10
2008-04-14T23:00+00:00,5917,0,0,247,10,296,10,1.2,10,5.1,10,988.4,10,,,85,10,0.0,10,0,10,,,0.0,10,10.2,,,10,10.2,,,10,9.4,10,10.3,10,5.9,10,2338,10
2008-04-15T00:00+00:00,5917,0,0,292,10,307,10,4.2,10,9.2,10,988.0,10,,,79,10,0.0,10,10,10,,,0.0,10,10.1,,,10,10.1,,,10,9.4,10,10.1,10,7.9,10,45,10
2008-04-15T01:00+00:00,5917,0,0,282,10,287,10,5.0,10,10.4,10,987.6,10,,,79,10,0.0,10,0,10,,,0.0,10,10.0,,,10,10.1,,,10,9.5,10,9.7,10,7.6,10,156,10
2008-04-15T02:00+00:00,5917,0,0,275,10,283,10,7.3,10,13.8,10,987.5,10,,,79,10,0.0,10,0,10,,,0.0,10,10.0,,,10,10.0,,,10,9.5,10,9.2,10,8.7,10,222,10
2008-04-15T03:00+00:00,5917,0,0,279,10,287,10,6.4,10,12.1,10,987.3,10,,,79,10,0.0,10,0,10,,,0.0,10,9.9,,,10,10.0,,,10,9.5,10,8.5,10,7.9,10,349,10
2008-04-15T04:00+00:00,5917,0,0,286,10,302,10,6.6,10,11.7,10,987.5,10,,,80,10,0.0,10,0,10,,,0.0,10,9.8,,,10,9.9,,,10,9.5,10,8.1,10,7.8,10,439,10
2008-04-15T05:00+00:00,5917,10,0,291,10,300,10,5.8,10,10.1,10,987.9,10,,,80,10,0.0,10,0,10,,,0.0,10,9.7,,,10,9.9,,,10,9.5,10,7.9,10,7.7,10,521,10
2008-04-15T06:00+00:00,5917,61,0,290,10,300,10,4.6,10,10.0,10,988.4,10,,,81,10,0.0,10,0,10,,,0.0,10,9.7,,,10,9.8,,,10,9.5,10,8.1,10,7.8,10,615,10
2008-04-15T07:00+00:00,5917,221,0,292,10,291,10,6.9,10,12.7,10,988.0,10,,,80,10,0.0,10,0,10,,,0.3,10,9.7,,,10,9.8,,,10,9.5,10,8.6,10,8.8,10,735,10
2008-04-15T08:00+00:00,5917,250,0,285,10,305,10,6.4,10,11.7,10,988.7,10,,,80,10,0.0,10,0,10,,,0.1,10,9.7,,,10,9.7,,,10,9.5,10,9.1,10,9.3,10,900,10
2008-04-15T09:00+00:00,5917,157,0,291,10,304,10,5.9,10,11.6,10,988.8,10,,,78,10,0.0,10,0,10,,,0.0,10,9.7,,,10,9.7,,,10,9.5,10,9.6,10,10.6,10,950,10
2008-04-15T10:00+00:00,5917,203,0,291,10,297,10,7.2,10,13.7,10,988.7,10,,,78,10,0.0,10,0,10,,,0.0,10,9.7,,,10,9.7,,,10,9.4,10,9.7,10,11.1,10,1014,10
2008-04-15T11:00+00:00,5917,398,0,287,10,287,10,8.9,10,15.4,10,988.2,10,,,76,10,0.0,10,0,10,,,0.1,10,9.8,,,10,9.7,,,10,9.4,10,10.2,10,11.8,10,1123,10
2008-04-15T12:00+00:00,5917,372,0,290,10,293,10,8.9,10,16.8,10,988.1,10,,,75,10,0.0,10,0,10,,,0.1,10,9.9,,,10,9.7,,,10,9.4,10,10.4,10,12.7,10,1225,10
2008-04-15T13:00+00:00,5917,512,0,294,10,282,10,8.9,10,15.7,10,987.8,10,,,75,10,0.0,10,0,10,,,0.6,10,10.0,,,10,9.7,,,10,9.4,10,10.5,10,13.3,10,1332,10
2008-04-15T14:00+00:00,5917,449,0,293,10,284,10,10.0,10,16.2,10,987.3,10,,,73,10,0.0,10,0,10,,,0.6,10,10.1,,,10,9.8,,,10,9.4,10,11.2,10,11.7,10,1444,10
2008-04-15T15:00+00:00,5917,478,0,293,10,293,10,9.6,10,17.0,10,987.0,10,,,71,10,0.0,10,0,10,,,1.0,10,10.1,,,10,9.8,,,10,9.4,10,11.6,10,14.6,10,1529,10
2008-04-15T16:00+00:00,5917,303,0,297,10,288,10,9.1,10,15.9,10,987.5,10,,,70,10,0.0,10,0,10,,,1.0,10,10.2,,,10,9.8,,,10,9.4,10,11.2,10,13.0,10,1618,10
2008-04-15T17:00+00:00,5917,85,0,301,10,294,10,6.9,10,14.4,10,988.0,10,,,74,10,0.0,10,0,10,,,0.3,10,10.1,,,10,9.9,,,10,9.4,10,10.2,10,9.8,10,1702,10
2008-04-15T18:00+00:00,5917,15,0,303,10,301,10,5.9,10,13.2,10,988.5,10,,,80,10,0.0,10,0,10,,,0.0,10,10.0,,,10,9.9,,,10,9.4,10,9.4,10,8.3,10,1831,10
2008-04-15T19:00+00:00,5917,0,0,303,10,298,10,5.3,10,12.3,10,989.0,10,,,80,10,0.0,10,0,10,,,0.0,10,10.0,,,10,9.9,,,10,9.4,10,9.1,10,8.3,10,1907,10
2008-04-15T20:00+00:00,5917,0,0,307,10,314,10,5.4,10,12.3,10,989.5,10,,,81,10,0.0,10,0,10,,,0.0,10,9.8,,,10,9.9,,,10,9.4,10,9.3,10,8.3,10,2056,10
2008-04-15T21:00+00:00,5917,0,0,304,10,304,10,6.5,10,14.3,10,989.6,10,,,92,10,0.0,10,14,10,,,0.0,10,9.8,,,10,9.8,,,10,9.4,10,8.3,10,7.2,10,2134,10
2008-04-15T22:00+00:00,5917,0,0,302,10,305,10,6.6,10,13.0,10,989.7,10,,,94,10,0.0,10,0,10,,,0.0,10,9.7,,,10,9.8,,,10,9.4,10,8.2,10,7.2,10,2211,10
2008-04-15T23:00+00:00,5917,0,0,304,10,309,10,6.1,10,13.1,10,989.8,10,,,92,10,0.0,10,2,10,,,0.0,10,9.6,,,10,9.8,,,10,9.4,10,8.1,10,7.1,10,2354,10
2008-04-16T00:00+00:00,5917,0,0,303,10,306,10,7.3,10,15.3,10,989.8,10,,,90,10,0.0,10,24,10,,,0.0,10,9.6,,,10,9.7,,,10,9.4,10,7.7,10,6.4,10,56,10
2008-04-16T01:00+00:00,5917,0,0,299,10,302,10,7.9,10,15.5,10,989.6,10,,,90,10,0.0,10,17,10,,,0.0,10,9.5,,,10,9.7,,,10,9.4,10,7.4,10,6.1,10,150,10
2008-04-16T02:00+00:00,5917,0,0,298,10,303,10,7.8,10,15.8,10,989.6,10,,,92,10,0.2,10,17,10,,,0.0,10,9.4,,,10,9.6,,,10,9.4,10,6.9,10,5.8,10,209,10
2008-04-16T03:00+00:00,5917,0,0,300,10,314,10,7.2,10,13.3,10,989.7,10,,,92,10,0.0,10,6,10,,,0.0,10,9.3,,,10,9.6,,,10,9.4,10,6.6,10,5.5,10,334,10
2008-04-16T04:00+00:00,5917,0,0,299,10,303,10,7.2,10,12.8,10,989.9,10,,,93,10,0.2,10,32,10,,,0.0,10,9.2,,,10,9.6,,,10,9.4,10,6.3,10,5.3,10,459,10
2008-04-16T05:00+00:00,5917,7,0,298,10,296,10,7.2,10,12.7,10,990.0,10,,,92,10,0.0,10,9,10,,,0.0,10,9.1,,,10,9.5,,,10,9.4,10,6.4,10,5.2,10,503,10
2008-04-16T06:00+00:00,5917,48,0,296,10,297,10,7.2,10,13.5,10,990.3,10,,,93,10,0.0,10,1,10,,,0.0,10,9.1,,,10,9.5,,,10,9.4,10,6.5,10,5.3,10,658,10
2008-04-16T07:00+00:00,5917,122,0,296,10,301,10,7.5,10,13.2,10,990.7,10,,,90,10,0.0,10,0,10,,,0.0,10,9.0,,,10,9.4,,,10,9.4,10,6.9,10,5.9,10,715,10
2008-04-16T08:00+00:00,5917,230,0,301,10,310,10,6.5,10,14.0,10,990.8,10,,,89,10,0.0,10,0,10,,,0.0,10,9.1,,,10,9.4,,,10,9.4,10,7.5,10,6.8,10,820,10
2008-04-16T09:00+00:00,5917,410,0,305,10,313,10,7.0,10,16.6,10,990.9,10,,,82,10,0.0,10,0,10,,,0.3,10,9.2,,,10,9.3,,,10,9.4,10,8.4,10,8.2,10,948,10
2008-04-16T10:00+00:00,5917,473,0,303,10,303,10,7.3,10,16.0,10,990.8,10,,,80,10,0.0,10,0,10,,,0.4,10,9.3,,,10,9.3,,,10,9.4,10,8.2,10,10.2,10,1010,10
2008-04-16T11:00+00:00,5917,467,0,300,10,314,10,7.1,10,15.0,10,990.7,10,,,75,10,0.0,10,0,10,,,0.2,10,9.4,,,10,9.3,,,10,9.3,10,8.8,10,11.3,10,1200,10
2008-04-16T12:00+00:00,5917,339,0,293,10,304,10,6.4,10,15.5,10,990.3,10,,,74,10,0.0,10,0,10,,,0.0,10,9.4,,,10,9.4,,,10,9.3,10,9.5,10,11.3,10,1215,10
2008-04-16T13:00+00:00,5917,298,0,298,10,289,10,6.9,10,13.8,10,990.2,10,,,74,10,0.0,10,0,10,,,0.0,10,9.5,,,10,9.4,,,10,9.3,10,9.4,10,10.4,10,1331,10
2008-04-16T14:00+00:00,5917,185,0,290,10,292,10,6.9,10,12.7,10,990.1,10,,,74,10,0.0,10,0,10,,,0.0,10,9.5,,,10,9.4,,,10,9.3,10,9.1,10,9.7,10,1409,10
2008-04-16T15:00+00:00,5917,128,0,294,10,311,10,5.7,10,11.6,10,990.1,10,,,73,10,0.0,10,0,10,,,0.0,10,9.6,,,10,9.5,,,10,9.3,10,9.1,10,9.7,10,1517,10
2008-04-16T16:00+00:00,5917,167,0,293,10,296,10,4.7,10,9.3,10,989.9,10,,,74,10,0.0,10,0,10,,,0.2,10,9.6,,,10,9.5,,,10,9.3,10,9.2,10,9.9,10,1644,10
2008-04-16T17:00+00:00,5917,101,0,290,10,306,10,5.2,10,9.7,10,990.1,10,,,77,10,0.0,10,0,10,,,0.4,10,9.6,,,10,9.5,,,10,9.3,10,8.5,10,8.8,10,1717,10
2008-04-16T18:00+00:00,5917,13,0,289,10,297,10,5.0,10,8.5,10,990.0,10,,,82,10,0.0,10,0,10,,,0.1,10,9.4,,,10,9.5,,,10,9.3,10,7.0,10,5.6,10,1806,10
2008-04-16T19:00+00:00,5917,0,0,291,10,290,10,5.2,10,10.5,10,990.4,10,,,84,10,0.0,10,0,10,,,0.0,10,9.3,,,10,9.5,,,10,9.3,10,6.7,10,5.4,10,1915,10
2008-04-16T20:00+00:00,5917,0,0,289,10,286,10,3.3,10,6.2,10,990.5,10,,,90,10,0.0,10,0,10,,,0.0,10,9.2,,,10,9.5,,,10,9.3,10,5.3,10,3.0,10,2020,10
2008-04-16T21:00+00:00,5917,0,0,281,10,288,10,3.3,10,6.2,10,990.7,10,,,89,10,0.0,10,0,10,,,0.0,10,9.0,,,10,9.4,,,10,9.3,10,5.3,10,2.9,10,2104,10
2008-04-16T22:00+00:00,5917,0,0,296,10,313,10,2.5,10,4.5,10,990.3,10,,,90,10,0.0,10,0,10,,,0.0,10,8.9,,,10,9.4,,,10,9.3,10,4.9,10,1.7,10,2253,10
2008-04-16T23:00+00:00,5917,0,0,296,10,304,10,3.0,10,4.7,10,990.0,10,,,92,10,0.0,10,0,10,,,0.0,10,8.8,,,10,9.3,,,10,9.3,10,4.6,10,1.7,10,2315,10
2008-04-17T00:00+00:00,5917,0,0,282,10,279,10,2.7,10,4.2,10,989.9,10,,,92,10,0.0,10,0,10,,,0.0,10,8.6,,,10,9.2,,,10,9.3,10,3.9,10,0.8,10,3,10
2008-04-17T01:00+00:00,5917,0,0,273,10,279,10,1.6,10,2.9,10,989.2,10,,,94,10,0.0,10,0,10,,,0.0,10,8.5,,,10,9.2,,,10,9.3,10,3.6,10,0.0,10,101,10
2008-04-17T02:00+00:00,5917,0,0,268,10,290,10,2.0,10,3.3,10,988.9,10,,,97,10,0.0,10,0,10,,,0.0,10,8.3,,,10,9.1,,,10,9.3,10,2.7,10,-0.6,10,240,10
2008-04-17T03:00+00:00,5917,0,0,232,10,240,10,1.7,10,2.8,10,988.2,10,,,97,10,0.0,10,0,10,,,0.0,10,8.2,,,10,9.0,,,10,9.3,10,2.3,10,-2.5,10,308,10
2008-04-17T04:00+00:00,5917,0,0,207,10,204,10,1.4,10,5.0,10,987.9,10,,,98,10,0.0,10,0,10,,,0.0,10,8.1,,,10,8.9,,,10,9.2,10,1.1,10,-2.7,10,421,10
2008-04-17T05:00+00:00,5917,21,0,191,10,201,10,1.1,10,3.7,10,987.9,10,,,98,10,0.0,10,0,10,,,0.0,10,8.0,,,10,8.8,,,10,9.2,10,1.7,10,0.4,10,550,10
2008-04-17T06:00+00:00,5917,58,0,242,10,206,10,0.6,10,1.9,10,987.8,10,,,97,10,0.0,10,0,10,,,0.0,10,8.0,,,10,8.7,,,10,9.2,10,3.6,10,2.0,10,700,10
2008-04-17T07:00+00:00,5917,73,0,136,10,104,10,0.7,10,3.0,10,987.4,10,,,97,10,0.5,10,36,10,,,0.0,10,8.1,,,10,8.7,,,10,9.2,10,4.4,10,5.2,10,750,10
2008-04-17T08:00+00:00,5917,126,0,108,10,124,10,2.7,10,6.0,10,987.0,10,,,93,10,0.2,10,17,10,,,0.0,10,8.2,,,10,8.6,,,10,9.2,10,6.2,10,5.5,10,851,10
2008-04-17T09:00+00:00,5917,291,0,132,10,132,10,4.7,10,9.5,10,986.4,10,,,87,10,0.0,10,0,10,,,0.0,10,8.3,,,10,8.6,,,10,9.1,10,7.5,10,8.1,10,955,10
2008-04-17T10:00+00:00,5917,357,0,137,10,137,10,6.2,10,10.2,10,985.7,10,,,84,10,0.0,10,0,10,,,0.1,10,8.5,,,10,8.6,,,10,9.1,10,7.8,10,9.4,10,1024,10
2008-04-17T11:00+00:00,5917,359,0,136,10,136,10,5.4,10,9.6,10,984.8,10,,,81,10,0.0,10,0,10,,,0.2,10,8.7,,,10,8.7,,,10,9.1,10,8.8,10,9.2,10,1126,10
2008-04-17T12:00+00:00,5917,363,0,123,10,115,10,5.5,10,8.9,10,984.3,10,,,78,10,0.0,10,0,10,,,0.1,10,8.9,,,10,8.7,,,10,9.0,10,10.4,10,12.4,10,1231,10
2008-04-17T13:00+00:00,5917,687,0,123,10,117,10,5.4,10,9.6,10,983.5,10,,,73,10,0.0,10,0,10,,,0.7,10,9.3,,,10,8.8,,,10,9.0,10,11.5,10,18.7,10,1342,10
2008-04-17T14:00+00:00,5917,632,0,121,10,143,10,5.4,10,9.5,10,982.3,10,,,70,10,0.0,10,0,10,,,0.9,10,9.6,,,10,8.9,,,10,9.0,10,12.8,10,19.3,10,1401,10
2008-04-17T15:00+00:00,5917,505,0,108,10,102,10,5.6,10,9.8,10,981.2,10,,,68,10,0.0,10,0,10,,,1.0,10,9.9,,,10,9.1,,,10,9.0,10,13.6,10,20.0,10,1540,10
2008-04-17T16:00+00:00,5917,309,0,108,10,122,10,6.2,10,10.4,10,980.9,10,,,72,10,0.0,10,0,10,,,1.0,10,10.0,,,10,9.2,,,10,9.0,10,13.0,10,16.3,10,1627,10
2008-04-17T17:00+00:00,5917,119,0,94,10,82,10,5.5,10,8.9,10,980.4,10,,,81,10,0.0,10,0,10,,,0.9,10,10.0,,,10,9.3,,,10,9.0,10,11.5,10,10.9,10,1758,10
2008-04-17T18:00+00:00,5917,21,0,79,10,99,10,4.2,10,8.8,10,980.5,10,,,89,10,0.0,10,0,10,,,0.4,10,9.9,,,10,9.4,,,10,9.0,10,9.3,10,6.7,10,1900,10
2008-04-17T19:00+00:00,5917,0,0,33,10,22,10,3.9,10,7.4,10,980.9,10,,,92,10,0.0,10,0,10,,,0.0,10,9.7,,,10,9.5,,,10,9.0,10,7.9,10,5.6,10,1951,10
2008-04-17T20:00+00:00,5917,0,0,19,10,19,10,3.4,10,6.9,10,981.0,10,,,94,10,0.0,10,0,10,,,0.0,10,9.5,,,10,9.5,,,10,9.1,10,6.7,10,3.9,10,2007,10
2008-04-17T21:00+00:00,5917,0,0,14,10,20,10,3.2,10,5.5,10,980.8,10,,,97,10,0.0,10,0,10,,,0.0,10,9.3,,,10,9.5,,,10,9.1,10,6.1,10,2.8,10,2127,10
2008-04-17T22:00+00:00,5917,0,0,350,10,12,10,2.6,10,4.8,10,980.5,10,,,97,10,0.0,10,0,10,,,0.0,10,9.2,,,10,9.4,,,10,9.1,10,5.5,10,1.4,10,2202,10
2008-04-17T23:00+00:00,5917,0,0,342,10,357,10,2.6,10,4.8,10,980.2,10,,,97,10,0.0,10,0,10,,,0.0,10,9.0,,,10,9.4,,,10,9.1,10,5.6,10,1.6,10,2349,10
2008-04-18T00:00+00:00,5917,0,0,352,10,345,10,2.6,10,4.6,10,979.8,10,,,98,10,0.0,10,0,10,,,0.0,10,8.8,,,10,9.3,,,10,9.1,10,5.3,10,1.5,10,16,10
2008-04-18T01:00+00:00,5917,0,0,336,10,344,10,1.9,10,4.0,10,979.6,10,,,98,10,0.0,10,0,10,,,0.0,10,8.7,,,10,9.2,,,10,9.2,10,5.3,10,0.6,10,200,10
2008-04-18T02:00+00:00,5917,0,0,326,10,324,10,1.8,10,3.7,10,979.3,10,,,98,10,0.0,10,0,10,,,0.0,10,8.5,,,10,9.1,,,10,9.2,10,5.2,10,-0.1,10,245,10
2008-04-18T03:00+00:00,5917,0,0,315,10,315,10,1.5,10,3.1,10,979.2,10,,,96,10,0.0,10,0,10,,,0.0,10,8.5,,,10,9.0,,,10,9.2,10,5.7,10,-0.2,10,317,10
2008-04-18T04:00+00:00,5917,0,0,327,10,334,10,1.4,10,3.0,10,978.8,10,,,96,10,0.0,10,0,10,,,0.0,10,8.4,,,10,9.0,,,10,9.1,10,5.8,10,2.3,10,420,10
2008-04-18T05:00+00:00,5917,21,0,307,10,322,10,1.2,10,2.7,10,979.0,10,,,95,10,0.0,10,0,10,,,0.0,10,8.4,,,10,8.9,,,10,9.1,10,6.4,10,3.7,10,559,10
2008-04-18T06:00+00:00,5917,64,0,323,10,304,10,1.6,10,3.9,10,979.5,10,,,91,10,0.0,10,0,10,,,0.0,10,8.4,,,10,8.8,,,10,9.1,10,7.0,10,6.2,10,632,10
2008-04-18T07:00+00:00,5917,75,0,20,10,22,10,1.9,10,3.6,10,979.3,10,,,90,10,0.0,10,0,10,,,0.0,10,8.5,,,10,8.8,,,10,9.1,10,6.9,10,7.6,10,740,10
2008-04-18T08:00+00:00,5917,204,0,351,10,335,10,2.5,10,5.4,10,979.0,10,,,87,10,0.0,10,0,10,,,0.2,10,8.6,,,10,8.8,,,10,9.1,10,8.1,10,8.3,10,856,10
2008-04-18T09:00+00:00,5917,398,0,17,10,334,10,2.0,10,5.3,10,979.1,10,,,82,10,0.0,10,0,10,,,0.3,10,8.8,,,10,8.8,,,10,9.1,10,9.3,10,15.1,10,1000,10
2008-04-18T10:00+00:00,5917,532,0,58,10,74,10,1.3,10,4.5,10,978.5,10,,,78,10,0.0,10,0,10,,,0.5,10,9.2,,,10,8.9,,,10,9.0,10,11.0,10,19.1,10,1049,10
2008-04-18T11:00+00:00,5917,469,0,48,10,44,10,1.5,10,4.0,10,978.2,10,,,78,10,0.0,10,0,10,,,0.3,10,9.5,,,10,8.9,,,10,9.0,10,11.8,10,19.1,10,1124,10
2008-04-18T12:00+00:00,5917,562,0,54,10,41,10,2.1,10,5.4,10,977.8,10,,,73,10,0.0,10,0,10,,,0.8,10,9.9,,,10,9.1,,,10,9.0,10,12.4,10,21.2,10,1243,10
2008-04-18T13:00+00:00,5917,405,0,75,10,33,10,1.9,10,4.4,10,977.3,10,,,72,10,0.0,10,0,10,,,0.5,10,10.2,,,10,9.2,,,10,9.0,10,13.6,10,20.9,10,1333,10
2008-04-18T14:00+00:00,5917,594,0,108,10,132,10,3.4,10,7.5,10,976.8,10,,,63,10,0.0,10,0,10,,,1.0,10,10.5,,,10,9.4,,,10,9.0,10,15.9,10,22.6,10,1454,10
2008-04-18T15:00+00:00,5917,476,0,111,10,105,10,3.7,10,7.3,10,976.2,10,,,62,10,0.0,10,0,10,,,1.0,10,10.8,,,10,9.6,,,10,9.0,10,17.3,10,25.0,10,1545,10
2008-04-18T16:00+00:00,5917,242,0,113,10,124,10,5.2,10,9.7,10,975.4,10,,,61,10,0.0,10,0,10,,,0.5,10,10.9,,,10,9.8,,,10,9.0,10,17.5,10,18.2,10,1646,10
2008-04-18T17:00+00:00,5917,60,0,143,10,185,10,5.9,10,10.1,10,975.5,10,,,64,10,0.0,10,0,10,,,0.1,10,10.9,,,10,9.9,,,10,9.1,10,16.4,10,15.9,10,1737,10
2008-04-18T18:00+00:00,5917,10,0,148,10,148,10,5.1,10,7.9,10,975.8,10,,,68,10,0.0,10,0,10,,,0.0,10,10.9,,,10,10.0,,,10,9.1,10,15.5,10,14.4,10,1850,10
2008-04-18T19:00+00:00,5917,0,0,143,10,149,10,4.8,10,7.8,10,975.5,10,,,75,10,0.0,10,0,10,,,0.0,10,10.8,,,10,10.1,,,10,9.2,10,13.7,10,11.6,10,1955,10
2008-04-18T20:00+00:00,5917,0,0,137,10,134,10,5.1,10,8.3,10,975.2,10,,,82,10,0.0,10,0,10,,,0.0,10,10.7,,,10,10.1,,,10,9.2,10,12.9,10,10.8,10,2054,10
2008-04-18T21:00+00:00,5917,0,0,136,10,144,10,5.8,10,9.2,10,974.6,10,,,88,10,0.0,10,0,10,,,0.0,10,10.5,,,10,10.1,,,10,9.2,10,12.2,10,10.3,10,2125,10
2008-04-18T22:00+00:00,5917,0,0,148,10,152,10,6.6,10,10.3,10,974.0,10,,,85,10,0.0,10,0,10,,,0.0,10,10.4,,,10,10.1,,,10,9.3,10,11.9,10,10.0,10,2215,10
2008-04-18T23:00+00:00,5917,0,0,138,10,132,10,5.6,10,9.9,10,973.3,10,,,84,10,0.0,10,0,10,,,0.0,10,10.3,,,10,10.1,,,10,9.3,10,11.1,10,9.1,10,2326,10
2008-04-19T00:00+00:00,5917,0,0,150,10,159,10,4.6,10,8.2,10,972.5,10,,,83,10,0.0,10,0,10,,,0.0,10,10.1,,,10,10.0,,,10,9.3,10,10.7,10,8.2,10,7,10
2008-04-19T01:00+00:00,5917,0,0,156,10,173,10,6.3,10,11.7,10,971.6,10,,,79,10,0.0,10,0,10,,,0.0,10,10.1,,,10,10.0,,,10,9.3,10,11.1,10,9.0,10,112,10
2008-04-19T02:00+00:00,5917,0,0,154,10,153,10,4.5,10,7.4,10,971.3,10,,,78,10,0.0,10,0,10,,,0.0,10,10.0,,,10,10.0,,,10,9.4,10,11.1,10,9.4,10,201,10
2008-04-19T03:00+00:00,5917,0,0,163,10,168,10,3.8,10,6.5,10,971.1,10,,,77,10,0.0,10,0,10,,,0.0,10,9.9,,,10,9.9,,,10,9.4,10,11.0,10,8.7,10,306,10
2008-04-19T04:00+00:00,5917,0,0,168,10,163,10,3.3,10,5.5,10,971.1,10,,,77,10,0.0,10,0,10,,,0.0,10,9.8,,,10,9.9,,,10,9.4,10,10.8,10,8.5,10,405,10
2008-04-19T05:00+00:00,5917,43,0,158,10,145,10,3.7,10,5.6,10,971.3,10,,,76,10,0.0,10,0,10,,,0.2,10,9.8,,,10,9.8,,,10,9.4,10,11.9,10,7.8,10,548,10
2008-04-19T06:00+00:00,5917,205,0,161,10,163,10,5.6,10,11.5,10,971.4,10,,,67,10,0.0,10,0,10,,,0.8,10,9.8,,,10,9.8,,,10,9.4,10,14.1,10,11.1,10,656,10
2008-04-19T07:00+00:00,5917,289,0,175,10,188,10,7.8,10,14.7,10,971.1,10,,,64,10,0.0,10,0,10,,,0.6,10,10.0,,,10,9.8,,,10,9.4,10,15.3,10,15.1,10,744,10
2008-04-19T08:00+00:00,5917,194,0,179,10,175,10,6.7,10,13.0,10,971.5,10,,,70,10,0.0,10,0,10,,,0.1,10,10.1,,,10,9.8,,,10,9.4,10,13.8,10,15.1,10,802,10
2008-04-19T09:00+00:00,5917,271,0,180,10,185,10,5.9,10,10.8,10,971.2,10,,,66,10,0.0,10,0,10,,,0.2,10,10.1,,,10,9.8,,,10,9.4,10,15.1,10,14.5,10,945,10
2008-04-19T10:00+00:00,5917,398,0,179,10,201,10,4.6,10,9.9,10,971.8,10,,,65,10,0.0,10,0,10,,,0.3,10,10.4,,,10,9.8,,,10,9.4,10,15.9,10,19.3,10,1002,10
2008-04-19T11:00+00:00,5917,473,0,165,10,165,10,2.3,10,5.3,10,972.4,10,,,60,10,0.0,10,0,10,,,0.3,10,10.7,,,10,9.9,,,10,9.4,10,17.6,10,22.1,10,1109,10
2008-04-19T12:00+00:00,5917,558,0,304,10,307,10,3.8,10,11.5,10,973.1,10,,,55,10,0.0,10,0,10,,,0.4,10,10.9,,,10,10.0,,,10,9.4,10,18.7,10,21.2,10,1230,10
2008-04-19T13:00+00:00,5917,365,0,305,10,257,10,4.9,10,16.7,10,974.4,10,,,49,10,0.0,10,0,10,,,0.4,10,11.1,,,10,10.1,,,10,9.4,10,17.9,10,19.9,10,1343,10
2008-04-19T14:00+00:00,5917,473,0,279,10,282,10,9.4,10,18.4,10,975.5,10,,,50,10,0.0,10,0,10,,,0.8,10,11.3,,,10,10.3,,,10,9.4,10,17.3,10,18.8,10,1500,10
2008-04-19T15:00+00:00,5917,494,0,282,10,291,10,9.4,10,16.1,10,976.5,10,,,51,10,0.0,10,0,10,,,1.0,10,11.4,,,10,10.4,,,10,9.4,10,16.5,10,19.9,10,1506,10
2008-04-19T16:00+00:00,5917,289,0,268,10,282,10,7.9,10,13.9,10,977.7,10,,,57,10,0.0,10,0,10,,,1.0,10,11.4,,,10,10.5,,,10,9.5,10,15.5,10,17.1,10,1611,10
2008-04-19T17:00+00:00,5917,146,0,267,10,255,10,7.9,10,14.2,10,978.4,10,,,60,10,0.0,10,0,10,,,0.8,10,11.3,,,10,10.5,,,10,9.5,10,14.8,10,14.5,10,1725,10
2008-04-19T18:00+00:00,5917,28,0,272,10,282,10,5.8,10,11.2,10,979.2,10,,,64,10,0.0,10,0,10,,,0.2,10,11.2,,,10,10.6,,,10,9.5,10,13.7,10,12.1,10,1810,10
2008-04-19T19:00+00:00,5917,0,0,273,10,294,10,4.7,10,9.9,10,980.2,10,,,68,10,0.0,10,0,10,,,0.0,10,11.1,,,10,10.6,,,10,9.6,10,13.0,10,11.1,10,1907,10
2008-04-19T20:00+00:00,5917,0,0,263,10,281,10,3.0,10,6.8,10,980.7,10,,,75,10,0.0,10,0,10,,,0.0,10,10.9,,,10,10.6,,,10,9.6,10,11.6,10,9.0,10,2001,10
2008-04-19T21:00+00:00,5917,0,0,264,10,271,10,2.8,10,5.3,10,981.0,10,,,76,10,0.0,10,0,10,,,0.0,10,10.8,,,10,10.5,,,10,9.6,10,11.4,10,8.6,10,2114,10
2008-04-19T22:00+00:00,5917,0,0,273,10,296,10,1.6,10,3.9,10,981.4,10,,,75,10,0.0,10,0,10,,,0.0,10,10.6,,,10,10.5,,,10,9.7,10,11.5,10,6.8,10,2246,10
2008-04-19T23:00+00:00,5917,0,0,262,10,271,10,2.7,10,5.6,10,981.8,10,,,75,10,0.0,10,0,10,,,0.0,10,10.5,,,10,10.4,,,10,9.7,10,11.0,10,8.7,10,2334,10
2008-04-20T00:00+00:00,5917,0,0,249,10,256,10,2.4,10,4.9,10,981.9,10,,,77,10,0.0,10,0,10,,,0.0,10,10.3,,,10,10.4,,,10,9.7,10,10.1,10,5.5,10,59,10
2008-04-20T01:00+00:00,5917,0,0,276,10,251,10,2.3,10,4.6,10,982.0,10,,,76,10,0.0,10,0,10,,,0.0,10,10.2,,,10,10.3,,,10,9.7,10,10.7,10,6.6,10,103,10
2008-04-20T02:00+00:00,5917,0,0,283,10,285,10,2.9,10,4.6,10,982.3,10,,,82,10,0.0,10,0,10,,,0.0,10,10.1,,,10,10.3,,,10,9.7,10,9.4,10,5.8,10,235,10
2008-04-20T03:00+00:00,5917,0,0,317,10,296,10,1.8,10,2.8,10,982.4,10,,,85,10,0.0,10,0,10,,,0.0,10,9.9,,,10,10.2,,,10,9.7,10,9.1,10,1.2,10,400,10
2008-04-20T04:00+00:00,5917,0,0,316,10,300,10,1.3,10,3.1,10,982.9,10,,,89,10,0.0,10,0,10,,,0.0,10,9.7,,,10,10.1,,,10,9.7,10,8.4,10,0.2,10,422,10
2008-04-20T05:00+00:00,5917,48,0,299,10,305,10,0.8,10,2.9,10,983.2,10,,,90,10,0.0,10,0,10,,,0.7,10,9.6,,,10,10.0,,,10,9.7,10,8.2,10,0.4,10,520,10
2008-04-20T06:00+00:00,5917,199,0,215,10,207,10,1.2,10,3.0,10,983.5,10,,,87,10,0.0,10,0,10,,,1.0,10,9.6,,,10,9.9,,,10,9.7,10,9.7,10,5.8,10,609,10
2008-04-20T07:00+00:00,5917,384,0,205,10,206,10,1.7,10,3.6,10,984.0,10,,,80,10,0.0,10,0,10,,,1.0,10,9.8,,,10,9.9,,,10,9.7,10,12.4,10,11.2,10,751,10
2008-04-20T08:00+00:00,5917,556,0,178,10,226,10,0.9,10,3.1,10,983.8,10,,,69,10,0.0,10,0,10,,,1.0,10,9.9,,,10,9.8,,,10,9.7,10,14.7,10,12.9,10,808,10
2008-04-20T09:00+00:00,5917,697,0,57,10,75,10,1.3,10,4.1,10,984.1,10,,,66,10,0.0,10,0,10,,,1.0,10,10.2,,,10,9.8,,,10,9.7,10,15.5,10,24.0,10,938,10
2008-04-20T10:00+00:00,5917,772,0,35,10,67,10,0.6,10,4.0,10,983.8,10,,,60,10,0.0,10,0,10,,,1.0,10,10.6,,,10,9.9,,,10,9.7,10,16.3,10,29.1,10,1053,10
2008-04-20T11:00+00:00,5917,845,0,103,10,118,10,0.1,10,4.4,10,983.6,10,,,56,10,0.0,10,0,10,,,1.0,10,11.1,,,10,10.0,,,10,9.7,10,17.7,10,34.1,10,1146,10
2008-04-20T12:00+00:00,5917,849,0,95,10,54,10,1.7,10,6.3,10,983.5,10,,,53,10,0.0,10,0,10,,,1.0,10,11.7,,,10,10.2,,,10,9.6,10,18.0,10,37.4,10,1222,10
2008-04-20T13:00+00:00,5917,808,0,97,10,79,10,2.0,10,5.9,10,983.5,10,,,50,10,0.0,10,0,10,,,1.0,10,12.2,,,10,10.4,,,10,9.7,10,19.0,10,37.3,10,1321,10
2008-04-20T14:00+00:00,5917,508,0,69,10,109,10,2.5,10,7.8,10,983.3,10,,,48,10,0.0,10,0,10,,,0.7,10,12.5,,,10,10.7,,,10,9.7,10,18.4,10,27.6,10,1447,10
2008-04-20T15:00+00:00,5917,353,0,69,10,76,10,3.4,10,7.1,10,983.2,10,,,51,10,0.0,10,0,10,,,0.7,10,12.6,,,10,10.9,,,10,9.7,10,18.2,10,21.2,10,1551,10
2008-04-20T16:00+00:00,5917,315,0,62,10,42,10,3.6,10,7.5,10,983.2,10,,,52,10,0.0,10,0,10,,,1.0,10,12.6,,,10,11.1,,,10,9.7,10,17.9,10,21.2,10,1656,10
2008-04-20T17:00+00:00,5917,114,0,47,10,54,10,4.8,10,8.3,10,983.1,10,,,56,10,0.0,10,0,10,,,0.6,10,12.5,,,10,11.3,,,10,9.8,10,16.3,10,14.9,10,1741,10
2008-04-20T18:00+00:00,5917,22,0,39,10,31,10,4.4,10,8.4,10,984.3,10,,,66,10,0.0,10,0,10,,,0.0,10,12.3,,,10,11.4,,,10,9.8,10,14.5,10,11.1,10,1829,10
2008-04-20T19:00+00:00,5917,0,0,37,10,38,10,4.2,10,7.1,10,984.6,10,,,72,10,0.0,10,0,10,,,0.0,10,12.1,,,10,11.4,,,10,9.8,10,12.9,10,9.6,10,1912,10
2008-04-20T20:00+00:00,5917,0,0,32,10,38,10,2.7,10,5.5,10,984.8,10,,,79,10,0.0,10,0,10,,,0.0,10,11.8,,,10,11.4,,,10,9.9,10,11.6,10,7.1,10,2014,10
2008-04-20T21:00+00:00,5917,0,0,29,10,27,10,2.4,10,4.9,10,984.6,10,,,83,10,0.0,10,0,10,,,0.0,10,11.5,,,10,11.3,,,10,10.0,10,10.5,10,6.0,10,2117,10
2008-04-20T22:00+00:00,5917,0,0,1,10,359,10,1.9,10,4.1,10,984.6,10,,,86,10,0.0,10,0,10,,,0.0,10,11.3,,,10,11.2,,,10,10.0,10,9.4,10,4.3,10,2245,10
2008-04-20T23:00+00:00,5917,0,0,355,10,3,10,2.4,10,4.4,10,984.5,10,,,88,10,0.0,10,0,10,,,0.0,10,11.1,,,10,11.1,,,10,10.0,10,8.9,10,4.0,10,2309,10
2008-04-21T00:00+00:00,5917,0,0,346,10,354,10,1.9,10,3.6,10,984.2,10,,,91,10,0.0,10,0,10,,,0.0,10,10.8,,,10,11.0,,,10,10.1,10,8.2,10,2.4,10,100,10
2008-04-21T01:00+00:00,5917,0,0,341,10,348,10,2.2,10,3.2,10,983.6,10,,,93,10,0.0,10,0,10,,,0.0,10,10.6,,,10,10.9,,,10,10.1,10,7.5,10,2.5,10,121,10
2008-04-21T02:00+00:00,5917,0,0,343,10,344,10,2.1,10,3.0,10,983.0,10,,,95,10,0.0,10,0,10,,,0.0,10,10.4,,,10,10.8,,,10,10.1,10,7.6,10,1.8,10,252,10
2008-04-21T03:00+00:00,5917,0,0,353,10,350,10,1.5,10,2.7,10,982.6,10,,,98,10,0.0,10,0,10,,,0.0,10,10.2,,,10,10.7,,,10,10.1,10,6.8,10,0.9,10,400,10
2008-04-21T04:00+00:00,5917,0,0,332,10,345,10,1.1,10,1.9,10,982.3,10,,,98,10,0.0,10,0,10,,,0.0,10,10.0,,,10,10.5,,,10,10.1,10,6.2,10,-0.1,10,401,10
2008-04-21T05:00+00:00,5917,46,0,303,10,304,10,1.2,10,2.7,10,982.2,10,,,97,10,0.0,10,0,10,,,0.1,10,9.9,,,10,10.4,,,10,10.1,10,7.1,10,0.8,10,544,10
2008-04-21T06:00+00:00,5917,137,0,356,10,21,10,1.0,10,2.1,10,982.1,10,,,91,10,0.0,10,0,10,,,0.8,10,9.9,,,10,10.3,,,10,10.1,10,9.1,10,5.9,10,648,10
2008-04-21T07:00+00:00,5917,254,0,91,10,103,10,1.1,10,3.8,10,982.0,10,,,85,10,0.0,10,0,10,,,1.0,10,10.1,,,10,10.3,,,10,10.1,10,10.7,10,10.0,10,759,10
2008-04-21T08:00+00:00,5917,502,0,111,10,121,10,4.1,10,9.3,10,981.4,10,,,79,10,0.0,10,0,10,,,1.0,10,10.3,,,10,10.2,,,10,10.1,10,13.7,10,13.0,10,858,10
2008-04-21T09:00+00:00,5917,666,0,118,10,117,10,6.6,10,10.2,10,980.9,10,,,74,10,0.0,10,0,10,,,1.0,10,10.5,,,10,10.2,,,10,10.0,10,15.8,10,20.4,10,936,10
2008-04-21T10:00+00:00,5917,700,0,116,10,122,10,6.4,10,10.7,10,980.1,10,,,68,10,0.0,10,0,10,,,1.0,10,10.9,,,10,10.3,,,10,10.0,10,17.1,10,25.9,10,1006,10
2008-04-21T11:00+00:00,5917,757,0,126,10,140,10,6.8,10,11.3,10,979.2,10,,,63,10,0.0,10,0,10,,,1.0,10,11.3,,,10,10.4,,,10,10.0,10,18.7,10,26.5,10,1109,10
2008-04-21T12:00+00:00,5917,721,0,122,10,119,10,7.3,10,12.7,10,978.5,10,,,55,10,0.0,10,0,10,,,1.0,10,11.8,,,10,10.5,,,10,10.0,10,19.8,10,27.3,10,1256,10
2008-04-21T13:00+00:00,5917,558,0,121,10,138,10,7.0,10,13.4,10,977.1,10,,,53,10,0.0,10,0,10,,,0.9,10,12.1,,,10,10.7,,,10,10.0,10,21.1,10,27.1,10,1338,10
2008-04-21T14:00+00:00,5917,341,0,105,10,111,10,7.6,10,13.8,10,976.0,10,,,48,10,0.0,10,0,10,,,0.4,10,12.3,,,10,10.9,,,10,10.0,10,21.2,10,23.5,10,1456,10
2008-04-21T15:00+00:00,5917,167,0,103,10,107,10,7.8,10,13.8,10,975.7,10,,,50,10,0.0,10,0,10,,,0.0,10,12.4,,,10,11.1,,,10,10.0,10,20.6,10,21.3,10,1505,10
2008-04-21T16:00+00:00,5917,78,0,95,10,101,10,6.4,10,11.9,10,975.1,10,,,53,10,0.0,10,0,10,,,0.0,10,12.4,,,10,11.2,,,10,10.0,10,20.1,10,19.6,10,1603,10
2008-04-21T17:00+00:00,5917,48,0,83,10,77,10,6.3,10,11.9,10,974.3,10,,,55,10,0.0,10,0,10,,,0.0,10,12.4,,,10,11.3,,,10,10.1,10,19.3,10,18.0,10,1719,10
2008-04-21T18:00+00:00,5917,1,0,98,10,167,10,7.2,10,17.5,10,975.8,10,,,87,10,1.3,10,32,10,,,0.0,10,12.3,,,10,11.4,,,10,10.1,10,14.7,10,13.2,10,1857,10
2008-04-21T19:00+00:00,5917,0,0,163,10,163,10,5.1,10,12.8,10,976.5,10,,,93,10,10.8,10,60,10,,,0.0,10,12.1,,,10,11.4,,,10,10.1,10,11.7,10,11.2,10,1902,10
2008-04-21T20:00+00:00,5917,0,0,81,10,51,10,2.5,10,6.1,10,975.5,10,,,96,10,7.6,10,58,10,,,0.0,10,11.9,,,10,11.4,,,10,10.2,10,11.4,10,10.8,10,2047,10
2008-04-21T21:00+00:00,5917,0,0,82,10,57,10,3.0,10,6.9,10,976.2,10,,,96,10,0.1,10,14,10,,,0.0,10,11.8,,,10,11.4,,,10,10.2,10,11.2,10,10.1,10,2112,10
2008-04-21T22:00+00:00,5917,0,0,109,10,100,10,2.7,10,6.9,10,976.0,10,,,94,10,0.0,10,0,10,,,0.0,10,11.6,,,10,11.4,,,10,10.3,10,11.6,10,10.1,10,2258,10
2008-04-21T23:00+00:00,5917,0,0,118,10,107,10,4.2,10,7.6,10,975.8,10,,,95,10,0.0,10,0,10,,,0.0,10,11.5,,,10,11.4,,,10,10.3,10,11.1,10,9.9,10,2325,10
2008-04-22T00:00+00:00,5917,0,0,136,10,154,10,4.1,10,6.6,10,975.4,10,,,93,10,0.0,10,0,10,,,0.0,10,11.4,,,10,11.3,,,10,10.3,10,10.1,10,8.5,10,15,10
2008-04-22T01:00+00:00,5917,0,0,123,10,138,10,3.7,10,6.5,10,975.2,10,,,95,10,0.0,10,0,10,,,0.0,10,11.2,,,10,11.2,,,10,10.3,10,9.8,10,7.6,10,111,10
2008-04-22T02:00+00:00,5917,0,0,109,10,122,10,2.4,10,5.3,10,975.1,10,,,96,10,0.0,10,0,10,,,0.0,10,11.1,,,10,11.2,,,10,10.4,10,10.2,10,6.0,10,203,10
2008-04-22T03:00+00:00,5917,0,0,109,10,123,10,2.1,10,4.4,10,974.8,10,,,96,10,0.0,10,0,10,,,0.0,10,11.0,,,10,11.1,,,10,10.4,10,9.9,10,8.9,10,326,10
2008-04-22T04:00+00:00,5917,1,0,105,10,107,10,2.8,10,5.1,10,974.8,10,,,96,10,0.0,10,0,10,,,0.0,10,10.9,,,10,11.0,,,10,10.4,10,9.2,10,7.3,10,431,10
2008-04-22T05:00+00:00,5917,24,0,131,10,123,10,1.6,10,4.1,10,975.1,10,,,96,10,0.0,10,0,10,,,0.0,10,10.8,,,10,11.0,,,10,10.4,10,9.5,10,7.8,10,600,10
2008-04-22T06:00+00:00,5917,101,0,115,10,108,10,2.7,10,4.6,10,975.2,10,,,94,10,0.0,10,0,10,,,0.0,10,10.8,,,10,10.9,,,10,10.4,10,9.8,10,9.8,10,645,10
2008-04-22T07:00+00:00,5917,211,0,112,10,108,10,2.1,10,4.4,10,975.4,10,,,87,10,0.0,10,0,10,,,0.4,10,10.8,,,10,10.8,,,10,10.4,10,11.0,10,10.9,10,705,10
2008-04-22T08:00+00:00,5917,479,0,131,10,119,10,2.1,10,4.2,10,975.8,10,,,78,10,0.0,10,1,10,,,0.8,10,10.9,,,10,10.8,,,10,10.4,10,13.1,10,12.4,10,854,10
2008-04-22T09:00+00:00,5917,573,0,143,10,137,10,2.0,10,4.7,10,976.0,10,,,72,10,0.0,10,0,10,,,0.7,10,11.1,,,10,10.8,,,10,10.4,10,14.9,10,16.2,10,905,10
2008-04-22T10:00+00:00,5917,665,0,161,10,115,10,0.9,10,3.7,10,975.9,10,,,63,10,0.0,10,0,10,,,0.8,10,11.5,,,10,10.9,,,10,10.4,10,16.5,10,23.3,10,1001,10
2008-04-22T11:00+00:00,5917,838,0,192,10,209,10,1.5,10,5.0,10,976.0,10,,,53,10,0.0,10,0,10,,,0.9,10,12.0,,,10,11.0,,,10,10.4,10,17.3,10,25.7,10,1114,10
2008-04-22T12:00+00:00,5917,849,0,144,10,131,10,1.9,10,5.5,10,976.3,10,,,48,10,0.0,10,0,10,,,1.0,10,12.6,,,10,11.2,,,10,10.4,10,18.1,10,31.0,10,1222,10
2008-04-22T13:00+00:00,5917,592,0,194,10,200,10,2.7,10,6.0,10,976.5,10,,,49,10,0.0,10,0,10,,,1.0,10,13.0,,,10,11.4,,,10,10.4,10,17.9,10,25.5,10,1321,10
2008-04-22T14:00+00:00,5917,181,0,210,10,276,10,3.8,10,8.6,10,977.1,10,,,73,10,0.0,10,0,10,,,0.0,10,13.2,,,10,11.7,,,10,10.4,10,14.8,10,15.7,10,1459,10
2008-04-22T15:00+00:00,5917,39,0,291,10,304,10,5.6,10,11.2,10,977.8,10,,,75,10,0.0,10,0,10,,,0.0,10,13.1,,,10,11.9,,,10,10.4,10,12.3,10,12.1,10,1528,10
2008-04-22T16:00+00:00,5917,16,0,299,10,299,10,4.8,10,10.2,10,978.8,10,,,89,10,0.2,10,17,10,,,0.0,10,12.9,,,10,12.1,,,10,10.5,10,11.5,10,10.5,10,1620,10
2008-04-22T17:00+00:00,5917,6,0,293,10,293,10,5.0,10,8.8,10,979.5,10,,,93,10,0.6,10,35,10,,,0.0,10,12.6,,,10,12.1,,,10,10.5,10,11.0,10,10.4,10,1720,10
2008-04-22T18:00+00:00,5917,0,0,303,10,303,10,4.0,10,8.5,10,980.7,10,,,93,10,0.8,10,60,10,,,0.0,10,12.5,,,10,12.1,,,10,10.5,10,10.8,10,10.3,10,1818,10
2008-04-22T19:00+00:00,5917,0,0,320,10,338,10,3.5,10,8.3,10,981.9,10,,,91,10,0.9,10,47,10,,,0.0,10,12.3,,,10,12.1,,,10,10.6,10,10.5,10,9.7,10,1938,10
2008-04-22T20:00+00:00,5917,0,0,318,10,344,10,3.0,10,7.4,10,982.7,10,,,91,10,0.3,10,58,10,,,0.0,10,12.1,,,10,12.0,,,10,10.7,10,10.3,10,9.6,10,2059,10
2008-04-22T21:00+00:00,5917,0,0,347,10,323,10,3.7,10,6.9,10,983.3,10,,,89,10,0.0,10,0,10,,,0.0,10,11.9,,,10,11.9,,,10,10.7,10,9.6,10,9.0,10,2101,10
2008-04-22T22:00+00:00,5917,0,0,331,10,330,10,4.4,10,9.7,10,983.6,10,,,87,10,0.0,10,0,10,,,0.0,10,11.8,,,10,11.8,,,10,10.7,10,9.1,10,8.3,10,2237,10
2008-04-22T23:00+00:00,5917,0,0,336,10,333,10,5.5,10,9.2,10,984.4,10,,,86,10,0.0,10,0,10,,,0.0,10,11.6,,,10,11.7,,,10,10.7,10,9.0,10,8.1,10,2324,10
2008-04-23T00:00+00:00,5917,0,0,333,10,326,10,5.3,10,10.4,10,984.6,10,,,81,10,0.0,10,0,10,,,0.0,10,11.5,,,10,11.6,,,10,10.7,10,9.1,10,7.7,10,40,10
2008-04-23T01:00+00:00,5917,0,0,326,10,322,10,5.0,10,10.0,10,984.9,10,,,81,10,0.0,10,0,10,,,0.0,10,11.3,,,10,11.6,,,10,10.8,10,9.0,10,7.3,10,116,10
2008-04-23T02:00+00:00,5917,0,0,319,10,322,10,4.2,10,9.5,10,985.3,10,,,79,10,0.0,10,0,10,,,0.0,10,11.2,,,10,11.5,,,10,10.8,10,9.2,10,7.4,10,216,10
2008-04-23T03:00+00:00,5917,0,0,318,10,328,10,3.9,10,8.8,10,985.8,10,,,79,10,0.0,10,0,10,,,0.0,10,11.1,,,10,11.4,,,10,10.8,10,9.4,10,7.8,10,346,10
2008-04-23T04:00+00:00,5917,0,0,315,10,323,10,3.3,10,8.4,10,986.4,10,,,80,10,0.0,10,0,10,,,0.0,10,11.0,,,10,11.3,,,10,10.8,10,9.3,10,8.2,10,409,10
2008-04-23T05:00+00:00,5917,6,0,317,10,320,10,3.7,10,9.6,10,987.0,10,,,79,10,0.0,10,0,10,,,0.0,10,10.9,,,10,11.2,,,10,10.8,10,9.4,10,8.3,10,547,10
2008-04-23T06:00+00:00,5917,37,0,325,10,333,10,4.7,10,10.8,10,987.9,10,,,76,10,0.0,10,0,10,,,0.0,10,10.8,,,10,11.1,,,10,10.7,10,9.6,10,8.6,10,645,10
2008-04-23T07:00+00:00,5917,89,0,331,10,340,10,5.9,10,11.1,10,988.8,10,,,74,10,0.0,10,0,10,,,0.0,10,10.8,,,10,11.1,,,10,10.7,10,9.9,10,9.2,10,702,10
2008-04-23T08:00+00:00,5917,130,0,328,10,330,10,5.3,10,11.1,10,989.6,10,,,71,10,0.0,10,0,10,,,0.0,10,10.8,,,10,11.0,,,10,10.7,10,10.3,10,10.6,10,857,10
2008-04-23T09:00+00:00,5917,223,0,328,10,329,10,5.9,10,11.5,10,990.3,10,,,69,10,0.0,10,0,10,,,0.1,10,10.8,,,10,11.0,,,10,10.7,10,10.5,10,11.6,10,902,10
2008-04-23T10:00+00:00,5917,222,0,335,10,345,10,7.6,10,12.3,10,991.1,10,,,66,10,0.0,10,0,10,,,0.0,10,10.8,,,10,10.9,,,10,10.7,10,11.2,10,11.0,10,1044,10
2008-04-23T11:00+00:00,5917,220,0,335,10,331,10,7.2,10,11.7,10,991.4,10,,,64,10,0.0,10,0,10,,,0.0,10,10.9,,,10,10.9,,,10,10.7,10,11.9,10,12.3,10,1111,10
2008-04-23T12:00+00:00,5917,129,0,322,10,320,10,4.6,10,11.9,10,992.1,10,,,68,10,0.0,10,4,10,,,0.0,10,10.9,,,10,10.9,,,10,10.7,10,11.3,10,10.2,10,1256,10
2008-04-23T13:00+00:00,5917,237,0,313,10,312,10,5.1,10,12.2,10,992.5,10,,,75,10,0.0,10,12,10,,,0.0,10,11.0,,,10,11.0,,,10,10.7,10,11.6,10,10.0,10,1337,10
2008-04-23T14:00+00:00,5917,325,0,296,10,286,10,5.3,10,10.8,10,992.9,10,,,79,10,0.0,10,2,10,,,0.2,10,11.1,,,10,11.0,,,10,10.6,10,11.4,10,13.5,10,1435,10
2008-04-23T15:00+00:00,5917,190,0,297,10,302,10,5.0,10,9.8,10,993.4,10,,,84,10,0.2,10,16,10,,,0.1,10,11.1,,,10,11.0,,,10,10.6,10,11.3,10,10.4,10,1532,10
2008-04-23T16:00+00:00,5917,347,0,301,10,311,10,3.4,10,8.1,10,993.6,10,,,70,10,0.0,10,0,10,,,0.7,10,11.2,,,10,11.1,,,10,10.6,10,13.1,10,11.6,10,1624,10
2008-04-23T17:00+00:00,5917,133,0,295,10,288,10,4.1,10,8.0,10,994.3,10,,,75,10,0.0,10,0,10,,,0.2,10,11.3,,,10,11.1,,,10,10.6,10,11.9,10,11.4,10,1705,10
2008-04-23T18:00+00:00,5917,39,0,304,10,313,10,3.9,10,8.9,10,995.2,10,,,81,10,0.0,10,0,10,,,0.2,10,11.2,,,10,11.1,,,10,10.6,10,11.0,10,9.4,10,1805,10
2008-04-23T19:00+00:00,5917,0,0,305,10,305,10,3.4,10,8.0,10,996.3,10,,,81,10,0.0,10,0,10,,,0.0,10,11.1,,,10,11.1,,,10,10.6,10,10.3,10,8.2,10,1912,10
2008-04-23T20:00+00:00,5917,0,0,300,10,301,10,3.6,10,6.6,10,996.8,10,,,84,10,0.0,10,0,10,,,0.0,10,11.0,,,10,11.1,,,10,10.6,10,9.3,10,7.1,10,2020,10
2008-04-23T21:00+00:00,5917,0,0,302,10,297,10,3.4,10,6.0,10,997.5,10,,,85,10,0.0,10,0,10,,,0.0,10,10.9,,,10,11.1,,,10,10.6,10,8.8,10,6.2,10,2141,10
2008-04-23T22:00+00:00,5917,0,0,302,10,304,10,2.9,10,5.3,10,997.8,10,,,87,10,0.0,10,0,10,,,0.0,10,10.7,,,10,11.1,,,10,10.6,10,8.4,10,5.4,10,2219,10
2008-04-23T23:00+00:00,5917,0,0,303,10,300,10,3.3,10,6.4,10,998.2,10,,,88,10,0.0,10,0,10,,,0.0,10,10.5,,,10,11.0,,,10,10.6,10,8.2,10,5.6,10,2341,10
2008-04-24T00:00+00:00,5917,0,0,296,10,307,10,3.8,10,5.7,10,998.2,10,,,89,10,0.0,10,0,10,,,0.0,10,10.4,,,10,10.9,,,10,10.6,10,7.8,10,5.5,10,48,10
2008-04-24T01:00+00:00,5917,0,0,303,10,306,10,3.4,10,6.1,10,998.5,10,,,89,10,0.0,10,0,10,,,0.0,10,10.3,,,10,10.8,,,10,10.6,10,7.6,10,5.2,10,110,10
2008-04-24T02:00+00:00,5917,0,0,296,10,301,10,3.3,10,5.2,10,998.5,10,,,91,10,0.0,10,0,10,,,0.0,10,10.1,,,10,10.7,,,10,10.6,10,6.9,10,4.4,10,253,10
2008-04-24T03:00+00:00,5917,0,0,298,10,297,10,3.6,10,5.4,10,998.7,10,,,91,10,0.0,10,0,10,,,0.0,10,10.0,,,10,10.6,,,10,10.6,10,6.7,10,4.4,10,307,10
2008-04-24T04:00+00:00,5917,0,0,301,10,300,10,3.7,10,6.1,10,999.1,10,,,90,10,0.0,10,0,10,,,0.0,10,9.9,,,10,10.5,,,10,10.6,10,6.7,10,4.3,10,427,10
2008-04-24T05:00+00:00,5917,55,0,299,10,301,10,3.4,10,5.9,10,999.7,10,,,88,10,0.0,10,0,10,,,0.7,10,9.8,,,10,10.5,,,10,10.6,10,7.5,10,4.3,10,506,10
2008-04-24T06:00+00:00,5917,214,0,299,10,299,10,3.9,10,7.2,10,1000.2,10,,,80,10,0.0,10,0,10,,,1.0,10,9.8,,,10,10.4,,,10,10.5,10,9.5,10,5.8,10,645,10
2008-04-24T07:00+00:00,5917,390,0,304,10,307,10,3.2,10,7.9,10,1000.7,10,,,65,10,0.0,10,0,10,,,1.0,10,9.9,,,10,10.3,,,10,10.5,10,11.3,10,9.0,10,719,10
2008-04-24T08:00+00:00,5917,553,0,331,10,315,10,2.3,10,5.5,10,1000.9,10,,,47,10,0.0,10,0,10,,,1.0,10,10.0,,,10,10.3,,,10,10.5,10,13.3,10,11.7,10,806,10
2008-04-24T09:00+00:00,5917,716,0,357,10,322,10,3.2,10,6.0,10,1001.0,10,,,45,10,0.0,10,0,10,,,1.0,10,10.2,,,10,10.3,,,10,10.5,10,14.4,10,19.9,10,935,10
2008-04-24T10:00+00:00,5917,828,0,6,10,342,10,4.1,10,8.3,10,1000.5,10,,,43,10,0.0,10,0,10,,,1.0,10,10.5,,,10,10.3,,,10,10.5,10,14.5,10,25.0,10,1008,10
2008-04-24T11:00+00:00,5917,866,0,343,10,344,10,3.0,10,7.7,10,1000.3,10,,,44,10,0.0,10,0,10,,,1.0,10,11.0,,,10,10.4,,,10,10.4,10,15.2,10,28.3,10,1118,10
2008-04-24T12:00+00:00,5917,794,0,360,10,51,10,2.4,10,6.3,10,1000.2,10,,,42,10,0.0,10,0,10,,,1.0,10,11.5,,,10,10.6,,,10,10.4,10,15.1,10,28.2,10,1300,10
2008-04-24T13:00+00:00,5917,698,0,346,10,341,10,2.5,10,7.4,10,999.7,10,,,41,10,0.0,10,0,10,,,0.9,10,12.0,,,10,10.9,,,10,10.4,10,16.1,10,26.1,10,1321,10
2008-04-24T14:00+00:00,5917,666,0,336,10,297,10,2.1,10,8.9,10,999.3,10,,,39,10,0.0,10,0,10,,,1.0,10,12.4,,,10,11.2,,,10,10.4,10,16.4,10,28.4,10,1404,10
2008-04-24T15:00+00:00,5917,478,0,355,10,11,10,2.5,10,6.6,10,999.0,10,,,37,10,0.0,10,0,10,,,1.0,10,12.7,,,10,11.5,,,10,10.4,10,16.3,10,21.4,10,1546,10
2008-04-24T16:00+00:00,5917,265,0,3,10,21,10,2.4,10,5.5,10,999.0,10,,,40,10,0.0,10,0,10,,,0.8,10,12.8,,,10,11.7,,,10,10.5,10,15.9,10,15.9,10,1620,10
2008-04-24T17:00+00:00,5917,161,0,16,10,357,10,2.5,10,5.8,10,998.9,10,,,40,10,0.0,10,0,10,,,1.0,10,12.8,,,10,11.9,,,10,10.5,10,15.4,10,12.9,10,1711,10
2008-04-24T18:00+00:00,5917,28,0,45,10,36,10,1.3,10,2.5,10,999.1,10,,,41,10,0.0,10,0,10,,,0.4,10,12.6,,,10,12.0,,,10,10.5,10,14.5,10,7.1,10,1812,10
2008-04-24T19:00+00:00,5917,0,0,196,10,229,10,0.8,10,2.2,10,999.8,10,,,49,10,0.0,10,0,10,,,0.0,10,12.4,,,10,12.0,,,10,10.6,10,12.7,10,4.6,10,1958,10
2008-04-24T20:00+00:00,5917,0,0,260,10,261,10,1.9,10,2.8,10,1000.1,10,,,56,10,0.0,10,0,10,,,0.0,10,12.1,,,10,11.9,,,10,10.6,10,11.3,10,4.0,10,2050,10
2008-04-24T21:00+00:00,5917,0,0,273,10,272,10,2.1,10,3.2,10,1000.2,10,,,65,10,0.0,10,0,10,,,0.0,10,11.8,,,10,11.9,,,10,10.7,10,9.9,10,5.0,10,2127,10
2008-04-24T22:00+00:00,5917,0,0,244,10,244,10,1.9,10,3.0,10,1000.3,10,,,71,10,0.0,10,0,10,,,0.0,10,11.5,,,10,11.8,,,10,10.7,10,9.4,10,4.4,10,2256,10
2008-04-24T23:00+00:00,5917,0,0,203,10,189,10,2.2,10,3.6,10,1000.4,10,,,82,10,0.0,10,0,10,,,0.0,10,11.3,,,10,11.6,,,10,10.8,10,7.8,10,3.8,10,2329,10
2008-04-25T00:00+00:00,5917,0,0,233,10,251,10,1.8,10,4.1,10,1000.5,10,,,86,10,0.0,10,0,10,,,0.0,10,11.1,,,10,11.5,,,10,10.8,10,7.3,10,4.7,10,20,10
2008-04-25T01:00+00:00,5917,0,0,231,10,242,10,2.1,10,3.7,10,1000.2,10,,,85,10,0.0,10,0,10,,,0.0,10,10.9,,,10,11.4,,,10,10.8,10,7.4,10,5.1,10,111,10
2008-04-25T02:00+00:00,5917,0,0,196,10,164,10,1.6,10,2.7,10,1000.1,10,,,85,10,0.0,10,0,10,,,0.0,10,10.8,,,10,11.2,,,10,10.8,10,7.4,10,3.2,10,233,10
2008-04-25T03:00+00:00,5917,0,0,176,10,197,10,0.6,10,1.8,10,999.9,10,,,88,10,0.0,10,0,10,,,0.0,10,10.6,,,10,11.1,,,10,10.8,10,6.9,10,2.9,10,400,10
2008-04-25T04:00+00:00,5917,1,0,257,10,281,10,0.9,10,5.1,10,999.9,10,,,87,10,0.0,10,0,10,,,0.0,10,10.4,,,10,11.0,,,10,10.8,10,6.8,10,2.8,10,424,10
2008-04-25T05:00+00:00,5917,70,0,227,10,253,10,0.7,10,2.4,10,1000.0,10,,,86,10,0.0,10,0,10,,,0.6,10,10.3,,,10,10.9,,,10,10.8,10,8.2,10,3.5,10,528,10
2008-04-25T06:00+00:00,5917,219,0,152,10,163,10,1.1,10,2.3,10,999.8,10,,,79,10,0.0,10,0,10,,,0.8,10,10.3,,,10,10.8,,,10,10.8,10,12.3,10,8.1,10,633,10
2008-04-25T07:00+00:00,5917,212,0,175,10,307,10,0.7,10,2.3,10,999.9,10,,,77,10,0.0,10,0,10,,,0.3,10,10.5,,,10,10.8,,,10,10.7,10,12.8,10,14.0,10,755,10
2008-04-25T08:00+00:00,5917,267,0,275,10,286,10,3.0,10,9.2,10,1000.2,10,,,72,10,0.0,10,1,10,,,0.2,10,10.7,,,10,10.7,,,10,10.7,10,12.4,10,13.6,10,845,10
2008-04-25T09:00+00:00,5917,262,0,229,10,246,10,3.3,10,15.1,10,1000.2,10,,,77,10,1.2,10,24,10,,,0.1,10,10.7,,,10,10.7,,,10,10.7,10,12.5,10,9.4,10,902,10
2008-04-25T10:00+00:00,5917,697,0,224,10,232,10,2.2,10,5.2,10,999.7,10,,,72,10,0.0,10,0,10,,,1.0,10,11.0,,,10,10.8,,,10,10.7,10,14.5,10,16.4,10,1032,10
2008-04-25T11:00+00:00,5917,374,0,244,10,273,10,2.6,10,9.5,10,999.2,10,,,63,10,0.0,10,0,10,,,0.2,10,11.3,,,10,10.8,,,10,10.7,10,14.7,10,17.6,10,1154,10
2008-04-25T12:00+00:00,5917,306,0,276,10,280,10,8.9,10,17.4,10,999.2,10,,,77,10,0.0,10,7,10,,,0.0,10,11.5,,,10,11.0,,,10,10.7,10,11.5,10,11.8,10,1244,10
2008-04-25T13:00+00:00,5917,157,0,297,10,286,10,8.1,10,17.6,10,1000.2,10,,,92,10,1.3,10,60,10,,,0.0,10,11.4,,,10,11.1,,,10,10.6,10,9.0,10,9.1,10,1302,10
2008-04-25T14:00+00:00,5917,100,0,304,10,317,10,5.6,10,12.8,10,1000.1,10,,,87,10,0.2,10,21,10,,,0.0,10,11.3,,,10,11.2,,,10,10.6,10,9.8,10,9.0,10,1417,10
2008-04-25T15:00+00:00,5917,169,0,289,10,316,10,5.1,10,13.9,10,1000.0,10,,,78,10,0.0,10,0,10,,,0.0,10,11.3,,,10,11.2,,,10,10.7,10,11.2,10,9.5,10,1550,10
2008-04-25T16:00+00:00,5917,116,0,284,10,291,10,5.4,10,11.0,10,999.9,10,,,81,10,0.0,10,2,10,,,0.0,10,11.3,,,10,11.2,,,10,10.7,10,11.3,10,10.2,10,1603,10
2008-04-25T17:00+00:00,5917,72,0,291,10,299,10,5.1,10,11.3,10,999.8,10,,,81,10,0.0,10,2,10,,,0.4,10,11.2,,,10,11.2,,,10,10.7,10,10.6,10,9.3,10,1732,10
2008-04-25T18:00+00:00,5917,18,0,289,10,290,10,5.4,10,10.5,10,1000.2,10,,,80,10,0.0,10,0,10,,,0.0,10,11.1,,,10,11.2,,,10,10.7,10,10.2,10,8.6,10,1829,10
2008-04-25T19:00+00:00,5917,0,0,294,10,295,10,4.9,10,9.1,10,1001.3,10,,,82,10,0.0,10,0,10,,,0.0,10,11.0,,,10,11.2,,,10,10.7,10,9.8,10,8.4,10,1907,10
2008-04-25T20:00+00:00,5917,0,0,307,10,297,10,3.6,10,8.1,10,1001.8,10,,,90,10,0.1,10,30,10,,,0.0,10,10.9,,,10,11.2,,,10,10.7,10,9.1,10,8.1,10,2012,10
2008-04-25T21:00+00:00,5917,0,0,306,10,309,10,4.5,10,11.0,10,1001.8,10,,,89,10,0.0,10,0,10,,,0.0,10,10.8,,,10,11.1,,,10,10.7,10,8.7,10,7.8,10,2147,10
2008-04-25T22:00+00:00,5917,0,0,305,10,298,10,4.6,10,10.5,10,1001.6,10,,,90,10,0.0,10,0,10,,,0.0,10,10.8,,,10,11.1,,,10,10.7,10,8.9,10,7.8,10,2207,10
2008-04-25T23:00+00:00,5917,0,0,302,10,302,10,4.8,10,11.3,10,1001.6,10,,,90,10,0.0,10,0,10,,,0.0,10,10.7,,,10,11.0,,,10,10.7,10,8.9,10,7.7,10,2305,10
2008-04-26T00:00+00:00,5917,0,0,306,10,301,10,3.8,10,8.9,10,1002.0,10,,,89,10,0.0,10,0,10,,,0.0,10,10.6,,,10,10.9,,,10,10.7,10,9.0,10,7.4,10,51,10
2008-04-26T01:00+00:00,5917,0,0,304,10,299,10,4.2,10,9.5,10,1002.2,10,,,89,10,0.0,10,0,10,,,0.0,10,10.5,,,10,10.9,,,10,10.7,10,9.0,10,7.5,10,138,10
2008-04-26T02:00+00:00,5917,0,0,311,10,318,10,3.6,10,8.4,10,1002.5,10,,,90,10,0.0,10,0,10,,,0.0,10,10.4,,,10,10.8,,,10,10.7,10,9.0,10,7.3,10,216,10
2008-04-26T03:00+00:00,5917,0,0,306,10,303,10,3.7,10,8.7,10,1002.4,10,,,92,10,0.0,10,0,10,,,0.0,10,10.4,,,10,10.8,,,10,10.7,10,8.6,10,6.9,10,350,10
2008-04-26T04:00+00:00,5917,1,0,305,10,305,10,4.0,10,8.4,10,1002.6,10,,,91,10,0.0,10,0,10,,,0.0,10,10.3,,,10,10.7,,,10,10.7,10,8.8,10,7.0,10,454,10
2008-04-26T05:00+00:00,5917,54,0,306,10,311,10,4.4,10,9.5,10,1003.3,10,,,90,10,0.0,10,0,10,,,0.0,10,10.2,,,10,10.7,,,10,10.7,10,9.0,10,7.3,10,510,10
2008-04-26T06:00+00:00,5917,167,0,306,10,303,10,4.6,10,9.7,10,1003.4,10,,,87,10,0.0,10,0,10,,,0.8,10,10.2,,,10,10.6,,,10,10.7,10,9.8,10,8.5,10,648,10
2008-04-26T07:00+00:00,5917,291,0,308,10,310,10,3.8,10,9.2,10,1003.8,10,,,83,10,0.0,10,0,10,,,0.6,10,10.3,,,10,10.6,,,10,10.6,10,10.6,10,10.3,10,736,10
2008-04-26T08:00+00:00,5917,359,0,306,10,323,10,4.3,10,9.5,10,1004.2,10,,,81,10,0.0,10,0,10,,,0.2,10,10.4,,,10,10.5,,,10,10.6,10,11.6,10,12.4,10,811,10
2008-04-26T09:00+00:00,5917,597,0,305,10,323,10,4.6,10,10.3,10,1004.2,10,,,78,10,0.0,10,0,10,,,1.0,10,10.5,,,10,10.6,,,10,10.6,10,12.6,10,16.5,10,923,10
2008-04-26T10:00+00:00,5917,494,0,300,10,297,10,4.5,10,9.6,10,1004.0,10,,,75,10,0.0,10,0,10,,,0.4,10,10.7,,,10,10.6,,,10,10.6,10,13.2,10,16.5,10,1023,10
2008-04-26T11:00+00:00,5917,491,0,306,10,316,10,3.8,10,8.9,10,1003.8,10,,,72,10,0.0,10,0,10,,,0.3,10,11.0,,,10,10.7,,,10,10.6,10,13.9,10,18.1,10,1143,10
2008-04-26T12:00+00:00,5917,490,0,309,10,291,10,4.1,10,9.1,10,1003.5,10,,,66,10,0.0,10,0,10,,,0.4,10,11.2,,,10,10.8,,,10,10.6,10,15.2,10,18.1,10,1204,10
2008-04-26T13:00+00:00,5917,580,0,318,10,322,10,3.9,10,9.0,10,1003.0,10,,,62,10,0.0,10,0,10,,,0.6,10,11.5,,,10,10.9,,,10,10.6,10,15.8,10,20.7,10,1308,10
2008-04-26T14:00+00:00,5917,510,0,312,10,327,10,3.8,10,9.4,10,1002.4,10,,,57,10,0.0,10,0,10,,,0.6,10,11.8,,,10,11.1,,,10,10.6,10,16.6,10,19.0,10,1417,10
2008-04-26T15:00+00:00,5917,521,0,319,10,327,10,4.1,10,9.4,10,1002.2,10,,,55,10,0.0,10,0,10,,,0.9,10,12.1,,,10,11.2,,,10,10.6,10,16.5,10,21.2,10,1505,10
2008-04-26T16:00+00:00,5917,289,0,304,10,304,10,4.7,10,11.9,10,1002.2,10,,,59,10,0.0,10,0,10,,,0.8,10,12.2,,,10,11.4,,,10,10.6,10,15.8,10,16.7,10,1654,10
2008-04-26T17:00+00:00,5917,146,0,308,10,312,10,4.8,10,11.7,10,1002.6,10,,,58,10,0.0,10,0,10,,,0.6,10,12.2,,,10,11.5,,,10,10.6,10,14.8,10,13.4,10,1725,10
2008-04-26T18:00+00:00,5917,24,0,317,10,317,10,4.3,10,9.8,10,1003.4,10,,,61,10,0.0,10,0,10,,,0.0,10,12.1,,,10,11.6,,,10,10.7,10,13.5,10,11.2,10,1804,10
2008-04-26T19:00+00:00,5917,0,0,304,10,322,10,3.5,10,6.9,10,1004.0,10,,,71,10,0.0,10,0,10,,,0.0,10,11.9,,,10,11.6,,,10,10.7,10,12.1,10,9.1,10,2000,10
2008-04-26T20:00+00:00,5917,0,0,305,10,304,10,3.5,10,7.3,10,1004.1,10,,,75,10,0.0,10,0,10,,,0.0,10,11.8,,,10,11.6,,,10,10.7,10,11.4,10,8.8,10,2058,10
2008-04-26T21:00+00:00,5917,0,0,300,10,309,10,3.9,10,7.2,10,1004.1,10,,,76,10,0.0,10,0,10,,,0.0,10,11.6,,,10,11.6,,,10,10.7,10,10.6,10,7.7,10,2101,10
2008-04-26T22:00+00:00,5917,0,0,296,10,303,10,3.7,10,6.2,10,1004.0,10,,,80,10,0.0,10,0,10,,,0.0,10,11.4,,,10,11.5,,,10,10.8,10,9.9,10,7.1,10,2208,10
2008-04-26T23:00+00:00,5917,0,0,297,10,296,10,3.3,10,5.3,10,1003.7,10,,,81,10,0.0,10,0,10,,,0.0,10,11.2,,,10,11.5,,,10,10.8,10,9.6,10,6.4,10,2359,10
2008-04-27T00:00+00:00,5917,0,0,300,10,306,10,3.5,10,5.5,10,1003.4,10,,,81,10,0.0,10,0,10,,,0.0,10,11.0,,,10,11.4,,,10,10.8,10,9.6,10,6.5,10,4,10
2008-04-27T01:00+00:00,5917,0,0,292,10,298,10,3.4,10,5.5,10,1003.2,10,,,84,10,0.0,10,0,10,,,0.0,10,10.9,,,10,11.3,,,10,10.8,10,9.1,10,6.1,10,113,10
2008-04-27T02:00+00:00,5917,0,0,294,10,291,10,3.3,10,5.0,10,1003.0,10,,,86,10,0.0,10,0,10,,,0.0,10,10.7,,,10,11.2,,,10,10.8,10,8.5,10,5.5,10,236,10
2008-04-27T03:00+00:00,5917,0,0,304,10,317,10,2.4,10,4.3,10,1002.6,10,,,89,10,0.0,10,0,10,,,0.0,10,10.6,,,10,11.1,,,10,10.8,10,7.9,10,4.5,10,311,10
2008-04-27T04:00+00:00,5917,3,0,294,10,302,10,3.1,10,4.6,10,1002.6,10,,,91,10,0.0,10,0,10,,,0.0,10,10.4,,,10,11.0,,,10,10.8,10,7.6,10,4.5,10,409,10
2008-04-27T05:00+00:00,5917,61,0,298,10,298,10,2.9,10,4.7,10,1002.7,10,,,91,10,0.0,10,0,10,,,0.7,10,10.3,,,10,10.9,,,10,10.8,10,8.6,10,5.0,10,510,10
2008-04-27T06:00+00:00,5917,206,0,301,10,303,10,2.6,10,4.4,10,1002.9,10,,,83,10,0.0,10,0,10,,,1.0,10,10.4,,,10,10.8,,,10,10.8,10,10.4,10,7.0,10,647,10
2008-04-27T07:00+00:00,5917,387,0,313,10,322,10,1.9,10,4.3,10,1002.9,10,,,75,10,0.0,10,0,10,,,1.0,10,10.5,,,10,10.8,,,10,10.8,10,12.5,10,11.2,10,732,10
2008-04-27T08:00+00:00,5917,556,0,5,10,336,10,1.6,10,4.1,10,1002.6,10,,,66,10,0.0,10,0,10,,,1.0,10,10.7,,,10,10.7,,,10,10.8,10,14.3,10,14.3,10,804,10
2008-04-27T09:00+00:00,5917,709,0,22,10,19,10,1.4,10,3.7,10,1002.3,10,,,61,10,0.0,10,0,10,,,1.0,10,10.9,,,10,10.8,,,10,10.8,10,15.4,10,21.5,10,932,10
2008-04-27T10:00+00:00,5917,814,0,57,10,61,10,1.4,10,3.9,10,1001.6,10,,,50,10,0.0,10,0,10,,,1.0,10,11.3,,,10,10.8,,,10,10.7,10,16.8,10,27.6,10,1041,10
2008-04-27T11:00+00:00,5917,863,0,107,10,114,10,1.4,10,4.9,10,1000.8,10,,,45,10,0.0,10,0,10,,,1.0,10,11.9,,,10,11.0,,,10,10.7,10,17.8,10,33.6,10,1130,10
2008-04-27T12:00+00:00,5917,861,0,129,10,70,10,1.5,10,6.7,10,1000.1,10,,,39,10,0.0,10,0,10,,,1.0,10,12.4,,,10,11.2,,,10,10.7,10,18.1,10,35.3,10,1300,10
2008-04-27T13:00+00:00,5917,784,0,81,10,124,10,0.5,10,4.1,10,999.2,10,,,39,10,0.0,10,0,10,,,1.0,10,13.0,,,10,11.4,,,10,10.7,10,18.6,10,34.6,10,1349,10
2008-04-27T14:00+00:00,5917,683,0,127,10,108,10,1.7,10,5.4,10,998.5,10,,,37,10,0.0,10,0,10,,,1.0,10,13.4,,,10,11.8,,,10,10.7,10,19.4,10,31.8,10,1402,10
2008-04-27T15:00+00:00,5917,540,0,154,10,131,10,1.7,10,4.6,10,997.8,10,,,36,10,0.0,10,0,10,,,1.0,10,13.7,,,10,12.1,,,10,10.7,10,19.3,10,26.7,10,1520,10
2008-04-27T16:00+00:00,5917,369,0,162,10,161,10,1.8,10,4.1,10,997.1,10,,,36,10,0.0,10,0,10,,,1.0,10,13.8,,,10,12.3,,,10,10.8,10,18.5,10,21.8,10,1632,10
2008-04-27T17:00+00:00,5917,184,0,139,10,156,10,1.9,10,4.6,10,996.6,10,,,39,10,0.0,10,0,10,,,1.0,10,13.7,,,10,12.5,,,10,10.8,10,17.6,10,15.2,10,1706,10
2008-04-27T18:00+00:00,5917,39,0,131,10,125,10,1.4,10,2.6,10,996.4,10,,,39,10,0.0,10,0,10,,,0.7,10,13.5,,,10,12.5,,,10,10.9,10,16.5,10,8.5,10,1900,10
2008-04-27T19:00+00:00,5917,0,0,143,10,151,10,1.9,10,2.7,10,996.5,10,,,44,10,0.0,10,0,10,,,0.0,10,13.2,,,10,12.6,,,10,10.9,10,14.5,10,5.8,10,1938,10
2008-04-27T20:00+00:00,5917,0,0,195,10,208,10,1.6,10,2.7,10,996.4,10,,,53,10,0.0,10,0,10,,,0.0,10,12.8,,,10,12.5,,,10,11.0,10,12.6,10,4.2,10,2041,10
2008-04-27T21:00+00:00,5917,0,0,280,10,289,10,1.6,10,2.2,10,996.0,10,,,56,10,0.0,10,0,10,,,0.0,10,12.5,,,10,12.4,,,10,11.1,10,12.1,10,2.9,10,2122,10
2008-04-27T22:00+00:00,5917,0,0,235,10,185,10,1.0,10,2.3,10,995.6,10,,,70,10,0.0,10,0,10,,,0.0,10,12.1,,,10,12.3,,,10,11.1,10,10.3,10,2.4,10,2251,10
2008-04-27T23:00+00:00,5917,0,0,177,10,188,10,2.2,10,3.1,10,995.1,10,,,80,10,0.0,10,0,10,,,0.0,10,11.9,,,10,12.2,,,10,11.1,10,8.5,10,3.4,10,2330,10
2008-04-28T00:00+00:00,5917,0,0,186,10,188,10,2.3,10,3.4,10,994.4,10,,,83,10,0.0,10,0,10,,,0.0,10,11.6,,,10,12.0,,,10,11.1,10,7.4,10,2.5,10,17,10
2008-04-28T01:00+00:00,5917,0,0,194,10,211,10,2.2,10,3.5,10,993.7,10,,,85,10,0.0,10,0,10,,,0.0,10,11.3,,,10,11.9,,,10,11.2,10,6.5,10,2.0,10,101,10
2008-04-28T02:00+00:00,5917,0,0,210,10,211,10,2.3,10,3.3,10,993.1,10,,,81,10,0.0,10,0,10,,,0.0,10,11.1,,,10,11.8,,,10,11.2,10,7.1,10,1.5,10,229,10
2008-04-28T03:00+00:00,5917,0,0,151,10,211,10,1.4,10,3.0,10,992.4,10,,,88,10,0.0,10,0,10,,,0.0,10,10.9,,,10,11.6,,,10,11.2,10,5.6,10,0.6,10,304,10
2008-04-28T04:00+00:00,5917,3,0,145,10,123,10,2.2,10,3.7,10,992.0,10,,,84,10,0.0,10,0,10,,,0.0,10,10.7,,,10,11.5,,,10,11.2,10,6.3,10,0.5,10,408,10
2008-04-28T05:00+00:00,5917,70,0,130,10,168,10,1.2,10,2.3,10,991.9,10,,,80,10,0.0,10,0,10,,,0.8,10,10.5,,,10,11.3,,,10,11.2,10,8.2,10,0.8,10,600,10
2008-04-28T06:00+00:00,5917,232,0,164,10,99,10,0.2,10,1.6,10,991.8,10,,,77,10,0.0,10,0,10,,,1.0,10,10.5,,,10,11.2,,,10,11.1,10,11.1,10,5.2,10,659,10
2008-04-28T07:00+00:00,5917,410,0,115,10,108,10,1.1,10,2.9,10,991.4,10,,,71,10,0.0,10,0,10,,,1.0,10,10.7,,,10,11.1,,,10,11.1,10,13.6,10,10.2,10,719,10
2008-04-28T08:00+00:00,5917,586,0,124,10,133,10,4.0,10,7.4,10,990.8,10,,,56,10,0.0,10,0,10,,,1.0,10,10.9,,,10,11.0,,,10,11.1,10,16.4,10,13.9,10,857,10
2008-04-28T09:00+00:00,5917,730,0,125,10,122,10,5.3,10,10.4,10,990.1,10,,,49,10,0.0,10,0,10,,,1.0,10,11.2,,,10,11.1,,,10,11.1,10,17.9,10,21.7,10,958,10
2008-04-28T10:00+00:00,5917,823,0,132,10,143,10,6.6,10,11.0,10,989.5,10,,,46,10,0.0,10,0,10,,,1.0,10,11.6,,,10,11.1,,,10,11.1,10,18.9,10,26.7,10,1028,10
2008-04-28T11:00+00:00,5917,872,0,128,10,139,10,7.2,10,12.4,10,988.5,10,,,42,10,0.0,10,0,10,,,1.0,10,12.1,,,10,11.2,,,10,11.0,10,19.9,10,29.0,10,1131,10
2008-04-28T12:00+00:00,5917,860,0,134,10,132,10,7.2,10,11.6,10,987.7,10,,,38,10,0.0,10,0,10,,,1.0,10,12.6,,,10,11.4,,,10,11.0,10,20.5,10,31.2,10,1205,10
2008-04-28T13:00+00:00,5917,790,0,130,10,121,10,7.4,10,12.1,10,987.0,10,,,40,10,0.0,10,0,10,,,1.0,10,13.0,,,10,11.6,,,10,11.0,10,20.4,10,29.5,10,1318,10
2008-04-28T14:00+00:00,5917,677,0,126,10,140,10,6.8,10,11.0,10,986.5,10,,,39,10,0.0,10,0,10,,,1.0,10,13.4,,,10,11.9,,,10,11.0,10,20.6,10,28.6,10,1424,10
2008-04-28T15:00+00:00,5917,518,0,126,10,128,10,6.6,10,10.8,10,986.2,10,,,38,10,0.0,10,0,10,,,1.0,10,13.6,,,10,12.1,,,10,11.0,10,20.1,10,24.7,10,1506,10
2008-04-28T16:00+00:00,5917,334,0,124,10,141,10,6.3,10,10.7,10,985.7,10,,,39,10,0.0,10,0,10,,,1.0,10,13.7,,,10,12.3,,,10,11.0,10,19.0,10,20.1,10,1616,10
2008-04-28T17:00+00:00,5917,141,0,124,10,137,10,4.8,10,8.2,10,985.3,10,,,42,10,0.0,10,0,10,,,0.9,10,13.6,,,10,12.5,,,10,11.1,10,17.5,10,16.3,10,1701,10
2008-04-28T18:00+00:00,5917,33,0,121,10,123,10,5.2,10,7.7,10,985.3,10,,,42,10,0.0,10,0,10,,,0.0,10,13.5,,,10,12.6,,,10,11.1,10,16.8,10,15.3,10,1846,10
2008-04-28T19:00+00:00,5917,0,0,116,10,126,10,4.7,10,7.5,10,985.3,10,,,43,10,0.0,10,0,10,,,0.0,10,13.3,,,10,12.6,,,10,11.2,10,15.7,10,12.8,10,1903,10
2008-04-28T20:00+00:00,5917,0,0,118,10,125,10,4.7,10,7.6,10,985.1,10,,,48,10,0.0,10,0,10,,,0.0,10,13.0,,,10,12.6,,,10,11.2,10,14.8,10,12.2,10,2052,10
2008-04-28T21:00+00:00,5917,0,0,123,10,125,10,4.9,10,7.7,10,984.8,10,,,51,10,0.0,10,0,10,,,0.0,10,12.8,,,10,12.5,,,10,11.2,10,14.1,10,11.3,10,2150,10
2008-04-28T22:00+00:00,5917,0,0,122,10,125,10,4.6,10,7.5,10,984.7,10,,,56,10,0.0,10,0,10,,,0.0,10,12.6,,,10,12.5,,,10,11.3,10,13.2,10,10.7,10,2207,10
2008-04-28T23:00+00:00,5917,0,0,132,10,127,10,2.9,10,5.8,10,984.0,10,,,61,10,0.0,10,0,10,,,0.0,10,12.4,,,10,12.4,,,10,11.3,10,12.5,10,8.5,10,2359,10
2008-04-29T00:00+00:00,5917,0,0,121,10,125,10,4.7,10,6.9,10,983.2,10,,,61,10,0.0,10,0,10,,,0.0,10,12.2,,,10,12.3,,,10,11.3,10,11.9,10,8.6,10,12,10
2008-04-29T01:00+00:00,5917,0,0,135,10,128,10,2.8,10,5.3,10,982.6,10,,,67,10,0.0,10,0,10,,,0.0,10,12.0,,,10,12.2,,,10,11.4,10,10.4,10,6.2,10,136,10
2008-04-29T02:00+00:00,5917,0,0,165,10,142,10,1.5,10,3.5,10,982.5,10,,,74,10,0.0,10,0,10,,,0.0,10,11.8,,,10,12.1,,,10,11.4,10,9.8,10,3.9,10,226,10
2008-04-29T03:00+00:00,5917,0,0,166,10,149,10,1.0,10,3.3,10,982.2,10,,,73,10,0.0,10,0,10,,,0.0,10,11.6,,,10,12.0,,,10,11.4,10,10.4,10,5.7,10,332,10
2008-04-29T04:00+00:00,5917,1,0,103,10,106,10,2.6,10,6.0,10,981.9,10,,,71,10,0.0,10,0,10,,,0.0,10,11.5,,,10,11.9,,,10,11.4,10,10.4,10,7.8,10,456,10
2008-04-29T05:00+00:00,5917,75,0,103,10,105,10,3.7,10,5.8,10,982.0,10,,,71,10,0.0,10,0,10,,,0.1,10,11.5,,,10,11.8,,,10,11.4,10,10.5,10,7.9,10,503,10
2008-04-29T06:00+00:00,5917,203,0,106,10,97,10,2.4,10,5.7,10,981.9,10,,,66,10,0.0,10,0,10,,,0.5,10,11.5,,,10,11.7,,,10,11.4,10,11.9,10,11.1,10,654,10
2008-04-29T07:00+00:00,5917,223,0,113,10,125,10,3.2,10,5.6,10,981.8,10,,,65,10,0.0,10,0,10,,,0.2,10,11.6,,,10,11.6,,,10,11.4,10,12.7,10,14.0,10,704,10
2008-04-29T08:00+00:00,5917,360,0,132,10,148,10,2.4,10,4.1,10,981.5,10,,,65,10,0.0,10,0,10,,,0.5,10,11.8,,,10,11.6,,,10,11.3,10,13.4,10,15.1,10,831,10
2008-04-29T09:00+00:00,5917,312,0,112,10,104,10,1.4,10,4.9,10,981.1,10,,,63,10,0.0,10,0,10,,,0.0,10,11.9,,,10,11.6,,,10,11.3,10,14.6,10,17.7,10,956,10
2008-04-29T10:00+00:00,5917,579,0,123,10,111,10,3.5,10,8.2,10,980.8,10,,,59,10,0.0,10,0,10,,,0.8,10,12.2,,,10,11.7,,,10,11.3,10,16.5,10,21.5,10,1059,10
2008-04-29T11:00+00:00,5917,621,0,133,10,136,10,3.9,10,8.0,10,980.1,10,,,54,10,0.0,10,0,10,,,0.6,10,12.6,,,10,11.8,,,10,11.3,10,16.9,10,25.3,10,1101,10
2008-04-29T12:00+00:00,5917,586,0,139,10,144,10,3.0,10,7.4,10,979.8,10,,,50,10,0.0,10,0,10,,,0.6,10,12.9,,,10,11.9,,,10,11.3,10,17.8,10,23.6,10,1250,10
2008-04-29T13:00+00:00,5917,692,0,166,10,137,10,2.4,10,8.2,10,979.8,10,,,49,10,0.0,10,0,10,,,1.0,10,13.3,,,10,12.1,,,10,11.3,10,18.3,10,27.7,10,1302,10
2008-04-29T14:00+00:00,5917,378,0,266,10,296,10,3.3,10,10.4,10,980.1,10,,,75,10,0.0,10,0,10,,,0.2,10,13.6,,,10,12.2,,,10,11.3,10,15.2,10,19.3,10,1455,10
2008-04-29T15:00+00:00,5917,218,0,283,10,286,10,7.0,10,11.6,10,980.5,10,,,76,10,0.0,10,0,10,,,0.0,10,13.5,,,10,12.4,,,10,11.3,10,14.2,10,16.2,10,1503,10
2008-04-29T16:00+00:00,5917,167,0,279,10,290,10,8.0,10,13.1,10,981.0,10,,,76,10,0.0,10,0,10,,,0.0,10,13.4,,,10,12.6,,,10,11.3,10,13.0,10,14.3,10,1612,10
2008-04-29T17:00+00:00,5917,69,0,279,10,288,10,7.6,10,14.1,10,981.1,10,,,75,10,0.0,10,0,10,,,0.0,10,13.3,,,10,12.6,,,10,11.4,10,12.5,10,12.5,10,1709,10
2008-04-29T18:00+00:00,5917,18,0,279,10,283,10,7.6,10,13.4,10,981.6,10,,,76,10,0.0,10,0,10,,,0.0,10,13.1,,,10,12.7,,,10,11.4,10,11.9,10,11.2,10,1812,10
2008-04-29T19:00+00:00,5917,0,0,282,10,293,10,7.0,10,12.7,10,982.1,10,,,76,10,0.0,10,0,10,,,0.0,10,12.9,,,10,12.6,,,10,11.4,10,11.5,10,11.1,10,1913,10
2008-04-29T20:00+00:00,5917,0,0,279,10,281,10,6.7,10,12.3,10,982.4,10,,,77,10,0.0,10,0,10,,,0.0,10,12.8,,,10,12.6,,,10,11.5,10,11.0,10,10.5,10,2026,10
2008-04-29T21:00+00:00,5917,0,0,279,10,286,10,7.0,10,11.9,10,982.5,10,,,76,10,0.0,10,0,10,,,0.0,10,12.6,,,10,12.5,,,10,11.5,10,10.9,10,10.4,10,2108,10
2008-04-29T22:00+00:00,5917,0,0,284,10,292,10,6.4,10,11.8,10,982.9,10,,,78,10,0.0,10,0,10,,,0.0,10,12.5,,,10,12.5,,,10,11.5,10,10.8,10,10.3,10,2224,10
2008-04-29T23:00+00:00,5917,0,0,281,10,294,10,4.0,10,7.8,10,983.1,10,,,80,10,0.0,10,0,10,,,0.0,10,12.3,,,10,12.4,,,10,11.5,10,10.7,10,10.0,10,2309,10
2008-04-30T00:00+00:00,5917,0,0,282,10,297,10,4.4,10,7.9,10,982.7,10,,,82,10,0.0,10,0,10,,,0.0,10,12.2,,,10,12.3,,,10,11.5,10,10.4,10,9.3,10,28,10
2008-04-30T01:00+00:00,5917,0,0,276,10,285,10,4.0,10,8.0,10,982.7,10,,,83,10,0.0,10,0,10,,,0.0,10,12.1,,,10,12.2,,,10,11.5,10,10.1,10,9.3,10,102,10
2008-04-30T02:00+00:00,5917,0,0,288,10,289,10,2.4,10,4.9,10,982.5,10,,,82,10,0.0,10,0,10,,,0.0,10,12.0,,,10,12.2,,,10,11.5,10,10.2,10,9.2,10,205,10
2008-04-30T03:00+00:00,5917,0,0,286,10,283,10,2.2,10,3.9,10,982.7,10,,,84,10,0.0,10,0,10,,,0.0,10,11.9,,,10,12.1,,,10,11.5,10,9.8,10,7.2,10,342,10
2008-04-30T04:00+00:00,5917,1,0,290,10,285,10,1.6,10,3.0,10,982.7,10,,,85,10,0.0,10,0,10,,,0.0,10,11.7,,,10,12.0,,,10,11.5,10,9.4,10,5.0,10,401,10
2008-04-30T05:00+00:00,5917,69,0,276,10,283,10,1.4,10,2.8,10,983.1,10,,,85,10,0.0,10,0,10,,,0.0,10,11.6,,,10,11.9,,,10,11.5,10,10.0,10,4.9,10,600,10
2008-04-30T06:00+00:00,5917,134,0,243,10,285,10,0.6,10,2.6,10,982.9,10,,,82,10,0.0,10,0,10,,,0.3,10,11.6,,,10,11.9,,,10,11.5,10,11.5,10,9.8,10,601,10
2008-04-30T07:00+00:00,5917,235,0,122,10,118,10,1.0,10,2.5,10,982.9,10,,,82,10,0.0,10,0,10,,,0.3,10,11.7,,,10,11.8,,,10,11.5,10,12.1,10,12.5,10,746,10
2008-04-30T08:00+00:00,5917,524,0,137,10,139,10,3.9,10,7.9,10,982.9,10,,,75,10,0.0,10,0,10,,,0.6,10,11.9,,,10,11.8,,,10,11.5,10,14.7,10,16.6,10,854,10
2008-04-30T09:00+00:00,5917,745,0,140,10,135,10,5.4,10,9.0,10,982.7,10,,,72,10,0.0,10,0,10,,,1.0,10,12.1,,,10,11.8,,,10,11.5,10,15.6,10,21.9,10,922,10
2008-04-30T10:00+00:00,5917,855,0,140,10,136,10,6.1,10,10.1,10,982.4,10,,,67,10,0.0,10,0,10,,,1.0,10,12.5,,,10,11.9,,,10,11.5,10,16.5,10,26.6,10,1047,10
2008-04-30T11:00+00:00,5917,804,0,144,10,136,10,6.1,10,11.4,10,982.2,10,,,65,10,0.0,10,0,10,,,0.9,10,12.9,,,10,11.9,,,10,11.5,10,16.9,10,26.4,10,1111,10
2008-04-30T12:00+00:00,5917,829,0,140,10,150,10,6.8,10,11.7,10,981.6,10,,,65,10,0.0,10,0,10,,,1.0,10,13.3,,,10,12.1,,,10,11.5,10,17.5,10,27.3,10,1235,10
2008-04-30T13:00+00:00,5917,823,0,132,10,136,10,7.2,10,12.0,10,981.1,10,,,64,10,0.0,10,0,10,,,1.0,10,13.7,,,10,12.3,,,10,11.5,10,17.9,10,28.6,10,1359,10
2008-04-30T14:00+00:00,5917,657,0,132,10,133,10,8.1,10,12.9,10,980.4,10,,,64,10,0.0,10,0,10,,,0.9,10,14.0,,,10,12.5,,,10,11.5,10,17.7,10,23.8,10,1439,10
2008-04-30T15:00+00:00,5917,423,0,147,10,136,10,6.8,10,12.6,10,980.1,10,,,55,10,0.0,10,0,10,,,0.9,10,14.1,,,10,12.7,,,10,11.5,10,19.0,10,20.9,10,1502,10
2008-04-30T16:00+00:00,5917,344,0,143,10,135,10,7.6,10,12.7,10,980.0,10,,,58,10,0.0,10,0,10,,,1.0,10,14.1,,,10,12.9,,,10,11.5,10,18.4,10,20.6,10,1612,10
2008-04-30T17:00+00:00,5917,163,0,142,10,139,10,6.8,10,11.8,10,980.0,10,,,60,10,0.0,10,0,10,,,0.9,10,14.1,,,10,13.0,,,10,11.5,10,17.7,10,17.4,10,1733,10
2008-04-30T18:00+00:00,5917,39,0,140,10,137,10,5.4,10,9.8,10,980.1,10,,,66,10,0.0,10,0,10,,,0.6,10,13.9,,,10,13.1,,,10,11.6,10,15.9,10,13.9,10,1804,10
2008-04-30T19:00+00:00,5917,0,0,138,10,159,10,4.9,10,7.5,10,980.4,10,,,69,10,0.0,10,0,10,,,0.0,10,13.7,,,10,13.1,,,10,11.6,10,14.4,10,12.3,10,2000,10
2008-04-30T20:00+00:00,5917,0,0,137,10,134,10,4.4,10,7.6,10,980.8,10,,,73,10,0.0,10,0,10,,,0.0,10,13.5,,,10,13.1,,,10,11.7,10,13.6,10,11.5,10,2008,10
2008-04-30T21:00+00:00,5917,0,0,130,10,138,10,3.6,10,5.6,10,981.2,10,,,72,10,0.0,10,0,10,,,0.0,10,13.3,,,10,13.0,,,10,11.7,10,13.7,10,11.2,10,2152,10
2008-04-30T22:00+00:00,5917,0,0,132,10,143,10,4.1,10,6.2,10,981.3,10,,,77,10,0.0,10,0,10,,,0.0,10,13.1,,,10,12.9,,,10,11.7,10,11.9,10,9.5,10,2210,10
2008-04-30T23:00+00:00,5917,0,0,156,10,139,10,2.2,10,5.1,10,982.5,10,,,84,10,0.0,10,0,10,,,0.0,10,12.8,,,10,12.9,,,10,11.8,10,10.7,10,6.0,10,2309,10
2008-05-01T00:00+00:00,5917,0,0,288,10,285,10,3.2,10,9.1,10,982.9,10,,,81,10,0.0,10,0,10,,,0.0,10,12.6,,,10,12.7,,,10,11.8,10,13.0,10,6.4,10,59,10
2008-05-01T01:00+00:00,5917,0,0,276,10,290,10,7.3,10,15.8,10,983.3,10,,,77,10,0.0,10,0,10,,,0.0,10,12.6,,,10,12.7,,,10,11.8,10,13.3,10,9.9,10,157,10
2008-05-01T02:00+00:00,5917,0,0,281,10,280,10,9.0,10,17.8,10,984.3,10,,,75,10,0.0,10,0,10,,,0.0,10,12.5,,,10,12.6,,,10,11.8,10,13.0,10,12.1,10,242,10
2008-05-01T03:00+00:00,5917,0,0,282,10,295,10,6.9,10,15.0,10,985.6,10,,,76,10,0.0,10,0,10,,,0.0,10,12.4,,,10,12.5,,,10,11.8,10,12.5,10,11.2,10,318,10
2008-05-01T04:00+00:00,5917,1,0,286,10,283,10,6.8,10,13.4,10,986.6,10,,,78,10,0.0,10,0,10,,,0.0,10,12.3,,,10,12.4,,,10,11.8,10,12.0,10,11.0,10,414,10
2008-05-01T05:00+00:00,5917,37,0,282,10,269,10,4.8,10,11.6,10,987.5,10,,,77,10,0.0,10,0,10,,,0.1,10,12.2,,,10,12.4,,,10,11.8,10,11.9,10,10.7,10,538,10
2008-05-01T06:00+00:00,5917,173,0,275,10,282,10,5.0,10,10.0,10,988.2,10,,,72,10,0.0,10,0,10,,,0.3,10,12.2,,,10,12.3,,,10,11.8,10,13.4,10,11.1,10,700,10
2008-05-01T07:00+00:00,5917,265,0,274,10,297,10,5.0,10,9.9,10,988.9,10,,,73,10,0.0,10,3,10,,,0.5,10,12.3,,,10,12.3,,,10,11.8,10,13.3,10,12.7,10,715,10
2008-05-01T08:00+00:00,5917,536,0,278,10,290,10,6.4,10,10.3,10,989.3,10,,,67,10,0.0,10,0,10,,,0.9,10,12.4,,,10,12.2,,,10,11.8,10,14.5,10,15.0,10,835,10
2008-05-01T09:00+00:00,5917,306,0,291,10,300,10,6.1,10,11.5,10,990.0,10,,,68,10,0.0,10,0,10,,,0.0,10,12.5,,,10,12.2,,,10,11.8,10,13.6,10,16.1,10,926,10
2008-05-01T10:00+00:00,5917,191,0,284,10,283,10,6.5,10,11.3,10,990.3,10,,,71,10,0.0,10,0,10,,,0.0,10,12.5,,,10,12.3,,,10,11.8,10,13.5,10,14.8,10,1015,10
2008-05-01T11:00+00:00,5917,200,0,281,10,286,10,4.7,10,9.3,10,990.5,10,,,74,10,0.0,10,20,10,,,0.0,10,12.6,,,10,12.3,,,10,11.8,10,13.8,10,13.0,10,1120,10
2008-05-01T12:00+00:00,5917,493,0,303,10,307,10,3.5,10,8.5,10,990.3,10,,,64,10,0.0,10,0,10,,,0.2,10,12.7,,,10,12.3,,,10,11.8,10,15.4,10,16.3,10,1214,10
2008-05-01T13:00+00:00,5917,292,0,306,10,305,10,2.7,10,7.0,10,990.5,10,,,63,10,0.0,10,0,10,,,0.0,10,12.9,,,10,12.4,,,10,11.8,10,15.7,10,18.9,10,1315,10
2008-05-01T14:00+00:00,5917,274,0,296,10,302,10,3.4,10,7.8,10,990.7,10,,,63,10,0.0,10,0,10,,,0.0,10,13.0,,,10,12.5,,,10,11.8,10,15.5,10,18.9,10,1408,10
2008-05-01T15:00+00:00,5917,113,0,290,10,270,10,3.0,10,6.9,10,991.1,10,,,64,10,0.0,10,0,10,,,0.0,10,13.1,,,10,12.6,,,10,11.8,10,15.1,10,15.9,10,1502,10
2008-05-01T16:00+00:00,5917,69,0,285,10,287,10,2.4,10,4.7,10,991.4,10,,,71,10,0.0,10,19,10,,,0.0,10,13.0,,,10,12.6,,,10,11.8,10,14.3,10,13.2,10,1652,10
2008-05-01T17:00+00:00,5917,28,0,230,10,210,10,2.6,10,5.0,10,991.9,10,,,91,10,0.2,10,50,10,,,0.0,10,13.0,,,10,12.6,,,10,11.8,10,12.5,10,11.5,10,1739,10
2008-05-01T18:00+00:00,5917,31,0,224,10,232,10,2.4,10,3.8,10,992.2,10,,,94,10,0.0,10,0,10,,,0.0,10,12.9,,,10,12.7,,,10,11.8,10,12.2,10,10.6,10,1831,10
2008-05-01T19:00+00:00,5917,0,0,274,10,281,10,3.9,10,8.5,10,993.2,10,,,76,10,0.0,10,0,10,,,0.0,10,12.7,,,10,12.6,,,10,11.8,10,12.4,10,9.2,10,1947,10
2008-05-01T20:00+00:00,5917,0,0,276,10,278,10,4.0,10,6.9,10,993.3,10,,,75,10,0.0,10,0,10,,,0.0,10,12.6,,,10,12.6,,,10,11.8,10,12.2,10,8.0,10,2008,10
2008-05-01T21:00+00:00,5917,0,0,286,10,289,10,3.2,10,6.2,10,993.3,10,,,71,10,0.0,10,0,10,,,0.0,10,12.4,,,10,12.6,,,10,11.8,10,12.7,10,8.5,10,2117,10
2008-05-01T22:00+00:00,5917,0,0,292,10,298,10,3.7,10,8.6,10,993.6,10,,,72,10,0.0,10,0,10,,,0.0,10,12.3,,,10,12.5,,,10,11.8,10,12.6,10,9.2,10,2252,10
2008-05-01T23:00+00:00,5917,0,0,290,10,292,10,3.9,10,7.0,10,994.0,10,,,73,10,0.0,10,0,10,,,0.0,10,12.2,,,10,12.4,,,10,11.8,10,12.1,10,8.7,10,2304,10
2008-05-02T00:00+00:00,5917,0,0,292,10,296,10,3.6,10,7.1,10,994.4,10,,,70,10,0.0,10,0,10,,,0.0,10,12.1,,,10,12.4,,,10,11.8,10,12.3,10,7.7,10,44,10
2008-05-02T01:00+00:00,5917,0,0,296,10,300,10,4.4,10,7.4,10,994.5,10,,,72,10,0.0,10,0,10,,,0.0,10,12.0,,,10,12.3,,,10,11.8,10,12.0,10,8.7,10,123,10
2008-05-02T02:00+00:00,5917,0,0,295,10,304,10,4.5,10,7.7,10,994.9,10,,,73,10,0.0,10,0,10,,,0.0,10,11.9,,,10,12.2,,,10,11.8,10,11.4,10,8.1,10,204,10
2008-05-02T03:00+00:00,5917,0,0,292,10,295,10,4.1,10,6.7,10,995.6,10,,,77,10,0.0,10,0,10,,,0.0,10,11.8,,,10,12.2,,,10,11.8,10,10.5,10,6.3,10,327,10
2008-05-02T04:00+00:00,5917,4,0,299,10,295,10,2.9,10,5.9,10,996.0,10,,,76,10,0.0,10,0,10,,,0.0,10,11.6,,,10,12.1,,,10,11.8,10,10.4,10,4.2,10,427,10
2008-05-02T05:00+00:00,5917,75,0,295,10,287,10,3.7,10,7.3,10,996.7,10,,,76,10,0.0,10,0,10,,,0.8,10,11.5,,,10,12.0,,,10,11.8,10,11.2,10,4.4,10,531,10
2008-05-02T06:00+00:00,5917,241,0,296,10,286,10,4.6,10,8.8,10,997.5,10,,,71,10,0.0,10,0,10,,,1.0,10,11.6,,,10,11.9,,,10,11.8,10,12.9,10,9.4,10,638,10
2008-05-02T07:00+00:00,5917,377,0,303,10,313,10,4.3,10,10.3,10,997.8,10,,,63,10,0.0,10,0,10,,,1.0,10,11.7,,,10,11.9,,,10,11.8,10,14.2,10,13.7,10,739,10
2008-05-02T08:00+00:00,5917,583,0,307,10,303,10,4.3,10,10.5,10,997.9,10,,,61,10,0.0,10,0,10,,,1.0,10,11.8,,,10,11.9,,,10,11.8,10,15.3,10,15.1,10,827,10
2008-05-02T09:00+00:00,5917,733,0,296,10,299,10,4.2,10,8.6,10,998.0,10,,,58,10,0.0,10,0,10,,,1.0,10,12.1,,,10,11.9,,,10,11.8,10,16.6,10,21.3,10,908,10
2008-05-02T10:00+00:00,5917,825,0,297,10,295,10,3.8,10,9.2,10,997.8,10,,,49,10,0.0,10,0,10,,,0.9,10,12.4,,,10,11.9,,,10,11.7,10,17.7,10,27.5,10,1053,10
2008-05-02T11:00+00:00,5917,823,0,295,10,301,10,4.7,10,10.4,10,997.5,10,,,46,10,0.0,10,0,10,,,0.9,10,12.8,,,10,12.0,,,10,11.7,10,18.1,10,27.8,10,1123,10
2008-05-02T12:00+00:00,5917,870,0,301,10,326,10,5.0,10,10.7,10,997.3,10,,,40,10,0.0,10,0,10,,,0.9,10,13.3,,,10,12.2,,,10,11.7,10,19.1,10,29.9,10,1254,10
2008-05-02T13:00+00:00,5917,849,0,310,10,335,10,5.0,10,11.1,10,997.1,10,,,39,10,0.0,10,0,10,,,1.0,10,13.7,,,10,12.4,,,10,11.7,10,19.4,10,32.8,10,1327,10
2008-05-02T14:00+00:00,5917,437,0,311,10,313,10,4.7,10,10.6,10,997.1,10,,,43,10,0.0,10,0,10,,,0.5,10,14.0,,,10,12.6,,,10,11.7,10,18.3,10,21.5,10,1429,10
2008-05-02T15:00+00:00,5917,582,0,292,10,282,10,4.0,10,10.0,10,997.0,10,,,44,10,0.0,10,0,10,,,1.0,10,14.2,,,10,12.9,,,10,11.7,10,19.1,10,23.5,10,1553,10
2008-05-02T16:00+00:00,5917,327,0,285,10,297,10,5.4,10,9.7,10,996.9,10,,,42,10,0.0,10,0,10,,,0.7,10,14.2,,,10,13.1,,,10,11.8,10,18.8,10,19.6,10,1700,10
2008-05-02T17:00+00:00,5917,199,0,289,10,300,10,4.3,10,8.6,10,997.0,10,,,41,10,0.0,10,0,10,,,1.0,10,14.2,,,10,13.2,,,10,11.8,10,18.0,10,16.7,10,1706,10
2008-05-02T18:00+00:00,5917,36,0,292,10,285,10,4.8,10,12.2,10,997.7,10,,,50,10,0.0,10,0,10,,,0.2,10,14.0,,,10,13.3,,,10,11.8,10,16.1,10,13.6,10,1856,10
2008-05-02T19:00+00:00,5917,0,0,280,10,286,10,5.3,10,9.7,10,998.0,10,,,58,10,0.0,10,0,10,,,0.0,10,13.8,,,10,13.3,,,10,11.9,10,14.2,10,11.2,10,1901,10
2008-05-02T20:00+00:00,5917,0,0,294,10,290,10,4.8,10,9.7,10,998.2,10,,,59,10,0.0,10,0,10,,,0.0,10,13.6,,,10,13.3,,,10,11.9,10,14.2,10,10.7,10,2044,10
2008-05-02T21:00+00:00,5917,0,0,292,10,290,10,5.4,10,10.8,10,998.4,10,,,63,10,0.0,10,0,10,,,0.0,10,13.4,,,10,13.2,,,10,11.9,10,13.9,10,11.3,10,2142,10
2008-05-02T22:00+00:00,5917,0,0,306,10,300,10,4.0,10,9.2,10,998.6,10,,,68,10,0.0,10,0,10,,,0.0,10,13.2,,,10,13.1,,,10,12.0,10,13.6,10,11.9,10,2211,10
2008-05-02T23:00+00:00,5917,0,0,324,10,324,10,4.6,10,13.9,10,999.7,10,,,67,10,0.0,10,0,10,,,0.0,10,13.1,,,10,13.0,,,10,12.0,10,13.6,10,12.1,10,2356,10
2008-05-03T00:00+00:00,5917,0,0,310,10,322,10,5.6,10,14.3,10,999.5,10,,,73,10,0.0,10,0,10,,,0.0,10,12.9,,,10,12.9,,,10,12.0,10,11.7,10,10.3,10,1,10
2008-05-03T01:00+00:00,5917,0,0,301,10,301,10,3.6,10,9.5,10,999.2,10,,,76,10,0.0,10,0,10,,,0.0,10,12.8,,,10,12.9,,,10,12.0,10,11.4,10,9.3,10,200,10
2008-05-03T02:00+00:00,5917,0,0,283,10,298,10,2.9,10,6.8,10,999.6,10,,,83,10,0.0,10,0,10,,,0.0,10,12.6,,,10,12.8,,,10,12.1,10,10.3,10,7.3,10,204,10
2008-05-03T03:00+00:00,5917,0,0,304,10,295,10,2.7,10,5.9,10,999.5,10,,,82,10,0.0,10,0,10,,,0.0,10,12.4,,,10,12.7,,,10,12.1,10,10.1,10,5.8,10,356,10
2008-05-03T04:00+00:00,5917,4,0,303,10,301,10,2.6,10,6.6,10,999.7,10,,,85,10,0.0,10,0,10,,,0.0,10,12.2,,,10,12.6,,,10,12.1,10,9.6,10,4.9,10,455,10
2008-05-03T05:00+00:00,5917,83,0,302,10,304,10,3.4,10,7.1,10,1000.3,10,,,83,10,0.0,10,0,10,,,1.0,10,12.1,,,10,12.5,,,10,12.1,10,10.4,10,6.4,10,540,10
2008-05-03T06:00+00:00,5917,245,0,302,10,303,10,4.7,10,9.1,10,1000.8,10,,,80,10,0.0,10,0,10,,,1.0,10,12.1,,,10,12.4,,,10,12.0,10,11.5,10,9.6,10,657,10
2008-05-03T07:00+00:00,5917,407,0,311,10,305,10,3.5,10,8.6,10,1001.0,10,,,72,10,0.0,10,0,10,,,1.0,10,12.2,,,10,12.4,,,10,12.0,10,13.2,10,13.7,10,706,10
2008-05-03T08:00+00:00,5917,612,0,320,10,327,10,3.8,10,8.3,10,1001.0,10,,,68,10,0.0,10,0,10,,,1.0,10,12.4,,,10,12.3,,,10,12.0,10,14.3,10,16.4,10,806,10
2008-05-03T09:00+00:00,5917,589,0,325,10,336,10,4.5,10,9.2,10,1001.1,10,,,64,10,0.0,10,0,10,,,0.8,10,12.5,,,10,12.3,,,10,12.0,10,15.2,10,19.8,10,953,10
2008-05-03T10:00+00:00,5917,649,0,329,10,329,10,4.8,10,10.0,10,1000.8,10,,,60,10,0.0,10,0,10,,,0.7,10,12.8,,,10,12.4,,,10,12.0,10,16.0,10,23.0,10,1052,10
2008-05-03T11:00+00:00,5917,577,0,323,10,323,10,5.2,10,9.8,10,1000.7,10,,,60,10,0.0,10,0,10,,,0.5,10,13.0,,,10,12.5,,,10,12.0,10,16.1,10,20.7,10,1132,10
2008-05-03T12:00+00:00,5917,793,0,312,10,343,10,4.2,10,9.9,10,1000.2,10,,,58,10,0.0,10,0,10,,,0.9,10,13.4,,,10,12.6,,,10,12.0,10,17.1,10,26.3,10,1249,10
2008-05-03T13:00+00:00,5917,829,0,315,10,322,10,4.7,10,10.4,10,999.9,10,,,52,10,0.0,10,0,10,,,1.0,10,13.9,,,10,12.7,,,10,11.9,10,18.2,10,30.1,10,1346,10
2008-05-03T14:00+00:00,5917,692,0,318,10,325,10,4.8,10,10.6,10,999.7,10,,,50,10,0.0,10,0,10,,,0.9,10,14.2,,,10,12.9,,,10,12.0,10,17.7,10,26.0,10,1452,10
2008-05-03T15:00+00:00,5917,300,0,355,10,334,10,5.6,10,13.7,10,1000.5,10,,,61,10,0.1,10,4,10,,,0.3,10,14.3,,,10,13.1,,,10,12.0,10,14.6,10,14.7,10,1549,10
2008-05-03T16:00+00:00,5917,253,0,327,10,319,10,3.4,10,9.7,10,999.7,10,,,54,10,0.1,10,6,10,,,0.5,10,14.2,,,10,13.3,,,10,12.0,10,16.3,10,13.0,10,1628,10
2008-05-03T17:00+00:00,5917,119,0,325,10,325,10,4.3,10,9.5,10,999.8,10,,,60,10,0.0,10,0,10,,,0.4,10,14.1,,,10,13.4,,,10,12.0,10,14.9,10,12.5,10,1742,10
2008-05-03T18:00+00:00,5917,48,0,350,10,333,10,4.7,10,8.4,10,1000.3,10,,,68,10,0.0,10,2,10,,,0.4,10,13.9,,,10,13.4,,,10,12.1,10,13.6,10,11.2,10,1832,10
2008-05-03T19:00+00:00,5917,0,0,342,10,25,10,2.7,10,6.2,10,1000.5,10,,,71,10,0.0,10,0,10,,,0.0,10,13.7,,,10,13.4,,,10,12.1,10,12.4,10,7.1,10,1901,10
2008-05-03T20:00+00:00,5917,0,0,323,10,331,10,2.4,10,6.0,10,1001.0,10,,,76,10,0.0,10,0,10,,,0.0,10,13.4,,,10,13.4,,,10,12.1,10,11.5,10,5.3,10,2009,10
2008-05-03T21:00+00:00,5917,0,0,305,10,307,10,1.8,10,3.1,10,1001.0,10,,,80,10,0.0,10,0,10,,,0.0,10,13.1,,,10,13.3,,,10,12.2,10,10.5,10,3.4,10,2126,10
2008-05-03T22:00+00:00,5917,0,0,295,10,291,10,2.5,10,3.4,10,1000.8,10,,,84,10,0.0,10,0,10,,,0.0,10,12.8,,,10,13.2,,,10,12.2,10,10.4,10,3.3,10,2218,10
2008-05-03T23:00+00:00,5917,0,0,288,10,290,10,2.8,10,4.0,10,1000.5,10,,,89,10,0.0,10,0,10,,,0.0,10,12.6,,,10,13.0,,,10,12.2,10,9.5,10,4.4,10,2326,10
2008-05-04T00:00+00:00,5917,0,0,289,10,297,10,2.9,10,4.8,10,1000.3,10,,,89,10,0.0,10,0,10,,,0.0,10,12.4,,,10,12.9,,,10,12.2,10,9.1,10,4.1,10,9,10
2008-05-04T01:00+00:00,5917,0,0,285,10,284,10,3.0,10,4.6,10,1000.1,10,,,90,10,0.0,10,0,10,,,0.0,10,12.2,,,10,12.8,,,10,12.2,10,9.0,10,3.8,10,149,10
2008-05-04T02:00+00:00,5917,0,0,285,10,286,10,2.6,10,4.4,10,999.8,10,,,90,10,0.0,10,0,10,,,0.0,10,12.0,,,10,12.6,,,10,12.2,10,8.6,10,3.1,10,209,10
2008-05-04T03:00+00:00,5917,0,0,299,10,309,10,2.8,10,5.0,10,999.8,10,,,91,10,0.0,10,0,10,,,0.0,10,11.8,,,10,12.5,,,10,12.2,10,8.6,10,3.0,10,344,10
2008-05-04T04:00+00:00,5917,4,0,305,10,300,10,3.1,10,6.2,10,999.8,10,,,90,10,0.0,10,0,10,,,0.0,10,11.7,,,10,12.4,,,10,12.2,10,8.7,10,4.4,10,446,10
2008-05-04T05:00+00:00,5917,87,0,298,10,306,10,3.5,10,6.2,10,1000.0,10,,,85,10,0.0,10,0,10,,,0.9,10,11.6,,,10,12.3,,,10,12.2,10,10.1,10,6.0,10,600,10
2008-05-04T06:00+00:00,5917,251,0,305,10,317,10,3.0,10,6.8,10,1000.2,10,,,78,10,0.0,10,0,10,,,1.0,10,11.7,,,10,12.2,,,10,12.2,10,11.5,10,8.3,10,627,10
2008-05-04T07:00+00:00,5917,426,0,322,10,341,10,2.9,10,6.4,10,1000.3,10,,,69,10,0.0,10,0,10,,,1.0,10,11.9,,,10,12.2,,,10,12.1,10,13.5,10,12.7,10,748,10
2008-05-04T08:00+00:00,5917,598,0,348,10,341,10,4.1,10,6.9,10,1000.2,10,,,66,10,0.0,10,0,10,,,1.0,10,12.1,,,10,12.1,,,10,12.1,10,14.3,10,16.6,10,833,10
2008-05-04T09:00+00:00,5917,737,0,354,10,341,10,3.6,10,6.7,10,1000.0,10,,,64,10,0.0,10,0,10,,,1.0,10,12.4,,,10,12.2,,,10,12.1,10,15.5,10,23.1,10,920,10
2008-05-04T10:00+00:00,5917,811,0,9,10,339,10,4.0,10,8.8,10,999.5,10,,,58,10,0.0,10,0,10,,,0.9,10,12.7,,,10,12.2,,,10,12.1,10,16.4,10,28.4,10,1041,10
2008-05-04T11:00+00:00,5917,487,0,358,10,21,10,3.7,10,8.0,10,999.0,10,,,56,10,0.0,10,4,10,,,0.4,10,13.1,,,10,12.3,,,10,12.0,10,15.9,10,21.2,10,1118,10
2008-05-04T12:00+00:00,5917,588,0,336,10,20,10,1.3,10,5.9,10,998.7,10,,,49,10,0.0,10,0,10,,,0.5,10,13.5,,,10,12.5,,,10,12.0,10,17.0,10,21.2,10,1254,10
2008-05-04T13:00+00:00,5917,203,0,321,10,326,10,3.7,10,12.5,10,999.0,10,,,72,10,0.3,10,26,10,,,0.1,10,13.5,,,10,12.6,,,10,12.0,10,13.9,10,12.4,10,1325,10
2008-05-04T14:00+00:00,5917,298,0,297,10,298,10,3.7,10,8.5,10,998.6,10,,,62,10,0.0,10,0,10,,,0.2,10,13.6,,,10,12.8,,,10,12.0,10,14.4,10,14.8,10,1429,10
2008-05-04T15:00+00:00,5917,211,0,300,10,316,10,2.9,10,7.3,10,997.9,10,,,60,10,0.0,10,0,10,,,0.0,10,13.6,,,10,12.9,,,10,12.0,10,15.3,10,14.1,10,1501,10
2008-05-04T16:00+00:00,5917,179,0,339,10,342,10,2.9,10,6.0,10,997.6,10,,,60,10,0.0,10,0,10,,,0.1,10,13.6,,,10,13.0,,,10,12.1,10,15.4,10,14.8,10,1651,10
2008-05-04T17:00+00:00,5917,162,0,336,10,330,10,3.4,10,6.6,10,997.5,10,,,57,10,0.0,10,0,10,,,0.8,10,13.5,,,10,13.0,,,10,12.1,10,15.5,10,13.2,10,1748,10
2008-05-04T18:00+00:00,5917,36,0,305,10,310,10,2.5,10,6.8,10,997.9,10,,,64,10,0.0,10,0,10,,,0.3,10,13.3,,,10,13.1,,,10,12.1,10,13.6,10,8.2,10,1808,10
2008-05-04T19:00+00:00,5917,1,0,351,10,357,10,2.1,10,3.6,10,998.5,10,,,65,10,0.0,10,0,10,,,0.0,10,13.1,,,10,13.0,,,10,12.1,10,12.7,10,6.4,10,1959,10
2008-05-04T20:00+00:00,5917,0,0,3,10,29,10,3.6,10,7.3,10,999.0,10,,,71,10,0.0,10,0,10,,,0.0,10,12.9,,,10,13.0,,,10,12.1,10,12.2,10,7.3,10,2022,10
2008-05-04T21:00+00:00,5917,0,0,18,10,12,10,3.4,10,5.7,10,998.9,10,,,79,10,0.0,10,9,10,,,0.0,10,12.7,,,10,12.9,,,10,12.1,10,10.9,10,6.3,10,2113,10
2008-05-04T22:00+00:00,5917,0,0,20,10,21,10,3.3,10,5.2,10,999.0,10,,,78,10,0.0,10,0,10,,,0.0,10,12.5,,,10,12.9,,,10,12.2,10,10.3,10,5.3,10,2255,10
2008-05-04T23:00+00:00,5917,0,0,3,10,23,10,3.0,10,4.9,10,999.0,10,,,84,10,0.0,10,0,10,,,0.0,10,12.3,,,10,12.7,,,10,12.2,10,9.1,10,3.2,10,2301,10
2008-05-05T00:00+00:00,5917,0,0,305,10,338,10,1.8,10,3.5,10,998.9,10,,,88,10,0.0,10,0,10,,,0.0,10,12.1,,,10,12.7,,,10,12.2,10,8.2,10,1.0,10,100,10
2008-05-05T01:00+00:00,5917,0,0,293,10,300,10,2.6,10,4.2,10,998.9,10,,,92,10,0.0,10,0,10,,,0.0,10,11.8,,,10,12.6,,,10,12.2,10,7.5,10,1.4,10,138,10
2008-05-05T02:00+00:00,5917,0,0,289,10,289,10,3.1,10,4.5,10,998.6,10,,,92,10,0.0,10,0,10,,,0.0,10,11.7,,,10,12.4,,,10,12.2,10,7.4,10,2.4,10,209,10
2008-05-05T03:00+00:00,5917,0,0,290,10,300,10,3.2,10,4.8,10,998.6,10,,,92,10,0.0,10,0,10,,,0.0,10,11.5,,,10,12.3,,,10,12.2,10,7.4,10,2.4,10,337,10
2008-05-05T04:00+00:00,5917,3,0,298,10,297,10,3.2,10,5.5,10,998.7,10,,,91,10,0.0,10,0,10,,,0.0,10,11.4,,,10,12.2,,,10,12.2,10,8.3,10,3.2,10,433,10
2008-05-05T05:00+00:00,5917,30,0,305,10,300,10,3.5,10,7.7,10,999.2,10,,,90,10,0.2,10,15,10,,,0.0,10,11.4,,,10,12.1,,,10,12.1,10,9.0,10,6.8,10,547,10
2008-05-05T06:00+00:00,5917,37,0,306,10,314,10,2.9,10,6.9,10,999.8,10,,,92,10,0.5,10,40,10,,,0.0,10,11.4,,,10,12.0,,,10,12.1,10,9.2,10,8.4,10,604,10
2008-05-05T07:00+00:00,5917,39,0,308,10,308,10,2.8,10,6.7,10,1000.1,10,,,97,10,0.2,10,42,10,,,0.0,10,11.4,,,10,11.9,,,10,12.1,10,9.0,10,8.8,10,716,10
2008-05-05T08:00+00:00,5917,60,0,302,10,291,10,3.5,10,7.4,10,1000.3,10,,,92,10,0.0,10,4,10,,,0.0,10,11.5,,,10,11.9,,,10,12.1,10,9.8,10,9.1,10,859,10
2008-05-05T09:00+00:00,5917,285,0,304,10,306,10,4.2,10,9.1,10,1000.4,10,,,86,10,0.0,10,0,10,,,0.0,10,11.6,,,10,11.9,,,10,12.0,10,11.3,10,10.1,10,901,10
2008-05-05T10:00+00:00,5917,218,0,308,10,330,10,3.4,10,8.8,10,1000.3,10,,,82,10,0.0,10,0,10,,,0.0,10,11.8,,,10,11.9,,,10,12.0,10,12.3,10,13.0,10,1007,10
2008-05-05T11:00+00:00,5917,223,0,314,10,318,10,3.1,10,7.4,10,1000.3,10,,,81,10,0.0,10,0,10,,,0.0,10,11.9,,,10,11.9,,,10,12.0,10,13.0,10,14.5,10,1143,10
2008-05-05T12:00+00:00,5917,374,0,297,10,328,10,3.4,10,7.7,10,999.9,10,,,77,10,0.0,10,0,10,,,0.1,10,12.2,,,10,12.0,,,10,12.0,10,14.3,10,15.8,10,1201,10
2008-05-05T13:00+00:00,5917,236,0,287,10,292,10,4.0,10,7.0,10,999.5,10,,,78,10,0.0,10,5,10,,,0.0,10,12.4,,,10,12.1,,,10,11.9,10,14.0,10,16.3,10,1318,10
2008-05-05T14:00+00:00,5917,146,0,294,10,304,10,3.4,10,7.0,10,999.1,10,,,88,10,1.0,10,30,10,,,0.0,10,12.5,,,10,12.1,,,10,11.9,10,13.8,10,13.8,10,1406,10
2008-05-05T15:00+00:00,5917,114,0,298,10,307,10,3.6,10,6.9,10,999.5,10,,,86,10,0.1,10,18,10,,,0.0,10,12.5,,,10,12.2,,,10,11.9,10,13.4,10,12.7,10,1521,10
2008-05-05T16:00+00:00,5917,13,0,108,10,87,10,1.1,10,8.7,10,999.3,10,,,98,10,5.9,10,60,10,,,0.0,10,12.4,,,10,12.3,,,10,11.9,10,10.8,10,10.2,10,1603,10
2008-05-05T17:00+00:00,5917,19,0,226,10,119,10,1.5,10,5.0,10,998.7,10,,,97,10,2.9,10,57,10,,,0.0,10,12.4,,,10,12.3,,,10,11.9,10,11.1,10,10.7,10,1704,10
2008-05-05T18:00+00:00,5917,10,0,284,10,308,10,3.3,10,6.9,10,998.6,10,,,91,10,0.0,10,0,10,,,0.0,10,12.3,,,10,12.3,,,10,11.9,10,11.9,10,10.9,10,1850,10
2008-05-05T19:00+00:00,5917,0,0,298,10,300,10,3.9,10,7.5,10,999.0,10,,,91,10,0.0,10,0,10,,,0.0,10,12.2,,,10,12.3,,,10,11.9,10,11.8,10,10.7,10,1906,10
2008-05-05T20:00+00:00,5917,0,0,295,10,295,10,3.6,10,7.0,10,999.6,10,,,92,10,0.0,10,11,10,,,0.0,10,12.2,,,10,12.3,,,10,11.9,10,11.8,10,10.7,10,2026,10
2008-05-05T21:00+00:00,5917,0,0,322,10,310,10,2.4,10,5.1,10,999.5,10,,,95,10,2.6,10,59,10,,,0.0,10,12.1,,,10,12.3,,,10,11.9,10,11.5,10,10.9,10,2145,10
2008-05-05T22:00+00:00,5917,0,0,305,10,316,10,2.4,10,5.0,10,999.2,10,,,94,10,0.1,10,6,10,,,0.0,10,12.1,,,10,12.3,,,10,11.9,10,11.1,10,9.7,10,2253,10
2008-05-05T23:00+00:00,5917,0,0,304,10,302,10,3.8,10,7.4,10,999.3,10,,,93,10,0.0,10,0,10,,,0.0,10,12.0,,,10,12.2,,,10,11.9,10,10.9,10,9.6,10,2334,10
2008-05-06T00:00+00:00,5917,0,0,306,10,302,10,3.9,10,7.8,10,999.1,10,,,93,10,0.0,10,0,10,,,0.0,10,11.9,,,10,12.2,,,10,11.9,10,10.6,10,8.9,10,52,10
2008-05-06T01:00+00:00,5917,0,0,306,10,314,10,3.7,10,7.9,10,999.3,10,,,93,10,0.0,10,0,10,,,0.0,10,11.8,,,10,12.2,,,10,11.9,10,10.4,10,8.9,10,200,10
2008-05-06T02:00+00:00,5917,0,0,307,10,308,10,3.5,10,8.1,10,999.5,10,,,92,10,0.0,10,0,10,,,0.0,10,11.8,,,10,12.1,,,10,11.9,10,10.4,10,9.4,10,235,10
2008-05-06T03:00+00:00,5917,0,0,304,10,300,10,3.5,10,6.9,10,999.5,10,,,92,10,0.0,10,0,10,,,0.0,10,11.7,,,10,12.1,,,10,11.9,10,10.5,10,9.6,10,305,10
2008-05-06T04:00+00:00,5917,6,0,301,10,297,10,3.9,10,6.9,10,999.3,10,,,92,10,0.0,10,0,10,,,0.0,10,11.6,,,10,12.0,,,10,11.9,10,10.0,10,8.0,10,405,10
2008-05-06T05:00+00:00,5917,92,0,303,10,309,10,3.5,10,7.5,10,999.5,10,,,88,10,0.0,10,0,10,,,0.8,10,11.6,,,10,12.0,,,10,11.9,10,10.8,10,8.1,10,554,10
2008-05-06T06:00+00:00,5917,248,0,303,10,313,10,4.3,10,8.6,10,999.6,10,,,86,10,0.0,10,0,10,,,1.0,10,11.6,,,10,11.9,,,10,11.9,10,11.8,10,10.0,10,640,10
2008-05-06T07:00+00:00,5917,405,0,304,10,313,10,3.5,10,8.4,10,999.7,10,,,80,10,0.0,10,0,10,,,1.0,10,11.8,,,10,11.9,,,10,11.9,10,13.2,10,13.1,10,710,10
2008-05-06T08:00+00:00,5917,558,0,301,10,285,10,3.9,10,8.1,10,999.5,10,,,76,10,0.0,10,0,10,,,1.0,10,11.9,,,10,11.9,,,10,11.9,10,14.4,10,14.5,10,838,10
2008-05-06T09:00+00:00,5917,715,0,312,10,306,10,3.6,10,8.3,10,999.7,10,,,67,10,0.0,10,0,10,,,1.0,10,12.2,,,10,11.9,,,10,11.9,10,15.7,10,19.5,10,942,10
2008-05-06T10:00+00:00,5917,825,0,337,10,345,10,4.5,10,8.9,10,999.3,10,,,63,10,0.0,10,0,10,,,1.0,10,12.6,,,10,12.1,,,10,11.9,10,17.2,10,25.0,10,1035,10
2008-05-06T11:00+00:00,5917,820,0,353,10,351,10,4.1,10,9.3,10,998.8,10,,,58,10,0.0,10,0,10,,,0.9,10,13.1,,,10,12.2,,,10,11.9,10,18.4,10,28.8,10,1159,10
2008-05-06T12:00+00:00,5917,530,0,20,10,47,10,5.7,10,13.6,10,999.0,10,,,60,10,0.0,10,0,10,,,0.6,10,13.6,,,10,12.4,,,10,11.9,10,16.9,10,23.7,10,1231,10
2008-05-06T13:00+00:00,5917,455,0,17,10,43,10,5.9,10,11.4,10,999.1,10,,,64,10,0.0,10,0,10,,,0.5,10,14.0,,,10,12.7,,,10,11.9,10,16.3,10,21.0,10,1303,10
2008-05-06T14:00+00:00,5917,426,0,7,10,346,10,5.1,10,9.4,10,998.8,10,,,62,10,0.0,10,0,10,,,0.6,10,14.2,,,10,13.0,,,10,11.9,10,17.1,10,20.1,10,1410,10
2008-05-06T15:00+00:00,5917,381,0,8,10,22,10,4.9,10,9.3,10,998.4,10,,,53,10,0.0,10,0,10,,,0.6,10,14.4,,,10,13.2,,,10,11.9,10,17.1,10,19.8,10,1546,10
2008-05-06T16:00+00:00,5917,386,0,6,10,1,10,5.4,10,10.2,10,998.2,10,,,46,10,0.0,10,0,10,,,1.0,10,14.5,,,10,13.4,,,10,11.9,10,17.5,10,19.1,10,1636,10
2008-05-06T17:00+00:00,5917,196,0,357,10,3,10,5.4,10,9.3,10,998.2,10,,,49,10,0.0,10,0,10,,,1.0,10,14.5,,,10,13.5,,,10,12.0,10,16.6,10,15.1,10,1714,10
2008-05-06T18:00+00:00,5917,30,0,350,10,340,10,4.4,10,8.0,10,998.6,10,,,51,10,0.0,10,0,10,,,0.1,10,14.3,,,10,13.6,,,10,12.1,10,15.3,10,12.5,10,1820,10
2008-05-06T19:00+00:00,5917,1,0,329,10,346,10,3.6,10,6.4,10,999.0,10,,,78,10,0.0,10,0,10,,,0.0,10,14.0,,,10,13.6,,,10,12.1,10,14.0,10,10.1,10,1902,10
2008-05-06T20:00+00:00,5917,0,0,300,10,308,10,3.8,10,7.9,10,999.5,10,,,85,10,0.0,10,0,10,,,0.0,10,13.8,,,10,13.6,,,10,12.2,10,13.0,10,9.0,10,2037,10
2008-05-06T21:00+00:00,5917,0,0,304,10,300,10,3.3,10,6.9,10,999.6,10,,,78,10,0.0,10,0,10,,,0.0,10,13.6,,,10,13.5,,,10,12.2,10,12.9,10,10.5,10,2121,10
2008-05-06T22:00+00:00,5917,0,0,312,10,314,10,2.9,10,7.1,10,999.5,10,,,76,10,0.0,10,0,10,,,0.0,10,13.4,,,10,13.4,,,10,12.2,10,12.1,10,8.5,10,2225,10
2008-05-06T23:00+00:00,5917,0,0,313,10,301,10,2.8,10,6.0,10,999.5,10,,,73,10,0.0,10,0,10,,,0.0,10,13.2,,,10,13.3,,,10,12.3,10,11.9,10,8.0,10,2313,10
2008-05-07T00:00+00:00,5917,0,0,329,10,331,10,2.8,10,7.8,10,999.3,10,,,65,10,0.0,10,0,10,,,0.0,10,12.9,,,10,13.2,,,10,12.3,10,11.4,10,6.1,10,48,10
2008-05-07T01:00+00:00,5917,0,0,321,10,329,10,2.3,10,6.0,10,999.1,10,,,72,10,0.0,10,0,10,,,0.0,10,12.7,,,10,13.1,,,10,12.3,10,10.3,10,4.6,10,134,10
2008-05-07T02:00+00:00,5917,0,0,292,10,295,10,2.4,10,4.1,10,999.2,10,,,86,10,0.0,10,0,10,,,0.0,10,12.4,,,10,13.0,,,10,12.3,10,9.1,10,3.6,10,227,10
2008-05-07T03:00+00:00,5917,0,0,285,10,283,10,3.0,10,5.0,10,999.2,10,,,92,10,0.0,10,0,10,,,0.0,10,12.2,,,10,12.9,,,10,12.3,10,8.8,10,3.6,10,358,10
2008-05-07T04:00+00:00,5917,6,0,297,10,294,10,3.6,10,6.4,10,999.2,10,,,90,10,0.0,10,0,10,,,0.0,10,12.0,,,10,12.7,,,10,12.3,10,8.8,10,4.3,10,429,10
2008-05-07T05:00+00:00,5917,102,0,303,10,316,10,3.4,10,7.0,10,999.5,10,,,82,10,0.0,10,0,10,,,1.0,10,11.9,,,10,12.6,,,10,12.3,10,9.7,10,5.6,10,532,10
2008-05-07T06:00+00:00,5917,271,0,302,10,309,10,2.9,10,6.0,10,999.6,10,,,74,10,0.0,10,0,10,,,1.0,10,11.9,,,10,12.5,,,10,12.3,10,11.1,10,8.3,10,608,10
2008-05-07T07:00+00:00,5917,449,0,316,10,9,10,2.3,10,5.4,10,999.5,10,,,59,10,0.0,10,0,10,,,1.0,10,12.0,,,10,12.3,,,10,12.3,10,13.5,10,12.8,10,757,10
2008-05-07T08:00+00:00,5917,624,0,356,10,350,10,3.4,10,6.7,10,999.5,10,,,59,10,0.0,10,0,10,,,1.0,10,12.2,,,10,12.3,,,10,12.2,10,14.0,10,15.7,10,856,10
2008-05-07T09:00+00:00,5917,764,0,350,10,340,10,3.6,10,7.5,10,999.5,10,,,55,10,0.0,10,0,10,,,1.0,10,12.5,,,10,12.3,,,10,12.2,10,15.7,10,22.3,10,951,10
2008-05-07T10:00+00:00,5917,807,0,350,10,348,10,4.1,10,7.7,10,999.1,10,,,52,10,0.0,10,0,10,,,1.0,10,12.7,,,10,12.4,,,10,12.2,10,15.9,10,25.4,10,1024,10
2008-05-07T11:00+00:00,5917,880,0,348,10,335,10,4.2,10,8.5,10,998.6,10,,,48,10,0.0,10,0,10,,,1.0,10,13.2,,,10,12.5,,,10,12.2,10,17.0,10,29.8,10,1143,10
2008-05-07T12:00+00:00,5917,891,0,344,10,328,10,3.8,10,9.3,10,998.1,10,,,43,10,0.0,10,0,10,,,1.0,10,13.9,,,10,12.7,,,10,12.2,10,17.6,10,34.6,10,1253,10
2008-05-07T13:00+00:00,5917,857,0,354,10,329,10,4.5,10,9.3,10,997.6,10,,,41,10,0.0,10,0,10,,,1.0,10,14.5,,,10,13.0,,,10,12.2,10,18.6,10,35.5,10,1301,10
2008-05-07T14:00+00:00,5917,719,0,352,10,339,10,4.5,10,9.3,10,997.0,10,,,41,10,0.0,10,0,10,,,1.0,10,15.0,,,10,13.3,,,10,12.2,10,18.6,10,29.8,10,1408,10
2008-05-07T15:00+00:00,5917,550,0,336,10,333,10,3.8,10,8.1,10,996.6,10,,,41,10,0.0,10,0,10,,,1.0,10,15.2,,,10,13.6,,,10,12.2,10,18.7,10,26.4,10,1518,10
2008-05-07T16:00+00:00,5917,267,0,342,10,338,10,4.1,10,7.6,10,996.3,10,,,42,10,0.0,10,0,10,,,0.5,10,15.3,,,10,13.9,,,10,12.2,10,17.3,10,17.4,10,1605,10
2008-05-07T17:00+00:00,5917,160,0,349,10,325,10,3.4,10,6.4,10,996.2,10,,,44,10,0.0,10,0,10,,,0.4,10,15.2,,,10,14.1,,,10,12.3,10,17.1,10,16.9,10,1702,10
2008-05-07T18:00+00:00,5917,86,0,338,10,336,10,3.4,10,6.8,10,995.9,10,,,42,10,0.0,10,0,10,,,0.9,10,15.1,,,10,14.2,,,10,12.3,10,16.6,10,12.8,10,1807,10
2008-05-07T19:00+00:00,5917,3,0,326,10,334,10,1.8,10,3.9,10,996.3,10,,,43,10,0.0,10,0,10,,,0.0,10,14.8,,,10,14.2,,,10,12.4,10,15.0,10,7.2,10,1903,10
2008-05-07T20:00+00:00,5917,0,0,14,10,51,10,1.8,10,3.7,10,996.5,10,,,49,10,0.0,10,0,10,,,0.0,10,14.4,,,10,14.1,,,10,12.4,10,13.3,10,5.9,10,2001,10
2008-05-07T21:00+00:00,5917,0,0,348,10,355,10,2.0,10,3.4,10,996.5,10,,,52,10,0.0,10,0,10,,,0.0,10,14.0,,,10,14.1,,,10,12.5,10,12.7,10,4.9,10,2140,10
2008-05-07T22:00+00:00,5917,0,0,344,10,357,10,2.1,10,3.2,10,996.5,10,,,64,10,0.0,10,0,10,,,0.0,10,13.7,,,10,13.9,,,10,12.5,10,10.9,10,4.0,10,2230,10
2008-05-07T23:00+00:00,5917,0,0,283,10,286,10,2.7,10,3.8,10,996.5,10,,,79,10,0.0,10,0,10,,,0.0,10,13.3,,,10,13.8,,,10,12.6,10,9.7,10,3.5,10,2328,10
2008-05-08T00:00+00:00,5917,0,0,284,10,294,10,3.3,10,4.4,10,996.3,10,,,80,10,0.0,10,0,10,,,0.0,10,13.0,,,10,13.6,,,10,12.6,10,8.9,10,3.4,10,37,10
2008-05-08T01:00+00:00,5917,0,0,283,10,294,10,3.4,10,4.6,10,995.9,10,,,82,10,0.0,10,0,10,,,0.0,10,12.7,,,10,13.4,,,10,12.6,10,8.4,10,3.3,10,122,10
2008-05-08T02:00+00:00,5917,0,0,285,10,294,10,3.4,10,4.5,10,995.9,10,,,80,10,0.0,10,0,10,,,0.0,10,12.5,,,10,13.2,,,10,12.6,10,8.5,10,3.2,10,248,10
2008-05-08T03:00+00:00,5917,0,0,286,10,294,10,3.3,10,4.6,10,995.9,10,,,81,10,0.0,10,0,10,,,0.0,10,12.2,,,10,13.1,,,10,12.6,10,8.5,10,3.0,10,400,10
2008-05-08T04:00+00:00,5917,6,0,292,10,296,10,3.0,10,4.5,10,995.8,10,,,80,10,0.0,10,0,10,,,0.0,10,12.0,,,10,12.9,,,10,12.6,10,8.8,10,2.9,10,454,10
2008-05-08T05:00+00:00,5917,102,0,293,10,295,10,2.1,10,4.1,10,996.0,10,,,79,10,0.0,10,0,10,,,1.0,10,11.9,,,10,12.7,,,10,12.6,10,10.3,10,3.7,10,600,10
2008-05-08T06:00+00:00,5917,273,0,303,10,300,10,2.0,10,4.1,10,996.3,10,,,69,10,0.0,10,0,10,,,1.0,10,11.9,,,10,12.6,,,10,12.5,10,12.8,10,8.5,10,640,10
2008-05-08T07:00+00:00,5917,451,0,305,10,298,10,1.9,10,4.3,10,996.2,10,,,60,10,0.0,10,0,10,,,1.0,10,12.2,,,10,12.5,,,10,12.5,10,14.7,10,13.6,10,755,10
2008-05-08T08:00+00:00,5917,617,0,335,10,343,10,2.5,10,5.8,10,996.0,10,,,52,10,0.0,10,0,10,,,1.0,10,12.4,,,10,12.5,,,10,12.5,10,16.9,10,16.3,10,851,10
2008-05-08T09:00+00:00,5917,764,0,353,10,343,10,3.6,10,6.9,10,995.9,10,,,48,10,0.0,10,0,10,,,1.0,10,12.6,,,10,12.5,,,10,12.5,10,17.6,10,24.3,10,929,10
2008-05-08T10:00+00:00,5917,861,0,352,10,336,10,4.0,10,7.5,10,995.7,10,,,46,10,0.0,10,0,10,,,1.0,10,13.0,,,10,12.6,,,10,12.4,10,18.2,10,28.2,10,1017,10
2008-05-08T11:00+00:00,5917,900,0,353,10,342,10,3.4,10,8.8,10,995.2,10,,,45,10,0.0,10,0,10,,,1.0,10,13.6,,,10,12.7,,,10,12.4,10,18.4,10,34.7,10,1105,10
2008-05-08T12:00+00:00,5917,879,0,13,10,22,10,3.2,10,7.0,10,994.7,10,,,44,10,0.0,10,0,10,,,1.0,10,14.2,,,10,12.9,,,10,12.4,10,19.9,10,38.9,10,1233,10
2008-05-08T13:00+00:00,5917,846,0,355,10,330,10,3.0,10,7.8,10,994.4,10,,,42,10,0.0,10,0,10,,,1.0,10,14.9,,,10,13.2,,,10,12.4,10,20.5,10,38.6,10,1357,10
2008-05-08T14:00+00:00,5917,731,0,339,10,349,10,3.0,10,7.5,10,993.7,10,,,37,10,0.0,10,0,10,,,1.0,10,15.5,,,10,13.6,,,10,12.4,10,20.4,10,34.0,10,1437,10
2008-05-08T15:00+00:00,5917,520,0,337,10,336,10,2.0,10,6.2,10,993.4,10,,,37,10,0.0,10,0,10,,,0.9,10,15.8,,,10,13.9,,,10,12.4,10,20.9,10,28.0,10,1519,10
2008-05-08T16:00+00:00,5917,402,0,304,10,317,10,2.4,10,6.7,10,993.1,10,,,38,10,0.0,10,0,10,,,1.0,10,15.9,,,10,14.2,,,10,12.4,10,20.9,10,24.2,10,1602,10
2008-05-08T17:00+00:00,5917,232,0,306,10,321,10,2.5,10,7.2,10,992.9,10,,,40,10,0.0,10,0,10,,,1.0,10,15.8,,,10,14.4,,,10,12.5,10,20.5,10,19.3,10,1800,10
2008-05-08T18:00+00:00,5917,61,0,284,10,284,10,2.8,10,5.1,10,992.9,10,,,42,10,0.0,10,0,10,,,0.7,10,15.7,,,10,14.5,,,10,12.5,10,19.1,10,15.6,10,1813,10
2008-05-08T19:00+00:00,5917,1,0,295,10,294,10,2.3,10,3.9,10,993.2,10,,,44,10,0.0,10,0,10,,,0.0,10,15.4,,,10,14.5,,,10,12.6,10,17.9,10,10.5,10,1935,10
2008-05-08T20:00+00:00,5917,0,0,282,10,289,10,2.8,10,4.5,10,993.3,10,,,48,10,0.0,10,0,10,,,0.0,10,15.1,,,10,14.5,,,10,12.6,10,16.9,10,9.8,10,2047,10
2008-05-08T21:00+00:00,5917,0,0,30,10,22,10,2.2,10,6.4,10,993.6,10,,,53,10,0.0,10,0,10,,,0.0,10,14.8,,,10,14.4,,,10,12.7,10,16.9,10,11.4,10,2105,10
2008-05-08T22:00+00:00,5917,0,0,360,10,37,10,0.9,10,3.3,10,994.1,10,,,63,10,0.0,10,0,10,,,0.0,10,14.6,,,10,14.4,,,10,12.7,10,15.7,10,11.2,10,2206,10
2008-05-08T23:00+00:00,5917,0,0,13,10,28,10,1.4,10,4.2,10,994.2,10,,,76,10,0.2,10,10,10,,,0.0,10,14.4,,,10,14.3,,,10,12.8,10,14.8,10,11.2,10,2322,10
2008-05-09T00:00+00:00,5917,0,0,316,10,321,10,1.7,10,2.5,10,994.1,10,,,80,10,0.0,10,0,10,,,0.0,10,14.2,,,10,14.1,,,10,12.8,10,14.0,10,8.3,10,33,10
2008-05-09T01:00+00:00,5917,0,0,295,10,292,10,2.0,10,3.1,10,993.8,10,,,84,10,0.0,10,0,10,,,0.0,10,13.9,,,10,14.1,,,10,12.8,10,12.6,10,6.1,10,153,10
2008-05-09T02:00+00:00,5917,0,0,283,10,282,10,2.2,10,3.3,10,994.1,10,,,86,10,0.0,10,0,10,,,0.0,10,13.7,,,10,13.9,,,10,12.9,10,11.5,10,6.1,10,220,10
2008-05-09T03:00+00:00,5917,0,0,296,10,293,10,2.1,10,3.4,10,994.1,10,,,88,10,0.0,10,0,10,,,0.0,10,13.4,,,10,13.8,,,10,12.9,10,10.8,10,5.4,10,359,10
2008-05-09T04:00+00:00,5917,6,0,293,10,292,10,2.2,10,3.5,10,994.3,10,,,87,10,0.0,10,0,10,,,0.0,10,13.2,,,10,13.7,,,10,12.9,10,10.5,10,5.1,10,402,10
2008-05-09T05:00+00:00,5917,90,0,300,10,305,10,1.2,10,2.5,10,994.4,10,,,86,10,0.0,10,0,10,,,0.7,10,13.0,,,10,13.6,,,10,12.9,10,12.1,10,5.4,10,600,10
2008-05-09T06:00+00:00,5917,230,0,293,10,287,10,0.7,10,1.8,10,994.6,10,,,81,10,0.0,10,0,10,,,0.9,10,13.0,,,10,13.4,,,10,12.9,10,13.8,10,10.1,10,637,10
2008-05-09T07:00+00:00,5917,442,0,17,10,28,10,1.5,10,4.3,10,994.7,10,,,66,10,0.0,10,0,10,,,1.0,10,13.2,,,10,13.3,,,10,12.9,10,16.3,10,13.2,10,759,10
2008-05-09T08:00+00:00,5917,600,0,34,10,58,10,2.3,10,4.3,10,994.7,10,,,62,10,0.0,10,0,10,,,1.0,10,13.4,,,10,13.3,,,10,12.8,10,17.5,10,17.5,10,831,10
2008-05-09T09:00+00:00,5917,665,0,44,10,50,10,2.4,10,5.2,10,994.5,10,,,59,10,0.0,10,0,10,,,1.0,10,13.7,,,10,13.3,,,10,12.8,10,18.8,10,23.6,10,954,10
2008-05-09T10:00+00:00,5917,868,0,35,10,49,10,2.5,10,6.0,10,994.3,10,,,53,10,0.0,10,0,10,,,1.0,10,14.1,,,10,13.4,,,10,12.8,10,19.5,10,28.9,10,1049,10
2008-05-09T11:00+00:00,5917,718,0,40,10,34,10,2.9,10,5.7,10,994.1,10,,,53,10,0.0,10,0,10,,,0.7,10,14.5,,,10,13.5,,,10,12.8,10,19.4,10,26.2,10,1123,10
2008-05-09T12:00+00:00,5917,577,0,39,10,26,10,3.5,10,7.8,10,994.0,10,,,49,10,0.0,10,0,10,,,0.5,10,15.0,,,10,13.7,,,10,12.8,10,19.5,10,24.6,10,1203,10
2008-05-09T13:00+00:00,5917,529,0,354,10,36,10,2.6,10,8.0,10,993.8,10,,,44,10,0.0,10,0,10,,,0.5,10,15.4,,,10,13.9,,,10,12.8,10,20.1,10,25.9,10,1400,10
2008-05-09T14:00+00:00,5917,449,0,25,10,40,10,3.5,10,7.8,10,993.6,10,,,43,10,0.0,10,0,10,,,0.5,10,15.7,,,10,14.1,,,10,12.8,10,19.7,10,25.2,10,1419,10
2008-05-09T15:00+00:00,5917,426,0,17,10,23,10,2.7,10,6.7,10,993.6,10,,,42,10,0.0,10,0,10,,,0.6,10,15.8,,,10,14.4,,,10,12.8,10,21.0,10,22.2,10,1533,10
2008-05-09T16:00+00:00,5917,331,0,38,10,46,10,3.8,10,7.0,10,993.6,10,,,43,10,0.0,10,0,10,,,0.9,10,15.9,,,10,14.5,,,10,12.8,10,20.1,10,22.1,10,1700,10
2008-05-09T17:00+00:00,5917,208,0,32,10,21,10,3.8,10,6.9,10,993.7,10,,,44,10,0.0,10,0,10,,,1.0,10,15.8,,,10,14.6,,,10,12.9,10,19.3,10,17.0,10,1710,10
2008-05-09T18:00+00:00,5917,57,0,37,10,46,10,2.8,10,5.1,10,994.2,10,,,45,10,0.0,10,0,10,,,0.9,10,15.5,,,10,14.7,,,10,12.9,10,17.9,10,12.8,10,1810,10
2008-05-09T19:00+00:00,5917,3,0,39,10,42,10,2.6,10,5.5,10,994.7,10,,,48,10,0.0,10,0,10,,,0.0,10,15.2,,,10,14.7,,,10,13.0,10,16.3,10,9.0,10,2000,10
2008-05-09T20:00+00:00,5917,0,0,20,10,36,10,2.1,10,3.9,10,995.2,10,,,53,10,0.0,10,0,10,,,0.0,10,14.8,,,10,14.6,,,10,13.0,10,14.4,10,6.9,10,2003,10
2008-05-09T21:00+00:00,5917,0,0,3,10,13,10,2.6,10,4.2,10,995.5,10,,,56,10,0.0,10,0,10,,,0.0,10,14.5,,,10,14.5,,,10,13.0,10,13.9,10,6.5,10,2113,10
2008-05-09T22:00+00:00,5917,0,0,2,10,359,10,2.3,10,4.2,10,995.7,10,,,57,10,0.0,10,0,10,,,0.0,10,14.2,,,10,14.4,,,10,13.1,10,13.6,10,6.1,10,2212,10
2008-05-09T23:00+00:00,5917,0,0,11,10,14,10,2.4,10,3.9,10,995.9,10,,,60,10,0.0,10,0,10,,,0.0,10,13.9,,,10,14.3,,,10,13.1,10,12.7,10,6.1,10,2330,10
2008-05-10T00:00+00:00,5917,0,0,19,10,22,10,1.9,10,3.5,10,995.8,10,,,66,10,0.0,10,0,10,,,0.0,10,13.7,,,10,14.1,,,10,13.1,10,11.5,10,4.8,10,13,10
2008-05-10T01:00+00:00,5917,0,0,309,10,319,10,1.7,10,3.8,10,995.8,10,,,80,10,0.0,10,0,10,,,0.0,10,13.4,,,10,14.0,,,10,13.1,10,9.8,10,3.5,10,153,10
2008-05-10T02:00+00:00,5917,0,0,306,10,319,10,1.6,10,3.4,10,995.9,10,,,83,10,0.0,10,0,10,,,0.0,10,13.1,,,10,13.8,,,10,13.1,10,9.1,10,3.1,10,201,10
2008-05-10T03:00+00:00,5917,0,0,284,10,292,10,1.7,10,3.0,10,996.2,10,,,86,10,0.0,10,0,10,,,0.0,10,12.9,,,10,13.6,,,10,13.1,10,8.4,10,2.3,10,311,10
2008-05-10T04:00+00:00,5917,9,0,314,10,310,10,1.3,10,2.6,10,996.3,10,,,89,10,0.0,10,0,10,,,0.1,10,12.6,,,10,13.5,,,10,13.1,10,8.3,10,2.3,10,413,10
2008-05-10T05:00+00:00,5917,104,0,323,10,309,10,1.2,10,2.0,10,996.7,10,,,86,10,0.0,10,0,10,,,0.9,10,12.5,,,10,13.3,,,10,13.1,10,10.9,10,2.8,10,518,10
2008-05-10T06:00+00:00,5917,273,0,16,10,20,10,2.1,10,4.0,10,997.0,10,,,71,10,0.0,10,0,10,,,1.0,10,12.5,,,10,13.2,,,10,13.0,10,12.9,10,8.6,10,619,10
2008-05-10T07:00+00:00,5917,452,0,48,10,48,10,1.8,10,3.7,10,997.0,10,,,66,10,0.0,10,0,10,,,1.0,10,12.8,,,10,13.1,,,10,13.0,10,14.5,10,15.3,10,759,10
2008-05-10T08:00+00:00,5917,617,0,81,10,46,10,2.2,10,4.8,10,997.1,10,,,66,10,0.0,10,0,10,,,1.0,10,13.1,,,10,13.1,,,10,13.0,10,15.3,10,17.7,10,811,10
2008-05-10T09:00+00:00,5917,749,0,78,10,43,10,2.4,10,6.3,10,997.0,10,,,63,10,0.0,10,0,10,,,1.0,10,13.3,,,10,13.1,,,10,13.0,10,16.7,10,24.0,10,952,10
2008-05-10T10:00+00:00,5917,848,0,81,10,125,10,3.2,10,7.0,10,997.0,10,,,55,10,0.0,10,0,10,,,1.0,10,13.6,,,10,13.2,,,10,12.9,10,17.9,10,27.6,10,1039,10
2008-05-10T11:00+00:00,5917,923,0,100,10,103,10,3.2,10,6.6,10,997.0,10,,,54,10,0.0,10,0,10,,,1.0,10,14.1,,,10,13.3,,,10,12.9,10,18.8,10,34.3,10,1121,10
2008-05-10T12:00+00:00,5917,680,0,69,10,68,10,3.2,10,6.6,10,996.8,10,,,52,10,0.0,10,0,10,,,0.7,10,14.7,,,10,13.4,,,10,12.9,10,18.8,10,28.5,10,1223,10
2008-05-10T13:00+00:00,5917,657,0,78,10,67,10,3.1,10,7.0,10,996.6,10,,,48,10,0.0,10,0,10,,,0.7,10,15.2,,,10,13.7,,,10,12.9,10,19.6,10,28.1,10,1400,10
2008-05-10T14:00+00:00,5917,680,0,97,10,121,10,2.2,10,6.2,10,996.2,10,,,47,10,0.0,10,0,10,,,0.9,10,15.6,,,10,14.0,,,10,12.9,10,20.1,10,29.1,10,1405,10
2008-05-10T15:00+00:00,5917,472,0,90,10,48,10,2.4,10,6.2,10,996.2,10,,,48,10,0.0,10,0,10,,,0.7,10,15.8,,,10,14.2,,,10,12.9,10,19.3,10,24.8,10,1554,10
2008-05-10T16:00+00:00,5917,292,0,74,10,56,10,2.6,10,5.6,10,996.0,10,,,47,10,0.0,10,0,10,,,0.7,10,15.8,,,10,14.4,,,10,12.9,10,19.5,10,21.9,10,1603,10
2008-05-10T17:00+00:00,5917,221,0,97,10,75,10,1.8,10,4.2,10,995.9,10,,,47,10,0.0,10,0,10,,,1.0,10,15.8,,,10,14.5,,,10,12.9,10,19.2,10,17.4,10,1702,10
2008-05-10T18:00+00:00,5917,40,0,27,10,65,10,1.1,10,2.4,10,996.0,10,,,51,10,0.0,10,0,10,,,0.5,10,15.5,,,10,14.6,,,10,13.0,10,17.4,10,11.3,10,1802,10
2008-05-10T19:00+00:00,5917,3,0,47,10,47,10,0.7,10,1.5,10,996.5,10,,,52,10,0.0,10,0,10,,,0.0,10,15.2,,,10,14.6,,,10,13.0,10,16.7,10,8.4,10,1943,10
2008-05-10T20:00+00:00,5917,0,0,149,10,207,10,0.6,10,2.2,10,996.7,10,,,59,10,0.0,10,0,10,,,0.0,10,14.8,,,10,14.6,,,10,13.1,10,15.0,10,7.4,10,2058,10
2008-05-10T21:00+00:00,5917,0,0,284,10,295,10,1.7,10,3.0,10,996.8,10,,,70,10,0.0,10,0,10,,,0.0,10,14.5,,,10,14.5,,,10,13.1,10,13.6,10,6.0,10,2147,10
2008-05-10T22:00+00:00,5917,0,0,311,10,337,10,1.3,10,2.4,10,996.9,10,,,75,10,0.0,10,0,10,,,0.0,10,14.1,,,10,14.4,,,10,13.1,10,12.3,10,5.3,10,2221,10
2008-05-10T23:00+00:00,5917,0,0,304,10,298,10,1.0,10,1.8,10,997.0,10,,,79,10,0.0,10,0,10,,,0.0,10,13.9,,,10,14.2,,,10,13.2,10,11.5,10,4.7,10,2322,10
2008-05-11T00:00+00:00,5917,0,0,154,10,123,10,1.0,10,5.1,10,997.0,10,,,93,10,0.0,10,0,10,,,0.0,10,13.6,,,10,14.1,,,10,13.2,10,9.2,10,4.7,10,27,10
2008-05-11T01:00+00:00,5917,0,0,183,10,201,10,1.5,10,3.1,10,997.4,10,,,93,10,0.0,10,0,10,,,0.0,10,13.3,,,10,13.9,,,10,13.2,10,8.9,10,4.0,10,103,10
2008-05-11T02:00+00:00,5917,0,0,163,10,202,10,1.5,10,2.6,10,997.7,10,,,91,10,0.0,10,0,10,,,0.0,10,13.1,,,10,13.8,,,10,13.2,10,9.0,10,3.5,10,253,10
2008-05-11T03:00+00:00,5917,0,0,251,10,210,10,1.2,10,2.5,10,997.7,10,,,93,10,0.0,10,0,10,,,0.0,10,12.9,,,10,13.6,,,10,13.2,10,8.5,10,2.8,10,400,10
2008-05-11T04:00+00:00,5917,12,0,265,10,189,10,1.0,10,2.1,10,997.9,10,,,93,10,0.0,10,0,10,,,0.0,10,12.7,,,10,13.5,,,10,13.2,10,8.3,10,2.6,10,418,10
2008-05-11T05:00+00:00,5917,138,0,0,10,224,10,0.0,10,1.8,10,998.4,10,,,80,10,0.0,10,0,10,,,0.9,10,12.6,,,10,13.3,,,10,13.1,10,12.0,10,3.7,10,505,10
2008-05-11T06:00+00:00,5917,279,0,197,10,134,10,0.4,10,2.1,10,998.6,10,,,72,10,0.0,10,0,10,,,1.0,10,12.7,,,10,13.2,,,10,13.1,10,13.8,10,11.7,10,652,10
2008-05-11T07:00+00:00,5917,446,0,134,10,154,10,1.4,10,4.4,10,998.6,10,,,61,10,0.0,10,0,10,,,1.0,10,12.9,,,10,13.2,,,10,13.1,10,15.3,10,15.8,10,755,10
2008-05-11T08:00+00:00,5917,626,0,142,10,132,10,2.4,10,5.6,10,998.5,10,,,47,10,0.0,10,0,10,,,1.0,10,13.2,,,10,13.1,,,10,13.1,10,17.1,10,18.1,10,857,10
2008-05-11T09:00+00:00,5917,767,0,124,10,125,10,3.2,10,6.0,10,998.5,10,,,44,10,0.0,10,0,10,,,1.0,10,13.4,,,10,13.2,,,10,13.0,10,18.0,10,24.4,10,946,10
2008-05-11T10:00+00:00,5917,866,0,123,10,129,10,2.8,10,5.9,10,998.4,10,,,39,10,0.0,10,0,10,,,1.0,10,13.7,,,10,13.2,,,10,13.0,10,18.5,10,28.7,10,1035,10
2008-05-11T11:00+00:00,5917,905,0,113,10,97,10,3.5,10,7.2,10,998.2,10,,,39,10,0.0,10,0,10,,,1.0,10,14.3,,,10,13.3,,,10,13.0,10,18.8,10,35.0,10,1151,10
2008-05-11T12:00+00:00,5917,894,0,120,10,124,10,2.5,10,6.7,10,997.9,10,,,39,10,0.0,10,0,10,,,1.0,10,14.9,,,10,13.5,,,10,13.0,10,19.7,10,37.1,10,1251,10
2008-05-11T13:00+00:00,5917,769,0,108,10,115,10,2.3,10,6.2,10,997.5,10,,,38,10,0.0,10,0,10,,,1.0,10,15.5,,,10,13.7,,,10,13.0,10,19.8,10,34.9,10,1310,10
2008-05-11T14:00+00:00,5917,724,0,127,10,109,10,1.8,10,7.6,10,996.8,10,,,39,10,0.0,10,0,10,,,1.0,10,15.9,,,10,14.0,,,10,13.0,10,20.5,10,31.8,10,1401,10
2008-05-11T15:00+00:00,5917,546,0,145,10,121,10,1.4,10,4.8,10,996.5,10,,,39,10,0.0,10,0,10,,,0.9,10,16.1,,,10,14.3,,,10,13.0,10,20.1,10,27.8,10,1540,10
2008-05-11T16:00+00:00,5917,390,0,143,10,122,10,1.9,10,5.3,10,996.2,10,,,38,10,0.0,10,0,10,,,0.9,10,16.1,,,10,14.5,,,10,13.0,10,20.2,10,23.3,10,1638,10
2008-05-11T17:00+00:00,5917,221,0,141,10,126,10,1.2,10,4.0,10,995.9,10,,,40,10,0.0,10,0,10,,,1.0,10,16.0,,,10,14.7,,,10,13.0,10,19.7,10,17.8,10,1711,10
2008-05-11T18:00+00:00,5917,67,0,143,10,69,10,1.3,10,2.9,10,995.8,10,,,46,10,0.0,10,0,10,,,1.0,10,15.7,,,10,14.7,,,10,13.1,10,17.5,10,12.6,10,1803,10
2008-05-11T19:00+00:00,5917,3,0,181,10,171,10,1.2,10,2.2,10,995.9,10,,,48,10,0.0,10,0,10,,,0.1,10,15.3,,,10,14.7,,,10,13.1,10,16.7,10,8.7,10,1901,10
2008-05-11T20:00+00:00,5917,0,0,192,10,214,10,1.4,10,2.1,10,996.2,10,,,48,10,0.0,10,0,10,,,0.0,10,15.0,,,10,14.7,,,10,13.2,10,16.2,10,7.4,10,2058,10
2008-05-11T21:00+00:00,5917,0,0,265,10,284,10,1.7,10,2.5,10,996.2,10,,,56,10,0.0,10,0,10,,,0.0,10,14.6,,,10,14.6,,,10,13.2,10,14.1,10,5.8,10,2127,10
2008-05-11T22:00+00:00,5917,0,0,271,10,283,10,2.1,10,2.8,10,995.9,10,,,64,10,0.0,10,0,10,,,0.0,10,14.3,,,10,14.5,,,10,13.2,10,12.7,10,5.2,10,2214,10
2008-05-11T23:00+00:00,5917,0,0,257,10,258,10,2.1,10,3.0,10,995.9,10,,,71,10,0.0,10,0,10,,,0.0,10,14.0,,,10,14.4,,,10,13.3,10,11.4,10,4.8,10,2332,10
2008-05-12T00:00+00:00,5917,0,0,233,10,227,10,2.0,10,2.6,10,995.6,10,,,78,10,0.0,10,0,10,,,0.0,10,13.7,,,10,14.2,,,10,13.3,10,10.4,10,4.6,10,29,10
2008-05-12T01:00+00:00,5917,0,0,206,10,200,10,1.6,10,2.7,10,995.5,10,,,87,10,0.0,10,0,10,,,0.0,10,13.5,,,10,14.1,,,10,13.3,10,8.1,10,4.3,10,113,10
2008-05-12T02:00+00:00,5917,0,0,181,10,183,10,1.2,10,2.6,10,995.4,10,,,87,10,0.0,10,0,10,,,0.0,10,13.3,,,10,13.9,,,10,13.3,10,8.2,10,3.8,10,233,10
2008-05-12T03:00+00:00,5917,0,0,209,10,215,10,1.1,10,2.3,10,995.2,10,,,86,10,0.0,10,0,10,,,0.0,10,13.0,,,10,13.8,,,10,13.3,10,8.1,10,2.9,10,358,10
2008-05-12T04:00+00:00,5917,10,0,240,10,215,10,1.6,10,2.2,10,995.2,10,,,88,10,0.0,10,0,10,,,0.1,10,12.8,,,10,13.6,,,10,13.3,10,8.1,10,2.7,10,421,10
2008-05-12T05:00+00:00,5917,110,0,230,10,211,10,1.3,10,2.2,10,995.3,10,,,87,10,0.0,10,0,10,,,1.0,10,12.7,,,10,13.5,,,10,13.3,10,9.1,10,3.6,10,538,10
2008-05-12T06:00+00:00,5917,277,0,230,10,217,10,0.7,10,1.9,10,995.5,10,,,75,10,0.0,10,0,10,,,1.0,10,12.8,,,10,13.4,,,10,13.2,10,12.9,10,8.9,10,635,10
2008-05-12T07:00+00:00,5917,454,0,104,10,80,10,0.4,10,1.9,10,995.8,10,,,62,10,0.0,10,0,10,,,1.0,10,13.1,,,10,13.3,,,10,13.2,10,16.2,10,15.1,10,719,10
2008-05-12T08:00+00:00,5917,620,0,68,10,60,10,1.0,10,2.9,10,995.9,10,,,59,10,0.0,10,0,10,,,1.0,10,13.4,,,10,13.3,,,10,13.2,10,18.1,10,18.8,10,846,10
2008-05-12T09:00+00:00,5917,751,0,95,10,114,10,0.8,10,2.9,10,995.8,10,,,46,10,0.0,10,0,10,,,1.0,10,13.6,,,10,13.3,,,10,13.2,10,19.7,10,25.7,10,905,10
2008-05-12T10:00+00:00,5917,846,0,143,10,126,10,0.9,10,4.1,10,995.5,10,,,43,10,0.0,10,0,10,,,1.0,10,14.0,,,10,13.4,,,10,13.1,10,20.4,10,31.0,10,1054,10
2008-05-12T11:00+00:00,5917,888,0,128,10,100,10,0.8,10,4.5,10,995.2,10,,,42,10,0.0,10,0,10,,,1.0,10,14.6,,,10,13.5,,,10,13.1,10,21.0,10,37.8,10,1152,10
2008-05-12T12:00+00:00,5917,882,0,136,10,130,10,2.1,10,6.2,10,994.7,10,,,40,10,0.0,10,0,10,,,1.0,10,15.2,,,10,13.7,,,10,13.1,10,21.9,10,40.3,10,1219,10
2008-05-12T13:00+00:00,5917,817,0,128,10,136,10,1.4,10,5.1,10,994.4,10,,,40,10,0.0,10,0,10,,,1.0,10,15.9,,,10,14.0,,,10,13.1,10,22.5,10,40.8,10,1343,10
2008-05-12T14:00+00:00,5917,710,0,144,10,228,10,1.2,10,8.5,10,993.8,10,,,40,10,0.0,10,0,10,,,1.0,10,16.3,,,10,14.3,,,10,13.1,10,22.5,10,33.3,10,1448,10
2008-05-12T15:00+00:00,5917,570,0,104,10,144,10,1.6,10,4.7,10,993.6,10,,,40,10,0.0,10,0,10,,,1.0,10,16.5,,,10,14.5,,,10,13.1,10,22.7,10,31.0,10,1533,10
2008-05-12T16:00+00:00,5917,398,0,96,10,74,10,1.3,10,4.4,10,993.3,10,,,40,10,0.0,10,0,10,,,1.0,10,16.5,,,10,14.8,,,10,13.1,10,22.7,10,25.7,10,1634,10
2008-05-12T17:00+00:00,5917,223,0,133,10,137,10,1.5,10,2.9,10,993.3,10,,,43,10,0.0,10,0,10,,,1.0,10,16.4,,,10,14.9,,,10,13.2,10,21.4,10,20.7,10,1734,10
2008-05-12T18:00+00:00,5917,67,0,168,10,165,10,1.9,10,3.7,10,993.3,10,,,49,10,0.0,10,0,10,,,0.8,10,16.2,,,10,15.0,,,10,13.2,10,19.3,10,14.7,10,1821,10
2008-05-12T19:00+00:00,5917,4,0,157,10,146,10,1.9,10,3.0,10,993.5,10,,,49,10,0.0,10,0,10,,,0.0,10,15.8,,,10,15.0,,,10,13.3,10,18.5,10,12.0,10,1954,10
2008-05-12T20:00+00:00,5917,0,0,149,10,147,10,2.1,10,2.9,10,993.6,10,,,52,10,0.0,10,0,10,,,0.0,10,15.5,,,10,15.0,,,10,13.3,10,17.2,10,9.5,10,2038,10
2008-05-12T21:00+00:00,5917,0,0,216,10,216,10,1.7,10,4.3,10,993.6,10,,,63,10,0.0,10,0,10,,,0.0,10,15.1,,,10,14.9,,,10,13.3,10,15.5,10,7.8,10,2114,10
2008-05-12T22:00+00:00,5917,0,0,253,10,260,10,1.2,10,2.1,10,993.6,10,,,63,10,0.0,10,0,10,,,0.0,10,14.8,,,10,14.8,,,10,13.4,10,15.1,10,6.9,10,2205,10
2008-05-12T23:00+00:00,5917,0,0,208,10,173,10,1.2,10,2.7,10,993.6,10,,,75,10,0.0,10,0,10,,,0.0,10,14.5,,,10,14.7,,,10,13.4,10,12.6,10,6.8,10,2358,10
2008-05-13T00:00+00:00,5917,0,0,189,10,202,10,2.0,10,3.2,10,993.5,10,,,81,10,0.0,10,0,10,,,0.0,10,14.3,,,10,14.5,,,10,13.4,10,11.6,10,6.7,10,20,10
2008-05-13T01:00+00:00,5917,0,0,198,10,196,10,1.8,10,3.1,10,993.4,10,,,83,10,0.0,10,0,10,,,0.0,10,14.0,,,10,14.4,,,10,13.4,10,10.9,10,5.9,10,153,10
2008-05-13T02:00+00:00,5917,0,0,208,10,203,10,1.4,10,2.7,10,993.4,10,,,88,10,0.0,10,0,10,,,0.0,10,13.8,,,10,14.3,,,10,13.5,10,9.7,10,4.9,10,201,10
2008-05-13T03:00+00:00,5917,0,0,197,10,189,10,1.5,10,3.0,10,993.3,10,,,88,10,0.0,10,0,10,,,0.0,10,13.6,,,10,14.1,,,10,13.5,10,9.4,10,4.5,10,319,10
2008-05-13T04:00+00:00,5917,12,0,184,10,175,10,1.6,10,2.4,10,993.6,10,,,90,10,0.0,10,0,10,,,0.0,10,13.4,,,10,14.0,,,10,13.5,10,8.9,10,4.5,10,415,10
2008-05-13T05:00+00:00,5917,104,0,209,10,198,10,0.9,10,2.0,10,994.0,10,,,87,10,0.0,10,0,10,,,0.8,10,13.2,,,10,13.9,,,10,13.4,10,11.2,10,5.3,10,526,10
2008-05-13T06:00+00:00,5917,280,0,178,10,188,10,0.8,10,1.8,10,994.0,10,,,82,10,0.0,10,0,10,,,1.0,10,13.3,,,10,13.8,,,10,13.4,10,13.9,10,9.7,10,656,10
2008-05-13T07:00+00:00,5917,457,0,167,10,155,10,0.8,10,2.6,10,994.1,10,,,71,10,0.0,10,0,10,,,1.0,10,13.6,,,10,13.7,,,10,13.4,10,15.5,10,16.3,10,737,10
2008-05-13T08:00+00:00,5917,626,0,165,10,122,10,1.3,10,3.1,10,993.7,10,,,64,10,0.0,10,0,10,,,1.0,10,13.9,,,10,13.7,,,10,13.4,10,18.3,10,19.1,10,848,10
2008-05-13T09:00+00:00,5917,758,0,129,10,114,10,1.5,10,3.9,10,993.6,10,,,52,10,0.0,10,0,10,,,1.0,10,14.1,,,10,13.7,,,10,13.4,10,20.8,10,25.4,10,940,10
2008-05-13T10:00+00:00,5917,849,0,124,10,104,10,2.2,10,5.2,10,993.1,10,,,47,10,0.0,10,0,10,,,1.0,10,14.5,,,10,13.8,,,10,13.4,10,22.3,10,31.4,10,1029,10
2008-05-13T11:00+00:00,5917,900,0,137,10,142,10,3.1,10,7.6,10,992.4,10,,,39,10,0.0,10,0,10,,,1.0,10,15.1,,,10,13.9,,,10,13.3,10,23.3,10,39.3,10,1159,10
2008-05-13T12:00+00:00,5917,894,0,119,10,121,10,3.3,10,7.7,10,991.9,10,,,39,10,0.0,10,0,10,,,1.0,10,15.7,,,10,14.1,,,10,13.3,10,23.6,10,40.9,10,1242,10
2008-05-13T13:00+00:00,5917,787,0,123,10,136,10,3.7,10,8.4,10,991.3,10,,,39,10,0.0,10,0,10,,,0.9,10,16.3,,,10,14.3,,,10,13.3,10,24.1,10,37.9,10,1346,10
2008-05-13T14:00+00:00,5917,671,0,126,10,116,10,3.8,10,6.9,10,990.7,10,,,40,10,0.0,10,0,10,,,0.9,10,16.7,,,10,14.6,,,10,13.3,10,23.5,10,33.7,10,1452,10
2008-05-13T15:00+00:00,5917,586,0,142,10,137,10,3.5,10,7.7,10,990.2,10,,,39,10,0.0,10,0,10,,,1.0,10,16.9,,,10,14.9,,,10,13.3,10,23.5,10,30.7,10,1536,10
2008-05-13T16:00+00:00,5917,405,0,121,10,126,10,3.6,10,7.1,10,989.9,10,,,40,10,0.0,10,0,10,,,1.0,10,16.9,,,10,15.1,,,10,13.4,10,23.0,10,26.0,10,1654,10
2008-05-13T17:00+00:00,5917,223,0,111,10,102,10,3.1,10,5.6,10,989.8,10,,,42,10,0.0,10,0,10,,,1.0,10,16.8,,,10,15.2,,,10,13.4,10,22.5,10,20.8,10,1704,10
2008-05-13T18:00+00:00,5917,70,0,98,10,84,10,2.7,10,4.6,10,990.0,10,,,48,10,0.0,10,0,10,,,1.0,10,16.5,,,10,15.3,,,10,13.4,10,20.2,10,16.2,10,1843,10
2008-05-13T19:00+00:00,5917,4,0,91,10,95,10,2.8,10,5.1,10,990.2,10,,,50,10,0.0,10,0,10,,,0.0,10,16.1,,,10,15.3,,,10,13.5,10,18.6,10,12.9,10,1907,10
2008-05-13T20:00+00:00,5917,0,0,77,10,87,10,2.5,10,4.4,10,990.4,10,,,52,10,0.0,10,0,10,,,0.0,10,15.8,,,10,15.3,,,10,13.6,10,17.8,10,10.9,10,2100,10
2008-05-13T21:00+00:00,5917,0,0,100,10,88,10,1.8,10,3.8,10,990.7,10,,,60,10,0.0,10,0,10,,,0.0,10,15.5,,,10,15.2,,,10,13.6,10,15.8,10,9.3,10,2110,10
2008-05-13T22:00+00:00,5917,0,0,280,10,247,10,1.0,10,3.0,10,991.0,10,,,67,10,0.0,10,0,10,,,0.0,10,15.1,,,10,15.1,,,10,13.6,10,14.7,10,7.4,10,2229,10
2008-05-13T23:00+00:00,5917,0,0,24,10,23,10,1.9,10,4.0,10,990.9,10,,,70,10,0.0,10,0,10,,,0.0,10,14.9,,,10,15.0,,,10,13.7,10,14.8,10,7.4,10,2323,10
2008-05-14T00:00+00:00,5917,0,0,30,10,28,10,2.6,10,5.3,10,991.0,10,,,75,10,0.0,10,0,10,,,0.0,10,14.6,,,10,14.9,,,10,13.7,10,14.0,10,8.0,10,9,10
2008-05-14T01:00+00:00,5917,0,0,39,10,34,10,1.2,10,2.7,10,991.0,10,,,86,10,0.0,10,0,10,,,0.0,10,14.4,,,10,14.7,,,10,13.7,10,11.6,10,6.2,10,200,10
2008-05-14T02:00+00:00,5917,0,0,11,10,10,10,1.7,10,2.9,10,991.0,10,,,85,10,0.0,10,0,10,,,0.0,10,14.1,,,10,14.6,,,10,13.7,10,12.1,10,5.4,10,218,10
2008-05-14T03:00+00:00,5917,0,0,341,10,281,10,0.9,10,2.4,10,990.7,10,,,92,10,0.0,10,0,10,,,0.0,10,13.9,,,10,14.5,,,10,13.7,10,10.3,10,4.6,10,358,10
2008-05-14T04:00+00:00,5917,13,0,290,10,298,10,2.1,10,3.0,10,990.8,10,,,90,10,0.0,10,0,10,,,0.1,10,13.7,,,10,14.3,,,10,13.7,10,10.8,10,4.3,10,445,10
2008-05-14T05:00+00:00,5917,110,0,301,10,294,10,1.6,10,3.1,10,991.1,10,,,86,10,0.0,10,0,10,,,1.0,10,13.6,,,10,14.2,,,10,13.7,10,13.3,10,5.3,10,501,10
2008-05-14T06:00+00:00,5917,273,0,87,10,37,10,0.7,10,2.7,10,991.3,10,,,83,10,0.0,10,0,10,,,1.0,10,13.7,,,10,14.1,,,10,13.7,10,14.9,10,11.2,10,629,10
2008-05-14T07:00+00:00,5917,448,0,88,10,110,10,1.5,10,3.5,10,991.6,10,,,71,10,0.0,10,0,10,,,1.0,10,14.0,,,10,14.0,,,10,13.7,10,17.2,10,18.5,10,728,10
2008-05-14T08:00+00:00,5917,609,0,71,10,49,10,1.3,10,3.9,10,991.5,10,,,64,10,0.0,10,0,10,,,1.0,10,14.3,,,10,14.0,,,10,13.7,10,18.8,10,21.2,10,842,10
2008-05-14T09:00+00:00,5917,743,0,89,10,99,10,1.5,10,4.0,10,991.4,10,,,57,10,0.0,10,0,10,,,1.0,10,14.5,,,10,14.0,,,10,13.6,10,19.7,10,26.6,10,916,10
2008-05-14T10:00+00:00,5917,837,0,91,10,82,10,1.6,10,4.5,10,991.1,10,,,56,10,0.0,10,0,10,,,1.0,10,14.9,,,10,14.1,,,10,13.6,10,21.3,10,30.2,10,1043,10
2008-05-14T11:00+00:00,5917,887,0,80,10,65,10,2.2,10,5.3,10,990.3,10,,,49,10,0.0,10,0,10,,,1.0,10,15.4,,,10,14.2,,,10,13.6,10,22.5,10,38.9,10,1142,10
2008-05-14T12:00+00:00,5917,888,0,75,10,112,10,2.3,10,5.4,10,989.9,10,,,40,10,0.0,10,0,10,,,1.0,10,16.1,,,10,14.4,,,10,13.6,10,23.5,10,43.3,10,1249,10
2008-05-14T13:00+00:00,5917,831,0,105,10,98,10,1.6,10,5.1,10,989.5,10,,,38,10,0.0,10,0,10,,,1.0,10,16.8,,,10,14.7,,,10,13.6,10,24.1,10,44.0,10,1356,10
2008-05-14T14:00+00:00,5917,718,0,102,10,128,10,2.2,10,5.5,10,988.8,10,,,38,10,0.0,10,0,10,,,1.0,10,17.2,,,10,15.0,,,10,13.6,10,24.2,10,35.8,10,1409,10
2008-05-14T15:00+00:00,5917,528,0,74,10,55,10,3.4,10,8.8,10,988.6,10,,,44,10,0.0,10,0,10,,,0.9,10,17.3,,,10,15.2,,,10,13.6,10,23.4,10,31.0,10,1522,10
2008-05-14T16:00+00:00,5917,389,0,88,10,120,10,2.8,10,6.5,10,988.5,10,,,44,10,0.0,10,0,10,,,1.0,10,17.3,,,10,15.5,,,10,13.6,10,23.4,10,26.8,10,1606,10
2008-05-14T17:00+00:00,5917,208,0,113,10,104,10,3.1,10,5.5,10,988.6,10,,,50,10,0.0,10,0,10,,,1.0,10,17.2,,,10,15.6,,,10,13.7,10,21.8,10,21.5,10,1734,10
2008-05-14T18:00+00:00,5917,70,0,127,10,125,10,2.5,10,4.2,10,988.9,10,,,56,10,0.0,10,0,10,,,0.9,10,16.9,,,10,15.7,,,10,13.7,10,20.4,10,17.2,10,1808,10
2008-05-14T19:00+00:00,5917,4,0,134,10,147,10,3.1,10,5.1,10,989.2,10,,,65,10,0.0,10,0,10,,,0.0,10,16.5,,,10,15.7,,,10,13.8,10,17.4,10,13.2,10,1937,10
2008-05-14T20:00+00:00,5917,0,0,192,10,145,10,1.7,10,4.2,10,989.6,10,,,71,10,0.0,10,0,10,,,0.0,10,16.2,,,10,15.7,,,10,13.8,10,16.3,10,9.9,10,2003,10
2008-05-14T21:00+00:00,5917,0,0,205,10,206,10,2.2,10,3.8,10,989.5,10,,,70,10,0.0,10,0,10,,,0.0,10,15.8,,,10,15.6,,,10,13.9,10,16.4,10,9.4,10,2137,10
2008-05-14T22:00+00:00,5917,0,0,166,10,184,10,1.3,10,2.8,10,989.3,10,,,73,10,0.0,10,0,10,,,0.0,10,15.5,,,10,15.5,,,10,13.9,10,15.3,10,9.0,10,2300,10
2008-05-14T23:00+00:00,5917,0,0,143,10,130,10,1.7,10,2.5,10,989.0,10,,,78,10,0.0,10,0,10,,,0.0,10,15.2,,,10,15.3,,,10,13.9,10,14.3,10,8.2,10,2331,10
2008-05-15T00:00+00:00,5917,0,0,152,10,139,10,1.2,10,2.4,10,988.5,10,,,81,10,0.0,10,0,10,,,0.0,10,15.0,,,10,15.2,,,10,14.0,10,14.0,10,7.2,10,100,10
2008-05-15T01:00+00:00,5917,0,0,175,10,187,10,1.6,10,3.0,10,988.1,10,,,89,10,0.0,10,0,10,,,0.0,10,14.7,,,10,15.1,,,10,14.0,10,12.6,10,7.1,10,158,10
2008-05-15T02:00+00:00,5917,0,0,193,10,186,10,1.3,10,2.6,10,987.8,10,,,94,10,0.0,10,0,10,,,0.0,10,14.5,,,10,14.9,,,10,14.0,10,11.4,10,6.5,10,300,10
2008-05-15T03:00+00:00,5917,0,0,146,10,143,10,1.0,10,2.4,10,987.5,10,,,95,10,0.0,10,0,10,,,0.0,10,14.3,,,10,14.8,,,10,14.0,10,10.2,10,5.4,10,324,10
2008-05-15T04:00+00:00,5917,12,0,167,10,126,10,0.3,10,1.1,10,987.6,10,,,93,10,0.0,10,0,10,,,0.1,10,14.0,,,10,14.7,,,10,14.0,10,10.8,10,5.1,10,435,10
2008-05-15T05:00+00:00,5917,122,0,156,10,116,10,0.5,10,2.1,10,987.8,10,,,88,10,0.0,10,0,10,,,1.0,10,14.0,,,10,14.5,,,10,14.0,10,13.6,10,6.0,10,559,10
2008-05-15T06:00+00:00,5917,260,0,108,10,101,10,1.1,10,2.6,10,987.8,10,,,83,10,0.0,10,0,10,,,1.0,10,14.1,,,10,14.4,,,10,14.0,10,15.0,10,12.3,10,612,10
2008-05-15T07:00+00:00,5917,443,0,140,10,59,10,0.4,10,1.9,10,987.8,10,,,74,10,0.0,10,0,10,,,1.0,10,14.4,,,10,14.4,,,10,13.9,10,17.3,10,18.3,10,751,10
2008-05-15T08:00+00:00,5917,620,0,88,10,47,10,0.7,10,3.1,10,987.8,10,,,68,10,0.0,10,0,10,,,1.0,10,14.7,,,10,14.3,,,10,13.9,10,19.0,10,20.6,10,831,10
2008-05-15T09:00+00:00,5917,758,0,62,10,46,10,1.1,10,3.2,10,987.5,10,,,61,10,0.0,10,0,10,,,1.0,10,14.9,,,10,14.4,,,10,13.9,10,20.5,10,27.1,10,935,10
2008-05-15T10:00+00:00,5917,837,0,81,10,95,10,1.7,10,4.2,10,987.1,10,,,59,10,0.0,10,0,10,,,1.0,10,15.2,,,10,14.4,,,10,13.9,10,21.9,10,31.6,10,1022,10
2008-05-15T11:00+00:00,5917,875,0,87,10,61,10,1.8,10,4.8,10,986.7,10,,,52,10,0.0,10,0,10,,,1.0,10,15.8,,,10,14.5,,,10,13.9,10,23.2,10,39.4,10,1121,10
2008-05-15T12:00+00:00,5917,870,0,77,10,73,10,2.4,10,5.6,10,986.3,10,,,47,10,0.0,10,0,10,,,1.0,10,16.5,,,10,14.7,,,10,13.9,10,24.7,10,43.6,10,1221,10
2008-05-15T13:00+00:00,5917,801,0,84,10,62,10,1.8,10,5.0,10,985.5,10,,,43,10,0.0,10,0,10,,,1.0,10,17.1,,,10,15.0,,,10,13.9,10,25.0,10,45.0,10,1344,10
2008-05-15T14:00+00:00,5917,558,0,124,10,115,10,2.7,10,6.5,10,985.1,10,,,41,10,0.0,10,0,10,,,0.8,10,17.5,,,10,15.3,,,10,13.9,10,25.0,10,33.2,10,1414,10
2008-05-15T15:00+00:00,5917,552,0,142,10,163,10,2.8,10,6.6,10,984.8,10,,,41,10,0.0,10,0,10,,,1.0,10,17.6,,,10,15.5,,,10,13.9,10,25.4,10,32.0,10,1525,10
2008-05-15T16:00+00:00,5917,386,0,166,10,165,10,3.6,10,7.5,10,984.1,10,,,43,10,0.0,10,0,10,,,1.0,10,17.6,,,10,15.8,,,10,13.9,10,24.5,10,28.0,10,1658,10
2008-05-15T17:00+00:00,5917,214,0,192,10,189,10,4.3,10,8.0,10,984.3,10,,,44,10,0.0,10,0,10,,,1.0,10,17.5,,,10,15.9,,,10,13.9,10,23.6,10,22.7,10,1718,10
2008-05-15T18:00+00:00,5917,67,0,192,10,194,10,2.7,10,6.1,10,984.2,10,,,52,10,0.0,10,0,10,,,0.8,10,17.2,,,10,16.0,,,10,14.0,10,20.6,10,16.7,10,1801,10
2008-05-15T19:00+00:00,5917,4,0,184,10,188,10,2.4,10,4.1,10,984.2,10,,,59,10,0.0,10,0,10,,,0.0,10,16.8,,,10,16.0,,,10,14.0,10,18.6,10,12.2,10,1901,10
2008-05-15T20:00+00:00,5917,0,0,170,10,211,10,1.1,10,3.2,10,984.3,10,,,63,10,0.0,10,0,10,,,0.0,10,16.4,,,10,15.9,,,10,14.1,10,17.9,10,10.7,10,2100,10
2008-05-15T21:00+00:00,5917,0,0,129,10,138,10,1.5,10,3.2,10,984.1,10,,,71,10,0.0,10,0,10,,,0.0,10,16.1,,,10,15.9,,,10,14.1,10,16.6,10,10.2,10,2147,10
2008-05-15T22:00+00:00,5917,0,0,173,10,132,10,1.0,10,4.3,10,984.4,10,,,76,10,0.0,10,0,10,,,0.0,10,15.8,,,10,15.8,,,10,14.1,10,16.0,10,9.8,10,2208,10
2008-05-15T23:00+00:00,5917,0,0,226,10,261,10,1.1,10,2.6,10,984.1,10,,,83,10,0.0,10,0,10,,,0.0,10,15.5,,,10,15.6,,,10,14.2,10,14.6,10,8.4,10,2357,10
2008-05-16T00:00+00:00,5917,0,0,282,10,260,10,1.2,10,2.9,10,983.8,10,,,87,10,0.0,10,0,10,,,0.0,10,15.2,,,10,15.5,,,10,14.2,10,14.0,10,7.9,10,100,10
2008-05-16T01:00+00:00,5917,0,0,354,10,25,10,1.8,10,3.6,10,983.7,10,,,85,10,0.0,10,0,10,,,0.0,10,15.1,,,10,15.4,,,10,14.2,10,14.5,10,7.8,10,145,10
2008-05-16T02:00+00:00,5917,0,0,332,10,331,10,1.9,10,4.0,10,984.1,10,,,83,10,0.0,10,0,10,,,0.0,10,14.9,,,10,15.2,,,10,14.2,10,14.8,10,10.4,10,229,10
2008-05-16T03:00+00:00,5917,0,0,305,10,311,10,2.7,10,6.6,10,984.6,10,,,80,10,0.0,10,0,10,,,0.0,10,14.8,,,10,15.1,,,10,14.2,10,14.8,10,11.1,10,357,10
2008-05-16T04:00+00:00,5917,10,0,317,10,309,10,2.9,10,7.5,10,984.9,10,,,76,10,0.0,10,0,10,,,0.0,10,14.7,,,10,15.0,,,10,14.2,10,15.4,10,10.5,10,455,10
2008-05-16T05:00+00:00,5917,98,0,290,10,283,10,4.8,10,10.5,10,985.1,10,,,76,10,0.0,10,0,10,,,0.4,10,14.7,,,10,15.0,,,10,14.2,10,17.0,10,10.5,10,537,10
2008-05-16T06:00+00:00,5917,199,0,296,10,295,10,5.1,10,11.5,10,985.7,10,,,75,10,0.0,10,0,10,,,0.5,10,14.8,,,10,14.9,,,10,14.2,10,17.3,10,16.6,10,644,10
2008-05-16T07:00+00:00,5917,327,0,298,10,307,10,5.5,10,10.8,10,986.0,10,,,71,10,0.0,10,0,10,,,0.8,10,15.0,,,10,14.8,,,10,14.2,10,18.1,10,19.4,10,701,10
2008-05-16T08:00+00:00,5917,494,0,296,10,304,10,6.1,10,11.8,10,986.4,10,,,68,10,0.0,10,0,10,,,1.0,10,15.3,,,10,14.8,,,10,14.2,10,19.2,10,23.7,10,819,10
2008-05-16T09:00+00:00,5917,748,0,306,10,301,10,5.1,10,10.4,10,986.7,10,,,65,10,0.0,10,0,10,,,1.0,10,15.6,,,10,14.9,,,10,14.2,10,19.9,10,28.8,10,947,10
2008-05-16T10:00+00:00,5917,722,0,290,10,301,10,4.8,10,9.0,10,986.7,10,,,65,10,0.0,10,0,10,,,0.8,10,16.0,,,10,15.0,,,10,14.2,10,19.7,10,32.3,10,1001,10
2008-05-16T11:00+00:00,5917,713,0,299,10,296,10,3.4,10,7.7,10,986.5,10,,,60,10,0.0,10,0,10,,,0.8,10,16.5,,,10,15.2,,,10,14.2,10,21.5,10,31.2,10,1123,10
2008-05-16T12:00+00:00,5917,835,0,284,10,291,10,4.7,10,9.3,10,986.4,10,,,51,10,0.0,10,0,10,,,1.0,10,17.2,,,10,15.4,,,10,14.1,10,22.7,10,41.1,10,1249,10
2008-05-16T13:00+00:00,5917,505,0,263,10,280,10,4.4,10,8.4,10,986.0,10,,,50,10,0.0,10,0,10,,,0.6,10,17.6,,,10,15.6,,,10,14.2,10,23.0,10,31.7,10,1330,10
2008-05-16T14:00+00:00,5917,718,0,214,10,212,10,4.2,10,9.3,10,985.5,10,,,52,10,0.0,10,0,10,,,0.9,10,18.1,,,10,15.9,,,10,14.2,10,23.2,10,32.9,10,1430,10
2008-05-16T15:00+00:00,5917,478,0,200,10,196,10,5.8,10,9.0,10,985.3,10,,,54,10,0.0,10,0,10,,,0.8,10,18.1,,,10,16.1,,,10,14.2,10,22.6,10,25.9,10,1526,10
2008-05-16T16:00+00:00,5917,408,0,201,10,213,10,5.6,10,8.8,10,984.4,10,,,53,10,0.0,10,0,10,,,1.0,10,18.1,,,10,16.3,,,10,14.2,10,22.5,10,26.7,10,1700,10
2008-05-16T17:00+00:00,5917,218,0,204,10,213,10,4.3,10,7.7,10,984.7,10,,,55,10,0.0,10,0,10,,,1.0,10,17.9,,,10,16.4,,,10,14.3,10,21.7,10,22.0,10,1711,10
2008-05-16T18:00+00:00,5917,74,0,175,10,198,10,3.0,10,5.3,10,984.8,10,,,68,10,0.0,10,0,10,,,0.7,10,17.6,,,10,16.4,,,10,14.3,10,18.6,10,16.3,10,1814,10
2008-05-16T19:00+00:00,5917,4,0,175,10,173,10,3.5,10,5.4,10,984.9,10,,,73,10,0.0,10,0,10,,,0.0,10,17.2,,,10,16.4,,,10,14.4,10,18.0,10,15.0,10,1932,10
2008-05-16T20:00+00:00,5917,0,0,182,10,177,10,2.7,10,4.5,10,985.3,10,,,82,10,0.0,10,0,10,,,0.0,10,16.9,,,10,16.4,,,10,14.4,10,16.8,10,13.6,10,2029,10
2008-05-16T21:00+00:00,5917,0,0,174,10,185,10,2.5,10,4.4,10,984.9,10,,,84,10,0.0,10,0,10,,,0.0,10,16.6,,,10,16.3,,,10,14.4,10,16.5,10,13.5,10,2142,10
2008-05-16T22:00+00:00,5917,0,0,173,10,170,10,2.9,10,4.5,10,984.7,10,,,86,10,0.0,10,0,10,,,0.0,10,16.4,,,10,16.2,,,10,14.5,10,16.2,10,12.6,10,2215,10
2008-05-16T23:00+00:00,5917,0,0,183,10,212,10,2.1,10,4.7,10,984.4,10,,,88,10,0.0,10,0,10,,,0.0,10,16.1,,,10,16.1,,,10,14.5,10,15.5,10,10.9,10,2358,10
2008-05-17T00:00+00:00,5917,0,0,192,10,198,10,1.8,10,4.8,10,984.0,10,,,94,10,0.0,10,0,10,,,0.0,10,15.9,,,10,16.0,,,10,14.5,10,14.0,10,9.4,10,6,10
2008-05-17T01:00+00:00,5917,0,0,172,10,152,10,1.7,10,3.1,10,983.8,10,,,95,10,0.0,10,0,10,,,0.0,10,15.6,,,10,15.8,,,10,14.5,10,13.3,10,8.4,10,143,10
2008-05-17T02:00+00:00,5917,0,0,222,10,210,10,1.1,10,2.1,10,983.3,10,,,97,10,0.0,10,0,10,,,0.0,10,15.3,,,10,15.7,,,10,14.6,10,12.3,10,6.3,10,239,10
2008-05-17T03:00+00:00,5917,0,0,311,10,293,10,1.5,10,2.8,10,983.4,10,,,96,10,0.0,10,0,10,,,0.0,10,15.1,,,10,15.6,,,10,14.6,10,13.0,10,6.0,10,322,10
2008-05-17T04:00+00:00,5917,22,0,78,10,21,10,1.0,10,2.2,10,983.4,10,,,95,10,0.0,10,0,10,,,0.0,10,14.9,,,10,15.4,,,10,14.6,10,12.7,10,6.7,10,500,10
2008-05-17T05:00+00:00,5917,116,0,60,10,41,10,0.9,10,2.8,10,983.7,10,,,93,10,0.0,10,0,10,,,0.8,10,14.9,,,10,15.3,,,10,14.6,10,13.9,10,10.4,10,523,10
2008-05-17T06:00+00:00,5917,232,0,115,10,111,10,0.6,10,2.2,10,984.0,10,,,93,10,0.0,10,0,10,,,1.0,10,15.0,,,10,15.2,,,10,14.5,10,15.0,10,13.9,10,641,10
2008-05-17T07:00+00:00,5917,404,0,86,10,80,10,1.0,10,3.5,10,983.8,10,,,84,10,0.0,10,0,10,,,0.9,10,15.2,,,10,15.2,,,10,14.5,10,16.8,10,19.5,10,752,10
2008-05-17T08:00+00:00,5917,598,0,47,10,44,10,1.4,10,4.7,10,984.3,10,,,76,10,0.0,10,0,10,,,1.0,10,15.6,,,10,15.2,,,10,14.5,10,18.9,10,23.4,10,837,10
2008-05-17T09:00+00:00,5917,654,0,62,10,35,10,2.0,10,4.5,10,984.3,10,,,72,10,0.0,10,0,10,,,1.0,10,15.9,,,10,15.2,,,10,14.5,10,19.7,10,29.6,10,932,10
2008-05-17T10:00+00:00,5917,642,0,95,10,95,10,2.4,10,5.3,10,984.2,10,,,68,10,0.0,10,0,10,,,1.0,10,16.3,,,10,15.3,,,10,14.5,10,20.6,10,31.0,10,1046,10
2008-05-17T11:00+00:00,5917,642,0,117,10,107,10,2.2,10,4.6,10,984.0,10,,,63,10,0.0,10,0,10,,,1.0,10,16.8,,,10,15.5,,,10,14.5,10,22.1,10,34.5,10,1101,10
2008-05-17T12:00+00:00,5917,603,0,112,10,145,10,2.6,10,5.1,10,983.7,10,,,60,10,0.0,10,0,10,,,0.9,10,17.2,,,10,15.7,,,10,14.5,10,23.1,10,34.8,10,1258,10
2008-05-17T13:00+00:00,5917,727,0,123,10,142,10,3.4,10,6.7,10,983.3,10,,,53,10,0.0,10,0,10,,,1.0,10,17.8,,,10,15.9,,,10,14.5,10,24.6,10,36.4,10,1329,10
2008-05-17T14:00+00:00,5917,457,0,112,10,107,10,3.5,10,6.6,10,982.4,10,,,54,10,0.0,10,0,10,,,0.6,10,18.1,,,10,16.1,,,10,14.5,10,24.7,10,32.0,10,1454,10
2008-05-17T15:00+00:00,5917,232,0,106,10,123,10,3.6,10,7.4,10,982.0,10,,,55,10,0.0,10,0,10,,,0.1,10,18.1,,,10,16.3,,,10,14.5,10,24.1,10,27.9,10,1600,10
2008-05-17T16:00+00:00,5917,212,0,87,10,99,10,3.0,10,5.7,10,980.9,10,,,57,10,0.0,10,0,10,,,0.1,10,18.1,,,10,16.4,,,10,14.5,10,24.1,10,26.3,10,1602,10
2008-05-17T17:00+00:00,5917,128,0,122,10,138,10,3.1,10,5.8,10,980.1,10,,,56,10,0.0,10,0,10,,,0.2,10,18.0,,,10,16.5,,,10,14.5,10,22.8,10,22.6,10,1743,10
2008-05-17T18:00+00:00,5917,40,0,167,10,212,10,4.1,10,9.1,10,980.2,10,,,55,10,0.0,10,0,10,,,0.0,10,17.7,,,10,16.6,,,10,14.6,10,21.7,10,19.0,10,1859,10
2008-05-17T19:00+00:00,5917,3,0,192,10,198,10,5.4,10,9.8,10,981.2,10,,,58,10,0.0,10,0,10,,,0.0,10,17.5,,,10,16.6,,,10,14.6,10,20.4,10,17.8,10,1922,10
2008-05-17T20:00+00:00,5917,0,0,167,10,190,10,3.7,10,5.6,10,981.4,10,,,66,10,0.0,10,0,10,,,0.0,10,17.2,,,10,16.6,,,10,14.7,10,18.7,10,15.5,10,2004,10
2008-05-17T21:00+00:00,5917,0,0,161,10,149,10,3.8,10,6.3,10,981.5,10,,,68,10,0.0,10,0,10,,,0.0,10,16.9,,,10,16.5,,,10,14.7,10,18.2,10,13.8,10,2109,10
2008-05-17T22:00+00:00,5917,0,0,165,10,168,10,3.2,10,4.5,10,981.6,10,,,64,10,0.0,10,0,10,,,0.0,10,16.6,,,10,16.4,,,10,14.7,10,18.3,10,12.4,10,2233,10
2008-05-17T23:00+00:00,5917,0,0,171,10,157,10,2.7,10,4.8,10,981.5,10,,,66,10,0.0,10,0,10,,,0.0,10,16.4,,,10,16.3,,,10,14.8,10,17.3,10,11.5,10,2318,10
2008-05-18T00:00+00:00,5917,0,0,236,10,212,10,0.5,10,2.9,10,981.2,10,,,66,10,0.0,10,0,10,,,0.0,10,16.1,,,10,16.2,,,10,14.8,10,17.5,10,10.2,10,44,10
2008-05-18T01:00+00:00,5917,0,0,207,10,223,10,1.3,10,2.6,10,981.3,10,,,72,10,0.0,10,0,10,,,0.0,10,15.9,,,10,16.1,,,10,14.8,10,15.8,10,9.8,10,101,10
2008-05-18T02:00+00:00,5917,0,0,267,10,272,10,1.7,10,3.1,10,981.1,10,,,85,10,0.0,10,0,10,,,0.0,10,15.6,,,10,15.9,,,10,14.8,10,14.8,10,8.5,10,247,10
2008-05-18T03:00+00:00,5917,0,0,254,10,290,10,1.4,10,3.0,10,981.0,10,,,89,10,0.0,10,0,10,,,0.0,10,15.4,,,10,15.8,,,10,14.8,10,13.7,10,8.0,10,308,10
2008-05-18T04:00+00:00,5917,19,0,242,10,282,10,1.9,10,3.3,10,980.8,10,,,88,10,0.0,10,0,10,,,0.0,10,15.3,,,10,15.7,,,10,14.8,10,13.9,10,9.6,10,459,10
2008-05-18T05:00+00:00,5917,110,0,299,10,281,10,1.1,10,3.7,10,981.0,10,,,85,10,0.0,10,0,10,,,0.1,10,15.3,,,10,15.6,,,10,14.8,10,15.6,10,12.2,10,501,10
2008-05-18T06:00+00:00,5917,161,0,315,10,312,10,1.3,10,3.2,10,981.2,10,,,76,10,0.0,10,0,10,,,0.1,10,15.5,,,10,15.5,,,10,14.8,10,18.2,10,17.3,10,603,10
2008-05-18T07:00+00:00,5917,346,0,310,10,308,10,0.8,10,3.9,10,981.4,10,,,70,10,0.0,10,0,10,,,0.5,10,15.7,,,10,15.5,,,10,14.8,10,20.3,10,22.2,10,727,10
2008-05-18T08:00+00:00,5917,439,0,340,10,343,10,0.6,10,3.2,10,981.2,10,,,67,10,0.0,10,0,10,,,0.6,10,16.1,,,10,15.5,,,10,14.8,10,21.1,10,27.4,10,825,10
2008-05-18T09:00+00:00,5917,614,0,166,10,151,10,1.6,10,5.0,10,981.0,10,,,58,10,0.0,10,0,10,,,0.9,10,16.5,,,10,15.6,,,10,14.7,10,22.6,10,29.2,10,948,10
2008-05-18T10:00+00:00,5917,407,0,178,10,158,10,3.7,10,6.8,10,981.0,10,,,61,10,0.0,10,3,10,,,0.2,10,16.7,,,10,15.7,,,10,14.7,10,22.1,10,28.3,10,1019,10
2008-05-18T11:00+00:00,5917,354,0,158,10,152,10,3.5,10,7.2,10,980.9,10,,,67,10,0.0,10,0,10,,,0.0,10,16.9,,,10,15.8,,,10,14.7,10,21.4,10,27.1,10,1149,10
2008-05-18T12:00+00:00,5917,437,0,170,10,168,10,3.2,10,5.9,10,981.0,10,,,63,10,0.0,10,0,10,,,0.2,10,17.2,,,10,15.9,,,10,14.7,10,22.4,10,28.1,10,1219,10
2008-05-18T13:00+00:00,5917,289,0,274,10,309,10,1.6,10,5.2,10,980.9,10,,,75,10,0.8,10,3,10,,,0.1,10,17.4,,,10,16.1,,,10,14.7,10,20.9,10,25.5,10,1357,10
2008-05-18T14:00+00:00,5917,372,0,310,10,308,10,3.2,10,9.3,10,980.1,10,,,75,10,1.2,10,13,10,,,0.3,10,17.5,,,10,16.2,,,10,14.7,10,20.0,10,21.6,10,1452,10
2008-05-18T15:00+00:00,5917,45,0,301,10,302,10,3.8,10,10.0,10,981.5,10,,,93,10,8.8,10,31,10,,,0.0,10,17.3,,,10,16.2,,,10,14.7,10,16.2,10,14.8,10,1537,10
2008-05-18T16:00+00:00,5917,27,0,312,10,308,10,2.7,10,8.6,10,982.1,10,,,94,10,1.0,10,24,10,,,0.0,10,17.0,,,10,16.3,,,10,14.8,10,15.5,10,15.3,10,1628,10
2008-05-18T17:00+00:00,5917,7,0,288,10,285,10,3.3,10,8.3,10,982.3,10,,,94,10,10.9,10,44,10,,,0.0,10,16.8,,,10,16.3,,,10,14.8,10,14.6,10,14.2,10,1711,10
2008-05-18T18:00+00:00,5917,1,0,292,10,310,10,2.8,10,5.8,10,982.2,10,,,94,10,2.2,10,59,10,,,0.0,10,16.5,,,10,16.3,,,10,14.8,10,14.3,10,14.0,10,1845,10
2008-05-18T19:00+00:00,5917,0,0,294,10,302,10,3.1,10,5.6,10,982.5,10,,,94,10,0.1,10,8,10,,,0.0,10,16.3,,,10,16.2,,,10,14.8,10,14.3,10,13.0,10,1904,10
2008-05-18T20:00+00:00,5917,0,0,302,10,308,10,2.1,10,5.0,10,982.5,10,,,93,10,0.0,10,0,10,,,0.0,10,16.2,,,10,16.2,,,10,14.9,10,14.3,10,13.1,10,2013,10
2008-05-18T21:00+00:00,5917,0,0,295,10,319,10,2.2,10,4.6,10,982.6,10,,,93,10,0.0,10,3,10,,,0.0,10,16.0,,,10,16.1,,,10,14.9,10,14.4,10,13.5,10,2105,10
2008-05-18T22:00+00:00,5917,0,0,288,10,297,10,2.7,10,4.9,10,982.5,10,,,94,10,0.0,10,19,10,,,0.0,10,15.9,,,10,16.0,,,10,14.9,10,14.4,10,13.7,10,2219,10
2008-05-18T23:00+00:00,5917,0,0,296,10,308,10,2.9,10,5.7,10,982.2,10,,,95,10,0.1,10,12,10,,,0.0,10,15.8,,,10,15.9,,,10,14.9,10,14.2,10,13.6,10,2316,10
2008-05-19T00:00+00:00,5917,0,0,307,10,298,10,1.7,10,4.2,10,982.1,10,,,95,10,0.0,10,22,10,,,0.0,10,15.7,,,10,15.8,,,10,14.9,10,14.4,10,13.6,10,5,10
2008-05-19T01:00+00:00,5917,0,0,291,10,294,10,1.4,10,3.0,10,981.8,10,,,95,10,0.3,10,46,10,,,0.0,10,15.7,,,10,15.8,,,10,14.9,10,14.2,10,14.3,10,145,10
2008-05-19T02:00+00:00,5917,0,0,289,10,289,10,2.2,10,4.4,10,981.5,10,,,95,10,0.0,10,9,10,,,0.0,10,15.6,,,10,15.7,,,10,14.9,10,13.8,10,14.0,10,232,10
2008-05-19T03:00+00:00,5917,0,0,299,10,314,10,1.9,10,3.7,10,981.5,10,,,95,10,0.1,10,9,10,,,0.0,10,15.5,,,10,15.7,,,10,14.9,10,13.5,10,13.9,10,356,10
2008-05-19T04:00+00:00,5917,0,0,304,10,312,10,2.3,10,5.3,10,981.6,10,,,94,10,0.0,10,19,10,,,0.0,10,15.5,,,10,15.6,,,10,14.9,10,13.4,10,13.8,10,429,10
2008-05-19T05:00+00:00,5917,15,0,288,10,280,10,2.6,10,5.7,10,981.9,10,,,94,10,0.3,10,46,10,,,0.0,10,15.4,,,10,15.6,,,10,14.9,10,13.4,10,13.8,10,556,10
2008-05-19T06:00+00:00,5917,46,0,286,10,289,10,3.8,10,6.6,10,982.4,10,,,94,10,0.1,10,38,10,,,0.0,10,15.4,,,10,15.5,,,10,14.9,10,13.4,10,14.2,10,659,10
2008-05-19T07:00+00:00,5917,89,0,293,10,300,10,4.3,10,8.0,10,983.4,10,,,92,10,0.3,10,33,10,,,0.0,10,15.4,,,10,15.5,,,10,14.9,10,13.2,10,14.5,10,741,10
2008-05-19T08:00+00:00,5917,175,0,300,10,305,10,3.7,10,9.4,10,984.0,10,,,91,10,0.0,10,3,10,,,0.0,10,15.4,,,10,15.5,,,10,14.9,10,13.4,10,15.0,10,821,10
2008-05-19T09:00+00:00,5917,179,0,302,10,293,10,3.2,10,8.0,10,984.6,10,,,88,10,0.1,10,28,10,,,0.0,10,15.5,,,10,15.5,,,10,14.8,10,13.5,10,16.1,10,912,10
2008-05-19T10:00+00:00,5917,131,0,323,10,328,10,3.3,10,7.4,10,985.2,10,,,88,10,0.0,10,8,10,,,0.0,10,15.6,,,10,15.5,,,10,14.8,10,13.3,10,15.3,10,1017,10
2008-05-19T11:00+00:00,5917,243,0,325,10,328,10,4.6,10,9.4,10,985.8,10,,,80,10,0.0,10,0,10,,,0.0,10,15.7,,,10,15.5,,,10,14.8,10,14.1,10,15.9,10,1147,10
2008-05-19T12:00+00:00,5917,371,0,334,10,345,10,5.1,10,8.6,10,986.2,10,,,77,10,0.0,10,1,10,,,0.0,10,15.8,,,10,15.5,,,10,14.8,10,14.7,10,17.7,10,1248,10
2008-05-19T13:00+00:00,5917,380,0,341,10,329,10,5.6,10,9.8,10,986.4,10,,,76,10,0.0,10,0,10,,,0.2,10,16.0,,,10,15.6,,,10,14.8,10,15.2,10,18.9,10,1303,10
2008-05-19T14:00+00:00,5917,441,0,343,10,343,10,5.7,10,9.3,10,986.5,10,,,77,10,0.0,10,0,10,,,0.4,10,16.3,,,10,15.7,,,10,14.8,10,15.0,10,21.3,10,1455,10
2008-05-19T15:00+00:00,5917,288,0,352,10,344,10,5.6,10,9.9,10,986.7,10,,,81,10,0.0,10,0,10,,,0.2,10,16.5,,,10,15.8,,,10,14.8,10,13.8,10,18.2,10,1546,10
2008-05-19T16:00+00:00,5917,110,0,353,10,336,10,4.9,10,9.2,10,986.7,10,,,82,10,0.0,10,0,10,,,0.0,10,16.5,,,10,15.9,,,10,14.8,10,12.7,10,15.0,10,1642,10
2008-05-19T17:00+00:00,5917,90,0,350,10,340,10,5.5,10,9.5,10,986.7,10,,,79,10,0.0,10,0,10,,,0.0,10,16.4,,,10,16.0,,,10,14.8,10,12.3,10,14.0,10,1755,10
2008-05-19T18:00+00:00,5917,48,0,349,10,343,10,5.3,10,9.3,10,987.5,10,,,79,10,0.0,10,0,10,,,0.0,10,16.2,,,10,16.0,,,10,14.8,10,12.0,10,12.3,10,1832,10
2008-05-19T19:00+00:00,5917,4,0,352,10,353,10,5.4,10,9.7,10,987.9,10,,,79,10,0.0,10,0,10,,,0.0,10,16.0,,,10,16.0,,,10,14.9,10,11.5,10,10.2,10,1922,10
2008-05-19T20:00+00:00,5917,0,0,351,10,357,10,5.2,10,10.2,10,988.7,10,,,78,10,0.0,10,0,10,,,0.0,10,15.8,,,10,16.0,,,10,14.9,10,11.3,10,10.2,10,2059,10
2008-05-19T21:00+00:00,5917,0,0,352,10,353,10,5.1,10,10.1,10,988.7,10,,,79,10,0.0,10,0,10,,,0.0,10,15.5,,,10,15.9,,,10,14.9,10,11.1,10,10.3,10,2116,10
2008-05-19T22:00+00:00,5917,0,0,360,10,349,10,5.8,10,10.5,10,988.5,10,,,80,10,0.0,10,0,10,,,0.0,10,15.3,,,10,15.8,,,10,14.9,10,10.3,10,9.0,10,2245,10
2008-05-19T23:00+00:00,5917,0,0,355,10,354,10,5.3,10,9.3,10,988.6,10,,,80,10,0.0,10,0,10,,,0.0,10,15.1,,,10,15.7,,,10,14.9,10,10.2,10,8.9,10,2319,10
2008-05-20T00:00+00:00,5917,0,0,346,10,343,10,5.7,10,10.3,10,988.1,10,,,80,10,0.0,10,0,10,,,0.0,10,14.9,,,10,15.5,,,10,14.9,10,10.2,10,9.0,10,31,10
2008-05-20T01:00+00:00,5917,0,0,336,10,339,10,5.7,10,9.5,10,987.8,10,,,78,10,0.0,10,0,10,,,0.0,10,14.7,,,10,15.4,,,10,14.9,10,10.3,10,8.3,10,149,10
2008-05-20T02:00+00:00,5917,0,0,337,10,341,10,6.3,10,11.5,10,987.0,10,,,76,10,0.0,10,0,10,,,0.0,10,14.6,,,10,15.3,,,10,14.9,10,10.1,10,9.3,10,242,10
2008-05-20T03:00+00:00,5917,0,0,337,10,332,10,6.6,10,12.1,10,986.4,10,,,76,10,0.0,10,10,10,,,0.0,10,14.4,,,10,15.2,,,10,14.9,10,9.9,10,8.9,10,338,10
2008-05-20T04:00+00:00,5917,4,0,335,10,349,10,6.7,10,12.1,10,986.9,10,,,74,10,0.0,10,0,10,,,0.0,10,14.3,,,10,15.1,,,10,14.9,10,9.7,10,8.9,10,421,10
2008-05-20T05:00+00:00,5917,22,0,335,10,347,10,6.2,10,10.7,10,987.4,10,,,74,10,0.0,10,0,10,,,0.0,10,14.2,,,10,15.0,,,10,14.8,10,9.6,10,9.3,10,520,10
2008-05-20T06:00+00:00,5917,18,0,319,10,326,10,3.6,10,9.3,10,987.9,10,,,86,10,1.1,10,42,10,,,0.0,10,14.1,,,10,14.9,,,10,14.8,10,8.7,10,9.0,10,611,10
2008-05-20T07:00+00:00,5917,31,0,324,10,328,10,4.1,10,8.2,10,987.3,10,,,92,10,3.0,10,60,10,,,0.0,10,14.0,,,10,14.8,,,10,14.8,10,8.2,10,9.0,10,724,10
2008-05-20T08:00+00:00,5917,58,0,329,10,333,10,5.3,10,9.8,10,987.5,10,,,91,10,2.5,10,60,10,,,0.0,10,13.9,,,10,14.7,,,10,14.8,10,8.0,10,8.7,10,823,10
2008-05-20T09:00+00:00,5917,66,0,326,10,327,10,4.6,10,9.9,10,987.9,10,,,92,10,2.7,10,60,10,,,0.0,10,13.8,,,10,14.6,,,10,14.7,10,8.1,10,9.1,10,927,10
2008-05-20T10:00+00:00,5917,129,0,324,10,335,10,4.3,10,9.2,10,987.5,10,,,93,10,1.8,10,60,10,,,0.0,10,13.7,,,10,14.5,,,10,14.7,10,8.6,10,9.3,10,1053,10
2008-05-20T11:00+00:00,5917,262,0,322,10,320,10,4.9,10,9.7,10,987.8,10,,,89,10,0.1,10,20,10,,,0.0,10,13.8,,,10,14.4,,,10,14.7,10,9.3,10,12.6,10,1104,10
2008-05-20T12:00+00:00,5917,85,0,321,10,329,10,4.4,10,8.8,10,987.8,10,,,89,10,0.0,10,0,10,,,0.0,10,13.9,,,10,14.4,,,10,14.6,10,9.1,10,11.0,10,1205,10
2008-05-20T13:00+00:00,5917,69,0,322,10,336,10,4.7,10,8.7,10,987.4,10,,,89,10,0.0,10,8,10,,,0.0,10,13.9,,,10,14.4,,,10,14.6,10,9.3,10,10.7,10,1316,10
2008-05-20T14:00+00:00,5917,63,0,323,10,325,10,4.3,10,8.8,10,987.0,10,,,91,10,0.1,10,21,10,,,0.0,10,13.9,,,10,14.4,,,10,14.5,10,9.3,10,10.9,10,1450,10
2008-05-20T15:00+00:00,5917,25,0,291,10,300,10,3.3,10,7.8,10,987.6,10,,,96,10,4.2,10,58,10,,,0.0,10,13.9,,,10,14.4,,,10,14.5,10,8.7,10,9.8,10,1556,10
2008-05-20T16:00+00:00,5917,31,0,306,10,315,10,4.0,10,9.1,10,987.4,10,,,96,10,1.2,10,59,10,,,0.0,10,13.8,,,10,14.3,,,10,14.5,10,8.9,10,10.0,10,1646,10
2008-05-20T17:00+00:00,5917,15,0,298,10,312,10,3.9,10,7.8,10,987.8,10,,,96,10,2.3,10,52,10,,,0.0,10,13.7,,,10,14.3,,,10,14.5,10,9.0,10,9.7,10,1701,10
2008-05-20T18:00+00:00,5917,18,0,302,10,306,10,3.1,10,6.8,10,988.2,10,,,95,10,1.2,10,60,10,,,0.0,10,13.6,,,10,14.3,,,10,14.4,10,9.3,10,9.8,10,1815,10
2008-05-20T19:00+00:00,5917,0,0,298,10,309,10,3.9,10,7.8,10,988.4,10,,,95,10,0.2,10,52,10,,,0.0,10,13.5,,,10,14.2,,,10,14.4,10,9.3,10,9.7,10,1906,10
2008-05-20T20:00+00:00,5917,0,0,302,10,302,10,3.6,10,7.9,10,988.7,10,,,95,10,0.1,10,31,10,,,0.0,10,13.5,,,10,14.1,,,10,14.4,10,9.3,10,9.6,10,2009,10
2008-05-20T21:00+00:00,5917,0,0,304,10,322,10,3.0,10,6.4,10,988.8,10,,,95,10,0.0,10,11,10,,,0.0,10,13.4,,,10,14.1,,,10,14.4,10,9.3,10,9.7,10,2145,10
2008-05-20T22:00+00:00,5917,0,0,295,10,295,10,3.2,10,6.3,10,988.7,10,,,94,10,0.0,10,7,10,,,0.0,10,13.3,,,10,14.0,,,10,14.3,10,9.3,10,9.8,10,2258,10
2008-05-20T23:00+00:00,5917,0,0,302,10,296,10,3.3,10,6.8,10,988.5,10,,,93,10,0.0,10,0,10,,,0.0,10,13.3,,,10,14.0,,,10,14.3,10,9.4,10,9.7,10,2310,10
2008-05-21T00:00+00:00,5917,0,0,308,10,328,10,3.0,10,7.0,10,988.5,10,,,91,10,0.0,10,0,10,,,0.0,10,13.3,,,10,13.9,,,10,14.3,10,9.6,10,9.6,10,33,10
2008-05-21T01:00+00:00,5917,0,0,303,10,309,10,2.9,10,6.4,10,988.0,10,,,95,10,0.0,10,14,10,,,0.0,10,13.2,,,10,13.9,,,10,14.3,10,9.3,10,9.6,10,113,10
2008-05-21T02:00+00:00,5917,0,0,299,10,306,10,3.1,10,6.6,10,987.7,10,,,94,10,0.0,10,0,10,,,0.0,10,13.2,,,10,13.9,,,10,14.2,10,9.4,10,9.7,10,259,10
2008-05-21T03:00+00:00,5917,0,0,302,10,303,10,3.4,10,7.0,10,987.7,10,,,94,10,0.0,10,0,10,,,0.0,10,13.1,,,10,13.8,,,10,14.2,10,9.5,10,9.6,10,302,10
2008-05-21T04:00+00:00,5917,1,0,302,10,307,10,3.5,10,7.7,10,988.1,10,,,94,10,0.0,10,0,10,,,0.0,10,13.1,,,10,13.8,,,10,14.2,10,9.5,10,9.7,10,419,10
2008-05-21T05:00+00:00,5917,10,0,299,10,300,10,2.9,10,5.9,10,988.1,10,,,95,10,0.6,10,46,10,,,0.0,10,13.1,,,10,13.7,,,10,14.1,10,9.4,10,10.0,10,525,10
2008-05-21T06:00+00:00,5917,22,0,302,10,303,10,2.8,10,6.1,10,988.5,10,,,95,10,1.5,10,60,10,,,0.0,10,13.0,,,10,13.7,,,10,14.1,10,9.6,10,10.2,10,626,10
2008-05-21T07:00+00:00,5917,48,0,311,10,320,10,2.2,10,5.6,10,988.5,10,,,94,10,2.5,10,60,10,,,0.0,10,13.0,,,10,13.7,,,10,14.1,10,9.8,10,10.5,10,738,10
2008-05-21T08:00+00:00,5917,96,0,315,10,316,10,2.7,10,6.5,10,988.9,10,,,93,10,2.1,10,60,10,,,0.0,10,13.1,,,10,13.6,,,10,14.1,10,10.3,10,10.9,10,830,10
2008-05-21T09:00+00:00,5917,167,0,307,10,299,10,2.6,10,6.4,10,989.2,10,,,91,10,0.5,10,60,10,,,0.0,10,13.2,,,10,13.6,,,10,14.0,10,10.7,10,12.9,10,938,10
2008-05-21T10:00+00:00,5917,161,0,304,10,309,10,2.6,10,6.8,10,989.6,10,,,91,10,0.0,10,3,10,,,0.0,10,13.3,,,10,13.6,,,10,14.0,10,10.8,10,13.6,10,1008,10
2008-05-21T11:00+00:00,5917,188,0,297,10,310,10,2.3,10,5.3,10,989.6,10,,,90,10,0.0,10,0,10,,,0.0,10,13.4,,,10,13.6,,,10,14.0,10,11.8,10,14.1,10,1135,10
2008-05-21T12:00+00:00,5917,137,0,305,10,323,10,2.2,10,6.0,10,989.7,10,,,86,10,0.0,10,0,10,,,0.0,10,13.6,,,10,13.7,,,10,14.0,10,11.6,10,14.2,10,1209,10
2008-05-21T13:00+00:00,5917,182,0,318,10,322,10,2.6,10,5.7,10,989.8,10,,,82,10,0.0,10,0,10,,,0.0,10,13.7,,,10,13.7,,,10,13.9,10,12.1,10,15.4,10,1313,10
2008-05-21T14:00+00:00,5917,325,0,307,10,314,10,2.6,10,6.1,10,989.7,10,,,78,10,0.0,10,0,10,,,0.1,10,14.0,,,10,13.8,,,10,13.9,10,13.2,10,16.1,10,1415,10
2008-05-21T15:00+00:00,5917,122,0,301,10,290,10,2.2,10,4.9,10,989.3,10,,,80,10,0.0,10,0,10,,,0.0,10,14.1,,,10,13.9,,,10,13.9,10,12.7,10,15.4,10,1557,10
2008-05-21T16:00+00:00,5917,72,0,311,10,294,10,2.2,10,5.6,10,989.3,10,,,78,10,0.0,10,0,10,,,0.0,10,14.2,,,10,14.0,,,10,13.9,10,13.1,10,14.6,10,1648,10
2008-05-21T17:00+00:00,5917,60,0,310,10,308,10,2.3,10,5.6,10,989.8,10,,,81,10,0.0,10,0,10,,,0.0,10,14.3,,,10,14.1,,,10,13.9,10,12.8,10,14.3,10,1731,10
2008-05-21T18:00+00:00,5917,16,0,320,10,327,10,2.2,10,5.2,10,990.1,10,,,83,10,0.0,10,0,10,,,0.0,10,14.3,,,10,14.2,,,10,13.9,10,12.5,10,12.6,10,1834,10
2008-05-21T19:00+00:00,5917,0,0,308,10,306,10,1.3,10,3.8,10,990.3,10,,,86,10,0.0,10,0,10,,,0.0,10,14.2,,,10,14.2,,,10,13.9,10,12.2,10,12.0,10,1939,10
2008-05-21T20:00+00:00,5917,0,0,308,10,308,10,1.6,10,3.3,10,990.7,10,,,88,10,0.0,10,0,10,,,0.0,10,14.1,,,10,14.3,,,10,13.9,10,12.1,10,11.6,10,2020,10
2008-05-21T21:00+00:00,5917,0,0,295,10,294,10,2.2,10,4.8,10,990.5,10,,,90,10,0.0,10,0,10,,,0.0,10,14.0,,,10,14.3,,,10,13.9,10,11.9,10,11.5,10,2156,10
2008-05-21T22:00+00:00,5917,0,0,308,10,304,10,2.2,10,5.0,10,990.5,10,,,88,10,0.0,10,0,10,,,0.0,10,14.0,,,10,14.2,,,10,13.9,10,12.0,10,11.5,10,2214,10
2008-05-21T23:00+00:00,5917,0,0,310,10,321,10,1.6,10,3.5,10,990.5,10,,,89,10,0.0,10,0,10,,,0.0,10,13.9,,,10,14.2,,,10,14.0,10,11.8,10,11.3,10,2359,10
2008-05-22T00:00+00:00,5917,0,0,324,10,344,10,2.8,10,6.6,10,990.3,10,,,84,10,0.0,10,0,10,,,0.0,10,13.8,,,10,14.1,,,10,14.0,10,11.8,10,11.0,10,52,10
2008-05-22T01:00+00:00,5917,0,0,332,10,326,10,3.2,10,6.5,10,989.7,10,,,86,10,0.0,10,0,10,,,0.0,10,13.7,,,10,14.1,,,10,14.0,10,11.1,10,8.4,10,132,10
2008-05-22T02:00+00:00,5917,0,0,321,10,328,10,2.8,10,6.2,10,989.2,10,,,86,10,0.0,10,0,10,,,0.0,10,13.6,,,10,14.1,,,10,14.0,10,10.8,10,7.7,10,230,10
2008-05-22T03:00+00:00,5917,0,0,322,10,325,10,2.4,10,5.9,10,989.7,10,,,83,10,0.0,10,0,10,,,0.0,10,13.5,,,10,14.0,,,10,14.0,10,10.7,10,8.9,10,336,10
2008-05-22T04:00+00:00,5917,9,0,318,10,317,10,2.2,10,6.0,10,990.1,10,,,87,10,0.0,10,0,10,,,0.0,10,13.4,,,10,14.0,,,10,13.9,10,10.0,10,6.9,10,451,10
2008-05-22T05:00+00:00,5917,134,0,319,10,327,10,3.1,10,8.0,10,990.3,10,,,83,10,0.0,10,0,10,,,0.7,10,13.3,,,10,13.9,,,10,13.9,10,11.2,10,7.4,10,559,10
2008-05-22T06:00+00:00,5917,330,0,323,10,348,10,3.7,10,7.6,10,990.4,10,,,76,10,0.0,10,0,10,,,1.0,10,13.3,,,10,13.8,,,10,13.9,10,12.5,10,10.9,10,622,10
2008-05-22T07:00+00:00,5917,445,0,320,10,310,10,3.6,10,8.7,10,990.3,10,,,75,10,0.0,10,0,10,,,0.7,10,13.5,,,10,13.8,,,10,13.9,10,12.3,10,19.4,10,759,10
2008-05-22T08:00+00:00,5917,414,0,312,10,314,10,3.5,10,8.6,10,990.3,10,,,70,10,0.0,10,0,10,,,0.5,10,13.7,,,10,13.8,,,10,13.9,10,13.2,10,18.2,10,808,10
2008-05-22T09:00+00:00,5917,623,0,305,10,306,10,3.4,10,7.8,10,990.3,10,,,65,10,0.0,10,0,10,,,0.8,10,14.0,,,10,13.8,,,10,13.9,10,14.2,10,19.2,10,903,10
2008-05-22T10:00+00:00,5917,746,0,303,10,322,10,3.6,10,10.7,10,990.3,10,,,63,10,0.0,10,0,10,,,0.8,10,14.3,,,10,13.9,,,10,13.9,10,15.2,10,25.9,10,1031,10
2008-05-22T11:00+00:00,5917,435,0,308,10,306,10,3.6,10,8.5,10,990.2,10,,,65,10,0.0,10,0,10,,,0.1,10,14.7,,,10,14.1,,,10,13.9,10,14.5,10,23.4,10,1156,10
2008-05-22T12:00+00:00,5917,410,0,308,10,325,10,3.8,10,9.0,10,990.1,10,,,61,10,0.0,10,0,10,,,0.2,10,15.1,,,10,14.3,,,10,13.9,10,15.3,10,22.6,10,1201,10
2008-05-22T13:00+00:00,5917,327,0,302,10,300,10,3.6,10,9.5,10,990.0,10,,,59,10,0.0,10,0,10,,,0.1,10,15.4,,,10,14.5,,,10,13.9,10,16.0,10,22.0,10,1331,10
2008-05-22T14:00+00:00,5917,303,0,317,10,326,10,4.0,10,9.1,10,990.0,10,,,58,10,0.0,10,0,10,,,0.0,10,15.6,,,10,14.7,,,10,13.9,10,15.8,10,20.5,10,1458,10
2008-05-22T15:00+00:00,5917,377,0,330,10,336,10,4.7,10,9.1,10,990.0,10,,,60,10,0.0,10,0,10,,,0.3,10,15.8,,,10,14.8,,,10,13.9,10,15.8,10,22.0,10,1533,10
2008-05-22T16:00+00:00,5917,276,0,324,10,318,10,4.3,10,8.9,10,989.9,10,,,60,10,0.0,10,0,10,,,0.4,10,15.9,,,10,15.0,,,10,13.9,10,15.6,10,19.0,10,1626,10
2008-05-22T17:00+00:00,5917,161,0,329,10,348,10,4.1,10,8.3,10,990.0,10,,,65,10,0.0,10,0,10,,,0.4,10,15.9,,,10,15.1,,,10,14.0,10,14.7,10,16.0,10,1757,10
2008-05-22T18:00+00:00,5917,51,0,337,10,338,10,4.8,10,8.2,10,990.3,10,,,72,10,0.0,10,0,10,,,0.0,10,15.8,,,10,15.2,,,10,14.0,10,13.5,10,11.8,10,1802,10
2008-05-22T19:00+00:00,5917,6,0,318,10,313,10,3.3,10,8.0,10,990.4,10,,,74,10,0.0,10,0,10,,,0.0,10,15.5,,,10,15.2,,,10,14.0,10,12.9,10,9.2,10,1915,10
2008-05-22T20:00+00:00,5917,0,0,297,10,317,10,2.7,10,5.7,10,990.9,10,,,83,10,0.0,10,0,10,,,0.0,10,15.2,,,10,15.2,,,10,14.1,10,11.7,10,7.9,10,2005,10
2008-05-22T21:00+00:00,5917,0,0,295,10,301,10,2.8,10,4.5,10,990.9,10,,,87,10,0.0,10,0,10,,,0.0,10,15.0,,,10,15.2,,,10,14.1,10,11.1,10,7.3,10,2128,10
2008-05-22T22:00+00:00,5917,0,0,290,10,292,10,3.0,10,5.1,10,991.0,10,,,88,10,0.0,10,0,10,,,0.0,10,14.7,,,10,15.1,,,10,14.1,10,10.8,10,6.9,10,2226,10
2008-05-22T23:00+00:00,5917,0,0,301,10,294,10,2.3,10,4.6,10,990.8,10,,,89,10,0.0,10,0,10,,,0.0,10,14.4,,,10,15.0,,,10,14.2,10,10.2,10,6.0,10,2400,10
2008-05-23T00:00+00:00,5917,0,0,296,10,294,10,2.0,10,3.7,10,990.5,10,,,90,10,0.0,10,0,10,,,0.0,10,14.2,,,10,14.8,,,10,14.2,10,10.0,10,5.4,10,15,10
2008-05-23T01:00+00:00,5917,0,0,292,10,302,10,2.5,10,4.5,10,990.3,10,,,90,10,0.0,10,0,10,,,0.0,10,14.0,,,10,14.7,,,10,14.2,10,9.7,10,5.3,10,125,10
2008-05-23T02:00+00:00,5917,0,0,282,10,286,10,3.4,10,5.7,10,990.1,10,,,91,10,0.0,10,0,10,,,0.0,10,13.8,,,10,14.5,,,10,14.2,10,9.6,10,5.4,10,256,10
2008-05-23T03:00+00:00,5917,0,0,288,10,289,10,3.3,10,5.8,10,990.1,10,,,88,10,0.0,10,0,10,,,0.0,10,13.6,,,10,14.4,,,10,14.2,10,10.7,10,6.8,10,352,10
2008-05-23T04:00+00:00,5917,9,0,290,10,287,10,3.3,10,6.3,10,990.0,10,,,86,10,0.0,10,0,10,,,0.0,10,13.6,,,10,14.3,,,10,14.2,10,11.3,10,9.6,10,405,10
2008-05-23T05:00+00:00,5917,48,0,306,10,303,10,2.2,10,4.7,10,990.1,10,,,84,10,0.0,10,0,10,,,0.0,10,13.5,,,10,14.2,,,10,14.2,10,11.9,10,10.8,10,536,10
2008-05-23T06:00+00:00,5917,161,0,306,10,304,10,2.3,10,5.8,10,990.4,10,,,81,10,0.0,10,0,10,,,0.0,10,13.6,,,10,14.1,,,10,14.1,10,12.9,10,13.0,10,638,10
2008-05-23T07:00+00:00,5917,277,0,310,10,322,10,2.9,10,7.1,10,990.3,10,,,76,10,0.0,10,0,10,,,0.0,10,13.8,,,10,14.1,,,10,14.1,10,13.9,10,16.1,10,736,10
2008-05-23T08:00+00:00,5917,467,0,320,10,337,10,3.1,10,7.2,10,990.4,10,,,71,10,0.0,10,0,10,,,0.6,10,14.1,,,10,14.1,,,10,14.1,10,14.7,10,21.1,10,812,10
2008-05-23T09:00+00:00,5917,520,0,310,10,335,10,3.6,10,8.5,10,990.3,10,,,66,10,0.0,10,0,10,,,0.5,10,14.4,,,10,14.1,,,10,14.1,10,15.4,10,21.8,10,901,10
2008-05-23T10:00+00:00,5917,438,0,306,10,327,10,3.7,10,8.7,10,990.3,10,,,66,10,0.0,10,0,10,,,0.3,10,14.7,,,10,14.2,,,10,14.0,10,15.7,10,21.2,10,1004,10
2008-05-23T11:00+00:00,5917,478,0,310,10,303,10,2.4,10,6.5,10,990.2,10,,,61,10,0.0,10,0,10,,,0.3,10,15.1,,,10,14.4,,,10,14.0,10,17.1,10,24.4,10,1114,10
2008-05-23T12:00+00:00,5917,398,0,332,10,304,10,3.0,10,7.0,10,990.1,10,,,58,10,0.0,10,0,10,,,0.0,10,15.4,,,10,14.6,,,10,14.0,10,17.6,10,23.7,10,1241,10
2008-05-23T13:00+00:00,5917,634,0,339,10,329,10,2.9,10,6.3,10,989.8,10,,,54,10,0.0,10,0,10,,,0.6,10,15.9,,,10,14.8,,,10,14.0,10,18.3,10,27.9,10,1324,10
2008-05-23T14:00+00:00,5917,458,0,329,10,306,10,2.4,10,7.3,10,989.3,10,,,56,10,0.0,10,0,10,,,0.4,10,16.3,,,10,15.0,,,10,14.0,10,18.5,10,26.6,10,1440,10
2008-05-23T15:00+00:00,5917,423,0,324,10,343,10,3.0,10,7.8,10,989.0,10,,,55,10,0.0,10,0,10,,,0.8,10,16.5,,,10,15.2,,,10,14.1,10,18.9,10,24.1,10,1558,10
2008-05-23T16:00+00:00,5917,273,0,332,10,349,10,3.9,10,7.4,10,988.9,10,,,56,10,0.0,10,0,10,,,0.3,10,16.7,,,10,15.4,,,10,14.1,10,18.0,10,22.5,10,1615,10
2008-05-23T17:00+00:00,5917,151,0,337,10,326,10,3.1,10,6.0,10,989.2,10,,,58,10,0.0,10,0,10,,,0.0,10,16.7,,,10,15.6,,,10,14.1,10,17.6,10,19.6,10,1721,10
2008-05-23T18:00+00:00,5917,70,0,342,10,336,10,2.4,10,4.0,10,989.1,10,,,63,10,0.0,10,0,10,,,0.5,10,16.6,,,10,15.7,,,10,14.2,10,16.6,10,15.1,10,1819,10
2008-05-23T19:00+00:00,5917,12,0,334,10,335,10,2.1,10,3.5,10,989.5,10,,,67,10,0.0,10,0,10,,,0.2,10,16.4,,,10,15.8,,,10,14.2,10,15.4,10,10.3,10,1924,10
2008-05-23T20:00+00:00,5917,0,0,334,10,325,10,1.1,10,2.3,10,989.7,10,,,73,10,0.0,10,0,10,,,0.0,10,16.1,,,10,15.8,,,10,14.3,10,14.5,10,9.2,10,2009,10
2008-05-23T21:00+00:00,5917,0,0,281,10,285,10,2.0,10,3.2,10,989.7,10,,,81,10,0.0,10,0,10,,,0.0,10,15.8,,,10,15.7,,,10,14.3,10,13.5,10,8.6,10,2157,10
2008-05-23T22:00+00:00,5917,0,0,288,10,299,10,2.1,10,3.1,10,989.7,10,,,87,10,0.0,10,0,10,,,0.0,10,15.5,,,10,15.6,,,10,14.4,10,12.5,10,7.8,10,2247,10
2008-05-23T23:00+00:00,5917,0,0,289,10,298,10,2.3,10,3.5,10,989.7,10,,,90,10,0.0,10,0,10,,,0.0,10,15.2,,,10,15.5,,,10,14.4,10,11.8,10,7.6,10,2322,10
2008-05-24T00:00+00:00,5917,0,0,282,10,306,10,1.9,10,3.2,10,989.5,10,,,92,10,0.0,10,0,10,,,0.0,10,15.0,,,10,15.4,,,10,14.4,10,11.5,10,8.3,10,51,10
2008-05-24T01:00+00:00,5917,0,0,297,10,304,10,1.9,10,3.5,10,989.2,10,,,93,10,0.0,10,0,10,,,0.0,10,14.8,,,10,15.2,,,10,14.4,10,11.0,10,7.7,10,128,10
2008-05-24T02:00+00:00,5917,0,0,305,10,285,10,1.8,10,2.9,10,989.1,10,,,94,10,0.0,10,0,10,,,0.0,10,14.6,,,10,15.1,,,10,14.4,10,10.8,10,6.6,10,209,10
2008-05-24T03:00+00:00,5917,0,0,309,10,307,10,1.2,10,2.8,10,989.1,10,,,95,10,0.0,10,0,10,,,0.0,10,14.4,,,10,15.0,,,10,14.4,10,9.7,10,6.0,10,348,10
2008-05-24T04:00+00:00,5917,21,0,304,10,308,10,1.2,10,2.6,10,989.2,10,,,95,10,0.0,10,0,10,,,0.0,10,14.2,,,10,14.8,,,10,14.4,10,10.5,10,6.6,10,500,10
2008-05-24T05:00+00:00,5917,158,0,286,10,289,10,0.7,10,2.0,10,989.2,10,,,90,10,0.0,10,0,10,,,0.7,10,14.1,,,10,14.7,,,10,14.4,10,13.4,10,9.5,10,505,10
2008-05-24T06:00+00:00,5917,259,0,13,10,12,10,1.4,10,3.5,10,989.7,10,,,81,10,0.0,10,0,10,,,0.5,10,14.3,,,10,14.6,,,10,14.4,10,14.3,10,14.8,10,632,10
2008-05-24T07:00+00:00,5917,443,0,40,10,39,10,1.8,10,3.9,10,989.6,10,,,75,10,0.0,10,0,10,,,0.9,10,14.4,,,10,14.6,,,10,14.4,10,15.8,10,18.2,10,741,10
2008-05-24T08:00+00:00,5917,579,0,22,10,14,10,1.6,10,4.6,10,989.6,10,,,73,10,0.0,10,0,10,,,0.9,10,14.7,,,10,14.6,,,10,14.4,10,17.4,10,20.0,10,856,10
2008-05-24T09:00+00:00,5917,755,0,28,10,73,10,1.8,10,4.2,10,989.3,10,,,66,10,0.0,10,0,10,,,1.0,10,15.0,,,10,14.6,,,10,14.3,10,18.4,10,22.4,10,915,10
2008-05-24T10:00+00:00,5917,944,0,95,10,118,10,0.5,10,3.6,10,989.2,10,,,60,10,0.0,10,0,10,,,1.0,10,15.3,,,10,14.7,,,10,14.3,10,19.5,10,29.6,10,1021,10
2008-05-24T11:00+00:00,5917,944,0,82,10,13,10,0.8,10,4.2,10,988.9,10,,,56,10,0.0,10,0,10,,,1.0,10,15.9,,,10,14.9,,,10,14.3,10,20.4,10,36.4,10,1129,10
2008-05-24T12:00+00:00,5917,779,0,69,10,48,10,1.7,10,4.7,10,988.8,10,,,53,10,0.0,10,0,10,,,0.9,10,16.6,,,10,15.1,,,10,14.3,10,20.4,10,32.6,10,1253,10
2008-05-24T13:00+00:00,5917,535,0,56,10,40,10,1.4,10,4.4,10,988.5,10,,,52,10,0.0,10,0,10,,,0.4,10,17.1,,,10,15.4,,,10,14.3,10,20.7,10,26.8,10,1358,10
2008-05-24T14:00+00:00,5917,582,0,64,10,80,10,1.6,10,4.5,10,988.5,10,,,51,10,0.0,10,0,10,,,0.6,10,17.5,,,10,15.7,,,10,14.3,10,20.6,10,26.3,10,1443,10
2008-05-24T15:00+00:00,5917,561,0,86,10,70,10,2.0,10,5.0,10,988.5,10,,,51,10,0.0,10,0,10,,,1.0,10,17.7,,,10,16.0,,,10,14.4,10,21.5,10,26.1,10,1518,10
2008-05-24T16:00+00:00,5917,424,0,98,10,110,10,2.0,10,4.2,10,988.5,10,,,49,10,0.0,10,0,10,,,1.0,10,17.9,,,10,16.2,,,10,14.4,10,21.5,10,25.0,10,1602,10
2008-05-24T17:00+00:00,5917,230,0,92,10,110,10,1.4,10,3.4,10,988.5,10,,,49,10,0.0,10,0,10,,,1.0,10,17.9,,,10,16.4,,,10,14.4,10,21.1,10,20.0,10,1713,10
2008-05-24T18:00+00:00,5917,87,0,112,10,117,10,1.8,10,3.0,10,988.6,10,,,51,10,0.0,10,0,10,,,1.0,10,17.6,,,10,16.5,,,10,14.5,10,20.1,10,15.7,10,1809,10
2008-05-24T19:00+00:00,5917,7,0,57,10,48,10,1.6,10,4.3,10,988.6,10,,,56,10,0.0,10,0,10,,,0.0,10,17.3,,,10,16.5,,,10,14.5,10,18.7,10,14.5,10,1936,10
2008-05-24T20:00+00:00,5917,0,0,41,10,46,10,2.2,10,4.3,10,989.1,10,,,61,10,0.0,10,0,10,,,0.0,10,17.1,,,10,16.5,,,10,14.6,10,18.0,10,15.0,10,2012,10
2008-05-24T21:00+00:00,5917,0,0,44,10,40,10,2.2,10,5.2,10,989.2,10,,,65,10,0.0,10,0,10,,,0.0,10,16.9,,,10,16.4,,,10,14.7,10,17.4,10,14.9,10,2133,10
2008-05-24T22:00+00:00,5917,0,0,47,10,42,10,1.6,10,3.7,10,989.6,10,,,68,10,0.0,10,0,10,,,0.0,10,16.7,,,10,16.4,,,10,14.7,10,16.8,10,14.3,10,2214,10
2008-05-24T23:00+00:00,5917,0,0,29,10,51,10,1.4,10,3.7,10,989.3,10,,,73,10,0.0,10,0,10,,,0.0,10,16.5,,,10,16.3,,,10,14.8,10,16.2,10,13.8,10,2307,10
2008-05-25T00:00+00:00,5917,0,0,22,10,24,10,2.1,10,3.8,10,989.2,10,,,81,10,0.0,10,3,10,,,0.0,10,16.3,,,10,16.2,,,10,14.8,10,15.0,10,11.8,10,41,10
2008-05-25T01:00+00:00,5917,0,0,13,10,34,10,1.7,10,3.4,10,989.0,10,,,87,10,0.0,10,0,10,,,0.0,10,16.1,,,10,16.1,,,10,14.8,10,14.3,10,12.0,10,112,10
2008-05-25T02:00+00:00,5917,0,0,332,10,323,10,1.5,10,3.0,10,989.3,10,,,82,10,0.0,10,0,10,,,0.0,10,15.9,,,10,16.0,,,10,14.8,10,14.6,10,12.3,10,206,10
2008-05-25T03:00+00:00,5917,0,0,25,10,23,10,2.0,10,3.2,10,989.2,10,,,82,10,0.0,10,0,10,,,0.0,10,15.8,,,10,15.9,,,10,14.8,10,14.7,10,13.3,10,349,10
2008-05-25T04:00+00:00,5917,12,0,360,10,15,10,1.9,10,3.7,10,989.6,10,,,83,10,0.0,10,0,10,,,0.0,10,15.7,,,10,15.8,,,10,14.8,10,14.2,10,13.4,10,441,10
2008-05-25T05:00+00:00,5917,31,0,17,10,17,10,2.4,10,4.5,10,989.8,10,,,82,10,0.0,10,0,10,,,0.0,10,15.6,,,10,15.8,,,10,14.8,10,14.1,10,13.6,10,559,10
2008-05-25T06:00+00:00,5917,77,0,9,10,19,10,2.5,10,4.2,10,990.4,10,,,82,10,0.0,10,0,10,,,0.0,10,15.6,,,10,15.7,,,10,14.8,10,14.4,10,14.4,10,700,10
2008-05-25T07:00+00:00,5917,66,0,349,10,341,10,2.5,10,4.6,10,991.1,10,,,92,10,0.2,10,32,10,,,0.0,10,15.6,,,10,15.6,,,10,14.8,10,13.8,10,14.6,10,734,10
2008-05-25T08:00+00:00,5917,142,0,5,10,23,10,2.0,10,4.4,10,991.3,10,,,88,10,0.1,10,13,10,,,0.0,10,15.6,,,10,15.6,,,10,14.8,10,14.9,10,15.0,10,900,10
2008-05-25T09:00+00:00,5917,217,0,341,10,347,10,2.6,10,4.8,10,992.1,10,,,82,10,0.0,10,0,10,,,0.0,10,15.7,,,10,15.5,,,10,14.8,10,15.8,10,17.1,10,906,10
2008-05-25T10:00+00:00,5917,255,0,344,10,337,10,3.3,10,5.5,10,992.3,10,,,82,10,0.1,10,24,10,,,0.0,10,15.8,,,10,15.5,,,10,14.8,10,16.2,10,18.0,10,1038,10
2008-05-25T11:00+00:00,5917,778,0,1,10,333,10,2.1,10,4.9,10,992.5,10,,,57,10,0.0,10,0,10,,,0.8,10,16.2,,,10,15.6,,,10,14.8,10,19.3,10,21.5,10,1113,10
2008-05-25T12:00+00:00,5917,826,0,1,10,338,10,2.0,10,4.8,10,992.6,10,,,56,10,0.0,10,0,10,,,1.0,10,16.8,,,10,15.7,,,10,14.8,10,21.0,10,28.4,10,1241,10
2008-05-25T13:00+00:00,5917,804,0,9,10,32,10,1.8,10,5.4,10,992.3,10,,,56,10,0.0,10,0,10,,,1.0,10,17.5,,,10,15.9,,,10,14.8,10,21.5,10,35.2,10,1342,10
2008-05-25T14:00+00:00,5917,402,0,2,10,3,10,2.4,10,5.5,10,992.5,10,,,58,10,0.0,10,0,10,,,0.5,10,17.9,,,10,16.2,,,10,14.8,10,21.5,10,28.5,10,1402,10
2008-05-25T15:00+00:00,5917,327,0,19,10,29,10,2.0,10,4.3,10,992.7,10,,,56,10,0.0,10,0,10,,,0.3,10,18.1,,,10,16.4,,,10,14.8,10,21.1,10,24.7,10,1501,10
2008-05-25T16:00+00:00,5917,247,0,47,10,32,10,1.5,10,4.1,10,992.4,10,,,54,10,0.0,10,0,10,,,0.6,10,18.1,,,10,16.6,,,10,14.9,10,21.2,10,23.0,10,1611,10
2008-05-25T17:00+00:00,5917,175,0,97,10,78,10,1.0,10,2.3,10,992.6,10,,,55,10,0.0,10,0,10,,,0.4,10,18.0,,,10,16.8,,,10,14.9,10,20.8,10,21.0,10,1709,10
2008-05-25T18:00+00:00,5917,80,0,92,10,90,10,1.3,10,3.1,10,992.9,10,,,59,10,0.0,10,0,10,,,0.2,10,17.9,,,10,16.9,,,10,15.0,10,19.9,10,17.3,10,1836,10
2008-05-25T19:00+00:00,5917,10,0,78,10,63,10,1.9,10,3.0,10,993.0,10,,,61,10,0.0,10,0,10,,,0.0,10,17.6,,,10,16.9,,,10,15.0,10,18.5,10,12.9,10,1942,10
2008-05-25T20:00+00:00,5917,0,0,50,10,37,10,1.9,10,4.1,10,993.6,10,,,67,10,0.0,10,0,10,,,0.0,10,17.3,,,10,16.9,,,10,15.0,10,17.1,10,11.9,10,2059,10
2008-05-25T21:00+00:00,5917,0,0,33,10,53,10,2.6,10,4.5,10,993.6,10,,,75,10,0.0,10,0,10,,,0.0,10,17.0,,,10,16.8,,,10,15.1,10,15.4,10,10.7,10,2104,10
2008-05-25T22:00+00:00,5917,0,0,25,10,32,10,3.0,10,5.2,10,993.4,10,,,81,10,0.0,10,0,10,,,0.0,10,16.7,,,10,16.7,,,10,15.1,10,14.4,10,10.6,10,2211,10
2008-05-25T23:00+00:00,5917,0,0,26,10,34,10,1.7,10,4.6,10,993.7,10,,,80,10,0.0,10,0,10,,,0.0,10,16.4,,,10,16.6,,,10,15.1,10,14.0,10,9.8,10,2301,10
2008-05-26T00:00+00:00,5917,0,0,5,10,22,10,1.4,10,3.3,10,993.8,10,,,84,10,0.0,10,0,10,,,0.0,10,16.2,,,10,16.4,,,10,15.2,10,13.1,10,10.2,10,10,10
2008-05-26T01:00+00:00,5917,0,0,5,10,24,10,2.0,10,4.6,10,993.4,10,,,85,10,0.0,10,0,10,,,0.0,10,16.0,,,10,16.3,,,10,15.2,10,12.6,10,9.3,10,154,10
2008-05-26T02:00+00:00,5917,0,0,12,10,27,10,1.9,10,4.4,10,993.6,10,,,89,10,0.0,10,0,10,,,0.0,10,15.8,,,10,16.2,,,10,15.2,10,11.9,10,9.0,10,202,10
2008-05-26T03:00+00:00,5917,0,0,34,10,55,10,1.2,10,2.8,10,993.6,10,,,87,10,0.0,10,0,10,,,0.0,10,15.6,,,10,16.1,,,10,15.2,10,12.0,10,8.8,10,322,10
2008-05-26T04:00+00:00,5917,27,0,34,10,35,10,1.1,10,2.4,10,994.0,10,,,89,10,0.0,10,0,10,,,0.0,10,15.4,,,10,15.9,,,10,15.2,10,12.1,10,8.5,10,412,10
2008-05-26T05:00+00:00,5917,113,0,197,10,215,10,0.3,10,1.5,10,993.6,10,,,82,10,0.0,10,0,10,,,0.6,10,15.3,,,10,15.8,,,10,15.2,10,14.3,10,10.2,10,509,10
2008-05-26T06:00+00:00,5917,289,0,128,10,121,10,1.8,10,4.6,10,993.6,10,,,79,10,0.0,10,0,10,,,1.0,10,15.3,,,10,15.7,,,10,15.2,10,15.1,10,12.7,10,658,10
2008-05-26T07:00+00:00,5917,378,0,109,10,106,10,3.0,10,5.7,10,993.4,10,,,75,10,0.0,10,0,10,,,0.9,10,15.4,,,10,15.6,,,10,15.1,10,16.4,10,18.4,10,743,10
2008-05-26T08:00+00:00,5917,618,0,105,10,114,10,4.0,10,7.1,10,993.1,10,,,76,10,0.0,10,0,10,,,1.0,10,15.6,,,10,15.6,,,10,15.1,10,17.8,10,20.5,10,815,10
2008-05-26T09:00+00:00,5917,770,0,116,10,121,10,4.7,10,8.5,10,992.6,10,,,72,10,0.0,10,0,10,,,1.0,10,15.9,,,10,15.6,,,10,15.1,10,19.5,10,22.3,10,909,10
2008-05-26T10:00+00:00,5917,707,0,117,10,123,10,5.0,10,8.9,10,992.2,10,,,71,10,0.0,10,0,10,,,1.0,10,16.2,,,10,15.7,,,10,15.1,10,20.7,10,27.2,10,1050,10
2008-05-26T11:00+00:00,5917,684,0,117,10,120,10,5.9,10,9.7,10,992.0,10,,,70,10,0.0,10,0,10,,,1.0,10,16.6,,,10,15.8,,,10,15.1,10,21.1,10,28.3,10,1200,10
2008-05-26T12:00+00:00,5917,832,0,115,10,105,10,5.4,10,9.2,10,991.6,10,,,65,10,0.0,10,0,10,,,1.0,10,17.1,,,10,15.9,,,10,15.0,10,23.1,10,31.2,10,1213,10
2008-05-26T13:00+00:00,5917,564,0,118,10,126,10,5.0,10,9.0,10,991.2,10,,,68,10,0.0,10,0,10,,,0.7,10,17.6,,,10,16.1,,,10,15.0,10,23.0,10,28.5,10,1306,10
2008-05-26T14:00+00:00,5917,472,0,127,10,124,10,5.5,10,9.3,10,991.0,10,,,70,10,0.0,10,0,10,,,0.4,10,18.0,,,10,16.4,,,10,15.0,10,22.4,10,26.0,10,1419,10
2008-05-26T15:00+00:00,5917,396,0,130,10,129,10,5.5,10,9.5,10,990.8,10,,,70,10,0.0,10,0,10,,,0.7,10,18.1,,,10,16.6,,,10,15.1,10,22.6,10,25.5,10,1531,10
2008-05-26T16:00+00:00,5917,206,0,127,10,133,10,4.5,10,8.1,10,990.2,10,,,74,10,0.0,10,0,10,,,0.0,10,18.2,,,10,16.8,,,10,15.1,10,22.0,10,23.7,10,1613,10
2008-05-26T17:00+00:00,5917,200,0,124,10,114,10,3.6,10,6.7,10,990.0,10,,,75,10,0.0,10,0,10,,,0.8,10,18.1,,,10,16.9,,,10,15.1,10,22.1,10,22.8,10,1757,10
2008-05-26T18:00+00:00,5917,60,0,113,10,124,10,3.6,10,6.6,10,989.8,10,,,78,10,0.0,10,0,10,,,0.3,10,18.0,,,10,17.0,,,10,15.2,10,20.9,10,18.7,10,1809,10
2008-05-26T19:00+00:00,5917,6,0,108,10,126,10,3.1,10,5.9,10,989.9,10,,,82,10,0.0,10,0,10,,,0.0,10,17.9,,,10,17.1,,,10,15.2,10,19.7,10,16.7,10,1943,10
2008-05-26T20:00+00:00,5917,0,0,114,10,123,10,2.3,10,4.8,10,990.3,10,,,86,10,0.0,10,0,10,,,0.0,10,17.6,,,10,17.0,,,10,15.2,10,18.9,10,15.5,10,2034,10
2008-05-26T21:00+00:00,5917,0,0,129,10,126,10,2.7,10,5.1,10,990.2,10,,,87,10,0.0,10,0,10,,,0.0,10,17.4,,,10,17.0,,,10,15.3,10,18.3,10,15.1,10,2154,10
2008-05-26T22:00+00:00,5917,0,0,122,10,121,10,2.4,10,4.6,10,990.0,10,,,90,10,0.0,10,0,10,,,0.0,10,17.2,,,10,16.9,,,10,15.3,10,17.5,10,13.3,10,2201,10
2008-05-26T23:00+00:00,5917,0,0,132,10,127,10,0.9,10,3.0,10,990.0,10,,,94,10,0.0,10,0,10,,,0.0,10,17.0,,,10,16.9,,,10,15.4,10,16.4,10,12.2,10,2400,10
2008-05-27T00:00+00:00,5917,0,0,147,10,118,10,1.2,10,2.8,10,989.9,10,,,93,10,0.0,10,0,10,,,0.0,10,16.8,,,10,16.8,,,10,15.4,10,16.1,10,11.9,10,6,10
2008-05-27T01:00+00:00,5917,0,0,130,10,144,10,1.3,10,2.7,10,990.0,10,,,95,10,0.0,10,0,10,,,0.0,10,16.5,,,10,16.7,,,10,15.4,10,14.9,10,11.2,10,120,10
2008-05-27T02:00+00:00,5917,0,0,99,10,109,10,1.4,10,3.5,10,990.0,10,,,92,10,0.0,10,0,10,,,0.0,10,16.3,,,10,16.6,,,10,15.4,10,15.5,10,11.2,10,223,10
2008-05-27T03:00+00:00,5917,0,0,129,10,128,10,2.0,10,3.7,10,989.9,10,,,94,10,0.0,10,0,10,,,0.0,10,16.2,,,10,16.5,,,10,15.4,10,14.3,10,11.2,10,341,10
2008-05-27T04:00+00:00,5917,24,0,162,10,137,10,1.2,10,3.3,10,990.2,10,,,93,10,0.0,10,0,10,,,0.0,10,16.0,,,10,16.3,,,10,15.4,10,14.6,10,11.2,10,401,10
2008-05-27T05:00+00:00,5917,125,0,141,10,136,10,1.9,10,4.4,10,990.7,10,,,89,10,0.0,10,0,10,,,1.0,10,15.9,,,10,16.2,,,10,15.4,10,16.3,10,12.3,10,550,10
2008-05-27T06:00+00:00,5917,283,0,122,10,113,10,2.6,10,4.3,10,990.7,10,,,82,10,0.0,10,0,10,,,1.0,10,16.0,,,10,16.2,,,10,15.4,10,17.7,10,15.4,10,626,10
2008-05-27T07:00+00:00,5917,439,0,118,10,109,10,1.3,10,3.4,10,991.0,10,,,79,10,0.0,10,0,10,,,1.0,10,16.1,,,10,16.1,,,10,15.4,10,19.3,10,20.2,10,701,10
2008-05-27T08:00+00:00,5917,603,0,120,10,126,10,1.5,10,3.4,10,991.2,10,,,77,10,0.0,10,0,10,,,1.0,10,16.4,,,10,16.1,,,10,15.4,10,20.6,10,23.1,10,835,10
2008-05-27T09:00+00:00,5917,737,0,105,10,68,10,1.9,10,5.2,10,991.1,10,,,70,10,0.0,10,0,10,,,1.0,10,16.6,,,10,16.1,,,10,15.4,10,22.2,10,24.7,10,921,10
2008-05-27T10:00+00:00,5917,826,0,100,10,87,10,2.2,10,4.8,10,991.3,10,,,69,10,0.0,10,0,10,,,1.0,10,16.9,,,10,16.2,,,10,15.4,10,23.3,10,32.0,10,1041,10
2008-05-27T11:00+00:00,5917,867,0,101,10,116,10,2.1,10,5.6,10,990.9,10,,,65,10,0.0,10,0,10,,,1.0,10,17.5,,,10,16.3,,,10,15.4,10,24.2,10,37.3,10,1110,10
2008-05-27T12:00+00:00,5917,863,0,109,10,148,10,3.3,10,6.3,10,990.7,10,,,63,10,0.0,10,0,10,,,1.0,10,18.1,,,10,16.5,,,10,15.4,10,25.2,10,40.3,10,1255,10
2008-05-27T13:00+00:00,5917,805,0,110,10,108,10,3.2,10,6.4,10,990.3,10,,,62,10,0.0,10,0,10,,,1.0,10,18.8,,,10,16.8,,,10,15.4,10,26.3,10,40.7,10,1305,10
2008-05-27T14:00+00:00,5917,695,0,108,10,76,10,3.0,10,6.3,10,990.0,10,,,61,10,0.0,10,0,10,,,1.0,10,19.4,,,10,17.1,,,10,15.4,10,26.8,10,37.3,10,1456,10
2008-05-27T15:00+00:00,5917,553,0,91,10,99,10,3.2,10,6.2,10,989.8,10,,,61,10,0.0,10,0,10,,,1.0,10,19.7,,,10,17.5,,,10,15.4,10,26.8,10,32.6,10,1554,10
2008-05-27T16:00+00:00,5917,393,0,91,10,110,10,3.7,10,6.5,10,989.6,10,,,62,10,0.0,10,0,10,,,1.0,10,19.8,,,10,17.7,,,10,15.5,10,26.8,10,30.0,10,1610,10
2008-05-27T17:00+00:00,5917,230,0,86,10,85,10,2.9,10,5.6,10,989.5,10,,,64,10,0.0,10,0,10,,,1.0,10,19.8,,,10,17.9,,,10,15.5,10,26.1,10,25.3,10,1731,10
2008-05-27T18:00+00:00,5917,84,0,73,10,68,10,3.1,10,5.0,10,989.6,10,,,65,10,0.0,10,0,10,,,0.9,10,19.6,,,10,18.0,,,10,15.6,10,24.8,10,21.9,10,1836,10
2008-05-27T19:00+00:00,5917,10,0,75,10,75,10,3.1,10,4.9,10,989.6,10,,,68,10,0.0,10,0,10,,,0.0,10,19.4,,,10,18.1,,,10,15.7,10,23.7,10,18.9,10,1914,10
2008-05-27T20:00+00:00,5917,0,0,67,10,73,10,2.1,10,4.0,10,990.0,10,,,71,10,0.0,10,0,10,,,0.0,10,19.1,,,10,18.1,,,10,15.7,10,23.2,10,17.4,10,2005,10
2008-05-27T21:00+00:00,5917,0,0,52,10,64,10,1.9,10,3.4,10,990.0,10,,,76,10,0.0,10,0,10,,,0.0,10,18.8,,,10,18.1,,,10,15.8,10,22.3,10,16.7,10,2157,10
2008-05-27T22:00+00:00,5917,0,0,43,10,39,10,1.5,10,2.6,10,990.1,10,,,81,10,0.0,10,0,10,,,0.0,10,18.5,,,10,18.0,,,10,15.8,10,21.3,10,15.8,10,2232,10
2008-05-27T23:00+00:00,5917,0,0,19,10,22,10,2.3,10,3.9,10,990.1,10,,,85,10,0.0,10,0,10,,,0.0,10,18.3,,,10,17.9,,,10,15.9,10,20.2,10,15.4,10,2347,10
2008-05-28T00:00+00:00,5917,0,0,12,10,16,10,2.5,10,4.1,10,989.8,10,,,88,10,0.0,10,0,10,,,0.0,10,18.0,,,10,17.8,,,10,15.9,10,19.5,10,15.1,10,39,10
2008-05-28T01:00+00:00,5917,0,0,11,10,10,10,2.4,10,4.7,10,989.6,10,,,91,10,0.0,10,0,10,,,0.0,10,17.8,,,10,17.7,,,10,15.9,10,18.7,10,14.6,10,138,10
2008-05-28T02:00+00:00,5917,0,0,8,10,21,10,2.4,10,4.3,10,989.7,10,,,92,10,0.0,10,0,10,,,0.0,10,17.6,,,10,17.6,,,10,16.0,10,18.0,10,13.8,10,232,10
2008-05-28T03:00+00:00,5917,0,0,10,10,23,10,2.6,10,4.4,10,989.6,10,,,92,10,0.0,10,0,10,,,0.0,10,17.5,,,10,17.5,,,10,16.0,10,17.5,10,13.5,10,323,10
2008-05-28T04:00+00:00,5917,28,0,357,10,3,10,2.4,10,4.1,10,989.8,10,,,92,10,0.0,10,0,10,,,0.0,10,17.3,,,10,17.4,,,10,16.0,10,17.5,10,13.4,10,455,10
2008-05-28T05:00+00:00,5917,128,0,1,10,359,10,2.1,10,3.8,10,990.0,10,,,85,10,0.0,10,0,10,,,1.0,10,17.2,,,10,17.3,,,10,16.0,10,19.1,10,14.7,10,513,10
2008-05-28T06:00+00:00,5917,276,0,346,10,342,10,1.7,10,3.3,10,990.2,10,,,80,10,0.0,10,0,10,,,1.0,10,17.2,,,10,17.2,,,10,16.0,10,20.6,10,18.0,10,607,10
2008-05-28T07:00+00:00,5917,442,0,358,10,316,10,1.5,10,3.1,10,989.9,10,,,74,10,0.0,10,0,10,,,1.0,10,17.3,,,10,17.1,,,10,16.0,10,21.7,10,20.7,10,735,10
2008-05-28T08:00+00:00,5917,591,0,3,10,23,10,1.5,10,3.6,10,990.0,10,,,72,10,0.0,10,0,10,,,1.0,10,17.6,,,10,17.1,,,10,16.0,10,22.7,10,25.4,10,834,10
2008-05-28T09:00+00:00,5917,698,0,32,10,42,10,1.4,10,4.4,10,989.9,10,,,70,10,0.0,10,0,10,,,1.0,10,17.8,,,10,17.1,,,10,16.0,10,24.1,10,27.6,10,940,10
2008-05-28T10:00+00:00,5917,787,0,37,10,15,10,1.8,10,4.5,10,989.6,10,,,67,10,0.0,10,0,10,,,1.0,10,18.1,,,10,17.2,,,10,16.0,10,24.9,10,33.5,10,1021,10
2008-05-28T11:00+00:00,5917,827,0,55,10,46,10,1.7,10,5.4,10,989.6,10,,,66,10,0.0,10,0,10,,,1.0,10,18.6,,,10,17.3,,,10,16.0,10,25.9,10,39.5,10,1129,10
2008-05-28T12:00+00:00,5917,825,0,75,10,115,10,1.8,10,6.0,10,989.2,10,,,66,10,0.0,10,0,10,,,1.0,10,19.2,,,10,17.5,,,10,16.0,10,27.1,10,42.2,10,1259,10
2008-05-28T13:00+00:00,5917,746,0,98,10,105,10,3.0,10,5.6,10,989.1,10,,,65,10,0.0,10,0,10,,,1.0,10,19.8,,,10,17.7,,,10,16.0,10,27.6,10,41.5,10,1311,10
2008-05-28T14:00+00:00,5917,653,0,92,10,69,10,2.7,10,5.9,10,988.9,10,,,63,10,0.0,10,0,10,,,1.0,10,20.3,,,10,18.0,,,10,16.0,10,28.3,10,38.6,10,1422,10
2008-05-28T15:00+00:00,5917,535,0,92,10,115,10,3.0,10,5.9,10,988.9,10,,,62,10,0.0,10,0,10,,,1.0,10,20.6,,,10,18.3,,,10,16.1,10,28.6,10,34.8,10,1504,10
2008-05-28T16:00+00:00,5917,358,0,85,10,110,10,2.7,10,6.2,10,988.8,10,,,64,10,0.0,10,0,10,,,1.0,10,20.7,,,10,18.6,,,10,16.1,10,28.1,10,30.7,10,1607,10
2008-05-28T17:00+00:00,5917,145,0,16,10,30,10,4.1,10,7.2,10,989.5,10,,,70,10,0.0,10,0,10,,,0.4,10,20.6,,,10,18.8,,,10,16.1,10,25.3,10,24.9,10,1741,10
2008-05-28T18:00+00:00,5917,51,0,4,10,347,10,3.6,10,6.6,10,990.0,10,,,69,10,0.0,10,0,10,,,0.0,10,20.4,,,10,18.8,,,10,16.2,10,23.6,10,21.6,10,1900,10
2008-05-28T19:00+00:00,5917,7,0,15,10,19,10,4.4,10,7.4,10,990.4,10,,,69,10,0.0,10,0,10,,,0.0,10,20.1,,,10,18.9,,,10,16.3,10,22.3,10,19.6,10,1957,10
2008-05-28T20:00+00:00,5917,0,0,10,10,11,10,3.5,10,7.5,10,990.8,10,,,69,10,0.0,10,0,10,,,0.0,10,19.7,,,10,18.9,,,10,16.3,10,20.6,10,17.9,10,2013,10
2008-05-28T21:00+00:00,5917,0,0,357,10,353,10,2.9,10,5.1,10,991.1,10,,,69,10,0.0,10,0,10,,,0.0,10,19.4,,,10,18.8,,,10,16.4,10,19.5,10,15.9,10,2106,10
2008-05-28T22:00+00:00,5917,0,0,357,10,8,10,2.7,10,4.3,10,991.5,10,,,71,10,0.0,10,0,10,,,0.0,10,19.1,,,10,18.7,,,10,16.4,10,19.0,10,14.9,10,2222,10
2008-05-28T23:00+00:00,5917,0,0,360,10,36,10,2.2,10,5.3,10,992.1,10,,,74,10,0.0,10,0,10,,,0.0,10,18.8,,,10,18.6,,,10,16.5,10,18.1,10,14.1,10,2317,10
2008-05-29T00:00+00:00,5917,0,0,25,10,356,10,1.5,10,2.8,10,992.3,10,,,76,10,0.0,10,0,10,,,0.0,10,18.6,,,10,18.5,,,10,16.5,10,18.3,10,13.5,10,3,10
2008-05-29T01:00+00:00,5917,0,0,102,10,118,10,2.3,10,6.8,10,992.5,10,,,72,10,0.0,10,0,10,,,0.0,10,18.4,,,10,18.3,,,10,16.5,10,18.6,10,13.6,10,153,10
2008-05-29T02:00+00:00,5917,0,0,114,10,123,10,3.4,10,7.3,10,992.4,10,,,67,10,0.0,10,0,10,,,0.0,10,18.2,,,10,18.2,,,10,16.6,10,18.0,10,16.6,10,229,10
2008-05-29T03:00+00:00,5917,0,0,123,10,121,10,4.5,10,7.8,10,992.7,10,,,62,10,0.0,10,0,10,,,0.0,10,18.1,,,10,18.1,,,10,16.6,10,17.1,10,16.3,10,359,10
2008-05-29T04:00+00:00,5917,36,0,120,10,124,10,5.7,10,9.1,10,993.1,10,,,63,10,0.0,10,0,10,,,0.0,10,17.9,,,10,18.0,,,10,16.6,10,16.1,10,15.2,10,412,10
2008-05-29T05:00+00:00,5917,175,0,121,10,122,10,5.9,10,9.6,10,993.3,10,,,60,10,0.0,10,0,10,,,0.8,10,17.8,,,10,17.9,,,10,16.6,10,16.8,10,15.2,10,556,10
2008-05-29T06:00+00:00,5917,184,0,121,10,123,10,6.0,10,9.8,10,993.6,10,,,59,10,0.0,10,0,10,,,0.1,10,17.8,,,10,17.8,,,10,16.6,10,16.8,10,18.1,10,604,10
2008-05-29T07:00+00:00,5917,353,0,117,10,134,10,6.1,10,9.6,10,993.6,10,,,56,10,0.0,10,0,10,,,0.5,10,17.8,,,10,17.7,,,10,16.6,10,17.6,10,19.4,10,702,10
2008-05-29T08:00+00:00,5917,579,0,120,10,119,10,6.3,10,9.8,10,993.6,10,,,52,10,0.0,10,0,10,,,1.0,10,17.9,,,10,17.7,,,10,16.6,10,18.6,10,21.1,10,845,10
2008-05-29T09:00+00:00,5917,721,0,125,10,135,10,6.4,10,10.3,10,993.4,10,,,51,10,0.0,10,0,10,,,1.0,10,18.0,,,10,17.6,,,10,16.5,10,19.8,10,22.3,10,915,10
2008-05-29T10:00+00:00,5917,816,0,125,10,131,10,6.1,10,9.9,10,993.3,10,,,49,10,0.0,10,0,10,,,1.0,10,18.1,,,10,17.7,,,10,16.5,10,20.8,10,27.7,10,1020,10
2008-05-29T11:00+00:00,5917,851,0,127,10,121,10,6.3,10,10.2,10,993.0,10,,,46,10,0.0,10,0,10,,,1.0,10,18.4,,,10,17.7,,,10,16.5,10,21.9,10,31.7,10,1115,10
2008-05-29T12:00+00:00,5917,790,0,131,10,134,10,6.2,10,10.4,10,992.3,10,,,47,10,0.0,10,0,10,,,1.0,10,18.8,,,10,17.8,,,10,16.5,10,22.0,10,32.9,10,1232,10
2008-05-29T13:00+00:00,5917,684,0,122,10,135,10,6.0,10,9.4,10,991.9,10,,,49,10,0.0,10,0,10,,,1.0,10,19.2,,,10,17.9,,,10,16.5,10,23.4,10,31.7,10,1341,10
2008-05-29T14:00+00:00,5917,672,0,121,10,118,10,5.9,10,9.6,10,991.4,10,,,48,10,0.0,10,0,10,,,1.0,10,19.5,,,10,18.1,,,10,16.5,10,23.6,10,32.7,10,1455,10
2008-05-29T15:00+00:00,5917,503,0,130,10,138,10,5.4,10,10.6,10,990.8,10,,,50,10,0.0,10,0,10,,,1.0,10,19.8,,,10,18.3,,,10,16.5,10,23.9,10,29.1,10,1551,10
2008-05-29T16:00+00:00,5917,363,0,127,10,122,10,5.0,10,8.5,10,990.3,10,,,52,10,0.0,10,0,10,,,1.0,10,19.8,,,10,18.4,,,10,16.5,10,23.7,10,26.4,10,1605,10
2008-05-29T17:00+00:00,5917,202,0,124,10,123,10,4.1,10,7.0,10,990.2,10,,,57,10,0.0,10,0,10,,,1.0,10,19.7,,,10,18.6,,,10,16.6,10,22.9,10,22.9,10,1752,10
2008-05-29T18:00+00:00,5917,67,0,121,10,128,10,4.0,10,5.4,10,990.1,10,,,64,10,0.0,10,0,10,,,0.0,10,19.5,,,10,18.6,,,10,16.6,10,21.4,10,18.9,10,1817,10
2008-05-29T19:00+00:00,5917,9,0,123,10,122,10,3.7,10,5.8,10,990.3,10,,,69,10,0.0,10,0,10,,,0.0,10,19.3,,,10,18.6,,,10,16.6,10,19.8,10,16.6,10,1924,10
2008-05-29T20:00+00:00,5917,0,0,125,10,124,10,3.5,10,5.1,10,990.5,10,,,71,10,0.0,10,0,10,,,0.0,10,19.0,,,10,18.6,,,10,16.6,10,19.1,10,15.0,10,2047,10
2008-05-29T21:00+00:00,5917,0,0,125,10,124,10,3.4,10,5.3,10,990.5,10,,,74,10,0.0,10,0,10,,,0.0,10,18.7,,,10,18.5,,,10,16.7,10,18.3,10,14.1,10,2113,10
2008-05-29T22:00+00:00,5917,0,0,112,10,128,10,2.2,10,3.7,10,990.1,10,,,75,10,0.0,10,0,10,,,0.0,10,18.4,,,10,18.4,,,10,16.7,10,17.6,10,12.5,10,2300,10
2008-05-29T23:00+00:00,5917,0,0,109,10,114,10,3.8,10,6.0,10,990.0,10,,,73,10,0.0,10,0,10,,,0.0,10,18.2,,,10,18.2,,,10,16.7,10,16.9,10,12.5,10,2344,10
2008-05-30T00:00+00:00,5917,0,0,114,10,111,10,4.1,10,6.5,10,989.7,10,,,71,10,0.0,10,0,10,,,0.0,10,18.0,,,10,18.1,,,10,16.7,10,16.3,10,12.9,10,20,10
2008-05-30T01:00+00:00,5917,0,0,119,10,125,10,4.3,10,6.3,10,989.5,10,,,72,10,0.0,10,0,10,,,0.0,10,17.7,,,10,18.0,,,10,16.7,10,15.8,10,12.6,10,156,10
2008-05-30T02:00+00:00,5917,0,0,116,10,122,10,4.2,10,7.4,10,989.3,10,,,72,10,0.0,10,0,10,,,0.0,10,17.6,,,10,17.9,,,10,16.7,10,15.8,10,12.6,10,254,10
2008-05-30T03:00+00:00,5917,0,0,120,10,135,10,3.7,10,7.5,10,989.3,10,,,72,10,0.0,10,0,10,,,0.0,10,17.4,,,10,17.7,,,10,16.7,10,15.0,10,11.8,10,308,10
2008-05-30T04:00+00:00,5917,24,0,102,10,105,10,2.3,10,4.1,10,989.6,10,,,73,10,0.0,10,0,10,,,0.0,10,17.2,,,10,17.6,,,10,16.7,10,14.9,10,11.0,10,420,10
2008-05-30T05:00+00:00,5917,128,0,122,10,119,10,2.2,10,4.5,10,989.6,10,,,70,10,0.0,10,0,10,,,1.0,10,17.1,,,10,17.5,,,10,16.7,10,16.8,10,12.2,10,529,10
2008-05-30T06:00+00:00,5917,282,0,116,10,135,10,2.2,10,4.5,10,989.7,10,,,67,10,0.0,10,0,10,,,1.0,10,17.1,,,10,17.4,,,10,16.7,10,18.4,10,15.5,10,602,10
2008-05-30T07:00+00:00,5917,440,0,131,10,140,10,3.4,10,5.8,10,989.9,10,,,67,10,0.0,10,0,10,,,1.0,10,17.2,,,10,17.3,,,10,16.7,10,19.7,10,20.4,10,712,10
2008-05-30T08:00+00:00,5917,603,0,131,10,148,10,3.7,10,7.0,10,989.7,10,,,66,10,0.0,10,0,10,,,1.0,10,17.5,,,10,17.3,,,10,16.6,10,21.6,10,23.4,10,850,10
2008-05-30T09:00+00:00,5917,728,0,121,10,135,10,4.7,10,8.7,10,989.3,10,,,64,10,0.0,10,0,10,,,1.0,10,17.7,,,10,17.3,,,10,16.6,10,23.4,10,25.3,10,947,10
2008-05-30T10:00+00:00,5917,823,0,122,10,134,10,5.9,10,9.8,10,988.9,10,,,63,10,0.0,10,0,10,,,1.0,10,18.0,,,10,17.4,,,10,16.6,10,24.8,10,31.2,10,1053,10
2008-05-30T11:00+00:00,5917,863,0,120,10,138,10,5.5,10,8.7,10,988.5,10,,,62,10,0.0,10,0,10,,,1.0,10,18.4,,,10,17.5,,,10,16.6,10,25.9,10,36.3,10,1114,10
2008-05-30T12:00+00:00,5917,854,0,115,10,112,10,5.4,10,9.2,10,988.0,10,,,61,10,0.0,10,0,10,,,1.0,10,19.0,,,10,17.6,,,10,16.6,10,26.5,10,39.3,10,1232,10
2008-05-30T13:00+00:00,5917,788,0,120,10,135,10,5.7,10,9.0,10,987.9,10,,,61,10,0.0,10,0,10,,,1.0,10,19.6,,,10,17.9,,,10,16.6,10,27.0,10,40.7,10,1320,10
2008-05-30T14:00+00:00,5917,683,0,118,10,125,10,6.5,10,10.1,10,987.7,10,,,60,10,0.0,10,0,10,,,1.0,10,20.0,,,10,18.1,,,10,16.6,10,27.3,10,36.1,10,1427,10
2008-05-30T15:00+00:00,5917,546,0,126,10,135,10,5.9,10,9.7,10,987.3,10,,,61,10,0.0,10,0,10,,,1.0,10,20.3,,,10,18.4,,,10,16.6,10,27.6,10,32.8,10,1539,10
2008-05-30T16:00+00:00,5917,386,0,126,10,120,10,5.3,10,8.4,10,987.0,10,,,62,10,0.0,10,0,10,,,1.0,10,20.4,,,10,18.6,,,10,16.6,10,27.1,10,29.6,10,1632,10
2008-05-30T17:00+00:00,5917,226,0,121,10,134,10,4.3,10,7.5,10,986.9,10,,,65,10,0.0,10,0,10,,,1.0,10,20.3,,,10,18.8,,,10,16.6,10,26.3,10,26.1,10,1713,10
2008-05-30T18:00+00:00,5917,89,0,129,10,123,10,3.7,10,6.5,10,987.0,10,,,69,10,0.0,10,0,10,,,0.6,10,20.1,,,10,18.9,,,10,16.7,10,24.8,10,22.6,10,1807,10
2008-05-30T19:00+00:00,5917,15,0,153,10,147,10,3.4,10,6.0,10,987.5,10,,,75,10,0.0,10,0,10,,,0.0,10,19.9,,,10,18.9,,,10,16.7,10,22.8,10,19.1,10,1901,10
2008-05-30T20:00+00:00,5917,0,0,146,10,141,10,3.9,10,6.5,10,988.1,10,,,78,10,0.0,10,0,10,,,0.0,10,19.6,,,10,18.9,,,10,16.8,10,21.7,10,18.4,10,2053,10
2008-05-30T21:00+00:00,5917,0,0,154,10,151,10,2.8,10,6.5,10,988.0,10,,,82,10,0.0,10,0,10,,,0.0,10,19.3,,,10,18.8,,,10,16.8,10,20.6,10,16.3,10,2102,10
2008-05-30T22:00+00:00,5917,0,0,183,10,150,10,2.6,10,5.2,10,988.5,10,,,89,10,0.0,10,0,10,,,0.0,10,19.1,,,10,18.8,,,10,16.9,10,19.5,10,15.8,10,2202,10
2008-05-30T23:00+00:00,5917,0,0,175,10,180,10,3.6,10,5.8,10,988.1,10,,,87,10,0.0,10,0,10,,,0.0,10,18.8,,,10,18.7,,,10,16.9,10,19.3,10,15.5,10,2312,10
2008-05-31T00:00+00:00,5917,0,0,194,10,202,10,2.3,10,4.8,10,987.5,10,,,86,10,0.0,10,0,10,,,0.0,10,18.6,,,10,18.6,,,10,16.9,10,18.9,10,13.5,10,100,10
2008-05-31T01:00+00:00,5917,0,0,146,10,168,10,1.3,10,3.0,10,987.5,10,,,89,10,0.0,10,0,10,,,0.0,10,18.4,,,10,18.4,,,10,16.9,10,17.9,10,12.6,10,110,10
2008-05-31T02:00+00:00,5917,0,0,176,10,211,10,1.7,10,3.1,10,987.8,10,,,91,10,0.0,10,0,10,,,0.0,10,18.1,,,10,18.3,,,10,16.9,10,17.1,10,11.7,10,257,10
2008-05-31T03:00+00:00,5917,0,0,170,10,184,10,1.7,10,3.1,10,988.1,10,,,87,10,0.0,10,0,10,,,0.0,10,17.9,,,10,18.2,,,10,17.0,10,16.2,10,11.4,10,305,10
2008-05-31T04:00+00:00,5917,27,0,209,10,225,10,0.7,10,2.4,10,988.5,10,,,88,10,0.0,10,0,10,,,0.1,10,17.7,,,10,18.1,,,10,17.0,10,16.4,10,10.9,10,416,10
2008-05-31T05:00+00:00,5917,135,0,194,10,203,10,0.8,10,2.9,10,988.8,10,,,89,10,0.0,10,0,10,,,1.0,10,17.6,,,10,18.0,,,10,17.0,10,17.8,10,12.6,10,514,10
2008-05-31T06:00+00:00,5917,295,0,125,10,105,10,1.0,10,2.6,10,988.8,10,,,76,10,0.0,10,0,10,,,1.0,10,17.6,,,10,17.9,,,10,16.9,10,20.0,10,16.6,10,659,10
2008-05-31T07:00+00:00,5917,464,0,126,10,126,10,2.0,10,4.2,10,988.9,10,,,65,10,0.0,10,0,10,,,1.0,10,17.7,,,10,17.8,,,10,16.9,10,21.9,10,20.3,10,753,10
2008-05-31T08:00+00:00,5917,626,0,132,10,119,10,1.9,10,4.4,10,988.9,10,,,61,10,0.0,10,0,10,,,1.0,10,18.0,,,10,17.7,,,10,16.9,10,24.0,10,25.0,10,825,10
2008-05-31T09:00+00:00,5917,752,0,135,10,124,10,1.5,10,4.8,10,989.0,10,,,57,10,0.0,10,0,10,,,1.0,10,18.2,,,10,17.7,,,10,16.9,10,26.0,10,25.8,10,949,10
2008-05-31T10:00+00:00,5917,845,0,148,10,123,10,3.5,10,8.0,10,988.9,10,,,47,10,0.0,10,0,10,,,1.0,10,18.4,,,10,17.8,,,10,16.9,10,27.6,10,32.4,10,1017,10
2008-05-31T11:00+00:00,5917,887,0,150,10,171,10,4.3,10,7.5,10,988.8,10,,,46,10,0.0,10,0,10,,,1.0,10,18.9,,,10,17.9,,,10,16.9,10,27.7,10,38.9,10,1144,10
2008-05-31T12:00+00:00,5917,876,0,150,10,130,10,4.8,10,9.6,10,988.5,10,,,44,10,0.0,10,0,10,,,1.0,10,19.5,,,10,18.1,,,10,16.9,10,28.1,10,41.8,10,1250,10
2008-05-31T13:00+00:00,5917,825,0,139,10,134,10,4.6,10,8.8,10,988.1,10,,,44,10,0.0,10,0,10,,,1.0,10,20.1,,,10,18.3,,,10,16.9,10,28.7,10,43.9,10,1302,10
2008-05-31T14:00+00:00,5917,725,0,137,10,136,10,4.3,10,8.5,10,987.8,10,,,45,10,0.0,10,0,10,,,1.0,10,20.6,,,10,18.6,,,10,16.9,10,28.6,10,39.2,10,1406,10
2008-05-31T15:00+00:00,5917,583,0,138,10,158,10,4.1,10,8.2,10,987.6,10,,,42,10,0.0,10,0,10,,,1.0,10,20.9,,,10,18.8,,,10,16.9,10,28.4,10,33.6,10,1600,10
2008-05-31T16:00+00:00,5917,428,0,116,10,124,10,4.1,10,7.1,10,987.7,10,,,45,10,0.0,10,0,10,,,1.0,10,21.0,,,10,19.1,,,10,16.9,10,27.6,10,31.2,10,1628,10
2008-05-31T17:00+00:00,5917,276,0,108,10,109,10,4.5,10,7.4,10,987.8,10,,,48,10,0.0,10,0,10,,,1.0,10,20.9,,,10,19.2,,,10,16.9,10,26.4,10,26.1,10,1707,10
2008-05-31T18:00+00:00,5917,113,0,122,10,128,10,3.6,10,6.1,10,987.8,10,,,54,10,0.0,10,0,10,,,0.8,10,20.6,,,10,19.3,,,10,17.0,10,24.4,10,21.9,10,1801,10
2008-05-31T19:00+00:00,5917,16,0,136,10,144,10,3.0,10,4.6,10,988.2,10,,,62,10,0.0,10,0,10,,,0.1,10,20.3,,,10,19.3,,,10,17.0,10,22.5,10,17.2,10,1930,10
2008-05-31T20:00+00:00,5917,0,0,140,10,147,10,2.9,10,4.2,10,988.9,10,,,66,10,0.0,10,0,10,,,0.0,10,19.9,,,10,19.3,,,10,17.1,10,21.3,10,15.8,10,2044,10
2008-05-31T21:00+00:00,5917,0,0,223,10,146,10,1.2,10,3.0,10,988.9,10,,,69,10,0.0,10,0,10,,,0.0,10,19.6,,,10,19.2,,,10,17.1,10,20.8,10,13.6,10,2108,10
2008-05-31T22:00+00:00,5917,0,0,263,10,264,10,1.9,10,3.1,10,989.1,10,,,75,10,0.0,10,0,10,,,0.0,10,19.3,,,10,19.1,,,10,17.2,10,19.7,10,12.5,10,2232,10
2008-05-31T23:00+00:00,5917,0,0,262,10,265,10,2.3,10,3.8,10,989.2,10,,,77,10,0.0,10,0,10,,,0.0,10,18.9,,,10,19.0,,,10,17.2,10,19.2,10,12.1,10,2331,10
2008-06-01T00:00+00:00,5917,0,0,257,10,278,10,1.5,10,3.2,10,989.6,10,,,84,10,0.0,10,0,10,,,0.0,10,18.7,,,10,18.8,,,10,17.2,10,17.6,10,12.1,10,23,10
2008-06-01T01:00+00:00,5917,0,0,229,10,279,10,1.7,10,4.0,10,989.5,10,,,85,10,0.0,10,0,10,,,0.0,10,18.4,,,10,18.7,,,10,17.2,10,17.8,10,11.6,10,154,10
2008-06-01T02:00+00:00,5917,0,0,270,10,254,10,2.4,10,3.9,10,989.6,10,,,83,10,0.0,10,0,10,,,0.0,10,18.2,,,10,18.5,,,10,17.3,10,18.1,10,11.3,10,205,10
2008-06-01T03:00+00:00,5917,0,0,288,10,297,10,3.2,10,6.2,10,989.8,10,,,80,10,0.0,10,0,10,,,0.0,10,18.0,,,10,18.4,,,10,17.3,10,19.5,10,11.5,10,339,10
2008-06-01T04:00+00:00,5917,31,0,294,10,291,10,3.1,10,6.1,10,990.0,10,,,81,10,0.0,10,0,10,,,0.0,10,17.9,,,10,18.3,,,10,17.2,10,19.5,10,13.4,10,405,10
2008-06-01T05:00+00:00,5917,107,0,303,10,303,10,1.5,10,5.2,10,990.7,10,,,79,10,0.0,10,0,10,,,0.8,10,17.8,,,10,18.1,,,10,17.2,10,20.8,10,14.9,10,507,10
2008-06-01T06:00+00:00,5917,244,0,297,10,299,10,3.3,10,7.3,10,990.8,10,,,73,10,0.0,10,0,10,,,1.0,10,17.9,,,10,18.0,,,10,17.2,10,21.9,10,17.7,10,624,10
2008-06-01T07:00+00:00,5917,380,0,293,10,304,10,2.9,10,8.7,10,991.1,10,,,69,10,0.0,10,0,10,,,1.0,10,18.0,,,10,18.0,,,10,17.2,10,23.1,10,20.8,10,758,10
2008-06-01T08:00+00:00,5917,610,0,305,10,310,10,3.3,10,8.4,10,991.2,10,,,64,10,0.0,10,0,10,,,1.0,10,18.3,,,10,18.0,,,10,17.2,10,24.1,10,26.3,10,859,10
2008-06-01T09:00+00:00,5917,707,0,305,10,302,10,3.3,10,8.1,10,991.2,10,,,65,10,0.0,10,0,10,,,1.0,10,18.5,,,10,18.0,,,10,17.2,10,24.8,10,28.4,10,916,10
2008-06-01T10:00+00:00,5917,707,0,306,10,295,10,3.4,10,7.5,10,991.1,10,,,64,10,0.0,10,0,10,,,1.0,10,18.8,,,10,18.1,,,10,17.1,10,25.6,10,33.8,10,1005,10
2008-06-01T11:00+00:00,5917,733,0,303,10,298,10,2.8,10,7.4,10,991.3,10,,,62,10,0.0,10,0,10,,,1.0,10,19.3,,,10,18.2,,,10,17.1,10,26.6,10,38.1,10,1146,10
2008-06-01T12:00+00:00,5917,599,0,345,10,318,10,3.0,10,7.4,10,990.9,10,,,63,10,0.0,10,0,10,,,1.0,10,19.8,,,10,18.4,,,10,17.1,10,26.7,10,35.3,10,1209,10
2008-06-01T13:00+00:00,5917,580,0,344,10,351,10,3.0,10,6.2,10,990.5,10,,,61,10,0.0,10,0,10,,,1.0,10,20.2,,,10,18.6,,,10,17.1,10,27.6,10,35.0,10,1303,10
2008-06-01T14:00+00:00,5917,623,0,5,10,20,10,3.5,10,8.3,10,990.0,10,,,58,10,0.0,10,0,10,,,1.0,10,20.6,,,10,18.8,,,10,17.1,10,28.2,10,36.9,10,1445,10
2008-06-01T15:00+00:00,5917,564,0,355,10,335,10,2.8,10,7.0,10,990.1,10,,,57,10,0.0,10,0,10,,,1.0,10,20.9,,,10,19.0,,,10,17.1,10,28.4,10,34.1,10,1515,10
2008-06-01T16:00+00:00,5917,244,0,41,10,42,10,2.3,10,5.5,10,989.9,10,,,57,10,0.0,10,0,10,,,0.5,10,20.9,,,10,19.2,,,10,17.2,10,26.9,10,24.6,10,1610,10
2008-06-01T17:00+00:00,5917,28,0,236,10,232,10,3.3,10,9.8,10,990.8,10,,,60,10,0.0,10,9,10,,,0.0,10,20.7,,,10,19.3,,,10,17.2,10,22.8,10,20.7,10,1747,10
2008-06-01T18:00+00:00,5917,1,0,297,10,320,10,1.7,10,10.4,10,991.8,10,,,87,10,0.3,10,25,10,,,0.0,10,20.3,,,10,19.4,,,10,17.2,10,19.4,10,18.0,10,1846,10
2008-06-01T19:00+00:00,5917,0,0,53,10,338,10,0.9,10,8.6,10,992.6,10,,,93,10,0.2,10,40,10,,,0.0,10,20.0,,,10,19.4,,,10,17.3,10,18.5,10,17.6,10,1902,10
2008-06-01T20:00+00:00,5917,0,0,213,10,120,10,2.1,10,6.0,10,992.5,10,,,98,10,0.6,10,60,10,,,0.0,10,19.8,,,10,19.3,,,10,17.3,10,17.9,10,17.3,10,2100,10
2008-06-01T21:00+00:00,5917,0,0,306,10,302,10,3.2,10,6.7,10,991.4,10,,,95,10,0.4,10,39,10,,,0.0,10,19.5,,,10,19.2,,,10,17.4,10,18.0,10,17.1,10,2146,10
2008-06-01T22:00+00:00,5917,0,0,270,10,323,10,1.7,10,6.6,10,991.6,10,,,94,10,0.0,10,0,10,,,0.0,10,19.3,,,10,19.1,,,10,17.4,10,17.7,10,16.5,10,2204,10
2008-06-01T23:00+00:00,5917,0,0,241,10,205,10,1.8,10,3.5,10,992.0,10,,,91,10,0.0,10,3,10,,,0.0,10,19.1,,,10,19.0,,,10,17.4,10,17.9,10,16.2,10,2350,10
2008-06-02T00:00+00:00,5917,0,0,215,10,199,10,1.4,10,3.1,10,991.6,10,,,95,10,0.0,10,0,10,,,0.0,10,18.9,,,10,18.9,,,10,17.4,10,17.5,10,14.7,10,14,10
2008-06-02T01:00+00:00,5917,0,0,241,10,267,10,1.0,10,2.3,10,991.5,10,,,93,10,0.0,10,0,10,,,0.0,10,18.7,,,10,18.8,,,10,17.5,10,17.5,10,14.7,10,200,10
2008-06-02T02:00+00:00,5917,0,0,192,10,202,10,1.1,10,4.3,10,991.8,10,,,96,10,0.0,10,0,10,,,0.0,10,18.6,,,10,18.7,,,10,17.5,10,16.6,10,14.2,10,257,10
2008-06-02T03:00+00:00,5917,0,0,175,10,188,10,1.9,10,4.3,10,992.2,10,,,96,10,0.0,10,0,10,,,0.0,10,18.4,,,10,18.6,,,10,17.5,10,15.2,10,13.5,10,310,10
2008-06-02T04:00+00:00,5917,28,0,146,10,141,10,2.4,10,4.2,10,992.3,10,,,93,10,0.0,10,0,10,,,0.0,10,18.2,,,10,18.5,,,10,17.5,10,15.5,10,13.4,10,416,10
2008-06-02T05:00+00:00,5917,152,0,167,10,140,10,1.6,10,3.2,10,992.4,10,,,83,10,0.0,10,0,10,,,0.8,10,18.1,,,10,18.4,,,10,17.5,10,18.0,10,14.3,10,600,10
2008-06-02T06:00+00:00,5917,261,0,156,10,138,10,1.4,10,2.6,10,992.5,10,,,81,10,0.0,10,0,10,,,1.0,10,18.1,,,10,18.3,,,10,17.4,10,19.6,10,17.5,10,659,10
2008-06-02T07:00+00:00,5917,425,0,139,10,161,10,3.7,10,7.6,10,992.4,10,,,77,10,0.0,10,0,10,,,1.0,10,18.2,,,10,18.3,,,10,17.4,10,20.6,10,19.7,10,741,10
2008-06-02T08:00+00:00,5917,614,0,123,10,124,10,4.3,10,8.5,10,992.2,10,,,63,10,0.0,10,0,10,,,1.0,10,18.4,,,10,18.2,,,10,17.4,10,21.9,10,21.1,10,859,10
2008-06-02T09:00+00:00,5917,737,0,117,10,125,10,5.5,10,8.5,10,991.8,10,,,57,10,0.0,10,0,10,,,1.0,10,18.6,,,10,18.2,,,10,17.4,10,22.8,10,22.9,10,902,10
2008-06-02T10:00+00:00,5917,855,0,121,10,118,10,5.5,10,9.6,10,991.8,10,,,55,10,0.0,10,0,10,,,1.0,10,18.8,,,10,18.3,,,10,17.4,10,24.1,10,27.8,10,1027,10
2008-06-02T11:00+00:00,5917,888,0,117,10,121,10,5.7,10,9.3,10,991.6,10,,,53,10,0.0,10,0,10,,,1.0,10,19.3,,,10,18.4,,,10,17.3,10,24.7,10,36.1,10,1159,10
2008-06-02T12:00+00:00,5917,884,0,120,10,126,10,5.8,10,9.8,10,991.2,10,,,49,10,0.0,10,0,10,,,1.0,10,20.0,,,10,18.5,,,10,17.3,10,25.6,10,40.8,10,1257,10
2008-06-02T13:00+00:00,5917,831,0,126,10,119,10,5.8,10,9.9,10,990.7,10,,,48,10,0.0,10,2,10,,,1.0,10,20.6,,,10,18.8,,,10,17.3,10,26.2,10,41.0,10,1355,10
2008-06-02T14:00+00:00,5917,692,0,118,10,134,10,6.0,10,10.5,10,990.0,10,,,47,10,0.0,10,0,10,,,1.0,10,21.1,,,10,19.1,,,10,17.3,10,26.2,10,34.3,10,1422,10
2008-06-02T15:00+00:00,5917,618,0,120,10,119,10,6.3,10,10.1,10,989.3,10,,,46,10,0.0,10,0,10,,,1.0,10,21.4,,,10,19.4,,,10,17.3,10,26.6,10,32.0,10,1518,10
2008-06-02T16:00+00:00,5917,421,0,122,10,142,10,5.6,10,10.0,10,989.0,10,,,50,10,0.0,10,0,10,,,1.0,10,21.5,,,10,19.6,,,10,17.4,10,25.9,10,29.9,10,1611,10
2008-06-02T17:00+00:00,5917,261,0,128,10,142,10,5.0,10,9.4,10,988.9,10,,,50,10,0.0,10,0,10,,,1.0,10,21.3,,,10,19.7,,,10,17.4,10,25.3,10,25.5,10,1740,10
2008-06-02T18:00+00:00,5917,113,0,151,10,143,10,3.5,10,7.3,10,988.9,10,,,52,10,0.0,10,0,10,,,1.0,10,21.0,,,10,19.8,,,10,17.5,10,23.5,10,21.3,10,1802,10
2008-06-02T19:00+00:00,5917,19,0,148,10,152,10,2.9,10,5.7,10,989.2,10,,,58,10,0.0,10,0,10,,,0.1,10,20.6,,,10,19.8,,,10,17.5,10,21.4,10,16.2,10,1907,10
2008-06-02T20:00+00:00,5917,0,0,156,10,149,10,2.0,10,3.7,10,989.2,10,,,64,10,0.0,10,2,10,,,0.0,10,20.2,,,10,19.7,,,10,17.6,10,20.5,10,14.5,10,2002,10
2008-06-02T21:00+00:00,5917,0,0,175,10,163,10,2.7,10,4.2,10,989.2,10,,,76,10,0.0,10,0,10,,,0.0,10,19.9,,,10,19.6,,,10,17.6,10,19.0,10,14.3,10,2121,10
2008-06-02T22:00+00:00,5917,0,0,162,10,170,10,2.6,10,4.1,10,989.0,10,,,77,10,0.0,10,0,10,,,0.0,10,19.5,,,10,19.5,,,10,17.6,10,18.7,10,13.7,10,2205,10
2008-06-02T23:00+00:00,5917,0,0,149,10,145,10,2.3,10,3.5,10,988.9,10,,,76,10,0.0,10,0,10,,,0.0,10,19.3,,,10,19.3,,,10,17.7,10,18.8,10,12.8,10,2332,10
2008-06-03T00:00+00:00,5917,0,0,106,10,107,10,2.8,10,4.5,10,988.6,10,,,84,10,0.0,10,0,10,,,0.0,10,19.0,,,10,19.2,,,10,17.7,10,17.4,10,12.6,10,50,10
2008-06-03T01:00+00:00,5917,0,0,118,10,125,10,3.0,10,5.4,10,988.2,10,,,84,10,0.0,10,0,10,,,0.0,10,18.7,,,10,19.0,,,10,17.7,10,16.8,10,12.3,10,145,10
2008-06-03T02:00+00:00,5917,0,0,138,10,127,10,2.7,10,5.1,10,987.8,10,,,86,10,0.0,10,0,10,,,0.0,10,18.5,,,10,18.9,,,10,17.7,10,16.4,10,12.2,10,252,10
2008-06-03T03:00+00:00,5917,0,0,117,10,124,10,2.0,10,5.4,10,987.8,10,,,82,10,0.0,10,0,10,,,0.0,10,18.3,,,10,18.8,,,10,17.7,10,16.2,10,11.2,10,338,10
2008-06-03T04:00+00:00,5917,34,0,116,10,120,10,1.5,10,6.3,10,988.1,10,,,76,10,0.0,10,0,10,,,0.2,10,18.2,,,10,18.6,,,10,17.7,10,17.1,10,12.4,10,500,10
2008-06-03T05:00+00:00,5917,121,0,161,10,135,10,1.8,10,4.7,10,988.6,10,,,75,10,0.0,10,0,10,,,0.5,10,18.1,,,10,18.5,,,10,17.7,10,17.5,10,15.6,10,513,10
2008-06-03T06:00+00:00,5917,254,0,124,10,128,10,2.1,10,3.9,10,989.2,10,,,71,10,0.0,10,0,10,,,0.7,10,18.2,,,10,18.4,,,10,17.6,10,19.3,10,17.0,10,607,10
2008-06-03T07:00+00:00,5917,466,0,117,10,107,10,1.5,10,3.9,10,989.2,10,,,67,10,0.0,10,0,10,,,1.0,10,18.3,,,10,18.3,,,10,17.6,10,21.0,10,21.4,10,745,10
2008-06-03T08:00+00:00,5917,568,0,96,10,113,10,1.3,10,3.8,10,989.5,10,,,68,10,0.0,10,0,10,,,0.8,10,18.6,,,10,18.3,,,10,17.6,10,21.5,10,24.9,10,821,10
2008-06-03T09:00+00:00,5917,710,0,50,10,58,10,1.5,10,3.9,10,989.5,10,,,67,10,0.0,10,0,10,,,0.9,10,18.8,,,10,18.3,,,10,17.6,10,23.3,10,27.5,10,931,10
2008-06-03T10:00+00:00,5917,707,0,64,10,128,10,1.5,10,3.8,10,989.1,10,,,64,10,0.0,10,0,10,,,0.8,10,19.1,,,10,18.4,,,10,17.6,10,23.9,10,32.8,10,1007,10
2008-06-03T11:00+00:00,5917,793,0,98,10,114,10,1.7,10,5.1,10,988.9,10,,,63,10,0.0,10,0,10,,,0.9,10,19.6,,,10,18.5,,,10,17.5,10,25.4,10,37.2,10,1143,10
2008-06-03T12:00+00:00,5917,479,0,114,10,117,10,2.5,10,5.4,10,988.4,10,,,61,10,0.0,10,0,10,,,0.4,10,20.1,,,10,18.7,,,10,17.5,10,24.8,10,28.0,10,1202,10
2008-06-03T13:00+00:00,5917,69,0,237,10,213,10,5.1,10,12.4,10,988.9,10,,,82,10,0.0,10,6,10,,,0.0,10,20.0,,,10,18.9,,,10,17.5,10,20.2,10,19.5,10,1304,10
2008-06-03T14:00+00:00,5917,92,0,289,10,270,10,2.5,10,6.2,10,988.6,10,,,90,10,0.6,10,41,10,,,0.0,10,19.8,,,10,19.0,,,10,17.5,10,19.7,10,19.3,10,1402,10
2008-06-03T15:00+00:00,5917,178,0,302,10,314,10,2.3,10,6.8,10,988.2,10,,,88,10,0.0,10,0,10,,,0.0,10,19.8,,,10,19.1,,,10,17.5,10,20.4,10,21.6,10,1501,10
2008-06-03T16:00+00:00,5917,119,0,285,10,287,10,1.7,10,3.4,10,988.2,10,,,89,10,0.0,10,10,10,,,0.0,10,19.7,,,10,19.1,,,10,17.6,10,20.9,10,21.7,10,1636,10
2008-06-03T17:00+00:00,5917,128,0,234,10,229,10,0.8,10,3.4,10,988.2,10,,,87,10,0.0,10,0,10,,,0.1,10,19.7,,,10,19.1,,,10,17.6,10,21.8,10,21.8,10,1742,10
2008-06-03T18:00+00:00,5917,57,0,141,10,133,10,3.4,10,8.0,10,988.9,10,,,93,10,0.1,10,36,10,,,0.0,10,19.6,,,10,19.1,,,10,17.6,10,18.7,10,18.2,10,1845,10
2008-06-03T19:00+00:00,5917,6,0,175,10,142,10,3.4,10,6.0,10,989.6,10,,,94,10,0.3,10,24,10,,,0.0,10,19.4,,,10,19.1,,,10,17.6,10,18.0,10,17.2,10,1916,10
2008-06-03T20:00+00:00,5917,0,0,225,10,199,10,2.9,10,5.2,10,988.9,10,,,96,10,1.8,10,60,10,,,0.0,10,19.3,,,10,19.1,,,10,17.6,10,17.5,10,16.8,10,2003,10
2008-06-03T21:00+00:00,5917,0,0,244,10,259,10,1.8,10,4.4,10,988.9,10,,,95,10,0.7,10,48,10,,,0.0,10,19.1,,,10,19.0,,,10,17.6,10,17.5,10,16.6,10,2106,10
2008-06-03T22:00+00:00,5917,0,0,268,10,283,10,2.7,10,4.5,10,988.2,10,,,95,10,1.2,10,54,10,,,0.0,10,18.9,,,10,18.9,,,10,17.6,10,17.1,10,16.6,10,2244,10
2008-06-03T23:00+00:00,5917,0,0,269,10,290,10,1.6,10,4.9,10,988.5,10,,,95,10,0.0,10,0,10,,,0.0,10,18.8,,,10,18.8,,,10,17.7,10,17.1,10,16.4,10,2315,10
2008-06-04T00:00+00:00,5917,0,0,166,10,165,10,1.4,10,2.8,10,988.2,10,,,95,10,0.2,10,32,10,,,0.0,10,18.7,,,10,18.8,,,10,17.7,10,16.9,10,16.4,10,8,10
2008-06-04T01:00+00:00,5917,0,0,117,10,128,10,0.5,10,2.6,10,987.8,10,,,95,10,0.7,10,45,10,,,0.0,10,18.6,,,10,18.7,,,10,17.7,10,16.8,10,16.3,10,115,10
2008-06-04T02:00+00:00,5917,0,0,350,10,339,10,0.3,10,2.5,10,987.5,10,,,95,10,1.6,10,44,10,,,0.0,10,18.4,,,10,18.6,,,10,17.7,10,16.7,10,16.1,10,234,10
2008-06-04T03:00+00:00,5917,0,0,330,10,323,10,0.4,10,2.4,10,987.5,10,,,95,10,0.4,10,16,10,,,0.0,10,18.3,,,10,18.6,,,10,17.7,10,17.1,10,16.2,10,302,10
2008-06-04T04:00+00:00,5917,3,0,160,10,140,10,0.6,10,1.9,10,987.6,10,,,95,10,0.0,10,1,10,,,0.0,10,18.3,,,10,18.5,,,10,17.6,10,17.1,10,16.3,10,459,10
2008-06-04T05:00+00:00,5917,19,0,262,10,313,10,0.3,10,2.4,10,987.8,10,,,94,10,0.9,10,60,10,,,0.0,10,18.2,,,10,18.4,,,10,17.6,10,17.4,10,16.9,10,540,10
2008-06-04T06:00+00:00,5917,21,0,62,10,103,10,0.8,10,3.7,10,987.8,10,,,94,10,3.6,10,46,10,,,0.0,10,18.2,,,10,18.3,,,10,17.6,10,17.2,10,17.3,10,612,10
2008-06-04T07:00+00:00,5917,67,0,299,10,294,10,1.3,10,3.2,10,987.7,10,,,94,10,0.4,10,53,10,,,0.0,10,18.2,,,10,18.3,,,10,17.6,10,17.9,10,17.7,10,735,10
2008-06-04T08:00+00:00,5917,217,0,311,10,331,10,0.9,10,2.6,10,987.7,10,,,89,10,0.0,10,0,10,,,0.0,10,18.3,,,10,18.3,,,10,17.6,10,19.1,10,19.3,10,858,10
2008-06-04T09:00+00:00,5917,470,0,13,10,33,10,1.2,10,3.2,10,987.6,10,,,81,10,0.0,10,0,10,,,0.3,10,18.5,,,10,18.3,,,10,17.6,10,20.3,10,23.0,10,956,10
2008-06-04T10:00+00:00,5917,434,0,46,10,32,10,0.9,10,2.5,10,987.4,10,,,77,10,0.0,10,0,10,,,0.1,10,18.8,,,10,18.3,,,10,17.6,10,20.6,10,24.9,10,1008,10
2008-06-04T11:00+00:00,5917,539,0,19,10,2,10,0.7,10,2.9,10,986.7,10,,,75,10,0.0,10,0,10,,,0.3,10,19.1,,,10,18.4,,,10,17.5,10,21.7,10,25.5,10,1113,10
2008-06-04T12:00+00:00,5917,669,0,312,10,304,10,0.7,10,2.6,10,986.3,10,,,68,10,0.0,10,0,10,,,0.7,10,19.6,,,10,18.6,,,10,17.5,10,23.2,10,30.4,10,1203,10
2008-06-04T13:00+00:00,5917,318,0,27,10,38,10,1.3,10,3.6,10,986.0,10,,,71,10,0.0,10,1,10,,,0.1,10,19.9,,,10,18.7,,,10,17.5,10,22.2,10,26.4,10,1317,10
2008-06-04T14:00+00:00,5917,111,0,74,10,71,10,1.7,10,4.6,10,986.0,10,,,85,10,1.9,10,55,10,,,0.0,10,20.1,,,10,18.9,,,10,17.5,10,19.8,10,20.6,10,1414,10
2008-06-04T15:00+00:00,5917,49,0,253,10,290,10,1.9,10,5.7,10,986.0,10,,,93,10,0.4,10,27,10,,,0.0,10,20.0,,,10,19.1,,,10,17.5,10,18.1,10,19.8,10,1547,10
2008-06-04T16:00+00:00,5917,54,0,300,10,287,10,2.6,10,6.1,10,986.2,10,,,90,10,0.1,10,10,10,,,0.0,10,19.9,,,10,19.2,,,10,17.6,10,18.7,10,19.2,10,1700,10
2008-06-04T17:00+00:00,5917,48,0,335,10,339,10,3.4,10,7.3,10,986.4,10,,,85,10,0.0,10,6,10,,,0.0,10,19.7,,,10,19.2,,,10,17.6,10,18.3,10,17.4,10,1748,10
2008-06-04T18:00+00:00,5917,33,0,357,10,350,10,2.8,10,6.1,10,986.2,10,,,89,10,0.0,10,0,10,,,0.0,10,19.5,,,10,19.2,,,10,17.6,10,17.5,10,17.0,10,1807,10
2008-06-04T19:00+00:00,5917,4,0,326,10,332,10,1.7,10,3.2,10,986.4,10,,,88,10,0.0,10,0,10,,,0.0,10,19.4,,,10,19.2,,,10,17.6,10,17.5,10,16.8,10,1951,10
2008-06-04T20:00+00:00,5917,0,0,329,10,320,10,1.9,10,3.7,10,986.8,10,,,90,10,0.0,10,0,10,,,0.0,10,19.2,,,10,19.1,,,10,17.7,10,17.4,10,16.2,10,2056,10
2008-06-04T21:00+00:00,5917,0,0,317,10,326,10,2.1,10,4.3,10,986.9,10,,,93,10,0.0,10,0,10,,,0.0,10,19.0,,,10,19.0,,,10,17.7,10,16.7,10,14.9,10,2114,10
2008-06-04T22:00+00:00,5917,0,0,298,10,295,10,2.0,10,3.6,10,986.8,10,,,93,10,0.0,10,0,10,,,0.0,10,18.8,,,10,18.9,,,10,17.7,10,16.5,10,14.9,10,2216,10
2008-06-04T23:00+00:00,5917,0,0,305,10,306,10,2.1,10,4.3,10,986.6,10,,,94,10,0.0,10,0,10,,,0.0,10,18.7,,,10,18.8,,,10,17.7,10,16.6,10,15.6,10,2328,10
2008-06-05T00:00+00:00,5917,0,0,316,10,318,10,1.7,10,4.3,10,986.6,10,,,92,10,0.0,10,0,10,,,0.0,10,18.5,,,10,18.7,,,10,17.7,10,16.7,10,15.3,10,3,10
2008-06-05T01:00+00:00,5917,0,0,24,10,2,10,1.7,10,4.0,10,986.8,10,,,96,10,2.3,10,46,10,,,0.0,10,18.4,,,10,18.7,,,10,17.7,10,16.6,10,15.9,10,111,10
2008-06-05T02:00+00:00,5917,0,0,358,10,324,10,0.9,10,3.0,10,986.4,10,,,95,10,4.0,10,60,10,,,0.0,10,18.3,,,10,18.6,,,10,17.7,10,16.1,10,15.4,10,258,10
2008-06-05T03:00+00:00,5917,0,0,355,10,28,10,1.7,10,3.3,10,986.5,10,,,95,10,0.5,10,54,10,,,0.0,10,18.2,,,10,18.5,,,10,17.7,10,16.1,10,15.4,10,343,10
2008-06-05T04:00+00:00,5917,0,0,5,10,22,10,1.9,10,5.0,10,986.5,10,,,95,10,0.7,10,58,10,,,0.0,10,18.1,,,10,18.4,,,10,17.7,10,16.1,10,15.9,10,459,10
2008-06-05T05:00+00:00,5917,4,0,67,10,69,10,3.1,10,8.5,10,986.9,10,,,94,10,7.1,10,47,10,,,0.0,10,18.0,,,10,18.3,,,10,17.7,10,15.7,10,15.8,10,553,10
2008-06-05T06:00+00:00,5917,19,0,79,10,70,10,3.2,10,7.9,10,987.4,10,,,94,10,8.8,10,60,10,,,0.0,10,17.9,,,10,18.2,,,10,17.6,10,15.7,10,15.7,10,609,10
2008-06-05T07:00+00:00,5917,61,0,33,10,29,10,2.6,10,5.1,10,987.7,10,,,94,10,2.0,10,60,10,,,0.0,10,17.9,,,10,18.1,,,10,17.6,10,15.8,10,16.0,10,713,10
2008-06-05T08:00+00:00,5917,134,0,25,10,17,10,2.4,10,4.7,10,987.9,10,,,93,10,0.5,10,40,10,,,0.0,10,17.9,,,10,18.1,,,10,17.6,10,16.5,10,16.9,10,833,10
2008-06-05T09:00+00:00,5917,221,0,27,10,26,10,2.9,10,5.3,10,987.9,10,,,89,10,0.1,10,24,10,,,0.0,10,17.9,,,10,18.0,,,10,17.6,10,17.4,10,18.8,10,949,10
2008-06-05T10:00+00:00,5917,217,0,13,10,19,10,3.0,10,5.4,10,988.0,10,,,87,10,0.0,10,14,10,,,0.0,10,18.0,,,10,18.0,,,10,17.6,10,17.6,10,19.2,10,1045,10
2008-06-05T11:00+00:00,5917,274,0,17,10,24,10,3.1,10,5.4,10,988.0,10,,,83,10,0.0,10,25,10,,,0.0,10,18.2,,,10,18.0,,,10,17.6,10,17.9,10,19.3,10,1132,10
2008-06-05T12:00+00:00,5917,280,0,15,10,22,10,3.4,10,5.8,10,987.9,10,,,80,10,0.0,10,3,10,,,0.0,10,18.4,,,10,18.1,,,10,17.5,10,18.1,10,20.6,10,1252,10
2008-06-05T13:00+00:00,5917,233,0,360,10,3,10,2.9,10,5.3,10,987.8,10,,,76,10,0.0,10,0,10,,,0.0,10,18.5,,,10,18.2,,,10,17.5,10,18.3,10,20.3,10,1327,10
2008-06-05T14:00+00:00,5917,196,0,348,10,341,10,2.4,10,4.7,10,987.5,10,,,75,10,0.0,10,0,10,,,0.0,10,18.6,,,10,18.3,,,10,17.5,10,18.2,10,20.6,10,1402,10
2008-06-05T15:00+00:00,5917,104,0,343,10,355,10,1.6,10,3.1,10,987.1,10,,,80,10,0.0,10,0,10,,,0.0,10,18.7,,,10,18.3,,,10,17.5,10,18.2,10,19.4,10,1600,10
2008-06-05T16:00+00:00,5917,115,0,318,10,338,10,1.4,10,2.8,10,987.0,10,,,79,10,0.0,10,0,10,,,0.0,10,18.7,,,10,18.4,,,10,17.5,10,18.7,10,19.5,10,1628,10
2008-06-05T17:00+00:00,5917,80,0,306,10,344,10,1.7,10,4.2,10,987.0,10,,,74,10,0.0,10,0,10,,,0.0,10,18.7,,,10,18.4,,,10,17.5,10,19.0,10,19.5,10,1758,10
2008-06-05T18:00+00:00,5917,37,0,340,10,340,10,3.3,10,5.8,10,987.0,10,,,75,10,0.0,10,0,10,,,0.0,10,18.7,,,10,18.4,,,10,17.5,10,18.3,10,17.6,10,1856,10
2008-06-05T19:00+00:00,5917,9,0,345,10,359,10,3.8,10,6.2,10,987.4,10,,,72,10,0.0,10,0,10,,,0.0,10,18.6,,,10,18.5,,,10,17.5,10,17.9,10,16.0,10,1953,10
2008-06-05T20:00+00:00,5917,0,0,345,10,329,10,4.3,10,7.5,10,987.7,10,,,71,10,0.0,10,0,10,,,0.0,10,18.5,,,10,18.5,,,10,17.5,10,17.5,10,15.9,10,2028,10
2008-06-05T21:00+00:00,5917,0,0,346,10,344,10,4.1,10,7.6,10,987.8,10,,,67,10,0.0,10,0,10,,,0.0,10,18.4,,,10,18.4,,,10,17.5,10,17.4,10,15.7,10,2105,10
2008-06-05T22:00+00:00,5917,0,0,1,10,358,10,3.7,10,7.3,10,987.8,10,,,72,10,0.0,10,3,10,,,0.0,10,18.2,,,10,18.4,,,10,17.5,10,16.4,10,14.4,10,2213,10
2008-06-05T23:00+00:00,5917,0,0,2,10,333,10,2.6,10,5.3,10,987.9,10,,,77,10,0.0,10,0,10,,,0.0,10,18.1,,,10,18.3,,,10,17.5,10,16.1,10,14.3,10,2316,10
2008-06-06T00:00+00:00,5917,0,0,20,10,356,10,2.2,10,3.9,10,988.0,10,,,85,10,0.0,10,8,10,,,0.0,10,18.0,,,10,18.3,,,10,17.5,10,15.8,10,14.5,10,20,10
2008-06-06T01:00+00:00,5917,0,0,27,10,22,10,2.0,10,3.7,10,988.1,10,,,89,10,0.0,10,0,10,,,0.0,10,17.9,,,10,18.2,,,10,17.5,10,15.5,10,14.9,10,123,10
2008-06-06T02:00+00:00,5917,0,0,25,10,21,10,1.6,10,2.9,10,988.0,10,,,91,10,0.0,10,0,10,,,0.0,10,17.8,,,10,18.1,,,10,17.5,10,15.6,10,15.0,10,258,10
2008-06-06T03:00+00:00,5917,0,0,27,10,20,10,1.8,10,3.6,10,988.1,10,,,93,10,0.0,10,14,10,,,0.0,10,17.7,,,10,18.0,,,10,17.5,10,15.5,10,15.1,10,305,10
2008-06-06T04:00+00:00,5917,6,0,73,10,78,10,1.5,10,3.1,10,988.1,10,,,83,10,0.0,10,0,10,,,0.0,10,17.7,,,10,18.0,,,10,17.5,10,15.6,10,15.1,10,429,10
2008-06-06T05:00+00:00,5917,22,0,48,10,45,10,2.1,10,4.5,10,988.5,10,,,84,10,0.0,10,0,10,,,0.0,10,17.6,,,10,17.9,,,10,17.5,10,15.2,10,15.1,10,553,10
2008-06-06T06:00+00:00,5917,83,0,40,10,50,10,1.9,10,5.0,10,988.5,10,,,89,10,0.4,10,55,10,,,0.0,10,17.6,,,10,17.9,,,10,17.5,10,15.1,10,15.1,10,603,10
2008-06-06T07:00+00:00,5917,81,0,360,10,24,10,1.9,10,4.2,10,988.7,10,,,88,10,0.0,10,6,10,,,0.0,10,17.6,,,10,17.8,,,10,17.5,10,15.5,10,15.6,10,715,10
2008-06-06T08:00+00:00,5917,154,0,360,10,21,10,2.2,10,3.7,10,988.8,10,,,86,10,0.0,10,0,10,,,0.0,10,17.6,,,10,17.8,,,10,17.4,10,16.0,10,16.6,10,816,10
2008-06-06T09:00+00:00,5917,230,0,340,10,328,10,1.9,10,3.6,10,988.8,10,,,79,10,0.0,10,0,10,,,0.0,10,17.7,,,10,17.8,,,10,17.4,10,17.5,10,18.7,10,903,10
2008-06-06T10:00+00:00,5917,543,0,345,10,321,10,1.6,10,4.3,10,988.6,10,,,69,10,0.0,10,0,10,,,0.3,10,17.9,,,10,17.8,,,10,17.4,10,19.4,10,20.0,10,1029,10
2008-06-06T11:00+00:00,5917,752,0,29,10,24,10,0.5,10,3.5,10,988.5,10,,,64,10,0.0,10,0,10,,,0.8,10,18.3,,,10,17.9,,,10,17.4,10,21.5,10,27.9,10,1120,10
2008-06-06T12:00+00:00,5917,871,0,53,10,48,10,0.7,10,4.1,10,987.8,10,,,57,10,0.0,10,0,10,,,0.9,10,18.9,,,10,18.0,,,10,17.4,10,22.2,10,35.7,10,1240,10
2008-06-06T13:00+00:00,5917,653,0,40,10,27,10,1.8,10,5.1,10,987.6,10,,,56,10,0.0,10,0,10,,,0.6,10,19.5,,,10,18.2,,,10,17.3,10,22.5,10,28.5,10,1341,10
2008-06-06T14:00+00:00,5917,660,0,25,10,20,10,2.6,10,6.3,10,987.0,10,,,55,10,0.0,10,0,10,,,0.8,10,20.0,,,10,18.5,,,10,17.3,10,23.1,10,28.7,10,1446,10
2008-06-06T15:00+00:00,5917,431,0,5,10,21,10,2.0,10,5.3,10,986.7,10,,,53,10,0.0,10,0,10,,,0.7,10,20.3,,,10,18.8,,,10,17.4,10,22.8,10,23.2,10,1551,10
2008-06-06T16:00+00:00,5917,328,0,24,10,15,10,1.6,10,6.3,10,986.8,10,,,61,10,0.0,10,0,10,,,0.6,10,20.4,,,10,19.0,,,10,17.4,10,20.5,10,23.3,10,1608,10
2008-06-06T17:00+00:00,5917,55,0,325,10,62,10,0.9,10,5.2,10,986.6,10,,,77,10,1.6,10,18,10,,,0.0,10,20.3,,,10,19.2,,,10,17.4,10,19.1,10,18.1,10,1703,10
2008-06-06T18:00+00:00,5917,43,0,330,10,315,10,1.6,10,4.1,10,986.6,10,,,76,10,0.0,10,0,10,,,0.1,10,20.1,,,10,19.3,,,10,17.5,10,18.4,10,16.6,10,1824,10
2008-06-06T19:00+00:00,5917,13,0,29,10,49,10,2.5,10,6.4,10,987.4,10,,,73,10,0.0,10,0,10,,,0.0,10,19.8,,,10,19.3,,,10,17.5,10,18.0,10,15.1,10,1944,10
2008-06-06T20:00+00:00,5917,0,0,44,10,48,10,2.6,10,6.6,10,988.1,10,,,81,10,0.0,10,0,10,,,0.0,10,19.5,,,10,19.3,,,10,17.5,10,17.4,10,14.2,10,2056,10
2008-06-06T21:00+00:00,5917,0,0,64,10,57,10,2.1,10,6.0,10,988.4,10,,,88,10,0.4,10,20,10,,,0.0,10,19.3,,,10,19.2,,,10,17.6,10,16.9,10,15.8,10,2104,10
2008-06-06T22:00+00:00,5917,0,0,51,10,73,10,0.2,10,3.1,10,988.4,10,,,94,10,0.3,10,30,10,,,0.0,10,19.1,,,10,19.1,,,10,17.6,10,16.3,10,15.4,10,2209,10
2008-06-06T23:00+00:00,5917,0,0,263,10,215,10,0.5,10,1.9,10,988.1,10,,,93,10,0.0,10,0,10,,,0.0,10,18.9,,,10,19.0,,,10,17.6,10,15.9,10,14.3,10,2321,10
2008-06-07T00:00+00:00,5917,0,0,354,10,340,10,0.3,10,1.4,10,987.8,10,,,93,10,0.0,10,0,10,,,0.0,10,18.8,,,10,18.9,,,10,17.7,10,15.9,10,13.6,10,2,10
2008-06-07T01:00+00:00,5917,0,0,323,10,307,10,1.2,10,2.1,10,987.8,10,,,92,10,0.0,10,0,10,,,0.0,10,18.5,,,10,18.7,,,10,17.7,10,15.7,10,13.3,10,129,10
2008-06-07T02:00+00:00,5917,0,0,21,10,25,10,2.0,10,3.1,10,987.8,10,,,93,10,0.0,10,0,10,,,0.0,10,18.3,,,10,18.6,,,10,17.7,10,15.3,10,13.2,10,226,10
2008-06-07T03:00+00:00,5917,0,0,10,10,19,10,1.8,10,3.0,10,987.9,10,,,93,10,0.0,10,0,10,,,0.0,10,18.2,,,10,18.5,,,10,17.7,10,15.5,10,13.2,10,305,10
2008-06-07T04:00+00:00,5917,10,0,9,10,10,10,1.7,10,3.2,10,988.1,10,,,93,10,0.0,10,0,10,,,0.0,10,18.1,,,10,18.4,,,10,17.7,10,15.7,10,13.5,10,401,10
2008-06-07T05:00+00:00,5917,51,0,3,10,358,10,1.4,10,3.0,10,988.2,10,,,92,10,0.0,10,0,10,,,0.0,10,18.0,,,10,18.3,,,10,17.7,10,16.3,10,15.6,10,534,10
2008-06-07T06:00+00:00,5917,209,0,19,10,28,10,2.0,10,4.8,10,988.8,10,,,85,10,0.0,10,0,10,,,0.2,10,18.0,,,10,18.2,,,10,17.6,10,17.3,10,17.2,10,654,10
2008-06-07T07:00+00:00,5917,223,0,10,10,34,10,1.4,10,3.2,10,988.7,10,,,81,10,0.0,10,0,10,,,0.1,10,18.1,,,10,18.2,,,10,17.6,10,17.9,10,18.8,10,759,10
2008-06-07T08:00+00:00,5917,197,0,38,10,56,10,1.7,10,4.7,10,988.9,10,,,76,10,0.0,10,0,10,,,0.0,10,18.2,,,10,18.1,,,10,17.6,10,18.0,10,19.4,10,849,10
2008-06-07T09:00+00:00,5917,550,0,63,10,44,10,1.4,10,4.3,10,988.9,10,,,68,10,0.0,10,0,10,,,0.6,10,18.3,,,10,18.1,,,10,17.6,10,19.7,10,21.0,10,946,10
2008-06-07T10:00+00:00,5917,353,0,47,10,46,10,2.2,10,5.1,10,988.9,10,,,68,10,0.0,10,0,10,,,0.1,10,18.5,,,10,18.2,,,10,17.6,10,19.7,10,22.1,10,1016,10
2008-06-07T11:00+00:00,5917,535,0,54,10,42,10,1.9,10,6.3,10,988.8,10,,,62,10,0.0,10,0,10,,,0.3,10,18.8,,,10,18.3,,,10,17.6,10,21.0,10,21.9,10,1157,10
2008-06-07T12:00+00:00,5917,647,0,73,10,54,10,3.4,10,7.4,10,988.6,10,,,63,10,0.0,10,0,10,,,0.4,10,19.1,,,10,18.4,,,10,17.5,10,21.1,10,28.6,10,1212,10
2008-06-07T13:00+00:00,5917,512,0,78,10,105,10,2.4,10,5.9,10,988.4,10,,,68,10,0.0,10,0,10,,,0.4,10,19.5,,,10,18.5,,,10,17.5,10,21.0,10,25.5,10,1324,10
2008-06-07T14:00+00:00,5917,737,0,92,10,117,10,2.8,10,6.2,10,988.1,10,,,62,10,0.0,10,0,10,,,0.9,10,20.1,,,10,18.7,,,10,17.5,10,21.8,10,31.6,10,1428,10
2008-06-07T15:00+00:00,5917,493,0,58,10,57,10,2.7,10,5.6,10,987.9,10,,,60,10,0.0,10,0,10,,,0.7,10,20.4,,,10,19.0,,,10,17.6,10,21.9,10,27.3,10,1524,10
2008-06-07T16:00+00:00,5917,273,0,31,10,19,10,3.2,10,14.4,10,988.1,10,,,86,10,4.2,10,16,10,,,0.4,10,20.5,,,10,19.2,,,10,17.6,10,16.2,10,14.9,10,1646,10
2008-06-07T17:00+00:00,5917,43,0,346,10,296,10,1.3,10,3.1,10,988.1,10,,,83,10,0.2,10,18,10,,,0.0,10,20.3,,,10,19.3,,,10,17.6,10,17.6,10,15.8,10,1701,10
2008-06-07T18:00+00:00,5917,73,0,60,10,34,10,0.9,10,2.6,10,988.6,10,,,89,10,0.0,10,0,10,,,0.0,10,20.1,,,10,19.4,,,10,17.6,10,17.9,10,17.3,10,1900,10
2008-06-07T19:00+00:00,5917,13,0,134,10,125,10,3.0,10,8.0,10,989.3,10,,,89,10,0.0,10,0,10,,,0.0,10,19.9,,,10,19.4,,,10,17.7,10,16.4,10,15.9,10,1915,10
2008-06-07T20:00+00:00,5917,0,0,217,10,151,10,1.1,10,2.7,10,989.6,10,,,93,10,0.0,10,0,10,,,0.0,10,19.7,,,10,19.4,,,10,17.7,10,15.7,10,13.3,10,2003,10
2008-06-07T21:00+00:00,5917,0,0,247,10,285,10,0.6,10,2.9,10,990.0,10,,,91,10,0.0,10,0,10,,,0.0,10,19.4,,,10,19.3,,,10,17.7,10,15.5,10,12.6,10,2200,10
2008-06-07T22:00+00:00,5917,0,0,134,10,125,10,1.8,10,3.2,10,990.0,10,,,94,10,0.0,10,0,10,,,0.0,10,19.1,,,10,19.2,,,10,17.7,10,15.0,10,12.6,10,2254,10
2008-06-07T23:00+00:00,5917,0,0,207,10,205,10,0.6,10,2.6,10,990.1,10,,,96,10,0.0,10,0,10,,,0.0,10,18.8,,,10,19.0,,,10,17.8,10,14.4,10,11.4,10,2359,10
2008-06-08T00:00+00:00,5917,0,0,233,10,232,10,1.9,10,2.9,10,990.3,10,,,94,10,0.0,10,0,10,,,0.0,10,18.6,,,10,18.9,,,10,17.8,10,14.7,10,11.4,10,54,10
2008-06-08T01:00+00:00,5917,0,0,268,10,305,10,1.6,10,3.1,10,990.3,10,,,95,10,0.0,10,0,10,,,0.0,10,18.3,,,10,18.8,,,10,17.8,10,14.1,10,11.5,10,146,10
2008-06-08T02:00+00:00,5917,0,0,311,10,315,10,1.7,10,3.0,10,990.3,10,,,94,10,0.0,10,0,10,,,0.0,10,18.1,,,10,18.6,,,10,17.8,10,14.5,10,11.5,10,208,10
2008-06-08T03:00+00:00,5917,0,0,301,10,302,10,2.6,10,5.9,10,990.4,10,,,92,10,0.0,10,0,10,,,0.0,10,17.9,,,10,18.5,,,10,17.8,10,14.5,10,11.4,10,342,10
2008-06-08T04:00+00:00,5917,19,0,302,10,302,10,2.6,10,4.5,10,990.7,10,,,93,10,0.0,10,0,10,,,0.0,10,17.8,,,10,18.3,,,10,17.8,10,14.7,10,12.4,10,408,10
2008-06-08T05:00+00:00,5917,92,0,337,10,326,10,1.2,10,3.6,10,991.1,10,,,92,10,0.0,10,0,10,,,0.4,10,17.7,,,10,18.2,,,10,17.7,10,15.8,10,13.6,10,557,10
2008-06-08T06:00+00:00,5917,143,0,315,10,312,10,2.3,10,6.5,10,991.4,10,,,88,10,0.0,10,0,10,,,0.0,10,17.7,,,10,18.1,,,10,17.7,10,16.4,10,15.4,10,646,10
2008-06-08T07:00+00:00,5917,383,0,314,10,325,10,2.7,10,6.5,10,991.8,10,,,81,10,0.0,10,0,10,,,0.4,10,17.7,,,10,18.0,,,10,17.7,10,17.9,10,18.6,10,758,10
2008-06-08T08:00+00:00,5917,324,0,312,10,333,10,2.3,10,5.6,10,992.1,10,,,78,10,0.0,10,0,10,,,0.2,10,17.9,,,10,18.0,,,10,17.7,10,18.6,10,19.8,10,801,10
2008-06-08T09:00+00:00,5917,384,0,349,10,341,10,2.6,10,5.0,10,992.2,10,,,72,10,0.0,10,0,10,,,0.2,10,18.1,,,10,18.0,,,10,17.6,10,19.3,10,22.2,10,905,10
2008-06-08T10:00+00:00,5917,448,0,19,10,16,10,2.4,10,4.8,10,992.2,10,,,70,10,0.0,10,0,10,,,0.3,10,18.3,,,10,18.0,,,10,17.6,10,19.8,10,23.0,10,1036,10
2008-06-08T11:00+00:00,5917,847,0,29,10,70,10,2.2,10,5.6,10,992.2,10,,,68,10,0.0,10,0,10,,,0.9,10,18.7,,,10,18.1,,,10,17.6,10,20.9,10,25.9,10,1154,10
2008-06-08T12:00+00:00,5917,588,0,50,10,51,10,3.5,10,6.2,10,992.2,10,,,78,10,0.0,10,0,10,,,0.8,10,19.2,,,10,18.3,,,10,17.6,10,19.6,10,29.3,10,1223,10
2008-06-08T13:00+00:00,5917,638,0,61,10,35,10,2.2,10,4.7,10,991.9,10,,,75,10,0.1,10,25,10,,,0.6,10,19.7,,,10,18.5,,,10,17.6,10,19.7,10,27.9,10,1310,10
2008-06-08T14:00+00:00,5917,330,0,89,10,105,10,1.2,10,3.1,10,991.5,10,,,79,10,0.0,10,21,10,,,0.2,10,20.0,,,10,18.8,,,10,17.6,10,19.7,10,23.4,10,1430,10
2008-06-08T15:00+00:00,5917,594,0,67,10,89,10,1.5,10,4.4,10,991.4,10,,,55,10,0.0,10,2,10,,,1.0,10,20.2,,,10,19.0,,,10,17.6,10,21.3,10,24.6,10,1544,10
2008-06-08T16:00+00:00,5917,265,0,47,10,43,10,2.3,10,4.9,10,991.8,10,,,61,10,0.0,10,0,10,,,0.8,10,20.4,,,10,19.2,,,10,17.6,10,20.6,10,23.0,10,1634,10
2008-06-08T17:00+00:00,5917,72,0,22,10,13,10,2.1,10,4.2,10,992.0,10,,,75,10,0.0,10,0,10,,,0.0,10,20.3,,,10,19.3,,,10,17.6,10,19.5,10,18.7,10,1753,10
2008-06-08T18:00+00:00,5917,33,0,360,10,19,10,1.9,10,3.6,10,992.2,10,,,83,10,0.0,10,0,10,,,0.0,10,20.1,,,10,19.4,,,10,17.7,10,18.6,10,17.3,10,1822,10
2008-06-08T19:00+00:00,5917,6,0,360,10,359,10,2.3,10,4.6,10,992.7,10,,,87,10,0.0,10,0,10,,,0.0,10,19.9,,,10,19.4,,,10,17.7,10,17.8,10,15.7,10,1953,10
2008-06-08T20:00+00:00,5917,0,0,38,10,106,10,1.6,10,4.2,10,993.8,10,,,89,10,0.0,10,0,10,,,0.0,10,19.6,,,10,19.3,,,10,17.7,10,17.6,10,15.1,10,2059,10
2008-06-08T21:00+00:00,5917,0,0,126,10,121,10,1.6,10,4.9,10,993.7,10,,,91,10,0.0,10,0,10,,,0.0,10,19.4,,,10,19.3,,,10,17.8,10,16.3,10,15.1,10,2129,10
2008-06-08T22:00+00:00,5917,0,0,286,10,261,10,1.1,10,2.3,10,994.1,10,,,93,10,0.0,10,0,10,,,0.0,10,19.2,,,10,19.2,,,10,17.8,10,15.8,10,13.1,10,2300,10
2008-06-08T23:00+00:00,5917,0,0,56,10,45,10,1.3,10,1.9,10,994.4,10,,,92,10,0.0,10,0,10,,,0.0,10,19.0,,,10,19.1,,,10,17.8,10,15.7,10,13.0,10,2332,10
2008-06-09T00:00+00:00,5917,0,0,21,10,328,10,1.0,10,2.8,10,994.4,10,,,96,10,0.0,10,0,10,,,0.0,10,18.7,,,10,19.0,,,10,17.8,10,14.6,10,11.3,10,48,10
2008-06-09T01:00+00:00,5917,0,0,325,10,307,10,1.3,10,3.3,10,994.7,10,,,95,10,0.0,10,0,10,,,0.0,10,18.5,,,10,18.8,,,10,17.8,10,15.2,10,11.1,10,104,10
2008-06-09T02:00+00:00,5917,0,0,312,10,293,10,1.1,10,2.6,10,994.7,10,,,95,10,0.0,10,0,10,,,0.0,10,18.3,,,10,18.7,,,10,17.8,10,15.2,10,11.7,10,253,10
2008-06-09T03:00+00:00,5917,0,0,288,10,292,10,1.6,10,2.3,10,994.8,10,,,95,10,0.0,10,0,10,,,0.0,10,18.1,,,10,18.6,,,10,17.8,10,15.3,10,12.7,10,400,10
2008-06-09T04:00+00:00,5917,7,0,276,10,292,10,1.8,10,3.1,10,995.1,10,,,94,10,0.0,10,0,10,,,0.0,10,18.0,,,10,18.4,,,10,17.8,10,15.5,10,13.2,10,440,10
2008-06-09T05:00+00:00,5917,42,0,269,10,254,10,1.4,10,2.7,10,995.5,10,,,94,10,0.0,10,3,10,,,0.0,10,17.9,,,10,18.3,,,10,17.8,10,16.1,10,15.2,10,514,10
2008-06-09T06:00+00:00,5917,121,0,325,10,328,10,1.1,10,3.0,10,996.0,10,,,91,10,0.0,10,0,10,,,0.0,10,17.9,,,10,18.3,,,10,17.8,10,17.2,10,17.2,10,634,10
2008-06-09T07:00+00:00,5917,330,0,309,10,309,10,1.4,10,4.3,10,996.3,10,,,83,10,0.0,10,0,10,,,0.4,10,18.0,,,10,18.2,,,10,17.8,10,18.4,10,18.9,10,759,10
2008-06-09T08:00+00:00,5917,525,0,289,10,307,10,2.0,10,4.6,10,996.2,10,,,76,10,0.0,10,0,10,,,0.9,10,18.2,,,10,18.2,,,10,17.7,10,19.4,10,23.4,10,811,10
2008-06-09T09:00+00:00,5917,752,0,279,10,276,10,1.8,10,4.6,10,996.3,10,,,68,10,0.0,10,0,10,,,1.0,10,18.4,,,10,18.2,,,10,17.7,10,20.9,10,23.4,10,957,10
2008-06-09T10:00+00:00,5917,852,0,281,10,316,10,0.9,10,3.8,10,996.4,10,,,63,10,0.0,10,0,10,,,1.0,10,18.6,,,10,18.3,,,10,17.7,10,22.8,10,30.0,10,1050,10
2008-06-09T11:00+00:00,5917,823,0,360,10,324,10,0.9,10,4.4,10,996.3,10,,,55,10,0.0,10,0,10,,,0.9,10,19.0,,,10,18.3,,,10,17.7,10,23.6,10,30.3,10,1116,10
2008-06-09T12:00+00:00,5917,819,0,114,10,91,10,0.5,10,2.9,10,995.9,10,,,52,10,0.0,10,0,10,,,0.8,10,19.5,,,10,18.5,,,10,17.7,10,24.2,10,34.1,10,1215,10
2008-06-09T13:00+00:00,5917,692,0,323,10,313,10,0.6,10,2.9,10,995.6,10,,,51,10,0.0,10,0,10,,,0.7,10,20.1,,,10,18.7,,,10,17.7,10,24.4,10,29.2,10,1342,10
2008-06-09T14:00+00:00,5917,787,0,191,10,157,10,1.4,10,3.8,10,995.4,10,,,49,10,0.0,10,0,10,,,1.0,10,20.6,,,10,19.0,,,10,17.7,10,25.3,10,36.4,10,1422,10
2008-06-09T15:00+00:00,5917,595,0,197,10,242,10,0.9,10,3.0,10,995.3,10,,,51,10,0.0,10,0,10,,,0.9,10,21.0,,,10,19.3,,,10,17.7,10,25.5,10,28.5,10,1503,10
2008-06-09T16:00+00:00,5917,298,0,323,10,327,10,1.4,10,4.0,10,995.2,10,,,58,10,0.0,10,0,10,,,0.8,10,21.1,,,10,19.6,,,10,17.7,10,23.9,10,26.2,10,1625,10
2008-06-09T17:00+00:00,5917,114,0,311,10,338,10,1.0,10,2.9,10,995.4,10,,,64,10,0.0,10,0,10,,,0.5,10,21.1,,,10,19.8,,,10,17.7,10,23.0,10,21.8,10,1704,10
2008-06-09T18:00+00:00,5917,105,0,274,10,301,10,0.5,10,1.5,10,995.5,10,,,61,10,0.0,10,0,10,,,0.6,10,20.9,,,10,19.8,,,10,17.8,10,23.1,10,21.2,10,1809,10
2008-06-09T19:00+00:00,5917,19,0,249,10,280,10,0.5,10,1.5,10,995.6,10,,,65,10,0.0,10,0,10,,,0.1,10,20.7,,,10,19.9,,,10,17.9,10,22.0,10,17.0,10,1911,10
2008-06-09T20:00+00:00,5917,0,0,226,10,233,10,1.4,10,2.6,10,996.3,10,,,85,10,0.0,10,0,10,,,0.0,10,20.4,,,10,19.9,,,10,17.9,10,19.4,10,15.4,10,2050,10
2008-06-09T21:00+00:00,5917,0,0,261,10,277,10,1.9,10,2.7,10,996.5,10,,,87,10,0.0,10,0,10,,,0.0,10,20.1,,,10,19.8,,,10,17.9,10,18.3,10,14.5,10,2128,10
2008-06-09T22:00+00:00,5917,0,0,279,10,289,10,2.4,10,3.5,10,996.7,10,,,89,10,0.0,10,0,10,,,0.0,10,19.8,,,10,19.7,,,10,18.0,10,17.8,10,14.3,10,2246,10
2008-06-09T23:00+00:00,5917,0,0,275,10,294,10,2.0,10,3.3,10,996.8,10,,,89,10,0.0,10,0,10,,,0.0,10,19.5,,,10,19.6,,,10,18.0,10,17.5,10,13.7,10,2400,10
2008-06-10T00:00+00:00,5917,0,0,216,10,201,10,1.5,10,2.5,10,996.9,10,,,93,10,0.0,10,0,10,,,0.0,10,19.3,,,10,19.4,,,10,18.0,10,16.4,10,13.3,10,18,10
2008-06-10T01:00+00:00,5917,0,0,214,10,241,10,1.2,10,1.9,10,996.5,10,,,93,10,0.0,10,0,10,,,0.0,10,19.1,,,10,19.3,,,10,18.0,10,16.1,10,12.6,10,106,10
2008-06-10T02:00+00:00,5917,0,0,200,10,169,10,1.3,10,2.5,10,996.3,10,,,95,10,0.0,10,0,10,,,0.0,10,18.8,,,10,19.2,,,10,18.1,10,14.1,10,12.3,10,238,10
2008-06-10T03:00+00:00,5917,0,0,215,10,199,10,1.2,10,2.2,10,996.4,10,,,94,10,0.0,10,0,10,,,0.0,10,18.6,,,10,19.0,,,10,18.1,10,14.1,10,11.7,10,321,10
2008-06-10T04:00+00:00,5917,30,0,227,10,239,10,1.3,10,2.2,10,996.4,10,,,94,10,0.0,10,0,10,,,0.3,10,18.4,,,10,18.9,,,10,18.1,10,14.9,10,11.9,10,444,10
2008-06-10T05:00+00:00,5917,144,0,220,10,257,10,0.9,10,1.9,10,996.5,10,,,89,10,0.0,10,0,10,,,1.0,10,18.3,,,10,18.8,,,10,18.0,10,17.3,10,13.0,10,600,10
2008-06-10T06:00+00:00,5917,303,0,219,10,175,10,0.5,10,1.6,10,996.7,10,,,80,10,0.0,10,0,10,,,1.0,10,18.3,,,10,18.7,,,10,18.0,10,18.9,10,15.9,10,607,10
2008-06-10T07:00+00:00,5917,472,0,73,10,112,10,0.8,10,3.1,10,996.7,10,,,73,10,0.0,10,0,10,,,1.0,10,18.3,,,10,18.6,,,10,18.0,10,21.3,10,18.6,10,754,10
2008-06-10T08:00+00:00,5917,624,0,92,10,95,10,0.8,10,3.1,10,996.7,10,,,70,10,0.0,10,0,10,,,1.0,10,18.4,,,10,18.5,,,10,18.0,10,22.7,10,22.0,10,845,10
2008-06-10T09:00+00:00,5917,769,0,119,10,125,10,1.5,10,3.9,10,996.5,10,,,66,10,0.0,10,0,10,,,1.0,10,18.6,,,10,18.5,,,10,18.0,10,23.7,10,23.7,10,921,10
2008-06-10T10:00+00:00,5917,875,0,128,10,158,10,1.8,10,5.0,10,996.3,10,,,56,10,0.0,10,0,10,,,1.0,10,18.8,,,10,18.5,,,10,17.9,10,24.5,10,32.2,10,1031,10
2008-06-10T11:00+00:00,5917,920,0,110,10,122,10,1.7,10,5.1,10,995.6,10,,,54,10,0.0,10,0,10,,,1.0,10,19.3,,,10,18.6,,,10,17.9,10,25.5,10,37.7,10,1120,10
2008-06-10T12:00+00:00,5917,876,0,121,10,130,10,2.5,10,5.5,10,995.1,10,,,51,10,0.0,10,0,10,,,1.0,10,19.9,,,10,18.8,,,10,17.9,10,25.9,10,38.4,10,1244,10
2008-06-10T13:00+00:00,5917,857,0,135,10,135,10,2.2,10,5.7,10,994.4,10,,,48,10,0.0,10,0,10,,,1.0,10,20.6,,,10,19.1,,,10,17.9,10,26.3,10,40.9,10,1356,10
2008-06-10T14:00+00:00,5917,757,0,152,10,152,10,2.3,10,7.8,10,993.7,10,,,50,10,0.0,10,0,10,,,1.0,10,21.2,,,10,19.4,,,10,17.9,10,26.6,10,36.3,10,1452,10
2008-06-10T15:00+00:00,5917,570,0,165,10,132,10,2.6,10,6.1,10,993.2,10,,,52,10,0.0,10,0,10,,,0.9,10,21.6,,,10,19.7,,,10,17.9,10,26.2,10,31.1,10,1541,10
2008-06-10T16:00+00:00,5917,452,0,168,10,173,10,2.7,10,5.7,10,992.7,10,,,48,10,0.0,10,0,10,,,1.0,10,21.7,,,10,20.0,,,10,17.9,10,26.2,10,29.6,10,1604,10
2008-06-10T17:00+00:00,5917,242,0,165,10,170,10,2.8,10,4.9,10,992.2,10,,,53,10,0.0,10,0,10,,,1.0,10,21.7,,,10,20.2,,,10,18.0,10,25.0,10,24.6,10,1714,10
2008-06-10T18:00+00:00,5917,99,0,142,10,133,10,2.7,10,5.0,10,992.0,10,,,68,10,0.0,10,0,10,,,1.0,10,21.5,,,10,20.3,,,10,18.0,10,23.3,10,21.4,10,1809,10
2008-06-10T19:00+00:00,5917,19,0,139,10,151,10,2.6,10,4.4,10,992.2,10,,,74,10,0.0,10,0,10,,,0.4,10,21.3,,,10,20.3,,,10,18.1,10,21.3,10,17.9,10,1917,10
2008-06-10T20:00+00:00,5917,0,0,166,10,147,10,1.9,10,4.4,10,992.5,10,,,81,10,0.0,10,0,10,,,0.0,10,20.9,,,10,20.3,,,10,18.1,10,19.9,10,15.4,10,2010,10
2008-06-10T21:00+00:00,5917,0,0,209,10,190,10,1.7,10,3.6,10,992.2,10,,,82,10,0.0,10,0,10,,,0.0,10,20.6,,,10,20.2,,,10,18.2,10,19.5,10,14.7,10,2149,10
2008-06-10T22:00+00:00,5917,0,0,180,10,182,10,1.4,10,2.8,10,992.0,10,,,87,10,0.0,10,0,10,,,0.0,10,20.3,,,10,20.1,,,10,18.2,10,18.4,10,14.6,10,2300,10
2008-06-10T23:00+00:00,5917,0,0,228,10,237,10,1.5,10,2.6,10,991.8,10,,,89,10,0.0,10,0,10,,,0.0,10,20.0,,,10,20.0,,,10,18.3,10,17.9,10,13.6,10,2341,10
2008-06-11T00:00+00:00,5917,0,0,274,10,293,10,1.1,10,2.5,10,991.3,10,,,91,10,0.0,10,0,10,,,0.0,10,19.7,,,10,19.8,,,10,18.3,10,17.4,10,13.2,10,13,10
2008-06-11T01:00+00:00,5917,0,0,257,10,244,10,1.2,10,2.1,10,991.1,10,,,93,10,0.0,10,0,10,,,0.0,10,19.5,,,10,19.7,,,10,18.3,10,16.6,10,12.6,10,155,10
2008-06-11T02:00+00:00,5917,0,0,282,10,329,10,0.9,10,1.9,10,990.9,10,,,92,10,0.0,10,0,10,,,0.0,10,19.2,,,10,19.5,,,10,18.3,10,16.7,10,12.3,10,259,10
2008-06-11T03:00+00:00,5917,0,0,58,10,34,10,0.5,10,2.4,10,990.7,10,,,96,10,0.0,10,0,10,,,0.0,10,19.0,,,10,19.4,,,10,18.3,10,15.2,10,12.6,10,328,10
2008-06-11T04:00+00:00,5917,33,0,186,10,189,10,0.8,10,1.8,10,990.9,10,,,93,10,0.0,10,0,10,,,0.4,10,18.8,,,10,19.3,,,10,18.3,10,16.2,10,12.7,10,407,10
2008-06-11T05:00+00:00,5917,152,0,193,10,202,10,1.1,10,2.2,10,991.0,10,,,89,10,0.0,10,0,10,,,1.0,10,18.7,,,10,19.1,,,10,18.3,10,17.8,10,13.7,10,517,10
2008-06-11T06:00+00:00,5917,300,0,147,10,117,10,1.0,10,2.4,10,991.0,10,,,76,10,0.0,10,0,10,,,1.0,10,18.6,,,10,19.0,,,10,18.3,10,20.8,10,16.5,10,622,10
2008-06-11T07:00+00:00,5917,494,0,278,10,275,10,3.3,10,8.2,10,990.5,10,,,60,10,0.0,10,0,10,,,1.0,10,18.7,,,10,18.9,,,10,18.3,10,22.9,10,19.4,10,736,10
2008-06-11T08:00+00:00,5917,514,0,281,10,267,10,5.2,10,9.4,10,990.5,10,,,59,10,0.0,10,0,10,,,0.7,10,18.8,,,10,18.8,,,10,18.3,10,22.8,10,23.1,10,815,10
2008-06-11T09:00+00:00,5917,426,0,285,10,293,10,5.6,10,10.2,10,990.8,10,,,64,10,0.0,10,0,10,,,0.2,10,19.0,,,10,18.8,,,10,18.2,10,22.4,10,25.5,10,941,10
2008-06-11T10:00+00:00,5917,677,0,288,10,294,10,6.8,10,13.9,10,990.5,10,,,60,10,0.0,10,0,10,,,0.7,10,19.2,,,10,18.9,,,10,18.2,10,23.1,10,25.3,10,1028,10
2008-06-11T11:00+00:00,5917,725,0,293,10,284,10,5.1,10,10.8,10,990.1,10,,,62,10,0.0,10,0,10,,,0.8,10,19.5,,,10,19.0,,,10,18.2,10,23.1,10,29.2,10,1115,10
2008-06-11T12:00+00:00,5917,280,0,281,10,307,10,4.2,10,9.4,10,990.2,10,,,62,10,0.0,10,0,10,,,0.0,10,19.7,,,10,19.1,,,10,18.2,10,23.1,10,25.0,10,1217,10
2008-06-11T13:00+00:00,5917,277,0,215,10,204,10,4.7,10,9.4,10,989.6,10,,,75,10,0.0,10,0,10,,,0.1,10,19.9,,,10,19.2,,,10,18.2,10,21.3,10,23.6,10,1359,10
2008-06-11T14:00+00:00,5917,500,0,227,10,220,10,4.3,10,9.1,10,988.5,10,,,60,10,0.0,10,0,10,,,0.4,10,20.0,,,10,19.4,,,10,18.2,10,24.3,10,24.1,10,1402,10
2008-06-11T15:00+00:00,5917,351,0,332,10,267,10,3.6,10,9.1,10,988.7,10,,,71,10,0.0,10,0,10,,,0.2,10,20.2,,,10,19.5,,,10,18.2,10,21.5,10,24.7,10,1509,10
2008-06-11T16:00+00:00,5917,262,0,334,10,352,10,3.1,10,7.5,10,988.1,10,,,68,10,0.0,10,0,10,,,0.4,10,20.2,,,10,19.5,,,10,18.2,10,21.5,10,23.2,10,1603,10
2008-06-11T17:00+00:00,5917,179,0,299,10,282,10,2.3,10,6.4,10,988.0,10,,,71,10,0.0,10,0,10,,,0.4,10,20.3,,,10,19.6,,,10,18.2,10,19.8,10,20.5,10,1730,10
2008-06-11T18:00+00:00,5917,67,0,296,10,289,10,2.3,10,6.1,10,987.8,10,,,80,10,0.0,10,10,10,,,0.0,10,20.1,,,10,19.7,,,10,18.2,10,18.4,10,17.7,10,1802,10
2008-06-11T19:00+00:00,5917,10,0,308,10,314,10,3.0,10,11.5,10,988.1,10,,,89,10,0.0,10,0,10,,,0.0,10,19.9,,,10,19.7,,,10,18.3,10,17.6,10,16.7,10,1946,10
2008-06-11T20:00+00:00,5917,0,0,293,10,291,10,3.6,10,7.8,10,988.2,10,,,86,10,0.0,10,0,10,,,0.0,10,19.8,,,10,19.7,,,10,18.3,10,17.4,10,16.5,10,2044,10
2008-06-11T21:00+00:00,5917,0,0,288,10,287,10,3.3,10,6.5,10,988.6,10,,,88,10,0.0,10,0,10,,,0.0,10,19.6,,,10,19.6,,,10,18.3,10,17.2,10,16.3,10,2108,10
2008-06-11T22:00+00:00,5917,0,0,305,10,298,10,2.7,10,5.6,10,988.5,10,,,87,10,0.0,10,0,10,,,0.0,10,19.4,,,10,19.5,,,10,18.3,10,17.1,10,16.2,10,2234,10
2008-06-11T23:00+00:00,5917,0,0,290,10,296,10,3.7,10,7.9,10,988.5,10,,,84,10,0.0,10,0,10,,,0.0,10,19.3,,,10,19.4,,,10,18.3,10,17.0,10,15.3,10,2342,10
2008-06-12T00:00+00:00,5917,0,0,299,10,297,10,4.1,10,8.2,10,988.1,10,,,85,10,0.0,10,0,10,,,0.0,10,19.1,,,10,19.3,,,10,18.3,10,16.9,10,15.4,10,50,10
2008-06-12T01:00+00:00,5917,0,0,307,10,313,10,3.7,10,7.9,10,988.4,10,,,87,10,0.0,10,0,10,,,0.0,10,19.0,,,10,19.3,,,10,18.3,10,16.5,10,15.6,10,104,10
2008-06-12T02:00+00:00,5917,0,0,312,10,328,10,4.4,10,10.6,10,988.5,10,,,82,10,0.0,10,9,10,,,0.0,10,18.8,,,10,19.2,,,10,18.3,10,15.4,10,14.2,10,250,10
2008-06-12T03:00+00:00,5917,0,0,327,10,330,10,5.1,10,9.7,10,988.7,10,,,80,10,0.0,10,0,10,,,0.0,10,18.7,,,10,19.1,,,10,18.3,10,15.7,10,13.7,10,321,10
2008-06-12T04:00+00:00,5917,16,0,329,10,329,10,4.7,10,9.9,10,989.1,10,,,75,10,0.0,10,0,10,,,0.0,10,18.6,,,10,19.0,,,10,18.3,10,15.3,10,14.1,10,450,10
2008-06-12T05:00+00:00,5917,74,0,324,10,332,10,4.8,10,9.8,10,989.3,10,,,71,10,0.0,10,0,10,,,0.0,10,18.4,,,10,18.9,,,10,18.3,10,15.2,10,14.0,10,545,10
2008-06-12T06:00+00:00,5917,170,0,315,10,320,10,3.4,10,8.5,10,990.0,10,,,72,10,0.0,10,0,10,,,0.2,10,18.3,,,10,18.8,,,10,18.3,10,15.7,10,14.6,10,646,10
2008-06-12T07:00+00:00,5917,148,0,302,10,315,10,2.9,10,8.3,10,990.0,10,,,73,10,0.0,10,0,10,,,0.0,10,18.3,,,10,18.7,,,10,18.3,10,15.3,10,16.9,10,705,10
2008-06-12T08:00+00:00,5917,524,0,315,10,324,10,3.4,10,8.6,10,989.8,10,,,63,10,0.0,10,0,10,,,0.6,10,18.4,,,10,18.7,,,10,18.2,10,17.3,10,18.0,10,843,10
2008-06-12T09:00+00:00,5917,752,0,321,10,320,10,4.0,10,9.3,10,989.5,10,,,59,10,0.0,10,0,10,,,1.0,10,18.4,,,10,18.6,,,10,18.2,10,18.2,10,20.1,10,946,10
2008-06-12T10:00+00:00,5917,817,0,314,10,312,10,4.1,10,10.2,10,989.2,10,,,54,10,0.0,10,0,10,,,0.9,10,18.6,,,10,18.6,,,10,18.2,10,19.0,10,24.2,10,1009,10
2008-06-12T11:00+00:00,5917,877,0,318,10,298,10,4.4,10,10.7,10,988.9,10,,,52,10,0.0,10,0,10,,,0.9,10,18.8,,,10,18.7,,,10,18.2,10,20.1,10,28.4,10,1109,10
2008-06-12T12:00+00:00,5917,509,0,350,10,343,10,4.4,10,8.5,10,988.5,10,,,52,10,0.0,10,0,10,,,0.4,10,19.2,,,10,18.7,,,10,18.1,10,19.1,10,22.5,10,1248,10
2008-06-12T13:00+00:00,5917,675,0,320,10,308,10,2.8,10,8.3,10,987.7,10,,,50,10,0.0,10,0,10,,,0.8,10,19.5,,,10,18.9,,,10,18.1,10,20.3,10,23.4,10,1323,10
2008-06-12T14:00+00:00,5917,529,0,310,10,312,10,2.8,10,7.5,10,987.0,10,,,49,10,0.0,10,0,10,,,0.5,10,19.9,,,10,19.1,,,10,18.1,10,19.9,10,24.3,10,1412,10
2008-06-12T15:00+00:00,5917,429,0,301,10,307,10,3.6,10,8.5,10,986.7,10,,,48,10,0.0,10,0,10,,,0.5,10,20.0,,,10,19.2,,,10,18.1,10,20.4,10,23.2,10,1504,10
2008-06-12T16:00+00:00,5917,416,0,307,10,306,10,2.4,10,5.7,10,986.3,10,,,52,10,0.0,10,0,10,,,0.8,10,20.1,,,10,19.4,,,10,18.1,10,20.8,10,24.1,10,1614,10
2008-06-12T17:00+00:00,5917,303,0,334,10,309,10,2.3,10,6.0,10,986.0,10,,,50,10,0.0,10,0,10,,,1.0,10,20.1,,,10,19.4,,,10,18.1,10,20.5,10,22.7,10,1727,10
2008-06-12T18:00+00:00,5917,132,0,11,10,23,10,2.5,10,4.6,10,985.8,10,,,53,10,0.0,10,0,10,,,1.0,10,20.0,,,10,19.5,,,10,18.2,10,19.3,10,17.5,10,1827,10
2008-06-12T19:00+00:00,5917,25,0,354,10,18,10,1.5,10,2.9,10,986.0,10,,,56,10,0.0,10,0,10,,,0.4,10,19.8,,,10,19.5,,,10,18.2,10,18.0,10,14.3,10,1901,10
2008-06-12T20:00+00:00,5917,0,0,16,10,347,10,1.1,10,2.2,10,986.3,10,,,55,10,0.0,10,0,10,,,0.0,10,19.5,,,10,19.5,,,10,18.2,10,17.8,10,12.2,10,2010,10
2008-06-12T21:00+00:00,5917,0,0,292,10,294,10,1.9,10,2.8,10,986.2,10,,,71,10,0.0,10,0,10,,,0.0,10,19.2,,,10,19.4,,,10,18.2,10,16.1,10,10.1,10,2134,10
2008-06-12T22:00+00:00,5917,0,0,351,10,30,10,1.5,10,3.1,10,985.9,10,,,74,10,0.0,10,0,10,,,0.0,10,18.8,,,10,19.3,,,10,18.2,10,15.3,10,10.2,10,2255,10
2008-06-12T23:00+00:00,5917,0,0,358,10,3,10,1.8,10,2.7,10,985.5,10,,,74,10,0.0,10,0,10,,,0.0,10,18.6,,,10,19.1,,,10,18.3,10,14.7,10,10.4,10,2305,10
2008-06-13T00:00+00:00,5917,0,0,302,10,287,10,1.3,10,2.4,10,985.2,10,,,84,10,0.0,10,0,10,,,0.0,10,18.4,,,10,19.0,,,10,18.3,10,14.1,10,11.1,10,58,10
2008-06-13T01:00+00:00,5917,0,0,288,10,292,10,1.8,10,2.9,10,984.7,10,,,82,10,0.0,10,0,10,,,0.0,10,18.2,,,10,18.8,,,10,18.3,10,13.9,10,10.1,10,105,10
2008-06-13T02:00+00:00,5917,0,0,294,10,290,10,1.2,10,2.2,10,984.4,10,,,85,10,0.0,10,0,10,,,0.0,10,18.0,,,10,18.7,,,10,18.2,10,13.3,10,9.0,10,300,10
2008-06-13T03:00+00:00,5917,0,0,296,10,295,10,1.2,10,2.4,10,984.1,10,,,89,10,0.0,10,0,10,,,0.0,10,17.8,,,10,18.6,,,10,18.2,10,12.5,10,8.0,10,303,10
2008-06-13T04:00+00:00,5917,27,0,295,10,300,10,1.4,10,2.4,10,984.3,10,,,91,10,0.0,10,0,10,,,0.2,10,17.6,,,10,18.4,,,10,18.2,10,12.6,10,7.9,10,450,10
2008-06-13T05:00+00:00,5917,158,0,330,10,290,10,0.6,10,2.4,10,984.3,10,,,78,10,0.0,10,0,10,,,1.0,10,17.5,,,10,18.3,,,10,18.2,10,15.3,10,9.3,10,516,10
2008-06-13T06:00+00:00,5917,259,0,289,10,285,10,3.6,10,13.5,10,985.4,10,,,79,10,0.0,10,0,10,,,0.5,10,17.5,,,10,18.2,,,10,18.1,10,16.1,10,13.3,10,659,10
2008-06-13T07:00+00:00,5917,241,0,281,10,291,10,9.3,10,17.8,10,985.9,10,,,80,10,0.0,10,0,10,,,0.1,10,17.5,,,10,18.1,,,10,18.1,10,14.6,10,15.3,10,741,10
2008-06-13T08:00+00:00,5917,137,0,290,10,295,10,8.7,10,15.5,10,986.2,10,,,77,10,0.0,10,0,10,,,0.0,10,17.5,,,10,18.0,,,10,18.1,10,14.0,10,14.3,10,812,10
2008-06-13T09:00+00:00,5917,212,0,295,10,283,10,8.4,10,16.8,10,986.6,10,,,69,10,0.0,10,0,10,,,0.0,10,17.5,,,10,18.0,,,10,18.0,10,15.5,10,14.3,10,920,10
2008-06-13T10:00+00:00,5917,283,0,291,10,297,10,8.9,10,19.4,10,987.5,10,,,68,10,0.0,10,0,10,,,0.0,10,17.5,,,10,18.0,,,10,18.0,10,14.3,10,15.8,10,1044,10
2008-06-13T11:00+00:00,5917,208,0,290,10,282,10,9.0,10,16.1,10,987.6,10,,,66,10,0.0,10,0,10,,,0.0,10,17.5,,,10,17.9,,,10,17.9,10,14.3,10,15.1,10,1124,10
2008-06-13T12:00+00:00,5917,327,0,292,10,285,10,8.6,10,18.9,10,987.8,10,,,66,10,0.0,10,0,10,,,0.0,10,17.5,,,10,17.9,,,10,17.9,10,14.4,10,15.8,10,1202,10
2008-06-13T13:00+00:00,5917,347,0,295,10,305,10,8.9,10,19.6,10,988.2,10,,,64,10,0.0,10,0,10,,,0.0,10,17.5,,,10,17.9,,,10,17.9,10,14.1,10,16.3,10,1400,10
2008-06-13T14:00+00:00,5917,227,0,295,10,308,10,8.8,10,17.3,10,988.8,10,,,65,10,0.0,10,0,10,,,0.0,10,17.5,,,10,17.9,,,10,17.9,10,13.7,10,14.8,10,1417,10
2008-06-13T15:00+00:00,5917,179,0,296,10,298,10,7.1,10,14.3,10,988.9,10,,,66,10,0.0,10,0,10,,,0.0,10,17.4,,,10,17.9,,,10,17.8,10,13.5,10,14.0,10,1501,10
2008-06-13T16:00+00:00,5917,125,0,295,10,295,10,6.9,10,13.7,10,988.9,10,,,67,10,0.0,10,0,10,,,0.0,10,17.3,,,10,17.8,,,10,17.8,10,13.7,10,13.9,10,1602,10
2008-06-13T17:00+00:00,5917,90,0,296,10,293,10,6.1,10,12.5,10,989.2,10,,,68,10,0.0,10,0,10,,,0.0,10,17.3,,,10,17.8,,,10,17.8,10,13.7,10,13.2,10,1727,10
2008-06-13T18:00+00:00,5917,69,0,292,10,297,10,5.2,10,10.9,10,989.5,10,,,71,10,0.0,10,0,10,,,0.0,10,17.2,,,10,17.7,,,10,17.7,10,13.2,10,12.2,10,1820,10
2008-06-13T19:00+00:00,5917,19,0,293,10,301,10,4.6,10,9.2,10,989.8,10,,,71,10,0.0,10,0,10,,,0.4,10,17.1,,,10,17.7,,,10,17.7,10,13.2,10,11.7,10,1902,10
2008-06-13T20:00+00:00,5917,0,0,299,10,305,10,3.8,10,9.0,10,990.3,10,,,74,10,0.0,10,0,10,,,0.0,10,16.9,,,10,17.6,,,10,17.7,10,12.3,10,9.2,10,2001,10
2008-06-13T21:00+00:00,5917,0,0,296,10,303,10,3.7,10,7.8,10,990.5,10,,,77,10,0.0,10,0,10,,,0.0,10,16.8,,,10,17.6,,,10,17.7,10,11.9,10,8.7,10,2159,10
2008-06-13T22:00+00:00,5917,0,0,289,10,293,10,4.4,10,7.9,10,990.7,10,,,76,10,0.0,10,0,10,,,0.0,10,16.6,,,10,17.5,,,10,17.7,10,11.4,10,8.6,10,2229,10
2008-06-13T23:00+00:00,5917,0,0,287,10,308,10,4.4,10,8.1,10,990.7,10,,,76,10,0.0,10,0,10,,,0.0,10,16.5,,,10,17.4,,,10,17.6,10,11.2,10,8.1,10,2354,10
2008-06-14T00:00+00:00,5917,0,0,294,10,300,10,4.2,10,7.2,10,990.5,10,,,77,10,0.0,10,0,10,,,0.0,10,16.3,,,10,17.3,,,10,17.6,10,11.0,10,8.0,10,20,10
2008-06-14T01:00+00:00,5917,0,0,300,10,289,10,3.4,10,6.3,10,990.7,10,,,84,10,0.0,10,0,10,,,0.0,10,16.2,,,10,17.2,,,10,17.6,10,9.9,10,6.9,10,101,10
2008-06-14T02:00+00:00,5917,0,0,296,10,305,10,3.6,10,5.3,10,990.7,10,,,84,10,0.0,10,0,10,,,0.0,10,16.1,,,10,17.1,,,10,17.5,10,9.8,10,6.6,10,210,10
2008-06-14T03:00+00:00,5917,1,0,300,10,297,10,2.9,10,4.9,10,990.7,10,,,85,10,0.0,10,0,10,,,0.0,10,15.9,,,10,17.0,,,10,17.5,10,9.7,10,6.0,10,359,10
2008-06-14T04:00+00:00,5917,42,0,300,10,299,10,2.4,10,4.8,10,991.1,10,,,85,10,0.0,10,0,10,,,0.4,10,15.8,,,10,16.9,,,10,17.5,10,10.4,10,6.5,10,500,10
2008-06-14T05:00+00:00,5917,106,0,303,10,297,10,3.1,10,6.2,10,991.1,10,,,83,10,0.0,10,0,10,,,0.9,10,15.7,,,10,16.8,,,10,17.4,10,11.1,10,8.7,10,518,10
2008-06-14T06:00+00:00,5917,288,0,304,10,322,10,3.6,10,8.5,10,991.1,10,,,72,10,0.0,10,0,10,,,1.0,10,15.7,,,10,16.7,,,10,17.4,10,13.2,10,9.7,10,658,10
2008-06-14T07:00+00:00,5917,515,0,307,10,304,10,3.6,10,8.3,10,991.2,10,,,67,10,0.0,10,0,10,,,1.0,10,15.8,,,10,16.6,,,10,17.3,10,14.7,10,13.2,10,704,10
2008-06-14T08:00+00:00,5917,665,0,319,10,319,10,3.2,10,8.0,10,991.1,10,,,61,10,0.0,10,0,10,,,1.0,10,16.0,,,10,16.6,,,10,17.3,10,15.6,10,16.9,10,853,10
2008-06-14T09:00+00:00,5917,425,0,328,10,338,10,4.1,10,8.1,10,991.1,10,,,58,10,0.0,10,0,10,,,0.3,10,16.1,,,10,16.6,,,10,17.3,10,16.5,10,17.3,10,955,10
2008-06-14T10:00+00:00,5917,437,0,337,10,15,10,3.1,10,6.7,10,990.8,10,,,58,10,0.0,10,0,10,,,0.3,10,16.3,,,10,16.6,,,10,17.2,10,16.6,10,18.8,10,1050,10
2008-06-14T11:00+00:00,5917,555,0,344,10,351,10,3.5,10,7.7,10,990.4,10,,,52,10,0.0,10,0,10,,,0.5,10,16.6,,,10,16.7,,,10,17.2,10,18.2,10,19.8,10,1152,10
2008-06-14T12:00+00:00,5917,522,0,347,10,350,10,3.6,10,7.3,10,990.0,10,,,49,10,0.0,10,0,10,,,0.4,10,17.0,,,10,16.8,,,10,17.2,10,17.6,10,22.0,10,1234,10
2008-06-14T13:00+00:00,5917,559,0,353,10,338,10,2.9,10,8.1,10,989.6,10,,,49,10,0.0,10,0,10,,,0.5,10,17.4,,,10,16.9,,,10,17.1,10,18.4,10,21.9,10,1310,10
2008-06-14T14:00+00:00,5917,705,0,360,10,20,10,2.5,10,7.3,10,989.2,10,,,47,10,0.0,10,0,10,,,0.9,10,17.8,,,10,17.1,,,10,17.1,10,19.8,10,25.3,10,1425,10
2008-06-14T15:00+00:00,5917,333,0,360,10,347,10,3.5,10,7.0,10,989.1,10,,,48,10,0.0,10,0,10,,,0.3,10,18.0,,,10,17.3,,,10,17.1,10,19.4,10,19.9,10,1509,10
2008-06-14T16:00+00:00,5917,303,0,348,10,336,10,4.0,10,7.3,10,989.2,10,,,51,10,0.0,10,0,10,,,0.6,10,18.1,,,10,17.5,,,10,17.1,10,17.5,10,17.3,10,1609,10
2008-06-14T17:00+00:00,5917,125,0,340,10,328,10,3.4,10,6.3,10,989.2,10,,,52,10,0.0,10,0,10,,,0.0,10,18.0,,,10,17.6,,,10,17.1,10,17.4,10,16.9,10,1757,10
2008-06-14T18:00+00:00,5917,64,0,327,10,323,10,2.9,10,5.9,10,989.2,10,,,52,10,0.0,10,0,10,,,0.0,10,17.9,,,10,17.6,,,10,17.1,10,16.9,10,15.0,10,1842,10
2008-06-14T19:00+00:00,5917,10,0,311,10,310,10,2.8,10,6.7,10,989.3,10,,,60,10,0.0,10,0,10,,,0.0,10,17.7,,,10,17.7,,,10,17.1,10,16.1,10,13.2,10,1947,10
2008-06-14T20:00+00:00,5917,0,0,306,10,307,10,2.7,10,5.7,10,989.6,10,,,65,10,0.0,10,0,10,,,0.0,10,17.5,,,10,17.6,,,10,17.2,10,15.4,10,12.6,10,2048,10
2008-06-14T21:00+00:00,5917,0,0,303,10,301,10,3.1,10,5.8,10,989.3,10,,,68,10,0.0,10,0,10,,,0.0,10,17.3,,,10,17.6,,,10,17.2,10,15.0,10,12.5,10,2112,10
2008-06-14T22:00+00:00,5917,0,0,305,10,311,10,3.2,10,6.9,10,989.5,10,,,69,10,0.0,10,0,10,,,0.0,10,17.1,,,10,17.5,,,10,17.2,10,14.6,10,12.5,10,2244,10
2008-06-14T23:00+00:00,5917,0,0,304,10,318,10,3.5,10,7.3,10,989.6,10,,,69,10,0.0,10,0,10,,,0.0,10,17.0,,,10,17.5,,,10,17.2,10,14.3,10,12.2,10,2344,10
2008-06-15T00:00+00:00,5917,0,0,301,10,299,10,3.3,10,6.6,10,989.2,10,,,69,10,0.0,10,0,10,,,0.0,10,16.9,,,10,17.4,,,10,17.2,10,14.0,10,11.9,10,55,10
2008-06-15T01:00+00:00,5917,0,0,298,10,297,10,3.8,10,6.5,10,989.2,10,,,73,10,0.0,10,0,10,,,0.0,10,16.7,,,10,17.3,,,10,17.2,10,13.5,10,11.8,10,129,10
2008-06-15T02:00+00:00,5917,0,0,299,10,299,10,3.6,10,7.6,10,989.0,10,,,76,10,0.0,10,0,10,,,0.0,10,16.6,,,10,17.2,,,10,17.2,10,13.2,10,11.5,10,253,10
2008-06-15T03:00+00:00,5917,0,0,300,10,308,10,3.7,10,7.3,10,989.2,10,,,78,10,0.0,10,2,10,,,0.0,10,16.5,,,10,17.1,,,10,17.2,10,12.9,10,11.4,10,341,10
2008-06-15T04:00+00:00,5917,7,0,303,10,305,10,3.9,10,8.9,10,990.0,10,,,84,10,0.0,10,12,10,,,0.0,10,16.4,,,10,17.0,,,10,17.2,10,12.3,10,11.4,10,403,10
2008-06-15T05:00+00:00,5917,24,0,304,10,327,10,2.6,10,6.0,10,989.8,10,,,93,10,0.6,10,47,10,,,0.0,10,16.3,,,10,17.0,,,10,17.1,10,11.9,10,11.1,10,518,10
2008-06-15T06:00+00:00,5917,173,0,282,10,310,10,1.8,10,3.8,10,989.7,10,,,90,10,0.0,10,3,10,,,0.3,10,16.3,,,10,16.9,,,10,17.1,10,13.2,10,12.5,10,659,10
2008-06-15T07:00+00:00,5917,399,0,300,10,308,10,1.3,10,3.7,10,989.9,10,,,74,10,0.0,10,0,10,,,0.9,10,16.3,,,10,16.9,,,10,17.1,10,15.2,10,13.8,10,708,10
2008-06-15T08:00+00:00,5917,484,0,333,10,351,10,0.9,10,4.3,10,989.6,10,,,65,10,0.0,10,0,10,,,0.7,10,16.5,,,10,16.8,,,10,17.0,10,16.0,10,15.8,10,827,10
2008-06-15T09:00+00:00,5917,383,0,3,10,41,10,0.9,10,3.4,10,989.2,10,,,59,10,0.0,10,0,10,,,0.3,10,16.6,,,10,16.8,,,10,17.0,10,17.3,10,16.2,10,913,10
2008-06-15T10:00+00:00,5917,578,0,41,10,56,10,0.8,10,3.2,10,988.9,10,,,54,10,0.0,10,0,10,,,0.5,10,16.8,,,10,16.9,,,10,17.0,10,18.4,10,19.5,10,1048,10
2008-06-15T11:00+00:00,5917,803,0,95,10,102,10,0.9,10,4.3,10,988.5,10,,,49,10,0.0,10,0,10,,,0.7,10,17.2,,,10,16.9,,,10,17.0,10,18.4,10,26.2,10,1119,10
2008-06-15T12:00+00:00,5917,783,0,186,10,212,10,0.8,10,4.5,10,988.0,10,,,47,10,0.0,10,0,10,,,0.7,10,17.6,,,10,17.0,,,10,17.0,10,19.7,10,25.2,10,1243,10
2008-06-15T13:00+00:00,5917,626,0,200,10,201,10,2.4,10,6.1,10,987.8,10,,,49,10,0.0,10,0,10,,,0.5,10,18.1,,,10,17.2,,,10,17.0,10,18.5,10,22.0,10,1325,10
2008-06-15T14:00+00:00,5917,197,0,314,10,303,10,2.4,10,10.0,10,987.8,10,,,70,10,0.1,10,23,10,,,0.0,10,18.2,,,10,17.4,,,10,17.0,10,15.0,10,14.9,10,1442,10
2008-06-15T15:00+00:00,5917,292,0,65,10,76,10,0.6,10,3.9,10,987.0,10,,,52,10,0.0,10,0,10,,,0.2,10,18.2,,,10,17.6,,,10,17.0,10,18.3,10,15.8,10,1513,10
2008-06-15T16:00+00:00,5917,309,0,174,10,169,10,0.8,10,2.6,10,986.7,10,,,49,10,0.0,10,0,10,,,0.5,10,18.3,,,10,17.7,,,10,17.0,10,18.8,10,20.6,10,1629,10
2008-06-15T17:00+00:00,5917,160,0,116,10,106,10,1.5,10,3.9,10,986.6,10,,,57,10,0.0,10,0,10,,,0.0,10,18.2,,,10,17.8,,,10,17.0,10,18.0,10,18.2,10,1758,10
2008-06-15T18:00+00:00,5917,67,0,103,10,100,10,2.6,10,4.7,10,986.8,10,,,65,10,0.0,10,0,10,,,0.0,10,18.1,,,10,17.8,,,10,17.0,10,16.5,10,15.8,10,1851,10
2008-06-15T19:00+00:00,5917,12,0,104,10,101,10,3.0,10,5.0,10,986.7,10,,,78,10,0.0,10,0,10,,,0.0,10,17.9,,,10,17.8,,,10,17.0,10,15.4,10,13.0,10,1903,10
2008-06-15T20:00+00:00,5917,0,0,118,10,125,10,2.6,10,4.3,10,986.8,10,,,81,10,0.0,10,0,10,,,0.0,10,17.7,,,10,17.8,,,10,17.0,10,14.4,10,11.2,10,2025,10
2008-06-15T21:00+00:00,5917,0,0,126,10,127,10,2.6,10,4.1,10,986.7,10,,,85,10,0.0,10,0,10,,,0.0,10,17.4,,,10,17.7,,,10,17.1,10,13.4,10,10.1,10,2115,10
2008-06-15T22:00+00:00,5917,0,0,205,10,219,10,0.5,10,2.1,10,986.7,10,,,88,10,0.0,10,0,10,,,0.0,10,17.2,,,10,17.6,,,10,17.1,10,12.7,10,8.0,10,2245,10
2008-06-15T23:00+00:00,5917,0,0,197,10,189,10,1.1,10,2.0,10,986.4,10,,,87,10,0.0,10,0,10,,,0.0,10,16.9,,,10,17.5,,,10,17.1,10,12.6,10,7.9,10,2348,10
2008-06-16T00:00+00:00,5917,0,0,172,10,190,10,1.0,10,2.2,10,986.0,10,,,87,10,0.0,10,0,10,,,0.0,10,16.7,,,10,17.4,,,10,17.1,10,12.2,10,7.6,10,1,10
2008-06-16T01:00+00:00,5917,0,0,125,10,139,10,1.1,10,1.9,10,986.2,10,,,90,10,0.0,10,0,10,,,0.0,10,16.5,,,10,17.3,,,10,17.1,10,11.5,10,7.5,10,107,10
2008-06-16T02:00+00:00,5917,0,0,128,10,127,10,0.9,10,2.4,10,986.2,10,,,94,10,0.0,10,0,10,,,0.0,10,16.3,,,10,17.2,,,10,17.1,10,10.6,10,7.0,10,242,10
2008-06-16T03:00+00:00,5917,0,0,311,10,288,10,1.3,10,3.5,10,986.6,10,,,93,10,0.0,10,0,10,,,0.0,10,16.1,,,10,17.0,,,10,17.1,10,10.6,10,6.7,10,323,10
2008-06-16T04:00+00:00,5917,27,0,339,10,348,10,1.7,10,3.2,10,986.7,10,,,85,10,0.0,10,0,10,,,0.3,10,16.0,,,10,16.9,,,10,17.0,10,11.9,10,7.3,10,413,10
2008-06-16T05:00+00:00,5917,187,0,74,10,346,10,0.8,10,3.6,10,986.8,10,,,87,10,0.0,10,0,10,,,1.0,10,15.9,,,10,16.8,,,10,17.0,10,13.8,10,9.0,10,511,10
2008-06-16T06:00+00:00,5917,276,0,177,10,163,10,0.8,10,2.1,10,986.8,10,,,78,10,0.0,10,0,10,,,0.7,10,16.0,,,10,16.7,,,10,17.0,10,15.7,10,13.7,10,633,10
2008-06-16T07:00+00:00,5917,443,0,296,10,357,10,0.6,10,2.7,10,986.9,10,,,67,10,0.0,10,0,10,,,1.0,10,16.2,,,10,16.6,,,10,17.0,10,16.6,10,17.3,10,714,10
2008-06-16T08:00+00:00,5917,570,0,64,10,114,10,0.5,10,3.9,10,986.7,10,,,63,10,0.0,10,0,10,,,1.0,10,16.4,,,10,16.6,,,10,16.9,10,18.4,10,20.0,10,859,10
2008-06-16T09:00+00:00,5917,699,0,116,10,105,10,1.5,10,4.1,10,986.7,10,,,60,10,0.0,10,0,10,,,0.9,10,16.6,,,10,16.6,,,10,16.9,10,18.5,10,24.1,10,903,10
2008-06-16T10:00+00:00,5917,716,0,122,10,201,10,1.2,10,4.8,10,986.7,10,,,60,10,0.0,10,0,10,,,0.9,10,16.9,,,10,16.7,,,10,16.9,10,19.4,10,26.3,10,1057,10
2008-06-16T11:00+00:00,5917,710,0,119,10,112,10,1.0,10,4.8,10,986.4,10,,,53,10,0.0,10,0,10,,,0.5,10,17.3,,,10,16.8,,,10,16.9,10,21.4,10,26.8,10,1131,10
2008-06-16T12:00+00:00,5917,719,0,158,10,158,10,2.2,10,5.8,10,985.8,10,,,56,10,0.0,10,0,10,,,0.8,10,17.9,,,10,17.0,,,10,16.8,10,21.1,10,28.8,10,1258,10
2008-06-16T13:00+00:00,5917,612,0,131,10,112,10,3.6,10,7.5,10,985.5,10,,,52,10,0.0,10,0,10,,,0.6,10,18.3,,,10,17.2,,,10,16.8,10,21.3,10,27.0,10,1325,10
2008-06-16T14:00+00:00,5917,401,0,130,10,114,10,2.7,10,6.8,10,985.2,10,,,49,10,0.0,10,0,10,,,0.0,10,18.5,,,10,17.4,,,10,16.8,10,22.0,10,25.4,10,1403,10
2008-06-16T15:00+00:00,5917,271,0,126,10,117,10,2.4,10,5.5,10,984.9,10,,,53,10,0.0,10,0,10,,,0.0,10,18.6,,,10,17.6,,,10,16.8,10,21.8,10,23.7,10,1513,10
2008-06-16T16:00+00:00,5917,206,0,131,10,147,10,2.6,10,4.8,10,984.7,10,,,54,10,0.0,10,0,10,,,0.0,10,18.6,,,10,17.8,,,10,16.9,10,21.7,10,22.3,10,1652,10
2008-06-16T17:00+00:00,5917,212,0,159,10,165,10,3.4,10,6.4,10,984.7,10,,,56,10,0.0,10,0,10,,,0.7,10,18.6,,,10,17.9,,,10,16.9,10,21.3,10,21.0,10,1727,10
2008-06-16T18:00+00:00,5917,132,0,156,10,152,10,3.1,10,6.1,10,984.6,10,,,61,10,0.0,10,0,10,,,1.0,10,18.5,,,10,17.9,,,10,16.9,10,20.4,10,19.1,10,1840,10
2008-06-16T19:00+00:00,5917,24,0,140,10,159,10,2.8,10,4.8,10,984.7,10,,,74,10,0.0,10,0,10,,,0.4,10,18.3,,,10,18.0,,,10,16.9,10,17.9,10,14.9,10,2000,10
2008-06-16T20:00+00:00,5917,0,0,148,10,146,10,2.5,10,4.6,10,985.3,10,,,79,10,0.0,10,0,10,,,0.0,10,18.1,,,10,18.0,,,10,17.0,10,16.9,10,13.4,10,2013,10
2008-06-16T21:00+00:00,5917,0,0,155,10,170,10,1.2,10,2.7,10,985.3,10,,,82,10,0.0,10,0,10,,,0.0,10,17.8,,,10,17.9,,,10,17.0,10,16.2,10,11.4,10,2104,10
2008-06-16T22:00+00:00,5917,0,0,206,10,295,10,0.7,10,2.4,10,985.6,10,,,90,10,0.0,10,0,10,,,0.0,10,17.6,,,10,17.8,,,10,17.0,10,14.5,10,10.7,10,2243,10
2008-06-16T23:00+00:00,5917,0,0,292,10,304,10,1.3,10,4.6,10,986.0,10,,,90,10,0.0,10,0,10,,,0.0,10,17.3,,,10,17.7,,,10,17.0,10,14.6,10,10.5,10,2357,10
2008-06-17T00:00+00:00,5917,0,0,304,10,308,10,3.6,10,8.1,10,986.3,10,,,86,10,0.0,10,0,10,,,0.0,10,17.2,,,10,17.6,,,10,17.1,10,15.1,10,11.4,10,49,10
2008-06-17T01:00+00:00,5917,0,0,301,10,304,10,3.1,10,7.1,10,986.6,10,,,87,10,0.0,10,0,10,,,0.0,10,17.0,,,10,17.5,,,10,17.1,10,14.5,10,11.8,10,103,10
2008-06-17T02:00+00:00,5917,0,0,303,10,302,10,3.0,10,5.8,10,986.7,10,,,87,10,0.0,10,0,10,,,0.0,10,16.9,,,10,17.4,,,10,17.1,10,14.0,10,11.0,10,216,10
2008-06-17T03:00+00:00,5917,0,0,306,10,300,10,2.5,10,4.7,10,986.9,10,,,90,10,0.0,10,0,10,,,0.0,10,16.8,,,10,17.3,,,10,17.1,10,13.7,10,10.9,10,301,10
2008-06-17T04:00+00:00,5917,30,0,307,10,318,10,2.3,10,5.1,10,987.5,10,,,86,10,0.0,10,0,10,,,0.0,10,16.7,,,10,17.2,,,10,17.0,10,14.7,10,11.9,10,416,10
2008-06-17T05:00+00:00,5917,72,0,297,10,297,10,1.9,10,4.5,10,988.2,10,,,85,10,0.0,10,0,10,,,0.0,10,16.6,,,10,17.2,,,10,17.0,10,15.0,10,13.4,10,546,10
2008-06-17T06:00+00:00,5917,128,0,319,10,314,10,2.6,10,5.5,10,988.8,10,,,81,10,0.0,10,0,10,,,0.0,10,16.7,,,10,17.1,,,10,17.0,10,15.7,10,15.5,10,604,10
2008-06-17T07:00+00:00,5917,282,0,338,10,342,10,3.1,10,6.0,10,989.2,10,,,78,10,0.0,10,0,10,,,0.3,10,16.8,,,10,17.0,,,10,17.0,10,16.9,10,16.5,10,742,10
2008-06-17T08:00+00:00,5917,405,0,353,10,334,10,3.4,10,6.2,10,989.6,10,,,75,10,0.0,10,0,10,,,0.5,10,17.0,,,10,17.0,,,10,17.0,10,17.5,10,20.5,10,815,10
2008-06-17T09:00+00:00,5917,636,0,12,10,326,10,2.9,10,7.2,10,989.5,10,,,69,10,0.0,10,0,10,,,0.7,10,17.2,,,10,17.1,,,10,17.0,10,18.7,10,22.5,10,909,10
2008-06-17T10:00+00:00,5917,629,0,22,10,7,10,2.4,10,5.7,10,989.6,10,,,64,10,0.0,10,0,10,,,0.5,10,17.4,,,10,17.1,,,10,17.0,10,19.4,10,27.0,10,1019,10
2008-06-17T11:00+00:00,5917,589,0,44,10,71,10,2.1,10,4.9,10,989.3,10,,,61,10,0.0,10,0,10,,,0.4,10,17.7,,,10,17.2,,,10,16.9,10,20.0,10,27.6,10,1147,10
2008-06-17T12:00+00:00,5917,446,0,76,10,62,10,2.1,10,4.6,10,989.0,10,,,63,10,0.0,10,0,10,,,0.1,10,18.0,,,10,17.3,,,10,16.9,10,20.2,10,26.9,10,1224,10
2008-06-17T13:00+00:00,5917,431,0,46,10,39,10,2.0,10,4.9,10,988.8,10,,,62,10,0.0,10,0,10,,,0.3,10,18.3,,,10,17.5,,,10,16.9,10,20.7,10,23.4,10,1356,10
2008-06-17T14:00+00:00,5917,259,0,73,10,55,10,1.7,10,5.1,10,988.8,10,,,61,10,0.0,10,0,10,,,0.0,10,18.4,,,10,17.6,,,10,16.9,10,20.4,10,22.8,10,1407,10
2008-06-17T15:00+00:00,5917,166,0,71,10,66,10,1.7,10,3.5,10,988.8,10,,,63,10,0.0,10,0,10,,,0.0,10,18.4,,,10,17.7,,,10,16.9,10,20.4,10,21.6,10,1541,10
2008-06-17T16:00+00:00,5917,137,0,61,10,44,10,1.7,10,3.9,10,988.9,10,,,65,10,0.0,10,0,10,,,0.0,10,18.4,,,10,17.8,,,10,17.0,10,20.3,10,20.5,10,1605,10
2008-06-17T17:00+00:00,5917,51,0,53,10,61,10,1.5,10,2.9,10,989.0,10,,,65,10,0.0,10,0,10,,,0.0,10,18.3,,,10,17.9,,,10,17.0,10,20.0,10,19.1,10,1721,10
2008-06-17T18:00+00:00,5917,36,0,33,10,37,10,1.6,10,3.2,10,988.8,10,,,66,10,0.0,10,0,10,,,0.0,10,18.3,,,10,17.9,,,10,17.0,10,19.7,10,18.3,10,1851,10
2008-06-17T19:00+00:00,5917,9,0,16,10,28,10,2.0,10,4.2,10,988.9,10,,,70,10,0.0,10,0,10,,,0.0,10,18.1,,,10,17.9,,,10,17.0,10,18.8,10,16.8,10,1907,10
2008-06-17T20:00+00:00,5917,0,0,3,10,346,10,1.8,10,3.6,10,989.8,10,,,73,10,0.0,10,0,10,,,0.0,10,18.0,,,10,17.9,,,10,17.0,10,18.7,10,16.6,10,2044,10
2008-06-17T21:00+00:00,5917,0,0,338,10,357,10,1.2,10,3.3,10,989.7,10,,,95,10,6.4,10,60,10,,,0.0,10,17.9,,,10,17.8,,,10,17.1,10,16.3,10,15.2,10,2129,10
2008-06-17T22:00+00:00,5917,0,0,322,10,353,10,1.8,10,3.6,10,989.8,10,,,93,10,0.5,10,60,10,,,0.0,10,17.7,,,10,17.8,,,10,17.1,10,15.9,10,15.3,10,2256,10
2008-06-17T23:00+00:00,5917,0,0,324,10,329,10,2.3,10,5.7,10,989.7,10,,,95,10,0.0,10,3,10,,,0.0,10,17.6,,,10,17.7,,,10,17.1,10,15.9,10,15.1,10,2322,10
2008-06-18T00:00+00:00,5917,0,0,289,10,306,10,2.4,10,5.5,10,990.0,10,,,94,10,0.0,10,0,10,,,0.0,10,17.5,,,10,17.7,,,10,17.1,10,15.7,10,15.4,10,58,10
2008-06-18T01:00+00:00,5917,0,0,304,10,291,10,2.8,10,5.9,10,990.1,10,,,96,10,2.0,10,47,10,,,0.0,10,17.4,,,10,17.6,,,10,17.1,10,15.2,10,15.1,10,107,10
2008-06-18T02:00+00:00,5917,0,0,303,10,306,10,2.0,10,4.4,10,990.0,10,,,93,10,0.6,10,25,10,,,0.0,10,17.3,,,10,17.6,,,10,17.1,10,15.4,10,14.9,10,201,10
2008-06-18T03:00+00:00,5917,0,0,308,10,312,10,2.0,10,4.9,10,990.0,10,,,92,10,0.0,10,0,10,,,0.0,10,17.2,,,10,17.5,,,10,17.1,10,15.1,10,14.5,10,350,10
2008-06-18T04:00+00:00,5917,7,0,307,10,308,10,2.3,10,4.9,10,990.5,10,,,91,10,0.0,10,0,10,,,0.0,10,17.1,,,10,17.5,,,10,17.1,10,15.0,10,14.4,10,405,10
2008-06-18T05:00+00:00,5917,89,0,307,10,307,10,2.4,10,5.9,10,991.0,10,,,88,10,0.0,10,0,10,,,0.0,10,17.1,,,10,17.4,,,10,17.1,10,15.7,10,14.6,10,533,10
2008-06-18T06:00+00:00,5917,430,0,313,10,312,10,3.1,10,6.6,10,991.3,10,,,81,10,0.0,10,0,10,,,1.0,10,17.1,,,10,17.3,,,10,17.1,10,17.3,10,16.0,10,618,10
2008-06-18T07:00+00:00,5917,330,0,314,10,299,10,3.4,10,7.0,10,991.4,10,,,70,10,0.0,10,0,10,,,0.3,10,17.2,,,10,17.3,,,10,17.1,10,17.5,10,17.8,10,720,10
2008-06-18T08:00+00:00,5917,425,0,322,10,315,10,3.6,10,8.3,10,991.4,10,,,67,10,0.0,10,0,10,,,0.6,10,17.3,,,10,17.3,,,10,17.1,10,18.8,10,17.8,10,813,10
2008-06-18T09:00+00:00,5917,811,0,333,10,341,10,5.0,10,8.9,10,991.4,10,,,56,10,0.0,10,0,10,,,1.0,10,17.4,,,10,17.3,,,10,17.1,10,20.7,10,19.0,10,920,10
2008-06-18T10:00+00:00,5917,882,0,329,10,349,10,4.3,10,9.9,10,991.6,10,,,50,10,0.0,10,0,10,,,1.0,10,17.5,,,10,17.4,,,10,17.0,10,21.9,10,24.6,10,1034,10
2008-06-18T11:00+00:00,5917,906,0,337,10,334,10,4.1,10,9.2,10,991.8,10,,,47,10,0.0,10,0,10,,,1.0,10,17.9,,,10,17.5,,,10,17.0,10,22.9,10,31.5,10,1125,10
2008-06-18T12:00+00:00,5917,915,0,346,10,5,10,4.2,10,8.2,10,991.6,10,,,43,10,0.0,10,0,10,,,1.0,10,18.4,,,10,17.6,,,10,17.0,10,23.9,10,35.0,10,1221,10
2008-06-18T13:00+00:00,5917,864,0,350,10,331,10,4.1,10,8.0,10,991.5,10,,,41,10,0.0,10,0,10,,,1.0,10,19.1,,,10,17.8,,,10,17.0,10,24.3,10,38.3,10,1330,10
2008-06-18T14:00+00:00,5917,638,0,347,10,339,10,3.2,10,7.4,10,991.4,10,,,42,10,0.0,10,0,10,,,0.8,10,19.7,,,10,18.1,,,10,17.0,10,24.5,10,29.7,10,1402,10
2008-06-18T15:00+00:00,5917,666,0,343,10,334,10,2.9,10,7.3,10,991.4,10,,,40,10,0.0,10,0,10,,,1.0,10,20.1,,,10,18.4,,,10,17.1,10,25.1,10,30.2,10,1508,10
2008-06-18T16:00+00:00,5917,322,0,300,10,290,10,3.3,10,7.8,10,991.5,10,,,52,10,0.0,10,0,10,,,0.8,10,20.2,,,10,18.7,,,10,17.1,10,23.2,10,23.5,10,1644,10
2008-06-18T17:00+00:00,5917,310,0,290,10,290,10,4.4,10,8.3,10,991.8,10,,,53,10,0.0,10,0,10,,,1.0,10,20.1,,,10,18.8,,,10,17.2,10,22.4,10,23.1,10,1725,10
2008-06-18T18:00+00:00,5917,76,0,294,10,302,10,4.5,10,8.6,10,992.2,10,,,59,10,0.0,10,0,10,,,0.3,10,19.9,,,10,19.0,,,10,17.2,10,20.4,10,18.1,10,1857,10
2008-06-18T19:00+00:00,5917,16,0,293,10,289,10,4.2,10,7.7,10,992.6,10,,,65,10,0.0,10,0,10,,,0.1,10,19.6,,,10,19.0,,,10,17.2,10,19.5,10,16.8,10,1908,10
2008-06-18T20:00+00:00,5917,0,0,295,10,302,10,4.0,10,7.4,10,993.3,10,,,70,10,0.0,10,0,10,,,0.0,10,19.3,,,10,18.9,,,10,17.3,10,18.3,10,15.1,10,2002,10
2008-06-18T21:00+00:00,5917,0,0,290,10,287,10,3.7,10,6.2,10,993.2,10,,,73,10,0.0,10,0,10,,,0.0,10,19.0,,,10,18.9,,,10,17.3,10,18.2,10,14.8,10,2200,10
2008-06-18T22:00+00:00,5917,0,0,289,10,294,10,3.3,10,6.4,10,993.3,10,,,75,10,0.0,10,0,10,,,0.0,10,18.7,,,10,18.8,,,10,17.4,10,17.7,10,14.1,10,2206,10
2008-06-18T23:00+00:00,5917,0,0,294,10,297,10,3.1,10,4.6,10,993.2,10,,,77,10,0.0,10,0,10,,,0.0,10,18.5,,,10,18.6,,,10,17.4,10,17.4,10,13.8,10,2328,10
2008-06-19T00:00+00:00,5917,0,0,285,10,287,10,2.7,10,4.5,10,993.3,10,,,79,10,0.0,10,0,10,,,0.0,10,18.3,,,10,18.5,,,10,17.5,10,16.9,10,12.8,10,4,10
2008-06-19T01:00+00:00,5917,0,0,230,10,289,10,1.0,10,2.8,10,993.2,10,,,87,10,0.0,10,0,10,,,0.0,10,18.0,,,10,18.4,,,10,17.5,10,15.2,10,12.4,10,200,10
2008-06-19T02:00+00:00,5917,0,0,166,10,175,10,1.5,10,2.5,10,993.0,10,,,87,10,0.0,10,0,10,,,0.0,10,17.8,,,10,18.3,,,10,17.5,10,15.0,10,11.5,10,243,10
2008-06-19T03:00+00:00,5917,0,0,217,10,181,10,1.0,10,1.9,10,993.0,10,,,93,10,0.0,10,0,10,,,0.0,10,17.6,,,10,18.1,,,10,17.5,10,14.0,10,10.4,10,303,10
2008-06-19T04:00+00:00,5917,28,0,245,10,270,10,0.9,10,1.7,10,993.1,10,,,90,10,0.0,10,0,10,,,0.4,10,17.4,,,10,18.0,,,10,17.5,10,14.8,10,10.4,10,428,10
2008-06-19T05:00+00:00,5917,173,0,206,10,193,10,0.3,10,1.5,10,993.2,10,,,83,10,0.0,10,0,10,,,1.0,10,17.3,,,10,17.9,,,10,17.5,10,17.9,10,12.5,10,501,10
2008-06-19T06:00+00:00,5917,319,0,86,10,62,10,0.5,10,2.1,10,993.1,10,,,75,10,0.0,10,0,10,,,1.0,10,17.3,,,10,17.8,,,10,17.5,10,19.3,10,16.1,10,658,10
2008-06-19T07:00+00:00,5917,490,0,70,10,47,10,1.1,10,3.3,10,993.0,10,,,69,10,0.0,10,0,10,,,1.0,10,17.4,,,10,17.7,,,10,17.4,10,20.6,10,19.6,10,750,10
2008-06-19T08:00+00:00,5917,650,0,98,10,120,10,1.1,10,3.3,10,993.0,10,,,64,10,0.0,10,0,10,,,1.0,10,17.6,,,10,17.7,,,10,17.4,10,22.0,10,22.6,10,834,10
2008-06-19T09:00+00:00,5917,788,0,124,10,110,10,1.5,10,4.2,10,992.9,10,,,58,10,0.0,10,0,10,,,1.0,10,17.9,,,10,17.7,,,10,17.4,10,23.4,10,22.9,10,957,10
2008-06-19T10:00+00:00,5917,822,0,120,10,135,10,1.9,10,5.1,10,992.5,10,,,54,10,0.0,10,0,10,,,1.0,10,18.1,,,10,17.7,,,10,17.4,10,23.9,10,31.7,10,1057,10
2008-06-19T11:00+00:00,5917,726,0,132,10,123,10,1.0,10,4.3,10,992.3,10,,,53,10,0.0,10,0,10,,,0.8,10,18.6,,,10,17.9,,,10,17.3,10,24.5,10,27.9,10,1104,10
2008-06-19T12:00+00:00,5917,700,0,56,10,125,10,0.9,10,4.4,10,991.9,10,,,50,10,0.0,10,0,10,,,0.7,10,19.1,,,10,18.0,,,10,17.3,10,24.7,10,31.2,10,1232,10
2008-06-19T13:00+00:00,5917,549,0,202,10,208,10,0.6,10,3.8,10,991.5,10,,,49,10,0.0,10,0,10,,,0.5,10,19.6,,,10,18.2,,,10,17.3,10,25.7,10,27.9,10,1356,10
2008-06-19T14:00+00:00,5917,731,0,257,10,284,10,1.2,10,5.1,10,991.2,10,,,43,10,0.0,10,0,10,,,0.9,10,20.1,,,10,18.5,,,10,17.3,10,27.1,10,31.2,10,1449,10
2008-06-19T15:00+00:00,5917,635,0,300,10,303,10,2.6,10,6.2,10,991.1,10,,,40,10,0.0,10,0,10,,,1.0,10,20.5,,,10,18.7,,,10,17.4,10,27.4,10,31.6,10,1545,10
2008-06-19T16:00+00:00,5917,431,0,292,10,274,10,2.7,10,7.1,10,991.0,10,,,43,10,0.0,10,0,10,,,0.9,10,20.6,,,10,19.0,,,10,17.4,10,26.6,10,27.7,10,1608,10
2008-06-19T17:00+00:00,5917,274,0,285,10,316,10,1.9,10,5.2,10,990.8,10,,,44,10,0.0,10,0,10,,,1.0,10,20.6,,,10,19.2,,,10,17.4,10,26.5,10,25.7,10,1706,10
2008-06-19T18:00+00:00,5917,134,0,273,10,284,10,2.3,10,4.6,10,991.1,10,,,47,10,0.0,10,0,10,,,1.0,10,20.5,,,10,19.3,,,10,17.5,10,25.0,10,21.0,10,1811,10
2008-06-19T19:00+00:00,5917,18,0,268,10,296,10,2.4,10,5.1,10,991.4,10,,,50,10,0.0,10,0,10,,,0.2,10,20.2,,,10,19.4,,,10,17.5,10,23.7,10,16.6,10,1910,10
2008-06-19T20:00+00:00,5917,0,0,250,10,268,10,2.2,10,3.6,10,992.1,10,,,55,10,0.0,10,0,10,,,0.0,10,19.9,,,10,19.4,,,10,17.6,10,22.0,10,15.0,10,2056,10
2008-06-19T21:00+00:00,5917,0,0,278,10,282,10,3.0,10,4.4,10,992.2,10,,,60,10,0.0,10,0,10,,,0.0,10,19.6,,,10,19.3,,,10,17.6,10,20.8,10,14.7,10,2140,10
2008-06-19T22:00+00:00,5917,0,0,281,10,280,10,2.9,10,3.9,10,992.5,10,,,62,10,0.0,10,2,10,,,0.0,10,19.3,,,10,19.2,,,10,17.7,10,20.2,10,14.1,10,2300,10
2008-06-19T23:00+00:00,5917,0,0,257,10,249,10,2.6,10,3.5,10,992.7,10,,,67,10,0.0,10,0,10,,,0.0,10,19.0,,,10,19.1,,,10,17.7,10,19.0,10,13.7,10,2349,10
2008-06-20T00:00+00:00,5917,0,0,272,10,278,10,2.5,10,3.7,10,992.9,10,,,68,10,0.0,10,0,10,,,0.0,10,18.8,,,10,19.0,,,10,17.7,10,18.6,10,13.5,10,8,10
2008-06-20T01:00+00:00,5917,0,0,278,10,293,10,2.2,10,3.1,10,993.1,10,,,72,10,0.0,10,0,10,,,0.0,10,18.5,,,10,18.8,,,10,17.7,10,18.0,10,12.9,10,140,10
2008-06-20T02:00+00:00,5917,0,0,275,10,282,10,2.0,10,2.7,10,993.3,10,,,76,10,0.0,10,0,10,,,0.0,10,18.3,,,10,18.7,,,10,17.7,10,17.4,10,12.4,10,204,10
2008-06-20T03:00+00:00,5917,0,0,266,10,267,10,2.0,10,3.2,10,993.3,10,,,80,10,0.0,10,0,10,,,0.0,10,18.1,,,10,18.6,,,10,17.7,10,16.9,10,12.1,10,311,10
2008-06-20T04:00+00:00,5917,31,0,282,10,286,10,2.2,10,3.9,10,993.7,10,,,78,10,0.0,10,0,10,,,0.5,10,18.0,,,10,18.4,,,10,17.7,10,18.4,10,12.1,10,456,10
2008-06-20T05:00+00:00,5917,152,0,261,10,287,10,1.1,10,4.1,10,994.3,10,,,82,10,0.0,10,0,10,,,1.0,10,17.9,,,10,18.3,,,10,17.7,10,19.1,10,14.5,10,505,10
2008-06-20T06:00+00:00,5917,310,0,257,10,278,10,0.7,10,3.2,10,994.6,10,,,68,10,0.0,10,0,10,,,1.0,10,17.9,,,10,18.2,,,10,17.7,10,22.6,10,17.0,10,656,10
2008-06-20T07:00+00:00,5917,481,0,288,10,298,10,3.6,10,7.6,10,994.8,10,,,55,10,0.0,10,0,10,,,1.0,10,18.0,,,10,18.1,,,10,17.7,10,24.1,10,21.4,10,729,10
2008-06-20T08:00+00:00,5917,513,0,284,10,285,10,3.5,10,6.9,10,995.3,10,,,54,10,0.0,10,0,10,,,0.8,10,18.3,,,10,18.1,,,10,17.7,10,24.5,10,24.4,10,827,10
2008-06-20T09:00+00:00,5917,401,0,282,10,285,10,4.4,10,8.4,10,995.5,10,,,54,10,0.0,10,0,10,,,0.0,10,18.5,,,10,18.1,,,10,17.7,10,24.1,10,25.6,10,928,10
2008-06-20T10:00+00:00,5917,775,0,284,10,259,10,5.0,10,11.9,10,995.5,10,,,45,10,0.0,10,0,10,,,1.0,10,18.7,,,10,18.2,,,10,17.7,10,26.0,10,25.7,10,1059,10
2008-06-20T11:00+00:00,5917,908,0,280,10,288,10,6.2,10,12.0,10,995.2,10,,,45,10,0.0,10,0,10,,,1.0,10,19.0,,,10,18.3,,,10,17.7,10,26.6,10,33.5,10,1114,10
2008-06-20T12:00+00:00,5917,894,0,273,10,302,10,6.1,10,12.4,10,994.7,10,,,45,10,0.0,10,0,10,,,1.0,10,19.5,,,10,18.5,,,10,17.6,10,27.3,10,37.6,10,1229,10
2008-06-20T13:00+00:00,5917,754,0,275,10,285,10,6.3,10,13.9,10,994.5,10,,,46,10,0.0,10,0,10,,,1.0,10,19.9,,,10,18.7,,,10,17.6,10,27.3,10,36.2,10,1322,10
2008-06-20T14:00+00:00,5917,585,0,275,10,261,10,5.9,10,10.5,10,994.2,10,,,45,10,0.0,10,0,10,,,1.0,10,20.3,,,10,18.9,,,10,17.7,10,27.3,10,32.1,10,1458,10
2008-06-20T15:00+00:00,5917,549,0,275,10,263,10,5.4,10,10.6,10,994.1,10,,,45,10,0.0,10,0,10,,,1.0,10,20.5,,,10,19.1,,,10,17.7,10,27.6,10,30.5,10,1559,10
2008-06-20T16:00+00:00,5917,402,0,276,10,281,10,5.3,10,10.2,10,994.2,10,,,45,10,0.0,10,0,10,,,1.0,10,20.6,,,10,19.3,,,10,17.7,10,27.0,10,28.3,10,1655,10
2008-06-20T17:00+00:00,5917,295,0,276,10,287,10,4.4,10,8.2,10,994.2,10,,,46,10,0.0,10,0,10,,,1.0,10,20.6,,,10,19.4,,,10,17.7,10,26.4,10,26.2,10,1709,10
2008-06-20T18:00+00:00,5917,129,0,277,10,281,10,3.5,10,6.9,10,994.5,10,,,49,10,0.0,10,0,10,,,0.9,10,20.4,,,10,19.5,,,10,17.8,10,25.3,10,22.0,10,1813,10
2008-06-20T19:00+00:00,5917,25,0,255,10,260,10,2.2,10,3.6,10,994.7,10,,,51,10,0.0,10,0,10,,,0.4,10,20.2,,,10,19.5,,,10,17.8,10,24.0,10,18.3,10,1905,10
2008-06-20T20:00+00:00,5917,0,0,254,10,264,10,2.2,10,3.7,10,995.5,10,,,54,10,0.0,10,0,10,,,0.0,10,19.9,,,10,19.5,,,10,17.9,10,23.1,10,17.3,10,2030,10
2008-06-20T21:00+00:00,5917,0,0,275,10,356,10,0.7,10,2.6,10,996.0,10,,,62,10,0.0,10,0,10,,,0.0,10,19.7,,,10,19.4,,,10,17.9,10,21.5,10,16.0,10,2149,10
2008-06-20T22:00+00:00,5917,0,0,289,10,296,10,2.0,10,3.2,10,996.5,10,,,63,10,0.0,10,0,10,,,0.0,10,19.5,,,10,19.4,,,10,17.9,10,21.2,10,15.9,10,2241,10
2008-06-20T23:00+00:00,5917,0,0,295,10,304,10,2.3,10,3.3,10,996.0,10,,,71,10,0.0,10,0,10,,,0.0,10,19.3,,,10,19.3,,,10,17.9,10,19.8,10,14.2,10,2326,10
2008-06-21T00:00+00:00,5917,0,0,290,10,292,10,2.5,10,3.9,10,996.0,10,,,77,10,0.0,10,0,10,,,0.0,10,19.0,,,10,19.2,,,10,18.0,10,18.7,10,13.6,10,50,10
2008-06-21T01:00+00:00,5917,0,0,298,10,307,10,2.8,10,4.0,10,996.2,10,,,79,10,0.0,10,0,10,,,0.0,10,18.8,,,10,19.1,,,10,18.0,10,18.3,10,13.6,10,129,10
2008-06-21T02:00+00:00,5917,0,0,288,10,299,10,2.6,10,3.5,10,996.4,10,,,84,10,0.0,10,0,10,,,0.0,10,18.6,,,10,19.0,,,10,18.0,10,17.3,10,13.3,10,213,10
2008-06-21T03:00+00:00,5917,0,0,271,10,287,10,2.0,10,3.4,10,996.4,10,,,85,10,0.0,10,0,10,,,0.0,10,18.4,,,10,18.8,,,10,18.0,10,17.3,10,13.6,10,325,10
2008-06-21T04:00+00:00,5917,12,0,230,10,281,10,1.2,10,3.3,10,997.0,10,,,86,10,0.0,10,0,10,,,0.0,10,18.3,,,10,18.7,,,10,18.0,10,17.0,10,14.3,10,411,10
2008-06-21T05:00+00:00,5917,90,0,225,10,253,10,1.2,10,2.6,10,997.4,10,,,88,10,0.0,10,0,10,,,0.3,10,18.3,,,10,18.6,,,10,18.0,10,17.3,10,15.5,10,524,10
2008-06-21T06:00+00:00,5917,173,0,251,10,281,10,1.2,10,2.4,10,997.7,10,,,82,10,0.0,10,0,10,,,0.4,10,18.3,,,10,18.5,,,10,18.0,10,19.4,10,17.0,10,622,10
2008-06-21T07:00+00:00,5917,356,0,285,10,330,10,0.3,10,2.1,10,997.5,10,,,70,10,0.0,10,0,10,,,0.6,10,18.4,,,10,18.5,,,10,18.0,10,22.4,10,20.1,10,745,10
2008-06-21T08:00+00:00,5917,612,0,53,10,111,10,0.1,10,2.5,10,997.6,10,,,59,10,0.0,10,0,10,,,1.0,10,18.6,,,10,18.5,,,10,18.0,10,24.8,10,24.1,10,833,10
2008-06-21T09:00+00:00,5917,678,0,107,10,125,10,0.8,10,3.3,10,997.5,10,,,52,10,0.0,10,0,10,,,1.0,10,18.8,,,10,18.5,,,10,17.9,10,25.4,10,24.5,10,942,10
2008-06-21T10:00+00:00,5917,862,0,137,10,126,10,1.3,10,4.4,10,997.4,10,,,48,10,0.0,10,0,10,,,1.0,10,19.1,,,10,18.5,,,10,17.9,10,26.6,10,31.7,10,1045,10
2008-06-21T11:00+00:00,5917,909,0,183,10,144,10,0.3,10,3.9,10,996.8,10,,,47,10,0.0,10,0,10,,,1.0,10,19.5,,,10,18.6,,,10,17.9,10,27.4,10,40.0,10,1200,10
2008-06-21T12:00+00:00,5917,917,0,281,10,268,10,0.7,10,5.7,10,996.4,10,,,45,10,0.0,10,0,10,,,1.0,10,20.2,,,10,18.8,,,10,17.9,10,28.6,10,43.3,10,1236,10
2008-06-21T13:00+00:00,5917,721,0,219,10,254,10,1.7,10,5.6,10,996.2,10,,,46,10,0.0,10,0,10,,,0.8,10,20.8,,,10,19.0,,,10,17.9,10,29.1,10,38.8,10,1306,10
2008-06-21T14:00+00:00,5917,711,0,266,10,300,10,3.1,10,9.0,10,995.9,10,,,41,10,0.0,10,0,10,,,1.0,10,21.4,,,10,19.3,,,10,17.9,10,29.4,10,39.5,10,1452,10
2008-06-21T15:00+00:00,5917,606,0,278,10,285,10,4.7,10,10.7,10,995.6,10,,,40,10,0.0,10,1,10,,,0.9,10,21.7,,,10,19.6,,,10,17.9,10,29.8,10,35.5,10,1540,10
2008-06-21T16:00+00:00,5917,461,0,264,10,292,10,3.2,10,6.9,10,995.5,10,,,39,10,0.0,10,0,10,,,1.0,10,22.0,,,10,19.9,,,10,18.0,10,30.2,10,36.0,10,1601,10
2008-06-21T17:00+00:00,5917,242,0,277,10,257,10,0.7,10,6.0,10,995.7,10,,,49,10,0.0,10,0,10,,,0.8,10,22.0,,,10,20.1,,,10,18.0,10,27.9,10,29.6,10,1703,10
2008-06-21T18:00+00:00,5917,81,0,133,10,187,10,1.4,10,7.3,10,995.8,10,,,62,10,0.0,10,0,10,,,0.4,10,21.7,,,10,20.2,,,10,18.0,10,25.9,10,25.1,10,1833,10
2008-06-21T19:00+00:00,5917,21,0,168,10,161,10,1.6,10,3.4,10,995.8,10,,,71,10,0.0,10,0,10,,,0.3,10,21.4,,,10,20.2,,,10,18.1,10,24.3,10,20.4,10,2000,10
2008-06-21T20:00+00:00,5917,0,0,175,10,169,10,1.3,10,2.7,10,996.4,10,,,75,10,0.0,10,0,10,,,0.0,10,21.1,,,10,20.2,,,10,18.1,10,23.4,10,17.1,10,2026,10
2008-06-21T21:00+00:00,5917,0,0,119,10,138,10,1.2,10,2.5,10,996.7,10,,,81,10,0.0,10,0,10,,,0.0,10,20.7,,,10,20.2,,,10,18.2,10,22.0,10,17.0,10,2143,10
2008-06-21T22:00+00:00,5917,0,0,147,10,151,10,1.0,10,2.6,10,996.7,10,,,85,10,0.0,10,0,10,,,0.0,10,20.4,,,10,20.1,,,10,18.3,10,21.1,10,15.2,10,2203,10
2008-06-21T23:00+00:00,5917,0,0,181,10,138,10,1.0,10,2.5,10,996.8,10,,,89,10,0.0,10,0,10,,,0.0,10,20.1,,,10,20.0,,,10,18.3,10,19.9,10,14.6,10,2302,10
2008-06-22T00:00+00:00,5917,0,0,303,10,326,10,0.9,10,2.5,10,996.9,10,,,92,10,0.0,10,0,10,,,0.0,10,19.8,,,10,19.9,,,10,18.3,10,18.8,10,14.3,10,28,10
2008-06-22T01:00+00:00,5917,0,0,15,10,16,10,1.1,10,2.8,10,996.9,10,,,90,10,0.0,10,0,10,,,0.0,10,19.5,,,10,19.7,,,10,18.4,10,19.1,10,13.4,10,147,10
2008-06-22T02:00+00:00,5917,0,0,5,10,13,10,1.7,10,2.8,10,996.7,10,,,88,10,0.0,10,0,10,,,0.0,10,19.3,,,10,19.6,,,10,18.4,10,18.4,10,13.7,10,213,10
2008-06-22T03:00+00:00,5917,0,0,34,10,26,10,0.9,10,3.1,10,996.7,10,,,90,10,0.0,10,0,10,,,0.0,10,19.1,,,10,19.5,,,10,18.4,10,17.8,10,13.4,10,353,10
2008-06-22T04:00+00:00,5917,31,0,28,10,22,10,1.2,10,3.0,10,996.7,10,,,89,10,0.0,10,0,10,,,0.5,10,18.9,,,10,19.3,,,10,18.4,10,18.4,10,13.6,10,403,10
2008-06-22T05:00+00:00,5917,146,0,21,10,7,10,1.1,10,2.6,10,996.8,10,,,81,10,0.0,10,0,10,,,1.0,10,18.9,,,10,19.2,,,10,18.4,10,20.3,10,15.3,10,556,10
2008-06-22T06:00+00:00,5917,303,0,29,10,11,10,1.5,10,3.0,10,996.7,10,,,73,10,0.0,10,0,10,,,1.0,10,19.0,,,10,19.1,,,10,18.4,10,21.7,10,20.0,10,700,10
2008-06-22T07:00+00:00,5917,467,0,88,10,72,10,1.0,10,2.7,10,996.6,10,,,69,10,0.0,10,0,10,,,1.0,10,19.3,,,10,19.1,,,10,18.4,10,22.8,10,27.5,10,747,10
2008-06-22T08:00+00:00,5917,621,0,99,10,55,10,1.0,10,3.0,10,996.5,10,,,68,10,0.0,10,0,10,,,1.0,10,19.6,,,10,19.1,,,10,18.4,10,24.4,10,26.7,10,858,10
2008-06-22T09:00+00:00,5917,755,0,66,10,144,10,1.1,10,3.9,10,996.3,10,,,66,10,0.0,10,0,10,,,1.0,10,19.8,,,10,19.1,,,10,18.3,10,25.7,10,27.0,10,929,10
2008-06-22T10:00+00:00,5917,829,0,76,10,93,10,1.5,10,4.7,10,995.9,10,,,64,10,0.0,10,0,10,,,1.0,10,20.1,,,10,19.2,,,10,18.3,10,26.9,10,33.9,10,1019,10
2008-06-22T11:00+00:00,5917,853,0,122,10,139,10,1.3,10,4.9,10,995.6,10,,,61,10,0.0,10,0,10,,,1.0,10,20.8,,,10,19.4,,,10,18.3,10,28.7,10,43.1,10,1118,10
2008-06-22T12:00+00:00,5917,870,0,139,10,174,10,2.2,10,6.4,10,994.8,10,,,59,10,0.0,10,0,10,,,1.0,10,21.6,,,10,19.6,,,10,18.3,10,29.5,10,43.5,10,1256,10
2008-06-22T13:00+00:00,5917,829,0,158,10,183,10,2.7,10,6.3,10,994.3,10,,,53,10,0.0,10,0,10,,,1.0,10,22.4,,,10,19.9,,,10,18.3,10,31.0,10,44.3,10,1355,10
2008-06-22T14:00+00:00,5917,736,0,154,10,150,10,3.0,10,7.3,10,993.6,10,,,46,10,0.0,10,0,10,,,1.0,10,23.0,,,10,20.2,,,10,18.3,10,32.1,10,41.5,10,1459,10
2008-06-22T15:00+00:00,5917,606,0,165,10,159,10,4.4,10,8.2,10,993.4,10,,,46,10,0.0,10,0,10,,,1.0,10,23.2,,,10,20.6,,,10,18.4,10,31.7,10,35.4,10,1519,10
2008-06-22T16:00+00:00,5917,443,0,172,10,189,10,4.4,10,8.1,10,993.2,10,,,48,10,0.0,10,0,10,,,1.0,10,23.3,,,10,20.9,,,10,18.4,10,31.5,10,35.3,10,1634,10
2008-06-22T17:00+00:00,5917,273,0,166,10,171,10,3.9,10,6.6,10,992.9,10,,,52,10,0.0,10,0,10,,,1.0,10,23.3,,,10,21.1,,,10,18.4,10,30.5,10,32.0,10,1729,10
2008-06-22T18:00+00:00,5917,123,0,167,10,160,10,4.1,10,7.0,10,992.6,10,,,61,10,0.0,10,0,10,,,1.0,10,23.0,,,10,21.2,,,10,18.5,10,28.3,10,27.9,10,1823,10
2008-06-22T19:00+00:00,5917,22,0,170,10,169,10,3.1,10,4.9,10,992.4,10,,,73,10,0.0,10,0,10,,,0.3,10,22.7,,,10,21.2,,,10,18.6,10,25.8,10,22.7,10,2000,10
2008-06-22T20:00+00:00,5917,0,0,173,10,164,10,3.3,10,5.3,10,992.4,10,,,81,10,0.0,10,0,10,,,0.0,10,22.3,,,10,21.2,,,10,18.7,10,24.0,10,21.3,10,2049,10
2008-06-22T21:00+00:00,5917,0,0,174,10,177,10,2.8,10,4.8,10,992.5,10,,,85,10,0.0,10,0,10,,,0.0,10,22.0,,,10,21.1,,,10,18.7,10,23.0,10,20.0,10,2154,10
2008-06-22T22:00+00:00,5917,0,0,194,10,202,10,2.7,10,5.0,10,992.4,10,,,88,10,0.0,10,0,10,,,0.0,10,21.6,,,10,21.0,,,10,18.8,10,23.0,10,18.9,10,2257,10
2008-06-22T23:00+00:00,5917,0,0,186,10,189,10,3.0,10,4.6,10,992.3,10,,,91,10,0.0,10,0,10,,,0.0,10,21.4,,,10,20.9,,,10,18.8,10,22.1,10,19.6,10,2342,10
2008-06-23T00:00+00:00,5917,0,0,190,10,187,10,2.5,10,4.1,10,992.1,10,,,93,10,0.0,10,0,10,,,0.0,10,21.1,,,10,20.8,,,10,18.8,10,21.2,10,18.4,10,18,10
2008-06-23T01:00+00:00,5917,0,0,200,10,203,10,1.3,10,2.9,10,992.1,10,,,94,10,0.0,10,0,10,,,0.0,10,20.9,,,10,20.7,,,10,18.9,10,20.6,10,16.4,10,102,10
2008-06-23T02:00+00:00,5917,0,0,241,10,304,10,0.7,10,2.7,10,991.9,10,,,96,10,0.0,10,0,10,,,0.0,10,20.6,,,10,20.6,,,10,18.9,10,19.9,10,16.5,10,240,10
2008-06-23T03:00+00:00,5917,0,0,269,10,321,10,0.3,10,1.9,10,992.2,10,,,92,10,0.0,10,0,10,,,0.0,10,20.4,,,10,20.4,,,10,18.9,10,20.5,10,16.8,10,301,10
2008-06-23T04:00+00:00,5917,24,0,24,10,48,10,1.1,10,2.8,10,992.2,10,,,92,10,0.0,10,0,10,,,0.0,10,20.3,,,10,20.3,,,10,18.9,10,21.1,10,16.6,10,443,10
2008-06-23T05:00+00:00,5917,158,0,152,10,35,10,0.7,10,2.7,10,992.9,10,,,87,10,0.0,10,0,10,,,0.9,10,20.2,,,10,20.2,,,10,18.9,10,22.2,10,19.1,10,502,10
2008-06-23T06:00+00:00,5917,173,0,269,10,299,10,0.4,10,1.8,10,993.5,10,,,81,10,0.0,10,0,10,,,0.4,10,20.4,,,10,20.1,,,10,18.9,10,23.8,10,24.9,10,651,10
2008-06-23T07:00+00:00,5917,265,0,307,10,320,10,2.1,10,9.8,10,994.3,10,,,58,10,0.0,10,0,10,,,0.1,10,20.5,,,10,20.1,,,10,18.9,10,26.5,10,27.2,10,759,10
2008-06-23T08:00+00:00,5917,396,0,297,10,305,10,4.8,10,9.9,10,994.2,10,,,59,10,0.0,10,0,10,,,0.4,10,20.7,,,10,20.1,,,10,18.9,10,25.8,10,27.6,10,805,10
2008-06-23T09:00+00:00,5917,440,0,285,10,299,10,3.0,10,8.0,10,994.3,10,,,52,10,0.0,10,0,10,,,0.4,10,20.9,,,10,20.1,,,10,18.9,10,28.2,10,27.2,10,901,10
2008-06-23T10:00+00:00,5917,849,0,267,10,289,10,3.8,10,7.6,10,994.1,10,,,47,10,0.0,10,0,10,,,0.8,10,21.2,,,10,20.2,,,10,18.9,10,29.9,10,37.9,10,1033,10
2008-06-23T11:00+00:00,5917,736,0,298,10,328,10,2.7,10,7.5,10,993.7,10,,,46,10,0.0,10,0,10,,,0.7,10,21.7,,,10,20.3,,,10,18.9,10,30.4,10,39.0,10,1147,10
2008-06-23T12:00+00:00,5917,401,0,298,10,300,10,4.4,10,10.5,10,993.6,10,,,48,10,0.0,10,0,10,,,0.1,10,21.9,,,10,20.4,,,10,18.9,10,28.5,10,32.8,10,1209,10
2008-06-23T13:00+00:00,5917,724,0,293,10,285,10,4.8,10,11.3,10,993.3,10,,,44,10,0.0,10,0,10,,,0.8,10,22.3,,,10,20.6,,,10,18.9,10,30.3,10,36.8,10,1321,10
2008-06-23T14:00+00:00,5917,745,0,291,10,284,10,4.0,10,9.7,10,992.7,10,,,41,10,0.0,10,0,10,,,1.0,10,22.8,,,10,20.8,,,10,18.9,10,31.6,10,42.6,10,1440,10
2008-06-23T15:00+00:00,5917,526,0,283,10,289,10,4.4,10,8.7,10,992.5,10,,,42,10,0.0,10,0,10,,,0.9,10,23.1,,,10,21.0,,,10,18.9,10,31.2,10,36.5,10,1506,10
2008-06-23T16:00+00:00,5917,310,0,286,10,290,10,2.9,10,6.1,10,992.1,10,,,43,10,0.0,10,0,10,,,0.7,10,23.2,,,10,21.2,,,10,19.0,10,31.4,10,32.5,10,1700,10
2008-06-23T17:00+00:00,5917,233,0,272,10,303,10,1.8,10,5.3,10,991.6,10,,,44,10,0.0,10,0,10,,,1.0,10,23.2,,,10,21.3,,,10,19.0,10,31.7,10,33.2,10,1706,10
2008-06-23T18:00+00:00,5917,92,0,203,10,211,10,3.9,10,9.1,10,992.1,10,,,50,10,0.0,10,0,10,,,0.4,10,23.0,,,10,21.4,,,10,19.0,10,27.9,10,27.1,10,1826,10
2008-06-23T19:00+00:00,5917,16,0,206,10,211,10,5.2,10,8.8,10,992.5,10,,,53,10,0.0,10,0,10,,,0.0,10,22.7,,,10,21.5,,,10,19.1,10,27.0,10,25.5,10,1908,10
2008-06-23T20:00+00:00,5917,0,0,210,10,196,10,3.8,10,7.6,10,992.9,10,,,55,10,0.0,10,2,10,,,0.0,10,22.4,,,10,21.4,,,10,19.1,10,26.2,10,24.4,10,2008,10
2008-06-23T21:00+00:00,5917,0,0,197,10,248,10,2.9,10,16.5,10,993.3,10,,,84,10,7.2,10,14,10,,,0.0,10,21.7,,,10,21.4,,,10,19.2,10,22.7,10,16.9,10,2106,10
2008-06-23T22:00+00:00,5917,0,0,237,10,231,10,3.0,10,7.0,10,993.8,10,,,76,10,0.0,10,0,10,,,0.0,10,21.5,,,10,21.2,,,10,19.2,10,23.1,10,19.5,10,2225,10
2008-06-23T23:00+00:00,5917,0,0,175,10,171,10,1.3,10,2.7,10,994.1,10,,,73,10,0.0,10,0,10,,,0.0,10,21.3,,,10,21.1,,,10,19.2,10,22.2,10,18.8,10,2359,10
2008-06-24T00:00+00:00,5917,0,0,182,10,184,10,2.1,10,4.3,10,993.6,10,,,82,10,0.0,10,0,10,,,0.0,10,21.1,,,10,21.0,,,10,19.3,10,20.5,10,17.6,10,17,10
2008-06-24T01:00+00:00,5917,0,0,221,10,174,10,0.6,10,2.9,10,993.4,10,,,84,10,0.0,10,0,10,,,0.0,10,20.8,,,10,20.9,,,10,19.3,10,20.0,10,16.8,10,116,10
2008-06-24T02:00+00:00,5917,0,0,286,10,301,10,1.7,10,5.0,10,993.5,10,,,81,10,0.0,10,0,10,,,0.0,10,20.6,,,10,20.7,,,10,19.3,10,19.8,10,16.1,10,258,10
2008-06-24T03:00+00:00,5917,0,0,297,10,303,10,3.1,10,5.0,10,993.2,10,,,79,10,0.0,10,0,10,,,0.0,10,20.4,,,10,20.6,,,10,19.3,10,19.8,10,16.2,10,337,10
2008-06-24T04:00+00:00,5917,27,0,273,10,303,10,0.9,10,4.2,10,993.4,10,,,74,10,0.0,10,0,10,,,0.2,10,20.2,,,10,20.5,,,10,19.3,10,20.6,10,16.2,10,403,10
2008-06-24T05:00+00:00,5917,137,0,238,10,271,10,1.9,10,4.0,10,993.7,10,,,73,10,0.0,10,0,10,,,1.0,10,20.1,,,10,20.3,,,10,19.3,10,21.8,10,17.2,10,517,10
2008-06-24T06:00+00:00,5917,297,0,279,10,286,10,2.1,10,6.5,10,994.1,10,,,66,10,0.0,10,0,10,,,1.0,10,20.2,,,10,20.2,,,10,19.3,10,23.8,10,22.7,10,654,10
2008-06-24T07:00+00:00,5917,439,0,309,10,308,10,2.2,10,7.5,10,993.6,10,,,63,10,0.0,10,0,10,,,0.9,10,20.4,,,10,20.2,,,10,19.3,10,24.6,10,27.8,10,715,10
2008-06-24T08:00+00:00,5917,375,0,321,10,339,10,1.6,10,5.0,10,993.8,10,,,63,10,0.0,10,0,10,,,0.4,10,20.6,,,10,20.2,,,10,19.2,10,25.4,10,29.1,10,855,10
2008-06-24T09:00+00:00,5917,778,0,329,10,333,10,2.1,10,5.6,10,993.6,10,,,58,10,0.0,10,0,10,,,1.0,10,20.9,,,10,20.2,,,10,19.2,10,27.2,10,29.2,10,1000,10
2008-06-24T10:00+00:00,5917,834,0,8,10,50,10,1.2,10,5.1,10,993.3,10,,,58,10,0.0,10,0,10,,,1.0,10,21.1,,,10,20.3,,,10,19.2,10,27.8,10,33.9,10,1054,10
2008-06-24T11:00+00:00,5917,864,0,35,10,40,10,2.3,10,5.3,10,993.2,10,,,57,10,0.0,10,0,10,,,1.0,10,21.7,,,10,20.4,,,10,19.2,10,28.2,10,40.8,10,1111,10
2008-06-24T12:00+00:00,5917,814,0,64,10,74,10,2.2,10,6.0,10,992.6,10,,,57,10,0.0,10,0,10,,,1.0,10,22.6,,,10,20.6,,,10,19.2,10,28.5,10,40.4,10,1251,10
2008-06-24T13:00+00:00,5917,760,0,59,10,85,10,2.4,10,5.9,10,991.9,10,,,54,10,0.0,10,0,10,,,0.9,10,23.3,,,10,20.9,,,10,19.2,10,28.6,10,37.8,10,1309,10
2008-06-24T14:00+00:00,5917,87,0,42,10,331,10,2.1,10,11.7,10,992.9,10,,,95,10,8.5,10,25,10,,,0.0,10,23.3,,,10,21.3,,,10,19.2,10,21.9,10,20.8,10,1456,10
2008-06-24T15:00+00:00,5917,19,0,308,10,312,10,3.6,10,13.9,10,994.4,10,,,95,10,9.4,10,57,10,,,0.0,10,22.7,,,10,21.5,,,10,19.2,10,19.2,10,18.1,10,1526,10
2008-06-24T16:00+00:00,5917,108,0,319,10,275,10,1.3,10,4.7,10,994.3,10,,,92,10,0.0,10,5,10,,,0.0,10,22.4,,,10,21.6,,,10,19.3,10,20.7,10,19.4,10,1646,10
2008-06-24T17:00+00:00,5917,178,0,230,10,199,10,0.8,10,3.5,10,993.7,10,,,89,10,0.0,10,6,10,,,0.3,10,22.2,,,10,21.6,,,10,19.3,10,21.6,10,21.7,10,1739,10
2008-06-24T18:00+00:00,5917,138,0,260,10,227,10,1.3,10,3.3,10,993.6,10,,,91,10,0.0,10,0,10,,,1.0,10,22.1,,,10,21.5,,,10,19.4,10,21.9,10,21.1,10,1831,10
2008-06-24T19:00+00:00,5917,25,0,358,10,21,10,1.0,10,3.3,10,993.8,10,,,93,10,0.0,10,0,10,,,0.4,10,21.9,,,10,21.5,,,10,19.4,10,20.6,10,18.4,10,1936,10
2008-06-24T20:00+00:00,5917,0,0,86,10,82,10,1.3,10,2.5,10,994.2,10,,,94,10,0.0,10,0,10,,,0.0,10,21.6,,,10,21.4,,,10,19.5,10,19.8,10,17.5,10,2034,10
2008-06-24T21:00+00:00,5917,0,0,327,10,331,10,0.9,10,2.7,10,994.4,10,,,96,10,0.0,10,0,10,,,0.0,10,21.4,,,10,21.3,,,10,19.5,10,19.1,10,16.1,10,2134,10
2008-06-24T22:00+00:00,5917,0,0,208,10,201,10,1.3,10,2.9,10,994.4,10,,,95,10,0.0,10,0,10,,,0.0,10,21.1,,,10,21.2,,,10,19.5,10,18.5,10,16.1,10,2240,10
2008-06-24T23:00+00:00,5917,0,0,224,10,201,10,0.8,10,2.1,10,994.3,10,,,95,10,0.0,10,0,10,,,0.0,10,20.9,,,10,21.1,,,10,19.5,10,18.2,10,15.2,10,2323,10
2008-06-25T00:00+00:00,5917,0,0,45,10,54,10,1.2,10,2.6,10,994.7,10,,,95,10,0.1,10,1,10,,,0.0,10,20.6,,,10,20.9,,,10,19.5,10,18.1,10,15.3,10,39,10
2008-06-25T01:00+00:00,5917,0,0,71,10,87,10,1.1,10,2.6,10,994.4,10,,,94,10,0.0,10,0,10,,,0.0,10,20.5,,,10,20.8,,,10,19.6,10,18.3,10,16.6,10,104,10
2008-06-25T02:00+00:00,5917,0,0,227,10,172,10,0.5,10,1.2,10,994.3,10,,,94,10,0.0,10,0,10,,,0.0,10,20.3,,,10,20.7,,,10,19.6,10,17.8,10,14.4,10,214,10
2008-06-25T03:00+00:00,5917,0,0,286,10,291,10,0.8,10,1.8,10,994.1,10,,,94,10,0.0,10,0,10,,,0.0,10,20.1,,,10,20.5,,,10,19.5,10,17.6,10,14.2,10,323,10
2008-06-25T04:00+00:00,5917,33,0,244,10,239,10,0.4,10,1.5,10,994.2,10,,,94,10,0.0,10,0,10,,,0.1,10,19.9,,,10,20.4,,,10,19.5,10,17.5,10,14.3,10,455,10
2008-06-25T05:00+00:00,5917,125,0,250,10,279,10,0.1,10,2.0,10,994.3,10,,,93,10,0.0,10,3,10,,,0.8,10,19.9,,,10,20.3,,,10,19.5,10,18.4,10,16.6,10,524,10
2008-06-25T06:00+00:00,5917,163,0,173,10,180,10,1.0,10,2.9,10,994.5,10,,,93,10,0.0,10,0,10,,,0.0,10,19.9,,,10,20.2,,,10,19.5,10,18.9,10,19.2,10,648,10
2008-06-25T07:00+00:00,5917,363,0,202,10,210,10,1.2,10,3.0,10,994.5,10,,,85,10,0.0,10,0,10,,,0.5,10,20.0,,,10,20.1,,,10,19.5,10,20.9,10,20.7,10,724,10
2008-06-25T08:00+00:00,5917,586,0,139,10,138,10,1.7,10,4.8,10,994.1,10,,,79,10,0.0,10,0,10,,,1.0,10,20.3,,,10,20.1,,,10,19.5,10,22.7,10,22.5,10,823,10
2008-06-25T09:00+00:00,5917,719,0,136,10,132,10,2.8,10,5.7,10,994.0,10,,,74,10,0.0,10,0,10,,,1.0,10,20.6,,,10,20.2,,,10,19.5,10,24.1,10,26.2,10,948,10
2008-06-25T10:00+00:00,5917,789,0,135,10,122,10,3.4,10,7.4,10,993.4,10,,,67,10,0.0,10,0,10,,,1.0,10,20.9,,,10,20.2,,,10,19.4,10,25.2,10,31.6,10,1059,10
2008-06-25T11:00+00:00,5917,866,0,133,10,136,10,4.4,10,8.6,10,992.7,10,,,57,10,0.0,10,0,10,,,1.0,10,21.5,,,10,20.4,,,10,19.4,10,26.7,10,35.6,10,1141,10
2008-06-25T12:00+00:00,5917,855,0,143,10,129,10,4.1,10,7.6,10,992.2,10,,,59,10,0.0,10,0,10,,,1.0,10,22.2,,,10,20.6,,,10,19.4,10,27.7,10,36.9,10,1255,10
2008-06-25T13:00+00:00,5917,800,0,147,10,132,10,3.7,10,8.0,10,991.3,10,,,55,10,0.0,10,0,10,,,1.0,10,22.8,,,10,20.9,,,10,19.4,10,28.2,10,37.5,10,1353,10
2008-06-25T14:00+00:00,5917,701,0,132,10,137,10,5.1,10,8.8,10,990.4,10,,,55,10,0.0,10,0,10,,,1.0,10,23.3,,,10,21.2,,,10,19.4,10,29.4,10,35.6,10,1459,10
2008-06-25T15:00+00:00,5917,565,0,132,10,135,10,5.5,10,9.8,10,989.7,10,,,56,10,0.0,10,0,10,,,1.0,10,23.5,,,10,21.5,,,10,19.4,10,29.4,10,32.4,10,1517,10
2008-06-25T16:00+00:00,5917,407,0,134,10,140,10,5.4,10,10.1,10,988.9,10,,,59,10,0.0,10,0,10,,,1.0,10,23.6,,,10,21.8,,,10,19.5,10,29.6,10,32.3,10,1653,10
2008-06-25T17:00+00:00,5917,247,0,146,10,137,10,5.2,10,9.2,10,988.6,10,,,62,10,0.0,10,0,10,,,1.0,10,23.5,,,10,22.0,,,10,19.5,10,28.9,10,29.5,10,1732,10
2008-06-25T18:00+00:00,5917,119,0,137,10,145,10,4.1,10,7.8,10,987.6,10,,,68,10,0.0,10,0,10,,,0.7,10,23.4,,,10,22.1,,,10,19.6,10,27.4,10,26.6,10,1811,10
2008-06-25T19:00+00:00,5917,12,0,142,10,138,10,3.9,10,8.0,10,988.1,10,,,71,10,0.0,10,0,10,,,0.0,10,23.2,,,10,22.1,,,10,19.7,10,26.0,10,23.8,10,1905,10
2008-06-25T20:00+00:00,5917,0,0,211,10,227,10,1.2,10,8.5,10,990.7,10,,,87,10,0.9,10,13,10,,,0.0,10,22.9,,,10,22.1,,,10,19.7,10,23.8,10,22.3,10,2053,10
2008-06-25T21:00+00:00,5917,0,0,293,10,280,10,10.4,10,29.9,10,991.5,10,,,72,10,6.8,10,40,10,,,0.0,10,22.6,,,10,22.0,,,10,19.7,10,20.4,10,17.5,10,2121,10
2008-06-25T22:00+00:00,5917,0,0,302,10,311,10,10.0,10,24.5,10,993.7,10,,,85,10,0.7,10,59,10,,,0.0,10,22.2,,,10,21.9,,,10,19.8,10,19.6,10,17.5,10,2300,10
2008-06-25T23:00+00:00,5917,0,0,318,10,315,10,5.8,10,11.7,10,991.5,10,,,82,10,0.6,10,28,10,,,0.0,10,21.8,,,10,21.8,,,10,19.8,10,20.0,10,17.6,10,2310,10
2008-06-26T00:00+00:00,5917,0,0,288,10,314,10,3.3,10,8.3,10,993.1,10,,,81,10,0.0,10,0,10,,,0.0,10,21.6,,,10,21.6,,,10,19.9,10,20.0,10,17.7,10,55,10
2008-06-26T01:00+00:00,5917,0,0,284,10,292,10,3.9,10,7.8,10,993.6,10,,,80,10,0.0,10,0,10,,,0.0,10,21.3,,,10,21.5,,,10,19.9,10,20.4,10,17.7,10,119,10
2008-06-26T02:00+00:00,5917,0,0,255,10,269,10,1.8,10,6.2,10,994.1,10,,,83,10,0.0,10,0,10,,,0.0,10,21.1,,,10,21.3,,,10,19.9,10,20.5,10,17.8,10,237,10
2008-06-26T03:00+00:00,5917,0,0,276,10,290,10,2.9,10,6.6,10,994.8,10,,,80,10,0.0,10,0,10,,,0.0,10,21.0,,,10,21.2,,,10,19.9,10,20.8,10,17.8,10,348,10
2008-06-26T04:00+00:00,5917,22,0,299,10,321,10,3.1,10,7.1,10,994.7,10,,,81,10,0.0,10,0,10,,,0.0,10,20.8,,,10,21.1,,,10,19.9,10,20.6,10,18.3,10,427,10
2008-06-26T05:00+00:00,5917,126,0,295,10,297,10,3.3,10,5.8,10,995.3,10,,,83,10,0.0,10,0,10,,,0.8,10,20.8,,,10,21.0,,,10,19.9,10,21.6,10,18.9,10,519,10
2008-06-26T06:00+00:00,5917,276,0,286,10,291,10,3.2,10,7.1,10,995.4,10,,,77,10,0.0,10,0,10,,,1.0,10,20.8,,,10,20.9,,,10,19.9,10,22.8,10,22.4,10,644,10
2008-06-26T07:00+00:00,5917,324,0,297,10,303,10,3.3,10,6.6,10,995.5,10,,,76,10,0.0,10,0,10,,,0.4,10,20.9,,,10,20.8,,,10,19.9,10,23.2,10,25.1,10,726,10
2008-06-26T08:00+00:00,5917,377,0,310,10,326,10,2.7,10,6.1,10,995.8,10,,,74,10,0.0,10,0,10,,,0.5,10,21.0,,,10,20.8,,,10,19.9,10,24.0,10,25.2,10,820,10
2008-06-26T09:00+00:00,5917,665,0,298,10,298,10,3.1,10,6.9,10,995.7,10,,,66,10,0.0,10,0,10,,,1.0,10,21.2,,,10,20.8,,,10,19.8,10,25.1,10,26.9,10,941,10
2008-06-26T10:00+00:00,5917,582,0,312,10,315,10,2.9,10,6.8,10,995.9,10,,,63,10,0.0,10,0,10,,,0.8,10,21.5,,,10,20.9,,,10,19.8,10,25.5,10,30.3,10,1021,10
2008-06-26T11:00+00:00,5917,618,0,323,10,309,10,2.3,10,5.7,10,995.5,10,,,63,10,0.0,10,0,10,,,0.6,10,21.9,,,10,21.0,,,10,19.8,10,25.9,10,30.9,10,1200,10
2008-06-26T12:00+00:00,5917,399,0,327,10,328,10,2.4,10,5.3,10,995.2,10,,,63,10,0.0,10,0,10,,,0.1,10,22.2,,,10,21.1,,,10,19.8,10,26.6,10,28.8,10,1216,10
2008-06-26T13:00+00:00,5917,764,0,328,10,324,10,2.0,10,5.1,10,994.7,10,,,63,10,0.0,10,0,10,,,0.8,10,22.7,,,10,21.3,,,10,19.8,10,27.1,10,36.4,10,1319,10
2008-06-26T14:00+00:00,5917,469,0,1,10,350,10,2.3,10,5.5,10,994.6,10,,,61,10,0.0,10,0,10,,,0.4,10,23.1,,,10,21.5,,,10,19.8,10,27.1,10,31.9,10,1449,10
2008-06-26T15:00+00:00,5917,333,0,360,10,347,10,3.3,10,6.9,10,994.4,10,,,64,10,0.0,10,0,10,,,0.2,10,23.3,,,10,21.8,,,10,19.8,10,26.1,10,28.6,10,1530,10
2008-06-26T16:00+00:00,5917,113,0,358,10,348,10,4.8,10,9.4,10,995.1,10,,,84,10,0.0,10,0,10,,,0.0,10,23.2,,,10,22.0,,,10,19.9,10,22.3,10,23.8,10,1645,10
2008-06-26T17:00+00:00,5917,104,0,339,10,322,10,3.5,10,6.8,10,994.7,10,,,85,10,0.0,10,7,10,,,0.0,10,23.0,,,10,22.1,,,10,19.9,10,22.4,10,22.6,10,1703,10
2008-06-26T18:00+00:00,5917,22,0,355,10,339,10,1.7,10,3.2,10,994.6,10,,,90,10,0.0,10,0,10,,,0.0,10,22.8,,,10,22.2,,,10,19.9,10,21.8,10,21.3,10,1857,10
2008-06-26T19:00+00:00,5917,0,0,352,10,21,10,2.3,10,5.7,10,994.9,10,,,93,10,4.7,10,40,10,,,0.0,10,22.6,,,10,22.1,,,10,20.0,10,20.4,10,19.7,10,1932,10
2008-06-26T20:00+00:00,5917,0,0,84,10,122,10,0.9,10,7.7,10,995.1,10,,,93,10,6.0,10,50,10,,,0.0,10,22.3,,,10,22.1,,,10,20.0,10,19.5,10,19.1,10,2015,10
2008-06-26T21:00+00:00,5917,0,0,234,10,255,10,1.5,10,5.1,10,995.5,10,,,94,10,0.8,10,51,10,,,0.0,10,22.1,,,10,22.0,,,10,20.1,10,19.5,10,18.8,10,2135,10
2008-06-26T22:00+00:00,5917,0,0,234,10,290,10,2.1,10,6.2,10,996.3,10,,,94,10,4.5,10,60,10,,,0.0,10,21.8,,,10,21.9,,,10,20.1,10,19.1,10,18.7,10,2207,10
2008-06-26T23:00+00:00,5917,0,0,183,10,195,10,1.2,10,3.7,10,995.2,10,,,94,10,2.8,10,54,10,,,0.0,10,21.6,,,10,21.7,,,10,20.1,10,18.7,10,18.4,10,2308,10
2008-06-27T00:00+00:00,5917,0,0,201,10,244,10,1.2,10,3.7,10,995.4,10,,,94,10,2.4,10,55,10,,,0.0,10,21.4,,,10,21.6,,,10,20.1,10,18.5,10,18.3,10,47,10
2008-06-27T01:00+00:00,5917,0,0,203,10,212,10,1.2,10,3.2,10,993.5,10,,,94,10,0.1,10,4,10,,,0.0,10,21.3,,,10,21.5,,,10,20.1,10,18.4,10,17.9,10,132,10
2008-06-27T02:00+00:00,5917,0,0,202,10,227,10,1.7,10,4.5,10,993.3,10,,,94,10,0.0,10,0,10,,,0.0,10,21.1,,,10,21.4,,,10,20.1,10,18.2,10,17.7,10,253,10
2008-06-27T03:00+00:00,5917,0,0,174,10,209,10,1.1,10,3.0,10,993.5,10,,,94,10,0.0,10,0,10,,,0.0,10,21.0,,,10,21.3,,,10,20.1,10,18.1,10,17.4,10,400,10
2008-06-27T04:00+00:00,5917,16,0,202,10,201,10,1.0,10,2.3,10,993.5,10,,,94,10,0.0,10,0,10,,,0.0,10,20.8,,,10,21.2,,,10,20.1,10,18.3,10,17.6,10,421,10
2008-06-27T05:00+00:00,5917,95,0,229,10,143,10,0.4,10,2.1,10,993.8,10,,,94,10,0.0,10,0,10,,,0.0,10,20.8,,,10,21.1,,,10,20.1,10,18.9,10,18.0,10,501,10
2008-06-27T06:00+00:00,5917,232,0,292,10,272,10,1.7,10,6.2,10,994.1,10,,,84,10,0.0,10,0,10,,,1.0,10,20.8,,,10,21.0,,,10,20.1,10,20.4,10,20.4,10,659,10
2008-06-27T07:00+00:00,5917,414,0,281,10,289,10,4.0,10,7.5,10,993.8,10,,,76,10,0.0,10,0,10,,,1.0,10,20.8,,,10,20.9,,,10,20.1,10,21.9,10,22.0,10,704,10
2008-06-27T08:00+00:00,5917,627,0,278,10,263,10,2.5,10,5.2,10,994.1,10,,,64,10,0.0,10,0,10,,,1.0,10,21.0,,,10,20.9,,,10,20.1,10,23.5,10,24.8,10,855,10
2008-06-27T09:00+00:00,5917,692,0,312,10,315,10,2.6,10,6.7,10,993.8,10,,,57,10,0.0,10,0,10,,,0.9,10,21.2,,,10,20.9,,,10,20.1,10,24.3,10,26.6,10,944,10
2008-06-27T10:00+00:00,5917,537,0,290,10,320,10,2.8,10,6.4,10,993.6,10,,,56,10,0.0,10,0,10,,,0.5,10,21.5,,,10,21.0,,,10,20.1,10,24.8,10,27.9,10,1008,10
2008-06-27T11:00+00:00,5917,727,0,304,10,324,10,2.7,10,6.5,10,993.3,10,,,48,10,0.0,10,0,10,,,0.7,10,21.9,,,10,21.1,,,10,20.0,10,25.5,10,32.3,10,1107,10
2008-06-27T12:00+00:00,5917,353,0,283,10,291,10,3.4,10,7.3,10,993.4,10,,,54,10,0.0,10,0,10,,,0.1,10,22.1,,,10,21.3,,,10,20.0,10,24.2,10,25.2,10,1227,10
2008-06-27T13:00+00:00,5917,147,0,277,10,276,10,3.9,10,8.9,10,993.2,10,,,66,10,0.0,10,8,10,,,0.0,10,22.2,,,10,21.4,,,10,20.0,10,23.1,10,21.2,10,1353,10
2008-06-27T14:00+00:00,5917,137,0,246,10,262,10,4.4,10,9.7,10,992.9,10,,,70,10,0.2,10,20,10,,,0.0,10,22.1,,,10,21.6,,,10,20.0,10,22.4,10,20.0,10,1415,10
2008-06-27T15:00+00:00,5917,408,0,244,10,296,10,4.2,10,10.1,10,992.5,10,,,59,10,0.0,10,0,10,,,0.5,10,22.1,,,10,21.6,,,10,20.1,10,25.1,10,21.7,10,1549,10
2008-06-27T16:00+00:00,5917,384,0,278,10,283,10,5.1,10,9.6,10,992.2,10,,,55,10,0.0,10,0,10,,,0.8,10,22.2,,,10,21.6,,,10,20.1,10,24.9,10,27.2,10,1612,10
2008-06-27T17:00+00:00,5917,303,0,280,10,275,10,5.4,10,10.1,10,992.2,10,,,56,10,0.0,10,0,10,,,1.0,10,22.2,,,10,21.7,,,10,20.1,10,24.7,10,25.9,10,1701,10
2008-06-27T18:00+00:00,5917,107,0,282,10,287,10,4.7,10,9.0,10,992.5,10,,,60,10,0.0,10,0,10,,,0.6,10,22.1,,,10,21.7,,,10,20.1,10,23.0,10,20.7,10,1831,10
2008-06-27T19:00+00:00,5917,24,0,245,10,271,10,2.0,10,5.7,10,992.9,10,,,64,10,0.0,10,0,10,,,0.3,10,21.9,,,10,21.7,,,10,20.1,10,22.2,10,18.7,10,1904,10
2008-06-27T20:00+00:00,5917,0,0,253,10,291,10,1.9,10,4.7,10,993.6,10,,,68,10,0.0,10,0,10,,,0.0,10,21.6,,,10,21.6,,,10,20.2,10,21.6,10,17.7,10,2054,10
2008-06-27T21:00+00:00,5917,0,0,304,10,299,10,3.0,10,6.6,10,994.2,10,,,70,10,0.0,10,0,10,,,0.0,10,21.4,,,10,21.5,,,10,20.2,10,21.3,10,18.2,10,2111,10
2008-06-27T22:00+00:00,5917,0,0,305,10,316,10,3.1,10,6.0,10,994.8,10,,,71,10,0.0,10,0,10,,,0.0,10,21.2,,,10,21.5,,,10,20.2,10,20.2,10,17.5,10,2210,10
2008-06-27T23:00+00:00,5917,0,0,317,10,318,10,3.3,10,6.9,10,995.5,10,,,61,10,0.0,10,0,10,,,0.0,10,21.0,,,10,21.3,,,10,20.2,10,19.9,10,16.5,10,2333,10
2008-06-28T00:00+00:00,5917,0,0,300,10,291,10,1.9,10,4.2,10,996.3,10,,,71,10,0.0,10,0,10,,,0.0,10,20.8,,,10,21.2,,,10,20.2,10,18.3,10,13.7,10,56,10
2008-06-28T01:00+00:00,5917,0,0,300,10,309,10,2.5,10,4.3,10,996.6,10,,,74,10,0.0,10,0,10,,,0.0,10,20.5,,,10,21.1,,,10,20.2,10,17.7,10,14.3,10,114,10
2008-06-28T02:00+00:00,5917,0,0,304,10,307,10,2.4,10,5.0,10,996.6,10,,,68,10,0.0,10,0,10,,,0.0,10,20.3,,,10,20.9,,,10,20.2,10,17.3,10,14.0,10,234,10
2008-06-28T03:00+00:00,5917,0,0,238,10,204,10,1.2,10,3.6,10,997.1,10,,,74,10,0.0,10,0,10,,,0.0,10,20.1,,,10,20.8,,,10,20.2,10,16.8,10,12.6,10,341,10
2008-06-28T04:00+00:00,5917,21,0,230,10,231,10,2.0,10,3.2,10,997.3,10,,,69,10,0.0,10,0,10,,,0.0,10,19.9,,,10,20.7,,,10,20.2,10,17.4,10,13.3,10,424,10
2008-06-28T05:00+00:00,5917,119,0,260,10,260,10,0.9,10,2.9,10,997.3,10,,,66,10,0.0,10,0,10,,,0.5,10,19.9,,,10,20.5,,,10,20.1,10,18.7,10,15.5,10,521,10
2008-06-28T06:00+00:00,5917,321,0,260,10,285,10,1.4,10,3.5,10,997.7,10,,,62,10,0.0,10,0,10,,,1.0,10,19.9,,,10,20.4,,,10,20.1,10,20.1,10,20.6,10,615,10
2008-06-28T07:00+00:00,5917,493,0,292,10,301,10,1.8,10,5.3,10,997.5,10,,,56,10,0.0,10,0,10,,,1.0,10,20.1,,,10,20.4,,,10,20.1,10,21.2,10,25.3,10,732,10
2008-06-28T08:00+00:00,5917,517,0,292,10,274,10,2.7,10,6.4,10,997.1,10,,,56,10,0.0,10,0,10,,,0.9,10,20.2,,,10,20.3,,,10,20.1,10,21.8,10,21.5,10,850,10
2008-06-28T09:00+00:00,5917,754,0,279,10,290,10,5.5,10,11.0,10,996.7,10,,,54,10,0.0,10,0,10,,,1.0,10,20.3,,,10,20.4,,,10,20.0,10,22.9,10,23.4,10,935,10
2008-06-28T10:00+00:00,5917,861,0,282,10,279,10,5.4,10,10.2,10,996.6,10,,,52,10,0.0,10,0,10,,,1.0,10,20.5,,,10,20.4,,,10,20.0,10,23.6,10,27.7,10,1039,10
2008-06-28T11:00+00:00,5917,879,0,273,10,272,10,5.3,10,10.4,10,996.2,10,,,52,10,0.0,10,0,10,,,0.9,10,20.8,,,10,20.5,,,10,19.9,10,24.6,10,32.0,10,1106,10
2008-06-28T12:00+00:00,5917,918,0,280,10,266,10,5.6,10,11.2,10,995.9,10,,,50,10,0.0,10,0,10,,,1.0,10,21.3,,,10,20.6,,,10,19.9,10,25.1,10,34.5,10,1227,10
2008-06-28T13:00+00:00,5917,779,0,278,10,292,10,5.5,10,12.3,10,995.6,10,,,49,10,0.0,10,0,10,,,0.8,10,21.8,,,10,20.8,,,10,19.9,10,25.4,10,33.4,10,1309,10
2008-06-28T14:00+00:00,5917,478,0,281,10,269,10,5.8,10,11.1,10,995.8,10,,,51,10,0.0,10,0,10,,,0.4,10,22.1,,,10,21.0,,,10,19.9,10,23.9,10,25.7,10,1407,10
2008-06-28T15:00+00:00,5917,523,0,282,10,277,10,5.7,10,11.3,10,995.5,10,,,48,10,0.0,10,0,10,,,0.7,10,22.2,,,10,21.2,,,10,19.9,10,25.4,10,25.7,10,1556,10
2008-06-28T16:00+00:00,5917,482,0,289,10,281,10,5.2,10,10.3,10,995.2,10,,,50,10,0.0,10,0,10,,,1.0,10,22.3,,,10,21.4,,,10,19.9,10,25.3,10,29.9,10,1612,10
2008-06-28T17:00+00:00,5917,292,0,290,10,289,10,4.9,10,9.6,10,995.3,10,,,50,10,0.0,10,0,10,,,1.0,10,22.3,,,10,21.5,,,10,20.0,10,24.6,10,25.6,10,1708,10
2008-06-28T18:00+00:00,5917,135,0,284,10,310,10,3.8,10,7.0,10,995.6,10,,,52,10,0.0,10,0,10,,,1.0,10,22.1,,,10,21.6,,,10,20.0,10,23.8,10,22.4,10,1900,10
2008-06-28T19:00+00:00,5917,27,0,272,10,288,10,2.7,10,4.8,10,995.7,10,,,56,10,0.0,10,0,10,,,0.6,10,21.9,,,10,21.6,,,10,20.0,10,22.7,10,18.9,10,1901,10
2008-06-28T20:00+00:00,5917,0,0,266,10,265,10,2.3,10,3.8,10,996.2,10,,,60,10,0.0,10,0,10,,,0.0,10,21.6,,,10,21.5,,,10,20.1,10,21.5,10,16.8,10,2010,10
2008-06-28T21:00+00:00,5917,0,0,271,10,286,10,1.9,10,3.7,10,996.3,10,,,67,10,0.0,10,0,10,,,0.0,10,21.3,,,10,21.5,,,10,20.1,10,20.4,10,16.0,10,2126,10
2008-06-28T22:00+00:00,5917,0,0,273,10,286,10,2.1,10,3.5,10,996.4,10,,,68,10,0.0,10,0,10,,,0.0,10,21.1,,,10,21.3,,,10,20.1,10,20.1,10,15.5,10,2223,10
2008-06-28T23:00+00:00,5917,0,0,177,10,168,10,1.3,10,2.3,10,996.5,10,,,78,10,0.0,10,0,10,,,0.0,10,20.9,,,10,21.2,,,10,20.1,10,18.4,10,15.0,10,2352,10
2008-06-29T00:00+00:00,5917,0,0,197,10,208,10,1.6,10,2.9,10,996.5,10,,,83,10,0.0,10,0,10,,,0.0,10,20.6,,,10,21.1,,,10,20.1,10,17.6,10,14.5,10,36,10
