time,station,cglo,cglo_flag,dd,dd_flag,ddx,ddx_flag,ff,ff_flag,ffx,ffx_flag,p,p_flag,pred,pred_flag,rf,rf_flag,rr,rr_flag,rrm,rrm_flag,sh,sh_flag,so_h,so_h_flag,tb10,tb100,tb100_flag,tb10_flag,tb20,tb200,tb200_flag,tb20_flag,tb50,tb50_flag,tl,tl_flag,tsmin,tsmin_flag,zeitx,zeitx_flag
2008-01-01T00:00+00:00,5935,0.0,0,293,10,293.0,10,2.1,10,4.7,10,1006.4,10,,,86,10,0.0,10,0,10,,,0.0,10,0.3,,,0,1.0,,,0,,,1.4,10,0.1,10,37,10
2008-01-01T01:00+00:00,5935,0.0,0,300,10,272.0,10,2.2,10,5.1,10,1006.5,10,,,87,10,0.0,10,19,10,,,0.0,10,0.3,,,0,1.0,,,0,,,1.3,10,0.2,10,105,10
2008-01-01T02:00+00:00,5935,0.0,0,299,10,333.0,10,2.2,10,5.6,10,1006.3,10,,,92,10,0.1,10,43,10,,,0.0,10,0.3,,,0,1.0,,,0,,,0.7,10,0.1,10,205,10
2008-01-01T03:00+00:00,5935,0.0,0,303,10,284.0,10,2.5,10,5.7,10,1005.9,10,,,92,10,0.0,10,12,10,,,0.0,10,0.3,,,0,1.0,,,0,,,0.7,10,0.1,10,326,10
2008-01-01T04:00+00:00,5935,0.0,0,303,10,312.0,10,2.1,10,6.4,10,1005.6,10,,,92,10,0.0,10,28,10,,,0.0,10,0.3,,,0,1.0,,,0,,,0.5,10,0.1,10,420,10
2008-01-01T05:00+00:00,5935,0.0,0,296,10,307.0,10,1.8,10,3.9,10,1005.5,10,,,92,10,0.0,10,0,10,,,0.0,10,0.3,,,0,1.0,,,0,,,0.7,10,0.1,10,547,10
2008-01-01T06:00+00:00,5935,0.0,0,305,10,308.0,10,2.0,10,4.8,10,1005.6,10,,,92,10,0.0,10,15,10,,,0.0,10,0.3,,,0,1.0,,,0,,,0.7,10,0.1,10,619,10
2008-01-01T07:00+00:00,5935,1.0,0,315,10,314.0,10,2.0,10,5.0,10,1005.6,10,,,89,10,0.0,10,8,10,,,0.0,10,0.3,,,0,1.0,,,0,,,0.8,10,0.1,10,726,10
2008-01-01T08:00+00:00,5935,33.0,0,303,10,295.0,10,1.8,10,4.5,10,1005.7,10,,,89,10,0.0,10,0,10,,,0.0,10,0.3,,,0,1.0,,,0,,,1.0,10,0.1,10,827,10
2008-01-01T09:00+00:00,5935,65.0,0,307,10,326.0,10,2.1,10,4.6,10,1006.1,10,,,85,10,0.0,10,0,10,,,0.0,10,0.3,,,0,1.0,,,0,,,1.4,10,0.3,10,922,10
2008-01-01T10:00+00:00,5935,93.0,0,320,10,320.0,10,2.0,10,4.7,10,1006.0,10,,,82,10,0.0,10,0,10,,,0.0,10,0.3,,,0,1.0,,,0,,,1.5,10,0.9,10,1038,10
2008-01-01T11:00+00:00,5935,95.0,0,341,10,293.0,10,1.5,10,4.2,10,1005.8,10,,,83,10,0.0,10,0,10,,,0.0,10,0.3,,,0,1.0,,,0,,,1.5,10,1.2,10,1103,10
2008-01-01T12:00+00:00,5935,150.0,0,341,10,352.0,10,1.8,10,4.6,10,1005.5,10,,,80,10,0.0,10,0,10,,,0.3,10,0.3,,,0,1.0,,,0,,,1.7,10,1.0,10,1244,10
2008-01-01T13:00+00:00,5935,207.0,0,315,10,299.0,10,2.3,10,5.4,10,1005.4,10,,,78,10,0.0,10,0,10,,,0.9,10,0.3,,,0,1.0,,,0,,,1.7,10,1.0,10,1356,10
2008-01-01T14:00+00:00,5935,156.0,0,317,10,312.0,10,2.3,10,5.6,10,1005.5,10,,,76,10,0.0,10,0,10,,,1.0,10,0.3,,,0,1.0,,,0,,,1.7,10,0.3,10,1441,10
2008-01-01T15:00+00:00,5935,33.0,0,329,10,321.0,10,1.9,10,4.8,10,1005.7,10,,,79,10,0.0,10,0,10,,,0.1,10,0.3,,,0,1.0,,,0,,,1.2,10,0.4,10,1540,10
2008-01-01T16:00+00:00,5935,3.0,0,314,10,302.0,10,1.7,10,4.3,10,1005.7,10,,,81,10,0.0,10,0,10,,,0.0,10,0.3,,,0,1.0,,,0,,,0.9,10,-0.2,10,1655,10
2008-01-01T17:00+00:00,5935,0.0,0,309,10,318.0,10,1.8,10,4.4,10,1006.0,10,,,82,10,0.0,10,0,10,,,0.0,10,0.3,,,0,1.0,,,0,,,0.8,10,-0.4,10,1704,10
2008-01-01T18:00+00:00,5935,0.0,0,316,10,331.0,10,1.8,10,4.6,10,1005.9,10,,,84,10,0.0,10,0,10,,,0.0,10,0.3,,,0,1.0,,,0,,,0.3,10,-1.3,10,1824,10
2008-01-01T19:00+00:00,5935,0.0,0,13,10,336.0,10,0.9,10,2.7,10,1006.2,10,,,86,10,0.0,10,0,10,,,0.0,10,0.3,,,0,1.0,,,0,,,0.1,10,-1.8,10,1907,10
2008-01-01T20:00+00:00,5935,0.0,0,349,10,16.0,10,1.1,10,2.8,10,1006.3,10,,,87,10,0.0,10,0,10,,,0.0,10,0.3,,,0,1.0,,,0,,,-0.1,10,-0.6,10,2011,10
2008-01-01T21:00+00:00,5935,0.0,0,329,10,345.0,10,1.0,10,2.2,10,1006.1,10,,,87,10,0.0,10,0,10,,,0.0,10,0.3,,,0,1.0,,,0,,,-0.4,10,-2.5,10,2132,10
2008-01-01T22:00+00:00,5935,0.0,0,333,10,316.0,10,0.9,10,2.2,10,1006.0,10,,,89,10,0.0,10,0,10,,,0.0,10,0.3,,,0,1.0,,,0,,,-1.0,10,-3.6,10,2207,10
2008-01-01T23:00+00:00,5935,0.0,0,324,10,324.0,10,1.1,10,3.4,10,1006.0,10,,,85,10,0.0,10,0,10,,,0.0,10,0.4,,,0,1.0,,,0,,,-0.9,10,-2.6,10,2335,10
2008-01-02T00:00+00:00,5935,0.0,0,326,10,263.0,10,0.9,10,3.1,10,1006.1,10,,,86,10,0.0,10,15,10,,,0.0,10,0.4,,,0,1.0,,,0,,,-1.0,10,-2.1,10,7,10
2008-01-02T01:00+00:00,5935,0.0,0,305,10,313.0,10,1.8,10,3.9,10,1006.0,10,,,88,10,0.0,10,23,10,,,0.0,10,0.4,,,0,1.0,,,0,,,-1.1,10,-1.5,10,139,10
2008-01-02T02:00+00:00,5935,0.0,0,312,10,309.0,10,1.4,10,3.1,10,1006.0,10,,,87,10,0.0,10,0,10,,,0.0,10,0.4,,,0,1.0,,,0,,,-1.1,10,-1.4,10,222,10
2008-01-02T03:00+00:00,5935,0.0,0,318,10,329.0,10,1.6,10,3.7,10,1006.0,10,,,87,10,0.0,10,19,10,,,0.0,10,0.3,,,0,1.0,,,0,,,-1.3,10,-1.6,10,319,10
2008-01-02T04:00+00:00,5935,0.0,0,327,10,337.0,10,1.2,10,3.7,10,1006.0,10,,,89,10,0.0,10,39,10,,,0.0,10,0.4,,,0,1.0,,,0,,,-1.3,10,-1.5,10,401,10
2008-01-02T05:00+00:00,5935,0.0,0,318,10,287.0,10,1.1,10,2.9,10,1006.0,10,,,91,10,0.1,10,60,10,,,0.0,10,0.4,,,0,1.0,,,0,,,-1.5,10,-1.5,10,527,10
2008-01-02T06:00+00:00,5935,0.0,0,321,10,315.0,10,0.8,10,2.8,10,1006.1,10,,,91,10,0.1,10,60,10,,,0.0,10,0.4,,,0,1.0,,,0,,,-1.5,10,-1.5,10,654,10
2008-01-02T07:00+00:00,5935,0.0,0,331,10,301.0,10,1.0,10,2.9,10,1006.1,10,,,90,10,0.0,10,38,10,,,0.0,10,0.4,,,0,1.0,,,0,,,-1.5,10,-1.6,10,701,10
2008-01-02T08:00+00:00,5935,9.0,0,14,10,23.0,10,1.2,10,2.8,10,1006.1,10,,,88,10,0.0,10,4,10,,,0.0,10,0.4,,,0,1.0,,,0,,,-1.4,10,-1.4,10,836,10
2008-01-02T09:00+00:00,5935,31.0,0,17,10,5.0,10,1.2,10,2.8,10,1006.2,10,,,89,10,0.0,10,37,10,,,0.0,10,0.4,,,0,1.0,,,0,,,-1.4,10,-1.2,10,946,10
2008-01-02T10:00+00:00,5935,60.0,0,13,10,18.0,10,1.1,10,2.5,10,1005.9,10,,,89,10,0.0,10,60,10,,,0.0,10,0.4,,,0,1.0,,,0,,,-1.1,10,-0.9,10,1100,10
2008-01-02T11:00+00:00,5935,91.0,0,5,10,22.0,10,1.3,10,2.8,10,1005.5,10,,,87,10,0.1,10,39,10,,,0.0,10,0.4,,,0,1.0,,,0,,,-1.1,10,0.1,10,1147,10
2008-01-02T12:00+00:00,5935,47.0,0,360,10,24.0,10,0.9,10,2.5,10,1005.1,10,,,85,10,0.0,10,0,10,,,0.0,10,0.4,,,0,1.0,,,0,,,-0.8,10,0.1,10,1205,10
2008-01-02T13:00+00:00,5935,42.0,0,19,10,46.0,10,0.9,10,2.3,10,1004.7,10,,,86,10,0.0,10,0,10,,,0.0,10,0.4,,,0,1.0,,,0,,,-0.7,10,0.1,10,1356,10
2008-01-02T14:00+00:00,5935,39.0,0,60,10,67.0,10,0.9,10,2.5,10,1004.6,10,,,86,10,0.0,10,0,10,,,0.0,10,0.4,,,0,1.0,,,0,,,-0.5,10,0.0,10,1413,10
2008-01-02T15:00+00:00,5935,19.0,0,70,10,92.0,10,1.0,10,2.4,10,1004.6,10,,,86,10,0.0,10,0,10,,,0.0,10,0.4,,,0,1.0,,,0,,,-0.7,10,-1.3,10,1509,10
2008-01-02T16:00+00:00,5935,2.0,0,84,10,86.0,10,1.0,10,2.1,10,1004.6,10,,,87,10,0.0,10,0,10,,,0.0,10,0.4,,,0,1.0,,,0,,,-0.8,10,-1.7,10,1659,10
2008-01-02T17:00+00:00,5935,0.0,0,78,10,78.0,10,1.7,10,3.3,10,1004.1,10,,,89,10,0.0,10,0,10,,,0.0,10,0.4,,,0,1.0,,,0,,,-0.9,10,-1.8,10,1749,10
2008-01-02T18:00+00:00,5935,0.0,0,94,10,70.0,10,1.1,10,3.1,10,1003.9,10,,,90,10,0.0,10,0,10,,,0.0,10,0.4,,,0,1.0,,,0,,,-1.4,10,-3.4,10,1802,10
2008-01-02T19:00+00:00,5935,0.0,0,102,10,109.0,10,1.4,10,3.8,10,1003.7,10,,,92,10,0.0,10,0,10,,,0.0,10,0.4,,,0,1.0,,,0,,,-1.4,10,-3.6,10,1958,10
2008-01-02T20:00+00:00,5935,0.0,0,95,10,105.0,10,2.0,10,4.6,10,1003.4,10,,,93,10,0.0,10,0,10,,,0.0,10,0.4,,,0,1.0,,,0,,,-1.3,10,-1.6,10,2032,10
2008-01-02T21:00+00:00,5935,0.0,0,102,10,111.0,10,2.0,10,4.1,10,1002.9,10,,,93,10,0.0,10,0,10,,,0.0,10,0.4,,,0,1.0,,,0,,,-1.5,10,-1.6,10,2157,10
2008-01-02T22:00+00:00,5935,0.0,0,102,10,111.0,10,2.0,10,4.6,10,1002.7,10,,,93,10,0.0,10,0,10,,,0.0,10,0.4,,,0,1.0,,,0,,,-1.8,10,-1.7,10,2252,10
2008-01-02T23:00+00:00,5935,0.0,0,104,10,118.0,10,2.2,10,4.8,10,1002.4,10,,,92,10,0.0,10,0,10,,,0.0,10,0.4,,,0,1.0,,,0,,,-1.4,10,-1.8,10,2307,10
2008-01-03T00:00+00:00,5935,0.0,0,111,10,139.0,10,2.2,10,5.1,10,1001.8,10,,,90,10,0.0,10,0,10,,,0.0,10,0.4,,,0,1.0,,,0,,,-1.1,10,-1.5,10,58,10
2008-01-03T01:00+00:00,5935,0.0,0,120,10,133.0,10,2.4,10,6.3,10,1001.8,10,,,87,10,0.0,10,0,10,,,0.0,10,0.4,,,0,1.0,,,0,,,-1.1,10,-2.0,10,139,10
2008-01-03T02:00+00:00,5935,0.0,0,121,10,132.0,10,2.0,10,5.5,10,1001.7,10,,,87,10,0.0,10,0,10,,,0.0,10,0.4,,,0,1.0,,,0,,,-1.4,10,-2.9,10,232,10
2008-01-03T03:00+00:00,5935,0.0,0,120,10,139.0,10,2.2,10,5.9,10,1001.4,10,,,89,10,0.0,10,0,10,,,0.0,10,0.4,,,0,1.0,,,0,,,-1.7,10,-3.4,10,359,10
2008-01-03T04:00+00:00,5935,0.0,0,123,10,143.0,10,2.3,10,5.6,10,1001.2,10,,,87,10,0.0,10,0,10,,,0.0,10,0.4,,,0,1.0,,,0,,,-1.6,10,-3.2,10,424,10
2008-01-03T05:00+00:00,5935,0.0,0,132,10,132.0,10,2.9,10,7.1,10,1001.4,10,,,83,10,0.0,10,0,10,,,0.0,10,0.4,,,0,1.0,,,0,,,-1.3,10,-2.8,10,542,10
2008-01-03T06:00+00:00,5935,0.0,0,129,10,121.0,10,3.0,10,8.2,10,1001.6,10,,,83,10,0.0,10,0,10,,,0.0,10,0.4,,,0,1.0,,,0,,,-1.3,10,-2.7,10,659,10
2008-01-03T07:00+00:00,5935,1.0,0,135,10,111.0,10,3.4,10,9.6,10,1001.9,10,,,84,10,0.0,10,0,10,,,0.0,10,0.4,,,0,1.0,,,0,,,-1.2,10,-2.8,10,739,10
2008-01-03T08:00+00:00,5935,15.0,0,137,10,156.0,10,3.7,10,9.0,10,1002.6,10,,,84,10,0.0,10,0,10,,,0.0,10,0.4,,,0,1.0,,,0,,,-0.6,10,-2.0,10,853,10
2008-01-03T09:00+00:00,5935,36.0,0,136,10,140.0,10,4.1,10,10.6,10,1002.9,10,,,86,10,0.0,10,10,10,,,0.0,10,0.4,,,0,1.0,,,0,,,-0.8,10,-0.7,10,959,10
2008-01-03T10:00+00:00,5935,34.0,0,145,10,158.0,10,4.6,10,10.6,10,1003.0,10,,,88,10,0.0,10,16,10,,,0.0,10,0.4,,,0,1.0,,,0,,,-1.2,10,-1.0,10,1056,10
2008-01-03T11:00+00:00,5935,80.0,0,145,10,133.0,10,4.3,10,12.5,10,1002.6,10,,,83,10,0.0,10,0,10,,,0.0,10,0.4,,,0,1.0,,,0,,,-0.9,10,-0.9,10,1150,10
2008-01-03T12:00+00:00,5935,107.0,0,145,10,133.0,10,4.9,10,13.1,10,1002.2,10,,,81,10,0.0,10,0,10,,,0.0,10,0.4,,,0,1.0,,,0,,,-0.7,10,-0.3,10,1219,10
2008-01-03T13:00+00:00,5935,103.0,0,143,10,138.0,10,4.6,10,12.0,10,1002.2,10,,,79,10,0.0,10,0,10,,,0.0,10,0.4,,,0,1.0,,,0,,,-0.7,10,-0.2,10,1318,10
2008-01-03T14:00+00:00,5935,67.0,0,139,10,149.0,10,4.5,10,12.3,10,1002.2,10,,,78,10,0.0,10,0,10,,,0.0,10,0.4,,,0,1.0,,,0,,,-0.9,10,-0.7,10,1432,10
2008-01-03T15:00+00:00,5935,22.0,0,139,10,161.0,10,4.9,10,12.9,10,1002.2,10,,,78,10,0.0,10,0,10,,,0.0,10,0.4,,,0,1.0,,,0,,,-1.3,10,-1.4,10,1549,10
2008-01-03T16:00+00:00,5935,2.0,0,143,10,142.0,10,5.1,10,12.8,10,1002.4,10,,,76,10,0.0,10,0,10,,,0.0,10,0.4,,,0,1.0,,,0,,,-1.4,10,-1.6,10,1614,10
2008-01-03T17:00+00:00,5935,0.0,0,145,10,182.0,10,4.8,10,11.3,10,1002.8,10,,,78,10,0.0,10,0,10,,,0.0,10,0.4,,,0,1.0,,,0,,,-2.2,10,-2.3,10,1730,10
2008-01-03T18:00+00:00,5935,0.0,0,133,10,133.0,10,4.3,10,12.1,10,1003.0,10,,,82,10,0.0,10,0,10,,,0.0,10,0.4,,,0,1.0,,,0,,,-2.7,10,-2.8,10,1812,10
2008-01-03T19:00+00:00,5935,0.0,0,139,10,101.0,10,4.2,10,10.2,10,1002.9,10,,,84,10,0.0,10,0,10,,,0.0,10,0.4,,,0,1.0,,,0,,,-2.9,10,-2.9,10,1939,10
2008-01-03T20:00+00:00,5935,0.0,0,139,10,124.0,10,4.3,10,11.5,10,1003.0,10,,,84,10,0.0,10,0,10,,,0.0,10,0.4,,,0,1.0,,,0,,,-3.1,10,-3.1,10,2049,10
2008-01-03T21:00+00:00,5935,0.0,0,143,10,168.0,10,4.6,10,10.6,10,1002.7,10,,,86,10,0.0,10,2,10,,,0.0,10,0.4,,,0,1.0,,,0,,,-3.3,10,-3.3,10,2105,10
2008-01-03T22:00+00:00,5935,0.0,0,136,10,125.0,10,4.5,10,12.2,10,1002.6,10,,,88,10,0.0,10,8,10,,,0.0,10,0.4,,,0,1.0,,,0,,,-3.7,10,-3.6,10,2231,10
2008-01-03T23:00+00:00,5935,0.0,0,141,10,139.0,10,4.4,10,11.8,10,1002.7,10,,,90,10,0.0,10,32,10,,,0.0,10,0.4,,,0,1.0,,,0,,,-3.6,10,-3.6,10,2341,10
2008-01-04T00:00+00:00,5935,0.0,0,146,10,131.0,10,4.8,10,13.1,10,1002.5,10,,,89,10,0.0,10,48,10,,,0.0,10,0.4,,,0,1.0,,,0,,,-3.4,10,-3.5,10,13,10
2008-01-04T01:00+00:00,5935,0.0,0,138,10,128.0,10,4.3,10,13.2,10,1002.7,10,,,89,10,0.0,10,46,10,,,0.0,10,0.4,,,0,1.0,,,0,,,-3.3,10,-3.3,10,123,10
2008-01-04T02:00+00:00,5935,0.0,0,142,10,140.0,10,4.3,10,11.2,10,1002.7,10,,,90,10,0.0,10,60,10,,,0.0,10,0.4,,,0,1.0,,,0,,,-3.3,10,-3.2,10,212,10
2008-01-04T03:00+00:00,5935,0.0,0,142,10,154.0,10,4.7,10,11.7,10,1002.8,10,,,89,10,0.0,10,56,10,,,0.0,10,0.4,,,0,1.0,,,0,,,-3.2,10,-3.2,10,331,10
2008-01-04T04:00+00:00,5935,0.0,0,143,10,145.0,10,4.5,10,11.3,10,1003.0,10,,,88,10,0.0,10,21,10,,,0.0,10,0.4,,,0,1.0,,,0,,,-3.3,10,-3.2,10,432,10
2008-01-04T05:00+00:00,5935,0.0,0,145,10,163.0,10,4.6,10,13.2,10,1003.4,10,,,87,10,0.0,10,0,10,,,0.0,10,0.4,,,0,1.0,,,0,,,-3.2,10,-3.2,10,527,10
2008-01-04T06:00+00:00,5935,0.0,0,145,10,141.0,10,4.8,10,14.3,10,1003.7,10,,,87,10,0.0,10,9,10,,,0.0,10,0.4,,,0,1.0,,,0,,,-3.3,10,-3.2,10,637,10
2008-01-04T07:00+00:00,5935,0.0,0,152,10,130.0,10,4.2,10,11.3,10,1004.2,10,,,87,10,0.0,10,1,10,,,0.0,10,0.4,,,0,1.0,,,0,,,-3.2,10,-3.2,10,706,10
2008-01-04T08:00+00:00,5935,7.0,0,145,10,142.0,10,4.3,10,11.3,10,1004.5,10,,,86,10,0.0,10,0,10,,,0.0,10,0.4,,,0,1.0,,,0,,,-3.1,10,-3.1,10,850,10
2008-01-04T09:00+00:00,5935,24.0,0,145,10,147.0,10,4.8,10,13.1,10,1005.1,10,,,84,10,0.0,10,0,10,,,0.0,10,0.4,,,0,1.0,,,0,,,-2.8,10,-2.9,10,919,10
2008-01-04T10:00+00:00,5935,55.0,0,143,10,127.0,10,4.4,10,12.9,10,1005.2,10,,,83,10,0.0,10,0,10,,,0.0,10,0.4,,,0,1.0,,,0,,,-2.6,10,-2.5,10,1031,10
2008-01-04T11:00+00:00,5935,65.0,0,143,10,125.0,10,4.4,10,12.6,10,1005.1,10,,,82,10,0.0,10,0,10,,,0.0,10,0.4,,,0,1.0,,,0,,,-2.6,10,-2.1,10,1133,10
2008-01-04T12:00+00:00,5935,56.0,0,135,10,139.0,10,4.6,10,13.1,10,1004.9,10,,,82,10,0.0,10,0,10,,,0.0,10,0.4,,,0,1.0,,,0,,,-2.8,10,-2.3,10,1226,10
2008-01-04T13:00+00:00,5935,52.0,0,134,10,92.0,10,4.5,10,12.4,10,1004.8,10,,,82,10,0.0,10,0,10,,,0.0,10,0.4,,,0,1.0,,,0,,,-3.0,10,-2.6,10,1400,10
2008-01-04T14:00+00:00,5935,35.0,0,142,10,169.0,10,4.5,10,11.8,10,1005.1,10,,,81,10,0.0,10,0,10,,,0.0,10,0.4,,,0,1.0,,,0,,,-3.3,10,-3.1,10,1429,10
2008-01-04T15:00+00:00,5935,21.0,0,154,10,128.0,10,4.8,10,13.5,10,1005.4,10,,,81,10,0.0,10,0,10,,,0.0,10,0.4,,,0,0.9,,,0,,,-3.5,10,-3.4,10,1542,10
2008-01-04T16:00+00:00,5935,0.0,0,144,10,113.0,10,4.5,10,12.1,10,1005.6,10,,,81,10,0.0,10,0,10,,,0.0,10,0.4,,,0,0.9,,,0,,,-3.6,10,-3.5,10,1611,10
2008-01-04T17:00+00:00,5935,0.0,0,141,10,134.0,10,4.3,10,11.1,10,1006.1,10,,,80,10,0.0,10,0,10,,,0.0,10,0.4,,,0,0.9,,,0,,,-3.6,10,-3.6,10,1730,10
2008-01-04T18:00+00:00,5935,0.0,0,148,10,153.0,10,4.8,10,11.8,10,1006.3,10,,,81,10,0.0,10,0,10,,,0.0,10,0.4,,,0,0.9,,,0,,,-3.8,10,-3.8,10,1807,10
2008-01-04T19:00+00:00,5935,0.0,0,146,10,132.0,10,4.6,10,10.4,10,1006.4,10,,,81,10,0.0,10,0,10,,,0.0,10,0.3,,,0,0.9,,,0,,,-4.0,10,-4.0,10,1926,10
2008-01-04T20:00+00:00,5935,0.0,0,144,10,167.0,10,4.2,10,11.4,10,1006.6,10,,,80,10,0.0,10,0,10,,,0.0,10,0.3,,,0,0.9,,,0,,,-4.0,10,-4.1,10,2003,10
2008-01-04T21:00+00:00,5935,0.0,0,144,10,154.0,10,4.5,10,12.4,10,1006.8,10,,,80,10,0.0,10,0,10,,,0.0,10,0.3,,,0,0.9,,,0,,,-4.5,10,-4.4,10,2137,10
2008-01-04T22:00+00:00,5935,0.0,0,142,10,149.0,10,4.3,10,11.3,10,1006.6,10,,,81,10,0.0,10,0,10,,,0.0,10,0.3,,,0,0.9,,,0,,,-4.8,10,-4.6,10,2236,10
2008-01-04T23:00+00:00,5935,0.0,0,142,10,148.0,10,4.7,10,12.0,10,1006.3,10,,,82,10,0.0,10,0,10,,,0.0,10,0.3,,,0,0.9,,,0,,,-5.1,10,-5.0,10,2338,10
2008-01-05T00:00+00:00,5935,0.0,0,147,10,120.0,10,4.6,10,11.8,10,1006.0,10,,,82,10,0.0,10,0,10,,,0.0,10,0.3,,,0,0.9,,,0,,,-5.4,10,-5.2,10,57,10
2008-01-05T01:00+00:00,5935,0.0,0,147,10,159.0,10,5.2,10,12.5,10,1006.0,10,,,83,10,0.0,10,0,10,,,0.0,10,0.3,,,0,0.9,,,0,,,-5.9,10,-5.7,10,131,10
2008-01-05T02:00+00:00,5935,0.0,0,145,10,132.0,10,4.4,10,12.4,10,1005.7,10,,,83,10,0.0,10,0,10,,,0.0,10,0.3,,,0,0.9,,,0,,,-6.2,10,-6.1,10,203,10
2008-01-05T03:00+00:00,5935,0.0,0,145,10,132.0,10,4.3,10,11.2,10,1005.6,10,,,84,10,0.0,10,0,10,,,0.0,10,0.3,,,0,0.9,,,0,,,-6.6,10,-6.3,10,318,10
2008-01-05T04:00+00:00,5935,0.0,0,136,10,175.0,10,3.9,10,11.1,10,1005.0,10,,,84,10,0.0,10,0,10,,,0.0,10,0.3,,,0,0.9,,,0,,,-6.7,10,-6.5,10,428,10
2008-01-05T05:00+00:00,5935,0.0,0,134,10,149.0,10,3.7,10,10.3,10,1005.0,10,,,83,10,0.0,10,0,10,,,0.0,10,0.3,,,0,0.9,,,0,,,-6.5,10,-6.5,10,508,10
2008-01-05T06:00+00:00,5935,0.0,0,137,10,151.0,10,3.9,10,10.7,10,1005.5,10,,,82,10,0.0,10,0,10,,,0.0,10,0.3,,,0,0.9,,,0,,,-6.7,10,-6.5,10,605,10
2008-01-05T07:00+00:00,5935,0.0,0,138,10,140.0,10,3.5,10,9.3,10,1005.6,10,,,83,10,0.0,10,0,10,,,0.0,10,0.3,,,0,0.9,,,0,,,-6.7,10,-6.6,10,748,10
2008-01-05T08:00+00:00,5935,12.0,0,139,10,107.0,10,3.5,10,11.0,10,1005.5,10,,,82,10,0.0,10,0,10,,,0.0,10,0.3,,,0,0.9,,,0,,,-6.5,10,-6.3,10,834,10
2008-01-05T09:00+00:00,5935,31.0,0,139,10,140.0,10,3.3,10,8.6,10,1005.4,10,,,81,10,0.0,10,0,10,,,0.0,10,0.3,,,0,0.9,,,0,,,-6.1,10,-6.0,10,928,10
2008-01-05T10:00+00:00,5935,61.0,0,134,10,138.0,10,3.2,10,9.6,10,1004.8,10,,,79,10,0.0,10,0,10,,,0.0,10,0.3,,,0,0.9,,,0,,,-5.2,10,-5.4,10,1025,10
2008-01-05T11:00+00:00,5935,72.0,0,133,10,122.0,10,3.1,10,8.7,10,1003.7,10,,,76,10,0.0,10,0,10,,,0.0,10,0.3,,,0,0.9,,,0,,,-4.2,10,-4.5,10,1105,10
2008-01-05T12:00+00:00,5935,56.0,0,129,10,141.0,10,3.3,10,9.1,10,1002.9,10,,,77,10,0.0,10,0,10,,,0.0,10,0.3,,,0,0.9,,,0,,,-4.5,10,-4.0,10,1242,10
2008-01-05T13:00+00:00,5935,39.0,0,131,10,149.0,10,3.2,10,10.2,10,1002.2,10,,,76,10,0.0,10,0,10,,,0.0,10,0.3,,,0,0.9,,,0,,,-4.5,10,-4.1,10,1351,10
2008-01-05T14:00+00:00,5935,31.0,0,132,10,119.0,10,3.5,10,9.8,10,1002.3,10,,,77,10,0.0,10,0,10,,,0.0,10,0.3,,,0,0.9,,,0,,,-4.4,10,-4.2,10,1449,10
2008-01-05T15:00+00:00,5935,14.0,0,129,10,143.0,10,3.2,10,8.6,10,1001.7,10,,,78,10,0.0,10,0,10,,,0.0,10,0.3,,,0,0.9,,,0,,,-4.1,10,-4.1,10,1522,10
2008-01-05T16:00+00:00,5935,1.0,0,125,10,133.0,10,2.7,10,7.6,10,1001.6,10,,,78,10,0.0,10,0,10,,,0.0,10,0.3,,,0,0.9,,,0,,,-4.2,10,-4.3,10,1608,10
2008-01-05T17:00+00:00,5935,0.0,0,130,10,138.0,10,3.0,10,9.8,10,1001.3,10,,,80,10,0.0,10,0,10,,,0.0,10,0.3,,,0,0.9,,,0,,,-3.8,10,-4.1,10,1755,10
2008-01-05T18:00+00:00,5935,0.0,0,140,10,145.0,10,3.4,10,9.1,10,1000.6,10,,,81,10,0.0,10,0,10,,,0.0,10,0.3,,,0,0.9,,,0,,,-3.6,10,-3.8,10,1852,10
2008-01-05T19:00+00:00,5935,0.0,0,143,10,146.0,10,3.5,10,9.5,10,1000.4,10,,,82,10,0.0,10,0,10,,,0.0,10,0.3,,,0,0.9,,,0,,,-3.5,10,-3.6,10,1925,10
2008-01-05T20:00+00:00,5935,0.0,0,137,10,137.0,10,3.3,10,8.3,10,1000.0,10,,,84,10,0.0,10,0,10,,,0.0,10,0.3,,,0,0.9,,,0,,,-3.6,10,-3.5,10,2034,10
2008-01-05T21:00+00:00,5935,0.0,0,125,10,145.0,10,2.9,10,7.6,10,999.7,10,,,86,10,0.0,10,3,10,,,0.0,10,0.3,,,0,0.9,,,0,,,-3.5,10,-3.6,10,2108,10
2008-01-05T22:00+00:00,5935,0.0,0,131,10,121.0,10,3.2,10,9.1,10,999.2,10,,,89,10,0.0,10,0,10,,,0.0,10,0.3,,,0,0.9,,,0,,,-3.5,10,-3.4,10,2257,10
2008-01-05T23:00+00:00,5935,0.0,0,135,10,144.0,10,2.7,10,7.2,10,998.9,10,,,89,10,0.0,10,0,10,,,0.0,10,0.3,,,0,0.9,,,0,,,-3.3,10,-3.4,10,2311,10
2008-01-06T00:00+00:00,5935,0.0,0,128,10,143.0,10,2.6,10,6.8,10,998.3,10,,,90,10,0.0,10,3,10,,,0.0,10,0.3,,,0,0.9,,,0,,,-3.3,10,-3.3,10,52,10
2008-01-06T01:00+00:00,5935,0.0,0,127,10,112.0,10,2.7,10,7.3,10,997.3,10,,,92,10,0.0,10,0,10,,,0.0,10,0.3,,,0,0.9,,,0,,,-3.3,10,-3.3,10,148,10
2008-01-06T02:00+00:00,5935,0.0,0,126,10,140.0,10,2.6,10,7.6,10,996.3,10,,,92,10,0.0,10,5,10,,,0.0,10,0.3,,,0,0.9,,,0,,,-3.0,10,-3.2,10,250,10
2008-01-06T03:00+00:00,5935,0.0,0,127,10,121.0,10,2.6,10,7.3,10,994.8,10,,,93,10,0.0,10,0,10,,,0.0,10,0.3,,,0,0.9,,,0,,,-2.8,10,-2.9,10,343,10
2008-01-06T04:00+00:00,5935,0.0,0,135,10,128.0,10,2.8,10,7.6,10,993.5,10,,,93,10,0.0,10,0,10,,,0.0,10,0.3,,,0,0.9,,,0,,,-2.5,10,-2.7,10,458,10
2008-01-06T05:00+00:00,5935,0.0,0,137,10,147.0,10,2.9,10,9.2,10,993.0,10,,,93,10,0.0,10,0,10,,,0.0,10,0.3,,,0,0.9,,,0,,,-2.3,10,-2.4,10,509,10
2008-01-06T06:00+00:00,5935,0.0,0,139,10,131.0,10,2.6,10,6.8,10,992.6,10,,,93,10,0.0,10,0,10,,,0.0,10,0.3,,,0,0.9,,,0,,,-1.9,10,-2.1,10,623,10
2008-01-06T07:00+00:00,5935,0.0,0,140,10,130.0,10,2.0,10,7.5,10,992.5,10,,,92,10,0.0,10,9,10,,,0.0,10,0.3,,,0,0.9,,,0,,,-1.4,10,-1.8,10,708,10
2008-01-06T08:00+00:00,5935,5.0,0,142,10,175.0,10,2.0,10,5.9,10,992.3,10,,,92,10,0.3,10,55,10,,,0.0,10,0.3,,,0,0.9,,,0,,,-0.6,10,-1.0,10,841,10
2008-01-06T09:00+00:00,5935,16.0,0,172,10,182.0,10,1.3,10,4.6,10,993.3,10,,,92,10,0.0,10,18,10,,,0.0,10,0.3,,,0,0.9,,,0,,,-0.2,10,-0.5,10,917,10
2008-01-06T10:00+00:00,5935,19.0,0,271,10,281.0,10,1.2,10,4.1,10,994.3,10,,,92,10,0.0,10,8,10,,,0.0,10,0.3,,,0,0.9,,,0,,,-0.3,10,-0.3,10,1046,10
2008-01-06T11:00+00:00,5935,51.0,0,295,10,306.0,10,1.1,10,4.6,10,994.1,10,,,91,10,0.0,10,19,10,,,0.0,10,0.3,,,0,0.8,,,0,,,-0.4,10,-0.3,10,1104,10
2008-01-06T12:00+00:00,5935,136.0,0,72,10,75.0,10,0.8,10,2.7,10,994.2,10,,,89,10,0.0,10,0,10,,,0.1,10,0.3,,,0,0.8,,,0,,,0.2,10,0.1,10,1252,10
2008-01-06T13:00+00:00,5935,96.0,0,117,10,128.0,10,0.6,10,2.1,10,995.0,10,,,87,10,0.0,10,0,10,,,0.0,10,0.3,,,0,0.8,,,0,,,0.6,10,1.0,10,1358,10
2008-01-06T14:00+00:00,5935,82.0,0,152,10,146.0,10,1.0,10,3.1,10,995.6,10,,,85,10,0.0,10,0,10,,,0.1,10,0.3,,,0,0.8,,,0,,,1.1,10,0.9,10,1403,10
2008-01-06T15:00+00:00,5935,36.0,0,68,10,52.0,10,0.6,10,2.5,10,996.5,10,,,89,10,0.0,10,0,10,,,0.0,10,0.3,,,0,0.8,,,0,,,0.6,10,-0.5,10,1558,10
2008-01-06T16:00+00:00,5935,3.0,0,79,10,45.0,10,1.1,10,2.4,10,997.5,10,,,90,10,0.0,10,0,10,,,0.0,10,0.3,,,0,0.8,,,0,,,0.3,10,-0.7,10,1602,10
2008-01-06T17:00+00:00,5935,0.0,0,83,10,91.0,10,0.9,10,2.0,10,998.2,10,,,92,10,0.0,10,0,10,,,0.0,10,0.3,,,0,0.8,,,0,,,-0.1,10,-1.7,10,1702,10
2008-01-06T18:00+00:00,5935,0.0,0,275,10,275.0,10,0.7,10,5.6,10,998.8,10,,,86,10,0.0,10,0,10,,,0.0,10,0.3,,,0,0.8,,,0,,,3.0,10,-1.6,10,1847,10
2008-01-06T19:00+00:00,5935,0.0,0,231,10,259.0,10,2.2,10,5.2,10,999.6,10,,,77,10,0.0,10,0,10,,,0.0,10,0.3,,,0,0.8,,,0,,,4.3,10,1.0,10,1909,10
2008-01-06T20:00+00:00,5935,0.0,0,226,10,226.0,10,2.1,10,5.2,10,1000.1,10,,,77,10,0.0,10,0,10,,,0.0,10,0.3,,,0,0.8,,,0,,,4.2,10,1.1,10,2020,10
2008-01-06T21:00+00:00,5935,0.0,0,202,10,210.0,10,1.0,10,3.8,10,1000.7,10,,,82,10,0.0,10,0,10,,,0.0,10,0.3,,,0,0.8,,,0,,,2.6,10,-0.9,10,2136,10
2008-01-06T22:00+00:00,5935,0.0,0,103,10,80.0,10,1.0,10,4.2,10,1001.3,10,,,89,10,0.0,10,0,10,,,0.0,10,0.3,,,0,0.8,,,0,,,0.7,10,-3.1,10,2208,10
2008-01-06T23:00+00:00,5935,0.0,0,273,10,284.0,10,1.1,10,4.6,10,1001.6,10,,,84,10,0.0,10,0,10,,,0.0,10,0.3,,,0,0.8,,,0,,,1.9,10,-3.4,10,2340,10
2008-01-07T00:00+00:00,5935,0.0,0,276,10,288.0,10,1.9,10,4.9,10,1002.1,10,,,78,10,0.0,10,0,10,,,0.0,10,0.3,,,0,0.8,,,0,,,2.7,10,-3.4,10,51,10
2008-01-07T01:00+00:00,5935,0.0,0,293,10,282.0,10,0.7,10,3.9,10,1002.5,10,,,86,10,0.0,10,0,10,,,0.0,10,0.3,,,0,0.8,,,0,,,0.3,10,-3.6,10,107,10
2008-01-07T02:00+00:00,5935,0.0,0,89,10,68.0,10,0.3,10,1.2,10,1002.8,10,,,90,10,0.0,10,0,10,,,0.0,10,0.3,,,0,0.8,,,0,,,-1.6,10,-4.8,10,233,10
2008-01-07T03:00+00:00,5935,0.0,0,0,10,145.0,10,0.0,10,0.9,10,1002.5,10,,,92,10,0.0,10,0,10,,,0.0,10,0.3,,,0,0.8,,,0,,,-2.5,10,-5.8,10,324,10
2008-01-07T04:00+00:00,5935,0.0,0,42,10,53.0,10,0.6,10,2.2,10,1002.7,10,,,92,10,0.0,10,0,10,,,0.0,10,0.3,,,0,0.8,,,0,,,-3.2,10,-5.9,10,408,10
2008-01-07T05:00+00:00,5935,0.0,0,291,10,269.0,10,0.3,10,1.2,10,1002.1,10,,,93,10,0.0,10,0,10,,,0.0,10,0.2,,,0,0.8,,,0,,,-3.5,10,-6.5,10,529,10
2008-01-07T06:00+00:00,5935,0.0,0,44,10,34.0,10,0.1,10,0.9,10,1001.9,10,,,93,10,0.0,10,0,10,,,0.0,10,0.2,,,0,0.8,,,0,,,-4.1,10,-6.5,10,632,10
2008-01-07T07:00+00:00,5935,2.0,0,115,10,166.0,10,0.4,10,1.7,10,1001.5,10,,,93,10,0.0,10,0,10,,,0.0,10,0.2,,,0,0.8,,,0,,,-3.6,10,-6.5,10,717,10
2008-01-07T08:00+00:00,5935,47.0,0,73,10,77.0,10,0.6,10,1.5,10,1000.9,10,,,93,10,0.0,10,0,10,,,0.4,10,0.2,,,0,0.8,,,0,,,-2.6,10,-6.0,10,852,10
2008-01-07T09:00+00:00,5935,165.0,0,35,10,47.0,10,0.7,10,2.6,10,1000.1,10,,,92,10,0.0,10,0,10,,,0.9,10,0.2,,,0,0.8,,,0,,,-2.0,10,-3.8,10,914,10
2008-01-07T10:00+00:00,5935,267.0,0,85,10,112.0,10,0.8,10,2.7,10,998.9,10,,,85,10,0.0,10,0,10,,,1.0,10,0.2,,,0,0.8,,,0,,,1.5,10,0.0,10,1039,10
2008-01-07T11:00+00:00,5935,179.0,0,100,10,115.0,10,1.3,10,3.5,10,997.5,10,,,86,10,0.0,10,0,10,,,0.2,10,0.2,,,0,0.8,,,0,,,2.4,10,2.6,10,1116,10
2008-01-07T12:00+00:00,5935,112.0,0,129,10,97.0,10,0.1,10,1.8,10,997.2,10,,,85,10,0.0,10,0,10,,,0.0,10,0.2,,,0,0.8,,,0,,,2.9,10,2.8,10,1201,10
2008-01-07T13:00+00:00,5935,42.0,0,0,10,89.0,10,0.0,10,2.0,10,997.3,10,,,87,10,0.1,10,43,10,,,0.0,10,0.2,,,0,0.8,,,0,,,3.2,10,2.1,10,1326,10
2008-01-07T14:00+00:00,5935,42.0,0,4,10,47.0,10,0.6,10,1.7,10,997.1,10,,,91,10,0.7,10,57,10,,,0.0,10,0.2,,,0,0.8,,,0,,,2.8,10,2.0,10,1423,10
2008-01-07T15:00+00:00,5935,23.0,0,1,10,51.0,10,0.5,10,1.8,10,997.3,10,,,92,10,0.9,10,43,10,,,0.0,10,0.2,,,0,0.8,,,0,,,2.4,10,1.3,10,1505,10
2008-01-07T16:00+00:00,5935,2.0,0,329,10,286.0,10,0.4,10,2.1,10,998.6,10,,,92,10,0.0,10,11,10,,,0.0,10,0.2,,,0,0.8,,,0,,,2.1,10,0.5,10,1601,10
2008-01-07T17:00+00:00,5935,0.0,0,315,10,268.0,10,0.7,10,4.4,10,1000.1,10,,,92,10,0.0,10,0,10,,,0.0,10,0.2,,,0,0.8,,,0,,,3.2,10,-0.4,10,1758,10
2008-01-07T18:00+00:00,5935,0.0,0,270,10,276.0,10,2.6,10,6.7,10,1000.8,10,,,85,10,0.0,10,0,10,,,0.0,10,0.2,,,0,0.8,,,0,,,4.7,10,1.2,10,1803,10
2008-01-07T19:00+00:00,5935,0.0,0,271,10,266.0,10,1.9,10,4.7,10,1001.4,10,,,84,10,0.0,10,0,10,,,0.0,10,0.2,,,0,0.8,,,0,,,4.8,10,0.6,10,1911,10
2008-01-07T20:00+00:00,5935,0.0,0,271,10,321.0,10,1.6,10,4.2,10,1002.3,10,,,81,10,0.0,10,0,10,,,0.0,10,0.3,,,0,0.8,,,0,,,5.3,10,1.2,10,2034,10
2008-01-07T21:00+00:00,5935,0.0,0,278,10,283.0,10,1.9,10,5.4,10,1002.7,10,,,82,10,0.0,10,0,10,,,0.0,10,0.3,,,0,0.8,,,0,,,5.0,10,0.3,10,2107,10
2008-01-07T22:00+00:00,5935,0.0,0,273,10,236.0,10,2.2,10,5.4,10,1003.2,10,,,75,10,0.0,10,0,10,,,0.0,10,0.3,,,0,0.8,,,0,,,5.4,10,0.8,10,2237,10
2008-01-07T23:00+00:00,5935,0.0,0,274,10,273.0,10,3.3,10,7.9,10,1003.7,10,,,72,10,0.0,10,0,10,,,0.0,10,0.3,,,0,0.8,,,0,,,5.5,10,0.9,10,2345,10
2008-01-08T00:00+00:00,5935,0.0,0,272,10,310.0,10,2.1,10,5.9,10,1004.0,10,,,78,10,0.0,10,0,10,,,0.0,10,0.3,,,0,0.8,,,0,,,4.0,10,-0.3,10,3,10
2008-01-08T01:00+00:00,5935,0.0,0,288,10,320.0,10,2.2,10,7.7,10,1004.2,10,,,76,10,0.0,10,0,10,,,0.0,10,0.3,,,0,0.8,,,0,,,3.9,10,-0.3,10,101,10
2008-01-08T02:00+00:00,5935,0.0,0,205,10,237.0,10,0.1,10,2.3,10,1004.5,10,,,87,10,0.0,10,0,10,,,0.0,10,0.3,,,0,0.8,,,0,,,1.0,10,-3.1,10,209,10
2008-01-08T03:00+00:00,5935,0.0,0,0,10,170.0,10,0.0,10,2.1,10,1004.4,10,,,91,10,0.0,10,0,10,,,0.0,10,0.3,,,0,0.8,,,0,,,-0.1,10,-3.6,10,358,10
2008-01-08T04:00+00:00,5935,0.0,0,171,10,256.0,10,0.3,10,2.6,10,1004.8,10,,,89,10,0.0,10,0,10,,,0.0,10,0.3,,,0,0.8,,,0,,,1.2,10,-3.2,10,411,10
2008-01-08T05:00+00:00,5935,0.0,0,191,10,216.0,10,1.1,10,4.2,10,1005.2,10,,,72,10,0.0,10,0,10,,,0.0,10,0.3,,,0,0.8,,,0,,,4.7,10,-2.9,10,530,10
2008-01-08T06:00+00:00,5935,0.0,0,234,10,278.0,10,1.5,10,4.4,10,1005.6,10,,,67,10,0.0,10,0,10,,,0.0,10,0.3,,,0,0.8,,,0,,,5.6,10,0.0,10,656,10
2008-01-08T07:00+00:00,5935,2.0,0,242,10,213.0,10,3.2,10,7.3,10,1005.9,10,,,62,10,0.0,10,0,10,,,0.0,10,0.3,,,0,0.8,,,0,,,6.4,10,1.3,10,707,10
2008-01-08T08:00+00:00,5935,23.0,0,242,10,258.0,10,3.5,10,8.6,10,1006.4,10,,,59,10,0.0,10,0,10,,,0.0,10,0.3,,,0,0.8,,,0,,,6.9,10,2.6,10,851,10
2008-01-08T09:00+00:00,5935,64.0,0,251,10,243.0,10,4.1,10,10.4,10,1007.1,10,,,57,10,0.0,10,0,10,,,0.1,10,0.3,,,0,0.8,,,0,,,7.2,10,3.6,10,941,10
2008-01-08T10:00+00:00,5935,252.0,0,269,10,262.0,10,4.5,10,10.5,10,1007.3,10,,,55,10,0.0,10,0,10,,,0.8,10,0.3,,,0,0.8,,,0,,,8.2,10,5.5,10,1038,10
2008-01-08T11:00+00:00,5935,220.0,0,266,10,258.0,10,4.1,10,10.0,10,1007.4,10,,,57,10,0.0,10,0,10,,,0.4,10,0.3,,,0,0.7,,,0,,,7.3,10,5.9,10,1127,10
2008-01-08T12:00+00:00,5935,312.0,0,267,10,253.0,10,4.1,10,11.6,10,1007.1,10,,,54,10,0.0,10,0,10,,,0.8,10,0.3,,,0,0.6,,,0,,,8.5,10,6.0,10,1228,10
2008-01-08T13:00+00:00,5935,246.0,0,258,10,272.0,10,3.7,10,9.9,10,1007.3,10,,,55,10,0.0,10,0,10,,,1.0,10,0.3,,,0,0.6,,,0,,,7.8,10,5.9,10,1309,10
2008-01-08T14:00+00:00,5935,181.0,0,262,10,273.0,10,2.4,10,6.0,10,1007.1,10,,,53,10,0.0,10,0,10,,,1.0,10,0.2,,,0,0.6,,,0,,,8.1,10,4.2,10,1403,10
2008-01-08T15:00+00:00,5935,72.0,0,267,10,290.0,10,1.8,10,4.4,10,1007.2,10,,,57,10,0.0,10,0,10,,,0.9,10,0.2,,,0,0.6,,,0,,,6.9,10,2.0,10,1501,10
2008-01-08T16:00+00:00,5935,8.0,0,312,10,281.0,10,0.6,10,2.9,10,1007.3,10,,,67,10,0.0,10,0,10,,,0.0,10,0.2,,,0,0.6,,,0,,,4.3,10,-1.5,10,1613,10
2008-01-08T17:00+00:00,5935,0.0,0,83,10,107.0,10,0.3,10,1.6,10,1007.5,10,,,81,10,0.0,10,0,10,,,0.0,10,0.2,,,0,0.7,,,0,,,1.3,10,-2.9,10,1709,10
2008-01-08T18:00+00:00,5935,0.0,0,106,10,108.0,10,0.1,10,1.1,10,1007.8,10,,,87,10,0.0,10,0,10,,,0.0,10,0.2,,,0,0.7,,,0,,,0.1,10,-3.4,10,1832,10
2008-01-08T19:00+00:00,5935,0.0,0,160,10,174.0,10,0.1,10,1.7,10,1007.8,10,,,90,10,0.0,10,0,10,,,0.0,10,0.2,,,0,0.7,,,0,,,-0.2,10,-3.5,10,1937,10
2008-01-08T20:00+00:00,5935,0.0,0,147,10,196.0,10,0.1,10,1.3,10,1007.6,10,,,91,10,0.0,10,0,10,,,0.0,10,0.3,,,0,0.8,,,0,,,-1.1,10,-3.7,10,2025,10
2008-01-08T21:00+00:00,5935,0.0,0,0,10,49.0,10,0.0,10,0.6,10,1007.5,10,,,92,10,0.0,10,0,10,,,0.0,10,0.3,,,0,0.8,,,0,,,-1.7,10,-4.1,10,2101,10
2008-01-08T22:00+00:00,5935,0.0,0,95,10,88.0,10,0.7,10,1.7,10,1007.1,10,,,92,10,0.0,10,0,10,,,0.0,10,0.3,,,0,0.8,,,0,,,-1.0,10,-4.0,10,2244,10
2008-01-08T23:00+00:00,5935,0.0,0,109,10,124.0,10,1.0,10,1.6,10,1006.7,10,,,91,10,0.0,10,0,10,,,0.0,10,0.3,,,0,0.8,,,0,,,-0.8,10,-3.5,10,2306,10
2008-01-09T00:00+00:00,5935,0.0,0,123,10,124.0,10,0.5,10,1.6,10,1006.0,10,,,92,10,0.0,10,0,10,,,0.0,10,0.3,,,0,0.8,,,0,,,-1.5,10,-4.4,10,21,10
2008-01-09T01:00+00:00,5935,0.0,0,73,10,132.0,10,0.4,10,1.1,10,1005.5,10,,,92,10,0.0,10,0,10,,,0.0,10,0.3,,,0,0.8,,,0,,,-2.1,10,-4.8,10,200,10
2008-01-09T02:00+00:00,5935,0.0,0,103,10,110.0,10,1.6,10,5.1,10,1005.2,10,,,93,10,0.0,10,0,10,,,0.0,10,0.3,,,0,0.8,,,0,,,-0.8,10,-4.6,10,244,10
2008-01-09T03:00+00:00,5935,0.0,0,134,10,134.0,10,1.6,10,5.8,10,1004.6,10,,,93,10,0.0,10,0,10,,,0.0,10,0.3,,,0,0.8,,,0,,,0.2,10,-0.9,10,343,10
2008-01-09T04:00+00:00,5935,0.0,0,133,10,128.0,10,2.1,10,5.9,10,1004.1,10,,,93,10,0.0,10,0,10,,,0.0,10,0.3,,,0,0.8,,,0,,,0.1,10,-0.1,10,405,10
2008-01-09T05:00+00:00,5935,0.0,0,135,10,156.0,10,2.0,10,5.3,10,1004.0,10,,,93,10,0.0,10,0,10,,,0.0,10,0.3,,,0,0.8,,,0,,,0.3,10,-0.1,10,533,10
2008-01-09T06:00+00:00,5935,0.0,0,136,10,140.0,10,2.4,10,6.9,10,1003.7,10,,,92,10,0.0,10,0,10,,,0.0,10,0.3,,,0,0.8,,,0,,,0.4,10,0.0,10,628,10
2008-01-09T07:00+00:00,5935,1.0,0,130,10,112.0,10,2.2,10,6.1,10,1003.9,10,,,92,10,0.0,10,0,10,,,0.0,10,0.3,,,0,0.8,,,0,,,0.4,10,0.0,10,717,10
2008-01-09T08:00+00:00,5935,12.0,0,148,10,187.0,10,2.6,10,8.2,10,1004.0,10,,,92,10,0.0,10,0,10,,,0.0,10,0.3,,,0,0.8,,,0,,,0.3,10,0.0,10,816,10
2008-01-09T09:00+00:00,5935,28.0,0,146,10,203.0,10,2.6,10,6.9,10,1004.4,10,,,90,10,0.0,10,0,10,,,0.0,10,0.3,,,0,0.8,,,0,,,0.4,10,0.2,10,911,10
2008-01-09T10:00+00:00,5935,45.0,0,138,10,156.0,10,2.1,10,5.8,10,1004.8,10,,,87,10,0.0,10,0,10,,,0.0,10,0.3,,,0,0.8,,,0,,,0.8,10,0.5,10,1002,10
2008-01-09T11:00+00:00,5935,63.0,0,153,10,154.0,10,2.4,10,5.6,10,1004.8,10,,,87,10,0.0,10,0,10,,,0.0,10,0.3,,,0,0.8,,,0,,,0.7,10,1.2,10,1125,10
2008-01-09T12:00+00:00,5935,88.0,0,159,10,157.0,10,2.1,10,5.0,10,1004.5,10,,,86,10,0.0,10,0,10,,,0.0,10,0.3,,,0,0.8,,,0,,,1.2,10,1.3,10,1206,10
2008-01-09T13:00+00:00,5935,72.0,0,151,10,142.0,10,2.1,10,5.7,10,1004.5,10,,,85,10,0.0,10,0,10,,,0.0,10,0.3,,,0,0.8,,,0,,,1.5,10,1.9,10,1311,10
2008-01-09T14:00+00:00,5935,43.0,0,162,10,130.0,10,1.9,10,4.6,10,1004.6,10,,,86,10,0.0,10,0,10,,,0.0,10,0.3,,,0,0.8,,,0,,,1.5,10,1.4,10,1434,10
2008-01-09T15:00+00:00,5935,19.0,0,191,10,206.0,10,1.9,10,4.9,10,1004.6,10,,,86,10,0.0,10,0,10,,,0.0,10,0.3,,,0,0.8,,,0,,,1.5,10,1.2,10,1551,10
2008-01-09T16:00+00:00,5935,2.0,0,186,10,194.0,10,1.9,10,4.4,10,1004.7,10,,,86,10,0.0,10,0,10,,,0.0,10,0.3,,,0,0.8,,,0,,,1.3,10,0.9,10,1609,10
2008-01-09T17:00+00:00,5935,0.0,0,163,10,190.0,10,1.4,10,4.0,10,1004.6,10,,,87,10,0.0,10,0,10,,,0.0,10,0.3,,,0,0.8,,,0,,,1.2,10,0.8,10,1702,10
2008-01-09T18:00+00:00,5935,0.0,0,139,10,163.0,10,1.5,10,4.6,10,1004.6,10,,,87,10,0.0,10,0,10,,,0.0,10,0.3,,,0,0.8,,,0,,,1.0,10,0.7,10,1857,10
2008-01-09T19:00+00:00,5935,0.0,0,140,10,153.0,10,1.4,10,4.5,10,1004.7,10,,,87,10,0.0,10,0,10,,,0.0,10,0.3,,,0,0.8,,,0,,,1.0,10,0.6,10,1938,10
2008-01-09T20:00+00:00,5935,0.0,0,135,10,124.0,10,1.8,10,4.4,10,1005.0,10,,,88,10,0.0,10,0,10,,,0.0,10,0.3,,,0,0.8,,,0,,,0.6,10,0.4,10,2014,10
2008-01-09T21:00+00:00,5935,0.0,0,142,10,136.0,10,1.7,10,3.9,10,1005.4,10,,,87,10,0.0,10,0,10,,,0.0,10,0.3,,,0,0.8,,,0,,,0.6,10,0.3,10,2124,10
2008-01-09T22:00+00:00,5935,0.0,0,145,10,137.0,10,1.8,10,4.7,10,1005.4,10,,,88,10,0.0,10,0,10,,,0.0,10,0.3,,,0,0.8,,,0,,,0.4,10,0.2,10,2244,10
2008-01-09T23:00+00:00,5935,0.0,0,148,10,136.0,10,1.8,10,4.3,10,1005.6,10,,,89,10,0.0,10,0,10,,,0.0,10,0.3,,,0,0.8,,,0,,,0.3,10,0.0,10,2358,10
2008-01-10T00:00+00:00,5935,0.0,0,139,10,197.0,10,1.6,10,4.4,10,1005.4,10,,,90,10,0.0,10,0,10,,,0.0,10,0.3,,,0,0.8,,,0,,,0.1,10,-0.1,10,7,10
2008-01-10T01:00+00:00,5935,0.0,0,159,10,173.0,10,2.0,10,4.9,10,1005.5,10,,,90,10,0.0,10,0,10,,,0.0,10,0.3,,,0,0.8,,,0,,,0.1,10,-0.1,10,147,10
2008-01-10T02:00+00:00,5935,0.0,0,180,10,167.0,10,1.5,10,4.5,10,1006.1,10,,,90,10,0.0,10,0,10,,,0.0,10,0.3,,,0,0.8,,,0,,,0.3,10,0.0,10,212,10
2008-01-10T03:00+00:00,5935,0.0,0,144,10,127.0,10,1.3,10,3.6,10,1005.8,10,,,91,10,0.0,10,0,10,,,0.0,10,0.3,,,0,0.8,,,0,,,0.1,10,-0.1,10,301,10
2008-01-10T04:00+00:00,5935,0.0,0,138,10,142.0,10,1.3,10,3.1,10,1005.6,10,,,92,10,0.0,10,0,10,,,0.0,10,0.3,,,0,0.8,,,0,,,0.0,10,-0.1,10,401,10
2008-01-10T05:00+00:00,5935,0.0,0,134,10,164.0,10,1.0,10,2.9,10,1005.9,10,,,92,10,0.0,10,0,10,,,0.0,10,0.3,,,0,0.8,,,0,,,0.1,10,-0.1,10,519,10
2008-01-10T06:00+00:00,5935,0.0,0,134,10,123.0,10,1.3,10,3.5,10,1005.9,10,,,92,10,0.0,10,0,10,,,0.0,10,0.3,,,0,0.8,,,0,,,0.1,10,-0.1,10,621,10
2008-01-10T07:00+00:00,5935,1.0,0,156,10,171.0,10,1.9,10,4.2,10,1006.3,10,,,92,10,0.0,10,0,10,,,0.0,10,0.3,,,0,0.8,,,0,,,0.1,10,0.0,10,729,10
2008-01-10T08:00+00:00,5935,17.0,0,159,10,156.0,10,1.8,10,4.4,10,1006.6,10,,,90,10,0.0,10,0,10,,,0.0,10,0.3,,,0,0.8,,,0,,,0.4,10,0.1,10,803,10
2008-01-10T09:00+00:00,5935,54.0,0,157,10,148.0,10,1.7,10,3.5,10,1006.8,10,,,89,10,0.0,10,0,10,,,0.0,10,0.3,,,0,0.8,,,0,,,0.5,10,0.7,10,908,10
2008-01-10T10:00+00:00,5935,67.0,0,160,10,144.0,10,1.6,10,3.7,10,1006.9,10,,,89,10,0.0,10,0,10,,,0.0,10,0.3,,,0,0.8,,,0,,,0.9,10,1.3,10,1013,10
2008-01-10T11:00+00:00,5935,100.0,0,169,10,127.0,10,1.5,10,3.8,10,1006.5,10,,,88,10,0.0,10,0,10,,,0.0,10,0.3,,,0,0.8,,,0,,,1.0,10,1.8,10,1151,10
2008-01-10T12:00+00:00,5935,109.0,0,148,10,171.0,10,2.1,10,5.0,10,1006.0,10,,,89,10,0.0,10,0,10,,,0.0,10,0.3,,,0,0.8,,,0,,,0.7,10,1.8,10,1244,10
2008-01-10T13:00+00:00,5935,70.0,0,145,10,145.0,10,2.0,10,4.8,10,1005.6,10,,,90,10,0.0,10,0,10,,,0.0,10,0.3,,,0,0.8,,,0,,,0.4,10,1.1,10,1301,10
2008-01-10T14:00+00:00,5935,38.0,0,139,10,141.0,10,1.9,10,6.2,10,1005.6,10,,,92,10,0.0,10,0,10,,,0.0,10,0.3,,,0,0.8,,,0,,,0.0,10,0.3,10,1448,10
2008-01-10T15:00+00:00,5935,13.0,0,138,10,137.0,10,2.2,10,5.5,10,1005.4,10,,,92,10,0.0,10,0,10,,,0.0,10,0.3,,,0,0.8,,,0,,,-0.4,10,-0.3,10,1542,10
2008-01-10T16:00+00:00,5935,2.0,0,152,10,137.0,10,1.9,10,5.7,10,1005.6,10,,,93,10,0.0,10,0,10,,,0.0,10,0.3,,,0,0.8,,,0,,,-0.3,10,-0.3,10,1612,10
2008-01-10T17:00+00:00,5935,0.0,0,144,10,139.0,10,2.4,10,6.1,10,1005.6,10,,,93,10,0.0,10,0,10,,,0.0,10,0.3,,,0,0.8,,,0,,,-0.5,10,-0.5,10,1723,10
2008-01-10T18:00+00:00,5935,0.0,0,155,10,156.0,10,2.5,10,6.1,10,1005.5,10,,,93,10,0.0,10,0,10,,,0.0,10,0.3,,,0,0.8,,,0,,,-0.6,10,-0.5,10,1829,10
2008-01-10T19:00+00:00,5935,0.0,0,141,10,125.0,10,2.0,10,5.5,10,1005.6,10,,,93,10,0.0,10,0,10,,,0.0,10,0.3,,,0,0.8,,,0,,,-0.6,10,-0.5,10,1920,10
2008-01-10T20:00+00:00,5935,0.0,0,135,10,125.0,10,2.0,10,5.3,10,1005.6,10,,,93,10,0.0,10,0,10,,,0.0,10,0.3,,,0,0.8,,,0,,,-0.7,10,-0.6,10,2039,10
2008-01-10T21:00+00:00,5935,0.0,0,143,10,134.0,10,2.3,10,5.9,10,1005.5,10,,,93,10,0.0,10,0,10,,,0.0,10,0.3,,,0,0.8,,,0,,,-0.8,10,-0.7,10,2140,10
2008-01-10T22:00+00:00,5935,0.0,0,158,10,111.0,10,2.3,10,5.6,10,1005.4,10,,,93,10,0.0,10,0,10,,,0.0,10,0.3,,,0,0.8,,,0,,,-0.8,10,-0.9,10,2208,10
2008-01-10T23:00+00:00,5935,0.0,0,149,10,148.0,10,2.0,10,6.3,10,1005.1,10,,,93,10,0.0,10,0,10,,,0.0,10,0.3,,,0,0.8,,,0,,,-1.0,10,-0.9,10,2304,10
2008-01-11T00:00+00:00,5935,0.0,0,156,10,171.0,10,2.0,10,4.7,10,1004.7,10,,,93,10,0.0,10,0,10,,,0.0,10,0.3,,,0,0.8,,,0,,,-0.9,10,-0.9,10,13,10
2008-01-11T01:00+00:00,5935,0.0,0,142,10,174.0,10,2.2,10,5.7,10,1004.5,10,,,93,10,0.0,10,0,10,,,0.0,10,0.3,,,0,0.8,,,0,,,-0.9,10,-0.9,10,149,10
2008-01-11T02:00+00:00,5935,0.0,0,147,10,175.0,10,2.1,10,5.4,10,1004.2,10,,,93,10,0.0,10,0,10,,,0.0,10,0.3,,,0,0.8,,,0,,,-0.8,10,-0.8,10,218,10
2008-01-11T03:00+00:00,5935,0.0,0,145,10,179.0,10,2.2,10,6.1,10,1003.7,10,,,93,10,0.0,10,0,10,,,0.0,10,0.3,,,0,0.8,,,0,,,-0.7,10,-0.8,10,301,10
2008-01-11T04:00+00:00,5935,0.0,0,149,10,154.0,10,2.1,10,6.2,10,1003.5,10,,,93,10,0.0,10,0,10,,,0.0,10,0.3,,,0,0.8,,,0,,,-0.5,10,-0.7,10,439,10
2008-01-11T05:00+00:00,5935,0.0,0,141,10,98.0,10,2.4,10,5.7,10,1003.2,10,,,92,10,0.0,10,0,10,,,0.0,10,0.3,,,0,0.8,,,0,,,-0.4,10,-0.5,10,509,10
2008-01-11T06:00+00:00,5935,0.0,0,141,10,86.0,10,2.3,10,6.3,10,1002.9,10,,,92,10,0.0,10,0,10,,,0.0,10,0.3,,,0,0.8,,,0,,,-0.3,10,-0.5,10,650,10
2008-01-11T07:00+00:00,5935,0.0,0,145,10,125.0,10,2.3,10,6.3,10,1002.6,10,,,92,10,0.0,10,0,10,,,0.0,10,0.3,,,0,0.8,,,0,,,-0.2,10,-0.4,10,740,10
2008-01-11T08:00+00:00,5935,8.0,0,147,10,135.0,10,2.6,10,7.9,10,1002.5,10,,,92,10,0.0,10,1,10,,,0.0,10,0.3,,,0,0.8,,,0,,,-0.2,10,-0.2,10,841,10
2008-01-11T09:00+00:00,5935,16.0,0,141,10,126.0,10,2.1,10,6.2,10,1002.4,10,,,92,10,0.0,10,2,10,,,0.0,10,0.3,,,0,0.8,,,0,,,0.0,10,-0.2,10,951,10
2008-01-11T10:00+00:00,5935,28.0,0,130,10,140.0,10,1.9,10,5.7,10,1001.8,10,,,92,10,0.0,10,0,10,,,0.0,10,0.3,,,0,0.8,,,0,,,0.2,10,0.1,10,1003,10
2008-01-11T11:00+00:00,5935,37.0,0,126,10,149.0,10,2.5,10,6.7,10,1001.1,10,,,92,10,0.0,10,0,10,,,0.0,10,0.3,,,0,0.8,,,0,,,0.2,10,0.2,10,1102,10
2008-01-11T12:00+00:00,5935,32.0,0,126,10,129.0,10,2.3,10,6.1,10,1000.2,10,,,92,10,0.0,10,0,10,,,0.0,10,0.3,,,0,0.8,,,0,,,0.3,10,0.3,10,1228,10
2008-01-11T13:00+00:00,5935,27.0,0,136,10,132.0,10,2.0,10,5.1,10,999.4,10,,,92,10,0.0,10,8,10,,,0.0,10,0.3,,,0,0.8,,,0,,,0.4,10,0.4,10,1332,10
2008-01-11T14:00+00:00,5935,20.0,0,135,10,166.0,10,1.9,10,5.3,10,999.1,10,,,92,10,0.0,10,0,10,,,0.0,10,0.3,,,0,0.8,,,0,,,0.5,10,0.5,10,1439,10
2008-01-11T15:00+00:00,5935,10.0,0,119,10,147.0,10,1.5,10,4.7,10,998.6,10,,,92,10,0.0,10,0,10,,,0.0,10,0.3,,,0,0.8,,,0,,,0.5,10,0.3,10,1524,10
2008-01-11T16:00+00:00,5935,1.0,0,102,10,101.0,10,1.2,10,3.2,10,997.9,10,,,92,10,0.0,10,0,10,,,0.0,10,0.3,,,0,0.8,,,0,,,0.6,10,0.3,10,1700,10
2008-01-11T17:00+00:00,5935,0.0,0,101,10,96.0,10,0.9,10,2.2,10,997.1,10,,,92,10,0.0,10,0,10,,,0.0,10,0.3,,,0,0.8,,,0,,,0.9,10,0.4,10,1740,10
2008-01-11T18:00+00:00,5935,0.0,0,127,10,157.0,10,0.9,10,2.8,10,996.6,10,,,92,10,0.0,10,0,10,,,0.0,10,0.3,,,0,0.8,,,0,,,1.4,10,0.6,10,1838,10
2008-01-11T19:00+00:00,5935,0.0,0,136,10,140.0,10,0.9,10,2.7,10,995.9,10,,,92,10,0.0,10,0,10,,,0.0,10,0.3,,,0,0.8,,,0,,,1.5,10,1.1,10,1937,10
2008-01-11T20:00+00:00,5935,0.0,0,159,10,127.0,10,0.3,10,2.0,10,995.4,10,,,92,10,0.0,10,0,10,,,0.0,10,0.3,,,0,0.8,,,0,,,1.2,10,0.8,10,2100,10
2008-01-11T21:00+00:00,5935,0.0,0,102,10,167.0,10,0.4,10,1.7,10,994.7,10,,,92,10,0.0,10,0,10,,,0.0,10,0.3,,,0,0.8,,,0,,,1.4,10,0.8,10,2113,10
2008-01-11T22:00+00:00,5935,0.0,0,32,10,29.0,10,0.6,10,1.3,10,993.9,10,,,92,10,0.0,10,0,10,,,0.0,10,0.3,,,0,0.8,,,0,,,1.2,10,0.9,10,2216,10
2008-01-11T23:00+00:00,5935,0.0,0,19,10,359.0,10,0.3,10,1.1,10,993.4,10,,,92,10,0.0,10,0,10,,,0.0,10,0.3,,,0,0.8,,,0,,,1.2,10,0.8,10,2331,10
2008-01-12T00:00+00:00,5935,0.0,0,51,10,23.0,10,0.1,10,1.5,10,992.4,10,,,92,10,0.0,10,0,10,,,0.0,10,0.3,,,0,0.8,,,0,,,1.6,10,0.8,10,47,10
2008-01-12T01:00+00:00,5935,0.0,0,71,10,60.0,10,0.6,10,1.6,10,991.8,10,,,92,10,0.0,10,0,10,,,0.0,10,0.4,,,0,0.8,,,0,,,1.7,10,1.0,10,135,10
2008-01-12T02:00+00:00,5935,0.0,0,62,10,107.0,10,0.5,10,2.2,10,991.2,10,,,92,10,0.0,10,0,10,,,0.0,10,0.3,,,0,0.8,,,0,,,1.6,10,1.0,10,207,10
2008-01-12T03:00+00:00,5935,0.0,0,335,10,337.0,10,0.6,10,2.2,10,990.8,10,,,92,10,0.0,10,0,10,,,0.0,10,0.3,,,0,0.8,,,0,,,1.4,10,0.9,10,337,10
2008-01-12T04:00+00:00,5935,0.0,0,351,10,340.0,10,0.8,10,2.1,10,990.4,10,,,92,10,0.0,10,0,10,,,0.0,10,0.4,,,0,0.8,,,0,,,1.3,10,0.9,10,435,10
2008-01-12T05:00+00:00,5935,0.0,0,340,10,354.0,10,0.9,10,2.5,10,990.3,10,,,92,10,0.0,10,0,10,,,0.0,10,0.4,,,0,0.8,,,0,,,1.5,10,0.9,10,517,10
2008-01-12T06:00+00:00,5935,0.0,0,335,10,340.0,10,0.9,10,2.7,10,990.3,10,,,92,10,0.0,10,0,10,,,0.0,10,0.3,,,0,0.8,,,0,,,1.5,10,0.6,10,654,10
2008-01-12T07:00+00:00,5935,2.0,0,327,10,332.0,10,0.7,10,2.0,10,990.2,10,,,92,10,0.0,10,0,10,,,0.0,10,0.3,,,0,0.8,,,0,,,1.2,10,0.2,10,800,10
2008-01-12T08:00+00:00,5935,38.0,0,328,10,11.0,10,0.4,10,1.4,10,990.3,10,,,92,10,0.0,10,0,10,,,0.0,10,0.4,,,0,0.8,,,0,,,1.1,10,0.2,10,804,10
2008-01-12T09:00+00:00,5935,87.0,0,277,10,315.0,10,0.7,10,1.6,10,990.4,10,,,92,10,0.0,10,0,10,,,0.0,10,0.4,,,0,0.8,,,0,,,1.8,10,0.8,10,951,10
2008-01-12T10:00+00:00,5935,160.0,0,319,10,295.0,10,0.7,10,2.3,10,990.4,10,,,92,10,0.0,10,0,10,,,0.1,10,0.4,,,0,0.8,,,0,,,3.0,10,2.5,10,1030,10
2008-01-12T11:00+00:00,5935,256.0,0,350,10,326.0,10,0.7,10,2.3,10,990.2,10,,,92,10,0.0,10,0,10,,,1.0,10,0.4,,,0,0.8,,,0,,,5.2,10,5.3,10,1130,10
2008-01-12T12:00+00:00,5935,191.0,0,311,10,289.0,10,1.0,10,2.4,10,990.0,10,,,90,10,0.0,10,0,10,,,0.1,10,0.4,,,0,0.8,,,0,,,5.5,10,6.4,10,1217,10
2008-01-12T13:00+00:00,5935,129.0,0,305,10,307.0,10,1.1,10,3.3,10,990.4,10,,,88,10,0.0,10,0,10,,,0.0,10,0.4,,,0,0.8,,,0,,,4.3,10,4.6,10,1357,10
2008-01-12T14:00+00:00,5935,79.0,0,312,10,295.0,10,2.5,10,7.7,10,992.2,10,,,83,10,0.0,10,0,10,,,0.0,10,0.4,,,0,0.8,,,0,,,2.6,10,2.4,10,1419,10
2008-01-12T15:00+00:00,5935,31.0,0,311,10,310.0,10,1.3,10,3.9,10,993.6,10,,,74,10,0.0,10,0,10,,,0.0,10,0.4,,,0,0.8,,,0,,,4.3,10,1.9,10,1556,10
2008-01-12T16:00+00:00,5935,2.0,0,312,10,287.0,10,1.1,10,6.8,10,994.9,10,,,71,10,0.0,10,0,10,,,0.0,10,0.4,,,0,0.8,,,0,,,4.7,10,1.8,10,1604,10
2008-01-12T17:00+00:00,5935,0.0,0,307,10,229.0,10,0.5,10,4.2,10,996.0,10,,,74,10,0.0,10,0,10,,,0.0,10,0.4,,,0,0.9,,,0,,,4.0,10,1.2,10,1703,10
2008-01-12T18:00+00:00,5935,0.0,0,304,10,339.0,10,0.7,10,2.6,10,996.9,10,,,77,10,0.0,10,0,10,,,0.0,10,0.4,,,0,0.9,,,0,,,3.6,10,0.6,10,1829,10
2008-01-12T19:00+00:00,5935,0.0,0,285,10,280.0,10,0.6,10,2.5,10,998.1,10,,,80,10,0.0,10,0,10,,,0.0,10,0.4,,,0,0.9,,,0,,,3.1,10,-0.5,10,1930,10
2008-01-12T20:00+00:00,5935,0.0,0,39,10,33.0,10,0.5,10,2.5,10,998.8,10,,,82,10,0.0,10,0,10,,,0.0,10,0.4,,,0,0.8,,,0,,,2.6,10,-0.2,10,2016,10
2008-01-12T21:00+00:00,5935,0.0,0,340,10,340.0,10,0.7,10,1.8,10,999.5,10,,,79,10,0.0,10,0,10,,,0.0,10,0.4,,,0,0.8,,,0,,,4.1,10,0.3,10,2125,10
2008-01-12T22:00+00:00,5935,0.0,0,315,10,298.0,10,0.6,10,2.9,10,1000.3,10,,,76,10,0.0,10,0,10,,,0.0,10,0.4,,,0,0.8,,,0,,,5.0,10,1.5,10,2251,10
2008-01-12T23:00+00:00,5935,0.0,0,348,10,308.0,10,0.6,10,3.5,10,1000.8,10,,,76,10,0.0,10,0,10,,,0.0,10,0.4,,,0,0.8,,,0,,,5.1,10,2.2,10,2306,10
2008-01-13T00:00+00:00,5935,0.0,0,342,10,316.0,10,0.8,10,3.3,10,1001.3,10,,,83,10,0.0,10,39,10,,,0.0,10,0.4,,,0,0.8,,,0,,,4.4,10,2.2,10,33,10
2008-01-13T01:00+00:00,5935,0.0,0,292,10,298.0,10,1.0,10,2.5,10,1001.7,10,,,88,10,0.1,10,50,10,,,0.0,10,0.4,,,0,0.9,,,0,,,4.0,10,2.1,10,200,10
2008-01-13T02:00+00:00,5935,0.0,0,265,10,314.0,10,0.3,10,1.3,10,1002.1,10,,,88,10,0.0,10,10,10,,,0.0,10,0.4,,,0,0.9,,,0,,,4.1,10,1.7,10,220,10
2008-01-13T03:00+00:00,5935,0.0,0,295,10,318.0,10,0.5,10,2.9,10,1002.0,10,,,87,10,0.0,10,9,10,,,0.0,10,0.4,,,0,0.9,,,0,,,4.2,10,1.6,10,356,10
2008-01-13T04:00+00:00,5935,0.0,0,298,10,298.0,10,1.5,10,4.3,10,1002.4,10,,,84,10,0.0,10,0,10,,,0.0,10,0.4,,,0,0.9,,,0,,,4.3,10,2.2,10,452,10
2008-01-13T05:00+00:00,5935,0.0,0,288,10,289.0,10,1.8,10,4.7,10,1002.8,10,,,84,10,0.0,10,0,10,,,0.0,10,0.4,,,0,0.9,,,0,,,4.1,10,2.4,10,501,10
2008-01-13T06:00+00:00,5935,0.0,0,315,10,337.0,10,0.9,10,2.8,10,1003.2,10,,,83,10,0.0,10,0,10,,,0.0,10,0.4,,,0,0.9,,,0,,,4.3,10,2.1,10,609,10
2008-01-13T07:00+00:00,5935,2.0,0,289,10,321.0,10,0.3,10,1.6,10,1003.9,10,,,85,10,0.0,10,0,10,,,0.0,10,0.4,,,0,0.9,,,0,,,3.8,10,1.7,10,730,10
2008-01-13T08:00+00:00,5935,16.0,0,332,10,342.0,10,0.7,10,2.1,10,1004.1,10,,,84,10,0.0,10,0,10,,,0.0,10,0.4,,,0,0.9,,,0,,,4.1,10,1.8,10,815,10
2008-01-13T09:00+00:00,5935,74.0,0,66,10,60.0,10,0.8,10,2.3,10,1004.7,10,,,83,10,0.0,10,0,10,,,0.0,10,0.4,,,0,0.9,,,0,,,4.2,10,2.1,10,954,10
2008-01-13T10:00+00:00,5935,124.0,0,16,10,16.0,10,1.0,10,2.7,10,1004.3,10,,,81,10,0.0,10,0,10,,,0.0,10,0.4,,,0,0.9,,,0,,,5.1,10,3.9,10,1011,10
2008-01-13T11:00+00:00,5935,140.0,0,304,10,302.0,10,1.2,10,2.9,10,1003.9,10,,,75,10,0.0,10,0,10,,,0.0,10,0.4,,,0,0.9,,,0,,,5.7,10,5.2,10,1121,10
2008-01-13T12:00+00:00,5935,145.0,0,344,10,50.0,10,0.8,10,2.4,10,1003.3,10,,,72,10,0.0,10,0,10,,,0.0,10,0.4,,,0,0.9,,,0,,,6.1,10,5.2,10,1258,10
2008-01-13T13:00+00:00,5935,119.0,0,25,10,16.0,10,1.3,10,2.7,10,1002.6,10,,,72,10,0.0,10,0,10,,,0.0,10,0.4,,,0,0.9,,,0,,,5.7,10,5.7,10,1308,10
2008-01-13T14:00+00:00,5935,148.0,0,72,10,104.0,10,1.4,10,2.9,10,1002.3,10,,,74,10,0.0,10,0,10,,,0.4,10,0.4,,,0,0.9,,,0,,,5.6,10,4.1,10,1430,10
2008-01-13T15:00+00:00,5935,46.0,0,80,10,81.0,10,1.1,10,2.4,10,1002.4,10,,,80,10,0.0,10,0,10,,,0.2,10,0.4,,,0,0.9,,,0,,,4.9,10,1.0,10,1502,10
2008-01-13T16:00+00:00,5935,6.0,0,56,10,49.0,10,0.6,10,2.2,10,1002.5,10,,,84,10,0.0,10,0,10,,,0.0,10,0.4,,,0,0.9,,,0,,,3.5,10,-0.7,10,1641,10
2008-01-13T17:00+00:00,5935,0.0,0,64,10,78.0,10,0.6,10,2.0,10,1002.5,10,,,86,10,0.0,10,0,10,,,0.0,10,0.4,,,0,0.9,,,0,,,3.2,10,-0.7,10,1756,10
2008-01-13T18:00+00:00,5935,0.0,0,67,10,84.0,10,0.7,10,2.5,10,1002.6,10,,,88,10,0.0,10,0,10,,,0.0,10,0.4,,,0,0.9,,,0,,,2.5,10,-0.6,10,1807,10
2008-01-13T19:00+00:00,5935,0.0,0,101,10,120.0,10,0.4,10,1.8,10,1002.6,10,,,89,10,0.0,10,0,10,,,0.0,10,0.4,,,0,0.9,,,0,,,2.9,10,0.0,10,1951,10
2008-01-13T20:00+00:00,5935,0.0,0,119,10,124.0,10,0.5,10,1.7,10,1002.7,10,,,89,10,0.0,10,0,10,,,0.0,10,0.4,,,0,0.9,,,0,,,3.0,10,1.1,10,2058,10
2008-01-13T21:00+00:00,5935,0.0,0,126,10,142.0,10,0.5,10,2.1,10,1002.7,10,,,88,10,0.0,10,0,10,,,0.0,10,0.4,,,0,0.9,,,0,,,3.2,10,0.9,10,2159,10
2008-01-13T22:00+00:00,5935,0.0,0,125,10,101.0,10,1.0,10,3.2,10,1002.3,10,,,85,10,0.0,10,0,10,,,0.0,10,0.4,,,0,0.9,,,0,,,3.7,10,0.9,10,2244,10
2008-01-13T23:00+00:00,5935,0.0,0,122,10,133.0,10,1.2,10,3.2,10,1001.9,10,,,85,10,0.0,10,0,10,,,0.0,10,0.4,,,0,0.9,,,0,,,3.0,10,0.5,10,2339,10
2008-01-14T00:00+00:00,5935,0.0,0,133,10,141.0,10,1.0,10,2.1,10,1001.8,10,,,87,10,0.0,10,0,10,,,0.0,10,0.4,,,0,0.9,,,0,,,2.4,10,-0.7,10,44,10
2008-01-14T01:00+00:00,5935,0.0,0,147,10,160.0,10,1.2,10,3.6,10,1001.5,10,,,84,10,0.0,10,0,10,,,0.0,10,0.4,,,0,0.9,,,0,,,2.7,10,-0.1,10,159,10
2008-01-14T02:00+00:00,5935,0.0,0,154,10,137.0,10,1.6,10,4.1,10,1001.4,10,,,84,10,0.0,10,0,10,,,0.0,10,0.4,,,0,0.9,,,0,,,2.5,10,0.1,10,253,10
2008-01-14T03:00+00:00,5935,0.0,0,142,10,141.0,10,1.0,10,3.3,10,1001.0,10,,,86,10,0.0,10,0,10,,,0.0,10,0.4,,,0,0.9,,,0,,,1.7,10,-1.0,10,400,10
2008-01-14T04:00+00:00,5935,0.0,0,137,10,166.0,10,1.6,10,4.3,10,1000.6,10,,,84,10,0.0,10,0,10,,,0.0,10,0.4,,,0,0.9,,,0,,,1.9,10,-1.0,10,443,10
2008-01-14T05:00+00:00,5935,0.0,0,135,10,128.0,10,1.4,10,3.9,10,1000.4,10,,,85,10,0.0,10,0,10,,,0.0,10,0.4,,,0,0.9,,,0,,,1.4,10,-0.7,10,504,10
2008-01-14T06:00+00:00,5935,0.0,0,147,10,183.0,10,1.5,10,4.2,10,1000.6,10,,,85,10,0.0,10,0,10,,,0.0,10,0.4,,,0,0.9,,,0,,,1.4,10,-1.1,10,648,10
2008-01-14T07:00+00:00,5935,1.0,0,138,10,138.0,10,1.8,10,4.2,10,1000.3,10,,,86,10,0.0,10,0,10,,,0.0,10,0.4,,,0,0.9,,,0,,,1.7,10,-0.5,10,750,10
2008-01-14T08:00+00:00,5935,31.0,0,129,10,167.0,10,1.7,10,5.9,10,1000.2,10,,,85,10,0.0,10,0,10,,,0.0,10,0.4,,,0,0.9,,,0,,,2.0,10,0.9,10,825,10
2008-01-14T09:00+00:00,5935,44.0,0,115,10,138.0,10,1.7,10,5.1,10,1000.5,10,,,86,10,0.0,10,0,10,,,0.0,10,0.4,,,0,0.9,,,0,,,2.1,10,1.4,10,902,10
2008-01-14T10:00+00:00,5935,37.0,0,124,10,127.0,10,1.9,10,6.3,10,1000.2,10,,,87,10,0.0,10,0,10,,,0.0,10,0.4,,,0,0.9,,,0,,,3.0,10,1.9,10,1052,10
2008-01-14T11:00+00:00,5935,62.0,0,126,10,130.0,10,2.2,10,6.3,10,999.6,10,,,88,10,0.0,10,0,10,,,0.0,10,0.4,,,0,0.9,,,0,,,3.3,10,3.0,10,1133,10
2008-01-14T12:00+00:00,5935,95.0,0,131,10,106.0,10,2.8,10,7.6,10,998.9,10,,,87,10,0.0,10,0,10,,,0.0,10,0.4,,,0,0.9,,,0,,,3.8,10,3.9,10,1230,10
2008-01-14T13:00+00:00,5935,98.0,0,140,10,132.0,10,2.8,10,8.0,10,998.6,10,,,85,10,0.0,10,0,10,,,0.0,10,0.4,,,0,0.9,,,0,,,4.4,10,4.4,10,1343,10
2008-01-14T14:00+00:00,5935,65.0,0,145,10,134.0,10,2.7,10,8.5,10,998.3,10,,,83,10,0.0,10,0,10,,,0.0,10,0.4,,,0,0.9,,,0,,,4.7,10,4.5,10,1440,10
2008-01-14T15:00+00:00,5935,36.0,0,142,10,143.0,10,3.0,10,7.8,10,998.2,10,,,82,10,0.0,10,0,10,,,0.0,10,0.4,,,0,0.9,,,0,,,4.8,10,3.8,10,1535,10
2008-01-14T16:00+00:00,5935,3.0,0,139,10,138.0,10,3.0,10,7.6,10,998.5,10,,,84,10,0.0,10,0,10,,,0.0,10,0.4,,,0,0.9,,,0,,,4.4,10,3.7,10,1611,10
2008-01-14T17:00+00:00,5935,0.0,0,137,10,121.0,10,3.2,10,8.5,10,998.3,10,,,86,10,0.0,10,0,10,,,0.0,10,0.4,,,0,0.9,,,0,,,4.1,10,3.4,10,1711,10
2008-01-14T18:00+00:00,5935,0.0,0,142,10,134.0,10,2.2,10,7.6,10,998.8,10,,,87,10,0.0,10,0,10,,,0.0,10,0.4,,,0,0.9,,,0,,,3.9,10,3.3,10,1806,10
2008-01-14T19:00+00:00,5935,0.0,0,134,10,124.0,10,1.9,10,5.3,10,998.8,10,,,89,10,0.0,10,0,10,,,0.0,10,0.4,,,0,0.9,,,0,,,3.8,10,3.1,10,1908,10
2008-01-14T20:00+00:00,5935,0.0,0,140,10,168.0,10,1.8,10,5.5,10,999.0,10,,,88,10,0.0,10,0,10,,,0.0,10,0.4,,,0,0.9,,,0,,,4.0,10,3.1,10,2054,10
2008-01-14T21:00+00:00,5935,0.0,0,157,10,142.0,10,2.4,10,6.3,10,998.8,10,,,87,10,0.0,10,0,10,,,0.0,10,0.4,,,0,0.9,,,0,,,4.0,10,3.3,10,2157,10
2008-01-14T22:00+00:00,5935,0.0,0,157,10,195.0,10,2.5,10,7.6,10,998.8,10,,,88,10,0.0,10,0,10,,,0.0,10,0.4,,,0,0.9,,,0,,,4.0,10,3.3,10,2206,10
2008-01-14T23:00+00:00,5935,0.0,0,155,10,181.0,10,2.3,10,6.8,10,998.8,10,,,86,10,0.0,10,0,10,,,0.0,10,0.4,,,0,0.9,,,0,,,4.1,10,3.3,10,2336,10
2008-01-15T00:00+00:00,5935,0.0,0,138,10,137.0,10,2.1,10,6.3,10,998.5,10,,,87,10,0.0,10,0,10,,,0.0,10,0.4,,,0,0.9,,,0,,,3.8,10,3.2,10,9,10
2008-01-15T01:00+00:00,5935,0.0,0,140,10,142.0,10,2.2,10,6.1,10,998.7,10,,,86,10,0.0,10,0,10,,,0.0,10,0.4,,,0,0.9,,,0,,,3.8,10,3.1,10,132,10
2008-01-15T02:00+00:00,5935,0.0,0,132,10,138.0,10,1.9,10,4.8,10,998.6,10,,,86,10,0.0,10,0,10,,,0.0,10,0.4,,,0,0.9,,,0,,,3.7,10,2.9,10,210,10
2008-01-15T03:00+00:00,5935,0.0,0,127,10,142.0,10,1.6,10,4.8,10,998.4,10,,,86,10,0.0,10,0,10,,,0.0,10,0.4,,,0,0.9,,,0,,,3.6,10,2.8,10,357,10
2008-01-15T04:00+00:00,5935,0.0,0,135,10,137.0,10,1.6,10,4.2,10,998.4,10,,,86,10,0.0,10,0,10,,,0.0,10,0.4,,,0,0.9,,,0,,,3.5,10,2.6,10,401,10
2008-01-15T05:00+00:00,5935,0.0,0,117,10,94.0,10,1.2,10,3.1,10,998.3,10,,,87,10,0.0,10,0,10,,,0.0,10,0.4,,,0,0.9,,,0,,,3.4,10,2.5,10,547,10
2008-01-15T06:00+00:00,5935,0.0,0,116,10,122.0,10,1.5,10,3.8,10,998.9,10,,,87,10,0.0,10,0,10,,,0.0,10,0.4,,,0,0.9,,,0,,,3.4,10,2.4,10,658,10
2008-01-15T07:00+00:00,5935,0.0,0,121,10,108.0,10,1.3,10,3.8,10,999.5,10,,,87,10,0.0,10,0,10,,,0.0,10,0.4,,,0,0.9,,,0,,,3.5,10,2.5,10,704,10
2008-01-15T08:00+00:00,5935,13.0,0,131,10,168.0,10,1.0,10,2.9,10,999.7,10,,,87,10,0.0,10,0,10,,,0.0,10,0.4,,,0,0.9,,,0,,,3.5,10,2.5,10,834,10
2008-01-15T09:00+00:00,5935,35.0,0,114,10,134.0,10,1.4,10,4.5,10,999.6,10,,,86,10,0.0,10,0,10,,,0.0,10,0.4,,,0,0.9,,,0,,,3.7,10,3.1,10,958,10
2008-01-15T10:00+00:00,5935,61.0,0,148,10,123.0,10,1.8,10,4.7,10,999.8,10,,,84,10,0.0,10,0,10,,,0.0,10,0.4,,,0,0.9,,,0,,,3.8,10,3.8,10,1022,10
2008-01-15T11:00+00:00,5935,78.0,0,146,10,104.0,10,1.7,10,4.9,10,998.9,10,,,83,10,0.0,10,0,10,,,0.0,10,0.4,,,0,0.9,,,0,,,3.8,10,4.2,10,1146,10
2008-01-15T12:00+00:00,5935,49.0,0,125,10,123.0,10,1.8,10,4.9,10,998.5,10,,,85,10,0.0,10,0,10,,,0.0,10,0.4,,,0,0.9,,,0,,,3.6,10,3.5,10,1300,10
2008-01-15T13:00+00:00,5935,49.0,0,117,10,136.0,10,2.1,10,5.8,10,997.7,10,,,84,10,0.0,10,0,10,,,0.0,10,0.4,,,0,0.9,,,0,,,3.9,10,3.4,10,1358,10
2008-01-15T14:00+00:00,5935,37.0,0,134,10,129.0,10,2.0,10,6.1,10,997.2,10,,,83,10,0.0,10,0,10,,,0.0,10,0.4,,,0,0.9,,,0,,,4.3,10,4.0,10,1401,10
2008-01-15T15:00+00:00,5935,21.0,0,110,10,141.0,10,1.9,10,5.0,10,996.6,10,,,85,10,0.0,10,0,10,,,0.0,10,0.4,,,0,0.9,,,0,,,4.4,10,3.8,10,1547,10
2008-01-15T16:00+00:00,5935,3.0,0,107,10,103.0,10,2.2,10,5.4,10,995.9,10,,,85,10,0.0,10,0,10,,,0.0,10,0.4,,,0,0.9,,,0,,,4.5,10,3.2,10,1655,10
2008-01-15T17:00+00:00,5935,0.0,0,106,10,109.0,10,2.7,10,6.2,10,994.9,10,,,88,10,0.0,10,0,10,,,0.0,10,0.4,,,0,0.9,,,0,,,3.5,10,1.5,10,1752,10
2008-01-15T18:00+00:00,5935,0.0,0,107,10,124.0,10,3.1,10,7.7,10,994.3,10,,,87,10,0.0,10,0,10,,,0.0,10,0.4,,,0,0.9,,,0,,,3.2,10,1.5,10,1824,10
2008-01-15T19:00+00:00,5935,0.0,0,114,10,152.0,10,2.6,10,6.6,10,993.1,10,,,89,10,0.0,10,0,10,,,0.0,10,0.4,,,0,0.9,,,0,,,2.8,10,1.0,10,1924,10
2008-01-15T20:00+00:00,5935,0.0,0,119,10,139.0,10,2.4,10,6.8,10,992.4,10,,,85,10,0.0,10,0,10,,,0.0,10,0.4,,,0,0.9,,,0,,,3.5,10,0.9,10,2038,10
2008-01-15T21:00+00:00,5935,0.0,0,131,10,157.0,10,2.8,10,7.6,10,991.6,10,,,81,10,0.0,10,0,10,,,0.0,10,0.5,,,0,0.9,,,0,,,4.5,10,1.2,10,2137,10
2008-01-15T22:00+00:00,5935,0.0,0,150,10,157.0,10,2.5,10,9.2,10,991.1,10,,,80,10,0.0,10,0,10,,,0.0,10,0.5,,,0,0.9,,,0,,,4.4,10,2.0,10,2234,10
2008-01-15T23:00+00:00,5935,0.0,0,142,10,141.0,10,2.3,10,6.0,10,990.2,10,,,79,10,0.0,10,0,10,,,0.0,10,0.5,,,0,0.9,,,0,,,4.4,10,1.8,10,2314,10
2008-01-16T00:00+00:00,5935,0.0,0,152,10,175.0,10,2.5,10,6.1,10,989.4,10,,,73,10,0.0,10,0,10,,,0.0,10,0.5,,,0,0.9,,,0,,,5.1,10,1.9,10,11,10
2008-01-16T01:00+00:00,5935,0.0,0,139,10,147.0,10,2.3,10,7.3,10,988.6,10,,,75,10,0.0,10,0,10,,,0.0,10,0.5,,,0,0.9,,,0,,,4.8,10,2.2,10,139,10
2008-01-16T02:00+00:00,5935,0.0,0,154,10,158.0,10,2.7,10,7.9,10,988.0,10,,,74,10,0.0,10,0,10,,,0.0,10,0.5,,,0,0.9,,,0,,,5.3,10,2.4,10,258,10
2008-01-16T03:00+00:00,5935,0.0,0,149,10,159.0,10,3.0,10,8.3,10,987.3,10,,,75,10,0.0,10,0,10,,,0.0,10,0.5,,,0,0.9,,,0,,,5.3,10,2.9,10,356,10
2008-01-16T04:00+00:00,5935,0.0,0,142,10,127.0,10,2.6,10,6.3,10,986.8,10,,,76,10,0.0,10,0,10,,,0.0,10,0.5,,,0,0.9,,,0,,,5.2,10,2.6,10,403,10
2008-01-16T05:00+00:00,5935,0.0,0,159,10,157.0,10,3.3,10,9.3,10,986.4,10,,,74,10,0.0,10,0,10,,,0.0,10,0.5,,,0,0.9,,,0,,,6.0,10,2.4,10,539,10
2008-01-16T06:00+00:00,5935,0.0,0,170,10,168.0,10,3.9,10,9.7,10,986.3,10,,,74,10,0.0,10,0,10,,,0.0,10,0.5,,,0,0.9,,,0,,,6.0,10,3.8,10,641,10
2008-01-16T07:00+00:00,5935,4.0,0,166,10,157.0,10,3.7,10,9.0,10,986.6,10,,,73,10,0.0,10,0,10,,,0.0,10,0.5,,,0,0.9,,,0,,,6.5,10,3.9,10,705,10
2008-01-16T08:00+00:00,5935,36.0,0,155,10,144.0,10,2.6,10,8.3,10,986.7,10,,,73,10,0.0,10,0,10,,,0.0,10,0.5,,,0,0.9,,,0,,,6.5,10,4.5,10,808,10
2008-01-16T09:00+00:00,5935,83.0,0,118,10,102.0,10,1.5,10,4.3,10,986.9,10,,,73,10,0.0,10,0,10,,,0.0,10,0.5,,,0,0.9,,,0,,,6.5,10,4.8,10,938,10
2008-01-16T10:00+00:00,5935,98.0,0,112,10,109.0,10,1.7,10,4.3,10,986.9,10,,,72,10,0.0,10,0,10,,,0.0,10,0.5,,,0,0.9,,,0,,,7.0,10,6.1,10,1031,10
2008-01-16T11:00+00:00,5935,135.0,0,96,10,127.0,10,1.6,10,4.2,10,986.2,10,,,73,10,0.0,10,0,10,,,0.1,10,0.6,,,0,0.9,,,0,,,7.3,10,6.3,10,1110,10
2008-01-16T12:00+00:00,5935,210.0,0,146,10,170.0,10,2.0,10,6.7,10,985.8,10,,,62,10,0.0,10,0,10,,,0.4,10,0.6,,,0,0.9,,,0,,,10.0,10,9.0,10,1217,10
2008-01-16T13:00+00:00,5935,137.0,0,201,10,149.0,10,0.5,10,6.0,10,986.0,10,,,71,10,0.0,10,0,10,,,0.0,10,0.7,,,0,0.9,,,0,,,7.7,10,8.4,10,1308,10
2008-01-16T14:00+00:00,5935,60.0,0,298,10,306.0,10,1.8,10,4.0,10,986.5,10,,,80,10,0.0,10,0,10,,,0.0,10,0.8,,,0,1.0,,,0,,,4.9,10,4.7,10,1448,10
2008-01-16T15:00+00:00,5935,35.0,0,330,10,320.0,10,1.2,10,3.5,10,987.1,10,,,80,10,0.0,10,0,10,,,0.0,10,0.9,,,0,1.0,,,0,,,4.6,10,3.1,10,1508,10
2008-01-16T16:00+00:00,5935,4.0,0,345,10,341.0,10,1.1,10,3.5,10,987.5,10,,,83,10,0.0,10,0,10,,,0.0,10,0.9,,,0,1.0,,,0,,,3.8,10,1.4,10,1624,10
2008-01-16T17:00+00:00,5935,0.0,0,345,10,315.0,10,1.0,10,3.2,10,987.9,10,,,86,10,0.0,10,0,10,,,0.0,10,0.9,,,0,1.0,,,0,,,3.4,10,1.2,10,1731,10
2008-01-16T18:00+00:00,5935,0.0,0,323,10,341.0,10,0.8,10,2.0,10,988.4,10,,,89,10,0.0,10,0,10,,,0.0,10,0.9,,,0,1.0,,,0,,,2.6,10,-0.3,10,1826,10
2008-01-16T19:00+00:00,5935,0.0,0,340,10,337.0,10,0.7,10,3.3,10,988.7,10,,,89,10,0.0,10,0,10,,,0.0,10,0.9,,,0,1.1,,,0,,,2.8,10,-0.5,10,1932,10
2008-01-16T20:00+00:00,5935,0.0,0,338,10,338.0,10,0.8,10,2.3,10,989.2,10,,,90,10,0.0,10,0,10,,,0.0,10,0.8,,,0,1.1,,,0,,,2.3,10,-1.0,10,2003,10
2008-01-16T21:00+00:00,5935,0.0,0,311,10,312.0,10,0.8,10,2.5,10,990.0,10,,,90,10,0.0,10,0,10,,,0.0,10,0.8,,,0,1.1,,,0,,,2.5,10,-0.5,10,2147,10
2008-01-16T22:00+00:00,5935,0.0,0,337,10,319.0,10,0.9,10,2.4,10,990.3,10,,,90,10,0.0,10,0,10,,,0.0,10,0.8,,,0,1.1,,,0,,,2.6,10,0.4,10,2211,10
2008-01-16T23:00+00:00,5935,0.0,0,306,10,348.0,10,0.7,10,1.6,10,990.7,10,,,92,10,0.0,10,0,10,,,0.0,10,0.8,,,0,1.1,,,0,,,2.3,10,0.2,10,2308,10
2008-01-17T00:00+00:00,5935,0.0,0,317,10,344.0,10,0.8,10,2.9,10,991.2,10,,,92,10,0.0,10,0,10,,,0.0,10,0.8,,,0,1.1,,,0,,,2.2,10,0.0,10,23,10
2008-01-17T01:00+00:00,5935,0.0,0,342,10,353.0,10,0.8,10,3.0,10,991.7,10,,,92,10,0.0,10,0,10,,,0.0,10,0.8,,,0,1.1,,,0,,,2.4,10,0.6,10,112,10
2008-01-17T02:00+00:00,5935,0.0,0,339,10,350.0,10,0.8,10,2.6,10,992.1,10,,,93,10,0.0,10,0,10,,,0.0,10,0.8,,,0,1.1,,,0,,,2.3,10,0.1,10,215,10
2008-01-17T03:00+00:00,5935,0.0,0,324,10,353.0,10,0.8,10,2.7,10,992.6,10,,,92,10,0.0,10,0,10,,,0.0,10,0.8,,,0,1.1,,,0,,,2.4,10,0.4,10,327,10
2008-01-17T04:00+00:00,5935,0.0,0,328,10,19.0,10,0.7,10,3.0,10,993.1,10,,,92,10,0.0,10,0,10,,,0.0,10,0.8,,,0,1.1,,,0,,,3.1,10,1.2,10,430,10
2008-01-17T05:00+00:00,5935,0.0,0,330,10,287.0,10,0.6,10,3.1,10,994.1,10,,,90,10,0.0,10,0,10,,,0.0,10,0.8,,,0,1.1,,,0,,,3.1,10,1.9,10,557,10
2008-01-17T06:00+00:00,5935,0.0,0,343,10,290.0,10,1.0,10,2.7,10,994.7,10,,,90,10,0.0,10,0,10,,,0.0,10,0.9,,,0,1.1,,,0,,,3.3,10,2.1,10,700,10
2008-01-17T07:00+00:00,5935,0.0,0,300,10,317.0,10,1.3,10,3.6,10,996.1,10,,,92,10,0.0,10,0,10,,,0.0,10,0.9,,,0,1.1,,,0,,,3.1,10,2.4,10,741,10
2008-01-17T08:00+00:00,5935,13.0,0,297,10,288.0,10,1.2,10,2.8,10,997.0,10,,,90,10,0.0,10,0,10,,,0.0,10,1.0,,,0,1.1,,,0,,,3.6,10,2.4,10,817,10
2008-01-17T09:00+00:00,5935,78.0,0,61,10,306.0,10,0.5,10,1.5,10,997.7,10,,,87,10,0.0,10,0,10,,,0.2,10,1.0,,,0,1.1,,,0,,,4.3,10,2.9,10,1000,10
2008-01-17T10:00+00:00,5935,173.0,0,57,10,67.0,10,0.7,10,1.9,10,998.2,10,,,83,10,0.0,10,0,10,,,0.8,10,1.1,,,0,1.2,,,0,,,5.1,10,5.1,10,1044,10
2008-01-17T11:00+00:00,5935,126.0,0,93,10,105.0,10,1.1,10,2.9,10,998.6,10,,,84,10,0.0,10,0,10,,,0.0,10,1.2,,,0,1.2,,,0,,,5.0,10,4.8,10,1157,10
2008-01-17T12:00+00:00,5935,89.0,0,102,10,81.0,10,1.3,10,3.3,10,998.5,10,,,84,10,0.0,10,0,10,,,0.0,10,1.3,,,0,1.2,,,0,,,5.1,10,5.7,10,1203,10
2008-01-17T13:00+00:00,5935,62.0,0,161,10,192.0,10,1.0,10,2.9,10,998.8,10,,,81,10,0.0,10,6,10,,,0.0,10,1.4,,,0,1.2,,,0,,,5.6,10,5.5,10,1349,10
2008-01-17T14:00+00:00,5935,54.0,0,189,10,200.0,10,1.4,10,3.3,10,999.4,10,,,84,10,0.1,10,33,10,,,0.0,10,1.5,,,0,1.3,,,0,,,5.4,10,4.8,10,1457,10
2008-01-17T15:00+00:00,5935,21.0,0,184,10,200.0,10,1.9,10,3.8,10,999.6,10,,,86,10,0.0,10,0,10,,,0.0,10,1.6,,,0,1.3,,,0,,,5.0,10,4.1,10,1554,10
2008-01-17T16:00+00:00,5935,3.0,0,177,10,198.0,10,1.3,10,3.6,10,999.8,10,,,87,10,0.0,10,24,10,,,0.0,10,1.7,,,0,1.4,,,0,,,4.9,10,3.6,10,1700,10
2008-01-17T17:00+00:00,5935,0.0,0,157,10,136.0,10,1.5,10,3.4,10,1000.0,10,,,88,10,0.0,10,4,10,,,0.0,10,1.8,,,0,1.4,,,0,,,4.6,10,3.6,10,1756,10
2008-01-17T18:00+00:00,5935,0.0,0,162,10,191.0,10,1.6,10,4.2,10,1000.1,10,,,89,10,0.0,10,0,10,,,0.0,10,1.8,,,0,1.5,,,0,,,4.4,10,3.6,10,1852,10
2008-01-17T19:00+00:00,5935,0.0,0,184,10,173.0,10,1.3,10,3.5,10,1000.1,10,,,89,10,0.0,10,0,10,,,0.0,10,1.8,,,0,1.5,,,0,,,4.4,10,3.4,10,1905,10
2008-01-17T20:00+00:00,5935,0.0,0,166,10,140.0,10,1.0,10,2.4,10,999.9,10,,,89,10,0.0,10,0,10,,,0.0,10,1.8,,,0,1.5,,,0,,,4.4,10,3.3,10,2041,10
2008-01-17T21:00+00:00,5935,0.0,0,129,10,118.0,10,1.5,10,4.1,10,999.7,10,,,89,10,0.0,10,0,10,,,0.0,10,1.8,,,0,1.6,,,0,,,4.0,10,3.4,10,2146,10
2008-01-17T22:00+00:00,5935,0.0,0,141,10,137.0,10,1.9,10,5.2,10,999.2,10,,,89,10,0.0,10,0,10,,,0.0,10,1.9,,,0,1.6,,,0,,,4.0,10,3.4,10,2243,10
2008-01-17T23:00+00:00,5935,0.0,0,133,10,117.0,10,2.0,10,5.1,10,998.8,10,,,89,10,0.0,10,0,10,,,0.0,10,1.9,,,0,1.6,,,0,,,4.0,10,3.4,10,2316,10
2008-01-18T00:00+00:00,5935,0.0,0,132,10,143.0,10,2.0,10,6.8,10,997.4,10,,,92,10,0.0,10,0,10,,,0.0,10,1.9,,,0,1.6,,,0,,,3.9,10,3.3,10,10,10
2008-01-18T01:00+00:00,5935,0.0,0,136,10,156.0,10,1.6,10,5.3,10,996.9,10,,,91,10,0.0,10,0,10,,,0.0,10,1.9,,,0,1.7,,,0,,,4.3,10,3.4,10,137,10
2008-01-18T02:00+00:00,5935,0.0,0,151,10,167.0,10,1.8,10,5.0,10,996.5,10,,,89,10,0.0,10,0,10,,,0.0,10,2.0,,,0,1.7,,,0,,,4.7,10,3.6,10,227,10
2008-01-18T03:00+00:00,5935,0.0,0,139,10,146.0,10,1.7,10,4.3,10,996.0,10,,,89,10,0.0,10,0,10,,,0.0,10,2.0,,,0,1.7,,,0,,,4.6,10,3.8,10,327,10
2008-01-18T04:00+00:00,5935,0.0,0,130,10,155.0,10,1.4,10,4.6,10,996.0,10,,,89,10,0.0,10,0,10,,,0.0,10,2.0,,,0,1.7,,,0,,,4.5,10,2.7,10,407,10
2008-01-18T05:00+00:00,5935,0.0,0,90,10,121.0,10,0.8,10,1.8,10,996.4,10,,,92,10,0.0,10,0,10,,,0.0,10,2.0,,,0,1.8,,,0,,,3.4,10,0.5,10,501,10
2008-01-18T06:00+00:00,5935,0.0,0,89,10,94.0,10,0.8,10,2.4,10,997.4,10,,,92,10,0.0,10,0,10,,,0.0,10,1.9,,,0,1.8,,,0,,,3.0,10,0.3,10,633,10
2008-01-18T07:00+00:00,5935,1.0,0,323,10,339.0,10,1.0,10,3.3,10,999.3,10,,,93,10,0.0,10,0,10,,,0.0,10,1.9,,,0,1.8,,,0,,,3.6,10,0.1,10,739,10
2008-01-18T08:00+00:00,5935,20.0,0,0,10,256.0,10,0.0,10,3.1,10,999.8,10,,,86,10,0.0,10,0,10,,,0.0,10,1.9,,,0,1.8,,,0,,,4.6,10,2.5,10,859,10
2008-01-18T09:00+00:00,5935,49.0,0,257,10,244.0,10,1.2,10,3.5,10,1000.1,10,,,77,10,0.0,10,0,10,,,0.0,10,1.9,,,0,1.8,,,0,,,6.0,10,3.5,10,918,10
2008-01-18T10:00+00:00,5935,122.0,0,66,10,64.0,10,1.2,10,2.7,10,1001.0,10,,,80,10,0.0,10,0,10,,,0.1,10,2.0,,,0,1.8,,,0,,,6.1,10,5.7,10,1047,10
2008-01-18T11:00+00:00,5935,146.0,0,105,10,258.0,10,0.8,10,4.3,10,1001.4,10,,,68,10,0.0,10,0,10,,,0.1,10,2.1,,,0,1.8,,,0,,,8.7,10,7.5,10,1156,10
2008-01-18T12:00+00:00,5935,239.0,0,263,10,265.0,10,2.8,10,6.3,10,1001.5,10,,,61,10,0.0,10,0,10,,,0.6,10,2.3,,,0,1.9,,,0,,,10.3,10,10.2,10,1218,10
2008-01-18T13:00+00:00,5935,234.0,0,250,10,248.0,10,2.8,10,7.1,10,1001.4,10,,,57,10,0.0,10,0,10,,,0.9,10,2.5,,,0,1.9,,,0,,,10.6,10,8.8,10,1351,10
2008-01-18T14:00+00:00,5935,186.0,0,261,10,281.0,10,3.0,10,7.8,10,1002.6,10,,,58,10,0.0,10,0,10,,,0.9,10,2.7,,,0,1.9,,,0,,,10.5,10,8.9,10,1457,10
2008-01-18T15:00+00:00,5935,47.0,0,266,10,292.0,10,3.5,10,9.0,10,1003.1,10,,,63,10,0.0,10,0,10,,,0.0,10,2.8,,,0,2.0,,,0,,,9.2,10,7.3,10,1527,10
2008-01-18T16:00+00:00,5935,7.0,0,253,10,263.0,10,2.8,10,7.9,10,1004.1,10,,,64,10,0.0,10,0,10,,,0.0,10,2.8,,,0,2.1,,,0,,,8.7,10,6.7,10,1631,10
2008-01-18T17:00+00:00,5935,0.0,0,248,10,257.0,10,1.6,10,4.2,10,1004.5,10,,,65,10,0.0,10,0,10,,,0.0,10,2.8,,,0,2.1,,,0,,,8.0,10,4.1,10,1716,10
2008-01-18T18:00+00:00,5935,0.0,0,214,10,233.0,10,1.6,10,3.8,10,1005.1,10,,,65,10,0.0,10,0,10,,,0.0,10,2.8,,,0,2.2,,,0,,,8.4,10,4.0,10,1822,10
2008-01-18T19:00+00:00,5935,0.0,0,227,10,230.0,10,1.2,10,4.1,10,1005.7,10,,,66,10,0.0,10,0,10,,,0.0,10,2.8,,,0,2.2,,,0,,,7.9,10,3.8,10,1937,10
2008-01-18T20:00+00:00,5935,0.0,0,228,10,239.0,10,1.7,10,4.6,10,1006.2,10,,,67,10,0.0,10,0,10,,,0.0,10,2.8,,,0,2.3,,,0,,,8.0,10,3.0,10,2050,10
2008-01-18T21:00+00:00,5935,0.0,0,230,10,212.0,10,2.2,10,4.8,10,1006.3,10,,,67,10,0.0,10,0,10,,,0.0,10,2.8,,,0,2.3,,,0,,,8.4,10,6.0,10,2156,10
2008-01-18T22:00+00:00,5935,0.0,0,233,10,243.0,10,2.1,10,4.9,10,1006.0,10,,,69,10,0.0,10,0,10,,,0.0,10,2.8,,,0,2.3,,,0,,,8.3,10,6.0,10,2235,10
2008-01-18T23:00+00:00,5935,0.0,0,229,10,229.0,10,1.7,10,3.4,10,1006.0,10,,,71,10,0.0,10,0,10,,,0.0,10,2.8,,,0,2.3,,,0,,,8.0,10,5.1,10,2308,10
2008-01-19T00:00+00:00,5935,0.0,0,190,10,189.0,10,1.3,10,3.2,10,1005.7,10,,,72,10,0.0,10,0,10,,,0.0,10,2.8,,,0,2.3,,,0,,,7.7,10,4.5,10,47,10
2008-01-19T01:00+00:00,5935,0.0,0,214,10,239.0,10,1.5,10,3.5,10,1005.5,10,,,74,10,0.1,10,12,10,,,0.0,10,2.8,,,0,2.4,,,0,,,7.9,10,5.1,10,130,10
2008-01-19T02:00+00:00,5935,0.0,0,228,10,233.0,10,1.2,10,3.4,10,1005.5,10,,,83,10,0.3,10,50,10,,,0.0,10,2.8,,,0,2.4,,,0,,,7.4,10,4.9,10,255,10
2008-01-19T03:00+00:00,5935,0.0,0,228,10,208.0,10,1.0,10,3.1,10,1004.8,10,,,87,10,0.8,10,60,10,,,0.0,10,2.8,,,0,2.4,,,0,,,7.3,10,5.0,10,332,10
2008-01-19T04:00+00:00,5935,0.0,0,158,10,128.0,10,0.7,10,2.1,10,1004.5,10,,,90,10,0.6,10,60,10,,,0.0,10,2.9,,,0,2.4,,,0,,,7.0,10,5.0,10,457,10
2008-01-19T05:00+00:00,5935,0.0,0,171,10,183.0,10,1.6,10,3.8,10,1003.8,10,,,90,10,0.9,10,60,10,,,0.0,10,2.9,,,0,2.4,,,0,,,6.4,10,5.5,10,555,10
2008-01-19T06:00+00:00,5935,0.0,0,155,10,199.0,10,1.6,10,4.1,10,1003.8,10,,,92,10,1.8,10,60,10,,,0.0,10,2.9,,,0,2.5,,,0,,,7.1,10,5.5,10,601,10
2008-01-19T07:00+00:00,5935,1.0,0,158,10,242.0,10,1.4,10,6.8,10,1003.9,10,,,85,10,0.5,10,22,10,,,0.0,10,3.0,,,0,2.5,,,0,,,8.8,10,6.2,10,757,10
2008-01-19T08:00+00:00,5935,11.0,0,261,10,284.0,10,2.4,10,7.0,10,1004.0,10,,,86,10,0.8,10,45,10,,,0.0,10,3.0,,,0,2.5,,,0,,,9.4,10,7.2,10,858,10
2008-01-19T09:00+00:00,5935,26.0,0,264,10,263.0,10,3.7,10,11.7,10,1004.0,10,,,83,10,1.1,10,56,10,,,0.0,10,3.2,,,0,2.5,,,0,,,10.0,10,8.0,10,931,10
2008-01-19T10:00+00:00,5935,114.0,0,276,10,280.0,10,5.4,10,14.3,10,1003.9,10,,,76,10,0.0,10,4,10,,,0.0,10,3.3,,,0,2.6,,,0,,,11.1,10,8.7,10,1045,10
2008-01-19T11:00+00:00,5935,164.0,0,273,10,268.0,10,5.7,10,13.3,10,1003.9,10,,,72,10,0.0,10,0,10,,,0.0,10,3.5,,,0,2.6,,,0,,,11.6,10,10.2,10,1145,10
2008-01-19T12:00+00:00,5935,156.0,0,267,10,292.0,10,5.7,10,12.8,10,1003.8,10,,,71,10,0.0,10,0,10,,,0.0,10,3.8,,,0,2.7,,,0,,,11.9,10,10.3,10,1246,10
2008-01-19T13:00+00:00,5935,133.0,0,262,10,266.0,10,6.0,10,15.0,10,1003.8,10,,,68,10,0.0,10,0,10,,,0.1,10,4.0,,,0,2.7,,,0,,,12.2,10,10.9,10,1304,10
2008-01-19T14:00+00:00,5935,139.0,0,264,10,264.0,10,6.1,10,16.1,10,1003.9,10,,,67,10,0.0,10,0,10,,,0.8,10,4.2,,,0,2.8,,,0,,,12.3,10,11.9,10,1401,10
2008-01-19T15:00+00:00,5935,40.0,0,273,10,266.0,10,6.6,10,14.3,10,1003.9,10,,,65,10,0.0,10,0,10,,,0.0,10,4.3,,,0,2.9,,,0,,,12.3,10,11.1,10,1517,10
2008-01-19T16:00+00:00,5935,8.0,0,274,10,280.0,10,6.1,10,16.6,10,1003.6,10,,,62,10,0.0,10,0,10,,,0.0,10,4.4,,,0,3.0,,,0,,,12.7,10,10.8,10,1645,10
2008-01-19T17:00+00:00,5935,0.0,0,278,10,262.0,10,6.7,10,15.5,10,1004.4,10,,,61,10,0.0,10,0,10,,,0.0,10,4.5,,,0,3.1,,,0,,,12.6,10,10.7,10,1733,10
2008-01-19T18:00+00:00,5935,0.0,0,284,10,282.0,10,6.3,10,15.8,10,1004.3,10,,,60,10,0.0,10,0,10,,,0.0,10,4.5,,,0,3.2,,,0,,,12.7,10,10.5,10,1846,10
2008-01-19T19:00+00:00,5935,0.0,0,285,10,269.0,10,6.1,10,14.8,10,1004.4,10,,,59,10,0.0,10,0,10,,,0.0,10,4.6,,,0,3.2,,,0,,,12.8,10,10.7,10,1958,10
2008-01-19T20:00+00:00,5935,0.0,0,281,10,265.0,10,6.3,10,14.3,10,1004.6,10,,,58,10,0.0,10,0,10,,,0.0,10,4.6,,,0,3.3,,,0,,,12.8,10,10.8,10,2031,10
2008-01-19T21:00+00:00,5935,0.0,0,278,10,306.0,10,7.7,10,18.0,10,1005.1,10,,,56,10,0.0,10,0,10,,,0.0,10,4.7,,,0,3.4,,,0,,,12.8,10,11.3,10,2125,10
2008-01-19T22:00+00:00,5935,0.0,0,275,10,293.0,10,7.2,10,15.7,10,1005.6,10,,,54,10,0.0,10,0,10,,,0.0,10,4.8,,,0,3.4,,,0,,,12.6,10,10.8,10,2256,10
2008-01-19T23:00+00:00,5935,0.0,0,273,10,275.0,10,7.1,10,15.6,10,1005.7,10,,,53,10,0.0,10,0,10,,,0.0,10,4.8,,,0,3.5,,,0,,,12.7,10,10.8,10,2344,10
2008-01-20T00:00+00:00,5935,0.0,0,266,10,278.0,10,6.3,10,17.0,10,1005.6,10,,,52,10,0.0,10,0,10,,,0.0,10,4.8,,,0,3.5,,,0,,,12.8,10,10.9,10,59,10
2008-01-20T01:00+00:00,5935,0.0,0,269,10,281.0,10,6.8,10,15.5,10,1006.2,10,,,52,10,0.0,10,0,10,,,0.0,10,4.9,,,0,3.6,,,0,,,12.7,10,10.9,10,139,10
2008-01-20T02:00+00:00,5935,0.0,0,266,10,284.0,10,5.7,10,15.4,10,1006.7,10,,,54,10,0.0,10,4,10,,,0.0,10,4.9,,,0,3.6,,,0,,,12.5,10,9.3,10,258,10
2008-01-20T03:00+00:00,5935,0.0,0,263,10,309.0,10,5.9,10,15.7,10,1006.7,10,,,56,10,0.0,10,2,10,,,0.0,10,4.9,,,0,3.7,,,0,,,12.0,10,10.4,10,332,10
2008-01-20T04:00+00:00,5935,0.0,0,266,10,251.0,10,5.3,10,15.7,10,1006.5,10,,,54,10,0.0,10,0,10,,,0.0,10,4.9,,,0,3.7,,,0,,,12.2,10,10.5,10,430,10
2008-01-20T05:00+00:00,5935,0.0,0,264,10,249.0,10,6.1,10,15.4,10,1006.2,10,,,55,10,0.0,10,0,10,,,0.0,10,5.0,,,0,3.8,,,0,,,12.2,10,10.6,10,550,10
2008-01-20T06:00+00:00,5935,0.0,0,268,10,286.0,10,5.3,10,11.8,10,1006.2,10,,,56,10,0.0,10,5,10,,,0.0,10,5.0,,,0,3.8,,,0,,,12.1,10,10.1,10,604,10
2008-01-20T07:00+00:00,5935,1.0,0,273,10,284.0,10,5.2,10,13.2,10,1006.3,10,,,56,10,0.0,10,0,10,,,0.0,10,5.0,,,0,3.8,,,0,,,12.2,10,10.4,10,720,10
2008-01-20T08:00+00:00,5935,34.0,0,276,10,276.0,10,5.1,10,14.9,10,1006.2,10,,,56,10,0.0,10,0,10,,,0.0,10,5.0,,,0,3.9,,,0,,,12.0,10,10.3,10,857,10
2008-01-20T09:00+00:00,5935,71.0,0,273,10,280.0,10,5.3,10,14.1,10,1006.5,10,,,56,10,0.0,10,0,10,,,0.0,10,5.1,,,0,3.9,,,0,,,12.1,10,10.6,10,914,10
2008-01-20T10:00+00:00,5935,77.0,0,263,10,293.0,10,5.5,10,14.0,10,1006.4,10,,,54,10,0.0,10,0,10,,,0.0,10,5.1,,,0,3.9,,,0,,,12.6,10,11.2,10,1054,10
2008-01-20T11:00+00:00,5935,243.0,0,263,10,245.0,10,6.0,10,15.9,10,1006.0,10,,,52,10,0.0,10,0,10,,,0.8,10,5.2,,,0,4.0,,,0,,,13.1,10,12.8,10,1148,10
2008-01-20T12:00+00:00,5935,215.0,0,273,10,292.0,10,5.3,10,12.4,10,1005.3,10,,,52,10,0.0,10,0,10,,,0.7,10,5.3,,,0,4.0,,,0,,,12.8,10,12.1,10,1229,10
2008-01-20T13:00+00:00,5935,116.0,0,273,10,299.0,10,5.1,10,11.8,10,1005.2,10,,,52,10,0.0,10,0,10,,,0.0,10,5.4,,,0,4.1,,,0,,,12.6,10,11.4,10,1331,10
2008-01-20T14:00+00:00,5935,80.0,0,270,10,284.0,10,4.5,10,10.8,10,1004.7,10,,,53,10,0.0,10,0,10,,,0.0,10,5.4,,,0,4.1,,,0,,,12.7,10,11.0,10,1416,10
2008-01-20T15:00+00:00,5935,48.0,0,269,10,298.0,10,4.7,10,11.7,10,1004.2,10,,,52,10,0.0,10,0,10,,,0.0,10,5.4,,,0,4.2,,,0,,,12.6,10,10.6,10,1546,10
2008-01-20T16:00+00:00,5935,9.0,0,271,10,251.0,10,5.1,10,13.1,10,1003.9,10,,,52,10,0.0,10,0,10,,,0.0,10,5.4,,,0,4.2,,,0,,,12.6,10,10.4,10,1609,10
2008-01-20T17:00+00:00,5935,0.0,0,272,10,237.0,10,5.0,10,11.6,10,1003.7,10,,,51,10,0.0,10,0,10,,,0.0,10,5.4,,,0,4.2,,,0,,,12.6,10,10.2,10,1751,10
2008-01-20T18:00+00:00,5935,0.0,0,270,10,263.0,10,5.5,10,14.8,10,1003.6,10,,,51,10,0.0,10,0,10,,,0.0,10,5.4,,,0,4.3,,,0,,,12.5,10,10.2,10,1840,10
2008-01-20T19:00+00:00,5935,0.0,0,271,10,274.0,10,5.3,10,12.9,10,1003.0,10,,,51,10,0.0,10,0,10,,,0.0,10,5.4,,,0,4.3,,,0,,,12.6,10,10.5,10,1957,10
2008-01-20T20:00+00:00,5935,0.0,0,269,10,299.0,10,5.4,10,13.9,10,1002.9,10,,,51,10,0.0,10,0,10,,,0.0,10,5.4,,,0,4.3,,,0,,,12.6,10,10.6,10,2042,10
2008-01-20T21:00+00:00,5935,0.0,0,274,10,264.0,10,5.6,10,14.1,10,1002.6,10,,,52,10,0.0,10,0,10,,,0.0,10,5.4,,,0,4.3,,,0,,,12.1,10,10.1,10,2154,10
2008-01-20T22:00+00:00,5935,0.0,0,264,10,274.0,10,7.4,10,18.5,10,1002.7,10,,,54,10,0.0,10,0,10,,,0.0,10,5.4,,,0,4.4,,,0,,,11.8,10,9.6,10,2237,10
2008-01-20T23:00+00:00,5935,0.0,0,273,10,240.0,10,6.6,10,15.8,10,1002.7,10,,,55,10,0.0,10,0,10,,,0.0,10,5.4,,,0,4.4,,,0,,,11.4,10,9.1,10,2335,10
2008-01-21T00:00+00:00,5935,0.0,0,277,10,279.0,10,5.8,10,13.2,10,1002.7,10,,,56,10,0.0,10,0,10,,,0.0,10,5.4,,,0,4.4,,,0,,,10.9,10,8.5,10,24,10
2008-01-21T01:00+00:00,5935,0.0,0,275,10,284.0,10,5.3,10,13.2,10,1002.1,10,,,57,10,0.0,10,0,10,,,0.0,10,5.3,,,0,4.4,,,0,,,10.6,10,8.1,10,144,10
2008-01-21T02:00+00:00,5935,0.0,0,266,10,251.0,10,5.4,10,15.2,10,1001.7,10,,,58,10,0.0,10,0,10,,,0.0,10,5.3,,,0,4.4,,,0,,,10.5,10,8.0,10,207,10
2008-01-21T03:00+00:00,5935,0.0,0,270,10,252.0,10,4.8,10,12.8,10,1001.3,10,,,58,10,0.0,10,0,10,,,0.0,10,5.2,,,0,4.4,,,0,,,10.6,10,7.7,10,304,10
2008-01-21T04:00+00:00,5935,0.0,0,271,10,283.0,10,5.4,10,12.5,10,1001.6,10,,,59,10,0.0,10,0,10,,,0.0,10,5.2,,,0,4.4,,,0,,,10.0,10,7.7,10,448,10
2008-01-21T05:00+00:00,5935,0.0,0,271,10,295.0,10,4.5,10,11.6,10,1001.6,10,,,61,10,0.0,10,0,10,,,0.0,10,5.1,,,0,4.4,,,0,,,9.4,10,6.6,10,503,10
2008-01-21T06:00+00:00,5935,0.0,0,273,10,292.0,10,4.3,10,10.9,10,1001.5,10,,,62,10,0.0,10,0,10,,,0.0,10,5.1,,,0,4.4,,,0,,,9.4,10,6.4,10,642,10
2008-01-21T07:00+00:00,5935,2.0,0,278,10,269.0,10,4.8,10,12.5,10,1001.5,10,,,62,10,0.0,10,0,10,,,0.0,10,5.0,,,0,4.4,,,0,,,9.2,10,6.5,10,735,10
2008-01-21T08:00+00:00,5935,66.0,0,267,10,252.0,10,5.6,10,13.5,10,1001.4,10,,,60,10,0.0,10,0,10,,,0.5,10,5.0,,,0,4.4,,,0,,,9.9,10,6.9,10,848,10
2008-01-21T09:00+00:00,5935,194.0,0,261,10,267.0,10,6.4,10,16.5,10,1001.1,10,,,57,10,0.0,10,0,10,,,1.0,10,5.0,,,0,4.4,,,0,,,10.9,10,8.3,10,941,10
2008-01-21T10:00+00:00,5935,207.0,0,265,10,236.0,10,6.4,10,16.2,10,1000.8,10,,,57,10,0.0,10,0,10,,,0.7,10,5.0,,,0,4.4,,,0,,,10.7,10,9.8,10,1100,10
2008-01-21T11:00+00:00,5935,150.0,0,274,10,250.0,10,6.1,10,15.0,10,1000.3,10,,,57,10,0.0,10,0,10,,,0.2,10,5.0,,,0,4.4,,,0,,,10.7,10,10.1,10,1106,10
2008-01-21T12:00+00:00,5935,159.0,0,274,10,282.0,10,6.2,10,14.8,10,999.1,10,,,56,10,0.0,10,0,10,,,0.0,10,5.1,,,0,4.4,,,0,,,10.8,10,10.5,10,1243,10
2008-01-21T13:00+00:00,5935,140.0,0,276,10,285.0,10,5.9,10,15.0,10,998.3,10,,,55,10,0.0,10,0,10,,,0.1,10,5.2,,,0,4.4,,,0,,,10.8,10,10.0,10,1309,10
2008-01-21T14:00+00:00,5935,144.0,0,274,10,279.0,10,5.6,10,11.6,10,997.5,10,,,54,10,0.0,10,0,10,,,0.6,10,5.2,,,0,4.4,,,0,,,11.2,10,10.0,10,1436,10
2008-01-21T15:00+00:00,5935,89.0,0,271,10,257.0,10,5.2,10,12.4,10,997.3,10,,,55,10,0.0,10,0,10,,,0.6,10,5.3,,,0,4.5,,,0,,,10.8,10,9.3,10,1512,10
2008-01-21T16:00+00:00,5935,12.0,0,270,10,260.0,10,3.8,10,9.6,10,996.7,10,,,56,10,0.0,10,0,10,,,0.2,10,5.3,,,0,4.5,,,0,,,10.4,10,8.0,10,1621,10
2008-01-21T17:00+00:00,5935,0.0,0,252,10,279.0,10,2.7,10,8.6,10,996.5,10,,,55,10,0.0,10,0,10,,,0.0,10,5.3,,,0,4.5,,,0,,,10.0,10,5.9,10,1729,10
2008-01-21T18:00+00:00,5935,0.0,0,244,10,240.0,10,3.2,10,7.2,10,996.1,10,,,58,10,0.0,10,0,10,,,0.0,10,5.2,,,0,4.5,,,0,,,9.2,10,5.9,10,1826,10
2008-01-21T19:00+00:00,5935,0.0,0,236,10,262.0,10,1.6,10,5.7,10,995.4,10,,,60,10,0.0,10,0,10,,,0.0,10,5.1,,,0,4.5,,,0,,,8.5,10,3.5,10,1941,10
2008-01-21T20:00+00:00,5935,0.0,0,222,10,234.0,10,1.4,10,4.7,10,994.5,10,,,59,10,0.0,10,0,10,,,0.0,10,5.0,,,0,4.5,,,0,,,8.9,10,3.1,10,2046,10
2008-01-21T21:00+00:00,5935,0.0,0,236,10,224.0,10,1.8,10,8.0,10,993.7,10,,,59,10,0.0,10,0,10,,,0.0,10,4.9,,,0,4.5,,,0,,,8.9,10,4.3,10,2155,10
2008-01-21T22:00+00:00,5935,0.0,0,254,10,259.0,10,2.9,10,8.1,10,992.8,10,,,60,10,0.0,10,0,10,,,0.0,10,4.8,,,0,4.5,,,0,,,8.9,10,5.5,10,2238,10
2008-01-21T23:00+00:00,5935,0.0,0,252,10,308.0,10,3.2,10,9.6,10,992.0,10,,,57,10,0.0,10,0,10,,,0.0,10,4.8,,,0,4.5,,,0,,,9.6,10,5.9,10,2355,10
2008-01-22T00:00+00:00,5935,0.0,0,263,10,266.0,10,3.8,10,12.7,10,991.3,10,,,57,10,0.0,10,0,10,,,0.0,10,4.8,,,0,4.5,,,0,,,9.8,10,6.8,10,20,10
2008-01-22T01:00+00:00,5935,0.0,0,264,10,296.0,10,3.2,10,8.9,10,990.8,10,,,57,10,0.0,10,0,10,,,0.0,10,4.7,,,0,4.5,,,0,,,9.6,10,7.3,10,113,10
2008-01-22T02:00+00:00,5935,0.0,0,261,10,289.0,10,3.0,10,9.0,10,990.0,10,,,57,10,0.0,10,0,10,,,0.0,10,4.7,,,0,4.4,,,0,,,9.5,10,7.1,10,241,10
2008-01-22T03:00+00:00,5935,0.0,0,271,10,291.0,10,3.8,10,10.0,10,990.0,10,,,60,10,0.0,10,6,10,,,0.0,10,4.7,,,0,4.4,,,0,,,9.4,10,7.1,10,355,10
2008-01-22T04:00+00:00,5935,0.0,0,263,10,274.0,10,4.3,10,11.6,10,989.7,10,,,59,10,0.0,10,5,10,,,0.0,10,4.7,,,0,4.4,,,0,,,9.5,10,6.7,10,406,10
2008-01-22T05:00+00:00,5935,0.0,0,255,10,262.0,10,4.3,10,10.3,10,988.8,10,,,62,10,0.0,10,0,10,,,0.0,10,4.7,,,0,4.4,,,0,,,9.3,10,7.7,10,554,10
2008-01-22T06:00+00:00,5935,0.0,0,260,10,256.0,10,3.7,10,11.7,10,988.4,10,,,62,10,0.0,10,0,10,,,0.0,10,4.8,,,0,4.4,,,0,,,9.7,10,7.0,10,659,10
2008-01-22T07:00+00:00,5935,1.0,0,264,10,228.0,10,5.3,10,14.0,10,988.2,10,,,62,10,0.0,10,0,10,,,0.0,10,4.8,,,0,4.4,,,0,,,10.2,10,7.9,10,732,10
2008-01-22T08:00+00:00,5935,25.0,0,266,10,268.0,10,4.8,10,13.9,10,987.9,10,,,62,10,0.0,10,0,10,,,0.0,10,4.8,,,0,4.4,,,0,,,10.5,10,8.6,10,851,10
2008-01-22T09:00+00:00,5935,65.0,0,266,10,257.0,10,5.0,10,13.4,10,988.1,10,,,63,10,0.0,10,0,10,,,0.0,10,4.9,,,0,4.4,,,0,,,10.2,10,9.2,10,942,10
2008-01-22T10:00+00:00,5935,130.0,0,268,10,262.0,10,4.2,10,10.2,10,987.7,10,,,62,10,0.0,10,0,10,,,0.0,10,4.9,,,0,4.4,,,0,,,10.4,10,9.6,10,1010,10
2008-01-22T11:00+00:00,5935,152.0,0,268,10,311.0,10,4.5,10,11.9,10,987.8,10,,,62,10,0.0,10,0,10,,,0.0,10,5.0,,,0,4.4,,,0,,,10.5,10,10.5,10,1109,10
2008-01-22T12:00+00:00,5935,125.0,0,264,10,299.0,10,4.8,10,12.4,10,987.3,10,,,63,10,0.0,10,0,10,,,0.1,10,5.1,,,0,4.4,,,0,,,10.7,10,10.0,10,1245,10
2008-01-22T13:00+00:00,5935,206.0,0,271,10,316.0,10,5.1,10,12.9,10,987.7,10,,,61,10,0.0,10,1,10,,,0.4,10,5.2,,,0,4.5,,,0,,,11.5,10,10.2,10,1316,10
2008-01-22T14:00+00:00,5935,84.0,0,300,10,316.0,10,4.1,10,12.8,10,991.1,10,,,77,10,1.3,10,29,10,,,0.1,10,5.3,,,0,4.5,,,0,,,5.9,10,4.8,10,1441,10
2008-01-22T15:00+00:00,5935,39.0,0,319,10,323.0,10,5.8,10,17.4,10,993.6,10,,,67,10,0.0,10,0,10,,,0.0,10,5.3,,,0,4.5,,,0,,,5.4,10,3.5,10,1529,10
2008-01-22T16:00+00:00,5935,9.0,0,311,10,302.0,10,5.3,10,15.3,10,997.0,10,,,61,10,0.0,10,0,10,,,0.0,10,5.2,,,0,4.6,,,0,,,5.2,10,2.9,10,1659,10
2008-01-22T17:00+00:00,5935,0.0,0,309,10,2.0,10,6.7,10,15.2,10,998.5,10,,,58,10,0.0,10,0,10,,,0.0,10,5.1,,,0,4.6,,,0,,,4.5,10,1.7,10,1759,10
2008-01-22T18:00+00:00,5935,0.0,0,303,10,289.0,10,5.5,10,13.0,10,1000.2,10,,,58,10,0.0,10,0,10,,,0.0,10,4.9,,,0,4.6,,,0,,,4.1,10,1.7,10,1804,10
2008-01-22T19:00+00:00,5935,0.0,0,303,10,298.0,10,4.8,10,12.8,10,1001.3,10,,,63,10,0.0,10,0,10,,,0.0,10,4.7,,,0,4.6,,,0,,,3.7,10,1.9,10,1919,10
2008-01-22T20:00+00:00,5935,0.0,0,307,10,327.0,10,5.5,10,12.6,10,1002.7,10,,,65,10,0.0,10,0,10,,,0.0,10,4.5,,,0,4.6,,,0,,,3.6,10,2.0,10,2034,10
2008-01-22T21:00+00:00,5935,0.0,0,307,10,302.0,10,5.4,10,12.2,10,1003.8,10,,,63,10,0.0,10,0,10,,,0.0,10,4.4,,,0,4.5,,,0,,,2.8,10,1.4,10,2131,10
2008-01-22T22:00+00:00,5935,0.0,0,303,10,296.0,10,5.2,10,11.9,10,1005.2,10,,,62,10,0.0,10,0,10,,,0.0,10,4.2,,,0,4.5,,,0,,,2.8,10,1.1,10,2239,10
2008-01-22T23:00+00:00,5935,0.0,0,304,10,305.0,10,4.7,10,12.8,10,1006.2,10,,,61,10,0.0,10,0,10,,,0.0,10,4.1,,,0,4.4,,,0,,,2.9,10,1.1,10,2322,10
2008-01-23T00:00+00:00,5935,0.0,0,304,10,292.0,10,4.1,10,11.3,10,1007.1,10,,,61,10,0.0,10,0,10,,,0.0,10,4.0,,,0,4.4,,,0,,,2.7,10,1.2,10,46,10
2008-01-23T01:00+00:00,5935,0.0,0,306,10,307.0,10,3.7,10,11.0,10,1008.3,10,,,59,10,0.0,10,0,10,,,0.0,10,3.9,,,0,4.3,,,0,,,3.0,10,1.3,10,137,10
2008-01-23T02:00+00:00,5935,0.0,0,314,10,302.0,10,4.0,10,13.9,10,1009.3,10,,,58,10,0.0,10,0,10,,,0.0,10,3.8,,,0,4.3,,,0,,,2.9,10,2.1,10,241,10
2008-01-23T03:00+00:00,5935,0.0,0,312,10,322.0,10,5.3,10,12.1,10,1009.9,10,,,58,10,0.0,10,0,10,,,0.0,10,3.7,,,0,4.2,,,0,,,2.7,10,1.9,10,350,10
2008-01-23T04:00+00:00,5935,0.0,0,305,10,313.0,10,4.0,10,9.5,10,1010.5,10,,,59,10,0.0,10,0,10,,,0.0,10,3.6,,,0,4.2,,,0,,,2.8,10,1.8,10,500,10
2008-01-23T05:00+00:00,5935,0.0,0,309,10,312.0,10,3.7,10,9.2,10,1011.2,10,,,60,10,0.0,10,2,10,,,0.0,10,3.5,,,0,4.1,,,0,,,3.0,10,1.9,10,519,10
2008-01-23T06:00+00:00,5935,0.0,0,302,10,282.0,10,3.6,10,7.9,10,1011.7,10,,,62,10,0.0,10,10,10,,,0.0,10,3.5,,,0,4.1,,,0,,,2.7,10,1.4,10,606,10
2008-01-23T07:00+00:00,5935,3.0,0,298,10,291.0,10,2.9,10,7.3,10,1012.8,10,,,63,10,0.0,10,0,10,,,0.0,10,3.4,,,0,4.0,,,0,,,2.5,10,0.6,10,728,10
2008-01-23T08:00+00:00,5935,52.0,0,296,10,288.0,10,2.2,10,5.6,10,1012.8,10,,,64,10,0.0,10,0,10,,,0.2,10,3.3,,,0,4.0,,,0,,,2.6,10,-0.2,10,844,10
2008-01-23T09:00+00:00,5935,205.0,0,308,10,313.0,10,3.2,10,8.2,10,1012.9,10,,,61,10,0.0,10,0,10,,,0.8,10,3.3,,,0,3.9,,,0,,,4.0,10,1.0,10,937,10
2008-01-23T10:00+00:00,5935,289.0,0,314,10,324.0,10,3.5,10,8.2,10,1013.9,10,,,61,10,0.0,10,0,10,,,1.0,10,3.3,,,0,3.9,,,0,,,4.5,10,7.0,10,1023,10
2008-01-23T11:00+00:00,5935,222.0,0,308,10,311.0,10,3.1,10,8.1,10,1014.2,10,,,59,10,0.0,10,0,10,,,0.4,10,3.3,,,0,3.8,,,0,,,4.7,10,5.8,10,1103,10
2008-01-23T12:00+00:00,5935,188.0,0,315,10,356.0,10,2.9,10,8.0,10,1013.8,10,,,61,10,0.0,10,0,10,,,0.2,10,3.4,,,0,3.8,,,0,,,5.1,10,5.5,10,1210,10
2008-01-23T13:00+00:00,5935,137.0,0,308,10,292.0,10,2.9,10,7.4,10,1014.0,10,,,57,10,0.0,10,0,10,,,0.0,10,3.5,,,0,3.8,,,0,,,5.2,10,5.9,10,1353,10
2008-01-23T14:00+00:00,5935,159.0,0,308,10,303.0,10,3.0,10,6.8,10,1013.9,10,,,56,10,0.0,10,0,10,,,0.5,10,3.6,,,0,3.8,,,0,,,5.7,10,5.6,10,1429,10
2008-01-23T15:00+00:00,5935,94.0,0,297,10,292.0,10,2.3,10,6.4,10,1014.3,10,,,59,10,0.0,10,0,10,,,0.5,10,3.6,,,0,3.8,,,0,,,4.4,10,1.7,10,1503,10
2008-01-23T16:00+00:00,5935,13.0,0,276,10,280.0,10,1.6,10,4.4,10,1014.2,10,,,64,10,0.0,10,0,10,,,0.0,10,3.6,,,0,3.8,,,0,,,3.2,10,-1.6,10,1607,10
2008-01-23T17:00+00:00,5935,0.0,0,277,10,273.0,10,1.3,10,2.9,10,1014.6,10,,,65,10,0.0,10,0,10,,,0.0,10,3.5,,,0,3.8,,,0,,,2.6,10,-2.2,10,1725,10
2008-01-23T18:00+00:00,5935,0.0,0,302,10,273.0,10,1.1,10,3.8,10,1014.7,10,,,68,10,0.0,10,0,10,,,0.0,10,3.3,,,0,3.8,,,0,,,1.8,10,-3.7,10,1812,10
2008-01-23T19:00+00:00,5935,0.0,0,280,10,266.0,10,0.9,10,2.4,10,1015.1,10,,,71,10,0.0,10,0,10,,,0.0,10,3.2,,,0,3.8,,,0,,,0.8,10,-4.2,10,1919,10
2008-01-23T20:00+00:00,5935,0.0,0,271,10,243.0,10,0.4,10,1.3,10,1015.3,10,,,77,10,0.0,10,0,10,,,0.0,10,3.0,,,0,3.7,,,0,,,-0.5,10,-4.6,10,2058,10
2008-01-23T21:00+00:00,5935,0.0,0,268,10,291.0,10,0.4,10,1.5,10,1015.0,10,,,80,10,0.0,10,0,10,,,0.0,10,2.9,,,0,3.7,,,0,,,-0.5,10,-4.8,10,2118,10
2008-01-23T22:00+00:00,5935,0.0,0,222,10,251.0,10,0.4,10,1.9,10,1014.9,10,,,83,10,0.0,10,0,10,,,0.0,10,2.8,,,0,3.6,,,0,,,-1.3,10,-4.9,10,2212,10
2008-01-23T23:00+00:00,5935,0.0,0,174,10,178.0,10,0.7,10,2.6,10,1014.5,10,,,78,10,0.0,10,0,10,,,0.0,10,2.7,,,0,3.6,,,0,,,0.5,10,-4.5,10,2317,10
2008-01-24T00:00+00:00,5935,0.0,0,155,10,158.0,10,0.1,10,1.5,10,1014.3,10,,,80,10,0.0,10,0,10,,,0.0,10,2.6,,,0,3.5,,,0,,,-0.1,10,-3.7,10,24,10
2008-01-24T01:00+00:00,5935,0.0,0,107,10,131.0,10,0.1,10,1.3,10,1013.9,10,,,79,10,0.0,10,0,10,,,0.0,10,2.5,,,0,3.5,,,0,,,0.2,10,-3.7,10,156,10
2008-01-24T02:00+00:00,5935,0.0,0,137,10,249.0,10,0.3,10,1.5,10,1013.4,10,,,76,10,0.0,10,0,10,,,0.0,10,2.4,,,0,3.4,,,0,,,0.4,10,-1.9,10,236,10
2008-01-24T03:00+00:00,5935,0.0,0,94,10,84.0,10,0.5,10,1.4,10,1013.3,10,,,76,10,0.0,10,0,10,,,0.0,10,2.4,,,0,3.4,,,0,,,0.5,10,-1.9,10,357,10
2008-01-24T04:00+00:00,5935,0.0,0,101,10,138.0,10,1.1,10,2.9,10,1012.8,10,,,72,10,0.0,10,0,10,,,0.0,10,2.3,,,0,3.3,,,0,,,0.8,10,-0.6,10,441,10
2008-01-24T05:00+00:00,5935,0.0,0,96,10,117.0,10,0.4,10,2.3,10,1012.8,10,,,73,10,0.0,10,0,10,,,0.0,10,2.3,,,0,3.3,,,0,,,0.6,10,-0.2,10,506,10
2008-01-24T06:00+00:00,5935,0.0,0,94,10,104.0,10,0.7,10,2.3,10,1012.9,10,,,74,10,0.0,10,0,10,,,0.0,10,2.3,,,0,3.2,,,0,,,0.9,10,0.0,10,650,10
2008-01-24T07:00+00:00,5935,2.0,0,82,10,100.0,10,0.8,10,2.4,10,1013.2,10,,,74,10,0.0,10,0,10,,,0.0,10,2.3,,,0,3.2,,,0,,,0.9,10,0.4,10,753,10
2008-01-24T08:00+00:00,5935,27.0,0,95,10,118.0,10,1.0,10,2.5,10,1013.6,10,,,73,10,0.0,10,0,10,,,0.0,10,2.3,,,0,3.1,,,0,,,1.3,10,0.6,10,813,10
2008-01-24T09:00+00:00,5935,171.0,0,110,10,135.0,10,0.5,10,2.0,10,1013.9,10,,,64,10,0.0,10,0,10,,,0.7,10,2.3,,,0,3.1,,,0,,,3.2,10,0.5,10,957,10
2008-01-24T10:00+00:00,5935,291.0,0,132,10,188.0,10,0.7,10,2.5,10,1013.8,10,,,51,10,0.0,10,0,10,,,1.0,10,2.4,,,0,3.1,,,0,,,5.1,10,5.4,10,1050,10
2008-01-24T11:00+00:00,5935,347.0,0,169,10,199.0,10,0.8,10,3.0,10,1013.3,10,,,50,10,0.0,10,0,10,,,1.0,10,2.5,,,0,3.1,,,0,,,6.2,10,10.9,10,1148,10
2008-01-24T12:00+00:00,5935,356.0,0,168,10,182.0,10,1.2,10,3.8,10,1012.4,10,,,47,10,0.0,10,0,10,,,1.0,10,2.7,,,0,3.1,,,0,,,7.5,10,8.6,10,1227,10
2008-01-24T13:00+00:00,5935,297.0,0,150,10,192.0,10,1.3,10,3.3,10,1011.5,10,,,50,10,0.0,10,0,10,,,1.0,10,2.9,,,0,3.1,,,0,,,8.0,10,8.0,10,1301,10
2008-01-24T14:00+00:00,5935,171.0,0,97,10,113.0,10,1.8,10,4.1,10,1011.3,10,,,63,10,0.0,10,0,10,,,0.9,10,3.1,,,0,3.1,,,0,,,6.4,10,5.9,10,1423,10
2008-01-24T15:00+00:00,5935,112.0,0,106,10,99.0,10,1.6,10,4.2,10,1010.9,10,,,64,10,0.0,10,0,10,,,1.0,10,3.2,,,0,3.1,,,0,,,6.4,10,5.0,10,1513,10
2008-01-24T16:00+00:00,5935,22.0,0,128,10,105.0,10,1.2,10,3.9,10,1011.0,10,,,56,10,0.0,10,0,10,,,0.3,10,3.2,,,0,3.2,,,0,,,5.9,10,2.5,10,1624,10
2008-01-24T17:00+00:00,5935,0.0,0,108,10,142.0,10,1.2,10,2.9,10,1010.9,10,,,72,10,0.0,10,0,10,,,0.0,10,3.1,,,0,3.2,,,0,,,3.8,10,1.0,10,1707,10
2008-01-24T18:00+00:00,5935,0.0,0,105,10,121.0,10,1.4,10,3.2,10,1010.5,10,,,74,10,0.0,10,0,10,,,0.0,10,3.1,,,0,3.3,,,0,,,2.8,10,0.3,10,1819,10
2008-01-24T19:00+00:00,5935,0.0,0,95,10,99.0,10,0.5,10,1.9,10,1010.8,10,,,77,10,0.0,10,0,10,,,0.0,10,3.0,,,0,3.3,,,0,,,1.6,10,-1.5,10,1901,10
2008-01-24T20:00+00:00,5935,0.0,0,94,10,86.0,10,0.2,10,1.2,10,1010.7,10,,,80,10,0.0,10,0,10,,,0.0,10,2.9,,,0,3.3,,,0,,,0.6,10,-2.9,10,2013,10
2008-01-24T21:00+00:00,5935,0.0,0,70,10,101.0,10,0.2,10,1.4,10,1011.0,10,,,83,10,0.0,10,0,10,,,0.0,10,2.8,,,0,3.3,,,0,,,0.2,10,-3.4,10,2141,10
2008-01-24T22:00+00:00,5935,0.0,0,0,10,329.0,10,0.0,10,1.2,10,1011.4,10,,,88,10,0.0,10,0,10,,,0.0,10,2.6,,,0,3.2,,,0,,,-1.2,10,-3.7,10,2259,10
2008-01-24T23:00+00:00,5935,0.0,0,357,10,291.0,10,0.3,10,1.6,10,1011.6,10,,,89,10,0.0,10,0,10,,,0.0,10,2.5,,,0,3.2,,,0,,,-1.1,10,-3.8,10,2345,10
2008-01-25T00:00+00:00,5935,0.0,0,17,10,309.0,10,0.2,10,2.0,10,1011.8,10,,,89,10,0.0,10,0,10,,,0.0,10,2.4,,,0,3.2,,,0,,,-0.9,10,-3.4,10,51,10
2008-01-25T01:00+00:00,5935,0.0,0,56,10,101.0,10,0.5,10,2.1,10,1012.0,10,,,86,10,0.0,10,0,10,,,0.0,10,2.3,,,0,3.1,,,0,,,0.0,10,-2.7,10,155,10
2008-01-25T02:00+00:00,5935,0.0,0,80,10,76.0,10,1.0,10,2.3,10,1012.4,10,,,81,10,0.0,10,0,10,,,0.0,10,2.3,,,0,3.1,,,0,,,1.0,10,-0.7,10,258,10
2008-01-25T03:00+00:00,5935,0.0,0,21,10,349.0,10,0.9,10,2.4,10,1013.2,10,,,81,10,0.0,10,6,10,,,0.0,10,2.3,,,0,3.1,,,0,,,1.4,10,0.4,10,350,10
2008-01-25T04:00+00:00,5935,0.0,0,3,10,1.0,10,0.4,10,3.2,10,1014.0,10,,,74,10,0.0,10,6,10,,,0.0,10,2.2,,,0,3.0,,,0,,,3.9,10,0.6,10,459,10
2008-01-25T05:00+00:00,5935,0.0,0,296,10,294.0,10,1.7,10,5.4,10,1014.9,10,,,80,10,0.4,10,32,10,,,0.0,10,2.3,,,0,3.0,,,0,,,4.9,10,2.1,10,526,10
2008-01-25T06:00+00:00,5935,0.0,0,299,10,292.0,10,3.1,10,8.9,10,1016.8,10,,,85,10,0.5,10,56,10,,,0.0,10,2.3,,,0,3.0,,,0,,,4.7,10,2.8,10,652,10
2008-01-25T07:00+00:00,5935,3.0,0,299,10,308.0,10,3.1,10,7.1,10,1017.6,10,,,84,10,0.2,10,12,10,,,0.0,10,2.4,,,0,2.9,,,0,,,4.5,10,2.9,10,735,10
2008-01-25T08:00+00:00,5935,31.0,0,302,10,300.0,10,2.7,10,6.9,10,1018.8,10,,,83,10,0.0,10,0,10,,,0.0,10,2.5,,,0,2.9,,,0,,,4.6,10,2.9,10,813,10
2008-01-25T09:00+00:00,5935,85.0,0,300,10,330.0,10,2.9,10,6.8,10,1019.5,10,,,77,10,0.0,10,0,10,,,0.0,10,2.5,,,0,2.9,,,0,,,5.1,10,3.3,10,957,10
2008-01-25T10:00+00:00,5935,157.0,0,293,10,303.0,10,3.2,10,8.3,10,1019.8,10,,,77,10,0.0,10,0,10,,,0.0,10,2.6,,,0,2.9,,,0,,,5.5,10,4.0,10,1019,10
2008-01-25T11:00+00:00,5935,205.0,0,294,10,281.0,10,3.0,10,8.5,10,1019.7,10,,,74,10,0.0,10,0,10,,,0.2,10,2.7,,,0,2.9,,,0,,,6.1,10,5.1,10,1152,10
2008-01-25T12:00+00:00,5935,300.0,0,288,10,263.0,10,3.6,10,9.7,10,1019.5,10,,,67,10,0.0,10,0,10,,,1.0,10,2.9,,,0,3.0,,,0,,,7.0,10,5.7,10,1254,10
2008-01-25T13:00+00:00,5935,333.0,0,291,10,272.0,10,3.6,10,8.3,10,1019.1,10,,,62,10,0.0,10,0,10,,,1.0,10,3.0,,,0,3.0,,,0,,,7.6,10,6.1,10,1343,10
2008-01-25T14:00+00:00,5935,241.0,0,283,10,283.0,10,3.2,10,7.5,10,1019.0,10,,,58,10,0.0,10,0,10,,,1.0,10,3.2,,,0,3.0,,,0,,,7.9,10,8.0,10,1402,10
2008-01-25T15:00+00:00,5935,128.0,0,260,10,302.0,10,3.4,10,8.3,10,1018.7,10,,,59,10,0.0,10,0,10,,,1.0,10,3.2,,,0,3.1,,,0,,,7.0,10,4.6,10,1540,10
2008-01-25T16:00+00:00,5935,22.0,0,264,10,250.0,10,3.2,10,8.2,10,1018.7,10,,,62,10,0.0,10,0,10,,,0.4,10,3.2,,,0,3.1,,,0,,,5.5,10,2.5,10,1634,10
2008-01-25T17:00+00:00,5935,0.0,0,265,10,240.0,10,2.9,10,7.0,10,1018.8,10,,,64,10,0.0,10,0,10,,,0.0,10,3.2,,,0,3.2,,,0,,,4.9,10,1.4,10,1759,10
2008-01-25T18:00+00:00,5935,0.0,0,265,10,281.0,10,2.6,10,8.0,10,1018.1,10,,,68,10,0.0,10,0,10,,,0.0,10,3.1,,,0,3.2,,,0,,,4.6,10,0.5,10,1807,10
2008-01-25T19:00+00:00,5935,0.0,0,248,10,271.0,10,2.3,10,7.1,10,1018.1,10,,,69,10,0.0,10,0,10,,,0.0,10,3.0,,,0,3.2,,,0,,,4.5,10,0.8,10,1930,10
2008-01-25T20:00+00:00,5935,0.0,0,272,10,276.0,10,1.9,10,7.6,10,1017.8,10,,,71,10,0.0,10,0,10,,,0.0,10,2.9,,,0,3.2,,,0,,,4.4,10,-1.0,10,2035,10
2008-01-25T21:00+00:00,5935,0.0,0,238,10,269.0,10,0.9,10,6.2,10,1017.6,10,,,76,10,0.0,10,0,10,,,0.0,10,2.8,,,0,3.2,,,0,,,3.0,10,-1.3,10,2159,10
2008-01-25T22:00+00:00,5935,0.0,0,270,10,266.0,10,2.4,10,6.0,10,1016.9,10,,,74,10,0.0,10,0,10,,,0.0,10,2.7,,,0,3.2,,,0,,,4.1,10,-1.1,10,2253,10
2008-01-25T23:00+00:00,5935,0.0,0,263,10,248.0,10,3.0,10,7.0,10,1017.0,10,,,68,10,0.0,10,0,10,,,0.0,10,2.7,,,0,3.1,,,0,,,5.2,10,0.1,10,2349,10
2008-01-26T00:00+00:00,5935,0.0,0,226,10,228.0,10,1.8,10,5.8,10,1016.5,10,,,67,10,0.0,10,0,10,,,0.0,10,2.6,,,0,3.1,,,0,,,4.5,10,0.0,10,43,10
2008-01-26T01:00+00:00,5935,0.0,0,34,10,356.0,10,0.4,10,2.1,10,1016.5,10,,,78,10,0.0,10,0,10,,,0.0,10,2.5,,,0,3.1,,,0,,,2.0,10,-2.3,10,109,10
2008-01-26T02:00+00:00,5935,0.0,0,239,10,234.0,10,1.9,10,6.6,10,1016.0,10,,,73,10,0.0,10,0,10,,,0.0,10,2.4,,,0,3.1,,,0,,,3.8,10,-2.5,10,214,10
2008-01-26T03:00+00:00,5935,0.0,0,293,10,283.0,10,1.1,10,4.1,10,1015.9,10,,,74,10,0.0,10,0,10,,,0.0,10,2.4,,,0,3.0,,,0,,,3.5,10,-1.4,10,325,10
2008-01-26T04:00+00:00,5935,0.0,0,272,10,241.0,10,1.5,10,4.8,10,1015.7,10,,,72,10,0.0,10,0,10,,,0.0,10,2.3,,,0,3.0,,,0,,,3.7,10,-1.2,10,459,10
2008-01-26T05:00+00:00,5935,0.0,0,268,10,256.0,10,1.1,10,4.3,10,1016.1,10,,,74,10,0.0,10,0,10,,,0.0,10,2.2,,,0,3.0,,,0,,,1.9,10,-1.9,10,600,10
2008-01-26T06:00+00:00,5935,0.0,0,264,10,224.0,10,1.1,10,4.6,10,1016.2,10,,,68,10,0.0,10,0,10,,,0.0,10,2.1,,,0,2.9,,,0,,,3.3,10,-2.5,10,621,10
2008-01-26T07:00+00:00,5935,8.0,0,250,10,249.0,10,3.6,10,7.9,10,1015.8,10,,,69,10,0.0,10,0,10,,,0.0,10,2.1,,,0,2.9,,,0,,,3.2,10,-1.0,10,747,10
2008-01-26T08:00+00:00,5935,72.0,0,244,10,233.0,10,3.9,10,8.7,10,1016.4,10,,,67,10,0.0,10,0,10,,,0.6,10,2.0,,,0,2.9,,,0,,,3.7,10,0.7,10,842,10
2008-01-26T09:00+00:00,5935,178.0,0,247,10,230.0,10,4.1,10,9.8,10,1016.2,10,,,67,10,0.0,10,0,10,,,1.0,10,2.0,,,0,2.8,,,0,,,4.6,10,2.1,10,925,10
2008-01-26T10:00+00:00,5935,305.0,0,248,10,260.0,10,4.1,10,10.6,10,1016.0,10,,,62,10,0.0,10,0,10,,,1.0,10,2.0,,,0,2.8,,,0,,,5.9,10,7.7,10,1031,10
2008-01-26T11:00+00:00,5935,341.0,0,255,10,282.0,10,4.7,10,11.5,10,1014.5,10,,,61,10,0.0,10,0,10,,,1.0,10,2.2,,,0,2.8,,,0,,,6.0,10,8.7,10,1104,10
2008-01-26T12:00+00:00,5935,290.0,0,263,10,258.0,10,4.0,10,10.3,10,1013.2,10,,,57,10,0.0,10,0,10,,,1.0,10,2.4,,,0,2.7,,,0,,,7.1,10,7.1,10,1235,10
2008-01-26T13:00+00:00,5935,329.0,0,253,10,244.0,10,5.1,10,11.8,10,1011.5,10,,,50,10,0.0,10,0,10,,,1.0,10,2.6,,,0,2.7,,,0,,,8.0,10,7.3,10,1330,10
2008-01-26T14:00+00:00,5935,236.0,0,254,10,237.0,10,4.1,10,11.4,10,1010.5,10,,,47,10,0.0,10,0,10,,,1.0,10,2.7,,,0,2.8,,,0,,,9.0,10,7.9,10,1454,10
2008-01-26T15:00+00:00,5935,174.0,0,277,10,268.0,10,3.3,10,11.3,10,1010.3,10,,,49,10,0.0,10,0,10,,,0.8,10,2.9,,,0,2.8,,,0,,,8.3,10,6.7,10,1516,10
2008-01-26T16:00+00:00,5935,28.0,0,280,10,271.0,10,2.9,10,10.8,10,1008.7,10,,,49,10,0.0,10,0,10,,,0.1,10,2.9,,,0,2.8,,,0,,,8.1,10,5.2,10,1655,10
2008-01-26T17:00+00:00,5935,0.0,0,268,10,249.0,10,5.2,10,16.7,10,1007.6,10,,,45,10,0.0,10,0,10,,,0.0,10,3.0,,,0,2.9,,,0,,,8.7,10,5.4,10,1729,10
2008-01-26T18:00+00:00,5935,0.0,0,264,10,283.0,10,6.8,10,17.1,10,1006.4,10,,,44,10,0.0,10,0,10,,,0.0,10,2.9,,,0,2.9,,,0,,,8.8,10,5.7,10,1855,10
2008-01-26T19:00+00:00,5935,0.0,0,264,10,281.0,10,9.1,10,23.4,10,1006.1,10,,,43,10,0.0,10,0,10,,,0.0,10,2.9,,,0,3.0,,,0,,,9.3,10,6.4,10,1955,10
2008-01-26T20:00+00:00,5935,0.0,0,276,10,296.0,10,9.1,10,21.8,10,1006.7,10,,,43,10,0.0,10,0,10,,,0.0,10,3.0,,,0,3.0,,,0,,,9.1,10,7.1,10,2032,10
2008-01-26T21:00+00:00,5935,0.0,0,276,10,297.0,10,7.1,10,15.9,10,1006.6,10,,,39,10,0.0,10,0,10,,,0.0,10,3.0,,,0,3.0,,,0,,,10.1,10,7.1,10,2108,10
2008-01-26T22:00+00:00,5935,0.0,0,276,10,250.0,10,6.8,10,16.1,10,1006.7,10,,,39,10,0.0,10,0,10,,,0.0,10,3.0,,,0,3.0,,,0,,,9.8,10,7.7,10,2206,10
2008-01-26T23:00+00:00,5935,0.0,0,275,10,294.0,10,6.2,10,15.2,10,1006.3,10,,,41,10,0.0,10,0,10,,,0.0,10,3.0,,,0,3.0,,,0,,,9.1,10,7.2,10,2307,10
2008-01-27T00:00+00:00,5935,0.0,0,266,10,289.0,10,5.1,10,13.2,10,1005.3,10,,,43,10,0.0,10,0,10,,,0.0,10,3.1,,,0,3.0,,,0,,,8.9,10,7.0,10,2,10
2008-01-27T01:00+00:00,5935,0.0,0,266,10,271.0,10,5.0,10,12.2,10,1004.7,10,,,47,10,0.0,10,18,10,,,0.0,10,3.1,,,0,3.1,,,0,,,8.5,10,5.4,10,103,10
2008-01-27T02:00+00:00,5935,0.0,0,264,10,247.0,10,5.4,10,13.2,10,1004.7,10,,,61,10,0.0,10,53,10,,,0.0,10,3.1,,,0,3.1,,,0,,,7.0,10,4.2,10,208,10
2008-01-27T03:00+00:00,5935,0.0,0,264,10,278.0,10,4.4,10,10.8,10,1004.0,10,,,73,10,1.0,10,60,10,,,0.0,10,3.1,,,0,3.1,,,0,,,5.3,10,3.4,10,352,10
2008-01-27T04:00+00:00,5935,0.0,0,281,10,300.0,10,3.3,10,8.6,10,1003.5,10,,,63,10,0.7,10,27,10,,,0.0,10,3.2,,,0,3.1,,,0,,,6.1,10,3.2,10,419,10
2008-01-27T05:00+00:00,5935,0.0,0,304,10,282.0,10,1.8,10,6.1,10,1002.8,10,,,62,10,0.0,10,10,10,,,0.0,10,3.2,,,0,3.1,,,0,,,6.0,10,3.1,10,524,10
2008-01-27T06:00+00:00,5935,0.0,0,343,10,355.0,10,1.3,10,4.9,10,1002.1,10,,,65,10,0.0,10,6,10,,,0.0,10,3.2,,,0,3.1,,,0,,,5.4,10,3.0,10,700,10
2008-01-27T07:00+00:00,5935,0.0,0,6,10,335.0,10,0.8,10,3.2,10,1001.5,10,,,83,10,0.6,10,46,10,,,0.0,10,3.2,,,0,3.2,,,0,,,5.1,10,3.0,10,719,10
2008-01-27T08:00+00:00,5935,7.0,0,348,10,339.0,10,1.3,10,4.7,10,1001.6,10,,,83,10,0.7,10,46,10,,,0.0,10,3.2,,,0,3.2,,,0,,,5.5,10,3.6,10,845,10
2008-01-27T09:00+00:00,5935,18.0,0,289,10,300.0,10,5.3,10,14.2,10,1000.7,10,,,71,10,0.7,10,47,10,,,0.0,10,3.2,,,0,3.2,,,0,,,6.3,10,4.1,10,932,10
2008-01-27T10:00+00:00,5935,45.0,0,273,10,287.0,10,5.8,10,13.7,10,1001.0,10,,,77,10,0.2,10,21,10,,,0.0,10,3.2,,,0,3.2,,,0,,,5.9,10,4.3,10,1051,10
2008-01-27T11:00+00:00,5935,39.0,0,275,10,290.0,10,6.8,10,18.5,10,1000.3,10,,,78,10,0.6,10,23,10,,,0.0,10,3.3,,,0,3.2,,,0,,,5.7,10,4.0,10,1159,10
2008-01-27T12:00+00:00,5935,30.0,0,274,10,270.0,10,6.4,10,13.9,10,999.6,10,,,75,10,0.0,10,0,10,,,0.0,10,3.3,,,0,3.2,,,0,,,6.2,10,4.3,10,1215,10
2008-01-27T13:00+00:00,5935,30.0,0,276,10,286.0,10,7.3,10,17.7,10,998.7,10,,,72,10,0.0,10,0,10,,,0.0,10,3.4,,,0,3.2,,,0,,,6.7,10,4.5,10,1342,10
2008-01-27T14:00+00:00,5935,37.0,0,272,10,271.0,10,7.5,10,18.9,10,998.5,10,,,70,10,0.0,10,0,10,,,0.0,10,3.4,,,0,3.2,,,0,,,6.4,10,4.7,10,1438,10
2008-01-27T15:00+00:00,5935,18.0,0,273,10,283.0,10,7.9,10,20.5,10,998.9,10,,,66,10,0.0,10,0,10,,,0.0,10,3.5,,,0,3.3,,,0,,,6.7,10,4.8,10,1559,10
2008-01-27T16:00+00:00,5935,4.0,0,273,10,288.0,10,8.2,10,21.6,10,999.1,10,,,67,10,0.0,10,4,10,,,0.0,10,3.5,,,0,3.3,,,0,,,6.6,10,5.3,10,1635,10
2008-01-27T17:00+00:00,5935,0.0,0,269,10,277.0,10,7.7,10,21.4,10,999.6,10,,,71,10,0.0,10,34,10,,,0.0,10,3.5,,,0,3.3,,,0,,,6.3,10,4.5,10,1730,10
2008-01-27T18:00+00:00,5935,0.0,0,265,10,273.0,10,7.8,10,19.9,10,1000.1,10,,,70,10,0.0,10,0,10,,,0.0,10,3.5,,,0,3.3,,,0,,,6.4,10,5.1,10,1831,10
2008-01-27T19:00+00:00,5935,0.0,0,270,10,273.0,10,8.8,10,21.2,10,1000.9,10,,,78,10,0.4,10,45,10,,,0.0,10,3.5,,,0,3.4,,,0,,,5.7,10,4.0,10,1944,10
2008-01-27T20:00+00:00,5935,0.0,0,273,10,287.0,10,8.8,10,20.3,10,1001.5,10,,,75,10,0.2,10,59,10,,,0.0,10,3.5,,,0,3.4,,,0,,,6.1,10,3.9,10,2002,10
2008-01-27T21:00+00:00,5935,0.0,0,274,10,263.0,10,9.0,10,21.6,10,1002.1,10,,,73,10,0.0,10,4,10,,,0.0,10,3.5,,,0,3.4,,,0,,,6.5,10,4.1,10,2114,10
2008-01-27T22:00+00:00,5935,0.0,0,279,10,272.0,10,8.3,10,18.4,10,1003.6,10,,,79,10,0.4,10,44,10,,,0.0,10,3.6,,,0,3.4,,,0,,,5.8,10,4.3,10,2208,10
2008-01-27T23:00+00:00,5935,0.0,0,286,10,273.0,10,7.6,10,20.3,10,1005.2,10,,,83,10,0.7,10,60,10,,,0.0,10,3.6,,,0,3.4,,,0,,,5.2,10,4.0,10,2305,10
2008-01-28T00:00+00:00,5935,0.0,0,299,10,288.0,10,4.8,10,13.4,10,1007.0,10,,,90,10,3.2,10,60,10,,,0.0,10,3.6,,,0,3.4,,,0,,,4.8,10,4.0,10,100,10
2008-01-28T01:00+00:00,5935,0.0,0,291,10,277.0,10,3.8,10,9.0,10,1008.1,10,,,93,10,2.9,10,60,10,,,0.0,10,3.6,,,0,3.5,,,0,,,4.6,10,4.0,10,117,10
2008-01-28T02:00+00:00,5935,0.0,0,297,10,324.0,10,4.9,10,13.6,10,1009.0,10,,,78,10,0.5,10,39,10,,,0.0,10,3.7,,,0,3.5,,,0,,,5.6,10,3.7,10,239,10
2008-01-28T03:00+00:00,5935,0.0,0,305,10,302.0,10,4.8,10,11.5,10,1009.6,10,,,80,10,0.0,10,0,10,,,0.0,10,3.7,,,0,3.5,,,0,,,5.6,10,3.7,10,303,10
2008-01-28T04:00+00:00,5935,0.0,0,311,10,304.0,10,3.9,10,12.7,10,1010.8,10,,,72,10,0.0,10,0,10,,,0.0,10,3.6,,,0,3.5,,,0,,,5.0,10,2.3,10,423,10
2008-01-28T05:00+00:00,5935,0.0,0,321,10,332.0,10,3.1,10,8.0,10,1011.7,10,,,78,10,0.0,10,0,10,,,0.0,10,3.4,,,0,3.5,,,0,,,4.9,10,2.2,10,507,10
2008-01-28T06:00+00:00,5935,0.0,0,319,10,329.0,10,3.2,10,8.4,10,1012.5,10,,,74,10,0.0,10,0,10,,,0.0,10,3.2,,,0,3.4,,,0,,,4.8,10,1.9,10,620,10
2008-01-28T07:00+00:00,5935,5.0,0,329,10,348.0,10,3.1,10,7.8,10,1013.2,10,,,74,10,0.0,10,0,10,,,0.0,10,3.1,,,0,3.4,,,0,,,4.6,10,1.9,10,753,10
2008-01-28T08:00+00:00,5935,87.0,0,327,10,321.0,10,3.1,10,7.8,10,1013.9,10,,,72,10,0.0,10,0,10,,,0.7,10,3.0,,,0,3.3,,,0,,,5.1,10,2.1,10,812,10
2008-01-28T09:00+00:00,5935,228.0,0,315,10,293.0,10,2.9,10,7.4,10,1014.3,10,,,61,10,0.0,10,0,10,,,1.0,10,3.0,,,0,3.3,,,0,,,6.0,10,2.6,10,939,10
2008-01-28T10:00+00:00,5935,335.0,0,321,10,322.0,10,3.2,10,8.1,10,1014.5,10,,,46,10,0.0,10,0,10,,,1.0,10,3.0,,,0,3.3,,,0,,,6.7,10,7.7,10,1042,10
2008-01-28T11:00+00:00,5935,306.0,0,347,10,349.0,10,3.2,10,7.6,10,1014.2,10,,,44,10,0.0,10,0,10,,,0.9,10,3.1,,,0,3.3,,,0,,,6.8,10,7.9,10,1103,10
2008-01-28T12:00+00:00,5935,191.0,0,360,10,17.0,10,2.6,10,7.7,10,1014.1,10,,,51,10,0.0,10,0,10,,,0.4,10,3.3,,,0,3.3,,,0,,,7.3,10,7.0,10,1221,10
2008-01-28T13:00+00:00,5935,153.0,0,16,10,29.0,10,1.8,10,4.5,10,1013.9,10,,,54,10,0.0,10,0,10,,,0.0,10,3.4,,,0,3.3,,,0,,,7.3,10,7.9,10,1347,10
2008-01-28T14:00+00:00,5935,138.0,0,17,10,13.0,10,1.9,10,4.6,10,1014.0,10,,,54,10,0.0,10,2,10,,,0.0,10,3.6,,,0,3.4,,,0,,,7.6,10,7.7,10,1437,10
2008-01-28T15:00+00:00,5935,88.0,0,5,10,8.0,10,1.8,10,4.5,10,1013.9,10,,,58,10,0.0,10,0,10,,,0.0,10,3.7,,,0,3.4,,,0,,,7.4,10,7.1,10,1516,10
2008-01-28T16:00+00:00,5935,11.0,0,324,10,314.0,10,1.0,10,3.1,10,1013.7,10,,,62,10,0.0,10,0,10,,,0.0,10,3.8,,,0,3.4,,,0,,,6.8,10,5.5,10,1606,10
2008-01-28T17:00+00:00,5935,0.0,0,295,10,279.0,10,0.2,10,1.6,10,1013.8,10,,,69,10,0.0,10,0,10,,,0.0,10,3.8,,,0,3.5,,,0,,,6.7,10,4.9,10,1729,10
2008-01-28T18:00+00:00,5935,0.0,0,123,10,98.0,10,0.4,10,1.8,10,1013.6,10,,,56,10,0.0,10,0,10,,,0.0,10,3.8,,,0,3.5,,,0,,,6.4,10,4.9,10,1809,10
2008-01-28T19:00+00:00,5935,0.0,0,138,10,155.0,10,0.7,10,2.2,10,1013.4,10,,,56,10,0.0,10,0,10,,,0.0,10,3.8,,,0,3.6,,,0,,,6.2,10,4.0,10,1946,10
2008-01-28T20:00+00:00,5935,0.0,0,170,10,177.0,10,1.2,10,3.1,10,1013.4,10,,,85,10,0.0,10,0,10,,,0.0,10,3.8,,,0,3.6,,,0,,,5.8,10,4.8,10,2045,10
2008-01-28T21:00+00:00,5935,0.0,0,189,10,196.0,10,1.6,10,4.1,10,1012.9,10,,,86,10,0.0,10,0,10,,,0.0,10,3.8,,,0,3.6,,,0,,,5.5,10,4.8,10,2147,10
2008-01-28T22:00+00:00,5935,0.0,0,186,10,189.0,10,1.4,10,4.2,10,1013.0,10,,,85,10,0.0,10,0,10,,,0.0,10,3.8,,,0,3.6,,,0,,,5.5,10,4.6,10,2214,10
2008-01-28T23:00+00:00,5935,0.0,0,176,10,181.0,10,1.2,10,2.7,10,1012.8,10,,,85,10,0.0,10,0,10,,,0.0,10,3.8,,,0,3.7,,,0,,,5.6,10,4.6,10,2331,10
2008-01-29T00:00+00:00,5935,0.0,0,170,10,183.0,10,1.1,10,2.5,10,1012.1,10,,,88,10,0.0,10,11,10,,,0.0,10,3.8,,,0,3.7,,,0,,,5.5,10,4.7,10,50,10
2008-01-29T01:00+00:00,5935,0.0,0,184,10,142.0,10,1.0,10,2.6,10,1011.4,10,,,89,10,0.0,10,0,10,,,0.0,10,3.8,,,0,3.7,,,0,,,5.1,10,2.9,10,102,10
2008-01-29T02:00+00:00,5935,0.0,0,98,10,91.0,10,0.4,10,2.1,10,1011.2,10,,,90,10,0.0,10,0,10,,,0.0,10,3.8,,,0,3.7,,,0,,,4.9,10,2.7,10,241,10
2008-01-29T03:00+00:00,5935,0.0,0,22,10,23.0,10,0.4,10,2.0,10,1010.9,10,,,92,10,0.0,10,0,10,,,0.0,10,3.8,,,0,3.7,,,0,,,4.1,10,3.3,10,359,10
2008-01-29T04:00+00:00,5935,0.0,0,13,10,27.0,10,0.2,10,1.9,10,1010.5,10,,,92,10,0.0,10,0,10,,,0.0,10,3.8,,,0,3.7,,,0,,,3.5,10,2.0,10,500,10
2008-01-29T05:00+00:00,5935,0.0,0,33,10,27.0,10,0.2,10,1.5,10,1010.6,10,,,92,10,0.0,10,5,10,,,0.0,10,3.7,,,0,3.7,,,0,,,3.3,10,0.4,10,545,10
2008-01-29T06:00+00:00,5935,0.0,0,24,10,24.0,10,0.3,10,2.0,10,1010.8,10,,,92,10,0.0,10,16,10,,,0.0,10,3.7,,,0,3.7,,,0,,,3.2,10,2.4,10,629,10
2008-01-29T07:00+00:00,5935,4.0,0,83,10,68.0,10,0.6,10,2.0,10,1011.1,10,,,88,10,0.0,10,2,10,,,0.0,10,3.6,,,0,3.7,,,0,,,3.6,10,1.9,10,739,10
2008-01-29T08:00+00:00,5935,31.0,0,119,10,182.0,10,0.3,10,1.6,10,1011.4,10,,,87,10,0.0,10,6,10,,,0.0,10,3.6,,,0,3.7,,,0,,,4.2,10,2.9,10,856,10
2008-01-29T09:00+00:00,5935,66.0,0,89,10,57.0,10,0.2,10,1.7,10,1011.7,10,,,87,10,0.0,10,0,10,,,0.0,10,3.6,,,0,3.7,,,0,,,4.9,10,4.0,10,953,10
2008-01-29T10:00+00:00,5935,137.0,0,94,10,110.0,10,0.3,10,1.3,10,1011.8,10,,,84,10,0.0,10,4,10,,,0.0,10,3.7,,,0,3.7,,,0,,,6.2,10,5.6,10,1013,10
2008-01-29T11:00+00:00,5935,189.0,0,305,10,354.0,10,0.4,10,3.6,10,1011.4,10,,,79,10,0.0,10,0,10,,,0.0,10,3.9,,,0,3.7,,,0,,,7.9,10,8.3,10,1145,10
2008-01-29T12:00+00:00,5935,182.0,0,293,10,284.0,10,1.6,10,4.2,10,1011.0,10,,,73,10,0.0,10,0,10,,,0.0,10,4.0,,,0,3.7,,,0,,,8.0,10,9.9,10,1203,10
2008-01-29T13:00+00:00,5935,173.0,0,305,10,285.0,10,1.6,10,4.2,10,1010.7,10,,,73,10,0.0,10,0,10,,,0.0,10,4.2,,,0,3.7,,,0,,,8.2,10,9.9,10,1326,10
2008-01-29T14:00+00:00,5935,111.0,0,314,10,299.0,10,0.8,10,2.7,10,1010.6,10,,,73,10,0.0,10,0,10,,,0.0,10,4.4,,,0,3.8,,,0,,,8.2,10,8.8,10,1419,10
2008-01-29T15:00+00:00,5935,44.0,0,315,10,309.0,10,0.6,10,2.3,10,1010.4,10,,,72,10,0.0,10,0,10,,,0.0,10,4.5,,,0,3.8,,,0,,,8.0,10,7.5,10,1523,10
2008-01-29T16:00+00:00,5935,12.0,0,303,10,346.0,10,0.3,10,1.5,10,1010.6,10,,,74,10,0.0,10,0,10,,,0.0,10,4.5,,,0,3.9,,,0,,,7.6,10,5.6,10,1607,10
2008-01-29T17:00+00:00,5935,0.0,0,98,10,122.0,10,1.1,10,3.4,10,1010.9,10,,,86,10,0.0,10,0,10,,,0.0,10,4.5,,,0,3.9,,,0,,,6.8,10,5.5,10,1745,10
2008-01-29T18:00+00:00,5935,0.0,0,93,10,104.0,10,1.2,10,2.5,10,1011.0,10,,,88,10,0.0,10,0,10,,,0.0,10,4.5,,,0,4.0,,,0,,,6.2,10,5.3,10,1859,10
2008-01-29T19:00+00:00,5935,0.0,0,105,10,119.0,10,1.0,10,3.1,10,1010.7,10,,,88,10,0.0,10,0,10,,,0.0,10,4.5,,,0,4.0,,,0,,,5.6,10,4.2,10,1919,10
2008-01-29T20:00+00:00,5935,0.0,0,100,10,95.0,10,0.7,10,2.1,10,1010.6,10,,,90,10,0.0,10,0,10,,,0.0,10,4.5,,,0,4.0,,,0,,,5.2,10,3.4,10,2034,10
2008-01-29T21:00+00:00,5935,0.0,0,113,10,132.0,10,0.7,10,1.7,10,1010.4,10,,,92,10,0.0,10,0,10,,,0.0,10,4.4,,,0,4.1,,,0,,,4.4,10,1.7,10,2139,10
2008-01-29T22:00+00:00,5935,0.0,0,140,10,106.0,10,0.5,10,2.2,10,1009.7,10,,,92,10,0.0,10,0,10,,,0.0,10,4.3,,,0,4.1,,,0,,,3.1,10,-0.3,10,2203,10
2008-01-29T23:00+00:00,5935,0.0,0,98,10,79.0,10,0.6,10,2.2,10,1009.4,10,,,94,10,0.0,10,0,10,,,0.0,10,4.2,,,0,4.1,,,0,,,2.4,10,-0.5,10,2314,10
2008-01-30T00:00+00:00,5935,0.0,0,102,10,110.0,10,1.3,10,4.1,10,1008.5,10,,,94,10,0.0,10,0,10,,,0.0,10,4.0,,,0,4.1,,,0,,,2.4,10,-0.2,10,42,10
2008-01-30T01:00+00:00,5935,0.0,0,110,10,125.0,10,1.4,10,3.6,10,1008.1,10,,,94,10,0.0,10,0,10,,,0.0,10,3.9,,,0,4.0,,,0,,,3.0,10,1.9,10,138,10
2008-01-30T02:00+00:00,5935,0.0,0,113,10,145.0,10,2.0,10,5.9,10,1007.4,10,,,93,10,0.0,10,0,10,,,0.0,10,3.9,,,0,4.0,,,0,,,3.1,10,2.3,10,240,10
2008-01-30T03:00+00:00,5935,0.0,0,115,10,118.0,10,2.2,10,6.1,10,1006.7,10,,,89,10,0.0,10,0,10,,,0.0,10,3.8,,,0,4.0,,,0,,,3.0,10,2.6,10,303,10
2008-01-30T04:00+00:00,5935,0.0,0,118,10,132.0,10,2.4,10,6.7,10,1006.3,10,,,90,10,0.0,10,0,10,,,0.0,10,3.8,,,0,4.0,,,0,,,2.8,10,2.6,10,432,10
2008-01-30T05:00+00:00,5935,0.0,0,125,10,131.0,10,2.9,10,8.3,10,1005.7,10,,,89,10,0.0,10,0,10,,,0.0,10,3.8,,,0,4.0,,,0,,,2.5,10,2.5,10,553,10
2008-01-30T06:00+00:00,5935,0.0,0,124,10,151.0,10,2.5,10,7.0,10,1005.0,10,,,89,10,0.0,10,0,10,,,0.0,10,3.8,,,0,3.9,,,0,,,1.8,10,1.2,10,601,10
2008-01-30T07:00+00:00,5935,8.0,0,124,10,157.0,10,2.1,10,5.9,10,1004.6,10,,,89,10,0.0,10,0,10,,,0.0,10,3.7,,,0,3.9,,,0,,,1.6,10,0.2,10,758,10
2008-01-30T08:00+00:00,5935,93.0,0,123,10,130.0,10,2.4,10,6.9,10,1004.3,10,,,77,10,0.0,10,0,10,,,0.7,10,3.6,,,0,3.9,,,0,,,3.2,10,0.4,10,820,10
2008-01-30T09:00+00:00,5935,222.0,0,126,10,122.0,10,3.0,10,8.3,10,1004.0,10,,,67,10,0.0,10,0,10,,,1.0,10,3.5,,,0,3.9,,,0,,,4.3,10,2.1,10,959,10
2008-01-30T10:00+00:00,5935,316.0,0,133,10,123.0,10,3.0,10,8.7,10,1004.0,10,,,58,10,0.0,10,0,10,,,1.0,10,3.5,,,0,3.8,,,0,,,5.4,10,6.4,10,1056,10
2008-01-30T11:00+00:00,5935,273.0,0,166,10,157.0,10,2.7,10,7.2,10,1003.7,10,,,56,10,0.0,10,0,10,,,0.8,10,3.6,,,0,3.8,,,0,,,6.0,10,7.2,10,1114,10
2008-01-30T12:00+00:00,5935,201.0,0,176,10,212.0,10,2.7,10,6.2,10,1003.1,10,,,52,10,0.0,10,0,10,,,0.2,10,3.7,,,0,3.8,,,0,,,6.5,10,7.7,10,1232,10
2008-01-30T13:00+00:00,5935,151.0,0,186,10,190.0,10,2.7,10,6.7,10,1002.4,10,,,52,10,0.0,10,0,10,,,0.0,10,3.9,,,0,3.8,,,0,,,6.6,10,7.6,10,1330,10
2008-01-30T14:00+00:00,5935,122.0,0,187,10,189.0,10,2.3,10,6.9,10,1002.0,10,,,53,10,0.0,10,0,10,,,0.0,10,4.0,,,0,3.8,,,0,,,6.6,10,6.9,10,1429,10
2008-01-30T15:00+00:00,5935,53.0,0,187,10,196.0,10,1.9,10,5.2,10,1002.0,10,,,54,10,0.0,10,0,10,,,0.0,10,4.0,,,0,3.8,,,0,,,6.7,10,6.1,10,1505,10
2008-01-30T16:00+00:00,5935,13.0,0,213,10,236.0,10,2.2,10,5.5,10,1002.4,10,,,63,10,0.0,10,0,10,,,0.0,10,4.0,,,0,3.9,,,0,,,6.7,10,5.8,10,1654,10
2008-01-30T17:00+00:00,5935,0.0,0,245,10,238.0,10,2.8,10,7.5,10,1002.6,10,,,69,10,0.0,10,0,10,,,0.0,10,4.0,,,0,3.9,,,0,,,6.1,10,5.1,10,1744,10
2008-01-30T18:00+00:00,5935,0.0,0,274,10,239.0,10,2.0,10,6.4,10,1002.4,10,,,72,10,0.0,10,0,10,,,0.0,10,4.0,,,0,3.9,,,0,,,5.4,10,3.7,10,1848,10
2008-01-30T19:00+00:00,5935,0.0,0,266,10,282.0,10,2.3,10,7.2,10,1002.5,10,,,73,10,0.0,10,0,10,,,0.0,10,4.0,,,0,3.9,,,0,,,5.3,10,3.5,10,1948,10
2008-01-30T20:00+00:00,5935,0.0,0,277,10,275.0,10,3.2,10,6.9,10,1002.5,10,,,74,10,0.0,10,0,10,,,0.0,10,4.0,,,0,3.9,,,0,,,5.0,10,3.2,10,2036,10
2008-01-30T21:00+00:00,5935,0.0,0,271,10,287.0,10,2.7,10,6.1,10,1002.8,10,,,73,10,0.0,10,0,10,,,0.0,10,3.9,,,0,3.9,,,0,,,5.0,10,2.9,10,2134,10
2008-01-30T22:00+00:00,5935,0.0,0,285,10,311.0,10,2.7,10,7.1,10,1002.7,10,,,73,10,0.0,10,0,10,,,0.0,10,3.9,,,0,3.9,,,0,,,4.8,10,2.9,10,2229,10
2008-01-30T23:00+00:00,5935,0.0,0,285,10,292.0,10,2.8,10,8.0,10,1003.0,10,,,80,10,0.0,10,23,10,,,0.0,10,3.8,,,0,3.9,,,0,,,4.8,10,3.0,10,2325,10
2008-01-31T00:00+00:00,5935,0.0,0,279,10,270.0,10,2.2,10,6.5,10,1003.3,10,,,83,10,0.0,10,40,10,,,0.0,10,3.8,,,0,3.9,,,0,,,4.6,10,3.3,10,57,10
2008-01-31T01:00+00:00,5935,0.0,0,276,10,279.0,10,2.5,10,6.4,10,1003.4,10,,,85,10,0.0,10,31,10,,,0.0,10,3.8,,,0,3.9,,,0,,,4.4,10,3.2,10,112,10
2008-01-31T02:00+00:00,5935,0.0,0,285,10,277.0,10,2.7,10,8.1,10,1003.4,10,,,83,10,0.0,10,14,10,,,0.0,10,3.8,,,0,3.9,,,0,,,4.8,10,3.3,10,250,10
2008-01-31T03:00+00:00,5935,0.0,0,284,10,296.0,10,2.1,10,5.5,10,1003.3,10,,,81,10,0.0,10,11,10,,,0.0,10,3.8,,,0,3.9,,,0,,,4.8,10,3.1,10,302,10
2008-01-31T04:00+00:00,5935,0.0,0,296,10,298.0,10,2.9,10,7.7,10,1003.7,10,,,80,10,0.1,10,7,10,,,0.0,10,3.8,,,0,3.9,,,0,,,5.0,10,3.4,10,444,10
2008-01-31T05:00+00:00,5935,0.0,0,288,10,292.0,10,2.5,10,7.0,10,1004.3,10,,,87,10,0.2,10,53,10,,,0.0,10,3.8,,,0,3.9,,,0,,,4.2,10,3.2,10,506,10
2008-01-31T06:00+00:00,5935,0.0,0,290,10,277.0,10,2.9,10,7.9,10,1005.2,10,,,89,10,0.8,10,60,10,,,0.0,10,3.8,,,0,3.9,,,0,,,3.9,10,3.0,10,632,10
2008-01-31T07:00+00:00,5935,4.0,0,297,10,289.0,10,2.5,10,6.0,10,1006.0,10,,,85,10,0.0,10,28,10,,,0.0,10,3.8,,,0,3.9,,,0,,,3.6,10,2.5,10,712,10
2008-01-31T08:00+00:00,5935,28.0,0,301,10,314.0,10,2.9,10,6.2,10,1006.5,10,,,83,10,0.0,10,0,10,,,0.0,10,3.7,,,0,3.9,,,0,,,3.9,10,2.5,10,850,10
2008-01-31T09:00+00:00,5935,61.0,0,295,10,282.0,10,2.8,10,5.7,10,1006.7,10,,,78,10,0.0,10,0,10,,,0.0,10,3.7,,,0,3.9,,,0,,,4.2,10,3.1,10,919,10
2008-01-31T10:00+00:00,5935,144.0,0,292,10,303.0,10,3.0,10,6.8,10,1006.5,10,,,72,10,0.0,10,0,10,,,0.3,10,3.7,,,0,3.9,,,0,,,4.9,10,2.5,10,1027,10
2008-01-31T11:00+00:00,5935,334.0,0,294,10,304.0,10,3.4,10,7.3,10,1006.1,10,,,68,10,0.0,10,0,10,,,0.8,10,3.8,,,0,3.9,,,0,,,5.5,10,5.4,10,1126,10
2008-01-31T12:00+00:00,5935,217.0,0,285,10,283.0,10,2.6,10,6.1,10,1005.4,10,,,68,10,0.0,10,0,10,,,0.2,10,3.9,,,0,3.9,,,0,,,5.4,10,5.7,10,1208,10
2008-01-31T13:00+00:00,5935,180.0,0,282,10,310.0,10,2.0,10,5.5,10,1004.6,10,,,67,10,0.0,10,0,10,,,0.2,10,4.0,,,0,3.9,,,0,,,5.6,10,6.6,10,1312,10
2008-01-31T14:00+00:00,5935,202.0,0,259,10,238.0,10,1.9,10,5.4,10,1004.1,10,,,67,10,0.0,10,0,10,,,0.7,10,4.1,,,0,3.9,,,0,,,6.1,10,5.2,10,1454,10
2008-01-31T15:00+00:00,5935,155.0,0,249,10,251.0,10,2.2,10,5.9,10,1003.7,10,,,67,10,0.0,10,0,10,,,1.0,10,4.1,,,0,3.9,,,0,,,5.6,10,4.8,10,1515,10
2008-01-31T16:00+00:00,5935,36.0,0,302,10,235.0,10,0.2,10,2.8,10,1002.9,10,,,72,10,0.0,10,0,10,,,0.8,10,4.1,,,0,3.9,,,0,,,4.2,10,-1.0,10,1602,10
2008-01-31T17:00+00:00,5935,1.0,0,128,10,175.0,10,0.4,10,2.0,10,1002.6,10,,,78,10,0.0,10,0,10,,,0.0,10,4.0,,,0,4.0,,,0,,,3.1,10,-2.0,10,1740,10
2008-01-31T18:00+00:00,5935,0.0,0,165,10,169.0,10,1.6,10,3.7,10,1002.1,10,,,75,10,0.0,10,0,10,,,0.0,10,3.8,,,0,4.0,,,0,,,3.6,10,-1.4,10,1829,10
2008-01-31T19:00+00:00,5935,0.0,0,179,10,161.0,10,1.3,10,4.0,10,1001.6,10,,,74,10,0.0,10,0,10,,,0.0,10,3.7,,,0,4.0,,,0,,,3.9,10,0.3,10,1911,10
2008-01-31T20:00+00:00,5935,0.0,0,158,10,175.0,10,1.6,10,5.5,10,1000.7,10,,,73,10,0.0,10,0,10,,,0.0,10,3.6,,,0,3.9,,,0,,,3.3,10,0.4,10,2018,10
2008-01-31T21:00+00:00,5935,0.0,0,160,10,133.0,10,1.9,10,6.2,10,1000.3,10,,,72,10,0.0,10,0,10,,,0.0,10,3.5,,,0,3.9,,,0,,,3.5,10,0.5,10,2148,10
2008-01-31T22:00+00:00,5935,0.0,0,172,10,165.0,10,2.3,10,5.9,10,999.2,10,,,74,10,0.0,10,0,10,,,0.0,10,3.4,,,0,3.9,,,0,,,3.2,10,0.5,10,2236,10
2008-01-31T23:00+00:00,5935,0.0,0,174,10,164.0,10,2.0,10,4.7,10,998.1,10,,,76,10,0.0,10,0,10,,,0.0,10,3.3,,,0,3.8,,,0,,,3.0,10,-0.2,10,2304,10
2008-02-01T00:00+00:00,5935,0.0,0,174,10,190.0,10,1.8,10,4.4,10,997.4,10,,,79,10,0.0,10,0,10,,,0.0,10,3.2,,,0,3.8,,,0,,,2.8,10,-0.1,10,52,10
2008-02-01T01:00+00:00,5935,0.0,0,151,10,161.0,10,0.4,10,3.5,10,996.9,10,,,85,10,0.0,10,0,10,,,0.0,10,3.2,,,0,3.8,,,0,,,0.8,10,-2.2,10,120,10
2008-02-01T02:00+00:00,5935,0.0,0,6,10,39.0,10,0.7,10,1.8,10,996.3,10,,,90,10,0.0,10,0,10,,,0.0,10,3.1,,,0,3.7,,,0,,,-0.4,10,-2.9,10,224,10
2008-02-01T03:00+00:00,5935,0.0,0,325,10,313.0,10,0.3,10,1.6,10,995.4,10,,,93,10,0.0,10,0,10,,,0.0,10,3.0,,,0,3.7,,,0,,,-0.8,10,-3.7,10,351,10
2008-02-01T04:00+00:00,5935,0.0,0,30,10,28.0,10,0.5,10,1.7,10,994.6,10,,,93,10,0.0,10,0,10,,,0.0,10,2.8,,,0,3.6,,,0,,,-1.1,10,-3.7,10,439,10
2008-02-01T05:00+00:00,5935,0.0,0,10,10,5.0,10,0.1,10,1.1,10,994.6,10,,,94,10,0.0,10,0,10,,,0.0,10,2.7,,,0,3.6,,,0,,,-1.7,10,-3.8,10,518,10
2008-02-01T06:00+00:00,5935,0.0,0,120,10,125.0,10,0.2,10,1.1,10,994.6,10,,,94,10,0.0,10,0,10,,,0.0,10,2.6,,,0,3.6,,,0,,,-1.9,10,-4.2,10,609,10
2008-02-01T07:00+00:00,5935,13.0,0,124,10,117.0,10,0.8,10,2.3,10,994.3,10,,,93,10,0.0,10,0,10,,,0.0,10,2.5,,,0,3.5,,,0,,,0.1,10,-4.4,10,747,10
2008-02-01T08:00+00:00,5935,89.0,0,139,10,122.0,10,1.1,10,3.7,10,994.1,10,,,90,10,0.0,10,0,10,,,0.2,10,2.5,,,0,3.4,,,0,,,1.5,10,-1.6,10,853,10
2008-02-01T09:00+00:00,5935,84.0,0,128,10,149.0,10,2.2,10,5.6,10,994.3,10,,,89,10,0.0,10,0,10,,,0.0,10,2.4,,,0,3.4,,,0,,,1.9,10,1.5,10,954,10
2008-02-01T10:00+00:00,5935,75.0,0,124,10,145.0,10,2.1,10,5.2,10,994.0,10,,,89,10,0.0,10,0,10,,,0.0,10,2.5,,,0,3.3,,,0,,,2.2,10,2.3,10,1047,10
2008-02-01T11:00+00:00,5935,94.0,0,128,10,112.0,10,2.6,10,6.6,10,992.3,10,,,87,10,0.0,10,0,10,,,0.0,10,2.6,,,0,3.3,,,0,,,2.7,10,3.0,10,1139,10
2008-02-01T12:00+00:00,5935,88.0,0,125,10,93.0,10,2.9,10,7.4,10,991.2,10,,,86,10,0.0,10,0,10,,,0.0,10,2.6,,,0,3.3,,,0,,,3.2,10,3.7,10,1209,10
2008-02-01T13:00+00:00,5935,103.0,0,140,10,152.0,10,2.1,10,6.1,10,990.9,10,,,82,10,0.0,10,0,10,,,0.0,10,2.8,,,0,3.3,,,0,,,4.3,10,4.2,10,1303,10
2008-02-01T14:00+00:00,5935,97.0,0,134,10,125.0,10,1.9,10,5.5,10,990.7,10,,,81,10,0.0,10,0,10,,,0.0,10,2.9,,,0,3.3,,,0,,,5.0,10,5.6,10,1412,10
2008-02-01T15:00+00:00,5935,58.0,0,99,10,92.0,10,1.5,10,4.6,10,990.5,10,,,84,10,0.0,10,0,10,,,0.0,10,3.0,,,0,3.3,,,0,,,5.1,10,5.1,10,1509,10
2008-02-01T16:00+00:00,5935,20.0,0,93,10,84.0,10,1.0,10,2.5,10,990.1,10,,,84,10,0.0,10,0,10,,,0.0,10,3.1,,,0,3.3,,,0,,,5.2,10,3.8,10,1616,10
2008-02-01T17:00+00:00,5935,0.0,0,99,10,111.0,10,1.3,10,3.8,10,989.7,10,,,86,10,0.0,10,0,10,,,0.0,10,3.1,,,0,3.3,,,0,,,4.6,10,1.5,10,1753,10
2008-02-01T18:00+00:00,5935,0.0,0,108,10,112.0,10,1.7,10,4.1,10,989.1,10,,,86,10,0.0,10,0,10,,,0.0,10,3.1,,,0,3.3,,,0,,,3.9,10,1.3,10,1805,10
2008-02-01T19:00+00:00,5935,0.0,0,112,10,112.0,10,1.4,10,3.8,10,988.4,10,,,88,10,0.0,10,0,10,,,0.0,10,3.0,,,0,3.3,,,0,,,3.2,10,0.4,10,1919,10
2008-02-01T20:00+00:00,5935,0.0,0,121,10,157.0,10,0.9,10,3.4,10,987.7,10,,,89,10,0.0,10,0,10,,,0.0,10,3.0,,,0,3.3,,,0,,,2.5,10,-0.9,10,2014,10
2008-02-01T21:00+00:00,5935,0.0,0,113,10,129.0,10,0.7,10,2.4,10,987.0,10,,,90,10,0.0,10,0,10,,,0.0,10,2.9,,,0,3.3,,,0,,,2.2,10,-1.7,10,2105,10
2008-02-01T22:00+00:00,5935,0.0,0,66,10,117.0,10,0.2,10,1.8,10,986.5,10,,,92,10,0.0,10,0,10,,,0.0,10,2.8,,,0,3.3,,,0,,,1.7,10,-1.0,10,2205,10
2008-02-01T23:00+00:00,5935,0.0,0,108,10,110.0,10,0.2,10,1.7,10,985.7,10,,,93,10,0.0,10,0,10,,,0.0,10,2.7,,,0,3.3,,,0,,,1.7,10,-0.2,10,2308,10
2008-02-02T00:00+00:00,5935,0.0,0,99,10,91.0,10,0.2,10,1.6,10,985.3,10,,,93,10,0.0,10,0,10,,,0.0,10,2.7,,,0,3.3,,,0,,,1.6,10,0.0,10,9,10
2008-02-02T01:00+00:00,5935,0.0,0,16,10,8.0,10,0.8,10,2.0,10,985.3,10,,,90,10,0.0,10,0,10,,,0.0,10,2.7,,,0,3.3,,,0,,,2.3,10,0.4,10,130,10
2008-02-02T02:00+00:00,5935,0.0,0,339,10,357.0,10,1.1,10,3.1,10,985.6,10,,,90,10,0.0,10,0,10,,,0.0,10,2.6,,,0,3.2,,,0,,,2.3,10,0.3,10,239,10
2008-02-02T03:00+00:00,5935,0.0,0,340,10,308.0,10,1.5,10,3.8,10,985.8,10,,,90,10,0.0,10,0,10,,,0.0,10,2.6,,,0,3.2,,,0,,,2.0,10,0.9,10,334,10
2008-02-02T04:00+00:00,5935,0.0,0,313,10,325.0,10,1.6,10,3.6,10,987.1,10,,,92,10,0.0,10,0,10,,,0.0,10,2.6,,,0,3.2,,,0,,,1.7,10,0.7,10,437,10
2008-02-02T05:00+00:00,5935,0.0,0,306,10,312.0,10,2.1,10,5.7,10,988.1,10,,,90,10,0.0,10,0,10,,,0.0,10,2.6,,,0,3.2,,,0,,,1.9,10,0.8,10,543,10
2008-02-02T06:00+00:00,5935,0.0,0,294,10,309.0,10,1.8,10,5.4,10,989.6,10,,,90,10,0.0,10,0,10,,,0.0,10,2.6,,,0,3.2,,,0,,,1.9,10,0.7,10,603,10
2008-02-02T07:00+00:00,5935,1.0,0,304,10,309.0,10,0.9,10,2.5,10,990.8,10,,,87,10,0.0,10,0,10,,,0.0,10,2.6,,,0,3.1,,,0,,,2.8,10,1.0,10,730,10
2008-02-02T08:00+00:00,5935,9.0,0,275,10,294.0,10,3.0,10,7.3,10,991.4,10,,,72,10,0.0,10,0,10,,,0.0,10,2.6,,,0,3.1,,,0,,,5.7,10,2.0,10,847,10
2008-02-02T09:00+00:00,5935,22.0,0,272,10,273.0,10,2.9,10,7.6,10,992.5,10,,,69,10,0.0,10,0,10,,,0.0,10,2.7,,,0,3.1,,,0,,,6.4,10,4.4,10,954,10
2008-02-02T10:00+00:00,5935,37.0,0,269,10,258.0,10,4.6,10,11.9,10,994.2,10,,,77,10,0.0,10,14,10,,,0.0,10,2.8,,,0,3.1,,,0,,,5.1,10,4.3,10,1039,10
2008-02-02T11:00+00:00,5935,48.0,0,271,10,286.0,10,4.2,10,10.6,10,995.2,10,,,81,10,0.0,10,47,10,,,0.0,10,2.8,,,0,3.1,,,0,,,4.3,10,3.8,10,1112,10
2008-02-02T12:00+00:00,5935,77.0,0,260,10,247.0,10,3.7,10,8.7,10,995.5,10,,,72,10,0.0,10,0,10,,,0.0,10,2.9,,,0,3.1,,,0,,,5.2,10,3.9,10,1241,10
2008-02-02T13:00+00:00,5935,105.0,0,268,10,305.0,10,3.2,10,8.0,10,995.9,10,,,68,10,0.0,10,0,10,,,0.0,10,3.0,,,0,3.1,,,0,,,5.7,10,5.1,10,1345,10
2008-02-02T14:00+00:00,5935,79.0,0,272,10,275.0,10,3.5,10,9.4,10,996.9,10,,,65,10,0.0,10,0,10,,,0.0,10,3.1,,,0,3.2,,,0,,,5.8,10,5.4,10,1439,10
2008-02-02T15:00+00:00,5935,37.0,0,269,10,288.0,10,3.4,10,9.0,10,997.9,10,,,65,10,0.0,10,0,10,,,0.0,10,3.1,,,0,3.2,,,0,,,5.8,10,4.8,10,1510,10
2008-02-02T16:00+00:00,5935,12.0,0,271,10,276.0,10,3.7,10,10.4,10,998.9,10,,,63,10,0.0,10,0,10,,,0.0,10,3.2,,,0,3.2,,,0,,,5.8,10,4.4,10,1638,10
2008-02-02T17:00+00:00,5935,0.0,0,279,10,287.0,10,3.5,10,10.3,10,1000.4,10,,,61,10,0.0,10,0,10,,,0.0,10,3.2,,,0,3.2,,,0,,,5.7,10,4.0,10,1749,10
2008-02-02T18:00+00:00,5935,0.0,0,283,10,277.0,10,3.8,10,10.2,10,1001.6,10,,,60,10,0.0,10,0,10,,,0.0,10,3.2,,,0,3.3,,,0,,,5.6,10,4.1,10,1817,10
2008-02-02T19:00+00:00,5935,0.0,0,286,10,291.0,10,3.4,10,7.3,10,1002.9,10,,,61,10,0.0,10,0,10,,,0.0,10,3.2,,,0,3.3,,,0,,,5.3,10,3.8,10,1949,10
2008-02-02T20:00+00:00,5935,0.0,0,291,10,293.0,10,3.1,10,8.6,10,1004.0,10,,,59,10,0.0,10,0,10,,,0.0,10,3.1,,,0,3.3,,,0,,,4.9,10,3.2,10,2010,10
2008-02-02T21:00+00:00,5935,0.0,0,294,10,287.0,10,2.2,10,6.8,10,1005.0,10,,,61,10,0.0,10,0,10,,,0.0,10,3.1,,,0,3.3,,,0,,,4.3,10,1.6,10,2124,10
2008-02-02T22:00+00:00,5935,0.0,0,320,10,277.0,10,1.1,10,5.4,10,1006.0,10,,,67,10,0.0,10,0,10,,,0.0,10,3.0,,,0,3.3,,,0,,,2.6,10,-1.6,10,2208,10
2008-02-02T23:00+00:00,5935,0.0,0,301,10,267.0,10,0.7,10,2.6,10,1006.9,10,,,76,10,0.0,10,0,10,,,0.0,10,2.9,,,0,3.3,,,0,,,0.5,10,-3.2,10,2351,10
2008-02-03T00:00+00:00,5935,0.0,0,325,10,334.0,10,0.7,10,1.7,10,1007.2,10,,,81,10,0.0,10,0,10,,,0.0,10,2.8,,,0,3.3,,,0,,,0.3,10,-3.8,10,19,10
2008-02-03T01:00+00:00,5935,0.0,0,344,10,318.0,10,0.7,10,2.7,10,1007.5,10,,,81,10,0.0,10,0,10,,,0.0,10,2.7,,,0,3.3,,,0,,,0.6,10,-3.9,10,124,10
2008-02-03T02:00+00:00,5935,0.0,0,291,10,300.0,10,0.8,10,2.8,10,1007.8,10,,,82,10,0.0,10,0,10,,,0.0,10,2.5,,,0,3.2,,,0,,,0.0,10,-4.7,10,202,10
2008-02-03T03:00+00:00,5935,0.0,0,0,10,276.0,10,0.0,10,1.7,10,1008.1,10,,,86,10,0.0,10,0,10,,,0.0,10,2.4,,,0,3.2,,,0,,,-1.3,10,-5.3,10,305,10
2008-02-03T04:00+00:00,5935,0.0,0,0,10,327.0,10,0.0,10,0.8,10,1008.3,10,,,90,10,0.0,10,0,10,,,0.0,10,2.3,,,0,3.2,,,0,,,-2.2,10,-5.3,10,500,10
2008-02-03T05:00+00:00,5935,0.0,0,251,10,45.0,10,0.1,10,1.4,10,1008.7,10,,,91,10,0.0,10,0,10,,,0.0,10,2.2,,,0,3.1,,,0,,,-2.7,10,-5.4,10,523,10
2008-02-03T06:00+00:00,5935,0.0,0,49,10,76.0,10,0.2,10,1.6,10,1008.7,10,,,90,10,0.0,10,0,10,,,0.0,10,2.1,,,0,3.1,,,0,,,-2.3,10,-5.7,10,649,10
2008-02-03T07:00+00:00,5935,8.0,0,85,10,76.0,10,0.2,10,1.2,10,1008.8,10,,,92,10,0.0,10,0,10,,,0.0,10,2.0,,,0,3.0,,,0,,,-2.6,10,-5.6,10,729,10
2008-02-03T08:00+00:00,5935,123.0,0,101,10,106.0,10,0.8,10,2.4,10,1009.0,10,,,80,10,0.0,10,0,10,,,0.9,10,1.9,,,0,3.0,,,0,,,0.6,10,-4.9,10,858,10
2008-02-03T09:00+00:00,5935,268.0,0,114,10,127.0,10,1.4,10,5.2,10,1008.4,10,,,65,10,0.0,10,0,10,,,1.0,10,1.9,,,0,2.9,,,0,,,3.3,10,-0.7,10,959,10
2008-02-03T10:00+00:00,5935,350.0,0,129,10,133.0,10,2.6,10,9.0,10,1007.9,10,,,57,10,0.0,10,0,10,,,1.0,10,1.9,,,0,2.9,,,0,,,5.5,10,6.9,10,1058,10
2008-02-03T11:00+00:00,5935,412.0,0,135,10,135.0,10,3.7,10,10.3,10,1007.0,10,,,55,10,0.0,10,0,10,,,1.0,10,1.9,,,0,2.8,,,0,,,6.1,10,8.7,10,1142,10
2008-02-03T12:00+00:00,5935,424.0,0,137,10,114.0,10,4.1,10,11.0,10,1006.0,10,,,55,10,0.0,10,0,10,,,1.0,10,2.0,,,0,2.8,,,0,,,6.3,10,7.0,10,1252,10
2008-02-03T13:00+00:00,5935,376.0,0,154,10,172.0,10,4.8,10,11.7,10,1004.9,10,,,53,10,0.0,10,0,10,,,1.0,10,2.2,,,0,2.8,,,0,,,6.8,10,6.9,10,1333,10
2008-02-03T14:00+00:00,5935,286.0,0,156,10,159.0,10,5.0,10,13.2,10,1004.6,10,,,54,10,0.0,10,0,10,,,1.0,10,2.4,,,0,2.8,,,0,,,7.0,10,7.1,10,1426,10
2008-02-03T15:00+00:00,5935,167.0,0,152,10,164.0,10,4.2,10,10.8,10,1004.0,10,,,56,10,0.0,10,0,10,,,1.0,10,2.5,,,0,2.8,,,0,,,6.4,10,6.1,10,1538,10
2008-02-03T16:00+00:00,5935,45.0,0,157,10,164.0,10,4.6,10,11.0,10,1003.8,10,,,58,10,0.0,10,0,10,,,0.9,10,2.6,,,0,2.8,,,0,,,5.6,10,3.9,10,1619,10
2008-02-03T17:00+00:00,5935,1.0,0,157,10,180.0,10,4.5,10,11.5,10,1003.6,10,,,61,10,0.0,10,0,10,,,0.0,10,2.6,,,0,2.8,,,0,,,5.2,10,3.4,10,1758,10
2008-02-03T18:00+00:00,5935,0.0,0,157,10,176.0,10,4.4,10,11.6,10,1003.2,10,,,64,10,0.0,10,0,10,,,0.0,10,2.6,,,0,2.9,,,0,,,5.0,10,3.2,10,1816,10
2008-02-03T19:00+00:00,5935,0.0,0,158,10,166.0,10,5.0,10,12.6,10,1003.1,10,,,63,10,0.0,10,0,10,,,0.0,10,2.6,,,0,2.9,,,0,,,5.1,10,3.3,10,1920,10
2008-02-03T20:00+00:00,5935,0.0,0,157,10,158.0,10,4.5,10,10.6,10,1002.9,10,,,66,10,0.0,10,0,10,,,0.0,10,2.6,,,0,2.9,,,0,,,4.8,10,2.9,10,2002,10
2008-02-03T21:00+00:00,5935,0.0,0,154,10,133.0,10,4.2,10,12.2,10,1002.4,10,,,67,10,0.0,10,0,10,,,0.0,10,2.5,,,0,2.9,,,0,,,4.6,10,2.8,10,2159,10
2008-02-03T22:00+00:00,5935,0.0,0,161,10,156.0,10,4.3,10,10.9,10,1001.5,10,,,69,10,0.0,10,0,10,,,0.0,10,2.5,,,0,2.9,,,0,,,4.6,10,2.5,10,2240,10
2008-02-03T23:00+00:00,5935,0.0,0,163,10,136.0,10,4.5,10,12.8,10,1001.1,10,,,72,10,0.0,10,0,10,,,0.0,10,2.5,,,0,2.9,,,0,,,4.6,10,2.6,10,2336,10
2008-02-04T00:00+00:00,5935,0.0,0,162,10,170.0,10,5.2,10,13.2,10,1000.3,10,,,74,10,0.0,10,0,10,,,0.0,10,2.5,,,0,2.9,,,0,,,4.8,10,2.8,10,49,10
2008-02-04T01:00+00:00,5935,0.0,0,165,10,167.0,10,4.8,10,13.3,10,1000.0,10,,,76,10,0.0,10,0,10,,,0.0,10,2.5,,,0,2.9,,,0,,,4.7,10,2.7,10,106,10
2008-02-04T02:00+00:00,5935,0.0,0,164,10,150.0,10,4.8,10,10.6,10,999.4,10,,,78,10,0.0,10,0,10,,,0.0,10,2.5,,,0,2.9,,,0,,,4.8,10,2.9,10,225,10
2008-02-04T03:00+00:00,5935,0.0,0,162,10,168.0,10,4.5,10,11.7,10,998.3,10,,,79,10,0.0,10,0,10,,,0.0,10,2.5,,,0,2.9,,,0,,,4.6,10,2.7,10,335,10
2008-02-04T04:00+00:00,5935,0.0,0,158,10,136.0,10,5.0,10,11.4,10,998.3,10,,,80,10,0.0,10,0,10,,,0.0,10,2.5,,,0,2.9,,,0,,,4.4,10,3.1,10,408,10
2008-02-04T05:00+00:00,5935,0.0,0,158,10,162.0,10,4.0,10,10.4,10,997.9,10,,,80,10,0.0,10,0,10,,,0.0,10,2.6,,,0,2.9,,,0,,,4.5,10,3.1,10,536,10
2008-02-04T06:00+00:00,5935,0.0,0,163,10,142.0,10,3.8,10,10.6,10,997.8,10,,,77,10,0.0,10,0,10,,,0.0,10,2.6,,,0,2.9,,,0,,,5.2,10,3.2,10,620,10
2008-02-04T07:00+00:00,5935,2.0,0,178,10,178.0,10,4.2,10,11.7,10,997.6,10,,,78,10,0.0,10,0,10,,,0.0,10,2.6,,,0,2.9,,,0,,,5.2,10,4.2,10,759,10
2008-02-04T08:00+00:00,5935,19.0,0,163,10,127.0,10,5.0,10,12.1,10,997.3,10,,,81,10,0.0,10,0,10,,,0.0,10,2.7,,,0,2.9,,,0,,,4.9,10,4.2,10,822,10
2008-02-04T09:00+00:00,5935,51.0,0,147,10,142.0,10,4.0,10,11.2,10,997.5,10,,,82,10,0.0,10,0,10,,,0.0,10,2.7,,,0,2.9,,,0,,,5.1,10,4.4,10,929,10
2008-02-04T10:00+00:00,5935,85.0,0,146,10,127.0,10,2.4,10,7.3,10,996.7,10,,,80,10,0.0,10,0,10,,,0.0,10,2.8,,,0,2.9,,,0,,,5.9,10,5.0,10,1017,10
2008-02-04T11:00+00:00,5935,263.0,0,145,10,125.0,10,3.4,10,9.4,10,995.7,10,,,76,10,0.0,10,0,10,,,0.4,10,2.9,,,0,2.9,,,0,,,7.4,10,6.8,10,1138,10
2008-02-04T12:00+00:00,5935,266.0,0,132,10,134.0,10,3.8,10,10.5,10,994.5,10,,,75,10,0.0,10,0,10,,,0.3,10,3.1,,,0,3.0,,,0,,,8.3,10,7.7,10,1229,10
2008-02-04T13:00+00:00,5935,278.0,0,151,10,140.0,10,4.4,10,11.7,10,993.2,10,,,73,10,0.0,10,0,10,,,0.9,10,3.3,,,0,3.0,,,0,,,8.9,10,9.0,10,1358,10
2008-02-04T14:00+00:00,5935,200.0,0,160,10,163.0,10,5.0,10,11.7,10,992.9,10,,,72,10,0.0,10,0,10,,,0.9,10,3.5,,,0,3.1,,,0,,,9.1,10,8.9,10,1456,10
2008-02-04T15:00+00:00,5935,97.0,0,171,10,168.0,10,4.7,10,12.7,10,992.5,10,,,70,10,0.0,10,0,10,,,0.1,10,3.6,,,0,3.1,,,0,,,9.4,10,8.6,10,1530,10
2008-02-04T16:00+00:00,5935,37.0,0,171,10,180.0,10,4.2,10,11.0,10,992.3,10,,,71,10,0.0,10,0,10,,,0.0,10,3.7,,,0,3.2,,,0,,,9.3,10,7.6,10,1700,10
2008-02-04T17:00+00:00,5935,1.0,0,170,10,164.0,10,3.7,10,9.1,10,992.3,10,,,71,10,0.0,10,0,10,,,0.0,10,3.8,,,0,3.2,,,0,,,9.0,10,6.8,10,1719,10
2008-02-04T18:00+00:00,5935,0.0,0,176,10,147.0,10,2.6,10,7.3,10,992.7,10,,,72,10,0.0,10,0,10,,,0.0,10,3.8,,,0,3.3,,,0,,,8.5,10,6.0,10,1804,10
2008-02-04T19:00+00:00,5935,0.0,0,179,10,181.0,10,1.5,10,5.0,10,993.0,10,,,73,10,0.0,10,0,10,,,0.0,10,3.8,,,0,3.3,,,0,,,7.8,10,3.9,10,1922,10
2008-02-04T20:00+00:00,5935,0.0,0,148,10,119.0,10,0.2,10,1.5,10,993.3,10,,,83,10,0.0,10,0,10,,,0.0,10,3.7,,,0,3.4,,,0,,,5.1,10,0.5,10,2019,10
2008-02-04T21:00+00:00,5935,0.0,0,156,10,164.0,10,0.3,10,1.4,10,994.1,10,,,86,10,0.0,10,0,10,,,0.0,10,3.6,,,0,3.4,,,0,,,4.4,10,0.5,10,2128,10
2008-02-04T22:00+00:00,5935,0.0,0,43,10,42.0,10,0.6,10,2.0,10,994.8,10,,,91,10,0.0,10,0,10,,,0.0,10,3.5,,,0,3.4,,,0,,,3.1,10,-0.2,10,2242,10
2008-02-04T23:00+00:00,5935,0.0,0,322,10,306.0,10,0.8,10,2.6,10,995.9,10,,,92,10,0.0,10,0,10,,,0.0,10,3.4,,,0,3.4,,,0,,,3.5,10,0.1,10,2344,10
2008-02-05T00:00+00:00,5935,0.0,0,37,10,275.0,10,0.1,10,1.6,10,996.8,10,,,91,10,0.0,10,0,10,,,0.0,10,3.3,,,0,3.4,,,0,,,3.3,10,-0.1,10,4,10
2008-02-05T01:00+00:00,5935,0.0,0,18,10,339.0,10,0.4,10,2.4,10,997.8,10,,,90,10,0.0,10,0,10,,,0.0,10,3.2,,,0,3.4,,,0,,,3.3,10,-0.6,10,148,10
2008-02-05T02:00+00:00,5935,0.0,0,310,10,289.0,10,1.5,10,4.5,10,998.4,10,,,82,10,0.0,10,0,10,,,0.0,10,3.1,,,0,3.4,,,0,,,4.9,10,-0.3,10,257,10
2008-02-05T03:00+00:00,5935,0.0,0,303,10,308.0,10,2.2,10,4.4,10,999.2,10,,,83,10,0.0,10,0,10,,,0.0,10,3.1,,,0,3.4,,,0,,,4.3,10,1.0,10,400,10
2008-02-05T04:00+00:00,5935,0.0,0,318,10,341.0,10,1.8,10,5.1,10,1000.3,10,,,80,10,0.0,10,0,10,,,0.0,10,3.0,,,0,3.4,,,0,,,4.2,10,1.1,10,416,10
2008-02-05T05:00+00:00,5935,0.0,0,328,10,329.0,10,0.5,10,2.7,10,1000.9,10,,,83,10,0.0,10,0,10,,,0.0,10,3.0,,,0,3.3,,,0,,,3.2,10,-1.2,10,502,10
2008-02-05T06:00+00:00,5935,0.0,0,306,10,350.0,10,1.3,10,4.9,10,1002.0,10,,,82,10,0.0,10,0,10,,,0.0,10,2.9,,,0,3.3,,,0,,,4.4,10,-1.2,10,619,10
2008-02-05T07:00+00:00,5935,10.0,0,299,10,302.0,10,1.5,10,4.2,10,1003.2,10,,,84,10,0.0,10,0,10,,,0.0,10,2.8,,,0,3.3,,,0,,,4.4,10,1.3,10,718,10
2008-02-05T08:00+00:00,5935,47.0,0,284,10,281.0,10,1.2,10,3.0,10,1003.7,10,,,80,10,0.0,10,0,10,,,0.0,10,2.8,,,0,3.3,,,0,,,5.6,10,1.7,10,833,10
2008-02-05T09:00+00:00,5935,123.0,0,306,10,304.0,10,1.9,10,5.0,10,1004.1,10,,,75,10,0.0,10,0,10,,,0.1,10,2.9,,,0,3.2,,,0,,,6.8,10,4.7,10,942,10
2008-02-05T10:00+00:00,5935,164.0,0,296,10,308.0,10,2.4,10,5.7,10,1004.6,10,,,70,10,0.0,10,0,10,,,0.0,10,3.0,,,0,3.2,,,0,,,7.4,10,7.6,10,1045,10
2008-02-05T11:00+00:00,5935,218.0,0,303,10,307.0,10,2.3,10,5.5,10,1004.4,10,,,68,10,0.0,10,0,10,,,0.2,10,3.2,,,0,3.2,,,0,,,8.2,10,8.5,10,1124,10
2008-02-05T12:00+00:00,5935,251.0,0,295,10,294.0,10,1.4,10,3.7,10,1004.1,10,,,64,10,0.0,10,0,10,,,0.1,10,3.4,,,0,3.2,,,0,,,8.9,10,10.5,10,1258,10
2008-02-05T13:00+00:00,5935,230.0,0,307,10,300.0,10,2.4,10,5.3,10,1004.1,10,,,64,10,0.0,10,0,10,,,0.4,10,3.6,,,0,3.2,,,0,,,8.7,10,10.3,10,1315,10
2008-02-05T14:00+00:00,5935,174.0,0,298,10,299.0,10,2.0,10,4.8,10,1004.2,10,,,63,10,0.0,10,0,10,,,0.1,10,3.8,,,0,3.3,,,0,,,9.1,10,10.2,10,1406,10
2008-02-05T15:00+00:00,5935,171.0,0,303,10,279.0,10,1.5,10,3.6,10,1004.1,10,,,61,10,0.0,10,0,10,,,1.0,10,3.9,,,0,3.3,,,0,,,9.4,10,9.1,10,1507,10
2008-02-05T16:00+00:00,5935,30.0,0,296,10,278.0,10,0.8,10,2.4,10,1004.4,10,,,68,10,0.0,10,0,10,,,0.2,10,4.0,,,0,3.4,,,0,,,7.3,10,1.8,10,1605,10
2008-02-05T17:00+00:00,5935,1.0,0,276,10,286.0,10,0.6,10,2.3,10,1004.8,10,,,73,10,0.0,10,0,10,,,0.0,10,3.9,,,0,3.5,,,0,,,5.6,10,0.4,10,1728,10
2008-02-05T18:00+00:00,5935,0.0,0,0,10,234.0,10,0.0,10,1.1,10,1005.2,10,,,81,10,0.0,10,0,10,,,0.0,10,3.8,,,0,3.5,,,0,,,3.9,10,-0.5,10,1859,10
2008-02-05T19:00+00:00,5935,0.0,0,215,10,231.0,10,1.1,10,2.9,10,1005.0,10,,,79,10,0.0,10,0,10,,,0.0,10,3.6,,,0,3.5,,,0,,,5.3,10,-1.6,10,1953,10
2008-02-05T20:00+00:00,5935,0.0,0,209,10,202.0,10,1.1,10,2.6,10,1005.0,10,,,82,10,0.0,10,0,10,,,0.0,10,3.5,,,0,3.5,,,0,,,4.1,10,-0.7,10,2034,10
2008-02-05T21:00+00:00,5935,0.0,0,229,10,227.0,10,0.7,10,2.0,10,1005.0,10,,,88,10,0.0,10,0,10,,,0.0,10,3.4,,,0,3.5,,,0,,,2.5,10,-1.6,10,2127,10
2008-02-05T22:00+00:00,5935,0.0,0,164,10,210.0,10,0.5,10,1.6,10,1004.9,10,,,89,10,0.0,10,0,10,,,0.0,10,3.2,,,0,3.5,,,0,,,2.5,10,-2.1,10,2300,10
2008-02-05T23:00+00:00,5935,0.0,0,145,10,152.0,10,0.9,10,3.0,10,1004.2,10,,,85,10,0.0,10,0,10,,,0.0,10,3.1,,,0,3.5,,,0,,,4.0,10,-2.0,10,2343,10
2008-02-06T00:00+00:00,5935,0.0,0,156,10,181.0,10,1.1,10,2.8,10,1003.9,10,,,84,10,0.0,10,0,10,,,0.0,10,3.1,,,0,3.5,,,0,,,3.9,10,1.8,10,35,10
2008-02-06T01:00+00:00,5935,0.0,0,173,10,180.0,10,1.3,10,3.3,10,1003.5,10,,,83,10,0.0,10,0,10,,,0.0,10,3.1,,,0,3.4,,,0,,,3.9,10,2.3,10,115,10
2008-02-06T02:00+00:00,5935,0.0,0,160,10,150.0,10,0.6,10,2.6,10,1003.1,10,,,83,10,0.0,10,0,10,,,0.0,10,3.1,,,0,3.4,,,0,,,3.9,10,2.7,10,201,10
2008-02-06T03:00+00:00,5935,0.0,0,100,10,274.0,10,0.9,10,3.5,10,1002.8,10,,,84,10,0.0,10,0,10,,,0.0,10,3.1,,,0,3.4,,,0,,,3.5,10,1.8,10,353,10
2008-02-06T04:00+00:00,5935,0.0,0,95,10,103.0,10,0.7,10,2.7,10,1002.8,10,,,86,10,0.0,10,0,10,,,0.0,10,3.0,,,0,3.4,,,0,,,3.2,10,1.2,10,418,10
2008-02-06T05:00+00:00,5935,0.0,0,171,10,161.0,10,1.2,10,3.7,10,1002.4,10,,,79,10,0.0,10,0,10,,,0.0,10,3.0,,,0,3.4,,,0,,,4.2,10,1.0,10,542,10
2008-02-06T06:00+00:00,5935,0.0,0,134,10,196.0,10,0.5,10,2.4,10,1002.8,10,,,83,10,0.0,10,0,10,,,0.0,10,3.0,,,0,3.3,,,0,,,3.4,10,0.4,10,602,10
2008-02-06T07:00+00:00,5935,9.0,0,143,10,147.0,10,0.9,10,2.9,10,1002.9,10,,,82,10,0.0,10,0,10,,,0.0,10,3.0,,,0,3.3,,,0,,,4.1,10,0.7,10,759,10
2008-02-06T08:00+00:00,5935,31.0,0,170,10,161.0,10,1.2,10,3.5,10,1002.7,10,,,76,10,0.0,10,2,10,,,0.0,10,3.0,,,0,3.3,,,0,,,5.0,10,3.3,10,807,10
2008-02-06T09:00+00:00,5935,30.0,0,173,10,205.0,10,1.4,10,4.7,10,1002.9,10,,,77,10,0.0,10,13,10,,,0.0,10,3.0,,,0,3.3,,,0,,,5.2,10,4.6,10,923,10
2008-02-06T10:00+00:00,5935,43.0,0,162,10,182.0,10,1.0,10,3.8,10,1002.9,10,,,75,10,0.0,10,5,10,,,0.0,10,3.1,,,0,3.3,,,0,,,5.8,10,4.6,10,1019,10
2008-02-06T11:00+00:00,5935,63.0,0,82,10,111.0,10,1.1,10,3.2,10,1002.2,10,,,76,10,0.0,10,0,10,,,0.0,10,3.1,,,0,3.3,,,0,,,6.7,10,5.6,10,1118,10
2008-02-06T12:00+00:00,5935,90.0,0,113,10,221.0,10,0.3,10,3.7,10,1001.8,10,,,65,10,0.0,10,0,10,,,0.0,10,3.2,,,0,3.3,,,0,,,9.9,10,6.8,10,1256,10
2008-02-06T13:00+00:00,5935,163.0,0,262,10,297.0,10,4.8,10,11.5,10,1001.0,10,,,51,10,0.0,10,0,10,,,0.0,10,3.4,,,0,3.3,,,0,,,13.6,10,10.1,10,1327,10
2008-02-06T14:00+00:00,5935,214.0,0,248,10,256.0,10,5.0,10,11.7,10,1000.9,10,,,49,10,0.0,10,0,10,,,0.5,10,3.6,,,0,3.3,,,0,,,14.4,10,12.7,10,1446,10
2008-02-06T15:00+00:00,5935,99.0,0,279,10,321.0,10,5.1,10,17.1,10,1002.5,10,,,83,10,0.8,10,24,10,,,0.3,10,3.8,,,0,3.4,,,0,,,9.1,10,7.5,10,1535,10
2008-02-06T16:00+00:00,5935,77.0,0,229,10,318.0,10,0.8,10,3.3,10,1002.4,10,,,82,10,0.0,10,0,10,,,0.8,10,4.0,,,0,3.4,,,0,,,9.1,10,4.5,10,1601,10
2008-02-06T17:00+00:00,5935,1.0,0,260,10,271.0,10,2.1,10,6.2,10,1003.3,10,,,74,10,0.0,10,0,10,,,0.0,10,4.0,,,0,3.5,,,0,,,9.1,10,3.9,10,1731,10
2008-02-06T18:00+00:00,5935,0.0,0,247,10,286.0,10,2.8,10,7.8,10,1003.7,10,,,70,10,0.0,10,0,10,,,0.0,10,4.0,,,0,3.5,,,0,,,9.4,10,4.6,10,1853,10
2008-02-06T19:00+00:00,5935,0.0,0,265,10,287.0,10,3.7,10,9.8,10,1003.7,10,,,71,10,0.0,10,0,10,,,0.0,10,3.9,,,0,3.6,,,0,,,9.0,10,4.9,10,1952,10
2008-02-06T20:00+00:00,5935,0.0,0,274,10,245.0,10,4.5,10,9.9,10,1004.0,10,,,66,10,0.0,10,0,10,,,0.0,10,3.9,,,0,3.6,,,0,,,9.5,10,5.1,10,2019,10
2008-02-06T21:00+00:00,5935,0.0,0,275,10,290.0,10,4.0,10,11.2,10,1004.2,10,,,71,10,0.1,10,10,10,,,0.0,10,3.9,,,0,3.6,,,0,,,8.6,10,4.4,10,2106,10
2008-02-06T22:00+00:00,5935,0.0,0,285,10,306.0,10,3.7,10,11.0,10,1004.6,10,,,67,10,0.0,10,0,10,,,0.0,10,3.9,,,0,3.7,,,0,,,8.6,10,4.5,10,2232,10
2008-02-06T23:00+00:00,5935,0.0,0,274,10,272.0,10,4.4,10,9.6,10,1004.9,10,,,72,10,0.0,10,0,10,,,0.0,10,3.9,,,0,3.7,,,0,,,8.3,10,4.7,10,2322,10
2008-02-07T00:00+00:00,5935,0.0,0,274,10,296.0,10,4.2,10,9.6,10,1005.4,10,,,73,10,0.0,10,0,10,,,0.0,10,3.9,,,0,3.7,,,0,,,7.9,10,4.6,10,49,10
2008-02-07T01:00+00:00,5935,0.0,0,280,10,279.0,10,5.5,10,11.7,10,1005.9,10,,,70,10,0.0,10,0,10,,,0.0,10,3.9,,,0,3.7,,,0,,,8.4,10,5.0,10,122,10
2008-02-07T02:00+00:00,5935,0.0,0,296,10,350.0,10,5.3,10,14.6,10,1007.8,10,,,76,10,0.1,10,33,10,,,0.0,10,3.9,,,0,3.7,,,0,,,6.8,10,5.0,10,243,10
2008-02-07T03:00+00:00,5935,0.0,0,315,10,341.0,10,4.0,10,12.0,10,1008.7,10,,,74,10,0.0,10,21,10,,,0.0,10,3.9,,,0,3.7,,,0,,,6.0,10,4.0,10,310,10
2008-02-07T04:00+00:00,5935,0.0,0,303,10,316.0,10,3.2,10,8.3,10,1009.6,10,,,72,10,0.0,10,0,10,,,0.0,10,3.9,,,0,3.7,,,0,,,5.7,10,3.1,10,448,10
2008-02-07T05:00+00:00,5935,0.0,0,301,10,299.0,10,3.9,10,8.8,10,1010.4,10,,,73,10,0.0,10,0,10,,,0.0,10,3.8,,,0,3.7,,,0,,,5.3,10,3.0,10,518,10
2008-02-07T06:00+00:00,5935,0.0,0,298,10,286.0,10,4.0,10,10.4,10,1011.4,10,,,74,10,0.0,10,0,10,,,0.0,10,3.8,,,0,3.7,,,0,,,5.5,10,2.8,10,614,10
2008-02-07T07:00+00:00,5935,11.0,0,303,10,307.0,10,4.5,10,10.4,10,1012.7,10,,,73,10,0.0,10,0,10,,,0.0,10,3.7,,,0,3.7,,,0,,,4.9,10,3.2,10,759,10
2008-02-07T08:00+00:00,5935,125.0,0,304,10,316.0,10,3.4,10,10.0,10,1013.6,10,,,66,10,0.0,10,0,10,,,1.0,10,3.7,,,0,3.7,,,0,,,5.5,10,3.3,10,806,10
2008-02-07T09:00+00:00,5935,265.0,0,299,10,297.0,10,4.8,10,12.0,10,1013.8,10,,,67,10,0.0,10,0,10,,,1.0,10,3.6,,,0,3.7,,,0,,,6.1,10,6.9,10,952,10
2008-02-07T10:00+00:00,5935,329.0,0,300,10,301.0,10,6.1,10,15.2,10,1014.1,10,,,58,10,0.0,10,0,10,,,0.9,10,3.6,,,0,3.7,,,0,,,6.5,10,8.0,10,1036,10
2008-02-07T11:00+00:00,5935,376.0,0,309,10,326.0,10,6.5,10,14.3,10,1014.4,10,,,53,10,0.0,10,0,10,,,0.8,10,3.7,,,0,3.7,,,0,,,6.3,10,8.1,10,1124,10
2008-02-07T12:00+00:00,5935,260.0,0,306,10,280.0,10,5.5,10,13.2,10,1014.8,10,,,53,10,0.0,10,0,10,,,0.3,10,3.8,,,0,3.7,,,0,,,6.3,10,7.0,10,1204,10
2008-02-07T13:00+00:00,5935,288.0,0,305,10,307.0,10,5.4,10,12.6,10,1014.8,10,,,50,10,0.0,10,0,10,,,0.4,10,3.9,,,0,3.7,,,0,,,7.2,10,7.6,10,1320,10
2008-02-07T14:00+00:00,5935,250.0,0,323,10,310.0,10,5.2,10,12.4,10,1014.9,10,,,49,10,0.0,10,0,10,,,0.5,10,4.0,,,0,3.7,,,0,,,6.5,10,6.8,10,1436,10
2008-02-07T15:00+00:00,5935,80.0,0,308,10,315.0,10,4.7,10,11.1,10,1015.5,10,,,51,10,0.0,10,0,10,,,0.0,10,4.0,,,0,3.7,,,0,,,6.4,10,6.3,10,1505,10
2008-02-07T16:00+00:00,5935,34.0,0,299,10,300.0,10,4.3,10,9.8,10,1016.0,10,,,52,10,0.0,10,0,10,,,0.1,10,4.0,,,0,3.8,,,0,,,5.7,10,4.6,10,1618,10
2008-02-07T17:00+00:00,5935,1.0,0,298,10,285.0,10,3.9,10,8.5,10,1016.4,10,,,52,10,0.0,10,0,10,,,0.0,10,3.9,,,0,3.8,,,0,,,5.6,10,3.9,10,1738,10
2008-02-07T18:00+00:00,5935,0.0,0,300,10,318.0,10,3.2,10,7.6,10,1017.0,10,,,53,10,0.0,10,0,10,,,0.0,10,3.9,,,0,3.8,,,0,,,5.6,10,3.8,10,1834,10
2008-02-07T19:00+00:00,5935,0.0,0,302,10,287.0,10,3.5,10,8.7,10,1017.4,10,,,53,10,0.0,10,0,10,,,0.0,10,3.8,,,0,3.8,,,0,,,5.5,10,3.9,10,1949,10
2008-02-07T20:00+00:00,5935,0.0,0,301,10,281.0,10,3.3,10,7.7,10,1018.0,10,,,55,10,0.0,10,0,10,,,0.0,10,3.8,,,0,3.8,,,0,,,5.5,10,4.0,10,2001,10
2008-02-07T21:00+00:00,5935,0.0,0,296,10,298.0,10,3.7,10,8.5,10,1018.3,10,,,55,10,0.0,10,0,10,,,0.0,10,3.7,,,0,3.8,,,0,,,5.5,10,4.4,10,2126,10
2008-02-07T22:00+00:00,5935,0.0,0,296,10,277.0,10,4.5,10,9.9,10,1018.2,10,,,56,10,0.0,10,0,10,,,0.0,10,3.7,,,0,3.8,,,0,,,5.4,10,4.4,10,2228,10
2008-02-07T23:00+00:00,5935,0.0,0,297,10,291.0,10,4.2,10,9.2,10,1018.5,10,,,57,10,0.0,10,0,10,,,0.0,10,3.7,,,0,3.8,,,0,,,5.1,10,4.3,10,2310,10
2008-02-08T00:00+00:00,5935,0.0,0,296,10,307.0,10,4.0,10,8.9,10,1019.0,10,,,59,10,0.0,10,0,10,,,0.0,10,3.6,,,0,3.8,,,0,,,4.8,10,4.0,10,38,10
2008-02-08T01:00+00:00,5935,0.0,0,302,10,310.0,10,3.6,10,8.4,10,1019.1,10,,,60,10,0.0,10,0,10,,,0.0,10,3.6,,,0,3.8,,,0,,,4.7,10,3.9,10,106,10
2008-02-08T02:00+00:00,5935,0.0,0,295,10,287.0,10,3.9,10,10.6,10,1018.7,10,,,62,10,0.0,10,0,10,,,0.0,10,3.6,,,0,3.8,,,0,,,4.5,10,3.6,10,247,10
2008-02-08T03:00+00:00,5935,0.0,0,295,10,304.0,10,4.2,10,10.9,10,1019.3,10,,,63,10,0.0,10,0,10,,,0.0,10,3.5,,,0,3.7,,,0,,,4.2,10,3.5,10,317,10
2008-02-08T04:00+00:00,5935,0.0,0,313,10,329.0,10,2.8,10,7.3,10,1019.8,10,,,65,10,0.0,10,0,10,,,0.0,10,3.5,,,0,3.7,,,0,,,3.9,10,3.1,10,429,10
2008-02-08T05:00+00:00,5935,0.0,0,302,10,305.0,10,3.2,10,6.5,10,1019.9,10,,,67,10,0.0,10,0,10,,,0.0,10,3.5,,,0,3.7,,,0,,,3.3,10,1.7,10,507,10
2008-02-08T06:00+00:00,5935,0.0,0,297,10,295.0,10,3.2,10,6.9,10,1020.1,10,,,69,10,0.0,10,0,10,,,0.0,10,3.4,,,0,3.7,,,0,,,2.9,10,1.0,10,615,10
2008-02-08T07:00+00:00,5935,12.0,0,296,10,284.0,10,3.0,10,7.2,10,1020.6,10,,,70,10,0.0,10,0,10,,,0.0,10,3.3,,,0,3.7,,,0,,,2.6,10,1.0,10,759,10
2008-02-08T08:00+00:00,5935,65.0,0,305,10,304.0,10,2.9,10,7.0,10,1021.0,10,,,68,10,0.0,10,0,10,,,0.0,10,3.3,,,0,3.7,,,0,,,3.3,10,1.3,10,807,10
2008-02-08T09:00+00:00,5935,139.0,0,306,10,339.0,10,3.5,10,7.7,10,1020.8,10,,,67,10,0.0,10,0,10,,,0.0,10,3.2,,,0,3.6,,,0,,,4.1,10,3.5,10,958,10
2008-02-08T10:00+00:00,5935,251.0,0,303,10,298.0,10,2.8,10,7.0,10,1020.9,10,,,64,10,0.0,10,0,10,,,0.5,10,3.3,,,0,3.6,,,0,,,5.7,10,5.0,10,1045,10
2008-02-08T11:00+00:00,5935,230.0,0,307,10,299.0,10,2.8,10,6.8,10,1020.5,10,,,63,10,0.0,10,0,10,,,0.9,10,3.3,,,0,3.6,,,0,,,6.2,10,6.4,10,1130,10
2008-02-08T12:00+00:00,5935,444.0,0,306,10,291.0,10,3.0,10,7.5,10,1020.0,10,,,60,10,0.0,10,0,10,,,0.9,10,3.5,,,0,3.6,,,0,,,7.3,10,10.1,10,1222,10
2008-02-08T13:00+00:00,5935,297.0,0,309,10,307.0,10,3.1,10,8.2,10,1019.6,10,,,58,10,0.0,10,0,10,,,0.6,10,3.7,,,0,3.6,,,0,,,7.8,10,8.4,10,1341,10
2008-02-08T14:00+00:00,5935,242.0,0,351,10,359.0,10,2.8,10,7.5,10,1019.4,10,,,56,10,0.0,10,0,10,,,0.6,10,3.9,,,0,3.6,,,0,,,7.6,10,8.5,10,1434,10
2008-02-08T15:00+00:00,5935,156.0,0,11,10,9.0,10,2.4,10,6.2,10,1019.6,10,,,56,10,0.0,10,0,10,,,0.8,10,4.0,,,0,3.7,,,0,,,7.7,10,7.1,10,1513,10
2008-02-08T16:00+00:00,5935,31.0,0,20,10,349.0,10,1.9,10,5.9,10,1019.5,10,,,62,10,0.0,10,0,10,,,0.1,10,4.0,,,0,3.7,,,0,,,5.9,10,3.3,10,1611,10
2008-02-08T17:00+00:00,5935,2.0,0,16,10,15.0,10,1.0,10,2.5,10,1019.9,10,,,63,10,0.0,10,0,10,,,0.0,10,4.0,,,0,3.7,,,0,,,5.9,10,3.3,10,1739,10
2008-02-08T18:00+00:00,5935,0.0,0,38,10,57.0,10,1.1,10,3.4,10,1019.9,10,,,64,10,0.0,10,0,10,,,0.0,10,3.9,,,0,3.8,,,0,,,5.5,10,2.4,10,1836,10
2008-02-08T19:00+00:00,5935,0.0,0,326,10,324.0,10,0.7,10,2.1,10,1020.1,10,,,67,10,0.0,10,0,10,,,0.0,10,3.8,,,0,3.8,,,0,,,4.1,10,-0.4,10,1933,10
2008-02-08T20:00+00:00,5935,0.0,0,329,10,344.0,10,0.6,10,1.6,10,1020.0,10,,,74,10,0.0,10,0,10,,,0.0,10,3.7,,,0,3.8,,,0,,,2.1,10,-2.8,10,2027,10
2008-02-08T21:00+00:00,5935,0.0,0,301,10,326.0,10,0.3,10,1.4,10,1020.0,10,,,80,10,0.0,10,0,10,,,0.0,10,3.6,,,0,3.8,,,0,,,0.3,10,-3.5,10,2107,10
2008-02-08T22:00+00:00,5935,0.0,0,300,10,309.0,10,0.8,10,2.4,10,1019.9,10,,,82,10,0.0,10,0,10,,,0.0,10,3.4,,,0,3.8,,,0,,,0.4,10,-4.0,10,2210,10
2008-02-08T23:00+00:00,5935,0.0,0,284,10,290.0,10,1.0,10,2.1,10,1019.9,10,,,83,10,0.0,10,0,10,,,0.0,10,3.2,,,0,3.8,,,0,,,0.2,10,-4.2,10,2334,10
2008-02-09T00:00+00:00,5935,0.0,0,275,10,270.0,10,0.9,10,2.2,10,1019.8,10,,,84,10,0.0,10,0,10,,,0.0,10,3.1,,,0,3.7,,,0,,,0.0,10,-4.3,10,23,10
2008-02-09T01:00+00:00,5935,0.0,0,293,10,305.0,10,0.2,10,1.3,10,1019.9,10,,,86,10,0.0,10,0,10,,,0.0,10,2.9,,,0,3.7,,,0,,,-0.7,10,-4.7,10,134,10
2008-02-09T02:00+00:00,5935,0.0,0,275,10,288.0,10,1.0,10,1.9,10,1019.7,10,,,85,10,0.0,10,0,10,,,0.0,10,2.8,,,0,3.6,,,0,,,-0.3,10,-5.0,10,252,10
2008-02-09T03:00+00:00,5935,0.0,0,297,10,306.0,10,1.0,10,2.5,10,1019.5,10,,,82,10,0.0,10,0,10,,,0.0,10,2.7,,,0,3.6,,,0,,,0.0,10,-2.8,10,321,10
2008-02-09T04:00+00:00,5935,0.0,0,291,10,265.0,10,1.0,10,2.1,10,1019.6,10,,,82,10,0.0,10,0,10,,,0.0,10,2.6,,,0,3.5,,,0,,,-0.1,10,-2.7,10,426,10
2008-02-09T05:00+00:00,5935,0.0,0,291,10,298.0,10,0.8,10,1.9,10,1019.6,10,,,83,10,0.0,10,0,10,,,0.0,10,2.5,,,0,3.5,,,0,,,-0.2,10,-2.6,10,505,10
2008-02-09T06:00+00:00,5935,0.0,0,294,10,311.0,10,0.7,10,1.6,10,1019.6,10,,,82,10,0.0,10,0,10,,,0.0,10,2.5,,,0,3.4,,,0,,,0.1,10,-2.6,10,655,10
2008-02-09T07:00+00:00,5935,18.0,0,300,10,309.0,10,1.2,10,3.6,10,1019.8,10,,,81,10,0.0,10,0,10,,,0.1,10,2.4,,,0,3.3,,,0,,,0.1,10,-2.7,10,738,10
2008-02-09T08:00+00:00,5935,104.0,0,298,10,302.0,10,1.6,10,3.8,10,1020.1,10,,,78,10,0.0,10,0,10,,,1.0,10,2.4,,,0,3.3,,,0,,,1.4,10,-1.9,10,843,10
2008-02-09T09:00+00:00,5935,240.0,0,318,10,309.0,10,1.4,10,4.5,10,1020.3,10,,,71,10,0.0,10,0,10,,,1.0,10,2.3,,,0,3.3,,,0,,,3.4,10,2.3,10,920,10
2008-02-09T10:00+00:00,5935,310.0,0,335,10,10.0,10,1.7,10,3.9,10,1020.2,10,,,69,10,0.0,10,0,10,,,1.0,10,2.4,,,0,3.2,,,0,,,4.8,10,8.0,10,1009,10
2008-02-09T11:00+00:00,5935,333.0,0,20,10,21.0,10,1.9,10,4.6,10,1019.6,10,,,69,10,0.0,10,0,10,,,0.9,10,2.5,,,0,3.2,,,0,,,5.1,10,8.8,10,1114,10
2008-02-09T12:00+00:00,5935,439.0,0,331,10,324.0,10,1.8,10,4.6,10,1019.1,10,,,68,10,0.0,10,0,10,,,1.0,10,2.8,,,0,3.2,,,0,,,5.9,10,7.5,10,1215,10
2008-02-09T13:00+00:00,5935,407.0,0,322,10,295.0,10,2.0,10,5.1,10,1018.5,10,,,65,10,0.0,10,0,10,,,1.0,10,3.0,,,0,3.2,,,0,,,7.2,10,7.3,10,1309,10
2008-02-09T14:00+00:00,5935,231.0,0,22,10,13.0,10,2.1,10,4.7,10,1018.4,10,,,65,10,0.0,10,0,10,,,0.6,10,3.3,,,0,3.2,,,0,,,6.6,10,6.4,10,1429,10
2008-02-09T15:00+00:00,5935,81.0,0,50,10,53.0,10,1.8,10,4.7,10,1018.5,10,,,67,10,0.0,10,0,10,,,0.2,10,3.4,,,0,3.2,,,0,,,5.9,10,4.5,10,1513,10
2008-02-09T16:00+00:00,5935,36.0,0,46,10,63.0,10,1.6,10,4.3,10,1018.7,10,,,71,10,0.0,10,0,10,,,0.3,10,3.4,,,0,3.3,,,0,,,4.8,10,2.0,10,1615,10
2008-02-09T17:00+00:00,5935,2.0,0,33,10,62.0,10,1.2,10,3.7,10,1018.8,10,,,76,10,0.0,10,0,10,,,0.0,10,3.4,,,0,3.4,,,0,,,3.5,10,-1.3,10,1707,10
2008-02-09T18:00+00:00,5935,0.0,0,351,10,359.0,10,0.2,10,1.1,10,1018.9,10,,,80,10,0.0,10,0,10,,,0.0,10,3.3,,,0,3.4,,,0,,,2.9,10,-1.5,10,1806,10
2008-02-09T19:00+00:00,5935,0.0,0,301,10,307.0,10,0.1,10,2.0,10,1019.0,10,,,78,10,0.0,10,0,10,,,0.0,10,3.2,,,0,3.4,,,0,,,3.5,10,0.4,10,1954,10
2008-02-09T20:00+00:00,5935,0.0,0,306,10,308.0,10,0.3,10,1.7,10,1018.7,10,,,78,10,0.0,10,0,10,,,0.0,10,3.1,,,0,3.4,,,0,,,3.5,10,1.3,10,2002,10
2008-02-09T21:00+00:00,5935,0.0,0,299,10,310.0,10,0.5,10,1.9,10,1018.7,10,,,80,10,0.0,10,0,10,,,0.0,10,3.1,,,0,3.4,,,0,,,2.5,10,-1.8,10,2151,10
2008-02-09T22:00+00:00,5935,0.0,0,296,10,337.0,10,0.5,10,1.5,10,1018.7,10,,,86,10,0.0,10,0,10,,,0.0,10,3.0,,,0,3.4,,,0,,,0.9,10,-3.8,10,2247,10
2008-02-09T23:00+00:00,5935,0.0,0,332,10,333.0,10,0.6,10,2.3,10,1018.8,10,,,87,10,0.0,10,0,10,,,0.0,10,2.9,,,0,3.4,,,0,,,0.9,10,-4.3,10,2347,10
2008-02-10T00:00+00:00,5935,0.0,0,340,10,320.0,10,0.5,10,1.8,10,1018.5,10,,,89,10,0.0,10,0,10,,,0.0,10,2.7,,,0,3.4,,,0,,,0.0,10,-4.2,10,6,10
2008-02-10T01:00+00:00,5935,0.0,0,328,10,327.0,10,0.7,10,2.0,10,1018.4,10,,,92,10,0.0,10,0,10,,,0.0,10,2.6,,,0,3.3,,,0,,,-0.6,10,-4.7,10,122,10
2008-02-10T02:00+00:00,5935,0.0,0,330,10,316.0,10,0.4,10,1.4,10,1018.2,10,,,93,10,0.0,10,0,10,,,0.0,10,2.5,,,0,3.3,,,0,,,-1.1,10,-5.1,10,232,10
2008-02-10T03:00+00:00,5935,0.0,0,349,10,340.0,10,0.7,10,2.5,10,1018.1,10,,,92,10,0.0,10,0,10,,,0.0,10,2.4,,,0,3.3,,,0,,,-0.9,10,-5.3,10,324,10
2008-02-10T04:00+00:00,5935,0.0,0,340,10,319.0,10,0.8,10,2.5,10,1018.0,10,,,92,10,0.0,10,0,10,,,0.0,10,2.3,,,0,3.2,,,0,,,-1.0,10,-5.3,10,451,10
2008-02-10T05:00+00:00,5935,0.0,0,327,10,310.0,10,1.0,10,2.7,10,1017.8,10,,,92,10,0.0,10,0,10,,,0.0,10,2.2,,,0,3.2,,,0,,,-1.0,10,-4.9,10,538,10
2008-02-10T06:00+00:00,5935,0.0,0,333,10,343.0,10,0.3,10,1.3,10,1017.7,10,,,94,10,0.0,10,0,10,,,0.0,10,2.1,,,0,3.1,,,0,,,-1.8,10,-5.8,10,601,10
2008-02-10T07:00+00:00,5935,14.0,0,333,10,357.0,10,0.5,10,2.2,10,1018.1,10,,,94,10,0.0,10,0,10,,,0.0,10,2.0,,,0,3.1,,,0,,,-1.3,10,-5.8,10,754,10
2008-02-10T08:00+00:00,5935,96.0,0,312,10,304.0,10,1.6,10,4.3,10,1018.4,10,,,93,10,0.0,10,0,10,,,1.0,10,2.0,,,0,3.0,,,0,,,-0.4,10,-3.1,10,856,10
2008-02-10T09:00+00:00,5935,248.0,0,339,10,322.0,10,1.2,10,3.9,10,1018.6,10,,,85,10,0.0,10,0,10,,,1.0,10,1.9,,,0,3.0,,,0,,,1.3,10,0.1,10,902,10
2008-02-10T10:00+00:00,5935,353.0,0,305,10,310.0,10,1.5,10,3.2,10,1018.2,10,,,78,10,0.0,10,0,10,,,1.0,10,1.9,,,0,2.9,,,0,,,2.6,10,5.5,10,1054,10
2008-02-10T11:00+00:00,5935,416.0,0,314,10,283.0,10,1.7,10,4.2,10,1018.0,10,,,75,10,0.0,10,0,10,,,1.0,10,1.9,,,0,2.9,,,0,,,3.6,10,8.2,10,1150,10
2008-02-10T12:00+00:00,5935,427.0,0,12,10,351.0,10,1.7,10,4.2,10,1017.8,10,,,73,10,0.0,10,0,10,,,1.0,10,2.1,,,0,2.9,,,0,,,4.3,10,6.5,10,1215,10
2008-02-10T13:00+00:00,5935,394.0,0,354,10,332.0,10,1.9,10,4.4,10,1017.3,10,,,67,10,0.0,10,0,10,,,1.0,10,2.3,,,0,2.8,,,0,,,5.1,10,6.2,10,1313,10
2008-02-10T14:00+00:00,5935,310.0,0,9,10,8.0,10,2.2,10,4.8,10,1017.3,10,,,69,10,0.0,10,0,10,,,1.0,10,2.5,,,0,2.8,,,0,,,5.4,10,7.1,10,1439,10
2008-02-10T15:00+00:00,5935,182.0,0,5,10,359.0,10,1.6,10,3.5,10,1017.1,10,,,71,10,0.0,10,0,10,,,1.0,10,2.6,,,0,2.9,,,0,,,5.7,10,6.1,10,1503,10
2008-02-10T16:00+00:00,5935,59.0,0,10,10,13.0,10,1.1,10,2.5,10,1017.3,10,,,74,10,0.0,10,0,10,,,0.8,10,2.7,,,0,2.9,,,0,,,4.5,10,1.0,10,1614,10
2008-02-10T17:00+00:00,5935,3.0,0,344,10,19.0,10,0.3,10,1.5,10,1017.5,10,,,81,10,0.0,10,0,10,,,0.0,10,2.7,,,0,2.9,,,0,,,1.9,10,-3.4,10,1702,10
2008-02-10T18:00+00:00,5935,0.0,0,0,10,354.0,10,0.0,10,0.3,10,1017.8,10,,,85,10,0.0,10,0,10,,,0.0,10,2.6,,,0,3.0,,,0,,,1.2,10,-4.1,10,1835,10
2008-02-10T19:00+00:00,5935,0.0,0,346,10,329.0,10,0.5,10,1.6,10,1017.7,10,,,86,10,0.0,10,0,10,,,0.0,10,2.5,,,0,3.0,,,0,,,0.3,10,-4.5,10,1913,10
2008-02-10T20:00+00:00,5935,0.0,0,349,10,4.0,10,1.0,10,2.4,10,1018.0,10,,,86,10,0.0,10,0,10,,,0.0,10,2.4,,,0,3.0,,,0,,,0.8,10,-4.6,10,2050,10
2008-02-10T21:00+00:00,5935,0.0,0,331,10,343.0,10,0.4,10,1.6,10,1018.1,10,,,90,10,0.0,10,0,10,,,0.0,10,2.3,,,0,3.0,,,0,,,-0.7,10,-5.1,10,2200,10
2008-02-10T22:00+00:00,5935,0.0,0,295,10,313.0,10,0.8,10,2.2,10,1017.9,10,,,90,10,0.0,10,0,10,,,0.0,10,2.2,,,0,2.9,,,0,,,-0.4,10,-5.3,10,2228,10
2008-02-10T23:00+00:00,5935,0.0,0,314,10,301.0,10,0.4,10,1.4,10,1018.3,10,,,92,10,0.0,10,0,10,,,0.0,10,2.1,,,0,2.9,,,0,,,-1.3,10,-5.6,10,2315,10
2008-02-11T00:00+00:00,5935,0.0,0,299,10,301.0,10,0.6,10,1.8,10,1018.3,10,,,93,10,0.0,10,0,10,,,0.0,10,2.0,,,0,2.9,,,0,,,-1.4,10,-5.8,10,51,10
2008-02-11T01:00+00:00,5935,0.0,0,293,10,290.0,10,0.8,10,2.2,10,1018.5,10,,,93,10,0.0,10,0,10,,,0.0,10,1.9,,,0,2.9,,,0,,,-1.4,10,-5.8,10,111,10
2008-02-11T02:00+00:00,5935,0.0,0,298,10,300.0,10,0.5,10,1.9,10,1018.3,10,,,93,10,0.0,10,0,10,,,0.0,10,1.8,,,0,2.8,,,0,,,-2.1,10,-5.9,10,225,10
2008-02-11T03:00+00:00,5935,0.0,0,296,10,309.0,10,1.0,10,2.5,10,1017.8,10,,,94,10,0.0,10,0,10,,,0.0,10,1.8,,,0,2.8,,,0,,,-2.2,10,-6.1,10,321,10
2008-02-11T04:00+00:00,5935,0.0,0,295,10,313.0,10,0.8,10,2.1,10,1018.0,10,,,94,10,0.0,10,0,10,,,0.0,10,1.7,,,0,2.7,,,0,,,-2.4,10,-6.2,10,423,10
2008-02-11T05:00+00:00,5935,0.0,0,298,10,302.0,10,1.3,10,2.8,10,1018.1,10,,,93,10,0.0,10,0,10,,,0.0,10,1.6,,,0,2.7,,,0,,,-2.0,10,-6.2,10,524,10
2008-02-11T06:00+00:00,5935,0.0,0,310,10,311.0,10,0.8,10,3.0,10,1018.3,10,,,93,10,0.0,10,0,10,,,0.0,10,1.6,,,0,2.7,,,0,,,-2.2,10,-5.8,10,700,10
2008-02-11T07:00+00:00,5935,13.0,0,319,10,9.0,10,0.5,10,1.7,10,1018.6,10,,,93,10,0.0,10,0,10,,,0.1,10,1.5,,,0,2.6,,,0,,,-2.3,10,-5.8,10,713,10
2008-02-11T08:00+00:00,5935,119.0,0,297,10,303.0,10,0.8,10,2.4,10,1018.7,10,,,90,10,0.0,10,0,10,,,1.0,10,1.5,,,0,2.6,,,0,,,-0.6,10,-4.9,10,839,10
2008-02-11T09:00+00:00,5935,266.0,0,299,10,310.0,10,0.9,10,2.3,10,1018.5,10,,,81,10,0.0,10,0,10,,,1.0,10,1.5,,,0,2.5,,,0,,,1.8,10,0.2,10,954,10
2008-02-11T10:00+00:00,5935,359.0,0,310,10,343.0,10,1.6,10,3.4,10,1018.6,10,,,72,10,0.0,10,0,10,,,1.0,10,1.5,,,0,2.5,,,0,,,3.3,10,6.1,10,1058,10
2008-02-11T11:00+00:00,5935,426.0,0,323,10,318.0,10,1.2,10,3.6,10,1018.3,10,,,67,10,0.0,10,0,10,,,1.0,10,1.5,,,0,2.5,,,0,,,4.4,10,8.7,10,1101,10
2008-02-11T12:00+00:00,5935,442.0,0,17,10,334.0,10,0.9,10,3.2,10,1017.9,10,,,65,10,0.0,10,0,10,,,1.0,10,1.5,,,0,2.5,,,0,,,5.2,10,7.3,10,1217,10
2008-02-11T13:00+00:00,5935,397.0,0,19,10,9.0,10,1.3,10,3.7,10,1017.5,10,,,61,10,0.0,10,0,10,,,1.0,10,1.6,,,0,2.4,,,0,,,6.0,10,7.0,10,1335,10
2008-02-11T14:00+00:00,5935,304.0,0,27,10,59.0,10,0.6,10,2.9,10,1017.0,10,,,62,10,0.0,10,0,10,,,1.0,10,1.7,,,0,2.4,,,0,,,6.3,10,8.1,10,1408,10
2008-02-11T15:00+00:00,5935,173.0,0,99,10,88.0,10,1.6,10,3.6,10,1017.0,10,,,70,10,0.0,10,0,10,,,1.0,10,1.9,,,0,2.4,,,0,,,5.2,10,5.6,10,1515,10
2008-02-11T16:00+00:00,5935,59.0,0,116,10,118.0,10,1.5,10,3.5,10,1017.0,10,,,75,10,0.0,10,0,10,,,0.5,10,2.0,,,0,2.4,,,0,,,4.0,10,1.6,10,1605,10
2008-02-11T17:00+00:00,5935,4.0,0,117,10,121.0,10,1.0,10,2.6,10,1017.1,10,,,81,10,0.0,10,0,10,,,0.0,10,2.0,,,0,2.5,,,0,,,2.7,10,-1.6,10,1704,10
2008-02-11T18:00+00:00,5935,0.0,0,121,10,131.0,10,0.9,10,1.8,10,1017.3,10,,,83,10,0.0,10,0,10,,,0.0,10,2.0,,,0,2.5,,,0,,,1.8,10,-2.4,10,1805,10
2008-02-11T19:00+00:00,5935,0.0,0,126,10,135.0,10,0.6,10,1.5,10,1017.5,10,,,89,10,0.0,10,0,10,,,0.0,10,1.9,,,0,2.5,,,0,,,0.1,10,-4.3,10,1915,10
2008-02-11T20:00+00:00,5935,0.0,0,108,10,106.0,10,0.7,10,1.2,10,1017.5,10,,,92,10,0.0,10,0,10,,,0.0,10,1.9,,,0,2.5,,,0,,,-0.7,10,-5.0,10,2012,10
2008-02-11T21:00+00:00,5935,0.0,0,90,10,91.0,10,0.4,10,1.1,10,1017.4,10,,,92,10,0.0,10,0,10,,,0.0,10,1.8,,,0,2.5,,,0,,,-2.1,10,-5.5,10,2129,10
2008-02-11T22:00+00:00,5935,0.0,0,39,10,34.0,10,0.4,10,1.1,10,1017.5,10,,,93,10,0.0,10,0,10,,,0.0,10,1.7,,,0,2.5,,,0,,,-2.5,10,-5.7,10,2204,10
2008-02-11T23:00+00:00,5935,0.0,0,54,10,38.0,10,0.2,10,0.9,10,1017.6,10,,,94,10,0.0,10,0,10,,,0.0,10,1.7,,,0,2.5,,,0,,,-2.7,10,-5.8,10,2337,10
2008-02-12T00:00+00:00,5935,0.0,0,0,10,,10,0.0,10,0.1,10,1017.5,10,,,94,10,0.0,10,0,10,,,0.0,10,1.6,,,0,2.5,,,0,,,-3.2,10,-5.9,10,55,10
2008-02-12T01:00+00:00,5935,0.0,0,29,10,30.0,10,0.1,10,1.1,10,1017.5,10,,,94,10,0.0,10,0,10,,,0.0,10,1.5,,,0,2.4,,,0,,,-3.7,10,-6.0,10,148,10
2008-02-12T02:00+00:00,5935,0.0,0,6,10,25.0,10,0.6,10,1.2,10,1017.4,10,,,94,10,0.0,10,0,10,,,0.0,10,1.5,,,0,2.4,,,0,,,-4.0,10,-6.4,10,209,10
2008-02-12T03:00+00:00,5935,0.0,0,0,10,348.0,10,0.0,10,0.6,10,1017.3,10,,,94,10,0.0,10,0,10,,,0.0,10,1.4,,,0,2.4,,,0,,,-4.2,10,-6.5,10,305,10
2008-02-12T04:00+00:00,5935,0.0,0,0,10,,10,0.0,10,0.1,10,1017.5,10,,,94,10,0.0,10,0,10,,,0.0,10,1.4,,,0,2.4,,,0,,,-4.5,10,-6.6,10,455,10
2008-02-12T05:00+00:00,5935,0.0,0,76,10,89.0,10,0.5,10,1.6,10,1017.9,10,,,97,10,0.0,10,0,10,,,0.0,10,1.4,,,0,2.3,,,0,,,-3.3,10,-6.6,10,543,10
2008-02-12T06:00+00:00,5935,0.0,0,100,10,107.0,10,1.1,10,2.2,10,1018.2,10,,,97,10,0.0,10,0,10,,,0.0,10,1.3,,,0,2.3,,,0,,,-2.6,10,-2.8,10,607,10
2008-02-12T07:00+00:00,5935,5.0,0,127,10,171.0,10,1.1,10,2.9,10,1018.5,10,,,96,10,0.0,10,0,10,,,0.0,10,1.3,,,0,2.3,,,0,,,-2.5,10,-2.3,10,718,10
2008-02-12T08:00+00:00,5935,26.0,0,152,10,149.0,10,1.1,10,2.9,10,1018.8,10,,,96,10,0.0,10,3,10,,,0.0,10,1.3,,,0,2.3,,,0,,,-2.4,10,-2.0,10,821,10
2008-02-12T09:00+00:00,5935,45.0,0,157,10,195.0,10,1.0,10,2.6,10,1018.8,10,,,95,10,0.0,10,0,10,,,0.0,10,1.3,,,0,2.2,,,0,,,-2.2,10,-1.4,10,906,10
2008-02-12T10:00+00:00,5935,79.0,0,151,10,149.0,10,1.3,10,3.3,10,1019.1,10,,,95,10,0.0,10,0,10,,,0.0,10,1.3,,,0,2.2,,,0,,,-1.8,10,-0.8,10,1044,10
2008-02-12T11:00+00:00,5935,90.0,0,120,10,141.0,10,1.0,10,2.7,10,1018.8,10,,,95,10,0.0,10,0,10,,,0.0,10,1.3,,,0,2.2,,,0,,,-0.7,10,0.1,10,1119,10
2008-02-12T12:00+00:00,5935,162.0,0,102,10,112.0,10,1.3,10,3.3,10,1018.4,10,,,94,10,0.0,10,0,10,,,0.0,10,1.3,,,0,2.2,,,0,,,0.3,10,1.4,10,1232,10
2008-02-12T13:00+00:00,5935,391.0,0,92,10,80.0,10,1.6,10,4.2,10,1018.1,10,,,82,10,0.0,10,0,10,,,0.8,10,1.3,,,0,2.2,,,0,,,1.6,10,4.3,10,1358,10
2008-02-12T14:00+00:00,5935,250.0,0,93,10,78.0,10,1.7,10,4.2,10,1017.9,10,,,74,10,0.0,10,0,10,,,0.9,10,1.4,,,0,2.1,,,0,,,3.5,10,4.3,10,1456,10
2008-02-12T15:00+00:00,5935,155.0,0,111,10,118.0,10,2.2,10,5.8,10,1017.8,10,,,69,10,0.0,10,0,10,,,0.9,10,1.4,,,0,2.1,,,0,,,3.7,10,3.7,10,1546,10
2008-02-12T16:00+00:00,5935,63.0,0,103,10,133.0,10,1.9,10,4.4,10,1017.6,10,,,74,10,0.0,10,0,10,,,0.7,10,1.5,,,0,2.1,,,0,,,2.4,10,0.2,10,1601,10
2008-02-12T17:00+00:00,5935,4.0,0,98,10,111.0,10,1.3,10,3.1,10,1017.8,10,,,80,10,0.0,10,0,10,,,0.0,10,1.5,,,0,2.1,,,0,,,1.2,10,-2.1,10,1719,10
2008-02-12T18:00+00:00,5935,0.0,0,122,10,115.0,10,0.9,10,2.2,10,1017.8,10,,,84,10,0.0,10,0,10,,,0.0,10,1.4,,,0,2.1,,,0,,,0.7,10,-2.8,10,1816,10
2008-02-12T19:00+00:00,5935,0.0,0,109,10,133.0,10,0.8,10,2.1,10,1018.1,10,,,88,10,0.0,10,0,10,,,0.0,10,1.4,,,0,2.1,,,0,,,-0.3,10,-3.5,10,1913,10
2008-02-12T20:00+00:00,5935,0.0,0,69,10,55.0,10,0.7,10,1.7,10,1018.3,10,,,90,10,0.0,10,0,10,,,0.0,10,1.4,,,0,2.1,,,0,,,-1.2,10,-5.0,10,2041,10
2008-02-12T21:00+00:00,5935,0.0,0,84,10,109.0,10,0.4,10,1.3,10,1018.4,10,,,92,10,0.0,10,0,10,,,0.0,10,1.3,,,0,2.1,,,0,,,-2.0,10,-5.9,10,2157,10
2008-02-12T22:00+00:00,5935,0.0,0,99,10,63.0,10,0.4,10,1.7,10,1018.3,10,,,92,10,0.0,10,0,10,,,0.0,10,1.3,,,0,2.1,,,0,,,-2.3,10,-5.9,10,2259,10
2008-02-12T23:00+00:00,5935,0.0,0,46,10,68.0,10,1.2,10,2.5,10,1018.5,10,,,95,10,0.0,10,0,10,,,0.0,10,1.3,,,0,2.1,,,0,,,-2.9,10,-4.3,10,2400,10
2008-02-13T00:00+00:00,5935,0.0,0,74,10,76.0,10,0.9,10,2.9,10,1018.2,10,,,94,10,0.0,10,0,10,,,0.0,10,1.3,,,0,2.1,,,0,,,-2.9,10,-2.5,10,8,10
2008-02-13T01:00+00:00,5935,0.0,0,45,10,61.0,10,0.7,10,2.1,10,1018.3,10,,,94,10,0.0,10,0,10,,,0.0,10,1.2,,,0,2.1,,,0,,,-2.8,10,-2.5,10,146,10
2008-02-13T02:00+00:00,5935,0.0,0,50,10,54.0,10,1.3,10,2.4,10,1018.0,10,,,94,10,0.0,10,0,10,,,0.0,10,1.2,,,0,2.0,,,0,,,-2.5,10,-2.3,10,204,10
2008-02-13T03:00+00:00,5935,0.0,0,71,10,60.0,10,0.4,10,2.4,10,1017.7,10,,,94,10,0.0,10,0,10,,,0.0,10,1.2,,,0,2.0,,,0,,,-2.4,10,-2.0,10,400,10
2008-02-13T04:00+00:00,5935,0.0,0,69,10,66.0,10,0.7,10,1.8,10,1017.9,10,,,94,10,0.0,10,0,10,,,0.0,10,1.2,,,0,2.0,,,0,,,-2.5,10,-2.0,10,441,10
2008-02-13T05:00+00:00,5935,0.0,0,39,10,57.0,10,0.7,10,2.4,10,1018.0,10,,,94,10,0.0,10,0,10,,,0.0,10,1.2,,,0,2.0,,,0,,,-2.8,10,-2.2,10,504,10
2008-02-13T06:00+00:00,5935,0.0,0,47,10,59.0,10,0.8,10,2.7,10,1018.2,10,,,94,10,0.0,10,0,10,,,0.0,10,1.2,,,0,2.0,,,0,,,-2.9,10,-2.5,10,629,10
2008-02-13T07:00+00:00,5935,5.0,0,45,10,39.0,10,0.8,10,2.0,10,1018.5,10,,,94,10,0.0,10,0,10,,,0.0,10,1.2,,,0,2.0,,,0,,,-3.0,10,-2.5,10,711,10
2008-02-13T08:00+00:00,5935,24.0,0,354,10,64.0,10,0.8,10,2.2,10,1018.2,10,,,94,10,0.0,10,9,10,,,0.0,10,1.2,,,0,2.0,,,0,,,-2.5,10,-2.2,10,827,10
2008-02-13T09:00+00:00,5935,47.0,0,37,10,3.0,10,1.1,10,2.7,10,1018.1,10,,,94,10,0.0,10,0,10,,,0.0,10,1.2,,,0,1.9,,,0,,,-2.2,10,-1.6,10,956,10
2008-02-13T10:00+00:00,5935,68.0,0,320,10,332.0,10,1.2,10,2.8,10,1018.3,10,,,94,10,0.0,10,0,10,,,0.0,10,1.2,,,0,1.9,,,0,,,-1.9,10,-0.9,10,1029,10
2008-02-13T11:00+00:00,5935,77.0,0,312,10,299.0,10,1.5,10,3.5,10,1017.8,10,,,94,10,0.0,10,0,10,,,0.0,10,1.2,,,0,1.9,,,0,,,-1.5,10,-0.3,10,1110,10
2008-02-13T12:00+00:00,5935,78.0,0,352,10,46.0,10,1.2,10,3.3,10,1017.4,10,,,94,10,0.0,10,0,10,,,0.0,10,1.2,,,0,1.9,,,0,,,-1.1,10,0.3,10,1240,10
2008-02-13T13:00+00:00,5935,72.0,0,308,10,286.0,10,1.5,10,3.8,10,1016.7,10,,,94,10,0.0,10,0,10,,,0.0,10,1.2,,,0,1.9,,,0,,,-0.9,10,0.6,10,1332,10
2008-02-13T14:00+00:00,5935,63.0,0,295,10,306.0,10,1.8,10,4.1,10,1016.1,10,,,86,10,0.0,10,0,10,,,0.0,10,1.2,,,0,1.9,,,0,,,-0.8,10,0.6,10,1450,10
2008-02-13T15:00+00:00,5935,44.0,0,300,10,305.0,10,2.0,10,4.5,10,1015.9,10,,,86,10,0.0,10,0,10,,,0.0,10,1.2,,,0,1.9,,,0,,,-0.9,10,0.1,10,1554,10
2008-02-13T16:00+00:00,5935,19.0,0,304,10,312.0,10,2.0,10,5.0,10,1016.0,10,,,85,10,0.0,10,0,10,,,0.0,10,1.2,,,0,1.9,,,0,,,-1.1,10,-0.6,10,1607,10
2008-02-13T17:00+00:00,5935,2.0,0,296,10,279.0,10,1.9,10,4.5,10,1016.0,10,,,84,10,0.0,10,0,10,,,0.0,10,1.2,,,0,1.9,,,0,,,-1.4,10,-1.1,10,1718,10
2008-02-13T18:00+00:00,5935,0.0,0,301,10,297.0,10,2.2,10,4.7,10,1015.8,10,,,86,10,0.0,10,0,10,,,0.0,10,1.2,,,0,1.9,,,0,,,-1.1,10,-1.6,10,1813,10
2008-02-13T19:00+00:00,5935,0.0,0,305,10,315.0,10,1.3,10,4.0,10,1015.6,10,,,87,10,0.0,10,0,10,,,0.0,10,1.2,,,0,1.9,,,0,,,-1.7,10,-3.7,10,1905,10
2008-02-13T20:00+00:00,5935,0.0,0,307,10,350.0,10,0.9,10,3.3,10,1015.2,10,,,89,10,0.0,10,0,10,,,0.0,10,1.2,,,0,1.9,,,0,,,-2.2,10,-5.2,10,2035,10
2008-02-13T21:00+00:00,5935,0.0,0,20,10,34.0,10,1.1,10,2.4,10,1015.5,10,,,90,10,0.0,10,0,10,,,0.0,10,1.2,,,0,1.9,,,0,,,-2.1,10,-5.3,10,2129,10
2008-02-13T22:00+00:00,5935,0.0,0,353,10,329.0,10,0.7,10,2.7,10,1015.2,10,,,89,10,0.0,10,0,10,,,0.0,10,1.1,,,0,1.9,,,0,,,-2.4,10,-5.4,10,2237,10
2008-02-13T23:00+00:00,5935,0.0,0,340,10,349.0,10,1.1,10,2.5,10,1015.3,10,,,88,10,0.0,10,0,10,,,0.0,10,1.1,,,0,1.9,,,0,,,-2.6,10,-5.5,10,2335,10
2008-02-14T00:00+00:00,5935,0.0,0,327,10,295.0,10,1.5,10,4.7,10,1015.6,10,,,86,10,0.0,10,0,10,,,0.0,10,1.1,,,0,1.9,,,0,,,-1.6,10,-5.8,10,53,10
2008-02-14T01:00+00:00,5935,0.0,0,314,10,297.0,10,2.5,10,5.3,10,1015.9,10,,,88,10,0.0,10,0,10,,,0.0,10,1.1,,,0,1.8,,,0,,,-1.4,10,-3.1,10,134,10
2008-02-14T02:00+00:00,5935,0.0,0,315,10,4.0,10,1.7,10,5.0,10,1015.4,10,,,85,10,0.0,10,0,10,,,0.0,10,1.1,,,0,1.8,,,0,,,-1.1,10,-1.6,10,255,10
2008-02-14T03:00+00:00,5935,0.0,0,323,10,305.0,10,1.7,10,5.4,10,1015.2,10,,,83,10,0.0,10,0,10,,,0.0,10,1.1,,,0,1.8,,,0,,,-0.6,10,-1.4,10,349,10
2008-02-14T04:00+00:00,5935,0.0,0,316,10,319.0,10,1.8,10,4.1,10,1015.4,10,,,82,10,0.0,10,0,10,,,0.0,10,1.1,,,0,1.8,,,0,,,-0.4,10,-1.1,10,453,10
2008-02-14T05:00+00:00,5935,0.0,0,317,10,19.0,10,1.8,10,4.2,10,1015.2,10,,,83,10,0.0,10,0,10,,,0.0,10,1.0,,,0,1.8,,,0,,,-0.4,10,-0.6,10,531,10
2008-02-14T06:00+00:00,5935,0.0,0,299,10,290.0,10,2.0,10,5.6,10,1015.3,10,,,83,10,0.0,10,0,10,,,0.0,10,1.0,,,0,1.8,,,0,,,-0.5,10,-0.7,10,616,10
2008-02-14T07:00+00:00,5935,7.0,0,301,10,312.0,10,2.4,10,5.0,10,1015.7,10,,,83,10,0.0,10,0,10,,,0.0,10,1.0,,,0,1.8,,,0,,,-0.3,10,-0.7,10,754,10
2008-02-14T08:00+00:00,5935,24.0,0,299,10,313.0,10,2.4,10,5.0,10,1015.9,10,,,82,10,0.0,10,0,10,,,0.0,10,1.0,,,0,1.8,,,0,,,-0.1,10,-0.3,10,900,10
2008-02-14T09:00+00:00,5935,43.0,0,300,10,301.0,10,2.4,10,5.7,10,1016.0,10,,,81,10,0.0,10,0,10,,,0.0,10,1.0,,,0,1.8,,,0,,,0.3,10,0.3,10,943,10
2008-02-14T10:00+00:00,5935,81.0,0,299,10,290.0,10,2.6,10,5.7,10,1016.0,10,,,78,10,0.0,10,0,10,,,0.0,10,1.0,,,0,1.8,,,0,,,1.1,10,0.9,10,1017,10
2008-02-14T11:00+00:00,5935,99.0,0,300,10,304.0,10,2.8,10,6.7,10,1015.5,10,,,76,10,0.0,10,0,10,,,0.0,10,1.1,,,0,1.7,,,0,,,1.5,10,2.2,10,1130,10
2008-02-14T12:00+00:00,5935,129.0,0,301,10,313.0,10,2.8,10,6.6,10,1014.8,10,,,72,10,0.0,10,0,10,,,0.0,10,1.1,,,0,1.7,,,0,,,2.4,10,2.6,10,1250,10
2008-02-14T13:00+00:00,5935,137.0,0,301,10,300.0,10,3.2,10,7.0,10,1014.2,10,,,73,10,0.0,10,0,10,,,0.0,10,1.1,,,0,1.7,,,0,,,2.4,10,3.3,10,1340,10
2008-02-14T14:00+00:00,5935,61.0,0,297,10,313.0,10,3.2,10,6.5,10,1014.1,10,,,74,10,0.0,10,0,10,,,0.0,10,1.2,,,0,1.7,,,0,,,2.3,10,2.5,10,1415,10
2008-02-14T15:00+00:00,5935,39.0,0,299,10,289.0,10,3.0,10,6.9,10,1013.7,10,,,75,10,0.0,10,0,10,,,0.0,10,1.2,,,0,1.7,,,0,,,2.3,10,2.3,10,1512,10
2008-02-14T16:00+00:00,5935,14.0,0,297,10,298.0,10,2.4,10,5.6,10,1013.5,10,,,76,10,0.0,10,0,10,,,0.0,10,1.3,,,0,1.7,,,0,,,2.3,10,1.8,10,1626,10
2008-02-14T17:00+00:00,5935,1.0,0,297,10,298.0,10,2.3,10,5.3,10,1013.5,10,,,78,10,0.0,10,0,10,,,0.0,10,1.3,,,0,1.8,,,0,,,2.3,10,1.6,10,1703,10
2008-02-14T18:00+00:00,5935,0.0,0,307,10,322.0,10,2.1,10,5.0,10,1013.5,10,,,78,10,0.0,10,0,10,,,0.0,10,1.4,,,0,1.8,,,0,,,2.4,10,1.7,10,1840,10
2008-02-14T19:00+00:00,5935,0.0,0,299,10,304.0,10,2.0,10,4.5,10,1013.5,10,,,82,10,0.0,10,0,10,,,0.0,10,1.4,,,0,1.8,,,0,,,2.2,10,1.6,10,1948,10
2008-02-14T20:00+00:00,5935,0.0,0,318,10,296.0,10,1.7,10,4.1,10,1013.6,10,,,84,10,0.0,10,0,10,,,0.0,10,1.4,,,0,1.8,,,0,,,1.9,10,1.4,10,2019,10
2008-02-14T21:00+00:00,5935,0.0,0,331,10,305.0,10,1.5,10,3.9,10,1013.5,10,,,82,10,0.0,10,0,10,,,0.0,10,1.4,,,0,1.8,,,0,,,1.9,10,1.3,10,2111,10
2008-02-14T22:00+00:00,5935,0.0,0,324,10,308.0,10,1.9,10,5.0,10,1013.3,10,,,76,10,0.0,10,0,10,,,0.0,10,1.4,,,0,1.8,,,0,,,2.0,10,1.2,10,2255,10
2008-02-14T23:00+00:00,5935,0.0,0,335,10,316.0,10,1.9,10,4.7,10,1013.2,10,,,76,10,0.0,10,0,10,,,0.0,10,1.5,,,0,1.8,,,0,,,1.9,10,1.3,10,2301,10
2008-02-15T00:00+00:00,5935,0.0,0,317,10,343.0,10,2.0,10,4.5,10,1013.0,10,,,76,10,0.0,10,0,10,,,0.0,10,1.5,,,0,1.8,,,0,,,1.6,10,1.1,10,5,10
2008-02-15T01:00+00:00,5935,0.0,0,299,10,277.0,10,2.6,10,5.8,10,1012.9,10,,,71,10,0.0,10,0,10,,,0.0,10,1.5,,,0,1.8,,,0,,,1.6,10,1.0,10,123,10
2008-02-15T02:00+00:00,5935,0.0,0,299,10,299.0,10,2.9,10,7.1,10,1012.5,10,,,67,10,0.0,10,0,10,,,0.0,10,1.5,,,0,1.8,,,0,,,1.6,10,0.9,10,250,10
2008-02-15T03:00+00:00,5935,0.0,0,301,10,280.0,10,2.9,10,6.3,10,1012.4,10,,,65,10,0.0,10,0,10,,,0.0,10,1.5,,,0,1.9,,,0,,,1.6,10,1.0,10,317,10
2008-02-15T04:00+00:00,5935,0.0,0,291,10,292.0,10,3.0,10,6.9,10,1012.3,10,,,64,10,0.0,10,0,10,,,0.0,10,1.5,,,0,1.9,,,0,,,1.7,10,0.8,10,429,10
2008-02-15T05:00+00:00,5935,0.0,0,285,10,290.0,10,3.4,10,7.5,10,1011.5,10,,,67,10,0.0,10,0,10,,,0.0,10,1.5,,,0,1.9,,,0,,,1.7,10,0.8,10,502,10
2008-02-15T06:00+00:00,5935,0.0,0,298,10,311.0,10,3.4,10,8.7,10,1011.9,10,,,69,10,0.0,10,0,10,,,0.0,10,1.4,,,0,1.9,,,0,,,1.7,10,0.9,10,654,10
2008-02-15T07:00+00:00,5935,8.0,0,296,10,294.0,10,3.6,10,7.6,10,1012.3,10,,,73,10,0.0,10,3,10,,,0.0,10,1.4,,,0,1.9,,,0,,,1.6,10,1.0,10,704,10
2008-02-15T08:00+00:00,5935,18.0,0,299,10,301.0,10,3.8,10,8.9,10,1012.7,10,,,83,10,0.1,10,25,10,,,0.0,10,1.4,,,0,1.9,,,0,,,1.1,10,0.1,10,813,10
2008-02-15T09:00+00:00,5935,102.0,0,353,10,347.0,10,3.3,10,10.9,10,1013.9,10,,,58,10,0.2,10,19,10,,,0.0,10,1.4,,,0,1.9,,,0,,,0.7,10,0.0,10,913,10
2008-02-15T10:00+00:00,5935,304.0,0,9,10,28.0,10,3.7,10,9.2,10,1014.5,10,,,51,10,0.0,10,0,10,,,0.7,10,1.4,,,0,1.9,,,0,,,1.9,10,0.1,10,1047,10
2008-02-15T11:00+00:00,5935,500.0,0,11,10,310.0,10,3.5,10,9.1,10,1014.8,10,,,44,10,0.0,10,0,10,,,1.0,10,1.5,,,0,1.9,,,0,,,2.7,10,5.1,10,1151,10
2008-02-15T12:00+00:00,5935,358.0,0,2,10,359.0,10,3.5,10,10.4,10,1014.4,10,,,43,10,0.0,10,0,10,,,0.5,10,1.6,,,0,1.9,,,0,,,2.7,10,4.2,10,1212,10
2008-02-15T13:00+00:00,5935,242.0,0,358,10,32.0,10,3.9,10,9.2,10,1014.4,10,,,47,10,0.0,10,0,10,,,0.3,10,1.7,,,0,1.9,,,0,,,2.4,10,2.8,10,1319,10
2008-02-15T14:00+00:00,5935,197.0,0,348,10,10.0,10,3.6,10,10.4,10,1014.9,10,,,44,10,0.0,10,0,10,,,0.2,10,1.7,,,0,1.9,,,0,,,2.0,10,2.5,10,1404,10
2008-02-15T15:00+00:00,5935,158.0,0,343,10,322.0,10,3.4,10,9.2,10,1015.1,10,,,44,10,0.0,10,0,10,,,0.3,10,1.8,,,0,1.9,,,0,,,1.8,10,2.4,10,1505,10
2008-02-15T16:00+00:00,5935,45.0,0,353,10,344.0,10,3.0,10,9.7,10,1015.4,10,,,46,10,0.0,10,0,10,,,0.1,10,1.8,,,0,2.0,,,0,,,1.0,10,-0.2,10,1604,10
2008-02-15T17:00+00:00,5935,3.0,0,339,10,330.0,10,2.8,10,9.5,10,1016.2,10,,,49,10,0.0,10,2,10,,,0.0,10,1.7,,,0,2.0,,,0,,,0.4,10,-0.6,10,1742,10
2008-02-15T18:00+00:00,5935,0.0,0,339,10,351.0,10,2.2,10,6.2,10,1016.6,10,,,50,10,0.0,10,0,10,,,0.0,10,1.7,,,0,2.0,,,0,,,-0.2,10,-1.9,10,1833,10
2008-02-15T19:00+00:00,5935,0.0,0,328,10,312.0,10,1.9,10,5.4,10,1017.1,10,,,49,10,0.0,10,0,10,,,0.0,10,1.6,,,0,2.0,,,0,,,-0.5,10,-2.5,10,1951,10
2008-02-15T20:00+00:00,5935,0.0,0,324,10,351.0,10,2.2,10,5.3,10,1017.6,10,,,52,10,0.0,10,0,10,,,0.0,10,1.5,,,0,2.0,,,0,,,-1.0,10,-2.9,10,2007,10
2008-02-15T21:00+00:00,5935,0.0,0,311,10,312.0,10,2.1,10,4.6,10,1017.8,10,,,52,10,0.0,10,0,10,,,0.0,10,1.4,,,0,2.0,,,0,,,-1.6,10,-3.7,10,2126,10
2008-02-15T22:00+00:00,5935,0.0,0,311,10,315.0,10,2.3,10,5.0,10,1017.8,10,,,54,10,0.0,10,0,10,,,0.0,10,1.4,,,0,2.0,,,0,,,-1.8,10,-4.0,10,2242,10
2008-02-15T23:00+00:00,5935,0.0,0,315,10,322.0,10,2.6,10,6.5,10,1018.0,10,,,55,10,0.0,10,0,10,,,0.0,10,1.3,,,0,2.0,,,0,,,-1.8,10,-3.7,10,2343,10
2008-02-16T00:00+00:00,5935,0.0,0,309,10,337.0,10,2.8,10,6.7,10,1017.9,10,,,56,10,0.0,10,0,10,,,0.0,10,1.3,,,0,1.9,,,0,,,-1.4,10,-3.2,10,52,10
2008-02-16T01:00+00:00,5935,0.0,0,307,10,328.0,10,2.5,10,6.2,10,1017.5,10,,,60,10,0.0,10,0,10,,,0.0,10,1.2,,,0,1.9,,,0,,,-1.6,10,-3.6,10,136,10
2008-02-16T02:00+00:00,5935,0.0,0,317,10,332.0,10,2.4,10,5.9,10,1017.4,10,,,59,10,0.0,10,0,10,,,0.0,10,1.2,,,0,1.9,,,0,,,-1.6,10,-3.3,10,251,10
2008-02-16T03:00+00:00,5935,0.0,0,323,10,324.0,10,2.8,10,8.5,10,1017.5,10,,,56,10,0.0,10,0,10,,,0.0,10,1.1,,,0,1.9,,,0,,,-1.5,10,-2.7,10,359,10
2008-02-16T04:00+00:00,5935,0.0,0,322,10,279.0,10,3.5,10,9.2,10,1018.2,10,,,54,10,0.0,10,0,10,,,0.0,10,1.1,,,0,1.9,,,0,,,-2.1,10,-3.3,10,443,10
2008-02-16T05:00+00:00,5935,0.0,0,324,10,313.0,10,3.9,10,11.5,10,1018.6,10,,,53,10,0.0,10,0,10,,,0.0,10,1.1,,,0,1.8,,,0,,,-2.7,10,-3.8,10,511,10
2008-02-16T06:00+00:00,5935,0.0,0,317,10,311.0,10,3.8,10,9.4,10,1018.9,10,,,56,10,0.0,10,0,10,,,0.0,10,1.0,,,0,1.8,,,0,,,-3.4,10,-4.5,10,607,10
2008-02-16T07:00+00:00,5935,25.0,0,304,10,307.0,10,4.5,10,10.9,10,1019.1,10,,,55,10,0.0,10,0,10,,,0.0,10,1.0,,,0,1.8,,,0,,,-3.4,10,-4.8,10,716,10
2008-02-16T08:00+00:00,5935,102.0,0,298,10,312.0,10,5.1,10,13.6,10,1019.4,10,,,53,10,0.0,10,0,10,,,0.2,10,1.0,,,0,1.8,,,0,,,-2.6,10,-3.5,10,841,10
2008-02-16T09:00+00:00,5935,339.0,0,307,10,321.0,10,5.5,10,13.5,10,1020.0,10,,,50,10,0.0,10,0,10,,,1.0,10,1.0,,,0,1.8,,,0,,,-1.1,10,-1.4,10,938,10
2008-02-16T10:00+00:00,5935,287.0,0,336,10,308.0,10,4.9,10,12.8,10,1021.0,10,,,51,10,0.0,10,0,10,,,0.5,10,1.0,,,0,1.7,,,0,,,-0.8,10,0.6,10,1001,10
2008-02-16T11:00+00:00,5935,208.0,0,18,10,343.0,10,4.3,10,12.3,10,1022.1,10,,,60,10,0.0,10,2,10,,,0.2,10,0.9,,,0,1.7,,,0,,,-2.0,10,-1.5,10,1102,10
2008-02-16T12:00+00:00,5935,373.0,0,24,10,13.0,10,4.7,10,11.5,10,1022.5,10,,,43,10,0.0,10,0,10,,,0.6,10,0.9,,,0,1.7,,,0,,,-1.0,10,-0.2,10,1259,10
2008-02-16T13:00+00:00,5935,406.0,0,13,10,87.0,10,4.7,10,12.4,10,1022.9,10,,,37,10,0.0,10,0,10,,,0.8,10,0.9,,,0,1.7,,,0,,,-0.9,10,-0.6,10,1304,10
2008-02-16T14:00+00:00,5935,387.0,0,13,10,30.0,10,4.4,10,10.1,10,1023.3,10,,,33,10,0.0,10,0,10,,,1.0,10,0.9,,,0,1.7,,,0,,,-0.8,10,1.3,10,1500,10
2008-02-16T15:00+00:00,5935,249.0,0,4,10,9.0,10,3.8,10,9.4,10,1024.0,10,,,33,10,0.0,10,0,10,,,1.0,10,0.9,,,0,1.7,,,0,,,-1.0,10,0.6,10,1513,10
2008-02-16T16:00+00:00,5935,94.0,0,6,10,352.0,10,3.3,10,9.6,10,1024.5,10,,,34,10,0.0,10,0,10,,,1.0,10,0.9,,,0,1.7,,,0,,,-1.5,10,-2.9,10,1616,10
2008-02-16T17:00+00:00,5935,6.0,0,18,10,36.0,10,2.3,10,7.9,10,1025.3,10,,,37,10,0.0,10,0,10,,,0.1,10,0.9,,,0,1.6,,,0,,,-2.7,10,-4.9,10,1702,10
2008-02-16T18:00+00:00,5935,0.0,0,23,10,10.0,10,1.9,10,5.0,10,1026.1,10,,,41,10,0.0,10,0,10,,,0.0,10,0.8,,,0,1.6,,,0,,,-3.7,10,-6.0,10,1807,10
2008-02-16T19:00+00:00,5935,0.0,0,353,10,345.0,10,1.8,10,5.2,10,1026.6,10,,,41,10,0.0,10,0,10,,,0.0,10,0.8,,,0,1.6,,,0,,,-3.8,10,-6.2,10,1946,10
2008-02-16T20:00+00:00,5935,0.0,0,334,10,326.0,10,1.5,10,5.5,10,1027.3,10,,,42,10,0.0,10,0,10,,,0.0,10,0.8,,,0,1.6,,,0,,,-4.3,10,-7.1,10,2042,10
2008-02-16T21:00+00:00,5935,0.0,0,9,10,13.0,10,1.3,10,3.6,10,1027.7,10,,,45,10,0.0,10,0,10,,,0.0,10,0.8,,,0,1.6,,,0,,,-4.9,10,-7.4,10,2141,10
2008-02-16T22:00+00:00,5935,0.0,0,323,10,313.0,10,0.8,10,2.6,10,1028.0,10,,,51,10,0.0,10,0,10,,,0.0,10,0.8,,,0,1.6,,,0,,,-6.5,10,-9.5,10,2255,10
2008-02-16T23:00+00:00,5935,0.0,0,336,10,352.0,10,0.9,10,2.4,10,1028.3,10,,,50,10,0.0,10,0,10,,,0.0,10,0.7,,,0,1.6,,,0,,,-6.0,10,-9.3,10,2328,10
2008-02-17T00:00+00:00,5935,0.0,0,337,10,326.0,10,0.7,10,2.5,10,1027.9,10,,,52,10,0.0,10,0,10,,,0.0,10,0.7,,,0,1.5,,,0,,,-6.4,10,-9.4,10,30,10
2008-02-17T01:00+00:00,5935,0.0,0,342,10,337.0,10,0.6,10,1.9,10,1027.7,10,,,58,10,0.0,10,0,10,,,0.0,10,0.7,,,0,1.5,,,0,,,-7.6,10,-9.9,10,113,10
2008-02-17T02:00+00:00,5935,0.0,0,314,10,288.0,10,0.8,10,2.8,10,1027.2,10,,,55,10,0.0,10,0,10,,,0.0,10,0.7,,,0,1.5,,,0,,,-7.1,10,-10.2,10,221,10
2008-02-17T03:00+00:00,5935,0.0,0,280,10,270.0,10,0.7,10,2.1,10,1026.7,10,,,60,10,0.0,10,0,10,,,0.0,10,0.7,,,0,1.5,,,0,,,-8.1,10,-10.5,10,336,10
2008-02-17T04:00+00:00,5935,0.0,0,293,10,301.0,10,1.0,10,2.3,10,1026.2,10,,,63,10,0.0,10,0,10,,,0.0,10,0.6,,,0,1.5,,,0,,,-8.5,10,-10.8,10,422,10
2008-02-17T05:00+00:00,5935,0.0,0,308,10,297.0,10,0.7,10,1.7,10,1025.9,10,,,67,10,0.0,10,0,10,,,0.0,10,0.6,,,0,1.5,,,0,,,-8.9,10,-11.0,10,600,10
2008-02-17T06:00+00:00,5935,0.0,0,304,10,327.0,10,1.0,10,2.4,10,1025.4,10,,,70,10,0.0,10,0,10,,,0.0,10,0.6,,,0,1.5,,,0,,,-9.0,10,-11.0,10,619,10
2008-02-17T07:00+00:00,5935,34.0,0,261,10,272.0,10,0.5,10,1.5,10,1025.3,10,,,69,10,0.0,10,0,10,,,0.3,10,0.6,,,0,1.4,,,0,,,-8.0,10,-10.8,10,714,10
2008-02-17T08:00+00:00,5935,189.0,0,277,10,298.0,10,0.3,10,1.6,10,1025.2,10,,,60,10,0.0,10,0,10,,,1.0,10,0.6,,,0,1.4,,,0,,,-5.3,10,-9.0,10,844,10
2008-02-17T09:00+00:00,5935,325.0,0,111,10,71.0,10,0.2,10,2.2,10,1025.2,10,,,54,10,0.0,10,0,10,,,1.0,10,0.6,,,0,1.4,,,0,,,-3.0,10,0.2,10,956,10
2008-02-17T10:00+00:00,5935,435.0,0,175,10,209.0,10,0.9,10,3.3,10,1024.6,10,,,46,10,0.0,10,0,10,,,1.0,10,0.6,,,0,1.4,,,0,,,-2.1,10,4.0,10,1034,10
2008-02-17T11:00+00:00,5935,506.0,0,194,10,153.0,10,1.3,10,5.0,10,1023.6,10,,,40,10,0.0,10,0,10,,,1.0,10,0.6,,,0,1.4,,,0,,,-1.1,10,6.1,10,1141,10
2008-02-17T12:00+00:00,5935,400.0,0,174,10,183.0,10,1.6,10,4.0,10,1021.9,10,,,37,10,0.0,10,0,10,,,1.0,10,0.6,,,0,1.4,,,0,,,-0.2,10,3.1,10,1221,10
2008-02-17T13:00+00:00,5935,410.0,0,169,10,192.0,10,1.4,10,4.0,10,1021.2,10,,,36,10,0.0,10,0,10,,,0.9,10,0.6,,,0,1.4,,,0,,,0.2,10,3.5,10,1327,10
2008-02-17T14:00+00:00,5935,286.0,0,173,10,149.0,10,1.2,10,3.9,10,1020.5,10,,,35,10,0.0,10,0,10,,,0.9,10,0.6,,,0,1.4,,,0,,,1.1,10,3.3,10,1448,10
2008-02-17T15:00+00:00,5935,170.0,0,162,10,211.0,10,0.8,10,3.1,10,1019.5,10,,,35,10,0.0,10,0,10,,,0.4,10,0.6,,,0,1.4,,,0,,,0.8,10,1.2,10,1600,10
2008-02-17T16:00+00:00,5935,59.0,0,131,10,113.0,10,0.9,10,2.5,10,1018.8,10,,,36,10,0.0,10,0,10,,,0.0,10,0.6,,,0,1.3,,,0,,,0.3,10,-2.0,10,1639,10
2008-02-17T17:00+00:00,5935,8.0,0,110,10,109.0,10,0.7,10,1.8,10,1018.5,10,,,38,10,0.0,10,0,10,,,0.0,10,0.6,,,0,1.3,,,0,,,-0.3,10,-2.6,10,1712,10
2008-02-17T18:00+00:00,5935,0.0,0,80,10,102.0,10,0.4,10,1.5,10,1017.8,10,,,43,10,0.0,10,0,10,,,0.0,10,0.6,,,0,1.3,,,0,,,-0.8,10,-2.6,10,1828,10
2008-02-17T19:00+00:00,5935,0.0,0,248,10,169.0,10,0.1,10,1.1,10,1016.8,10,,,46,10,0.0,10,0,10,,,0.0,10,0.5,,,0,1.3,,,0,,,-1.3,10,-2.6,10,1932,10
2008-02-17T20:00+00:00,5935,0.0,0,70,10,93.0,10,0.6,10,1.8,10,1016.3,10,,,47,10,0.0,10,0,10,,,0.0,10,0.5,,,0,1.3,,,0,,,-1.3,10,-3.9,10,2037,10
2008-02-17T21:00+00:00,5935,0.0,0,87,10,107.0,10,1.0,10,2.6,10,1015.8,10,,,48,10,0.0,10,0,10,,,0.0,10,0.5,,,0,1.3,,,0,,,-1.7,10,-4.1,10,2146,10
2008-02-17T22:00+00:00,5935,0.0,0,151,10,242.0,10,0.3,10,6.4,10,1014.9,10,,,45,10,0.0,10,0,10,,,0.0,10,0.5,,,0,1.3,,,0,,,0.8,10,-4.0,10,2258,10
2008-02-17T23:00+00:00,5935,0.0,0,264,10,277.0,10,2.9,10,7.3,10,1014.4,10,,,40,10,0.0,10,0,10,,,0.0,10,0.5,,,0,1.3,,,0,,,2.7,10,-2.2,10,2344,10
2008-02-18T00:00+00:00,5935,0.0,0,275,10,277.0,10,3.2,10,7.9,10,1013.6,10,,,42,10,0.0,10,0,10,,,0.0,10,0.5,,,0,1.3,,,0,,,2.3,10,-0.6,10,6,10
2008-02-18T01:00+00:00,5935,0.0,0,280,10,293.0,10,1.9,10,6.6,10,1013.1,10,,,44,10,0.0,10,0,10,,,0.0,10,0.5,,,0,1.3,,,0,,,1.8,10,-2.0,10,103,10
2008-02-18T02:00+00:00,5935,0.0,0,259,10,250.0,10,2.2,10,5.8,10,1012.1,10,,,43,10,0.0,10,0,10,,,0.0,10,0.5,,,0,1.3,,,0,,,2.0,10,-2.3,10,240,10
2008-02-18T03:00+00:00,5935,0.0,0,273,10,310.0,10,2.3,10,7.6,10,1011.3,10,,,43,10,0.0,10,0,10,,,0.0,10,0.5,,,0,1.3,,,0,,,2.0,10,-3.4,10,354,10
2008-02-18T04:00+00:00,5935,0.0,0,277,10,286.0,10,3.6,10,10.0,10,1010.7,10,,,42,10,0.0,10,0,10,,,0.0,10,0.5,,,0,1.3,,,0,,,2.2,10,-1.4,10,402,10
2008-02-18T05:00+00:00,5935,0.0,0,277,10,267.0,10,3.9,10,9.9,10,1010.5,10,,,42,10,0.0,10,0,10,,,0.0,10,0.5,,,0,1.3,,,0,,,2.9,10,-0.9,10,520,10
2008-02-18T06:00+00:00,5935,0.0,0,273,10,284.0,10,4.6,10,12.6,10,1010.2,10,,,42,10,0.0,10,0,10,,,0.0,10,0.5,,,0,1.3,,,0,,,3.1,10,1.3,10,607,10
2008-02-18T07:00+00:00,5935,38.0,0,270,10,293.0,10,4.5,10,9.0,10,1010.2,10,,,42,10,0.0,10,0,10,,,0.3,10,0.5,,,0,1.2,,,0,,,3.7,10,1.7,10,708,10
2008-02-18T08:00+00:00,5935,73.0,0,273,10,280.0,10,3.3,10,8.9,10,1010.1,10,,,41,10,0.0,10,0,10,,,0.1,10,0.5,,,0,1.2,,,0,,,4.0,10,1.5,10,829,10
2008-02-18T09:00+00:00,5935,77.0,0,264,10,247.0,10,3.1,10,9.4,10,1009.9,10,,,41,10,0.0,10,0,10,,,0.0,10,0.5,,,0,1.2,,,0,,,4.4,10,3.8,10,945,10
2008-02-18T10:00+00:00,5935,174.0,0,268,10,264.0,10,4.2,10,12.3,10,1009.2,10,,,39,10,0.0,10,0,10,,,0.0,10,0.6,,,0,1.2,,,0,,,5.3,10,4.8,10,1048,10
2008-02-18T11:00+00:00,5935,175.0,0,275,10,293.0,10,5.3,10,13.1,10,1009.0,10,,,37,10,0.0,10,0,10,,,0.0,10,0.6,,,0,1.2,,,0,,,6.3,10,6.7,10,1137,10
2008-02-18T12:00+00:00,5935,201.0,0,274,10,262.0,10,5.5,10,13.2,10,1008.6,10,,,36,10,0.0,10,0,10,,,0.0,10,0.6,,,0,1.2,,,0,,,6.4,10,7.2,10,1216,10
2008-02-18T13:00+00:00,5935,122.0,0,275,10,262.0,10,5.2,10,11.1,10,1007.8,10,,,36,10,0.0,10,0,10,,,0.0,10,0.6,,,0,1.2,,,0,,,6.7,10,6.9,10,1311,10
2008-02-18T14:00+00:00,5935,77.0,0,282,10,294.0,10,4.6,10,10.9,10,1007.5,10,,,35,10,0.0,10,0,10,,,0.0,10,0.6,,,0,1.2,,,0,,,6.9,10,6.3,10,1500,10
2008-02-18T15:00+00:00,5935,47.0,0,280,10,295.0,10,4.3,10,10.7,10,1007.5,10,,,35,10,0.0,10,0,10,,,0.0,10,0.6,,,0,1.2,,,0,,,7.3,10,6.1,10,1530,10
2008-02-18T16:00+00:00,5935,30.0,0,276,10,275.0,10,4.3,10,11.9,10,1007.0,10,,,36,10,0.0,10,0,10,,,0.0,10,0.6,,,0,1.2,,,0,,,7.3,10,6.1,10,1629,10
2008-02-18T17:00+00:00,5935,5.0,0,286,10,284.0,10,3.7,10,9.8,10,1007.3,10,,,36,10,0.0,10,0,10,,,0.0,10,0.6,,,0,1.2,,,0,,,7.5,10,5.6,10,1720,10
2008-02-18T18:00+00:00,5935,0.0,0,297,10,299.0,10,3.0,10,9.1,10,1007.5,10,,,36,10,0.0,10,0,10,,,0.0,10,0.6,,,0,1.2,,,0,,,7.2,10,5.5,10,1833,10
2008-02-18T19:00+00:00,5935,0.0,0,318,10,282.0,10,1.8,10,5.7,10,1008.0,10,,,37,10,0.0,10,0,10,,,0.0,10,0.6,,,0,1.2,,,0,,,6.7,10,4.6,10,1904,10
2008-02-18T20:00+00:00,5935,0.0,0,295,10,306.0,10,2.6,10,6.5,10,1007.6,10,,,40,10,0.0,10,0,10,,,0.0,10,0.6,,,0,1.2,,,0,,,6.7,10,4.7,10,2049,10
2008-02-18T21:00+00:00,5935,0.0,0,287,10,279.0,10,2.3,10,6.7,10,1007.5,10,,,42,10,0.0,10,0,10,,,0.0,10,0.6,,,0,1.2,,,0,,,6.9,10,4.4,10,2152,10
2008-02-18T22:00+00:00,5935,0.0,0,287,10,298.0,10,4.2,10,10.3,10,1007.7,10,,,49,10,0.0,10,0,10,,,0.0,10,0.6,,,0,1.2,,,0,,,7.1,10,5.0,10,2221,10
2008-02-18T23:00+00:00,5935,0.0,0,290,10,317.0,10,3.3,10,8.5,10,1007.3,10,,,48,10,0.0,10,0,10,,,0.0,10,0.6,,,0,1.2,,,0,,,7.0,10,5.2,10,2301,10
2008-02-19T00:00+00:00,5935,0.0,0,308,10,318.0,10,2.3,10,7.5,10,1007.2,10,,,50,10,0.0,10,9,10,,,0.0,10,0.6,,,0,1.2,,,0,,,6.4,10,4.2,10,13,10
2008-02-19T01:00+00:00,5935,0.0,0,300,10,296.0,10,2.7,10,7.0,10,1007.0,10,,,53,10,0.0,10,0,10,,,0.0,10,0.6,,,0,1.2,,,0,,,6.8,10,4.4,10,132,10
2008-02-19T02:00+00:00,5935,0.0,0,293,10,282.0,10,2.4,10,6.1,10,1006.6,10,,,53,10,0.0,10,0,10,,,0.0,10,0.6,,,0,1.2,,,0,,,6.5,10,4.4,10,201,10
2008-02-19T03:00+00:00,5935,0.0,0,312,10,293.0,10,2.2,10,6.9,10,1006.4,10,,,56,10,0.0,10,0,10,,,0.0,10,0.6,,,0,1.2,,,0,,,6.4,10,4.1,10,323,10
2008-02-19T04:00+00:00,5935,0.0,0,318,10,319.0,10,2.1,10,6.9,10,1006.4,10,,,59,10,0.0,10,0,10,,,0.0,10,0.6,,,0,1.2,,,0,,,6.4,10,4.4,10,446,10
2008-02-19T05:00+00:00,5935,0.0,0,336,10,342.0,10,2.4,10,6.5,10,1006.4,10,,,63,10,0.0,10,0,10,,,0.0,10,0.6,,,0,1.2,,,0,,,6.1,10,4.7,10,559,10
2008-02-19T06:00+00:00,5935,0.0,0,318,10,339.0,10,2.9,10,7.3,10,1006.7,10,,,66,10,0.0,10,0,10,,,0.0,10,0.6,,,0,1.2,,,0,,,6.0,10,4.9,10,628,10
2008-02-19T07:00+00:00,5935,9.0,0,313,10,296.0,10,3.1,10,6.8,10,1007.5,10,,,67,10,0.0,10,0,10,,,0.0,10,0.6,,,0,1.2,,,0,,,5.9,10,4.8,10,721,10
2008-02-19T08:00+00:00,5935,28.0,0,294,10,277.0,10,3.0,10,7.8,10,1007.6,10,,,68,10,0.0,10,0,10,,,0.0,10,0.6,,,0,1.2,,,0,,,6.0,10,5.0,10,841,10
2008-02-19T09:00+00:00,5935,47.0,0,291,10,297.0,10,3.4,10,7.7,10,1008.0,10,,,67,10,0.0,10,0,10,,,0.0,10,0.6,,,0,1.2,,,0,,,6.4,10,5.5,10,957,10
2008-02-19T10:00+00:00,5935,77.0,0,293,10,290.0,10,3.4,10,7.7,10,1008.3,10,,,65,10,0.0,10,0,10,,,0.0,10,0.7,,,0,1.2,,,0,,,6.8,10,6.3,10,1029,10
2008-02-19T11:00+00:00,5935,137.0,0,303,10,300.0,10,2.9,10,6.7,10,1008.0,10,,,64,10,0.0,10,0,10,,,0.0,10,0.7,,,0,1.2,,,0,,,7.6,10,7.3,10,1136,10
2008-02-19T12:00+00:00,5935,320.0,0,305,10,290.0,10,3.3,10,8.8,10,1007.7,10,,,61,10,0.0,10,0,10,,,0.4,10,0.9,,,0,1.2,,,0,,,8.6,10,9.0,10,1202,10
2008-02-19T13:00+00:00,5935,277.0,0,315,10,340.0,10,3.0,10,7.5,10,1007.2,10,,,60,10,0.0,10,0,10,,,0.0,10,1.1,,,0,1.2,,,0,,,8.9,10,11.3,10,1329,10
2008-02-19T14:00+00:00,5935,224.0,0,312,10,328.0,10,2.3,10,5.7,10,1006.6,10,,,59,10,0.0,10,0,10,,,0.2,10,1.3,,,0,1.2,,,0,,,9.5,10,10.2,10,1421,10
2008-02-19T15:00+00:00,5935,224.0,0,311,10,279.0,10,2.2,10,5.8,10,1006.3,10,,,57,10,0.0,10,0,10,,,1.0,10,1.5,,,0,1.3,,,0,,,9.9,10,10.4,10,1504,10
2008-02-19T16:00+00:00,5935,100.0,0,292,10,304.0,10,1.7,10,3.8,10,1006.1,10,,,57,10,0.0,10,0,10,,,1.0,10,1.6,,,0,1.3,,,0,,,9.3,10,7.1,10,1607,10
2008-02-19T17:00+00:00,5935,10.0,0,275,10,292.0,10,0.9,10,2.5,10,1006.3,10,,,60,10,0.0,10,0,10,,,0.2,10,1.7,,,0,1.4,,,0,,,8.0,10,2.0,10,1704,10
2008-02-19T18:00+00:00,5935,0.0,0,275,10,252.0,10,0.1,10,0.9,10,1006.4,10,,,64,10,0.0,10,0,10,,,0.0,10,1.6,,,0,1.4,,,0,,,6.3,10,1.7,10,1806,10
2008-02-19T19:00+00:00,5935,0.0,0,75,10,52.0,10,0.3,10,1.9,10,1006.5,10,,,69,10,0.0,10,0,10,,,0.0,10,1.6,,,0,1.5,,,0,,,5.2,10,-1.7,10,1937,10
2008-02-19T20:00+00:00,5935,0.0,0,79,10,81.0,10,0.7,10,1.6,10,1007.0,10,,,76,10,0.0,10,0,10,,,0.0,10,1.5,,,0,1.5,,,0,,,3.7,10,-2.1,10,2031,10
2008-02-19T21:00+00:00,5935,0.0,0,58,10,36.0,10,0.9,10,2.1,10,1007.2,10,,,82,10,0.0,10,0,10,,,0.0,10,1.4,,,0,1.5,,,0,,,3.0,10,-2.6,10,2115,10
2008-02-19T22:00+00:00,5935,0.0,0,65,10,42.0,10,0.6,10,2.3,10,1007.2,10,,,86,10,0.0,10,0,10,,,0.0,10,1.3,,,0,1.5,,,0,,,1.6,10,-3.4,10,2208,10
2008-02-19T23:00+00:00,5935,0.0,0,24,10,53.0,10,0.2,10,1.6,10,1007.0,10,,,91,10,0.0,10,0,10,,,0.0,10,1.2,,,0,1.5,,,0,,,0.3,10,-3.9,10,2304,10
2008-02-20T00:00+00:00,5935,0.0,0,38,10,67.0,10,0.6,10,2.0,10,1006.9,10,,,90,10,0.0,10,0,10,,,0.0,10,1.1,,,0,1.5,,,0,,,0.3,10,-4.2,10,49,10
2008-02-20T01:00+00:00,5935,0.0,0,35,10,44.0,10,0.1,10,1.4,10,1006.6,10,,,93,10,0.0,10,0,10,,,0.0,10,1.1,,,0,1.5,,,0,,,-0.7,10,-4.5,10,105,10
2008-02-20T02:00+00:00,5935,0.0,0,12,10,31.0,10,0.6,10,1.4,10,1006.1,10,,,93,10,0.0,10,0,10,,,0.0,10,1.0,,,0,1.5,,,0,,,-1.5,10,-4.6,10,206,10
2008-02-20T03:00+00:00,5935,0.0,0,0,10,323.0,10,0.0,10,1.0,10,1005.8,10,,,92,10,0.0,10,0,10,,,0.0,10,1.0,,,0,1.5,,,0,,,-1.9,10,-5.0,10,400,10
2008-02-20T04:00+00:00,5935,0.0,0,18,10,43.0,10,0.6,10,1.5,10,1005.6,10,,,93,10,0.0,10,0,10,,,0.0,10,1.0,,,0,1.5,,,0,,,-2.0,10,-5.1,10,414,10
2008-02-20T05:00+00:00,5935,0.0,0,15,10,64.0,10,0.2,10,1.3,10,1005.6,10,,,93,10,0.0,10,0,10,,,0.0,10,0.9,,,0,1.5,,,0,,,-2.2,10,-5.2,10,556,10
2008-02-20T06:00+00:00,5935,1.0,0,57,10,96.0,10,0.9,10,1.9,10,1005.5,10,,,93,10,0.0,10,0,10,,,0.0,10,0.9,,,0,1.5,,,0,,,-1.2,10,-5.2,10,658,10
2008-02-20T07:00+00:00,5935,36.0,0,89,10,82.0,10,0.3,10,1.9,10,1005.9,10,,,93,10,0.0,10,0,10,,,0.4,10,0.9,,,0,1.4,,,0,,,-1.0,10,-4.9,10,800,10
2008-02-20T08:00+00:00,5935,166.0,0,88,10,89.0,10,0.2,10,1.2,10,1006.1,10,,,86,10,0.0,10,0,10,,,1.0,10,0.9,,,0,1.4,,,0,,,2.0,10,-2.6,10,841,10
2008-02-20T09:00+00:00,5935,301.0,0,62,10,158.0,10,0.6,10,3.0,10,1006.1,10,,,77,10,0.0,10,0,10,,,1.0,10,0.9,,,0,1.4,,,0,,,3.9,10,4.5,10,951,10
2008-02-20T10:00+00:00,5935,411.0,0,136,10,154.0,10,1.3,10,4.0,10,1005.9,10,,,71,10,0.0,10,0,10,,,1.0,10,0.9,,,0,1.4,,,0,,,5.2,10,8.7,10,1018,10
2008-02-20T11:00+00:00,5935,476.0,0,122,10,96.0,10,1.1,10,3.5,10,1005.3,10,,,66,10,0.0,10,0,10,,,1.0,10,0.9,,,0,1.4,,,0,,,6.5,10,11.6,10,1105,10
2008-02-20T12:00+00:00,5935,494.0,0,234,10,236.0,10,1.1,10,3.1,10,1004.7,10,,,62,10,0.0,10,0,10,,,1.0,10,1.0,,,0,1.4,,,0,,,7.7,10,10.5,10,1218,10
2008-02-20T13:00+00:00,5935,449.0,0,106,10,107.0,10,0.4,10,3.1,10,1004.2,10,,,59,10,0.0,10,0,10,,,1.0,10,1.3,,,0,1.4,,,0,,,8.5,10,9.7,10,1350,10
2008-02-20T14:00+00:00,5935,356.0,0,69,10,61.0,10,0.6,10,3.4,10,1003.9,10,,,59,10,0.0,10,0,10,,,1.0,10,1.7,,,0,1.4,,,0,,,9.6,10,12.0,10,1407,10
2008-02-20T15:00+00:00,5935,230.0,0,76,10,67.0,10,1.2,10,3.4,10,1003.6,10,,,59,10,0.0,10,0,10,,,1.0,10,2.0,,,0,1.5,,,0,,,9.3,10,11.0,10,1509,10
2008-02-20T16:00+00:00,5935,105.0,0,110,10,103.0,10,1.3,10,3.0,10,1003.5,10,,,59,10,0.0,10,0,10,,,1.0,10,2.1,,,0,1.6,,,0,,,8.2,10,5.9,10,1616,10
2008-02-20T17:00+00:00,5935,9.0,0,105,10,90.0,10,0.9,10,2.4,10,1003.7,10,,,65,10,0.0,10,0,10,,,0.0,10,2.2,,,0,1.6,,,0,,,6.1,10,-0.8,10,1800,10
2008-02-20T18:00+00:00,5935,0.0,0,0,10,113.0,10,0.0,10,1.4,10,1003.7,10,,,77,10,0.0,10,0,10,,,0.0,10,2.1,,,0,1.7,,,0,,,3.4,10,-2.5,10,1900,10
2008-02-20T19:00+00:00,5935,0.0,0,0,10,,10,0.0,10,0.1,10,1003.8,10,,,85,10,0.0,10,0,10,,,0.0,10,2.0,,,0,1.8,,,0,,,1.8,10,-3.0,10,1955,10
2008-02-20T20:00+00:00,5935,0.0,0,0,10,,10,0.0,10,0.1,10,1003.9,10,,,87,10,0.0,10,0,10,,,0.0,10,1.8,,,0,1.8,,,0,,,0.9,10,-3.7,10,2055,10
2008-02-20T21:00+00:00,5935,0.0,0,0,10,300.0,10,0.0,10,1.4,10,1004.2,10,,,91,10,0.0,10,0,10,,,0.0,10,1.7,,,0,1.8,,,0,,,0.1,10,-4.0,10,2156,10
2008-02-20T22:00+00:00,5935,0.0,0,352,10,325.0,10,0.5,10,1.9,10,1004.4,10,,,90,10,0.0,10,0,10,,,0.0,10,1.6,,,0,1.9,,,0,,,0.4,10,-4.1,10,2220,10
2008-02-20T23:00+00:00,5935,0.0,0,289,10,327.0,10,0.3,10,3.2,10,1004.6,10,,,92,10,0.0,10,0,10,,,0.0,10,1.5,,,0,1.8,,,0,,,0.4,10,-4.0,10,2348,10
2008-02-21T00:00+00:00,5935,0.0,0,290,10,318.0,10,0.8,10,2.7,10,1004.8,10,,,92,10,0.0,10,0,10,,,0.0,10,1.4,,,0,1.8,,,0,,,0.2,10,-3.8,10,31,10
2008-02-21T01:00+00:00,5935,0.0,0,272,10,276.0,10,0.8,10,2.0,10,1004.9,10,,,92,10,0.0,10,0,10,,,0.0,10,1.4,,,0,1.8,,,0,,,0.4,10,-3.6,10,125,10
2008-02-21T02:00+00:00,5935,0.0,0,271,10,299.0,10,0.6,10,1.6,10,1004.8,10,,,92,10,0.0,10,0,10,,,0.0,10,1.3,,,0,1.8,,,0,,,0.5,10,-1.6,10,223,10
2008-02-21T03:00+00:00,5935,0.0,0,161,10,107.0,10,0.3,10,2.4,10,1004.4,10,,,89,10,0.0,10,0,10,,,0.0,10,1.3,,,0,1.8,,,0,,,1.2,10,-0.7,10,325,10
2008-02-21T04:00+00:00,5935,0.0,0,130,10,160.0,10,0.6,10,2.9,10,1004.9,10,,,86,10,0.0,10,0,10,,,0.0,10,1.2,,,0,1.7,,,0,,,1.8,10,-0.5,10,446,10
2008-02-21T05:00+00:00,5935,0.0,0,192,10,163.0,10,0.7,10,2.8,10,1005.0,10,,,85,10,0.0,10,0,10,,,0.0,10,1.2,,,0,1.7,,,0,,,1.5,10,-0.2,10,529,10
2008-02-21T06:00+00:00,5935,0.0,0,360,10,31.0,10,0.2,10,1.8,10,1005.2,10,,,87,10,0.0,10,0,10,,,0.0,10,1.2,,,0,1.7,,,0,,,1.6,10,-0.7,10,635,10
2008-02-21T07:00+00:00,5935,16.0,0,93,10,83.0,10,0.5,10,2.2,10,1005.3,10,,,84,10,0.0,10,0,10,,,0.0,10,1.2,,,0,1.7,,,0,,,2.3,10,0.6,10,726,10
2008-02-21T08:00+00:00,5935,31.0,0,83,10,119.0,10,1.0,10,2.3,10,1006.1,10,,,85,10,0.1,10,24,10,,,0.0,10,1.2,,,0,1.7,,,0,,,3.3,10,1.7,10,825,10
2008-02-21T09:00+00:00,5935,78.0,0,212,10,245.0,10,1.1,10,4.2,10,1006.4,10,,,72,10,0.0,10,7,10,,,0.0,10,1.2,,,0,1.7,,,0,,,8.1,10,2.5,10,953,10
2008-02-21T10:00+00:00,5935,123.0,0,270,10,282.0,10,3.6,10,9.2,10,1006.7,10,,,69,10,0.0,10,0,10,,,0.0,10,1.4,,,0,1.6,,,0,,,8.9,10,7.0,10,1029,10
2008-02-21T11:00+00:00,5935,282.0,0,260,10,257.0,10,4.0,10,8.9,10,1006.6,10,,,66,10,0.0,10,0,10,,,0.2,10,1.6,,,0,1.7,,,0,,,10.3,10,8.9,10,1153,10
2008-02-21T12:00+00:00,5935,329.0,0,258,10,249.0,10,4.8,10,10.9,10,1006.2,10,,,64,10,0.0,10,0,10,,,0.4,10,1.9,,,0,1.7,,,0,,,10.8,10,12.1,10,1208,10
2008-02-21T13:00+00:00,5935,319.0,0,249,10,256.0,10,4.8,10,10.2,10,1005.9,10,,,63,10,0.0,10,0,10,,,0.5,10,2.3,,,0,1.7,,,0,,,11.3,10,11.6,10,1319,10
2008-02-21T14:00+00:00,5935,277.0,0,253,10,266.0,10,4.6,10,10.2,10,1005.9,10,,,63,10,0.0,10,0,10,,,0.5,10,2.6,,,0,1.8,,,0,,,10.9,10,11.9,10,1416,10
2008-02-21T15:00+00:00,5935,172.0,0,247,10,250.0,10,4.3,10,9.7,10,1006.1,10,,,66,10,0.0,10,0,10,,,0.6,10,2.9,,,0,1.9,,,0,,,10.4,10,9.7,10,1507,10
2008-02-21T16:00+00:00,5935,98.0,0,256,10,245.0,10,4.2,10,9.0,10,1006.1,10,,,62,10,0.0,10,0,10,,,1.0,10,3.0,,,0,2.0,,,0,,,9.9,10,8.1,10,1606,10
2008-02-21T17:00+00:00,5935,14.0,0,258,10,257.0,10,3.1,10,8.5,10,1006.9,10,,,64,10,0.0,10,0,10,,,0.1,10,3.0,,,0,2.1,,,0,,,9.0,10,5.9,10,1707,10
2008-02-21T18:00+00:00,5935,0.0,0,269,10,278.0,10,2.4,10,6.1,10,1007.2,10,,,67,10,0.0,10,0,10,,,0.0,10,3.0,,,0,2.2,,,0,,,8.5,10,5.0,10,1821,10
2008-02-21T19:00+00:00,5935,0.0,0,259,10,248.0,10,1.2,10,3.4,10,1007.3,10,,,70,10,0.0,10,0,10,,,0.0,10,3.0,,,0,2.3,,,0,,,8.0,10,1.6,10,1905,10
2008-02-21T20:00+00:00,5935,0.0,0,299,10,266.0,10,0.4,10,1.8,10,1007.6,10,,,73,10,0.0,10,0,10,,,0.0,10,2.9,,,0,2.3,,,0,,,8.0,10,4.4,10,2049,10
2008-02-21T21:00+00:00,5935,0.0,0,288,10,332.0,10,0.5,10,2.0,10,1007.4,10,,,76,10,0.0,10,0,10,,,0.0,10,2.9,,,0,2.4,,,0,,,7.9,10,4.5,10,2134,10
2008-02-21T22:00+00:00,5935,0.0,0,132,10,160.0,10,0.5,10,1.9,10,1007.2,10,,,76,10,0.0,10,0,10,,,0.0,10,2.9,,,0,2.4,,,0,,,8.3,10,4.5,10,2247,10
2008-02-21T23:00+00:00,5935,0.0,0,116,10,160.0,10,0.7,10,2.8,10,1007.2,10,,,77,10,0.0,10,0,10,,,0.0,10,2.9,,,0,2.4,,,0,,,8.1,10,4.5,10,2357,10
2008-02-22T00:00+00:00,5935,0.0,0,219,10,257.0,10,1.6,10,7.3,10,1007.1,10,,,71,10,0.0,10,0,10,,,0.0,10,2.9,,,0,2.4,,,0,,,9.6,10,5.9,10,51,10
2008-02-22T01:00+00:00,5935,0.0,0,241,10,241.0,10,3.4,10,7.0,10,1006.9,10,,,69,10,0.0,10,0,10,,,0.0,10,2.9,,,0,2.5,,,0,,,9.8,10,7.8,10,107,10
2008-02-22T02:00+00:00,5935,0.0,0,239,10,246.0,10,2.9,10,5.9,10,1006.4,10,,,71,10,0.0,10,0,10,,,0.0,10,2.9,,,0,2.5,,,0,,,9.2,10,6.1,10,235,10
2008-02-22T03:00+00:00,5935,0.0,0,267,10,285.0,10,2.2,10,6.5,10,1006.1,10,,,71,10,0.0,10,0,10,,,0.0,10,3.0,,,0,2.5,,,0,,,9.3,10,4.8,10,359,10
2008-02-22T04:00+00:00,5935,0.0,0,254,10,234.0,10,3.3,10,7.6,10,1006.4,10,,,71,10,0.0,10,0,10,,,0.0,10,3.0,,,0,2.5,,,0,,,9.6,10,6.3,10,437,10
2008-02-22T05:00+00:00,5935,0.0,0,259,10,262.0,10,3.5,10,9.0,10,1006.3,10,,,71,10,0.0,10,0,10,,,0.0,10,3.0,,,0,2.6,,,0,,,9.8,10,7.7,10,551,10
2008-02-22T06:00+00:00,5935,0.0,0,261,10,278.0,10,4.0,10,8.8,10,1006.3,10,,,75,10,0.0,10,33,10,,,0.0,10,3.1,,,0,2.6,,,0,,,9.4,10,7.0,10,611,10
2008-02-22T07:00+00:00,5935,16.0,0,267,10,285.0,10,3.9,10,11.0,10,1006.4,10,,,70,10,0.0,10,0,10,,,0.0,10,3.2,,,0,2.6,,,0,,,10.0,10,7.1,10,746,10
2008-02-22T08:00+00:00,5935,81.0,0,270,10,249.0,10,4.2,10,12.4,10,1006.8,10,,,67,10,0.0,10,0,10,,,0.0,10,3.3,,,0,2.6,,,0,,,10.6,10,8.5,10,801,10
2008-02-22T09:00+00:00,5935,119.0,0,268,10,255.0,10,2.8,10,9.9,10,1006.9,10,,,64,10,0.0,10,0,10,,,0.0,10,3.4,,,0,2.7,,,0,,,11.3,10,10.7,10,904,10
2008-02-22T10:00+00:00,5935,138.0,0,263,10,259.0,10,3.3,10,14.8,10,1006.5,10,,,62,10,0.0,10,0,10,,,0.0,10,3.6,,,0,2.7,,,0,,,12.0,10,12.1,10,1014,10
2008-02-22T11:00+00:00,5935,116.0,0,267,10,212.0,10,3.6,10,12.9,10,1006.4,10,,,62,10,0.0,10,0,10,,,0.0,10,3.7,,,0,2.8,,,0,,,12.3,10,12.2,10,1104,10
2008-02-22T12:00+00:00,5935,81.0,0,270,10,265.0,10,3.8,10,11.5,10,1005.5,10,,,59,10,0.0,10,0,10,,,0.0,10,3.9,,,0,2.8,,,0,,,12.8,10,12.2,10,1212,10
2008-02-22T13:00+00:00,5935,151.0,0,267,10,272.0,10,3.8,10,11.7,10,1005.0,10,,,54,10,0.0,10,0,10,,,0.0,10,4.0,,,0,2.9,,,0,,,14.1,10,12.9,10,1336,10
2008-02-22T14:00+00:00,5935,132.0,0,257,10,292.0,10,3.6,10,14.1,10,1004.8,10,,,51,10,0.0,10,0,10,,,0.0,10,4.2,,,0,3.0,,,0,,,14.7,10,14.7,10,1438,10
2008-02-22T15:00+00:00,5935,207.0,0,246,10,270.0,10,3.7,10,11.8,10,1004.7,10,,,49,10,0.0,10,0,10,,,0.8,10,4.4,,,0,3.1,,,0,,,15.6,10,14.7,10,1550,10
2008-02-22T16:00+00:00,5935,69.0,0,259,10,279.0,10,4.1,10,11.2,10,1004.9,10,,,50,10,0.0,10,0,10,,,0.4,10,4.6,,,0,3.1,,,0,,,14.5,10,12.6,10,1602,10
2008-02-22T17:00+00:00,5935,10.0,0,259,10,288.0,10,3.7,10,9.5,10,1004.7,10,,,51,10,0.0,10,0,10,,,0.0,10,4.6,,,0,3.2,,,0,,,13.8,10,10.4,10,1724,10
2008-02-22T18:00+00:00,5935,0.0,0,254,10,292.0,10,2.2,10,6.3,10,1004.4,10,,,51,10,0.0,10,0,10,,,0.0,10,4.6,,,0,3.3,,,0,,,13.5,10,8.8,10,1803,10
2008-02-22T19:00+00:00,5935,0.0,0,253,10,225.0,10,3.2,10,8.7,10,1004.3,10,,,50,10,0.0,10,0,10,,,0.0,10,4.6,,,0,3.4,,,0,,,13.8,10,9.9,10,1943,10
2008-02-22T20:00+00:00,5935,0.0,0,256,10,249.0,10,3.3,10,7.9,10,1004.4,10,,,49,10,0.0,10,0,10,,,0.0,10,4.6,,,0,3.4,,,0,,,13.8,10,9.9,10,2015,10
2008-02-22T21:00+00:00,5935,0.0,0,253,10,240.0,10,3.7,10,9.4,10,1004.3,10,,,51,10,0.0,10,0,10,,,0.0,10,4.6,,,0,3.5,,,0,,,13.3,10,10.0,10,2112,10
2008-02-22T22:00+00:00,5935,0.0,0,260,10,273.0,10,4.2,10,13.1,10,1003.6,10,,,52,10,0.0,10,0,10,,,0.0,10,4.6,,,0,3.5,,,0,,,13.5,10,9.8,10,2258,10
2008-02-22T23:00+00:00,5935,0.0,0,271,10,273.0,10,6.2,10,14.6,10,1003.5,10,,,53,10,0.0,10,0,10,,,0.0,10,4.6,,,0,3.6,,,0,,,13.4,10,11.7,10,2310,10
2008-02-23T00:00+00:00,5935,0.0,0,273,10,259.0,10,6.3,10,14.7,10,1004.0,10,,,58,10,0.0,10,8,10,,,0.0,10,4.6,,,0,3.6,,,0,,,12.3,10,9.2,10,26,10
2008-02-23T01:00+00:00,5935,0.0,0,270,10,297.0,10,5.7,10,14.7,10,1003.4,10,,,65,10,0.3,10,32,10,,,0.0,10,4.7,,,0,3.6,,,0,,,11.5,10,8.3,10,136,10
2008-02-23T02:00+00:00,5935,0.0,0,270,10,276.0,10,6.5,10,15.8,10,1002.8,10,,,67,10,0.2,10,30,10,,,0.0,10,4.7,,,0,3.7,,,0,,,11.3,10,8.2,10,246,10
2008-02-23T03:00+00:00,5935,0.0,0,263,10,278.0,10,6.5,10,16.4,10,1003.2,10,,,62,10,0.0,10,3,10,,,0.0,10,4.7,,,0,3.7,,,0,,,12.0,10,8.2,10,318,10
2008-02-23T04:00+00:00,5935,0.0,0,280,10,275.0,10,5.0,10,15.9,10,1004.6,10,,,63,10,0.0,10,0,10,,,0.0,10,4.8,,,0,3.7,,,0,,,11.5,10,8.2,10,500,10
2008-02-23T05:00+00:00,5935,0.0,0,267,10,277.0,10,3.3,10,8.5,10,1004.9,10,,,64,10,0.0,10,0,10,,,0.0,10,4.8,,,0,3.8,,,0,,,11.5,10,8.1,10,542,10
2008-02-23T06:00+00:00,5935,1.0,0,264,10,263.0,10,3.7,10,10.7,10,1005.4,10,,,65,10,0.0,10,0,10,,,0.0,10,4.8,,,0,3.8,,,0,,,11.0,10,7.8,10,617,10
2008-02-23T07:00+00:00,5935,13.0,0,266,10,277.0,10,3.7,10,11.3,10,1006.0,10,,,62,10,0.0,10,0,10,,,0.0,10,4.8,,,0,3.8,,,0,,,11.7,10,7.2,10,752,10
2008-02-23T08:00+00:00,5935,65.0,0,276,10,268.0,10,4.6,10,12.5,10,1006.4,10,,,61,10,0.0,10,0,10,,,0.1,10,4.8,,,0,3.9,,,0,,,12.2,10,10.2,10,853,10
2008-02-23T09:00+00:00,5935,124.0,0,272,10,281.0,10,4.6,10,11.9,10,1006.8,10,,,60,10,0.0,10,0,10,,,0.1,10,4.8,,,0,3.9,,,0,,,12.5,10,11.6,10,912,10
2008-02-23T10:00+00:00,5935,398.0,0,272,10,286.0,10,5.6,10,13.5,10,1006.8,10,,,57,10,0.0,10,0,10,,,0.9,10,5.0,,,0,3.9,,,0,,,13.8,10,14.1,10,1050,10
2008-02-23T11:00+00:00,5935,494.0,0,281,10,275.0,10,6.4,10,15.4,10,1006.8,10,,,52,10,0.0,10,0,10,,,1.0,10,5.1,,,0,4.0,,,0,,,14.3,10,18.1,10,1130,10
2008-02-23T12:00+00:00,5935,510.0,0,282,10,297.0,10,6.2,10,15.3,10,1006.5,10,,,50,10,0.0,10,0,10,,,1.0,10,5.4,,,0,4.0,,,0,,,14.8,10,16.2,10,1212,10
2008-02-23T13:00+00:00,5935,442.0,0,280,10,273.0,10,5.4,10,14.7,10,1006.7,10,,,48,10,0.0,10,0,10,,,0.9,10,5.7,,,0,4.1,,,0,,,15.1,10,16.1,10,1306,10
2008-02-23T14:00+00:00,5935,308.0,0,286,10,286.0,10,5.2,10,12.9,10,1006.8,10,,,47,10,0.0,10,0,10,,,0.8,10,5.9,,,0,4.1,,,0,,,14.7,10,15.3,10,1407,10
2008-02-23T15:00+00:00,5935,195.0,0,288,10,313.0,10,5.1,10,12.8,10,1007.1,10,,,48,10,0.0,10,0,10,,,0.9,10,6.0,,,0,4.2,,,0,,,14.2,10,14.2,10,1509,10
2008-02-23T16:00+00:00,5935,80.0,0,285,10,273.0,10,4.4,10,10.6,10,1007.4,10,,,49,10,0.0,10,0,10,,,0.7,10,6.1,,,0,4.3,,,0,,,13.1,10,11.2,10,1608,10
2008-02-23T17:00+00:00,5935,12.0,0,284,10,284.0,10,3.5,10,9.0,10,1007.9,10,,,51,10,0.0,10,0,10,,,0.0,10,6.0,,,0,4.4,,,0,,,12.1,10,8.7,10,1702,10
2008-02-23T18:00+00:00,5935,0.0,0,282,10,255.0,10,2.3,10,6.4,10,1008.5,10,,,54,10,0.0,10,0,10,,,0.0,10,5.9,,,0,4.5,,,0,,,11.1,10,6.1,10,1807,10
2008-02-23T19:00+00:00,5935,0.0,0,315,10,264.0,10,0.9,10,4.1,10,1009.1,10,,,58,10,0.0,10,0,10,,,0.0,10,5.8,,,0,4.6,,,0,,,9.4,10,4.0,10,1901,10
2008-02-23T20:00+00:00,5935,0.0,0,308,10,292.0,10,1.0,10,3.2,10,1009.4,10,,,62,10,0.0,10,0,10,,,0.0,10,5.6,,,0,4.6,,,0,,,9.0,10,3.8,10,2044,10
2008-02-23T21:00+00:00,5935,0.0,0,277,10,254.0,10,0.7,10,2.7,10,1009.6,10,,,66,10,0.0,10,0,10,,,0.0,10,5.4,,,0,4.6,,,0,,,8.3,10,3.2,10,2159,10
2008-02-23T22:00+00:00,5935,0.0,0,241,10,246.0,10,1.8,10,3.9,10,1009.8,10,,,66,10,0.0,10,0,10,,,0.0,10,5.3,,,0,4.6,,,0,,,8.9,10,3.4,10,2214,10
2008-02-23T23:00+00:00,5935,0.0,0,253,10,268.0,10,1.7,10,3.9,10,1009.3,10,,,68,10,0.0,10,0,10,,,0.0,10,5.2,,,0,4.6,,,0,,,8.8,10,2.3,10,2339,10
2008-02-24T00:00+00:00,5935,0.0,0,285,10,264.0,10,2.1,10,4.4,10,1009.2,10,,,67,10,0.0,10,0,10,,,0.0,10,5.1,,,0,4.6,,,0,,,9.6,10,4.7,10,23,10
2008-02-24T01:00+00:00,5935,0.0,0,64,10,86.0,10,0.6,10,2.0,10,1009.4,10,,,68,10,0.0,10,0,10,,,0.0,10,5.0,,,0,4.5,,,0,,,9.1,10,6.7,10,124,10
2008-02-24T02:00+00:00,5935,0.0,0,81,10,55.0,10,0.9,10,2.9,10,1008.9,10,,,71,10,0.0,10,0,10,,,0.0,10,5.0,,,0,4.5,,,0,,,8.2,10,6.0,10,237,10
2008-02-24T03:00+00:00,5935,0.0,0,0,10,133.0,10,0.0,10,1.1,10,1008.5,10,,,76,10,0.0,10,0,10,,,0.0,10,4.9,,,0,4.5,,,0,,,7.1,10,4.8,10,307,10
2008-02-24T04:00+00:00,5935,0.0,0,74,10,87.0,10,0.7,10,3.0,10,1008.4,10,,,78,10,0.0,10,0,10,,,0.0,10,4.9,,,0,4.5,,,0,,,6.8,10,3.2,10,450,10
2008-02-24T05:00+00:00,5935,0.0,0,109,10,170.0,10,0.7,10,3.1,10,1008.3,10,,,83,10,0.0,10,0,10,,,0.0,10,4.8,,,0,4.4,,,0,,,5.2,10,0.7,10,508,10
2008-02-24T06:00+00:00,5935,1.0,0,67,10,104.0,10,0.5,10,1.5,10,1008.5,10,,,89,10,0.0,10,0,10,,,0.0,10,4.6,,,0,4.4,,,0,,,3.6,10,-0.7,10,659,10
2008-02-24T07:00+00:00,5935,55.0,0,187,10,188.0,10,0.1,10,1.8,10,1008.4,10,,,86,10,0.0,10,0,10,,,0.5,10,4.5,,,0,4.4,,,0,,,4.9,10,-0.2,10,720,10
2008-02-24T08:00+00:00,5935,208.0,0,72,10,79.0,10,0.2,10,1.6,10,1008.2,10,,,70,10,0.0,10,0,10,,,1.0,10,4.4,,,0,4.4,,,0,,,9.1,10,1.8,10,850,10
2008-02-24T09:00+00:00,5935,343.0,0,85,10,77.0,10,1.2,10,3.1,10,1008.0,10,,,67,10,0.0,10,0,10,,,1.0,10,4.4,,,0,4.3,,,0,,,10.2,10,13.8,10,938,10
2008-02-24T10:00+00:00,5935,453.0,0,125,10,168.0,10,1.1,10,3.7,10,1007.5,10,,,60,10,0.0,10,0,10,,,1.0,10,4.5,,,0,4.3,,,0,,,12.5,10,17.4,10,1015,10
2008-02-24T11:00+00:00,5935,517.0,0,137,10,118.0,10,1.0,10,4.5,10,1006.8,10,,,54,10,0.0,10,0,10,,,1.0,10,4.7,,,0,4.3,,,0,,,14.3,10,20.2,10,1159,10
2008-02-24T12:00+00:00,5935,531.0,0,106,10,104.0,10,1.9,10,5.0,10,1005.7,10,,,50,10,0.0,10,0,10,,,1.0,10,5.1,,,0,4.3,,,0,,,15.7,10,17.1,10,1241,10
2008-02-24T13:00+00:00,5935,489.0,0,149,10,113.0,10,1.6,10,4.4,10,1004.6,10,,,46,10,0.0,10,0,10,,,1.0,10,5.5,,,0,4.3,,,0,,,17.3,10,16.9,10,1343,10
2008-02-24T14:00+00:00,5935,390.0,0,142,10,158.0,10,1.8,10,5.3,10,1004.1,10,,,44,10,0.0,10,0,10,,,1.0,10,5.9,,,0,4.4,,,0,,,18.2,10,19.8,10,1423,10
2008-02-24T15:00+00:00,5935,252.0,0,133,10,130.0,10,2.0,10,5.2,10,1003.4,10,,,45,10,0.0,10,0,10,,,1.0,10,6.1,,,0,4.5,,,0,,,17.6,10,17.7,10,1514,10
2008-02-24T16:00+00:00,5935,115.0,0,125,10,102.0,10,1.8,10,5.0,10,1003.0,10,,,47,10,0.0,10,0,10,,,1.0,10,6.3,,,0,4.6,,,0,,,16.4,10,13.4,10,1609,10
2008-02-24T17:00+00:00,5935,14.0,0,107,10,114.0,10,1.0,10,3.1,10,1002.8,10,,,51,10,0.0,10,0,10,,,0.3,10,6.3,,,0,4.7,,,0,,,14.3,10,7.4,10,1712,10
2008-02-24T18:00+00:00,5935,0.0,0,99,10,117.0,10,0.7,10,1.5,10,1002.7,10,,,63,10,0.0,10,0,10,,,0.0,10,6.3,,,0,5.8,,,0,,,11.0,10,3.8,10,1831,10
2008-02-24T19:00+00:00,5935,0.0,0,110,10,100.0,10,0.1,10,1.6,10,1002.4,10,,,71,10,0.0,10,0,10,,,0.0,10,6.8,,,0,5.4,,,0,,,9.5,10,2.7,10,1952,10
2008-02-24T20:00+00:00,5935,0.0,0,56,10,67.0,10,0.1,10,1.3,10,1002.2,10,,,80,10,0.0,10,0,10,,,0.0,10,6.6,,,0,5.3,,,0,,,7.2,10,2.2,10,2053,10
2008-02-24T21:00+00:00,5935,0.0,0,77,10,79.0,10,0.3,10,1.8,10,1001.8,10,,,85,10,0.0,10,0,10,,,0.0,10,6.4,,,0,5.3,,,0,,,6.1,10,1.2,10,2125,10
2008-02-24T22:00+00:00,5935,0.0,0,9,10,6.0,10,0.6,10,2.1,10,1001.9,10,,,85,10,0.0,10,0,10,,,0.0,10,6.1,,,0,5.3,,,0,,,6.1,10,0.7,10,2249,10
2008-02-24T23:00+00:00,5935,0.0,0,350,10,325.0,10,0.2,10,2.0,10,1001.8,10,,,88,10,0.0,10,0,10,,,0.0,10,5.9,,,0,5.2,,,0,,,5.0,10,0.6,10,2344,10
2008-02-25T00:00+00:00,5935,0.0,0,13,10,21.0,10,0.3,10,1.4,10,1001.7,10,,,90,10,0.0,10,0,10,,,0.0,10,5.6,,,0,5.2,,,0,,,4.1,10,0.0,10,15,10
2008-02-25T01:00+00:00,5935,0.0,0,0,10,,10,0.0,10,0.1,10,1001.7,10,,,92,10,0.0,10,0,10,,,0.0,10,5.4,,,0,5.1,,,0,,,3.2,10,-0.9,10,155,10
2008-02-25T02:00+00:00,5935,0.0,0,0,10,,10,0.0,10,0.1,10,1001.4,10,,,92,10,0.0,10,0,10,,,0.0,10,5.2,,,0,5.1,,,0,,,3.0,10,-1.3,10,255,10
2008-02-25T03:00+00:00,5935,0.0,0,0,10,,10,0.0,10,0.1,10,1001.4,10,,,93,10,0.0,10,0,10,,,0.0,10,5.0,,,0,5.0,,,0,,,2.3,10,-1.3,10,355,10
2008-02-25T04:00+00:00,5935,0.0,0,0,10,,10,0.0,10,0.1,10,1001.4,10,,,93,10,0.0,10,0,10,,,0.0,10,4.9,,,0,5.0,,,0,,,1.9,10,-1.7,10,455,10
2008-02-25T05:00+00:00,5935,0.0,0,0,10,313.0,10,0.0,10,0.3,10,1001.4,10,,,93,10,0.0,10,0,10,,,0.0,10,4.7,,,0,4.9,,,0,,,2.0,10,-1.9,10,531,10
2008-02-25T06:00+00:00,5935,2.0,0,87,10,111.0,10,0.1,10,1.6,10,1001.5,10,,,92,10,0.0,10,0,10,,,0.0,10,4.5,,,0,4.8,,,0,,,2.3,10,-1.7,10,635,10
2008-02-25T07:00+00:00,5935,55.0,0,40,10,32.0,10,0.2,10,1.4,10,1002.0,10,,,90,10,0.0,10,0,10,,,0.6,10,4.4,,,0,4.8,,,0,,,4.0,10,-0.5,10,730,10
2008-02-25T08:00+00:00,5935,203.0,0,79,10,65.0,10,1.0,10,3.3,10,1002.4,10,,,73,10,0.0,10,0,10,,,1.0,10,4.3,,,0,4.7,,,0,,,8.1,10,0.8,10,857,10
2008-02-25T09:00+00:00,5935,351.0,0,312,10,279.0,10,0.8,10,8.2,10,1002.4,10,,,44,10,0.0,10,0,10,,,1.0,10,4.3,,,0,4.6,,,0,,,15.7,10,10.6,10,951,10
2008-02-25T10:00+00:00,5935,466.0,0,285,10,289.0,10,3.8,10,8.7,10,1002.4,10,,,40,10,0.0,10,0,10,,,1.0,10,4.5,,,0,4.6,,,0,,,17.3,10,19.5,10,1032,10
2008-02-25T11:00+00:00,5935,508.0,0,282,10,313.0,10,3.2,10,7.9,10,1002.4,10,,,39,10,0.0,10,0,10,,,1.0,10,4.8,,,0,4.5,,,0,,,17.4,10,20.6,10,1135,10
2008-02-25T12:00+00:00,5935,411.0,0,272,10,285.0,10,4.1,10,12.5,10,1001.9,10,,,41,10,0.0,10,0,10,,,0.8,10,5.2,,,0,4.5,,,0,,,17.3,10,17.8,10,1246,10
2008-02-25T13:00+00:00,5935,296.0,0,263,10,262.0,10,4.4,10,12.4,10,1001.7,10,,,41,10,0.0,10,0,10,,,0.3,10,5.6,,,0,4.6,,,0,,,18.1,10,18.0,10,1312,10
2008-02-25T14:00+00:00,5935,285.0,0,265,10,289.0,10,3.8,10,9.1,10,1001.8,10,,,41,10,0.0,10,0,10,,,0.5,10,5.9,,,0,4.6,,,0,,,18.2,10,18.7,10,1432,10
2008-02-25T15:00+00:00,5935,179.0,0,283,10,307.0,10,4.1,10,10.5,10,1002.4,10,,,41,10,0.0,10,0,10,,,0.4,10,6.2,,,0,4.7,,,0,,,17.7,10,17.0,10,1542,10
2008-02-25T16:00+00:00,5935,81.0,0,305,10,294.0,10,3.4,10,9.7,10,1003.2,10,,,48,10,0.0,10,0,10,,,0.2,10,6.3,,,0,4.9,,,0,,,15.6,10,14.1,10,1616,10
2008-02-25T17:00+00:00,5935,8.0,0,343,10,321.0,10,2.8,10,6.7,10,1003.8,10,,,52,10,0.0,10,0,10,,,0.0,10,6.4,,,0,5.0,,,0,,,13.6,10,11.3,10,1740,10
2008-02-25T18:00+00:00,5935,0.0,0,331,10,338.0,10,1.3,10,4.7,10,1004.3,10,,,58,10,0.0,10,0,10,,,0.0,10,6.4,,,0,5.0,,,0,,,11.8,10,6.5,10,1803,10
2008-02-25T19:00+00:00,5935,0.0,0,248,10,296.0,10,0.4,10,1.5,10,1004.2,10,,,69,10,0.0,10,0,10,,,0.0,10,6.3,,,0,5.1,,,0,,,9.7,10,3.6,10,2000,10
2008-02-25T20:00+00:00,5935,0.0,0,239,10,304.0,10,0.1,10,1.2,10,1004.3,10,,,75,10,0.0,10,0,10,,,0.0,10,6.2,,,0,5.2,,,0,,,8.5,10,3.0,10,2027,10
2008-02-25T21:00+00:00,5935,0.0,0,0,10,306.0,10,0.0,10,1.1,10,1004.2,10,,,82,10,0.0,10,0,10,,,0.0,10,6.0,,,0,5.2,,,0,,,7.1,10,2.0,10,2101,10
2008-02-25T22:00+00:00,5935,0.0,0,0,10,282.0,10,0.0,10,0.3,10,1004.2,10,,,85,10,0.0,10,0,10,,,0.0,10,5.8,,,0,5.2,,,0,,,6.1,10,1.4,10,2246,10
2008-02-25T23:00+00:00,5935,0.0,0,0,10,,10,0.0,10,0.1,10,1003.8,10,,,89,10,0.0,10,0,10,,,0.0,10,5.6,,,0,5.2,,,0,,,5.0,10,0.5,10,2355,10
2008-02-26T00:00+00:00,5935,0.0,0,0,10,,10,0.0,10,0.1,10,1003.7,10,,,89,10,0.0,10,0,10,,,0.0,10,5.5,,,0,5.2,,,0,,,4.5,10,0.1,10,55,10
2008-02-26T01:00+00:00,5935,0.0,0,0,10,166.0,10,0.0,10,1.6,10,1003.4,10,,,91,10,0.0,10,0,10,,,0.0,10,5.3,,,0,5.2,,,0,,,3.7,10,-0.3,10,119,10
2008-02-26T02:00+00:00,5935,0.0,0,0,10,,10,0.0,10,0.1,10,1002.8,10,,,92,10,0.0,10,0,10,,,0.0,10,5.1,,,0,5.1,,,0,,,3.4,10,-0.5,10,255,10
2008-02-26T03:00+00:00,5935,0.0,0,21,10,25.0,10,0.5,10,1.4,10,1002.6,10,,,92,10,0.0,10,0,10,,,0.0,10,5.0,,,0,5.1,,,0,,,3.0,10,-0.7,10,338,10
2008-02-26T04:00+00:00,5935,0.0,0,22,10,334.0,10,0.1,10,0.9,10,1002.3,10,,,93,10,0.0,10,0,10,,,0.0,10,4.8,,,0,5.0,,,0,,,2.5,10,-1.2,10,446,10
2008-02-26T05:00+00:00,5935,0.0,0,74,10,87.0,10,0.2,10,1.6,10,1002.0,10,,,93,10,0.0,10,0,10,,,0.0,10,4.7,,,0,5.0,,,0,,,2.0,10,-1.4,10,521,10
2008-02-26T06:00+00:00,5935,2.0,0,0,10,48.0,10,0.0,10,0.9,10,1001.7,10,,,94,10,0.0,10,0,10,,,0.0,10,4.6,,,0,4.9,,,0,,,1.6,10,-1.4,10,601,10
2008-02-26T07:00+00:00,5935,56.0,0,0,10,,10,0.0,10,0.1,10,1001.5,10,,,92,10,0.0,10,0,10,,,0.6,10,4.4,,,0,4.9,,,0,,,3.1,10,-1.1,10,755,10
2008-02-26T08:00+00:00,5935,196.0,0,104,10,99.0,10,0.4,10,1.6,10,1001.4,10,,,78,10,0.0,10,0,10,,,1.0,10,4.4,,,0,4.8,,,0,,,7.1,10,1.4,10,847,10
2008-02-26T09:00+00:00,5935,340.0,0,150,10,181.0,10,0.9,10,3.3,10,1001.0,10,,,68,10,0.0,10,0,10,,,1.0,10,4.4,,,0,4.7,,,0,,,9.9,10,10.4,10,949,10
2008-02-26T10:00+00:00,5935,444.0,0,182,10,158.0,10,1.9,10,4.7,10,1000.3,10,,,61,10,0.0,10,0,10,,,1.0,10,4.5,,,0,4.7,,,0,,,11.8,10,15.8,10,1041,10
2008-02-26T11:00+00:00,5935,506.0,0,171,10,188.0,10,1.8,10,4.2,10,999.4,10,,,56,10,0.0,10,0,10,,,1.0,10,4.7,,,0,4.7,,,0,,,14.1,10,18.3,10,1105,10
2008-02-26T12:00+00:00,5935,515.0,0,170,10,180.0,10,1.2,10,4.2,10,998.4,10,,,50,10,0.0,10,0,10,,,1.0,10,5.1,,,0,4.7,,,0,,,15.8,10,17.6,10,1228,10
2008-02-26T13:00+00:00,5935,482.0,0,166,10,175.0,10,1.4,10,4.5,10,997.4,10,,,47,10,0.0,10,0,10,,,1.0,10,5.6,,,0,4.7,,,0,,,16.8,10,17.2,10,1336,10
2008-02-26T14:00+00:00,5935,383.0,0,167,10,159.0,10,1.7,10,4.8,10,996.6,10,,,46,10,0.0,10,0,10,,,1.0,10,6.0,,,0,4.8,,,0,,,17.0,10,19.2,10,1453,10
2008-02-26T15:00+00:00,5935,254.0,0,163,10,147.0,10,1.9,10,4.8,10,996.1,10,,,46,10,0.0,10,0,10,,,1.0,10,6.3,,,0,4.9,,,0,,,16.5,10,17.0,10,1543,10
2008-02-26T16:00+00:00,5935,113.0,0,151,10,120.0,10,2.3,10,5.3,10,995.4,10,,,47,10,0.0,10,0,10,,,1.0,10,6.4,,,0,5.0,,,0,,,15.4,10,13.1,10,1623,10
2008-02-26T17:00+00:00,5935,16.0,0,167,10,161.0,10,2.4,10,5.3,10,995.2,10,,,50,10,0.0,10,0,10,,,0.2,10,6.5,,,0,5.1,,,0,,,13.9,10,10.0,10,1710,10
2008-02-26T18:00+00:00,5935,0.0,0,189,10,165.0,10,1.5,10,3.0,10,995.2,10,,,53,10,0.0,10,0,10,,,0.0,10,6.4,,,0,5.2,,,0,,,13.2,10,7.4,10,1801,10
2008-02-26T19:00+00:00,5935,0.0,0,220,10,200.0,10,0.1,10,2.0,10,995.0,10,,,66,10,0.0,10,0,10,,,0.0,10,6.3,,,0,5.3,,,0,,,9.7,10,3.6,10,1902,10
2008-02-26T20:00+00:00,5935,0.0,0,170,10,184.0,10,0.5,10,3.1,10,994.7,10,,,71,10,0.0,10,0,10,,,0.0,10,6.2,,,0,5.3,,,0,,,8.6,10,2.6,10,2002,10
2008-02-26T21:00+00:00,5935,0.0,0,24,10,78.0,10,0.2,10,1.1,10,994.6,10,,,80,10,0.0,10,0,10,,,0.0,10,6.0,,,0,5.4,,,0,,,6.5,10,1.9,10,2136,10
2008-02-26T22:00+00:00,5935,0.0,0,0,10,,10,0.0,10,0.1,10,994.4,10,,,84,10,0.0,10,0,10,,,0.0,10,5.8,,,0,5.4,,,0,,,5.7,10,1.5,10,2255,10
2008-02-26T23:00+00:00,5935,0.0,0,0,10,,10,0.0,10,0.1,10,994.0,10,,,87,10,0.0,10,0,10,,,0.0,10,5.7,,,0,5.4,,,0,,,5.0,10,0.7,10,2355,10
2008-02-27T00:00+00:00,5935,0.0,0,333,10,311.0,10,0.1,10,1.5,10,993.9,10,,,89,10,0.0,10,0,10,,,0.0,10,5.5,,,0,5.4,,,0,,,4.6,10,0.6,10,48,10
2008-02-27T01:00+00:00,5935,0.0,0,322,10,346.0,10,0.2,10,1.8,10,993.9,10,,,90,10,0.0,10,0,10,,,0.0,10,5.4,,,0,5.3,,,0,,,4.2,10,0.6,10,104,10
2008-02-27T02:00+00:00,5935,0.0,0,205,10,162.0,10,0.2,10,2.0,10,993.4,10,,,90,10,0.0,10,0,10,,,0.0,10,5.2,,,0,5.3,,,0,,,4.2,10,0.6,10,253,10
2008-02-27T03:00+00:00,5935,0.0,0,31,10,304.0,10,0.3,10,1.9,10,993.0,10,,,90,10,0.0,10,0,10,,,0.0,10,5.1,,,0,5.2,,,0,,,3.7,10,0.9,10,329,10
2008-02-27T04:00+00:00,5935,0.0,0,243,10,241.0,10,1.0,10,6.3,10,993.2,10,,,67,10,0.0,10,0,10,,,0.0,10,5.0,,,0,5.2,,,0,,,10.8,10,1.0,10,452,10
2008-02-27T05:00+00:00,5935,0.0,0,256,10,268.0,10,3.5,10,9.8,10,993.9,10,,,73,10,0.0,10,13,10,,,0.0,10,5.0,,,0,5.1,,,0,,,11.4,10,6.9,10,543,10
2008-02-27T06:00+00:00,5935,1.0,0,259,10,260.0,10,3.4,10,8.9,10,993.8,10,,,78,10,0.1,10,12,10,,,0.0,10,5.1,,,0,5.1,,,0,,,11.2,10,8.3,10,614,10
2008-02-27T07:00+00:00,5935,27.0,0,257,10,237.0,10,4.1,10,10.3,10,994.3,10,,,77,10,0.0,10,0,10,,,0.0,10,5.1,,,0,5.1,,,0,,,11.5,10,8.4,10,734,10
2008-02-27T08:00+00:00,5935,97.0,0,259,10,244.0,10,4.4,10,11.0,10,994.8,10,,,73,10,0.0,10,0,10,,,0.0,10,5.2,,,0,5.1,,,0,,,12.3,10,9.6,10,832,10
2008-02-27T09:00+00:00,5935,217.0,0,261,10,256.0,10,4.2,10,10.6,10,995.1,10,,,68,10,0.0,10,0,10,,,0.4,10,5.4,,,0,5.0,,,0,,,13.3,10,12.0,10,917,10
2008-02-27T10:00+00:00,5935,420.0,0,265,10,256.0,10,4.3,10,9.9,10,995.0,10,,,59,10,0.0,10,0,10,,,0.8,10,5.6,,,0,5.1,,,0,,,15.2,10,15.0,10,1019,10
2008-02-27T11:00+00:00,5935,537.0,0,260,10,246.0,10,5.4,10,14.9,10,995.7,10,,,57,10,0.0,10,0,10,,,1.0,10,5.8,,,0,5.1,,,0,,,14.4,10,18.7,10,1135,10
2008-02-27T12:00+00:00,5935,501.0,0,260,10,256.0,10,6.7,10,17.1,10,995.9,10,,,53,10,0.0,10,0,10,,,0.9,10,6.2,,,0,5.1,,,0,,,13.6,10,14.9,10,1258,10
2008-02-27T13:00+00:00,5935,418.0,0,259,10,284.0,10,6.8,10,15.8,10,995.8,10,,,49,10,0.0,10,0,10,,,1.0,10,6.5,,,0,5.2,,,0,,,13.8,10,13.2,10,1331,10
2008-02-27T14:00+00:00,5935,255.0,0,256,10,277.0,10,5.7,10,12.5,10,996.4,10,,,49,10,0.0,10,0,10,,,0.6,10,6.7,,,0,5.3,,,0,,,12.7,10,11.4,10,1459,10
2008-02-27T15:00+00:00,5935,265.0,0,266,10,271.0,10,5.7,10,13.4,10,996.9,10,,,48,10,0.0,10,0,10,,,1.0,10,6.8,,,0,5.4,,,0,,,12.7,10,13.4,10,1525,10
2008-02-27T16:00+00:00,5935,139.0,0,264,10,279.0,10,4.7,10,12.6,10,997.6,10,,,49,10,0.0,10,0,10,,,1.0,10,6.8,,,0,5.5,,,0,,,11.6,10,9.7,10,1606,10
2008-02-27T17:00+00:00,5935,20.0,0,270,10,273.0,10,3.9,10,10.2,10,998.8,10,,,55,10,0.0,10,0,10,,,0.4,10,6.7,,,0,5.6,,,0,,,10.2,10,7.2,10,1722,10
2008-02-27T18:00+00:00,5935,0.0,0,274,10,263.0,10,3.3,10,8.4,10,999.8,10,,,58,10,0.0,10,0,10,,,0.0,10,6.6,,,0,5.6,,,0,,,9.3,10,6.0,10,1828,10
2008-02-27T19:00+00:00,5935,0.0,0,287,10,295.0,10,2.7,10,7.5,10,1000.5,10,,,59,10,0.0,10,0,10,,,0.0,10,6.5,,,0,5.7,,,0,,,8.8,10,5.0,10,1922,10
2008-02-27T20:00+00:00,5935,0.0,0,287,10,315.0,10,2.7,10,6.8,10,1001.5,10,,,57,10,0.0,10,0,10,,,0.0,10,6.3,,,0,5.7,,,0,,,8.4,10,4.5,10,2024,10
2008-02-27T21:00+00:00,5935,0.0,0,283,10,309.0,10,3.0,10,7.5,10,1001.9,10,,,54,10,0.0,10,0,10,,,0.0,10,6.2,,,0,5.7,,,0,,,8.4,10,5.0,10,2138,10
2008-02-27T22:00+00:00,5935,0.0,0,270,10,262.0,10,2.8,10,7.6,10,1002.4,10,,,54,10,0.0,10,0,10,,,0.0,10,6.0,,,0,5.7,,,0,,,8.0,10,4.4,10,2241,10
2008-02-27T23:00+00:00,5935,0.0,0,282,10,284.0,10,2.1,10,5.1,10,1002.5,10,,,54,10,0.0,10,0,10,,,0.0,10,5.9,,,0,5.7,,,0,,,8.0,10,4.1,10,2307,10
2008-02-28T00:00+00:00,5935,0.0,0,311,10,292.0,10,1.6,10,4.0,10,1002.6,10,,,57,10,0.0,10,0,10,,,0.0,10,5.8,,,0,5.6,,,0,,,7.4,10,4.1,10,6,10
2008-02-28T01:00+00:00,5935,0.0,0,295,10,321.0,10,1.8,10,4.2,10,1002.8,10,,,60,10,0.0,10,0,10,,,0.0,10,5.7,,,0,5.6,,,0,,,7.2,10,4.8,10,107,10
2008-02-28T02:00+00:00,5935,0.0,0,284,10,280.0,10,1.7,10,4.7,10,1002.9,10,,,59,10,0.0,10,0,10,,,0.0,10,5.7,,,0,5.6,,,0,,,7.4,10,4.8,10,225,10
2008-02-28T03:00+00:00,5935,0.0,0,285,10,287.0,10,1.9,10,6.5,10,1003.0,10,,,59,10,0.0,10,0,10,,,0.0,10,5.6,,,0,5.5,,,0,,,7.8,10,4.9,10,351,10
2008-02-28T04:00+00:00,5935,0.0,0,285,10,285.0,10,2.2,10,6.1,10,1003.6,10,,,60,10,0.0,10,0,10,,,0.0,10,5.5,,,0,5.5,,,0,,,7.5,10,5.6,10,413,10
2008-02-28T05:00+00:00,5935,0.0,0,300,10,286.0,10,1.1,10,3.9,10,1003.8,10,,,62,10,0.0,10,0,10,,,0.0,10,5.5,,,0,5.5,,,0,,,6.8,10,3.7,10,515,10
2008-02-28T06:00+00:00,5935,2.0,0,294,10,290.0,10,1.0,10,3.8,10,1004.5,10,,,63,10,0.0,10,0,10,,,0.0,10,5.4,,,0,5.4,,,0,,,6.8,10,3.9,10,602,10
2008-02-28T07:00+00:00,5935,45.0,0,295,10,315.0,10,1.5,10,4.8,10,1005.2,10,,,59,10,0.0,10,0,10,,,0.0,10,5.4,,,0,5.4,,,0,,,7.7,10,4.6,10,736,10
2008-02-28T08:00+00:00,5935,153.0,0,312,10,312.0,10,1.8,10,5.1,10,1005.7,10,,,57,10,0.0,10,0,10,,,0.4,10,5.4,,,0,5.4,,,0,,,8.6,10,7.1,10,832,10
2008-02-28T09:00+00:00,5935,372.0,0,299,10,296.0,10,3.2,10,7.5,10,1005.9,10,,,50,10,0.0,10,0,10,,,1.0,10,5.4,,,0,5.4,,,0,,,10.7,10,12.0,10,946,10
2008-02-28T10:00+00:00,5935,444.0,0,291,10,314.0,10,3.4,10,8.5,10,1005.7,10,,,47,10,0.0,10,0,10,,,0.9,10,5.4,,,0,5.3,,,0,,,11.1,10,14.3,10,1027,10
2008-02-28T11:00+00:00,5935,511.0,0,312,10,281.0,10,3.1,10,7.7,10,1005.3,10,,,45,10,0.0,10,0,10,,,1.0,10,5.6,,,0,5.3,,,0,,,11.7,10,15.6,10,1116,10
2008-02-28T12:00+00:00,5935,548.0,0,295,10,280.0,10,3.2,10,8.8,10,1004.5,10,,,46,10,0.0,10,0,10,,,1.0,10,5.8,,,0,5.3,,,0,,,11.9,10,13.1,10,1239,10
2008-02-28T13:00+00:00,5935,478.0,0,286,10,229.0,10,2.9,10,7.2,10,1003.7,10,,,45,10,0.0,10,0,10,,,1.0,10,6.1,,,0,5.4,,,0,,,12.7,10,13.1,10,1305,10
2008-02-28T14:00+00:00,5935,393.0,0,304,10,296.0,10,2.6,10,6.9,10,1003.2,10,,,45,10,0.0,10,0,10,,,1.0,10,6.3,,,0,5.4,,,0,,,13.1,10,16.3,10,1440,10
2008-02-28T15:00+00:00,5935,277.0,0,305,10,284.0,10,2.9,10,7.9,10,1003.0,10,,,45,10,0.0,10,0,10,,,1.0,10,6.5,,,0,5.5,,,0,,,13.2,10,14.6,10,1511,10
2008-02-28T16:00+00:00,5935,121.0,0,335,10,311.0,10,1.0,10,4.4,10,1003.0,10,,,46,10,0.0,10,0,10,,,0.8,10,6.6,,,0,5.6,,,0,,,12.3,10,9.0,10,1601,10
2008-02-28T17:00+00:00,5935,17.0,0,24,10,68.0,10,0.2,10,1.6,10,1003.2,10,,,52,10,0.0,10,0,10,,,0.2,10,6.5,,,0,5.6,,,0,,,9.4,10,3.0,10,1711,10
2008-02-28T18:00+00:00,5935,0.0,0,105,10,150.0,10,0.5,10,2.5,10,1003.4,10,,,55,10,0.0,10,0,10,,,0.0,10,6.4,,,0,5.7,,,0,,,8.7,10,2.5,10,1821,10
2008-02-28T19:00+00:00,5935,0.0,0,18,10,28.0,10,0.6,10,1.5,10,1003.8,10,,,60,10,0.0,10,0,10,,,0.0,10,6.3,,,0,5.7,,,0,,,6.2,10,1.8,10,1903,10
2008-02-28T20:00+00:00,5935,0.0,0,340,10,319.0,10,0.5,10,1.5,10,1004.0,10,,,63,10,0.0,10,0,10,,,0.0,10,6.1,,,0,5.7,,,0,,,5.2,10,0.4,10,2018,10
2008-02-28T21:00+00:00,5935,0.0,0,327,10,63.0,10,0.4,10,1.8,10,1004.2,10,,,65,10,0.0,10,0,10,,,0.0,10,5.9,,,0,5.7,,,0,,,4.6,10,0.3,10,2153,10
2008-02-28T22:00+00:00,5935,0.0,0,310,10,274.0,10,0.5,10,1.6,10,1004.3,10,,,69,10,0.0,10,0,10,,,0.0,10,5.7,,,0,5.7,,,0,,,4.0,10,-1.2,10,2258,10
2008-02-28T23:00+00:00,5935,0.0,0,269,10,241.0,10,0.2,10,1.6,10,1004.4,10,,,73,10,0.0,10,0,10,,,0.0,10,5.6,,,0,5.7,,,0,,,2.8,10,-1.4,10,2321,10
2008-02-29T00:00+00:00,5935,0.0,0,287,10,317.0,10,0.5,10,2.3,10,1004.3,10,,,75,10,0.0,10,0,10,,,0.0,10,5.4,,,0,5.6,,,0,,,2.9,10,-1.7,10,20,10
2008-02-29T01:00+00:00,5935,0.0,0,294,10,323.0,10,1.0,10,2.4,10,1003.7,10,,,77,10,0.0,10,0,10,,,0.0,10,5.2,,,0,5.6,,,0,,,3.0,10,-1.9,10,151,10
2008-02-29T02:00+00:00,5935,0.0,0,263,10,275.0,10,1.1,10,2.2,10,1003.3,10,,,80,10,0.0,10,0,10,,,0.0,10,5.1,,,0,5.5,,,0,,,2.1,10,-2.3,10,211,10
2008-02-29T03:00+00:00,5935,0.0,0,262,10,276.0,10,1.0,10,2.0,10,1003.0,10,,,82,10,0.0,10,0,10,,,0.0,10,4.9,,,0,5.5,,,0,,,1.9,10,-2.4,10,348,10
2008-02-29T04:00+00:00,5935,0.0,0,279,10,288.0,10,0.7,10,1.9,10,1002.6,10,,,82,10,0.0,10,0,10,,,0.0,10,4.8,,,0,5.4,,,0,,,2.3,10,-2.2,10,418,10
2008-02-29T05:00+00:00,5935,0.0,0,240,10,213.0,10,0.4,10,1.9,10,1002.7,10,,,82,10,0.0,10,0,10,,,0.0,10,4.7,,,0,5.3,,,0,,,2.8,10,0.4,10,528,10
2008-02-29T06:00+00:00,5935,1.0,0,121,10,70.0,10,0.2,10,2.2,10,1002.4,10,,,85,10,0.1,10,26,10,,,0.0,10,4.6,,,0,5.3,,,0,,,3.4,10,1.8,10,626,10
2008-02-29T07:00+00:00,5935,13.0,0,85,10,84.0,10,0.6,10,1.8,10,1002.4,10,,,88,10,0.3,10,60,10,,,0.0,10,4.6,,,0,5.2,,,0,,,3.6,10,2.6,10,739,10
2008-02-29T08:00+00:00,5935,52.0,0,89,10,98.0,10,0.4,10,1.5,10,1002.3,10,,,90,10,0.4,10,60,10,,,0.0,10,4.6,,,0,5.1,,,0,,,4.3,10,3.3,10,822,10
2008-02-29T09:00+00:00,5935,103.0,0,91,10,152.0,10,0.7,10,2.1,10,1001.6,10,,,92,10,0.4,10,59,10,,,0.0,10,4.7,,,0,5.1,,,0,,,5.3,10,4.7,10,955,10
2008-02-29T10:00+00:00,5935,102.0,0,112,10,129.0,10,0.8,10,2.0,10,1000.9,10,,,93,10,0.5,10,59,10,,,0.0,10,4.8,,,0,5.1,,,0,,,6.2,10,6.2,10,1030,10
2008-02-29T11:00+00:00,5935,214.0,0,146,10,185.0,10,1.2,10,3.1,10,1000.1,10,,,86,10,0.2,10,54,10,,,0.0,10,5.0,,,0,5.1,,,0,,,7.6,10,7.8,10,1156,10
2008-02-29T12:00+00:00,5935,143.0,0,179,10,194.0,10,1.6,10,3.7,10,999.1,10,,,87,10,0.6,10,60,10,,,0.0,10,5.1,,,0,5.1,,,0,,,7.9,10,8.2,10,1221,10
2008-02-29T13:00+00:00,5935,150.0,0,183,10,191.0,10,1.5,10,3.5,10,998.2,10,,,87,10,0.7,10,60,10,,,0.0,10,5.3,,,0,5.1,,,0,,,8.1,10,8.3,10,1357,10
2008-02-29T14:00+00:00,5935,116.0,0,178,10,172.0,10,1.8,10,3.9,10,997.2,10,,,89,10,0.7,10,58,10,,,0.0,10,5.5,,,0,5.1,,,0,,,8.3,10,8.3,10,1444,10
2008-02-29T15:00+00:00,5935,52.0,0,179,10,168.0,10,1.6,10,4.0,10,996.6,10,,,90,10,0.4,10,38,10,,,0.0,10,5.6,,,0,5.1,,,0,,,8.2,10,7.9,10,1503,10
2008-02-29T16:00+00:00,5935,25.0,0,173,10,182.0,10,1.6,10,3.4,10,996.0,10,,,91,10,0.2,10,42,10,,,0.0,10,5.7,,,0,5.2,,,0,,,8.0,10,7.5,10,1626,10
2008-02-29T17:00+00:00,5935,7.0,0,175,10,188.0,10,1.3,10,4.5,10,995.3,10,,,89,10,0.4,10,60,10,,,0.0,10,5.8,,,0,5.2,,,0,,,8.3,10,7.2,10,1711,10
2008-02-29T18:00+00:00,5935,0.0,0,193,10,249.0,10,1.7,10,11.6,10,995.1,10,,,76,10,0.0,10,14,10,,,0.0,10,5.8,,,0,5.3,,,0,,,11.5,10,7.3,10,1858,10
2008-02-29T19:00+00:00,5935,0.0,0,254,10,235.0,10,4.4,10,12.3,10,994.9,10,,,75,10,0.0,10,0,10,,,0.0,10,5.8,,,0,5.3,,,0,,,11.8,10,8.9,10,1902,10
2008-02-29T20:00+00:00,5935,0.0,0,251,10,240.0,10,3.8,10,8.3,10,994.4,10,,,75,10,0.0,10,6,10,,,0.0,10,5.9,,,0,5.4,,,0,,,11.6,10,8.9,10,2001,10
2008-02-29T21:00+00:00,5935,0.0,0,253,10,263.0,10,3.9,10,9.9,10,993.6,10,,,76,10,0.0,10,7,10,,,0.0,10,5.9,,,0,5.4,,,0,,,11.6,10,8.9,10,2117,10
2008-02-29T22:00+00:00,5935,0.0,0,249,10,235.0,10,3.4,10,7.9,10,992.2,10,,,73,10,0.0,10,0,10,,,0.0,10,6.0,,,0,5.4,,,0,,,11.7,10,9.1,10,2246,10
2008-02-29T23:00+00:00,5935,0.0,0,245,10,226.0,10,3.9,10,11.2,10,991.3,10,,,73,10,0.0,10,0,10,,,0.0,10,6.0,,,0,5.5,,,0,,,11.8,10,9.1,10,2307,10
2008-03-01T00:00+00:00,5935,0.0,0,227,10,235.0,10,3.1,10,8.4,10,989.2,10,,,76,10,0.0,10,0,10,,,0.0,10,6.1,,,0,5.5,,,0,,,11.3,10,9.4,10,100,10
2008-03-01T01:00+00:00,5935,0.0,0,197,10,199.0,10,2.4,10,5.2,10,987.5,10,,,72,10,0.0,10,0,10,,,0.0,10,6.1,,,0,5.5,,,0,,,11.3,10,9.1,10,119,10
2008-03-01T02:00+00:00,5935,0.0,0,208,10,231.0,10,2.7,10,6.4,10,985.8,10,,,66,10,0.0,10,0,10,,,0.0,10,6.1,,,0,5.5,,,0,,,12.1,10,9.4,10,236,10
2008-03-01T03:00+00:00,5935,0.0,0,234,10,248.0,10,5.1,10,12.7,10,984.3,10,,,60,10,0.0,10,11,10,,,0.0,10,6.1,,,0,5.6,,,0,,,13.2,10,10.0,10,327,10
2008-03-01T04:00+00:00,5935,0.0,0,224,10,246.0,10,4.4,10,10.7,10,983.0,10,,,60,10,0.1,10,24,10,,,0.0,10,6.2,,,0,5.6,,,0,,,13.1,10,9.6,10,428,10
2008-03-01T05:00+00:00,5935,0.0,0,235,10,230.0,10,3.9,10,10.5,10,981.2,10,,,59,10,0.0,10,0,10,,,0.0,10,6.2,,,0,5.6,,,0,,,13.1,10,9.9,10,503,10
2008-03-01T06:00+00:00,5935,0.0,0,240,10,245.0,10,4.5,10,10.1,10,979.7,10,,,63,10,0.0,10,8,10,,,0.0,10,6.3,,,0,5.6,,,0,,,12.5,10,10.2,10,614,10
2008-03-01T07:00+00:00,5935,12.0,0,217,10,243.0,10,2.6,10,10.2,10,977.7,10,,,68,10,0.0,10,0,10,,,0.0,10,6.3,,,0,5.7,,,0,,,10.8,10,9.9,10,718,10
2008-03-01T08:00+00:00,5935,54.0,0,175,10,172.0,10,2.0,10,6.0,10,976.8,10,,,68,10,0.0,10,0,10,,,0.0,10,6.3,,,0,5.7,,,0,,,10.8,10,9.8,10,803,10
2008-03-01T09:00+00:00,5935,53.0,0,236,10,247.0,10,3.3,10,17.2,10,975.1,10,,,63,10,0.0,10,9,10,,,0.0,10,6.4,,,0,5.7,,,0,,,13.1,10,10.5,10,952,10
2008-03-01T10:00+00:00,5935,149.0,0,250,10,246.0,10,8.4,10,20.5,10,972.7,10,,,59,10,0.0,10,0,10,,,0.1,10,6.4,,,0,5.7,,,0,,,14.7,10,10.7,10,1059,10
2008-03-01T11:00+00:00,5935,486.0,0,262,10,288.0,10,9.0,10,21.0,10,971.8,10,,,54,10,0.0,10,0,10,,,0.8,10,6.6,,,0,5.8,,,0,,,15.7,10,15.7,10,1125,10
2008-03-01T12:00+00:00,5935,38.0,0,297,10,315.0,10,8.4,10,25.7,10,977.3,10,,,83,10,7.8,10,32,10,,,0.0,10,6.7,,,0,5.9,,,0,,,5.9,10,3.5,10,1210,10
2008-03-01T13:00+00:00,5935,114.0,0,269,10,285.0,10,4.9,10,12.3,10,979.7,10,,,72,10,0.1,10,5,10,,,0.1,10,6.5,,,0,6.0,,,0,,,8.4,10,5.1,10,1305,10
2008-03-01T14:00+00:00,5935,163.0,0,263,10,257.0,10,6.7,10,16.9,10,980.1,10,,,71,10,0.0,10,2,10,,,0.1,10,6.7,,,0,6.3,,,0,,,7.7,10,6.7,10,1459,10
2008-03-01T15:00+00:00,5935,114.0,0,260,10,286.0,10,7.7,10,18.3,10,980.3,10,,,69,10,0.0,10,11,10,,,0.0,10,6.9,,,0,6.4,,,0,,,7.5,10,6.0,10,1520,10
2008-03-01T16:00+00:00,5935,27.0,0,252,10,257.0,10,7.2,10,16.6,10,980.2,10,,,69,10,0.0,10,11,10,,,0.0,10,6.8,,,0,6.4,,,0,,,7.6,10,5.3,10,1620,10
2008-03-01T17:00+00:00,5935,13.0,0,253,10,239.0,10,6.2,10,14.2,10,980.2,10,,,67,10,0.0,10,0,10,,,0.2,10,6.7,,,0,6.3,,,0,,,7.9,10,5.8,10,1714,10
2008-03-01T18:00+00:00,5935,0.0,0,263,10,247.0,10,5.6,10,15.7,10,981.0,10,,,62,10,0.0,10,0,10,,,0.0,10,6.6,,,0,6.3,,,0,,,9.0,10,6.0,10,1824,10
2008-03-01T19:00+00:00,5935,0.0,0,265,10,284.0,10,5.4,10,12.4,10,981.8,10,,,60,10,0.0,10,0,10,,,0.0,10,6.5,,,0,6.2,,,0,,,9.4,10,7.5,10,1956,10
2008-03-01T20:00+00:00,5935,0.0,0,279,10,282.0,10,6.6,10,15.0,10,983.3,10,,,52,10,0.0,10,0,10,,,0.0,10,6.4,,,0,6.2,,,0,,,10.0,10,7.3,10,2023,10
2008-03-01T21:00+00:00,5935,0.0,0,282,10,280.0,10,6.0,10,15.3,10,985.3,10,,,51,10,0.0,10,0,10,,,0.0,10,6.3,,,0,6.1,,,0,,,9.5,10,7.1,10,2200,10
2008-03-01T22:00+00:00,5935,0.0,0,279,10,290.0,10,5.2,10,12.2,10,985.6,10,,,50,10,0.0,10,0,10,,,0.0,10,6.3,,,0,6.1,,,0,,,9.5,10,6.7,10,2255,10
2008-03-01T23:00+00:00,5935,0.0,0,277,10,314.0,10,5.3,10,12.0,10,985.4,10,,,49,10,0.0,10,0,10,,,0.0,10,6.2,,,0,6.1,,,0,,,9.2,10,6.1,10,2317,10
2008-03-02T00:00+00:00,5935,0.0,0,277,10,272.0,10,5.3,10,13.8,10,986.1,10,,,50,10,0.0,10,0,10,,,0.0,10,6.1,,,0,6.0,,,0,,,8.9,10,6.6,10,25,10
2008-03-02T01:00+00:00,5935,0.0,0,282,10,270.0,10,5.3,10,12.8,10,986.2,10,,,52,10,0.0,10,8,10,,,0.0,10,6.0,,,0,6.0,,,0,,,8.8,10,6.7,10,143,10
2008-03-02T02:00+00:00,5935,0.0,0,280,10,282.0,10,3.8,10,10.5,10,985.4,10,,,54,10,0.0,10,0,10,,,0.0,10,5.9,,,0,6.0,,,0,,,8.3,10,5.7,10,206,10
2008-03-02T03:00+00:00,5935,0.0,0,278,10,276.0,10,4.6,10,13.7,10,985.7,10,,,67,10,0.0,10,11,10,,,0.0,10,5.9,,,0,5.9,,,0,,,7.7,10,5.3,10,340,10
2008-03-02T04:00+00:00,5935,0.0,0,297,10,293.0,10,2.7,10,8.6,10,986.2,10,,,71,10,0.0,10,6,10,,,0.0,10,5.9,,,0,5.9,,,0,,,7.3,10,5.3,10,403,10
2008-03-02T05:00+00:00,5935,0.0,0,286,10,286.0,10,3.0,10,8.3,10,985.6,10,,,71,10,0.0,10,1,10,,,0.0,10,5.8,,,0,5.9,,,0,,,7.2,10,4.7,10,506,10
2008-03-02T06:00+00:00,5935,2.0,0,257,10,254.0,10,2.7,10,7.2,10,985.2,10,,,62,10,0.0,10,0,10,,,0.0,10,5.8,,,0,5.8,,,0,,,8.5,10,4.6,10,636,10
2008-03-02T07:00+00:00,5935,12.0,0,267,10,301.0,10,3.4,10,9.6,10,984.8,10,,,65,10,0.0,10,16,10,,,0.0,10,5.8,,,0,5.8,,,0,,,8.4,10,6.1,10,713,10
2008-03-02T08:00+00:00,5935,78.0,0,260,10,237.0,10,2.6,10,7.9,10,983.8,10,,,71,10,0.4,10,32,10,,,0.0,10,5.8,,,0,5.8,,,0,,,8.7,10,6.0,10,852,10
2008-03-02T09:00+00:00,5935,138.0,0,268,10,253.0,10,4.8,10,13.7,10,983.0,10,,,68,10,0.1,10,11,10,,,0.0,10,5.8,,,0,5.8,,,0,,,10.2,10,6.8,10,936,10
2008-03-02T10:00+00:00,5935,192.0,0,257,10,278.0,10,5.2,10,13.0,10,982.6,10,,,73,10,0.0,10,5,10,,,0.1,10,5.9,,,0,5.7,,,0,,,10.1,10,8.8,10,1017,10
2008-03-02T11:00+00:00,5935,164.0,0,250,10,232.0,10,5.6,10,12.3,10,982.1,10,,,70,10,0.0,10,2,10,,,0.1,10,6.1,,,0,5.7,,,0,,,11.1,10,9.4,10,1124,10
2008-03-02T12:00+00:00,5935,131.0,0,251,10,261.0,10,4.7,10,11.9,10,981.5,10,,,71,10,0.0,10,0,10,,,0.0,10,6.2,,,0,5.8,,,0,,,11.5,10,10.8,10,1205,10
2008-03-02T13:00+00:00,5935,224.0,0,252,10,241.0,10,5.1,10,11.8,10,980.9,10,,,65,10,0.0,10,0,10,,,0.2,10,6.3,,,0,5.8,,,0,,,13.1,10,11.9,10,1347,10
2008-03-02T14:00+00:00,5935,298.0,0,256,10,250.0,10,5.9,10,13.8,10,981.0,10,,,63,10,0.0,10,0,10,,,0.4,10,6.5,,,0,5.8,,,0,,,14.2,10,13.7,10,1437,10
2008-03-02T15:00+00:00,5935,121.0,0,267,10,261.0,10,6.6,10,15.5,10,981.9,10,,,61,10,0.0,10,0,10,,,0.1,10,6.7,,,0,5.9,,,0,,,13.8,10,13.1,10,1516,10
2008-03-02T16:00+00:00,5935,90.0,0,270,10,254.0,10,6.0,10,17.0,10,982.7,10,,,64,10,0.0,10,0,10,,,0.2,10,6.9,,,0,5.9,,,0,,,13.1,10,12.0,10,1617,10
2008-03-02T17:00+00:00,5935,12.0,0,277,10,281.0,10,6.7,10,16.3,10,984.1,10,,,55,10,0.0,10,0,10,,,0.0,10,6.9,,,0,6.0,,,0,,,14.1,10,11.8,10,1748,10
2008-03-02T18:00+00:00,5935,0.0,0,298,10,249.0,10,4.6,10,14.9,10,986.6,10,,,68,10,0.0,10,2,10,,,0.0,10,7.0,,,0,6.0,,,0,,,11.9,10,10.7,10,1806,10
2008-03-02T19:00+00:00,5935,0.0,0,326,10,340.0,10,2.6,10,7.5,10,988.3,10,,,90,10,2.6,10,60,10,,,0.0,10,7.0,,,0,6.1,,,0,,,9.3,10,8.3,10,1906,10
2008-03-02T20:00+00:00,5935,0.0,0,305,10,305.0,10,2.2,10,5.6,10,989.3,10,,,92,10,2.5,10,60,10,,,0.0,10,7.0,,,0,6.2,,,0,,,8.4,10,7.8,10,2027,10
2008-03-02T21:00+00:00,5935,0.0,0,311,10,301.0,10,1.6,10,5.6,10,990.0,10,,,93,10,1.9,10,60,10,,,0.0,10,7.0,,,0,6.2,,,0,,,8.6,10,7.7,10,2104,10
2008-03-02T22:00+00:00,5935,0.0,0,340,10,340.0,10,1.2,10,4.6,10,990.6,10,,,92,10,1.3,10,60,10,,,0.0,10,7.0,,,0,6.4,,,0,,,8.7,10,7.8,10,2258,10
2008-03-02T23:00+00:00,5935,0.0,0,278,10,246.0,10,4.0,10,12.3,10,989.8,10,,,66,10,0.1,10,5,10,,,0.0,10,7.0,,,0,6.5,,,0,,,11.4,10,7.7,10,2342,10
2008-03-03T00:00+00:00,5935,0.0,0,283,10,290.0,10,6.0,10,13.6,10,989.8,10,,,62,10,0.0,10,0,10,,,0.0,10,7.0,,,0,6.6,,,0,,,11.9,10,8.1,10,24,10
2008-03-03T01:00+00:00,5935,0.0,0,280,10,286.0,10,5.9,10,14.9,10,989.6,10,,,60,10,0.0,10,0,10,,,0.0,10,7.1,,,0,6.6,,,0,,,12.0,10,8.1,10,151,10
2008-03-03T02:00+00:00,5935,0.0,0,284,10,316.0,10,6.5,10,15.8,10,989.1,10,,,58,10,0.0,10,0,10,,,0.0,10,7.0,,,0,6.6,,,0,,,12.2,10,8.2,10,228,10
2008-03-03T03:00+00:00,5935,0.0,0,280,10,296.0,10,6.0,10,15.0,10,989.3,10,,,63,10,0.0,10,0,10,,,0.0,10,7.0,,,0,6.6,,,0,,,11.6,10,8.9,10,334,10
2008-03-03T04:00+00:00,5935,0.0,0,281,10,291.0,10,5.6,10,14.1,10,989.3,10,,,62,10,0.0,10,0,10,,,0.0,10,7.0,,,0,6.6,,,0,,,11.9,10,9.3,10,417,10
2008-03-03T05:00+00:00,5935,0.0,0,281,10,293.0,10,4.0,10,11.7,10,989.8,10,,,65,10,0.0,10,0,10,,,0.0,10,7.0,,,0,6.6,,,0,,,11.7,10,9.5,10,518,10
2008-03-03T06:00+00:00,5935,4.0,0,267,10,282.0,10,3.7,10,10.5,10,989.7,10,,,71,10,0.0,10,43,10,,,0.0,10,7.0,,,0,6.6,,,0,,,10.8,10,7.8,10,647,10
2008-03-03T07:00+00:00,5935,37.0,0,272,10,269.0,10,4.6,10,11.6,10,990.0,10,,,66,10,0.0,10,4,10,,,0.0,10,7.0,,,0,6.5,,,0,,,11.8,10,7.9,10,748,10
2008-03-03T08:00+00:00,5935,150.0,0,267,10,279.0,10,4.6,10,12.0,10,990.3,10,,,64,10,0.0,10,0,10,,,0.5,10,7.0,,,0,6.5,,,0,,,12.6,10,10.3,10,853,10
2008-03-03T09:00+00:00,5935,164.0,0,267,10,247.0,10,5.1,10,13.9,10,990.3,10,,,63,10,0.0,10,0,10,,,0.3,10,7.1,,,0,6.5,,,0,,,12.8,10,11.9,10,907,10
2008-03-03T10:00+00:00,5935,256.0,0,269,10,260.0,10,5.0,10,12.9,10,990.4,10,,,59,10,0.0,10,0,10,,,0.4,10,7.2,,,0,6.5,,,0,,,14.1,10,12.1,10,1007,10
2008-03-03T11:00+00:00,5935,183.0,0,269,10,289.0,10,4.4,10,11.7,10,990.2,10,,,59,10,0.0,10,3,10,,,0.1,10,7.3,,,0,6.5,,,0,,,14.1,10,13.7,10,1105,10
2008-03-03T12:00+00:00,5935,190.0,0,262,10,276.0,10,4.0,10,9.8,10,989.6,10,,,60,10,0.1,10,12,10,,,0.0,10,7.4,,,0,6.5,,,0,,,14.2,10,12.3,10,1209,10
2008-03-03T13:00+00:00,5935,293.0,0,266,10,291.0,10,4.4,10,11.3,10,988.8,10,,,57,10,0.0,10,24,10,,,0.4,10,7.6,,,0,6.6,,,0,,,15.2,10,12.7,10,1356,10
2008-03-03T14:00+00:00,5935,417.0,0,260,10,257.0,10,4.6,10,13.9,10,988.2,10,,,53,10,0.0,10,0,10,,,0.7,10,7.8,,,0,6.6,,,0,,,15.9,10,16.0,10,1448,10
2008-03-03T15:00+00:00,5935,216.0,0,271,10,250.0,10,4.4,10,11.9,10,987.7,10,,,51,10,0.0,10,0,10,,,0.6,10,8.0,,,0,6.7,,,0,,,16.0,10,15.2,10,1503,10
2008-03-03T16:00+00:00,5935,200.0,0,269,10,286.0,10,4.4,10,10.3,10,987.4,10,,,50,10,0.0,10,0,10,,,1.0,10,8.1,,,0,6.7,,,0,,,15.8,10,14.1,10,1627,10
2008-03-03T17:00+00:00,5935,38.0,0,268,10,255.0,10,2.9,10,7.1,10,987.0,10,,,52,10,0.0,10,0,10,,,0.6,10,8.2,,,0,6.8,,,0,,,14.6,10,10.6,10,1759,10
2008-03-03T18:00+00:00,5935,0.0,0,259,10,241.0,10,2.3,10,8.5,10,987.2,10,,,54,10,0.0,10,0,10,,,0.0,10,8.1,,,0,6.9,,,0,,,14.0,10,10.3,10,1803,10
2008-03-03T19:00+00:00,5935,0.0,0,324,10,234.0,10,0.5,10,3.9,10,987.1,10,,,62,10,0.0,10,0,10,,,0.0,10,8.1,,,0,6.9,,,0,,,12.4,10,9.6,10,1901,10
2008-03-03T20:00+00:00,5935,0.0,0,330,10,317.0,10,1.1,10,3.6,10,987.4,10,,,64,10,0.0,10,0,10,,,0.0,10,8.0,,,0,7.0,,,0,,,12.1,10,9.6,10,2044,10
2008-03-03T21:00+00:00,5935,0.0,0,304,10,293.0,10,3.7,10,9.8,10,989.0,10,,,67,10,0.0,10,13,10,,,0.0,10,8.0,,,0,7.0,,,0,,,10.3,10,8.7,10,2134,10
2008-03-03T22:00+00:00,5935,0.0,0,326,10,310.0,10,3.8,10,10.9,10,990.5,10,,,80,10,0.5,10,59,10,,,0.0,10,7.9,,,0,7.0,,,0,,,6.9,10,5.6,10,2219,10
2008-03-03T23:00+00:00,5935,0.0,0,295,10,307.0,10,2.8,10,7.9,10,990.9,10,,,83,10,0.9,10,37,10,,,0.0,10,7.8,,,0,7.0,,,0,,,6.6,10,5.5,10,2400,10
2008-03-04T00:00+00:00,5935,0.0,0,292,10,303.0,10,3.0,10,8.6,10,991.1,10,,,79,10,0.0,10,0,10,,,0.0,10,7.7,,,0,7.0,,,0,,,6.8,10,5.3,10,36,10
2008-03-04T01:00+00:00,5935,0.0,0,281,10,282.0,10,3.6,10,8.9,10,991.8,10,,,76,10,0.0,10,0,10,,,0.0,10,7.6,,,0,7.0,,,0,,,6.7,10,4.9,10,125,10
2008-03-04T02:00+00:00,5935,0.0,0,296,10,306.0,10,3.9,10,10.9,10,992.1,10,,,71,10,0.0,10,7,10,,,0.0,10,7.4,,,0,7.0,,,0,,,5.8,10,4.0,10,232,10
2008-03-04T03:00+00:00,5935,0.0,0,305,10,316.0,10,3.5,10,9.2,10,992.0,10,,,72,10,0.0,10,0,10,,,0.0,10,7.3,,,0,7.0,,,0,,,5.1,10,3.5,10,304,10
2008-03-04T04:00+00:00,5935,0.0,0,300,10,287.0,10,3.3,10,8.3,10,992.9,10,,,69,10,0.0,10,0,10,,,0.0,10,7.2,,,0,7.0,,,0,,,5.0,10,3.2,10,407,10
2008-03-04T05:00+00:00,5935,0.0,0,307,10,313.0,10,2.8,10,7.5,10,993.4,10,,,71,10,0.0,10,0,10,,,0.0,10,7.0,,,0,6.9,,,0,,,4.8,10,3.0,10,506,10
2008-03-04T06:00+00:00,5935,2.0,0,303,10,297.0,10,2.9,10,6.9,10,993.9,10,,,67,10,0.0,10,0,10,,,0.0,10,6.9,,,0,6.9,,,0,,,4.8,10,3.0,10,641,10
2008-03-04T07:00+00:00,5935,36.0,0,311,10,313.0,10,2.6,10,6.8,10,993.9,10,,,70,10,0.0,10,0,10,,,0.0,10,6.8,,,0,6.8,,,0,,,4.7,10,3.3,10,743,10
2008-03-04T08:00+00:00,5935,80.0,0,297,10,346.0,10,3.0,10,7.4,10,995.0,10,,,64,10,0.0,10,0,10,,,0.0,10,6.7,,,0,6.8,,,0,,,4.8,10,4.5,10,841,10
2008-03-04T09:00+00:00,5935,135.0,0,309,10,291.0,10,3.2,10,8.3,10,994.7,10,,,58,10,0.0,10,0,10,,,0.0,10,6.6,,,0,6.7,,,0,,,5.0,10,5.3,10,956,10
2008-03-04T10:00+00:00,5935,164.0,0,301,10,301.0,10,3.2,10,6.7,10,995.1,10,,,55,10,0.0,10,0,10,,,0.0,10,6.5,,,0,6.7,,,0,,,5.4,10,6.0,10,1030,10
2008-03-04T11:00+00:00,5935,234.0,0,294,10,280.0,10,2.9,10,6.6,10,995.2,10,,,50,10,0.0,10,0,10,,,0.0,10,6.5,,,0,6.6,,,0,,,5.7,10,7.0,10,1109,10
2008-03-04T12:00+00:00,5935,249.0,0,296,10,296.0,10,2.4,10,5.7,10,994.8,10,,,49,10,0.0,10,0,10,,,0.0,10,6.6,,,0,6.6,,,0,,,6.2,10,8.4,10,1218,10
2008-03-04T13:00+00:00,5935,216.0,0,311,10,345.0,10,2.1,10,6.1,10,994.5,10,,,47,10,0.0,10,0,10,,,0.0,10,6.6,,,0,6.6,,,0,,,6.2,10,8.2,10,1318,10
2008-03-04T14:00+00:00,5935,167.0,0,318,10,340.0,10,2.0,10,5.5,10,994.6,10,,,45,10,0.0,10,0,10,,,0.0,10,6.6,,,0,6.6,,,0,,,6.1,10,7.2,10,1433,10
2008-03-04T15:00+00:00,5935,103.0,0,308,10,310.0,10,2.0,10,5.2,10,994.4,10,,,46,10,0.0,10,0,10,,,0.0,10,6.6,,,0,6.6,,,0,,,6.0,10,5.9,10,1541,10
2008-03-04T16:00+00:00,5935,57.0,0,318,10,317.0,10,1.8,10,4.9,10,994.7,10,,,47,10,0.0,10,0,10,,,0.0,10,6.6,,,0,6.5,,,0,,,5.7,10,4.9,10,1644,10
2008-03-04T17:00+00:00,5935,18.0,0,349,10,304.0,10,1.3,10,4.2,10,994.9,10,,,52,10,0.0,10,0,10,,,0.0,10,6.5,,,0,6.5,,,0,,,5.0,10,3.0,10,1702,10
2008-03-04T18:00+00:00,5935,0.0,0,323,10,306.0,10,0.7,10,2.4,10,995.7,10,,,54,10,0.0,10,0,10,,,0.0,10,6.4,,,0,6.5,,,0,,,4.4,10,1.8,10,1859,10
2008-03-04T19:00+00:00,5935,0.0,0,318,10,340.0,10,1.1,10,3.1,10,995.9,10,,,56,10,0.0,10,0,10,,,0.0,10,6.3,,,0,6.5,,,0,,,4.0,10,1.9,10,1952,10
2008-03-04T20:00+00:00,5935,0.0,0,332,10,336.0,10,0.8,10,2.2,10,996.4,10,,,59,10,0.0,10,0,10,,,0.0,10,6.2,,,0,6.5,,,0,,,3.6,10,1.1,10,2048,10
2008-03-04T21:00+00:00,5935,0.0,0,312,10,307.0,10,1.0,10,2.4,10,996.5,10,,,63,10,0.0,10,0,10,,,0.0,10,6.1,,,0,6.4,,,0,,,3.1,10,1.1,10,2138,10
2008-03-04T22:00+00:00,5935,0.0,0,299,10,301.0,10,1.3,10,2.7,10,996.5,10,,,65,10,0.0,10,0,10,,,0.0,10,6.0,,,0,6.4,,,0,,,3.1,10,1.1,10,2204,10
2008-03-04T23:00+00:00,5935,0.0,0,295,10,314.0,10,1.6,10,3.8,10,996.7,10,,,65,10,0.0,10,0,10,,,0.0,10,5.9,,,0,6.3,,,0,,,3.0,10,1.2,10,2326,10
2008-03-05T00:00+00:00,5935,0.0,0,304,10,298.0,10,1.6,10,4.5,10,996.7,10,,,64,10,0.0,10,0,10,,,0.0,10,5.8,,,0,6.3,,,0,,,3.5,10,1.4,10,58,10
2008-03-05T01:00+00:00,5935,0.0,0,303,10,297.0,10,1.9,10,4.5,10,996.7,10,,,65,10,0.0,10,0,10,,,0.0,10,5.7,,,0,6.2,,,0,,,3.2,10,1.9,10,102,10
2008-03-05T02:00+00:00,5935,0.0,0,304,10,309.0,10,2.0,10,4.0,10,996.5,10,,,65,10,0.0,10,0,10,,,0.0,10,5.6,,,0,6.2,,,0,,,3.1,10,1.9,10,203,10
2008-03-05T03:00+00:00,5935,0.0,0,302,10,316.0,10,1.7,10,3.8,10,996.9,10,,,67,10,0.0,10,0,10,,,0.0,10,5.5,,,0,6.1,,,0,,,3.1,10,1.8,10,400,10
2008-03-05T04:00+00:00,5935,0.0,0,304,10,323.0,10,2.2,10,5.1,10,997.5,10,,,67,10,0.0,10,0,10,,,0.0,10,5.5,,,0,6.1,,,0,,,3.2,10,2.1,10,454,10
2008-03-05T05:00+00:00,5935,0.0,0,307,10,339.0,10,2.4,10,5.8,10,998.0,10,,,70,10,0.0,10,0,10,,,0.0,10,5.4,,,0,6.1,,,0,,,3.0,10,2.3,10,546,10
2008-03-05T06:00+00:00,5935,3.0,0,315,10,328.0,10,1.9,10,5.1,10,998.7,10,,,71,10,0.0,10,0,10,,,0.0,10,5.3,,,0,6.0,,,0,,,2.9,10,2.1,10,628,10
2008-03-05T07:00+00:00,5935,30.0,0,314,10,295.0,10,3.2,10,8.9,10,999.8,10,,,69,10,0.0,10,0,10,,,0.0,10,5.3,,,0,6.0,,,0,,,2.9,10,2.4,10,753,10
2008-03-05T08:00+00:00,5935,113.0,0,332,10,315.0,10,3.2,10,9.5,10,1000.1,10,,,67,10,0.0,10,0,10,,,0.0,10,5.2,,,0,5.9,,,0,,,3.1,10,3.1,10,858,10
2008-03-05T09:00+00:00,5935,232.0,0,338,10,336.0,10,3.8,10,9.9,10,1000.9,10,,,66,10,0.0,10,0,10,,,0.1,10,5.2,,,0,5.9,,,0,,,3.5,10,4.6,10,901,10
2008-03-05T10:00+00:00,5935,124.0,0,342,10,340.0,10,3.6,10,11.3,10,1001.9,10,,,69,10,0.0,10,0,10,,,0.0,10,5.2,,,0,5.8,,,0,,,3.3,10,4.0,10,1004,10
2008-03-05T11:00+00:00,5935,104.0,0,329,10,358.0,10,3.1,10,8.2,10,1002.7,10,,,67,10,0.0,10,0,10,,,0.0,10,5.2,,,0,5.8,,,0,,,3.4,10,4.0,10,1104,10
2008-03-05T12:00+00:00,5935,233.0,0,344,10,30.0,10,3.2,10,9.1,10,1003.0,10,,,57,10,0.0,10,0,10,,,0.2,10,5.2,,,0,5.8,,,0,,,4.5,10,4.1,10,1252,10
2008-03-05T13:00+00:00,5935,221.0,0,343,10,314.0,10,3.8,10,10.3,10,1003.2,10,,,55,10,0.0,10,0,10,,,0.1,10,5.3,,,0,5.7,,,0,,,4.4,10,5.2,10,1325,10
2008-03-05T14:00+00:00,5935,281.0,0,326,10,302.0,10,4.0,10,10.4,10,1003.8,10,,,52,10,0.0,10,0,10,,,0.5,10,5.6,,,0,5.7,,,0,,,4.8,10,6.0,10,1443,10
2008-03-05T15:00+00:00,5935,276.0,0,331,10,340.0,10,4.1,10,10.4,10,1004.5,10,,,45,10,0.0,10,0,10,,,0.9,10,5.9,,,0,5.8,,,0,,,4.7,10,5.3,10,1511,10
2008-03-05T16:00+00:00,5935,154.0,0,329,10,319.0,10,3.6,10,10.1,10,1005.5,10,,,46,10,0.0,10,0,10,,,1.0,10,5.6,,,0,5.7,,,0,,,4.0,10,3.3,10,1648,10
2008-03-05T17:00+00:00,5935,35.0,0,325,10,291.0,10,3.2,10,8.4,10,1006.4,10,,,47,10,0.0,10,0,10,,,0.6,10,5.2,,,0,5.6,,,0,,,2.7,10,0.6,10,1717,10
2008-03-05T18:00+00:00,5935,0.0,0,327,10,326.0,10,2.7,10,7.2,10,1007.4,10,,,48,10,0.0,10,0,10,,,0.0,10,4.9,,,0,5.5,,,0,,,1.9,10,-0.1,10,1852,10
2008-03-05T19:00+00:00,5935,0.0,0,318,10,317.0,10,2.4,10,8.3,10,1008.2,10,,,52,10,0.0,10,0,10,,,0.0,10,4.6,,,0,5.5,,,0,,,0.9,10,-1.5,10,1904,10
2008-03-05T20:00+00:00,5935,0.0,0,314,10,315.0,10,2.8,10,7.1,10,1009.2,10,,,56,10,0.0,10,0,10,,,0.0,10,4.4,,,0,5.5,,,0,,,0.5,10,-1.3,10,2031,10
2008-03-05T21:00+00:00,5935,0.0,0,307,10,312.0,10,2.6,10,6.3,10,1009.8,10,,,61,10,0.0,10,0,10,,,0.0,10,4.3,,,0,5.4,,,0,,,0.1,10,-1.8,10,2137,10
2008-03-05T22:00+00:00,5935,0.0,0,301,10,316.0,10,2.9,10,7.5,10,1009.9,10,,,63,10,0.0,10,0,10,,,0.0,10,4.1,,,0,5.4,,,0,,,0.0,10,-1.9,10,2234,10
2008-03-05T23:00+00:00,5935,0.0,0,300,10,313.0,10,2.4,10,6.6,10,1009.8,10,,,63,10,0.0,10,0,10,,,0.0,10,4.0,,,0,5.3,,,0,,,-0.3,10,-2.4,10,2307,10
2008-03-06T00:00+00:00,5935,0.0,0,296,10,294.0,10,2.6,10,6.0,10,1010.1,10,,,64,10,0.0,10,0,10,,,0.0,10,3.9,,,0,5.3,,,0,,,-0.5,10,-2.7,10,37,10
2008-03-06T01:00+00:00,5935,0.0,0,294,10,301.0,10,2.5,10,5.1,10,1009.8,10,,,64,10,0.0,10,0,10,,,0.0,10,3.8,,,0,5.2,,,0,,,-0.8,10,-2.6,10,200,10
2008-03-06T02:00+00:00,5935,0.0,0,299,10,304.0,10,2.3,10,5.3,10,1009.9,10,,,64,10,0.0,10,0,10,,,0.0,10,3.7,,,0,5.1,,,0,,,-0.8,10,-2.8,10,224,10
2008-03-06T03:00+00:00,5935,0.0,0,302,10,294.0,10,2.2,10,5.9,10,1009.9,10,,,64,10,0.0,10,0,10,,,0.0,10,3.6,,,0,5.1,,,0,,,-0.9,10,-3.0,10,309,10
2008-03-06T04:00+00:00,5935,0.0,0,300,10,288.0,10,2.2,10,5.0,10,1009.8,10,,,63,10,0.0,10,0,10,,,0.0,10,3.5,,,0,5.0,,,0,,,-1.2,10,-3.4,10,500,10
2008-03-06T05:00+00:00,5935,0.0,0,301,10,300.0,10,2.0,10,4.5,10,1009.6,10,,,63,10,0.0,10,0,10,,,0.0,10,3.5,,,0,4.9,,,0,,,-1.3,10,-3.8,10,541,10
2008-03-06T06:00+00:00,5935,8.0,0,303,10,318.0,10,2.1,10,4.4,10,1009.5,10,,,64,10,0.0,10,0,10,,,0.0,10,3.4,,,0,4.9,,,0,,,-1.6,10,-3.7,10,700,10
2008-03-06T07:00+00:00,5935,116.0,0,302,10,300.0,10,2.4,10,5.3,10,1009.3,10,,,61,10,0.0,10,0,10,,,0.9,10,3.3,,,0,4.8,,,0,,,-0.1,10,-3.1,10,755,10
2008-03-06T08:00+00:00,5935,292.0,0,299,10,303.0,10,2.4,10,5.6,10,1009.5,10,,,57,10,0.0,10,0,10,,,1.0,10,3.2,,,0,4.7,,,0,,,1.3,10,1.6,10,856,10
2008-03-06T09:00+00:00,5935,450.0,0,304,10,296.0,10,2.6,10,5.3,10,1009.1,10,,,53,10,0.0,10,0,10,,,1.0,10,3.2,,,0,4.7,,,0,,,2.3,10,6.5,10,927,10
2008-03-06T10:00+00:00,5935,564.0,0,281,10,323.0,10,1.1,10,4.6,10,1009.0,10,,,51,10,0.0,10,0,10,,,1.0,10,3.2,,,0,4.6,,,0,,,3.5,10,8.6,10,1004,10
2008-03-06T11:00+00:00,5935,629.0,0,336,10,8.0,10,1.7,10,5.7,10,1007.8,10,,,46,10,0.0,10,0,10,,,1.0,10,3.2,,,0,4.5,,,0,,,4.5,10,11.6,10,1147,10
2008-03-06T12:00+00:00,5935,624.0,0,330,10,299.0,10,1.4,10,6.1,10,1007.4,10,,,45,10,0.0,10,0,10,,,1.0,10,3.5,,,0,4.5,,,0,,,5.3,10,7.2,10,1202,10
2008-03-06T13:00+00:00,5935,581.0,0,331,10,315.0,10,0.7,10,4.4,10,1006.4,10,,,41,10,0.0,10,0,10,,,1.0,10,3.8,,,0,4.5,,,0,,,6.2,10,7.0,10,1334,10
2008-03-06T14:00+00:00,5935,472.0,0,318,10,328.0,10,0.5,10,4.1,10,1005.8,10,,,38,10,0.0,10,0,10,,,1.0,10,4.2,,,0,4.5,,,0,,,6.7,10,13.4,10,1500,10
2008-03-06T15:00+00:00,5935,344.0,0,162,10,187.0,10,0.6,10,3.1,10,1004.8,10,,,39,10,0.0,10,0,10,,,1.0,10,4.5,,,0,4.6,,,0,,,7.2,10,9.2,10,1523,10
2008-03-06T16:00+00:00,5935,170.0,0,105,10,112.0,10,1.5,10,4.5,10,1004.6,10,,,41,10,0.0,10,0,10,,,1.0,10,4.6,,,0,4.6,,,0,,,5.8,10,4.5,10,1638,10
2008-03-06T17:00+00:00,5935,37.0,0,133,10,140.0,10,1.4,10,4.0,10,1004.8,10,,,42,10,0.0,10,0,10,,,0.6,10,4.6,,,0,4.7,,,0,,,4.7,10,1.9,10,1756,10
2008-03-06T18:00+00:00,5935,1.0,0,132,10,159.0,10,0.8,10,2.7,10,1004.4,10,,,47,10,0.0,10,0,10,,,0.0,10,4.6,,,0,4.8,,,0,,,3.3,10,-1.6,10,1900,10
2008-03-06T19:00+00:00,5935,0.0,0,175,10,196.0,10,0.9,10,3.3,10,1004.8,10,,,48,10,0.0,10,0,10,,,0.0,10,4.5,,,0,4.8,,,0,,,3.3,10,-2.3,10,1958,10
2008-03-06T20:00+00:00,5935,0.0,0,178,10,198.0,10,1.1,10,2.9,10,1005.1,10,,,48,10,0.0,10,0,10,,,0.0,10,4.3,,,0,4.8,,,0,,,2.7,10,-2.1,10,2004,10
2008-03-06T21:00+00:00,5935,0.0,0,176,10,167.0,10,0.6,10,1.8,10,1004.9,10,,,55,10,0.0,10,0,10,,,0.0,10,4.2,,,0,4.8,,,0,,,1.9,10,-3.1,10,2103,10
2008-03-06T22:00+00:00,5935,0.0,0,220,10,216.0,10,0.6,10,1.7,10,1004.6,10,,,56,10,0.0,10,0,10,,,0.0,10,4.1,,,0,4.8,,,0,,,2.3,10,-0.5,10,2250,10
2008-03-06T23:00+00:00,5935,0.0,0,231,10,243.0,10,0.1,10,1.2,10,1004.1,10,,,66,10,0.0,10,0,10,,,0.0,10,4.0,,,0,4.8,,,0,,,0.1,10,-3.4,10,2319,10
2008-03-07T00:00+00:00,5935,0.0,0,4,10,18.0,10,0.4,10,1.6,10,1003.8,10,,,70,10,0.0,10,0,10,,,0.0,10,3.9,,,0,4.8,,,0,,,-0.7,10,-3.9,10,25,10
2008-03-07T01:00+00:00,5935,0.0,0,5,10,358.0,10,0.6,10,2.1,10,1003.6,10,,,71,10,0.0,10,0,10,,,0.0,10,3.8,,,0,4.7,,,0,,,-1.0,10,-4.0,10,129,10
2008-03-07T02:00+00:00,5935,0.0,0,159,10,184.0,10,0.5,10,2.0,10,1003.2,10,,,72,10,0.0,10,0,10,,,0.0,10,3.7,,,0,4.7,,,0,,,-1.1,10,-3.9,10,227,10
2008-03-07T03:00+00:00,5935,0.0,0,36,10,21.0,10,0.3,10,1.5,10,1002.9,10,,,76,10,0.0,10,0,10,,,0.0,10,3.6,,,0,4.7,,,0,,,-1.8,10,-4.1,10,336,10
2008-03-07T04:00+00:00,5935,0.0,0,39,10,28.0,10,0.2,10,1.2,10,1002.3,10,,,80,10,0.0,10,0,10,,,0.0,10,3.5,,,0,4.6,,,0,,,-2.0,10,-4.3,10,443,10
2008-03-07T05:00+00:00,5935,0.0,0,60,10,42.0,10,0.1,10,0.8,10,1001.9,10,,,82,10,0.0,10,0,10,,,0.0,10,3.4,,,0,4.6,,,0,,,-2.5,10,-4.5,10,506,10
2008-03-07T06:00+00:00,5935,8.0,0,99,10,127.0,10,0.2,10,1.2,10,1001.5,10,,,83,10,0.0,10,0,10,,,0.0,10,3.3,,,0,4.5,,,0,,,-2.1,10,-4.6,10,659,10
2008-03-07T07:00+00:00,5935,129.0,0,26,10,17.0,10,0.3,10,1.3,10,1001.5,10,,,74,10,0.0,10,0,10,,,0.9,10,3.2,,,0,4.5,,,0,,,0.1,10,-4.2,10,728,10
2008-03-07T08:00+00:00,5935,273.0,0,70,10,53.0,10,0.5,10,2.1,10,1001.1,10,,,66,10,0.0,10,0,10,,,1.0,10,3.1,,,0,4.4,,,0,,,2.8,10,1.9,10,856,10
2008-03-07T09:00+00:00,5935,404.0,0,80,10,85.0,10,1.2,10,3.1,10,1000.6,10,,,62,10,0.0,10,0,10,,,1.0,10,3.1,,,0,4.3,,,0,,,4.2,10,8.8,10,952,10
2008-03-07T10:00+00:00,5935,517.0,0,98,10,84.0,10,1.5,10,4.2,10,1000.0,10,,,52,10,0.0,10,0,10,,,1.0,10,3.2,,,0,4.3,,,0,,,5.8,10,11.7,10,1040,10
2008-03-07T11:00+00:00,5935,597.0,0,101,10,105.0,10,1.9,10,5.0,10,999.2,10,,,47,10,0.0,10,0,10,,,1.0,10,3.4,,,0,4.3,,,0,,,7.5,10,14.1,10,1138,10
2008-03-07T12:00+00:00,5935,507.0,0,99,10,82.0,10,2.3,10,6.3,10,998.3,10,,,43,10,0.0,10,0,10,,,1.0,10,3.7,,,0,4.2,,,0,,,7.7,10,10.5,10,1252,10
2008-03-07T13:00+00:00,5935,497.0,0,114,10,104.0,10,2.5,10,6.4,10,997.6,10,,,37,10,0.0,10,0,10,,,1.0,10,4.0,,,0,4.3,,,0,,,8.4,10,10.5,10,1315,10
2008-03-07T14:00+00:00,5935,327.0,0,110,10,157.0,10,2.2,10,6.4,10,996.5,10,,,39,10,0.0,10,0,10,,,1.0,10,4.3,,,0,4.3,,,0,,,8.0,10,10.1,10,1414,10
2008-03-07T15:00+00:00,5935,184.0,0,99,10,81.0,10,2.1,10,5.4,10,995.6,10,,,41,10,0.0,10,0,10,,,0.6,10,4.5,,,0,4.4,,,0,,,7.7,10,7.9,10,1504,10
2008-03-07T16:00+00:00,5935,85.0,0,105,10,62.0,10,1.5,10,3.8,10,995.2,10,,,42,10,0.0,10,0,10,,,0.0,10,4.6,,,0,4.5,,,0,,,7.1,10,5.8,10,1615,10
2008-03-07T17:00+00:00,5935,20.0,0,116,10,132.0,10,1.3,10,3.4,10,994.7,10,,,44,10,0.0,10,0,10,,,0.0,10,4.6,,,0,4.5,,,0,,,6.6,10,5.1,10,1704,10
2008-03-07T18:00+00:00,5935,0.0,0,139,10,145.0,10,1.3,10,3.8,10,994.9,10,,,47,10,0.0,10,0,10,,,0.0,10,4.6,,,0,4.6,,,0,,,6.4,10,4.7,10,1829,10
2008-03-07T19:00+00:00,5935,0.0,0,114,10,153.0,10,0.9,10,3.2,10,994.5,10,,,49,10,0.0,10,0,10,,,0.0,10,4.6,,,0,4.6,,,0,,,5.8,10,2.5,10,2000,10
2008-03-07T20:00+00:00,5935,0.0,0,97,10,93.0,10,0.8,10,2.0,10,994.4,10,,,50,10,0.0,10,0,10,,,0.0,10,4.6,,,0,4.7,,,0,,,6.0,10,4.5,10,2031,10
2008-03-07T21:00+00:00,5935,0.0,0,139,10,171.0,10,0.4,10,1.5,10,994.3,10,,,51,10,0.0,10,0,10,,,0.0,10,4.6,,,0,4.7,,,0,,,6.1,10,4.7,10,2107,10
2008-03-07T22:00+00:00,5935,0.0,0,173,10,206.0,10,0.7,10,2.8,10,994.0,10,,,51,10,0.0,10,0,10,,,0.0,10,4.6,,,0,4.7,,,0,,,6.3,10,4.7,10,2243,10
2008-03-07T23:00+00:00,5935,0.0,0,166,10,162.0,10,0.8,10,2.1,10,993.7,10,,,52,10,0.0,10,0,10,,,0.0,10,4.6,,,0,4.7,,,0,,,6.3,10,5.0,10,2320,10
2008-03-08T00:00+00:00,5935,0.0,0,41,10,58.0,10,0.2,10,1.6,10,993.0,10,,,55,10,0.0,10,0,10,,,0.0,10,4.6,,,0,4.8,,,0,,,5.9,10,4.5,10,56,10
2008-03-08T01:00+00:00,5935,0.0,0,75,10,48.0,10,0.8,10,1.7,10,992.5,10,,,61,10,0.0,10,0,10,,,0.0,10,4.6,,,0,4.8,,,0,,,5.5,10,4.3,10,152,10
2008-03-08T02:00+00:00,5935,0.0,0,95,10,95.0,10,0.8,10,2.5,10,992.1,10,,,61,10,0.0,10,0,10,,,0.0,10,4.6,,,0,4.8,,,0,,,5.2,10,4.2,10,229,10
2008-03-08T03:00+00:00,5935,0.0,0,312,10,319.0,10,0.3,10,1.6,10,992.3,10,,,63,10,0.0,10,0,10,,,0.0,10,4.6,,,0,4.8,,,0,,,5.0,10,4.0,10,337,10
2008-03-08T04:00+00:00,5935,0.0,0,292,10,284.0,10,1.7,10,4.5,10,991.9,10,,,61,10,0.0,10,0,10,,,0.0,10,4.6,,,0,4.8,,,0,,,5.1,10,3.9,10,432,10
2008-03-08T05:00+00:00,5935,0.0,0,289,10,298.0,10,2.3,10,5.4,10,991.6,10,,,60,10,0.0,10,0,10,,,0.0,10,4.6,,,0,4.8,,,0,,,5.4,10,4.2,10,539,10
2008-03-08T06:00+00:00,5935,3.0,0,304,10,287.0,10,2.6,10,6.6,10,992.0,10,,,60,10,0.0,10,0,10,,,0.0,10,4.6,,,0,4.8,,,0,,,5.0,10,4.3,10,605,10
2008-03-08T07:00+00:00,5935,36.0,0,288,10,273.0,10,2.9,10,6.8,10,992.2,10,,,58,10,0.0,10,0,10,,,0.0,10,4.5,,,0,4.8,,,0,,,5.8,10,4.4,10,754,10
2008-03-08T08:00+00:00,5935,66.0,0,275,10,274.0,10,3.6,10,9.1,10,992.2,10,,,57,10,0.0,10,0,10,,,0.0,10,4.5,,,0,4.8,,,0,,,6.0,10,5.7,10,838,10
2008-03-08T09:00+00:00,5935,60.0,0,281,10,278.0,10,4.1,10,8.5,10,992.0,10,,,57,10,0.0,10,0,10,,,0.0,10,4.6,,,0,4.8,,,0,,,6.6,10,6.1,10,935,10
2008-03-08T10:00+00:00,5935,109.0,0,278,10,273.0,10,3.8,10,9.8,10,991.7,10,,,56,10,0.0,10,0,10,,,0.0,10,4.6,,,0,4.8,,,0,,,7.4,10,6.8,10,1042,10
2008-03-08T11:00+00:00,5935,184.0,0,275,10,263.0,10,3.9,10,9.3,10,991.7,10,,,57,10,0.0,10,0,10,,,0.0,10,4.7,,,0,4.8,,,0,,,7.8,10,8.5,10,1149,10
2008-03-08T12:00+00:00,5935,240.0,0,261,10,260.0,10,3.8,10,9.3,10,991.3,10,,,58,10,0.0,10,0,10,,,0.0,10,4.8,,,0,4.8,,,0,,,8.4,10,9.8,10,1234,10
2008-03-08T13:00+00:00,5935,294.0,0,258,10,248.0,10,4.4,10,10.9,10,991.0,10,,,59,10,0.0,10,0,10,,,0.5,10,5.0,,,0,4.8,,,0,,,8.6,10,10.1,10,1320,10
2008-03-08T14:00+00:00,5935,368.0,0,268,10,260.0,10,4.8,10,10.6,10,990.8,10,,,58,10,0.0,10,0,10,,,1.0,10,5.1,,,0,4.9,,,0,,,9.3,10,10.1,10,1415,10
2008-03-08T15:00+00:00,5935,301.0,0,269,10,270.0,10,4.5,10,10.3,10,990.7,10,,,62,10,0.0,10,0,10,,,1.0,10,5.3,,,0,4.9,,,0,,,8.0,10,9.6,10,1553,10
2008-03-08T16:00+00:00,5935,132.0,0,272,10,277.0,10,4.6,10,11.0,10,990.9,10,,,65,10,0.0,10,0,10,,,0.7,10,5.4,,,0,5.0,,,0,,,6.9,10,6.0,10,1633,10
2008-03-08T17:00+00:00,5935,27.0,0,266,10,257.0,10,4.4,10,9.6,10,991.3,10,,,69,10,0.0,10,0,10,,,0.0,10,5.4,,,0,5.0,,,0,,,6.3,10,4.5,10,1743,10
2008-03-08T18:00+00:00,5935,0.0,0,269,10,255.0,10,4.4,10,11.0,10,992.1,10,,,70,10,0.0,10,0,10,,,0.0,10,5.3,,,0,5.1,,,0,,,6.2,10,3.9,10,1824,10
2008-03-08T19:00+00:00,5935,0.0,0,268,10,268.0,10,3.7,10,8.5,10,992.4,10,,,71,10,0.0,10,0,10,,,0.0,10,5.3,,,0,5.1,,,0,,,6.1,10,3.4,10,1902,10
2008-03-08T20:00+00:00,5935,0.0,0,258,10,285.0,10,2.4,10,6.4,10,992.7,10,,,71,10,0.0,10,0,10,,,0.0,10,5.2,,,0,5.1,,,0,,,6.4,10,2.8,10,2100,10
2008-03-08T21:00+00:00,5935,0.0,0,277,10,279.0,10,1.8,10,6.5,10,992.9,10,,,73,10,0.0,10,0,10,,,0.0,10,5.1,,,0,5.1,,,0,,,6.0,10,2.8,10,2115,10
2008-03-08T22:00+00:00,5935,0.0,0,287,10,273.0,10,2.1,10,5.7,10,992.9,10,,,74,10,0.0,10,0,10,,,0.0,10,5.0,,,0,5.1,,,0,,,5.5,10,2.4,10,2206,10
2008-03-08T23:00+00:00,5935,0.0,0,288,10,331.0,10,1.5,10,5.3,10,992.7,10,,,76,10,0.0,10,0,10,,,0.0,10,5.0,,,0,5.1,,,0,,,5.1,10,0.4,10,2308,10
2008-03-09T00:00+00:00,5935,0.0,0,286,10,292.0,10,2.2,10,5.1,10,992.7,10,,,79,10,0.0,10,0,10,,,0.0,10,4.9,,,0,5.1,,,0,,,4.5,10,0.4,10,7,10
2008-03-09T01:00+00:00,5935,0.0,0,285,10,286.0,10,1.4,10,3.8,10,992.8,10,,,80,10,0.0,10,0,10,,,0.0,10,4.8,,,0,5.1,,,0,,,4.2,10,-0.6,10,104,10
2008-03-09T02:00+00:00,5935,0.0,0,287,10,292.0,10,1.4,10,4.2,10,992.6,10,,,80,10,0.0,10,0,10,,,0.0,10,4.6,,,0,5.1,,,0,,,4.3,10,-1.0,10,255,10
2008-03-09T03:00+00:00,5935,0.0,0,284,10,295.0,10,1.7,10,3.3,10,992.6,10,,,81,10,0.0,10,0,10,,,0.0,10,4.5,,,0,5.0,,,0,,,4.0,10,-0.9,10,348,10
2008-03-09T04:00+00:00,5935,0.0,0,288,10,271.0,10,0.4,10,2.2,10,992.3,10,,,85,10,0.0,10,0,10,,,0.0,10,4.4,,,0,5.0,,,0,,,2.6,10,-1.6,10,401,10
2008-03-09T05:00+00:00,5935,0.0,0,284,10,293.0,10,1.5,10,4.0,10,992.2,10,,,84,10,0.0,10,0,10,,,0.0,10,4.3,,,0,5.0,,,0,,,3.6,10,-2.0,10,551,10
2008-03-09T06:00+00:00,5935,8.0,0,271,10,278.0,10,1.2,10,3.6,10,992.4,10,,,85,10,0.0,10,0,10,,,0.0,10,4.2,,,0,4.9,,,0,,,3.7,10,1.2,10,605,10
2008-03-09T07:00+00:00,5935,61.0,0,282,10,294.0,10,1.1,10,2.4,10,992.8,10,,,84,10,0.0,10,0,10,,,0.0,10,4.2,,,0,4.9,,,0,,,4.3,10,2.2,10,713,10
2008-03-09T08:00+00:00,5935,141.0,0,310,10,306.0,10,1.0,10,2.7,10,992.9,10,,,80,10,0.0,10,0,10,,,0.4,10,4.2,,,0,4.8,,,0,,,5.8,10,3.6,10,858,10
2008-03-09T09:00+00:00,5935,343.0,0,314,10,300.0,10,1.3,10,3.8,10,992.7,10,,,68,10,0.0,10,0,10,,,0.9,10,4.3,,,0,4.8,,,0,,,9.1,10,8.9,10,918,10
2008-03-09T10:00+00:00,5935,561.0,0,345,10,8.0,10,1.5,10,3.9,10,992.3,10,,,63,10,0.0,10,0,10,,,1.0,10,4.4,,,0,4.8,,,0,,,9.9,10,16.9,10,1039,10
2008-03-09T11:00+00:00,5935,587.0,0,328,10,13.0,10,0.7,10,3.4,10,991.7,10,,,57,10,0.0,10,0,10,,,1.0,10,4.7,,,0,4.8,,,0,,,11.3,10,17.5,10,1116,10
2008-03-09T12:00+00:00,5935,590.0,0,105,10,83.0,10,0.5,10,5.3,10,990.9,10,,,58,10,0.0,10,0,10,,,1.0,10,5.0,,,0,4.8,,,0,,,11.6,10,14.1,10,1250,10
2008-03-09T13:00+00:00,5935,540.0,0,97,10,116.0,10,1.5,10,4.3,10,990.1,10,,,56,10,0.0,10,0,10,,,1.0,10,5.4,,,0,4.8,,,0,,,12.6,10,14.0,10,1329,10
2008-03-09T14:00+00:00,5935,446.0,0,137,10,118.0,10,1.9,10,6.4,10,989.5,10,,,51,10,0.0,10,0,10,,,1.0,10,5.8,,,0,4.9,,,0,,,13.3,10,18.1,10,1445,10
2008-03-09T15:00+00:00,5935,315.0,0,147,10,135.0,10,2.2,10,5.7,10,989.2,10,,,53,10,0.0,10,0,10,,,1.0,10,6.1,,,0,5.0,,,0,,,13.0,10,14.5,10,1551,10
2008-03-09T16:00+00:00,5935,157.0,0,127,10,106.0,10,2.9,10,8.1,10,988.9,10,,,55,10,0.0,10,0,10,,,1.0,10,6.2,,,0,5.1,,,0,,,12.1,10,10.8,10,1629,10
2008-03-09T17:00+00:00,5935,36.0,0,133,10,112.0,10,2.8,10,7.1,10,988.8,10,,,59,10,0.0,10,0,10,,,0.5,10,6.3,,,0,5.3,,,0,,,11.0,10,8.6,10,1735,10
2008-03-09T18:00+00:00,5935,1.0,0,140,10,127.0,10,2.5,10,7.0,10,989.0,10,,,65,10,0.0,10,0,10,,,0.0,10,6.2,,,0,5.4,,,0,,,10.3,10,7.7,10,1805,10
2008-03-09T19:00+00:00,5935,0.0,0,142,10,156.0,10,2.2,10,6.1,10,989.2,10,,,69,10,0.0,10,0,10,,,0.0,10,6.2,,,0,5.4,,,0,,,9.3,10,6.5,10,2000,10
2008-03-09T20:00+00:00,5935,0.0,0,138,10,148.0,10,2.1,10,5.0,10,989.3,10,,,73,10,0.0,10,0,10,,,0.0,10,6.1,,,0,5.5,,,0,,,8.9,10,6.2,10,2005,10
2008-03-09T21:00+00:00,5935,0.0,0,145,10,160.0,10,1.5,10,4.0,10,989.4,10,,,76,10,0.0,10,0,10,,,0.0,10,6.0,,,0,5.5,,,0,,,8.2,10,4.7,10,2106,10
2008-03-09T22:00+00:00,5935,0.0,0,146,10,157.0,10,0.7,10,3.1,10,989.3,10,,,81,10,0.0,10,0,10,,,0.0,10,5.9,,,0,5.6,,,0,,,7.1,10,2.5,10,2238,10
2008-03-09T23:00+00:00,5935,0.0,0,119,10,159.0,10,0.5,10,2.2,10,989.1,10,,,86,10,0.0,10,0,10,,,0.0,10,5.8,,,0,5.6,,,0,,,4.9,10,0.7,10,2322,10
2008-03-10T00:00+00:00,5935,0.0,0,73,10,81.0,10,0.4,10,2.1,10,988.9,10,,,91,10,0.0,10,0,10,,,0.0,10,5.7,,,0,5.6,,,0,,,3.8,10,-0.6,10,45,10
2008-03-10T01:00+00:00,5935,0.0,0,74,10,55.0,10,0.6,10,2.3,10,988.9,10,,,93,10,0.0,10,0,10,,,0.0,10,5.5,,,0,5.6,,,0,,,2.5,10,-1.3,10,104,10
2008-03-10T02:00+00:00,5935,0.0,0,15,10,115.0,10,0.1,10,2.9,10,988.8,10,,,93,10,0.0,10,0,10,,,0.0,10,5.4,,,0,5.5,,,0,,,2.3,10,-1.5,10,234,10
2008-03-10T03:00+00:00,5935,0.0,0,47,10,331.0,10,0.7,10,2.3,10,988.6,10,,,93,10,0.0,10,0,10,,,0.0,10,5.2,,,0,5.5,,,0,,,2.2,10,-1.1,10,302,10
2008-03-10T04:00+00:00,5935,0.0,0,347,10,315.0,10,0.4,10,1.2,10,988.5,10,,,94,10,0.0,10,0,10,,,0.0,10,5.1,,,0,5.5,,,0,,,0.7,10,-2.2,10,415,10
2008-03-10T05:00+00:00,5935,0.0,0,330,10,311.0,10,0.6,10,1.9,10,988.8,10,,,94,10,0.0,10,0,10,,,0.0,10,4.9,,,0,5.4,,,0,,,0.7,10,-2.4,10,529,10
2008-03-10T06:00+00:00,5935,12.0,0,5,10,13.0,10,0.3,10,1.1,10,988.9,10,,,94,10,0.0,10,0,10,,,0.0,10,4.8,,,0,5.4,,,0,,,1.2,10,-2.1,10,610,10
2008-03-10T07:00+00:00,5935,117.0,0,311,10,310.0,10,0.3,10,1.3,10,988.9,10,,,90,10,0.0,10,0,10,,,1.0,10,4.7,,,0,5.3,,,0,,,3.3,10,-1.4,10,746,10
2008-03-10T08:00+00:00,5935,259.0,0,156,10,191.0,10,0.9,10,3.6,10,988.9,10,,,81,10,0.0,10,0,10,,,1.0,10,4.6,,,0,5.3,,,0,,,5.4,10,3.6,10,837,10
2008-03-10T09:00+00:00,5935,409.0,0,119,10,92.0,10,1.1,10,4.0,10,988.4,10,,,74,10,0.0,10,0,10,,,1.0,10,4.7,,,0,5.2,,,0,,,7.1,10,8.7,10,951,10
2008-03-10T10:00+00:00,5935,530.0,0,113,10,85.0,10,2.1,10,5.9,10,987.5,10,,,68,10,0.0,10,0,10,,,1.0,10,4.8,,,0,5.2,,,0,,,8.7,10,14.7,10,1059,10
2008-03-10T11:00+00:00,5935,582.0,0,121,10,149.0,10,2.6,10,6.8,10,986.7,10,,,62,10,0.0,10,0,10,,,1.0,10,5.0,,,0,5.2,,,0,,,10.5,10,15.6,10,1139,10
2008-03-10T12:00+00:00,5935,588.0,0,140,10,92.0,10,2.8,10,8.3,10,985.1,10,,,59,10,0.0,10,0,10,,,1.0,10,5.3,,,0,5.2,,,0,,,11.5,10,13.4,10,1255,10
2008-03-10T13:00+00:00,5935,504.0,0,125,10,147.0,10,3.1,10,7.5,10,984.1,10,,,57,10,0.0,10,0,10,,,0.9,10,5.7,,,0,5.2,,,0,,,11.6,10,13.1,10,1314,10
2008-03-10T14:00+00:00,5935,422.0,0,116,10,123.0,10,3.0,10,7.8,10,982.7,10,,,53,10,0.0,10,0,10,,,0.9,10,6.0,,,0,5.3,,,0,,,12.8,10,14.3,10,1416,10
2008-03-10T15:00+00:00,5935,207.0,0,118,10,106.0,10,2.8,10,8.3,10,980.8,10,,,52,10,0.0,10,0,10,,,0.6,10,6.3,,,0,5.4,,,0,,,13.4,10,12.4,10,1557,10
2008-03-10T16:00+00:00,5935,147.0,0,108,10,114.0,10,3.1,10,8.2,10,979.4,10,,,52,10,0.0,10,0,10,,,0.7,10,6.4,,,0,5.5,,,0,,,13.5,10,11.1,10,1641,10
2008-03-10T17:00+00:00,5935,26.0,0,176,10,176.0,10,4.0,10,9.9,10,978.7,10,,,47,10,0.0,10,0,10,,,0.4,10,6.5,,,0,5.5,,,0,,,13.4,10,10.4,10,1726,10
2008-03-10T18:00+00:00,5935,0.0,0,172,10,164.0,10,3.7,10,9.4,10,978.3,10,,,49,10,0.0,10,0,10,,,0.0,10,6.5,,,0,5.6,,,0,,,12.3,10,9.4,10,1856,10
2008-03-10T19:00+00:00,5935,0.0,0,180,10,194.0,10,3.5,10,8.8,10,977.8,10,,,51,10,0.0,10,0,10,,,0.0,10,6.4,,,0,5.7,,,0,,,11.5,10,8.3,10,1910,10
2008-03-10T20:00+00:00,5935,0.0,0,175,10,201.0,10,3.1,10,9.0,10,977.4,10,,,52,10,0.0,10,0,10,,,0.0,10,6.4,,,0,5.8,,,0,,,10.7,10,7.2,10,2003,10
2008-03-10T21:00+00:00,5935,0.0,0,178,10,163.0,10,3.2,10,8.0,10,977.1,10,,,53,10,0.0,10,0,10,,,0.0,10,6.3,,,0,5.8,,,0,,,10.3,10,7.0,10,2142,10
2008-03-10T22:00+00:00,5935,0.0,0,177,10,177.0,10,3.0,10,7.6,10,976.6,10,,,55,10,0.0,10,0,10,,,0.0,10,6.2,,,0,5.8,,,0,,,9.6,10,6.4,10,2207,10
2008-03-10T23:00+00:00,5935,0.0,0,183,10,201.0,10,2.1,10,5.7,10,976.5,10,,,57,10,0.0,10,0,10,,,0.0,10,6.1,,,0,5.8,,,0,,,9.0,10,5.1,10,2303,10
2008-03-11T00:00+00:00,5935,0.0,0,187,10,166.0,10,1.1,10,2.8,10,976.5,10,,,59,10,0.0,10,0,10,,,0.0,10,6.0,,,0,5.8,,,0,,,8.3,10,1.9,10,45,10
2008-03-11T01:00+00:00,5935,0.0,0,158,10,218.0,10,0.7,10,3.7,10,976.6,10,,,66,10,0.0,10,0,10,,,0.0,10,5.9,,,0,5.8,,,0,,,6.6,10,0.9,10,106,10
2008-03-11T02:00+00:00,5935,0.0,0,135,10,132.0,10,0.4,10,1.8,10,976.6,10,,,77,10,0.0,10,0,10,,,0.0,10,5.8,,,0,5.8,,,0,,,4.0,10,-0.1,10,229,10
2008-03-11T03:00+00:00,5935,0.0,0,62,10,103.0,10,0.4,10,1.7,10,976.6,10,,,84,10,0.0,10,0,10,,,0.0,10,5.7,,,0,5.8,,,0,,,3.1,10,-0.6,10,314,10
2008-03-11T04:00+00:00,5935,0.0,0,6,10,341.0,10,0.5,10,2.1,10,977.3,10,,,87,10,0.0,10,0,10,,,0.0,10,5.5,,,0,5.8,,,0,,,3.1,10,-0.1,10,416,10
2008-03-11T05:00+00:00,5935,0.0,0,312,10,304.0,10,0.5,10,2.1,10,978.2,10,,,87,10,0.0,10,0,10,,,0.0,10,5.4,,,0,5.7,,,0,,,3.5,10,1.3,10,557,10
2008-03-11T06:00+00:00,5935,12.0,0,316,10,340.0,10,1.2,10,5.7,10,979.3,10,,,72,10,0.0,10,0,10,,,0.0,10,5.4,,,0,5.7,,,0,,,6.3,10,1.7,10,657,10
2008-03-11T07:00+00:00,5935,80.0,0,309,10,321.0,10,2.0,10,7.1,10,979.6,10,,,69,10,0.0,10,0,10,,,0.2,10,5.3,,,0,5.6,,,0,,,7.4,10,4.7,10,707,10
2008-03-11T08:00+00:00,5935,201.0,0,281,10,260.0,10,2.0,10,6.7,10,980.7,10,,,62,10,0.0,10,0,10,,,0.6,10,5.3,,,0,5.6,,,0,,,10.6,10,7.0,10,854,10
2008-03-11T09:00+00:00,5935,191.0,0,263,10,235.0,10,3.8,10,8.2,10,981.4,10,,,71,10,0.0,10,22,10,,,0.0,10,5.5,,,0,5.6,,,0,,,9.4,10,11.2,10,932,10
2008-03-11T10:00+00:00,5935,116.0,0,261,10,289.0,10,3.6,10,8.3,10,982.4,10,,,80,10,0.1,10,60,10,,,0.0,10,5.6,,,0,5.6,,,0,,,8.2,10,7.5,10,1011,10
2008-03-11T11:00+00:00,5935,105.0,0,272,10,284.0,10,2.7,10,8.3,10,983.0,10,,,84,10,1.4,10,60,10,,,0.0,10,5.7,,,0,5.6,,,0,,,7.8,10,7.4,10,1103,10
2008-03-11T12:00+00:00,5935,274.0,0,281,10,276.0,10,2.2,10,7.3,10,982.8,10,,,76,10,0.2,10,45,10,,,0.3,10,5.8,,,0,5.6,,,0,,,9.9,10,8.2,10,1254,10
2008-03-11T13:00+00:00,5935,365.0,0,275,10,278.0,10,2.4,10,7.0,10,982.4,10,,,64,10,0.0,10,0,10,,,0.7,10,6.0,,,0,5.6,,,0,,,11.8,10,10.9,10,1307,10
2008-03-11T14:00+00:00,5935,384.0,0,283,10,283.0,10,2.5,10,6.1,10,982.5,10,,,57,10,0.0,10,0,10,,,0.7,10,6.3,,,0,5.6,,,0,,,12.3,10,13.3,10,1423,10
2008-03-11T15:00+00:00,5935,151.0,0,285,10,301.0,10,2.3,10,5.4,10,982.7,10,,,57,10,0.0,10,0,10,,,0.1,10,6.5,,,0,5.7,,,0,,,11.9,10,11.8,10,1524,10
2008-03-11T16:00+00:00,5935,87.0,0,270,10,256.0,10,2.2,10,5.7,10,983.1,10,,,56,10,0.0,10,0,10,,,0.0,10,6.7,,,0,5.8,,,0,,,11.6,10,10.7,10,1607,10
2008-03-11T17:00+00:00,5935,25.0,0,280,10,279.0,10,1.6,10,4.2,10,983.7,10,,,55,10,0.0,10,0,10,,,0.1,10,6.7,,,0,5.9,,,0,,,11.2,10,9.0,10,1740,10
2008-03-11T18:00+00:00,5935,1.0,0,291,10,298.0,10,0.8,10,2.6,10,984.3,10,,,59,10,0.0,10,0,10,,,0.0,10,6.7,,,0,5.9,,,0,,,9.5,10,4.4,10,1900,10
2008-03-11T19:00+00:00,5935,0.0,0,226,10,221.0,10,0.9,10,2.3,10,984.5,10,,,61,10,0.0,10,0,10,,,0.0,10,6.6,,,0,6.0,,,0,,,8.4,10,1.6,10,1939,10
2008-03-11T20:00+00:00,5935,0.0,0,223,10,226.0,10,1.5,10,2.7,10,984.9,10,,,64,10,0.0,10,0,10,,,0.0,10,6.5,,,0,6.0,,,0,,,7.3,10,1.0,10,2046,10
2008-03-11T21:00+00:00,5935,0.0,0,225,10,220.0,10,1.4,10,2.6,10,985.1,10,,,67,10,0.0,10,0,10,,,0.0,10,6.3,,,0,6.0,,,0,,,6.1,10,0.1,10,2200,10
2008-03-11T22:00+00:00,5935,0.0,0,225,10,234.0,10,1.0,10,3.3,10,984.9,10,,,65,10,0.0,10,0,10,,,0.0,10,6.1,,,0,6.0,,,0,,,7.0,10,-0.6,10,2255,10
2008-03-11T23:00+00:00,5935,0.0,0,209,10,206.0,10,1.3,10,3.2,10,984.5,10,,,66,10,0.0,10,0,10,,,0.0,10,6.0,,,0,6.0,,,0,,,6.1,10,-0.1,10,2400,10
2008-03-12T00:00+00:00,5935,0.0,0,190,10,195.0,10,1.0,10,2.7,10,984.2,10,,,72,10,0.0,10,0,10,,,0.0,10,5.8,,,0,6.0,,,0,,,5.0,10,-0.3,10,23,10
2008-03-12T01:00+00:00,5935,0.0,0,174,10,163.0,10,1.3,10,3.3,10,983.9,10,,,70,10,0.0,10,0,10,,,0.0,10,5.7,,,0,6.0,,,0,,,5.7,10,1.2,10,112,10
2008-03-12T02:00+00:00,5935,0.0,0,175,10,159.0,10,1.4,10,4.3,10,983.2,10,,,72,10,0.1,10,14,10,,,0.0,10,5.7,,,0,5.9,,,0,,,6.3,10,4.0,10,255,10
2008-03-12T03:00+00:00,5935,0.0,0,206,10,191.0,10,1.6,10,4.1,10,982.8,10,,,73,10,0.0,10,0,10,,,0.0,10,5.6,,,0,5.9,,,0,,,6.4,10,4.0,10,324,10
2008-03-12T04:00+00:00,5935,0.0,0,177,10,158.0,10,1.4,10,4.2,10,981.6,10,,,68,10,0.0,10,0,10,,,0.0,10,5.6,,,0,5.8,,,0,,,7.0,10,4.5,10,432,10
2008-03-12T05:00+00:00,5935,0.0,0,164,10,169.0,10,1.1,10,4.1,10,980.8,10,,,73,10,0.1,10,10,10,,,0.0,10,5.6,,,0,5.8,,,0,,,7.1,10,4.7,10,521,10
2008-03-12T06:00+00:00,5935,4.0,0,183,10,198.0,10,1.6,10,3.9,10,980.9,10,,,70,10,0.0,10,0,10,,,0.0,10,5.6,,,0,5.8,,,0,,,7.7,10,4.6,10,617,10
2008-03-12T07:00+00:00,5935,10.0,0,164,10,248.0,10,0.9,10,4.0,10,980.8,10,,,79,10,1.6,10,39,10,,,0.0,10,5.6,,,0,5.8,,,0,,,7.5,10,5.7,10,720,10
2008-03-12T08:00+00:00,5935,54.0,0,148,10,132.0,10,1.0,10,3.3,10,981.4,10,,,84,10,0.2,10,22,10,,,0.0,10,5.6,,,0,5.7,,,0,,,7.6,10,6.0,10,802,10
2008-03-12T09:00+00:00,5935,71.0,0,69,10,48.0,10,1.6,10,3.6,10,982.3,10,,,92,10,0.9,10,41,10,,,0.0,10,5.7,,,0,5.7,,,0,,,7.4,10,7.2,10,953,10
2008-03-12T10:00+00:00,5935,182.0,0,141,10,123.0,10,1.3,10,5.6,10,982.0,10,,,89,10,0.8,10,30,10,,,0.0,10,5.8,,,0,5.7,,,0,,,8.4,10,7.1,10,1026,10
2008-03-12T11:00+00:00,5935,281.0,0,176,10,220.0,10,0.4,10,2.1,10,982.3,10,,,87,10,0.5,10,47,10,,,0.0,10,5.9,,,0,5.7,,,0,,,10.3,10,10.9,10,1115,10
2008-03-12T12:00+00:00,5935,206.0,0,203,10,268.0,10,1.9,10,6.8,10,982.6,10,,,81,10,0.3,10,51,10,,,0.0,10,6.2,,,0,5.8,,,0,,,11.8,10,11.0,10,1255,10
2008-03-12T13:00+00:00,5935,224.0,0,237,10,240.0,10,3.5,10,8.1,10,981.5,10,,,73,10,0.4,10,26,10,,,0.1,10,6.4,,,0,5.8,,,0,,,12.0,10,10.8,10,1317,10
2008-03-12T14:00+00:00,5935,353.0,0,256,10,253.0,10,5.1,10,16.9,10,981.4,10,,,65,10,0.0,10,0,10,,,0.6,10,6.6,,,0,5.8,,,0,,,12.2,10,11.2,10,1443,10
2008-03-12T15:00+00:00,5935,336.0,0,264,10,232.0,10,6.0,10,15.6,10,980.8,10,,,58,10,0.0,10,0,10,,,0.8,10,6.8,,,0,5.9,,,0,,,13.2,10,10.5,10,1545,10
2008-03-12T16:00+00:00,5935,208.0,0,262,10,236.0,10,5.3,10,13.7,10,980.4,10,,,55,10,0.0,10,0,10,,,1.0,10,6.9,,,0,6.0,,,0,,,13.3,10,10.9,10,1628,10
2008-03-12T17:00+00:00,5935,48.0,0,260,10,252.0,10,5.1,10,13.8,10,981.2,10,,,59,10,0.0,10,0,10,,,0.7,10,7.0,,,0,6.1,,,0,,,12.4,10,9.4,10,1730,10
2008-03-12T18:00+00:00,5935,1.0,0,282,10,279.0,10,3.4,10,10.4,10,982.8,10,,,64,10,0.0,10,0,10,,,0.0,10,7.0,,,0,6.1,,,0,,,11.1,10,7.5,10,1815,10
2008-03-12T19:00+00:00,5935,0.0,0,252,10,297.0,10,1.8,10,6.5,10,983.9,10,,,63,10,0.0,10,0,10,,,0.0,10,6.9,,,0,6.2,,,0,,,10.8,10,6.6,10,1906,10
2008-03-12T20:00+00:00,5935,0.0,0,281,10,267.0,10,3.6,10,10.7,10,985.3,10,,,54,10,0.0,10,0,10,,,0.0,10,6.9,,,0,6.2,,,0,,,10.6,10,6.7,10,2020,10
2008-03-12T21:00+00:00,5935,0.0,0,279,10,264.0,10,3.1,10,10.9,10,986.7,10,,,57,10,0.0,10,0,10,,,0.0,10,6.8,,,0,6.3,,,0,,,9.8,10,6.0,10,2111,10
2008-03-12T22:00+00:00,5935,0.0,0,264,10,298.0,10,3.4,10,9.8,10,987.5,10,,,55,10,0.0,10,0,10,,,0.0,10,6.7,,,0,6.3,,,0,,,9.2,10,5.4,10,2254,10
2008-03-12T23:00+00:00,5935,0.0,0,275,10,255.0,10,3.8,10,13.0,10,987.9,10,,,54,10,0.0,10,0,10,,,0.0,10,6.6,,,0,6.3,,,0,,,8.7,10,5.0,10,2356,10
2008-03-13T00:00+00:00,5935,0.0,0,266,10,273.0,10,4.0,10,11.0,10,988.7,10,,,56,10,0.0,10,0,10,,,0.0,10,6.5,,,0,6.3,,,0,,,8.0,10,4.4,10,7,10
2008-03-13T01:00+00:00,5935,0.0,0,259,10,250.0,10,3.4,10,9.9,10,989.6,10,,,58,10,0.0,10,0,10,,,0.0,10,6.4,,,0,6.3,,,0,,,7.6,10,4.3,10,138,10
2008-03-13T02:00+00:00,5935,0.0,0,254,10,254.0,10,3.5,10,8.0,10,990.4,10,,,62,10,0.0,10,0,10,,,0.0,10,6.3,,,0,6.3,,,0,,,7.2,10,3.9,10,242,10
2008-03-13T03:00+00:00,5935,0.0,0,264,10,280.0,10,3.9,10,12.7,10,990.5,10,,,62,10,0.0,10,0,10,,,0.0,10,6.2,,,0,6.2,,,0,,,6.8,10,4.2,10,345,10
2008-03-13T04:00+00:00,5935,0.0,0,272,10,260.0,10,5.1,10,13.4,10,991.3,10,,,60,10,0.0,10,0,10,,,0.0,10,6.1,,,0,6.2,,,0,,,7.1,10,4.3,10,451,10
2008-03-13T05:00+00:00,5935,0.0,0,270,10,285.0,10,4.5,10,12.4,10,991.9,10,,,61,10,0.0,10,0,10,,,0.0,10,6.0,,,0,6.2,,,0,,,6.5,10,4.1,10,511,10
2008-03-13T06:00+00:00,5935,16.0,0,271,10,285.0,10,4.0,10,12.1,10,992.5,10,,,60,10,0.0,10,0,10,,,0.2,10,5.9,,,0,6.1,,,0,,,6.6,10,3.6,10,700,10
2008-03-13T07:00+00:00,5935,144.0,0,268,10,262.0,10,3.7,10,9.8,10,993.1,10,,,57,10,0.0,10,0,10,,,0.9,10,5.9,,,0,6.1,,,0,,,7.5,10,4.0,10,704,10
2008-03-13T08:00+00:00,5935,226.0,0,273,10,293.0,10,5.4,10,13.1,10,993.7,10,,,55,10,0.0,10,0,10,,,0.6,10,5.8,,,0,6.1,,,0,,,7.8,10,7.7,10,837,10
2008-03-13T09:00+00:00,5935,277.0,0,270,10,275.0,10,5.2,10,13.5,10,993.6,10,,,56,10,0.0,10,0,10,,,0.3,10,5.9,,,0,6.0,,,0,,,8.2,10,9.5,10,941,10
2008-03-13T10:00+00:00,5935,535.0,0,272,10,286.0,10,6.2,10,13.9,10,993.6,10,,,53,10,0.0,10,0,10,,,1.0,10,6.0,,,0,6.0,,,0,,,9.8,10,11.8,10,1015,10
2008-03-13T11:00+00:00,5935,359.0,0,273,10,273.0,10,5.8,10,14.5,10,994.0,10,,,57,10,0.1,10,9,10,,,0.4,10,6.1,,,0,6.0,,,0,,,8.9,10,8.1,10,1101,10
2008-03-13T12:00+00:00,5935,125.0,0,264,10,250.0,10,4.7,10,11.0,10,993.8,10,,,56,10,0.3,10,18,10,,,0.0,10,6.2,,,0,6.0,,,0,,,8.1,10,5.5,10,1245,10
2008-03-13T13:00+00:00,5935,149.0,0,255,10,258.0,10,5.4,10,12.5,10,993.5,10,,,58,10,0.1,10,4,10,,,0.0,10,6.3,,,0,6.0,,,0,,,8.4,10,5.4,10,1315,10
2008-03-13T14:00+00:00,5935,221.0,0,258,10,269.0,10,4.9,10,12.0,10,993.2,10,,,61,10,0.0,10,0,10,,,0.3,10,6.3,,,0,6.0,,,0,,,8.6,10,7.6,10,1429,10
2008-03-13T15:00+00:00,5935,386.0,0,261,10,286.0,10,4.8,10,11.3,10,992.8,10,,,59,10,0.0,10,0,10,,,1.0,10,6.4,,,0,6.1,,,0,,,9.5,10,11.0,10,1501,10
2008-03-13T16:00+00:00,5935,174.0,0,261,10,265.0,10,5.0,10,11.7,10,993.3,10,,,61,10,0.0,10,0,10,,,0.8,10,6.5,,,0,6.1,,,0,,,8.2,10,7.4,10,1612,10
2008-03-13T17:00+00:00,5935,13.0,0,313,10,330.0,10,2.8,10,14.2,10,994.6,10,,,89,10,2.9,10,34,10,,,0.0,10,6.4,,,0,6.1,,,0,,,4.3,10,0.4,10,1708,10
2008-03-13T18:00+00:00,5935,1.0,0,272,10,309.0,10,1.3,10,6.3,10,994.7,10,,,83,10,0.0,10,0,10,,,0.0,10,6.3,,,0,6.1,,,0,,,5.4,10,1.1,10,1855,10
2008-03-13T19:00+00:00,5935,0.0,0,279,10,300.0,10,3.5,10,8.7,10,995.4,10,,,72,10,0.0,10,0,10,,,0.0,10,6.1,,,0,6.1,,,0,,,6.0,10,2.6,10,1923,10
2008-03-13T20:00+00:00,5935,0.0,0,270,10,260.0,10,3.0,10,7.1,10,995.6,10,,,72,10,0.0,10,0,10,,,0.0,10,6.0,,,0,6.1,,,0,,,6.0,10,2.8,10,2019,10
2008-03-13T21:00+00:00,5935,0.0,0,270,10,288.0,10,2.9,10,8.4,10,995.7,10,,,74,10,0.0,10,0,10,,,0.0,10,5.9,,,0,6.1,,,0,,,6.4,10,3.0,10,2130,10
2008-03-13T22:00+00:00,5935,0.0,0,269,10,251.0,10,3.0,10,6.6,10,996.1,10,,,72,10,0.0,10,0,10,,,0.0,10,5.9,,,0,6.1,,,0,,,6.1,10,3.0,10,2245,10
2008-03-13T23:00+00:00,5935,0.0,0,266,10,264.0,10,3.1,10,8.8,10,996.1,10,,,70,10,0.0,10,0,10,,,0.0,10,5.8,,,0,6.1,,,0,,,6.3,10,2.7,10,2347,10
2008-03-14T00:00+00:00,5935,0.0,0,268,10,292.0,10,3.6,10,8.4,10,996.0,10,,,73,10,0.0,10,0,10,,,0.0,10,5.8,,,0,6.0,,,0,,,6.1,10,3.0,10,46,10
2008-03-14T01:00+00:00,5935,0.0,0,271,10,276.0,10,4.1,10,9.1,10,995.8,10,,,72,10,0.0,10,0,10,,,0.0,10,5.7,,,0,6.0,,,0,,,6.3,10,3.0,10,144,10
2008-03-14T02:00+00:00,5935,0.0,0,274,10,276.0,10,4.2,10,9.0,10,995.6,10,,,71,10,0.0,10,0,10,,,0.0,10,5.7,,,0,6.0,,,0,,,6.4,10,3.6,10,238,10
2008-03-14T03:00+00:00,5935,0.0,0,280,10,292.0,10,3.3,10,7.8,10,995.8,10,,,69,10,0.0,10,0,10,,,0.0,10,5.6,,,0,6.0,,,0,,,6.2,10,3.6,10,400,10
2008-03-14T04:00+00:00,5935,0.0,0,278,10,295.0,10,2.1,10,7.1,10,996.2,10,,,69,10,0.0,10,0,10,,,0.0,10,5.6,,,0,5.9,,,0,,,6.2,10,3.9,10,407,10
2008-03-14T05:00+00:00,5935,0.0,0,268,10,274.0,10,1.8,10,5.3,10,996.2,10,,,73,10,0.0,10,0,10,,,0.0,10,5.6,,,0,5.9,,,0,,,5.9,10,3.3,10,505,10
2008-03-14T06:00+00:00,5935,13.0,0,249,10,255.0,10,1.3,10,4.0,10,996.0,10,,,73,10,0.0,10,0,10,,,0.1,10,5.5,,,0,5.9,,,0,,,6.2,10,3.5,10,636,10
2008-03-14T07:00+00:00,5935,75.0,0,258,10,253.0,10,1.6,10,4.5,10,995.7,10,,,72,10,0.0,10,0,10,,,0.0,10,5.5,,,0,5.8,,,0,,,7.2,10,4.8,10,724,10
2008-03-14T08:00+00:00,5935,128.0,0,249,10,257.0,10,1.5,10,7.6,10,995.5,10,,,69,10,0.0,10,0,10,,,0.0,10,5.6,,,0,5.8,,,0,,,8.3,10,7.4,10,852,10
2008-03-14T09:00+00:00,5935,125.0,0,221,10,282.0,10,2.4,10,5.7,10,995.1,10,,,68,10,0.0,10,0,10,,,0.0,10,5.7,,,0,5.8,,,0,,,8.3,10,8.6,10,1000,10
2008-03-14T10:00+00:00,5935,96.0,0,201,10,219.0,10,1.8,10,4.6,10,994.7,10,,,74,10,0.1,10,44,10,,,0.0,10,5.8,,,0,5.8,,,0,,,7.7,10,7.6,10,1005,10
2008-03-14T11:00+00:00,5935,139.0,0,180,10,188.0,10,1.9,10,4.7,10,993.9,10,,,81,10,0.4,10,60,10,,,0.0,10,5.8,,,0,5.8,,,0,,,7.4,10,7.5,10,1140,10
2008-03-14T12:00+00:00,5935,144.0,0,201,10,203.0,10,2.6,10,5.6,10,993.1,10,,,87,10,0.8,10,60,10,,,0.0,10,5.9,,,0,5.8,,,0,,,7.2,10,7.7,10,1201,10
2008-03-14T13:00+00:00,5935,114.0,0,200,10,205.0,10,2.3,10,5.4,10,992.2,10,,,88,10,0.8,10,60,10,,,0.0,10,6.0,,,0,5.8,,,0,,,7.4,10,7.5,10,1305,10
2008-03-14T14:00+00:00,5935,84.0,0,192,10,189.0,10,1.5,10,3.6,10,991.6,10,,,88,10,1.0,10,60,10,,,0.0,10,6.1,,,0,5.9,,,0,,,7.6,10,7.6,10,1441,10
2008-03-14T15:00+00:00,5935,50.0,0,188,10,155.0,10,1.3,10,3.8,10,991.3,10,,,92,10,1.7,10,60,10,,,0.0,10,6.2,,,0,5.9,,,0,,,7.6,10,7.4,10,1559,10
2008-03-14T16:00+00:00,5935,25.0,0,165,10,179.0,10,1.8,10,3.5,10,990.8,10,,,93,10,0.8,10,60,10,,,0.0,10,6.3,,,0,5.9,,,0,,,7.8,10,7.3,10,1634,10
2008-03-14T17:00+00:00,5935,11.0,0,142,10,139.0,10,1.3,10,2.6,10,990.8,10,,,93,10,0.5,10,60,10,,,0.0,10,6.3,,,0,6.0,,,0,,,8.2,10,7.3,10,1701,10
2008-03-14T18:00+00:00,5935,0.0,0,278,10,285.0,10,2.4,10,8.3,10,990.8,10,,,80,10,0.3,10,50,10,,,0.0,10,6.3,,,0,6.0,,,0,,,9.5,10,7.3,10,1839,10
2008-03-14T19:00+00:00,5935,0.0,0,255,10,292.0,10,1.5,10,7.2,10,991.4,10,,,82,10,0.6,10,59,10,,,0.0,10,6.3,,,0,6.0,,,0,,,9.4,10,7.4,10,2000,10
2008-03-14T20:00+00:00,5935,0.0,0,294,10,296.0,10,2.5,10,9.3,10,992.1,10,,,73,10,0.0,10,5,10,,,0.0,10,6.3,,,0,6.0,,,0,,,9.9,10,7.1,10,2059,10
2008-03-14T21:00+00:00,5935,0.0,0,299,10,293.0,10,3.6,10,7.9,10,992.9,10,,,76,10,0.0,10,0,10,,,0.0,10,6.4,,,0,6.1,,,0,,,9.4,10,7.2,10,2114,10
2008-03-14T22:00+00:00,5935,0.0,0,297,10,294.0,10,3.3,10,7.9,10,993.9,10,,,69,10,0.0,10,0,10,,,0.0,10,6.4,,,0,6.1,,,0,,,9.0,10,5.8,10,2244,10
2008-03-14T23:00+00:00,5935,0.0,0,299,10,316.0,10,3.1,10,7.9,10,994.8,10,,,67,10,0.0,10,0,10,,,0.0,10,6.3,,,0,6.1,,,0,,,8.4,10,4.7,10,2400,10
2008-03-15T00:00+00:00,5935,0.0,0,299,10,292.0,10,2.1,10,6.7,10,995.2,10,,,67,10,0.0,10,0,10,,,0.0,10,6.3,,,0,6.1,,,0,,,7.6,10,3.1,10,100,10
2008-03-15T01:00+00:00,5935,0.0,0,300,10,291.0,10,2.0,10,6.8,10,995.7,10,,,65,10,0.0,10,0,10,,,0.0,10,6.2,,,0,6.1,,,0,,,7.8,10,3.0,10,154,10
2008-03-15T02:00+00:00,5935,0.0,0,290,10,288.0,10,2.3,10,7.2,10,996.2,10,,,68,10,0.0,10,0,10,,,0.0,10,6.1,,,0,6.1,,,0,,,7.0,10,2.4,10,207,10
2008-03-15T03:00+00:00,5935,0.0,0,291,10,305.0,10,2.3,10,6.7,10,996.7,10,,,64,10,0.0,10,0,10,,,0.0,10,6.0,,,0,6.1,,,0,,,6.8,10,2.1,10,307,10
2008-03-15T04:00+00:00,5935,0.0,0,291,10,331.0,10,2.1,10,5.9,10,997.3,10,,,62,10,0.0,10,0,10,,,0.0,10,6.0,,,0,6.1,,,0,,,6.2,10,1.4,10,449,10
2008-03-15T05:00+00:00,5935,0.0,0,291,10,259.0,10,2.2,10,7.3,10,997.8,10,,,65,10,0.0,10,0,10,,,0.0,10,5.8,,,0,6.1,,,0,,,5.7,10,0.7,10,519,10
2008-03-15T06:00+00:00,5935,22.0,0,283,10,298.0,10,2.0,10,4.8,10,998.4,10,,,66,10,0.0,10,0,10,,,0.6,10,5.7,,,0,6.0,,,0,,,5.9,10,-0.2,10,654,10
2008-03-15T07:00+00:00,5935,165.0,0,303,10,306.0,10,2.0,10,4.7,10,998.7,10,,,62,10,0.0,10,0,10,,,1.0,10,5.6,,,0,6.0,,,0,,,7.3,10,2.6,10,706,10
2008-03-15T08:00+00:00,5935,340.0,0,302,10,285.0,10,2.6,10,7.1,10,999.1,10,,,55,10,0.0,10,0,10,,,1.0,10,5.6,,,0,6.0,,,0,,,8.8,10,7.6,10,856,10
2008-03-15T09:00+00:00,5935,493.0,0,306,10,320.0,10,3.7,10,8.2,10,998.8,10,,,52,10,0.0,10,0,10,,,1.0,10,5.6,,,0,5.9,,,0,,,9.8,10,13.4,10,920,10
2008-03-15T10:00+00:00,5935,609.0,0,292,10,307.0,10,3.6,10,8.2,10,998.6,10,,,50,10,0.0,10,0,10,,,1.0,10,5.7,,,0,5.9,,,0,,,10.7,10,16.0,10,1026,10
2008-03-15T11:00+00:00,5935,665.0,0,311,10,321.0,10,2.6,10,6.1,10,998.0,10,,,50,10,0.0,10,0,10,,,1.0,10,5.9,,,0,5.9,,,0,,,11.7,10,17.6,10,1115,10
2008-03-15T12:00+00:00,5935,667.0,0,319,10,315.0,10,1.7,10,4.9,10,997.1,10,,,49,10,0.0,10,0,10,,,1.0,10,6.1,,,0,5.9,,,0,,,12.1,10,13.4,10,1225,10
2008-03-15T13:00+00:00,5935,623.0,0,82,10,130.0,10,0.7,10,3.8,10,996.4,10,,,45,10,0.0,10,0,10,,,1.0,10,6.5,,,0,5.9,,,0,,,13.6,10,13.5,10,1355,10
2008-03-15T14:00+00:00,5935,520.0,0,110,10,159.0,10,0.9,10,5.7,10,995.7,10,,,46,10,0.0,10,0,10,,,1.0,10,6.8,,,0,6.0,,,0,,,13.5,10,20.5,10,1456,10
2008-03-15T15:00+00:00,5935,362.0,0,106,10,90.0,10,2.5,10,5.8,10,994.9,10,,,48,10,0.0,10,0,10,,,1.0,10,7.1,,,0,6.1,,,0,,,13.2,10,16.0,10,1506,10
2008-03-15T16:00+00:00,5935,213.0,0,105,10,105.0,10,2.6,10,6.4,10,994.3,10,,,49,10,0.0,10,0,10,,,1.0,10,7.3,,,0,6.2,,,0,,,12.3,10,11.3,10,1642,10
2008-03-15T17:00+00:00,5935,49.0,0,103,10,107.0,10,2.6,10,7.2,10,993.7,10,,,55,10,0.0,10,0,10,,,0.4,10,7.3,,,0,6.3,,,0,,,10.8,10,8.1,10,1709,10
2008-03-15T18:00+00:00,5935,1.0,0,105,10,106.0,10,2.2,10,5.0,10,993.1,10,,,61,10,0.0,10,0,10,,,0.0,10,7.3,,,0,6.4,,,0,,,9.4,10,6.7,10,1856,10
2008-03-15T19:00+00:00,5935,0.0,0,104,10,105.0,10,1.9,10,4.3,10,992.4,10,,,68,10,0.0,10,0,10,,,0.0,10,7.2,,,0,6.4,,,0,,,8.3,10,5.3,10,1916,10
2008-03-15T20:00+00:00,5935,0.0,0,105,10,128.0,10,1.3,10,3.7,10,991.4,10,,,74,10,0.0,10,0,10,,,0.0,10,7.1,,,0,6.5,,,0,,,7.7,10,4.5,10,2008,10
2008-03-15T21:00+00:00,5935,0.0,0,103,10,120.0,10,1.2,10,2.7,10,990.5,10,,,76,10,0.0,10,0,10,,,0.0,10,7.0,,,0,6.5,,,0,,,7.9,10,4.1,10,2112,10
2008-03-15T22:00+00:00,5935,0.0,0,106,10,140.0,10,1.3,10,3.2,10,989.6,10,,,78,10,0.0,10,0,10,,,0.0,10,6.9,,,0,6.5,,,0,,,7.5,10,4.6,10,2218,10
2008-03-15T23:00+00:00,5935,0.0,0,115,10,102.0,10,1.1,10,2.8,10,988.6,10,,,77,10,0.0,10,0,10,,,0.0,10,6.8,,,0,6.6,,,0,,,8.1,10,5.3,10,2309,10
2008-03-16T00:00+00:00,5935,0.0,0,99,10,135.0,10,0.9,10,3.0,10,988.1,10,,,79,10,0.0,10,0,10,,,0.0,10,6.8,,,0,6.5,,,0,,,7.7,10,5.0,10,15,10
2008-03-16T01:00+00:00,5935,0.0,0,105,10,120.0,10,1.1,10,3.0,10,987.2,10,,,79,10,0.0,10,0,10,,,0.0,10,6.7,,,0,6.5,,,0,,,7.6,10,5.0,10,131,10
2008-03-16T02:00+00:00,5935,0.0,0,96,10,95.0,10,0.9,10,2.4,10,986.4,10,,,82,10,0.0,10,0,10,,,0.0,10,6.7,,,0,6.5,,,0,,,6.8,10,3.9,10,218,10
2008-03-16T03:00+00:00,5935,0.0,0,69,10,72.0,10,0.8,10,2.4,10,985.8,10,,,86,10,0.0,10,0,10,,,0.0,10,6.6,,,0,6.5,,,0,,,5.6,10,2.9,10,329,10
2008-03-16T04:00+00:00,5935,0.0,0,12,10,64.0,10,0.5,10,1.4,10,985.5,10,,,91,10,0.0,10,0,10,,,0.0,10,6.5,,,0,6.5,,,0,,,4.4,10,1.9,10,422,10
2008-03-16T05:00+00:00,5935,0.0,0,356,10,351.0,10,0.8,10,1.7,10,985.4,10,,,91,10,0.0,10,0,10,,,0.0,10,6.4,,,0,6.5,,,0,,,4.7,10,2.1,10,558,10
2008-03-16T06:00+00:00,5935,15.0,0,327,10,317.0,10,0.9,10,1.9,10,985.9,10,,,91,10,0.0,10,0,10,,,0.0,10,6.3,,,0,6.5,,,0,,,4.8,10,2.5,10,621,10
2008-03-16T07:00+00:00,5935,64.0,0,314,10,286.0,10,1.5,10,4.8,10,986.6,10,,,86,10,0.0,10,0,10,,,0.0,10,6.3,,,0,6.4,,,0,,,5.8,10,3.7,10,708,10
2008-03-16T08:00+00:00,5935,166.0,0,349,10,321.0,10,1.5,10,5.0,10,986.4,10,,,81,10,0.0,10,0,10,,,0.0,10,6.3,,,0,6.4,,,0,,,7.2,10,7.0,10,835,10
2008-03-16T09:00+00:00,5935,332.0,0,71,10,74.0,10,1.1,10,3.5,10,986.6,10,,,71,10,0.0,10,0,10,,,0.6,10,6.4,,,0,6.4,,,0,,,10.4,10,10.5,10,917,10
2008-03-16T10:00+00:00,5935,77.0,0,288,10,292.0,10,2.8,10,9.6,10,987.0,10,,,65,10,0.0,10,0,10,,,0.0,10,6.5,,,0,6.4,,,0,,,12.0,10,11.1,10,1034,10
2008-03-16T11:00+00:00,5935,129.0,0,283,10,290.0,10,3.2,10,9.6,10,987.2,10,,,65,10,0.0,10,0,10,,,0.0,10,6.6,,,0,6.4,,,0,,,12.4,10,11.7,10,1112,10
2008-03-16T12:00+00:00,5935,190.0,0,274,10,270.0,10,3.8,10,9.4,10,987.0,10,,,65,10,0.0,10,0,10,,,0.0,10,6.7,,,0,6.4,,,0,,,12.5,10,13.5,10,1223,10
2008-03-16T13:00+00:00,5935,145.0,0,271,10,231.0,10,3.5,10,8.2,10,986.5,10,,,63,10,0.0,10,0,10,,,0.0,10,6.9,,,0,6.4,,,0,,,12.7,10,12.9,10,1323,10
2008-03-16T14:00+00:00,5935,80.0,0,265,10,284.0,10,3.5,10,9.4,10,986.2,10,,,70,10,0.1,10,27,10,,,0.0,10,7.0,,,0,6.4,,,0,,,11.4,10,9.9,10,1431,10
2008-03-16T15:00+00:00,5935,66.0,0,258,10,258.0,10,2.5,10,6.4,10,985.4,10,,,67,10,0.0,10,0,10,,,0.0,10,7.1,,,0,6.5,,,0,,,12.0,10,9.8,10,1550,10
2008-03-16T16:00+00:00,5935,45.0,0,273,10,287.0,10,2.2,10,6.7,10,985.1,10,,,64,10,0.0,10,0,10,,,0.0,10,7.2,,,0,6.5,,,0,,,11.7,10,9.8,10,1649,10
2008-03-16T17:00+00:00,5935,13.0,0,269,10,283.0,10,2.8,10,7.9,10,985.2,10,,,63,10,0.0,10,14,10,,,0.0,10,7.2,,,0,6.6,,,0,,,11.2,10,8.8,10,1721,10
2008-03-16T18:00+00:00,5935,0.0,0,274,10,275.0,10,2.8,10,7.4,10,985.1,10,,,62,10,0.0,10,0,10,,,0.0,10,7.2,,,0,6.6,,,0,,,11.0,10,8.7,10,1841,10
2008-03-16T19:00+00:00,5935,0.0,0,260,10,257.0,10,2.4,10,7.0,10,985.0,10,,,60,10,0.0,10,0,10,,,0.0,10,7.2,,,0,6.6,,,0,,,11.0,10,8.6,10,1910,10
2008-03-16T20:00+00:00,5935,0.0,0,250,10,267.0,10,2.3,10,7.4,10,985.1,10,,,61,10,0.0,10,0,10,,,0.0,10,7.2,,,0,6.7,,,0,,,10.6,10,8.1,10,2042,10
2008-03-16T21:00+00:00,5935,0.0,0,241,10,240.0,10,2.9,10,6.1,10,985.0,10,,,62,10,0.0,10,0,10,,,0.0,10,7.1,,,0,6.7,,,0,,,10.2,10,8.1,10,2147,10
2008-03-16T22:00+00:00,5935,0.0,0,240,10,243.0,10,2.8,10,7.1,10,984.9,10,,,63,10,0.0,10,0,10,,,0.0,10,7.1,,,0,6.7,,,0,,,10.1,10,8.0,10,2229,10
2008-03-16T23:00+00:00,5935,0.0,0,263,10,291.0,10,3.5,10,9.7,10,984.7,10,,,63,10,0.0,10,0,10,,,0.0,10,7.1,,,0,6.7,,,0,,,10.2,10,8.0,10,2347,10
2008-03-17T00:00+00:00,5935,0.0,0,269,10,259.0,10,3.4,10,8.7,10,984.2,10,,,63,10,0.0,10,0,10,,,0.0,10,7.0,,,0,6.7,,,0,,,10.2,10,8.2,10,47,10
2008-03-17T01:00+00:00,5935,0.0,0,273,10,267.0,10,3.9,10,9.5,10,984.3,10,,,67,10,0.0,10,16,10,,,0.0,10,7.0,,,0,6.7,,,0,,,9.7,10,7.3,10,108,10
2008-03-17T02:00+00:00,5935,0.0,0,275,10,292.0,10,3.5,10,8.8,10,983.7,10,,,67,10,0.1,10,24,10,,,0.0,10,7.0,,,0,6.7,,,0,,,9.5,10,6.3,10,209,10
2008-03-17T03:00+00:00,5935,0.0,0,282,10,299.0,10,2.9,10,6.9,10,983.5,10,,,66,10,0.0,10,0,10,,,0.0,10,7.0,,,0,6.7,,,0,,,9.4,10,6.1,10,350,10
2008-03-17T04:00+00:00,5935,0.0,0,273,10,273.0,10,3.1,10,7.5,10,983.3,10,,,67,10,0.0,10,0,10,,,0.0,10,6.9,,,0,6.7,,,0,,,9.1,10,5.2,10,403,10
2008-03-17T05:00+00:00,5935,0.0,0,272,10,265.0,10,4.1,10,10.5,10,983.2,10,,,66,10,0.0,10,0,10,,,0.0,10,6.9,,,0,6.7,,,0,,,9.4,10,5.4,10,559,10
2008-03-17T06:00+00:00,5935,21.0,0,264,10,260.0,10,4.2,10,10.9,10,983.6,10,,,68,10,0.1,10,14,10,,,0.0,10,6.9,,,0,6.7,,,0,,,9.3,10,6.7,10,614,10
2008-03-17T07:00+00:00,5935,93.0,0,261,10,267.0,10,3.9,10,10.9,10,983.6,10,,,67,10,0.0,10,0,10,,,0.0,10,6.8,,,0,6.7,,,0,,,9.6,10,7.3,10,739,10
2008-03-17T08:00+00:00,5935,325.0,0,249,10,243.0,10,4.4,10,10.0,10,983.3,10,,,64,10,0.0,10,0,10,,,0.7,10,6.9,,,0,6.7,,,0,,,11.3,10,9.6,10,818,10
2008-03-17T09:00+00:00,5935,365.0,0,261,10,258.0,10,4.6,10,12.0,10,983.2,10,,,65,10,0.0,10,0,10,,,0.5,10,7.0,,,0,6.7,,,0,,,11.6,10,13.6,10,935,10
2008-03-17T10:00+00:00,5935,324.0,0,266,10,254.0,10,5.3,10,13.5,10,983.1,10,,,62,10,0.0,10,2,10,,,0.3,10,7.1,,,0,6.7,,,0,,,12.3,10,12.8,10,1022,10
2008-03-17T11:00+00:00,5935,446.0,0,270,10,277.0,10,5.6,10,19.6,10,983.2,10,,,62,10,0.0,10,39,10,,,0.8,10,7.3,,,0,6.7,,,0,,,11.8,10,13.1,10,1152,10
2008-03-17T12:00+00:00,5935,358.0,0,263,10,287.0,10,5.4,10,14.0,10,984.1,10,,,68,10,0.0,10,7,10,,,0.4,10,7.4,,,0,6.7,,,0,,,11.2,10,11.3,10,1254,10
2008-03-17T13:00+00:00,5935,205.0,0,302,10,301.0,10,4.3,10,11.1,10,985.0,10,,,73,10,1.2,10,41,10,,,0.0,10,7.6,,,0,6.8,,,0,,,8.9,10,8.1,10,1301,10
2008-03-17T14:00+00:00,5935,209.0,0,311,10,342.0,10,4.3,10,10.8,10,985.9,10,,,70,10,0.2,10,60,10,,,0.0,10,7.7,,,0,6.8,,,0,,,8.1,10,7.3,10,1412,10
2008-03-17T15:00+00:00,5935,64.0,0,310,10,304.0,10,4.0,10,9.4,10,986.5,10,,,68,10,0.0,10,8,10,,,0.0,10,7.7,,,0,6.9,,,0,,,7.7,10,6.0,10,1532,10
2008-03-17T16:00+00:00,5935,27.0,0,310,10,302.0,10,3.2,10,8.3,10,987.1,10,,,66,10,0.0,10,0,10,,,0.0,10,7.6,,,0,6.9,,,0,,,7.4,10,5.4,10,1633,10
2008-03-17T17:00+00:00,5935,25.0,0,306,10,303.0,10,2.3,10,6.3,10,987.5,10,,,66,10,0.0,10,0,10,,,0.0,10,7.5,,,0,7.0,,,0,,,7.2,10,5.2,10,1733,10
2008-03-17T18:00+00:00,5935,0.0,0,291,10,286.0,10,2.7,10,7.9,10,987.7,10,,,66,10,0.0,10,0,10,,,0.0,10,7.4,,,0,7.0,,,0,,,7.0,10,4.6,10,1850,10
2008-03-17T19:00+00:00,5935,0.0,0,300,10,315.0,10,2.7,10,6.0,10,987.9,10,,,68,10,0.0,10,0,10,,,0.0,10,7.3,,,0,7.0,,,0,,,6.2,10,3.3,10,1953,10
2008-03-17T20:00+00:00,5935,0.0,0,300,10,298.0,10,3.2,10,8.2,10,988.0,10,,,63,10,0.0,10,0,10,,,0.0,10,7.2,,,0,7.0,,,0,,,6.1,10,3.2,10,2022,10
2008-03-17T21:00+00:00,5935,0.0,0,294,10,299.0,10,2.7,10,6.0,10,987.9,10,,,63,10,0.0,10,0,10,,,0.0,10,7.1,,,0,7.0,,,0,,,5.6,10,2.9,10,2155,10
2008-03-17T22:00+00:00,5935,0.0,0,291,10,296.0,10,3.3,10,8.6,10,987.7,10,,,62,10,0.0,10,0,10,,,0.0,10,7.0,,,0,7.0,,,0,,,5.8,10,2.9,10,2242,10
2008-03-17T23:00+00:00,5935,0.0,0,292,10,269.0,10,3.4,10,8.6,10,987.8,10,,,60,10,0.0,10,0,10,,,0.0,10,6.9,,,0,7.0,,,0,,,5.7,10,3.0,10,2353,10
2008-03-18T00:00+00:00,5935,0.0,0,299,10,290.0,10,3.3,10,8.5,10,987.6,10,,,60,10,0.0,10,0,10,,,0.0,10,6.8,,,0,6.9,,,0,,,5.5,10,3.7,10,2,10
2008-03-18T01:00+00:00,5935,0.0,0,303,10,307.0,10,3.2,10,7.7,10,988.1,10,,,57,10,0.0,10,0,10,,,0.0,10,6.7,,,0,6.9,,,0,,,4.8,10,2.7,10,123,10
2008-03-18T02:00+00:00,5935,0.0,0,290,10,298.0,10,3.0,10,7.5,10,987.8,10,,,58,10,0.0,10,0,10,,,0.0,10,6.6,,,0,6.9,,,0,,,4.8,10,3.0,10,240,10
2008-03-18T03:00+00:00,5935,0.0,0,294,10,288.0,10,2.5,10,7.2,10,987.2,10,,,58,10,0.0,10,0,10,,,0.0,10,6.5,,,0,6.8,,,0,,,4.6,10,3.2,10,315,10
2008-03-18T04:00+00:00,5935,0.0,0,291,10,327.0,10,1.8,10,5.3,10,987.4,10,,,58,10,0.0,10,0,10,,,0.0,10,6.4,,,0,6.8,,,0,,,4.3,10,2.4,10,410,10
2008-03-18T05:00+00:00,5935,0.0,0,276,10,290.0,10,2.1,10,5.5,10,987.7,10,,,61,10,0.0,10,0,10,,,0.0,10,6.3,,,0,6.7,,,0,,,4.2,10,2.1,10,518,10
2008-03-18T06:00+00:00,5935,31.0,0,261,10,249.0,10,2.1,10,6.5,10,987.8,10,,,65,10,0.0,10,0,10,,,0.3,10,6.2,,,0,6.7,,,0,,,4.0,10,0.4,10,646,10
2008-03-18T07:00+00:00,5935,186.0,0,263,10,306.0,10,3.8,10,9.2,10,988.1,10,,,64,10,0.0,10,0,10,,,1.0,10,6.2,,,0,6.6,,,0,,,4.9,10,2.5,10,725,10
2008-03-18T08:00+00:00,5935,219.0,0,287,10,295.0,10,4.0,10,10.9,10,989.3,10,,,83,10,0.5,10,20,10,,,0.5,10,6.1,,,0,6.6,,,0,,,2.3,10,1.0,10,828,10
2008-03-18T09:00+00:00,5935,212.0,0,298,10,296.0,10,3.2,10,8.1,10,989.8,10,,,71,10,0.0,10,0,10,,,0.1,10,6.0,,,0,6.6,,,0,,,3.6,10,3.9,10,912,10
2008-03-18T10:00+00:00,5935,316.0,0,316,10,288.0,10,2.8,10,10.6,10,989.8,10,,,58,10,0.0,10,0,10,,,0.2,10,6.0,,,0,6.5,,,0,,,4.7,10,4.5,10,1055,10
2008-03-18T11:00+00:00,5935,396.0,0,299,10,297.0,10,4.2,10,9.9,10,989.6,10,,,51,10,0.0,10,2,10,,,0.4,10,6.1,,,0,6.5,,,0,,,5.4,10,5.3,10,1137,10
2008-03-18T12:00+00:00,5935,599.0,0,295,10,285.0,10,5.1,10,12.0,10,989.2,10,,,41,10,0.0,10,0,10,,,0.8,10,6.2,,,0,6.5,,,0,,,7.0,10,6.5,10,1234,10
2008-03-18T13:00+00:00,5935,656.0,0,303,10,300.0,10,5.3,10,12.0,10,988.9,10,,,37,10,0.0,10,0,10,,,1.0,10,6.3,,,0,6.4,,,0,,,7.7,10,9.8,10,1316,10
2008-03-18T14:00+00:00,5935,497.0,0,311,10,342.0,10,5.2,10,12.7,10,988.9,10,,,36,10,0.0,10,0,10,,,0.9,10,6.4,,,0,6.4,,,0,,,7.3,10,9.6,10,1412,10
2008-03-18T15:00+00:00,5935,143.0,0,313,10,317.0,10,4.0,10,10.4,10,988.7,10,,,38,10,0.0,10,0,10,,,0.1,10,6.5,,,0,6.5,,,0,,,7.1,10,6.7,10,1503,10
2008-03-18T16:00+00:00,5935,242.0,0,294,10,293.0,10,4.5,10,12.3,10,989.0,10,,,40,10,0.0,10,0,10,,,0.8,10,6.5,,,0,6.5,,,0,,,7.2,10,6.6,10,1653,10
2008-03-18T17:00+00:00,5935,66.0,0,288,10,292.0,10,4.3,10,10.1,10,989.2,10,,,41,10,0.0,10,0,10,,,0.7,10,6.4,,,0,6.5,,,0,,,6.1,10,3.2,10,1701,10
2008-03-18T18:00+00:00,5935,2.0,0,281,10,294.0,10,4.1,10,10.1,10,989.8,10,,,43,10,0.0,10,0,10,,,0.0,10,6.3,,,0,6.5,,,0,,,5.5,10,2.6,10,1812,10
2008-03-18T19:00+00:00,5935,0.0,0,295,10,330.0,10,3.4,10,10.7,10,990.6,10,,,63,10,0.0,10,3,10,,,0.0,10,6.2,,,0,6.5,,,0,,,3.9,10,2.2,10,1932,10
2008-03-18T20:00+00:00,5935,0.0,0,301,10,302.0,10,2.2,10,5.3,10,991.0,10,,,64,10,0.0,10,0,10,,,0.0,10,6.1,,,0,6.5,,,0,,,3.9,10,2.6,10,2041,10
2008-03-18T21:00+00:00,5935,0.0,0,332,10,342.0,10,1.8,10,5.8,10,991.3,10,,,69,10,0.0,10,0,10,,,0.0,10,6.1,,,0,6.5,,,0,,,3.2,10,2.0,10,2125,10
2008-03-18T22:00+00:00,5935,0.0,0,301,10,319.0,10,2.6,10,11.3,10,992.1,10,,,74,10,0.0,10,7,10,,,0.0,10,6.0,,,0,6.5,,,0,,,2.9,10,2.0,10,2250,10
2008-03-18T23:00+00:00,5935,0.0,0,294,10,305.0,10,2.9,10,9.4,10,991.8,10,,,85,10,0.3,10,32,10,,,0.0,10,5.9,,,0,6.4,,,0,,,2.0,10,0.6,10,2301,10
2008-03-19T00:00+00:00,5935,0.0,0,284,10,261.0,10,3.5,10,8.5,10,991.8,10,,,76,10,0.0,10,0,10,,,0.0,10,5.8,,,0,6.4,,,0,,,2.4,10,-0.2,10,33,10
2008-03-19T01:00+00:00,5935,0.0,0,290,10,286.0,10,2.7,10,7.6,10,991.9,10,,,76,10,0.0,10,0,10,,,0.0,10,5.7,,,0,6.4,,,0,,,2.3,10,-0.4,10,117,10
2008-03-19T02:00+00:00,5935,0.0,0,309,10,340.0,10,1.5,10,3.9,10,991.7,10,,,78,10,0.0,10,0,10,,,0.0,10,5.6,,,0,6.3,,,0,,,2.3,10,-0.7,10,259,10
2008-03-19T03:00+00:00,5935,0.0,0,300,10,291.0,10,3.0,10,7.0,10,991.8,10,,,74,10,0.0,10,0,10,,,0.0,10,5.6,,,0,6.3,,,0,,,2.0,10,0.0,10,337,10
2008-03-19T04:00+00:00,5935,0.0,0,297,10,309.0,10,2.7,10,7.5,10,991.9,10,,,77,10,0.0,10,0,10,,,0.0,10,5.5,,,0,6.2,,,0,,,1.0,10,-1.5,10,403,10
2008-03-19T05:00+00:00,5935,0.0,0,294,10,288.0,10,2.7,10,7.1,10,992.1,10,,,76,10,0.0,10,0,10,,,0.0,10,5.4,,,0,6.2,,,0,,,1.2,10,-1.5,10,555,10
2008-03-19T06:00+00:00,5935,38.0,0,294,10,296.0,10,2.6,10,6.1,10,992.4,10,,,76,10,0.0,10,0,10,,,0.7,10,5.3,,,0,6.1,,,0,,,1.3,10,-1.4,10,602,10
2008-03-19T07:00+00:00,5935,197.0,0,303,10,307.0,10,1.7,10,5.1,10,992.5,10,,,66,10,0.0,10,0,10,,,1.0,10,5.2,,,0,6.1,,,0,,,3.4,10,-0.8,10,731,10
2008-03-19T08:00+00:00,5935,370.0,0,295,10,274.0,10,4.0,10,10.0,10,992.7,10,,,61,10,0.0,10,0,10,,,1.0,10,5.2,,,0,6.0,,,0,,,4.4,10,3.4,10,855,10
2008-03-19T09:00+00:00,5935,384.0,0,293,10,304.0,10,3.2,10,8.3,10,992.6,10,,,56,10,0.0,10,0,10,,,0.6,10,5.2,,,0,6.0,,,0,,,5.1,10,7.6,10,924,10
2008-03-19T10:00+00:00,5935,366.0,0,295,10,307.0,10,3.1,10,7.1,10,992.5,10,,,55,10,0.0,10,0,10,,,0.4,10,5.2,,,0,6.0,,,0,,,5.3,10,6.5,10,1002,10
2008-03-19T11:00+00:00,5935,198.0,0,276,10,268.0,10,2.6,10,7.5,10,992.0,10,,,56,10,0.0,10,0,10,,,0.0,10,5.3,,,0,5.9,,,0,,,5.6,10,7.4,10,1155,10
2008-03-19T12:00+00:00,5935,365.0,0,262,10,242.0,10,3.8,10,9.4,10,991.7,10,,,58,10,0.0,10,4,10,,,0.4,10,5.5,,,0,5.9,,,0,,,6.6,10,7.5,10,1238,10
2008-03-19T13:00+00:00,5935,352.0,0,269,10,269.0,10,2.7,10,7.5,10,991.0,10,,,56,10,0.0,10,8,10,,,0.5,10,5.6,,,0,5.9,,,0,,,6.7,10,7.0,10,1303,10
2008-03-19T14:00+00:00,5935,307.0,0,281,10,275.0,10,3.1,10,11.3,10,990.2,10,,,49,10,0.0,10,0,10,,,0.4,10,5.8,,,0,5.9,,,0,,,7.7,10,8.8,10,1456,10
2008-03-19T15:00+00:00,5935,159.0,0,260,10,259.0,10,4.5,10,15.8,10,990.8,10,,,74,10,0.0,10,17,10,,,0.3,10,5.9,,,0,6.0,,,0,,,5.0,10,3.9,10,1526,10
2008-03-19T16:00+00:00,5935,183.0,0,251,10,226.0,10,4.3,10,11.8,10,990.7,10,,,63,10,0.0,10,0,10,,,1.0,10,6.0,,,0,6.0,,,0,,,5.7,10,5.5,10,1659,10
2008-03-19T17:00+00:00,5935,61.0,0,264,10,252.0,10,3.9,10,13.0,10,991.2,10,,,63,10,0.0,10,0,10,,,0.4,10,6.0,,,0,6.0,,,0,,,4.9,10,2.8,10,1708,10
2008-03-19T18:00+00:00,5935,2.0,0,263,10,270.0,10,4.1,10,10.1,10,991.7,10,,,66,10,0.0,10,0,10,,,0.0,10,5.9,,,0,6.0,,,0,,,4.6,10,2.1,10,1824,10
2008-03-19T19:00+00:00,5935,0.0,0,296,10,267.0,10,2.9,10,9.1,10,992.9,10,,,75,10,0.0,10,0,10,,,0.0,10,5.8,,,0,6.1,,,0,,,3.3,10,2.0,10,1904,10
2008-03-19T20:00+00:00,5935,0.0,0,298,10,326.0,10,3.4,10,8.1,10,993.4,10,,,81,10,0.0,10,0,10,,,0.0,10,5.8,,,0,6.1,,,0,,,2.5,10,2.0,10,2052,10
2008-03-19T21:00+00:00,5935,0.0,0,288,10,297.0,10,2.7,10,7.2,10,993.6,10,,,87,10,0.2,10,35,10,,,0.0,10,5.7,,,0,6.1,,,0,,,2.2,10,1.1,10,2155,10
2008-03-19T22:00+00:00,5935,0.0,0,281,10,277.0,10,2.9,10,7.9,10,993.8,10,,,81,10,0.0,10,0,10,,,0.0,10,5.6,,,0,6.1,,,0,,,2.2,10,-0.2,10,2221,10
2008-03-19T23:00+00:00,5935,0.0,0,287,10,272.0,10,2.6,10,7.2,10,993.9,10,,,80,10,0.0,10,0,10,,,0.0,10,5.5,,,0,6.0,,,0,,,2.2,10,-0.3,10,2304,10
2008-03-20T00:00+00:00,5935,0.0,0,280,10,266.0,10,2.5,10,5.0,10,994.1,10,,,81,10,0.0,10,0,10,,,0.0,10,5.5,,,0,6.0,,,0,,,1.9,10,-0.9,10,27,10
2008-03-20T01:00+00:00,5935,0.0,0,285,10,308.0,10,2.2,10,6.2,10,994.1,10,,,83,10,0.0,10,0,10,,,0.0,10,5.4,,,0,6.0,,,0,,,1.4,10,-1.1,10,102,10
2008-03-20T02:00+00:00,5935,0.0,0,264,10,274.0,10,1.6,10,3.8,10,993.9,10,,,84,10,0.0,10,0,10,,,0.0,10,5.3,,,0,6.0,,,0,,,1.6,10,-1.4,10,203,10
2008-03-20T03:00+00:00,5935,0.0,0,273,10,272.0,10,1.6,10,4.4,10,993.9,10,,,83,10,0.0,10,0,10,,,0.0,10,5.2,,,0,5.9,,,0,,,0.8,10,-2.5,10,331,10
2008-03-20T04:00+00:00,5935,0.0,0,278,10,310.0,10,1.4,10,3.8,10,993.8,10,,,82,10,0.0,10,0,10,,,0.0,10,5.1,,,0,5.9,,,0,,,0.8,10,-2.7,10,452,10
2008-03-20T05:00+00:00,5935,0.0,0,279,10,303.0,10,1.7,10,4.4,10,993.9,10,,,80,10,0.0,10,0,10,,,0.0,10,5.0,,,0,5.8,,,0,,,0.9,10,-2.0,10,531,10
2008-03-20T06:00+00:00,5935,29.0,0,272,10,250.0,10,1.6,10,4.4,10,994.0,10,,,80,10,0.0,10,0,10,,,0.1,10,4.9,,,0,5.8,,,0,,,1.7,10,-2.1,10,623,10
2008-03-20T07:00+00:00,5935,121.0,0,268,10,293.0,10,2.5,10,5.7,10,994.0,10,,,77,10,0.0,10,0,10,,,0.3,10,4.9,,,0,5.7,,,0,,,2.7,10,0.2,10,755,10
2008-03-20T08:00+00:00,5935,285.0,0,260,10,272.0,10,3.4,10,8.3,10,994.1,10,,,71,10,0.0,10,0,10,,,0.8,10,4.9,,,0,5.7,,,0,,,3.8,10,2.9,10,850,10
2008-03-20T09:00+00:00,5935,391.0,0,264,10,278.0,10,3.7,10,8.9,10,993.9,10,,,66,10,0.0,10,0,10,,,0.5,10,4.9,,,0,5.7,,,0,,,4.8,10,5.5,10,915,10
2008-03-20T10:00+00:00,5935,394.0,0,265,10,259.0,10,4.0,10,9.2,10,993.6,10,,,65,10,0.0,10,2,10,,,0.5,10,5.0,,,0,5.6,,,0,,,4.4,10,7.5,10,1051,10
2008-03-20T11:00+00:00,5935,190.0,0,259,10,249.0,10,3.2,10,9.1,10,993.2,10,,,71,10,0.2,10,25,10,,,0.1,10,5.1,,,0,5.6,,,0,,,4.3,10,2.9,10,1155,10
2008-03-20T12:00+00:00,5935,460.0,0,268,10,281.0,10,4.0,10,10.7,10,992.2,10,,,57,10,0.0,10,0,10,,,0.5,10,5.2,,,0,5.6,,,0,,,5.7,10,5.9,10,1253,10
2008-03-20T13:00+00:00,5935,261.0,0,278,10,277.0,10,3.3,10,10.0,10,991.9,10,,,72,10,0.1,10,21,10,,,0.5,10,5.4,,,0,5.6,,,0,,,5.1,10,2.2,10,1303,10
2008-03-20T14:00+00:00,5935,264.0,0,286,10,296.0,10,3.4,10,10.1,10,991.4,10,,,85,10,0.2,10,13,10,,,0.4,10,5.5,,,0,5.7,,,0,,,3.2,10,2.8,10,1437,10
2008-03-20T15:00+00:00,5935,67.0,0,335,10,314.0,10,2.9,10,10.2,10,991.1,10,,,89,10,0.8,10,46,10,,,0.0,10,5.5,,,0,5.7,,,0,,,1.3,10,0.1,10,1551,10
2008-03-20T16:00+00:00,5935,68.0,0,296,10,321.0,10,3.4,10,8.6,10,990.8,10,,,88,10,0.0,10,18,10,,,0.0,10,5.5,,,0,5.7,,,0,,,1.4,10,0.7,10,1607,10
2008-03-20T17:00+00:00,5935,41.0,0,293,10,281.0,10,2.2,10,4.4,10,990.7,10,,,81,10,0.0,10,0,10,,,0.0,10,5.4,,,0,5.7,,,0,,,1.9,10,1.1,10,1705,10
2008-03-20T18:00+00:00,5935,2.0,0,254,10,239.0,10,2.1,10,6.3,10,990.7,10,,,89,10,0.1,10,21,10,,,0.0,10,5.4,,,0,5.7,,,0,,,1.5,10,0.3,10,1817,10
2008-03-20T19:00+00:00,5935,0.0,0,253,10,280.0,10,1.8,10,4.1,10,990.7,10,,,93,10,0.2,10,30,10,,,0.0,10,5.3,,,0,5.7,,,0,,,1.4,10,0.3,10,1958,10
2008-03-20T20:00+00:00,5935,0.0,0,267,10,258.0,10,2.4,10,6.2,10,989.8,10,,,89,10,0.1,10,22,10,,,0.0,10,5.3,,,0,5.7,,,0,,,1.3,10,-0.5,10,2053,10
2008-03-20T21:00+00:00,5935,0.0,0,255,10,248.0,10,1.8,10,7.1,10,989.0,10,,,86,10,0.0,10,0,10,,,0.0,10,5.2,,,0,5.7,,,0,,,2.0,10,-0.9,10,2152,10
2008-03-20T22:00+00:00,5935,0.0,0,251,10,273.0,10,3.4,10,8.1,10,988.0,10,,,84,10,0.0,10,0,10,,,0.0,10,5.1,,,0,5.7,,,0,,,2.1,10,0.1,10,2235,10
2008-03-20T23:00+00:00,5935,0.0,0,252,10,279.0,10,3.2,10,7.4,10,987.0,10,,,81,10,0.0,10,0,10,,,0.0,10,5.0,,,0,5.7,,,0,,,2.2,10,-0.2,10,2314,10
2008-03-21T00:00+00:00,5935,0.0,0,253,10,270.0,10,3.6,10,10.4,10,985.8,10,,,76,10,0.0,10,0,10,,,0.0,10,5.0,,,0,5.6,,,0,,,2.9,10,0.0,10,57,10
2008-03-21T01:00+00:00,5935,0.0,0,262,10,243.0,10,4.2,10,9.4,10,984.6,10,,,71,10,0.0,10,0,10,,,0.0,10,4.9,,,0,5.6,,,0,,,3.1,10,0.5,10,114,10
2008-03-21T02:00+00:00,5935,0.0,0,230,10,264.0,10,2.3,10,7.8,10,983.1,10,,,72,10,0.0,10,0,10,,,0.0,10,4.9,,,0,5.6,,,0,,,2.8,10,0.3,10,221,10
2008-03-21T03:00+00:00,5935,0.0,0,172,10,192.0,10,1.7,10,4.5,10,981.3,10,,,71,10,0.0,10,0,10,,,0.0,10,4.8,,,0,5.6,,,0,,,2.7,10,-0.2,10,356,10
2008-03-21T04:00+00:00,5935,0.0,0,186,10,207.0,10,2.0,10,5.3,10,979.7,10,,,69,10,0.0,10,0,10,,,0.0,10,4.8,,,0,5.5,,,0,,,2.5,10,0.1,10,423,10
2008-03-21T05:00+00:00,5935,0.0,0,194,10,192.0,10,2.8,10,7.0,10,978.2,10,,,67,10,0.0,10,0,10,,,0.0,10,4.7,,,0,5.5,,,0,,,2.6,10,0.0,10,546,10
2008-03-21T06:00+00:00,5935,15.0,0,188,10,202.0,10,2.9,10,7.2,10,976.7,10,,,58,10,0.0,10,0,10,,,0.0,10,4.6,,,0,5.5,,,0,,,3.4,10,0.6,10,643,10
2008-03-21T07:00+00:00,5935,60.0,0,190,10,195.0,10,3.1,10,6.6,10,975.1,10,,,53,10,0.0,10,0,10,,,0.0,10,4.6,,,0,5.4,,,0,,,4.1,10,1.3,10,729,10
2008-03-21T08:00+00:00,5935,87.0,0,186,10,177.0,10,2.4,10,7.7,10,974.4,10,,,49,10,0.0,10,0,10,,,0.0,10,4.6,,,0,5.4,,,0,,,4.8,10,2.9,10,857,10
2008-03-21T09:00+00:00,5935,133.0,0,181,10,196.0,10,2.9,10,8.0,10,973.3,10,,,50,10,0.0,10,0,10,,,0.0,10,4.6,,,0,5.4,,,0,,,5.4,10,4.8,10,934,10
2008-03-21T10:00+00:00,5935,251.0,0,177,10,164.0,10,4.0,10,10.1,10,972.1,10,,,49,10,0.0,10,0,10,,,0.0,10,4.7,,,0,5.3,,,0,,,6.3,10,6.1,10,1059,10
2008-03-21T11:00+00:00,5935,530.0,0,175,10,202.0,10,4.3,10,10.1,10,971.1,10,,,48,10,0.0,10,0,10,,,0.8,10,4.8,,,0,5.3,,,0,,,7.8,10,9.6,10,1149,10
2008-03-21T12:00+00:00,5935,242.0,0,177,10,166.0,10,4.0,10,9.7,10,970.2,10,,,49,10,0.0,10,2,10,,,0.1,10,5.0,,,0,5.3,,,0,,,7.7,10,8.5,10,1203,10
2008-03-21T13:00+00:00,5935,116.0,0,182,10,187.0,10,3.0,10,9.8,10,969.1,10,,,48,10,0.0,10,27,10,,,0.0,10,5.1,,,0,5.3,,,0,,,8.1,10,6.8,10,1312,10
2008-03-21T14:00+00:00,5935,80.0,0,201,10,203.0,10,3.2,10,9.0,10,968.3,10,,,47,10,0.0,10,0,10,,,0.0,10,5.2,,,0,5.3,,,0,,,8.5,10,6.9,10,1427,10
2008-03-21T15:00+00:00,5935,55.0,0,173,10,181.0,10,1.8,10,5.3,10,967.3,10,,,49,10,0.0,10,0,10,,,0.0,10,5.2,,,0,5.4,,,0,,,8.6,10,7.4,10,1557,10
2008-03-21T16:00+00:00,5935,52.0,0,167,10,163.0,10,2.3,10,5.8,10,966.1,10,,,49,10,0.0,10,0,10,,,0.0,10,5.3,,,0,5.4,,,0,,,8.8,10,7.5,10,1615,10
2008-03-21T17:00+00:00,5935,36.0,0,167,10,177.0,10,2.7,10,6.8,10,965.4,10,,,50,10,0.0,10,0,10,,,0.0,10,5.3,,,0,5.4,,,0,,,8.6,10,6.5,10,1753,10
2008-03-21T18:00+00:00,5935,2.0,0,187,10,191.0,10,2.9,10,6.8,10,965.3,10,,,50,10,0.0,10,0,10,,,0.0,10,5.3,,,0,5.4,,,0,,,8.3,10,5.5,10,1900,10
2008-03-21T19:00+00:00,5935,0.0,0,191,10,189.0,10,1.9,10,5.1,10,965.3,10,,,53,10,0.0,10,0,10,,,0.0,10,5.3,,,0,5.5,,,0,,,7.5,10,4.0,10,2000,10
2008-03-21T20:00+00:00,5935,0.0,0,211,10,188.0,10,1.4,10,4.6,10,965.5,10,,,53,10,0.0,10,0,10,,,0.0,10,5.3,,,0,5.5,,,0,,,7.0,10,2.4,10,2009,10
2008-03-21T21:00+00:00,5935,0.0,0,304,10,294.0,10,0.8,10,2.8,10,966.1,10,,,61,10,0.0,10,0,10,,,0.0,10,5.2,,,0,5.5,,,0,,,5.7,10,0.1,10,2125,10
2008-03-21T22:00+00:00,5935,0.0,0,278,10,280.0,10,1.7,10,8.2,10,966.8,10,,,75,10,0.0,10,0,10,,,0.0,10,5.1,,,0,5.5,,,0,,,6.0,10,-0.4,10,2258,10
2008-03-21T23:00+00:00,5935,0.0,0,263,10,292.0,10,3.8,10,11.3,10,967.2,10,,,72,10,0.0,10,0,10,,,0.0,10,5.1,,,0,5.5,,,0,,,6.3,10,3.4,10,2313,10
2008-03-22T00:00+00:00,5935,0.0,0,257,10,234.0,10,4.0,10,10.1,10,967.9,10,,,72,10,0.0,10,0,10,,,0.0,10,5.1,,,0,5.5,,,0,,,6.1,10,4.6,10,52,10
2008-03-22T01:00+00:00,5935,0.0,0,261,10,278.0,10,3.7,10,10.6,10,968.1,10,,,67,10,0.0,10,0,10,,,0.0,10,5.1,,,0,5.5,,,0,,,5.7,10,4.1,10,132,10
2008-03-22T02:00+00:00,5935,0.0,0,251,10,269.0,10,3.7,10,8.7,10,968.5,10,,,67,10,0.0,10,0,10,,,0.0,10,5.0,,,0,5.4,,,0,,,5.3,10,3.6,10,219,10
2008-03-22T03:00+00:00,5935,0.0,0,271,10,253.0,10,2.6,10,9.5,10,968.9,10,,,69,10,0.0,10,0,10,,,0.0,10,5.0,,,0,5.4,,,0,,,4.9,10,3.0,10,312,10
2008-03-22T04:00+00:00,5935,0.0,0,265,10,256.0,10,2.2,10,6.1,10,969.2,10,,,69,10,0.0,10,0,10,,,0.0,10,5.0,,,0,5.4,,,0,,,4.6,10,2.6,10,500,10
2008-03-22T05:00+00:00,5935,0.0,0,268,10,261.0,10,2.6,10,6.2,10,969.5,10,,,69,10,0.0,10,0,10,,,0.0,10,5.0,,,0,5.4,,,0,,,4.3,10,2.4,10,539,10
2008-03-22T06:00+00:00,5935,19.0,0,274,10,261.0,10,2.5,10,6.2,10,969.9,10,,,67,10,0.0,10,0,10,,,0.0,10,4.9,,,0,5.4,,,0,,,4.4,10,2.4,10,655,10
2008-03-22T07:00+00:00,5935,93.0,0,271,10,255.0,10,2.7,10,6.8,10,970.1,10,,,63,10,0.0,10,0,10,,,0.0,10,4.9,,,0,5.4,,,0,,,5.3,10,3.1,10,754,10
2008-03-22T08:00+00:00,5935,138.0,0,286,10,322.0,10,2.3,10,6.6,10,970.5,10,,,58,10,0.0,10,0,10,,,0.0,10,4.9,,,0,5.4,,,0,,,6.0,10,5.7,10,841,10
2008-03-22T09:00+00:00,5935,273.0,0,273,10,261.0,10,2.7,10,7.0,10,970.6,10,,,54,10,0.0,10,0,10,,,0.1,10,5.0,,,0,5.4,,,0,,,7.1,10,7.8,10,953,10
2008-03-22T10:00+00:00,5935,385.0,0,272,10,275.0,10,3.6,10,11.0,10,971.0,10,,,54,10,0.0,10,0,10,,,0.8,10,5.1,,,0,5.4,,,0,,,7.7,10,10.9,10,1051,10
2008-03-22T11:00+00:00,5935,641.0,0,276,10,237.0,10,4.0,10,10.3,10,971.4,10,,,51,10,0.0,10,0,10,,,1.0,10,5.3,,,0,5.4,,,0,,,9.2,10,12.8,10,1146,10
2008-03-22T12:00+00:00,5935,494.0,0,287,10,276.0,10,3.5,10,10.3,10,971.3,10,,,50,10,0.0,10,0,10,,,0.8,10,5.5,,,0,5.4,,,0,,,9.2,10,12.4,10,1227,10
2008-03-22T13:00+00:00,5935,312.0,0,282,10,285.0,10,3.4,10,8.8,10,971.1,10,,,49,10,0.0,10,0,10,,,0.3,10,5.7,,,0,5.4,,,0,,,9.1,10,11.6,10,1347,10
2008-03-22T14:00+00:00,5935,263.0,0,289,10,309.0,10,3.3,10,7.4,10,971.5,10,,,49,10,0.0,10,0,10,,,0.3,10,5.9,,,0,5.5,,,0,,,9.2,10,10.9,10,1437,10
2008-03-22T15:00+00:00,5935,267.0,0,278,10,282.0,10,3.6,10,8.9,10,972.0,10,,,50,10,0.0,10,0,10,,,0.6,10,6.0,,,0,5.5,,,0,,,8.8,10,9.5,10,1520,10
2008-03-22T16:00+00:00,5935,136.0,0,288,10,311.0,10,3.1,10,7.9,10,972.2,10,,,49,10,0.0,10,0,10,,,0.7,10,6.0,,,0,5.6,,,0,,,8.3,10,6.8,10,1613,10
2008-03-22T17:00+00:00,5935,39.0,0,284,10,283.0,10,2.0,10,5.7,10,972.8,10,,,52,10,0.0,10,0,10,,,0.1,10,6.0,,,0,5.7,,,0,,,6.8,10,2.4,10,1720,10
2008-03-22T18:00+00:00,5935,3.0,0,272,10,293.0,10,0.6,10,3.5,10,973.4,10,,,59,10,0.0,10,0,10,,,0.0,10,5.9,,,0,5.7,,,0,,,4.2,10,-1.3,10,1802,10
2008-03-22T19:00+00:00,5935,0.0,0,0,10,254.0,10,0.0,10,0.9,10,974.2,10,,,69,10,0.0,10,0,10,,,0.0,10,5.8,,,0,5.7,,,0,,,2.6,10,-1.9,10,2000,10
2008-03-22T20:00+00:00,5935,0.0,0,0,10,249.0,10,0.0,10,0.6,10,974.7,10,,,76,10,0.0,10,0,10,,,0.0,10,5.6,,,0,5.8,,,0,,,1.7,10,-2.3,10,2018,10
2008-03-22T21:00+00:00,5935,0.0,0,0,10,,10,0.0,10,0.1,10,974.8,10,,,80,10,0.0,10,0,10,,,0.0,10,5.5,,,0,5.8,,,0,,,0.9,10,-2.7,10,2155,10
2008-03-22T22:00+00:00,5935,0.0,0,0,10,,10,0.0,10,0.1,10,975.3,10,,,84,10,0.0,10,0,10,,,0.0,10,5.3,,,0,5.7,,,0,,,0.1,10,-3.1,10,2255,10
2008-03-22T23:00+00:00,5935,0.0,0,0,10,231.0,10,0.0,10,0.3,10,975.2,10,,,85,10,0.0,10,0,10,,,0.0,10,5.2,,,0,5.7,,,0,,,-0.1,10,-3.4,10,2305,10
2008-03-23T00:00+00:00,5935,0.0,0,357,10,11.0,10,0.7,10,1.9,10,974.8,10,,,85,10,0.0,10,0,10,,,0.0,10,5.0,,,0,5.7,,,0,,,0.2,10,-3.4,10,3,10
2008-03-23T01:00+00:00,5935,0.0,0,0,10,199.0,10,0.0,10,1.1,10,975.4,10,,,87,10,0.0,10,0,10,,,0.0,10,4.9,,,0,5.6,,,0,,,-0.8,10,-3.7,10,121,10
2008-03-23T02:00+00:00,5935,0.0,0,76,10,170.0,10,0.4,10,1.4,10,975.4,10,,,88,10,0.0,10,0,10,,,0.0,10,4.7,,,0,5.6,,,0,,,-0.7,10,-3.9,10,209,10
2008-03-23T03:00+00:00,5935,0.0,0,11,10,13.0,10,0.7,10,1.6,10,975.6,10,,,87,10,0.0,10,0,10,,,0.0,10,4.6,,,0,5.5,,,0,,,-0.1,10,-3.3,10,349,10
2008-03-23T04:00+00:00,5935,0.0,0,0,10,342.0,10,0.0,10,1.7,10,975.8,10,,,89,10,0.0,10,0,10,,,0.0,10,4.5,,,0,5.5,,,0,,,-1.2,10,-3.7,10,455,10
2008-03-23T05:00+00:00,5935,2.0,0,313,10,309.0,10,0.5,10,2.0,10,976.0,10,,,90,10,0.0,10,0,10,,,0.0,10,4.4,,,0,5.4,,,0,,,-1.0,10,-4.1,10,509,10
2008-03-23T06:00+00:00,5935,42.0,0,275,10,276.0,10,0.8,10,2.4,10,976.6,10,,,87,10,0.0,10,0,10,,,0.0,10,4.3,,,0,5.3,,,0,,,0.3,10,-3.7,10,657,10
2008-03-23T07:00+00:00,5935,101.0,0,287,10,319.0,10,1.0,10,2.8,10,977.3,10,,,81,10,0.0,10,0,10,,,0.0,10,4.2,,,0,5.3,,,0,,,2.0,10,-0.1,10,729,10
2008-03-23T08:00+00:00,5935,290.0,0,305,10,291.0,10,0.8,10,3.2,10,977.6,10,,,73,10,0.0,10,0,10,,,0.7,10,4.2,,,0,5.2,,,0,,,4.2,10,4.1,10,845,10
2008-03-23T09:00+00:00,5935,401.0,0,0,10,268.0,10,0.0,10,2.5,10,977.6,10,,,67,10,0.0,10,0,10,,,0.7,10,4.3,,,0,5.2,,,0,,,5.6,10,10.2,10,907,10
2008-03-23T10:00+00:00,5935,241.0,0,130,10,99.0,10,1.3,10,3.9,10,977.7,10,,,67,10,0.0,10,0,10,,,0.0,10,4.5,,,0,5.1,,,0,,,5.7,10,9.1,10,1054,10
2008-03-23T11:00+00:00,5935,174.0,0,176,10,189.0,10,2.1,10,4.7,10,978.3,10,,,69,10,0.0,10,0,10,,,0.0,10,4.7,,,0,5.1,,,0,,,5.8,10,8.0,10,1159,10
2008-03-23T12:00+00:00,5935,164.0,0,157,10,198.0,10,1.4,10,4.0,10,978.0,10,,,77,10,0.0,10,35,10,,,0.0,10,4.8,,,0,5.1,,,0,,,5.4,10,6.7,10,1300,10
2008-03-23T13:00+00:00,5935,175.0,0,80,10,43.0,10,1.3,10,3.8,10,977.5,10,,,78,10,0.1,10,51,10,,,0.0,10,5.0,,,0,5.2,,,0,,,5.1,10,6.0,10,1321,10
2008-03-23T14:00+00:00,5935,199.0,0,90,10,72.0,10,0.8,10,2.7,10,977.0,10,,,78,10,0.0,10,2,10,,,0.1,10,5.1,,,0,5.2,,,0,,,5.6,10,6.2,10,1424,10
2008-03-23T15:00+00:00,5935,253.0,0,132,10,155.0,10,0.3,10,2.5,10,976.8,10,,,73,10,0.0,10,0,10,,,0.5,10,5.2,,,0,5.2,,,0,,,6.1,10,8.7,10,1548,10
2008-03-23T16:00+00:00,5935,107.0,0,131,10,87.0,10,0.9,10,2.5,10,976.9,10,,,77,10,0.0,10,0,10,,,0.0,10,5.3,,,0,5.3,,,0,,,6.0,10,6.1,10,1618,10
2008-03-23T17:00+00:00,5935,30.0,0,186,10,167.0,10,0.5,10,1.9,10,976.3,10,,,77,10,0.0,10,0,10,,,0.0,10,5.4,,,0,5.3,,,0,,,5.4,10,3.4,10,1729,10
2008-03-23T18:00+00:00,5935,1.0,0,46,10,12.0,10,0.5,10,2.1,10,976.1,10,,,82,10,0.0,10,0,10,,,0.0,10,5.4,,,0,5.3,,,0,,,4.9,10,2.3,10,1859,10
2008-03-23T19:00+00:00,5935,0.0,0,52,10,44.0,10,0.5,10,2.6,10,976.6,10,,,84,10,0.0,10,0,10,,,0.0,10,5.4,,,0,5.4,,,0,,,4.5,10,2.8,10,1907,10
2008-03-23T20:00+00:00,5935,0.0,0,334,10,329.0,10,0.7,10,2.2,10,976.0,10,,,84,10,0.0,10,0,10,,,0.0,10,5.3,,,0,5.4,,,0,,,4.5,10,3.0,10,2049,10
2008-03-23T21:00+00:00,5935,0.0,0,330,10,335.0,10,1.2,10,2.7,10,975.5,10,,,85,10,0.0,10,5,10,,,0.0,10,5.3,,,0,5.4,,,0,,,4.3,10,3.2,10,2146,10
2008-03-23T22:00+00:00,5935,0.0,0,16,10,8.0,10,1.5,10,4.9,10,974.7,10,,,89,10,0.1,10,44,10,,,0.0,10,5.3,,,0,5.4,,,0,,,3.9,10,3.3,10,2240,10
2008-03-23T23:00+00:00,5935,0.0,0,13,10,347.0,10,1.9,10,5.2,10,974.1,10,,,94,10,2.6,10,60,10,,,0.0,10,5.2,,,0,5.4,,,0,,,3.1,10,2.6,10,2356,10
2008-03-24T00:00+00:00,5935,0.0,0,322,10,323.0,10,2.1,10,5.1,10,974.0,10,,,94,10,2.9,10,60,10,,,0.0,10,5.2,,,0,5.4,,,0,,,2.0,10,1.5,10,58,10
2008-03-24T01:00+00:00,5935,0.0,0,322,10,310.0,10,1.7,10,4.5,10,973.4,10,,,96,10,3.7,10,60,10,,,0.0,10,5.1,,,0,5.4,,,0,,,0.6,10,0.1,10,108,10
2008-03-24T02:00+00:00,5935,0.0,0,305,10,327.0,10,2.0,10,5.8,10,972.6,10,,,95,10,2.8,10,60,10,,,0.0,10,5.0,,,0,5.2,,,0,,,1.2,10,0.1,10,259,10
2008-03-24T03:00+00:00,5935,0.0,0,303,10,300.0,10,3.0,10,6.8,10,972.3,10,,,94,10,1.1,10,60,10,,,0.0,10,4.3,,,0,4.6,,,0,,,1.1,10,0.1,10,325,10
2008-03-24T04:00+00:00,5935,0.0,0,297,10,288.0,10,3.3,10,8.3,10,972.3,10,,,94,10,1.6,10,60,10,,,0.0,10,3.6,,,0,4.4,,,0,,,1.0,10,0.1,10,453,10
2008-03-24T05:00+00:00,5935,0.0,0,293,10,275.0,10,4.3,10,8.4,10,972.7,10,,,93,10,1.0,10,60,10,,,0.0,10,3.2,,,0,4.2,,,0,,,1.0,10,0.1,10,505,10
2008-03-24T06:00+00:00,5935,29.0,0,294,10,285.0,10,4.8,10,11.1,10,973.3,10,,,92,10,0.9,10,60,10,,,0.0,10,2.9,,,0,4.1,,,0,,,1.0,10,0.2,10,643,10
2008-03-24T07:00+00:00,5935,90.0,0,292,10,289.0,10,4.8,10,10.6,10,974.2,10,,,88,10,0.2,10,60,10,,,0.0,10,2.8,,,0,4.1,,,0,,,1.1,10,0.8,10,710,10
2008-03-24T08:00+00:00,5935,190.0,0,289,10,291.0,10,4.9,10,10.6,10,975.0,10,,,84,10,0.0,10,58,10,,,0.0,10,2.9,,,0,4.1,,,0,,,1.7,10,1.4,10,817,10
2008-03-24T09:00+00:00,5935,311.0,0,291,10,311.0,10,4.6,10,10.6,10,975.6,10,,,70,10,0.0,10,12,10,,,0.1,10,3.2,,,0,4.1,,,0,,,3.2,10,3.0,10,1000,10
2008-03-24T10:00+00:00,5935,605.0,0,290,10,278.0,10,5.1,10,11.8,10,975.5,10,,,59,10,0.0,10,0,10,,,1.0,10,3.8,,,0,4.3,,,0,,,4.8,10,5.7,10,1002,10
2008-03-24T11:00+00:00,5935,453.0,0,291,10,288.0,10,4.7,10,12.6,10,974.9,10,,,62,10,0.0,10,0,10,,,0.6,10,4.3,,,0,4.5,,,0,,,5.0,10,7.8,10,1121,10
2008-03-24T12:00+00:00,5935,504.0,0,292,10,323.0,10,4.7,10,9.8,10,974.1,10,,,48,10,0.0,10,0,10,,,0.6,10,4.7,,,0,4.6,,,0,,,5.8,10,8.3,10,1247,10
2008-03-24T13:00+00:00,5935,596.0,0,298,10,296.0,10,4.7,10,11.9,10,974.4,10,,,45,10,0.0,10,0,10,,,0.7,10,5.0,,,0,4.7,,,0,,,6.4,10,8.9,10,1325,10
2008-03-24T14:00+00:00,5935,225.0,0,303,10,290.0,10,3.3,10,9.5,10,975.2,10,,,48,10,0.0,10,0,10,,,0.0,10,5.2,,,0,4.7,,,0,,,6.0,10,7.8,10,1410,10
2008-03-24T15:00+00:00,5935,54.0,0,267,10,294.0,10,3.3,10,8.3,10,975.4,10,,,52,10,0.0,10,0,10,,,0.0,10,5.3,,,0,4.8,,,0,,,4.8,10,5.0,10,1551,10
2008-03-24T16:00+00:00,5935,60.0,0,275,10,250.0,10,3.1,10,8.6,10,976.1,10,,,53,10,0.0,10,0,10,,,0.0,10,5.2,,,0,4.9,,,0,,,4.2,10,4.5,10,1641,10
2008-03-24T17:00+00:00,5935,65.0,0,295,10,294.0,10,3.4,10,7.2,10,976.4,10,,,51,10,0.0,10,0,10,,,0.3,10,5.2,,,0,4.9,,,0,,,4.1,10,3.3,10,1727,10
2008-03-24T18:00+00:00,5935,1.0,0,288,10,277.0,10,3.1,10,7.2,10,976.4,10,,,49,10,0.0,10,0,10,,,0.0,10,5.1,,,0,5.0,,,0,,,3.3,10,1.1,10,1849,10
2008-03-24T19:00+00:00,5935,0.0,0,289,10,263.0,10,2.1,10,5.1,10,976.7,10,,,53,10,0.0,10,0,10,,,0.0,10,4.9,,,0,5.0,,,0,,,2.5,10,-0.6,10,1945,10
2008-03-24T20:00+00:00,5935,0.0,0,296,10,274.0,10,1.9,10,5.6,10,976.7,10,,,57,10,0.0,10,0,10,,,0.0,10,4.8,,,0,5.0,,,0,,,1.8,10,-1.3,10,2020,10
2008-03-24T21:00+00:00,5935,0.0,0,298,10,283.0,10,1.9,10,4.2,10,976.8,10,,,56,10,0.0,10,0,10,,,0.0,10,4.7,,,0,5.0,,,0,,,1.8,10,-1.1,10,2156,10
2008-03-24T22:00+00:00,5935,0.0,0,301,10,296.0,10,2.2,10,5.3,10,976.8,10,,,61,10,0.0,10,0,10,,,0.0,10,4.5,,,0,5.0,,,0,,,1.4,10,-1.0,10,2223,10
2008-03-24T23:00+00:00,5935,0.0,0,305,10,294.0,10,2.7,10,6.1,10,976.4,10,,,63,10,0.0,10,0,10,,,0.0,10,4.4,,,0,5.0,,,0,,,1.1,10,-0.8,10,2318,10
2008-03-25T00:00+00:00,5935,0.0,0,303,10,319.0,10,2.6,10,5.5,10,976.3,10,,,70,10,0.0,10,0,10,,,0.0,10,4.3,,,0,5.0,,,0,,,0.3,10,-1.8,10,19,10
2008-03-25T01:00+00:00,5935,0.0,0,302,10,295.0,10,1.9,10,5.0,10,976.3,10,,,76,10,0.0,10,0,10,,,0.0,10,4.2,,,0,4.9,,,0,,,-0.7,10,-3.5,10,108,10
2008-03-25T02:00+00:00,5935,0.0,0,302,10,288.0,10,1.6,10,3.8,10,976.1,10,,,77,10,0.0,10,0,10,,,0.0,10,4.1,,,0,4.9,,,0,,,-0.7,10,-3.5,10,204,10
2008-03-25T03:00+00:00,5935,0.0,0,298,10,265.0,10,1.4,10,3.0,10,976.2,10,,,76,10,0.0,10,0,10,,,0.0,10,4.0,,,0,4.9,,,0,,,-0.9,10,-3.6,10,342,10
2008-03-25T04:00+00:00,5935,0.0,0,298,10,315.0,10,1.6,10,3.7,10,976.2,10,,,75,10,0.0,10,0,10,,,0.0,10,3.9,,,0,4.8,,,0,,,-0.3,10,-3.1,10,414,10
2008-03-25T05:00+00:00,5935,3.0,0,295,10,322.0,10,1.3,10,2.9,10,976.6,10,,,77,10,0.0,10,0,10,,,0.0,10,3.9,,,0,4.8,,,0,,,-0.3,10,-1.5,10,524,10
2008-03-25T06:00+00:00,5935,69.0,0,292,10,281.0,10,1.6,10,4.2,10,977.0,10,,,75,10,0.0,10,0,10,,,0.1,10,3.8,,,0,4.7,,,0,,,1.2,10,-1.4,10,622,10
2008-03-25T07:00+00:00,5935,235.0,0,293,10,314.0,10,3.4,10,8.9,10,977.3,10,,,66,10,0.0,10,0,10,,,0.6,10,3.8,,,0,4.7,,,0,,,2.7,10,1.4,10,748,10
2008-03-25T08:00+00:00,5935,386.0,0,296,10,266.0,10,3.1,10,6.8,10,977.6,10,,,58,10,0.0,10,0,10,,,1.0,10,3.8,,,0,4.7,,,0,,,3.6,10,5.7,10,900,10
2008-03-25T09:00+00:00,5935,402.0,0,297,10,320.0,10,3.3,10,7.5,10,977.9,10,,,53,10,0.0,10,0,10,,,0.5,10,3.8,,,0,4.6,,,0,,,4.0,10,7.4,10,959,10
2008-03-25T10:00+00:00,5935,316.0,0,290,10,314.0,10,3.0,10,9.6,10,977.9,10,,,56,10,0.0,10,0,10,,,0.3,10,3.9,,,0,4.6,,,0,,,5.3,10,5.8,10,1011,10
2008-03-25T11:00+00:00,5935,280.0,0,280,10,286.0,10,3.7,10,9.9,10,978.4,10,,,78,10,0.0,10,17,10,,,0.2,10,4.0,,,0,4.6,,,0,,,3.3,10,4.9,10,1142,10
2008-03-25T12:00+00:00,5935,227.0,0,272,10,286.0,10,4.6,10,11.2,10,979.2,10,,,88,10,0.2,10,18,10,,,0.1,10,4.2,,,0,4.6,,,0,,,1.2,10,0.2,10,1247,10
2008-03-25T13:00+00:00,5935,190.0,0,276,10,264.0,10,3.6,10,8.4,10,979.5,10,,,84,10,0.2,10,35,10,,,0.1,10,4.2,,,0,4.6,,,0,,,2.6,10,0.2,10,1309,10
2008-03-25T14:00+00:00,5935,261.0,0,281,10,283.0,10,3.6,10,9.1,10,979.7,10,,,77,10,0.0,10,12,10,,,0.4,10,4.3,,,0,4.6,,,0,,,2.9,10,2.0,10,1427,10
2008-03-25T15:00+00:00,5935,85.0,0,281,10,281.0,10,4.9,10,13.1,10,980.4,10,,,66,10,0.0,10,11,10,,,0.1,10,4.4,,,0,4.7,,,0,,,2.0,10,0.7,10,1540,10
2008-03-25T16:00+00:00,5935,130.0,0,263,10,272.0,10,3.6,10,11.4,10,981.0,10,,,74,10,0.0,10,9,10,,,0.3,10,4.4,,,0,4.7,,,0,,,2.2,10,1.2,10,1603,10
2008-03-25T17:00+00:00,5935,34.0,0,284,10,307.0,10,2.9,10,10.7,10,981.9,10,,,84,10,1.0,10,21,10,,,0.2,10,4.4,,,0,4.7,,,0,,,0.2,10,-0.1,10,1718,10
2008-03-25T18:00+00:00,5935,2.0,0,275,10,276.0,10,3.3,10,9.7,10,982.4,10,,,78,10,0.0,10,0,10,,,0.0,10,4.3,,,0,4.7,,,0,,,0.8,10,-1.4,10,1848,10
2008-03-25T19:00+00:00,5935,0.0,0,270,10,295.0,10,4.8,10,10.4,10,983.5,10,,,73,10,0.0,10,0,10,,,0.0,10,4.2,,,0,4.7,,,0,,,0.8,10,-1.5,10,1910,10
2008-03-25T20:00+00:00,5935,0.0,0,266,10,247.0,10,3.8,10,9.2,10,984.1,10,,,74,10,0.0,10,0,10,,,0.0,10,4.1,,,0,4.7,,,0,,,0.3,10,-2.0,10,2004,10
2008-03-25T21:00+00:00,5935,0.0,0,261,10,241.0,10,4.3,10,10.6,10,984.4,10,,,72,10,0.0,10,0,10,,,0.0,10,4.1,,,0,4.7,,,0,,,0.5,10,-2.1,10,2101,10
2008-03-25T22:00+00:00,5935,0.0,0,260,10,258.0,10,3.9,10,10.2,10,984.7,10,,,72,10,0.0,10,0,10,,,0.0,10,4.0,,,0,4.7,,,0,,,0.4,10,-2.0,10,2215,10
2008-03-25T23:00+00:00,5935,0.0,0,262,10,267.0,10,3.7,10,9.8,10,984.8,10,,,73,10,0.0,10,0,10,,,0.0,10,3.9,,,0,4.7,,,0,,,0.5,10,-2.2,10,2314,10
2008-03-26T00:00+00:00,5935,0.0,0,266,10,247.0,10,4.0,10,11.6,10,984.7,10,,,71,10,0.0,10,0,10,,,0.0,10,3.8,,,0,4.7,,,0,,,1.1,10,-2.3,10,4,10
2008-03-26T01:00+00:00,5935,0.0,0,265,10,262.0,10,4.7,10,11.5,10,984.7,10,,,67,10,0.0,10,0,10,,,0.0,10,3.8,,,0,4.6,,,0,,,1.3,10,-1.3,10,129,10
2008-03-26T02:00+00:00,5935,0.0,0,264,10,278.0,10,5.1,10,12.4,10,984.1,10,,,67,10,0.0,10,0,10,,,0.0,10,3.7,,,0,4.6,,,0,,,1.3,10,-1.2,10,213,10
2008-03-26T03:00+00:00,5935,0.0,0,261,10,246.0,10,4.6,10,13.6,10,984.1,10,,,65,10,0.0,10,0,10,,,0.0,10,3.6,,,0,4.6,,,0,,,1.2,10,-1.6,10,309,10
2008-03-26T04:00+00:00,5935,0.0,0,266,10,243.0,10,4.8,10,11.9,10,984.2,10,,,64,10,0.0,10,0,10,,,0.0,10,3.6,,,0,4.5,,,0,,,1.2,10,-1.7,10,413,10
2008-03-26T05:00+00:00,5935,4.0,0,264,10,286.0,10,4.2,10,12.0,10,984.8,10,,,65,10,0.0,10,0,10,,,0.0,10,3.5,,,0,4.5,,,0,,,1.0,10,-1.8,10,534,10
2008-03-26T06:00+00:00,5935,94.0,0,265,10,262.0,10,4.1,10,10.7,10,985.2,10,,,63,10,0.0,10,0,10,,,0.8,10,3.5,,,0,4.5,,,0,,,1.9,10,-1.8,10,619,10
2008-03-26T07:00+00:00,5935,200.0,0,265,10,286.0,10,3.9,10,9.4,10,985.8,10,,,64,10,0.0,10,0,10,,,0.7,10,3.4,,,0,4.4,,,0,,,2.3,10,0.2,10,704,10
2008-03-26T08:00+00:00,5935,333.0,0,260,10,249.0,10,4.0,10,9.2,10,986.0,10,,,60,10,0.0,10,0,10,,,0.8,10,3.4,,,0,4.4,,,0,,,3.6,10,2.6,10,805,10
2008-03-26T09:00+00:00,5935,553.0,0,264,10,246.0,10,4.9,10,12.2,10,986.5,10,,,57,10,0.0,10,0,10,,,0.8,10,3.4,,,0,4.4,,,0,,,3.9,10,5.8,10,922,10
2008-03-26T10:00+00:00,5935,569.0,0,267,10,252.0,10,5.2,10,12.9,10,986.8,10,,,58,10,0.0,10,11,10,,,0.8,10,3.5,,,0,4.3,,,0,,,4.0,10,8.5,10,1028,10
2008-03-26T11:00+00:00,5935,605.0,0,273,10,287.0,10,5.0,10,12.3,10,986.3,10,,,50,10,0.0,10,14,10,,,0.7,10,3.7,,,0,4.3,,,0,,,5.0,10,6.4,10,1159,10
2008-03-26T12:00+00:00,5935,705.0,0,264,10,260.0,10,4.5,10,11.3,10,985.5,10,,,47,10,0.0,10,0,10,,,0.9,10,4.0,,,0,4.3,,,0,,,5.8,10,7.6,10,1255,10
2008-03-26T13:00+00:00,5935,683.0,0,260,10,244.0,10,4.6,10,9.8,10,985.0,10,,,43,10,0.0,10,0,10,,,1.0,10,4.3,,,0,4.4,,,0,,,6.7,10,11.6,10,1334,10
2008-03-26T14:00+00:00,5935,506.0,0,260,10,234.0,10,4.6,10,10.9,10,984.7,10,,,43,10,0.0,10,0,10,,,0.9,10,4.6,,,0,4.4,,,0,,,6.4,10,11.5,10,1414,10
2008-03-26T15:00+00:00,5935,248.0,0,261,10,268.0,10,4.9,10,11.8,10,984.7,10,,,48,10,0.0,10,0,10,,,0.3,10,4.8,,,0,4.5,,,0,,,5.9,10,8.1,10,1521,10
2008-03-26T16:00+00:00,5935,200.0,0,272,10,259.0,10,3.2,10,9.4,10,984.6,10,,,50,10,0.0,10,0,10,,,0.8,10,4.9,,,0,4.6,,,0,,,5.6,10,5.6,10,1700,10
2008-03-26T17:00+00:00,5935,44.0,0,258,10,243.0,10,2.2,10,7.8,10,984.5,10,,,52,10,0.0,10,0,10,,,0.0,10,5.0,,,0,4.7,,,0,,,5.4,10,4.5,10,1728,10
2008-03-26T18:00+00:00,5935,1.0,0,271,10,240.0,10,1.9,10,6.8,10,984.9,10,,,64,10,0.0,10,23,10,,,0.0,10,5.0,,,0,4.7,,,0,,,4.5,10,3.1,10,1835,10
2008-03-26T19:00+00:00,5935,0.0,0,274,10,265.0,10,1.2,10,3.7,10,985.3,10,,,77,10,0.0,10,29,10,,,0.0,10,4.9,,,0,4.8,,,0,,,3.7,10,2.8,10,1908,10
2008-03-26T20:00+00:00,5935,0.0,0,302,10,301.0,10,1.2,10,2.4,10,985.3,10,,,84,10,0.1,10,38,10,,,0.0,10,4.9,,,0,4.8,,,0,,,3.2,10,2.5,10,2033,10
2008-03-26T21:00+00:00,5935,0.0,0,235,10,229.0,10,0.6,10,1.7,10,985.0,10,,,84,10,0.1,10,51,10,,,0.0,10,4.9,,,0,4.9,,,0,,,3.4,10,2.6,10,2105,10
2008-03-26T22:00+00:00,5935,0.0,0,261,10,262.0,10,0.8,10,2.8,10,984.8,10,,,87,10,0.0,10,12,10,,,0.0,10,4.9,,,0,4.9,,,0,,,3.5,10,2.6,10,2234,10
2008-03-26T23:00+00:00,5935,0.0,0,95,10,84.0,10,0.9,10,2.9,10,984.8,10,,,87,10,0.0,10,0,10,,,0.0,10,4.8,,,0,4.9,,,0,,,3.0,10,2.4,10,2344,10
2008-03-27T00:00+00:00,5935,0.0,0,145,10,167.0,10,1.3,10,3.7,10,984.6,10,,,84,10,0.0,10,0,10,,,0.0,10,4.8,,,0,4.9,,,0,,,3.4,10,2.3,10,33,10
2008-03-27T01:00+00:00,5935,0.0,0,72,10,63.0,10,0.9,10,2.6,10,984.5,10,,,88,10,0.0,10,0,10,,,0.0,10,4.8,,,0,5.0,,,0,,,2.9,10,2.3,10,143,10
2008-03-27T02:00+00:00,5935,0.0,0,117,10,152.0,10,1.0,10,2.4,10,984.2,10,,,87,10,0.0,10,0,10,,,0.0,10,4.8,,,0,5.0,,,0,,,2.8,10,1.8,10,249,10
2008-03-27T03:00+00:00,5935,0.0,0,76,10,112.0,10,0.8,10,2.8,10,984.3,10,,,88,10,0.0,10,0,10,,,0.0,10,4.7,,,0,5.0,,,0,,,2.6,10,1.4,10,358,10
2008-03-27T04:00+00:00,5935,0.0,0,123,10,113.0,10,1.1,10,3.4,10,984.5,10,,,86,10,0.0,10,0,10,,,0.0,10,4.7,,,0,5.0,,,0,,,2.4,10,1.4,10,415,10
2008-03-27T05:00+00:00,5935,2.0,0,143,10,125.0,10,1.4,10,3.7,10,984.6,10,,,85,10,0.0,10,0,10,,,0.0,10,4.7,,,0,5.0,,,0,,,2.2,10,1.3,10,533,10
2008-03-27T06:00+00:00,5935,43.0,0,141,10,142.0,10,1.5,10,3.8,10,985.2,10,,,86,10,0.0,10,0,10,,,0.0,10,4.6,,,0,4.9,,,0,,,2.4,10,1.4,10,606,10
2008-03-27T07:00+00:00,5935,180.0,0,163,10,158.0,10,1.7,10,4.3,10,985.6,10,,,82,10,0.0,10,0,10,,,0.2,10,4.6,,,0,4.9,,,0,,,3.4,10,2.8,10,724,10
2008-03-27T08:00+00:00,5935,235.0,0,137,10,148.0,10,1.5,10,3.5,10,985.8,10,,,78,10,0.0,10,0,10,,,0.0,10,4.7,,,0,4.9,,,0,,,4.3,10,5.9,10,900,10
2008-03-27T09:00+00:00,5935,434.0,0,113,10,151.0,10,1.0,10,3.5,10,986.0,10,,,72,10,0.0,10,0,10,,,0.5,10,4.8,,,0,4.9,,,0,,,6.0,10,7.6,10,917,10
2008-03-27T10:00+00:00,5935,640.0,0,97,10,90.0,10,1.3,10,3.7,10,985.8,10,,,65,10,0.0,10,0,10,,,1.0,10,5.0,,,0,4.9,,,0,,,7.4,10,15.2,10,1005,10
2008-03-27T11:00+00:00,5935,722.0,0,109,10,70.0,10,1.8,10,6.0,10,985.8,10,,,60,10,0.0,10,0,10,,,1.0,10,5.2,,,0,5.0,,,0,,,8.8,10,16.9,10,1151,10
2008-03-27T12:00+00:00,5935,724.0,0,116,10,82.0,10,1.9,10,5.3,10,985.5,10,,,55,10,0.0,10,0,10,,,1.0,10,5.4,,,0,5.0,,,0,,,10.9,10,12.9,10,1202,10
2008-03-27T13:00+00:00,5935,570.0,0,108,10,100.0,10,2.6,10,6.3,10,985.4,10,,,51,10,0.0,10,0,10,,,0.9,10,5.8,,,0,5.1,,,0,,,11.3,10,15.6,10,1349,10
2008-03-27T14:00+00:00,5935,472.0,0,116,10,165.0,10,2.7,10,6.9,10,985.4,10,,,53,10,0.0,10,0,10,,,0.9,10,6.0,,,0,5.1,,,0,,,11.7,10,16.2,10,1424,10
2008-03-27T15:00+00:00,5935,280.0,0,112,10,126.0,10,2.9,10,8.1,10,985.5,10,,,53,10,0.0,10,0,10,,,0.7,10,6.2,,,0,5.2,,,0,,,10.8,10,12.3,10,1510,10
2008-03-27T16:00+00:00,5935,135.0,0,110,10,85.0,10,2.6,10,7.8,10,985.8,10,,,53,10,0.0,10,0,10,,,0.1,10,6.4,,,0,5.4,,,0,,,10.5,10,10.0,10,1625,10
2008-03-27T17:00+00:00,5935,43.0,0,105,10,105.0,10,2.3,10,6.1,10,986.2,10,,,57,10,0.0,10,0,10,,,0.0,10,6.4,,,0,5.5,,,0,,,9.9,10,7.9,10,1701,10
2008-03-27T18:00+00:00,5935,1.0,0,103,10,110.0,10,1.4,10,3.1,10,986.7,10,,,60,10,0.0,10,0,10,,,0.0,10,6.4,,,0,5.5,,,0,,,9.3,10,6.8,10,1806,10
2008-03-27T19:00+00:00,5935,0.0,0,91,10,94.0,10,1.4,10,3.2,10,987.4,10,,,62,10,0.0,10,0,10,,,0.0,10,6.4,,,0,5.6,,,0,,,8.9,10,6.6,10,1944,10
2008-03-27T20:00+00:00,5935,0.0,0,90,10,93.0,10,1.4,10,3.1,10,987.8,10,,,63,10,0.0,10,0,10,,,0.0,10,6.3,,,0,5.7,,,0,,,8.6,10,6.7,10,2022,10
2008-03-27T21:00+00:00,5935,0.0,0,96,10,81.0,10,1.3,10,2.9,10,988.4,10,,,65,10,0.0,10,0,10,,,0.0,10,6.3,,,0,5.7,,,0,,,8.2,10,6.4,10,2108,10
2008-03-27T22:00+00:00,5935,0.0,0,95,10,79.0,10,1.1,10,2.9,10,988.8,10,,,70,10,0.0,10,0,10,,,0.0,10,6.3,,,0,5.8,,,0,,,7.9,10,6.0,10,2256,10
2008-03-27T23:00+00:00,5935,0.0,0,80,10,85.0,10,1.5,10,3.2,10,989.2,10,,,72,10,0.0,10,0,10,,,0.0,10,6.2,,,0,5.8,,,0,,,7.6,10,5.4,10,2358,10
2008-03-28T00:00+00:00,5935,0.0,0,81,10,78.0,10,1.5,10,3.4,10,989.7,10,,,70,10,0.0,10,0,10,,,0.0,10,6.2,,,0,5.8,,,0,,,7.6,10,5.4,10,38,10
2008-03-28T01:00+00:00,5935,0.0,0,57,10,56.0,10,0.8,10,2.0,10,990.4,10,,,76,10,0.0,10,0,10,,,0.0,10,6.1,,,0,5.8,,,0,,,6.2,10,1.8,10,117,10
2008-03-28T02:00+00:00,5935,0.0,0,56,10,60.0,10,0.9,10,2.4,10,990.9,10,,,79,10,0.0,10,0,10,,,0.0,10,6.0,,,0,5.8,,,0,,,5.6,10,1.3,10,243,10
2008-03-28T03:00+00:00,5935,0.0,0,63,10,68.0,10,0.9,10,2.4,10,991.8,10,,,78,10,0.0,10,0,10,,,0.0,10,6.0,,,0,5.8,,,0,,,5.9,10,2.2,10,336,10
2008-03-28T04:00+00:00,5935,0.0,0,63,10,52.0,10,0.6,10,2.0,10,992.7,10,,,79,10,0.0,10,0,10,,,0.0,10,5.9,,,0,5.8,,,0,,,5.8,10,4.1,10,401,10
2008-03-28T05:00+00:00,5935,4.0,0,120,10,147.0,10,0.4,10,1.6,10,993.4,10,,,76,10,0.0,10,0,10,,,0.0,10,5.9,,,0,5.8,,,0,,,6.1,10,3.7,10,558,10
2008-03-28T06:00+00:00,5935,53.0,0,170,10,186.0,10,0.8,10,2.3,10,994.1,10,,,72,10,0.0,10,0,10,,,0.0,10,5.8,,,0,5.8,,,0,,,6.8,10,4.1,10,647,10
2008-03-28T07:00+00:00,5935,147.0,0,159,10,189.0,10,1.0,10,2.9,10,995.0,10,,,69,10,0.0,10,0,10,,,0.0,10,5.8,,,0,5.8,,,0,,,7.5,10,6.8,10,742,10
2008-03-28T08:00+00:00,5935,250.0,0,182,10,199.0,10,1.2,10,3.1,10,995.7,10,,,65,10,0.0,10,0,10,,,0.0,10,5.9,,,0,5.8,,,0,,,8.2,10,10.6,10,815,10
2008-03-28T09:00+00:00,5935,268.0,0,88,10,122.0,10,1.2,10,3.5,10,996.3,10,,,62,10,0.0,10,0,10,,,0.0,10,6.0,,,0,5.8,,,0,,,9.1,10,11.4,10,956,10
2008-03-28T10:00+00:00,5935,514.0,0,109,10,106.0,10,1.3,10,3.5,10,996.6,10,,,58,10,0.0,10,0,10,,,0.8,10,6.2,,,0,5.8,,,0,,,11.0,10,13.8,10,1014,10
2008-03-28T11:00+00:00,5935,579.0,0,98,10,79.0,10,1.6,10,5.0,10,996.7,10,,,57,10,0.0,10,0,10,,,1.0,10,6.4,,,0,5.8,,,0,,,11.4,10,17.3,10,1103,10
2008-03-28T12:00+00:00,5935,512.0,0,116,10,136.0,10,1.3,10,4.4,10,996.7,10,,,58,10,0.0,10,0,10,,,0.7,10,6.6,,,0,5.9,,,0,,,11.8,10,16.0,10,1201,10
2008-03-28T13:00+00:00,5935,254.0,0,114,10,91.0,10,1.5,10,3.8,10,996.4,10,,,57,10,0.0,10,0,10,,,0.1,10,6.8,,,0,5.9,,,0,,,11.9,10,14.1,10,1329,10
2008-03-28T14:00+00:00,5935,337.0,0,87,10,74.0,10,1.6,10,4.3,10,996.3,10,,,56,10,0.0,10,0,10,,,0.4,10,7.0,,,0,6.0,,,0,,,12.6,10,15.2,10,1429,10
2008-03-28T15:00+00:00,5935,231.0,0,107,10,110.0,10,1.6,10,4.6,10,996.2,10,,,58,10,0.0,10,0,10,,,0.3,10,7.2,,,0,6.1,,,0,,,12.2,10,13.7,10,1503,10
2008-03-28T16:00+00:00,5935,143.0,0,130,10,135.0,10,1.5,10,4.0,10,996.3,10,,,58,10,0.0,10,0,10,,,0.2,10,7.3,,,0,6.2,,,0,,,11.8,10,11.3,10,1630,10
2008-03-28T17:00+00:00,5935,45.0,0,130,10,140.0,10,1.7,10,4.2,10,996.6,10,,,60,10,0.0,10,0,10,,,0.0,10,7.3,,,0,6.2,,,0,,,11.4,10,9.9,10,1745,10
2008-03-28T18:00+00:00,5935,1.0,0,138,10,130.0,10,1.6,10,4.5,10,996.6,10,,,63,10,0.0,10,0,10,,,0.0,10,7.3,,,0,6.3,,,0,,,10.8,10,8.3,10,1818,10
2008-03-28T19:00+00:00,5935,0.0,0,134,10,136.0,10,1.3,10,3.6,10,996.6,10,,,67,10,0.0,10,0,10,,,0.0,10,7.3,,,0,6.4,,,0,,,10.1,10,6.9,10,1909,10
2008-03-28T20:00+00:00,5935,0.0,0,133,10,130.0,10,1.1,10,2.8,10,996.6,10,,,69,10,0.0,10,0,10,,,0.0,10,7.2,,,0,6.4,,,0,,,9.7,10,6.8,10,2007,10
2008-03-28T21:00+00:00,5935,0.0,0,150,10,161.0,10,1.2,10,4.2,10,996.7,10,,,68,10,0.0,10,0,10,,,0.0,10,7.2,,,0,6.5,,,0,,,9.8,10,6.6,10,2155,10
2008-03-28T22:00+00:00,5935,0.0,0,183,10,159.0,10,1.8,10,4.7,10,996.8,10,,,73,10,0.0,10,7,10,,,0.0,10,7.1,,,0,6.5,,,0,,,9.3,10,7.2,10,2245,10
2008-03-28T23:00+00:00,5935,0.0,0,179,10,168.0,10,2.1,10,5.2,10,996.3,10,,,77,10,0.0,10,5,10,,,0.0,10,7.1,,,0,6.5,,,0,,,8.9,10,6.7,10,2347,10
2008-03-29T00:00+00:00,5935,0.0,0,196,10,191.0,10,2.1,10,4.5,10,996.1,10,,,77,10,0.0,10,0,10,,,0.0,10,7.0,,,0,6.5,,,0,,,8.9,10,6.6,10,16,10
2008-03-29T01:00+00:00,5935,0.0,0,172,10,158.0,10,1.6,10,4.1,10,995.6,10,,,79,10,0.0,10,0,10,,,0.0,10,7.0,,,0,6.5,,,0,,,8.3,10,5.4,10,146,10
2008-03-29T02:00+00:00,5935,0.0,0,174,10,167.0,10,1.7,10,4.2,10,995.5,10,,,81,10,0.0,10,0,10,,,0.0,10,6.9,,,0,6.6,,,0,,,8.2,10,5.2,10,230,10
2008-03-29T03:00+00:00,5935,0.0,0,182,10,167.0,10,0.7,10,2.8,10,996.0,10,,,86,10,0.0,10,0,10,,,0.0,10,6.9,,,0,6.5,,,0,,,6.8,10,3.1,10,305,10
2008-03-29T04:00+00:00,5935,0.0,0,134,10,147.0,10,0.4,10,2.1,10,996.7,10,,,88,10,0.0,10,0,10,,,0.0,10,6.8,,,0,6.5,,,0,,,6.6,10,3.0,10,422,10
2008-03-29T05:00+00:00,5935,2.0,0,70,10,163.0,10,0.1,10,1.5,10,997.5,10,,,88,10,0.0,10,0,10,,,0.0,10,6.7,,,0,6.5,,,0,,,6.7,10,4.1,10,506,10
2008-03-29T06:00+00:00,5935,27.0,0,41,10,267.0,10,0.1,10,3.5,10,999.1,10,,,86,10,0.0,10,0,10,,,0.0,10,6.7,,,0,6.5,,,0,,,7.4,10,4.8,10,652,10
2008-03-29T07:00+00:00,5935,78.0,0,332,10,64.0,10,0.3,10,3.4,10,999.7,10,,,76,10,0.0,10,0,10,,,0.0,10,6.7,,,0,6.5,,,0,,,9.6,10,6.5,10,711,10
2008-03-29T08:00+00:00,5935,221.0,0,247,10,218.0,10,2.3,10,7.6,10,999.9,10,,,60,10,0.0,10,0,10,,,0.2,10,6.7,,,0,6.5,,,0,,,11.7,10,11.0,10,848,10
2008-03-29T09:00+00:00,5935,281.0,0,266,10,241.0,10,4.1,10,11.6,10,1000.7,10,,,58,10,0.0,10,0,10,,,0.2,10,6.8,,,0,6.5,,,0,,,12.6,10,13.5,10,928,10
2008-03-29T10:00+00:00,5935,648.0,0,274,10,295.0,10,4.7,10,11.9,10,1001.5,10,,,51,10,0.0,10,0,10,,,0.9,10,7.0,,,0,6.5,,,0,,,14.6,10,15.9,10,1040,10
2008-03-29T11:00+00:00,5935,646.0,0,266,10,267.0,10,5.0,10,11.7,10,1002.0,10,,,51,10,0.0,10,0,10,,,0.8,10,7.2,,,0,6.5,,,0,,,14.0,10,18.8,10,1107,10
2008-03-29T12:00+00:00,5935,654.0,0,265,10,257.0,10,5.2,10,12.7,10,1002.3,10,,,45,10,0.0,10,0,10,,,0.9,10,7.4,,,0,6.5,,,0,,,14.2,10,17.8,10,1234,10
2008-03-29T13:00+00:00,5935,370.0,0,286,10,228.0,10,4.6,10,11.2,10,1002.2,10,,,42,10,0.0,10,0,10,,,0.4,10,7.7,,,0,6.6,,,0,,,13.7,10,16.3,10,1314,10
2008-03-29T14:00+00:00,5935,242.0,0,287,10,298.0,10,3.6,10,10.0,10,1002.2,10,,,44,10,0.0,10,0,10,,,0.0,10,7.8,,,0,6.7,,,0,,,13.1,10,14.0,10,1417,10
2008-03-29T15:00+00:00,5935,149.0,0,290,10,289.0,10,3.2,10,7.6,10,1002.3,10,,,44,10,0.0,10,0,10,,,0.0,10,7.9,,,0,6.8,,,0,,,13.0,10,12.4,10,1509,10
2008-03-29T16:00+00:00,5935,229.0,0,276,10,308.0,10,2.1,10,5.3,10,1002.3,10,,,42,10,0.0,10,0,10,,,0.7,10,7.9,,,0,6.8,,,0,,,14.0,10,12.3,10,1630,10
2008-03-29T17:00+00:00,5935,61.0,0,289,10,293.0,10,1.9,10,5.7,10,1002.7,10,,,43,10,0.0,10,0,10,,,0.4,10,7.9,,,0,6.9,,,0,,,12.4,10,7.3,10,1704,10
2008-03-29T18:00+00:00,5935,4.0,0,281,10,286.0,10,1.6,10,4.4,10,1003.2,10,,,45,10,0.0,10,0,10,,,0.0,10,7.9,,,0,7.0,,,0,,,10.2,10,2.8,10,1814,10
2008-03-29T19:00+00:00,5935,0.0,0,267,10,256.0,10,0.5,10,2.5,10,1003.7,10,,,55,10,0.0,10,0,10,,,0.0,10,7.7,,,0,7.0,,,0,,,7.7,10,1.4,10,1918,10
2008-03-29T20:00+00:00,5935,0.0,0,234,10,223.0,10,0.9,10,2.4,10,1004.1,10,,,60,10,0.0,10,0,10,,,0.0,10,7.5,,,0,7.0,,,0,,,6.3,10,0.5,10,2052,10
2008-03-29T21:00+00:00,5935,0.0,0,275,10,359.0,10,0.2,10,1.9,10,1004.0,10,,,68,10,0.0,10,0,10,,,0.0,10,7.4,,,0,7.0,,,0,,,4.8,10,-0.1,10,2112,10
2008-03-29T22:00+00:00,5935,0.0,0,281,10,241.0,10,0.2,10,1.5,10,1004.3,10,,,75,10,0.0,10,0,10,,,0.0,10,7.2,,,0,7.0,,,0,,,3.7,10,-0.6,10,2209,10
2008-03-29T23:00+00:00,5935,0.0,0,303,10,327.0,10,0.8,10,2.8,10,1004.7,10,,,73,10,0.0,10,0,10,,,0.0,10,7.0,,,0,7.0,,,0,,,4.1,10,-0.9,10,2332,10
2008-03-30T00:00+00:00,5935,0.0,0,259,10,256.0,10,0.2,10,1.6,10,1004.3,10,,,80,10,0.0,10,0,10,,,0.0,10,6.8,,,0,7.0,,,0,,,2.8,10,-1.2,10,3,10
2008-03-30T01:00+00:00,5935,0.0,0,220,10,194.0,10,0.2,10,4.1,10,1004.5,10,,,78,10,0.0,10,0,10,,,0.0,10,6.7,,,0,6.9,,,0,,,3.2,10,-1.6,10,150,10
2008-03-30T02:00+00:00,5935,0.0,0,298,10,224.0,10,0.1,10,2.0,10,1004.0,10,,,84,10,0.0,10,0,10,,,0.0,10,6.5,,,0,6.9,,,0,,,1.8,10,-1.4,10,300,10
2008-03-30T03:00+00:00,5935,0.0,0,110,10,130.0,10,0.1,10,1.5,10,1003.9,10,,,87,10,0.0,10,0,10,,,0.0,10,6.4,,,0,6.8,,,0,,,1.2,10,-1.7,10,318,10
2008-03-30T04:00+00:00,5935,0.0,0,59,10,69.0,10,0.8,10,2.7,10,1003.7,10,,,87,10,0.0,10,0,10,,,0.0,10,6.3,,,0,6.8,,,0,,,1.7,10,-1.8,10,458,10
2008-03-30T05:00+00:00,5935,8.0,0,85,10,94.0,10,0.5,10,2.6,10,1003.9,10,,,90,10,0.0,10,0,10,,,0.1,10,6.1,,,0,6.7,,,0,,,0.7,10,-1.8,10,600,10
2008-03-30T06:00+00:00,5935,102.0,0,29,10,53.0,10,0.1,10,1.8,10,1003.6,10,,,83,10,0.0,10,0,10,,,1.0,10,6.0,,,0,6.6,,,0,,,2.5,10,-1.6,10,652,10
2008-03-30T07:00+00:00,5935,276.0,0,71,10,150.0,10,0.6,10,2.7,10,1003.5,10,,,79,10,0.0,10,0,10,,,1.0,10,5.9,,,0,6.6,,,0,,,5.9,10,0.9,10,746,10
2008-03-30T08:00+00:00,5935,447.0,0,110,10,114.0,10,1.4,10,3.9,10,1003.0,10,,,73,10,0.0,10,0,10,,,1.0,10,5.9,,,0,6.5,,,0,,,8.6,10,9.2,10,821,10
2008-03-30T09:00+00:00,5935,594.0,0,123,10,132.0,10,1.5,10,5.1,10,1002.3,10,,,56,10,0.0,10,0,10,,,1.0,10,6.0,,,0,6.5,,,0,,,12.4,10,16.4,10,954,10
2008-03-30T10:00+00:00,5935,692.0,0,129,10,128.0,10,2.6,10,7.2,10,1001.6,10,,,51,10,0.0,10,0,10,,,1.0,10,6.2,,,0,6.4,,,0,,,14.1,10,20.7,10,1029,10
2008-03-30T11:00+00:00,5935,746.0,0,139,10,159.0,10,2.9,10,10.2,10,1000.5,10,,,39,10,0.0,10,0,10,,,1.0,10,6.5,,,0,6.4,,,0,,,16.8,10,22.3,10,1148,10
2008-03-30T12:00+00:00,5935,744.0,0,140,10,163.0,10,3.5,10,9.5,10,999.9,10,,,38,10,0.0,10,0,10,,,1.0,10,6.8,,,0,6.4,,,0,,,16.9,10,16.8,10,1229,10
2008-03-30T13:00+00:00,5935,675.0,0,145,10,143.0,10,3.2,10,8.6,10,999.1,10,,,38,10,0.0,10,0,10,,,1.0,10,7.2,,,0,6.5,,,0,,,17.8,10,19.8,10,1322,10
2008-03-30T14:00+00:00,5935,568.0,0,130,10,119.0,10,3.3,10,8.1,10,998.5,10,,,39,10,0.0,10,0,10,,,1.0,10,7.5,,,0,6.6,,,0,,,17.5,10,22.6,10,1422,10
2008-03-30T15:00+00:00,5935,417.0,0,129,10,127.0,10,3.3,10,9.1,10,997.9,10,,,39,10,0.0,10,0,10,,,1.0,10,7.8,,,0,6.7,,,0,,,17.2,10,19.0,10,1503,10
2008-03-30T16:00+00:00,5935,210.0,0,135,10,174.0,10,3.5,10,8.7,10,997.8,10,,,41,10,0.0,10,0,10,,,1.0,10,7.9,,,0,6.8,,,0,,,16.2,10,13.2,10,1637,10
2008-03-30T17:00+00:00,5935,90.0,0,131,10,145.0,10,3.2,10,8.5,10,997.8,10,,,43,10,0.0,10,0,10,,,1.0,10,8.0,,,0,6.9,,,0,,,15.2,10,11.7,10,1800,10
2008-03-30T18:00+00:00,5935,3.0,0,119,10,153.0,10,2.5,10,6.5,10,997.8,10,,,46,10,0.0,10,0,10,,,0.0,10,8.0,,,0,7.0,,,0,,,13.6,10,9.2,10,1900,10
2008-03-30T19:00+00:00,5935,0.0,0,109,10,125.0,10,2.3,10,5.5,10,997.7,10,,,51,10,0.0,10,0,10,,,0.0,10,7.9,,,0,7.0,,,0,,,12.0,10,7.9,10,1940,10
2008-03-30T20:00+00:00,5935,0.0,0,114,10,131.0,10,2.5,10,6.5,10,997.5,10,,,53,10,0.0,10,0,10,,,0.0,10,7.9,,,0,7.1,,,0,,,11.3,10,7.6,10,2026,10
2008-03-30T21:00+00:00,5935,0.0,0,130,10,140.0,10,2.0,10,6.6,10,997.5,10,,,53,10,0.0,10,0,10,,,0.0,10,7.8,,,0,7.1,,,0,,,11.5,10,6.7,10,2155,10
2008-03-30T22:00+00:00,5935,0.0,0,150,10,151.0,10,2.7,10,6.8,10,997.6,10,,,52,10,0.0,10,0,10,,,0.0,10,7.7,,,0,7.2,,,0,,,11.0,10,7.6,10,2246,10
2008-03-30T23:00+00:00,5935,0.0,0,144,10,157.0,10,3.3,10,8.6,10,997.5,10,,,52,10,0.0,10,0,10,,,0.0,10,7.6,,,0,7.2,,,0,,,10.6,10,7.3,10,2317,10
2008-03-31T00:00+00:00,5935,0.0,0,147,10,130.0,10,3.3,10,8.2,10,997.3,10,,,53,10,0.0,10,0,10,,,0.0,10,7.6,,,0,7.2,,,0,,,10.1,10,7.0,10,26,10
2008-03-31T01:00+00:00,5935,0.0,0,144,10,125.0,10,2.9,10,7.9,10,996.8,10,,,54,10,0.0,10,0,10,,,0.0,10,7.5,,,0,7.2,,,0,,,9.5,10,6.3,10,150,10
2008-03-31T02:00+00:00,5935,0.0,0,141,10,156.0,10,3.0,10,8.0,10,996.5,10,,,56,10,0.0,10,0,10,,,0.0,10,7.4,,,0,7.2,,,0,,,8.6,10,5.6,10,235,10
2008-03-31T03:00+00:00,5935,0.0,0,141,10,145.0,10,3.0,10,7.7,10,996.4,10,,,56,10,0.0,10,0,10,,,0.0,10,7.3,,,0,7.2,,,0,,,8.5,10,5.5,10,318,10
2008-03-31T04:00+00:00,5935,0.0,0,130,10,138.0,10,2.3,10,6.7,10,996.7,10,,,59,10,0.0,10,0,10,,,0.0,10,7.2,,,0,7.1,,,0,,,7.3,10,4.5,10,406,10
2008-03-31T05:00+00:00,5935,11.0,0,140,10,123.0,10,2.4,10,6.4,10,997.0,10,,,62,10,0.0,10,0,10,,,0.2,10,7.2,,,0,7.1,,,0,,,6.9,10,4.0,10,551,10
2008-03-31T06:00+00:00,5935,111.0,0,123,10,124.0,10,2.4,10,7.2,10,997.5,10,,,63,10,0.0,10,0,10,,,1.0,10,7.1,,,0,7.1,,,0,,,7.4,10,4.2,10,629,10
2008-03-31T07:00+00:00,5935,280.0,0,128,10,147.0,10,2.6,10,8.2,10,997.7,10,,,58,10,0.0,10,0,10,,,1.0,10,7.0,,,0,7.1,,,0,,,9.7,10,5.3,10,748,10
2008-03-31T08:00+00:00,5935,449.0,0,131,10,150.0,10,3.2,10,8.4,10,997.9,10,,,54,10,0.0,10,0,10,,,1.0,10,7.0,,,0,7.0,,,0,,,11.5,10,11.3,10,825,10
2008-03-31T09:00+00:00,5935,590.0,0,159,10,132.0,10,3.5,10,9.4,10,997.7,10,,,50,10,0.0,10,0,10,,,1.0,10,7.1,,,0,7.0,,,0,,,13.5,10,15.2,10,953,10
2008-03-31T10:00+00:00,5935,689.0,0,151,10,150.0,10,3.8,10,11.2,10,997.7,10,,,48,10,0.0,10,0,10,,,1.0,10,7.2,,,0,7.0,,,0,,,14.5,10,19.7,10,1039,10
2008-03-31T11:00+00:00,5935,739.0,0,158,10,168.0,10,4.0,10,9.9,10,997.6,10,,,45,10,0.0,10,0,10,,,1.0,10,7.4,,,0,7.0,,,0,,,15.9,10,22.2,10,1157,10
2008-03-31T12:00+00:00,5935,730.0,0,161,10,177.0,10,3.5,10,8.1,10,997.4,10,,,44,10,0.0,10,0,10,,,1.0,10,7.7,,,0,7.0,,,0,,,16.7,10,16.7,10,1256,10
2008-03-31T13:00+00:00,5935,671.0,0,156,10,157.0,10,3.0,10,8.5,10,997.1,10,,,42,10,0.0,10,0,10,,,1.0,10,8.1,,,0,7.1,,,0,,,17.7,10,19.9,10,1304,10
2008-03-31T14:00+00:00,5935,558.0,0,160,10,170.0,10,3.0,10,7.7,10,996.9,10,,,42,10,0.0,10,0,10,,,1.0,10,8.4,,,0,7.2,,,0,,,17.8,10,23.7,10,1443,10
2008-03-31T15:00+00:00,5935,408.0,0,137,10,131.0,10,2.5,10,7.1,10,996.9,10,,,41,10,0.0,10,0,10,,,1.0,10,8.6,,,0,7.3,,,0,,,17.6,10,18.1,10,1524,10
2008-03-31T16:00+00:00,5935,240.0,0,147,10,163.0,10,2.3,10,5.7,10,997.1,10,,,42,10,0.0,10,0,10,,,1.0,10,8.7,,,0,7.4,,,0,,,17.0,10,14.0,10,1645,10
2008-03-31T17:00+00:00,5935,74.0,0,143,10,163.0,10,1.8,10,5.7,10,997.6,10,,,43,10,0.0,10,0,10,,,0.9,10,8.7,,,0,7.5,,,0,,,16.0,10,10.7,10,1714,10
2008-03-31T18:00+00:00,5935,4.0,0,110,10,108.0,10,1.6,10,4.4,10,998.2,10,,,49,10,0.0,10,0,10,,,0.0,10,8.7,,,0,7.5,,,0,,,13.8,10,8.1,10,1814,10
2008-03-31T19:00+00:00,5935,0.0,0,102,10,123.0,10,1.1,10,2.8,10,998.9,10,,,53,10,0.0,10,0,10,,,0.0,10,8.6,,,0,7.6,,,0,,,12.2,10,5.4,10,1912,10
2008-03-31T20:00+00:00,5935,0.0,0,80,10,104.0,10,0.3,10,2.0,10,999.3,10,,,64,10,0.0,10,0,10,,,0.0,10,8.5,,,0,7.7,,,0,,,9.2,10,3.3,10,2003,10
2008-03-31T21:00+00:00,5935,0.0,0,321,10,344.0,10,0.5,10,1.5,10,999.4,10,,,72,10,0.0,10,0,10,,,0.0,10,8.3,,,0,7.7,,,0,,,8.0,10,2.6,10,2127,10
2008-03-31T22:00+00:00,5935,0.0,0,0,10,318.0,10,0.0,10,1.1,10,999.5,10,,,73,10,0.0,10,0,10,,,0.0,10,8.2,,,0,7.7,,,0,,,8.1,10,2.8,10,2245,10
2008-03-31T23:00+00:00,5935,0.0,0,294,10,246.0,10,0.4,10,1.2,10,999.6,10,,,77,10,0.0,10,0,10,,,0.0,10,8.1,,,0,7.7,,,0,,,7.3,10,1.9,10,2307,10
2008-04-01T00:00+00:00,5935,0.0,0,354,10,46.0,10,0.1,10,1.2,10,999.6,10,,,82,10,0.0,10,0,10,,,0.0,10,7.9,,,0,7.7,,,0,,,5.7,10,1.4,10,29,10
2008-04-01T01:00+00:00,5935,0.0,0,268,10,278.0,10,0.4,10,1.5,10,999.5,10,,,83,10,0.0,10,0,10,,,0.0,10,7.8,,,0,7.7,,,0,,,5.7,10,0.7,10,123,10
2008-04-01T02:00+00:00,5935,0.0,0,25,10,347.0,10,0.5,10,2.1,10,999.8,10,,,79,10,0.0,10,0,10,,,0.0,10,7.6,,,0,7.6,,,0,,,6.3,10,0.5,10,232,10
2008-04-01T03:00+00:00,5935,0.0,0,290,10,307.0,10,0.7,10,4.0,10,1000.0,10,,,78,10,0.0,10,0,10,,,0.0,10,7.5,,,0,7.6,,,0,,,6.3,10,0.4,10,329,10
2008-04-01T04:00+00:00,5935,0.0,0,253,10,291.0,10,0.6,10,2.4,10,1000.1,10,,,81,10,0.0,10,0,10,,,0.0,10,7.3,,,0,7.5,,,0,,,5.8,10,0.3,10,412,10
2008-04-01T05:00+00:00,5935,11.0,0,287,10,306.0,10,1.1,10,4.5,10,1000.5,10,,,78,10,0.0,10,0,10,,,0.1,10,7.2,,,0,7.5,,,0,,,8.4,10,0.2,10,503,10
2008-04-01T06:00+00:00,5935,121.0,0,332,10,315.0,10,1.2,10,5.0,10,1000.7,10,,,75,10,0.0,10,0,10,,,1.0,10,7.2,,,0,7.4,,,0,,,9.9,10,3.6,10,640,10
2008-04-01T07:00+00:00,5935,282.0,0,320,10,317.0,10,1.1,10,5.8,10,1000.8,10,,,69,10,0.0,10,0,10,,,1.0,10,7.2,,,0,7.4,,,0,,,11.9,10,7.7,10,743,10
2008-04-01T08:00+00:00,5935,324.0,0,315,10,290.0,10,2.8,10,9.2,10,1001.0,10,,,65,10,0.0,10,0,10,,,0.7,10,7.3,,,0,7.4,,,0,,,12.9,10,13.9,10,848,10
2008-04-01T09:00+00:00,5935,562.0,0,303,10,293.0,10,4.1,10,9.2,10,1001.0,10,,,60,10,0.0,10,0,10,,,1.0,10,7.4,,,0,7.3,,,0,,,13.9,10,14.9,10,913,10
2008-04-01T10:00+00:00,5935,669.0,0,307,10,275.0,10,3.8,10,8.5,10,1000.8,10,,,55,10,0.0,10,0,10,,,1.0,10,7.5,,,0,7.3,,,0,,,15.5,10,19.4,10,1008,10
2008-04-01T11:00+00:00,5935,704.0,0,324,10,300.0,10,2.6,10,7.7,10,1000.4,10,,,49,10,0.0,10,0,10,,,1.0,10,7.8,,,0,7.3,,,0,,,16.5,10,22.8,10,1118,10
2008-04-01T12:00+00:00,5935,441.0,0,346,10,315.0,10,2.5,10,7.9,10,999.8,10,,,48,10,0.0,10,0,10,,,0.5,10,8.0,,,0,7.4,,,0,,,17.0,10,16.1,10,1214,10
2008-04-01T13:00+00:00,5935,466.0,0,2,10,2.0,10,1.9,10,5.3,10,999.2,10,,,46,10,0.0,10,0,10,,,0.6,10,8.2,,,0,7.4,,,0,,,18.3,10,17.0,10,1400,10
2008-04-01T14:00+00:00,5935,547.0,0,318,10,288.0,10,3.3,10,8.5,10,998.8,10,,,43,10,0.0,10,0,10,,,0.9,10,8.5,,,0,7.5,,,0,,,18.4,10,19.9,10,1446,10
2008-04-01T15:00+00:00,5935,361.0,0,314,10,345.0,10,3.4,10,8.4,10,998.6,10,,,48,10,0.0,10,0,10,,,0.9,10,8.7,,,0,7.5,,,0,,,17.9,10,17.8,10,1506,10
2008-04-01T16:00+00:00,5935,197.0,0,288,10,291.0,10,2.7,10,7.2,10,998.5,10,,,49,10,0.0,10,0,10,,,0.6,10,8.8,,,0,7.6,,,0,,,16.9,10,14.4,10,1604,10
2008-04-01T17:00+00:00,5935,48.0,0,312,10,301.0,10,2.8,10,6.0,10,998.9,10,,,46,10,0.0,10,0,10,,,0.0,10,8.9,,,0,7.7,,,0,,,16.2,10,12.8,10,1738,10
2008-04-01T18:00+00:00,5935,4.0,0,282,10,288.0,10,2.2,10,6.6,10,999.4,10,,,58,10,0.0,10,0,10,,,0.0,10,8.9,,,0,7.8,,,0,,,14.8,10,8.9,10,1853,10
2008-04-01T19:00+00:00,5935,0.0,0,288,10,299.0,10,3.0,10,7.9,10,999.7,10,,,63,10,0.0,10,0,10,,,0.0,10,8.9,,,0,7.9,,,0,,,14.0,10,10.8,10,1935,10
2008-04-01T20:00+00:00,5935,0.0,0,278,10,278.0,10,2.7,10,6.1,10,999.8,10,,,69,10,0.0,10,0,10,,,0.0,10,8.9,,,0,7.9,,,0,,,13.0,10,9.4,10,2049,10
2008-04-01T21:00+00:00,5935,0.0,0,283,10,269.0,10,3.3,10,7.5,10,999.9,10,,,71,10,0.0,10,0,10,,,0.0,10,8.8,,,0,8.0,,,0,,,12.7,10,9.4,10,2131,10
2008-04-01T22:00+00:00,5935,0.0,0,273,10,252.0,10,2.4,10,6.7,10,999.5,10,,,72,10,0.0,10,0,10,,,0.0,10,8.8,,,0,8.0,,,0,,,12.1,10,8.2,10,2202,10
2008-04-01T23:00+00:00,5935,0.0,0,272,10,280.0,10,2.7,10,5.8,10,999.4,10,,,72,10,0.0,10,0,10,,,0.0,10,8.8,,,0,8.0,,,0,,,12.3,10,8.0,10,2349,10
2008-04-02T00:00+00:00,5935,0.0,0,273,10,286.0,10,2.6,10,5.7,10,999.0,10,,,75,10,0.0,10,0,10,,,0.0,10,8.7,,,0,8.0,,,0,,,11.7,10,8.1,10,4,10
2008-04-02T01:00+00:00,5935,0.0,0,265,10,290.0,10,1.7,10,4.9,10,998.6,10,,,75,10,0.0,10,0,10,,,0.0,10,8.7,,,0,8.1,,,0,,,11.5,10,7.6,10,109,10
2008-04-02T02:00+00:00,5935,0.0,0,287,10,288.0,10,2.1,10,5.7,10,997.8,10,,,74,10,0.0,10,0,10,,,0.0,10,8.7,,,0,8.1,,,0,,,11.6,10,7.5,10,231,10
2008-04-02T03:00+00:00,5935,0.0,0,282,10,270.0,10,2.2,10,6.5,10,997.2,10,,,71,10,0.0,10,0,10,,,0.0,10,8.6,,,0,8.1,,,0,,,11.6,10,7.9,10,357,10
2008-04-02T04:00+00:00,5935,0.0,0,270,10,291.0,10,3.4,10,8.9,10,997.0,10,,,71,10,0.0,10,0,10,,,0.0,10,8.6,,,0,8.1,,,0,,,11.4,10,8.2,10,448,10
2008-04-02T05:00+00:00,5935,2.0,0,269,10,288.0,10,2.7,10,7.1,10,997.4,10,,,86,10,0.5,10,40,10,,,0.0,10,8.5,,,0,8.1,,,0,,,9.9,10,8.1,10,522,10
2008-04-02T06:00+00:00,5935,36.0,0,278,10,291.0,10,2.4,10,6.5,10,997.0,10,,,84,10,0.2,10,10,10,,,0.0,10,8.5,,,0,8.1,,,0,,,10.2,10,8.2,10,614,10
2008-04-02T07:00+00:00,5935,138.0,0,280,10,245.0,10,2.5,10,8.0,10,997.1,10,,,80,10,0.1,10,12,10,,,0.4,10,8.5,,,0,8.1,,,0,,,10.3,10,8.7,10,717,10
2008-04-02T08:00+00:00,5935,407.0,0,303,10,355.0,10,3.6,10,10.4,10,996.8,10,,,64,10,0.0,10,0,10,,,0.9,10,8.5,,,0,8.1,,,0,,,12.5,10,8.9,10,856,10
2008-04-02T09:00+00:00,5935,297.0,0,301,10,270.0,10,4.3,10,10.3,10,997.0,10,,,67,10,0.1,10,7,10,,,0.3,10,8.6,,,0,8.1,,,0,,,11.2,10,9.5,10,950,10
2008-04-02T10:00+00:00,5935,385.0,0,275,10,257.0,10,4.1,10,11.3,10,997.4,10,,,73,10,0.0,10,0,10,,,0.4,10,8.6,,,0,8.1,,,0,,,10.5,10,9.5,10,1035,10
2008-04-02T11:00+00:00,5935,701.0,0,256,10,239.0,10,4.7,10,10.7,10,996.8,10,,,67,10,0.0,10,0,10,,,0.8,10,8.7,,,0,8.1,,,0,,,13.0,10,13.2,10,1127,10
2008-04-02T12:00+00:00,5935,242.0,0,275,10,250.0,10,4.9,10,12.5,10,997.1,10,,,72,10,0.0,10,0,10,,,0.0,10,8.9,,,0,8.1,,,0,,,10.3,10,13.1,10,1211,10
2008-04-02T13:00+00:00,5935,330.0,0,293,10,309.0,10,3.8,10,8.8,10,997.1,10,,,69,10,0.0,10,4,10,,,0.1,10,9.0,,,0,8.1,,,0,,,11.4,10,12.9,10,1330,10
2008-04-02T14:00+00:00,5935,76.0,0,290,10,318.0,10,4.1,10,11.3,10,997.8,10,,,90,10,1.5,10,34,10,,,0.0,10,9.0,,,0,8.2,,,0,,,7.4,10,7.3,10,1449,10
2008-04-02T15:00+00:00,5935,204.0,0,294,10,295.0,10,2.7,10,7.9,10,996.5,10,,,84,10,1.5,10,32,10,,,0.3,10,9.0,,,0,8.2,,,0,,,9.7,10,7.0,10,1505,10
2008-04-02T16:00+00:00,5935,284.0,0,291,10,307.0,10,3.1,10,8.7,10,996.7,10,,,77,10,0.0,10,0,10,,,0.8,10,9.0,,,0,8.3,,,0,,,10.1,10,8.0,10,1625,10
2008-04-02T17:00+00:00,5935,46.0,0,271,10,290.0,10,2.3,10,6.7,10,997.2,10,,,83,10,0.1,10,15,10,,,0.1,10,8.9,,,0,8.3,,,0,,,8.8,10,7.9,10,1704,10
2008-04-02T18:00+00:00,5935,8.0,0,269,10,273.0,10,2.0,10,5.4,10,997.8,10,,,85,10,0.0,10,0,10,,,0.0,10,8.9,,,0,8.3,,,0,,,7.9,10,4.7,10,1857,10
2008-04-02T19:00+00:00,5935,0.0,0,282,10,304.0,10,2.8,10,8.5,10,998.1,10,,,83,10,0.0,10,0,10,,,0.0,10,8.8,,,0,8.3,,,0,,,7.9,10,4.8,10,1946,10
2008-04-02T20:00+00:00,5935,0.0,0,275,10,281.0,10,3.4,10,7.7,10,998.3,10,,,83,10,0.0,10,6,10,,,0.0,10,8.7,,,0,8.3,,,0,,,7.4,10,5.0,10,2001,10
2008-04-02T21:00+00:00,5935,0.0,0,286,10,277.0,10,3.2,10,7.0,10,998.2,10,,,86,10,0.2,10,31,10,,,0.0,10,8.7,,,0,8.3,,,0,,,7.0,10,5.2,10,2144,10
2008-04-02T22:00+00:00,5935,0.0,0,268,10,275.0,10,2.6,10,6.6,10,998.1,10,,,85,10,0.0,10,0,10,,,0.0,10,8.6,,,0,8.3,,,0,,,6.8,10,4.3,10,2209,10
2008-04-02T23:00+00:00,5935,0.0,0,276,10,279.0,10,2.1,10,6.8,10,997.8,10,,,82,10,0.0,10,0,10,,,0.0,10,8.5,,,0,8.3,,,0,,,6.9,10,3.5,10,2335,10
2008-04-03T00:00+00:00,5935,0.0,0,283,10,278.0,10,3.0,10,7.1,10,997.6,10,,,81,10,0.0,10,0,10,,,0.0,10,8.4,,,0,8.3,,,0,,,6.8,10,3.7,10,58,10
2008-04-03T01:00+00:00,5935,0.0,0,253,10,289.0,10,1.9,10,7.2,10,997.4,10,,,83,10,0.0,10,0,10,,,0.0,10,8.3,,,0,8.3,,,0,,,6.5,10,3.0,10,103,10
2008-04-03T02:00+00:00,5935,0.0,0,268,10,261.0,10,1.0,10,3.8,10,997.2,10,,,87,10,0.0,10,0,10,,,0.0,10,8.2,,,0,8.2,,,0,,,5.8,10,2.1,10,202,10
2008-04-03T03:00+00:00,5935,0.0,0,279,10,298.0,10,0.5,10,3.4,10,997.2,10,,,84,10,0.0,10,0,10,,,0.0,10,8.1,,,0,8.2,,,0,,,6.3,10,2.4,10,320,10
2008-04-03T04:00+00:00,5935,0.0,0,102,10,63.0,10,0.6,10,1.7,10,997.2,10,,,84,10,0.0,10,0,10,,,0.0,10,8.0,,,0,8.2,,,0,,,6.6,10,5.1,10,401,10
2008-04-03T05:00+00:00,5935,10.0,0,344,10,3.0,10,0.7,10,3.5,10,997.3,10,,,85,10,0.0,10,0,10,,,0.0,10,8.0,,,0,8.1,,,0,,,6.3,10,4.8,10,510,10
2008-04-03T06:00+00:00,5935,77.0,0,303,10,307.0,10,2.2,10,5.0,10,997.6,10,,,83,10,0.0,10,0,10,,,0.1,10,8.0,,,0,8.1,,,0,,,6.9,10,5.2,10,637,10
2008-04-03T07:00+00:00,5935,227.0,0,309,10,318.0,10,2.6,10,6.6,10,997.9,10,,,79,10,0.0,10,0,10,,,0.7,10,7.9,,,0,8.1,,,0,,,8.2,10,5.9,10,735,10
2008-04-03T08:00+00:00,5935,480.0,0,302,10,288.0,10,3.6,10,8.1,10,998.2,10,,,76,10,0.0,10,0,10,,,0.7,10,8.0,,,0,8.0,,,0,,,9.0,10,9.6,10,835,10
2008-04-03T09:00+00:00,5935,283.0,0,313,10,310.0,10,3.0,10,6.8,10,998.6,10,,,73,10,0.0,10,0,10,,,0.2,10,8.0,,,0,8.0,,,0,,,9.0,10,11.2,10,926,10
2008-04-03T10:00+00:00,5935,229.0,0,310,10,301.0,10,2.9,10,6.8,10,998.9,10,,,71,10,0.0,10,0,10,,,0.0,10,8.1,,,0,8.0,,,0,,,9.4,10,11.1,10,1019,10
2008-04-03T11:00+00:00,5935,192.0,0,319,10,343.0,10,2.8,10,6.8,10,999.1,10,,,68,10,0.0,10,0,10,,,0.0,10,8.2,,,0,8.0,,,0,,,9.6,10,10.3,10,1123,10
2008-04-03T12:00+00:00,5935,181.0,0,296,10,301.0,10,2.6,10,5.9,10,999.3,10,,,71,10,0.0,10,0,10,,,0.0,10,8.2,,,0,8.0,,,0,,,9.7,10,9.1,10,1206,10
2008-04-03T13:00+00:00,5935,501.0,0,278,10,292.0,10,2.8,10,7.1,10,999.0,10,,,67,10,0.0,10,0,10,,,0.5,10,8.3,,,0,8.0,,,0,,,10.5,10,14.0,10,1333,10
2008-04-03T14:00+00:00,5935,424.0,0,292,10,291.0,10,2.8,10,6.0,10,998.9,10,,,62,10,0.0,10,0,10,,,0.5,10,8.4,,,0,8.0,,,0,,,11.7,10,15.0,10,1427,10
2008-04-03T15:00+00:00,5935,133.0,0,308,10,286.0,10,2.7,10,8.9,10,999.4,10,,,78,10,0.0,10,7,10,,,0.1,10,8.5,,,0,8.0,,,0,,,8.8,10,8.8,10,1530,10
2008-04-03T16:00+00:00,5935,109.0,0,272,10,279.0,10,2.9,10,7.2,10,999.5,10,,,73,10,0.0,10,5,10,,,0.1,10,8.6,,,0,8.1,,,0,,,9.1,10,8.2,10,1614,10
2008-04-03T17:00+00:00,5935,95.0,0,276,10,263.0,10,2.8,10,6.8,10,1000.1,10,,,73,10,0.0,10,0,10,,,0.8,10,8.6,,,0,8.1,,,0,,,8.7,10,6.8,10,1720,10
2008-04-03T18:00+00:00,5935,9.0,0,286,10,274.0,10,2.3,10,5.4,10,1000.9,10,,,77,10,0.0,10,0,10,,,0.1,10,8.5,,,0,8.1,,,0,,,7.7,10,4.6,10,1900,10
2008-04-03T19:00+00:00,5935,0.0,0,289,10,304.0,10,2.4,10,6.5,10,1001.8,10,,,76,10,0.0,10,0,10,,,0.0,10,8.5,,,0,8.2,,,0,,,7.5,10,4.6,10,1923,10
2008-04-03T20:00+00:00,5935,0.0,0,296,10,301.0,10,2.6,10,8.4,10,1002.3,10,,,76,10,0.0,10,0,10,,,0.0,10,8.4,,,0,8.2,,,0,,,7.6,10,4.9,10,2048,10
2008-04-03T21:00+00:00,5935,0.0,0,299,10,287.0,10,3.5,10,8.5,10,1002.7,10,,,77,10,0.0,10,0,10,,,0.0,10,8.3,,,0,8.2,,,0,,,7.0,10,4.7,10,2127,10
2008-04-03T22:00+00:00,5935,0.0,0,298,10,277.0,10,3.0,10,7.4,10,1003.3,10,,,79,10,0.0,10,0,10,,,0.0,10,8.2,,,0,8.2,,,0,,,6.8,10,4.1,10,2228,10
2008-04-03T23:00+00:00,5935,0.0,0,292,10,291.0,10,3.5,10,7.2,10,1003.6,10,,,79,10,0.0,10,0,10,,,0.0,10,8.1,,,0,8.1,,,0,,,7.0,10,4.6,10,2316,10
2008-04-04T00:00+00:00,5935,0.0,0,302,10,302.0,10,3.1,10,7.3,10,1003.9,10,,,80,10,0.0,10,0,10,,,0.0,10,8.1,,,0,8.1,,,0,,,6.9,10,5.9,10,17,10
2008-04-04T01:00+00:00,5935,0.0,0,306,10,317.0,10,3.1,10,8.1,10,1003.9,10,,,80,10,0.0,10,0,10,,,0.0,10,8.0,,,0,8.1,,,0,,,6.9,10,6.0,10,150,10
2008-04-04T02:00+00:00,5935,0.0,0,303,10,296.0,10,3.1,10,7.4,10,1003.9,10,,,81,10,0.0,10,0,10,,,0.0,10,7.9,,,0,8.1,,,0,,,6.7,10,5.7,10,238,10
2008-04-04T03:00+00:00,5935,0.0,0,301,10,295.0,10,3.2,10,7.8,10,1004.0,10,,,81,10,0.0,10,0,10,,,0.0,10,7.9,,,0,8.1,,,0,,,6.4,10,4.4,10,332,10
2008-04-04T04:00+00:00,5935,0.0,0,300,10,283.0,10,3.4,10,8.5,10,1004.1,10,,,82,10,0.0,10,0,10,,,0.0,10,7.8,,,0,8.0,,,0,,,6.0,10,3.8,10,442,10
2008-04-04T05:00+00:00,5935,11.0,0,295,10,292.0,10,3.5,10,7.2,10,1004.3,10,,,83,10,0.0,10,0,10,,,0.0,10,7.8,,,0,8.0,,,0,,,6.1,10,3.8,10,516,10
2008-04-04T06:00+00:00,5935,49.0,0,295,10,308.0,10,3.6,10,8.2,10,1004.8,10,,,81,10,0.0,10,0,10,,,0.0,10,7.7,,,0,8.0,,,0,,,6.7,10,5.0,10,645,10
2008-04-04T07:00+00:00,5935,86.0,0,298,10,292.0,10,3.7,10,7.6,10,1005.3,10,,,81,10,0.0,10,0,10,,,0.0,10,7.7,,,0,7.9,,,0,,,7.1,10,7.0,10,729,10
2008-04-04T08:00+00:00,5935,149.0,0,301,10,287.0,10,3.4,10,9.4,10,1005.4,10,,,79,10,0.0,10,0,10,,,0.0,10,7.7,,,0,7.9,,,0,,,8.0,10,7.9,10,850,10
2008-04-04T09:00+00:00,5935,192.0,0,298,10,294.0,10,4.1,10,9.8,10,1005.5,10,,,76,10,0.0,10,0,10,,,0.0,10,7.7,,,0,7.9,,,0,,,8.8,10,9.4,10,901,10
2008-04-04T10:00+00:00,5935,420.0,0,310,10,290.0,10,4.5,10,10.1,10,1005.1,10,,,69,10,0.0,10,0,10,,,0.2,10,7.8,,,0,7.9,,,0,,,10.6,10,11.0,10,1049,10
2008-04-04T11:00+00:00,5935,338.0,0,313,10,281.0,10,4.1,10,10.8,10,1004.6,10,,,67,10,0.0,10,0,10,,,0.1,10,7.9,,,0,7.9,,,0,,,10.5,10,12.0,10,1103,10
2008-04-04T12:00+00:00,5935,179.0,0,324,10,312.0,10,3.7,10,9.8,10,1004.3,10,,,66,10,0.0,10,0,10,,,0.0,10,8.0,,,0,7.9,,,0,,,10.5,10,11.1,10,1227,10
2008-04-04T13:00+00:00,5935,299.0,0,306,10,302.0,10,4.2,10,9.8,10,1003.6,10,,,65,10,0.0,10,0,10,,,0.0,10,8.1,,,0,7.9,,,0,,,11.0,10,11.8,10,1341,10
2008-04-04T14:00+00:00,5935,362.0,0,314,10,305.0,10,4.2,10,10.7,10,1003.0,10,,,62,10,0.0,10,0,10,,,0.3,10,8.2,,,0,7.9,,,0,,,11.6,10,12.0,10,1407,10
2008-04-04T15:00+00:00,5935,284.0,0,314,10,327.0,10,4.0,10,9.4,10,1002.6,10,,,61,10,0.0,10,0,10,,,0.2,10,8.3,,,0,7.9,,,0,,,11.3,10,11.9,10,1530,10
2008-04-04T16:00+00:00,5935,167.0,0,312,10,266.0,10,3.7,10,9.5,10,1002.2,10,,,61,10,0.0,10,0,10,,,0.4,10,8.3,,,0,7.9,,,0,,,11.2,10,10.1,10,1640,10
2008-04-04T17:00+00:00,5935,87.0,0,309,10,318.0,10,3.3,10,8.6,10,1002.2,10,,,62,10,0.0,10,0,10,,,0.4,10,8.3,,,0,8.0,,,0,,,10.6,10,9.0,10,1717,10
2008-04-04T18:00+00:00,5935,3.0,0,321,10,327.0,10,2.9,10,7.6,10,1002.5,10,,,66,10,0.0,10,3,10,,,0.0,10,8.3,,,0,8.0,,,0,,,9.6,10,7.5,10,1820,10
2008-04-04T19:00+00:00,5935,0.0,0,312,10,307.0,10,3.2,10,8.5,10,1002.5,10,,,69,10,0.0,10,0,10,,,0.0,10,8.3,,,0,8.0,,,0,,,9.1,10,7.2,10,1953,10
2008-04-04T20:00+00:00,5935,0.0,0,310,10,306.0,10,3.1,10,6.7,10,1002.4,10,,,72,10,0.0,10,0,10,,,0.0,10,8.2,,,0,8.0,,,0,,,8.6,10,6.8,10,2017,10
2008-04-04T21:00+00:00,5935,0.0,0,303,10,313.0,10,2.5,10,5.6,10,1002.2,10,,,72,10,0.0,10,0,10,,,0.0,10,8.2,,,0,8.0,,,0,,,8.8,10,6.9,10,2104,10
2008-04-04T22:00+00:00,5935,0.0,0,296,10,282.0,10,2.9,10,6.1,10,1001.7,10,,,74,10,0.0,10,0,10,,,0.0,10,8.1,,,0,8.0,,,0,,,8.3,10,7.0,10,2257,10
2008-04-04T23:00+00:00,5935,0.0,0,296,10,299.0,10,2.5,10,6.0,10,1001.4,10,,,76,10,0.0,10,0,10,,,0.0,10,8.1,,,0,8.0,,,0,,,7.4,10,4.7,10,2302,10
2008-04-05T00:00+00:00,5935,0.0,0,301,10,309.0,10,2.5,10,5.3,10,1000.9,10,,,78,10,0.0,10,0,10,,,0.0,10,8.0,,,0,8.0,,,0,,,6.7,10,4.0,10,9,10
2008-04-05T01:00+00:00,5935,0.0,0,295,10,274.0,10,2.4,10,5.8,10,1000.3,10,,,80,10,0.0,10,0,10,,,0.0,10,8.0,,,0,8.0,,,0,,,6.2,10,3.3,10,103,10
2008-04-05T02:00+00:00,5935,0.0,0,307,10,263.0,10,2.1,10,6.1,10,999.6,10,,,80,10,0.0,10,0,10,,,0.0,10,7.9,,,0,8.0,,,0,,,6.5,10,3.2,10,241,10
2008-04-05T03:00+00:00,5935,0.0,0,301,10,308.0,10,2.6,10,5.2,10,999.2,10,,,83,10,0.0,10,0,10,,,0.0,10,7.8,,,0,8.0,,,0,,,5.8,10,4.1,10,359,10
2008-04-05T04:00+00:00,5935,0.0,0,304,10,317.0,10,2.4,10,5.7,10,998.8,10,,,85,10,0.0,10,0,10,,,0.0,10,7.8,,,0,8.0,,,0,,,5.8,10,3.7,10,500,10
2008-04-05T05:00+00:00,5935,10.0,0,297,10,308.0,10,2.4,10,5.6,10,998.4,10,,,83,10,0.0,10,0,10,,,0.0,10,7.7,,,0,7.9,,,0,,,6.0,10,4.7,10,544,10
2008-04-05T06:00+00:00,5935,89.0,0,294,10,307.0,10,3.0,10,6.6,10,998.1,10,,,81,10,0.0,10,0,10,,,0.3,10,7.7,,,0,7.9,,,0,,,6.5,10,5.5,10,635,10
2008-04-05T07:00+00:00,5935,213.0,0,305,10,302.0,10,2.9,10,7.0,10,997.8,10,,,78,10,0.0,10,0,10,,,0.3,10,7.7,,,0,7.9,,,0,,,7.5,10,7.4,10,726,10
2008-04-05T08:00+00:00,5935,506.0,0,302,10,294.0,10,3.5,10,7.4,10,997.4,10,,,72,10,0.0,10,0,10,,,1.0,10,7.7,,,0,7.9,,,0,,,9.2,10,10.1,10,830,10
2008-04-05T09:00+00:00,5935,595.0,0,296,10,283.0,10,3.3,10,7.2,10,996.5,10,,,69,10,0.0,10,0,10,,,0.9,10,7.8,,,0,7.8,,,0,,,10.0,10,13.1,10,951,10
2008-04-05T10:00+00:00,5935,734.0,0,311,10,279.0,10,2.8,10,6.5,10,995.4,10,,,64,10,0.0,10,0,10,,,1.0,10,7.9,,,0,7.8,,,0,,,10.6,10,17.2,10,1034,10
2008-04-05T11:00+00:00,5935,616.0,0,299,10,302.0,10,2.8,10,6.4,10,994.2,10,,,57,10,0.0,10,0,10,,,0.7,10,8.0,,,0,7.8,,,0,,,11.7,10,16.9,10,1125,10
2008-04-05T12:00+00:00,5935,543.0,0,290,10,283.0,10,3.0,10,7.4,10,993.2,10,,,54,10,0.0,10,0,10,,,0.6,10,8.2,,,0,7.9,,,0,,,12.3,10,14.7,10,1237,10
2008-04-05T13:00+00:00,5935,444.0,0,292,10,275.0,10,2.9,10,6.6,10,992.1,10,,,53,10,0.0,10,0,10,,,0.5,10,8.4,,,0,7.9,,,0,,,12.8,10,14.0,10,1314,10
2008-04-05T14:00+00:00,5935,511.0,0,294,10,319.0,10,3.2,10,7.4,10,991.2,10,,,50,10,0.0,10,0,10,,,0.8,10,8.6,,,0,8.0,,,0,,,12.9,10,14.6,10,1440,10
2008-04-05T15:00+00:00,5935,312.0,0,299,10,274.0,10,2.6,10,7.6,10,990.3,10,,,52,10,0.0,10,0,10,,,0.5,10,8.7,,,0,8.0,,,0,,,12.3,10,11.8,10,1524,10
2008-04-05T16:00+00:00,5935,137.0,0,308,10,308.0,10,2.6,10,5.7,10,989.8,10,,,49,10,0.0,10,0,10,,,0.2,10,8.8,,,0,8.1,,,0,,,12.5,10,11.4,10,1624,10
2008-04-05T17:00+00:00,5935,104.0,0,289,10,263.0,10,2.6,10,6.3,10,989.5,10,,,50,10,0.0,10,0,10,,,0.7,10,8.8,,,0,8.1,,,0,,,11.1,10,6.9,10,1735,10
2008-04-05T18:00+00:00,5935,6.0,0,280,10,279.0,10,1.8,10,5.3,10,989.3,10,,,55,10,0.0,10,0,10,,,0.0,10,8.7,,,0,8.2,,,0,,,9.3,10,4.0,10,1804,10
2008-04-05T19:00+00:00,5935,0.0,0,271,10,287.0,10,1.5,10,3.7,10,989.0,10,,,59,10,0.0,10,0,10,,,0.0,10,8.6,,,0,8.2,,,0,,,8.5,10,2.7,10,1949,10
2008-04-05T20:00+00:00,5935,0.0,0,272,10,242.0,10,0.9,10,2.2,10,988.4,10,,,65,10,0.0,10,0,10,,,0.0,10,8.5,,,0,8.2,,,0,,,7.2,10,1.6,10,2005,10
2008-04-05T21:00+00:00,5935,0.0,0,244,10,266.0,10,1.0,10,2.5,10,987.8,10,,,71,10,0.0,10,0,10,,,0.0,10,8.3,,,0,8.2,,,0,,,6.2,10,1.1,10,2109,10
2008-04-05T22:00+00:00,5935,0.0,0,293,10,235.0,10,0.1,10,1.1,10,987.4,10,,,79,10,0.0,10,0,10,,,0.0,10,8.1,,,0,8.2,,,0,,,4.7,10,0.6,10,2210,10
2008-04-05T23:00+00:00,5935,0.0,0,0,10,319.0,10,0.0,10,0.6,10,986.8,10,,,83,10,0.0,10,0,10,,,0.0,10,8.0,,,0,8.2,,,0,,,3.6,10,0.2,10,2354,10
2008-04-06T00:00+00:00,5935,0.0,0,0,10,348.0,10,0.0,10,0.8,10,986.1,10,,,85,10,0.0,10,0,10,,,0.0,10,7.8,,,0,8.2,,,0,,,3.3,10,-0.2,10,14,10
2008-04-06T01:00+00:00,5935,0.0,0,71,10,144.0,10,0.3,10,2.1,10,985.4,10,,,85,10,0.0,10,0,10,,,0.0,10,7.7,,,0,8.1,,,0,,,3.3,10,-0.5,10,151,10
2008-04-06T02:00+00:00,5935,0.0,0,146,10,152.0,10,0.1,10,2.4,10,984.5,10,,,89,10,0.0,10,0,10,,,0.0,10,7.5,,,0,8.1,,,0,,,1.5,10,-0.8,10,219,10
2008-04-06T03:00+00:00,5935,0.0,0,69,10,88.0,10,0.4,10,1.6,10,983.9,10,,,89,10,0.0,10,0,10,,,0.0,10,7.4,,,0,8.0,,,0,,,1.6,10,-1.2,10,359,10
2008-04-06T04:00+00:00,5935,0.0,0,49,10,91.0,10,0.7,10,1.8,10,983.5,10,,,92,10,0.0,10,0,10,,,0.0,10,7.3,,,0,8.0,,,0,,,0.4,10,-1.2,10,500,10
2008-04-06T05:00+00:00,5935,19.0,0,41,10,90.0,10,0.5,10,1.4,10,983.0,10,,,93,10,0.0,10,0,10,,,0.3,10,7.1,,,0,7.9,,,0,,,0.2,10,-1.5,10,530,10
2008-04-06T06:00+00:00,5935,138.0,0,6,10,284.0,10,0.5,10,1.4,10,982.9,10,,,83,10,0.0,10,0,10,,,1.0,10,7.0,,,0,7.9,,,0,,,2.9,10,-0.9,10,647,10
2008-04-06T07:00+00:00,5935,326.0,0,142,10,144.0,10,0.5,10,2.4,10,982.7,10,,,65,10,0.0,10,0,10,,,1.0,10,7.0,,,0,7.8,,,0,,,7.0,10,0.9,10,752,10
2008-04-06T08:00+00:00,5935,494.0,0,170,10,211.0,10,1.0,10,3.9,10,982.5,10,,,58,10,0.0,10,0,10,,,1.0,10,7.0,,,0,7.7,,,0,,,10.3,10,9.4,10,828,10
2008-04-06T09:00+00:00,5935,621.0,0,155,10,186.0,10,1.6,10,5.1,10,982.2,10,,,54,10,0.0,10,0,10,,,1.0,10,7.1,,,0,7.7,,,0,,,12.2,10,14.5,10,948,10
2008-04-06T10:00+00:00,5935,674.0,0,205,10,203.0,10,1.1,10,3.9,10,982.0,10,,,49,10,0.0,10,0,10,,,1.0,10,7.3,,,0,7.6,,,0,,,13.3,10,19.3,10,1043,10
2008-04-06T11:00+00:00,5935,678.0,0,298,10,283.0,10,1.8,10,6.1,10,981.8,10,,,49,10,0.0,10,0,10,,,1.0,10,7.5,,,0,7.6,,,0,,,13.6,10,18.8,10,1131,10
2008-04-06T12:00+00:00,5935,662.0,0,307,10,266.0,10,2.3,10,5.7,10,981.5,10,,,47,10,0.0,10,0,10,,,1.0,10,7.8,,,0,7.6,,,0,,,14.4,10,15.4,10,1208,10
2008-04-06T13:00+00:00,5935,465.0,0,310,10,312.0,10,2.3,10,6.0,10,981.4,10,,,46,10,0.0,10,0,10,,,0.6,10,8.0,,,0,7.7,,,0,,,13.8,10,16.0,10,1334,10
2008-04-06T14:00+00:00,5935,208.0,0,308,10,314.0,10,2.5,10,5.2,10,981.5,10,,,48,10,0.0,10,0,10,,,0.0,10,8.2,,,0,7.7,,,0,,,13.3,10,13.5,10,1440,10
2008-04-06T15:00+00:00,5935,107.0,0,286,10,280.0,10,1.2,10,6.0,10,981.8,10,,,52,10,0.0,10,12,10,,,0.0,10,8.3,,,0,7.8,,,0,,,12.6,10,10.7,10,1503,10
2008-04-06T16:00+00:00,5935,163.0,0,75,10,65.0,10,1.3,10,4.8,10,981.7,10,,,54,10,0.0,10,12,10,,,0.4,10,8.4,,,0,7.9,,,0,,,12.8,10,10.1,10,1602,10
2008-04-06T17:00+00:00,5935,47.0,0,73,10,98.0,10,1.0,10,2.8,10,981.8,10,,,56,10,0.0,10,0,10,,,0.0,10,8.5,,,0,7.9,,,0,,,12.0,10,9.3,10,1715,10
2008-04-06T18:00+00:00,5935,3.0,0,50,10,348.0,10,0.7,10,6.5,10,982.4,10,,,64,10,0.0,10,0,10,,,0.0,10,8.5,,,0,8.0,,,0,,,10.4,10,8.4,10,1852,10
2008-04-06T19:00+00:00,5935,0.0,0,303,10,336.0,10,2.5,10,6.0,10,983.0,10,,,76,10,0.0,10,0,10,,,0.0,10,8.5,,,0,8.1,,,0,,,8.8,10,7.0,10,1905,10
2008-04-06T20:00+00:00,5935,0.0,0,289,10,299.0,10,3.1,10,8.1,10,983.3,10,,,85,10,0.0,10,12,10,,,0.0,10,8.5,,,0,8.1,,,0,,,7.4,10,6.0,10,2047,10
2008-04-06T21:00+00:00,5935,0.0,0,289,10,305.0,10,2.9,10,7.0,10,983.2,10,,,85,10,0.0,10,0,10,,,0.0,10,8.4,,,0,8.1,,,0,,,7.1,10,5.7,10,2114,10
2008-04-06T22:00+00:00,5935,0.0,0,296,10,297.0,10,2.9,10,7.8,10,982.6,10,,,86,10,0.0,10,0,10,,,0.0,10,8.3,,,0,8.1,,,0,,,6.1,10,4.0,10,2221,10
2008-04-06T23:00+00:00,5935,0.0,0,292,10,301.0,10,1.6,10,5.5,10,982.6,10,,,90,10,0.0,10,0,10,,,0.0,10,8.3,,,0,8.2,,,0,,,5.3,10,2.7,10,2314,10
2008-04-07T00:00+00:00,5935,0.0,0,330,10,354.0,10,1.0,10,3.6,10,982.0,10,,,88,10,0.0,10,0,10,,,0.0,10,8.2,,,0,8.1,,,0,,,5.7,10,2.8,10,16,10
2008-04-07T01:00+00:00,5935,0.0,0,310,10,323.0,10,0.5,10,2.7,10,981.1,10,,,91,10,0.0,10,0,10,,,0.0,10,8.1,,,0,8.1,,,0,,,4.4,10,0.9,10,200,10
2008-04-07T02:00+00:00,5935,0.0,0,38,10,41.0,10,0.1,10,1.2,10,980.4,10,,,94,10,0.0,10,0,10,,,0.0,10,8.0,,,0,8.1,,,0,,,2.9,10,0.6,10,203,10
2008-04-07T03:00+00:00,5935,0.0,0,99,10,87.0,10,0.4,10,1.4,10,979.3,10,,,94,10,0.0,10,0,10,,,0.0,10,7.8,,,0,8.1,,,0,,,3.3,10,0.3,10,347,10
2008-04-07T04:00+00:00,5935,0.0,0,94,10,87.0,10,0.7,10,1.9,10,978.6,10,,,93,10,0.0,10,0,10,,,0.0,10,7.7,,,0,8.1,,,0,,,4.1,10,0.7,10,459,10
2008-04-07T05:00+00:00,5935,7.0,0,163,10,187.0,10,0.9,10,2.6,10,979.1,10,,,87,10,0.0,10,0,10,,,0.0,10,7.6,,,0,8.0,,,0,,,5.3,10,3.6,10,529,10
2008-04-07T06:00+00:00,5935,55.0,0,136,10,118.0,10,1.8,10,4.8,10,978.2,10,,,90,10,0.0,10,0,10,,,0.0,10,7.6,,,0,8.0,,,0,,,5.4,10,5.1,10,658,10
2008-04-07T07:00+00:00,5935,62.0,0,133,10,153.0,10,1.9,10,5.6,10,978.4,10,,,87,10,0.0,10,0,10,,,0.0,10,7.6,,,0,8.0,,,0,,,6.1,10,5.9,10,706,10
2008-04-07T08:00+00:00,5935,51.0,0,167,10,235.0,10,1.5,10,5.3,10,979.4,10,,,85,10,0.0,10,7,10,,,0.0,10,7.6,,,0,7.9,,,0,,,7.3,10,5.9,10,859,10
2008-04-07T09:00+00:00,5935,51.0,0,246,10,250.0,10,3.6,10,9.0,10,980.0,10,,,83,10,0.3,10,36,10,,,0.0,10,7.6,,,0,7.9,,,0,,,5.9,10,5.8,10,946,10
2008-04-07T10:00+00:00,5935,104.0,0,271,10,277.0,10,3.2,10,9.7,10,981.1,10,,,77,10,0.0,10,0,10,,,0.0,10,7.6,,,0,7.9,,,0,,,6.6,10,6.4,10,1050,10
2008-04-07T11:00+00:00,5935,292.0,0,273,10,291.0,10,4.0,10,12.2,10,981.4,10,,,69,10,0.0,10,0,10,,,0.0,10,7.6,,,0,7.9,,,0,,,8.1,10,6.6,10,1159,10
2008-04-07T12:00+00:00,5935,240.0,0,267,10,266.0,10,5.4,10,13.1,10,982.1,10,,,61,10,0.0,10,0,10,,,0.0,10,7.7,,,0,7.9,,,0,,,9.0,10,9.0,10,1255,10
2008-04-07T13:00+00:00,5935,94.0,0,273,10,288.0,10,5.6,10,13.6,10,983.4,10,,,66,10,0.0,10,0,10,,,0.0,10,7.7,,,0,7.9,,,0,,,7.1,10,6.8,10,1340,10
2008-04-07T14:00+00:00,5935,173.0,0,270,10,280.0,10,6.0,10,16.6,10,984.7,10,,,58,10,0.0,10,0,10,,,0.0,10,7.7,,,0,7.9,,,0,,,6.9,10,6.7,10,1441,10
2008-04-07T15:00+00:00,5935,132.0,0,271,10,301.0,10,6.6,10,15.4,10,985.6,10,,,54,10,0.0,10,0,10,,,0.0,10,7.7,,,0,7.9,,,0,,,6.5,10,6.3,10,1502,10
2008-04-07T16:00+00:00,5935,99.0,0,282,10,246.0,10,5.9,10,17.9,10,986.7,10,,,52,10,0.0,10,0,10,,,0.1,10,7.6,,,0,7.9,,,0,,,6.5,10,5.6,10,1618,10
2008-04-07T17:00+00:00,5935,18.0,0,277,10,285.0,10,4.8,10,12.5,10,987.9,10,,,50,10,0.0,10,0,10,,,0.0,10,7.6,,,0,7.9,,,0,,,6.0,10,4.6,10,1712,10
2008-04-07T18:00+00:00,5935,4.0,0,280,10,288.0,10,3.2,10,11.5,10,988.4,10,,,50,10,0.0,10,0,10,,,0.0,10,7.5,,,0,7.8,,,0,,,5.6,10,3.3,10,1805,10
2008-04-07T19:00+00:00,5935,0.0,0,285,10,308.0,10,2.3,10,9.2,10,989.2,10,,,50,10,0.0,10,0,10,,,0.0,10,7.4,,,0,7.8,,,0,,,5.7,10,3.0,10,1923,10
2008-04-07T20:00+00:00,5935,0.0,0,290,10,292.0,10,1.0,10,3.5,10,989.5,10,,,52,10,0.0,10,0,10,,,0.0,10,7.3,,,0,7.8,,,0,,,5.1,10,2.4,10,2049,10
2008-04-07T21:00+00:00,5935,0.0,0,316,10,274.0,10,0.4,10,3.3,10,989.8,10,,,55,10,0.0,10,0,10,,,0.0,10,7.3,,,0,7.8,,,0,,,4.7,10,2.5,10,2116,10
2008-04-07T22:00+00:00,5935,0.0,0,33,10,21.0,10,0.6,10,2.2,10,990.0,10,,,57,10,0.0,10,0,10,,,0.0,10,7.2,,,0,7.8,,,0,,,4.3,10,2.7,10,2221,10
2008-04-07T23:00+00:00,5935,0.0,0,29,10,261.0,10,0.4,10,1.6,10,990.2,10,,,57,10,0.0,10,0,10,,,0.0,10,7.1,,,0,7.7,,,0,,,4.2,10,2.2,10,2328,10
2008-04-08T00:00+00:00,5935,0.0,0,35,10,44.0,10,0.9,10,2.6,10,990.4,10,,,56,10,0.0,10,0,10,,,0.0,10,7.1,,,0,7.7,,,0,,,4.3,10,2.3,10,50,10
2008-04-08T01:00+00:00,5935,0.0,0,325,10,38.0,10,0.6,10,2.7,10,990.3,10,,,59,10,0.0,10,0,10,,,0.0,10,7.0,,,0,7.7,,,0,,,3.7,10,2.3,10,200,10
2008-04-08T02:00+00:00,5935,0.0,0,264,10,256.0,10,2.0,10,6.5,10,990.3,10,,,56,10,0.0,10,0,10,,,0.0,10,7.0,,,0,7.6,,,0,,,4.4,10,2.2,10,235,10
2008-04-08T03:00+00:00,5935,0.0,0,262,10,279.0,10,1.7,10,4.0,10,990.6,10,,,58,10,0.0,10,0,10,,,0.0,10,6.9,,,0,7.6,,,0,,,3.6,10,0.7,10,400,10
2008-04-08T04:00+00:00,5935,0.0,0,239,10,220.0,10,1.5,10,3.8,10,990.7,10,,,58,10,0.0,10,0,10,,,0.0,10,6.9,,,0,7.6,,,0,,,3.9,10,0.6,10,418,10
2008-04-08T05:00+00:00,5935,13.0,0,251,10,256.0,10,1.1,10,3.8,10,990.5,10,,,57,10,0.0,10,0,10,,,0.0,10,6.8,,,0,7.5,,,0,,,4.2,10,2.0,10,507,10
2008-04-08T06:00+00:00,5935,82.0,0,245,10,279.0,10,0.2,10,1.7,10,990.7,10,,,56,10,0.0,10,0,10,,,0.0,10,6.8,,,0,7.5,,,0,,,5.1,10,3.3,10,654,10
2008-04-08T07:00+00:00,5935,180.0,0,90,10,106.0,10,0.8,10,3.5,10,990.8,10,,,56,10,0.0,10,0,10,,,0.1,10,6.8,,,0,7.5,,,0,,,5.9,10,6.2,10,746,10
2008-04-08T08:00+00:00,5935,335.0,0,97,10,105.0,10,2.2,10,5.9,10,990.2,10,,,55,10,0.0,10,0,10,,,0.5,10,6.9,,,0,7.4,,,0,,,7.1,10,8.6,10,856,10
2008-04-08T09:00+00:00,5935,650.0,0,143,10,217.0,10,2.4,10,8.7,10,989.7,10,,,49,10,0.0,10,0,10,,,1.0,10,7.0,,,0,7.4,,,0,,,9.1,10,10.7,10,955,10
2008-04-08T10:00+00:00,5935,731.0,0,161,10,164.0,10,3.8,10,10.8,10,989.1,10,,,48,10,0.0,10,0,10,,,1.0,10,7.1,,,0,7.4,,,0,,,10.1,10,16.2,10,1054,10
2008-04-08T11:00+00:00,5935,805.0,0,172,10,194.0,10,4.6,10,12.4,10,988.5,10,,,49,10,0.0,10,0,10,,,1.0,10,7.3,,,0,7.4,,,0,,,10.8,10,18.6,10,1111,10
2008-04-08T12:00+00:00,5935,758.0,0,168,10,172.0,10,5.0,10,12.3,10,988.1,10,,,47,10,0.0,10,0,10,,,1.0,10,7.5,,,0,7.4,,,0,,,11.2,10,14.2,10,1214,10
2008-04-08T13:00+00:00,5935,603.0,0,165,10,138.0,10,4.4,10,10.2,10,987.6,10,,,49,10,0.0,10,0,10,,,1.0,10,7.7,,,0,7.5,,,0,,,10.9,10,14.7,10,1315,10
2008-04-08T14:00+00:00,5935,585.0,0,146,10,181.0,10,3.9,10,10.6,10,987.1,10,,,49,10,0.0,10,0,10,,,1.0,10,7.9,,,0,7.5,,,0,,,11.1,10,16.5,10,1441,10
2008-04-08T15:00+00:00,5935,427.0,0,150,10,175.0,10,3.8,10,9.5,10,987.1,10,,,51,10,0.0,10,0,10,,,1.0,10,8.0,,,0,7.6,,,0,,,11.0,10,11.8,10,1514,10
2008-04-08T16:00+00:00,5935,175.0,0,139,10,113.0,10,3.1,10,8.1,10,986.8,10,,,55,10,0.0,10,0,10,,,0.5,10,8.1,,,0,7.6,,,0,,,9.9,10,9.4,10,1626,10
2008-04-08T17:00+00:00,5935,66.0,0,136,10,154.0,10,3.0,10,7.7,10,986.4,10,,,56,10,0.0,10,0,10,,,0.0,10,8.1,,,0,7.7,,,0,,,9.3,10,7.5,10,1720,10
2008-04-08T18:00+00:00,5935,8.0,0,133,10,122.0,10,2.4,10,6.6,10,986.4,10,,,57,10,0.0,10,0,10,,,0.0,10,8.1,,,0,7.8,,,0,,,8.8,10,6.3,10,1820,10
2008-04-08T19:00+00:00,5935,0.0,0,118,10,128.0,10,2.1,10,6.2,10,986.5,10,,,61,10,0.0,10,0,10,,,0.0,10,8.1,,,0,7.8,,,0,,,8.3,10,5.6,10,1916,10
2008-04-08T20:00+00:00,5935,0.0,0,105,10,101.0,10,1.7,10,4.0,10,986.0,10,,,62,10,0.0,10,0,10,,,0.0,10,8.0,,,0,7.8,,,0,,,7.5,10,4.8,10,2035,10
2008-04-08T21:00+00:00,5935,0.0,0,98,10,102.0,10,1.6,10,3.9,10,985.6,10,,,68,10,0.0,10,0,10,,,0.0,10,7.9,,,0,7.9,,,0,,,6.9,10,3.9,10,2200,10
2008-04-08T22:00+00:00,5935,0.0,0,95,10,112.0,10,1.4,10,3.5,10,985.5,10,,,71,10,0.0,10,0,10,,,0.0,10,7.9,,,0,7.9,,,0,,,6.3,10,3.3,10,2225,10
2008-04-08T23:00+00:00,5935,0.0,0,84,10,74.0,10,1.1,10,2.6,10,985.6,10,,,74,10,0.0,10,0,10,,,0.0,10,7.8,,,0,7.9,,,0,,,5.7,10,2.5,10,2313,10
2008-04-09T00:00+00:00,5935,0.0,0,78,10,100.0,10,1.1,10,2.5,10,985.5,10,,,77,10,0.0,10,0,10,,,0.0,10,7.7,,,0,7.8,,,0,,,5.2,10,1.6,10,5,10
2008-04-09T01:00+00:00,5935,0.0,0,13,10,86.0,10,0.3,10,1.9,10,985.4,10,,,86,10,0.0,10,0,10,,,0.0,10,7.6,,,0,7.8,,,0,,,3.2,10,0.6,10,103,10
2008-04-09T02:00+00:00,5935,0.0,0,337,10,350.0,10,0.7,10,1.6,10,985.2,10,,,90,10,0.0,10,0,10,,,0.0,10,7.4,,,0,7.8,,,0,,,2.7,10,0.3,10,221,10
2008-04-09T03:00+00:00,5935,0.0,0,342,10,324.0,10,0.7,10,2.7,10,984.8,10,,,88,10,0.0,10,0,10,,,0.0,10,7.3,,,0,7.8,,,0,,,3.3,10,0.3,10,333,10
2008-04-09T04:00+00:00,5935,0.0,0,340,10,345.0,10,0.4,10,1.7,10,984.8,10,,,90,10,0.0,10,0,10,,,0.0,10,7.2,,,0,7.7,,,0,,,2.5,10,0.0,10,403,10
2008-04-09T05:00+00:00,5935,29.0,0,30,10,313.0,10,0.2,10,1.1,10,985.0,10,,,92,10,0.0,10,0,10,,,0.4,10,7.1,,,0,7.7,,,0,,,2.5,10,0.1,10,555,10
2008-04-09T06:00+00:00,5935,148.0,0,306,10,321.0,10,0.8,10,2.2,10,985.6,10,,,82,10,0.0,10,0,10,,,1.0,10,7.0,,,0,7.7,,,0,,,5.3,10,1.3,10,655,10
2008-04-09T07:00+00:00,5935,283.0,0,339,10,251.0,10,0.4,10,2.5,10,985.7,10,,,75,10,0.0,10,0,10,,,1.0,10,7.0,,,0,7.6,,,0,,,7.8,10,4.2,10,758,10
2008-04-09T08:00+00:00,5935,485.0,0,121,10,128.0,10,0.9,10,4.2,10,985.4,10,,,69,10,0.0,10,0,10,,,1.0,10,7.0,,,0,7.6,,,0,,,9.6,10,10.5,10,854,10
2008-04-09T09:00+00:00,5935,630.0,0,118,10,151.0,10,1.5,10,4.9,10,984.9,10,,,67,10,0.0,10,0,10,,,1.0,10,7.1,,,0,7.5,,,0,,,11.0,10,14.5,10,940,10
2008-04-09T10:00+00:00,5935,727.0,0,168,10,190.0,10,1.6,10,5.3,10,983.8,10,,,61,10,0.0,10,0,10,,,1.0,10,7.3,,,0,7.5,,,0,,,13.2,10,18.4,10,1052,10
2008-04-09T11:00+00:00,5935,775.0,0,138,10,175.0,10,2.5,10,7.2,10,982.8,10,,,57,10,0.0,10,0,10,,,1.0,10,7.6,,,0,7.5,,,0,,,14.7,10,23.1,10,1143,10
2008-04-09T12:00+00:00,5935,771.0,0,159,10,184.0,10,3.4,10,8.7,10,982.0,10,,,57,10,0.0,10,0,10,,,1.0,10,7.9,,,0,7.5,,,0,,,15.9,10,16.0,10,1245,10
2008-04-09T13:00+00:00,5935,693.0,0,157,10,173.0,10,3.2,10,9.1,10,981.4,10,,,53,10,0.0,10,0,10,,,1.0,10,8.2,,,0,7.6,,,0,,,18.0,10,20.4,10,1323,10
2008-04-09T14:00+00:00,5935,586.0,0,152,10,101.0,10,3.2,10,8.6,10,980.0,10,,,50,10,0.0,10,0,10,,,1.0,10,8.6,,,0,7.7,,,0,,,19.3,10,22.2,10,1451,10
2008-04-09T15:00+00:00,5935,347.0,0,140,10,181.0,10,3.8,10,10.4,10,978.4,10,,,51,10,0.0,10,0,10,,,1.0,10,8.8,,,0,7.8,,,0,,,19.3,10,17.8,10,1550,10
2008-04-09T16:00+00:00,5935,159.0,0,165,10,170.0,10,5.0,10,14.1,10,978.0,10,,,51,10,0.0,10,0,10,,,0.3,10,9.0,,,0,7.9,,,0,,,18.9,10,16.4,10,1610,10
2008-04-09T17:00+00:00,5935,53.0,0,163,10,149.0,10,4.7,10,13.4,10,977.9,10,,,51,10,0.0,10,0,10,,,0.0,10,9.1,,,0,8.0,,,0,,,18.2,10,14.9,10,1723,10
2008-04-09T18:00+00:00,5935,4.0,0,162,10,174.0,10,4.4,10,10.4,10,977.5,10,,,51,10,0.0,10,0,10,,,0.0,10,9.2,,,0,8.1,,,0,,,17.4,10,14.1,10,1810,10
2008-04-09T19:00+00:00,5935,0.0,0,158,10,157.0,10,3.2,10,7.7,10,977.4,10,,,52,10,0.0,10,0,10,,,0.0,10,9.2,,,0,8.2,,,0,,,16.4,10,13.2,10,1938,10
2008-04-09T20:00+00:00,5935,0.0,0,176,10,160.0,10,2.7,10,7.3,10,977.4,10,,,53,10,0.0,10,0,10,,,0.0,10,9.2,,,0,8.3,,,0,,,15.7,10,10.9,10,2007,10
2008-04-09T21:00+00:00,5935,0.0,0,190,10,199.0,10,2.6,10,8.0,10,977.3,10,,,55,10,0.0,10,0,10,,,0.0,10,9.2,,,0,8.3,,,0,,,14.8,10,10.2,10,2104,10
2008-04-09T22:00+00:00,5935,0.0,0,198,10,173.0,10,2.1,10,5.0,10,977.5,10,,,57,10,0.0,10,0,10,,,0.0,10,9.2,,,0,8.4,,,0,,,13.9,10,8.4,10,2300,10
2008-04-09T23:00+00:00,5935,0.0,0,187,10,190.0,10,1.3,10,3.5,10,977.6,10,,,59,10,0.0,10,0,10,,,0.0,10,9.2,,,0,8.4,,,0,,,13.1,10,8.2,10,2333,10
2008-04-10T00:00+00:00,5935,0.0,0,129,10,135.0,10,0.5,10,1.9,10,977.9,10,,,63,10,0.0,10,0,10,,,0.0,10,9.1,,,0,8.5,,,0,,,12.0,10,7.2,10,19,10
2008-04-10T01:00+00:00,5935,0.0,0,24,10,357.0,10,0.3,10,2.3,10,978.2,10,,,76,10,0.0,10,0,10,,,0.0,10,9.1,,,0,8.5,,,0,,,9.9,10,7.1,10,153,10
2008-04-10T02:00+00:00,5935,0.0,0,17,10,21.0,10,0.4,10,2.0,10,978.5,10,,,84,10,0.0,10,0,10,,,0.0,10,9.0,,,0,8.5,,,0,,,8.4,10,4.3,10,207,10
2008-04-10T03:00+00:00,5935,0.0,0,10,10,9.0,10,0.4,10,1.8,10,979.1,10,,,87,10,0.0,10,0,10,,,0.0,10,8.9,,,0,8.5,,,0,,,7.4,10,3.5,10,356,10
2008-04-10T04:00+00:00,5935,0.0,0,7,10,16.0,10,0.8,10,2.1,10,979.4,10,,,89,10,0.0,10,0,10,,,0.0,10,8.7,,,0,8.5,,,0,,,6.9,10,3.3,10,433,10
2008-04-10T05:00+00:00,5935,43.0,0,15,10,8.0,10,0.4,10,2.2,10,980.1,10,,,85,10,0.0,10,0,10,,,0.6,10,8.6,,,0,8.5,,,0,,,8.3,10,3.3,10,531,10
2008-04-10T06:00+00:00,5935,134.0,0,39,10,65.0,10,0.4,10,1.8,10,980.6,10,,,77,10,0.0,10,0,10,,,1.0,10,8.5,,,0,8.5,,,0,,,10.2,10,5.6,10,616,10
2008-04-10T07:00+00:00,5935,316.0,0,71,10,7.0,10,0.7,10,2.3,10,980.6,10,,,66,10,0.0,10,0,10,,,1.0,10,8.5,,,0,8.5,,,0,,,13.2,10,8.5,10,721,10
2008-04-10T08:00+00:00,5935,503.0,0,78,10,73.0,10,0.5,10,2.3,10,981.0,10,,,57,10,0.0,10,0,10,,,1.0,10,8.6,,,0,8.4,,,0,,,16.8,10,13.7,10,841,10
2008-04-10T09:00+00:00,5935,596.0,0,33,10,65.0,10,0.5,10,3.4,10,981.2,10,,,54,10,0.0,10,0,10,,,1.0,10,8.8,,,0,8.4,,,0,,,18.0,10,19.8,10,913,10
2008-04-10T10:00+00:00,5935,723.0,0,90,10,76.0,10,0.8,10,4.5,10,980.8,10,,,49,10,0.0,10,0,10,,,1.0,10,8.9,,,0,8.4,,,0,,,19.5,10,21.2,10,1055,10
2008-04-10T11:00+00:00,5935,695.0,0,122,10,104.0,10,1.7,10,4.7,10,980.8,10,,,46,10,0.0,10,0,10,,,0.9,10,9.2,,,0,8.5,,,0,,,20.4,10,22.1,10,1110,10
2008-04-10T12:00+00:00,5935,777.0,0,137,10,133.0,10,2.1,10,6.3,10,980.2,10,,,46,10,0.0,10,0,10,,,1.0,10,9.5,,,0,8.5,,,0,,,20.8,10,18.7,10,1255,10
2008-04-10T13:00+00:00,5935,569.0,0,120,10,114.0,10,2.7,10,7.1,10,980.2,10,,,45,10,0.0,10,0,10,,,1.0,10,9.8,,,0,8.6,,,0,,,20.7,10,21.4,10,1353,10
2008-04-10T14:00+00:00,5935,553.0,0,118,10,102.0,10,2.9,10,8.1,10,979.9,10,,,46,10,0.0,10,0,10,,,1.0,10,10.0,,,0,8.7,,,0,,,21.2,10,21.4,10,1443,10
2008-04-10T15:00+00:00,5935,447.0,0,135,10,82.0,10,2.5,10,7.7,10,979.3,10,,,44,10,0.0,10,0,10,,,1.0,10,10.2,,,0,8.7,,,0,,,21.4,10,19.7,10,1510,10
2008-04-10T16:00+00:00,5935,305.0,0,135,10,151.0,10,2.5,10,6.3,10,978.8,10,,,45,10,0.0,10,0,10,,,1.0,10,10.4,,,0,8.8,,,0,,,21.7,10,16.4,10,1638,10
2008-04-10T17:00+00:00,5935,106.0,0,133,10,109.0,10,2.8,10,7.9,10,978.6,10,,,48,10,0.0,10,0,10,,,0.9,10,10.4,,,0,9.0,,,0,,,20.5,10,15.5,10,1711,10
2008-04-10T18:00+00:00,5935,16.0,0,133,10,124.0,10,2.4,10,6.6,10,978.7,10,,,53,10,0.0,10,0,10,,,0.1,10,10.4,,,0,9.0,,,0,,,18.9,10,13.9,10,1834,10
2008-04-10T19:00+00:00,5935,0.0,0,135,10,127.0,10,2.5,10,6.5,10,978.9,10,,,59,10,0.0,10,0,10,,,0.0,10,10.4,,,0,9.1,,,0,,,17.3,10,13.0,10,1905,10
2008-04-10T20:00+00:00,5935,0.0,0,144,10,170.0,10,1.9,10,5.3,10,979.1,10,,,64,10,0.0,10,0,10,,,0.0,10,10.4,,,0,9.2,,,0,,,16.2,10,11.3,10,2015,10
2008-04-10T21:00+00:00,5935,0.0,0,114,10,113.0,10,1.7,10,4.4,10,978.8,10,,,70,10,0.0,10,0,10,,,0.0,10,10.4,,,0,9.2,,,0,,,14.9,10,11.3,10,2146,10
2008-04-10T22:00+00:00,5935,0.0,0,122,10,148.0,10,0.9,10,3.3,10,978.6,10,,,73,10,0.0,10,0,10,,,0.0,10,10.3,,,0,9.3,,,0,,,14.3,10,10.4,10,2219,10
2008-04-10T23:00+00:00,5935,0.0,0,132,10,143.0,10,1.8,10,4.8,10,978.5,10,,,77,10,0.0,10,0,10,,,0.0,10,10.3,,,0,9.3,,,0,,,13.7,10,10.0,10,2314,10
2008-04-11T00:00+00:00,5935,0.0,0,92,10,134.0,10,0.3,10,2.7,10,978.3,10,,,81,10,0.0,10,0,10,,,0.0,10,10.2,,,0,9.4,,,0,,,12.6,10,7.6,10,4,10
2008-04-11T01:00+00:00,5935,0.0,0,89,10,88.0,10,0.3,10,1.3,10,978.0,10,,,88,10,0.0,10,0,10,,,0.0,10,10.1,,,0,9.4,,,0,,,10.8,10,6.2,10,157,10
2008-04-11T02:00+00:00,5935,0.0,0,29,10,86.0,10,0.2,10,1.4,10,978.0,10,,,93,10,0.0,10,0,10,,,0.0,10,10.0,,,0,9.4,,,0,,,8.9,10,5.6,10,222,10
2008-04-11T03:00+00:00,5935,0.0,0,352,10,325.0,10,0.4,10,1.8,10,978.3,10,,,93,10,0.0,10,0,10,,,0.0,10,9.9,,,0,9.4,,,0,,,9.1,10,4.9,10,302,10
2008-04-11T04:00+00:00,5935,0.0,0,360,10,24.0,10,0.4,10,1.8,10,978.6,10,,,93,10,0.0,10,0,10,,,0.0,10,9.8,,,0,9.4,,,0,,,8.4,10,4.8,10,416,10
2008-04-11T05:00+00:00,5935,31.0,0,345,10,301.0,10,0.1,10,1.3,10,979.0,10,,,93,10,0.0,10,0,10,,,0.6,10,9.6,,,0,9.3,,,0,,,8.8,10,4.7,10,555,10
2008-04-11T06:00+00:00,5935,168.0,0,322,10,330.0,10,1.0,10,3.1,10,979.5,10,,,82,10,0.0,10,0,10,,,1.0,10,9.5,,,0,9.3,,,0,,,11.9,10,5.8,10,646,10
2008-04-11T07:00+00:00,5935,343.0,0,347,10,315.0,10,0.8,10,3.1,10,980.2,10,,,70,10,0.0,10,0,10,,,1.0,10,9.5,,,0,9.3,,,0,,,14.7,10,10.2,10,707,10
2008-04-11T08:00+00:00,5935,505.0,0,46,10,51.0,10,0.6,10,2.7,10,980.7,10,,,65,10,0.0,10,0,10,,,1.0,10,9.6,,,0,9.3,,,0,,,16.4,10,15.2,10,824,10
2008-04-11T09:00+00:00,5935,636.0,0,67,10,51.0,10,1.3,10,3.8,10,980.8,10,,,60,10,0.0,10,0,10,,,1.0,10,9.7,,,0,9.2,,,0,,,18.1,10,19.7,10,957,10
2008-04-11T10:00+00:00,5935,729.0,0,102,10,71.0,10,1.1,10,4.6,10,980.7,10,,,51,10,0.0,10,0,10,,,1.0,10,9.9,,,0,9.2,,,0,,,20.2,10,22.0,10,1037,10
2008-04-11T11:00+00:00,5935,771.0,0,194,10,154.0,10,1.0,10,5.1,10,980.4,10,,,44,10,0.0,10,0,10,,,1.0,10,10.2,,,0,9.3,,,0,,,21.7,10,26.0,10,1150,10
2008-04-11T12:00+00:00,5935,651.0,0,154,10,189.0,10,1.6,10,5.3,10,979.9,10,,,39,10,0.0,10,0,10,,,1.0,10,10.5,,,0,9.3,,,0,,,23.3,10,21.3,10,1257,10
2008-04-11T13:00+00:00,5935,674.0,0,168,10,186.0,10,1.5,10,6.0,10,979.2,10,,,38,10,0.0,10,0,10,,,1.0,10,10.7,,,0,9.4,,,0,,,24.3,10,23.8,10,1306,10
2008-04-11T14:00+00:00,5935,595.0,0,139,10,107.0,10,2.3,10,7.9,10,978.6,10,,,39,10,0.0,10,0,10,,,1.0,10,11.0,,,0,9.5,,,0,,,24.4,10,23.6,10,1458,10
2008-04-11T15:00+00:00,5935,408.0,0,148,10,153.0,10,2.9,10,7.9,10,978.0,10,,,39,10,0.0,10,0,10,,,0.8,10,11.2,,,0,9.5,,,0,,,24.4,10,20.7,10,1540,10
2008-04-11T16:00+00:00,5935,191.0,0,185,10,198.0,10,3.6,10,8.3,10,977.7,10,,,42,10,0.0,10,0,10,,,0.6,10,11.4,,,0,9.7,,,0,,,22.7,10,17.9,10,1622,10
2008-04-11T17:00+00:00,5935,50.0,0,173,10,160.0,10,3.8,10,8.9,10,977.6,10,,,45,10,0.0,10,0,10,,,0.0,10,11.4,,,0,9.8,,,0,,,20.9,10,16.0,10,1736,10
2008-04-11T18:00+00:00,5935,7.0,0,183,10,223.0,10,3.8,10,9.9,10,977.7,10,,,48,10,0.0,10,0,10,,,0.0,10,11.4,,,0,9.9,,,0,,,19.7,10,14.2,10,1835,10
2008-04-11T19:00+00:00,5935,0.0,0,186,10,210.0,10,3.2,10,9.5,10,977.7,10,,,53,10,0.0,10,0,10,,,0.0,10,11.4,,,0,9.9,,,0,,,18.6,10,13.1,10,1924,10
2008-04-11T20:00+00:00,5935,0.0,0,189,10,204.0,10,3.0,10,7.4,10,978.0,10,,,57,10,0.0,10,0,10,,,0.0,10,11.4,,,0,10.0,,,0,,,18.0,10,12.7,10,2001,10
2008-04-11T21:00+00:00,5935,0.0,0,189,10,194.0,10,3.3,10,8.5,10,978.0,10,,,59,10,0.0,10,0,10,,,0.0,10,11.4,,,0,10.1,,,0,,,17.0,10,12.1,10,2109,10
2008-04-11T22:00+00:00,5935,0.0,0,188,10,168.0,10,2.2,10,6.1,10,978.3,10,,,59,10,0.0,10,0,10,,,0.0,10,11.3,,,0,10.1,,,0,,,16.3,10,10.8,10,2212,10
2008-04-11T23:00+00:00,5935,0.0,0,191,10,189.0,10,1.0,10,3.5,10,978.9,10,,,62,10,0.0,10,0,10,,,0.0,10,11.2,,,0,10.1,,,0,,,15.3,10,9.1,10,2359,10
2008-04-12T00:00+00:00,5935,0.0,0,247,10,266.0,10,1.4,10,10.6,10,980.4,10,,,62,10,0.0,10,0,10,,,0.0,10,11.2,,,0,10.1,,,0,,,15.7,10,9.1,10,58,10
2008-04-12T01:00+00:00,5935,0.0,0,265,10,247.0,10,4.6,10,15.6,10,982.0,10,,,67,10,0.0,10,0,10,,,0.0,10,11.1,,,0,10.2,,,0,,,12.8,10,10.2,10,147,10
2008-04-12T02:00+00:00,5935,0.0,0,268,10,290.0,10,4.4,10,13.8,10,983.7,10,,,65,10,0.0,10,0,10,,,0.0,10,11.0,,,0,10.2,,,0,,,12.0,10,9.5,10,216,10
2008-04-12T03:00+00:00,5935,0.0,0,269,10,307.0,10,4.9,10,17.0,10,984.4,10,,,67,10,0.0,10,9,10,,,0.0,10,10.9,,,0,10.2,,,0,,,9.8,10,7.9,10,338,10
2008-04-12T04:00+00:00,5935,0.0,0,270,10,279.0,10,5.1,10,15.4,10,986.9,10,,,65,10,0.0,10,0,10,,,0.0,10,10.7,,,0,10.2,,,0,,,9.9,10,7.8,10,416,10
2008-04-12T05:00+00:00,5935,18.0,0,264,10,270.0,10,5.1,10,13.6,10,987.8,10,,,66,10,0.0,10,0,10,,,0.0,10,10.6,,,0,10.1,,,0,,,9.7,10,8.0,10,553,10
2008-04-12T06:00+00:00,5935,84.0,0,266,10,243.0,10,5.3,10,13.6,10,989.2,10,,,65,10,0.0,10,0,10,,,0.2,10,10.5,,,0,10.1,,,0,,,9.9,10,8.3,10,620,10
2008-04-12T07:00+00:00,5935,140.0,0,273,10,290.0,10,3.9,10,10.8,10,990.7,10,,,64,10,0.0,10,0,10,,,0.0,10,10.4,,,0,10.1,,,0,,,10.1,10,9.7,10,755,10
2008-04-12T08:00+00:00,5935,158.0,0,288,10,327.0,10,4.9,10,13.3,10,991.5,10,,,60,10,0.0,10,0,10,,,0.0,10,10.4,,,0,10.1,,,0,,,10.5,10,10.0,10,856,10
2008-04-12T09:00+00:00,5935,326.0,0,302,10,271.0,10,5.3,10,13.4,10,991.7,10,,,58,10,0.0,10,0,10,,,0.0,10,10.3,,,0,10.0,,,0,,,11.4,10,11.2,10,927,10
2008-04-12T10:00+00:00,5935,504.0,0,310,10,297.0,10,4.8,10,13.1,10,991.4,10,,,56,10,0.0,10,0,10,,,0.6,10,10.3,,,0,10.0,,,0,,,11.6,10,13.7,10,1029,10
2008-04-12T11:00+00:00,5935,517.0,0,315,10,257.0,10,4.7,10,11.7,10,990.7,10,,,53,10,0.0,10,0,10,,,0.4,10,10.4,,,0,10.0,,,0,,,13.1,10,13.4,10,1149,10
2008-04-12T12:00+00:00,5935,320.0,0,315,10,70.0,10,4.1,10,11.7,10,991.5,10,,,53,10,0.0,10,0,10,,,0.2,10,10.4,,,0,10.0,,,0,,,12.3,10,12.2,10,1216,10
2008-04-12T13:00+00:00,5935,441.0,0,326,10,315.0,10,3.7,10,9.7,10,991.0,10,,,50,10,0.0,10,0,10,,,0.4,10,10.4,,,0,10.0,,,0,,,13.1,10,12.4,10,1331,10
2008-04-12T14:00+00:00,5935,306.0,0,341,10,2.0,10,2.8,10,7.0,10,991.0,10,,,48,10,0.0,10,0,10,,,0.3,10,10.5,,,0,10.0,,,0,,,14.3,10,13.1,10,1409,10
2008-04-12T15:00+00:00,5935,205.0,0,5,10,22.0,10,2.5,10,7.5,10,990.9,10,,,49,10,0.0,10,0,10,,,0.0,10,10.5,,,0,10.0,,,0,,,13.5,10,12.5,10,1541,10
2008-04-12T16:00+00:00,5935,147.0,0,355,10,337.0,10,2.0,10,5.1,10,991.2,10,,,49,10,0.0,10,0,10,,,0.2,10,10.5,,,0,10.0,,,0,,,13.4,10,11.5,10,1640,10
2008-04-12T17:00+00:00,5935,70.0,0,316,10,306.0,10,1.7,10,5.0,10,991.1,10,,,51,10,0.0,10,0,10,,,0.0,10,10.5,,,0,10.0,,,0,,,12.7,10,9.8,10,1734,10
2008-04-12T18:00+00:00,5935,16.0,0,294,10,281.0,10,1.2,10,3.0,10,991.4,10,,,58,10,0.0,10,0,10,,,0.0,10,10.4,,,0,10.0,,,0,,,10.8,10,6.0,10,1822,10
2008-04-12T19:00+00:00,5935,0.0,0,300,10,287.0,10,0.7,10,2.0,10,992.3,10,,,63,10,0.0,10,0,10,,,0.0,10,10.3,,,0,10.0,,,0,,,9.2,10,4.6,10,1915,10
2008-04-12T20:00+00:00,5935,0.0,0,249,10,221.0,10,0.7,10,2.3,10,993.2,10,,,68,10,0.0,10,0,10,,,0.0,10,10.2,,,0,10.0,,,0,,,7.8,10,3.9,10,2059,10
2008-04-12T21:00+00:00,5935,0.0,0,281,10,277.0,10,2.4,10,5.2,10,993.0,10,,,62,10,0.0,10,0,10,,,0.0,10,10.0,,,0,10.0,,,0,,,10.1,10,3.8,10,2122,10
2008-04-12T22:00+00:00,5935,0.0,0,277,10,277.0,10,2.5,10,6.2,10,993.7,10,,,65,10,0.0,10,0,10,,,0.0,10,9.9,,,0,9.9,,,0,,,9.4,10,5.2,10,2241,10
2008-04-12T23:00+00:00,5935,0.0,0,272,10,283.0,10,3.0,10,7.0,10,994.1,10,,,65,10,0.0,10,0,10,,,0.0,10,9.8,,,0,9.9,,,0,,,9.2,10,5.2,10,2331,10
2008-04-13T00:00+00:00,5935,0.0,0,269,10,268.0,10,2.5,10,6.7,10,994.3,10,,,66,10,0.0,10,0,10,,,0.0,10,9.8,,,0,9.9,,,0,,,8.8,10,4.6,10,100,10
2008-04-13T01:00+00:00,5935,0.0,0,273,10,283.0,10,2.3,10,6.2,10,994.7,10,,,67,10,0.0,10,0,10,,,0.0,10,9.7,,,0,9.8,,,0,,,8.4,10,4.6,10,110,10
2008-04-13T02:00+00:00,5935,0.0,0,276,10,273.0,10,1.9,10,5.6,10,995.0,10,,,67,10,0.0,10,0,10,,,0.0,10,9.6,,,0,9.8,,,0,,,8.3,10,4.1,10,254,10
2008-04-13T03:00+00:00,5935,0.0,0,277,10,298.0,10,2.1,10,5.7,10,995.5,10,,,68,10,0.0,10,0,10,,,0.0,10,9.5,,,0,9.8,,,0,,,7.7,10,3.5,10,335,10
2008-04-13T04:00+00:00,5935,0.0,0,289,10,284.0,10,1.6,10,3.6,10,996.1,10,,,70,10,0.0,10,0,10,,,0.0,10,9.4,,,0,9.7,,,0,,,7.2,10,3.3,10,415,10
2008-04-13T05:00+00:00,5935,31.0,0,275,10,300.0,10,1.5,10,4.1,10,996.8,10,,,69,10,0.0,10,0,10,,,0.3,10,9.3,,,0,9.7,,,0,,,7.9,10,3.3,10,516,10
2008-04-13T06:00+00:00,5935,70.0,0,278,10,292.0,10,1.0,10,2.0,10,997.3,10,,,67,10,0.0,10,0,10,,,0.2,10,9.2,,,0,9.6,,,0,,,8.7,10,5.0,10,605,10
2008-04-13T07:00+00:00,5935,158.0,0,265,10,300.0,10,1.0,10,4.7,10,997.7,10,,,61,10,0.0,10,0,10,,,0.9,10,9.2,,,0,9.6,,,0,,,11.0,10,6.2,10,759,10
2008-04-13T08:00+00:00,5935,480.0,0,297,10,280.0,10,2.8,10,7.0,10,998.1,10,,,54,10,0.0,10,0,10,,,1.0,10,9.2,,,0,9.5,,,0,,,13.4,10,8.6,10,830,10
2008-04-13T09:00+00:00,5935,660.0,0,301,10,275.0,10,2.2,10,5.6,10,998.4,10,,,50,10,0.0,10,0,10,,,1.0,10,9.3,,,0,9.5,,,0,,,14.9,10,15.0,10,907,10
2008-04-13T10:00+00:00,5935,724.0,0,297,10,310.0,10,1.8,10,5.0,10,998.3,10,,,46,10,0.0,10,0,10,,,1.0,10,9.5,,,0,9.5,,,0,,,15.4,10,17.6,10,1034,10
2008-04-13T11:00+00:00,5935,599.0,0,268,10,277.0,10,1.8,10,5.8,10,998.1,10,,,43,10,0.0,10,0,10,,,0.6,10,9.6,,,0,9.5,,,0,,,15.8,10,15.9,10,1118,10
2008-04-13T12:00+00:00,5935,852.0,0,266,10,263.0,10,1.2,10,5.9,10,997.6,10,,,41,10,0.0,10,0,10,,,1.0,10,9.9,,,0,9.5,,,0,,,16.6,10,16.6,10,1206,10
2008-04-13T13:00+00:00,5935,349.0,0,356,10,358.0,10,1.3,10,4.9,10,997.4,10,,,42,10,0.0,10,0,10,,,0.2,10,10.1,,,0,9.5,,,0,,,15.8,10,15.3,10,1304,10
2008-04-13T14:00+00:00,5935,359.0,0,5,10,29.0,10,0.6,10,2.9,10,997.0,10,,,41,10,0.0,10,0,10,,,0.4,10,10.3,,,0,9.6,,,0,,,16.3,10,15.0,10,1426,10
2008-04-13T15:00+00:00,5935,143.0,0,186,10,187.0,10,1.2,10,3.6,10,996.8,10,,,40,10,0.0,10,0,10,,,0.0,10,10.4,,,0,9.6,,,0,,,15.8,10,13.4,10,1544,10
2008-04-13T16:00+00:00,5935,108.0,0,208,10,196.0,10,1.0,10,2.8,10,996.8,10,,,41,10,0.0,10,0,10,,,0.0,10,10.4,,,0,9.7,,,0,,,15.8,10,12.5,10,1634,10
2008-04-13T17:00+00:00,5935,122.0,0,185,10,212.0,10,1.5,10,3.5,10,996.7,10,,,42,10,0.0,10,0,10,,,0.4,10,10.4,,,0,9.7,,,0,,,15.5,10,10.8,10,1758,10
2008-04-13T18:00+00:00,5935,19.0,0,177,10,181.0,10,1.1,10,3.5,10,996.8,10,,,45,10,0.0,10,0,10,,,0.0,10,10.4,,,0,9.8,,,0,,,14.0,10,7.3,10,1803,10
2008-04-13T19:00+00:00,5935,0.0,0,139,10,139.0,10,0.4,10,1.8,10,997.4,10,,,51,10,0.0,10,0,10,,,0.0,10,10.3,,,0,9.8,,,0,,,12.0,10,5.7,10,1916,10
2008-04-13T20:00+00:00,5935,0.0,0,138,10,152.0,10,0.4,10,1.6,10,997.3,10,,,62,10,0.0,10,0,10,,,0.0,10,10.2,,,0,9.8,,,0,,,10.0,10,4.9,10,2020,10
2008-04-13T21:00+00:00,5935,0.0,0,163,10,226.0,10,0.4,10,2.6,10,997.4,10,,,63,10,0.0,10,0,10,,,0.0,10,10.0,,,0,9.9,,,0,,,9.9,10,4.5,10,2142,10
2008-04-13T22:00+00:00,5935,0.0,0,87,10,110.0,10,0.4,10,1.8,10,997.4,10,,,64,10,0.0,10,0,10,,,0.0,10,9.9,,,0,9.8,,,0,,,9.1,10,4.1,10,2254,10
2008-04-13T23:00+00:00,5935,0.0,0,88,10,96.0,10,0.2,10,1.2,10,997.3,10,,,75,10,0.0,10,0,10,,,0.0,10,9.7,,,0,9.8,,,0,,,6.7,10,3.1,10,2340,10
2008-04-14T00:00+00:00,5935,0.0,0,91,10,103.0,10,0.4,10,1.9,10,996.9,10,,,80,10,0.0,10,0,10,,,0.0,10,9.6,,,0,9.8,,,0,,,5.6,10,2.8,10,22,10
2008-04-14T01:00+00:00,5935,0.0,0,56,10,71.0,10,0.4,10,1.3,10,996.7,10,,,86,10,0.0,10,0,10,,,0.0,10,9.4,,,0,9.8,,,0,,,4.6,10,2.1,10,112,10
2008-04-14T02:00+00:00,5935,0.0,0,0,10,18.0,10,0.0,10,0.3,10,996.6,10,,,89,10,0.0,10,0,10,,,0.0,10,9.3,,,0,9.7,,,0,,,3.8,10,1.5,10,250,10
2008-04-14T03:00+00:00,5935,0.0,0,0,10,,10,0.0,10,0.1,10,996.4,10,,,90,10,0.0,10,0,10,,,0.0,10,9.1,,,0,9.7,,,0,,,3.6,10,1.3,10,355,10
2008-04-14T04:00+00:00,5935,1.0,0,61,10,81.0,10,0.3,10,1.5,10,996.4,10,,,92,10,0.0,10,0,10,,,0.0,10,9.0,,,0,9.6,,,0,,,2.6,10,1.4,10,443,10
2008-04-14T05:00+00:00,5935,38.0,0,92,10,63.0,10,0.2,10,1.4,10,996.4,10,,,88,10,0.0,10,0,10,,,0.5,10,8.9,,,0,9.5,,,0,,,4.8,10,1.4,10,559,10
2008-04-14T06:00+00:00,5935,176.0,0,113,10,122.0,10,0.7,10,2.7,10,996.5,10,,,78,10,0.0,10,0,10,,,1.0,10,8.8,,,0,9.5,,,0,,,7.7,10,2.8,10,644,10
2008-04-14T07:00+00:00,5935,349.0,0,138,10,177.0,10,1.6,10,4.4,10,996.3,10,,,73,10,0.0,10,0,10,,,1.0,10,8.8,,,0,9.4,,,0,,,9.8,10,6.8,10,748,10
2008-04-14T08:00+00:00,5935,510.0,0,166,10,195.0,10,2.6,10,6.1,10,996.1,10,,,64,10,0.0,10,0,10,,,1.0,10,8.8,,,0,9.4,,,0,,,12.3,10,10.6,10,823,10
2008-04-14T09:00+00:00,5935,657.0,0,159,10,124.0,10,2.9,10,7.8,10,995.7,10,,,56,10,0.0,10,0,10,,,1.0,10,9.0,,,0,9.3,,,0,,,14.4,10,15.2,10,954,10
2008-04-14T10:00+00:00,5935,751.0,0,155,10,129.0,10,2.9,10,8.0,10,995.2,10,,,51,10,0.0,10,0,10,,,1.0,10,9.2,,,0,9.3,,,0,,,16.2,10,18.8,10,1053,10
2008-04-14T11:00+00:00,5935,799.0,0,147,10,168.0,10,2.9,10,8.5,10,994.5,10,,,49,10,0.0,10,0,10,,,1.0,10,9.4,,,0,9.3,,,0,,,16.9,10,21.3,10,1146,10
2008-04-14T12:00+00:00,5935,792.0,0,151,10,114.0,10,2.9,10,7.6,10,993.9,10,,,46,10,0.0,10,0,10,,,1.0,10,9.7,,,0,9.3,,,0,,,17.6,10,16.7,10,1254,10
2008-04-14T13:00+00:00,5935,721.0,0,147,10,140.0,10,3.4,10,8.9,10,993.5,10,,,43,10,0.0,10,0,10,,,1.0,10,10.0,,,0,9.4,,,0,,,18.1,10,18.9,10,1337,10
2008-04-14T14:00+00:00,5935,587.0,0,147,10,177.0,10,3.7,10,12.1,10,992.9,10,,,44,10,0.0,10,0,10,,,1.0,10,10.3,,,0,9.4,,,0,,,18.0,10,18.0,10,1446,10
2008-04-14T15:00+00:00,5935,473.0,0,158,10,179.0,10,3.8,10,10.1,10,992.7,10,,,44,10,0.0,10,0,10,,,1.0,10,10.4,,,0,9.5,,,0,,,18.1,10,16.0,10,1539,10
2008-04-14T16:00+00:00,5935,206.0,0,147,10,158.0,10,2.9,10,7.8,10,992.5,10,,,46,10,0.0,10,0,10,,,0.3,10,10.6,,,0,9.6,,,0,,,16.8,10,13.6,10,1630,10
2008-04-14T17:00+00:00,5935,58.0,0,131,10,101.0,10,2.2,10,6.1,10,992.5,10,,,47,10,0.0,10,0,10,,,0.0,10,10.6,,,0,9.7,,,0,,,16.1,10,11.9,10,1800,10
2008-04-14T18:00+00:00,5935,17.0,0,127,10,161.0,10,1.8,10,5.6,10,992.6,10,,,49,10,0.0,10,0,10,,,0.3,10,10.6,,,0,9.7,,,0,,,15.0,10,10.6,10,1825,10
2008-04-14T19:00+00:00,5935,0.0,0,115,10,117.0,10,2.3,10,6.5,10,993.0,10,,,59,10,0.0,10,0,10,,,0.0,10,10.5,,,0,9.8,,,0,,,13.6,10,10.4,10,1956,10
2008-04-14T20:00+00:00,5935,0.0,0,112,10,109.0,10,2.4,10,7.6,10,993.0,10,,,67,10,0.0,10,0,10,,,0.0,10,10.5,,,0,9.9,,,0,,,12.5,10,9.7,10,2040,10
2008-04-14T21:00+00:00,5935,0.0,0,118,10,125.0,10,1.9,10,5.1,10,993.1,10,,,73,10,0.0,10,0,10,,,0.0,10,10.4,,,0,9.9,,,0,,,11.6,10,8.9,10,2116,10
2008-04-14T22:00+00:00,5935,0.0,0,130,10,96.0,10,1.1,10,4.1,10,993.3,10,,,77,10,0.0,10,0,10,,,0.0,10,10.4,,,0,9.9,,,0,,,10.8,10,7.3,10,2300,10
2008-04-14T23:00+00:00,5935,0.0,0,80,10,94.0,10,0.2,10,2.8,10,993.7,10,,,81,10,0.0,10,0,10,,,0.0,10,10.3,,,0,9.9,,,0,,,10.1,10,7.0,10,2312,10
2008-04-15T00:00+00:00,5935,0.0,0,259,10,241.0,10,1.3,10,6.1,10,993.4,10,,,73,10,0.0,10,0,10,,,0.0,10,10.2,,,0,9.9,,,0,,,10.2,10,6.7,10,10,10
2008-04-15T01:00+00:00,5935,0.0,0,272,10,276.0,10,1.6,10,4.7,10,993.0,10,,,71,10,0.0,10,0,10,,,0.0,10,10.1,,,0,9.9,,,0,,,10.1,10,6.5,10,115,10
2008-04-15T02:00+00:00,5935,0.0,0,260,10,240.0,10,3.2,10,9.3,10,992.8,10,,,72,10,0.0,10,0,10,,,0.0,10,10.1,,,0,9.9,,,0,,,9.8,10,8.1,10,252,10
2008-04-15T03:00+00:00,5935,0.0,0,260,10,249.0,10,3.7,10,9.2,10,992.6,10,,,73,10,0.0,10,0,10,,,0.0,10,10.0,,,0,9.9,,,0,,,8.9,10,7.1,10,324,10
2008-04-15T04:00+00:00,5935,0.0,0,265,10,262.0,10,3.3,10,8.4,10,993.0,10,,,73,10,0.0,10,0,10,,,0.0,10,9.9,,,0,9.9,,,0,,,8.8,10,6.7,10,407,10
2008-04-15T05:00+00:00,5935,19.0,0,266,10,278.0,10,3.3,10,8.5,10,993.3,10,,,74,10,0.0,10,0,10,,,0.0,10,9.9,,,0,9.9,,,0,,,8.4,10,7.5,10,539,10
2008-04-15T06:00+00:00,5935,91.0,0,264,10,245.0,10,2.9,10,7.6,10,993.8,10,,,73,10,0.0,10,0,10,,,0.0,10,9.8,,,0,9.8,,,0,,,8.9,10,7.7,10,653,10
2008-04-15T07:00+00:00,5935,135.0,0,270,10,256.0,10,3.5,10,8.8,10,993.4,10,,,72,10,0.0,10,0,10,,,0.0,10,9.8,,,0,9.8,,,0,,,9.3,10,9.4,10,735,10
2008-04-15T08:00+00:00,5935,193.0,0,258,10,253.0,10,3.0,10,8.1,10,994.0,10,,,72,10,0.0,10,6,10,,,0.0,10,9.8,,,0,9.8,,,0,,,9.8,10,10.4,10,817,10
2008-04-15T09:00+00:00,5935,161.0,0,272,10,305.0,10,2.8,10,7.6,10,994.2,10,,,71,10,0.0,10,1,10,,,0.0,10,9.8,,,0,9.8,,,0,,,10.0,10,10.5,10,954,10
2008-04-15T10:00+00:00,5935,239.0,0,275,10,282.0,10,4.0,10,10.2,10,994.1,10,,,71,10,0.0,10,0,10,,,0.0,10,9.9,,,0,9.8,,,0,,,10.2,10,11.7,10,1036,10
2008-04-15T11:00+00:00,5935,216.0,0,273,10,292.0,10,4.1,10,10.5,10,993.9,10,,,69,10,0.0,10,0,10,,,0.0,10,9.9,,,0,9.8,,,0,,,10.7,10,11.6,10,1130,10
2008-04-15T12:00+00:00,5935,458.0,0,276,10,256.0,10,4.5,10,11.2,10,993.7,10,,,68,10,0.0,10,0,10,,,0.3,10,10.0,,,0,9.8,,,0,,,11.2,10,13.2,10,1254,10
2008-04-15T13:00+00:00,5935,484.0,0,280,10,284.0,10,5.7,10,13.1,10,993.2,10,,,66,10,0.0,10,0,10,,,0.5,10,10.0,,,0,9.8,,,0,,,12.0,10,13.6,10,1329,10
2008-04-15T14:00+00:00,5935,604.0,0,282,10,279.0,10,5.9,10,16.4,10,992.8,10,,,65,10,0.0,10,0,10,,,1.0,10,10.2,,,0,9.8,,,0,,,12.2,10,14.1,10,1403,10
2008-04-15T15:00+00:00,5935,444.0,0,283,10,292.0,10,6.2,10,14.7,10,992.9,10,,,65,10,0.0,10,0,10,,,1.0,10,10.3,,,0,9.8,,,0,,,12.0,10,11.7,10,1522,10
2008-04-15T16:00+00:00,5935,161.0,0,285,10,299.0,10,4.9,10,12.2,10,993.4,10,,,68,10,0.0,10,0,10,,,0.3,10,10.3,,,0,9.8,,,0,,,11.1,10,10.2,10,1627,10
2008-04-15T17:00+00:00,5935,99.0,0,308,10,310.0,10,4.2,10,10.6,10,993.5,10,,,67,10,0.0,10,0,10,,,0.5,10,10.3,,,0,9.9,,,0,,,10.7,10,9.6,10,1758,10
2008-04-15T18:00+00:00,5935,12.0,0,304,10,314.0,10,4.9,10,13.5,10,994.0,10,,,68,10,0.0,10,0,10,,,0.0,10,10.2,,,0,9.9,,,0,,,10.5,10,9.1,10,1801,10
2008-04-15T19:00+00:00,5935,0.0,0,298,10,281.0,10,4.7,10,11.6,10,994.5,10,,,69,10,0.0,10,0,10,,,0.0,10,10.1,,,0,9.9,,,0,,,10.2,10,8.7,10,1922,10
2008-04-15T20:00+00:00,5935,0.0,0,302,10,300.0,10,4.5,10,11.8,10,995.0,10,,,78,10,0.2,10,25,10,,,0.0,10,10.1,,,0,9.9,,,0,,,9.1,10,7.7,10,2040,10
2008-04-15T21:00+00:00,5935,0.0,0,293,10,290.0,10,5.1,10,12.1,10,995.0,10,,,83,10,0.2,10,23,10,,,0.0,10,10.0,,,0,9.9,,,0,,,8.8,10,7.5,10,2126,10
2008-04-15T22:00+00:00,5935,0.0,0,291,10,287.0,10,4.4,10,10.2,10,995.3,10,,,89,10,0.5,10,58,10,,,0.0,10,9.9,,,0,9.9,,,0,,,8.3,10,7.5,10,2224,10
2008-04-15T23:00+00:00,5935,0.0,0,294,10,277.0,10,3.7,10,8.5,10,995.5,10,,,89,10,1.1,10,51,10,,,0.0,10,9.9,,,0,9.9,,,0,,,8.1,10,7.3,10,2352,10
2008-04-16T00:00+00:00,5935,0.0,0,289,10,303.0,10,4.2,10,10.3,10,995.3,10,,,86,10,0.1,10,29,10,,,0.0,10,9.8,,,0,9.9,,,0,,,7.9,10,7.0,10,51,10
2008-04-16T01:00+00:00,5935,0.0,0,287,10,308.0,10,5.0,10,11.8,10,995.2,10,,,85,10,0.1,10,17,10,,,0.0,10,9.8,,,0,9.8,,,0,,,7.5,10,6.6,10,150,10
2008-04-16T02:00+00:00,5935,0.0,0,291,10,279.0,10,4.5,10,10.1,10,995.3,10,,,88,10,0.5,10,59,10,,,0.0,10,9.7,,,0,9.8,,,0,,,7.0,10,6.3,10,228,10
2008-04-16T03:00+00:00,5935,0.0,0,294,10,313.0,10,4.3,10,11.0,10,995.4,10,,,88,10,0.6,10,48,10,,,0.0,10,9.6,,,0,9.8,,,0,,,6.7,10,6.1,10,348,10
2008-04-16T04:00+00:00,5935,0.0,0,289,10,306.0,10,4.3,10,10.4,10,995.5,10,,,89,10,0.2,10,39,10,,,0.0,10,9.5,,,0,9.8,,,0,,,6.5,10,6.0,10,411,10
2008-04-16T05:00+00:00,5935,9.0,0,287,10,284.0,10,4.3,10,9.8,10,995.5,10,,,87,10,0.5,10,57,10,,,0.0,10,9.5,,,0,9.8,,,0,,,6.4,10,5.9,10,536,10
2008-04-16T06:00+00:00,5935,61.0,0,287,10,275.0,10,4.1,10,10.6,10,995.8,10,,,85,10,0.1,10,47,10,,,0.0,10,9.4,,,0,9.7,,,0,,,6.7,10,6.1,10,602,10
2008-04-16T07:00+00:00,5935,105.0,0,288,10,311.0,10,4.2,10,11.7,10,996.2,10,,,82,10,0.0,10,21,10,,,0.0,10,9.4,,,0,9.7,,,0,,,7.1,10,6.9,10,751,10
2008-04-16T08:00+00:00,5935,188.0,0,287,10,321.0,10,5.0,10,12.9,10,996.3,10,,,80,10,0.0,10,11,10,,,0.0,10,9.3,,,0,9.7,,,0,,,7.6,10,7.4,10,816,10
2008-04-16T09:00+00:00,5935,147.0,0,288,10,295.0,10,4.1,10,10.1,10,996.4,10,,,76,10,0.0,10,0,10,,,0.0,10,9.3,,,0,9.6,,,0,,,7.9,10,7.5,10,943,10
2008-04-16T10:00+00:00,5935,175.0,0,291,10,277.0,10,4.7,10,10.8,10,996.3,10,,,75,10,0.0,10,0,10,,,0.0,10,9.3,,,0,9.6,,,0,,,7.9,10,7.6,10,1051,10
2008-04-16T11:00+00:00,5935,225.0,0,287,10,312.0,10,4.4,10,10.1,10,996.1,10,,,71,10,0.0,10,0,10,,,0.0,10,9.3,,,0,9.6,,,0,,,8.7,10,8.1,10,1157,10
2008-04-16T12:00+00:00,5935,144.0,0,292,10,323.0,10,4.3,10,10.7,10,995.9,10,,,68,10,0.0,10,0,10,,,0.0,10,9.3,,,0,9.6,,,0,,,9.1,10,8.1,10,1216,10
2008-04-16T13:00+00:00,5935,214.0,0,294,10,265.0,10,4.1,10,10.9,10,995.6,10,,,63,10,0.0,10,0,10,,,0.0,10,9.4,,,0,9.6,,,0,,,10.1,10,8.3,10,1322,10
2008-04-16T14:00+00:00,5935,162.0,0,293,10,306.0,10,3.7,10,8.7,10,995.6,10,,,64,10,0.0,10,0,10,,,0.0,10,9.4,,,0,9.6,,,0,,,9.6,10,8.6,10,1403,10
2008-04-16T15:00+00:00,5935,114.0,0,297,10,283.0,10,3.7,10,9.9,10,995.5,10,,,64,10,0.0,10,0,10,,,0.0,10,9.4,,,0,9.5,,,0,,,9.6,10,7.9,10,1511,10
2008-04-16T16:00+00:00,5935,150.0,0,304,10,292.0,10,3.4,10,8.9,10,995.3,10,,,63,10,0.0,10,0,10,,,0.0,10,9.4,,,0,9.5,,,0,,,10.0,10,9.1,10,1602,10
2008-04-16T17:00+00:00,5935,77.0,0,304,10,309.0,10,2.8,10,7.9,10,995.4,10,,,68,10,0.0,10,0,10,,,0.1,10,9.4,,,0,9.5,,,0,,,8.9,10,8.2,10,1800,10
2008-04-16T18:00+00:00,5935,12.0,0,277,10,286.0,10,2.5,10,6.1,10,995.5,10,,,77,10,0.0,10,0,10,,,0.0,10,9.4,,,0,9.5,,,0,,,7.3,10,5.3,10,1813,10
2008-04-16T19:00+00:00,5935,0.0,0,288,10,272.0,10,2.3,10,6.3,10,995.9,10,,,77,10,0.0,10,0,10,,,0.0,10,9.3,,,0,9.5,,,0,,,6.9,10,4.7,10,1907,10
2008-04-16T20:00+00:00,5935,0.0,0,286,10,307.0,10,1.8,10,3.8,10,995.8,10,,,84,10,0.0,10,0,10,,,0.0,10,9.2,,,0,9.5,,,0,,,5.9,10,3.7,10,2039,10
2008-04-16T21:00+00:00,5935,0.0,0,276,10,285.0,10,1.5,10,4.3,10,995.9,10,,,85,10,0.0,10,0,10,,,0.0,10,9.2,,,0,9.5,,,0,,,5.2,10,2.8,10,2123,10
2008-04-16T22:00+00:00,5935,0.0,0,286,10,290.0,10,1.5,10,3.8,10,995.7,10,,,86,10,0.0,10,0,10,,,0.0,10,9.0,,,0,9.5,,,0,,,4.7,10,1.9,10,2246,10
2008-04-16T23:00+00:00,5935,0.0,0,307,10,319.0,10,1.2,10,3.5,10,995.2,10,,,87,10,0.0,10,0,10,,,0.0,10,8.9,,,0,9.5,,,0,,,4.5,10,1.9,10,2334,10
2008-04-17T00:00+00:00,5935,0.0,0,268,10,288.0,10,0.9,10,2.6,10,995.2,10,,,90,10,0.0,10,0,10,,,0.0,10,8.8,,,0,9.4,,,0,,,3.5,10,1.4,10,18,10
2008-04-17T01:00+00:00,5935,0.0,0,330,10,329.0,10,0.7,10,2.0,10,994.5,10,,,91,10,0.0,10,0,10,,,0.0,10,8.6,,,0,9.4,,,0,,,3.4,10,1.1,10,148,10
2008-04-17T02:00+00:00,5935,0.0,0,259,10,285.0,10,0.8,10,2.1,10,994.1,10,,,93,10,0.0,10,0,10,,,0.0,10,8.5,,,0,9.3,,,0,,,2.5,10,0.7,10,218,10
2008-04-17T03:00+00:00,5935,0.0,0,0,10,317.0,10,0.0,10,1.4,10,993.8,10,,,94,10,0.0,10,0,10,,,0.0,10,8.4,,,0,9.3,,,0,,,1.5,10,0.6,10,301,10
2008-04-17T04:00+00:00,5935,1.0,0,22,10,8.0,10,0.3,10,1.7,10,993.5,10,,,94,10,0.0,10,0,10,,,0.0,10,8.2,,,0,9.2,,,0,,,2.7,10,0.6,10,441,10
2008-04-17T05:00+00:00,5935,35.0,0,27,10,67.0,10,0.6,10,1.9,10,993.4,10,,,93,10,0.0,10,0,10,,,0.1,10,8.2,,,0,9.2,,,0,,,3.0,10,2.2,10,509,10
2008-04-17T06:00+00:00,5935,61.0,0,112,10,78.0,10,0.1,10,1.7,10,993.2,10,,,90,10,0.0,10,0,10,,,0.1,10,8.1,,,0,9.1,,,0,,,4.2,10,3.4,10,657,10
2008-04-17T07:00+00:00,5935,121.0,0,107,10,125.0,10,0.8,10,1.8,10,992.9,10,,,85,10,0.1,10,16,10,,,0.0,10,8.1,,,0,9.0,,,0,,,5.8,10,5.5,10,753,10
2008-04-17T08:00+00:00,5935,88.0,0,104,10,81.0,10,1.3,10,3.7,10,992.5,10,,,89,10,0.4,10,46,10,,,0.0,10,8.2,,,0,9.0,,,0,,,5.7,10,6.3,10,847,10
2008-04-17T09:00+00:00,5935,360.0,0,115,10,113.0,10,2.0,10,6.3,10,991.9,10,,,77,10,0.0,10,0,10,,,0.2,10,8.2,,,0,8.9,,,0,,,7.8,10,7.1,10,948,10
2008-04-17T10:00+00:00,5935,184.0,0,132,10,142.0,10,2.3,10,6.5,10,991.3,10,,,78,10,0.0,10,0,10,,,0.0,10,8.3,,,0,8.9,,,0,,,7.7,10,8.5,10,1025,10
2008-04-17T11:00+00:00,5935,213.0,0,131,10,146.0,10,2.7,10,6.4,10,990.4,10,,,75,10,0.0,10,0,10,,,0.0,10,8.4,,,0,8.9,,,0,,,8.2,10,8.5,10,1128,10
2008-04-17T12:00+00:00,5935,384.0,0,129,10,144.0,10,2.6,10,6.7,10,989.9,10,,,71,10,0.0,10,0,10,,,0.2,10,8.5,,,0,8.9,,,0,,,9.9,10,9.4,10,1238,10
2008-04-17T13:00+00:00,5935,519.0,0,126,10,140.0,10,2.8,10,7.2,10,989.2,10,,,67,10,0.0,10,0,10,,,0.6,10,8.6,,,0,8.9,,,0,,,11.2,10,11.2,10,1304,10
2008-04-17T14:00+00:00,5935,499.0,0,105,10,98.0,10,3.0,10,7.3,10,988.1,10,,,67,10,0.0,10,0,10,,,0.6,10,8.8,,,0,8.9,,,0,,,11.5,10,12.5,10,1451,10
2008-04-17T15:00+00:00,5935,354.0,0,87,10,79.0,10,3.3,10,8.2,10,987.1,10,,,71,10,0.0,10,0,10,,,0.6,10,8.9,,,0,8.9,,,0,,,11.7,10,11.4,10,1558,10
2008-04-17T16:00+00:00,5935,227.0,0,82,10,75.0,10,3.5,10,7.8,10,986.8,10,,,74,10,0.0,10,0,10,,,0.6,10,9.0,,,0,9.0,,,0,,,10.9,10,10.5,10,1653,10
2008-04-17T17:00+00:00,5935,88.0,0,76,10,88.0,10,3.8,10,8.1,10,986.2,10,,,76,10,0.0,10,0,10,,,0.2,10,9.1,,,0,9.0,,,0,,,10.4,10,8.9,10,1748,10
2008-04-17T18:00+00:00,5935,18.0,0,65,10,88.0,10,2.7,10,6.5,10,986.4,10,,,80,10,0.0,10,0,10,,,0.0,10,9.1,,,0,9.0,,,0,,,8.7,10,7.0,10,1816,10
2008-04-17T19:00+00:00,5935,0.0,0,29,10,66.0,10,1.4,10,3.9,10,986.6,10,,,84,10,0.0,10,0,10,,,0.0,10,9.1,,,0,9.1,,,0,,,7.3,10,5.4,10,1903,10
2008-04-17T20:00+00:00,5935,0.0,0,8,10,10.0,10,1.0,10,2.5,10,986.7,10,,,88,10,0.0,10,0,10,,,0.0,10,9.0,,,0,9.1,,,0,,,6.4,10,4.2,10,2019,10
2008-04-17T21:00+00:00,5935,0.0,0,3,10,359.0,10,0.7,10,2.2,10,986.3,10,,,90,10,0.0,10,0,10,,,0.0,10,8.9,,,0,9.1,,,0,,,5.8,10,3.4,10,2106,10
2008-04-17T22:00+00:00,5935,0.0,0,347,10,357.0,10,1.0,10,2.8,10,986.2,10,,,90,10,0.0,10,0,10,,,0.0,10,8.8,,,0,9.1,,,0,,,5.8,10,3.2,10,2242,10
2008-04-17T23:00+00:00,5935,0.0,0,358,10,358.0,10,1.1,10,3.0,10,985.7,10,,,90,10,0.0,10,0,10,,,0.0,10,8.7,,,0,9.1,,,0,,,5.7,10,4.0,10,2312,10
2008-04-18T00:00+00:00,5935,0.0,0,9,10,358.0,10,1.3,10,3.3,10,985.2,10,,,90,10,0.0,10,0,10,,,0.0,10,8.6,,,0,9.1,,,0,,,6.0,10,3.7,10,56,10
2008-04-18T01:00+00:00,5935,0.0,0,19,10,20.0,10,1.2,10,3.6,10,985.1,10,,,89,10,0.0,10,0,10,,,0.0,10,8.6,,,0,9.1,,,0,,,6.1,10,4.3,10,132,10
2008-04-18T02:00+00:00,5935,0.0,0,344,10,359.0,10,1.0,10,2.7,10,984.6,10,,,89,10,0.0,10,0,10,,,0.0,10,8.5,,,0,9.0,,,0,,,6.0,10,4.9,10,242,10
2008-04-18T03:00+00:00,5935,0.0,0,329,10,11.0,10,0.8,10,3.0,10,984.6,10,,,91,10,0.0,10,0,10,,,0.0,10,8.5,,,0,9.0,,,0,,,5.2,10,3.1,10,304,10
2008-04-18T04:00+00:00,5935,1.0,0,316,10,306.0,10,1.2,10,3.7,10,984.3,10,,,89,10,0.0,10,0,10,,,0.0,10,8.4,,,0,9.0,,,0,,,5.4,10,4.2,10,452,10
2008-04-18T05:00+00:00,5935,33.0,0,309,10,316.0,10,1.7,10,4.7,10,984.6,10,,,92,10,0.0,10,0,10,,,0.0,10,8.4,,,0,8.9,,,0,,,5.3,10,4.7,10,541,10
2008-04-18T06:00+00:00,5935,70.0,0,301,10,308.0,10,1.9,10,4.3,10,984.8,10,,,89,10,0.0,10,0,10,,,0.0,10,8.4,,,0,8.9,,,0,,,5.9,10,5.6,10,649,10
2008-04-18T07:00+00:00,5935,99.0,0,307,10,308.0,10,1.5,10,3.8,10,984.8,10,,,86,10,0.0,10,0,10,,,0.0,10,8.4,,,0,8.9,,,0,,,6.4,10,7.3,10,702,10
2008-04-18T08:00+00:00,5935,133.0,0,310,10,260.0,10,1.5,10,3.0,10,984.8,10,,,84,10,0.0,10,0,10,,,0.0,10,8.4,,,0,8.9,,,0,,,7.3,10,7.9,10,852,10
2008-04-18T09:00+00:00,5935,431.0,0,330,10,320.0,10,1.6,10,3.8,10,984.5,10,,,77,10,0.0,10,0,10,,,0.3,10,8.5,,,0,8.9,,,0,,,9.6,10,9.3,10,939,10
2008-04-18T10:00+00:00,5935,590.0,0,73,10,91.0,10,1.4,10,3.9,10,983.8,10,,,74,10,0.0,10,0,10,,,0.6,10,8.6,,,0,8.8,,,0,,,11.2,10,14.1,10,1049,10
2008-04-18T11:00+00:00,5935,336.0,0,73,10,105.0,10,1.7,10,4.2,10,983.8,10,,,74,10,0.0,10,0,10,,,0.1,10,8.8,,,0,8.9,,,0,,,11.2,10,13.6,10,1139,10
2008-04-18T12:00+00:00,5935,551.0,0,89,10,68.0,10,1.3,10,5.4,10,983.2,10,,,68,10,0.0,10,0,10,,,0.7,10,9.0,,,0,8.9,,,0,,,12.7,10,13.7,10,1253,10
2008-04-18T13:00+00:00,5935,616.0,0,103,10,89.0,10,1.9,10,5.0,10,982.7,10,,,63,10,0.0,10,0,10,,,1.0,10,9.2,,,0,8.9,,,0,,,14.0,10,14.1,10,1314,10
2008-04-18T14:00+00:00,5935,557.0,0,110,10,105.0,10,2.0,10,5.4,10,982.3,10,,,61,10,0.0,10,0,10,,,1.0,10,9.4,,,0,8.9,,,0,,,15.3,10,15.5,10,1451,10
2008-04-18T15:00+00:00,5935,438.0,0,119,10,113.0,10,2.2,10,6.5,10,981.6,10,,,57,10,0.0,10,0,10,,,1.0,10,9.6,,,0,9.0,,,0,,,17.1,10,15.3,10,1550,10
2008-04-18T16:00+00:00,5935,292.0,0,91,10,86.0,10,2.8,10,6.1,10,980.9,10,,,59,10,0.0,10,0,10,,,1.0,10,9.7,,,0,9.1,,,0,,,17.4,10,14.7,10,1610,10
2008-04-18T17:00+00:00,5935,60.0,0,120,10,134.0,10,2.3,10,6.5,10,980.7,10,,,58,10,0.0,10,0,10,,,0.1,10,9.8,,,0,9.1,,,0,,,17.3,10,13.4,10,1741,10
2008-04-18T18:00+00:00,5935,9.0,0,161,10,179.0,10,3.2,10,8.8,10,981.0,10,,,62,10,0.0,10,0,10,,,0.0,10,9.9,,,0,9.2,,,0,,,16.4,10,12.5,10,1818,10
2008-04-18T19:00+00:00,5935,0.0,0,140,10,139.0,10,2.3,10,5.6,10,980.8,10,,,66,10,0.0,10,0,10,,,0.0,10,9.9,,,0,9.3,,,0,,,15.3,10,11.6,10,1955,10
2008-04-18T20:00+00:00,5935,0.0,0,148,10,154.0,10,2.7,10,6.5,10,980.5,10,,,69,10,0.0,10,0,10,,,0.0,10,9.9,,,0,9.3,,,0,,,14.4,10,10.8,10,2005,10
2008-04-18T21:00+00:00,5935,0.0,0,129,10,164.0,10,2.4,10,6.9,10,979.9,10,,,76,10,0.0,10,0,10,,,0.0,10,9.9,,,0,9.4,,,0,,,13.6,10,10.2,10,2155,10
2008-04-18T22:00+00:00,5935,0.0,0,137,10,150.0,10,2.1,10,6.8,10,979.3,10,,,76,10,0.0,10,0,10,,,0.0,10,9.9,,,0,9.4,,,0,,,13.1,10,9.3,10,2257,10
2008-04-18T23:00+00:00,5935,0.0,0,160,10,130.0,10,2.8,10,7.7,10,978.6,10,,,73,10,0.0,10,0,10,,,0.0,10,9.9,,,0,9.4,,,0,,,12.4,10,9.0,10,2306,10
2008-04-19T00:00+00:00,5935,0.0,0,169,10,181.0,10,2.3,10,8.6,10,977.8,10,,,74,10,0.0,10,0,10,,,0.0,10,9.9,,,0,9.5,,,0,,,11.6,10,8.4,10,9,10
2008-04-19T01:00+00:00,5935,0.0,0,172,10,184.0,10,2.4,10,6.7,10,976.9,10,,,72,10,0.0,10,0,10,,,0.0,10,9.8,,,0,9.5,,,0,,,11.7,10,8.4,10,144,10
2008-04-19T02:00+00:00,5935,0.0,0,179,10,175.0,10,2.8,10,7.0,10,976.4,10,,,71,10,0.0,10,0,10,,,0.0,10,9.8,,,0,9.5,,,0,,,11.8,10,8.8,10,203,10
2008-04-19T03:00+00:00,5935,0.0,0,186,10,168.0,10,2.0,10,5.7,10,976.2,10,,,71,10,0.0,10,0,10,,,0.0,10,9.8,,,0,9.5,,,0,,,11.8,10,8.8,10,304,10
2008-04-19T04:00+00:00,5935,0.0,0,182,10,159.0,10,1.3,10,3.9,10,976.3,10,,,71,10,0.0,10,0,10,,,0.0,10,9.7,,,0,9.5,,,0,,,11.8,10,8.5,10,409,10
2008-04-19T05:00+00:00,5935,34.0,0,173,10,176.0,10,1.0,10,3.5,10,976.6,10,,,69,10,0.0,10,0,10,,,0.0,10,9.7,,,0,9.5,,,0,,,12.2,10,8.3,10,559,10
2008-04-19T06:00+00:00,5935,185.0,0,180,10,188.0,10,2.4,10,7.1,10,976.6,10,,,61,10,0.0,10,0,10,,,0.6,10,9.7,,,0,9.5,,,0,,,14.5,10,9.4,10,646,10
2008-04-19T07:00+00:00,5935,282.0,0,186,10,189.0,10,3.6,10,9.2,10,976.3,10,,,59,10,0.0,10,0,10,,,0.7,10,9.7,,,0,9.5,,,0,,,15.2,10,12.5,10,723,10
2008-04-19T08:00+00:00,5935,307.0,0,193,10,197.0,10,4.4,10,11.3,10,976.6,10,,,61,10,0.0,10,0,10,,,0.3,10,9.8,,,0,9.5,,,0,,,15.0,10,13.6,10,825,10
2008-04-19T09:00+00:00,5935,253.0,0,198,10,206.0,10,3.5,10,9.0,10,976.6,10,,,62,10,0.0,10,0,10,,,0.0,10,9.9,,,0,9.5,,,0,,,15.1,10,13.8,10,916,10
2008-04-19T10:00+00:00,5935,401.0,0,203,10,197.0,10,2.6,10,6.5,10,977.0,10,,,58,10,0.0,10,0,10,,,0.4,10,10.0,,,0,9.5,,,0,,,16.5,10,15.1,10,1010,10
2008-04-19T11:00+00:00,5935,358.0,0,187,10,165.0,10,1.5,10,3.7,10,977.7,10,,,57,10,0.0,10,0,10,,,0.0,10,10.1,,,0,9.6,,,0,,,17.3,10,16.6,10,1103,10
2008-04-19T12:00+00:00,5935,263.0,0,314,10,304.0,10,2.3,10,6.1,10,978.9,10,,,61,10,0.0,10,0,10,,,0.1,10,10.3,,,0,9.6,,,0,,,16.5,10,15.2,10,1226,10
2008-04-19T13:00+00:00,5935,361.0,0,324,10,307.0,10,2.5,10,7.4,10,979.6,10,,,56,10,0.0,10,0,10,,,0.3,10,10.4,,,0,9.6,,,0,,,17.1,10,14.8,10,1340,10
2008-04-19T14:00+00:00,5935,369.0,0,306,10,300.0,10,3.4,10,10.5,10,980.8,10,,,64,10,0.0,10,0,10,,,0.4,10,10.5,,,0,9.7,,,0,,,16.1,10,13.6,10,1420,10
2008-04-19T15:00+00:00,5935,529.0,0,306,10,292.0,10,3.1,10,11.2,10,981.4,10,,,51,10,0.0,10,0,10,,,1.0,10,10.6,,,0,9.7,,,0,,,17.8,10,16.3,10,1535,10
2008-04-19T16:00+00:00,5935,311.0,0,265,10,282.0,10,4.5,10,11.7,10,982.7,10,,,56,10,0.0,10,0,10,,,1.0,10,10.7,,,0,9.8,,,0,,,16.2,10,12.9,10,1603,10
2008-04-19T17:00+00:00,5935,108.0,0,254,10,277.0,10,3.9,10,9.3,10,983.4,10,,,60,10,0.0,10,0,10,,,0.4,10,10.7,,,0,9.8,,,0,,,15.1,10,12.5,10,1725,10
2008-04-19T18:00+00:00,5935,18.0,0,261,10,242.0,10,3.1,10,7.4,10,984.4,10,,,62,10,0.0,10,0,10,,,0.0,10,10.7,,,0,9.9,,,0,,,14.0,10,10.3,10,1809,10
2008-04-19T19:00+00:00,5935,0.0,0,252,10,252.0,10,2.7,10,7.3,10,985.4,10,,,68,10,0.0,10,0,10,,,0.0,10,10.6,,,0,9.9,,,0,,,13.0,10,8.9,10,1901,10
2008-04-19T20:00+00:00,5935,0.0,0,258,10,283.0,10,2.2,10,6.5,10,985.7,10,,,69,10,0.0,10,0,10,,,0.0,10,10.6,,,0,10.0,,,0,,,12.4,10,8.1,10,2023,10
2008-04-19T21:00+00:00,5935,0.0,0,247,10,273.0,10,1.9,10,4.7,10,986.1,10,,,71,10,0.0,10,0,10,,,0.0,10,10.5,,,0,10.0,,,0,,,11.8,10,7.2,10,2149,10
2008-04-19T22:00+00:00,5935,0.0,0,260,10,264.0,10,2.1,10,7.3,10,986.5,10,,,70,10,0.0,10,0,10,,,0.0,10,10.4,,,0,10.0,,,0,,,11.9,10,7.2,10,2250,10
2008-04-19T23:00+00:00,5935,0.0,0,261,10,233.0,10,2.2,10,5.9,10,986.9,10,,,70,10,0.0,10,0,10,,,0.0,10,10.3,,,0,10.0,,,0,,,11.6,10,7.9,10,2326,10
2008-04-20T00:00+00:00,5935,0.0,0,241,10,234.0,10,1.3,10,4.2,10,987.1,10,,,74,10,0.0,10,0,10,,,0.0,10,10.3,,,0,10.0,,,0,,,10.3,10,6.1,10,1,10
2008-04-20T01:00+00:00,5935,0.0,0,253,10,234.0,10,1.2,10,3.0,10,987.2,10,,,76,10,0.0,10,0,10,,,0.0,10,10.2,,,0,10.0,,,0,,,10.1,10,6.1,10,111,10
2008-04-20T02:00+00:00,5935,0.0,0,315,10,313.0,10,0.3,10,2.1,10,987.6,10,,,84,10,0.0,10,0,10,,,0.0,10,10.1,,,0,10.0,,,0,,,8.0,10,4.8,10,228,10
2008-04-20T03:00+00:00,5935,0.0,0,42,10,33.0,10,0.5,10,1.6,10,987.8,10,,,90,10,0.0,10,0,10,,,0.0,10,9.9,,,0,9.9,,,0,,,6.8,10,4.0,10,353,10
2008-04-20T04:00+00:00,5935,2.0,0,49,10,56.0,10,0.1,10,2.0,10,988.2,10,,,92,10,0.0,10,0,10,,,0.0,10,9.8,,,0,9.9,,,0,,,6.1,10,3.4,10,457,10
2008-04-20T05:00+00:00,5935,63.0,0,0,10,59.0,10,0.0,10,1.7,10,988.7,10,,,89,10,0.0,10,0,10,,,0.8,10,9.7,,,0,9.9,,,0,,,7.9,10,3.6,10,600,10
2008-04-20T06:00+00:00,5935,224.0,0,327,10,301.0,10,0.6,10,2.5,10,988.7,10,,,77,10,0.0,10,0,10,,,1.0,10,9.6,,,0,9.8,,,0,,,11.2,10,5.3,10,640,10
2008-04-20T07:00+00:00,5935,394.0,0,360,10,300.0,10,0.9,10,2.8,10,989.2,10,,,67,10,0.0,10,0,10,,,1.0,10,9.6,,,0,9.8,,,0,,,13.4,10,10.1,10,734,10
2008-04-20T08:00+00:00,5935,563.0,0,339,10,354.0,10,1.5,10,4.5,10,989.2,10,,,55,10,0.0,10,0,10,,,1.0,10,9.7,,,0,9.8,,,0,,,14.8,10,13.7,10,857,10
2008-04-20T09:00+00:00,5935,704.0,0,322,10,359.0,10,1.3,10,5.2,10,989.4,10,,,53,10,0.0,10,0,10,,,1.0,10,9.8,,,0,9.7,,,0,,,15.8,10,15.5,10,944,10
2008-04-20T10:00+00:00,5935,794.0,0,355,10,44.0,10,1.2,10,4.5,10,989.1,10,,,50,10,0.0,10,0,10,,,1.0,10,10.0,,,0,9.7,,,0,,,16.8,10,17.8,10,1006,10
2008-04-20T11:00+00:00,5935,831.0,0,30,10,56.0,10,1.1,10,4.9,10,989.1,10,,,49,10,0.0,10,0,10,,,1.0,10,10.2,,,0,9.7,,,0,,,17.5,10,18.5,10,1143,10
2008-04-20T12:00+00:00,5935,832.0,0,79,10,89.0,10,0.5,10,4.5,10,989.0,10,,,48,10,0.0,10,0,10,,,1.0,10,10.4,,,0,9.8,,,0,,,18.4,10,16.5,10,1202,10
2008-04-20T13:00+00:00,5935,770.0,0,49,10,80.0,10,1.3,10,6.1,10,988.9,10,,,46,10,0.0,10,0,10,,,1.0,10,10.7,,,0,9.8,,,0,,,18.7,10,19.0,10,1356,10
2008-04-20T14:00+00:00,5935,468.0,0,76,10,53.0,10,3.0,10,7.6,10,988.9,10,,,49,10,0.0,10,0,10,,,0.7,10,10.9,,,0,9.9,,,0,,,18.4,10,16.2,10,1450,10
2008-04-20T15:00+00:00,5935,416.0,0,66,10,44.0,10,3.1,10,7.6,10,988.6,10,,,50,10,0.0,10,0,10,,,0.8,10,11.0,,,0,9.9,,,0,,,18.3,10,16.3,10,1553,10
2008-04-20T16:00+00:00,5935,300.0,0,63,10,69.0,10,3.6,10,7.4,10,988.8,10,,,51,10,0.0,10,0,10,,,1.0,10,11.1,,,0,10.0,,,0,,,17.6,10,14.6,10,1601,10
2008-04-20T17:00+00:00,5935,146.0,0,54,10,44.0,10,3.7,10,7.8,10,988.7,10,,,55,10,0.0,10,0,10,,,1.0,10,11.1,,,0,10.1,,,0,,,16.2,10,13.9,10,1709,10
2008-04-20T18:00+00:00,5935,26.0,0,55,10,53.0,10,3.5,10,8.1,10,989.7,10,,,62,10,0.0,10,0,10,,,0.3,10,11.1,,,0,10.2,,,0,,,14.1,10,11.7,10,1819,10
2008-04-20T19:00+00:00,5935,0.0,0,53,10,56.0,10,2.7,10,5.7,10,989.9,10,,,66,10,0.0,10,0,10,,,0.0,10,11.0,,,0,10.2,,,0,,,12.8,10,10.2,10,2000,10
2008-04-20T20:00+00:00,5935,0.0,0,50,10,69.0,10,2.5,10,5.1,10,990.2,10,,,70,10,0.0,10,0,10,,,0.0,10,10.9,,,0,10.2,,,0,,,11.7,10,9.4,10,2038,10
2008-04-20T21:00+00:00,5935,0.0,0,17,10,73.0,10,0.8,10,3.5,10,990.1,10,,,77,10,0.0,10,0,10,,,0.0,10,10.8,,,0,10.3,,,0,,,10.1,10,7.1,10,2109,10
2008-04-20T22:00+00:00,5935,0.0,0,353,10,10.0,10,1.1,10,2.8,10,990.2,10,,,81,10,0.0,10,0,10,,,0.0,10,10.7,,,0,10.3,,,0,,,9.3,10,7.1,10,2216,10
2008-04-20T23:00+00:00,5935,0.0,0,353,10,359.0,10,1.2,10,3.0,10,989.9,10,,,83,10,0.0,10,0,10,,,0.0,10,10.6,,,0,10.3,,,0,,,8.6,10,6.8,10,2313,10
2008-04-21T00:00+00:00,5935,0.0,0,352,10,21.0,10,1.0,10,3.0,10,989.6,10,,,85,10,0.0,10,0,10,,,0.0,10,10.5,,,0,10.3,,,0,,,8.1,10,6.4,10,9,10
2008-04-21T01:00+00:00,5935,0.0,0,8,10,30.0,10,1.1,10,2.9,10,989.1,10,,,87,10,0.0,10,0,10,,,0.0,10,10.4,,,0,10.3,,,0,,,7.8,10,6.0,10,143,10
2008-04-21T02:00+00:00,5935,0.0,0,357,10,334.0,10,0.9,10,2.7,10,988.4,10,,,89,10,0.0,10,0,10,,,0.0,10,10.3,,,0,10.2,,,0,,,7.4,10,5.5,10,258,10
2008-04-21T03:00+00:00,5935,0.0,0,352,10,351.0,10,0.5,10,2.3,10,988.1,10,,,90,10,0.0,10,0,10,,,0.0,10,10.2,,,0,10.2,,,0,,,7.0,10,4.7,10,306,10
2008-04-21T04:00+00:00,5935,2.0,0,339,10,329.0,10,0.4,10,1.6,10,987.7,10,,,91,10,0.0,10,0,10,,,0.0,10,10.1,,,0,10.2,,,0,,,6.6,10,4.3,10,425,10
2008-04-21T05:00+00:00,5935,59.0,0,355,10,350.0,10,0.4,10,1.9,10,987.6,10,,,89,10,0.0,10,0,10,,,0.6,10,9.9,,,0,10.2,,,0,,,7.5,10,4.3,10,540,10
2008-04-21T06:00+00:00,5935,145.0,0,20,10,22.0,10,1.0,10,2.1,10,987.5,10,,,84,10,0.0,10,0,10,,,0.7,10,9.9,,,0,10.1,,,0,,,8.6,10,7.1,10,625,10
2008-04-21T07:00+00:00,5935,315.0,0,81,10,90.0,10,0.8,10,3.8,10,987.3,10,,,75,10,0.0,10,0,10,,,1.0,10,9.9,,,0,10.1,,,0,,,11.2,10,9.1,10,755,10
2008-04-21T08:00+00:00,5935,528.0,0,122,10,114.0,10,2.0,10,5.5,10,986.7,10,,,69,10,0.0,10,0,10,,,1.0,10,10.0,,,0,10.0,,,0,,,14.3,10,12.2,10,838,10
2008-04-21T09:00+00:00,5935,662.0,0,126,10,104.0,10,3.4,10,9.0,10,986.2,10,,,64,10,0.0,10,0,10,,,1.0,10,10.1,,,0,10.0,,,0,,,16.4,10,15.3,10,956,10
2008-04-21T10:00+00:00,5935,675.0,0,120,10,141.0,10,3.6,10,9.2,10,985.5,10,,,62,10,0.0,10,0,10,,,1.0,10,10.3,,,0,10.0,,,0,,,17.7,10,18.0,10,1041,10
2008-04-21T11:00+00:00,5935,624.0,0,113,10,106.0,10,3.8,10,10.1,10,984.6,10,,,59,10,0.0,10,0,10,,,0.9,10,10.5,,,0,10.0,,,0,,,18.9,10,18.0,10,1156,10
2008-04-21T12:00+00:00,5935,698.0,0,108,10,112.0,10,4.0,10,10.5,10,983.8,10,,,55,10,0.0,10,0,10,,,0.9,10,10.8,,,0,10.1,,,0,,,19.9,10,18.0,10,1230,10
2008-04-21T13:00+00:00,5935,636.0,0,108,10,119.0,10,4.0,10,10.4,10,982.5,10,,,50,10,0.0,10,0,10,,,1.0,10,11.1,,,0,10.1,,,0,,,21.5,10,18.4,10,1310,10
2008-04-21T14:00+00:00,5935,384.0,0,111,10,149.0,10,3.9,10,11.9,10,981.5,10,,,47,10,0.0,10,0,10,,,0.7,10,11.5,,,0,10.2,,,0,,,21.7,10,20.1,10,1413,10
2008-04-21T15:00+00:00,5935,201.0,0,100,10,100.0,10,3.7,10,9.9,10,981.2,10,,,49,10,0.0,10,0,10,,,0.0,10,11.6,,,0,10.3,,,0,,,21.1,10,19.1,10,1504,10
2008-04-21T16:00+00:00,5935,96.0,0,99,10,120.0,10,3.7,10,9.9,10,980.6,10,,,50,10,0.0,10,0,10,,,0.0,10,11.7,,,0,10.4,,,0,,,20.4,10,17.8,10,1620,10
2008-04-21T17:00+00:00,5935,46.0,0,88,10,92.0,10,4.4,10,9.9,10,979.9,10,,,49,10,0.0,10,0,10,,,0.0,10,11.8,,,0,10.5,,,0,,,19.9,10,17.1,10,1718,10
2008-04-21T18:00+00:00,5935,3.0,0,91,10,92.0,10,4.5,10,11.1,10,980.1,10,,,51,10,0.0,10,1,10,,,0.0,10,11.8,,,0,10.5,,,0,,,19.2,10,15.6,10,1815,10
2008-04-21T19:00+00:00,5935,0.0,0,169,10,203.0,10,3.2,10,10.5,10,982.1,10,,,91,10,9.2,10,60,10,,,0.0,10,11.8,,,0,10.6,,,0,,,12.4,10,12.4,10,1922,10
2008-04-21T20:00+00:00,5935,0.0,0,107,10,59.0,10,1.5,10,6.3,10,981.2,10,,,94,10,9.8,10,60,10,,,0.0,10,11.8,,,0,11.0,,,0,,,11.3,10,11.4,10,2050,10
2008-04-21T21:00+00:00,5935,0.0,0,75,10,69.0,10,2.9,10,6.5,10,981.4,10,,,93,10,1.4,10,46,10,,,0.0,10,11.9,,,0,10.9,,,0,,,11.3,10,11.1,10,2102,10
2008-04-21T22:00+00:00,5935,0.0,0,106,10,109.0,10,1.5,10,4.9,10,981.4,10,,,91,10,0.0,10,0,10,,,0.0,10,11.9,,,0,11.0,,,0,,,11.4,10,10.9,10,2259,10
2008-04-21T23:00+00:00,5935,0.0,0,114,10,104.0,10,2.3,10,7.1,10,981.2,10,,,92,10,0.0,10,0,10,,,0.0,10,11.9,,,0,11.1,,,0,,,11.5,10,11.3,10,2320,10
2008-04-22T00:00+00:00,5935,0.0,0,113,10,142.0,10,1.2,10,3.9,10,980.8,10,,,92,10,0.0,10,0,10,,,0.0,10,11.8,,,0,11.1,,,0,,,10.7,10,9.3,10,2,10
2008-04-22T01:00+00:00,5935,0.0,0,96,10,114.0,10,1.3,10,3.8,10,980.7,10,,,91,10,0.0,10,0,10,,,0.0,10,11.7,,,0,11.1,,,0,,,10.5,10,9.0,10,152,10
2008-04-22T02:00+00:00,5935,0.0,0,105,10,95.0,10,2.1,10,5.7,10,980.5,10,,,92,10,0.0,10,0,10,,,0.0,10,11.6,,,0,11.1,,,0,,,11.0,10,9.1,10,225,10
2008-04-22T03:00+00:00,5935,0.0,0,121,10,86.0,10,1.8,10,5.0,10,980.2,10,,,90,10,0.0,10,0,10,,,0.0,10,11.5,,,0,11.1,,,0,,,10.8,10,10.4,10,330,10
2008-04-22T04:00+00:00,5935,1.0,0,132,10,116.0,10,1.7,10,5.6,10,980.1,10,,,90,10,0.0,10,0,10,,,0.0,10,11.5,,,0,11.1,,,0,,,10.5,10,10.2,10,419,10
2008-04-22T05:00+00:00,5935,35.0,0,126,10,141.0,10,1.7,10,4.7,10,980.3,10,,,90,10,0.0,10,0,10,,,0.0,10,11.4,,,0,11.0,,,0,,,10.0,10,10.0,10,517,10
2008-04-22T06:00+00:00,5935,60.0,0,120,10,103.0,10,1.6,10,4.6,10,980.6,10,,,87,10,0.0,10,0,10,,,0.0,10,11.4,,,0,11.0,,,0,,,10.1,10,10.3,10,643,10
2008-04-22T07:00+00:00,5935,130.0,0,129,10,171.0,10,1.3,10,3.7,10,980.7,10,,,83,10,0.0,10,0,10,,,0.0,10,11.4,,,0,11.0,,,0,,,11.0,10,10.2,10,734,10
2008-04-22T08:00+00:00,5935,429.0,0,156,10,179.0,10,1.4,10,4.2,10,981.2,10,,,74,10,0.0,10,0,10,,,0.6,10,11.4,,,0,11.0,,,0,,,12.8,10,12.4,10,829,10
2008-04-22T09:00+00:00,5935,529.0,0,134,10,163.0,10,1.2,10,4.6,10,981.5,10,,,67,10,0.0,10,0,10,,,0.7,10,11.5,,,0,11.0,,,0,,,14.5,10,15.6,10,944,10
2008-04-22T10:00+00:00,5935,709.0,0,181,10,137.0,10,0.7,10,4.1,10,981.4,10,,,61,10,0.0,10,0,10,,,0.8,10,11.7,,,0,11.0,,,0,,,16.1,10,17.9,10,1016,10
2008-04-22T11:00+00:00,5935,441.0,0,48,10,16.0,10,1.3,10,4.4,10,981.5,10,,,62,10,0.0,10,0,10,,,0.4,10,11.8,,,0,11.0,,,0,,,16.5,10,17.5,10,1156,10
2008-04-22T12:00+00:00,5935,315.0,0,31,10,51.0,10,2.3,10,5.3,10,981.7,10,,,59,10,0.0,10,0,10,,,0.2,10,12.0,,,0,11.0,,,0,,,17.3,10,16.6,10,1249,10
2008-04-22T13:00+00:00,5935,311.0,0,54,10,65.0,10,2.8,10,6.6,10,981.7,10,,,57,10,0.0,10,0,10,,,0.2,10,12.1,,,0,11.0,,,0,,,17.2,10,16.3,10,1320,10
2008-04-22T14:00+00:00,5935,103.0,0,55,10,257.0,10,2.1,10,9.9,10,982.3,10,,,64,10,0.0,10,0,10,,,0.0,10,12.3,,,0,11.1,,,0,,,15.5,10,14.7,10,1458,10
2008-04-22T15:00+00:00,5935,36.0,0,270,10,264.0,10,2.7,10,8.2,10,983.3,10,,,74,10,0.0,10,0,10,,,0.0,10,12.3,,,0,11.2,,,0,,,12.5,10,12.0,10,1600,10
2008-04-22T16:00+00:00,5935,11.0,0,289,10,298.0,10,2.6,10,6.1,10,984.1,10,,,79,10,0.0,10,0,10,,,0.0,10,12.3,,,0,11.2,,,0,,,12.2,10,11.4,10,1624,10
2008-04-22T17:00+00:00,5935,3.0,0,300,10,305.0,10,2.8,10,6.3,10,985.0,10,,,90,10,1.9,10,57,10,,,0.0,10,12.2,,,0,11.3,,,0,,,11.0,10,10.5,10,1751,10
2008-04-22T18:00+00:00,5935,0.0,0,322,10,298.0,10,2.8,10,6.8,10,986.3,10,,,91,10,1.7,10,60,10,,,0.0,10,12.1,,,0,11.3,,,0,,,10.3,10,10.0,10,1858,10
2008-04-22T19:00+00:00,5935,0.0,0,316,10,313.0,10,1.9,10,5.9,10,987.3,10,,,91,10,1.1,10,51,10,,,0.0,10,12.0,,,0,11.3,,,0,,,10.0,10,9.8,10,1908,10
2008-04-22T20:00+00:00,5935,0.0,0,342,10,318.0,10,1.3,10,5.3,10,988.2,10,,,89,10,0.0,10,0,10,,,0.0,10,11.9,,,0,11.3,,,0,,,10.1,10,9.6,10,2026,10
2008-04-22T21:00+00:00,5935,0.0,0,340,10,321.0,10,1.4,10,5.2,10,988.8,10,,,86,10,0.0,10,0,10,,,0.0,10,11.8,,,0,11.3,,,0,,,9.5,10,9.2,10,2152,10
2008-04-22T22:00+00:00,5935,0.0,0,332,10,4.0,10,2.1,10,6.1,10,989.2,10,,,83,10,0.0,10,0,10,,,0.0,10,11.8,,,0,11.3,,,0,,,9.1,10,8.4,10,2226,10
2008-04-22T23:00+00:00,5935,0.0,0,336,10,7.0,10,1.9,10,5.2,10,989.9,10,,,80,10,0.0,10,0,10,,,0.0,10,11.7,,,0,11.3,,,0,,,9.1,10,8.3,10,2321,10
2008-04-23T00:00+00:00,5935,0.0,0,313,10,315.0,10,2.0,10,5.0,10,990.1,10,,,80,10,0.0,10,0,10,,,0.0,10,11.6,,,0,11.3,,,0,,,9.1,10,8.3,10,16,10
2008-04-23T01:00+00:00,5935,0.0,0,303,10,313.0,10,2.1,10,5.1,10,990.5,10,,,79,10,0.0,10,0,10,,,0.0,10,11.5,,,0,11.3,,,0,,,9.0,10,8.2,10,108,10
2008-04-23T02:00+00:00,5935,0.0,0,303,10,329.0,10,2.7,10,6.0,10,990.9,10,,,78,10,0.0,10,0,10,,,0.0,10,11.4,,,0,11.2,,,0,,,9.2,10,8.2,10,226,10
2008-04-23T03:00+00:00,5935,0.0,0,306,10,291.0,10,2.6,10,6.0,10,991.3,10,,,78,10,0.0,10,0,10,,,0.0,10,11.3,,,0,11.2,,,0,,,9.3,10,8.3,10,321,10
2008-04-23T04:00+00:00,5935,1.0,0,311,10,337.0,10,2.7,10,6.6,10,991.8,10,,,77,10,0.0,10,0,10,,,0.0,10,11.3,,,0,11.2,,,0,,,9.4,10,8.4,10,453,10
2008-04-23T05:00+00:00,5935,15.0,0,307,10,296.0,10,2.9,10,6.6,10,992.6,10,,,76,10,0.0,10,0,10,,,0.0,10,11.2,,,0,11.1,,,0,,,9.5,10,8.4,10,558,10
2008-04-23T06:00+00:00,5935,31.0,0,317,10,313.0,10,2.4,10,5.7,10,993.6,10,,,74,10,0.0,10,0,10,,,0.0,10,11.1,,,0,11.1,,,0,,,9.7,10,8.7,10,652,10
2008-04-23T07:00+00:00,5935,68.0,0,333,10,354.0,10,2.2,10,6.1,10,994.4,10,,,71,10,0.0,10,0,10,,,0.0,10,11.1,,,0,11.1,,,0,,,10.0,10,9.1,10,703,10
2008-04-23T08:00+00:00,5935,158.0,0,323,10,347.0,10,2.8,10,8.2,10,995.1,10,,,66,10,0.0,10,0,10,,,0.0,10,11.0,,,0,11.1,,,0,,,10.7,10,9.7,10,845,10
2008-04-23T09:00+00:00,5935,152.0,0,329,10,323.0,10,2.9,10,7.7,10,996.1,10,,,65,10,0.0,10,0,10,,,0.0,10,11.0,,,0,11.0,,,0,,,10.8,10,10.9,10,943,10
2008-04-23T10:00+00:00,5935,150.0,0,341,10,345.0,10,2.8,10,7.7,10,996.7,10,,,63,10,0.0,10,0,10,,,0.0,10,11.1,,,0,11.0,,,0,,,11.3,10,10.9,10,1055,10
2008-04-23T11:00+00:00,5935,257.0,0,343,10,349.0,10,3.2,10,8.8,10,996.9,10,,,59,10,0.0,10,0,10,,,0.0,10,11.1,,,0,11.0,,,0,,,12.4,10,11.3,10,1133,10
2008-04-23T12:00+00:00,5935,81.0,0,313,10,303.0,10,2.8,10,8.3,10,997.7,10,,,74,10,0.7,10,25,10,,,0.0,10,11.1,,,0,11.0,,,0,,,11.0,10,9.3,10,1232,10
2008-04-23T13:00+00:00,5935,271.0,0,299,10,256.0,10,2.7,10,7.6,10,997.9,10,,,68,10,0.0,10,12,10,,,0.0,10,11.1,,,0,11.0,,,0,,,12.3,10,10.7,10,1327,10
2008-04-23T14:00+00:00,5935,185.0,0,291,10,265.0,10,2.7,10,6.3,10,998.3,10,,,70,10,0.0,10,18,10,,,0.0,10,11.2,,,0,11.0,,,0,,,12.3,10,10.8,10,1424,10
2008-04-23T15:00+00:00,5935,217.0,0,293,10,308.0,10,2.2,10,5.8,10,998.8,10,,,73,10,0.2,10,13,10,,,0.2,10,11.3,,,0,11.0,,,0,,,13.1,10,11.4,10,1526,10
2008-04-23T16:00+00:00,5935,268.0,0,299,10,302.0,10,2.1,10,5.7,10,999.1,10,,,64,10,0.0,10,0,10,,,0.5,10,11.4,,,0,11.0,,,0,,,13.7,10,12.7,10,1622,10
2008-04-23T17:00+00:00,5935,132.0,0,295,10,313.0,10,2.2,10,6.6,10,999.8,10,,,67,10,0.0,10,0,10,,,0.2,10,11.4,,,0,11.0,,,0,,,12.9,10,11.5,10,1756,10
2008-04-23T18:00+00:00,5935,32.0,0,299,10,304.0,10,2.2,10,5.7,10,1000.7,10,,,72,10,0.0,10,0,10,,,0.0,10,11.5,,,0,11.0,,,0,,,11.7,10,9.7,10,1808,10
2008-04-23T19:00+00:00,5935,0.0,0,294,10,306.0,10,1.4,10,3.2,10,1001.7,10,,,74,10,0.0,10,0,10,,,0.0,10,11.4,,,0,11.0,,,0,,,10.6,10,7.8,10,1953,10
2008-04-23T20:00+00:00,5935,0.0,0,301,10,303.0,10,1.7,10,4.2,10,1002.3,10,,,75,10,0.0,10,0,10,,,0.0,10,11.3,,,0,11.0,,,0,,,9.9,10,7.4,10,2028,10
2008-04-23T21:00+00:00,5935,0.0,0,307,10,293.0,10,1.3,10,3.7,10,1003.0,10,,,78,10,0.0,10,0,10,,,0.0,10,11.2,,,0,11.0,,,0,,,9.0,10,6.4,10,2158,10
2008-04-23T22:00+00:00,5935,0.0,0,303,10,308.0,10,1.5,10,4.2,10,1003.4,10,,,78,10,0.0,10,0,10,,,0.0,10,11.1,,,0,11.0,,,0,,,8.6,10,6.3,10,2209,10
2008-04-23T23:00+00:00,5935,0.0,0,308,10,308.0,10,1.5,10,3.7,10,1003.8,10,,,78,10,0.0,10,0,10,,,0.0,10,10.9,,,0,11.0,,,0,,,8.4,10,6.1,10,2326,10
2008-04-24T00:00+00:00,5935,0.0,0,292,10,296.0,10,1.6,10,4.0,10,1003.9,10,,,83,10,0.0,10,0,10,,,0.0,10,10.8,,,0,11.0,,,0,,,7.5,10,5.5,10,26,10
2008-04-24T01:00+00:00,5935,0.0,0,289,10,300.0,10,1.5,10,4.5,10,1004.0,10,,,85,10,0.0,10,0,10,,,0.0,10,10.7,,,0,10.9,,,0,,,7.2,10,5.2,10,106,10
2008-04-24T02:00+00:00,5935,0.0,0,299,10,302.0,10,1.6,10,4.3,10,1004.0,10,,,84,10,0.0,10,0,10,,,0.0,10,10.5,,,0,10.9,,,0,,,7.3,10,4.7,10,249,10
2008-04-24T03:00+00:00,5935,0.0,0,306,10,300.0,10,1.6,10,4.0,10,1004.2,10,,,83,10,0.0,10,0,10,,,0.0,10,10.4,,,0,10.9,,,0,,,7.0,10,5.2,10,311,10
2008-04-24T04:00+00:00,5935,2.0,0,303,10,281.0,10,1.9,10,4.9,10,1004.6,10,,,82,10,0.0,10,0,10,,,0.0,10,10.3,,,0,10.8,,,0,,,7.0,10,5.1,10,450,10
2008-04-24T05:00+00:00,5935,69.0,0,301,10,292.0,10,2.0,10,4.9,10,1005.3,10,,,79,10,0.0,10,0,10,,,0.8,10,10.2,,,0,10.8,,,0,,,7.9,10,5.3,10,509,10
2008-04-24T06:00+00:00,5935,231.0,0,306,10,311.0,10,1.9,10,4.6,10,1005.8,10,,,72,10,0.0,10,0,10,,,1.0,10,10.2,,,0,10.7,,,0,,,9.8,10,7.0,10,644,10
2008-04-24T07:00+00:00,5935,406.0,0,306,10,295.0,10,2.5,10,5.9,10,1006.2,10,,,64,10,0.0,10,0,10,,,1.0,10,10.1,,,0,10.6,,,0,,,11.6,10,10.7,10,723,10
2008-04-24T08:00+00:00,5935,569.0,0,306,10,331.0,10,2.3,10,4.6,10,1006.4,10,,,54,10,0.0,10,0,10,,,1.0,10,10.2,,,0,10.6,,,0,,,12.9,10,14.9,10,810,10
2008-04-24T09:00+00:00,5935,701.0,0,334,10,277.0,10,1.5,10,5.0,10,1006.5,10,,,47,10,0.0,10,0,10,,,1.0,10,10.4,,,0,10.6,,,0,,,14.0,10,18.8,10,922,10
2008-04-24T10:00+00:00,5935,830.0,0,21,10,56.0,10,1.8,10,5.7,10,1006.1,10,,,41,10,0.0,10,0,10,,,1.0,10,11.0,,,0,10.6,,,0,,,15.0,10,20.7,10,1016,10
2008-04-24T11:00+00:00,5935,786.0,0,18,10,356.0,10,2.0,10,5.3,10,1005.9,10,,,43,10,0.0,10,0,10,,,0.9,10,12.9,,,0,10.7,,,0,,,15.2,10,18.0,10,1105,10
2008-04-24T12:00+00:00,5935,675.0,0,348,10,16.0,10,1.8,10,6.0,10,1005.7,10,,,42,10,0.0,10,0,10,,,0.8,10,14.4,,,0,11.0,,,0,,,15.9,10,15.6,10,1209,10
2008-04-24T13:00+00:00,5935,710.0,0,358,10,62.0,10,1.7,10,5.7,10,1005.1,10,,,40,10,0.0,10,0,10,,,1.0,10,15.8,,,0,11.4,,,0,,,16.7,10,18.4,10,1340,10
2008-04-24T14:00+00:00,5935,659.0,0,28,10,72.0,10,1.7,10,6.1,10,1004.7,10,,,38,10,0.0,10,0,10,,,1.0,10,16.6,,,0,11.9,,,0,,,17.1,10,19.6,10,1448,10
2008-04-24T15:00+00:00,5935,511.0,0,32,10,8.0,10,2.0,10,5.5,10,1004.5,10,,,38,10,0.0,10,0,10,,,1.0,10,16.9,,,0,12.4,,,0,,,17.2,10,18.4,10,1517,10
2008-04-24T16:00+00:00,5935,334.0,0,11,10,29.0,10,0.3,10,3.4,10,1004.4,10,,,38,10,0.0,10,0,10,,,1.0,10,16.8,,,0,12.9,,,0,,,16.8,10,14.4,10,1614,10
2008-04-24T17:00+00:00,5935,145.0,0,323,10,314.0,10,0.7,10,3.5,10,1004.2,10,,,39,10,0.0,10,0,10,,,0.9,10,16.5,,,0,13.1,,,0,,,16.8,10,13.1,10,1708,10
2008-04-24T18:00+00:00,5935,34.0,0,88,10,100.0,10,0.2,10,1.7,10,1004.5,10,,,47,10,0.0,10,0,10,,,0.5,10,16.1,,,0,13.3,,,0,,,14.3,10,10.0,10,1845,10
2008-04-24T19:00+00:00,5935,0.0,0,239,10,258.0,10,0.2,10,1.7,10,1005.1,10,,,65,10,0.0,10,0,10,,,0.0,10,15.7,,,0,13.4,,,0,,,10.5,10,8.6,10,1944,10
2008-04-24T20:00+00:00,5935,0.0,0,0,10,260.0,10,0.0,10,0.9,10,1005.4,10,,,71,10,0.0,10,0,10,,,0.0,10,15.3,,,0,13.5,,,0,,,9.4,10,7.7,10,2012,10
2008-04-24T21:00+00:00,5935,0.0,0,0,10,269.0,10,0.0,10,0.9,10,1005.5,10,,,80,10,0.0,10,0,10,,,0.0,10,14.9,,,0,13.5,,,0,,,8.0,10,7.1,10,2123,10
2008-04-24T22:00+00:00,5935,0.0,0,0,10,68.0,10,0.0,10,1.1,10,1005.6,10,,,85,10,0.0,10,0,10,,,0.0,10,14.5,,,0,13.4,,,0,,,7.0,10,6.7,10,2226,10
2008-04-24T23:00+00:00,5935,0.0,0,0,10,348.0,10,0.0,10,0.9,10,1005.8,10,,,85,10,0.0,10,0,10,,,0.0,10,14.1,,,0,13.4,,,0,,,6.8,10,6.4,10,2321,10
2008-04-25T00:00+00:00,5935,0.0,0,248,10,224.0,10,0.1,10,2.7,10,1005.8,10,,,82,10,0.0,10,0,10,,,0.0,10,13.8,,,0,13.3,,,0,,,8.0,10,6.7,10,21,10
2008-04-25T01:00+00:00,5935,0.0,0,61,10,8.0,10,0.3,10,1.3,10,1005.5,10,,,81,10,0.0,10,0,10,,,0.0,10,13.6,,,0,13.2,,,0,,,8.3,10,7.7,10,116,10
2008-04-25T02:00+00:00,5935,0.0,0,68,10,65.0,10,0.7,10,2.0,10,1005.5,10,,,82,10,0.0,10,0,10,,,0.0,10,13.4,,,0,13.1,,,0,,,7.9,10,7.2,10,229,10
2008-04-25T03:00+00:00,5935,0.0,0,85,10,79.0,10,0.6,10,2.1,10,1005.3,10,,,86,10,0.0,10,0,10,,,0.0,10,13.1,,,0,13.0,,,0,,,6.6,10,6.1,10,301,10
2008-04-25T04:00+00:00,5935,3.0,0,96,10,108.0,10,0.6,10,2.5,10,1005.4,10,,,85,10,0.0,10,0,10,,,0.0,10,12.9,,,0,12.9,,,0,,,6.9,10,5.8,10,419,10
2008-04-25T05:00+00:00,5935,79.0,0,98,10,103.0,10,0.8,10,2.0,10,1005.5,10,,,80,10,0.0,10,0,10,,,0.7,10,12.7,,,0,12.8,,,0,,,8.8,10,6.2,10,501,10
2008-04-25T06:00+00:00,5935,131.0,0,91,10,125.0,10,1.2,10,2.5,10,1005.3,10,,,76,10,0.0,10,0,10,,,0.1,10,12.6,,,0,12.7,,,0,,,10.4,10,9.5,10,614,10
2008-04-25T07:00+00:00,5935,142.0,0,101,10,107.0,10,1.0,10,2.8,10,1005.4,10,,,74,10,0.0,10,0,10,,,0.0,10,12.6,,,0,12.6,,,0,,,11.6,10,11.7,10,758,10
2008-04-25T08:00+00:00,5935,309.0,0,142,10,276.0,10,0.2,10,5.9,10,1005.5,10,,,64,10,0.0,10,0,10,,,0.2,10,12.6,,,0,12.5,,,0,,,14.0,10,12.1,10,848,10
2008-04-25T09:00+00:00,5935,209.0,0,230,10,216.0,10,2.9,10,7.2,10,1005.3,10,,,67,10,0.0,10,31,10,,,0.0,10,12.7,,,0,12.5,,,0,,,13.0,10,13.1,10,915,10
2008-04-25T10:00+00:00,5935,624.0,0,236,10,253.0,10,2.9,10,6.6,10,1004.8,10,,,59,10,0.0,10,0,10,,,0.8,10,12.8,,,0,12.4,,,0,,,16.0,10,15.5,10,1028,10
2008-04-25T11:00+00:00,5935,561.0,0,255,10,267.0,10,3.4,10,10.1,10,1004.4,10,,,58,10,0.0,10,0,10,,,0.6,10,13.0,,,0,12.4,,,0,,,15.7,10,18.1,10,1159,10
2008-04-25T12:00+00:00,5935,351.0,0,267,10,278.0,10,5.3,10,15.9,10,1005.0,10,,,82,10,0.1,10,32,10,,,0.1,10,13.2,,,0,12.4,,,0,,,11.3,10,13.8,10,1258,10
2008-04-25T13:00+00:00,5935,104.0,0,283,10,269.0,10,4.2,10,13.5,10,1006.3,10,,,92,10,3.9,10,60,10,,,0.0,10,13.3,,,0,12.4,,,0,,,9.6,10,10.2,10,1313,10
2008-04-25T14:00+00:00,5935,117.0,0,275,10,296.0,10,2.0,10,6.5,10,1005.7,10,,,87,10,0.3,10,31,10,,,0.0,10,13.2,,,0,12.5,,,0,,,10.3,10,10.3,10,1402,10
2008-04-25T15:00+00:00,5935,143.0,0,284,10,285.0,10,2.0,10,7.7,10,1005.5,10,,,80,10,0.1,10,9,10,,,0.0,10,13.2,,,0,12.5,,,0,,,11.0,10,11.3,10,1547,10
2008-04-25T16:00+00:00,5935,78.0,0,278,10,285.0,10,2.3,10,7.4,10,1005.3,10,,,87,10,0.6,10,23,10,,,0.0,10,13.2,,,0,12.5,,,0,,,10.3,10,10.5,10,1634,10
2008-04-25T17:00+00:00,5935,70.0,0,289,10,317.0,10,1.9,10,4.7,10,1005.2,10,,,82,10,0.0,10,3,10,,,0.1,10,13.1,,,0,12.5,,,0,,,10.3,10,10.5,10,1733,10
2008-04-25T18:00+00:00,5935,11.0,0,300,10,270.0,10,2.0,10,6.4,10,1006.0,10,,,81,10,0.0,10,0,10,,,0.0,10,13.1,,,0,12.5,,,0,,,10.1,10,9.4,10,1833,10
2008-04-25T19:00+00:00,5935,0.0,0,306,10,327.0,10,2.2,10,5.6,10,1006.8,10,,,83,10,0.0,10,9,10,,,0.0,10,13.0,,,0,12.5,,,0,,,9.8,10,9.1,10,1901,10
2008-04-25T20:00+00:00,5935,0.0,0,305,10,316.0,10,2.4,10,6.6,10,1007.3,10,,,83,10,0.1,10,37,10,,,0.0,10,12.9,,,0,12.5,,,0,,,9.2,10,8.6,10,2058,10
2008-04-25T21:00+00:00,5935,0.0,0,300,10,293.0,10,3.0,10,7.0,10,1007.2,10,,,85,10,0.0,10,0,10,,,0.0,10,12.7,,,0,12.5,,,0,,,9.0,10,8.5,10,2149,10
2008-04-25T22:00+00:00,5935,0.0,0,294,10,273.0,10,3.2,10,8.5,10,1007.2,10,,,85,10,0.0,10,0,10,,,0.0,10,12.6,,,0,12.5,,,0,,,8.9,10,8.3,10,2220,10
2008-04-25T23:00+00:00,5935,0.0,0,298,10,318.0,10,3.1,10,7.2,10,1007.2,10,,,85,10,0.0,10,0,10,,,0.0,10,12.5,,,0,12.4,,,0,,,8.9,10,7.9,10,2332,10
2008-04-26T00:00+00:00,5935,0.0,0,295,10,312.0,10,2.7,10,6.0,10,1007.5,10,,,84,10,0.0,10,0,10,,,0.0,10,12.4,,,0,12.4,,,0,,,8.8,10,7.5,10,11,10
2008-04-26T01:00+00:00,5935,0.0,0,294,10,303.0,10,2.8,10,8.0,10,1007.8,10,,,84,10,0.0,10,0,10,,,0.0,10,12.3,,,0,12.4,,,0,,,9.0,10,7.5,10,111,10
2008-04-26T02:00+00:00,5935,0.0,0,302,10,306.0,10,2.9,10,6.5,10,1008.0,10,,,84,10,0.0,10,0,10,,,0.0,10,12.2,,,0,12.3,,,0,,,9.2,10,7.9,10,220,10
2008-04-26T03:00+00:00,5935,0.0,0,305,10,310.0,10,3.0,10,7.2,10,1007.9,10,,,83,10,0.0,10,0,10,,,0.0,10,12.1,,,0,12.3,,,0,,,9.4,10,7.8,10,357,10
2008-04-26T04:00+00:00,5935,3.0,0,310,10,294.0,10,3.0,10,6.7,10,1008.3,10,,,84,10,0.0,10,0,10,,,0.0,10,12.0,,,0,12.2,,,0,,,9.1,10,8.0,10,434,10
2008-04-26T05:00+00:00,5935,48.0,0,304,10,311.0,10,3.0,10,7.3,10,1008.8,10,,,82,10,0.0,10,0,10,,,0.0,10,11.9,,,0,12.2,,,0,,,9.5,10,7.9,10,558,10
2008-04-26T06:00+00:00,5935,86.0,0,304,10,300.0,10,3.1,10,7.7,10,1009.2,10,,,81,10,0.0,10,0,10,,,0.0,10,11.9,,,0,12.1,,,0,,,9.8,10,8.8,10,649,10
2008-04-26T07:00+00:00,5935,165.0,0,304,10,324.0,10,2.9,10,7.5,10,1009.5,10,,,78,10,0.0,10,0,10,,,0.0,10,11.8,,,0,12.1,,,0,,,10.7,10,9.4,10,723,10
2008-04-26T08:00+00:00,5935,467.0,0,301,10,307.0,10,3.6,10,8.9,10,1009.7,10,,,74,10,0.0,10,0,10,,,0.7,10,11.9,,,0,12.0,,,0,,,12.3,10,11.7,10,813,10
2008-04-26T09:00+00:00,5935,656.0,0,299,10,290.0,10,3.9,10,7.9,10,1009.6,10,,,70,10,0.0,10,0,10,,,1.0,10,12.0,,,0,12.0,,,0,,,13.6,10,16.8,10,932,10
2008-04-26T10:00+00:00,5935,615.0,0,301,10,294.0,10,3.4,10,7.9,10,1009.5,10,,,67,10,0.0,10,0,10,,,0.7,10,12.1,,,0,12.0,,,0,,,14.3,10,17.0,10,1100,10
2008-04-26T11:00+00:00,5935,690.0,0,298,10,299.0,10,3.5,10,7.8,10,1009.2,10,,,64,10,0.0,10,0,10,,,0.8,10,12.4,,,0,12.0,,,0,,,15.8,10,17.7,10,1148,10
2008-04-26T12:00+00:00,5935,553.0,0,302,10,288.0,10,3.0,10,7.7,10,1009.1,10,,,56,10,0.0,10,0,10,,,0.5,10,12.6,,,0,12.0,,,0,,,16.1,10,17.3,10,1233,10
2008-04-26T13:00+00:00,5935,639.0,0,308,10,310.0,10,3.0,10,8.4,10,1008.5,10,,,56,10,0.0,10,0,10,,,0.8,10,12.9,,,0,12.0,,,0,,,16.8,10,18.1,10,1353,10
2008-04-26T14:00+00:00,5935,620.0,0,311,10,297.0,10,3.1,10,8.6,10,1008.0,10,,,51,10,0.0,10,0,10,,,0.9,10,13.2,,,0,12.1,,,0,,,17.7,10,19.4,10,1415,10
2008-04-26T15:00+00:00,5935,478.0,0,307,10,287.0,10,2.8,10,7.7,10,1007.6,10,,,50,10,0.0,10,0,10,,,0.9,10,13.4,,,0,12.2,,,0,,,17.6,10,18.3,10,1542,10
2008-04-26T16:00+00:00,5935,340.0,0,299,10,291.0,10,4.1,10,9.4,10,1007.9,10,,,55,10,0.0,10,0,10,,,0.9,10,13.6,,,0,12.3,,,0,,,16.3,10,16.6,10,1655,10
2008-04-26T17:00+00:00,5935,110.0,0,299,10,293.0,10,3.9,10,8.8,10,1008.4,10,,,57,10,0.0,10,0,10,,,0.3,10,13.6,,,0,12.4,,,0,,,14.6,10,13.0,10,1800,10
2008-04-26T18:00+00:00,5935,25.0,0,305,10,304.0,10,3.1,10,7.3,10,1008.9,10,,,61,10,0.0,10,0,10,,,0.0,10,13.5,,,0,12.4,,,0,,,13.1,10,11.0,10,1823,10
2008-04-26T19:00+00:00,5935,0.0,0,300,10,298.0,10,2.5,10,5.4,10,1009.5,10,,,63,10,0.0,10,0,10,,,0.0,10,13.4,,,0,12.5,,,0,,,12.1,10,10.0,10,1926,10
2008-04-26T20:00+00:00,5935,0.0,0,305,10,318.0,10,2.4,10,5.3,10,1009.6,10,,,67,10,0.0,10,0,10,,,0.0,10,13.2,,,0,12.5,,,0,,,11.6,10,9.6,10,2011,10
2008-04-26T21:00+00:00,5935,0.0,0,310,10,318.0,10,2.0,10,5.4,10,1009.5,10,,,68,10,0.0,10,0,10,,,0.0,10,13.1,,,0,12.5,,,0,,,11.1,10,9.2,10,2106,10
2008-04-26T22:00+00:00,5935,0.0,0,308,10,301.0,10,2.3,10,5.3,10,1009.5,10,,,69,10,0.0,10,0,10,,,0.0,10,12.9,,,0,12.5,,,0,,,10.8,10,8.9,10,2234,10
2008-04-26T23:00+00:00,5935,0.0,0,313,10,325.0,10,2.2,10,5.1,10,1009.3,10,,,73,10,0.0,10,0,10,,,0.0,10,12.8,,,0,12.5,,,0,,,10.3,10,8.6,10,2317,10
2008-04-27T00:00+00:00,5935,0.0,0,311,10,323.0,10,2.1,10,5.5,10,1008.9,10,,,74,10,0.0,10,0,10,,,0.0,10,12.6,,,0,12.5,,,0,,,9.9,10,8.3,10,30,10
2008-04-27T01:00+00:00,5935,0.0,0,305,10,304.0,10,1.9,10,4.6,10,1008.7,10,,,78,10,0.0,10,0,10,,,0.0,10,12.5,,,0,12.5,,,0,,,9.3,10,7.9,10,151,10
2008-04-27T02:00+00:00,5935,0.0,0,314,10,329.0,10,1.3,10,3.9,10,1008.6,10,,,81,10,0.0,10,0,10,,,0.0,10,12.4,,,0,12.4,,,0,,,8.7,10,7.5,10,249,10
2008-04-27T03:00+00:00,5935,0.0,0,314,10,305.0,10,0.7,10,2.8,10,1008.2,10,,,86,10,0.0,10,0,10,,,0.0,10,12.2,,,0,12.4,,,0,,,7.8,10,6.3,10,316,10
2008-04-27T04:00+00:00,5935,5.0,0,319,10,326.0,10,1.0,10,3.1,10,1008.2,10,,,87,10,0.0,10,0,10,,,0.0,10,12.1,,,0,12.4,,,0,,,7.4,10,6.3,10,459,10
2008-04-27T05:00+00:00,5935,77.0,0,307,10,327.0,10,1.2,10,3.0,10,1008.3,10,,,83,10,0.0,10,0,10,,,0.8,10,11.9,,,0,12.3,,,0,,,8.8,10,6.8,10,553,10
2008-04-27T06:00+00:00,5935,231.0,0,305,10,297.0,10,1.8,10,4.7,10,1008.4,10,,,77,10,0.0,10,0,10,,,1.0,10,11.9,,,0,12.2,,,0,,,10.4,10,9.1,10,629,10
2008-04-27T07:00+00:00,5935,395.0,0,304,10,305.0,10,2.1,10,4.8,10,1008.5,10,,,70,10,0.0,10,0,10,,,1.0,10,11.8,,,0,12.2,,,0,,,12.1,10,12.2,10,711,10
2008-04-27T08:00+00:00,5935,568.0,0,322,10,331.0,10,1.6,10,4.2,10,1008.2,10,,,65,10,0.0,10,0,10,,,1.0,10,11.9,,,0,12.1,,,0,,,13.4,10,15.6,10,812,10
2008-04-27T09:00+00:00,5935,708.0,0,327,10,338.0,10,1.2,10,3.9,10,1007.7,10,,,58,10,0.0,10,0,10,,,0.9,10,12.1,,,0,12.1,,,0,,,15.3,10,20.0,10,920,10
2008-04-27T10:00+00:00,5935,805.0,0,29,10,69.0,10,0.7,10,3.5,10,1007.1,10,,,45,10,0.0,10,0,10,,,1.0,10,12.3,,,0,12.1,,,0,,,17.4,10,22.5,10,1023,10
2008-04-27T11:00+00:00,5935,854.0,0,141,10,200.0,10,0.9,10,5.0,10,1006.1,10,,,38,10,0.0,10,0,10,,,1.0,10,12.6,,,0,12.1,,,0,,,18.1,10,19.8,10,1158,10
2008-04-27T12:00+00:00,5935,842.0,0,109,10,87.0,10,1.3,10,4.5,10,1005.4,10,,,36,10,0.0,10,0,10,,,1.0,10,13.0,,,0,12.1,,,0,,,18.9,10,17.6,10,1245,10
2008-04-27T13:00+00:00,5935,779.0,0,76,10,112.0,10,0.9,10,4.1,10,1004.6,10,,,37,10,0.0,10,0,10,,,1.0,10,13.5,,,0,12.2,,,0,,,19.6,10,20.5,10,1321,10
2008-04-27T14:00+00:00,5935,669.0,0,87,10,31.0,10,0.9,10,6.3,10,1003.8,10,,,37,10,0.0,10,0,10,,,1.0,10,13.9,,,0,12.3,,,0,,,19.5,10,21.7,10,1456,10
2008-04-27T15:00+00:00,5935,512.0,0,77,10,72.0,10,1.2,10,4.2,10,1003.2,10,,,38,10,0.0,10,0,10,,,1.0,10,14.2,,,0,12.4,,,0,,,20.1,10,20.5,10,1501,10
2008-04-27T16:00+00:00,5935,348.0,0,111,10,96.0,10,1.5,10,4.6,10,1002.5,10,,,37,10,0.0,10,0,10,,,1.0,10,14.3,,,0,12.5,,,0,,,19.1,10,15.2,10,1609,10
2008-04-27T17:00+00:00,5935,176.0,0,106,10,150.0,10,1.3,10,4.4,10,1001.9,10,,,38,10,0.0,10,0,10,,,1.0,10,14.3,,,0,12.7,,,0,,,18.9,10,14.5,10,1716,10
2008-04-27T18:00+00:00,5935,42.0,0,96,10,77.0,10,0.8,10,2.8,10,1001.8,10,,,44,10,0.0,10,0,10,,,0.7,10,14.1,,,0,12.8,,,0,,,16.1,10,11.0,10,1808,10
2008-04-27T19:00+00:00,5935,1.0,0,0,10,137.0,10,0.0,10,0.3,10,1001.8,10,,,59,10,0.0,10,0,10,,,0.0,10,13.9,,,0,12.8,,,0,,,12.9,10,8.9,10,1903,10
2008-04-27T20:00+00:00,5935,0.0,0,158,10,159.0,10,0.1,10,1.3,10,1001.7,10,,,69,10,0.0,10,0,10,,,0.0,10,13.7,,,0,12.9,,,0,,,10.5,10,7.9,10,2001,10
2008-04-27T21:00+00:00,5935,0.0,0,257,10,263.0,10,0.2,10,1.2,10,1001.3,10,,,78,10,0.0,10,0,10,,,0.0,10,13.4,,,0,12.9,,,0,,,9.3,10,7.2,10,2104,10
2008-04-27T22:00+00:00,5935,0.0,0,28,10,29.0,10,0.1,10,1.1,10,1000.9,10,,,82,10,0.0,10,0,10,,,0.0,10,13.2,,,0,12.9,,,0,,,8.3,10,6.3,10,2217,10
2008-04-27T23:00+00:00,5935,0.0,0,0,10,29.0,10,0.0,10,0.4,10,1000.4,10,,,85,10,0.0,10,0,10,,,0.0,10,13.0,,,0,12.9,,,0,,,7.2,10,5.9,10,2316,10
2008-04-28T00:00+00:00,5935,0.0,0,0,10,44.0,10,0.0,10,0.7,10,999.7,10,,,88,10,0.0,10,0,10,,,0.0,10,12.7,,,0,12.8,,,0,,,6.6,10,5.4,10,59,10
2008-04-28T01:00+00:00,5935,0.0,0,95,10,111.0,10,0.2,10,1.3,10,999.2,10,,,90,10,0.0,10,0,10,,,0.0,10,12.5,,,0,12.8,,,0,,,5.7,10,5.3,10,108,10
2008-04-28T02:00+00:00,5935,0.0,0,31,10,15.0,10,0.2,10,1.5,10,998.6,10,,,92,10,0.0,10,0,10,,,0.0,10,12.3,,,0,12.7,,,0,,,5.2,10,4.9,10,237,10
2008-04-28T03:00+00:00,5935,0.0,0,66,10,85.0,10,0.5,10,1.9,10,998.0,10,,,91,10,0.0,10,0,10,,,0.0,10,12.1,,,0,12.6,,,0,,,4.8,10,4.7,10,322,10
2008-04-28T04:00+00:00,5935,5.0,0,16,10,25.0,10,0.3,10,1.4,10,997.5,10,,,93,10,0.0,10,0,10,,,0.0,10,11.9,,,0,12.5,,,0,,,4.3,10,4.5,10,431,10
2008-04-28T05:00+00:00,5935,87.0,0,1,10,33.0,10,0.1,10,1.1,10,997.4,10,,,86,10,0.0,10,0,10,,,1.0,10,11.7,,,0,12.5,,,0,,,7.1,10,4.8,10,531,10
2008-04-28T06:00+00:00,5935,242.0,0,73,10,147.0,10,0.2,10,2.4,10,997.3,10,,,65,10,0.0,10,0,10,,,1.0,10,11.6,,,0,12.4,,,0,,,10.8,10,8.0,10,659,10
2008-04-28T07:00+00:00,5935,419.0,0,117,10,102.0,10,1.3,10,3.5,10,996.9,10,,,59,10,0.0,10,0,10,,,1.0,10,11.6,,,0,12.3,,,0,,,13.5,10,12.2,10,718,10
2008-04-28T08:00+00:00,5935,587.0,0,145,10,158.0,10,1.9,10,6.6,10,996.2,10,,,45,10,0.0,10,0,10,,,1.0,10,11.7,,,0,12.2,,,0,,,17.0,10,16.5,10,857,10
2008-04-28T09:00+00:00,5935,721.0,0,142,10,181.0,10,2.8,10,7.6,10,995.6,10,,,42,10,0.0,10,0,10,,,1.0,10,12.0,,,0,12.2,,,0,,,18.0,10,21.6,10,958,10
2008-04-28T10:00+00:00,5935,811.0,0,152,10,134.0,10,3.3,10,9.2,10,994.9,10,,,39,10,0.0,10,0,10,,,1.0,10,12.2,,,0,12.1,,,0,,,19.4,10,23.1,10,1038,10
2008-04-28T11:00+00:00,5935,854.0,0,150,10,168.0,10,3.7,10,10.1,10,993.9,10,,,37,10,0.0,10,0,10,,,1.0,10,12.6,,,0,12.2,,,0,,,20.3,10,21.1,10,1127,10
2008-04-28T12:00+00:00,5935,842.0,0,137,10,144.0,10,3.4,10,10.6,10,993.1,10,,,36,10,0.0,10,0,10,,,1.0,10,13.1,,,0,12.2,,,0,,,21.1,10,19.6,10,1237,10
2008-04-28T13:00+00:00,5935,774.0,0,141,10,144.0,10,3.4,10,9.4,10,992.4,10,,,34,10,0.0,10,0,10,,,1.0,10,13.6,,,0,12.3,,,0,,,21.0,10,21.9,10,1312,10
2008-04-28T14:00+00:00,5935,664.0,0,141,10,170.0,10,3.2,10,8.2,10,991.8,10,,,34,10,0.0,10,0,10,,,1.0,10,14.0,,,0,12.4,,,0,,,21.2,10,21.9,10,1404,10
2008-04-28T15:00+00:00,5935,515.0,0,154,10,108.0,10,3.3,10,8.1,10,991.6,10,,,33,10,0.0,10,0,10,,,1.0,10,14.2,,,0,12.5,,,0,,,20.8,10,20.0,10,1522,10
2008-04-28T16:00+00:00,5935,326.0,0,138,10,142.0,10,3.1,10,8.7,10,991.0,10,,,34,10,0.0,10,0,10,,,1.0,10,14.3,,,0,12.6,,,0,,,20.3,10,17.1,10,1646,10
2008-04-28T17:00+00:00,5935,172.0,0,139,10,141.0,10,2.8,10,7.2,10,990.7,10,,,35,10,0.0,10,0,10,,,1.0,10,14.3,,,0,12.7,,,0,,,19.5,10,16.4,10,1724,10
2008-04-28T18:00+00:00,5935,55.0,0,142,10,138.0,10,2.6,10,6.9,10,990.6,10,,,36,10,0.0,10,0,10,,,0.6,10,14.2,,,0,12.8,,,0,,,18.3,10,15.0,10,1813,10
2008-04-28T19:00+00:00,5935,1.0,0,109,10,83.0,10,1.9,10,5.1,10,990.7,10,,,40,10,0.0,10,0,10,,,0.0,10,14.1,,,0,12.9,,,0,,,16.2,10,12.5,10,1938,10
2008-04-28T20:00+00:00,5935,0.0,0,123,10,131.0,10,1.7,10,5.0,10,990.5,10,,,44,10,0.0,10,0,10,,,0.0,10,13.9,,,0,13.0,,,0,,,15.5,10,12.1,10,2034,10
2008-04-28T21:00+00:00,5935,0.0,0,100,10,111.0,10,1.2,10,3.7,10,990.2,10,,,49,10,0.0,10,0,10,,,0.0,10,13.7,,,0,13.0,,,0,,,13.8,10,10.1,10,2200,10
2008-04-28T22:00+00:00,5935,0.0,0,108,10,101.0,10,1.5,10,3.3,10,989.9,10,,,54,10,0.0,10,0,10,,,0.0,10,13.5,,,0,13.0,,,0,,,12.7,10,9.8,10,2203,10
2008-04-28T23:00+00:00,5935,0.0,0,107,10,158.0,10,0.9,10,3.3,10,989.4,10,,,52,10,0.0,10,0,10,,,0.0,10,13.4,,,0,13.0,,,0,,,13.3,10,9.7,10,2349,10
2008-04-29T00:00+00:00,5935,0.0,0,102,10,92.0,10,1.2,10,2.9,10,988.7,10,,,56,10,0.0,10,0,10,,,0.0,10,13.2,,,0,13.0,,,0,,,11.9,10,9.2,10,33,10
2008-04-29T01:00+00:00,5935,0.0,0,103,10,109.0,10,1.0,10,2.7,10,988.2,10,,,60,10,0.0,10,0,10,,,0.0,10,13.1,,,0,12.9,,,0,,,10.9,10,8.2,10,105,10
2008-04-29T02:00+00:00,5935,0.0,0,99,10,97.0,10,0.4,10,1.6,10,987.9,10,,,68,10,0.0,10,0,10,,,0.0,10,12.9,,,0,12.9,,,0,,,10.2,10,7.5,10,218,10
2008-04-29T03:00+00:00,5935,0.0,0,103,10,95.0,10,0.1,10,1.3,10,987.6,10,,,68,10,0.0,10,0,10,,,0.0,10,12.7,,,0,12.9,,,0,,,10.9,10,8.8,10,303,10
2008-04-29T04:00+00:00,5935,5.0,0,53,10,74.0,10,0.6,10,2.3,10,987.4,10,,,69,10,0.0,10,0,10,,,0.0,10,12.6,,,0,12.8,,,0,,,10.5,10,9.2,10,444,10
2008-04-29T05:00+00:00,5935,74.0,0,85,10,99.0,10,0.7,10,2.5,10,987.4,10,,,65,10,0.0,10,0,10,,,0.2,10,12.6,,,0,12.7,,,0,,,11.3,10,9.4,10,517,10
2008-04-29T06:00+00:00,5935,279.0,0,105,10,107.0,10,1.4,10,5.0,10,987.2,10,,,58,10,0.0,10,0,10,,,0.8,10,12.5,,,0,12.7,,,0,,,13.3,10,10.5,10,654,10
2008-04-29T07:00+00:00,5935,271.0,0,105,10,111.0,10,2.0,10,5.9,10,987.1,10,,,55,10,0.0,10,0,10,,,0.4,10,12.6,,,0,12.7,,,0,,,14.0,10,14.1,10,718,10
2008-04-29T08:00+00:00,5935,314.0,0,149,10,97.0,10,1.6,10,4.6,10,986.8,10,,,54,10,0.0,10,0,10,,,0.3,10,12.7,,,0,12.6,,,0,,,14.5,10,14.8,10,802,10
2008-04-29T09:00+00:00,5935,147.0,0,157,10,129.0,10,1.5,10,4.4,10,986.5,10,,,53,10,0.0,10,0,10,,,0.0,10,12.8,,,0,12.6,,,0,,,14.6,10,13.8,10,927,10
2008-04-29T10:00+00:00,5935,294.0,0,121,10,121.0,10,1.4,10,4.2,10,986.2,10,,,53,10,0.0,10,0,10,,,0.0,10,12.9,,,0,12.6,,,0,,,15.9,10,14.3,10,1050,10
2008-04-29T11:00+00:00,5935,597.0,0,111,10,75.0,10,1.9,10,6.4,10,985.6,10,,,53,10,0.0,10,0,10,,,0.7,10,13.1,,,0,12.6,,,0,,,17.1,10,17.4,10,1150,10
2008-04-29T12:00+00:00,5935,388.0,0,123,10,151.0,10,1.6,10,7.6,10,985.3,10,,,46,10,0.0,10,0,10,,,0.0,10,13.3,,,0,12.6,,,0,,,18.2,10,18.2,10,1259,10
2008-04-29T13:00+00:00,5935,513.0,0,151,10,128.0,10,2.0,10,5.9,10,985.1,10,,,44,10,0.0,10,0,10,,,0.3,10,13.6,,,0,12.7,,,0,,,19.3,10,18.7,10,1348,10
2008-04-29T14:00+00:00,5935,432.0,0,233,10,242.0,10,2.1,10,8.6,10,985.5,10,,,65,10,0.0,10,0,10,,,0.4,10,13.8,,,0,12.7,,,0,,,16.4,10,17.7,10,1439,10
2008-04-29T15:00+00:00,5935,257.0,0,273,10,274.0,10,3.6,10,8.5,10,986.0,10,,,68,10,0.0,10,0,10,,,0.1,10,14.0,,,0,12.8,,,0,,,14.7,10,16.8,10,1531,10
2008-04-29T16:00+00:00,5935,87.0,0,268,10,282.0,10,3.1,10,9.6,10,986.4,10,,,71,10,0.0,10,0,10,,,0.0,10,14.0,,,0,12.9,,,0,,,13.3,10,13.6,10,1651,10
2008-04-29T17:00+00:00,5935,57.0,0,277,10,274.0,10,3.8,10,9.9,10,986.5,10,,,71,10,0.0,10,0,10,,,0.0,10,13.9,,,0,12.9,,,0,,,12.7,10,12.5,10,1722,10
2008-04-29T18:00+00:00,5935,18.0,0,275,10,303.0,10,3.5,10,10.7,10,986.9,10,,,72,10,0.0,10,0,10,,,0.0,10,13.8,,,0,13.0,,,0,,,12.1,10,11.5,10,1852,10
2008-04-29T19:00+00:00,5935,0.0,0,277,10,277.0,10,3.3,10,10.2,10,987.5,10,,,71,10,0.0,10,0,10,,,0.0,10,13.7,,,0,13.0,,,0,,,11.7,10,11.2,10,1904,10
2008-04-29T20:00+00:00,5935,0.0,0,271,10,290.0,10,3.3,10,8.2,10,987.8,10,,,71,10,0.0,10,0,10,,,0.0,10,13.6,,,0,13.0,,,0,,,11.3,10,11.0,10,2001,10
2008-04-29T21:00+00:00,5935,0.0,0,261,10,232.0,10,3.3,10,8.3,10,988.0,10,,,73,10,0.0,10,0,10,,,0.0,10,13.5,,,0,13.0,,,0,,,11.2,10,10.7,10,2125,10
2008-04-29T22:00+00:00,5935,0.0,0,265,10,283.0,10,3.2,10,7.6,10,988.1,10,,,73,10,0.0,10,0,10,,,0.0,10,13.3,,,0,13.0,,,0,,,11.1,10,10.7,10,2215,10
2008-04-29T23:00+00:00,5935,0.0,0,257,10,261.0,10,2.0,10,5.4,10,988.3,10,,,74,10,0.0,10,0,10,,,0.0,10,13.2,,,0,13.0,,,0,,,11.2,10,10.7,10,2338,10
2008-04-30T00:00+00:00,5935,0.0,0,256,10,246.0,10,1.9,10,4.9,10,987.9,10,,,75,10,0.0,10,0,10,,,0.0,10,13.1,,,0,13.0,,,0,,,10.9,10,10.3,10,13,10
2008-04-30T01:00+00:00,5935,0.0,0,243,10,261.0,10,1.8,10,4.0,10,988.0,10,,,77,10,0.0,10,0,10,,,0.0,10,13.1,,,0,12.9,,,0,,,10.6,10,10.1,10,105,10
2008-04-30T02:00+00:00,5935,0.0,0,245,10,239.0,10,0.9,10,3.9,10,987.8,10,,,76,10,0.0,10,0,10,,,0.0,10,13.0,,,0,12.9,,,0,,,10.4,10,10.1,10,219,10
2008-04-30T03:00+00:00,5935,0.0,0,252,10,262.0,10,1.0,10,2.7,10,988.1,10,,,77,10,0.0,10,0,10,,,0.0,10,12.9,,,0,12.9,,,0,,,10.4,10,10.5,10,336,10
2008-04-30T04:00+00:00,5935,4.0,0,249,10,260.0,10,1.1,10,3.2,10,988.1,10,,,79,10,0.0,10,0,10,,,0.0,10,12.8,,,0,12.9,,,0,,,9.7,10,9.7,10,405,10
2008-04-30T05:00+00:00,5935,78.0,0,267,10,257.0,10,0.3,10,2.3,10,988.4,10,,,77,10,0.0,10,0,10,,,0.2,10,12.7,,,0,12.8,,,0,,,10.8,10,9.5,10,503,10
2008-04-30T06:00+00:00,5935,297.0,0,227,10,252.0,10,0.7,10,2.1,10,988.3,10,,,71,10,0.0,10,0,10,,,1.0,10,12.7,,,0,12.8,,,0,,,12.3,10,12.2,10,613,10
2008-04-30T07:00+00:00,5935,374.0,0,194,10,166.0,10,0.6,10,3.7,10,988.2,10,,,67,10,0.0,10,0,10,,,0.9,10,12.7,,,0,12.8,,,0,,,13.3,10,15.0,10,752,10
2008-04-30T08:00+00:00,5935,340.0,0,171,10,195.0,10,1.8,10,4.4,10,988.3,10,,,67,10,0.0,10,0,10,,,0.2,10,12.8,,,0,12.7,,,0,,,14.3,10,15.2,10,858,10
2008-04-30T09:00+00:00,5935,653.0,0,161,10,193.0,10,2.3,10,7.0,10,988.1,10,,,65,10,0.0,10,0,10,,,0.9,10,13.0,,,0,12.7,,,0,,,15.5,10,22.9,10,942,10
2008-04-30T10:00+00:00,5935,714.0,0,150,10,120.0,10,2.7,10,8.6,10,987.7,10,,,61,10,0.0,10,0,10,,,0.8,10,13.2,,,0,12.7,,,0,,,17.2,10,25.4,10,1034,10
2008-04-30T11:00+00:00,5935,691.0,0,147,10,135.0,10,3.2,10,8.5,10,987.4,10,,,59,10,0.0,10,0,10,,,0.7,10,13.4,,,0,12.7,,,0,,,17.8,10,23.2,10,1151,10
2008-04-30T12:00+00:00,5935,758.0,0,146,10,137.0,10,3.5,10,8.9,10,987.0,10,,,56,10,0.0,10,0,10,,,0.8,10,13.8,,,0,12.8,,,0,,,18.3,10,20.7,10,1234,10
2008-04-30T13:00+00:00,5935,666.0,0,143,10,133.0,10,3.3,10,9.4,10,986.5,10,,,55,10,0.0,10,0,10,,,0.7,10,14.2,,,0,12.8,,,0,,,17.6,10,22.1,10,1347,10
2008-04-30T14:00+00:00,5935,619.0,0,148,10,179.0,10,3.7,10,9.1,10,986.0,10,,,56,10,0.0,10,0,10,,,0.8,10,14.5,,,0,12.9,,,0,,,18.8,10,24.1,10,1458,10
2008-04-30T15:00+00:00,5935,509.0,0,148,10,197.0,10,3.5,10,8.9,10,985.4,10,,,53,10,0.0,10,0,10,,,1.0,10,14.7,,,0,13.0,,,0,,,19.7,10,23.1,10,1544,10
2008-04-30T16:00+00:00,5935,275.0,0,145,10,171.0,10,3.6,10,10.0,10,985.4,10,,,53,10,0.0,10,0,10,,,0.8,10,14.7,,,0,13.1,,,0,,,19.0,10,17.1,10,1650,10
2008-04-30T17:00+00:00,5935,138.0,0,160,10,158.0,10,3.3,10,10.3,10,985.3,10,,,54,10,0.0,10,0,10,,,0.5,10,14.7,,,0,13.2,,,0,,,18.4,10,15.3,10,1728,10
2008-04-30T18:00+00:00,5935,45.0,0,146,10,159.0,10,2.7,10,7.1,10,985.4,10,,,58,10,0.0,10,0,10,,,0.7,10,14.6,,,0,13.3,,,0,,,17.3,10,13.4,10,1803,10
2008-04-30T19:00+00:00,5935,1.0,0,138,10,152.0,10,2.2,10,7.1,10,985.9,10,,,60,10,0.0,10,0,10,,,0.0,10,14.5,,,0,13.4,,,0,,,16.1,10,11.9,10,1956,10
2008-04-30T20:00+00:00,5935,0.0,0,138,10,143.0,10,2.0,10,6.2,10,986.2,10,,,62,10,0.0,10,0,10,,,0.0,10,14.3,,,0,13.4,,,0,,,15.3,10,11.6,10,2100,10
2008-04-30T21:00+00:00,5935,0.0,0,125,10,132.0,10,1.1,10,3.5,10,986.5,10,,,64,10,0.0,10,0,10,,,0.0,10,14.2,,,0,13.4,,,0,,,14.6,10,10.8,10,2126,10
2008-04-30T22:00+00:00,5935,0.0,0,123,10,111.0,10,1.1,10,3.9,10,986.8,10,,,69,10,0.0,10,0,10,,,0.0,10,14.0,,,0,13.4,,,0,,,13.3,10,8.9,10,2241,10
2008-04-30T23:00+00:00,5935,0.0,0,151,10,181.0,10,0.4,10,2.5,10,988.0,10,,,75,10,0.0,10,0,10,,,0.0,10,13.9,,,0,13.4,,,0,,,12.2,10,7.0,10,2314,10
2008-05-01T00:00+00:00,5935,0.0,0,271,10,267.0,10,1.2,10,4.9,10,988.4,10,,,75,10,0.0,10,0,10,,,0.0,10,13.7,,,0,13.4,,,0,,,13.0,10,6.8,10,44,10
2008-05-01T01:00+00:00,5935,0.0,0,277,10,295.0,10,1.6,10,5.7,10,989.0,10,,,72,10,0.0,10,0,10,,,0.0,10,13.6,,,0,13.4,,,0,,,13.3,10,9.4,10,105,10
2008-05-01T02:00+00:00,5935,0.0,0,258,10,254.0,10,3.4,10,10.2,10,989.7,10,,,72,10,0.0,10,0,10,,,0.0,10,13.5,,,0,13.3,,,0,,,13.0,10,10.4,10,245,10
2008-05-01T03:00+00:00,5935,0.0,0,259,10,259.0,10,4.3,10,10.9,10,990.5,10,,,73,10,0.0,10,0,10,,,0.0,10,13.4,,,0,13.3,,,0,,,12.4,10,9.8,10,331,10
2008-05-01T04:00+00:00,5935,4.0,0,266,10,249.0,10,3.9,10,10.1,10,991.8,10,,,74,10,0.0,10,0,10,,,0.0,10,13.3,,,0,13.3,,,0,,,12.0,10,9.7,10,426,10
2008-05-01T05:00+00:00,5935,38.0,0,265,10,249.0,10,3.3,10,8.0,10,992.5,10,,,73,10,0.0,10,0,10,,,0.0,10,13.2,,,0,13.2,,,0,,,12.3,10,10.5,10,516,10
2008-05-01T06:00+00:00,5935,122.0,0,275,10,265.0,10,2.4,10,6.1,10,993.4,10,,,71,10,0.0,10,0,10,,,0.0,10,13.2,,,0,13.2,,,0,,,13.0,10,11.8,10,601,10
2008-05-01T07:00+00:00,5935,256.0,0,266,10,252.0,10,2.9,10,9.2,10,994.2,10,,,67,10,0.0,10,0,10,,,0.4,10,13.2,,,0,13.1,,,0,,,14.1,10,14.7,10,710,10
2008-05-01T08:00+00:00,5935,349.0,0,263,10,231.0,10,2.9,10,7.3,10,994.8,10,,,65,10,0.0,10,0,10,,,0.5,10,13.3,,,0,13.1,,,0,,,15.5,10,18.5,10,859,10
2008-05-01T09:00+00:00,5935,395.0,0,270,10,223.0,10,3.6,10,9.4,10,995.4,10,,,63,10,0.0,10,0,10,,,0.2,10,13.4,,,0,13.1,,,0,,,15.4,10,18.9,10,914,10
2008-05-01T10:00+00:00,5935,235.0,0,268,10,273.0,10,3.3,10,9.2,10,995.7,10,,,67,10,0.0,10,0,10,,,0.0,10,13.5,,,0,13.1,,,0,,,14.3,10,17.4,10,1028,10
2008-05-01T11:00+00:00,5935,278.0,0,275,10,293.0,10,3.2,10,7.9,10,996.0,10,,,66,10,0.0,10,16,10,,,0.0,10,13.6,,,0,13.1,,,0,,,15.1,10,17.9,10,1126,10
2008-05-01T12:00+00:00,5935,492.0,0,288,10,291.0,10,2.8,10,6.6,10,995.8,10,,,60,10,0.0,10,8,10,,,0.3,10,13.7,,,0,13.1,,,0,,,16.2,10,19.1,10,1256,10
2008-05-01T13:00+00:00,5935,606.0,0,302,10,267.0,10,2.7,10,7.4,10,996.0,10,,,57,10,0.0,10,0,10,,,0.6,10,13.9,,,0,13.1,,,0,,,16.7,10,22.6,10,1343,10
2008-05-01T14:00+00:00,5935,333.0,0,291,10,297.0,10,2.6,10,5.9,10,995.9,10,,,57,10,0.0,10,0,10,,,0.2,10,14.1,,,0,13.2,,,0,,,16.4,10,19.9,10,1438,10
2008-05-01T15:00+00:00,5935,168.0,0,284,10,274.0,10,2.3,10,6.2,10,996.3,10,,,58,10,0.0,10,0,10,,,0.0,10,14.2,,,0,13.2,,,0,,,15.8,10,16.0,10,1525,10
2008-05-01T16:00+00:00,5935,80.0,0,278,10,288.0,10,1.8,10,4.7,10,996.7,10,,,60,10,0.0,10,0,10,,,0.0,10,14.2,,,0,13.3,,,0,,,15.5,10,15.1,10,1616,10
2008-05-01T17:00+00:00,5935,54.0,0,262,10,242.0,10,1.6,10,4.2,10,997.1,10,,,62,10,0.0,10,0,10,,,0.0,10,14.2,,,0,13.3,,,0,,,15.1,10,14.0,10,1738,10
2008-05-01T18:00+00:00,5935,33.0,0,277,10,287.0,10,2.2,10,5.4,10,997.6,10,,,63,10,0.0,10,0,10,,,0.0,10,14.1,,,0,13.4,,,0,,,14.4,10,11.9,10,1859,10
2008-05-01T19:00+00:00,5935,1.0,0,274,10,264.0,10,2.9,10,8.5,10,998.4,10,,,67,10,0.0,10,0,10,,,0.0,10,14.0,,,0,13.4,,,0,,,13.3,10,10.9,10,1911,10
2008-05-01T20:00+00:00,5935,0.0,0,270,10,281.0,10,2.3,10,7.4,10,998.7,10,,,67,10,0.0,10,0,10,,,0.0,10,13.9,,,0,13.4,,,0,,,13.1,10,10.4,10,2010,10
2008-05-01T21:00+00:00,5935,0.0,0,286,10,259.0,10,1.2,10,4.9,10,998.7,10,,,65,10,0.0,10,0,10,,,0.0,10,13.8,,,0,13.4,,,0,,,13.1,10,10.4,10,2109,10
2008-05-01T22:00+00:00,5935,0.0,0,296,10,280.0,10,1.5,10,4.1,10,999.1,10,,,67,10,0.0,10,0,10,,,0.0,10,13.7,,,0,13.4,,,0,,,12.8,10,9.9,10,2213,10
2008-05-01T23:00+00:00,5935,0.0,0,291,10,287.0,10,1.9,10,5.9,10,999.5,10,,,67,10,0.0,10,0,10,,,0.0,10,13.6,,,0,13.4,,,0,,,12.4,10,8.7,10,2324,10
2008-05-02T00:00+00:00,5935,0.0,0,277,10,292.0,10,1.6,10,5.4,10,999.9,10,,,67,10,0.0,10,0,10,,,0.0,10,13.5,,,0,13.4,,,0,,,12.3,10,7.7,10,56,10
2008-05-02T01:00+00:00,5935,0.0,0,284,10,279.0,10,1.4,10,4.3,10,1000.1,10,,,70,10,0.0,10,0,10,,,0.0,10,13.4,,,0,13.3,,,0,,,11.3,10,7.3,10,108,10
2008-05-02T02:00+00:00,5935,0.0,0,273,10,297.0,10,1.0,10,3.9,10,1000.5,10,,,69,10,0.0,10,0,10,,,0.0,10,13.3,,,0,13.3,,,0,,,11.3,10,6.7,10,246,10
2008-05-02T03:00+00:00,5935,0.0,0,288,10,290.0,10,2.1,10,5.9,10,1000.9,10,,,71,10,0.0,10,0,10,,,0.0,10,13.1,,,0,13.3,,,0,,,10.6,10,6.6,10,336,10
2008-05-02T04:00+00:00,5935,9.0,0,296,10,302.0,10,2.9,10,7.0,10,1001.4,10,,,69,10,0.0,10,0,10,,,0.0,10,13.0,,,0,13.2,,,0,,,11.0,10,6.4,10,443,10
2008-05-02T05:00+00:00,5935,104.0,0,292,10,286.0,10,2.8,10,6.6,10,1002.2,10,,,68,10,0.0,10,0,10,,,1.0,10,12.9,,,0,13.2,,,0,,,12.1,10,7.8,10,541,10
2008-05-02T06:00+00:00,5935,255.0,0,295,10,292.0,10,3.2,10,7.6,10,1002.7,10,,,65,10,0.0,10,0,10,,,1.0,10,12.9,,,0,13.1,,,0,,,13.4,10,11.2,10,659,10
2008-05-02T07:00+00:00,5935,418.0,0,304,10,340.0,10,4.3,10,9.7,10,1003.3,10,,,63,10,0.0,10,0,10,,,1.0,10,12.9,,,0,13.1,,,0,,,14.5,10,15.7,10,721,10
2008-05-02T08:00+00:00,5935,626.0,0,296,10,298.0,10,3.9,10,8.6,10,1003.4,10,,,61,10,0.0,10,0,10,,,1.0,10,13.0,,,0,13.0,,,0,,,15.5,10,19.5,10,817,10
2008-05-02T09:00+00:00,5935,730.0,0,294,10,298.0,10,3.3,10,7.1,10,1003.5,10,,,59,10,0.0,10,0,10,,,1.0,10,13.2,,,0,13.0,,,0,,,16.8,10,26.0,10,925,10
2008-05-02T10:00+00:00,5935,810.0,0,299,10,296.0,10,2.3,10,7.1,10,1003.3,10,,,52,10,0.0,10,0,10,,,1.0,10,13.3,,,0,13.0,,,0,,,18.2,10,30.7,10,1046,10
2008-05-02T11:00+00:00,5935,612.0,0,306,10,303.0,10,2.3,10,7.5,10,1002.8,10,,,47,10,0.0,10,3,10,,,0.7,10,13.6,,,0,13.0,,,0,,,18.8,10,21.2,10,1125,10
2008-05-02T12:00+00:00,5935,854.0,0,306,10,313.0,10,3.5,10,9.3,10,1002.7,10,,,42,10,0.0,10,0,10,,,1.0,10,13.9,,,0,13.1,,,0,,,20.1,10,19.2,10,1205,10
2008-05-02T13:00+00:00,5935,800.0,0,302,10,289.0,10,3.7,10,9.6,10,1002.6,10,,,40,10,0.0,10,0,10,,,1.0,10,14.3,,,0,13.1,,,0,,,20.2,10,23.5,10,1352,10
2008-05-02T14:00+00:00,5935,664.0,0,298,10,242.0,10,3.4,10,8.3,10,1002.4,10,,,43,10,0.0,10,0,10,,,1.0,10,14.6,,,0,13.2,,,0,,,20.5,10,29.6,10,1416,10
2008-05-02T15:00+00:00,5935,545.0,0,290,10,304.0,10,3.9,10,9.4,10,1002.4,10,,,45,10,0.0,10,0,10,,,1.0,10,14.7,,,0,13.3,,,0,,,19.7,10,23.7,10,1546,10
2008-05-02T16:00+00:00,5935,312.0,0,288,10,290.0,10,3.2,10,8.7,10,1002.3,10,,,43,10,0.0,10,0,10,,,0.8,10,14.8,,,0,13.4,,,0,,,19.1,10,15.6,10,1607,10
2008-05-02T17:00+00:00,5935,190.0,0,289,10,286.0,10,2.9,10,6.9,10,1002.4,10,,,44,10,0.0,10,0,10,,,1.0,10,14.8,,,0,13.5,,,0,,,18.6,10,13.8,10,1737,10
2008-05-02T18:00+00:00,5935,36.0,0,276,10,277.0,10,2.4,10,9.0,10,1003.0,10,,,49,10,0.0,10,0,10,,,0.1,10,14.6,,,0,13.5,,,0,,,16.5,10,11.7,10,1854,10
2008-05-02T19:00+00:00,5935,1.0,0,276,10,277.0,10,2.8,10,7.5,10,1003.8,10,,,56,10,0.0,10,0,10,,,0.0,10,14.5,,,0,13.6,,,0,,,15.0,10,10.3,10,1929,10
2008-05-02T20:00+00:00,5935,0.0,0,290,10,298.0,10,2.6,10,7.2,10,1003.8,10,,,60,10,0.0,10,0,10,,,0.0,10,14.3,,,0,13.6,,,0,,,14.2,10,10.1,10,2028,10
2008-05-02T21:00+00:00,5935,0.0,0,295,10,297.0,10,2.8,10,6.9,10,1003.8,10,,,62,10,0.0,10,0,10,,,0.0,10,14.2,,,0,13.6,,,0,,,13.9,10,10.1,10,2129,10
2008-05-02T22:00+00:00,5935,0.0,0,299,10,285.0,10,2.7,10,6.3,10,1004.3,10,,,64,10,0.0,10,0,10,,,0.0,10,14.1,,,0,13.6,,,0,,,13.5,10,11.1,10,2207,10
2008-05-02T23:00+00:00,5935,0.0,0,312,10,296.0,10,2.3,10,8.7,10,1005.3,10,,,67,10,0.0,10,0,10,,,0.0,10,14.0,,,0,13.6,,,0,,,13.1,10,11.2,10,2349,10
2008-05-03T00:00+00:00,5935,0.0,0,294,10,288.0,10,2.9,10,8.3,10,1005.0,10,,,71,10,0.0,10,0,10,,,0.0,10,13.9,,,0,13.6,,,0,,,11.5,10,8.9,10,26,10
2008-05-03T01:00+00:00,5935,0.0,0,297,10,296.0,10,1.7,10,4.5,10,1004.5,10,,,71,10,0.0,10,0,10,,,0.0,10,13.7,,,0,13.6,,,0,,,11.2,10,8.6,10,121,10
2008-05-03T02:00+00:00,5935,0.0,0,302,10,319.0,10,1.7,10,5.1,10,1005.0,10,,,73,10,0.0,10,0,10,,,0.0,10,13.6,,,0,13.5,,,0,,,10.6,10,7.7,10,247,10
2008-05-03T03:00+00:00,5935,0.0,0,302,10,271.0,10,2.2,10,5.8,10,1005.0,10,,,77,10,0.0,10,0,10,,,0.0,10,13.5,,,0,13.5,,,0,,,10.1,10,7.4,10,313,10
2008-05-03T04:00+00:00,5935,9.0,0,302,10,300.0,10,2.3,10,5.5,10,1005.3,10,,,80,10,0.0,10,0,10,,,0.1,10,13.4,,,0,13.5,,,0,,,9.8,10,7.1,10,429,10
2008-05-03T05:00+00:00,5935,100.0,0,304,10,316.0,10,2.8,10,6.3,10,1005.9,10,,,77,10,0.0,10,0,10,,,1.0,10,13.3,,,0,13.4,,,0,,,10.9,10,7.4,10,530,10
2008-05-03T06:00+00:00,5935,141.0,0,303,10,309.0,10,2.9,10,7.2,10,1006.4,10,,,74,10,0.0,10,0,10,,,0.3,10,13.2,,,0,13.4,,,0,,,11.4,10,10.1,10,623,10
2008-05-03T07:00+00:00,5935,359.0,0,329,10,323.0,10,2.4,10,6.8,10,1006.6,10,,,71,10,0.0,10,0,10,,,0.5,10,13.2,,,0,13.3,,,0,,,12.4,10,13.3,10,759,10
2008-05-03T08:00+00:00,5935,563.0,0,311,10,299.0,10,3.0,10,8.5,10,1006.7,10,,,68,10,0.0,10,0,10,,,1.0,10,13.3,,,0,13.3,,,0,,,14.3,10,15.5,10,831,10
2008-05-03T09:00+00:00,5935,681.0,0,308,10,311.0,10,3.5,10,8.6,10,1006.6,10,,,64,10,0.0,10,0,10,,,0.9,10,13.4,,,0,13.3,,,0,,,15.5,10,22.7,10,940,10
2008-05-03T10:00+00:00,5935,540.0,0,327,10,316.0,10,2.8,10,7.6,10,1006.4,10,,,61,10,0.0,10,0,10,,,0.5,10,13.6,,,0,13.3,,,0,,,15.8,10,20.0,10,1007,10
2008-05-03T11:00+00:00,5935,663.0,0,318,10,292.0,10,3.0,10,9.0,10,1006.1,10,,,56,10,0.0,10,0,10,,,0.6,10,13.7,,,0,13.3,,,0,,,17.1,10,19.0,10,1126,10
2008-05-03T12:00+00:00,5935,885.0,0,302,10,282.0,10,3.4,10,8.1,10,1005.7,10,,,54,10,0.0,10,0,10,,,1.0,10,14.0,,,0,13.3,,,0,,,17.9,10,20.2,10,1203,10
2008-05-03T13:00+00:00,5935,815.0,0,305,10,281.0,10,3.7,10,8.9,10,1005.4,10,,,51,10,0.0,10,0,10,,,1.0,10,14.4,,,0,13.4,,,0,,,18.7,10,24.0,10,1345,10
2008-05-03T14:00+00:00,5935,458.0,0,348,10,7.0,10,2.7,10,7.9,10,1005.5,10,,,56,10,0.0,10,3,10,,,0.5,10,14.6,,,0,13.4,,,0,,,16.7,10,16.9,10,1425,10
2008-05-03T15:00+00:00,5935,217.0,0,298,10,300.0,10,2.4,10,6.6,10,1005.5,10,,,60,10,0.0,10,0,10,,,0.1,10,14.7,,,0,13.5,,,0,,,16.3,10,16.3,10,1545,10
2008-05-03T16:00+00:00,5935,234.0,0,299,10,327.0,10,2.7,10,7.4,10,1005.2,10,,,57,10,0.0,10,0,10,,,0.6,10,14.7,,,0,13.6,,,0,,,15.8,10,14.2,10,1657,10
2008-05-03T17:00+00:00,5935,173.0,0,322,10,336.0,10,2.0,10,6.3,10,1005.6,10,,,59,10,0.0,10,0,10,,,0.6,10,14.6,,,0,13.6,,,0,,,15.8,10,13.8,10,1800,10
2008-05-03T18:00+00:00,5935,78.0,0,20,10,17.0,10,1.9,10,11.3,10,1005.7,10,,,85,10,0.9,10,16,10,,,0.3,10,14.5,,,0,13.7,,,0,,,12.3,10,11.4,10,1824,10
2008-05-03T19:00+00:00,5935,1.0,0,323,10,287.0,10,0.8,10,2.2,10,1006.1,10,,,84,10,0.0,10,0,10,,,0.0,10,14.4,,,0,13.7,,,0,,,11.7,10,8.2,10,2000,10
2008-05-03T20:00+00:00,5935,0.0,0,322,10,333.0,10,0.9,10,2.2,10,1006.5,10,,,85,10,0.0,10,0,10,,,0.0,10,14.2,,,0,13.7,,,0,,,10.7,10,6.7,10,2014,10
2008-05-03T21:00+00:00,5935,0.0,0,308,10,311.0,10,1.0,10,3.1,10,1006.4,10,,,86,10,0.0,10,0,10,,,0.0,10,14.0,,,0,13.7,,,0,,,10.1,10,6.1,10,2157,10
2008-05-03T22:00+00:00,5935,0.0,0,323,10,315.0,10,1.3,10,3.4,10,1006.3,10,,,83,10,0.0,10,0,10,,,0.0,10,13.9,,,0,13.7,,,0,,,10.5,10,6.2,10,2237,10
2008-05-03T23:00+00:00,5935,0.0,0,305,10,313.0,10,1.4,10,3.6,10,1006.1,10,,,83,10,0.0,10,0,10,,,0.0,10,13.7,,,0,13.7,,,0,,,10.2,10,6.6,10,2322,10
2008-05-04T00:00+00:00,5935,0.0,0,324,10,302.0,10,1.2,10,3.1,10,1005.8,10,,,83,10,0.0,10,0,10,,,0.0,10,13.6,,,0,13.7,,,0,,,9.9,10,6.6,10,14,10
2008-05-04T01:00+00:00,5935,0.0,0,319,10,308.0,10,1.2,10,3.8,10,1005.6,10,,,84,10,0.0,10,0,10,,,0.0,10,13.4,,,0,13.6,,,0,,,9.5,10,6.3,10,120,10
2008-05-04T02:00+00:00,5935,0.0,0,316,10,351.0,10,1.8,10,4.5,10,1005.3,10,,,82,10,0.0,10,0,10,,,0.0,10,13.3,,,0,13.6,,,0,,,9.5,10,6.3,10,240,10
2008-05-04T03:00+00:00,5935,0.0,0,313,10,294.0,10,1.8,10,4.2,10,1005.2,10,,,80,10,0.0,10,0,10,,,0.0,10,13.2,,,0,13.5,,,0,,,9.6,10,6.5,10,309,10
2008-05-04T04:00+00:00,5935,12.0,0,313,10,297.0,10,2.0,10,5.2,10,1005.3,10,,,80,10,0.0,10,0,10,,,0.1,10,13.1,,,0,13.5,,,0,,,9.5,10,7.1,10,411,10
2008-05-04T05:00+00:00,5935,103.0,0,314,10,299.0,10,2.2,10,5.2,10,1005.6,10,,,77,10,0.0,10,0,10,,,1.0,10,13.0,,,0,13.4,,,0,,,10.6,10,7.0,10,600,10
2008-05-04T06:00+00:00,5935,264.0,0,309,10,292.0,10,2.2,10,5.1,10,1005.8,10,,,73,10,0.0,10,0,10,,,1.0,10,13.0,,,0,13.4,,,0,,,12.0,10,9.6,10,645,10
2008-05-04T07:00+00:00,5935,440.0,0,321,10,324.0,10,2.4,10,6.1,10,1005.8,10,,,67,10,0.0,10,0,10,,,1.0,10,13.0,,,0,13.3,,,0,,,13.3,10,13.1,10,721,10
2008-05-04T08:00+00:00,5935,602.0,0,324,10,31.0,10,2.3,10,6.1,10,1005.7,10,,,66,10,0.0,10,0,10,,,1.0,10,13.1,,,0,13.3,,,0,,,14.2,10,17.5,10,819,10
2008-05-04T09:00+00:00,5935,732.0,0,347,10,358.0,10,1.9,10,5.4,10,1005.5,10,,,60,10,0.0,10,0,10,,,1.0,10,13.3,,,0,13.3,,,0,,,16.2,10,23.8,10,905,10
2008-05-04T10:00+00:00,5935,657.0,0,360,10,358.0,10,2.0,10,6.5,10,1004.9,10,,,51,10,0.0,10,0,10,,,0.7,10,13.5,,,0,13.3,,,0,,,16.8,10,23.9,10,1037,10
2008-05-04T11:00+00:00,5935,749.0,0,30,10,344.0,10,2.1,10,6.1,10,1004.3,10,,,48,10,0.0,10,0,10,,,0.8,10,13.7,,,0,13.3,,,0,,,18.1,10,22.5,10,1118,10
2008-05-04T12:00+00:00,5935,602.0,0,14,10,27.0,10,2.2,10,8.2,10,1004.4,10,,,56,10,0.1,10,6,10,,,0.6,10,14.0,,,0,13.3,,,0,,,16.2,10,14.5,10,1247,10
2008-05-04T13:00+00:00,5935,344.0,0,300,10,296.0,10,2.5,10,7.5,10,1004.3,10,,,61,10,0.2,10,9,10,,,0.3,10,14.1,,,0,13.3,,,0,,,15.2,10,13.6,10,1350,10
2008-05-04T14:00+00:00,5935,234.0,0,285,10,295.0,10,2.6,10,7.6,10,1003.8,10,,,60,10,0.0,10,0,10,,,0.0,10,14.2,,,0,13.4,,,0,,,15.1,10,16.0,10,1500,10
2008-05-04T15:00+00:00,5935,267.0,0,290,10,314.0,10,1.7,10,5.0,10,1003.5,10,,,55,10,0.0,10,0,10,,,0.3,10,14.2,,,0,13.4,,,0,,,16.7,10,16.1,10,1544,10
2008-05-04T16:00+00:00,5935,298.0,0,341,10,14.0,10,1.9,10,5.0,10,1002.8,10,,,50,10,0.0,10,0,10,,,0.9,10,14.3,,,0,13.5,,,0,,,16.9,10,15.0,10,1624,10
2008-05-04T17:00+00:00,5935,148.0,0,304,10,313.0,10,1.9,10,4.5,10,1002.9,10,,,55,10,0.0,10,0,10,,,0.5,10,14.2,,,0,13.5,,,0,,,15.7,10,13.0,10,1728,10
2008-05-04T18:00+00:00,5935,59.0,0,308,10,327.0,10,0.5,10,3.2,10,1003.4,10,,,60,10,0.0,10,0,10,,,0.7,10,14.2,,,0,13.6,,,0,,,14.0,10,10.2,10,1802,10
2008-05-04T19:00+00:00,5935,2.0,0,354,10,347.0,10,1.3,10,6.7,10,1004.3,10,,,65,10,0.0,10,0,10,,,0.0,10,14.1,,,0,13.6,,,0,,,13.3,10,8.4,10,1957,10
2008-05-04T20:00+00:00,5935,0.0,0,49,10,54.0,10,1.9,10,8.7,10,1004.5,10,,,67,10,0.0,10,0,10,,,0.0,10,13.9,,,0,13.6,,,0,,,12.1,10,8.5,10,2005,10
2008-05-04T21:00+00:00,5935,0.0,0,12,10,10.0,10,0.4,10,1.9,10,1004.6,10,,,74,10,0.0,10,0,10,,,0.0,10,13.8,,,0,13.6,,,0,,,10.5,10,6.3,10,2153,10
2008-05-04T22:00+00:00,5935,0.0,0,341,10,15.0,10,0.4,10,1.5,10,1004.6,10,,,82,10,0.0,10,0,10,,,0.0,10,13.6,,,0,13.6,,,0,,,8.8,10,4.6,10,2202,10
2008-05-04T23:00+00:00,5935,0.0,0,310,10,320.0,10,0.8,10,2.0,10,1004.5,10,,,83,10,0.0,10,0,10,,,0.0,10,13.5,,,0,13.6,,,0,,,8.7,10,4.1,10,2351,10
2008-05-05T00:00+00:00,5935,0.0,0,323,10,322.0,10,0.8,10,2.3,10,1004.5,10,,,85,10,0.0,10,0,10,,,0.0,10,13.3,,,0,13.5,,,0,,,8.0,10,4.1,10,22,10
2008-05-05T01:00+00:00,5935,0.0,0,309,10,324.0,10,1.4,10,3.3,10,1004.3,10,,,83,10,0.0,10,0,10,,,0.0,10,13.1,,,0,13.5,,,0,,,8.5,10,4.3,10,157,10
2008-05-05T02:00+00:00,5935,0.0,0,304,10,299.0,10,1.8,10,4.4,10,1004.2,10,,,85,10,0.0,10,0,10,,,0.0,10,12.9,,,0,13.4,,,0,,,8.2,10,4.7,10,248,10
2008-05-05T03:00+00:00,5935,0.0,0,305,10,327.0,10,2.2,10,4.9,10,1004.2,10,,,86,10,0.0,10,0,10,,,0.0,10,12.8,,,0,13.4,,,0,,,8.2,10,5.8,10,330,10
2008-05-05T04:00+00:00,5935,3.0,0,302,10,302.0,10,2.1,10,5.2,10,1004.3,10,,,84,10,0.0,10,0,10,,,0.0,10,12.8,,,0,13.3,,,0,,,8.6,10,7.0,10,447,10
2008-05-05T05:00+00:00,5935,24.0,0,306,10,314.0,10,2.5,10,5.4,10,1004.8,10,,,84,10,0.0,10,12,10,,,0.0,10,12.7,,,0,13.3,,,0,,,9.2,10,8.1,10,542,10
2008-05-05T06:00+00:00,5935,39.0,0,318,10,300.0,10,2.0,10,5.4,10,1005.2,10,,,83,10,0.0,10,6,10,,,0.0,10,12.7,,,0,13.2,,,0,,,9.4,10,9.0,10,622,10
2008-05-05T07:00+00:00,5935,30.0,0,306,10,301.0,10,2.3,10,5.0,10,1005.6,10,,,82,10,0.0,10,1,10,,,0.0,10,12.6,,,0,13.2,,,0,,,9.9,10,9.2,10,704,10
2008-05-05T08:00+00:00,5935,123.0,0,299,10,298.0,10,2.6,10,6.7,10,1005.8,10,,,81,10,0.0,10,0,10,,,0.0,10,12.6,,,0,13.1,,,0,,,10.9,10,10.5,10,846,10
2008-05-05T09:00+00:00,5935,262.0,0,305,10,315.0,10,3.0,10,7.4,10,1006.0,10,,,77,10,0.0,10,0,10,,,0.0,10,12.7,,,0,13.1,,,0,,,11.9,10,15.1,10,915,10
2008-05-05T10:00+00:00,5935,292.0,0,304,10,287.0,10,2.7,10,6.5,10,1005.8,10,,,74,10,0.0,10,0,10,,,0.0,10,12.8,,,0,13.0,,,0,,,13.6,10,14.9,10,1006,10
2008-05-05T11:00+00:00,5935,462.0,0,298,10,312.0,10,3.1,10,7.1,10,1005.7,10,,,72,10,0.0,10,0,10,,,0.2,10,12.9,,,0,13.0,,,0,,,14.6,10,19.0,10,1117,10
2008-05-05T12:00+00:00,5935,746.0,0,294,10,319.0,10,3.2,10,7.9,10,1005.1,10,,,69,10,0.0,10,0,10,,,0.8,10,13.2,,,0,13.0,,,0,,,15.5,10,20.7,10,1222,10
2008-05-05T13:00+00:00,5935,336.0,0,305,10,305.0,10,2.7,10,6.8,10,1004.8,10,,,77,10,0.1,10,25,10,,,0.2,10,13.4,,,0,13.0,,,0,,,14.3,10,14.1,10,1322,10
2008-05-05T14:00+00:00,5935,270.0,0,292,10,303.0,10,2.9,10,7.6,10,1004.5,10,,,73,10,0.1,10,8,10,,,0.0,10,13.6,,,0,13.1,,,0,,,15.3,10,14.6,10,1421,10
2008-05-05T15:00+00:00,5935,113.0,0,306,10,280.0,10,2.2,10,6.5,10,1004.8,10,,,83,10,1.1,10,19,10,,,0.1,10,13.7,,,0,13.1,,,0,,,13.2,10,12.2,10,1509,10
2008-05-05T16:00+00:00,5935,39.0,0,230,10,225.0,10,1.0,10,2.2,10,1004.5,10,,,91,10,1.0,10,46,10,,,0.0,10,13.7,,,0,13.2,,,0,,,13.0,10,12.2,10,1632,10
2008-05-05T17:00+00:00,5935,36.0,0,213,10,165.0,10,0.9,10,5.7,10,1004.3,10,,,92,10,0.1,10,41,10,,,0.0,10,13.6,,,0,13.2,,,0,,,12.6,10,12.4,10,1714,10
2008-05-05T18:00+00:00,5935,9.0,0,288,10,303.0,10,1.8,10,5.0,10,1004.0,10,,,88,10,0.1,10,11,10,,,0.0,10,13.6,,,0,13.2,,,0,,,12.5,10,11.8,10,1836,10
2008-05-05T19:00+00:00,5935,1.0,0,300,10,312.0,10,1.3,10,4.4,10,1004.5,10,,,88,10,0.0,10,0,10,,,0.0,10,13.6,,,0,13.3,,,0,,,12.3,10,11.2,10,1951,10
2008-05-05T20:00+00:00,5935,0.0,0,305,10,322.0,10,2.3,10,6.5,10,1005.2,10,,,91,10,0.7,10,22,10,,,0.0,10,13.5,,,0,13.3,,,0,,,12.1,10,11.3,10,2043,10
2008-05-05T21:00+00:00,5935,0.0,0,316,10,9.0,10,1.3,10,5.1,10,1005.2,10,,,90,10,1.3,10,26,10,,,0.0,10,13.5,,,0,13.3,,,0,,,12.1,10,11.5,10,2101,10
2008-05-05T22:00+00:00,5935,0.0,0,308,10,309.0,10,1.8,10,4.7,10,1004.9,10,,,91,10,0.0,10,5,10,,,0.0,10,13.4,,,0,13.3,,,0,,,11.6,10,9.9,10,2250,10
2008-05-05T23:00+00:00,5935,0.0,0,307,10,332.0,10,2.2,10,5.3,10,1004.9,10,,,91,10,0.0,10,0,10,,,0.0,10,13.4,,,0,13.3,,,0,,,11.1,10,9.4,10,2337,10
2008-05-06T00:00+00:00,5935,0.0,0,305,10,298.0,10,2.8,10,5.9,10,1004.7,10,,,91,10,0.0,10,0,10,,,0.0,10,13.3,,,0,13.3,,,0,,,10.8,10,9.2,10,36,10
2008-05-06T01:00+00:00,5935,0.0,0,309,10,320.0,10,2.5,10,6.4,10,1004.8,10,,,91,10,0.0,10,0,10,,,0.0,10,13.2,,,0,13.3,,,0,,,10.5,10,8.6,10,118,10
2008-05-06T02:00+00:00,5935,0.0,0,301,10,307.0,10,2.1,10,4.5,10,1004.9,10,,,92,10,0.0,10,0,10,,,0.0,10,13.2,,,0,13.2,,,0,,,10.4,10,9.1,10,233,10
2008-05-06T03:00+00:00,5935,0.0,0,305,10,324.0,10,2.3,10,5.4,10,1004.9,10,,,90,10,0.0,10,0,10,,,0.0,10,13.1,,,0,13.2,,,0,,,10.3,10,9.4,10,358,10
2008-05-06T04:00+00:00,5935,12.0,0,302,10,306.0,10,2.1,10,5.1,10,1004.9,10,,,89,10,0.0,10,0,10,,,0.0,10,13.0,,,0,13.2,,,0,,,9.9,10,8.0,10,413,10
2008-05-06T05:00+00:00,5935,98.0,0,314,10,305.0,10,2.1,10,5.9,10,1005.1,10,,,86,10,0.0,10,0,10,,,0.8,10,13.0,,,0,13.2,,,0,,,10.7,10,8.2,10,539,10
2008-05-06T06:00+00:00,5935,228.0,0,303,10,281.0,10,3.0,10,7.0,10,1005.2,10,,,84,10,0.0,10,0,10,,,0.7,10,13.0,,,0,13.1,,,0,,,11.6,10,10.9,10,659,10
2008-05-06T07:00+00:00,5935,358.0,0,306,10,306.0,10,3.2,10,7.7,10,1005.2,10,,,76,10,0.0,10,0,10,,,0.7,10,13.0,,,0,13.1,,,0,,,13.1,10,12.5,10,753,10
2008-05-06T08:00+00:00,5935,481.0,0,300,10,301.0,10,3.2,10,7.6,10,1005.2,10,,,71,10,0.0,10,0,10,,,0.8,10,13.1,,,0,13.1,,,0,,,14.8,10,16.8,10,841,10
2008-05-06T09:00+00:00,5935,617.0,0,311,10,297.0,10,3.3,10,7.2,10,1005.2,10,,,68,10,0.0,10,0,10,,,0.8,10,13.2,,,0,13.1,,,0,,,15.8,10,21.4,10,922,10
2008-05-06T10:00+00:00,5935,684.0,0,300,10,330.0,10,3.0,10,6.6,10,1004.6,10,,,66,10,0.0,10,0,10,,,0.8,10,13.4,,,0,13.1,,,0,,,16.9,10,25.1,10,1041,10
2008-05-06T11:00+00:00,5935,401.0,0,338,10,71.0,10,1.6,10,8.5,10,1004.4,10,,,59,10,0.0,10,0,10,,,0.3,10,13.6,,,0,13.1,,,0,,,18.0,10,20.6,10,1159,10
2008-05-06T12:00+00:00,5935,481.0,0,49,10,64.0,10,4.0,10,10.4,10,1004.6,10,,,58,10,0.0,10,5,10,,,0.3,10,13.8,,,0,13.2,,,0,,,17.9,10,16.6,10,1300,10
2008-05-06T13:00+00:00,5935,334.0,0,33,10,53.0,10,3.3,10,8.9,10,1004.8,10,,,60,10,0.0,10,0,10,,,0.0,10,13.9,,,0,13.2,,,0,,,16.7,10,20.4,10,1310,10
2008-05-06T14:00+00:00,5935,417.0,0,20,10,23.0,10,3.3,10,8.5,10,1004.2,10,,,55,10,0.0,10,0,10,,,0.8,10,14.0,,,0,13.3,,,0,,,17.8,10,21.4,10,1426,10
2008-05-06T15:00+00:00,5935,562.0,0,27,10,358.0,10,3.4,10,8.2,10,1003.7,10,,,46,10,0.0,10,0,10,,,1.0,10,14.1,,,0,13.3,,,0,,,18.3,10,21.4,10,1502,10
2008-05-06T16:00+00:00,5935,358.0,0,19,10,56.0,10,3.3,10,8.2,10,1003.6,10,,,47,10,0.0,10,0,10,,,1.0,10,14.1,,,0,13.4,,,0,,,18.1,10,15.4,10,1619,10
2008-05-06T17:00+00:00,5935,188.0,0,22,10,15.0,10,2.9,10,6.8,10,1003.7,10,,,48,10,0.0,10,0,10,,,1.0,10,14.1,,,0,13.4,,,0,,,17.2,10,14.1,10,1709,10
2008-05-06T18:00+00:00,5935,31.0,0,5,10,8.0,10,1.6,10,5.0,10,1004.1,10,,,51,10,0.0,10,0,10,,,0.0,10,14.1,,,0,13.5,,,0,,,15.2,10,10.7,10,1801,10
2008-05-06T19:00+00:00,5935,2.0,0,338,10,14.0,10,1.3,10,3.4,10,1004.5,10,,,56,10,0.0,10,0,10,,,0.0,10,14.0,,,0,13.5,,,0,,,13.7,10,7.3,10,1915,10
2008-05-06T20:00+00:00,5935,0.0,0,301,10,314.0,10,1.4,10,3.6,10,1004.9,10,,,61,10,0.0,10,0,10,,,0.0,10,13.8,,,0,13.5,,,0,,,13.4,10,7.1,10,2039,10
2008-05-06T21:00+00:00,5935,0.0,0,336,10,333.0,10,1.6,10,4.4,10,1005.0,10,,,53,10,0.0,10,0,10,,,0.0,10,13.7,,,0,13.5,,,0,,,14.0,10,9.8,10,2137,10
2008-05-06T22:00+00:00,5935,0.0,0,341,10,348.0,10,1.8,10,5.0,10,1005.0,10,,,53,10,0.0,10,0,10,,,0.0,10,13.7,,,0,13.5,,,0,,,13.3,10,8.9,10,2204,10
2008-05-06T23:00+00:00,5935,0.0,0,320,10,315.0,10,1.5,10,6.3,10,1005.0,10,,,62,10,0.0,10,0,10,,,0.0,10,13.6,,,0,13.5,,,0,,,12.0,10,8.0,10,2325,10
2008-05-07T00:00+00:00,5935,0.0,0,324,10,314.0,10,1.5,10,3.8,10,1004.9,10,,,72,10,0.0,10,0,10,,,0.0,10,13.5,,,0,13.5,,,0,,,10.7,10,6.0,10,10,10
2008-05-07T01:00+00:00,5935,0.0,0,315,10,295.0,10,2.2,10,5.3,10,1004.6,10,,,75,10,0.0,10,0,10,,,0.0,10,13.4,,,0,13.4,,,0,,,10.6,10,5.9,10,140,10
2008-05-07T02:00+00:00,5935,0.0,0,312,10,299.0,10,2.2,10,5.4,10,1004.7,10,,,80,10,0.0,10,0,10,,,0.0,10,13.3,,,0,13.4,,,0,,,10.1,10,6.2,10,236,10
2008-05-07T03:00+00:00,5935,0.0,0,315,10,334.0,10,2.2,10,6.1,10,1004.7,10,,,85,10,0.0,10,0,10,,,0.0,10,13.1,,,0,13.4,,,0,,,9.3,10,6.2,10,318,10
2008-05-07T04:00+00:00,5935,14.0,0,312,10,311.0,10,2.2,10,5.2,10,1004.8,10,,,84,10,0.0,10,0,10,,,0.1,10,13.1,,,0,13.3,,,0,,,8.9,10,5.7,10,500,10
2008-05-07T05:00+00:00,5935,123.0,0,315,10,328.0,10,2.2,10,5.5,10,1004.9,10,,,78,10,0.0,10,0,10,,,1.0,10,13.0,,,0,13.3,,,0,,,9.8,10,6.0,10,540,10
2008-05-07T06:00+00:00,5935,290.0,0,315,10,344.0,10,2.1,10,5.2,10,1005.2,10,,,71,10,0.0,10,0,10,,,1.0,10,12.9,,,0,13.3,,,0,,,11.4,10,8.7,10,605,10
2008-05-07T07:00+00:00,5935,469.0,0,315,10,313.0,10,2.3,10,6.3,10,1005.0,10,,,60,10,0.0,10,0,10,,,1.0,10,13.0,,,0,13.2,,,0,,,13.0,10,19.5,10,718,10
2008-05-07T08:00+00:00,5935,628.0,0,316,10,330.0,10,2.6,10,6.3,10,1005.0,10,,,60,10,0.0,10,0,10,,,1.0,10,13.0,,,0,13.2,,,0,,,14.1,10,25.7,10,806,10
2008-05-07T09:00+00:00,5935,758.0,0,333,10,299.0,10,2.1,10,5.9,10,1004.9,10,,,52,10,0.0,10,0,10,,,1.0,10,13.2,,,0,13.2,,,0,,,16.0,10,27.0,10,1000,10
2008-05-07T10:00+00:00,5935,747.0,0,332,10,324.0,10,2.0,10,5.8,10,1004.4,10,,,47,10,0.0,10,0,10,,,0.8,10,13.4,,,0,13.2,,,0,,,16.7,10,28.1,10,1021,10
2008-05-07T11:00+00:00,5935,849.0,0,335,10,345.0,10,2.4,10,6.8,10,1004.0,10,,,45,10,0.0,10,0,10,,,1.0,10,13.6,,,0,13.2,,,0,,,18.0,10,32.1,10,1145,10
2008-05-07T12:00+00:00,5935,869.0,0,329,10,302.0,10,2.6,10,7.3,10,1003.6,10,,,40,10,0.0,10,0,10,,,1.0,10,13.9,,,0,13.2,,,0,,,18.9,10,33.3,10,1225,10
2008-05-07T13:00+00:00,5935,717.0,0,312,10,301.0,10,2.6,10,8.0,10,1002.9,10,,,41,10,0.0,10,0,10,,,1.0,10,14.1,,,0,13.3,,,0,,,19.0,10,26.9,10,1320,10
2008-05-07T14:00+00:00,5935,670.0,0,347,10,319.0,10,2.3,10,6.6,10,1002.3,10,,,38,10,0.0,10,0,10,,,1.0,10,14.3,,,0,13.3,,,0,,,20.0,10,28.3,10,1402,10
2008-05-07T15:00+00:00,5935,498.0,0,357,10,31.0,10,2.5,10,8.2,10,1002.0,10,,,39,10,0.0,10,0,10,,,1.0,10,14.5,,,0,13.4,,,0,,,19.8,10,22.9,10,1536,10
2008-05-07T16:00+00:00,5935,321.0,0,7,10,22.0,10,2.4,10,5.5,10,1001.7,10,,,39,10,0.0,10,0,10,,,0.6,10,14.6,,,0,13.5,,,0,,,18.8,10,18.5,10,1605,10
2008-05-07T17:00+00:00,5935,193.0,0,360,10,4.0,10,2.2,10,5.3,10,1001.5,10,,,40,10,0.0,10,0,10,,,0.9,10,14.5,,,0,13.6,,,0,,,18.5,10,15.3,10,1714,10
2008-05-07T18:00+00:00,5935,86.0,0,336,10,330.0,10,1.1,10,3.7,10,1001.4,10,,,42,10,0.0,10,0,10,,,0.8,10,14.5,,,0,13.6,,,0,,,16.9,10,11.1,10,1805,10
2008-05-07T19:00+00:00,5935,3.0,0,14,10,61.0,10,0.3,10,1.8,10,1001.7,10,,,56,10,0.0,10,0,10,,,0.0,10,14.4,,,0,13.7,,,0,,,13.4,10,7.1,10,1939,10
2008-05-07T20:00+00:00,5935,0.0,0,327,10,340.0,10,0.9,10,1.6,10,1002.0,10,,,66,10,0.0,10,0,10,,,0.0,10,14.2,,,0,13.7,,,0,,,11.6,10,5.8,10,2024,10
2008-05-07T21:00+00:00,5935,0.0,0,326,10,314.0,10,0.4,10,1.4,10,1002.0,10,,,73,10,0.0,10,0,10,,,0.0,10,14.0,,,0,13.7,,,0,,,10.7,10,4.9,10,2110,10
2008-05-07T22:00+00:00,5935,0.0,0,296,10,274.0,10,0.4,10,1.2,10,1001.9,10,,,77,10,0.0,10,0,10,,,0.0,10,13.8,,,0,13.7,,,0,,,9.3,10,4.4,10,2259,10
2008-05-07T23:00+00:00,5935,0.0,0,304,10,287.0,10,0.3,10,1.3,10,1001.8,10,,,78,10,0.0,10,0,10,,,0.0,10,13.6,,,0,13.7,,,0,,,8.9,10,4.1,10,2311,10
2008-05-08T00:00+00:00,5935,0.0,0,275,10,294.0,10,0.4,10,1.5,10,1001.6,10,,,80,10,0.0,10,0,10,,,0.0,10,13.4,,,0,13.6,,,0,,,8.2,10,3.5,10,34,10
2008-05-08T01:00+00:00,5935,0.0,0,324,10,309.0,10,0.7,10,2.0,10,1001.3,10,,,75,10,0.0,10,0,10,,,0.0,10,13.2,,,0,13.6,,,0,,,9.0,10,3.3,10,140,10
2008-05-08T02:00+00:00,5935,0.0,0,314,10,321.0,10,1.2,10,3.1,10,1001.3,10,,,76,10,0.0,10,0,10,,,0.0,10,13.1,,,0,13.5,,,0,,,9.2,10,3.3,10,258,10
2008-05-08T03:00+00:00,5935,0.0,0,314,10,321.0,10,1.3,10,3.4,10,1001.2,10,,,76,10,0.0,10,0,10,,,0.0,10,13.0,,,0,13.5,,,0,,,8.9,10,3.9,10,329,10
2008-05-08T04:00+00:00,5935,12.0,0,315,10,346.0,10,1.2,10,2.9,10,1001.3,10,,,76,10,0.0,10,0,10,,,0.1,10,12.8,,,0,13.4,,,0,,,8.9,10,3.4,10,434,10
2008-05-08T05:00+00:00,5935,123.0,0,315,10,318.0,10,1.7,10,4.1,10,1001.5,10,,,71,10,0.0,10,0,10,,,1.0,10,12.8,,,0,13.4,,,0,,,11.0,10,4.9,10,535,10
2008-05-08T06:00+00:00,5935,293.0,0,311,10,308.0,10,2.1,10,5.2,10,1001.8,10,,,65,10,0.0,10,0,10,,,1.0,10,12.7,,,0,13.3,,,0,,,12.5,10,9.5,10,645,10
2008-05-08T07:00+00:00,5935,466.0,0,315,10,348.0,10,2.7,10,5.8,10,1001.8,10,,,61,10,0.0,10,0,10,,,1.0,10,12.8,,,0,13.2,,,0,,,14.2,10,19.5,10,741,10
2008-05-08T08:00+00:00,5935,625.0,0,320,10,333.0,10,2.2,10,5.6,10,1001.6,10,,,53,10,0.0,10,0,10,,,1.0,10,12.9,,,0,13.2,,,0,,,16.5,10,26.0,10,858,10
2008-05-08T09:00+00:00,5935,757.0,0,310,10,274.0,10,2.7,10,6.1,10,1001.3,10,,,48,10,0.0,10,0,10,,,1.0,10,13.2,,,0,13.2,,,0,,,18.0,10,30.8,10,941,10
2008-05-08T10:00+00:00,5935,837.0,0,319,10,288.0,10,2.4,10,7.0,10,1001.1,10,,,46,10,0.0,10,0,10,,,1.0,10,13.4,,,0,13.2,,,0,,,18.7,10,30.0,10,1052,10
2008-05-08T11:00+00:00,5935,872.0,0,335,10,313.0,10,2.1,10,7.2,10,1000.5,10,,,46,10,0.0,10,0,10,,,1.0,10,13.6,,,0,13.2,,,0,,,19.2,10,33.8,10,1112,10
2008-05-08T12:00+00:00,5935,831.0,0,338,10,333.0,10,1.6,10,5.8,10,1000.0,10,,,43,10,0.0,10,0,10,,,1.0,10,13.9,,,0,13.3,,,0,,,20.4,10,34.5,10,1210,10
2008-05-08T13:00+00:00,5935,819.0,0,338,10,325.0,10,1.7,10,6.2,10,999.7,10,,,41,10,0.0,10,0,10,,,1.0,10,14.3,,,0,13.3,,,0,,,21.3,10,35.5,10,1333,10
2008-05-08T14:00+00:00,5935,702.0,0,300,10,323.0,10,1.4,10,5.8,10,999.0,10,,,38,10,0.0,10,0,10,,,1.0,10,14.7,,,0,13.4,,,0,,,21.8,10,33.3,10,1452,10
2008-05-08T15:00+00:00,5935,553.0,0,315,10,281.0,10,1.1,10,6.9,10,998.6,10,,,38,10,0.0,10,0,10,,,1.0,10,15.0,,,0,13.5,,,0,,,22.3,10,29.6,10,1539,10
2008-05-08T16:00+00:00,5935,376.0,0,302,10,48.0,10,2.2,10,5.9,10,998.2,10,,,39,10,0.0,10,0,10,,,1.0,10,15.2,,,0,13.6,,,0,,,21.4,10,18.5,10,1700,10
2008-05-08T17:00+00:00,5935,205.0,0,292,10,323.0,10,1.9,10,5.8,10,998.1,10,,,41,10,0.0,10,0,10,,,0.8,10,15.2,,,0,13.8,,,0,,,21.0,10,18.5,10,1704,10
2008-05-08T18:00+00:00,5935,36.0,0,284,10,286.0,10,1.7,10,5.2,10,998.2,10,,,43,10,0.0,10,0,10,,,0.1,10,15.2,,,0,13.9,,,0,,,19.6,10,15.4,10,1900,10
2008-05-08T19:00+00:00,5935,3.0,0,305,10,309.0,10,0.9,10,3.3,10,998.5,10,,,51,10,0.0,10,0,10,,,0.0,10,15.0,,,0,14.0,,,0,,,16.8,10,10.3,10,1903,10
2008-05-08T20:00+00:00,5935,0.0,0,352,10,44.0,10,1.0,10,5.7,10,998.9,10,,,53,10,0.0,10,0,10,,,0.0,10,14.9,,,0,14.0,,,0,,,17.2,10,10.6,10,2043,10
2008-05-08T21:00+00:00,5935,0.0,0,8,10,82.0,10,0.3,10,2.4,10,999.1,10,,,60,10,0.0,10,0,10,,,0.0,10,14.8,,,0,14.1,,,0,,,16.4,10,12.8,10,2101,10
2008-05-08T22:00+00:00,5935,0.0,0,333,10,341.0,10,1.0,10,4.1,10,999.6,10,,,61,10,0.0,10,0,10,,,0.0,10,14.7,,,0,14.1,,,0,,,16.1,10,12.3,10,2252,10
2008-05-08T23:00+00:00,5935,0.0,0,23,10,13.0,10,0.6,10,2.8,10,999.4,10,,,68,10,0.0,10,4,10,,,0.0,10,14.6,,,0,14.1,,,0,,,15.0,10,11.4,10,2307,10
2008-05-09T00:00+00:00,5935,0.0,0,296,10,282.0,10,0.1,10,1.0,10,999.4,10,,,80,10,0.0,10,0,10,,,0.0,10,14.5,,,0,14.1,,,0,,,12.3,10,7.3,10,43,10
2008-05-09T01:00+00:00,5935,0.0,0,307,10,316.0,10,0.1,10,1.0,10,999.4,10,,,82,10,0.0,10,0,10,,,0.0,10,14.3,,,0,14.1,,,0,,,11.6,10,6.8,10,139,10
2008-05-09T02:00+00:00,5935,0.0,0,324,10,307.0,10,0.1,10,2.5,10,999.5,10,,,80,10,0.0,10,0,10,,,0.0,10,14.1,,,0,14.0,,,0,,,11.8,10,7.2,10,254,10
2008-05-09T03:00+00:00,5935,0.0,0,310,10,309.0,10,0.5,10,2.3,10,999.5,10,,,83,10,0.0,10,0,10,,,0.0,10,13.9,,,0,14.0,,,0,,,10.8,10,5.9,10,321,10
2008-05-09T04:00+00:00,5935,11.0,0,0,10,339.0,10,0.0,10,1.1,10,999.7,10,,,87,10,0.0,10,0,10,,,0.0,10,13.7,,,0,13.9,,,0,,,10.1,10,5.6,10,406,10
2008-05-09T05:00+00:00,5935,85.0,0,309,10,309.0,10,0.6,10,2.2,10,999.8,10,,,82,10,0.0,10,0,10,,,0.6,10,13.6,,,0,13.9,,,0,,,12.2,10,6.2,10,527,10
2008-05-09T06:00+00:00,5935,233.0,0,312,10,320.0,10,1.1,10,3.8,10,1000.1,10,,,70,10,0.0,10,0,10,,,0.8,10,13.6,,,0,13.8,,,0,,,14.4,10,11.6,10,652,10
2008-05-09T07:00+00:00,5935,444.0,0,334,10,347.0,10,1.1,10,3.2,10,1000.1,10,,,65,10,0.0,10,0,10,,,1.0,10,13.7,,,0,13.8,,,0,,,16.3,10,17.6,10,725,10
2008-05-09T08:00+00:00,5935,593.0,0,30,10,58.0,10,1.5,10,4.1,10,1000.1,10,,,61,10,0.0,10,0,10,,,1.0,10,13.9,,,0,13.7,,,0,,,17.1,10,27.1,10,811,10
2008-05-09T09:00+00:00,5935,700.0,0,360,10,345.0,10,1.0,10,4.2,10,999.9,10,,,56,10,0.0,10,0,10,,,1.0,10,14.2,,,0,13.7,,,0,,,18.6,10,29.1,10,947,10
2008-05-09T10:00+00:00,5935,746.0,0,43,10,41.0,10,1.2,10,5.0,10,999.6,10,,,52,10,0.0,10,0,10,,,0.8,10,14.5,,,0,13.8,,,0,,,19.5,10,27.1,10,1043,10
2008-05-09T11:00+00:00,5935,793.0,0,51,10,6.0,10,2.2,10,5.7,10,999.4,10,,,49,10,0.0,10,0,10,,,0.9,10,14.8,,,0,13.8,,,0,,,20.6,10,30.6,10,1121,10
2008-05-09T12:00+00:00,5935,487.0,0,12,10,18.0,10,1.5,10,5.0,10,999.2,10,,,46,10,0.0,10,0,10,,,0.4,10,15.1,,,0,13.9,,,0,,,21.1,10,21.0,10,1219,10
2008-05-09T13:00+00:00,5935,791.0,0,33,10,71.0,10,2.1,10,6.5,10,999.2,10,,,42,10,0.0,10,0,10,,,1.0,10,15.4,,,0,14.0,,,0,,,21.8,10,32.5,10,1334,10
2008-05-09T14:00+00:00,5935,618.0,0,33,10,27.0,10,2.5,10,6.6,10,999.0,10,,,41,10,0.0,10,0,10,,,0.9,10,15.7,,,0,14.1,,,0,,,21.6,10,27.3,10,1437,10
2008-05-09T15:00+00:00,5935,437.0,0,25,10,14.0,10,2.0,10,5.1,10,999.1,10,,,41,10,0.0,10,0,10,,,0.8,10,15.8,,,0,14.2,,,0,,,21.6,10,23.6,10,1551,10
2008-05-09T16:00+00:00,5935,374.0,0,54,10,60.0,10,2.9,10,6.4,10,999.1,10,,,43,10,0.0,10,0,10,,,1.0,10,15.9,,,0,14.3,,,0,,,20.7,10,18.3,10,1627,10
2008-05-09T17:00+00:00,5935,205.0,0,53,10,72.0,10,2.9,10,5.9,10,999.1,10,,,41,10,0.0,10,0,10,,,1.0,10,15.8,,,0,14.4,,,0,,,19.9,10,17.7,10,1717,10
2008-05-09T18:00+00:00,5935,61.0,0,60,10,43.0,10,2.5,10,5.7,10,999.6,10,,,44,10,0.0,10,0,10,,,0.8,10,15.7,,,0,14.5,,,0,,,18.3,10,13.5,10,1827,10
2008-05-09T19:00+00:00,5935,4.0,0,57,10,67.0,10,1.6,10,4.8,10,1000.2,10,,,48,10,0.0,10,0,10,,,0.0,10,15.5,,,0,14.5,,,0,,,16.3,10,9.0,10,1908,10
2008-05-09T20:00+00:00,5935,0.0,0,13,10,59.0,10,0.6,10,2.4,10,1000.5,10,,,58,10,0.0,10,0,10,,,0.0,10,15.3,,,0,14.6,,,0,,,14.0,10,7.5,10,2008,10
2008-05-09T21:00+00:00,5935,0.0,0,360,10,354.0,10,0.4,10,1.8,10,1001.0,10,,,62,10,0.0,10,0,10,,,0.0,10,15.0,,,0,14.6,,,0,,,12.9,10,6.9,10,2142,10
2008-05-09T22:00+00:00,5935,0.0,0,17,10,42.0,10,0.7,10,1.9,10,1001.2,10,,,65,10,0.0,10,0,10,,,0.0,10,14.8,,,0,14.5,,,0,,,12.2,10,6.1,10,2256,10
2008-05-09T23:00+00:00,5935,0.0,0,14,10,30.0,10,1.1,10,2.5,10,1001.3,10,,,66,10,0.0,10,0,10,,,0.0,10,14.6,,,0,14.5,,,0,,,11.4,10,6.1,10,2334,10
2008-05-10T00:00+00:00,5935,0.0,0,360,10,1.0,10,0.4,10,2.0,10,1001.3,10,,,75,10,0.0,10,0,10,,,0.0,10,14.3,,,0,14.4,,,0,,,9.6,10,4.9,10,3,10
2008-05-10T01:00+00:00,5935,0.0,0,340,10,336.0,10,0.1,10,1.3,10,1001.4,10,,,79,10,0.0,10,0,10,,,0.0,10,14.1,,,0,14.4,,,0,,,9.1,10,4.4,10,120,10
2008-05-10T02:00+00:00,5935,0.0,0,341,10,345.0,10,0.2,10,1.5,10,1001.5,10,,,82,10,0.0,10,0,10,,,0.0,10,13.9,,,0,14.3,,,0,,,8.7,10,3.8,10,250,10
2008-05-10T03:00+00:00,5935,0.0,0,354,10,326.0,10,0.5,10,1.5,10,1001.5,10,,,84,10,0.0,10,0,10,,,0.0,10,13.7,,,0,14.2,,,0,,,8.0,10,3.5,10,400,10
2008-05-10T04:00+00:00,5935,19.0,0,356,10,335.0,10,0.2,10,1.6,10,1001.9,10,,,84,10,0.0,10,0,10,,,0.1,10,13.5,,,0,14.2,,,0,,,8.5,10,3.4,10,454,10
2008-05-10T05:00+00:00,5935,128.0,0,357,10,353.0,10,0.5,10,2.3,10,1002.2,10,,,72,10,0.0,10,0,10,,,1.0,10,13.3,,,0,14.1,,,0,,,11.4,10,4.8,10,548,10
2008-05-10T06:00+00:00,5935,293.0,0,16,10,20.0,10,1.5,10,4.0,10,1002.5,10,,,68,10,0.0,10,0,10,,,1.0,10,13.3,,,0,14.0,,,0,,,12.9,10,11.1,10,630,10
2008-05-10T07:00+00:00,5935,462.0,0,58,10,65.0,10,1.2,10,4.5,10,1002.6,10,,,60,10,0.0,10,0,10,,,1.0,10,13.4,,,0,13.9,,,0,,,15.3,10,18.9,10,746,10
2008-05-10T08:00+00:00,5935,616.0,0,89,10,81.0,10,1.8,10,4.9,10,1002.7,10,,,56,10,0.0,10,0,10,,,1.0,10,13.7,,,0,13.8,,,0,,,16.7,10,25.7,10,827,10
2008-05-10T09:00+00:00,5935,743.0,0,123,10,110.0,10,2.4,10,6.8,10,1002.6,10,,,53,10,0.0,10,0,10,,,1.0,10,14.0,,,0,13.8,,,0,,,17.7,10,27.6,10,911,10
2008-05-10T10:00+00:00,5935,824.0,0,105,10,69.0,10,2.6,10,6.9,10,1002.6,10,,,50,10,0.0,10,0,10,,,1.0,10,14.3,,,0,13.8,,,0,,,18.7,10,30.1,10,1031,10
2008-05-10T11:00+00:00,5935,870.0,0,100,10,132.0,10,2.5,10,7.5,10,1002.4,10,,,48,10,0.0,10,0,10,,,1.0,10,14.6,,,0,13.9,,,0,,,19.4,10,33.9,10,1105,10
2008-05-10T12:00+00:00,5935,859.0,0,86,10,75.0,10,2.4,10,7.5,10,1002.2,10,,,47,10,0.0,10,0,10,,,1.0,10,15.0,,,0,13.9,,,0,,,20.5,10,34.1,10,1210,10
2008-05-10T13:00+00:00,5935,843.0,0,122,10,86.0,10,2.1,10,6.3,10,1001.9,10,,,45,10,0.0,10,0,10,,,1.0,10,15.4,,,0,14.0,,,0,,,21.0,10,34.5,10,1326,10
2008-05-10T14:00+00:00,5935,414.0,0,75,10,51.0,10,1.8,10,7.2,10,1001.6,10,,,46,10,0.0,10,0,10,,,0.3,10,15.8,,,0,14.1,,,0,,,20.0,10,23.0,10,1436,10
2008-05-10T15:00+00:00,5935,405.0,0,97,10,66.0,10,2.0,10,5.9,10,1001.5,10,,,45,10,0.0,10,0,10,,,0.6,10,15.9,,,0,14.3,,,0,,,20.1,10,23.4,10,1512,10
2008-05-10T16:00+00:00,5935,334.0,0,86,10,66.0,10,1.7,10,5.9,10,1001.4,10,,,45,10,0.0,10,0,10,,,0.7,10,16.0,,,0,14.4,,,0,,,20.4,10,21.0,10,1650,10
2008-05-10T17:00+00:00,5935,111.0,0,107,10,98.0,10,1.3,10,4.7,10,1001.3,10,,,46,10,0.0,10,0,10,,,0.3,10,16.0,,,0,14.5,,,0,,,19.5,10,17.2,10,1703,10
2008-05-10T18:00+00:00,5935,76.0,0,160,10,194.0,10,0.6,10,2.0,10,1001.4,10,,,47,10,0.0,10,0,10,,,1.0,10,15.9,,,0,14.6,,,0,,,18.7,10,12.1,10,1802,10
2008-05-10T19:00+00:00,5935,4.0,0,132,10,147.0,10,0.1,10,1.5,10,1001.8,10,,,62,10,0.0,10,0,10,,,0.0,10,15.7,,,0,14.7,,,0,,,14.6,10,9.0,10,1905,10
2008-05-10T20:00+00:00,5935,0.0,0,357,10,21.0,10,0.8,10,2.7,10,1002.1,10,,,67,10,0.0,10,0,10,,,0.0,10,15.5,,,0,14.7,,,0,,,14.1,10,8.3,10,2003,10
2008-05-10T21:00+00:00,5935,0.0,0,307,10,338.0,10,0.2,10,1.2,10,1002.2,10,,,72,10,0.0,10,0,10,,,0.0,10,15.2,,,0,14.7,,,0,,,12.4,10,7.2,10,2108,10
2008-05-10T22:00+00:00,5935,0.0,0,9,10,24.0,10,0.1,10,1.6,10,1002.3,10,,,73,10,0.0,10,0,10,,,0.0,10,15.0,,,0,14.7,,,0,,,11.8,10,6.5,10,2254,10
2008-05-10T23:00+00:00,5935,0.0,0,353,10,354.0,10,0.3,10,1.4,10,1002.5,10,,,77,10,0.0,10,0,10,,,0.0,10,14.7,,,0,14.7,,,0,,,10.7,10,5.8,10,2302,10
2008-05-11T00:00+00:00,5935,0.0,0,31,10,65.0,10,0.1,10,1.7,10,1002.5,10,,,81,10,0.0,10,0,10,,,0.0,10,14.5,,,0,14.6,,,0,,,10.0,10,5.3,10,55,10
2008-05-11T01:00+00:00,5935,0.0,0,39,10,61.0,10,0.3,10,1.4,10,1002.7,10,,,85,10,0.0,10,0,10,,,0.0,10,14.3,,,0,14.5,,,0,,,8.7,10,5.2,10,105,10
2008-05-11T02:00+00:00,5935,0.0,0,49,10,52.0,10,0.1,10,1.2,10,1003.1,10,,,89,10,0.0,10,0,10,,,0.0,10,14.1,,,0,14.5,,,0,,,8.1,10,4.7,10,205,10
2008-05-11T03:00+00:00,5935,0.0,0,12,10,46.0,10,0.1,10,1.2,10,1003.2,10,,,91,10,0.0,10,0,10,,,0.0,10,13.9,,,0,14.4,,,0,,,7.7,10,4.4,10,316,10
2008-05-11T04:00+00:00,5935,22.0,0,51,10,60.0,10,0.4,10,2.0,10,1003.6,10,,,89,10,0.0,10,0,10,,,0.0,10,13.7,,,0,14.3,,,0,,,8.4,10,4.0,10,419,10
2008-05-11T05:00+00:00,5935,162.0,0,74,10,78.0,10,0.2,10,1.3,10,1003.8,10,,,72,10,0.0,10,0,10,,,1.0,10,13.6,,,0,14.2,,,0,,,12.6,10,6.4,10,558,10
2008-05-11T06:00+00:00,5935,298.0,0,110,10,136.0,10,0.9,10,2.9,10,1004.0,10,,,62,10,0.0,10,0,10,,,1.0,10,13.6,,,0,14.1,,,0,,,14.6,10,13.9,10,658,10
2008-05-11T07:00+00:00,5935,464.0,0,126,10,188.0,10,1.3,10,4.1,10,1004.0,10,,,55,10,0.0,10,0,10,,,1.0,10,13.8,,,0,14.1,,,0,,,16.0,10,19.4,10,745,10
2008-05-11T08:00+00:00,5935,620.0,0,144,10,124.0,10,2.2,10,6.5,10,1003.9,10,,,44,10,0.0,10,0,10,,,1.0,10,14.0,,,0,14.0,,,0,,,17.0,10,25.7,10,846,10
2008-05-11T09:00+00:00,5935,749.0,0,136,10,114.0,10,1.9,10,5.8,10,1003.9,10,,,40,10,0.0,10,0,10,,,1.0,10,14.3,,,0,14.0,,,0,,,18.6,10,28.6,10,944,10
2008-05-11T10:00+00:00,5935,840.0,0,125,10,154.0,10,2.0,10,6.5,10,1003.8,10,,,38,10,0.0,10,0,10,,,1.0,10,14.5,,,0,14.0,,,0,,,19.1,10,32.6,10,1032,10
2008-05-11T11:00+00:00,5935,872.0,0,101,10,95.0,10,2.0,10,6.4,10,1003.7,10,,,37,10,0.0,10,0,10,,,1.0,10,14.8,,,0,14.1,,,0,,,19.6,10,35.5,10,1111,10
2008-05-11T12:00+00:00,5935,858.0,0,120,10,161.0,10,1.3,10,6.5,10,1003.3,10,,,37,10,0.0,10,0,10,,,1.0,10,15.2,,,0,14.1,,,0,,,19.9,10,36.3,10,1245,10
2008-05-11T13:00+00:00,5935,792.0,0,77,10,93.0,10,1.6,10,6.1,10,1002.7,10,,,37,10,0.0,10,0,10,,,1.0,10,15.6,,,0,14.2,,,0,,,20.8,10,34.3,10,1337,10
2008-05-11T14:00+00:00,5935,613.0,0,61,10,82.0,10,1.0,10,5.2,10,1002.1,10,,,37,10,0.0,10,0,10,,,0.9,10,15.9,,,0,14.3,,,0,,,20.6,10,26.7,10,1405,10
2008-05-11T15:00+00:00,5935,506.0,0,94,10,189.0,10,0.6,10,3.5,10,1001.7,10,,,37,10,0.0,10,0,10,,,0.9,10,16.2,,,0,14.5,,,0,,,20.9,10,26.6,10,1554,10
2008-05-11T16:00+00:00,5935,382.0,0,112,10,119.0,10,0.6,10,4.0,10,1001.4,10,,,37,10,0.0,10,0,10,,,0.9,10,16.3,,,0,14.6,,,0,,,21.2,10,18.9,10,1629,10
2008-05-11T17:00+00:00,5935,221.0,0,68,10,81.0,10,1.4,10,3.8,10,1001.2,10,,,38,10,0.0,10,0,10,,,1.0,10,16.3,,,0,14.7,,,0,,,20.7,10,17.4,10,1707,10
2008-05-11T18:00+00:00,5935,72.0,0,59,10,35.0,10,0.7,10,2.2,10,1001.1,10,,,40,10,0.0,10,0,10,,,1.0,10,16.1,,,0,14.8,,,0,,,19.1,10,11.9,10,1818,10
2008-05-11T19:00+00:00,5935,4.0,0,118,10,148.0,10,0.5,10,1.6,10,1001.3,10,,,53,10,0.0,10,0,10,,,0.0,10,15.9,,,0,14.9,,,0,,,15.5,10,8.8,10,1915,10
2008-05-11T20:00+00:00,5935,0.0,0,0,10,213.0,10,0.0,10,1.7,10,1001.5,10,,,62,10,0.0,10,0,10,,,0.0,10,15.7,,,0,14.9,,,0,,,13.2,10,8.0,10,2015,10
2008-05-11T21:00+00:00,5935,0.0,0,242,10,228.0,10,0.2,10,1.5,10,1001.4,10,,,71,10,0.0,10,0,10,,,0.0,10,15.4,,,0,14.9,,,0,,,12.2,10,7.3,10,2153,10
2008-05-11T22:00+00:00,5935,0.0,0,219,10,216.0,10,0.1,10,1.2,10,1001.2,10,,,78,10,0.0,10,0,10,,,0.0,10,15.2,,,0,14.9,,,0,,,11.0,10,6.4,10,2300,10
2008-05-11T23:00+00:00,5935,0.0,0,283,10,331.0,10,0.1,10,1.4,10,1001.1,10,,,79,10,0.0,10,0,10,,,0.0,10,14.9,,,0,14.9,,,0,,,10.4,10,5.9,10,2317,10
2008-05-12T00:00+00:00,5935,0.0,0,292,10,309.0,10,0.5,10,1.9,10,1000.9,10,,,79,10,0.0,10,0,10,,,0.0,10,14.7,,,0,14.8,,,0,,,10.1,10,5.4,10,25,10
2008-05-12T01:00+00:00,5935,0.0,0,309,10,51.0,10,0.1,10,2.1,10,1000.9,10,,,81,10,0.0,10,0,10,,,0.0,10,14.5,,,0,14.7,,,0,,,9.5,10,5.0,10,159,10
2008-05-12T02:00+00:00,5935,0.0,0,13,10,56.0,10,0.5,10,3.2,10,1000.8,10,,,85,10,0.0,10,0,10,,,0.0,10,14.2,,,0,14.7,,,0,,,8.8,10,5.1,10,201,10
2008-05-12T03:00+00:00,5935,0.0,0,313,10,309.0,10,0.4,10,1.2,10,1000.4,10,,,89,10,0.0,10,0,10,,,0.0,10,14.0,,,0,14.6,,,0,,,7.9,10,4.2,10,319,10
2008-05-12T04:00+00:00,5935,21.0,0,308,10,321.0,10,0.1,10,1.5,10,1000.6,10,,,86,10,0.0,10,0,10,,,0.2,10,13.8,,,0,14.5,,,0,,,8.8,10,4.3,10,452,10
2008-05-12T05:00+00:00,5935,131.0,0,305,10,310.0,10,0.7,10,2.4,10,1000.7,10,,,77,10,0.0,10,0,10,,,1.0,10,13.7,,,0,14.4,,,0,,,11.4,10,5.8,10,543,10
2008-05-12T06:00+00:00,5935,293.0,0,5,10,312.0,10,0.6,10,2.1,10,1001.1,10,,,65,10,0.0,10,0,10,,,1.0,10,13.8,,,0,14.3,,,0,,,14.1,10,12.1,10,607,10
2008-05-12T07:00+00:00,5935,462.0,0,346,10,3.0,10,0.5,10,2.4,10,1001.1,10,,,57,10,0.0,10,0,10,,,1.0,10,13.9,,,0,14.3,,,0,,,16.3,10,19.8,10,750,10
2008-05-12T08:00+00:00,5935,612.0,0,72,10,134.0,10,1.0,10,3.3,10,1001.2,10,,,52,10,0.0,10,0,10,,,1.0,10,14.2,,,0,14.2,,,0,,,18.7,10,28.0,10,816,10
2008-05-12T09:00+00:00,5935,730.0,0,99,10,63.0,10,0.6,10,2.7,10,1001.1,10,,,45,10,0.0,10,0,10,,,1.0,10,14.5,,,0,14.2,,,0,,,20.1,10,31.7,10,909,10
2008-05-12T10:00+00:00,5935,811.0,0,107,10,95.0,10,0.8,10,4.2,10,1000.7,10,,,43,10,0.0,10,0,10,,,1.0,10,14.8,,,0,14.2,,,0,,,21.2,10,35.7,10,1045,10
2008-05-12T11:00+00:00,5935,851.0,0,89,10,91.0,10,0.9,10,5.5,10,1000.4,10,,,41,10,0.0,10,0,10,,,1.0,10,15.1,,,0,14.3,,,0,,,21.8,10,38.3,10,1120,10
2008-05-12T12:00+00:00,5935,843.0,0,80,10,107.0,10,1.2,10,5.6,10,999.9,10,,,40,10,0.0,10,0,10,,,1.0,10,15.5,,,0,14.3,,,0,,,22.1,10,38.6,10,1236,10
2008-05-12T13:00+00:00,5935,758.0,0,97,10,141.0,10,1.0,10,5.1,10,999.5,10,,,40,10,0.0,10,0,10,,,1.0,10,15.9,,,0,14.4,,,0,,,22.5,10,36.0,10,1331,10
2008-05-12T14:00+00:00,5935,679.0,0,172,10,242.0,10,0.7,10,4.5,10,999.1,10,,,39,10,0.0,10,0,10,,,1.0,10,16.3,,,0,14.5,,,0,,,23.9,10,34.6,10,1427,10
2008-05-12T15:00+00:00,5935,548.0,0,128,10,130.0,10,1.1,10,5.3,10,998.8,10,,,39,10,0.0,10,0,10,,,1.0,10,16.6,,,0,14.7,,,0,,,24.3,10,31.5,10,1507,10
2008-05-12T16:00+00:00,5935,407.0,0,122,10,139.0,10,1.3,10,5.4,10,998.4,10,,,39,10,0.0,10,0,10,,,1.0,10,16.8,,,0,14.8,,,0,,,23.2,10,21.9,10,1605,10
2008-05-12T17:00+00:00,5935,166.0,0,137,10,124.0,10,1.5,10,4.3,10,998.6,10,,,40,10,0.0,10,0,10,,,0.6,10,16.8,,,0,15.0,,,0,,,22.4,10,18.8,10,1732,10
2008-05-12T18:00+00:00,5935,69.0,0,124,10,133.0,10,1.1,10,2.9,10,998.6,10,,,41,10,0.0,10,0,10,,,0.9,10,16.7,,,0,15.1,,,0,,,21.2,10,14.0,10,1806,10
2008-05-12T19:00+00:00,5935,4.0,0,148,10,142.0,10,0.5,10,1.6,10,998.7,10,,,53,10,0.0,10,0,10,,,0.0,10,16.5,,,0,15.2,,,0,,,17.6,10,10.5,10,1908,10
2008-05-12T20:00+00:00,5935,0.0,0,186,10,183.0,10,0.9,10,2.0,10,998.8,10,,,60,10,0.0,10,0,10,,,0.0,10,16.2,,,0,15.2,,,0,,,15.5,10,9.7,10,2019,10
2008-05-12T21:00+00:00,5935,0.0,0,0,10,296.0,10,0.0,10,0.8,10,998.9,10,,,70,10,0.0,10,0,10,,,0.0,10,16.0,,,0,15.2,,,0,,,14.2,10,9.1,10,2200,10
2008-05-12T22:00+00:00,5935,0.0,0,0,10,,10,0.0,10,0.1,10,999.0,10,,,76,10,0.0,10,0,10,,,0.0,10,15.8,,,0,15.2,,,0,,,13.0,10,7.9,10,2255,10
2008-05-12T23:00+00:00,5935,0.0,0,0,10,,10,0.0,10,0.1,10,998.9,10,,,80,10,0.0,10,0,10,,,0.0,10,15.5,,,0,15.2,,,0,,,12.4,10,7.7,10,2355,10
2008-05-13T00:00+00:00,5935,0.0,0,0,10,,10,0.0,10,0.1,10,998.8,10,,,84,10,0.0,10,0,10,,,0.0,10,15.3,,,0,15.2,,,0,,,11.3,10,6.9,10,55,10
2008-05-13T01:00+00:00,5935,0.0,0,0,10,,10,0.0,10,0.1,10,998.8,10,,,85,10,0.0,10,0,10,,,0.0,10,15.1,,,0,15.1,,,0,,,11.1,10,6.1,10,155,10
2008-05-13T02:00+00:00,5935,0.0,0,1,10,3.0,10,0.3,10,1.2,10,998.8,10,,,89,10,0.0,10,0,10,,,0.0,10,14.8,,,0,15.0,,,0,,,10.0,10,5.7,10,255,10
2008-05-13T03:00+00:00,5935,0.0,0,12,10,21.0,10,0.5,10,1.4,10,998.7,10,,,89,10,0.0,10,0,10,,,0.0,10,14.6,,,0,15.0,,,0,,,9.7,10,5.4,10,305,10
2008-05-13T04:00+00:00,5935,23.0,0,0,10,,10,0.0,10,0.1,10,999.1,10,,,87,10,0.0,10,0,10,,,0.1,10,14.4,,,0,14.9,,,0,,,9.9,10,5.4,10,455,10
2008-05-13T05:00+00:00,5935,116.0,0,324,10,355.0,10,0.1,10,1.2,10,999.3,10,,,80,10,0.0,10,0,10,,,0.9,10,14.3,,,0,14.8,,,0,,,12.0,10,7.0,10,534,10
2008-05-13T06:00+00:00,5935,288.0,0,353,10,340.0,10,0.3,10,2.2,10,999.3,10,,,71,10,0.0,10,0,10,,,1.0,10,14.3,,,0,14.7,,,0,,,14.4,10,12.4,10,646,10
2008-05-13T07:00+00:00,5935,453.0,0,286,10,156.0,10,0.4,10,2.0,10,999.2,10,,,62,10,0.0,10,0,10,,,1.0,10,14.4,,,0,14.7,,,0,,,17.3,10,19.2,10,757,10
2008-05-13T08:00+00:00,5935,599.0,0,195,10,201.0,10,0.9,10,3.0,10,999.0,10,,,51,10,0.0,10,0,10,,,1.0,10,14.7,,,0,14.6,,,0,,,19.6,10,28.8,10,855,10
2008-05-13T09:00+00:00,5935,732.0,0,158,10,149.0,10,1.5,10,4.6,10,998.8,10,,,45,10,0.0,10,0,10,,,1.0,10,15.0,,,0,14.6,,,0,,,21.3,10,33.4,10,926,10
2008-05-13T10:00+00:00,5935,811.0,0,163,10,140.0,10,1.6,10,4.7,10,998.3,10,,,41,10,0.0,10,0,10,,,1.0,10,15.3,,,0,14.6,,,0,,,23.1,10,36.6,10,1053,10
2008-05-13T11:00+00:00,5935,849.0,0,173,10,156.0,10,2.2,10,6.5,10,997.7,10,,,41,10,0.0,10,0,10,,,1.0,10,15.6,,,0,14.7,,,0,,,23.5,10,39.1,10,1108,10
2008-05-13T12:00+00:00,5935,843.0,0,168,10,129.0,10,1.9,10,6.0,10,997.1,10,,,39,10,0.0,10,0,10,,,1.0,10,16.1,,,0,14.7,,,0,,,24.1,10,39.5,10,1300,10
2008-05-13T13:00+00:00,5935,796.0,0,149,10,187.0,10,2.1,10,7.1,10,996.5,10,,,37,10,0.0,10,0,10,,,1.0,10,16.6,,,0,14.8,,,0,,,24.1,10,36.6,10,1308,10
2008-05-13T14:00+00:00,5935,690.0,0,156,10,118.0,10,2.3,10,6.9,10,996.0,10,,,37,10,0.0,10,0,10,,,1.0,10,17.0,,,0,15.0,,,0,,,24.4,10,35.1,10,1428,10
2008-05-13T15:00+00:00,5935,503.0,0,132,10,100.0,10,2.1,10,7.4,10,995.5,10,,,36,10,0.0,10,0,10,,,0.9,10,17.3,,,0,15.1,,,0,,,24.0,10,26.5,10,1549,10
2008-05-13T16:00+00:00,5935,383.0,0,126,10,146.0,10,2.1,10,6.3,10,995.1,10,,,36,10,0.0,10,0,10,,,1.0,10,17.4,,,0,15.3,,,0,,,24.0,10,20.6,10,1625,10
2008-05-13T17:00+00:00,5935,211.0,0,117,10,98.0,10,2.0,10,6.0,10,995.1,10,,,40,10,0.0,10,0,10,,,1.0,10,17.3,,,0,15.4,,,0,,,23.0,10,19.2,10,1743,10
2008-05-13T18:00+00:00,5935,76.0,0,86,10,68.0,10,2.2,10,5.4,10,995.2,10,,,44,10,0.0,10,0,10,,,1.0,10,17.2,,,0,15.5,,,0,,,21.4,10,15.4,10,1808,10
2008-05-13T19:00+00:00,5935,4.0,0,90,10,99.0,10,1.6,10,3.8,10,995.5,10,,,49,10,0.0,10,0,10,,,0.0,10,17.0,,,0,15.6,,,0,,,19.6,10,12.5,10,1901,10
2008-05-13T20:00+00:00,5935,0.0,0,98,10,101.0,10,1.0,10,2.7,10,995.8,10,,,57,10,0.0,10,0,10,,,0.0,10,16.7,,,0,15.6,,,0,,,17.3,10,10.2,10,2003,10
2008-05-13T21:00+00:00,5935,0.0,0,14,10,42.0,10,0.5,10,2.5,10,996.1,10,,,73,10,0.0,10,0,10,,,0.0,10,16.5,,,0,15.6,,,0,,,14.5,10,9.5,10,2117,10
2008-05-13T22:00+00:00,5935,0.0,0,349,10,356.0,10,0.4,10,1.8,10,996.4,10,,,73,10,0.0,10,0,10,,,0.0,10,16.2,,,0,15.6,,,0,,,13.8,10,8.5,10,2219,10
2008-05-13T23:00+00:00,5935,0.0,0,345,10,39.0,10,0.4,10,2.6,10,996.5,10,,,77,10,0.0,10,0,10,,,0.0,10,16.0,,,0,15.6,,,0,,,12.7,10,8.0,10,2336,10
2008-05-14T00:00+00:00,5935,0.0,0,28,10,29.0,10,0.5,10,1.6,10,996.4,10,,,78,10,0.0,10,0,10,,,0.0,10,15.7,,,0,15.6,,,0,,,12.6,10,7.1,10,28,10
2008-05-14T01:00+00:00,5935,0.0,0,360,10,12.0,10,0.6,10,2.0,10,996.4,10,,,81,10,0.0,10,0,10,,,0.0,10,15.5,,,0,15.5,,,0,,,12.0,10,7.0,10,156,10
2008-05-14T02:00+00:00,5935,0.0,0,19,10,21.0,10,0.5,10,1.9,10,996.3,10,,,85,10,0.0,10,0,10,,,0.0,10,15.3,,,0,15.4,,,0,,,11.0,10,6.4,10,207,10
2008-05-14T03:00+00:00,5935,0.0,0,0,10,279.0,10,0.0,10,1.1,10,996.1,10,,,90,10,0.0,10,0,10,,,0.0,10,15.1,,,0,15.4,,,0,,,10.0,10,5.9,10,323,10
2008-05-14T04:00+00:00,5935,20.0,0,0,10,14.0,10,0.0,10,1.1,10,996.2,10,,,89,10,0.0,10,0,10,,,0.2,10,14.9,,,0,15.3,,,0,,,10.6,10,5.8,10,459,10
2008-05-14T05:00+00:00,5935,130.0,0,321,10,324.0,10,0.3,10,1.3,10,996.4,10,,,78,10,0.0,10,0,10,,,1.0,10,14.7,,,0,15.2,,,0,,,13.5,10,7.4,10,531,10
2008-05-14T06:00+00:00,5935,285.0,0,352,10,17.0,10,1.0,10,3.4,10,996.7,10,,,72,10,0.0,10,0,10,,,1.0,10,14.8,,,0,15.1,,,0,,,15.2,10,13.5,10,655,10
2008-05-14T07:00+00:00,5935,449.0,0,30,10,23.0,10,0.9,10,3.1,10,997.0,10,,,64,10,0.0,10,0,10,,,1.0,10,14.9,,,0,15.0,,,0,,,17.1,10,19.9,10,800,10
2008-05-14T08:00+00:00,5935,596.0,0,72,10,89.0,10,0.8,10,2.8,10,997.0,10,,,57,10,0.0,10,0,10,,,1.0,10,15.1,,,0,15.0,,,0,,,18.8,10,29.2,10,803,10
2008-05-14T09:00+00:00,5935,713.0,0,58,10,60.0,10,1.3,10,4.0,10,996.8,10,,,53,10,0.0,10,0,10,,,1.0,10,15.5,,,0,15.0,,,0,,,20.4,10,32.3,10,930,10
2008-05-14T10:00+00:00,5935,795.0,0,82,10,73.0,10,1.1,10,4.6,10,996.4,10,,,51,10,0.0,10,0,10,,,1.0,10,15.8,,,0,15.0,,,0,,,21.7,10,37.6,10,1040,10
2008-05-14T11:00+00:00,5935,830.0,0,127,10,191.0,10,1.3,10,4.6,10,995.8,10,,,47,10,0.0,10,0,10,,,1.0,10,16.1,,,0,15.0,,,0,,,23.0,10,40.1,10,1123,10
2008-05-14T12:00+00:00,5935,828.0,0,93,10,85.0,10,1.5,10,5.6,10,995.1,10,,,41,10,0.0,10,0,10,,,1.0,10,16.5,,,0,15.1,,,0,,,24.1,10,41.3,10,1237,10
2008-05-14T13:00+00:00,5935,704.0,0,118,10,67.0,10,1.1,10,5.0,10,994.7,10,,,39,10,0.0,10,0,10,,,0.9,10,16.9,,,0,15.2,,,0,,,24.6,10,30.9,10,1355,10
2008-05-14T14:00+00:00,5935,604.0,0,71,10,88.0,10,3.0,10,7.0,10,994.1,10,,,42,10,0.0,10,0,10,,,0.8,10,17.2,,,0,15.3,,,0,,,23.7,10,27.8,10,1425,10
2008-05-14T15:00+00:00,5935,535.0,0,86,10,58.0,10,2.4,10,6.9,10,993.9,10,,,40,10,0.0,10,0,10,,,1.0,10,17.4,,,0,15.5,,,0,,,24.1,10,31.5,10,1503,10
2008-05-14T16:00+00:00,5935,375.0,0,87,10,96.0,10,2.0,10,6.1,10,993.7,10,,,42,10,0.0,10,0,10,,,1.0,10,17.5,,,0,15.6,,,0,,,23.8,10,21.1,10,1657,10
2008-05-14T17:00+00:00,5935,206.0,0,88,10,75.0,10,2.4,10,5.3,10,993.8,10,,,42,10,0.0,10,0,10,,,1.0,10,17.5,,,0,15.7,,,0,,,23.2,10,19.6,10,1705,10
2008-05-14T18:00+00:00,5935,70.0,0,104,10,115.0,10,1.7,10,4.2,10,994.1,10,,,44,10,0.0,10,0,10,,,0.7,10,17.4,,,0,15.8,,,0,,,21.8,10,15.8,10,1802,10
2008-05-14T19:00+00:00,5935,6.0,0,125,10,139.0,10,1.2,10,3.7,10,994.5,10,,,49,10,0.0,10,0,10,,,0.0,10,17.2,,,0,15.9,,,0,,,20.2,10,13.8,10,1946,10
2008-05-14T20:00+00:00,5935,0.0,0,47,10,51.0,10,0.7,10,3.1,10,995.0,10,,,62,10,0.0,10,0,10,,,0.0,10,17.0,,,0,15.9,,,0,,,16.9,10,11.3,10,2028,10
2008-05-14T21:00+00:00,5935,0.0,0,63,10,60.0,10,0.7,10,2.5,10,994.7,10,,,69,10,0.0,10,0,10,,,0.0,10,16.8,,,0,15.9,,,0,,,15.2,10,10.1,10,2122,10
2008-05-14T22:00+00:00,5935,0.0,0,19,10,359.0,10,0.2,10,1.5,10,994.7,10,,,75,10,0.0,10,0,10,,,0.0,10,16.5,,,0,15.9,,,0,,,14.4,10,9.0,10,2214,10
2008-05-14T23:00+00:00,5935,0.0,0,104,10,115.0,10,0.6,10,1.6,10,994.3,10,,,75,10,0.0,10,0,10,,,0.0,10,16.3,,,0,15.9,,,0,,,14.3,10,8.7,10,2326,10
2008-05-15T00:00+00:00,5935,0.0,0,48,10,106.0,10,0.1,10,1.4,10,993.8,10,,,83,10,0.0,10,0,10,,,0.0,10,16.1,,,0,15.9,,,0,,,12.9,10,7.8,10,24,10
2008-05-15T01:00+00:00,5935,0.0,0,43,10,26.0,10,0.4,10,1.9,10,993.5,10,,,86,10,0.0,10,0,10,,,0.0,10,15.8,,,0,15.8,,,0,,,12.2,10,7.6,10,153,10
2008-05-15T02:00+00:00,5935,0.0,0,41,10,63.0,10,0.5,10,2.0,10,993.1,10,,,89,10,0.0,10,0,10,,,0.0,10,15.6,,,0,15.7,,,0,,,10.8,10,7.2,10,215,10
2008-05-15T03:00+00:00,5935,0.0,0,357,10,61.0,10,0.1,10,1.5,10,992.8,10,,,90,10,0.0,10,0,10,,,0.0,10,15.4,,,0,15.7,,,0,,,10.1,10,6.4,10,309,10
2008-05-15T04:00+00:00,5935,20.0,0,352,10,319.0,10,0.2,10,1.1,10,993.0,10,,,90,10,0.0,10,0,10,,,0.1,10,15.2,,,0,15.6,,,0,,,10.5,10,6.3,10,419,10
2008-05-15T05:00+00:00,5935,133.0,0,23,10,13.0,10,0.9,10,2.0,10,993.2,10,,,79,10,0.0,10,0,10,,,1.0,10,15.1,,,0,15.5,,,0,,,13.3,10,7.7,10,508,10
2008-05-15T06:00+00:00,5935,285.0,0,115,10,83.0,10,0.7,10,3.1,10,993.1,10,,,71,10,0.0,10,0,10,,,1.0,10,15.1,,,0,15.4,,,0,,,15.7,10,13.6,10,654,10
2008-05-15T07:00+00:00,5935,452.0,0,124,10,117.0,10,0.6,10,3.1,10,993.1,10,,,68,10,0.0,10,0,10,,,1.0,10,15.3,,,0,15.3,,,0,,,16.9,10,20.6,10,714,10
2008-05-15T08:00+00:00,5935,601.0,0,40,10,79.0,10,0.6,10,3.4,10,993.1,10,,,64,10,0.0,10,0,10,,,1.0,10,15.5,,,0,15.3,,,0,,,18.6,10,29.5,10,854,10
2008-05-15T09:00+00:00,5935,718.0,0,45,10,63.0,10,0.7,10,4.2,10,992.8,10,,,58,10,0.0,10,0,10,,,1.0,10,15.8,,,0,15.3,,,0,,,20.8,10,33.9,10,926,10
2008-05-15T10:00+00:00,5935,788.0,0,99,10,82.0,10,1.3,10,4.2,10,992.5,10,,,54,10,0.0,10,0,10,,,1.0,10,16.1,,,0,15.3,,,0,,,22.0,10,38.4,10,1017,10
2008-05-15T11:00+00:00,5935,826.0,0,97,10,100.0,10,1.4,10,4.6,10,992.0,10,,,51,10,0.0,10,0,10,,,1.0,10,16.4,,,0,15.3,,,0,,,23.5,10,40.5,10,1130,10
2008-05-15T12:00+00:00,5935,817.0,0,88,10,98.0,10,1.5,10,5.1,10,991.5,10,,,46,10,0.0,10,0,10,,,1.0,10,16.8,,,0,15.4,,,0,,,24.6,10,41.8,10,1223,10
2008-05-15T13:00+00:00,5935,764.0,0,56,10,43.0,10,1.1,10,5.3,10,990.6,10,,,41,10,0.0,10,0,10,,,1.0,10,17.3,,,0,15.5,,,0,,,25.5,10,40.5,10,1326,10
2008-05-15T14:00+00:00,5935,733.0,0,22,10,4.0,10,1.5,10,5.1,10,990.1,10,,,39,10,0.0,10,0,10,,,1.0,10,17.6,,,0,15.6,,,0,,,26.1,10,38.0,10,1418,10
2008-05-15T15:00+00:00,5935,418.0,0,189,10,286.0,10,1.1,10,8.7,10,989.9,10,,,40,10,0.0,10,0,10,,,0.6,10,17.9,,,0,15.8,,,0,,,25.4,10,26.7,10,1537,10
2008-05-15T16:00+00:00,5935,158.0,0,172,10,178.0,10,1.4,10,4.3,10,989.3,10,,,41,10,0.0,10,0,10,,,0.2,10,18.0,,,0,15.9,,,0,,,24.9,10,22.2,10,1653,10
2008-05-15T17:00+00:00,5935,139.0,0,188,10,205.0,10,2.4,10,6.1,10,989.4,10,,,42,10,0.0,10,0,10,,,0.4,10,18.0,,,0,16.1,,,0,,,24.6,10,22.3,10,1744,10
2008-05-15T18:00+00:00,5935,73.0,0,188,10,218.0,10,2.1,10,5.5,10,989.2,10,,,43,10,0.0,10,0,10,,,0.8,10,17.9,,,0,16.2,,,0,,,23.0,10,17.3,10,1811,10
2008-05-15T19:00+00:00,5935,4.0,0,177,10,187.0,10,1.4,10,3.8,10,989.5,10,,,47,10,0.0,10,0,10,,,0.0,10,17.8,,,0,16.3,,,0,,,21.4,10,14.5,10,1919,10
2008-05-15T20:00+00:00,5935,0.0,0,159,10,150.0,10,0.8,10,2.2,10,989.4,10,,,53,10,0.0,10,0,10,,,0.0,10,17.5,,,0,16.3,,,0,,,19.4,10,11.5,10,2042,10
2008-05-15T21:00+00:00,5935,0.0,0,0,10,133.0,10,0.0,10,1.4,10,989.4,10,,,68,10,0.0,10,0,10,,,0.0,10,17.3,,,0,16.3,,,0,,,16.7,10,10.3,10,2200,10
2008-05-15T22:00+00:00,5935,0.0,0,143,10,144.0,10,0.4,10,2.1,10,989.5,10,,,67,10,0.0,10,0,10,,,0.0,10,17.0,,,0,16.3,,,0,,,17.2,10,10.1,10,2247,10
2008-05-15T23:00+00:00,5935,0.0,0,358,10,16.0,10,0.1,10,2.5,10,989.6,10,,,78,10,0.0,10,0,10,,,0.0,10,16.8,,,0,16.3,,,0,,,14.8,10,9.9,10,2338,10
2008-05-16T00:00+00:00,5935,0.0,0,14,10,327.0,10,0.8,10,2.4,10,989.2,10,,,79,10,0.0,10,0,10,,,0.0,10,16.6,,,0,16.3,,,0,,,14.1,10,8.9,10,22,10
2008-05-16T01:00+00:00,5935,0.0,0,2,10,317.0,10,0.6,10,2.2,10,989.1,10,,,80,10,0.0,10,0,10,,,0.0,10,16.4,,,0,16.2,,,0,,,14.2,10,8.9,10,154,10
2008-05-16T02:00+00:00,5935,0.0,0,313,10,321.0,10,1.0,10,3.1,10,989.3,10,,,78,10,0.0,10,0,10,,,0.0,10,16.3,,,0,16.1,,,0,,,14.5,10,11.2,10,237,10
2008-05-16T03:00+00:00,5935,0.0,0,298,10,308.0,10,2.1,10,5.4,10,989.9,10,,,76,10,0.0,10,0,10,,,0.0,10,16.1,,,0,16.1,,,0,,,14.9,10,12.2,10,339,10
2008-05-16T04:00+00:00,5935,11.0,0,305,10,318.0,10,1.8,10,4.6,10,990.3,10,,,71,10,0.0,10,0,10,,,0.0,10,16.1,,,0,16.0,,,0,,,15.4,10,12.5,10,401,10
2008-05-16T05:00+00:00,5935,75.0,0,297,10,271.0,10,1.9,10,6.4,10,990.7,10,,,72,10,0.0,10,0,10,,,0.0,10,16.0,,,0,16.0,,,0,,,16.9,10,13.0,10,544,10
2008-05-16T06:00+00:00,5935,230.0,0,287,10,334.0,10,2.8,10,6.8,10,991.1,10,,,69,10,0.0,10,0,10,,,0.7,10,16.0,,,0,15.9,,,0,,,17.9,10,16.9,10,649,10
2008-05-16T07:00+00:00,5935,305.0,0,290,10,282.0,10,3.2,10,7.9,10,991.6,10,,,67,10,0.0,10,0,10,,,0.3,10,16.1,,,0,15.9,,,0,,,18.9,10,19.8,10,751,10
2008-05-16T08:00+00:00,5935,426.0,0,293,10,305.0,10,3.1,10,7.7,10,991.8,10,,,64,10,0.0,10,0,10,,,1.0,10,16.3,,,0,15.8,,,0,,,19.6,10,24.9,10,810,10
2008-05-16T09:00+00:00,5935,631.0,0,295,10,310.0,10,3.6,10,8.5,10,992.0,10,,,62,10,0.0,10,0,10,,,0.8,10,16.5,,,0,15.8,,,0,,,20.7,10,27.1,10,904,10
2008-05-16T10:00+00:00,5935,654.0,0,275,10,310.0,10,2.8,10,7.2,10,992.0,10,,,62,10,0.0,10,0,10,,,0.7,10,16.7,,,0,15.8,,,0,,,20.7,10,31.8,10,1100,10
2008-05-16T11:00+00:00,5935,718.0,0,291,10,218.0,10,1.8,10,6.4,10,991.7,10,,,57,10,0.0,10,0,10,,,0.9,10,17.0,,,0,15.9,,,0,,,22.6,10,31.1,10,1135,10
2008-05-16T12:00+00:00,5935,750.0,0,276,10,296.0,10,2.3,10,6.8,10,991.5,10,,,52,10,0.0,10,0,10,,,0.9,10,17.4,,,0,15.9,,,0,,,23.8,10,37.7,10,1217,10
2008-05-16T13:00+00:00,5935,598.0,0,273,10,290.0,10,2.0,10,6.0,10,991.1,10,,,51,10,0.0,10,0,10,,,0.7,10,17.7,,,0,16.0,,,0,,,23.2,10,29.6,10,1327,10
2008-05-16T14:00+00:00,5935,542.0,0,300,10,290.0,10,2.0,10,6.5,10,990.5,10,,,49,10,0.0,10,0,10,,,0.7,10,18.0,,,0,16.1,,,0,,,24.2,10,29.0,10,1414,10
2008-05-16T15:00+00:00,5935,391.0,0,241,10,183.0,10,1.5,10,5.9,10,990.1,10,,,50,10,0.0,10,0,10,,,0.6,10,18.2,,,0,16.2,,,0,,,24.2,10,25.9,10,1547,10
2008-05-16T16:00+00:00,5935,244.0,0,192,10,184.0,10,2.8,10,6.9,10,989.5,10,,,51,10,0.0,10,0,10,,,0.5,10,18.2,,,0,16.4,,,0,,,23.2,10,21.4,10,1601,10
2008-05-16T17:00+00:00,5935,208.0,0,183,10,145.0,10,2.6,10,5.6,10,989.8,10,,,50,10,0.0,10,0,10,,,1.0,10,18.2,,,0,16.5,,,0,,,22.9,10,20.1,10,1704,10
2008-05-16T18:00+00:00,5935,71.0,0,182,10,211.0,10,2.1,10,5.2,10,989.9,10,,,54,10,0.0,10,0,10,,,0.8,10,18.1,,,0,16.6,,,0,,,21.5,10,16.9,10,1831,10
2008-05-16T19:00+00:00,5935,8.0,0,174,10,184.0,10,1.9,10,4.2,10,990.2,10,,,58,10,0.0,10,0,10,,,0.0,10,17.9,,,0,16.6,,,0,,,20.1,10,14.8,10,1911,10
2008-05-16T20:00+00:00,5935,0.0,0,174,10,197.0,10,1.4,10,3.7,10,990.3,10,,,62,10,0.0,10,0,10,,,0.0,10,17.7,,,0,16.6,,,0,,,19.5,10,14.2,10,2100,10
2008-05-16T21:00+00:00,5935,0.0,0,176,10,162.0,10,1.4,10,3.6,10,990.2,10,,,67,10,0.0,10,0,10,,,0.0,10,17.5,,,0,16.6,,,0,,,18.8,10,14.4,10,2119,10
2008-05-16T22:00+00:00,5935,0.0,0,157,10,164.0,10,1.2,10,3.4,10,989.9,10,,,70,10,0.0,10,0,10,,,0.0,10,17.4,,,0,16.6,,,0,,,18.2,10,13.2,10,2239,10
2008-05-16T23:00+00:00,5935,0.0,0,160,10,164.0,10,1.2,10,3.1,10,989.6,10,,,73,10,0.0,10,0,10,,,0.0,10,17.2,,,0,16.6,,,0,,,17.6,10,13.2,10,2303,10
2008-05-17T00:00+00:00,5935,0.0,0,133,10,141.0,10,0.5,10,2.0,10,989.2,10,,,79,10,0.0,10,0,10,,,0.0,10,17.1,,,0,16.6,,,0,,,16.1,10,11.5,10,40,10
2008-05-17T01:00+00:00,5935,0.0,0,40,10,67.0,10,0.5,10,2.0,10,989.1,10,,,87,10,0.0,10,0,10,,,0.0,10,16.9,,,0,16.5,,,0,,,14.2,10,10.3,10,157,10
2008-05-17T02:00+00:00,5935,0.0,0,29,10,72.0,10,0.3,10,1.9,10,988.8,10,,,90,10,0.0,10,0,10,,,0.0,10,16.7,,,0,16.5,,,0,,,13.1,10,9.1,10,205,10
2008-05-17T03:00+00:00,5935,0.0,0,22,10,26.0,10,1.0,10,2.3,10,988.8,10,,,91,10,0.0,10,0,10,,,0.0,10,16.5,,,0,16.4,,,0,,,12.9,10,9.0,10,313,10
2008-05-17T04:00+00:00,5935,27.0,0,13,10,54.0,10,0.8,10,1.8,10,989.0,10,,,91,10,0.0,10,0,10,,,0.0,10,16.3,,,0,16.4,,,0,,,12.9,10,9.1,10,440,10
2008-05-17T05:00+00:00,5935,129.0,0,72,10,115.0,10,0.9,10,2.8,10,989.3,10,,,87,10,0.0,10,0,10,,,0.9,10,16.2,,,0,16.3,,,0,,,14.5,10,12.0,10,554,10
2008-05-17T06:00+00:00,5935,263.0,0,122,10,56.0,10,0.9,10,3.1,10,989.4,10,,,83,10,0.0,10,0,10,,,1.0,10,16.3,,,0,16.2,,,0,,,15.7,10,15.5,10,643,10
2008-05-17T07:00+00:00,5935,389.0,0,83,10,63.0,10,0.7,10,4.2,10,989.4,10,,,78,10,0.0,10,0,10,,,1.0,10,16.4,,,0,16.2,,,0,,,17.2,10,20.4,10,748,10
2008-05-17T08:00+00:00,5935,548.0,0,80,10,102.0,10,1.4,10,3.8,10,989.6,10,,,71,10,0.0,10,0,10,,,1.0,10,16.6,,,0,16.1,,,0,,,18.8,10,27.5,10,851,10
2008-05-17T09:00+00:00,5935,544.0,0,110,10,112.0,10,2.0,10,5.0,10,989.5,10,,,68,10,0.0,10,0,10,,,0.7,10,16.8,,,0,16.1,,,0,,,19.3,10,28.5,10,942,10
2008-05-17T10:00+00:00,5935,638.0,0,106,10,108.0,10,1.9,10,5.4,10,989.5,10,,,64,10,0.0,10,0,10,,,0.8,10,17.1,,,0,16.1,,,0,,,20.7,10,29.8,10,1005,10
2008-05-17T11:00+00:00,5935,628.0,0,152,10,146.0,10,1.5,10,4.6,10,989.3,10,,,61,10,0.0,10,0,10,,,1.0,10,17.3,,,0,16.2,,,0,,,22.1,10,33.0,10,1147,10
2008-05-17T12:00+00:00,5935,573.0,0,139,10,179.0,10,1.7,10,5.7,10,989.0,10,,,55,10,0.0,10,0,10,,,0.8,10,17.6,,,0,16.2,,,0,,,23.2,10,32.1,10,1252,10
2008-05-17T13:00+00:00,5935,663.0,0,152,10,145.0,10,2.2,10,6.1,10,988.6,10,,,53,10,0.0,10,0,10,,,1.0,10,18.0,,,0,16.3,,,0,,,24.6,10,33.6,10,1338,10
2008-05-17T14:00+00:00,5935,573.0,0,135,10,111.0,10,2.0,10,5.5,10,987.8,10,,,50,10,0.0,10,0,10,,,1.0,10,18.3,,,0,16.4,,,0,,,25.2,10,30.7,10,1425,10
2008-05-17T15:00+00:00,5935,282.0,0,107,10,145.0,10,2.1,10,5.7,10,987.3,10,,,50,10,0.0,10,0,10,,,0.2,10,18.5,,,0,16.5,,,0,,,24.6,10,26.8,10,1507,10
2008-05-17T16:00+00:00,5935,203.0,0,88,10,106.0,10,2.3,10,5.8,10,986.2,10,,,51,10,0.0,10,0,10,,,0.2,10,18.5,,,0,16.7,,,0,,,24.4,10,23.9,10,1641,10
2008-05-17T17:00+00:00,5935,106.0,0,96,10,62.0,10,2.0,10,5.3,10,985.3,10,,,52,10,0.0,10,0,10,,,0.0,10,18.5,,,0,16.8,,,0,,,24.1,10,21.5,10,1701,10
2008-05-17T18:00+00:00,5935,42.0,0,126,10,113.0,10,1.7,10,4.4,10,984.9,10,,,54,10,0.0,10,0,10,,,0.0,10,18.5,,,0,16.8,,,0,,,22.6,10,18.1,10,1804,10
2008-05-17T19:00+00:00,5935,4.0,0,189,10,183.0,10,2.9,10,9.2,10,985.9,10,,,53,10,0.0,10,0,10,,,0.0,10,18.3,,,0,16.9,,,0,,,22.0,10,17.4,10,1908,10
2008-05-17T20:00+00:00,5935,0.0,0,202,10,187.0,10,3.2,10,8.6,10,986.5,10,,,55,10,0.0,10,0,10,,,0.0,10,18.2,,,0,16.9,,,0,,,21.2,10,17.3,10,2012,10
2008-05-17T21:00+00:00,5935,0.0,0,213,10,198.0,10,1.1,10,4.1,10,986.6,10,,,59,10,0.0,10,0,10,,,0.0,10,18.0,,,0,17.0,,,0,,,19.8,10,14.3,10,2126,10
2008-05-17T22:00+00:00,5935,0.0,0,174,10,157.0,10,1.0,10,2.7,10,986.7,10,,,60,10,0.0,10,0,10,,,0.0,10,17.8,,,0,17.0,,,0,,,19.4,10,13.3,10,2231,10
2008-05-17T23:00+00:00,5935,0.0,0,190,10,157.0,10,0.9,10,2.7,10,986.7,10,,,66,10,0.0,10,0,10,,,0.0,10,17.6,,,0,16.9,,,0,,,17.3,10,12.6,10,2332,10
2008-05-18T00:00+00:00,5935,0.0,0,0,10,139.0,10,0.0,10,1.5,10,986.5,10,,,73,10,0.0,10,0,10,,,0.0,10,17.4,,,0,16.9,,,0,,,16.6,10,11.8,10,13,10
2008-05-18T01:00+00:00,5935,0.0,0,343,10,150.0,10,0.1,10,1.8,10,986.6,10,,,81,10,0.0,10,0,10,,,0.0,10,17.2,,,0,16.9,,,0,,,15.1,10,11.2,10,102,10
2008-05-18T02:00+00:00,5935,0.0,0,0,10,310.0,10,0.0,10,1.2,10,986.2,10,,,87,10,0.0,10,0,10,,,0.0,10,17.1,,,0,16.8,,,0,,,14.0,10,10.1,10,210,10
2008-05-18T03:00+00:00,5935,0.0,0,75,10,117.0,10,0.1,10,1.6,10,986.1,10,,,88,10,0.0,10,0,10,,,0.0,10,16.9,,,0,16.8,,,0,,,13.8,10,9.8,10,312,10
2008-05-18T04:00+00:00,5935,18.0,0,358,10,321.0,10,0.5,10,1.8,10,986.2,10,,,84,10,0.0,10,0,10,,,0.0,10,16.7,,,0,16.7,,,0,,,14.4,10,11.3,10,405,10
2008-05-18T05:00+00:00,5935,129.0,0,53,10,139.0,10,0.2,10,4.0,10,986.5,10,,,77,10,0.0,10,0,10,,,0.5,10,16.6,,,0,16.6,,,0,,,16.8,10,13.4,10,544,10
2008-05-18T06:00+00:00,5935,164.0,0,26,10,47.0,10,0.5,10,2.9,10,986.5,10,,,78,10,0.0,10,0,10,,,0.2,10,16.7,,,0,16.6,,,0,,,17.7,10,18.1,10,611,10
2008-05-18T07:00+00:00,5935,326.0,0,286,10,309.0,10,0.4,10,2.0,10,986.7,10,,,71,10,0.0,10,0,10,,,0.8,10,16.8,,,0,16.5,,,0,,,19.6,10,21.9,10,714,10
2008-05-18T08:00+00:00,5935,472.0,0,232,10,128.0,10,0.4,10,2.8,10,986.5,10,,,64,10,0.0,10,0,10,,,0.7,10,17.0,,,0,16.5,,,0,,,21.3,10,28.0,10,854,10
2008-05-18T09:00+00:00,5935,579.0,0,98,10,79.0,10,0.4,10,4.1,10,986.2,10,,,57,10,0.0,10,0,10,,,0.9,10,17.2,,,0,16.5,,,0,,,22.7,10,31.6,10,931,10
2008-05-18T10:00+00:00,5935,502.0,0,188,10,194.0,10,1.9,10,5.7,10,986.2,10,,,55,10,0.0,10,0,10,,,0.6,10,17.5,,,0,16.5,,,0,,,23.2,10,31.7,10,1026,10
2008-05-18T11:00+00:00,5935,341.0,0,332,10,35.0,10,0.9,10,4.7,10,986.1,10,,,66,10,0.0,10,0,10,,,0.0,10,17.7,,,0,16.5,,,0,,,22.3,10,28.1,10,1116,10
2008-05-18T12:00+00:00,5935,327.0,0,246,10,189.0,10,0.7,10,6.0,10,986.3,10,,,72,10,0.0,10,0,10,,,0.1,10,17.9,,,0,16.6,,,0,,,21.1,10,23.8,10,1235,10
2008-05-18T13:00+00:00,5935,251.0,0,285,10,266.0,10,1.8,10,4.5,10,986.1,10,,,67,10,0.0,10,3,10,,,0.0,10,18.1,,,0,16.7,,,0,,,21.7,10,24.0,10,1359,10
2008-05-18T14:00+00:00,5935,366.0,0,288,10,307.0,10,2.5,10,6.3,10,985.7,10,,,65,10,0.0,10,0,10,,,0.2,10,18.2,,,0,16.7,,,0,,,20.8,10,25.4,10,1452,10
2008-05-18T15:00+00:00,5935,53.0,0,276,10,294.0,10,2.1,10,8.2,10,986.8,10,,,87,10,6.7,10,22,10,,,0.0,10,18.2,,,0,16.8,,,0,,,16.9,10,15.8,10,1523,10
2008-05-18T16:00+00:00,5935,14.0,0,264,10,292.0,10,1.7,10,4.9,10,987.0,10,,,93,10,7.6,10,60,10,,,0.0,10,18.1,,,0,16.9,,,0,,,14.9,10,15.1,10,1648,10
2008-05-18T17:00+00:00,5935,7.0,0,268,10,266.0,10,1.2,10,4.6,10,987.6,10,,,93,10,7.7,10,60,10,,,0.0,10,17.8,,,0,17.1,,,0,,,14.7,10,14.6,10,1704,10
2008-05-18T18:00+00:00,5935,7.0,0,266,10,276.0,10,1.1,10,3.2,10,987.4,10,,,92,10,5.6,10,60,10,,,0.0,10,17.6,,,0,17.1,,,0,,,14.4,10,14.6,10,1844,10
2008-05-18T19:00+00:00,5935,0.0,0,301,10,333.0,10,0.8,10,2.6,10,988.0,10,,,92,10,0.5,10,38,10,,,0.0,10,17.5,,,0,17.1,,,0,,,14.4,10,14.3,10,1939,10
2008-05-18T20:00+00:00,5935,0.0,0,306,10,311.0,10,1.2,10,3.9,10,987.9,10,,,92,10,0.0,10,0,10,,,0.0,10,17.4,,,0,17.1,,,0,,,14.1,10,13.8,10,2039,10
2008-05-18T21:00+00:00,5935,0.0,0,284,10,309.0,10,1.3,10,3.3,10,988.0,10,,,92,10,0.0,10,6,10,,,0.0,10,17.3,,,0,17.0,,,0,,,14.5,10,14.4,10,2109,10
2008-05-18T22:00+00:00,5935,0.0,0,297,10,305.0,10,1.5,10,4.6,10,987.9,10,,,92,10,0.0,10,0,10,,,0.0,10,17.2,,,0,17.0,,,0,,,14.5,10,14.5,10,2243,10
2008-05-18T23:00+00:00,5935,0.0,0,300,10,275.0,10,1.6,10,4.4,10,987.6,10,,,92,10,0.1,10,37,10,,,0.0,10,17.1,,,0,16.9,,,0,,,14.5,10,14.5,10,2323,10
2008-05-19T00:00+00:00,5935,0.0,0,319,10,316.0,10,1.8,10,4.5,10,987.4,10,,,92,10,0.0,10,1,10,,,0.0,10,17.0,,,0,16.9,,,0,,,14.2,10,14.5,10,43,10
2008-05-19T01:00+00:00,5935,0.0,0,311,10,307.0,10,1.2,10,3.2,10,987.0,10,,,92,10,0.1,10,36,10,,,0.0,10,16.9,,,0,16.8,,,0,,,14.1,10,14.5,10,104,10
2008-05-19T02:00+00:00,5935,0.0,0,301,10,295.0,10,1.3,10,3.2,10,986.9,10,,,92,10,0.2,10,39,10,,,0.0,10,16.9,,,0,16.8,,,0,,,13.9,10,14.4,10,248,10
2008-05-19T03:00+00:00,5935,0.0,0,310,10,313.0,10,1.0,10,3.4,10,987.0,10,,,92,10,1.8,10,51,10,,,0.0,10,16.8,,,0,16.7,,,0,,,13.8,10,14.2,10,310,10
2008-05-19T04:00+00:00,5935,4.0,0,326,10,309.0,10,1.0,10,2.5,10,986.9,10,,,92,10,0.0,10,11,10,,,0.0,10,16.8,,,0,16.7,,,0,,,13.7,10,14.4,10,404,10
2008-05-19T05:00+00:00,5935,18.0,0,320,10,335.0,10,0.9,10,3.1,10,987.2,10,,,92,10,0.1,10,24,10,,,0.0,10,16.7,,,0,16.7,,,0,,,13.7,10,14.6,10,558,10
2008-05-19T06:00+00:00,5935,61.0,0,300,10,295.0,10,1.7,10,4.4,10,987.8,10,,,92,10,0.1,10,49,10,,,0.0,10,16.7,,,0,16.6,,,0,,,13.6,10,14.9,10,641,10
2008-05-19T07:00+00:00,5935,87.0,0,306,10,295.0,10,2.8,10,6.4,10,988.7,10,,,90,10,0.2,10,31,10,,,0.0,10,16.6,,,0,16.6,,,0,,,13.0,10,14.4,10,740,10
2008-05-19T08:00+00:00,5935,93.0,0,302,10,319.0,10,2.5,10,5.5,10,989.4,10,,,89,10,0.0,10,10,10,,,0.0,10,16.6,,,0,16.5,,,0,,,13.3,10,14.5,10,807,10
2008-05-19T09:00+00:00,5935,137.0,0,305,10,336.0,10,2.6,10,5.8,10,990.1,10,,,87,10,0.2,10,15,10,,,0.0,10,16.6,,,0,16.5,,,0,,,13.5,10,15.4,10,919,10
2008-05-19T10:00+00:00,5935,151.0,0,303,10,302.0,10,2.4,10,6.2,10,990.6,10,,,83,10,0.0,10,22,10,,,0.0,10,16.6,,,0,16.5,,,0,,,13.6,10,14.9,10,1036,10
2008-05-19T11:00+00:00,5935,180.0,0,319,10,324.0,10,2.4,10,6.3,10,991.4,10,,,80,10,0.0,10,0,10,,,0.0,10,16.5,,,0,16.5,,,0,,,13.8,10,16.4,10,1151,10
2008-05-19T12:00+00:00,5935,262.0,0,330,10,305.0,10,2.5,10,6.3,10,991.7,10,,,76,10,0.0,10,0,10,,,0.0,10,16.5,,,0,16.4,,,0,,,14.1,10,16.6,10,1246,10
2008-05-19T13:00+00:00,5935,289.0,0,340,10,355.0,10,2.6,10,7.9,10,991.7,10,,,76,10,0.0,10,0,10,,,0.0,10,16.6,,,0,16.4,,,0,,,14.2,10,18.3,10,1355,10
2008-05-19T14:00+00:00,5935,325.0,0,347,10,344.0,10,2.6,10,7.3,10,992.2,10,,,76,10,0.0,10,0,10,,,0.1,10,16.6,,,0,16.4,,,0,,,13.9,10,17.5,10,1404,10
2008-05-19T15:00+00:00,5935,226.0,0,7,10,22.0,10,2.9,10,7.5,10,992.4,10,,,75,10,0.0,10,0,10,,,0.1,10,16.6,,,0,16.4,,,0,,,13.7,10,16.3,10,1512,10
2008-05-19T16:00+00:00,5935,165.0,0,9,10,25.0,10,3.4,10,7.9,10,992.1,10,,,73,10,0.0,10,0,10,,,0.1,10,16.6,,,0,16.4,,,0,,,13.2,10,14.7,10,1621,10
2008-05-19T17:00+00:00,5935,128.0,0,3,10,356.0,10,2.7,10,7.1,10,992.4,10,,,73,10,0.0,10,0,10,,,0.0,10,16.5,,,0,16.4,,,0,,,12.8,10,14.4,10,1756,10
2008-05-19T18:00+00:00,5935,87.0,0,1,10,6.0,10,2.5,10,7.5,10,993.1,10,,,73,10,0.0,10,0,10,,,0.3,10,16.4,,,0,16.4,,,0,,,12.3,10,12.1,10,1803,10
2008-05-19T19:00+00:00,5935,6.0,0,352,10,342.0,10,2.1,10,5.6,10,993.5,10,,,76,10,0.0,10,0,10,,,0.0,10,16.3,,,0,16.4,,,0,,,11.6,10,10.6,10,1954,10
2008-05-19T20:00+00:00,5935,0.0,0,347,10,334.0,10,2.1,10,6.5,10,994.3,10,,,75,10,0.0,10,0,10,,,0.0,10,16.2,,,0,16.4,,,0,,,11.3,10,10.2,10,2011,10
2008-05-19T21:00+00:00,5935,0.0,0,350,10,326.0,10,2.2,10,5.3,10,994.4,10,,,75,10,0.0,10,0,10,,,0.0,10,16.1,,,0,16.3,,,0,,,11.1,10,10.5,10,2132,10
2008-05-19T22:00+00:00,5935,0.0,0,360,10,45.0,10,2.5,10,7.4,10,994.1,10,,,75,10,0.0,10,0,10,,,0.0,10,16.0,,,0,16.3,,,0,,,10.7,10,9.7,10,2231,10
2008-05-19T23:00+00:00,5935,0.0,0,360,10,12.0,10,2.5,10,7.0,10,994.0,10,,,76,10,0.0,10,0,10,,,0.0,10,15.8,,,0,16.2,,,0,,,10.3,10,8.8,10,2312,10
2008-05-20T00:00+00:00,5935,0.0,0,345,10,352.0,10,2.2,10,6.3,10,993.1,10,,,76,10,0.0,10,0,10,,,0.0,10,15.7,,,0,16.2,,,0,,,10.3,10,8.8,10,36,10
2008-05-20T01:00+00:00,5935,0.0,0,325,10,330.0,10,2.2,10,6.0,10,993.4,10,,,76,10,0.0,10,0,10,,,0.0,10,15.6,,,0,16.1,,,0,,,10.2,10,8.8,10,103,10
2008-05-20T02:00+00:00,5935,0.0,0,332,10,323.0,10,2.6,10,6.8,10,992.8,10,,,75,10,0.0,10,0,10,,,0.0,10,15.5,,,0,16.1,,,0,,,10.0,10,9.4,10,255,10
2008-05-20T03:00+00:00,5935,0.0,0,333,10,359.0,10,2.8,10,7.2,10,992.1,10,,,73,10,0.0,10,0,10,,,0.0,10,15.3,,,0,16.0,,,0,,,9.8,10,9.1,10,324,10
2008-05-20T04:00+00:00,5935,9.0,0,341,10,335.0,10,2.8,10,7.5,10,992.5,10,,,72,10,0.0,10,0,10,,,0.0,10,15.2,,,0,16.0,,,0,,,9.7,10,9.1,10,409,10
2008-05-20T05:00+00:00,5935,30.0,0,338,10,347.0,10,2.9,10,7.5,10,992.5,10,,,71,10,0.0,10,0,10,,,0.0,10,15.1,,,0,15.9,,,0,,,9.7,10,9.4,10,535,10
2008-05-20T06:00+00:00,5935,29.0,0,316,10,326.0,10,2.5,10,6.4,10,993.3,10,,,75,10,0.1,10,25,10,,,0.0,10,15.0,,,0,15.8,,,0,,,9.3,10,8.8,10,601,10
2008-05-20T07:00+00:00,5935,38.0,0,319,10,296.0,10,2.4,10,6.1,10,993.1,10,,,85,10,1.9,10,60,10,,,0.0,10,14.9,,,0,15.8,,,0,,,8.5,10,8.8,10,736,10
2008-05-20T08:00+00:00,5935,68.0,0,334,10,344.0,10,2.3,10,6.8,10,993.2,10,,,88,10,2.3,10,60,10,,,0.0,10,14.8,,,0,15.7,,,0,,,8.3,10,9.0,10,856,10
2008-05-20T09:00+00:00,5935,87.0,0,340,10,349.0,10,2.5,10,6.5,10,993.2,10,,,90,10,2.4,10,60,10,,,0.0,10,14.7,,,0,15.6,,,0,,,8.4,10,9.4,10,943,10
2008-05-20T10:00+00:00,5935,80.0,0,323,10,311.0,10,2.2,10,6.2,10,993.2,10,,,91,10,2.0,10,60,10,,,0.0,10,14.6,,,0,15.6,,,0,,,8.7,10,9.6,10,1053,10
2008-05-20T11:00+00:00,5935,194.0,0,318,10,319.0,10,2.8,10,8.2,10,992.9,10,,,89,10,0.3,10,39,10,,,0.0,10,14.5,,,0,15.5,,,0,,,9.2,10,10.5,10,1144,10
2008-05-20T12:00+00:00,5935,100.0,0,321,10,347.0,10,2.3,10,6.5,10,993.4,10,,,87,10,0.0,10,0,10,,,0.0,10,14.5,,,0,15.4,,,0,,,9.3,10,10.5,10,1205,10
2008-05-20T13:00+00:00,5935,70.0,0,320,10,308.0,10,2.6,10,6.8,10,992.9,10,,,87,10,0.0,10,0,10,,,0.0,10,14.5,,,0,15.4,,,0,,,9.4,10,10.4,10,1345,10
2008-05-20T14:00+00:00,5935,61.0,0,316,10,323.0,10,2.8,10,6.5,10,992.4,10,,,88,10,0.0,10,2,10,,,0.0,10,14.5,,,0,15.3,,,0,,,9.6,10,10.3,10,1450,10
2008-05-20T15:00+00:00,5935,33.0,0,297,10,332.0,10,1.9,10,5.3,10,993.5,10,,,91,10,2.6,10,48,10,,,0.0,10,14.5,,,0,15.3,,,0,,,9.5,10,9.8,10,1600,10
2008-05-20T16:00+00:00,5935,30.0,0,304,10,318.0,10,2.2,10,5.3,10,993.1,10,,,92,10,2.9,10,60,10,,,0.0,10,14.4,,,0,15.2,,,0,,,9.6,10,9.8,10,1610,10
2008-05-20T17:00+00:00,5935,27.0,0,303,10,321.0,10,2.7,10,6.5,10,993.3,10,,,92,10,1.1,10,54,10,,,0.0,10,14.3,,,0,15.2,,,0,,,9.5,10,10.0,10,1749,10
2008-05-20T18:00+00:00,5935,13.0,0,301,10,285.0,10,2.6,10,6.2,10,993.7,10,,,92,10,1.1,10,60,10,,,0.0,10,14.2,,,0,15.1,,,0,,,9.5,10,9.9,10,1806,10
2008-05-20T19:00+00:00,5935,1.0,0,300,10,307.0,10,2.5,10,5.6,10,993.9,10,,,92,10,0.5,10,60,10,,,0.0,10,14.2,,,0,15.1,,,0,,,9.6,10,9.8,10,1937,10
2008-05-20T20:00+00:00,5935,0.0,0,304,10,326.0,10,2.4,10,6.0,10,994.2,10,,,91,10,0.2,10,33,10,,,0.0,10,14.1,,,0,15.0,,,0,,,9.6,10,9.8,10,2041,10
2008-05-20T21:00+00:00,5935,0.0,0,308,10,291.0,10,2.4,10,6.1,10,994.4,10,,,90,10,0.0,10,0,10,,,0.0,10,14.0,,,0,14.9,,,0,,,9.6,10,9.8,10,2141,10
2008-05-20T22:00+00:00,5935,0.0,0,302,10,330.0,10,2.3,10,6.4,10,994.0,10,,,90,10,0.0,10,8,10,,,0.0,10,13.9,,,0,14.9,,,0,,,9.6,10,9.7,10,2236,10
2008-05-20T23:00+00:00,5935,0.0,0,294,10,300.0,10,2.5,10,6.5,10,993.9,10,,,89,10,0.0,10,0,10,,,0.0,10,13.9,,,0,14.8,,,0,,,9.7,10,9.7,10,2329,10
2008-05-21T00:00+00:00,5935,0.0,0,299,10,302.0,10,2.4,10,5.5,10,993.8,10,,,88,10,0.0,10,0,10,,,0.0,10,13.8,,,0,14.8,,,0,,,9.8,10,9.7,10,27,10
2008-05-21T01:00+00:00,5935,0.0,0,296,10,304.0,10,2.1,10,5.1,10,993.5,10,,,92,10,0.0,10,0,10,,,0.0,10,13.8,,,0,14.7,,,0,,,9.6,10,9.8,10,124,10
2008-05-21T02:00+00:00,5935,0.0,0,297,10,314.0,10,2.3,10,5.6,10,993.1,10,,,91,10,0.0,10,0,10,,,0.0,10,13.8,,,0,14.7,,,0,,,9.6,10,9.7,10,213,10
2008-05-21T03:00+00:00,5935,0.0,0,297,10,297.0,10,2.2,10,5.9,10,993.1,10,,,90,10,0.0,10,0,10,,,0.0,10,13.8,,,0,14.6,,,0,,,9.8,10,9.8,10,340,10
2008-05-21T04:00+00:00,5935,3.0,0,299,10,309.0,10,2.0,10,4.6,10,993.4,10,,,90,10,0.0,10,0,10,,,0.0,10,13.7,,,0,14.6,,,0,,,9.8,10,9.9,10,411,10
2008-05-21T05:00+00:00,5935,13.0,0,293,10,304.0,10,2.0,10,5.9,10,993.6,10,,,90,10,0.0,10,26,10,,,0.0,10,13.7,,,0,14.6,,,0,,,9.9,10,10.0,10,529,10
2008-05-21T06:00+00:00,5935,24.0,0,294,10,288.0,10,2.1,10,5.3,10,993.8,10,,,91,10,0.2,10,50,10,,,0.0,10,13.7,,,0,14.5,,,0,,,9.8,10,10.3,10,621,10
2008-05-21T07:00+00:00,5935,70.0,0,300,10,315.0,10,2.2,10,5.1,10,993.9,10,,,92,10,0.8,10,60,10,,,0.0,10,13.7,,,0,14.5,,,0,,,10.2,10,10.5,10,737,10
2008-05-21T08:00+00:00,5935,112.0,0,298,10,309.0,10,2.1,10,5.3,10,994.3,10,,,90,10,0.3,10,60,10,,,0.0,10,13.7,,,0,14.5,,,0,,,10.4,10,11.9,10,806,10
2008-05-21T09:00+00:00,5935,164.0,0,306,10,296.0,10,2.1,10,4.4,10,994.5,10,,,90,10,0.6,10,60,10,,,0.0,10,13.7,,,0,14.5,,,0,,,11.1,10,12.4,10,950,10
2008-05-21T10:00+00:00,5935,257.0,0,300,10,313.0,10,2.2,10,4.6,10,994.7,10,,,87,10,0.0,10,37,10,,,0.0,10,13.8,,,0,14.4,,,0,,,11.7,10,14.6,10,1003,10
2008-05-21T11:00+00:00,5935,140.0,0,292,10,301.0,10,1.8,10,4.2,10,994.9,10,,,86,10,0.0,10,0,10,,,0.0,10,13.9,,,0,14.4,,,0,,,11.7,10,13.7,10,1101,10
2008-05-21T12:00+00:00,5935,132.0,0,290,10,287.0,10,1.6,10,4.2,10,995.1,10,,,82,10,0.0,10,0,10,,,0.0,10,14.0,,,0,14.4,,,0,,,12.5,10,13.4,10,1209,10
2008-05-21T13:00+00:00,5935,206.0,0,303,10,327.0,10,1.8,10,5.9,10,995.2,10,,,77,10,0.0,10,0,10,,,0.0,10,14.1,,,0,14.4,,,0,,,12.9,10,14.9,10,1355,10
2008-05-21T14:00+00:00,5935,119.0,0,317,10,313.0,10,1.7,10,4.6,10,995.0,10,,,79,10,0.0,10,0,10,,,0.0,10,14.2,,,0,14.5,,,0,,,12.8,10,14.1,10,1401,10
2008-05-21T15:00+00:00,5935,185.0,0,312,10,328.0,10,1.8,10,4.2,10,994.9,10,,,74,10,0.0,10,0,10,,,0.0,10,14.2,,,0,14.5,,,0,,,13.4,10,14.0,10,1505,10
2008-05-21T16:00+00:00,5935,90.0,0,331,10,336.0,10,1.5,10,4.2,10,994.8,10,,,77,10,0.0,10,0,10,,,0.0,10,14.3,,,0,14.5,,,0,,,13.0,10,13.9,10,1647,10
2008-05-21T17:00+00:00,5935,74.0,0,330,10,348.0,10,1.6,10,4.3,10,995.2,10,,,76,10,0.0,10,0,10,,,0.0,10,14.3,,,0,14.5,,,0,,,13.1,10,13.8,10,1750,10
2008-05-21T18:00+00:00,5935,35.0,0,319,10,317.0,10,1.3,10,3.4,10,995.5,10,,,78,10,0.0,10,0,10,,,0.0,10,14.4,,,0,14.6,,,0,,,12.8,10,12.6,10,1831,10
2008-05-21T19:00+00:00,5935,2.0,0,311,10,316.0,10,1.3,10,2.9,10,995.8,10,,,80,10,0.0,10,0,10,,,0.0,10,14.4,,,0,14.6,,,0,,,12.5,10,12.0,10,1954,10
2008-05-21T20:00+00:00,5935,0.0,0,292,10,290.0,10,1.0,10,2.5,10,996.1,10,,,85,10,0.0,10,0,10,,,0.0,10,14.4,,,0,14.6,,,0,,,12.4,10,12.0,10,2058,10
2008-05-21T21:00+00:00,5935,0.0,0,293,10,300.0,10,1.4,10,3.3,10,996.0,10,,,86,10,0.0,10,0,10,,,0.0,10,14.4,,,0,14.6,,,0,,,12.3,10,11.9,10,2130,10
2008-05-21T22:00+00:00,5935,0.0,0,311,10,308.0,10,1.4,10,3.5,10,995.9,10,,,84,10,0.0,10,0,10,,,0.0,10,14.3,,,0,14.6,,,0,,,12.2,10,11.8,10,2231,10
2008-05-21T23:00+00:00,5935,0.0,0,311,10,342.0,10,1.5,10,4.5,10,996.1,10,,,84,10,0.0,10,0,10,,,0.0,10,14.3,,,0,14.6,,,0,,,12.1,10,11.5,10,2350,10
2008-05-22T00:00+00:00,5935,0.0,0,327,10,313.0,10,1.4,10,3.8,10,995.7,10,,,82,10,0.0,10,0,10,,,0.0,10,14.3,,,0,14.6,,,0,,,11.7,10,11.0,10,6,10
2008-05-22T01:00+00:00,5935,0.0,0,314,10,316.0,10,1.6,10,4.0,10,995.2,10,,,85,10,0.0,10,0,10,,,0.0,10,14.2,,,0,14.6,,,0,,,11.1,10,9.7,10,131,10
2008-05-22T02:00+00:00,5935,0.0,0,304,10,307.0,10,1.8,10,4.4,10,994.8,10,,,86,10,0.0,10,0,10,,,0.0,10,14.2,,,0,14.6,,,0,,,10.5,10,8.7,10,247,10
2008-05-22T03:00+00:00,5935,0.0,0,318,10,326.0,10,1.5,10,3.8,10,995.3,10,,,84,10,0.0,10,0,10,,,0.0,10,14.1,,,0,14.6,,,0,,,10.3,10,8.9,10,309,10
2008-05-22T04:00+00:00,5935,14.0,0,308,10,308.0,10,1.7,10,4.7,10,995.6,10,,,87,10,0.0,10,0,10,,,0.0,10,14.1,,,0,14.6,,,0,,,9.8,10,8.0,10,451,10
2008-05-22T05:00+00:00,5935,159.0,0,315,10,321.0,10,1.9,10,4.5,10,995.8,10,,,83,10,0.0,10,0,10,,,0.9,10,14.0,,,0,14.5,,,0,,,11.0,10,8.3,10,556,10
2008-05-22T06:00+00:00,5935,308.0,0,319,10,320.0,10,2.6,10,7.0,10,996.1,10,,,77,10,0.0,10,0,10,,,1.0,10,14.0,,,0,14.5,,,0,,,11.8,10,12.9,10,658,10
2008-05-22T07:00+00:00,5935,352.0,0,312,10,287.0,10,2.3,10,6.7,10,995.9,10,,,74,10,0.0,10,0,10,,,0.5,10,14.1,,,0,14.5,,,0,,,12.5,10,15.6,10,726,10
2008-05-22T08:00+00:00,5935,445.0,0,302,10,297.0,10,2.8,10,6.5,10,995.8,10,,,66,10,0.0,10,0,10,,,0.6,10,14.2,,,0,14.5,,,0,,,14.6,10,15.4,10,831,10
2008-05-22T09:00+00:00,5935,591.0,0,308,10,301.0,10,2.8,10,6.2,10,995.9,10,,,62,10,0.0,10,0,10,,,0.6,10,14.3,,,0,14.5,,,0,,,14.6,10,21.8,10,926,10
2008-05-22T10:00+00:00,5935,588.0,0,300,10,292.0,10,2.5,10,6.7,10,995.8,10,,,61,10,0.0,10,0,10,,,0.5,10,14.5,,,0,14.5,,,0,,,15.3,10,22.4,10,1056,10
2008-05-22T11:00+00:00,5935,400.0,0,315,10,339.0,10,2.5,10,6.2,10,995.6,10,,,62,10,0.0,10,0,10,,,0.1,10,14.7,,,0,14.5,,,0,,,15.2,10,20.9,10,1108,10
2008-05-22T12:00+00:00,5935,471.0,0,311,10,293.0,10,2.8,10,6.9,10,995.6,10,,,57,10,0.0,10,0,10,,,0.3,10,14.8,,,0,14.5,,,0,,,16.2,10,20.3,10,1253,10
2008-05-22T13:00+00:00,5935,377.0,0,313,10,349.0,10,2.9,10,7.5,10,995.5,10,,,57,10,0.0,10,0,10,,,0.2,10,14.9,,,0,14.6,,,0,,,16.0,10,19.5,10,1305,10
2008-05-22T14:00+00:00,5935,497.0,0,325,10,294.0,10,2.9,10,7.5,10,995.5,10,,,59,10,0.0,10,0,10,,,0.4,10,15.1,,,0,14.7,,,0,,,16.2,10,21.5,10,1417,10
2008-05-22T15:00+00:00,5935,621.0,0,330,10,351.0,10,3.0,10,7.5,10,995.5,10,,,58,10,0.0,10,0,10,,,0.9,10,15.2,,,0,14.7,,,0,,,16.5,10,22.9,10,1549,10
2008-05-22T16:00+00:00,5935,434.0,0,349,10,348.0,10,3.2,10,8.1,10,995.4,10,,,58,10,0.0,10,0,10,,,1.0,10,15.4,,,0,14.8,,,0,,,16.3,10,16.4,10,1607,10
2008-05-22T17:00+00:00,5935,242.0,0,337,10,324.0,10,2.8,10,7.0,10,995.5,10,,,60,10,0.0,10,0,10,,,1.0,10,15.4,,,0,14.8,,,0,,,15.4,10,14.1,10,1712,10
2008-05-22T18:00+00:00,5935,89.0,0,318,10,321.0,10,2.8,10,6.5,10,995.6,10,,,65,10,0.0,10,0,10,,,0.8,10,15.4,,,0,14.9,,,0,,,14.2,10,12.0,10,1806,10
2008-05-22T19:00+00:00,5935,8.0,0,306,10,324.0,10,1.9,10,5.2,10,995.8,10,,,72,10,0.0,10,0,10,,,0.0,10,15.3,,,0,15.0,,,0,,,13.7,10,11.6,10,2000,10
2008-05-22T20:00+00:00,5935,0.0,0,315,10,302.0,10,1.7,10,4.2,10,996.3,10,,,73,10,0.0,10,0,10,,,0.0,10,15.2,,,0,15.0,,,0,,,13.4,10,12.0,10,2016,10
2008-05-22T21:00+00:00,5935,0.0,0,320,10,316.0,10,1.8,10,4.2,10,996.2,10,,,75,10,0.0,10,0,10,,,0.0,10,15.1,,,0,15.0,,,0,,,13.0,10,11.7,10,2146,10
2008-05-22T22:00+00:00,5935,0.0,0,311,10,285.0,10,1.9,10,5.0,10,996.3,10,,,78,10,0.0,10,0,10,,,0.0,10,15.1,,,0,15.0,,,0,,,12.3,10,10.0,10,2212,10
2008-05-22T23:00+00:00,5935,0.0,0,313,10,321.0,10,1.6,10,4.6,10,996.1,10,,,80,10,0.0,10,0,10,,,0.0,10,15.0,,,0,15.0,,,0,,,11.6,10,8.8,10,2336,10
2008-05-23T00:00+00:00,5935,0.0,0,319,10,334.0,10,0.9,10,2.7,10,995.9,10,,,82,10,0.0,10,0,10,,,0.0,10,14.9,,,0,15.0,,,0,,,11.2,10,7.7,10,47,10
2008-05-23T01:00+00:00,5935,0.0,0,306,10,287.0,10,1.5,10,4.6,10,995.7,10,,,83,10,0.0,10,0,10,,,0.0,10,14.7,,,0,15.0,,,0,,,11.0,10,7.9,10,153,10
2008-05-23T02:00+00:00,5935,0.0,0,299,10,312.0,10,2.1,10,5.5,10,995.5,10,,,80,10,0.0,10,0,10,,,0.0,10,14.6,,,0,15.0,,,0,,,11.8,10,8.6,10,246,10
2008-05-23T03:00+00:00,5935,0.0,0,297,10,307.0,10,2.5,10,5.6,10,995.5,10,,,79,10,0.0,10,0,10,,,0.0,10,14.6,,,0,14.9,,,0,,,12.0,10,10.7,10,311,10
2008-05-23T04:00+00:00,5935,12.0,0,302,10,302.0,10,2.0,10,4.8,10,995.4,10,,,79,10,0.0,10,0,10,,,0.0,10,14.5,,,0,14.9,,,0,,,12.0,10,11.1,10,421,10
2008-05-23T05:00+00:00,5935,72.0,0,314,10,326.0,10,1.6,10,3.9,10,995.5,10,,,78,10,0.0,10,0,10,,,0.0,10,14.5,,,0,14.9,,,0,,,12.5,10,11.7,10,536,10
2008-05-23T06:00+00:00,5935,170.0,0,308,10,335.0,10,2.4,10,4.8,10,995.8,10,,,76,10,0.0,10,0,10,,,0.0,10,14.5,,,0,14.8,,,0,,,13.3,10,14.0,10,633,10
2008-05-23T07:00+00:00,5935,299.0,0,307,10,315.0,10,2.6,10,5.6,10,995.8,10,,,73,10,0.0,10,0,10,,,0.1,10,14.5,,,0,14.8,,,0,,,14.3,10,16.7,10,729,10
2008-05-23T08:00+00:00,5935,471.0,0,319,10,300.0,10,2.4,10,6.4,10,995.9,10,,,69,10,0.0,10,0,10,,,0.7,10,14.6,,,0,14.8,,,0,,,15.2,10,21.0,10,826,10
2008-05-23T09:00+00:00,5935,611.0,0,321,10,353.0,10,2.3,10,5.6,10,995.7,10,,,65,10,0.0,10,0,10,,,0.6,10,14.8,,,0,14.8,,,0,,,17.0,10,21.5,10,933,10
2008-05-23T10:00+00:00,5935,754.0,0,305,10,304.0,10,2.9,10,6.8,10,995.7,10,,,59,10,0.0,10,0,10,,,0.9,10,15.0,,,0,14.8,,,0,,,17.5,10,27.6,10,1022,10
2008-05-23T11:00+00:00,5935,741.0,0,301,10,286.0,10,3.0,10,6.8,10,995.6,10,,,58,10,0.0,10,0,10,,,0.7,10,15.3,,,0,14.8,,,0,,,18.1,10,26.3,10,1110,10
2008-05-23T12:00+00:00,5935,510.0,0,302,10,313.0,10,2.7,10,6.2,10,995.6,10,,,60,10,0.0,10,0,10,,,0.1,10,15.5,,,0,14.9,,,0,,,17.9,10,24.8,10,1217,10
2008-05-23T13:00+00:00,5935,663.0,0,324,10,330.0,10,2.1,10,5.2,10,995.1,10,,,53,10,0.0,10,0,10,,,0.4,10,15.7,,,0,14.9,,,0,,,19.0,10,26.2,10,1301,10
2008-05-23T14:00+00:00,5935,365.0,0,326,10,327.0,10,2.3,10,5.6,10,994.8,10,,,56,10,0.0,10,0,10,,,0.0,10,15.9,,,0,15.0,,,0,,,18.7,10,22.8,10,1401,10
2008-05-23T15:00+00:00,5935,326.0,0,312,10,311.0,10,1.9,10,6.3,10,994.6,10,,,54,10,0.0,10,0,10,,,0.2,10,16.0,,,0,15.1,,,0,,,18.4,10,21.4,10,1550,10
2008-05-23T16:00+00:00,5935,230.0,0,310,10,316.0,10,2.2,10,5.9,10,994.4,10,,,56,10,0.0,10,0,10,,,0.0,10,16.1,,,0,15.2,,,0,,,18.4,10,20.8,10,1610,10
2008-05-23T17:00+00:00,5935,142.0,0,323,10,316.0,10,1.5,10,4.1,10,994.5,10,,,57,10,0.0,10,0,10,,,0.1,10,16.2,,,0,15.3,,,0,,,18.4,10,18.3,10,1706,10
2008-05-23T18:00+00:00,5935,100.0,0,339,10,318.0,10,1.4,10,4.0,10,994.5,10,,,58,10,0.0,10,0,10,,,0.9,10,16.2,,,0,15.3,,,0,,,17.3,10,13.7,10,1830,10
2008-05-23T19:00+00:00,5935,13.0,0,313,10,9.0,10,0.6,10,2.8,10,994.9,10,,,68,10,0.0,10,0,10,,,0.1,10,16.1,,,0,15.4,,,0,,,14.7,10,10.7,10,1906,10
2008-05-23T20:00+00:00,5935,0.0,0,301,10,291.0,10,0.3,10,1.4,10,995.0,10,,,79,10,0.0,10,0,10,,,0.0,10,16.0,,,0,15.4,,,0,,,13.2,10,9.4,10,2001,10
2008-05-23T21:00+00:00,5935,0.0,0,295,10,291.0,10,0.3,10,1.5,10,995.0,10,,,83,10,0.0,10,0,10,,,0.0,10,15.8,,,0,15.5,,,0,,,12.4,10,8.8,10,2141,10
2008-05-23T22:00+00:00,5935,0.0,0,299,10,303.0,10,0.5,10,1.5,10,995.0,10,,,87,10,0.0,10,0,10,,,0.0,10,15.6,,,0,15.5,,,0,,,11.7,10,8.2,10,2207,10
2008-05-23T23:00+00:00,5935,0.0,0,288,10,310.0,10,0.4,10,1.5,10,995.1,10,,,89,10,0.0,10,0,10,,,0.0,10,15.5,,,0,15.5,,,0,,,11.4,10,7.9,10,2350,10
2008-05-24T00:00+00:00,5935,0.0,0,309,10,314.0,10,0.2,10,1.2,10,994.8,10,,,89,10,0.0,10,0,10,,,0.0,10,15.3,,,0,15.4,,,0,,,11.0,10,7.9,10,5,10
2008-05-24T01:00+00:00,5935,0.0,0,255,10,233.0,10,0.1,10,1.3,10,994.7,10,,,90,10,0.0,10,0,10,,,0.0,10,15.2,,,0,15.4,,,0,,,10.6,10,8.2,10,146,10
2008-05-24T02:00+00:00,5935,0.0,0,294,10,293.0,10,0.2,10,2.0,10,994.6,10,,,91,10,0.0,10,0,10,,,0.0,10,15.0,,,0,15.4,,,0,,,10.4,10,7.1,10,205,10
2008-05-24T03:00+00:00,5935,1.0,0,268,10,242.0,10,0.2,10,1.1,10,994.5,10,,,92,10,0.0,10,0,10,,,0.0,10,14.9,,,0,15.3,,,0,,,10.0,10,7.0,10,308,10
2008-05-24T04:00+00:00,5935,26.0,0,269,10,236.0,10,0.1,10,1.1,10,994.6,10,,,91,10,0.0,10,0,10,,,0.1,10,14.8,,,0,15.3,,,0,,,10.8,10,7.2,10,421,10
2008-05-24T05:00+00:00,5935,161.0,0,8,10,17.0,10,0.7,10,3.3,10,994.8,10,,,79,10,0.0,10,0,10,,,0.6,10,14.7,,,0,15.2,,,0,,,13.6,10,10.3,10,559,10
2008-05-24T06:00+00:00,5935,319.0,0,10,10,20.0,10,1.2,10,3.4,10,995.1,10,,,75,10,0.0,10,0,10,,,0.9,10,14.8,,,0,15.1,,,0,,,15.0,10,16.6,10,604,10
2008-05-24T07:00+00:00,5935,482.0,0,58,10,73.0,10,1.4,10,3.7,10,995.0,10,,,71,10,0.0,10,0,10,,,1.0,10,14.9,,,0,15.1,,,0,,,16.3,10,21.5,10,724,10
2008-05-24T08:00+00:00,5935,613.0,0,32,10,64.0,10,1.0,10,4.2,10,994.9,10,,,66,10,0.0,10,0,10,,,1.0,10,15.1,,,0,15.1,,,0,,,17.4,10,26.6,10,849,10
2008-05-24T09:00+00:00,5935,691.0,0,78,10,43.0,10,1.6,10,4.6,10,994.8,10,,,62,10,0.0,10,0,10,,,0.9,10,15.4,,,0,15.1,,,0,,,18.5,10,29.5,10,959,10
2008-05-24T10:00+00:00,5935,677.0,0,74,10,75.0,10,1.3,10,4.2,10,994.6,10,,,55,10,0.0,10,0,10,,,0.7,10,15.7,,,0,15.1,,,0,,,19.7,10,24.1,10,1013,10
2008-05-24T11:00+00:00,5935,689.0,0,82,10,74.0,10,1.2,10,4.2,10,994.4,10,,,53,10,0.0,10,0,10,,,0.7,10,15.9,,,0,15.2,,,0,,,19.8,10,27.7,10,1151,10
2008-05-24T12:00+00:00,5935,673.0,0,43,10,63.0,10,0.9,10,4.2,10,994.1,10,,,50,10,0.0,10,0,10,,,0.7,10,16.1,,,0,15.2,,,0,,,21.1,10,26.1,10,1235,10
2008-05-24T13:00+00:00,5935,729.0,0,49,10,55.0,10,1.8,10,5.5,10,993.8,10,,,47,10,0.0,10,0,10,,,0.9,10,16.4,,,0,15.3,,,0,,,21.5,10,30.0,10,1330,10
2008-05-24T14:00+00:00,5935,710.0,0,59,10,67.0,10,1.7,10,5.2,10,993.7,10,,,47,10,0.0,10,0,10,,,1.0,10,16.6,,,0,15.4,,,0,,,22.1,10,34.5,10,1426,10
2008-05-24T15:00+00:00,5935,596.0,0,62,10,89.0,10,1.6,10,5.3,10,993.7,10,,,43,10,0.0,10,0,10,,,1.0,10,16.8,,,0,15.5,,,0,,,22.4,10,32.5,10,1545,10
2008-05-24T16:00+00:00,5935,377.0,0,79,10,62.0,10,1.2,10,5.0,10,993.7,10,,,44,10,0.0,10,0,10,,,1.0,10,16.9,,,0,15.6,,,0,,,22.1,10,20.7,10,1640,10
2008-05-24T17:00+00:00,5935,198.0,0,56,10,74.0,10,2.1,10,5.1,10,993.8,10,,,48,10,0.0,10,0,10,,,0.8,10,17.0,,,0,15.7,,,0,,,21.2,10,18.1,10,1719,10
2008-05-24T18:00+00:00,5935,94.0,0,56,10,61.0,10,1.9,10,4.6,10,993.9,10,,,49,10,0.0,10,0,10,,,1.0,10,16.9,,,0,15.8,,,0,,,20.1,10,15.5,10,1809,10
2008-05-24T19:00+00:00,5935,9.0,0,61,10,35.0,10,1.5,10,4.4,10,994.0,10,,,56,10,0.0,10,0,10,,,0.0,10,16.9,,,0,15.9,,,0,,,18.9,10,15.1,10,1948,10
2008-05-24T20:00+00:00,5935,0.0,0,53,10,42.0,10,1.9,10,4.8,10,994.4,10,,,59,10,0.0,10,0,10,,,0.0,10,16.8,,,0,15.9,,,0,,,18.0,10,15.3,10,2034,10
2008-05-24T21:00+00:00,5935,0.0,0,60,10,43.0,10,1.4,10,3.3,10,994.7,10,,,61,10,0.0,10,0,10,,,0.0,10,16.7,,,0,16.0,,,0,,,17.4,10,15.0,10,2134,10
2008-05-24T22:00+00:00,5935,0.0,0,20,10,51.0,10,0.6,10,3.0,10,995.0,10,,,68,10,0.0,10,2,10,,,0.0,10,16.6,,,0,16.0,,,0,,,16.4,10,14.7,10,2211,10
2008-05-24T23:00+00:00,5935,0.0,0,16,10,66.0,10,0.4,10,1.7,10,994.7,10,,,73,10,0.0,10,0,10,,,0.0,10,16.5,,,0,16.0,,,0,,,15.7,10,13.7,10,2322,10
2008-05-25T00:00+00:00,5935,0.0,0,329,10,325.0,10,0.3,10,1.3,10,994.7,10,,,78,10,0.0,10,0,10,,,0.0,10,16.5,,,0,16.0,,,0,,,14.8,10,12.8,10,43,10
2008-05-25T01:00+00:00,5935,0.0,0,329,10,353.0,10,0.3,10,1.3,10,994.5,10,,,84,10,0.0,10,0,10,,,0.0,10,16.3,,,0,16.0,,,0,,,13.4,10,10.9,10,144,10
2008-05-25T02:00+00:00,5935,0.0,0,306,10,331.0,10,0.6,10,1.7,10,994.8,10,,,79,10,0.0,10,1,10,,,0.0,10,16.2,,,0,16.0,,,0,,,14.2,10,11.3,10,245,10
2008-05-25T03:00+00:00,5935,3.0,0,9,10,11.0,10,1.2,10,3.5,10,994.6,10,,,78,10,0.0,10,0,10,,,0.0,10,16.2,,,0,16.0,,,0,,,13.9,10,13.0,10,357,10
2008-05-25T04:00+00:00,5935,31.0,0,16,10,22.0,10,1.5,10,3.8,10,995.0,10,,,79,10,0.0,10,0,10,,,0.0,10,16.1,,,0,15.9,,,0,,,13.7,10,13.0,10,405,10
2008-05-25T05:00+00:00,5935,65.0,0,20,10,21.0,10,1.7,10,3.6,10,995.4,10,,,78,10,0.0,10,0,10,,,0.0,10,16.0,,,0,15.9,,,0,,,13.9,10,14.2,10,547,10
2008-05-25T06:00+00:00,5935,147.0,0,10,10,39.0,10,1.9,10,4.6,10,995.9,10,,,76,10,0.0,10,0,10,,,0.0,10,16.0,,,0,15.9,,,0,,,14.5,10,15.3,10,619,10
2008-05-25T07:00+00:00,5935,79.0,0,351,10,3.0,10,1.4,10,4.3,10,996.8,10,,,84,10,0.3,10,22,10,,,0.0,10,15.9,,,0,15.9,,,0,,,14.3,10,14.3,10,711,10
2008-05-25T08:00+00:00,5935,167.0,0,315,10,324.0,10,0.9,10,2.5,10,996.9,10,,,81,10,0.1,10,8,10,,,0.0,10,15.9,,,0,15.8,,,0,,,15.3,10,15.3,10,900,10
2008-05-25T09:00+00:00,5935,253.0,0,319,10,333.0,10,1.6,10,4.0,10,997.5,10,,,83,10,0.0,10,18,10,,,0.0,10,16.0,,,0,15.8,,,0,,,15.9,10,17.0,10,944,10
2008-05-25T10:00+00:00,5935,396.0,0,320,10,295.0,10,1.6,10,3.7,10,997.7,10,,,72,10,0.4,10,27,10,,,0.3,10,16.0,,,0,15.8,,,0,,,17.2,10,16.8,10,1023,10
2008-05-25T11:00+00:00,5935,832.0,0,355,10,2.0,10,1.2,10,3.8,10,997.9,10,,,56,10,0.0,10,0,10,,,1.0,10,16.2,,,0,15.8,,,0,,,19.8,10,25.7,10,1122,10
2008-05-25T12:00+00:00,5935,737.0,0,306,10,306.0,10,1.5,10,4.7,10,997.9,10,,,60,10,0.0,10,0,10,,,1.0,10,16.4,,,0,15.8,,,0,,,20.4,10,31.4,10,1227,10
2008-05-25T13:00+00:00,5935,608.0,0,1,10,315.0,10,1.7,10,5.4,10,997.6,10,,,54,10,0.0,10,0,10,,,0.7,10,16.6,,,0,15.8,,,0,,,21.9,10,28.0,10,1325,10
2008-05-25T14:00+00:00,5935,336.0,0,35,10,7.0,10,1.5,10,4.8,10,997.9,10,,,53,10,0.0,10,0,10,,,0.1,10,16.8,,,0,15.9,,,0,,,21.6,10,23.1,10,1416,10
2008-05-25T15:00+00:00,5935,402.0,0,345,10,23.0,10,1.1,10,4.2,10,997.9,10,,,51,10,0.0,10,0,10,,,0.6,10,17.0,,,0,16.0,,,0,,,22.5,10,23.9,10,1538,10
2008-05-25T16:00+00:00,5935,377.0,0,37,10,351.0,10,1.2,10,3.7,10,997.7,10,,,49,10,0.0,10,0,10,,,0.9,10,17.1,,,0,16.0,,,0,,,22.1,10,20.8,10,1613,10
2008-05-25T17:00+00:00,5935,168.0,0,58,10,62.0,10,1.2,10,3.4,10,998.0,10,,,51,10,0.0,10,0,10,,,0.4,10,17.2,,,0,16.1,,,0,,,21.6,10,19.7,10,1744,10
2008-05-25T18:00+00:00,5935,86.0,0,71,10,66.0,10,1.8,10,4.2,10,998.2,10,,,54,10,0.0,10,0,10,,,0.4,10,17.2,,,0,16.2,,,0,,,20.4,10,17.0,10,1823,10
2008-05-25T19:00+00:00,5935,12.0,0,67,10,65.0,10,1.5,10,3.7,10,998.5,10,,,60,10,0.0,10,0,10,,,0.0,10,17.1,,,0,16.2,,,0,,,18.8,10,14.3,10,1921,10
2008-05-25T20:00+00:00,5935,0.0,0,57,10,58.0,10,1.9,10,4.6,10,999.0,10,,,64,10,0.0,10,0,10,,,0.0,10,17.0,,,0,16.3,,,0,,,17.2,10,13.6,10,2059,10
2008-05-25T21:00+00:00,5935,0.0,0,51,10,57.0,10,2.3,10,5.2,10,999.1,10,,,67,10,0.0,10,0,10,,,0.0,10,16.9,,,0,16.3,,,0,,,15.9,10,12.4,10,2140,10
2008-05-25T22:00+00:00,5935,0.0,0,358,10,18.0,10,0.5,10,1.9,10,998.9,10,,,78,10,0.0,10,0,10,,,0.0,10,16.8,,,0,16.3,,,0,,,13.6,10,10.6,10,2232,10
2008-05-25T23:00+00:00,5935,0.0,0,347,10,15.0,10,0.7,10,2.4,10,999.1,10,,,78,10,0.0,10,0,10,,,0.0,10,16.6,,,0,16.3,,,0,,,13.3,10,10.5,10,2348,10
2008-05-26T00:00+00:00,5935,0.0,0,348,10,7.0,10,0.6,10,2.1,10,999.1,10,,,80,10,0.0,10,0,10,,,0.0,10,16.5,,,0,16.3,,,0,,,12.9,10,10.4,10,26,10
2008-05-26T01:00+00:00,5935,0.0,0,340,10,30.0,10,0.4,10,2.7,10,999.1,10,,,81,10,0.0,10,0,10,,,0.0,10,16.4,,,0,16.3,,,0,,,12.6,10,11.6,10,119,10
2008-05-26T02:00+00:00,5935,0.0,0,354,10,30.0,10,0.6,10,2.1,10,999.2,10,,,79,10,0.0,10,0,10,,,0.0,10,16.2,,,0,16.2,,,0,,,12.6,10,12.0,10,244,10
2008-05-26T03:00+00:00,5935,2.0,0,24,10,24.0,10,0.5,10,2.4,10,999.0,10,,,84,10,0.0,10,0,10,,,0.0,10,16.2,,,0,16.2,,,0,,,11.6,10,10.0,10,318,10
2008-05-26T04:00+00:00,5935,34.0,0,0,10,336.0,10,0.0,10,0.9,10,999.2,10,,,85,10,0.0,10,0,10,,,0.0,10,16.0,,,0,16.2,,,0,,,11.7,10,9.8,10,413,10
2008-05-26T05:00+00:00,5935,127.0,0,71,10,73.0,10,0.1,10,1.3,10,999.0,10,,,76,10,0.0,10,0,10,,,0.7,10,15.9,,,0,16.1,,,0,,,13.5,10,11.2,10,553,10
2008-05-26T06:00+00:00,5935,318.0,0,88,10,100.0,10,0.9,10,2.8,10,999.1,10,,,69,10,0.0,10,0,10,,,1.0,10,15.9,,,0,16.1,,,0,,,15.7,10,15.3,10,647,10
2008-05-26T07:00+00:00,5935,427.0,0,101,10,116.0,10,1.9,10,5.7,10,998.8,10,,,69,10,0.0,10,0,10,,,1.0,10,16.0,,,0,16.0,,,0,,,16.7,10,20.6,10,749,10
2008-05-26T08:00+00:00,5935,627.0,0,112,10,87.0,10,2.8,10,6.8,10,998.4,10,,,67,10,0.0,10,0,10,,,1.0,10,16.2,,,0,16.0,,,0,,,18.3,10,24.8,10,853,10
2008-05-26T09:00+00:00,5935,766.0,0,130,10,143.0,10,2.9,10,8.2,10,998.0,10,,,64,10,0.0,10,0,10,,,1.0,10,16.4,,,0,16.0,,,0,,,20.1,10,29.6,10,928,10
2008-05-26T10:00+00:00,5935,776.0,0,131,10,118.0,10,3.1,10,8.7,10,997.6,10,,,61,10,0.0,10,0,10,,,1.0,10,16.7,,,0,16.0,,,0,,,20.9,10,30.5,10,1052,10
2008-05-26T11:00+00:00,5935,808.0,0,146,10,138.0,10,3.2,10,7.8,10,997.4,10,,,58,10,0.0,10,0,10,,,1.0,10,16.9,,,0,16.1,,,0,,,22.5,10,31.0,10,1115,10
2008-05-26T12:00+00:00,5935,777.0,0,140,10,162.0,10,3.0,10,7.8,10,997.2,10,,,56,10,0.0,10,0,10,,,1.0,10,17.2,,,0,16.1,,,0,,,23.4,10,30.6,10,1215,10
2008-05-26T13:00+00:00,5935,614.0,0,132,10,117.0,10,2.7,10,8.0,10,996.6,10,,,57,10,0.0,10,0,10,,,1.0,10,17.4,,,0,16.2,,,0,,,23.4,10,28.3,10,1332,10
2008-05-26T14:00+00:00,5935,440.0,0,134,10,98.0,10,2.9,10,7.6,10,996.4,10,,,58,10,0.0,10,0,10,,,0.4,10,17.6,,,0,16.3,,,0,,,23.6,10,25.3,10,1433,10
2008-05-26T15:00+00:00,5935,402.0,0,140,10,108.0,10,2.5,10,6.9,10,996.0,10,,,60,10,0.0,10,0,10,,,0.7,10,17.8,,,0,16.4,,,0,,,23.8,10,25.1,10,1536,10
2008-05-26T16:00+00:00,5935,256.0,0,146,10,145.0,10,3.0,10,7.4,10,995.4,10,,,62,10,0.0,10,0,10,,,0.3,10,17.9,,,0,16.5,,,0,,,23.2,10,23.0,10,1642,10
2008-05-26T17:00+00:00,5935,224.0,0,146,10,159.0,10,2.5,10,6.8,10,995.5,10,,,63,10,0.0,10,0,10,,,0.8,10,17.9,,,0,16.5,,,0,,,22.9,10,21.4,10,1725,10
2008-05-26T18:00+00:00,5935,81.0,0,120,10,141.0,10,2.2,10,6.7,10,995.2,10,,,68,10,0.0,10,0,10,,,0.5,10,18.0,,,0,16.6,,,0,,,21.6,10,19.2,10,1806,10
2008-05-26T19:00+00:00,5935,11.0,0,110,10,101.0,10,1.8,10,5.0,10,995.3,10,,,73,10,0.0,10,0,10,,,0.0,10,17.9,,,0,16.7,,,0,,,20.4,10,17.7,10,1947,10
2008-05-26T20:00+00:00,5935,0.0,0,118,10,129.0,10,1.3,10,3.9,10,995.7,10,,,76,10,0.0,10,0,10,,,0.0,10,17.9,,,0,16.8,,,0,,,19.5,10,16.6,10,2025,10
2008-05-26T21:00+00:00,5935,0.0,0,108,10,111.0,10,0.7,10,2.1,10,995.6,10,,,80,10,0.0,10,0,10,,,0.0,10,17.8,,,0,16.8,,,0,,,18.7,10,15.1,10,2105,10
2008-05-26T22:00+00:00,5935,0.0,0,111,10,91.0,10,0.3,10,1.3,10,995.3,10,,,84,10,0.0,10,0,10,,,0.0,10,17.7,,,0,16.8,,,0,,,17.8,10,13.8,10,2251,10
2008-05-26T23:00+00:00,5935,0.0,0,108,10,118.0,10,0.1,10,1.6,10,995.3,10,,,86,10,0.0,10,0,10,,,0.0,10,17.5,,,0,16.8,,,0,,,17.2,10,13.2,10,2355,10
2008-05-27T00:00+00:00,5935,0.0,0,113,10,109.0,10,0.2,10,1.1,10,995.2,10,,,89,10,0.0,10,0,10,,,0.0,10,17.4,,,0,16.8,,,0,,,16.2,10,12.6,10,8,10
2008-05-27T01:00+00:00,5935,0.0,0,110,10,136.0,10,0.2,10,1.4,10,995.4,10,,,90,10,0.0,10,0,10,,,0.0,10,17.3,,,0,16.8,,,0,,,15.3,10,12.2,10,105,10
2008-05-27T02:00+00:00,5935,0.0,0,126,10,168.0,10,0.1,10,1.8,10,995.1,10,,,90,10,0.0,10,0,10,,,0.0,10,17.1,,,0,16.8,,,0,,,15.1,10,12.0,10,206,10
2008-05-27T03:00+00:00,5935,1.0,0,126,10,131.0,10,0.1,10,1.6,10,995.2,10,,,89,10,0.0,10,0,10,,,0.0,10,17.0,,,0,16.8,,,0,,,15.2,10,11.6,10,353,10
2008-05-27T04:00+00:00,5935,32.0,0,155,10,141.0,10,0.8,10,2.7,10,995.6,10,,,84,10,0.0,10,0,10,,,0.2,10,16.9,,,0,16.7,,,0,,,16.2,10,12.2,10,417,10
2008-05-27T05:00+00:00,5935,141.0,0,165,10,150.0,10,1.8,10,4.0,10,996.0,10,,,75,10,0.0,10,0,10,,,1.0,10,16.8,,,0,16.7,,,0,,,17.2,10,14.5,10,544,10
2008-05-27T06:00+00:00,5935,296.0,0,152,10,161.0,10,1.6,10,4.2,10,996.0,10,,,71,10,0.0,10,0,10,,,1.0,10,16.9,,,0,16.7,,,0,,,18.5,10,17.3,10,608,10
2008-05-27T07:00+00:00,5935,457.0,0,126,10,126.0,10,1.5,10,4.3,10,996.3,10,,,68,10,0.0,10,0,10,,,1.0,10,17.0,,,0,16.6,,,0,,,19.9,10,21.9,10,739,10
2008-05-27T08:00+00:00,5935,605.0,0,92,10,78.0,10,1.4,10,3.8,10,996.5,10,,,67,10,0.0,10,0,10,,,1.0,10,17.2,,,0,16.6,,,0,,,21.1,10,28.0,10,842,10
2008-05-27T09:00+00:00,5935,729.0,0,109,10,135.0,10,1.5,10,5.0,10,996.5,10,,,64,10,0.0,10,0,10,,,1.0,10,17.4,,,0,16.6,,,0,,,22.4,10,33.8,10,951,10
2008-05-27T10:00+00:00,5935,809.0,0,106,10,79.0,10,1.4,10,4.5,10,996.7,10,,,61,10,0.0,10,0,10,,,1.0,10,17.7,,,0,16.6,,,0,,,23.7,10,35.9,10,1056,10
2008-05-27T11:00+00:00,5935,842.0,0,94,10,87.0,10,1.9,10,6.1,10,996.2,10,,,58,10,0.0,10,0,10,,,1.0,10,17.9,,,0,16.7,,,0,,,24.8,10,38.8,10,1158,10
2008-05-27T12:00+00:00,5935,833.0,0,110,10,85.0,10,1.8,10,5.7,10,995.8,10,,,56,10,0.0,10,2,10,,,1.0,10,18.1,,,0,16.8,,,0,,,25.9,10,39.3,10,1222,10
2008-05-27T13:00+00:00,5935,778.0,0,105,10,96.0,10,2.2,10,6.6,10,995.5,10,,,54,10,0.0,10,0,10,,,1.0,10,18.4,,,0,16.8,,,0,,,26.9,10,36.3,10,1332,10
2008-05-27T14:00+00:00,5935,678.0,0,93,10,75.0,10,2.3,10,5.4,10,995.3,10,,,53,10,0.0,10,0,10,,,1.0,10,18.7,,,0,16.9,,,0,,,27.1,10,35.7,10,1423,10
2008-05-27T15:00+00:00,5935,544.0,0,97,10,83.0,10,2.4,10,5.7,10,995.1,10,,,52,10,0.0,10,0,10,,,1.0,10,18.9,,,0,17.0,,,0,,,27.7,10,34.4,10,1515,10
2008-05-27T16:00+00:00,5935,393.0,0,109,10,112.0,10,2.5,10,6.6,10,994.9,10,,,51,10,0.0,10,0,10,,,1.0,10,19.0,,,0,17.1,,,0,,,27.4,10,25.8,10,1646,10
2008-05-27T17:00+00:00,5935,233.0,0,104,10,97.0,10,2.4,10,6.1,10,994.8,10,,,54,10,0.0,10,0,10,,,1.0,10,19.1,,,0,17.2,,,0,,,27.0,10,23.5,10,1729,10
2008-05-27T18:00+00:00,5935,88.0,0,101,10,113.0,10,1.7,10,4.8,10,994.9,10,,,57,10,0.0,10,0,10,,,0.9,10,19.1,,,0,17.3,,,0,,,25.9,10,21.6,10,1803,10
2008-05-27T19:00+00:00,5935,11.0,0,77,10,83.0,10,1.5,10,3.6,10,995.0,10,,,64,10,0.0,10,0,10,,,0.0,10,19.0,,,0,17.4,,,0,,,24.5,10,19.6,10,1922,10
2008-05-27T20:00+00:00,5935,0.0,0,60,10,61.0,10,1.3,10,3.6,10,995.3,10,,,67,10,0.0,10,0,10,,,0.0,10,19.0,,,0,17.5,,,0,,,23.4,10,18.4,10,2007,10
2008-05-27T21:00+00:00,5935,0.0,0,54,10,53.0,10,0.6,10,2.1,10,995.4,10,,,79,10,0.0,10,0,10,,,0.0,10,18.9,,,0,17.5,,,0,,,21.1,10,17.4,10,2124,10
2008-05-27T22:00+00:00,5935,0.0,0,40,10,50.0,10,0.1,10,1.9,10,995.5,10,,,82,10,0.0,10,0,10,,,0.0,10,18.8,,,0,17.6,,,0,,,20.4,10,16.5,10,2216,10
2008-05-27T23:00+00:00,5935,0.0,0,13,10,12.0,10,0.5,10,1.9,10,995.5,10,,,84,10,0.0,10,0,10,,,0.0,10,18.7,,,0,17.6,,,0,,,19.6,10,16.1,10,2322,10
2008-05-28T00:00+00:00,5935,0.0,0,17,10,39.0,10,0.8,10,2.5,10,995.3,10,,,86,10,0.0,10,0,10,,,0.0,10,18.6,,,0,17.6,,,0,,,19.1,10,15.7,10,34,10
2008-05-28T01:00+00:00,5935,0.0,0,13,10,34.0,10,1.3,10,2.8,10,995.0,10,,,87,10,0.0,10,0,10,,,0.0,10,18.4,,,0,17.6,,,0,,,18.5,10,15.8,10,118,10
2008-05-28T02:00+00:00,5935,0.0,0,12,10,329.0,10,1.5,10,3.7,10,994.9,10,,,86,10,0.0,10,2,10,,,0.0,10,18.4,,,0,17.6,,,0,,,18.1,10,15.6,10,227,10
2008-05-28T03:00+00:00,5935,1.0,0,1,10,11.0,10,1.2,10,3.5,10,994.9,10,,,85,10,0.0,10,0,10,,,0.0,10,18.3,,,0,17.6,,,0,,,17.6,10,15.0,10,304,10
2008-05-28T04:00+00:00,5935,36.0,0,357,10,357.0,10,1.1,10,3.2,10,995.2,10,,,83,10,0.0,10,0,10,,,0.4,10,18.2,,,0,17.6,,,0,,,17.9,10,15.0,10,458,10
2008-05-28T05:00+00:00,5935,145.0,0,5,10,343.0,10,1.4,10,3.8,10,995.2,10,,,76,10,0.0,10,0,10,,,1.0,10,18.1,,,0,17.5,,,0,,,18.8,10,16.4,10,542,10
2008-05-28T06:00+00:00,5935,288.0,0,358,10,20.0,10,1.3,10,3.9,10,995.5,10,,,73,10,0.0,10,0,10,,,1.0,10,18.1,,,0,17.5,,,0,,,20.0,10,19.1,10,602,10
2008-05-28T07:00+00:00,5935,449.0,0,13,10,16.0,10,1.6,10,4.3,10,995.3,10,,,69,10,0.0,10,0,10,,,1.0,10,18.2,,,0,17.5,,,0,,,21.6,10,23.8,10,759,10
2008-05-28T08:00+00:00,5935,591.0,0,21,10,33.0,10,1.9,10,4.5,10,995.3,10,,,67,10,0.0,10,0,10,,,1.0,10,18.4,,,0,17.5,,,0,,,23.0,10,29.9,10,811,10
2008-05-28T09:00+00:00,5935,704.0,0,37,10,64.0,10,1.4,10,4.0,10,995.2,10,,,63,10,0.0,10,0,10,,,1.0,10,18.6,,,0,17.5,,,0,,,24.7,10,34.1,10,912,10
2008-05-28T10:00+00:00,5935,771.0,0,55,10,53.0,10,1.4,10,4.6,10,994.9,10,,,64,10,0.0,10,0,10,,,1.0,10,18.8,,,0,17.5,,,0,,,25.5,10,38.0,10,1050,10
2008-05-28T11:00+00:00,5935,809.0,0,69,10,79.0,10,1.8,10,5.1,10,994.8,10,,,61,10,0.0,10,0,10,,,1.0,10,19.0,,,0,17.6,,,0,,,26.9,10,38.9,10,1107,10
2008-05-28T12:00+00:00,5935,807.0,0,83,10,79.0,10,2.0,10,5.3,10,994.6,10,,,59,10,0.0,10,0,10,,,1.0,10,19.2,,,0,17.6,,,0,,,27.8,10,39.2,10,1202,10
2008-05-28T13:00+00:00,5935,717.0,0,84,10,82.0,10,2.2,10,5.7,10,994.3,10,,,58,10,0.0,10,0,10,,,1.0,10,19.4,,,0,17.7,,,0,,,28.5,10,36.3,10,1322,10
2008-05-28T14:00+00:00,5935,590.0,0,82,10,60.0,10,2.1,10,6.2,10,994.1,10,,,59,10,0.0,10,0,10,,,0.9,10,19.7,,,0,17.8,,,0,,,28.9,10,34.7,10,1438,10
2008-05-28T15:00+00:00,5935,466.0,0,65,10,86.0,10,2.3,10,5.5,10,994.1,10,,,60,10,0.0,10,0,10,,,0.8,10,19.9,,,0,17.9,,,0,,,28.8,10,31.1,10,1512,10
2008-05-28T16:00+00:00,5935,312.0,0,36,10,48.0,10,3.1,10,6.6,10,994.4,10,,,62,10,0.0,10,0,10,,,0.9,10,20.0,,,0,18.0,,,0,,,26.5,10,25.4,10,1617,10
2008-05-28T17:00+00:00,5935,132.0,0,16,10,18.0,10,2.8,10,6.3,10,995.0,10,,,64,10,0.0,10,0,10,,,0.3,10,20.0,,,0,18.1,,,0,,,24.9,10,23.6,10,1732,10
2008-05-28T18:00+00:00,5935,56.0,0,5,10,340.0,10,2.1,10,5.1,10,995.4,10,,,64,10,0.0,10,0,10,,,0.0,10,20.0,,,0,18.2,,,0,,,23.5,10,21.1,10,1836,10
2008-05-28T19:00+00:00,5935,8.0,0,357,10,337.0,10,1.9,10,5.7,10,996.1,10,,,63,10,0.0,10,2,10,,,0.0,10,19.9,,,0,18.2,,,0,,,22.0,10,19.2,10,1957,10
2008-05-28T20:00+00:00,5935,0.0,0,13,10,14.0,10,2.0,10,5.4,10,996.3,10,,,62,10,0.0,10,0,10,,,0.0,10,19.7,,,0,18.3,,,0,,,20.6,10,18.1,10,2020,10
2008-05-28T21:00+00:00,5935,0.0,0,10,10,3.0,10,1.6,10,4.5,10,996.5,10,,,63,10,0.0,10,0,10,,,0.0,10,19.6,,,0,18.3,,,0,,,19.8,10,17.4,10,2104,10
2008-05-28T22:00+00:00,5935,0.0,0,10,10,352.0,10,1.4,10,4.1,10,997.0,10,,,66,10,0.0,10,0,10,,,0.0,10,19.4,,,0,18.3,,,0,,,18.9,10,16.6,10,2245,10
2008-05-28T23:00+00:00,5935,0.0,0,353,10,29.0,10,1.0,10,3.8,10,997.4,10,,,68,10,0.0,10,0,10,,,0.0,10,19.3,,,0,18.3,,,0,,,18.2,10,15.8,10,2305,10
2008-05-29T00:00+00:00,5935,0.0,0,14,10,26.0,10,0.6,10,1.9,10,997.8,10,,,73,10,0.0,10,0,10,,,0.0,10,19.1,,,0,18.3,,,0,,,17.5,10,14.8,10,46,10
2008-05-29T01:00+00:00,5935,0.0,0,77,10,124.0,10,0.2,10,2.4,10,998.0,10,,,73,10,0.0,10,0,10,,,0.0,10,19.0,,,0,18.3,,,0,,,18.7,10,14.8,10,151,10
2008-05-29T02:00+00:00,5935,0.0,0,119,10,113.0,10,1.6,10,5.8,10,997.8,10,,,64,10,0.0,10,0,10,,,0.0,10,18.9,,,0,18.3,,,0,,,18.9,10,17.1,10,249,10
2008-05-29T03:00+00:00,5935,1.0,0,130,10,113.0,10,2.2,10,7.4,10,998.2,10,,,62,10,0.0,10,0,10,,,0.0,10,18.8,,,0,18.2,,,0,,,18.2,10,16.7,10,357,10
2008-05-29T04:00+00:00,5935,36.0,0,125,10,94.0,10,2.3,10,6.7,10,998.5,10,,,61,10,0.0,10,0,10,,,0.0,10,18.7,,,0,18.2,,,0,,,17.5,10,16.6,10,451,10
2008-05-29T05:00+00:00,5935,157.0,0,127,10,123.0,10,2.4,10,7.3,10,998.7,10,,,59,10,0.0,10,0,10,,,1.0,10,18.6,,,0,18.2,,,0,,,17.1,10,16.3,10,553,10
2008-05-29T06:00+00:00,5935,302.0,0,131,10,154.0,10,3.1,10,8.9,10,999.1,10,,,54,10,0.0,10,0,10,,,0.7,10,18.5,,,0,18.1,,,0,,,17.5,10,16.9,10,643,10
2008-05-29T07:00+00:00,5935,479.0,0,143,10,163.0,10,3.4,10,9.7,10,999.2,10,,,51,10,0.0,10,0,10,,,1.0,10,18.4,,,0,18.1,,,0,,,18.2,10,19.0,10,705,10
2008-05-29T08:00+00:00,5935,538.0,0,148,10,159.0,10,3.5,10,8.7,10,999.0,10,,,50,10,0.0,10,0,10,,,1.0,10,18.5,,,0,18.0,,,0,,,19.2,10,22.1,10,824,10
2008-05-29T09:00+00:00,5935,716.0,0,128,10,115.0,10,3.2,10,8.8,10,998.7,10,,,49,10,0.0,10,0,10,,,1.0,10,18.5,,,0,18.0,,,0,,,20.6,10,28.9,10,957,10
2008-05-29T10:00+00:00,5935,818.0,0,136,10,157.0,10,3.7,10,9.4,10,998.6,10,,,47,10,0.0,10,0,10,,,1.0,10,18.6,,,0,18.0,,,0,,,21.6,10,33.9,10,1013,10
2008-05-29T11:00+00:00,5935,844.0,0,151,10,171.0,10,3.7,10,9.7,10,998.3,10,,,45,10,0.0,10,0,10,,,1.0,10,18.7,,,0,18.0,,,0,,,22.7,10,34.9,10,1116,10
2008-05-29T12:00+00:00,5935,818.0,0,153,10,163.0,10,3.7,10,10.1,10,997.7,10,,,44,10,0.0,10,0,10,,,1.0,10,18.9,,,0,18.0,,,0,,,23.3,10,35.8,10,1226,10
2008-05-29T13:00+00:00,5935,759.0,0,131,10,119.0,10,3.3,10,8.4,10,997.1,10,,,46,10,0.0,10,0,10,,,1.0,10,19.0,,,0,18.0,,,0,,,24.4,10,36.1,10,1324,10
2008-05-29T14:00+00:00,5935,655.0,0,136,10,132.0,10,3.4,10,10.2,10,996.6,10,,,46,10,0.0,10,0,10,,,1.0,10,19.1,,,0,18.1,,,0,,,24.8,10,34.4,10,1448,10
2008-05-29T15:00+00:00,5935,517.0,0,135,10,128.0,10,3.6,10,9.6,10,996.0,10,,,46,10,0.0,10,0,10,,,1.0,10,19.2,,,0,18.1,,,0,,,25.2,10,30.9,10,1513,10
2008-05-29T16:00+00:00,5935,351.0,0,150,10,163.0,10,3.4,10,8.7,10,995.5,10,,,47,10,0.0,10,0,10,,,1.0,10,19.3,,,0,18.2,,,0,,,24.7,10,25.4,10,1611,10
2008-05-29T17:00+00:00,5935,193.0,0,129,10,115.0,10,2.7,10,7.0,10,995.4,10,,,50,10,0.0,10,0,10,,,0.9,10,19.3,,,0,18.2,,,0,,,24.0,10,22.5,10,1703,10
2008-05-29T18:00+00:00,5935,72.0,0,122,10,128.0,10,2.0,10,5.9,10,995.3,10,,,56,10,0.0,10,0,10,,,0.0,10,19.2,,,0,18.2,,,0,,,22.8,10,19.7,10,1821,10
2008-05-29T19:00+00:00,5935,12.0,0,111,10,127.0,10,1.7,10,5.3,10,995.5,10,,,62,10,0.0,10,0,10,,,0.0,10,19.2,,,0,18.3,,,0,,,21.4,10,17.2,10,1901,10
2008-05-29T20:00+00:00,5935,0.0,0,124,10,115.0,10,1.9,10,5.2,10,995.7,10,,,61,10,0.0,10,0,10,,,0.0,10,19.1,,,0,18.3,,,0,,,21.0,10,17.0,10,2027,10
2008-05-29T21:00+00:00,5935,0.0,0,135,10,133.0,10,1.9,10,5.3,10,995.7,10,,,60,10,0.0,10,0,10,,,0.0,10,19.0,,,0,18.3,,,0,,,20.2,10,16.3,10,2155,10
2008-05-29T22:00+00:00,5935,0.0,0,141,10,159.0,10,1.8,10,5.6,10,995.4,10,,,57,10,0.0,10,0,10,,,0.0,10,18.9,,,0,18.3,,,0,,,19.9,10,15.6,10,2221,10
2008-05-29T23:00+00:00,5935,0.0,0,124,10,139.0,10,1.6,10,5.3,10,995.2,10,,,60,10,0.0,10,0,10,,,0.0,10,18.8,,,0,18.3,,,0,,,18.3,10,14.3,10,2332,10
2008-05-30T00:00+00:00,5935,0.0,0,129,10,167.0,10,1.5,10,4.6,10,994.9,10,,,61,10,0.0,10,0,10,,,0.0,10,18.6,,,0,18.3,,,0,,,17.7,10,13.7,10,50,10
2008-05-30T01:00+00:00,5935,0.0,0,132,10,123.0,10,1.7,10,4.2,10,994.8,10,,,61,10,0.0,10,0,10,,,0.0,10,18.5,,,0,18.2,,,0,,,17.1,10,13.5,10,118,10
2008-05-30T02:00+00:00,5935,0.0,0,131,10,120.0,10,1.9,10,5.5,10,994.6,10,,,62,10,0.0,10,0,10,,,0.0,10,18.4,,,0,18.2,,,0,,,16.6,10,13.4,10,211,10
2008-05-30T03:00+00:00,5935,1.0,0,125,10,147.0,10,1.2,10,4.1,10,994.8,10,,,62,10,0.0,10,0,10,,,0.0,10,18.3,,,0,18.2,,,0,,,16.1,10,12.5,10,341,10
2008-05-30T04:00+00:00,5935,32.0,0,98,10,111.0,10,0.5,10,2.9,10,994.8,10,,,63,10,0.0,10,0,10,,,0.2,10,18.1,,,0,18.1,,,0,,,16.1,10,11.9,10,450,10
2008-05-30T05:00+00:00,5935,145.0,0,157,10,137.0,10,1.1,10,3.8,10,994.9,10,,,61,10,0.0,10,0,10,,,1.0,10,18.0,,,0,18.1,,,0,,,17.4,10,13.0,10,524,10
2008-05-30T06:00+00:00,5935,300.0,0,155,10,143.0,10,1.9,10,5.0,10,994.9,10,,,59,10,0.0,10,0,10,,,1.0,10,18.1,,,0,18.0,,,0,,,18.9,10,17.4,10,630,10
2008-05-30T07:00+00:00,5935,455.0,0,151,10,158.0,10,2.0,10,5.5,10,995.0,10,,,58,10,0.0,10,0,10,,,1.0,10,18.1,,,0,18.0,,,0,,,21.0,10,21.2,10,732,10
2008-05-30T08:00+00:00,5935,599.0,0,164,10,152.0,10,2.6,10,7.1,10,995.0,10,,,56,10,0.0,10,0,10,,,1.0,10,18.3,,,0,18.0,,,0,,,22.4,10,26.3,10,833,10
2008-05-30T09:00+00:00,5935,716.0,0,133,10,160.0,10,2.6,10,6.4,10,994.7,10,,,57,10,0.0,10,0,10,,,1.0,10,18.5,,,0,17.9,,,0,,,23.9,10,33.9,10,935,10
2008-05-30T10:00+00:00,5935,792.0,0,132,10,99.0,10,3.1,10,7.9,10,994.2,10,,,56,10,0.0,10,0,10,,,1.0,10,18.7,,,0,18.0,,,0,,,25.7,10,38.2,10,1033,10
2008-05-30T11:00+00:00,5935,840.0,0,137,10,141.0,10,3.1,10,7.7,10,993.7,10,,,53,10,0.0,10,0,10,,,1.0,10,18.9,,,0,18.0,,,0,,,27.5,10,39.8,10,1108,10
2008-05-30T12:00+00:00,5935,835.0,0,154,10,137.0,10,3.4,10,9.0,10,993.2,10,,,54,10,0.0,10,0,10,,,1.0,10,19.2,,,0,18.0,,,0,,,27.6,10,40.7,10,1228,10
2008-05-30T13:00+00:00,5935,766.0,0,145,10,144.0,10,3.2,10,8.7,10,993.1,10,,,54,10,0.0,10,0,10,,,1.0,10,19.4,,,0,18.1,,,0,,,28.4,10,40.3,10,1305,10
2008-05-30T14:00+00:00,5935,666.0,0,135,10,129.0,10,3.2,10,8.2,10,992.8,10,,,53,10,0.0,10,0,10,,,1.0,10,19.6,,,0,18.2,,,0,,,28.7,10,38.2,10,1426,10
2008-05-30T15:00+00:00,5935,537.0,0,136,10,149.0,10,3.1,10,8.2,10,992.6,10,,,53,10,0.0,10,0,10,,,1.0,10,19.8,,,0,18.3,,,0,,,28.5,10,35.7,10,1540,10
2008-05-30T16:00+00:00,5935,384.0,0,146,10,143.0,10,3.0,10,8.8,10,992.2,10,,,53,10,0.0,10,0,10,,,1.0,10,19.9,,,0,18.3,,,0,,,28.1,10,27.8,10,1614,10
2008-05-30T17:00+00:00,5935,223.0,0,144,10,132.0,10,2.8,10,7.1,10,992.2,10,,,55,10,0.0,10,0,10,,,1.0,10,20.0,,,0,18.4,,,0,,,27.6,10,25.4,10,1733,10
2008-05-30T18:00+00:00,5935,89.0,0,137,10,148.0,10,2.0,10,4.9,10,992.3,10,,,58,10,0.0,10,0,10,,,0.7,10,20.0,,,0,18.5,,,0,,,26.5,10,23.4,10,1809,10
2008-05-30T19:00+00:00,5935,13.0,0,123,10,142.0,10,1.5,10,4.3,10,993.0,10,,,64,10,0.0,10,0,10,,,0.0,10,19.9,,,0,18.6,,,0,,,24.6,10,20.1,10,1912,10
2008-05-30T20:00+00:00,5935,0.0,0,138,10,103.0,10,1.4,10,3.6,10,993.2,10,,,64,10,0.0,10,0,10,,,0.0,10,19.9,,,0,18.6,,,0,,,23.9,10,18.7,10,2034,10
2008-05-30T21:00+00:00,5935,0.0,0,181,10,178.0,10,1.9,10,4.7,10,993.2,10,,,65,10,0.0,10,0,10,,,0.0,10,19.8,,,0,18.6,,,0,,,23.2,10,18.7,10,2116,10
2008-05-30T22:00+00:00,5935,0.0,0,175,10,185.0,10,1.6,10,4.7,10,993.9,10,,,69,10,0.0,10,0,10,,,0.0,10,19.7,,,0,18.7,,,0,,,22.4,10,18.2,10,2253,10
2008-05-30T23:00+00:00,5935,0.0,0,169,10,155.0,10,1.4,10,3.9,10,993.5,10,,,73,10,0.0,10,0,10,,,0.0,10,19.6,,,0,18.7,,,0,,,21.5,10,17.6,10,2342,10
2008-05-31T00:00+00:00,5935,0.0,0,153,10,165.0,10,1.0,10,3.2,10,992.7,10,,,79,10,0.0,10,0,10,,,0.0,10,19.5,,,0,18.7,,,0,,,20.1,10,14.5,10,5,10
2008-05-31T01:00+00:00,5935,0.0,0,115,10,144.0,10,0.4,10,2.4,10,992.7,10,,,84,10,0.0,10,0,10,,,0.0,10,19.4,,,0,18.7,,,0,,,18.6,10,13.4,10,104,10
2008-05-31T02:00+00:00,5935,0.0,0,109,10,167.0,10,0.4,10,1.9,10,993.0,10,,,87,10,0.0,10,0,10,,,0.0,10,19.2,,,0,18.7,,,0,,,17.9,10,12.4,10,223,10
2008-05-31T03:00+00:00,5935,1.0,0,126,10,113.0,10,0.6,10,1.9,10,993.5,10,,,84,10,0.0,10,0,10,,,0.0,10,19.1,,,0,18.6,,,0,,,17.4,10,12.2,10,305,10
2008-05-31T04:00+00:00,5935,36.0,0,93,10,67.0,10,0.3,10,1.5,10,993.9,10,,,83,10,0.0,10,0,10,,,0.4,10,19.0,,,0,18.6,,,0,,,17.6,10,12.2,10,407,10
2008-05-31T05:00+00:00,5935,148.0,0,86,10,90.0,10,1.2,10,3.2,10,994.0,10,,,78,10,0.0,10,0,10,,,1.0,10,18.9,,,0,18.6,,,0,,,19.2,10,14.4,10,549,10
2008-05-31T06:00+00:00,5935,307.0,0,118,10,89.0,10,1.4,10,3.4,10,994.0,10,,,71,10,0.0,10,0,10,,,1.0,10,18.9,,,0,18.5,,,0,,,21.1,10,18.4,10,659,10
2008-05-31T07:00+00:00,5935,471.0,0,137,10,164.0,10,1.4,10,3.8,10,994.2,10,,,61,10,0.0,10,0,10,,,1.0,10,19.0,,,0,18.5,,,0,,,22.5,10,24.0,10,733,10
2008-05-31T08:00+00:00,5935,612.0,0,169,10,155.0,10,1.7,10,4.0,10,994.1,10,,,56,10,0.0,10,0,10,,,1.0,10,19.2,,,0,18.5,,,0,,,24.4,10,26.9,10,818,10
2008-05-31T09:00+00:00,5935,732.0,0,165,10,122.0,10,1.6,10,5.3,10,994.3,10,,,49,10,0.0,10,0,10,,,1.0,10,19.4,,,0,18.5,,,0,,,26.5,10,38.0,10,955,10
2008-05-31T10:00+00:00,5935,819.0,0,158,10,125.0,10,1.9,10,5.7,10,994.1,10,,,47,10,0.0,10,0,10,,,1.0,10,19.6,,,0,18.5,,,0,,,27.9,10,42.2,10,1040,10
2008-05-31T11:00+00:00,5935,859.0,0,159,10,202.0,10,2.4,10,7.3,10,993.9,10,,,40,10,0.0,10,0,10,,,1.0,10,19.8,,,0,18.5,,,0,,,29.2,10,43.7,10,1157,10
2008-05-31T12:00+00:00,5935,848.0,0,173,10,114.0,10,3.4,10,8.9,10,993.7,10,,,40,10,0.0,10,0,10,,,1.0,10,20.0,,,0,18.6,,,0,,,29.5,10,42.7,10,1224,10
2008-05-31T13:00+00:00,5935,798.0,0,159,10,208.0,10,3.0,10,7.6,10,993.3,10,,,41,10,0.0,10,0,10,,,1.0,10,20.1,,,0,18.7,,,0,,,29.3,10,42.9,10,1312,10
2008-05-31T14:00+00:00,5935,701.0,0,145,10,167.0,10,2.7,10,6.9,10,993.2,10,,,41,10,0.0,10,0,10,,,1.0,10,20.3,,,0,18.7,,,0,,,29.9,10,42.1,10,1405,10
2008-05-31T15:00+00:00,5935,566.0,0,120,10,93.0,10,2.5,10,6.5,10,992.8,10,,,42,10,0.0,10,0,10,,,1.0,10,20.4,,,0,18.8,,,0,,,29.3,10,37.6,10,1537,10
2008-05-31T16:00+00:00,5935,416.0,0,119,10,107.0,10,2.6,10,6.7,10,993.1,10,,,41,10,0.0,10,0,10,,,1.0,10,20.5,,,0,18.9,,,0,,,28.7,10,27.8,10,1646,10
2008-05-31T17:00+00:00,5935,283.0,0,123,10,147.0,10,2.2,10,6.2,10,993.2,10,,,41,10,0.0,10,0,10,,,1.0,10,20.5,,,0,19.0,,,0,,,28.2,10,25.4,10,1739,10
2008-05-31T18:00+00:00,5935,115.0,0,137,10,165.0,10,1.9,10,4.9,10,993.1,10,,,43,10,0.0,10,0,10,,,0.7,10,20.5,,,0,19.0,,,0,,,26.8,10,22.0,10,1801,10
2008-05-31T19:00+00:00,5935,16.0,0,150,10,155.0,10,1.1,10,3.1,10,993.6,10,,,47,10,0.0,10,0,10,,,0.0,10,20.4,,,0,19.1,,,0,,,25.5,10,18.5,10,1908,10
2008-05-31T20:00+00:00,5935,0.0,0,170,10,180.0,10,0.6,10,1.9,10,994.1,10,,,61,10,0.0,10,0,10,,,0.0,10,20.3,,,0,19.1,,,0,,,21.8,10,15.7,10,2042,10
2008-05-31T21:00+00:00,5935,0.0,0,221,10,224.0,10,1.4,10,3.8,10,994.1,10,,,61,10,0.0,10,0,10,,,0.0,10,20.1,,,0,19.1,,,0,,,21.6,10,15.5,10,2124,10
2008-05-31T22:00+00:00,5935,0.0,0,223,10,219.0,10,1.0,10,2.3,10,994.2,10,,,67,10,0.0,10,0,10,,,0.0,10,20.0,,,0,19.1,,,0,,,20.6,10,14.1,10,2219,10
2008-05-31T23:00+00:00,5935,0.0,0,0,10,207.0,10,0.0,10,1.2,10,994.6,10,,,77,10,0.0,10,0,10,,,0.0,10,19.8,,,0,19.1,,,0,,,18.9,10,13.3,10,2302,10
2008-06-01T00:00+00:00,5935,0.0,0,0,10,,10,0.0,10,0.1,10,994.8,10,,,80,10,0.0,10,0,10,,,0.0,10,19.7,,,0,19.1,,,0,,,18.1,10,12.9,10,55,10
2008-06-01T01:00+00:00,5935,0.0,0,2,10,356.0,10,0.1,10,1.7,10,994.8,10,,,83,10,0.0,10,0,10,,,0.0,10,19.5,,,0,19.1,,,0,,,17.2,10,12.6,10,106,10
2008-06-01T02:00+00:00,5935,0.0,0,317,10,322.0,10,0.1,10,1.4,10,994.8,10,,,85,10,0.0,10,0,10,,,0.0,10,19.3,,,0,19.0,,,0,,,16.9,10,12.4,10,251,10
2008-06-01T03:00+00:00,5935,1.0,0,288,10,301.0,10,0.9,10,4.5,10,995.0,10,,,74,10,0.0,10,0,10,,,0.0,10,19.2,,,0,19.0,,,0,,,19.9,10,12.3,10,344,10
2008-06-01T04:00+00:00,5935,39.0,0,288,10,307.0,10,1.4,10,4.9,10,995.2,10,,,72,10,0.0,10,0,10,,,0.1,10,19.1,,,0,18.9,,,0,,,20.8,10,14.5,10,456,10
2008-06-01T05:00+00:00,5935,119.0,0,294,10,292.0,10,1.1,10,3.4,10,995.8,10,,,68,10,0.0,10,0,10,,,1.0,10,19.1,,,0,18.9,,,0,,,21.5,10,17.0,10,507,10
2008-06-01T06:00+00:00,5935,289.0,0,312,10,320.0,10,1.0,10,3.9,10,996.0,10,,,65,10,0.0,10,0,10,,,1.0,10,19.1,,,0,18.8,,,0,,,23.2,10,19.4,10,650,10
2008-06-01T07:00+00:00,5935,434.0,0,295,10,293.0,10,2.5,10,7.3,10,996.5,10,,,63,10,0.0,10,0,10,,,1.0,10,19.3,,,0,18.8,,,0,,,23.8,10,25.6,10,726,10
2008-06-01T08:00+00:00,5935,519.0,0,296,10,303.0,10,2.5,10,8.3,10,996.5,10,,,64,10,0.0,10,0,10,,,1.0,10,19.5,,,0,18.8,,,0,,,24.2,10,27.6,10,806,10
2008-06-01T09:00+00:00,5935,608.0,0,310,10,321.0,10,2.1,10,6.3,10,996.5,10,,,60,10,0.0,10,0,10,,,1.0,10,19.7,,,0,18.8,,,0,,,25.6,10,31.9,10,919,10
2008-06-01T10:00+00:00,5935,666.0,0,315,10,296.0,10,2.2,10,6.2,10,996.4,10,,,58,10,0.0,10,0,10,,,1.0,10,19.8,,,0,18.8,,,0,,,26.6,10,38.0,10,1029,10
2008-06-01T11:00+00:00,5935,835.0,0,315,10,321.0,10,2.6,10,7.1,10,996.6,10,,,56,10,0.0,10,0,10,,,1.0,10,20.0,,,0,18.9,,,0,,,27.6,10,42.7,10,1117,10
2008-06-01T12:00+00:00,5935,721.0,0,339,10,347.0,10,2.2,10,6.1,10,996.1,10,,,56,10,0.0,10,0,10,,,0.8,10,20.2,,,0,18.9,,,0,,,27.7,10,36.2,10,1244,10
2008-06-01T13:00+00:00,5935,716.0,0,4,10,7.0,10,2.3,10,6.6,10,995.9,10,,,53,10,0.0,10,0,10,,,0.9,10,20.4,,,0,19.0,,,0,,,28.8,10,41.7,10,1311,10
2008-06-01T14:00+00:00,5935,666.0,0,4,10,20.0,10,2.3,10,5.6,10,995.2,10,,,54,10,0.0,10,0,10,,,1.0,10,20.5,,,0,19.0,,,0,,,29.1,10,42.6,10,1419,10
2008-06-01T15:00+00:00,5935,510.0,0,30,10,66.0,10,1.9,10,5.8,10,995.5,10,,,53,10,0.0,10,0,10,,,0.9,10,20.7,,,0,19.1,,,0,,,29.1,10,35.5,10,1508,10
2008-06-01T16:00+00:00,5935,374.0,0,35,10,70.0,10,1.7,10,4.7,10,994.9,10,,,51,10,0.0,10,0,10,,,0.9,10,20.7,,,0,19.2,,,0,,,29.1,10,30.1,10,1633,10
2008-06-01T17:00+00:00,5935,179.0,0,45,10,352.0,10,1.9,10,7.9,10,996.0,10,,,55,10,0.0,10,0,10,,,0.5,10,20.8,,,0,19.2,,,0,,,27.3,10,25.3,10,1758,10
2008-06-01T18:00+00:00,5935,2.0,0,354,10,3.0,10,1.1,10,13.6,10,997.3,10,,,86,10,8.1,10,39,10,,,0.0,10,20.6,,,0,19.3,,,0,,,18.6,10,17.4,10,1823,10
2008-06-01T19:00+00:00,5935,0.0,0,197,10,194.0,10,0.7,10,5.9,10,997.9,10,,,90,10,0.4,10,32,10,,,0.0,10,20.5,,,0,19.4,,,0,,,19.4,10,17.3,10,2000,10
2008-06-01T20:00+00:00,5935,0.0,0,272,10,280.0,10,1.1,10,3.7,10,997.8,10,,,90,10,0.3,10,32,10,,,0.0,10,20.4,,,0,19.4,,,0,,,18.7,10,18.3,10,2002,10
2008-06-01T21:00+00:00,5935,0.0,0,287,10,299.0,10,0.6,10,2.9,10,997.2,10,,,90,10,0.0,10,0,10,,,0.0,10,20.3,,,0,19.4,,,0,,,18.9,10,18.2,10,2149,10
2008-06-01T22:00+00:00,5935,0.0,0,336,10,324.0,10,1.1,10,3.1,10,996.7,10,,,88,10,0.0,10,0,10,,,0.0,10,20.2,,,0,19.4,,,0,,,19.1,10,18.1,10,2225,10
2008-06-01T23:00+00:00,5935,0.0,0,280,10,276.0,10,0.7,10,3.9,10,997.2,10,,,84,10,0.0,10,0,10,,,0.0,10,20.1,,,0,19.4,,,0,,,19.3,10,17.7,10,2321,10
2008-06-02T00:00+00:00,5935,0.0,0,122,10,172.0,10,0.3,10,2.3,10,996.9,10,,,91,10,0.0,10,0,10,,,0.0,10,20.0,,,0,19.4,,,0,,,18.3,10,16.3,10,1,10
2008-06-02T01:00+00:00,5935,0.0,0,82,10,123.0,10,0.1,10,1.2,10,996.9,10,,,90,10,0.0,10,0,10,,,0.0,10,19.9,,,0,19.3,,,0,,,18.5,10,16.4,10,127,10
2008-06-02T02:00+00:00,5935,0.0,0,2,10,355.0,10,0.5,10,2.0,10,996.9,10,,,90,10,0.0,10,0,10,,,0.0,10,19.8,,,0,19.3,,,0,,,17.6,10,14.8,10,202,10
2008-06-02T03:00+00:00,5935,2.0,0,126,10,148.0,10,0.5,10,2.7,10,997.5,10,,,91,10,0.0,10,0,10,,,0.0,10,19.7,,,0,19.3,,,0,,,17.6,10,14.3,10,341,10
2008-06-02T04:00+00:00,5935,36.0,0,154,10,187.0,10,0.7,10,2.3,10,997.7,10,,,88,10,0.0,10,0,10,,,0.0,10,19.6,,,0,19.3,,,0,,,17.6,10,15.6,10,413,10
2008-06-02T05:00+00:00,5935,132.0,0,116,10,87.0,10,0.8,10,2.1,10,997.8,10,,,78,10,0.0,10,0,10,,,1.0,10,19.5,,,0,19.2,,,0,,,18.6,10,16.5,10,540,10
2008-06-02T06:00+00:00,5935,296.0,0,132,10,142.0,10,1.7,10,6.3,10,997.8,10,,,69,10,0.0,10,0,10,,,1.0,10,19.5,,,0,19.2,,,0,,,20.0,10,19.3,10,648,10
2008-06-02T07:00+00:00,5935,477.0,0,147,10,138.0,10,2.7,10,8.0,10,997.8,10,,,63,10,0.0,10,0,10,,,1.0,10,19.6,,,0,19.2,,,0,,,21.3,10,19.9,10,752,10
2008-06-02T08:00+00:00,5935,631.0,0,132,10,151.0,10,3.2,10,8.6,10,997.7,10,,,55,10,0.0,10,0,10,,,1.0,10,19.7,,,0,19.1,,,0,,,22.2,10,22.8,10,816,10
2008-06-02T09:00+00:00,5935,759.0,0,125,10,132.0,10,2.8,10,7.9,10,997.2,10,,,53,10,0.0,10,0,10,,,1.0,10,19.8,,,0,19.1,,,0,,,23.7,10,32.5,10,904,10
2008-06-02T10:00+00:00,5935,821.0,0,136,10,141.0,10,3.1,10,8.1,10,997.1,10,,,50,10,0.0,10,0,10,,,1.0,10,19.9,,,0,19.1,,,0,,,24.3,10,35.4,10,1041,10
2008-06-02T11:00+00:00,5935,869.0,0,130,10,121.0,10,3.1,10,8.1,10,997.0,10,,,50,10,0.0,10,0,10,,,1.0,10,20.0,,,0,19.2,,,0,,,25.1,10,39.2,10,1121,10
2008-06-02T12:00+00:00,5935,855.0,0,131,10,118.0,10,3.3,10,8.2,10,996.6,10,,,46,10,0.0,10,0,10,,,1.0,10,20.2,,,0,19.2,,,0,,,25.9,10,39.2,10,1238,10
2008-06-02T13:00+00:00,5935,803.0,0,142,10,128.0,10,3.5,10,9.3,10,996.0,10,,,46,10,0.0,10,0,10,,,1.0,10,20.3,,,0,19.2,,,0,,,26.5,10,38.8,10,1322,10
2008-06-02T14:00+00:00,5935,707.0,0,127,10,175.0,10,2.9,10,7.7,10,995.2,10,,,46,10,0.0,10,0,10,,,1.0,10,20.4,,,0,19.3,,,0,,,27.3,10,39.3,10,1416,10
2008-06-02T15:00+00:00,5935,557.0,0,110,10,108.0,10,3.2,10,8.7,10,994.7,10,,,46,10,0.0,10,0,10,,,1.0,10,20.5,,,0,19.3,,,0,,,27.1,10,35.4,10,1559,10
2008-06-02T16:00+00:00,5935,396.0,0,109,10,124.0,10,3.0,10,8.3,10,994.4,10,,,46,10,0.0,10,0,10,,,1.0,10,20.6,,,0,19.4,,,0,,,26.8,10,26.9,10,1700,10
2008-06-02T17:00+00:00,5935,235.0,0,105,10,119.0,10,3.1,10,7.6,10,994.2,10,,,47,10,0.0,10,0,10,,,1.0,10,20.6,,,0,19.4,,,0,,,26.3,10,23.3,10,1717,10
2008-06-02T18:00+00:00,5935,107.0,0,121,10,86.0,10,2.0,10,5.4,10,994.3,10,,,50,10,0.0,10,0,10,,,1.0,10,20.5,,,0,19.4,,,0,,,25.2,10,21.2,10,1834,10
2008-06-02T19:00+00:00,5935,20.0,0,124,10,124.0,10,1.2,10,3.7,10,994.6,10,,,54,10,0.0,10,0,10,,,0.1,10,20.5,,,0,19.5,,,0,,,23.6,10,18.6,10,1906,10
2008-06-02T20:00+00:00,5935,0.0,0,117,10,116.0,10,1.1,10,3.1,10,994.5,10,,,57,10,0.0,10,0,10,,,0.0,10,20.4,,,0,19.5,,,0,,,22.3,10,17.3,10,2030,10
2008-06-02T21:00+00:00,5935,0.0,0,115,10,108.0,10,0.9,10,2.3,10,994.5,10,,,64,10,0.0,10,0,10,,,0.0,10,20.3,,,0,19.5,,,0,,,21.0,10,16.2,10,2110,10
2008-06-02T22:00+00:00,5935,0.0,0,112,10,130.0,10,1.0,10,2.9,10,994.3,10,,,69,10,0.0,10,0,10,,,0.0,10,20.1,,,0,19.5,,,0,,,19.9,10,15.4,10,2240,10
2008-06-02T23:00+00:00,5935,0.0,0,128,10,103.0,10,0.9,10,2.7,10,994.3,10,,,67,10,0.0,10,0,10,,,0.0,10,20.0,,,0,19.5,,,0,,,19.6,10,15.2,10,2325,10
2008-06-03T00:00+00:00,5935,0.0,0,113,10,97.0,10,1.1,10,3.5,10,993.9,10,,,73,10,0.0,10,0,10,,,0.0,10,19.9,,,0,19.5,,,0,,,18.6,10,14.7,10,54,10
2008-06-03T01:00+00:00,5935,0.0,0,112,10,126.0,10,1.5,10,4.3,10,993.5,10,,,72,10,0.0,10,0,10,,,0.0,10,19.8,,,0,19.5,,,0,,,18.2,10,14.7,10,149,10
2008-06-03T02:00+00:00,5935,0.0,0,127,10,132.0,10,1.0,10,3.9,10,993.4,10,,,74,10,0.0,10,0,10,,,0.0,10,19.7,,,0,19.4,,,0,,,17.4,10,13.5,10,224,10
2008-06-03T03:00+00:00,5935,2.0,0,86,10,95.0,10,0.4,10,1.7,10,993.3,10,,,76,10,0.0,10,0,10,,,0.0,10,19.5,,,0,19.4,,,0,,,16.6,10,12.7,10,346,10
2008-06-03T04:00+00:00,5935,46.0,0,124,10,144.0,10,1.1,10,4.6,10,993.4,10,,,67,10,0.0,10,0,10,,,0.6,10,19.4,,,0,19.3,,,0,,,17.9,10,13.0,10,452,10
2008-06-03T05:00+00:00,5935,124.0,0,152,10,156.0,10,2.0,10,6.1,10,993.9,10,,,64,10,0.0,10,0,10,,,0.4,10,19.3,,,0,19.3,,,0,,,18.6,10,17.0,10,534,10
2008-06-03T06:00+00:00,5935,259.0,0,147,10,164.0,10,1.5,10,4.4,10,994.5,10,,,63,10,0.0,10,0,10,,,0.9,10,19.3,,,0,19.2,,,0,,,19.7,10,19.1,10,637,10
2008-06-03T07:00+00:00,5935,496.0,0,173,10,198.0,10,1.2,10,3.7,10,994.6,10,,,60,10,0.0,10,0,10,,,1.0,10,19.4,,,0,19.2,,,0,,,21.1,10,21.6,10,708,10
2008-06-03T08:00+00:00,5935,493.0,0,128,10,86.0,10,1.2,10,3.8,10,994.8,10,,,61,10,0.0,10,0,10,,,0.8,10,19.5,,,0,19.2,,,0,,,21.8,10,24.9,10,836,10
2008-06-03T09:00+00:00,5935,706.0,0,89,10,83.0,10,1.3,10,4.5,10,994.8,10,,,60,10,0.0,10,0,10,,,1.0,10,19.7,,,0,19.2,,,0,,,23.7,10,27.1,10,943,10
2008-06-03T10:00+00:00,5935,756.0,0,100,10,83.0,10,1.7,10,4.9,10,994.6,10,,,60,10,0.0,10,0,10,,,0.9,10,19.9,,,0,19.2,,,0,,,24.3,10,34.5,10,1028,10
2008-06-03T11:00+00:00,5935,852.0,0,93,10,149.0,10,0.7,10,4.2,10,994.3,10,,,58,10,0.0,10,0,10,,,1.0,10,20.0,,,0,19.2,,,0,,,25.6,10,42.0,10,1124,10
2008-06-03T12:00+00:00,5935,419.0,0,153,10,122.0,10,1.0,10,3.9,10,993.7,10,,,60,10,0.0,10,0,10,,,0.3,10,20.2,,,0,19.2,,,0,,,25.0,10,27.7,10,1248,10
2008-06-03T13:00+00:00,5935,65.0,0,253,10,279.0,10,2.0,10,8.8,10,993.6,10,,,70,10,0.0,10,0,10,,,0.0,10,20.3,,,0,19.3,,,0,,,21.4,10,21.0,10,1353,10
2008-06-03T14:00+00:00,5935,40.0,0,254,10,280.0,10,0.3,10,5.0,10,994.1,10,,,75,10,0.0,10,1,10,,,0.0,10,20.2,,,0,19.3,,,0,,,21.1,10,19.9,10,1500,10
2008-06-03T15:00+00:00,5935,172.0,0,315,10,303.0,10,1.0,10,3.7,10,993.5,10,,,80,10,0.1,10,10,10,,,0.0,10,20.2,,,0,19.4,,,0,,,21.3,10,20.8,10,1528,10
2008-06-03T16:00+00:00,5935,189.0,0,249,10,214.0,10,1.3,10,3.5,10,993.6,10,,,75,10,0.0,10,0,10,,,0.0,10,20.2,,,0,19.4,,,0,,,22.2,10,23.1,10,1623,10
2008-06-03T17:00+00:00,5935,84.0,0,255,10,240.0,10,0.8,10,2.5,10,993.3,10,,,74,10,0.0,10,0,10,,,0.0,10,20.2,,,0,19.4,,,0,,,22.4,10,22.0,10,1729,10
2008-06-03T18:00+00:00,5935,49.0,0,211,10,183.0,10,1.7,10,6.5,10,994.1,10,,,84,10,0.1,10,13,10,,,0.0,10,20.2,,,0,19.4,,,0,,,21.0,10,19.4,10,1856,10
2008-06-03T19:00+00:00,5935,3.0,0,182,10,192.0,10,1.6,10,4.8,10,994.6,10,,,86,10,3.4,10,60,10,,,0.0,10,20.2,,,0,19.4,,,0,,,19.2,10,18.1,10,1957,10
2008-06-03T20:00+00:00,5935,0.0,0,219,10,154.0,10,1.7,10,5.2,10,994.0,10,,,88,10,0.1,10,38,10,,,0.0,10,20.1,,,0,19.4,,,0,,,18.5,10,17.6,10,2004,10
2008-06-03T21:00+00:00,5935,0.0,0,225,10,238.0,10,1.7,10,5.2,10,994.0,10,,,89,10,0.6,10,60,10,,,0.0,10,20.0,,,0,19.5,,,0,,,18.3,10,17.4,10,2102,10
2008-06-03T22:00+00:00,5935,0.0,0,237,10,265.0,10,1.0,10,3.2,10,993.7,10,,,90,10,0.1,10,42,10,,,0.0,10,19.9,,,0,19.4,,,0,,,18.1,10,17.5,10,2232,10
2008-06-03T23:00+00:00,5935,0.0,0,313,10,281.0,10,0.4,10,2.4,10,993.3,10,,,90,10,0.2,10,25,10,,,0.0,10,19.9,,,0,19.4,,,0,,,17.6,10,17.0,10,2303,10
2008-06-04T00:00+00:00,5935,0.0,0,111,10,67.0,10,0.7,10,2.3,10,993.6,10,,,91,10,0.0,10,0,10,,,0.0,10,19.8,,,0,19.4,,,0,,,17.8,10,16.4,10,48,10
2008-06-04T01:00+00:00,5935,0.0,0,43,10,104.0,10,0.1,10,1.8,10,993.0,10,,,92,10,0.0,10,21,10,,,0.0,10,19.7,,,0,19.4,,,0,,,17.7,10,16.9,10,107,10
2008-06-04T02:00+00:00,5935,0.0,0,300,10,24.0,10,0.2,10,1.3,10,993.0,10,,,93,10,0.5,10,25,10,,,0.0,10,19.6,,,0,19.4,,,0,,,17.4,10,17.1,10,207,10
2008-06-04T03:00+00:00,5935,0.0,0,6,10,356.0,10,0.1,10,1.7,10,992.9,10,,,92,10,1.0,10,44,10,,,0.0,10,19.6,,,0,19.3,,,0,,,17.6,10,17.2,10,318,10
2008-06-04T04:00+00:00,5935,5.0,0,276,10,293.0,10,0.3,10,1.3,10,992.9,10,,,92,10,0.6,10,35,10,,,0.0,10,19.5,,,0,19.3,,,0,,,17.6,10,17.3,10,426,10
2008-06-04T05:00+00:00,5935,15.0,0,317,10,315.0,10,0.2,10,1.6,10,993.1,10,,,92,10,0.7,10,32,10,,,0.0,10,19.5,,,0,19.3,,,0,,,17.7,10,17.5,10,539,10
2008-06-04T06:00+00:00,5935,25.0,0,272,10,285.0,10,0.2,10,2.4,10,993.1,10,,,92,10,9.4,10,60,10,,,0.0,10,19.4,,,0,19.2,,,0,,,17.5,10,17.5,10,632,10
2008-06-04T07:00+00:00,5935,124.0,0,292,10,270.0,10,0.8,10,3.0,10,993.0,10,,,90,10,0.4,10,49,10,,,0.0,10,19.3,,,0,19.3,,,0,,,17.9,10,18.1,10,734,10
2008-06-04T08:00+00:00,5935,172.0,0,306,10,326.0,10,1.1,10,3.2,10,993.0,10,,,90,10,0.0,10,17,10,,,0.0,10,19.5,,,0,19.3,,,0,,,18.7,10,19.5,10,809,10
2008-06-04T09:00+00:00,5935,359.0,0,332,10,326.0,10,1.0,10,2.9,10,993.0,10,,,82,10,0.0,10,4,10,,,0.0,10,19.6,,,0,19.3,,,0,,,19.8,10,22.2,10,945,10
2008-06-04T10:00+00:00,5935,427.0,0,332,10,302.0,10,0.8,10,3.3,10,992.6,10,,,75,10,0.0,10,0,10,,,0.0,10,19.8,,,0,19.4,,,0,,,20.7,10,25.0,10,1038,10
2008-06-04T11:00+00:00,5935,579.0,0,298,10,281.0,10,1.2,10,3.4,10,992.0,10,,,70,10,0.0,10,0,10,,,0.3,10,20.0,,,0,19.5,,,0,,,21.8,10,26.8,10,1126,10
2008-06-04T12:00+00:00,5935,241.0,0,331,10,334.0,10,0.9,10,2.7,10,991.6,10,,,73,10,0.0,10,7,10,,,0.1,10,20.2,,,0,19.5,,,0,,,21.7,10,23.7,10,1206,10
2008-06-04T13:00+00:00,5935,396.0,0,311,10,312.0,10,0.4,10,3.0,10,991.3,10,,,67,10,0.0,10,6,10,,,0.1,10,20.3,,,0,19.5,,,0,,,22.8,10,23.6,10,1346,10
2008-06-04T14:00+00:00,5935,302.0,0,50,10,52.0,10,0.8,10,4.4,10,991.3,10,,,71,10,0.0,10,0,10,,,0.1,10,20.3,,,0,19.5,,,0,,,22.4,10,25.9,10,1449,10
2008-06-04T15:00+00:00,5935,69.0,0,46,10,41.0,10,1.1,10,4.0,10,991.3,10,,,83,10,0.5,10,32,10,,,0.0,10,20.4,,,0,19.5,,,0,,,20.1,10,19.8,10,1511,10
2008-06-04T16:00+00:00,5935,49.0,0,333,10,352.0,10,1.2,10,6.7,10,991.8,10,,,82,10,0.3,10,23,10,,,0.0,10,20.3,,,0,19.5,,,0,,,19.3,10,19.2,10,1654,10
2008-06-04T17:00+00:00,5935,67.0,0,11,10,22.0,10,2.3,10,7.1,10,991.7,10,,,80,10,0.0,10,0,10,,,0.0,10,20.3,,,0,19.5,,,0,,,18.3,10,18.5,10,1708,10
2008-06-04T18:00+00:00,5935,39.0,0,360,10,24.0,10,0.9,10,3.2,10,991.6,10,,,84,10,0.0,10,0,10,,,0.0,10,20.2,,,0,19.5,,,0,,,17.9,10,17.8,10,1805,10
2008-06-04T19:00+00:00,5935,4.0,0,324,10,325.0,10,1.1,10,2.8,10,991.8,10,,,86,10,0.0,10,0,10,,,0.0,10,20.1,,,0,19.5,,,0,,,17.6,10,17.3,10,1935,10
2008-06-04T20:00+00:00,5935,0.0,0,327,10,335.0,10,1.2,10,3.4,10,992.2,10,,,87,10,0.0,10,0,10,,,0.0,10,20.0,,,0,19.5,,,0,,,17.6,10,16.9,10,2034,10
2008-06-04T21:00+00:00,5935,0.0,0,323,10,319.0,10,1.4,10,4.3,10,992.3,10,,,87,10,0.0,10,0,10,,,0.0,10,19.9,,,0,19.5,,,0,,,17.4,10,16.8,10,2156,10
2008-06-04T22:00+00:00,5935,0.0,0,328,10,324.0,10,1.1,10,3.3,10,992.2,10,,,87,10,0.0,10,0,10,,,0.0,10,19.8,,,0,19.5,,,0,,,17.3,10,16.6,10,2207,10
2008-06-04T23:00+00:00,5935,0.0,0,315,10,311.0,10,1.7,10,3.8,10,991.9,10,,,88,10,0.0,10,0,10,,,0.0,10,19.7,,,0,19.5,,,0,,,17.1,10,16.3,10,2351,10
2008-06-05T00:00+00:00,5935,0.0,0,327,10,324.0,10,1.1,10,3.6,10,991.9,10,,,89,10,0.0,10,0,10,,,0.0,10,19.6,,,0,19.4,,,0,,,17.1,10,16.2,10,7,10
2008-06-05T01:00+00:00,5935,0.0,0,341,10,1.0,10,0.2,10,2.0,10,992.3,10,,,88,10,0.1,10,15,10,,,0.0,10,19.6,,,0,19.4,,,0,,,17.2,10,16.5,10,103,10
2008-06-05T02:00+00:00,5935,0.0,0,16,10,20.0,10,0.2,10,1.5,10,991.9,10,,,90,10,0.9,10,52,10,,,0.0,10,19.5,,,0,19.4,,,0,,,16.9,10,16.6,10,248,10
2008-06-05T03:00+00:00,5935,0.0,0,14,10,21.0,10,0.1,10,1.8,10,991.9,10,,,92,10,1.0,10,50,10,,,0.0,10,19.4,,,0,19.3,,,0,,,16.7,10,16.5,10,359,10
2008-06-05T04:00+00:00,5935,4.0,0,25,10,45.0,10,1.1,10,3.5,10,992.0,10,,,90,10,0.7,10,48,10,,,0.0,10,19.4,,,0,19.3,,,0,,,16.5,10,16.7,10,458,10
2008-06-05T05:00+00:00,5935,27.0,0,74,10,50.0,10,1.7,10,4.5,10,992.5,10,,,90,10,0.8,10,60,10,,,0.0,10,19.3,,,0,19.3,,,0,,,16.2,10,16.7,10,508,10
2008-06-05T06:00+00:00,5935,32.0,0,70,10,126.0,10,1.5,10,3.4,10,993.0,10,,,92,10,4.0,10,60,10,,,0.0,10,19.2,,,0,19.2,,,0,,,16.0,10,16.4,10,603,10
2008-06-05T07:00+00:00,5935,78.0,0,44,10,48.0,10,1.3,10,3.2,10,993.2,10,,,92,10,2.5,10,60,10,,,0.0,10,19.1,,,0,19.2,,,0,,,16.3,10,16.6,10,752,10
2008-06-05T08:00+00:00,5935,181.0,0,46,10,51.0,10,1.7,10,4.1,10,993.4,10,,,89,10,0.3,10,60,10,,,0.0,10,19.1,,,0,19.2,,,0,,,16.9,10,18.5,10,849,10
2008-06-05T09:00+00:00,5935,280.0,0,26,10,3.0,10,1.8,10,4.1,10,993.5,10,,,87,10,0.1,10,41,10,,,0.0,10,19.1,,,0,19.1,,,0,,,17.4,10,20.5,10,931,10
2008-06-05T10:00+00:00,5935,233.0,0,14,10,350.0,10,1.9,10,4.5,10,993.5,10,,,86,10,0.1,10,14,10,,,0.0,10,19.3,,,0,19.1,,,0,,,17.6,10,20.7,10,1038,10
2008-06-05T11:00+00:00,5935,281.0,0,18,10,349.0,10,1.7,10,4.1,10,993.5,10,,,83,10,0.2,10,60,10,,,0.0,10,19.4,,,0,19.1,,,0,,,17.8,10,21.1,10,1151,10
2008-06-05T12:00+00:00,5935,240.0,0,15,10,18.0,10,2.2,10,5.2,10,993.4,10,,,79,10,0.0,10,15,10,,,0.0,10,19.5,,,0,19.1,,,0,,,17.8,10,20.0,10,1216,10
2008-06-05T13:00+00:00,5935,148.0,0,346,10,343.0,10,1.2,10,3.9,10,993.2,10,,,81,10,0.3,10,60,10,,,0.0,10,19.5,,,0,19.2,,,0,,,17.4,10,19.5,10,1302,10
2008-06-05T14:00+00:00,5935,147.0,0,314,10,326.0,10,1.2,10,4.0,10,992.8,10,,,83,10,0.0,10,11,10,,,0.0,10,19.5,,,0,19.2,,,0,,,17.5,10,19.3,10,1456,10
2008-06-05T15:00+00:00,5935,122.0,0,304,10,306.0,10,1.3,10,4.2,10,992.5,10,,,84,10,0.0,10,9,10,,,0.0,10,19.5,,,0,19.2,,,0,,,17.8,10,19.2,10,1502,10
2008-06-05T16:00+00:00,5935,150.0,0,302,10,312.0,10,1.4,10,4.0,10,992.3,10,,,81,10,0.0,10,0,10,,,0.0,10,19.5,,,0,19.2,,,0,,,18.3,10,19.3,10,1637,10
2008-06-05T17:00+00:00,5935,101.0,0,312,10,324.0,10,1.5,10,4.0,10,992.5,10,,,82,10,0.0,10,0,10,,,0.0,10,19.5,,,0,19.2,,,0,,,18.3,10,19.0,10,1752,10
2008-06-05T18:00+00:00,5935,61.0,0,309,10,319.0,10,1.7,10,3.9,10,992.5,10,,,80,10,0.0,10,0,10,,,0.0,10,19.4,,,0,19.2,,,0,,,18.0,10,17.7,10,1803,10
2008-06-05T19:00+00:00,5935,12.0,0,315,10,346.0,10,1.6,10,3.8,10,992.9,10,,,74,10,0.0,10,0,10,,,0.0,10,19.4,,,0,19.2,,,0,,,17.6,10,16.7,10,1922,10
2008-06-05T20:00+00:00,5935,0.0,0,323,10,329.0,10,1.3,10,3.6,10,993.2,10,,,69,10,0.0,10,0,10,,,0.0,10,19.3,,,0,19.2,,,0,,,17.4,10,16.0,10,2047,10
2008-06-05T21:00+00:00,5935,0.0,0,343,10,358.0,10,1.3,10,4.5,10,993.3,10,,,65,10,0.0,10,0,10,,,0.0,10,19.2,,,0,19.1,,,0,,,17.1,10,15.7,10,2148,10
2008-06-05T22:00+00:00,5935,0.0,0,360,10,330.0,10,1.6,10,4.0,10,993.3,10,,,71,10,0.0,10,0,10,,,0.0,10,19.1,,,0,19.1,,,0,,,16.3,10,15.5,10,2225,10
2008-06-05T23:00+00:00,5935,0.0,0,14,10,18.0,10,1.1,10,3.7,10,993.5,10,,,73,10,0.0,10,0,10,,,0.0,10,19.0,,,0,19.1,,,0,,,16.0,10,15.3,10,2323,10
2008-06-06T00:00+00:00,5935,0.0,0,12,10,354.0,10,0.9,10,3.5,10,993.6,10,,,77,10,0.0,10,0,10,,,0.0,10,18.9,,,0,19.0,,,0,,,15.8,10,15.3,10,13,10
2008-06-06T01:00+00:00,5935,0.0,0,20,10,24.0,10,0.6,10,2.9,10,993.7,10,,,81,10,0.0,10,0,10,,,0.0,10,18.9,,,0,19.0,,,0,,,15.8,10,15.3,10,101,10
2008-06-06T02:00+00:00,5935,0.0,0,63,10,76.0,10,1.2,10,3.7,10,993.4,10,,,80,10,0.0,10,0,10,,,0.0,10,18.8,,,0,19.0,,,0,,,16.0,10,15.3,10,233,10
2008-06-06T03:00+00:00,5935,0.0,0,88,10,73.0,10,0.9,10,3.0,10,993.5,10,,,78,10,0.0,10,0,10,,,0.0,10,18.7,,,0,18.9,,,0,,,16.2,10,15.4,10,308,10
2008-06-06T04:00+00:00,5935,11.0,0,51,10,87.0,10,0.9,10,3.0,10,993.7,10,,,79,10,0.0,10,0,10,,,0.0,10,18.7,,,0,18.9,,,0,,,15.4,10,15.6,10,426,10
2008-06-06T05:00+00:00,5935,38.0,0,4,10,2.0,10,0.8,10,3.4,10,993.9,10,,,79,10,0.0,10,0,10,,,0.0,10,18.6,,,0,18.9,,,0,,,15.1,10,15.8,10,548,10
2008-06-06T06:00+00:00,5935,46.0,0,16,10,21.0,10,0.9,10,3.1,10,994.1,10,,,87,10,0.1,10,7,10,,,0.0,10,18.6,,,0,18.8,,,0,,,14.9,10,15.8,10,607,10
2008-06-06T07:00+00:00,5935,81.0,0,351,10,342.0,10,0.3,10,2.0,10,994.2,10,,,85,10,0.8,10,60,10,,,0.0,10,18.5,,,0,18.8,,,0,,,14.9,10,16.1,10,732,10
2008-06-06T08:00+00:00,5935,210.0,0,314,10,306.0,10,0.7,10,2.3,10,994.2,10,,,81,10,0.1,10,8,10,,,0.0,10,18.5,,,0,18.8,,,0,,,16.2,10,16.7,10,840,10
2008-06-06T09:00+00:00,5935,,0,316,10,307.0,10,1.3,10,2.6,10,993.9,10,,,76,10,0.0,10,0,10,,,0.1,10,,,,0,,,,0,,,17.6,10,20.3,10,1000,10
2008-06-06T10:00+00:00,5935,,0,319,10,309.0,10,1.5,10,2.9,10,993.6,10,,,70,10,0.0,10,0,10,,,0.0,10,,,,0,,,,0,,,19.0,10,23.6,10,1100,10
2008-06-06T11:00+00:00,5935,,0,322,10,310.0,10,1.5,10,3.2,10,993.3,10,,,65,10,0.0,10,0,10,,,0.9,10,,,,0,,,,0,,,20.3,10,26.9,10,1200,10
2008-06-06T12:00+00:00,5935,,0,325,10,311.0,10,1.6,10,3.5,10,993.1,10,,,59,10,0.0,10,0,10,,,0.6,10,,,,0,,,,0,,,21.7,10,30.3,10,1300,10
2008-06-06T13:00+00:00,5935,,0,328,10,313.0,10,1.7,10,3.8,10,992.8,10,,,54,10,0.0,10,0,10,,,0.6,10,,,,0,,,,0,,,23.0,10,33.6,10,1400,10
2008-06-06T14:00+00:00,5935,612.0,0,358,10,81.0,10,1.6,10,4.9,10,992.4,10,,,53,10,0.0,10,0,10,,,0.8,10,19.1,,,0,18.7,,,0,,,23.7,10,31.6,10,1448,10
2008-06-06T15:00+00:00,5935,597.0,0,8,10,356.0,10,1.8,10,6.2,10,992.0,10,,,49,10,0.0,10,0,10,,,0.9,10,19.3,,,0,18.7,,,0,,,24.4,10,31.8,10,1555,10
2008-06-06T16:00+00:00,5935,417.0,0,25,10,61.0,10,2.4,10,10.2,10,992.2,10,,,59,10,0.0,10,7,10,,,0.8,10,19.4,,,0,18.8,,,0,,,21.0,10,21.3,10,1651,10
2008-06-06T17:00+00:00,5935,123.0,0,9,10,22.0,10,0.8,10,6.2,10,992.1,10,,,67,10,0.1,10,21,10,,,0.3,10,19.4,,,0,18.8,,,0,,,21.3,10,19.6,10,1759,10
2008-06-06T18:00+00:00,5935,72.0,0,30,10,57.0,10,1.5,10,7.2,10,992.0,10,,,60,10,0.0,10,0,10,,,0.1,10,19.4,,,0,18.9,,,0,,,19.7,10,18.6,10,1801,10
2008-06-06T19:00+00:00,5935,19.0,0,51,10,65.0,10,1.3,10,5.3,10,992.7,10,,,70,10,0.0,10,0,10,,,0.0,10,19.4,,,0,18.9,,,0,,,18.4,10,16.3,10,1947,10
2008-06-06T20:00+00:00,5935,0.0,0,32,10,46.0,10,1.0,10,4.2,10,993.4,10,,,74,10,0.0,10,0,10,,,0.0,10,19.3,,,0,18.9,,,0,,,17.3,10,14.8,10,2002,10
2008-06-06T21:00+00:00,5935,0.0,0,123,10,164.0,10,1.0,10,3.6,10,993.7,10,,,77,10,0.0,10,0,10,,,0.0,10,19.2,,,0,18.9,,,0,,,17.7,10,15.3,10,2121,10
2008-06-06T22:00+00:00,5935,0.0,0,137,10,117.0,10,0.5,10,2.6,10,993.7,10,,,81,10,0.0,10,0,10,,,0.0,10,19.2,,,0,18.9,,,0,,,17.5,10,16.6,10,2202,10
2008-06-06T23:00+00:00,5935,0.0,0,0,10,118.0,10,0.0,10,1.7,10,993.4,10,,,82,10,0.1,10,23,10,,,0.0,10,19.1,,,0,18.9,,,0,,,17.3,10,16.5,10,2329,10
2008-06-07T00:00+00:00,5935,0.0,0,154,10,134.0,10,0.3,10,1.8,10,993.2,10,,,84,10,0.0,10,0,10,,,0.0,10,19.0,,,0,18.9,,,0,,,17.1,10,16.3,10,51,10
2008-06-07T01:00+00:00,5935,0.0,0,28,10,20.0,10,0.3,10,1.5,10,993.4,10,,,87,10,0.0,10,0,10,,,0.0,10,19.0,,,0,18.9,,,0,,,16.6,10,15.7,10,139,10
2008-06-07T02:00+00:00,5935,0.0,0,15,10,12.0,10,0.6,10,1.6,10,993.3,10,,,88,10,0.0,10,0,10,,,0.0,10,18.9,,,0,18.9,,,0,,,16.1,10,15.2,10,204,10
2008-06-07T03:00+00:00,5935,1.0,0,11,10,20.0,10,0.7,10,2.0,10,993.4,10,,,89,10,0.0,10,0,10,,,0.0,10,18.9,,,0,18.9,,,0,,,16.1,10,15.2,10,319,10
2008-06-07T04:00+00:00,5935,13.0,0,4,10,13.0,10,0.8,10,2.5,10,993.5,10,,,88,10,0.0,10,0,10,,,0.0,10,18.8,,,0,18.9,,,0,,,16.0,10,15.1,10,418,10
2008-06-07T05:00+00:00,5935,63.0,0,5,10,17.0,10,0.8,10,2.2,10,993.7,10,,,86,10,0.0,10,0,10,,,0.0,10,18.8,,,0,18.8,,,0,,,16.5,10,15.9,10,501,10
2008-06-07T06:00+00:00,5935,92.0,0,18,10,344.0,10,0.7,10,2.7,10,994.1,10,,,84,10,0.0,10,0,10,,,0.0,10,18.8,,,0,18.8,,,0,,,17.2,10,17.2,10,642,10
2008-06-07T07:00+00:00,5935,151.0,0,43,10,87.0,10,0.5,10,2.4,10,994.2,10,,,78,10,0.0,10,0,10,,,0.0,10,18.8,,,0,18.8,,,0,,,18.1,10,18.3,10,749,10
2008-06-07T08:00+00:00,5935,379.0,0,60,10,7.0,10,0.7,10,2.9,10,994.2,10,,,65,10,0.0,10,0,10,,,0.3,10,18.8,,,0,18.8,,,0,,,19.7,10,20.6,10,846,10
2008-06-07T09:00+00:00,5935,573.0,0,66,10,79.0,10,1.4,10,5.3,10,994.2,10,,,64,10,0.0,10,0,10,,,0.6,10,18.9,,,0,18.8,,,0,,,20.1,10,25.4,10,937,10
2008-06-07T10:00+00:00,5935,505.0,0,67,10,73.0,10,1.2,10,4.2,10,994.2,10,,,61,10,0.0,10,0,10,,,0.4,10,19.0,,,0,18.8,,,0,,,21.0,10,25.2,10,1006,10
2008-06-07T11:00+00:00,5935,389.0,0,77,10,53.0,10,1.7,10,4.8,10,994.3,10,,,67,10,0.0,10,8,10,,,0.2,10,19.1,,,0,18.8,,,0,,,20.5,10,24.8,10,1148,10
2008-06-07T12:00+00:00,5935,513.0,0,94,10,104.0,10,1.6,10,4.6,10,994.1,10,,,62,10,0.0,10,8,10,,,0.4,10,19.2,,,0,18.8,,,0,,,20.9,10,23.9,10,1211,10
2008-06-07T13:00+00:00,5935,891.0,0,126,10,158.0,10,1.6,10,6.2,10,993.7,10,,,64,10,0.0,10,0,10,,,1.0,10,19.3,,,0,18.8,,,0,,,21.7,10,33.7,10,1338,10
2008-06-07T14:00+00:00,5935,774.0,0,92,10,83.0,10,1.7,10,5.3,10,993.5,10,,,58,10,0.0,10,0,10,,,1.0,10,19.4,,,0,18.8,,,0,,,22.7,10,34.9,10,1428,10
2008-06-07T15:00+00:00,5935,376.0,0,101,10,167.0,10,1.4,10,4.4,10,993.3,10,,,61,10,0.0,10,0,10,,,0.7,10,19.5,,,0,18.9,,,0,,,22.1,10,26.5,10,1528,10
2008-06-07T16:00+00:00,5935,207.0,0,97,10,73.0,10,2.1,10,12.5,10,993.4,10,,,61,10,0.0,10,1,10,,,0.2,10,19.5,,,0,18.9,,,0,,,19.4,10,20.4,10,1635,10
2008-06-07T17:00+00:00,5935,164.0,0,83,10,118.0,10,1.1,10,4.2,10,993.5,10,,,66,10,0.2,10,23,10,,,0.2,10,19.5,,,0,19.0,,,0,,,20.1,10,19.8,10,1704,10
2008-06-07T18:00+00:00,5935,91.0,0,55,10,116.0,10,0.6,10,2.2,10,993.9,10,,,68,10,0.0,10,0,10,,,0.0,10,19.5,,,0,19.0,,,0,,,20.4,10,19.6,10,1810,10
2008-06-07T19:00+00:00,5935,25.0,0,103,10,102.0,10,0.9,10,5.2,10,994.6,10,,,78,10,0.0,10,0,10,,,0.0,10,19.5,,,0,19.0,,,0,,,18.4,10,17.2,10,1936,10
2008-06-07T20:00+00:00,5935,0.0,0,167,10,136.0,10,0.6,10,3.3,10,995.1,10,,,86,10,0.3,10,19,10,,,0.0,10,19.4,,,0,19.0,,,0,,,17.2,10,16.0,10,2001,10
2008-06-07T21:00+00:00,5935,0.0,0,237,10,238.0,10,0.3,10,2.3,10,995.2,10,,,89,10,0.0,10,0,10,,,0.0,10,19.4,,,0,19.0,,,0,,,16.7,10,14.8,10,2108,10
2008-06-07T22:00+00:00,5935,0.0,0,105,10,106.0,10,0.8,10,2.7,10,995.4,10,,,89,10,0.0,10,0,10,,,0.0,10,19.3,,,0,19.0,,,0,,,16.0,10,14.3,10,2256,10
2008-06-07T23:00+00:00,5935,0.0,0,0,10,96.0,10,0.0,10,1.8,10,995.4,10,,,92,10,0.0,10,0,10,,,0.0,10,19.2,,,0,19.0,,,0,,,15.2,10,13.3,10,2400,10
2008-06-08T00:00+00:00,5935,0.0,0,326,10,312.0,10,0.1,10,1.2,10,995.7,10,,,92,10,0.0,10,0,10,,,0.0,10,19.1,,,0,19.0,,,0,,,14.8,10,12.8,10,44,10
2008-06-08T01:00+00:00,5935,0.0,0,321,10,352.0,10,0.1,10,1.7,10,995.8,10,,,92,10,0.0,10,0,10,,,0.0,10,18.9,,,0,19.0,,,0,,,14.9,10,12.8,10,126,10
2008-06-08T02:00+00:00,5935,0.0,0,307,10,298.0,10,0.7,10,3.4,10,995.7,10,,,91,10,0.0,10,0,10,,,0.0,10,18.8,,,0,19.0,,,0,,,14.6,10,13.0,10,216,10
2008-06-08T03:00+00:00,5935,1.0,0,291,10,297.0,10,1.2,10,3.1,10,995.8,10,,,92,10,0.0,10,0,10,,,0.0,10,18.7,,,0,18.9,,,0,,,14.6,10,12.9,10,337,10
2008-06-08T04:00+00:00,5935,21.0,0,303,10,298.0,10,0.8,10,2.5,10,996.1,10,,,91,10,0.0,10,0,10,,,0.1,10,18.7,,,0,18.9,,,0,,,14.6,10,13.0,10,405,10
2008-06-08T05:00+00:00,5935,170.0,0,306,10,301.0,10,1.4,10,4.0,10,996.6,10,,,85,10,0.0,10,0,10,,,1.0,10,18.6,,,0,18.9,,,0,,,16.2,10,13.6,10,523,10
2008-06-08T06:00+00:00,5935,170.0,0,319,10,323.0,10,1.2,10,4.7,10,997.0,10,,,83,10,0.0,10,0,10,,,0.3,10,18.6,,,0,18.8,,,0,,,16.2,10,17.4,10,659,10
2008-06-08T07:00+00:00,5935,285.0,0,322,10,315.0,10,2.0,10,5.0,10,997.2,10,,,75,10,0.0,10,0,10,,,0.2,10,18.6,,,0,18.8,,,0,,,17.4,10,16.9,10,744,10
2008-06-08T08:00+00:00,5935,379.0,0,317,10,326.0,10,1.6,10,4.8,10,997.5,10,,,72,10,0.0,10,0,10,,,0.3,10,18.7,,,0,18.8,,,0,,,18.8,10,19.9,10,810,10
2008-06-08T09:00+00:00,5935,418.0,0,316,10,322.0,10,1.8,10,4.5,10,997.6,10,,,68,10,0.0,10,0,10,,,0.3,10,18.8,,,0,18.8,,,0,,,19.3,10,23.1,10,921,10
2008-06-08T10:00+00:00,5935,437.0,0,330,10,288.0,10,1.3,10,4.1,10,997.5,10,,,67,10,0.0,10,0,10,,,0.2,10,18.8,,,0,18.7,,,0,,,20.0,10,23.0,10,1002,10
2008-06-08T11:00+00:00,5935,433.0,0,26,10,63.0,10,1.5,10,5.3,10,997.7,10,,,66,10,0.0,10,0,10,,,0.3,10,18.9,,,0,18.7,,,0,,,20.2,10,24.7,10,1128,10
2008-06-08T12:00+00:00,5935,310.0,0,68,10,75.0,10,2.6,10,5.7,10,997.6,10,,,71,10,0.0,10,7,10,,,0.1,10,19.0,,,0,18.8,,,0,,,19.6,10,22.6,10,1207,10
2008-06-08T13:00+00:00,5935,475.0,0,80,10,89.0,10,1.5,10,4.7,10,997.2,10,,,63,10,0.0,10,0,10,,,0.4,10,19.1,,,0,18.8,,,0,,,21.0,10,26.1,10,1311,10
2008-06-08T14:00+00:00,5935,716.0,0,107,10,61.0,10,1.3,10,4.2,10,996.8,10,,,53,10,0.0,10,0,10,,,1.0,10,19.2,,,0,18.8,,,0,,,22.6,10,30.2,10,1422,10
2008-06-08T15:00+00:00,5935,478.0,0,78,10,91.0,10,1.9,10,5.9,10,996.7,10,,,59,10,0.0,10,0,10,,,0.4,10,19.3,,,0,18.8,,,0,,,21.8,10,25.4,10,1524,10
2008-06-08T16:00+00:00,5935,276.0,0,43,10,21.0,10,2.3,10,5.6,10,997.1,10,,,64,10,0.0,10,0,10,,,0.4,10,19.4,,,0,18.8,,,0,,,21.2,10,23.6,10,1648,10
2008-06-08T17:00+00:00,5935,137.0,0,14,10,19.0,10,2.4,10,6.1,10,997.4,10,,,71,10,0.0,10,0,10,,,0.0,10,19.4,,,0,18.9,,,0,,,19.9,10,20.8,10,1709,10
2008-06-08T18:00+00:00,5935,46.0,0,10,10,14.0,10,1.7,10,4.2,10,997.6,10,,,73,10,0.0,10,0,10,,,0.0,10,19.4,,,0,18.9,,,0,,,19.6,10,19.3,10,1804,10
2008-06-08T19:00+00:00,5935,8.0,0,28,10,2.0,10,1.6,10,4.1,10,998.1,10,,,71,10,0.0,10,0,10,,,0.0,10,19.4,,,0,18.9,,,0,,,18.7,10,18.0,10,1912,10
2008-06-08T20:00+00:00,5935,0.0,0,335,10,317.0,10,0.3,10,1.9,10,998.8,10,,,80,10,0.0,10,0,10,,,0.0,10,19.3,,,0,19.0,,,0,,,18.5,10,17.6,10,2056,10
2008-06-08T21:00+00:00,5935,0.0,0,133,10,123.0,10,1.1,10,6.0,10,999.3,10,,,87,10,0.1,10,15,10,,,0.0,10,19.2,,,0,19.0,,,0,,,17.5,10,16.8,10,2109,10
2008-06-08T22:00+00:00,5935,0.0,0,293,10,290.0,10,0.5,10,2.0,10,999.3,10,,,89,10,0.2,10,12,10,,,0.0,10,19.2,,,0,19.0,,,0,,,17.1,10,16.7,10,2220,10
2008-06-08T23:00+00:00,5935,0.0,0,54,10,100.0,10,0.2,10,1.8,10,999.8,10,,,90,10,0.0,10,0,10,,,0.0,10,19.1,,,0,19.0,,,0,,,16.8,10,16.0,10,2308,10
2008-06-09T00:00+00:00,5935,0.0,0,349,10,20.0,10,0.4,10,1.8,10,999.9,10,,,92,10,0.0,10,0,10,,,0.0,10,19.1,,,0,19.0,,,0,,,15.7,10,13.7,10,100,10
2008-06-09T01:00+00:00,5935,0.0,0,319,10,349.0,10,0.6,10,2.2,10,1000.2,10,,,91,10,0.0,10,0,10,,,0.0,10,19.0,,,0,18.9,,,0,,,15.8,10,13.5,10,152,10
2008-06-09T02:00+00:00,5935,0.0,0,325,10,341.0,10,0.8,10,2.4,10,1000.0,10,,,91,10,0.0,10,0,10,,,0.0,10,18.9,,,0,18.9,,,0,,,15.2,10,13.8,10,210,10
2008-06-09T03:00+00:00,5935,0.0,0,296,10,334.0,10,0.4,10,1.7,10,1000.2,10,,,92,10,0.0,10,0,10,,,0.0,10,18.8,,,0,18.9,,,0,,,14.8,10,12.9,10,316,10
2008-06-09T04:00+00:00,5935,15.0,0,298,10,310.0,10,0.2,10,1.3,10,1000.4,10,,,92,10,0.0,10,0,10,,,0.0,10,18.7,,,0,18.9,,,0,,,15.4,10,13.3,10,440,10
2008-06-09T05:00+00:00,5935,52.0,0,321,10,289.0,10,0.9,10,3.4,10,1000.9,10,,,89,10,0.0,10,0,10,,,0.0,10,18.7,,,0,18.9,,,0,,,15.9,10,16.0,10,517,10
2008-06-09T06:00+00:00,5935,159.0,0,318,10,296.0,10,1.6,10,4.3,10,1001.5,10,,,89,10,0.0,10,0,10,,,0.1,10,18.6,,,0,18.8,,,0,,,16.5,10,17.0,10,654,10
2008-06-09T07:00+00:00,5935,475.0,0,310,10,334.0,10,2.1,10,4.6,10,1001.6,10,,,79,10,0.0,10,0,10,,,1.0,10,18.7,,,0,18.8,,,0,,,19.0,10,19.7,10,729,10
2008-06-09T08:00+00:00,5935,643.0,0,300,10,316.0,10,2.2,10,4.9,10,1001.5,10,,,73,10,0.0,10,0,10,,,1.0,10,18.8,,,0,18.8,,,0,,,19.9,10,23.5,10,811,10
2008-06-09T09:00+00:00,5935,755.0,0,318,10,303.0,10,1.5,10,3.9,10,1001.5,10,,,62,10,0.0,10,0,10,,,1.0,10,19.0,,,0,18.8,,,0,,,21.4,10,31.9,10,944,10
2008-06-09T10:00+00:00,5935,789.0,0,319,10,334.0,10,1.0,10,4.8,10,1001.8,10,,,60,10,0.0,10,0,10,,,1.0,10,19.2,,,0,18.8,,,0,,,23.3,10,32.1,10,1022,10
2008-06-09T11:00+00:00,5935,835.0,0,347,10,318.0,10,1.1,10,4.0,10,1001.6,10,,,53,10,0.0,10,0,10,,,0.9,10,19.3,,,0,18.8,,,0,,,23.9,10,30.7,10,1109,10
2008-06-09T12:00+00:00,5935,901.0,0,23,10,353.0,10,1.0,10,5.0,10,1001.2,10,,,49,10,0.0,10,0,10,,,1.0,10,19.5,,,0,18.8,,,0,,,25.0,10,36.0,10,1226,10
2008-06-09T13:00+00:00,5935,528.0,0,78,10,63.0,10,1.1,10,4.0,10,1000.9,10,,,48,10,0.0,10,0,10,,,0.5,10,19.7,,,0,18.9,,,0,,,24.5,10,27.5,10,1316,10
2008-06-09T14:00+00:00,5935,553.0,0,343,10,8.0,10,0.6,10,5.6,10,1000.8,10,,,51,10,0.0,10,0,10,,,0.6,10,19.9,,,0,18.9,,,0,,,24.6,10,26.6,10,1457,10
2008-06-09T15:00+00:00,5935,214.0,0,16,10,28.0,10,1.8,10,3.8,10,1000.8,10,,,55,10,0.0,10,0,10,,,0.2,10,20.1,,,0,19.0,,,0,,,24.6,10,24.1,10,1501,10
2008-06-09T16:00+00:00,5935,264.0,0,21,10,8.0,10,1.4,10,4.0,10,1000.7,10,,,52,10,0.0,10,0,10,,,0.5,10,20.1,,,0,19.1,,,0,,,23.9,10,22.2,10,1623,10
2008-06-09T17:00+00:00,5935,138.0,0,10,10,20.0,10,0.5,10,1.9,10,1000.7,10,,,55,10,0.0,10,0,10,,,0.3,10,20.1,,,0,19.2,,,0,,,24.6,10,22.1,10,1708,10
2008-06-09T18:00+00:00,5935,152.0,0,0,10,158.0,10,0.0,10,1.9,10,1000.7,10,,,57,10,0.0,10,0,10,,,0.9,10,20.1,,,0,19.2,,,0,,,23.4,10,21.1,10,1824,10
2008-06-09T19:00+00:00,5935,26.0,0,284,10,289.0,10,0.1,10,1.6,10,1000.9,10,,,66,10,0.0,10,0,10,,,0.2,10,20.1,,,0,19.3,,,0,,,21.1,10,17.3,10,1932,10
2008-06-09T20:00+00:00,5935,1.0,0,7,10,350.0,10,0.2,10,1.6,10,1001.5,10,,,80,10,0.0,10,0,10,,,0.0,10,20.0,,,0,19.3,,,0,,,19.6,10,16.3,10,2044,10
2008-06-09T21:00+00:00,5935,0.0,0,294,10,307.0,10,0.3,10,2.3,10,1001.8,10,,,81,10,0.0,10,0,10,,,0.0,10,19.9,,,0,19.3,,,0,,,18.3,10,15.4,10,2136,10
2008-06-09T22:00+00:00,5935,0.0,0,308,10,310.0,10,0.1,10,1.6,10,1002.0,10,,,83,10,0.0,10,0,10,,,0.0,10,19.8,,,0,19.3,,,0,,,17.7,10,14.7,10,2216,10
2008-06-09T23:00+00:00,5935,0.0,0,267,10,305.0,10,0.1,10,1.6,10,1002.0,10,,,87,10,0.0,10,0,10,,,0.0,10,19.6,,,0,19.3,,,0,,,17.0,10,14.3,10,2352,10
2008-06-10T00:00+00:00,5935,0.0,0,286,10,293.0,10,0.2,10,1.6,10,1002.3,10,,,87,10,0.0,10,0,10,,,0.0,10,19.5,,,0,19.3,,,0,,,16.9,10,14.0,10,24,10
2008-06-10T01:00+00:00,5935,0.0,0,291,10,300.0,10,0.3,10,1.7,10,1001.8,10,,,90,10,0.0,10,0,10,,,0.0,10,19.3,,,0,19.3,,,0,,,16.1,10,13.3,10,155,10
2008-06-10T02:00+00:00,5935,0.0,0,298,10,299.0,10,0.2,10,1.6,10,1001.7,10,,,91,10,0.0,10,0,10,,,0.0,10,19.2,,,0,19.3,,,0,,,15.8,10,13.0,10,210,10
2008-06-10T03:00+00:00,5935,1.0,0,276,10,281.0,10,0.2,10,1.5,10,1001.8,10,,,92,10,0.0,10,0,10,,,0.0,10,19.0,,,0,19.2,,,0,,,15.6,10,12.9,10,341,10
2008-06-10T04:00+00:00,5935,29.0,0,284,10,278.0,10,0.5,10,2.0,10,1001.8,10,,,90,10,0.0,10,0,10,,,0.6,10,18.9,,,0,19.2,,,0,,,16.0,10,13.0,10,408,10
2008-06-10T05:00+00:00,5935,147.0,0,307,10,313.0,10,1.0,10,2.7,10,1001.8,10,,,82,10,0.0,10,0,10,,,1.0,10,18.8,,,0,19.1,,,0,,,17.8,10,15.1,10,511,10
2008-06-10T06:00+00:00,5935,298.0,0,307,10,313.0,10,1.5,10,4.0,10,1002.1,10,,,73,10,0.0,10,0,10,,,1.0,10,18.8,,,0,19.1,,,0,,,19.3,10,20.2,10,643,10
2008-06-10T07:00+00:00,5935,462.0,0,339,10,355.0,10,1.3,10,3.5,10,1002.0,10,,,67,10,0.0,10,0,10,,,1.0,10,18.9,,,0,19.0,,,0,,,20.8,10,26.0,10,714,10
2008-06-10T08:00+00:00,5935,611.0,0,342,10,351.0,10,0.5,10,2.9,10,1001.9,10,,,59,10,0.0,10,0,10,,,1.0,10,19.0,,,0,19.0,,,0,,,22.8,10,31.6,10,806,10
2008-06-10T09:00+00:00,5935,689.0,0,81,10,119.0,10,0.2,10,3.3,10,1001.8,10,,,60,10,0.0,10,0,10,,,1.0,10,19.2,,,0,19.0,,,0,,,24.0,10,33.7,10,957,10
2008-06-10T10:00+00:00,5935,776.0,0,184,10,173.0,10,0.9,10,4.6,10,1001.6,10,,,49,10,0.0,10,0,10,,,0.9,10,19.4,,,0,19.0,,,0,,,24.7,10,32.8,10,1028,10
2008-06-10T11:00+00:00,5935,876.0,0,185,10,231.0,10,0.8,10,4.2,10,1001.0,10,,,47,10,0.0,10,0,10,,,0.9,10,19.7,,,0,19.0,,,0,,,26.7,10,30.9,10,1137,10
2008-06-10T12:00+00:00,5935,801.0,0,134,10,138.0,10,1.4,10,5.3,10,1000.3,10,,,48,10,0.0,10,0,10,,,0.9,10,20.0,,,0,19.1,,,0,,,26.3,10,33.1,10,1218,10
2008-06-10T13:00+00:00,5935,690.0,0,123,10,138.0,10,1.9,10,6.1,10,999.6,10,,,47,10,0.0,10,0,10,,,0.8,10,20.4,,,0,19.1,,,0,,,27.5,10,30.2,10,1301,10
2008-06-10T14:00+00:00,5935,712.0,0,144,10,215.0,10,1.8,10,7.3,10,999.1,10,,,45,10,0.0,10,0,10,,,1.0,10,20.7,,,0,19.2,,,0,,,27.4,10,33.9,10,1403,10
2008-06-10T15:00+00:00,5935,528.0,0,181,10,148.0,10,1.8,10,5.3,10,998.4,10,,,45,10,0.0,10,0,10,,,0.9,10,21.0,,,0,19.3,,,0,,,27.2,10,31.8,10,1502,10
2008-06-10T16:00+00:00,5935,159.0,0,155,10,122.0,10,1.8,10,5.2,10,997.9,10,,,47,10,0.0,10,0,10,,,0.2,10,21.1,,,0,19.5,,,0,,,26.7,10,25.0,10,1623,10
2008-06-10T17:00+00:00,5935,281.0,0,180,10,180.0,10,1.7,10,4.5,10,997.4,10,,,46,10,0.0,10,0,10,,,1.0,10,21.1,,,0,19.6,,,0,,,26.8,10,26.0,10,1746,10
2008-06-10T18:00+00:00,5935,138.0,0,180,10,202.0,10,2.0,10,5.3,10,997.3,10,,,47,10,0.0,10,0,10,,,1.0,10,21.1,,,0,19.7,,,0,,,25.8,10,22.9,10,1839,10
2008-06-10T19:00+00:00,5935,30.0,0,164,10,159.0,10,1.5,10,4.0,10,997.6,10,,,52,10,0.0,10,0,10,,,0.6,10,21.0,,,0,19.7,,,0,,,24.2,10,20.7,10,1944,10
2008-06-10T20:00+00:00,5935,1.0,0,146,10,163.0,10,0.5,10,3.0,10,997.9,10,,,63,10,0.0,10,0,10,,,0.0,10,20.8,,,0,19.8,,,0,,,21.8,10,17.4,10,2007,10
2008-06-10T21:00+00:00,5935,0.0,0,133,10,164.0,10,0.2,10,1.5,10,997.5,10,,,68,10,0.0,10,0,10,,,0.0,10,20.7,,,0,19.8,,,0,,,21.3,10,16.4,10,2135,10
2008-06-10T22:00+00:00,5935,0.0,0,127,10,140.0,10,0.6,10,2.0,10,997.3,10,,,72,10,0.0,10,0,10,,,0.0,10,20.5,,,0,19.8,,,0,,,20.4,10,16.3,10,2224,10
2008-06-10T23:00+00:00,5935,0.0,0,93,10,140.0,10,0.2,10,1.6,10,997.1,10,,,84,10,0.0,10,0,10,,,0.0,10,20.4,,,0,19.9,,,0,,,18.4,10,15.2,10,2307,10
2008-06-11T00:00+00:00,5935,0.0,0,14,10,30.0,10,0.4,10,1.6,10,996.7,10,,,86,10,0.0,10,0,10,,,0.0,10,20.2,,,0,19.8,,,0,,,17.8,10,14.7,10,16,10
2008-06-11T01:00+00:00,5935,0.0,0,0,10,343.0,10,0.0,10,1.2,10,996.4,10,,,88,10,0.0,10,0,10,,,0.0,10,20.1,,,0,19.8,,,0,,,16.7,10,13.8,10,143,10
2008-06-11T02:00+00:00,5935,0.0,0,0,10,294.0,10,0.0,10,0.9,10,996.3,10,,,90,10,0.0,10,0,10,,,0.0,10,19.9,,,0,19.8,,,0,,,16.2,10,13.4,10,201,10
2008-06-11T03:00+00:00,5935,1.0,0,0,10,62.0,10,0.0,10,0.6,10,995.9,10,,,90,10,0.0,10,0,10,,,0.0,10,19.7,,,0,19.7,,,0,,,15.8,10,13.2,10,325,10
2008-06-11T04:00+00:00,5935,29.0,0,0,10,182.0,10,0.0,10,1.3,10,996.2,10,,,88,10,0.0,10,0,10,,,0.6,10,19.6,,,0,19.7,,,0,,,16.7,10,13.4,10,417,10
2008-06-11T05:00+00:00,5935,149.0,0,135,10,150.0,10,0.1,10,1.8,10,996.2,10,,,79,10,0.0,10,0,10,,,1.0,10,19.5,,,0,19.6,,,0,,,19.1,10,15.5,10,559,10
2008-06-11T06:00+00:00,5935,299.0,0,241,10,221.0,10,0.1,10,5.6,10,996.2,10,,,66,10,0.0,10,0,10,,,1.0,10,19.4,,,0,19.6,,,0,,,22.1,10,21.5,10,644,10
2008-06-11T07:00+00:00,5935,452.0,0,272,10,290.0,10,1.9,10,6.4,10,995.9,10,,,57,10,0.0,10,0,10,,,1.0,10,19.5,,,0,19.5,,,0,,,23.0,10,28.9,10,755,10
2008-06-11T08:00+00:00,5935,620.0,0,275,10,289.0,10,3.0,10,8.0,10,995.8,10,,,54,10,0.0,10,0,10,,,1.0,10,19.7,,,0,19.5,,,0,,,24.2,10,30.9,10,828,10
2008-06-11T09:00+00:00,5935,641.0,0,275,10,272.0,10,3.6,10,8.7,10,996.2,10,,,54,10,0.0,10,0,10,,,1.0,10,19.9,,,0,19.5,,,0,,,24.6,10,31.4,10,936,10
2008-06-11T10:00+00:00,5935,787.0,0,293,10,288.0,10,3.4,10,7.9,10,995.9,10,,,55,10,0.0,10,0,10,,,1.0,10,20.1,,,0,19.5,,,0,,,24.2,10,35.4,10,1030,10
2008-06-11T11:00+00:00,5935,843.0,0,299,10,287.0,10,3.9,10,10.8,10,995.6,10,,,55,10,0.0,10,0,10,,,1.0,10,20.2,,,0,19.5,,,0,,,25.0,10,32.7,10,1155,10
2008-06-11T12:00+00:00,5935,755.0,0,279,10,281.0,10,3.1,10,9.3,10,995.2,10,,,53,10,0.0,10,0,10,,,0.8,10,20.5,,,0,19.6,,,0,,,24.9,10,32.5,10,1201,10
2008-06-11T13:00+00:00,5935,352.0,0,301,10,302.0,10,2.5,10,6.0,10,994.6,10,,,58,10,0.0,10,0,10,,,0.2,10,20.7,,,0,19.6,,,0,,,23.8,10,27.2,10,1302,10
2008-06-11T14:00+00:00,5935,257.0,0,297,10,287.0,10,1.0,10,20.8,10,994.1,10,,,88,10,14.8,10,26,10,,,0.2,10,20.7,,,0,19.8,,,0,,,17.1,10,15.0,10,1443,10
2008-06-11T15:00+00:00,5935,268.0,0,41,10,61.0,10,1.0,10,6.5,10,994.1,10,,,84,10,0.1,10,10,10,,,0.1,10,20.4,,,0,19.9,,,0,,,19.2,10,16.3,10,1505,10
2008-06-11T16:00+00:00,5935,219.0,0,306,10,325.0,10,2.3,10,6.2,10,993.7,10,,,80,10,0.0,10,0,10,,,0.0,10,20.7,,,0,20.2,,,0,,,18.9,10,20.1,10,1618,10
2008-06-11T17:00+00:00,5935,123.0,0,315,10,298.0,10,1.5,10,4.7,10,993.2,10,,,78,10,0.0,10,0,10,,,0.0,10,21.0,,,0,20.4,,,0,,,18.8,10,18.8,10,1701,10
2008-06-11T18:00+00:00,5935,72.0,0,303,10,320.0,10,1.0,10,5.1,10,993.0,10,,,83,10,0.1,10,15,10,,,0.0,10,21.1,,,0,20.5,,,0,,,18.2,10,17.5,10,1900,10
2008-06-11T19:00+00:00,5935,13.0,0,303,10,315.0,10,1.8,10,6.2,10,993.3,10,,,88,10,0.0,10,0,10,,,0.0,10,21.0,,,0,20.5,,,0,,,17.6,10,16.8,10,1938,10
2008-06-11T20:00+00:00,5935,0.0,0,271,10,270.0,10,0.9,10,4.6,10,993.6,10,,,86,10,0.0,10,0,10,,,0.0,10,20.8,,,0,20.4,,,0,,,17.6,10,16.5,10,2001,10
2008-06-11T21:00+00:00,5935,0.0,0,302,10,294.0,10,1.3,10,4.3,10,993.9,10,,,85,10,0.0,10,0,10,,,0.0,10,20.7,,,0,20.4,,,0,,,17.4,10,16.5,10,2134,10
2008-06-11T22:00+00:00,5935,0.0,0,301,10,292.0,10,1.8,10,4.4,10,993.7,10,,,86,10,0.0,10,0,10,,,0.0,10,20.5,,,0,20.3,,,0,,,17.1,10,16.3,10,2214,10
2008-06-11T23:00+00:00,5935,0.0,0,291,10,281.0,10,1.7,10,4.9,10,993.8,10,,,84,10,0.0,10,0,10,,,0.0,10,20.4,,,0,20.2,,,0,,,17.0,10,15.9,10,2357,10
2008-06-12T00:00+00:00,5935,0.0,0,301,10,311.0,10,2.4,10,6.6,10,993.7,10,,,80,10,0.0,10,0,10,,,0.0,10,20.3,,,0,20.2,,,0,,,17.2,10,15.7,10,52,10
2008-06-12T01:00+00:00,5935,0.0,0,311,10,330.0,10,3.4,10,8.7,10,993.6,10,,,79,10,0.0,10,9,10,,,0.0,10,20.1,,,0,20.1,,,0,,,16.5,10,15.1,10,124,10
2008-06-12T02:00+00:00,5935,0.0,0,313,10,323.0,10,2.9,10,8.3,10,994.0,10,,,82,10,0.1,10,43,10,,,0.0,10,20.0,,,0,20.1,,,0,,,15.0,10,13.9,10,300,10
2008-06-12T03:00+00:00,5935,0.0,0,313,10,308.0,10,2.4,10,5.9,10,994.1,10,,,82,10,0.0,10,0,10,,,0.0,10,19.8,,,0,20.0,,,0,,,15.2,10,13.7,10,309,10
2008-06-12T04:00+00:00,5935,19.0,0,317,10,292.0,10,2.4,10,6.3,10,994.6,10,,,78,10,0.0,10,0,10,,,0.0,10,19.7,,,0,19.9,,,0,,,15.0,10,13.8,10,405,10
2008-06-12T05:00+00:00,5935,46.0,0,309,10,312.0,10,2.9,10,7.1,10,994.8,10,,,73,10,0.0,10,0,10,,,0.0,10,19.5,,,0,19.9,,,0,,,14.8,10,14.4,10,528,10
2008-06-12T06:00+00:00,5935,143.0,0,303,10,307.0,10,3.1,10,7.4,10,995.4,10,,,68,10,0.0,10,0,10,,,0.0,10,19.4,,,0,19.8,,,0,,,15.6,10,14.5,10,657,10
2008-06-12T07:00+00:00,5935,173.0,0,310,10,306.0,10,2.5,10,6.9,10,995.4,10,,,70,10,0.0,10,0,10,,,0.1,10,19.3,,,0,19.7,,,0,,,15.5,10,16.2,10,705,10
2008-06-12T08:00+00:00,5935,561.0,0,308,10,284.0,10,2.7,10,7.3,10,995.3,10,,,64,10,0.0,10,0,10,,,0.9,10,19.3,,,0,19.7,,,0,,,17.2,10,18.8,10,843,10
2008-06-12T09:00+00:00,5935,767.0,0,305,10,280.0,10,3.0,10,7.8,10,995.0,10,,,56,10,0.0,10,0,10,,,1.0,10,19.3,,,0,19.6,,,0,,,18.6,10,27.7,10,948,10
2008-06-12T10:00+00:00,5935,817.0,0,314,10,346.0,10,2.5,10,6.8,10,994.8,10,,,53,10,0.0,10,0,10,,,0.9,10,19.4,,,0,19.6,,,0,,,19.6,10,29.3,10,1036,10
2008-06-12T11:00+00:00,5935,919.0,0,337,10,307.0,10,2.6,10,6.9,10,994.3,10,,,49,10,0.0,10,0,10,,,1.0,10,19.6,,,0,19.5,,,0,,,20.7,10,30.6,10,1105,10
2008-06-12T12:00+00:00,5935,824.0,0,351,10,359.0,10,2.4,10,6.7,10,993.8,10,,,47,10,0.0,10,0,10,,,0.8,10,19.8,,,0,19.5,,,0,,,21.2,10,27.7,10,1237,10
2008-06-12T13:00+00:00,5935,682.0,0,339,10,299.0,10,2.1,10,6.7,10,993.2,10,,,46,10,0.0,10,0,10,,,0.8,10,20.1,,,0,19.6,,,0,,,21.3,10,27.7,10,1345,10
2008-06-12T14:00+00:00,5935,610.0,0,348,10,301.0,10,1.8,10,7.2,10,992.4,10,,,46,10,0.0,10,0,10,,,0.6,10,20.3,,,0,19.6,,,0,,,21.3,10,25.8,10,1409,10
2008-06-12T15:00+00:00,5935,381.0,0,12,10,11.0,10,2.2,10,5.8,10,992.1,10,,,46,10,0.0,10,0,10,,,0.3,10,20.5,,,0,19.7,,,0,,,21.0,10,23.5,10,1537,10
2008-06-12T16:00+00:00,5935,417.0,0,318,10,286.0,10,1.9,10,5.7,10,991.5,10,,,47,10,0.0,10,0,10,,,0.9,10,20.6,,,0,19.7,,,0,,,21.4,10,24.7,10,1629,10
2008-06-12T17:00+00:00,5935,304.0,0,346,10,311.0,10,1.6,10,4.7,10,991.4,10,,,45,10,0.0,10,0,10,,,1.0,10,20.6,,,0,19.8,,,0,,,21.4,10,22.4,10,1732,10
2008-06-12T18:00+00:00,5935,139.0,0,324,10,323.0,10,1.3,10,4.6,10,991.2,10,,,51,10,0.0,10,0,10,,,1.0,10,20.5,,,0,19.9,,,0,,,20.1,10,17.9,10,1803,10
2008-06-12T19:00+00:00,5935,40.0,0,322,10,289.0,10,0.8,10,3.1,10,991.2,10,,,55,10,0.0,10,0,10,,,0.5,10,20.4,,,0,19.9,,,0,,,18.5,10,15.6,10,2000,10
2008-06-12T20:00+00:00,5935,1.0,0,338,10,346.0,10,0.3,10,1.3,10,991.6,10,,,67,10,0.0,10,0,10,,,0.0,10,20.3,,,0,19.9,,,0,,,17.1,10,13.1,10,2003,10
2008-06-12T21:00+00:00,5935,0.0,0,332,10,343.0,10,0.2,10,1.6,10,991.6,10,,,76,10,0.0,10,0,10,,,0.0,10,20.1,,,0,19.9,,,0,,,15.4,10,12.1,10,2104,10
2008-06-12T22:00+00:00,5935,0.0,0,358,10,318.0,10,0.1,10,1.2,10,991.4,10,,,78,10,0.0,10,0,10,,,0.0,10,19.9,,,0,19.9,,,0,,,14.6,10,11.6,10,2209,10
2008-06-12T23:00+00:00,5935,0.0,0,360,10,353.0,10,0.2,10,1.6,10,991.0,10,,,75,10,0.0,10,0,10,,,0.0,10,19.7,,,0,19.9,,,0,,,13.8,10,11.2,10,2323,10
2008-06-13T00:00+00:00,5935,0.0,0,318,10,328.0,10,0.1,10,1.3,10,990.5,10,,,75,10,0.0,10,0,10,,,0.0,10,19.5,,,0,19.9,,,0,,,14.0,10,11.3,10,48,10
2008-06-13T01:00+00:00,5935,0.0,0,0,10,355.0,10,0.0,10,1.0,10,990.2,10,,,77,10,0.0,10,0,10,,,0.0,10,19.4,,,0,19.8,,,0,,,13.9,10,12.2,10,102,10
2008-06-13T02:00+00:00,5935,0.0,0,354,10,355.0,10,0.1,10,0.9,10,989.8,10,,,81,10,0.0,10,0,10,,,0.0,10,19.2,,,0,19.7,,,0,,,13.0,10,10.7,10,251,10
2008-06-13T03:00+00:00,5935,1.0,0,307,10,311.0,10,0.1,10,1.2,10,989.5,10,,,87,10,0.0,10,0,10,,,0.0,10,19.1,,,0,19.7,,,0,,,11.8,10,9.7,10,315,10
2008-06-13T04:00+00:00,5935,35.0,0,0,10,304.0,10,0.0,10,1.0,10,989.7,10,,,85,10,0.0,10,0,10,,,0.4,10,18.9,,,0,19.6,,,0,,,12.7,10,9.9,10,403,10
2008-06-13T05:00+00:00,5935,173.0,0,15,10,27.0,10,0.4,10,2.6,10,989.6,10,,,73,10,0.0,10,0,10,,,1.0,10,18.8,,,0,19.5,,,0,,,15.1,10,12.8,10,556,10
2008-06-13T06:00+00:00,5935,264.0,0,296,10,277.0,10,1.2,10,5.8,10,990.7,10,,,69,10,0.0,10,0,10,,,0.6,10,18.7,,,0,19.5,,,0,,,16.8,10,18.0,10,659,10
2008-06-13T07:00+00:00,5935,280.0,0,292,10,307.0,10,3.0,10,8.5,10,991.4,10,,,75,10,0.0,10,0,10,,,0.3,10,18.7,,,0,19.3,,,0,,,16.2,10,19.5,10,747,10
2008-06-13T08:00+00:00,5935,119.0,0,267,10,245.0,10,3.6,10,11.5,10,992.0,10,,,78,10,0.0,10,0,10,,,0.0,10,18.8,,,0,19.2,,,0,,,14.3,10,15.8,10,831,10
2008-06-13T09:00+00:00,5935,154.0,0,276,10,295.0,10,3.2,10,9.8,10,992.3,10,,,71,10,0.0,10,0,10,,,0.0,10,18.8,,,0,19.1,,,0,,,15.9,10,15.3,10,910,10
2008-06-13T10:00+00:00,5935,281.0,0,283,10,287.0,10,4.0,10,12.6,10,993.0,10,,,67,10,0.0,10,0,10,,,0.0,10,18.8,,,0,19.1,,,0,,,15.7,10,19.3,10,1044,10
2008-06-13T11:00+00:00,5935,291.0,0,281,10,284.0,10,3.9,10,12.7,10,993.3,10,,,64,10,0.0,10,0,10,,,0.0,10,18.8,,,0,19.1,,,0,,,15.1,10,18.9,10,1132,10
2008-06-13T12:00+00:00,5935,307.0,0,275,10,256.0,10,4.8,10,12.5,10,993.2,10,,,62,10,0.0,10,0,10,,,0.0,10,18.9,,,0,19.1,,,0,,,15.5,10,19.0,10,1234,10
2008-06-13T13:00+00:00,5935,360.0,0,274,10,262.0,10,5.0,10,13.0,10,993.8,10,,,63,10,0.0,10,0,10,,,0.0,10,18.9,,,0,19.1,,,0,,,15.0,10,19.2,10,1321,10
2008-06-13T14:00+00:00,5935,264.0,0,286,10,289.0,10,5.0,10,11.9,10,994.3,10,,,62,10,0.0,10,0,10,,,0.0,10,18.9,,,0,19.1,,,0,,,14.8,10,17.6,10,1429,10
2008-06-13T15:00+00:00,5935,146.0,0,282,10,276.0,10,3.8,10,9.5,10,994.4,10,,,64,10,0.0,10,0,10,,,0.0,10,18.8,,,0,19.0,,,0,,,14.3,10,16.2,10,1516,10
2008-06-13T16:00+00:00,5935,124.0,0,291,10,279.0,10,4.1,10,11.5,10,994.1,10,,,62,10,0.0,10,0,10,,,0.0,10,18.7,,,0,19.0,,,0,,,14.5,10,15.6,10,1627,10
2008-06-13T17:00+00:00,5935,96.0,0,293,10,307.0,10,3.9,10,11.5,10,994.4,10,,,62,10,0.0,10,0,10,,,0.0,10,18.5,,,0,19.0,,,0,,,14.6,10,14.5,10,1717,10
2008-06-13T18:00+00:00,5935,87.0,0,292,10,306.0,10,3.4,10,8.7,10,994.9,10,,,67,10,0.0,10,0,10,,,0.0,10,18.4,,,0,19.0,,,0,,,13.9,10,13.4,10,1817,10
2008-06-13T19:00+00:00,5935,30.0,0,286,10,288.0,10,2.1,10,5.9,10,995.2,10,,,67,10,0.0,10,0,10,,,0.5,10,18.3,,,0,19.0,,,0,,,13.9,10,12.7,10,1905,10
2008-06-13T20:00+00:00,5935,2.0,0,292,10,313.0,10,1.5,10,4.1,10,995.7,10,,,71,10,0.0,10,0,10,,,0.0,10,18.2,,,0,18.9,,,0,,,12.5,10,9.5,10,2013,10
2008-06-13T21:00+00:00,5935,0.0,0,300,10,312.0,10,1.0,10,2.4,10,995.9,10,,,78,10,0.0,10,0,10,,,0.0,10,18.0,,,0,18.9,,,0,,,11.5,10,8.2,10,2101,10
2008-06-13T22:00+00:00,5935,0.0,0,289,10,300.0,10,2.0,10,5.3,10,996.1,10,,,73,10,0.0,10,0,10,,,0.0,10,17.9,,,0,18.8,,,0,,,12.1,10,8.2,10,2258,10
2008-06-13T23:00+00:00,5935,0.0,0,304,10,242.0,10,1.8,10,5.9,10,996.3,10,,,76,10,0.0,10,0,10,,,0.0,10,17.7,,,0,18.8,,,0,,,11.4,10,8.6,10,2302,10
2008-06-14T00:00+00:00,5935,0.0,0,299,10,296.0,10,1.9,10,5.0,10,996.0,10,,,77,10,0.0,10,0,10,,,0.0,10,17.6,,,0,18.7,,,0,,,11.0,10,8.3,10,57,10
2008-06-14T01:00+00:00,5935,0.0,0,297,10,308.0,10,1.9,10,5.5,10,996.0,10,,,77,10,0.0,10,0,10,,,0.0,10,17.4,,,0,18.6,,,0,,,10.8,10,8.1,10,148,10
2008-06-14T02:00+00:00,5935,0.0,0,297,10,299.0,10,1.8,10,4.4,10,996.2,10,,,80,10,0.0,10,0,10,,,0.0,10,17.3,,,0,18.6,,,0,,,10.1,10,7.5,10,206,10
2008-06-14T03:00+00:00,5935,1.0,0,303,10,295.0,10,1.5,10,4.2,10,996.0,10,,,78,10,0.0,10,0,10,,,0.0,10,17.2,,,0,18.5,,,0,,,10.4,10,7.1,10,351,10
2008-06-14T04:00+00:00,5935,42.0,0,303,10,295.0,10,2.1,10,5.6,10,996.4,10,,,78,10,0.0,10,0,10,,,0.7,10,17.0,,,0,18.4,,,0,,,10.8,10,8.2,10,456,10
2008-06-14T05:00+00:00,5935,105.0,0,300,10,294.0,10,1.7,10,4.6,10,996.5,10,,,75,10,0.0,10,0,10,,,1.0,10,16.9,,,0,18.3,,,0,,,11.4,10,10.4,10,600,10
2008-06-14T06:00+00:00,5935,297.0,0,304,10,300.0,10,2.8,10,7.4,10,996.6,10,,,70,10,0.0,10,0,10,,,1.0,10,16.9,,,0,18.3,,,0,,,13.5,10,11.9,10,631,10
2008-06-14T07:00+00:00,5935,506.0,0,307,10,306.0,10,3.0,10,7.2,10,996.8,10,,,66,10,0.0,10,0,10,,,1.0,10,16.9,,,0,18.2,,,0,,,14.5,10,21.9,10,722,10
2008-06-14T08:00+00:00,5935,672.0,0,319,10,350.0,10,2.5,10,6.5,10,996.6,10,,,64,10,0.0,10,0,10,,,1.0,10,17.0,,,0,18.1,,,0,,,16.0,10,26.2,10,809,10
2008-06-14T09:00+00:00,5935,710.0,0,318,10,280.0,10,2.5,10,6.4,10,996.5,10,,,59,10,0.0,10,0,10,,,0.9,10,17.2,,,0,18.1,,,0,,,16.8,10,26.0,10,946,10
2008-06-14T10:00+00:00,5935,780.0,0,341,10,12.0,10,1.9,10,6.4,10,996.2,10,,,52,10,0.0,10,1,10,,,0.8,10,17.4,,,0,18.0,,,0,,,18.0,10,25.0,10,1051,10
2008-06-14T11:00+00:00,5935,667.0,0,318,10,302.0,10,2.2,10,6.0,10,995.8,10,,,50,10,0.0,10,0,10,,,0.6,10,17.6,,,0,18.1,,,0,,,18.2,10,23.6,10,1112,10
2008-06-14T12:00+00:00,5935,722.0,0,358,10,72.0,10,1.7,10,6.1,10,995.4,10,,,47,10,0.0,10,0,10,,,0.7,10,17.9,,,0,18.1,,,0,,,19.5,10,23.1,10,1231,10
2008-06-14T13:00+00:00,5935,479.0,0,332,10,291.0,10,1.5,10,5.3,10,994.9,10,,,45,10,0.0,10,0,10,,,0.5,10,18.2,,,0,18.1,,,0,,,19.4,10,22.2,10,1356,10
2008-06-14T14:00+00:00,5935,382.0,0,352,10,317.0,10,1.9,10,5.3,10,994.8,10,,,45,10,0.0,10,0,10,,,0.2,10,18.4,,,0,18.2,,,0,,,19.2,10,22.3,10,1419,10
2008-06-14T15:00+00:00,5935,307.0,0,14,10,28.0,10,2.1,10,6.0,10,994.6,10,,,49,10,0.0,10,0,10,,,0.3,10,18.5,,,0,18.3,,,0,,,19.2,10,20.7,10,1528,10
2008-06-14T16:00+00:00,5935,272.0,0,350,10,350.0,10,2.1,10,5.3,10,994.5,10,,,49,10,0.0,10,0,10,,,0.5,10,18.6,,,0,18.3,,,0,,,18.5,10,19.9,10,1613,10
2008-06-14T17:00+00:00,5935,140.0,0,318,10,314.0,10,1.4,10,3.5,10,994.6,10,,,49,10,0.0,10,0,10,,,0.0,10,18.6,,,0,18.4,,,0,,,18.3,10,18.7,10,1725,10
2008-06-14T18:00+00:00,5935,72.0,0,313,10,317.0,10,1.5,10,4.1,10,994.6,10,,,51,10,0.0,10,0,10,,,0.0,10,18.6,,,0,18.5,,,0,,,17.8,10,16.9,10,1832,10
2008-06-14T19:00+00:00,5935,19.0,0,312,10,326.0,10,1.4,10,3.2,10,994.7,10,,,57,10,0.0,10,0,10,,,0.0,10,18.6,,,0,18.5,,,0,,,16.6,10,14.5,10,1948,10
2008-06-14T20:00+00:00,5935,0.0,0,299,10,311.0,10,1.5,10,3.6,10,994.9,10,,,60,10,0.0,10,0,10,,,0.0,10,18.5,,,0,18.5,,,0,,,16.1,10,13.6,10,2036,10
2008-06-14T21:00+00:00,5935,0.0,0,298,10,312.0,10,1.4,10,4.2,10,994.8,10,,,63,10,0.0,10,0,10,,,0.0,10,18.4,,,0,18.6,,,0,,,15.5,10,13.3,10,2109,10
2008-06-14T22:00+00:00,5935,0.0,0,303,10,296.0,10,1.5,10,3.8,10,994.8,10,,,65,10,0.0,10,0,10,,,0.0,10,18.3,,,0,18.6,,,0,,,15.0,10,12.9,10,2202,10
2008-06-14T23:00+00:00,5935,0.0,0,307,10,304.0,10,2.1,10,4.3,10,994.9,10,,,66,10,0.0,10,0,10,,,0.0,10,18.2,,,0,18.6,,,0,,,14.7,10,12.9,10,2333,10
2008-06-15T00:00+00:00,5935,0.0,0,306,10,302.0,10,2.0,10,4.7,10,994.8,10,,,66,10,0.0,10,0,10,,,0.0,10,18.1,,,0,18.5,,,0,,,14.4,10,12.6,10,40,10
2008-06-15T01:00+00:00,5935,0.0,0,313,10,314.0,10,1.7,10,4.6,10,994.6,10,,,67,10,0.0,10,0,10,,,0.0,10,18.0,,,0,18.5,,,0,,,14.0,10,12.3,10,113,10
2008-06-15T02:00+00:00,5935,0.0,0,306,10,338.0,10,2.0,10,5.6,10,994.5,10,,,71,10,0.0,10,0,10,,,0.0,10,17.9,,,0,18.5,,,0,,,13.8,10,12.4,10,257,10
2008-06-15T03:00+00:00,5935,0.0,0,301,10,292.0,10,2.5,10,7.0,10,994.7,10,,,73,10,0.0,10,0,10,,,0.0,10,17.8,,,0,18.4,,,0,,,13.4,10,12.5,10,341,10
2008-06-15T04:00+00:00,5935,7.0,0,308,10,302.0,10,2.3,10,7.3,10,995.3,10,,,80,10,0.2,10,28,10,,,0.0,10,17.7,,,0,18.4,,,0,,,12.7,10,11.5,10,407,10
2008-06-15T05:00+00:00,5935,42.0,0,333,10,310.0,10,0.7,10,3.1,10,995.2,10,,,85,10,0.3,10,13,10,,,0.0,10,17.6,,,0,18.4,,,0,,,12.7,10,11.6,10,503,10
2008-06-15T06:00+00:00,5935,164.0,0,321,10,345.0,10,0.9,10,3.0,10,995.1,10,,,79,10,0.0,10,0,10,,,0.3,10,17.5,,,0,18.3,,,0,,,13.4,10,13.0,10,625,10
2008-06-15T07:00+00:00,5935,417.0,0,304,10,342.0,10,1.4,10,3.7,10,995.3,10,,,71,10,0.0,10,0,10,,,0.9,10,17.6,,,0,18.3,,,0,,,15.9,10,14.9,10,746,10
2008-06-15T08:00+00:00,5935,617.0,0,326,10,315.0,10,1.3,10,5.3,10,995.0,10,,,60,10,0.0,10,0,10,,,1.0,10,17.6,,,0,18.2,,,0,,,16.8,10,23.8,10,826,10
2008-06-15T09:00+00:00,5935,782.0,0,333,10,22.0,10,0.9,10,3.7,10,994.7,10,,,56,10,0.0,10,0,10,,,1.0,10,17.8,,,0,18.2,,,0,,,18.2,10,25.4,10,925,10
2008-06-15T10:00+00:00,5935,678.0,0,312,10,35.0,10,0.8,10,3.5,10,994.2,10,,,51,10,0.0,10,0,10,,,0.7,10,18.0,,,0,18.2,,,0,,,18.3,10,22.5,10,1015,10
2008-06-15T11:00+00:00,5935,865.0,0,353,10,22.0,10,0.2,10,3.7,10,993.7,10,,,45,10,0.0,10,0,10,,,0.9,10,18.2,,,0,18.2,,,0,,,19.6,10,26.8,10,1137,10
2008-06-15T12:00+00:00,5935,619.0,0,81,10,90.0,10,0.7,10,4.8,10,993.2,10,,,46,10,0.0,10,0,10,,,0.5,10,18.5,,,0,18.3,,,0,,,19.6,10,24.1,10,1210,10
2008-06-15T13:00+00:00,5935,187.0,0,314,10,306.0,10,0.4,10,5.0,10,993.3,10,,,54,10,0.0,10,0,10,,,0.0,10,18.7,,,0,18.3,,,0,,,18.0,10,18.9,10,1355,10
2008-06-15T14:00+00:00,5935,159.0,0,291,10,349.0,10,1.5,10,5.9,10,993.2,10,,,55,10,0.0,10,0,10,,,0.0,10,18.8,,,0,18.4,,,0,,,18.4,10,17.7,10,1401,10
2008-06-15T15:00+00:00,5935,292.0,0,197,10,203.0,10,1.0,10,4.6,10,992.3,10,,,53,10,0.0,10,0,10,,,0.1,10,18.8,,,0,18.5,,,0,,,19.0,10,20.7,10,1517,10
2008-06-15T16:00+00:00,5935,339.0,0,167,10,154.0,10,0.5,10,2.9,10,991.9,10,,,49,10,0.0,10,0,10,,,0.7,10,18.9,,,0,18.5,,,0,,,19.1,10,21.1,10,1650,10
2008-06-15T17:00+00:00,5935,154.0,0,165,10,122.0,10,0.9,10,2.7,10,991.8,10,,,48,10,0.0,10,0,10,,,0.0,10,19.0,,,0,18.6,,,0,,,18.8,10,18.9,10,1701,10
2008-06-15T18:00+00:00,5935,82.0,0,124,10,104.0,10,1.3,10,3.5,10,992.1,10,,,59,10,0.0,10,0,10,,,0.0,10,19.0,,,0,18.6,,,0,,,17.7,10,16.9,10,1850,10
2008-06-15T19:00+00:00,5935,25.0,0,122,10,118.0,10,1.2,10,4.2,10,992.0,10,,,65,10,0.0,10,0,10,,,0.0,10,18.9,,,0,18.7,,,0,,,16.8,10,15.1,10,1910,10
2008-06-15T20:00+00:00,5935,1.0,0,119,10,121.0,10,1.1,10,3.0,10,992.2,10,,,69,10,0.0,10,0,10,,,0.0,10,18.8,,,0,18.7,,,0,,,16.0,10,13.6,10,2005,10
2008-06-15T21:00+00:00,5935,0.0,0,127,10,114.0,10,0.4,10,1.7,10,992.1,10,,,72,10,0.0,10,0,10,,,0.0,10,18.7,,,0,18.7,,,0,,,14.8,10,11.4,10,2101,10
2008-06-15T22:00+00:00,5935,0.0,0,141,10,157.0,10,0.8,10,2.4,10,992.0,10,,,71,10,0.0,10,0,10,,,0.0,10,18.5,,,0,18.7,,,0,,,14.5,10,11.1,10,2250,10
2008-06-15T23:00+00:00,5935,0.0,0,126,10,116.0,10,0.6,10,2.7,10,991.8,10,,,75,10,0.0,10,0,10,,,0.0,10,18.4,,,0,18.7,,,0,,,13.4,10,10.2,10,2304,10
2008-06-16T00:00+00:00,5935,0.0,0,97,10,101.0,10,0.6,10,1.6,10,991.5,10,,,80,10,0.0,10,0,10,,,0.0,10,18.2,,,0,18.7,,,0,,,12.6,10,9.6,10,49,10
2008-06-16T01:00+00:00,5935,0.0,0,104,10,118.0,10,0.5,10,1.6,10,991.5,10,,,84,10,0.0,10,0,10,,,0.0,10,18.0,,,0,18.6,,,0,,,12.2,10,9.7,10,135,10
2008-06-16T02:00+00:00,5935,0.0,0,109,10,92.0,10,0.3,10,1.3,10,991.5,10,,,88,10,0.0,10,0,10,,,0.0,10,17.9,,,0,18.6,,,0,,,11.2,10,8.9,10,217,10
2008-06-16T03:00+00:00,5935,1.0,0,0,10,287.0,10,0.0,10,1.0,10,992.0,10,,,91,10,0.0,10,0,10,,,0.0,10,17.7,,,0,18.5,,,0,,,10.4,10,8.2,10,322,10
2008-06-16T04:00+00:00,5935,34.0,0,24,10,63.0,10,0.1,10,1.2,10,992.2,10,,,89,10,0.0,10,0,10,,,0.6,10,17.6,,,0,18.5,,,0,,,11.3,10,8.4,10,406,10
2008-06-16T05:00+00:00,5935,164.0,0,95,10,119.0,10,0.6,10,2.2,10,992.1,10,,,78,10,0.0,10,0,10,,,1.0,10,17.4,,,0,18.4,,,0,,,14.3,10,11.3,10,550,10
2008-06-16T06:00+00:00,5935,333.0,0,105,10,76.0,10,0.5,10,2.1,10,992.3,10,,,67,10,0.0,10,0,10,,,1.0,10,17.4,,,0,18.3,,,0,,,15.8,10,17.3,10,608,10
2008-06-16T07:00+00:00,5935,420.0,0,59,10,131.0,10,0.6,10,2.8,10,992.2,10,,,65,10,0.0,10,0,10,,,1.0,10,17.5,,,0,18.3,,,0,,,16.9,10,22.1,10,749,10
2008-06-16T08:00+00:00,5935,538.0,0,70,10,80.0,10,1.1,10,3.6,10,992.1,10,,,62,10,0.0,10,0,10,,,1.0,10,17.7,,,0,18.2,,,0,,,17.9,10,25.1,10,820,10
2008-06-16T09:00+00:00,5935,703.0,0,94,10,89.0,10,1.1,10,4.9,10,991.9,10,,,59,10,0.0,10,0,10,,,1.0,10,17.9,,,0,18.2,,,0,,,18.7,10,29.1,10,932,10
2008-06-16T10:00+00:00,5935,636.0,0,96,10,147.0,10,1.7,10,5.5,10,992.0,10,,,58,10,0.0,10,0,10,,,0.7,10,18.1,,,0,18.2,,,0,,,19.5,10,25.9,10,1041,10
2008-06-16T11:00+00:00,5935,603.0,0,105,10,122.0,10,1.7,10,5.6,10,991.6,10,,,55,10,0.0,10,0,10,,,0.5,10,18.4,,,0,18.2,,,0,,,20.6,10,26.8,10,1135,10
2008-06-16T12:00+00:00,5935,802.0,0,164,10,134.0,10,1.3,10,6.6,10,991.2,10,,,50,10,0.0,10,0,10,,,1.0,10,18.7,,,0,18.3,,,0,,,21.7,10,28.7,10,1232,10
2008-06-16T13:00+00:00,5935,547.0,0,152,10,146.0,10,1.9,10,6.5,10,990.9,10,,,54,10,0.0,10,0,10,,,0.5,10,19.1,,,0,18.4,,,0,,,21.2,10,24.3,10,1357,10
2008-06-16T14:00+00:00,5935,432.0,0,136,10,168.0,10,1.8,10,5.6,10,990.5,10,,,50,10,0.0,10,0,10,,,0.5,10,19.3,,,0,18.4,,,0,,,22.1,10,23.6,10,1437,10
2008-06-16T15:00+00:00,5935,349.0,0,129,10,113.0,10,1.6,10,4.6,10,990.3,10,,,49,10,0.0,10,0,10,,,0.2,10,19.5,,,0,18.6,,,0,,,22.4,10,25.0,10,1558,10
2008-06-16T16:00+00:00,5935,279.0,0,115,10,106.0,10,1.9,10,5.6,10,990.1,10,,,50,10,0.0,10,0,10,,,0.2,10,19.6,,,0,18.7,,,0,,,22.2,10,22.9,10,1621,10
2008-06-16T17:00+00:00,5935,153.0,0,144,10,133.0,10,1.3,10,4.3,10,990.0,10,,,51,10,0.0,10,0,10,,,0.0,10,19.7,,,0,18.8,,,0,,,22.2,10,21.6,10,1704,10
2008-06-16T18:00+00:00,5935,120.0,0,171,10,176.0,10,1.6,10,4.1,10,989.9,10,,,51,10,0.0,10,0,10,,,0.6,10,19.7,,,0,18.8,,,0,,,22.1,10,19.6,10,1850,10
2008-06-16T19:00+00:00,5935,37.0,0,159,10,173.0,10,1.3,10,4.2,10,989.9,10,,,57,10,0.0,10,0,10,,,0.5,10,19.6,,,0,18.9,,,0,,,20.6,10,17.2,10,1927,10
2008-06-16T20:00+00:00,5935,1.0,0,155,10,169.0,10,0.8,10,2.8,10,990.7,10,,,63,10,0.0,10,0,10,,,0.0,10,19.5,,,0,19.0,,,0,,,19.0,10,14.5,10,2100,10
2008-06-16T21:00+00:00,5935,0.0,0,107,10,170.0,10,0.2,10,2.5,10,990.7,10,,,74,10,0.0,10,0,10,,,0.0,10,19.4,,,0,19.0,,,0,,,17.2,10,13.2,10,2124,10
2008-06-16T22:00+00:00,5935,0.0,0,16,10,333.0,10,0.3,10,2.1,10,991.0,10,,,84,10,0.0,10,0,10,,,0.0,10,19.2,,,0,19.0,,,0,,,15.6,10,12.8,10,2258,10
2008-06-16T23:00+00:00,5935,0.0,0,3,10,324.0,10,0.4,10,1.9,10,991.4,10,,,86,10,0.0,10,0,10,,,0.0,10,19.1,,,0,19.0,,,0,,,15.0,10,12.3,10,2304,10
2008-06-17T00:00+00:00,5935,0.0,0,307,10,301.0,10,1.9,10,5.2,10,991.7,10,,,83,10,0.0,10,0,10,,,0.0,10,18.9,,,0,19.0,,,0,,,15.0,10,12.2,10,34,10
2008-06-17T01:00+00:00,5935,0.0,0,309,10,311.0,10,1.9,10,6.1,10,991.9,10,,,82,10,0.0,10,0,10,,,0.0,10,18.8,,,0,19.0,,,0,,,14.9,10,12.6,10,148,10
2008-06-17T02:00+00:00,5935,0.0,0,313,10,295.0,10,1.8,10,4.6,10,992.1,10,,,82,10,0.0,10,0,10,,,0.0,10,18.6,,,0,18.9,,,0,,,14.4,10,12.2,10,247,10
2008-06-17T03:00+00:00,5935,1.0,0,312,10,302.0,10,1.9,10,4.5,10,992.3,10,,,83,10,0.0,10,0,10,,,0.0,10,18.5,,,0,18.9,,,0,,,14.2,10,12.2,10,324,10
2008-06-17T04:00+00:00,5935,26.0,0,317,10,315.0,10,1.7,10,5.0,10,992.9,10,,,82,10,0.0,10,0,10,,,0.1,10,18.4,,,0,18.8,,,0,,,14.7,10,12.4,10,455,10
2008-06-17T05:00+00:00,5935,73.0,0,314,10,314.0,10,1.7,10,4.3,10,993.7,10,,,82,10,0.0,10,0,10,,,0.0,10,18.3,,,0,18.8,,,0,,,15.1,10,14.3,10,551,10
2008-06-17T06:00+00:00,5935,123.0,0,308,10,313.0,10,2.0,10,5.1,10,994.1,10,,,78,10,0.0,10,0,10,,,0.0,10,18.2,,,0,18.7,,,0,,,15.9,10,15.9,10,632,10
2008-06-17T07:00+00:00,5935,137.0,0,317,10,303.0,10,1.5,10,3.9,10,994.7,10,,,79,10,0.0,10,0,10,,,0.0,10,18.2,,,0,18.7,,,0,,,15.9,10,17.4,10,718,10
2008-06-17T08:00+00:00,5935,506.0,0,2,10,338.0,10,1.6,10,4.9,10,994.7,10,,,68,10,0.0,10,0,10,,,0.8,10,18.3,,,0,18.6,,,0,,,17.8,10,18.4,10,859,10
2008-06-17T09:00+00:00,5935,582.0,0,356,10,323.0,10,1.7,10,4.9,10,994.7,10,,,64,10,0.0,10,0,10,,,0.6,10,18.4,,,0,18.6,,,0,,,18.8,10,25.4,10,958,10
2008-06-17T10:00+00:00,5935,663.0,0,347,10,2.0,10,1.5,10,5.1,10,995.0,10,,,62,10,0.0,10,0,10,,,0.6,10,18.6,,,0,18.6,,,0,,,19.2,10,26.8,10,1015,10
2008-06-17T11:00+00:00,5935,524.0,0,19,10,335.0,10,1.6,10,4.8,10,995.0,10,,,61,10,0.0,10,0,10,,,0.3,10,18.8,,,0,18.6,,,0,,,20.4,10,25.9,10,1158,10
2008-06-17T12:00+00:00,5935,534.0,0,41,10,356.0,10,1.3,10,6.0,10,994.4,10,,,59,10,0.0,10,0,10,,,0.4,10,19.0,,,0,18.6,,,0,,,20.4,10,26.5,10,1218,10
2008-06-17T13:00+00:00,5935,394.0,0,60,10,74.0,10,1.5,10,5.0,10,994.1,10,,,58,10,0.0,10,0,10,,,0.0,10,19.2,,,0,18.7,,,0,,,20.9,10,26.4,10,1334,10
2008-06-17T14:00+00:00,5935,398.0,0,58,10,60.0,10,1.8,10,6.0,10,994.1,10,,,58,10,0.0,10,0,10,,,0.2,10,19.4,,,0,18.8,,,0,,,21.2,10,26.0,10,1411,10
2008-06-17T15:00+00:00,5935,193.0,0,42,10,63.0,10,1.6,10,5.1,10,994.0,10,,,59,10,0.0,10,0,10,,,0.0,10,19.6,,,0,18.8,,,0,,,21.1,10,22.9,10,1509,10
2008-06-17T16:00+00:00,5935,165.0,0,51,10,62.0,10,1.5,10,3.8,10,994.1,10,,,58,10,0.0,10,0,10,,,0.0,10,19.6,,,0,18.9,,,0,,,21.0,10,21.2,10,1633,10
2008-06-17T17:00+00:00,5935,67.0,0,47,10,85.0,10,1.2,10,3.3,10,994.2,10,,,59,10,0.0,10,0,10,,,0.0,10,19.7,,,0,19.0,,,0,,,20.8,10,20.4,10,1713,10
2008-06-17T18:00+00:00,5935,31.0,0,20,10,39.0,10,1.4,10,3.3,10,994.2,10,,,64,10,0.0,10,0,10,,,0.0,10,19.7,,,0,19.0,,,0,,,20.0,10,19.0,10,1817,10
2008-06-17T19:00+00:00,5935,5.0,0,12,10,22.0,10,0.8,10,2.5,10,994.3,10,,,67,10,0.0,10,0,10,,,0.0,10,19.6,,,0,19.1,,,0,,,19.4,10,18.1,10,2000,10
2008-06-17T20:00+00:00,5935,0.0,0,1,10,5.0,10,1.3,10,3.8,10,994.8,10,,,67,10,0.0,10,0,10,,,0.0,10,19.6,,,0,19.1,,,0,,,19.1,10,17.8,10,2023,10
2008-06-17T21:00+00:00,5935,0.0,0,333,10,357.0,10,0.8,10,2.8,10,994.9,10,,,88,10,5.0,10,44,10,,,0.0,10,19.5,,,0,19.1,,,0,,,16.9,10,15.8,10,2112,10
2008-06-17T22:00+00:00,5935,0.0,0,319,10,317.0,10,0.9,10,2.7,10,995.1,10,,,90,10,1.6,10,41,10,,,0.0,10,19.4,,,0,19.2,,,0,,,16.2,10,15.7,10,2225,10
2008-06-17T23:00+00:00,5935,0.0,0,302,10,293.0,10,0.5,10,2.1,10,995.2,10,,,91,10,0.0,10,0,10,,,0.0,10,19.3,,,0,19.2,,,0,,,16.0,10,15.7,10,2358,10
2008-06-18T00:00+00:00,5935,0.0,0,309,10,307.0,10,1.3,10,3.5,10,995.4,10,,,90,10,0.0,10,0,10,,,0.0,10,19.2,,,0,19.1,,,0,,,15.8,10,15.5,10,12,10
2008-06-18T01:00+00:00,5935,0.0,0,306,10,317.0,10,1.9,10,5.0,10,995.4,10,,,89,10,0.0,10,0,10,,,0.0,10,19.2,,,0,19.1,,,0,,,15.4,10,15.0,10,153,10
2008-06-18T02:00+00:00,5935,0.0,0,306,10,306.0,10,1.3,10,4.4,10,995.3,10,,,90,10,0.0,10,0,10,,,0.0,10,19.1,,,0,19.1,,,0,,,15.5,10,15.0,10,202,10
2008-06-18T03:00+00:00,5935,0.0,0,324,10,353.0,10,1.2,10,3.5,10,995.4,10,,,88,10,0.0,10,0,10,,,0.0,10,19.0,,,0,19.1,,,0,,,15.4,10,14.8,10,310,10
2008-06-18T04:00+00:00,5935,12.0,0,317,10,320.0,10,1.3,10,3.4,10,995.8,10,,,84,10,0.0,10,0,10,,,0.0,10,18.9,,,0,19.1,,,0,,,15.2,10,14.7,10,445,10
2008-06-18T05:00+00:00,5935,52.0,0,305,10,300.0,10,1.6,10,3.9,10,996.2,10,,,83,10,0.0,10,0,10,,,0.0,10,18.9,,,0,19.0,,,0,,,15.6,10,14.7,10,537,10
2008-06-18T06:00+00:00,5935,322.0,0,306,10,291.0,10,2.2,10,5.7,10,996.6,10,,,74,10,0.0,10,0,10,,,0.8,10,18.8,,,0,19.0,,,0,,,17.3,10,16.3,10,634,10
2008-06-18T07:00+00:00,5935,370.0,0,313,10,324.0,10,2.3,10,5.9,10,996.9,10,,,68,10,0.0,10,0,10,,,0.9,10,18.8,,,0,19.0,,,0,,,18.1,10,20.2,10,715,10
2008-06-18T08:00+00:00,5935,498.0,0,305,10,306.0,10,2.6,10,6.4,10,996.9,10,,,60,10,0.0,10,0,10,,,1.0,10,18.9,,,0,19.0,,,0,,,19.4,10,23.9,10,819,10
2008-06-18T09:00+00:00,5935,769.0,0,314,10,301.0,10,2.9,10,6.3,10,996.9,10,,,54,10,0.0,10,0,10,,,1.0,10,19.0,,,0,19.0,,,0,,,20.8,10,30.5,10,941,10
2008-06-18T10:00+00:00,5935,865.0,0,333,10,343.0,10,3.0,10,7.4,10,997.0,10,,,50,10,0.0,10,0,10,,,1.0,10,19.2,,,0,19.0,,,0,,,22.2,10,32.2,10,1036,10
2008-06-18T11:00+00:00,5935,906.0,0,338,10,7.0,10,2.7,10,7.9,10,997.0,10,,,47,10,0.0,10,0,10,,,1.0,10,19.3,,,0,19.0,,,0,,,23.3,10,31.9,10,1153,10
2008-06-18T12:00+00:00,5935,901.0,0,339,10,354.0,10,2.2,10,8.3,10,996.9,10,,,44,10,0.0,10,0,10,,,1.0,10,19.6,,,0,19.0,,,0,,,24.2,10,33.3,10,1230,10
2008-06-18T13:00+00:00,5935,853.0,0,323,10,333.0,10,2.7,10,6.5,10,996.8,10,,,42,10,0.0,10,0,10,,,1.0,10,20.0,,,0,19.1,,,0,,,24.7,10,34.8,10,1328,10
2008-06-18T14:00+00:00,5935,775.0,0,322,10,288.0,10,2.3,10,6.5,10,996.7,10,,,41,10,0.0,10,0,10,,,1.0,10,20.4,,,0,19.1,,,0,,,25.3,10,36.0,10,1459,10
2008-06-18T15:00+00:00,5935,647.0,0,328,10,28.0,10,2.1,10,7.3,10,996.6,10,,,40,10,0.0,10,0,10,,,1.0,10,20.7,,,0,19.3,,,0,,,25.9,10,34.1,10,1532,10
2008-06-18T16:00+00:00,5935,370.0,0,301,10,291.0,10,2.3,10,5.7,10,996.9,10,,,46,10,0.0,10,2,10,,,0.8,10,20.9,,,0,19.4,,,0,,,24.1,10,25.9,10,1616,10
2008-06-18T17:00+00:00,5935,223.0,0,297,10,292.0,10,2.7,10,6.1,10,997.0,10,,,50,10,0.0,10,0,10,,,0.7,10,21.0,,,0,19.5,,,0,,,23.8,10,22.8,10,1713,10
2008-06-18T18:00+00:00,5935,111.0,0,288,10,316.0,10,2.5,10,6.5,10,997.5,10,,,56,10,0.0,10,0,10,,,0.5,10,20.9,,,0,19.6,,,0,,,21.6,10,19.1,10,1804,10
2008-06-18T19:00+00:00,5935,26.0,0,284,10,242.0,10,1.8,10,5.4,10,997.9,10,,,61,10,0.0,10,0,10,,,0.1,10,20.8,,,0,19.7,,,0,,,20.3,10,17.0,10,1919,10
2008-06-18T20:00+00:00,5935,1.0,0,283,10,270.0,10,1.4,10,4.8,10,998.4,10,,,65,10,0.0,10,0,10,,,0.0,10,20.7,,,0,19.8,,,0,,,19.3,10,15.4,10,2016,10
2008-06-18T21:00+00:00,5935,0.0,0,243,10,237.0,10,0.4,10,3.0,10,998.5,10,,,71,10,0.0,10,0,10,,,0.0,10,20.5,,,0,19.8,,,0,,,18.6,10,15.3,10,2116,10
2008-06-18T22:00+00:00,5935,0.0,0,323,10,300.0,10,1.0,10,3.2,10,998.6,10,,,72,10,0.0,10,0,10,,,0.0,10,20.4,,,0,19.8,,,0,,,18.6,10,15.2,10,2239,10
2008-06-18T23:00+00:00,5935,0.0,0,300,10,310.0,10,0.6,10,2.0,10,998.5,10,,,75,10,0.0,10,0,10,,,0.0,10,20.2,,,0,19.9,,,0,,,17.9,10,14.7,10,2340,10
2008-06-19T00:00+00:00,5935,0.0,0,290,10,272.0,10,1.0,10,3.6,10,998.5,10,,,78,10,0.0,10,0,10,,,0.0,10,20.1,,,0,19.8,,,0,,,17.2,10,13.6,10,11,10
2008-06-19T01:00+00:00,5935,0.0,0,281,10,295.0,10,1.0,10,2.4,10,998.4,10,,,80,10,0.0,10,0,10,,,0.0,10,19.9,,,0,19.8,,,0,,,16.6,10,13.1,10,137,10
2008-06-19T02:00+00:00,5935,0.0,0,315,10,314.0,10,0.1,10,1.3,10,998.2,10,,,85,10,0.0,10,0,10,,,0.0,10,19.8,,,0,19.8,,,0,,,15.6,10,12.5,10,206,10
2008-06-19T03:00+00:00,5935,1.0,0,278,10,287.0,10,0.1,10,1.8,10,998.3,10,,,88,10,0.0,10,0,10,,,0.0,10,19.6,,,0,19.7,,,0,,,14.7,10,12.2,10,309,10
2008-06-19T04:00+00:00,5935,19.0,0,0,10,291.0,10,0.0,10,0.7,10,998.4,10,,,88,10,0.0,10,0,10,,,0.0,10,19.4,,,0,19.7,,,0,,,15.1,10,12.2,10,432,10
2008-06-19T05:00+00:00,5935,117.0,0,73,10,84.0,10,0.4,10,2.0,10,998.5,10,,,80,10,0.0,10,0,10,,,0.6,10,19.3,,,0,19.6,,,0,,,17.1,10,13.3,10,554,10
2008-06-19T06:00+00:00,5935,305.0,0,92,10,93.0,10,0.4,10,2.0,10,998.4,10,,,76,10,0.0,10,0,10,,,1.0,10,19.2,,,0,19.6,,,0,,,18.3,10,19.8,10,700,10
2008-06-19T07:00+00:00,5935,470.0,0,84,10,104.0,10,0.7,10,2.5,10,998.2,10,,,69,10,0.0,10,0,10,,,1.0,10,19.3,,,0,19.5,,,0,,,20.2,10,26.2,10,734,10
2008-06-19T08:00+00:00,5935,621.0,0,71,10,92.0,10,0.8,10,3.6,10,998.3,10,,,63,10,0.0,10,0,10,,,1.0,10,19.4,,,0,19.5,,,0,,,21.6,10,32.5,10,803,10
2008-06-19T09:00+00:00,5935,756.0,0,87,10,189.0,10,0.9,10,4.3,10,998.1,10,,,59,10,0.0,10,0,10,,,1.0,10,19.7,,,0,19.4,,,0,,,22.9,10,35.2,10,939,10
2008-06-19T10:00+00:00,5935,808.0,0,131,10,164.0,10,0.9,10,4.4,10,997.8,10,,,53,10,0.0,10,0,10,,,1.0,10,19.9,,,0,19.4,,,0,,,24.3,10,35.1,10,1048,10
2008-06-19T11:00+00:00,5935,865.0,0,194,10,243.0,10,1.0,10,4.3,10,997.7,10,,,49,10,0.0,10,0,10,,,1.0,10,20.1,,,0,19.5,,,0,,,25.0,10,33.1,10,1123,10
2008-06-19T12:00+00:00,5935,656.0,0,250,10,217.0,10,0.4,10,4.7,10,997.2,10,,,48,10,0.0,10,0,10,,,0.6,10,20.5,,,0,19.5,,,0,,,25.2,10,29.8,10,1224,10
2008-06-19T13:00+00:00,5935,741.0,0,76,10,112.0,10,0.1,10,4.9,10,996.7,10,,,47,10,0.0,10,0,10,,,0.8,10,20.9,,,0,19.6,,,0,,,26.6,10,28.3,10,1350,10
2008-06-19T14:00+00:00,5935,550.0,0,94,10,77.0,10,1.4,10,5.0,10,996.5,10,,,47,10,0.0,10,0,10,,,0.6,10,21.2,,,0,19.7,,,0,,,27.2,10,27.6,10,1428,10
2008-06-19T15:00+00:00,5935,657.0,0,270,10,227.0,10,1.7,10,6.0,10,996.4,10,,,41,10,0.0,10,0,10,,,1.0,10,21.5,,,0,19.8,,,0,,,28.1,10,35.4,10,1558,10
2008-06-19T16:00+00:00,5935,374.0,0,277,10,234.0,10,1.3,10,5.3,10,996.2,10,,,42,10,0.0,10,0,10,,,0.8,10,21.7,,,0,19.9,,,0,,,28.1,10,27.4,10,1700,10
2008-06-19T17:00+00:00,5935,302.0,0,265,10,224.0,10,1.4,10,5.4,10,995.9,10,,,43,10,0.0,10,0,10,,,1.0,10,21.8,,,0,20.1,,,0,,,27.6,10,26.3,10,1718,10
2008-06-19T18:00+00:00,5935,155.0,0,260,10,277.0,10,1.2,10,3.9,10,996.1,10,,,45,10,0.0,10,0,10,,,1.0,10,21.8,,,0,20.2,,,0,,,26.5,10,21.0,10,1803,10
2008-06-19T19:00+00:00,5935,32.0,0,261,10,245.0,10,1.3,10,3.9,10,996.6,10,,,51,10,0.0,10,0,10,,,0.5,10,21.7,,,0,20.3,,,0,,,23.6,10,18.1,10,1903,10
2008-06-19T20:00+00:00,5935,1.0,0,272,10,264.0,10,0.6,10,2.4,10,997.2,10,,,58,10,0.0,10,0,10,,,0.0,10,21.5,,,0,20.4,,,0,,,21.8,10,16.2,10,2051,10
2008-06-19T21:00+00:00,5935,0.0,0,261,10,274.0,10,0.2,10,1.9,10,997.3,10,,,69,10,0.0,10,0,10,,,0.0,10,21.3,,,0,20.4,,,0,,,19.7,10,15.4,10,2105,10
2008-06-19T22:00+00:00,5935,0.0,0,300,10,308.0,10,0.2,10,1.8,10,997.6,10,,,74,10,0.0,10,0,10,,,0.0,10,21.1,,,0,20.4,,,0,,,18.9,10,14.8,10,2234,10
2008-06-19T23:00+00:00,5935,0.0,0,0,10,275.0,10,0.0,10,0.9,10,997.8,10,,,75,10,0.0,10,0,10,,,0.0,10,20.9,,,0,20.4,,,0,,,18.1,10,14.7,10,2354,10
2008-06-20T00:00+00:00,5935,0.0,0,257,10,271.0,10,0.2,10,1.0,10,998.1,10,,,77,10,0.0,10,0,10,,,0.0,10,20.7,,,0,20.4,,,0,,,17.7,10,14.3,10,11,10
2008-06-20T01:00+00:00,5935,0.0,0,282,10,280.0,10,0.9,10,2.4,10,998.3,10,,,75,10,0.0,10,0,10,,,0.0,10,20.5,,,0,20.4,,,0,,,18.0,10,13.9,10,143,10
2008-06-20T02:00+00:00,5935,0.0,0,246,10,250.0,10,0.2,10,1.4,10,998.5,10,,,81,10,0.0,10,0,10,,,0.0,10,20.3,,,0,20.3,,,0,,,16.8,10,13.6,10,231,10
2008-06-20T03:00+00:00,5935,1.0,0,292,10,306.0,10,0.4,10,1.8,10,998.6,10,,,83,10,0.0,10,0,10,,,0.0,10,20.2,,,0,20.3,,,0,,,16.4,10,13.1,10,332,10
2008-06-20T04:00+00:00,5935,28.0,0,311,10,317.0,10,0.2,10,1.6,10,999.0,10,,,82,10,0.0,10,0,10,,,0.6,10,20.0,,,0,20.2,,,0,,,17.3,10,13.1,10,414,10
2008-06-20T05:00+00:00,5935,142.0,0,277,10,285.0,10,0.6,10,3.7,10,999.2,10,,,69,10,0.0,10,0,10,,,0.9,10,19.9,,,0,20.1,,,0,,,21.1,10,15.1,10,550,10
2008-06-20T06:00+00:00,5935,305.0,0,290,10,281.0,10,2.1,10,5.9,10,999.7,10,,,62,10,0.0,10,0,10,,,1.0,10,19.9,,,0,20.1,,,0,,,22.8,10,21.5,10,649,10
2008-06-20T07:00+00:00,5935,471.0,0,296,10,314.0,10,2.3,10,6.7,10,1000.0,10,,,54,10,0.0,10,0,10,,,1.0,10,19.9,,,0,20.0,,,0,,,24.4,10,27.5,10,703,10
2008-06-20T08:00+00:00,5935,477.0,0,290,10,272.0,10,2.2,10,6.2,10,1000.5,10,,,51,10,0.0,10,0,10,,,0.7,10,20.1,,,0,20.0,,,0,,,25.0,10,29.0,10,822,10
2008-06-20T09:00+00:00,5935,630.0,0,281,10,235.0,10,2.3,10,6.4,10,1000.7,10,,,50,10,0.0,10,0,10,,,1.0,10,20.3,,,0,20.0,,,0,,,26.2,10,30.8,10,947,10
2008-06-20T10:00+00:00,5935,813.0,0,264,10,242.0,10,2.5,10,7.6,10,1000.6,10,,,46,10,0.0,10,0,10,,,1.0,10,20.5,,,0,20.0,,,0,,,27.3,10,33.4,10,1054,10
2008-06-20T11:00+00:00,5935,885.0,0,263,10,267.0,10,3.3,10,8.1,10,1000.2,10,,,47,10,0.0,10,0,10,,,1.0,10,20.7,,,0,20.0,,,0,,,27.7,10,37.0,10,1109,10
2008-06-20T12:00+00:00,5935,852.0,0,274,10,249.0,10,3.2,10,8.2,10,999.9,10,,,47,10,0.0,10,0,10,,,1.0,10,21.1,,,0,20.0,,,0,,,28.5,10,36.7,10,1256,10
2008-06-20T13:00+00:00,5935,747.0,0,269,10,305.0,10,3.9,10,9.6,10,999.5,10,,,45,10,0.0,10,0,10,,,1.0,10,21.5,,,0,20.1,,,0,,,28.5,10,35.1,10,1342,10
2008-06-20T14:00+00:00,5935,647.0,0,270,10,283.0,10,3.5,10,9.7,10,999.3,10,,,45,10,0.0,10,0,10,,,1.0,10,21.8,,,0,20.2,,,0,,,28.5,10,34.7,10,1425,10
2008-06-20T15:00+00:00,5935,537.0,0,264,10,258.0,10,3.1,10,8.3,10,999.3,10,,,45,10,0.0,10,0,10,,,1.0,10,22.1,,,0,20.3,,,0,,,28.8,10,33.2,10,1536,10
2008-06-20T16:00+00:00,5935,427.0,0,264,10,246.0,10,3.1,10,8.7,10,999.3,10,,,45,10,0.0,10,0,10,,,1.0,10,22.3,,,0,20.5,,,0,,,28.2,10,29.3,10,1619,10
2008-06-20T17:00+00:00,5935,321.0,0,268,10,296.0,10,2.5,10,7.8,10,999.3,10,,,46,10,0.0,10,0,10,,,1.0,10,22.4,,,0,20.6,,,0,,,28.1,10,26.2,10,1707,10
2008-06-20T18:00+00:00,5935,150.0,0,272,10,267.0,10,1.9,10,5.9,10,999.7,10,,,47,10,0.0,10,0,10,,,1.0,10,22.3,,,0,20.7,,,0,,,26.6,10,21.4,10,1802,10
2008-06-20T19:00+00:00,5935,29.0,0,280,10,303.0,10,1.2,10,4.2,10,999.9,10,,,52,10,0.0,10,0,10,,,0.4,10,22.2,,,0,20.8,,,0,,,24.1,10,18.5,10,1906,10
2008-06-20T20:00+00:00,5935,1.0,0,323,10,309.0,10,0.8,10,2.3,10,1000.6,10,,,58,10,0.0,10,0,10,,,0.0,10,22.1,,,0,20.9,,,0,,,22.6,10,17.2,10,2100,10
2008-06-20T21:00+00:00,5935,0.0,0,300,10,301.0,10,0.5,10,3.2,10,1001.3,10,,,64,10,0.0,10,0,10,,,0.0,10,21.9,,,0,20.9,,,0,,,21.2,10,16.5,10,2104,10
2008-06-20T22:00+00:00,5935,0.0,0,329,10,333.0,10,0.2,10,1.3,10,1001.7,10,,,75,10,0.0,10,0,10,,,0.0,10,21.7,,,0,20.9,,,0,,,19.4,10,15.6,10,2246,10
2008-06-20T23:00+00:00,5935,0.0,0,314,10,321.0,10,0.1,10,1.2,10,1001.3,10,,,76,10,0.0,10,0,10,,,0.0,10,21.5,,,0,20.9,,,0,,,19.2,10,15.5,10,2305,10
2008-06-21T00:00+00:00,5935,0.0,0,285,10,281.0,10,0.4,10,2.2,10,1001.3,10,,,76,10,0.0,10,0,10,,,0.0,10,21.3,,,0,20.9,,,0,,,18.4,10,14.5,10,30,10
2008-06-21T01:00+00:00,5935,0.0,0,284,10,294.0,10,0.7,10,2.5,10,1001.5,10,,,78,10,0.0,10,0,10,,,0.0,10,21.1,,,0,20.8,,,0,,,17.5,10,14.1,10,124,10
2008-06-21T02:00+00:00,5935,0.0,0,296,10,320.0,10,1.2,10,3.7,10,1001.8,10,,,80,10,0.0,10,0,10,,,0.0,10,20.9,,,0,20.8,,,0,,,17.7,10,14.1,10,236,10
2008-06-21T03:00+00:00,5935,0.0,0,303,10,308.0,10,1.1,10,4.1,10,1001.6,10,,,77,10,0.0,10,0,10,,,0.0,10,20.7,,,0,20.7,,,0,,,18.4,10,15.4,10,316,10
2008-06-21T04:00+00:00,5935,11.0,0,297,10,296.0,10,1.0,10,5.9,10,1002.1,10,,,76,10,0.0,10,0,10,,,0.0,10,20.6,,,0,20.7,,,0,,,18.8,10,16.7,10,415,10
2008-06-21T05:00+00:00,5935,124.0,0,287,10,303.0,10,0.2,10,1.9,10,1002.5,10,,,72,10,0.0,10,0,10,,,0.5,10,20.6,,,0,20.6,,,0,,,20.1,10,17.6,10,557,10
2008-06-21T06:00+00:00,5935,91.0,0,310,10,296.0,10,1.4,10,4.1,10,1003.0,10,,,75,10,0.0,10,0,10,,,0.1,10,20.5,,,0,20.6,,,0,,,19.3,10,19.1,10,647,10
2008-06-21T07:00+00:00,5935,358.0,0,310,10,301.0,10,0.7,10,2.7,10,1002.9,10,,,68,10,0.0,10,0,10,,,0.7,10,20.6,,,0,20.5,,,0,,,21.9,10,19.2,10,701,10
2008-06-21T08:00+00:00,5935,614.0,0,253,10,242.0,10,0.3,10,2.2,10,1002.8,10,,,59,10,0.0,10,0,10,,,1.0,10,20.6,,,0,20.5,,,0,,,24.3,10,33.0,10,853,10
2008-06-21T09:00+00:00,5935,683.0,0,228,10,196.0,10,0.3,10,3.0,10,1002.7,10,,,49,10,0.0,10,0,10,,,1.0,10,20.8,,,0,20.5,,,0,,,25.5,10,34.4,10,954,10
2008-06-21T10:00+00:00,5935,835.0,0,225,10,206.0,10,1.0,10,4.1,10,1002.6,10,,,49,10,0.0,10,0,10,,,1.0,10,21.0,,,0,20.5,,,0,,,26.4,10,35.2,10,1056,10
2008-06-21T11:00+00:00,5935,875.0,0,172,10,145.0,10,1.0,10,4.2,10,1002.1,10,,,47,10,0.0,10,0,10,,,1.0,10,21.2,,,0,20.5,,,0,,,28.0,10,36.5,10,1150,10
2008-06-21T12:00+00:00,5935,772.0,0,240,10,256.0,10,1.1,10,5.5,10,1001.6,10,,,45,10,0.0,10,0,10,,,0.8,10,21.5,,,0,20.5,,,0,,,29.1,10,34.2,10,1244,10
2008-06-21T13:00+00:00,5935,810.0,0,270,10,249.0,10,2.5,10,7.1,10,1001.3,10,,,43,10,0.0,10,0,10,,,1.0,10,22.0,,,0,20.6,,,0,,,30.1,10,35.3,10,1326,10
2008-06-21T14:00+00:00,5935,701.0,0,293,10,317.0,10,2.1,10,5.9,10,1001.1,10,,,44,10,0.0,10,0,10,,,1.0,10,22.4,,,0,20.7,,,0,,,30.4,10,37.5,10,1439,10
2008-06-21T15:00+00:00,5935,615.0,0,316,10,309.0,10,1.6,10,6.0,10,1000.8,10,,,42,10,0.0,10,0,10,,,1.0,10,22.7,,,0,20.8,,,0,,,30.5,10,36.0,10,1528,10
2008-06-21T16:00+00:00,5935,487.0,0,1,10,318.0,10,1.4,10,5.8,10,1000.9,10,,,45,10,0.0,10,0,10,,,1.0,10,22.8,,,0,20.9,,,0,,,29.6,10,30.8,10,1604,10
2008-06-21T17:00+00:00,5935,307.0,0,71,10,66.0,10,2.7,10,5.8,10,1000.9,10,,,47,10,0.0,10,0,10,,,1.0,10,22.9,,,0,21.0,,,0,,,28.8,10,27.4,10,1744,10
2008-06-21T18:00+00:00,5935,154.0,0,81,10,79.0,10,2.2,10,5.3,10,1001.1,10,,,49,10,0.0,10,0,10,,,1.0,10,22.9,,,0,21.2,,,0,,,28.0,10,24.0,10,1900,10
2008-06-21T19:00+00:00,5935,46.0,0,82,10,87.0,10,1.7,10,4.5,10,1001.1,10,,,54,10,0.0,10,0,10,,,0.7,10,22.8,,,0,21.3,,,0,,,26.7,10,22.7,10,1902,10
2008-06-21T20:00+00:00,5935,2.0,0,84,10,81.0,10,0.9,10,2.8,10,1001.7,10,,,63,10,0.0,10,0,10,,,0.0,10,22.7,,,0,21.3,,,0,,,24.6,10,19.9,10,2007,10
2008-06-21T21:00+00:00,5935,0.0,0,14,10,14.0,10,0.7,10,2.1,10,1001.9,10,,,70,10,0.0,10,0,10,,,0.0,10,22.5,,,0,21.4,,,0,,,22.9,10,18.4,10,2134,10
2008-06-21T22:00+00:00,5935,0.0,0,22,10,18.0,10,0.8,10,2.1,10,1002.0,10,,,74,10,0.0,10,0,10,,,0.0,10,22.4,,,0,21.4,,,0,,,21.7,10,17.6,10,2211,10
2008-06-21T23:00+00:00,5935,0.0,0,10,10,2.0,10,0.1,10,1.2,10,1002.2,10,,,80,10,0.0,10,0,10,,,0.0,10,22.2,,,0,21.4,,,0,,,20.6,10,16.7,10,2343,10
2008-06-22T00:00+00:00,5935,0.0,0,18,10,18.0,10,0.5,10,2.2,10,1002.3,10,,,80,10,0.0,10,0,10,,,0.0,10,22.0,,,0,21.4,,,0,,,20.0,10,16.2,10,50,10
2008-06-22T01:00+00:00,5935,0.0,0,360,10,354.0,10,0.6,10,1.7,10,1002.3,10,,,83,10,0.0,10,0,10,,,0.0,10,21.8,,,0,21.4,,,0,,,19.2,10,15.7,10,134,10
2008-06-22T02:00+00:00,5935,0.0,0,354,10,357.0,10,0.2,10,1.4,10,1002.2,10,,,84,10,0.0,10,0,10,,,0.0,10,21.6,,,0,21.3,,,0,,,18.5,10,15.1,10,213,10
2008-06-22T03:00+00:00,5935,1.0,0,3,10,349.0,10,0.4,10,1.5,10,1002.1,10,,,86,10,0.0,10,0,10,,,0.0,10,21.4,,,0,21.3,,,0,,,18.1,10,14.9,10,313,10
2008-06-22T04:00+00:00,5935,31.0,0,11,10,14.0,10,0.3,10,1.7,10,1002.0,10,,,84,10,0.0,10,0,10,,,0.7,10,21.3,,,0,21.2,,,0,,,18.5,10,15.0,10,458,10
2008-06-22T05:00+00:00,5935,148.0,0,24,10,11.0,10,1.2,10,2.9,10,1002.3,10,,,75,10,0.0,10,0,10,,,1.0,10,21.2,,,0,21.2,,,0,,,19.8,10,16.9,10,537,10
2008-06-22T06:00+00:00,5935,298.0,0,17,10,14.0,10,1.4,10,3.4,10,1002.1,10,,,73,10,0.0,10,0,10,,,1.0,10,21.1,,,0,21.1,,,0,,,21.2,10,21.3,10,604,10
2008-06-22T07:00+00:00,5935,457.0,0,38,10,329.0,10,0.2,10,2.2,10,1001.9,10,,,67,10,0.0,10,0,10,,,1.0,10,21.2,,,0,21.0,,,0,,,22.7,10,27.3,10,800,10
2008-06-22T08:00+00:00,5935,603.0,0,119,10,75.0,10,0.8,10,3.1,10,1001.9,10,,,62,10,0.0,10,0,10,,,1.0,10,21.3,,,0,21.0,,,0,,,24.6,10,33.5,10,859,10
2008-06-22T09:00+00:00,5935,725.0,0,112,10,69.0,10,1.3,10,6.1,10,1001.6,10,,,63,10,0.0,10,0,10,,,1.0,10,21.5,,,0,21.0,,,0,,,25.6,10,36.9,10,956,10
2008-06-22T10:00+00:00,5935,817.0,0,124,10,123.0,10,1.1,10,4.6,10,1001.4,10,,,62,10,0.0,10,0,10,,,1.0,10,21.7,,,0,21.0,,,0,,,27.1,10,37.7,10,1029,10
2008-06-22T11:00+00:00,5935,848.0,0,145,10,119.0,10,1.3,10,4.9,10,1001.0,10,,,60,10,0.0,10,0,10,,,1.0,10,21.9,,,0,21.0,,,0,,,28.4,10,37.0,10,1200,10
2008-06-22T12:00+00:00,5935,849.0,0,142,10,118.0,10,1.6,10,5.2,10,1000.2,10,,,57,10,0.0,10,0,10,,,1.0,10,22.3,,,0,21.1,,,0,,,30.0,10,37.0,10,1227,10
2008-06-22T13:00+00:00,5935,807.0,0,188,10,177.0,10,1.8,10,5.1,10,999.6,10,,,55,10,0.0,10,0,10,,,1.0,10,22.8,,,0,21.1,,,0,,,30.7,10,37.8,10,1302,10
2008-06-22T14:00+00:00,5935,730.0,0,173,10,189.0,10,1.8,10,5.2,10,998.9,10,,,52,10,0.0,10,0,10,,,1.0,10,23.2,,,0,21.2,,,0,,,32.3,10,40.1,10,1410,10
2008-06-22T15:00+00:00,5935,611.0,0,165,10,201.0,10,1.8,10,6.2,10,998.5,10,,,47,10,0.0,10,0,10,,,1.0,10,23.6,,,0,21.4,,,0,,,33.4,10,38.6,10,1514,10
2008-06-22T16:00+00:00,5935,458.0,0,182,10,178.0,10,2.7,10,6.2,10,998.3,10,,,47,10,0.0,10,0,10,,,1.0,10,23.8,,,0,21.5,,,0,,,32.2,10,32.1,10,1657,10
2008-06-22T17:00+00:00,5935,291.0,0,168,10,157.0,10,2.6,10,5.8,10,997.9,10,,,49,10,0.0,10,0,10,,,1.0,10,23.8,,,0,21.6,,,0,,,31.8,10,29.8,10,1711,10
2008-06-22T18:00+00:00,5935,138.0,0,184,10,189.0,10,2.4,10,5.9,10,997.9,10,,,52,10,0.0,10,0,10,,,1.0,10,23.8,,,0,21.8,,,0,,,30.9,10,27.2,10,1900,10
2008-06-22T19:00+00:00,5935,33.0,0,184,10,186.0,10,1.8,10,5.1,10,997.5,10,,,56,10,0.0,10,0,10,,,0.4,10,23.7,,,0,21.9,,,0,,,29.1,10,24.6,10,1928,10
2008-06-22T20:00+00:00,5935,1.0,0,183,10,205.0,10,1.4,10,3.9,10,997.6,10,,,62,10,0.0,10,0,10,,,0.0,10,23.6,,,0,22.0,,,0,,,27.5,10,23.0,10,2012,10
2008-06-22T21:00+00:00,5935,0.0,0,179,10,203.0,10,1.0,10,3.1,10,997.7,10,,,67,10,0.0,10,0,10,,,0.0,10,23.5,,,0,22.0,,,0,,,26.1,10,21.8,10,2129,10
2008-06-22T22:00+00:00,5935,0.0,0,168,10,143.0,10,1.2,10,4.2,10,997.6,10,,,71,10,0.0,10,0,10,,,0.0,10,23.3,,,0,22.1,,,0,,,25.5,10,21.2,10,2234,10
2008-06-22T23:00+00:00,5935,0.0,0,171,10,181.0,10,1.3,10,2.9,10,997.3,10,,,77,10,0.0,10,0,10,,,0.0,10,23.2,,,0,22.1,,,0,,,24.5,10,21.1,10,2311,10
2008-06-23T00:00+00:00,5935,0.0,0,180,10,161.0,10,0.5,10,3.4,10,997.4,10,,,85,10,0.0,10,0,10,,,0.0,10,23.0,,,0,22.1,,,0,,,22.7,10,19.0,10,6,10
2008-06-23T01:00+00:00,5935,0.0,0,35,10,351.0,10,0.4,10,2.4,10,997.2,10,,,87,10,0.0,10,0,10,,,0.0,10,22.9,,,0,22.0,,,0,,,21.8,10,18.2,10,103,10
2008-06-23T02:00+00:00,5935,0.0,0,7,10,326.0,10,0.5,10,2.7,10,997.1,10,,,89,10,0.0,10,0,10,,,0.0,10,22.7,,,0,22.0,,,0,,,21.1,10,18.5,10,213,10
2008-06-23T03:00+00:00,5935,1.0,0,40,10,64.0,10,0.2,10,1.6,10,997.3,10,,,89,10,0.0,10,0,10,,,0.0,10,22.6,,,0,22.0,,,0,,,20.8,10,18.5,10,342,10
2008-06-23T04:00+00:00,5935,18.0,0,53,10,57.0,10,0.5,10,2.1,10,997.6,10,,,88,10,0.0,10,0,10,,,0.0,10,22.4,,,0,21.9,,,0,,,21.2,10,18.4,10,437,10
2008-06-23T05:00+00:00,5935,100.0,0,108,10,130.0,10,0.9,10,2.7,10,998.2,10,,,85,10,0.0,10,0,10,,,0.4,10,22.3,,,0,21.9,,,0,,,21.8,10,19.4,10,551,10
2008-06-23T06:00+00:00,5935,102.0,0,107,10,108.0,10,0.4,10,2.3,10,998.9,10,,,80,10,0.0,10,0,10,,,0.0,10,22.3,,,0,21.9,,,0,,,22.8,10,22.6,10,650,10
2008-06-23T07:00+00:00,5935,185.0,0,346,10,320.0,10,0.9,10,6.0,10,999.4,10,,,65,10,0.0,10,0,10,,,0.2,10,22.3,,,0,21.8,,,0,,,25.4,10,23.4,10,751,10
2008-06-23T08:00+00:00,5935,281.0,0,300,10,302.0,10,2.1,10,6.2,10,999.3,10,,,61,10,0.0,10,0,10,,,0.4,10,22.3,,,0,21.8,,,0,,,25.5,10,24.1,10,811,10
2008-06-23T09:00+00:00,5935,192.0,0,276,10,246.0,10,1.0,10,3.9,10,999.5,10,,,64,10,0.0,10,13,10,,,0.1,10,22.4,,,0,21.8,,,0,,,26.1,10,22.3,10,929,10
2008-06-23T10:00+00:00,5935,442.0,0,243,10,231.0,10,1.0,10,3.8,10,999.3,10,,,56,10,0.0,10,0,10,,,0.2,10,22.4,,,0,21.7,,,0,,,28.8,10,29.2,10,1058,10
2008-06-23T11:00+00:00,5935,544.0,0,283,10,301.0,10,2.0,10,6.0,10,999.1,10,,,49,10,0.0,10,0,10,,,0.4,10,22.6,,,0,21.8,,,0,,,30.6,10,31.7,10,1140,10
2008-06-23T12:00+00:00,5935,345.0,0,276,10,220.0,10,2.7,10,8.7,10,999.0,10,,,49,10,0.0,10,0,10,,,0.1,10,22.8,,,0,21.8,,,0,,,28.4,10,28.5,10,1221,10
2008-06-23T13:00+00:00,5935,557.0,0,277,10,227.0,10,1.9,10,5.3,10,998.5,10,,,49,10,0.0,10,0,10,,,0.4,10,23.0,,,0,21.8,,,0,,,30.8,10,30.6,10,1351,10
2008-06-23T14:00+00:00,5935,730.0,0,253,10,225.0,10,2.4,10,6.9,10,997.9,10,,,43,10,0.0,10,0,10,,,1.0,10,23.3,,,0,21.8,,,0,,,32.6,10,37.7,10,1435,10
2008-06-23T15:00+00:00,5935,407.0,0,273,10,281.0,10,2.2,10,7.0,10,997.6,10,,,45,10,0.0,10,0,10,,,0.7,10,23.5,,,0,21.9,,,0,,,32.0,10,30.3,10,1525,10
2008-06-23T16:00+00:00,5935,442.0,0,265,10,241.0,10,2.0,10,5.7,10,997.1,10,,,44,10,0.0,10,0,10,,,1.0,10,23.7,,,0,22.0,,,0,,,32.9,10,32.0,10,1611,10
2008-06-23T17:00+00:00,5935,276.0,0,251,10,240.0,10,2.0,10,4.4,10,996.6,10,,,45,10,0.0,10,0,10,,,1.0,10,23.8,,,0,22.1,,,0,,,32.4,10,29.3,10,1757,10
2008-06-23T18:00+00:00,5935,148.0,0,243,10,224.0,10,1.5,10,4.1,10,996.9,10,,,48,10,0.0,10,0,10,,,1.0,10,23.8,,,0,22.2,,,0,,,31.0,10,26.2,10,1813,10
2008-06-23T19:00+00:00,5935,34.0,0,212,10,206.0,10,2.0,10,4.9,10,997.5,10,,,49,10,0.0,10,0,10,,,0.2,10,23.8,,,0,22.2,,,0,,,29.2,10,24.9,10,1927,10
2008-06-23T20:00+00:00,5935,1.0,0,228,10,257.0,10,1.8,10,5.3,10,997.9,10,,,54,10,0.0,10,0,10,,,0.0,10,23.7,,,0,22.3,,,0,,,27.6,10,23.2,10,2038,10
2008-06-23T21:00+00:00,5935,0.0,0,244,10,248.0,10,1.2,10,3.5,10,998.2,10,,,57,10,0.0,10,0,10,,,0.0,10,23.6,,,0,22.3,,,0,,,27.0,10,22.6,10,2159,10
2008-06-23T22:00+00:00,5935,0.0,0,287,10,308.0,10,2.3,10,6.7,10,999.0,10,,,57,10,0.0,10,0,10,,,0.0,10,23.5,,,0,22.3,,,0,,,25.1,10,21.7,10,2242,10
2008-06-23T23:00+00:00,5935,0.0,0,304,10,308.0,10,0.9,10,4.5,10,999.1,10,,,61,10,0.0,10,0,10,,,0.0,10,23.3,,,0,22.4,,,0,,,23.8,10,21.1,10,2304,10
2008-06-24T00:00+00:00,5935,0.0,0,246,10,204.0,10,0.3,10,2.0,10,999.1,10,,,67,10,0.0,10,0,10,,,0.0,10,23.2,,,0,22.3,,,0,,,23.0,10,20.2,10,30,10
2008-06-24T01:00+00:00,5935,0.0,0,24,10,34.0,10,0.7,10,2.3,10,998.8,10,,,66,10,0.0,10,0,10,,,0.0,10,23.0,,,0,22.3,,,0,,,22.2,10,18.6,10,138,10
2008-06-24T02:00+00:00,5935,0.0,0,297,10,314.0,10,0.6,10,3.1,10,998.8,10,,,70,10,0.0,10,0,10,,,0.0,10,22.9,,,0,22.3,,,0,,,20.8,10,17.2,10,211,10
2008-06-24T03:00+00:00,5935,1.0,0,311,10,318.0,10,1.0,10,3.6,10,998.5,10,,,67,10,0.0,10,0,10,,,0.0,10,22.7,,,0,22.3,,,0,,,21.1,10,17.0,10,357,10
2008-06-24T04:00+00:00,5935,27.0,0,295,10,277.0,10,1.8,10,4.9,10,998.4,10,,,67,10,0.0,10,0,10,,,0.3,10,22.5,,,0,22.2,,,0,,,21.6,10,17.1,10,406,10
2008-06-24T05:00+00:00,5935,137.0,0,287,10,325.0,10,0.9,10,3.9,10,998.9,10,,,64,10,0.0,10,0,10,,,1.0,10,22.4,,,0,22.2,,,0,,,23.0,10,18.9,10,545,10
2008-06-24T06:00+00:00,5935,281.0,0,314,10,299.0,10,1.2,10,4.0,10,999.4,10,,,63,10,0.0,10,0,10,,,1.0,10,22.4,,,0,22.1,,,0,,,24.2,10,22.9,10,656,10
2008-06-24T07:00+00:00,5935,451.0,0,308,10,291.0,10,1.7,10,5.4,10,998.7,10,,,59,10,0.0,10,0,10,,,0.9,10,22.4,,,0,22.1,,,0,,,25.2,10,28.1,10,711,10
2008-06-24T08:00+00:00,5935,405.0,0,337,10,355.0,10,1.7,10,4.6,10,999.2,10,,,63,10,0.0,10,0,10,,,0.5,10,22.5,,,0,22.0,,,0,,,24.9,10,27.8,10,819,10
2008-06-24T09:00+00:00,5935,571.0,0,316,10,270.0,10,1.8,10,4.4,10,999.1,10,,,62,10,0.0,10,0,10,,,0.7,10,22.6,,,0,22.0,,,0,,,25.9,10,28.5,10,915,10
2008-06-24T10:00+00:00,5935,767.0,0,343,10,301.0,10,1.4,10,5.0,10,998.7,10,,,60,10,0.0,10,0,10,,,1.0,10,22.8,,,0,22.0,,,0,,,27.3,10,33.7,10,1029,10
2008-06-24T11:00+00:00,5935,848.0,0,8,10,356.0,10,1.6,10,5.1,10,998.4,10,,,57,10,0.0,10,0,10,,,1.0,10,22.9,,,0,22.0,,,0,,,28.5,10,37.6,10,1110,10
2008-06-24T12:00+00:00,5935,843.0,0,360,10,39.0,10,1.4,10,4.9,10,997.9,10,,,54,10,0.0,10,0,10,,,1.0,10,23.2,,,0,22.1,,,0,,,29.3,10,37.5,10,1214,10
2008-06-24T13:00+00:00,5935,605.0,0,8,10,33.0,10,0.9,10,3.9,10,997.4,10,,,52,10,0.0,10,0,10,,,0.7,10,23.6,,,0,22.1,,,0,,,28.9,10,29.8,10,1306,10
2008-06-24T14:00+00:00,5935,122.0,0,43,10,56.0,10,2.8,10,7.5,10,997.9,10,,,56,10,0.0,10,0,10,,,0.0,10,23.7,,,0,22.2,,,0,,,27.1,10,25.2,10,1445,10
2008-06-24T15:00+00:00,5935,18.0,0,299,10,251.0,10,1.3,10,13.6,10,999.9,10,,,87,10,6.5,10,27,10,,,0.0,10,23.7,,,0,22.3,,,0,,,20.1,10,18.4,10,1532,10
2008-06-24T16:00+00:00,5935,46.0,0,333,10,53.0,10,0.6,10,4.4,10,999.8,10,,,91,10,0.0,10,9,10,,,0.0,10,23.5,,,0,22.3,,,0,,,20.6,10,19.3,10,1655,10
2008-06-24T17:00+00:00,5935,124.0,0,16,10,52.0,10,0.4,10,2.8,10,998.9,10,,,85,10,0.1,10,14,10,,,0.1,10,23.4,,,0,22.4,,,0,,,21.6,10,21.0,10,1709,10
2008-06-24T18:00+00:00,5935,154.0,0,312,10,322.0,10,1.3,10,4.2,10,998.9,10,,,86,10,0.0,10,0,10,,,1.0,10,23.3,,,0,22.4,,,0,,,21.3,10,20.1,10,1842,10
2008-06-24T19:00+00:00,5935,37.0,0,330,10,352.0,10,1.0,10,3.9,10,999.1,10,,,87,10,0.0,10,0,10,,,0.6,10,23.2,,,0,22.4,,,0,,,20.5,10,18.9,10,1911,10
2008-06-24T20:00+00:00,5935,2.0,0,44,10,7.0,10,0.4,10,2.0,10,999.6,10,,,88,10,0.0,10,0,10,,,0.0,10,23.1,,,0,22.4,,,0,,,19.9,10,17.8,10,2055,10
2008-06-24T21:00+00:00,5935,0.0,0,298,10,317.0,10,0.1,10,1.3,10,999.9,10,,,92,10,0.0,10,0,10,,,0.0,10,22.9,,,0,22.4,,,0,,,19.0,10,17.0,10,2157,10
2008-06-24T22:00+00:00,5935,0.0,0,324,10,286.0,10,0.8,10,2.5,10,999.4,10,,,91,10,0.0,10,0,10,,,0.0,10,22.8,,,0,22.4,,,0,,,18.7,10,16.7,10,2215,10
2008-06-24T23:00+00:00,5935,0.0,0,228,10,237.0,10,0.4,10,2.1,10,999.8,10,,,90,10,0.0,10,0,10,,,0.0,10,22.6,,,0,22.3,,,0,,,18.7,10,16.1,10,2316,10
2008-06-25T00:00+00:00,5935,0.0,0,51,10,58.0,10,0.6,10,2.8,10,1000.1,10,,,92,10,0.0,10,0,10,,,0.0,10,22.4,,,0,22.3,,,0,,,18.3,10,16.0,10,17,10
2008-06-25T01:00+00:00,5935,0.0,0,94,10,84.0,10,0.1,10,1.3,10,999.7,10,,,93,10,0.0,10,0,10,,,0.0,10,22.2,,,0,22.2,,,0,,,18.0,10,15.4,10,159,10
2008-06-25T02:00+00:00,5935,0.0,0,122,10,149.0,10,0.1,10,1.9,10,999.6,10,,,92,10,0.0,10,0,10,,,0.0,10,22.1,,,0,22.2,,,0,,,17.7,10,15.6,10,214,10
2008-06-25T03:00+00:00,5935,1.0,0,36,10,61.0,10,0.2,10,1.4,10,999.4,10,,,92,10,0.0,10,0,10,,,0.0,10,22.0,,,0,22.1,,,0,,,17.5,10,17.5,10,359,10
2008-06-25T04:00+00:00,5935,21.0,0,60,10,53.0,10,0.4,10,1.9,10,999.6,10,,,92,10,0.0,10,0,10,,,0.0,10,21.9,,,0,22.0,,,0,,,17.1,10,17.7,10,433,10
2008-06-25T05:00+00:00,5935,65.0,0,79,10,65.0,10,0.3,10,1.8,10,999.5,10,,,92,10,0.0,10,0,10,,,0.0,10,21.8,,,0,22.0,,,0,,,17.4,10,18.2,10,551,10
2008-06-25T06:00+00:00,5935,140.0,0,130,10,81.0,10,0.4,10,2.3,10,999.8,10,,,92,10,0.0,10,0,10,,,0.0,10,21.8,,,0,21.9,,,0,,,17.6,10,19.4,10,615,10
2008-06-25T07:00+00:00,5935,345.0,0,115,10,78.0,10,0.8,10,2.8,10,999.9,10,,,85,10,0.0,10,0,10,,,0.5,10,21.8,,,0,21.9,,,0,,,19.7,10,20.3,10,759,10
2008-06-25T08:00+00:00,5935,583.0,0,101,10,125.0,10,1.7,10,3.7,10,999.5,10,,,80,10,0.0,10,0,10,,,1.0,10,21.9,,,0,21.8,,,0,,,21.7,10,26.6,10,822,10
2008-06-25T09:00+00:00,5935,703.0,0,125,10,153.0,10,1.5,10,4.6,10,999.3,10,,,73,10,0.0,10,0,10,,,1.0,10,22.1,,,0,21.8,,,0,,,23.5,10,30.6,10,949,10
2008-06-25T10:00+00:00,5935,758.0,0,139,10,150.0,10,1.9,10,5.9,10,998.8,10,,,64,10,0.0,10,0,10,,,1.0,10,22.2,,,0,21.8,,,0,,,25.4,10,33.0,10,1057,10
2008-06-25T11:00+00:00,5935,818.0,0,143,10,148.0,10,2.5,10,6.2,10,998.0,10,,,57,10,0.0,10,0,10,,,1.0,10,22.4,,,0,21.8,,,0,,,26.8,10,33.0,10,1136,10
2008-06-25T12:00+00:00,5935,841.0,0,142,10,179.0,10,2.7,10,7.6,10,997.6,10,,,53,10,0.0,10,0,10,,,1.0,10,22.7,,,0,21.8,,,0,,,27.8,10,33.2,10,1256,10
2008-06-25T13:00+00:00,5935,789.0,0,149,10,113.0,10,2.3,10,7.0,10,996.7,10,,,52,10,0.0,10,0,10,,,1.0,10,23.1,,,0,21.9,,,0,,,28.6,10,34.2,10,1311,10
2008-06-25T14:00+00:00,5935,699.0,0,145,10,155.0,10,2.9,10,6.9,10,995.8,10,,,50,10,0.0,10,0,10,,,1.0,10,23.4,,,0,22.0,,,0,,,29.2,10,35.2,10,1417,10
2008-06-25T15:00+00:00,5935,573.0,0,161,10,169.0,10,3.0,10,8.0,10,995.0,10,,,49,10,0.0,10,0,10,,,1.0,10,23.7,,,0,22.1,,,0,,,30.1,10,34.3,10,1558,10
2008-06-25T16:00+00:00,5935,417.0,0,151,10,150.0,10,2.8,10,7.0,10,994.3,10,,,52,10,0.0,10,0,10,,,1.0,10,23.8,,,0,22.2,,,0,,,30.2,10,30.3,10,1645,10
2008-06-25T17:00+00:00,5935,264.0,0,145,10,147.0,10,2.7,10,7.1,10,993.9,10,,,53,10,0.0,10,0,10,,,1.0,10,23.9,,,0,22.3,,,0,,,30.0,10,28.6,10,1717,10
2008-06-25T18:00+00:00,5935,140.0,0,158,10,176.0,10,2.8,10,6.6,10,993.0,10,,,56,10,0.0,10,0,10,,,0.9,10,23.9,,,0,22.4,,,0,,,29.1,10,26.8,10,1808,10
2008-06-25T19:00+00:00,5935,23.0,0,141,10,136.0,10,1.7,10,5.8,10,993.2,10,,,58,10,0.0,10,0,10,,,0.0,10,23.9,,,0,22.5,,,0,,,27.7,10,24.2,10,1906,10
2008-06-25T20:00+00:00,5935,0.0,0,55,10,24.0,10,0.4,10,4.7,10,995.6,10,,,82,10,0.6,10,13,10,,,0.0,10,23.8,,,0,22.5,,,0,,,25.4,10,22.7,10,2033,10
2008-06-25T21:00+00:00,5935,0.0,0,285,10,264.0,10,5.4,10,23.7,10,1000.3,10,,,83,10,20.3,10,36,10,,,0.0,10,23.6,,,0,22.7,,,0,,,18.8,10,17.5,10,2132,10
2008-06-25T22:00+00:00,5935,0.0,0,295,10,265.0,10,4.1,10,12.9,10,999.0,10,,,81,10,3.0,10,46,10,,,0.0,10,23.0,,,0,22.6,,,0,,,19.4,10,17.8,10,2238,10
2008-06-25T23:00+00:00,5935,0.0,0,324,10,290.0,10,2.0,10,10.9,10,997.1,10,,,89,10,1.0,10,43,10,,,0.0,10,22.6,,,0,22.6,,,0,,,19.0,10,18.1,10,2302,10
2008-06-26T00:00+00:00,5935,0.0,0,281,10,292.0,10,1.6,10,5.6,10,998.3,10,,,85,10,0.0,10,0,10,,,0.0,10,22.3,,,0,22.5,,,0,,,19.2,10,18.2,10,47,10
2008-06-26T01:00+00:00,5935,0.0,0,279,10,279.0,10,1.3,10,6.2,10,998.9,10,,,81,10,0.0,10,0,10,,,0.0,10,22.2,,,0,22.4,,,0,,,20.0,10,18.3,10,147,10
2008-06-26T02:00+00:00,5935,0.0,0,282,10,298.0,10,1.8,10,7.2,10,998.9,10,,,78,10,0.0,10,0,10,,,0.0,10,22.0,,,0,22.3,,,0,,,20.3,10,18.3,10,202,10
2008-06-26T03:00+00:00,5935,0.0,0,244,10,248.0,10,0.4,10,4.3,10,999.7,10,,,84,10,0.0,10,0,10,,,0.0,10,21.9,,,0,22.2,,,0,,,19.9,10,18.4,10,356,10
2008-06-26T04:00+00:00,5935,21.0,0,271,10,251.0,10,1.8,10,4.8,10,1000.0,10,,,84,10,0.0,10,0,10,,,0.0,10,21.9,,,0,22.1,,,0,,,20.1,10,18.6,10,411,10
2008-06-26T05:00+00:00,5935,114.0,0,299,10,318.0,10,1.2,10,2.9,10,1000.5,10,,,80,10,0.0,10,0,10,,,0.7,10,21.8,,,0,22.1,,,0,,,21.1,10,18.8,10,552,10
2008-06-26T06:00+00:00,5935,266.0,0,299,10,304.0,10,0.8,10,2.8,10,1000.7,10,,,73,10,0.0,10,0,10,,,1.0,10,21.8,,,0,22.0,,,0,,,22.9,10,21.5,10,615,10
2008-06-26T07:00+00:00,5935,394.0,0,283,10,308.0,10,1.8,10,5.3,10,1000.8,10,,,68,10,0.0,10,0,10,,,0.8,10,21.9,,,0,22.0,,,0,,,23.7,10,25.1,10,748,10
2008-06-26T08:00+00:00,5935,382.0,0,290,10,297.0,10,2.1,10,5.1,10,1001.0,10,,,70,10,0.0,10,0,10,,,0.5,10,22.0,,,0,21.9,,,0,,,24.2,10,25.0,10,855,10
2008-06-26T09:00+00:00,5935,513.0,0,276,10,260.0,10,1.6,10,5.9,10,1001.2,10,,,63,10,0.0,10,0,10,,,0.8,10,22.2,,,0,21.9,,,0,,,25.2,10,27.5,10,938,10
2008-06-26T10:00+00:00,5935,639.0,0,300,10,320.0,10,1.9,10,5.6,10,1001.3,10,,,62,10,0.0,10,0,10,,,0.9,10,22.3,,,0,21.9,,,0,,,26.1,10,31.1,10,1045,10
2008-06-26T11:00+00:00,5935,484.0,0,298,10,241.0,10,1.3,10,4.4,10,1001.0,10,,,60,10,0.0,10,0,10,,,0.3,10,22.5,,,0,21.9,,,0,,,26.5,10,28.2,10,1157,10
2008-06-26T12:00+00:00,5935,502.0,0,316,10,297.0,10,1.4,10,5.0,10,1000.5,10,,,60,10,0.0,10,0,10,,,0.3,10,22.7,,,0,22.0,,,0,,,26.5,10,30.2,10,1234,10
2008-06-26T13:00+00:00,5935,482.0,0,347,10,347.0,10,1.6,10,4.7,10,1000.2,10,,,60,10,0.0,10,0,10,,,0.3,10,22.9,,,0,22.0,,,0,,,27.0,10,29.5,10,1312,10
2008-06-26T14:00+00:00,5935,408.0,0,319,10,295.0,10,1.5,10,4.6,10,1000.2,10,,,59,10,0.0,10,0,10,,,0.3,10,23.0,,,0,22.1,,,0,,,26.7,10,29.4,10,1444,10
2008-06-26T15:00+00:00,5935,359.0,0,348,10,359.0,10,2.0,10,5.4,10,1000.1,10,,,62,10,0.0,10,0,10,,,0.4,10,23.2,,,0,22.1,,,0,,,25.8,10,26.6,10,1546,10
2008-06-26T16:00+00:00,5935,131.0,0,351,10,321.0,10,1.7,10,15.0,10,1000.4,10,,,90,10,12.0,10,15,10,,,0.0,10,23.2,,,0,22.2,,,0,,,20.7,10,19.0,10,1627,10
2008-06-26T17:00+00:00,5935,124.0,0,318,10,294.0,10,0.9,10,3.1,10,999.9,10,,,88,10,0.0,10,3,10,,,0.0,10,23.0,,,0,22.3,,,0,,,21.1,10,22.1,10,1701,10
2008-06-26T18:00+00:00,5935,38.0,0,343,10,15.0,10,0.8,10,5.9,10,1000.3,10,,,86,10,0.0,10,0,10,,,0.0,10,22.9,,,0,22.3,,,0,,,21.1,10,20.7,10,1857,10
2008-06-26T19:00+00:00,5935,1.0,0,14,10,25.0,10,1.1,10,4.2,10,999.3,10,,,87,10,0.5,10,12,10,,,0.0,10,22.8,,,0,22.3,,,0,,,19.8,10,19.1,10,2000,10
2008-06-26T20:00+00:00,5935,0.0,0,251,10,274.0,10,0.4,10,4.9,10,1000.2,10,,,90,10,1.3,10,60,10,,,0.0,10,22.7,,,0,22.3,,,0,,,19.6,10,19.0,10,2012,10
2008-06-26T21:00+00:00,5935,0.0,0,259,10,258.0,10,0.4,10,1.9,10,1001.0,10,,,92,10,1.8,10,60,10,,,0.0,10,22.6,,,0,22.3,,,0,,,19.5,10,19.1,10,2148,10
2008-06-26T22:00+00:00,5935,0.0,0,221,10,195.0,10,0.4,10,2.0,10,1001.4,10,,,91,10,2.9,10,60,10,,,0.0,10,22.5,,,0,22.3,,,0,,,20.0,10,19.5,10,2252,10
2008-06-26T23:00+00:00,5935,0.0,0,195,10,196.0,10,1.2,10,3.9,10,1000.7,10,,,90,10,2.5,10,55,10,,,0.0,10,22.3,,,0,22.2,,,0,,,19.5,10,19.1,10,2312,10
2008-06-27T00:00+00:00,5935,0.0,0,185,10,200.0,10,0.6,10,3.0,10,1000.7,10,,,92,10,0.1,10,6,10,,,0.0,10,22.2,,,0,22.2,,,0,,,19.4,10,19.0,10,30,10
2008-06-27T01:00+00:00,5935,0.0,0,207,10,207.0,10,0.2,10,1.7,10,999.1,10,,,92,10,0.0,10,0,10,,,0.0,10,22.0,,,0,22.1,,,0,,,19.5,10,19.0,10,108,10
2008-06-27T02:00+00:00,5935,0.0,0,76,10,17.0,10,0.1,10,1.6,10,998.7,10,,,92,10,0.0,10,0,10,,,0.0,10,21.9,,,0,22.1,,,0,,,18.9,10,18.5,10,233,10
2008-06-27T03:00+00:00,5935,0.0,0,134,10,220.0,10,0.1,10,1.3,10,998.7,10,,,92,10,0.0,10,0,10,,,0.0,10,21.8,,,0,22.0,,,0,,,19.1,10,18.5,10,400,10
2008-06-27T04:00+00:00,5935,17.0,0,176,10,190.0,10,0.3,10,1.8,10,998.7,10,,,92,10,0.0,10,0,10,,,0.0,10,21.7,,,0,22.0,,,0,,,19.0,10,18.6,10,451,10
2008-06-27T05:00+00:00,5935,82.0,0,248,10,230.0,10,0.3,10,1.5,10,999.2,10,,,91,10,0.0,10,0,10,,,0.0,10,21.6,,,0,21.9,,,0,,,19.6,10,19.1,10,540,10
2008-06-27T06:00+00:00,5935,198.0,0,309,10,320.0,10,0.3,10,1.7,10,999.3,10,,,84,10,0.0,10,0,10,,,0.4,10,21.6,,,0,21.8,,,0,,,19.9,10,20.9,10,610,10
2008-06-27T07:00+00:00,5935,387.0,0,280,10,234.0,10,1.0,10,3.1,10,999.1,10,,,74,10,0.0,10,0,10,,,1.0,10,21.7,,,0,21.8,,,0,,,22.1,10,23.4,10,743,10
2008-06-27T08:00+00:00,5935,570.0,0,300,10,307.0,10,1.9,10,5.2,10,999.3,10,,,63,10,0.0,10,0,10,,,1.0,10,21.8,,,0,21.8,,,0,,,23.4,10,27.4,10,819,10
2008-06-27T09:00+00:00,5935,741.0,0,297,10,299.0,10,2.0,10,5.4,10,999.1,10,,,57,10,0.0,10,0,10,,,1.0,10,22.1,,,0,21.8,,,0,,,25.2,10,31.8,10,947,10
2008-06-27T10:00+00:00,5935,779.0,0,300,10,290.0,10,2.5,10,6.4,10,998.9,10,,,50,10,0.0,10,0,10,,,0.9,10,22.3,,,0,21.8,,,0,,,25.4,10,31.6,10,1013,10
2008-06-27T11:00+00:00,5935,869.0,0,288,10,262.0,10,1.9,10,5.5,10,998.5,10,,,46,10,0.0,10,0,10,,,1.0,10,22.5,,,0,21.8,,,0,,,26.0,10,33.0,10,1117,10
2008-06-27T12:00+00:00,5935,289.0,0,281,10,310.0,10,1.8,10,4.9,10,998.4,10,,,55,10,0.1,10,18,10,,,0.1,10,22.7,,,0,21.9,,,0,,,24.5,10,24.4,10,1255,10
2008-06-27T13:00+00:00,5935,268.0,0,259,10,244.0,10,2.3,10,7.8,10,998.1,10,,,66,10,0.1,10,11,10,,,0.0,10,22.8,,,0,21.9,,,0,,,23.9,10,22.9,10,1345,10
2008-06-27T14:00+00:00,5935,246.0,0,243,10,239.0,10,3.5,10,8.8,10,997.9,10,,,59,10,0.0,10,3,10,,,0.0,10,22.9,,,0,22.0,,,0,,,23.8,10,22.6,10,1449,10
2008-06-27T15:00+00:00,5935,540.0,0,251,10,288.0,10,3.3,10,8.6,10,997.6,10,,,53,10,0.0,10,0,10,,,0.8,10,22.9,,,0,22.0,,,0,,,26.1,10,24.3,10,1554,10
2008-06-27T16:00+00:00,5935,478.0,0,257,10,282.0,10,3.9,10,10.2,10,997.2,10,,,52,10,0.0,10,0,10,,,1.0,10,23.0,,,0,22.1,,,0,,,26.2,10,26.6,10,1654,10
2008-06-27T17:00+00:00,5935,322.0,0,274,10,279.0,10,3.8,10,9.2,10,997.2,10,,,53,10,0.0,10,0,10,,,1.0,10,23.1,,,0,22.1,,,0,,,25.6,10,23.9,10,1730,10
2008-06-27T18:00+00:00,5935,148.0,0,273,10,242.0,10,3.4,10,9.1,10,997.6,10,,,56,10,0.0,10,0,10,,,0.8,10,23.1,,,0,22.2,,,0,,,24.0,10,20.5,10,1827,10
2008-06-27T19:00+00:00,5935,39.0,0,266,10,300.0,10,2.6,10,7.7,10,998.0,10,,,59,10,0.0,10,0,10,,,0.5,10,23.0,,,0,22.2,,,0,,,23.3,10,20.3,10,1952,10
2008-06-27T20:00+00:00,5935,2.0,0,290,10,226.0,10,1.8,10,5.3,10,998.9,10,,,63,10,0.0,10,0,10,,,0.0,10,22.9,,,0,22.3,,,0,,,22.3,10,18.6,10,2002,10
2008-06-27T21:00+00:00,5935,0.0,0,302,10,299.0,10,1.5,10,4.9,10,999.4,10,,,65,10,0.0,10,0,10,,,0.0,10,22.7,,,0,22.3,,,0,,,21.6,10,18.1,10,2146,10
2008-06-27T22:00+00:00,5935,0.0,0,305,10,325.0,10,2.1,10,4.8,10,1000.1,10,,,63,10,0.0,10,0,10,,,0.0,10,22.6,,,0,22.3,,,0,,,20.8,10,17.3,10,2228,10
2008-06-27T23:00+00:00,5935,0.0,0,324,10,328.0,10,1.2,10,3.9,10,1000.8,10,,,62,10,0.0,10,0,10,,,0.0,10,22.5,,,0,22.3,,,0,,,19.6,10,16.1,10,2355,10
2008-06-28T00:00+00:00,5935,0.0,0,347,10,47.0,10,0.7,10,2.4,10,1001.5,10,,,65,10,0.0,10,0,10,,,0.0,10,22.3,,,0,22.2,,,0,,,18.3,10,15.2,10,19,10
2008-06-28T01:00+00:00,5935,0.0,0,314,10,294.0,10,1.3,10,4.2,10,1001.8,10,,,63,10,0.0,10,0,10,,,0.0,10,22.1,,,0,22.2,,,0,,,18.2,10,15.0,10,130,10
2008-06-28T02:00+00:00,5935,0.0,0,305,10,300.0,10,1.2,10,4.2,10,1001.9,10,,,64,10,0.0,10,0,10,,,0.0,10,21.9,,,0,22.1,,,0,,,17.3,10,14.3,10,205,10
2008-06-28T03:00+00:00,5935,1.0,0,306,10,316.0,10,1.4,10,5.4,10,1002.4,10,,,68,10,0.0,10,0,10,,,0.0,10,21.8,,,0,22.1,,,0,,,16.3,10,13.7,10,303,10
2008-06-28T04:00+00:00,5935,19.0,0,302,10,288.0,10,1.9,10,4.8,10,1002.3,10,,,63,10,0.0,10,0,10,,,0.2,10,21.6,,,0,22.0,,,0,,,17.5,10,13.9,10,458,10
2008-06-28T05:00+00:00,5935,94.0,0,308,10,311.0,10,2.4,10,5.5,10,1002.5,10,,,62,10,0.0,10,0,10,,,0.4,10,21.5,,,0,22.0,,,0,,,18.1,10,15.7,10,529,10
2008-06-28T06:00+00:00,5935,209.0,0,305,10,310.0,10,1.4,10,3.9,10,1003.0,10,,,63,10,0.0,10,0,10,,,1.0,10,21.4,,,0,21.9,,,0,,,19.3,10,18.5,10,610,10
2008-06-28T07:00+00:00,5935,454.0,0,299,10,274.0,10,1.4,10,3.4,10,1002.8,10,,,56,10,0.0,10,0,10,,,1.0,10,21.4,,,0,21.8,,,0,,,21.5,10,22.6,10,759,10
2008-06-28T08:00+00:00,5935,633.0,0,310,10,285.0,10,1.8,10,6.1,10,1002.5,10,,,52,10,0.0,10,0,10,,,1.0,10,21.5,,,0,21.8,,,0,,,22.1,10,29.4,10,847,10
2008-06-28T09:00+00:00,5935,734.0,0,311,10,315.0,10,1.7,10,5.9,10,1002.0,10,,,51,10,0.0,10,0,10,,,1.0,10,21.6,,,0,21.7,,,0,,,23.1,10,32.5,10,954,10
2008-06-28T10:00+00:00,5935,717.0,0,267,10,249.0,10,2.3,10,7.7,10,1001.8,10,,,52,10,0.0,10,0,10,,,0.8,10,21.8,,,0,21.7,,,0,,,24.1,10,30.4,10,1042,10
2008-06-28T11:00+00:00,5935,734.0,0,267,10,238.0,10,2.7,10,7.1,10,1001.4,10,,,51,10,0.0,10,0,10,,,0.7,10,22.0,,,0,21.7,,,0,,,25.4,10,29.2,10,1103,10
2008-06-28T12:00+00:00,5935,731.0,0,275,10,243.0,10,3.1,10,8.3,10,1001.3,10,,,51,10,0.0,10,0,10,,,0.7,10,22.2,,,0,21.7,,,0,,,25.3,10,30.9,10,1233,10
2008-06-28T13:00+00:00,5935,340.0,0,282,10,251.0,10,2.8,10,6.8,10,1001.0,10,,,52,10,0.0,10,0,10,,,0.2,10,22.4,,,0,21.8,,,0,,,24.6,10,24.1,10,1318,10
2008-06-28T14:00+00:00,5935,500.0,0,272,10,294.0,10,3.5,10,9.2,10,1001.0,10,,,51,10,0.0,10,0,10,,,0.5,10,22.6,,,0,21.8,,,0,,,25.4,10,26.2,10,1438,10
2008-06-28T15:00+00:00,5935,443.0,0,270,10,281.0,10,3.5,10,9.4,10,1000.8,10,,,50,10,0.0,10,0,10,,,0.5,10,22.7,,,0,21.9,,,0,,,24.9,10,26.1,10,1505,10
2008-06-28T16:00+00:00,5935,356.0,0,281,10,299.0,10,2.9,10,6.7,10,1000.6,10,,,50,10,0.0,10,0,10,,,0.5,10,22.9,,,0,22.0,,,0,,,25.9,10,25.3,10,1630,10
2008-06-28T17:00+00:00,5935,305.0,0,280,10,284.0,10,2.5,10,6.1,10,1000.6,10,,,49,10,0.0,10,0,10,,,0.9,10,22.9,,,0,22.0,,,0,,,25.7,10,23.9,10,1734,10
2008-06-28T18:00+00:00,5935,160.0,0,276,10,292.0,10,2.1,10,5.8,10,1000.7,10,,,51,10,0.0,10,0,10,,,1.0,10,22.9,,,0,22.1,,,0,,,24.8,10,20.3,10,1802,10
2008-06-28T19:00+00:00,5935,38.0,0,263,10,261.0,10,1.1,10,3.3,10,1000.9,10,,,56,10,0.0,10,0,10,,,0.7,10,22.8,,,0,22.1,,,0,,,22.8,10,18.5,10,1941,10
2008-06-28T20:00+00:00,5935,1.0,0,249,10,247.0,10,0.9,10,2.6,10,1001.3,10,,,63,10,0.0,10,0,10,,,0.0,10,22.7,,,0,22.2,,,0,,,21.1,10,16.9,10,2055,10
2008-06-28T21:00+00:00,5935,0.0,0,266,10,260.0,10,1.0,10,3.5,10,1001.3,10,,,63,10,0.0,10,0,10,,,0.0,10,22.5,,,0,22.2,,,0,,,20.9,10,16.6,10,2152,10
2008-06-28T22:00+00:00,5935,0.0,0,263,10,253.0,10,1.1,10,4.1,10,1001.5,10,,,63,10,0.0,10,0,10,,,0.0,10,22.4,,,0,22.2,,,0,,,20.4,10,16.3,10,2226,10
2008-06-28T23:00+00:00,5935,0.0,0,277,10,282.0,10,0.6,10,2.1,10,1001.6,10,,,67,10,0.0,10,0,10,,,0.0,10,22.2,,,0,22.2,,,0,,,19.5,10,15.6,10,2339,10
2008-06-29T00:00+00:00,5935,0.0,0,281,10,288.0,10,0.6,10,2.3,10,1001.6,10,,,69,10,0.0,10,0,10,,,0.0,10,22.0,,,0,22.1,,,0,,,19.2,10,15.4,10,34,10
